ISO-10303-21;
HEADER;
FILE_DESCRIPTION( ( 'Unknown' ), '1' );
FILE_NAME( 'C:/Users/anthony.segadaes/Documents/0-CAD-3D 2D/6130xx21021/Construction_data/6130xx21021/61300621021/61300621021.stp', 'Unknown', ( 'Unknown' ), ( 'Unknown' ), 'PSStep 17.0.49', 'Unknown', '  ' );
FILE_SCHEMA( ( 'AUTOMOTIVE_DESIGN { 1 0 10303 214 1 1 1 1 }' ) );
ENDSEC;
DATA;
#1 = PRODUCT_DEFINITION_CONTEXT( '', #26, 'design' );
#2 = APPLICATION_PROTOCOL_DEFINITION( 'international standard', 'automotive_design', 2001, #26 );
#3 = PRODUCT_CATEGORY_RELATIONSHIP( 'NONE', 'NONE', #27, #28 );
#4 = SHAPE_DEFINITION_REPRESENTATION( #29, #30 );
#5 = PRODUCT_CATEGORY_RELATIONSHIP( 'NONE', 'NONE', #27, #31 );
#6 = CONTEXT_DEPENDENT_SHAPE_REPRESENTATION( #32, #33 );
#7 = SHAPE_DEFINITION_REPRESENTATION( #34, #35 );
#8 = SHAPE_REPRESENTATION_RELATIONSHIP( 'NONE', 'NONE', #35, #36 );
#9 = CONTEXT_DEPENDENT_SHAPE_REPRESENTATION( #37, #38 );
#10 = CONTEXT_DEPENDENT_SHAPE_REPRESENTATION( #39, #40 );
#11 = PRODUCT_CATEGORY_RELATIONSHIP( 'NONE', 'NONE', #27, #41 );
#12 = CONTEXT_DEPENDENT_SHAPE_REPRESENTATION( #42, #43 );
#13 = SHAPE_DEFINITION_REPRESENTATION( #44, #45 );
#14 = SHAPE_REPRESENTATION_RELATIONSHIP( 'NONE', 'NONE', #45, #46 );
#15 = CONTEXT_DEPENDENT_SHAPE_REPRESENTATION( #47, #48 );
#16 = CONTEXT_DEPENDENT_SHAPE_REPRESENTATION( #49, #50 );
#17 = PRODUCT_CATEGORY_RELATIONSHIP( 'NONE', 'NONE', #27, #51 );
#18 = CONTEXT_DEPENDENT_SHAPE_REPRESENTATION( #52, #53 );
#19 = SHAPE_DEFINITION_REPRESENTATION( #54, #55 );
#20 = SHAPE_REPRESENTATION_RELATIONSHIP( 'NONE', 'NONE', #55, #56 );
#21 = MECHANICAL_DESIGN_GEOMETRIC_PRESENTATION_REPRESENTATION( ' ', ( #57, #58, #59, #60, #61, #62, #63, #64, #65, #66, #67, #68, #69, #70, #71, #72, #73, #74, #75, #76, #77, #78, #79, #80, #81, #82, #83, #84, #85, #86, #87, #88, #89, #90, #91, #92, #93, #94, #95, #96, #97, #98, #99, #100, #101, #102, #103, #104, #105, #106, #107, #108, #109, #110, #111, #112, #113, #114, #115, #116, #117, #118, #119, #120, #121, #122, #123, #124, #125, #126, #127, #128, #129, #130, #131, #132, #133, #134, #135, #136, #137, #138, #139, #140, #141, #142, #143, #144, #145, #146, #147, #148, #149, #150 ), #22 );
#22 =  ( GEOMETRIC_REPRESENTATION_CONTEXT( 3 )GLOBAL_UNCERTAINTY_ASSIGNED_CONTEXT( ( #153 ) )GLOBAL_UNIT_ASSIGNED_CONTEXT( ( #155, #156, #157 ) )REPRESENTATION_CONTEXT( 'NONE', 'WORKSPACE' ) );
#26 = APPLICATION_CONTEXT( 'core data for automotive mechanical design processes' );
#27 = PRODUCT_CATEGORY( 'part', 'NONE' );
#28 = PRODUCT_RELATED_PRODUCT_CATEGORY( 'detail', ' ', ( #159 ) );
#29 = PRODUCT_DEFINITION_SHAPE( 'NONE', 'NONE', #160 );
#30 = SHAPE_REPRESENTATION( 'Assem1', ( #161, #162, #163, #164, #165, #166, #167, #168 ), #169 );
#31 = PRODUCT_RELATED_PRODUCT_CATEGORY( 'detail', ' ', ( #170 ) );
#32 = ( REPRESENTATION_RELATIONSHIP( '', '', #35, #30 )REPRESENTATION_RELATIONSHIP_WITH_TRANSFORMATION( #173 )SHAPE_REPRESENTATION_RELATIONSHIP(  ) );
#33 = PRODUCT_DEFINITION_SHAPE( 'NAUO-PROD-DEF', 'NAUO-PROD-DEF', #175 );
#34 = PRODUCT_DEFINITION_SHAPE( 'NONE', 'NONE', #176 );
#35 = SHAPE_REPRESENTATION( '6130xx21021_PIN', ( #161 ), #169 );
#36 = ADVANCED_BREP_SHAPE_REPRESENTATION( '6130xx21021_PIN', ( #177 ), #22 );
#37 = ( REPRESENTATION_RELATIONSHIP( '', '', #35, #30 )REPRESENTATION_RELATIONSHIP_WITH_TRANSFORMATION( #180 )SHAPE_REPRESENTATION_RELATIONSHIP(  ) );
#38 = PRODUCT_DEFINITION_SHAPE( 'NAUO-PROD-DEF', 'NAUO-PROD-DEF', #182 );
#39 = ( REPRESENTATION_RELATIONSHIP( '', '', #35, #30 )REPRESENTATION_RELATIONSHIP_WITH_TRANSFORMATION( #185 )SHAPE_REPRESENTATION_RELATIONSHIP(  ) );
#40 = PRODUCT_DEFINITION_SHAPE( 'NAUO-PROD-DEF', 'NAUO-PROD-DEF', #187 );
#41 = PRODUCT_RELATED_PRODUCT_CATEGORY( 'detail', ' ', ( #188 ) );
#42 = ( REPRESENTATION_RELATIONSHIP( '', '', #45, #30 )REPRESENTATION_RELATIONSHIP_WITH_TRANSFORMATION( #191 )SHAPE_REPRESENTATION_RELATIONSHIP(  ) );
#43 = PRODUCT_DEFINITION_SHAPE( 'NAUO-PROD-DEF', 'NAUO-PROD-DEF', #193 );
#44 = PRODUCT_DEFINITION_SHAPE( 'NONE', 'NONE', #194 );
#45 = SHAPE_REPRESENTATION( '6130xx21021_PIN_G', ( #161 ), #169 );
#46 = ADVANCED_BREP_SHAPE_REPRESENTATION( '6130xx21021_PIN_G', ( #195 ), #22 );
#47 = ( REPRESENTATION_RELATIONSHIP( '', '', #45, #30 )REPRESENTATION_RELATIONSHIP_WITH_TRANSFORMATION( #198 )SHAPE_REPRESENTATION_RELATIONSHIP(  ) );
#48 = PRODUCT_DEFINITION_SHAPE( 'NAUO-PROD-DEF', 'NAUO-PROD-DEF', #200 );
#49 = ( REPRESENTATION_RELATIONSHIP( '', '', #45, #30 )REPRESENTATION_RELATIONSHIP_WITH_TRANSFORMATION( #203 )SHAPE_REPRESENTATION_RELATIONSHIP(  ) );
#50 = PRODUCT_DEFINITION_SHAPE( 'NAUO-PROD-DEF', 'NAUO-PROD-DEF', #205 );
#51 = PRODUCT_RELATED_PRODUCT_CATEGORY( 'detail', ' ', ( #206 ) );
#52 = ( REPRESENTATION_RELATIONSHIP( '', '', #55, #30 )REPRESENTATION_RELATIONSHIP_WITH_TRANSFORMATION( #209 )SHAPE_REPRESENTATION_RELATIONSHIP(  ) );
#53 = PRODUCT_DEFINITION_SHAPE( 'NAUO-PROD-DEF', 'NAUO-PROD-DEF', #211 );
#54 = PRODUCT_DEFINITION_SHAPE( 'NONE', 'NONE', #212 );
#55 = SHAPE_REPRESENTATION( '61300621021', ( #161 ), #169 );
#56 = ADVANCED_BREP_SHAPE_REPRESENTATION( '61300621021', ( #213 ), #22 );
#57 = STYLED_ITEM( '', ( #214 ), #215 );
#58 = STYLED_ITEM( '', ( #216 ), #217 );
#59 = STYLED_ITEM( '', ( #218 ), #219 );
#60 = STYLED_ITEM( '', ( #220 ), #221 );
#61 = STYLED_ITEM( '', ( #222 ), #223 );
#62 = STYLED_ITEM( '', ( #224 ), #225 );
#63 = STYLED_ITEM( '', ( #226 ), #227 );
#64 = STYLED_ITEM( '', ( #228 ), #229 );
#65 = STYLED_ITEM( '', ( #230 ), #231 );
#66 = STYLED_ITEM( '', ( #232 ), #233 );
#67 = STYLED_ITEM( '', ( #234 ), #235 );
#68 = STYLED_ITEM( '', ( #236 ), #237 );
#69 = STYLED_ITEM( '', ( #238 ), #239 );
#70 = STYLED_ITEM( '', ( #240 ), #241 );
#71 = STYLED_ITEM( '', ( #242 ), #243 );
#72 = STYLED_ITEM( '', ( #244 ), #245 );
#73 = STYLED_ITEM( '', ( #246 ), #247 );
#74 = STYLED_ITEM( '', ( #248 ), #249 );
#75 = STYLED_ITEM( '', ( #250 ), #251 );
#76 = STYLED_ITEM( '', ( #252 ), #253 );
#77 = STYLED_ITEM( '', ( #254 ), #255 );
#78 = STYLED_ITEM( '', ( #256 ), #257 );
#79 = STYLED_ITEM( '', ( #258 ), #259 );
#80 = STYLED_ITEM( '', ( #260 ), #261 );
#81 = STYLED_ITEM( '', ( #262 ), #263 );
#82 = STYLED_ITEM( '', ( #264 ), #265 );
#83 = STYLED_ITEM( '', ( #266 ), #267 );
#84 = STYLED_ITEM( '', ( #268 ), #269 );
#85 = STYLED_ITEM( '', ( #270 ), #271 );
#86 = STYLED_ITEM( '', ( #272 ), #273 );
#87 = STYLED_ITEM( '', ( #274 ), #275 );
#88 = STYLED_ITEM( '', ( #276 ), #277 );
#89 = STYLED_ITEM( '', ( #278 ), #279 );
#90 = STYLED_ITEM( '', ( #280 ), #281 );
#91 = STYLED_ITEM( '', ( #282 ), #283 );
#92 = STYLED_ITEM( '', ( #284 ), #285 );
#93 = STYLED_ITEM( '', ( #286 ), #287 );
#94 = STYLED_ITEM( '', ( #288 ), #289 );
#95 = STYLED_ITEM( '', ( #290 ), #291 );
#96 = STYLED_ITEM( '', ( #292 ), #293 );
#97 = STYLED_ITEM( '', ( #294 ), #295 );
#98 = STYLED_ITEM( '', ( #296 ), #297 );
#99 = STYLED_ITEM( '', ( #298 ), #299 );
#100 = STYLED_ITEM( '', ( #300 ), #301 );
#101 = STYLED_ITEM( '', ( #302 ), #303 );
#102 = STYLED_ITEM( '', ( #304 ), #305 );
#103 = STYLED_ITEM( '', ( #306 ), #307 );
#104 = STYLED_ITEM( '', ( #308 ), #309 );
#105 = STYLED_ITEM( '', ( #310 ), #311 );
#106 = STYLED_ITEM( '', ( #312 ), #313 );
#107 = STYLED_ITEM( '', ( #314 ), #315 );
#108 = STYLED_ITEM( '', ( #316 ), #317 );
#109 = STYLED_ITEM( '', ( #318 ), #319 );
#110 = STYLED_ITEM( '', ( #320 ), #321 );
#111 = STYLED_ITEM( '', ( #322 ), #323 );
#112 = STYLED_ITEM( '', ( #324 ), #325 );
#113 = STYLED_ITEM( '', ( #326 ), #327 );
#114 = STYLED_ITEM( '', ( #328 ), #329 );
#115 = STYLED_ITEM( '', ( #330 ), #331 );
#116 = STYLED_ITEM( '', ( #332 ), #333 );
#117 = STYLED_ITEM( '', ( #334 ), #335 );
#118 = STYLED_ITEM( '', ( #336 ), #337 );
#119 = STYLED_ITEM( '', ( #338 ), #339 );
#120 = STYLED_ITEM( '', ( #340 ), #341 );
#121 = STYLED_ITEM( '', ( #342 ), #343 );
#122 = STYLED_ITEM( '', ( #344 ), #345 );
#123 = STYLED_ITEM( '', ( #346 ), #347 );
#124 = STYLED_ITEM( '', ( #348 ), #349 );
#125 = STYLED_ITEM( '', ( #350 ), #351 );
#126 = STYLED_ITEM( '', ( #352 ), #353 );
#127 = STYLED_ITEM( '', ( #354 ), #355 );
#128 = STYLED_ITEM( '', ( #356 ), #357 );
#129 = STYLED_ITEM( '', ( #358 ), #359 );
#130 = STYLED_ITEM( '', ( #360 ), #361 );
#131 = STYLED_ITEM( '', ( #362 ), #363 );
#132 = STYLED_ITEM( '', ( #364 ), #365 );
#133 = STYLED_ITEM( '', ( #366 ), #367 );
#134 = STYLED_ITEM( '', ( #368 ), #369 );
#135 = STYLED_ITEM( '', ( #370 ), #371 );
#136 = STYLED_ITEM( '', ( #372 ), #373 );
#137 = STYLED_ITEM( '', ( #374 ), #375 );
#138 = STYLED_ITEM( '', ( #376 ), #377 );
#139 = STYLED_ITEM( '', ( #378 ), #379 );
#140 = STYLED_ITEM( '', ( #380 ), #381 );
#141 = STYLED_ITEM( '', ( #382 ), #383 );
#142 = STYLED_ITEM( '', ( #384 ), #385 );
#143 = STYLED_ITEM( '', ( #386 ), #387 );
#144 = STYLED_ITEM( '', ( #388 ), #389 );
#145 = STYLED_ITEM( '', ( #390 ), #391 );
#146 = STYLED_ITEM( '', ( #392 ), #393 );
#147 = STYLED_ITEM( '', ( #394 ), #395 );
#148 = STYLED_ITEM( '', ( #396 ), #397 );
#149 = STYLED_ITEM( '', ( #398 ), #399 );
#150 = STYLED_ITEM( '', ( #400 ), #401 );
#153 = UNCERTAINTY_MEASURE_WITH_UNIT( LENGTH_MEASURE( 0.00100000000000000 ), #155, '', '' );
#155 =  ( CONVERSION_BASED_UNIT( 'MILLIMETRE', #404 )LENGTH_UNIT(  )NAMED_UNIT( #407 ) );
#156 =  ( NAMED_UNIT( #409 )PLANE_ANGLE_UNIT(  )SI_UNIT( $, .RADIAN. ) );
#157 =  ( NAMED_UNIT( #409 )SI_UNIT( $, .STERADIAN. )SOLID_ANGLE_UNIT(  ) );
#159 = PRODUCT( 'Assem1', 'Assem1', 'PART-Assem1-DESC', ( #415 ) );
#160 = PRODUCT_DEFINITION( 'NONE', 'NONE', #416, #1 );
#161 = AXIS2_PLACEMENT_3D( '', #417, #418, #419 );
#162 = AXIS2_PLACEMENT_3D( '', #420, #421, #422 );
#163 = AXIS2_PLACEMENT_3D( '', #423, #424, #425 );
#164 = AXIS2_PLACEMENT_3D( '', #426, #427, #428 );
#165 = AXIS2_PLACEMENT_3D( '', #429, #430, #431 );
#166 = AXIS2_PLACEMENT_3D( '', #432, #433, #434 );
#167 = AXIS2_PLACEMENT_3D( '', #435, #436, #437 );
#168 = AXIS2_PLACEMENT_3D( '', #438, #439, #440 );
#169 =  ( GEOMETRIC_REPRESENTATION_CONTEXT( 3 )GLOBAL_UNCERTAINTY_ASSIGNED_CONTEXT( ( #443 ) )GLOBAL_UNIT_ASSIGNED_CONTEXT( ( #445, #446, #447 ) )REPRESENTATION_CONTEXT( 'NONE', 'WORKSPACE' ) );
#170 = PRODUCT( '6130xx21021_PIN', '6130xx21021_PIN', 'PART-6130xx21021_PIN-DESC', ( #415 ) );
#173 = ITEM_DEFINED_TRANSFORMATION( '', '', #161, #162 );
#175 = NEXT_ASSEMBLY_USAGE_OCCURRENCE( 'NAUO1', '6130xx21021_PIN', '6130xx21021_PIN', #160, #176, $ );
#176 = PRODUCT_DEFINITION( '6130xx21021_PIN', '6130xx21021_PIN', #449, #1 );
#177 = MANIFOLD_SOLID_BREP( '6130xx21021_PIN', #450 );
#180 = ITEM_DEFINED_TRANSFORMATION( '', '', #161, #163 );
#182 = NEXT_ASSEMBLY_USAGE_OCCURRENCE( 'NAUO2', '6130xx21021_PIN', '6130xx21021_PIN', #160, #176, $ );
#185 = ITEM_DEFINED_TRANSFORMATION( '', '', #161, #164 );
#187 = NEXT_ASSEMBLY_USAGE_OCCURRENCE( 'NAUO3', '6130xx21021_PIN', '6130xx21021_PIN', #160, #176, $ );
#188 = PRODUCT( '6130xx21021_PIN_G', '6130xx21021_PIN_G', 'PART-6130xx21021_PIN_G-DESC', ( #415 ) );
#191 = ITEM_DEFINED_TRANSFORMATION( '', '', #161, #165 );
#193 = NEXT_ASSEMBLY_USAGE_OCCURRENCE( 'NAUO4', '6130xx21021_PIN_G', '6130xx21021_PIN_G', #160, #194, $ );
#194 = PRODUCT_DEFINITION( '6130xx21021_PIN_G', '6130xx21021_PIN_G', #451, #1 );
#195 = MANIFOLD_SOLID_BREP( '6130xx21021_PIN_G', #452 );
#198 = ITEM_DEFINED_TRANSFORMATION( '', '', #161, #166 );
#200 = NEXT_ASSEMBLY_USAGE_OCCURRENCE( 'NAUO5', '6130xx21021_PIN_G', '6130xx21021_PIN_G', #160, #194, $ );
#203 = ITEM_DEFINED_TRANSFORMATION( '', '', #161, #167 );
#205 = NEXT_ASSEMBLY_USAGE_OCCURRENCE( 'NAUO6', '6130xx21021_PIN_G', '6130xx21021_PIN_G', #160, #194, $ );
#206 = PRODUCT( '61300621021', '61300621021', 'PART-61300621021-DESC', ( #415 ) );
#209 = ITEM_DEFINED_TRANSFORMATION( '', '', #161, #168 );
#211 = NEXT_ASSEMBLY_USAGE_OCCURRENCE( 'NAUO7', '61300621021', '61300621021', #160, #212, $ );
#212 = PRODUCT_DEFINITION( '61300621021', '61300621021', #453, #1 );
#213 = MANIFOLD_SOLID_BREP( '61300621021', #454 );
#214 = PRESENTATION_STYLE_ASSIGNMENT( ( #455 ) );
#215 = ADVANCED_FACE( '', ( #456 ), #457, .T. );
#216 = PRESENTATION_STYLE_ASSIGNMENT( ( #458 ) );
#217 = ADVANCED_FACE( '', ( #459 ), #460, .T. );
#218 = PRESENTATION_STYLE_ASSIGNMENT( ( #461 ) );
#219 = ADVANCED_FACE( '', ( #462 ), #463, .F. );
#220 = PRESENTATION_STYLE_ASSIGNMENT( ( #464 ) );
#221 = ADVANCED_FACE( '', ( #465 ), #466, .T. );
#222 = PRESENTATION_STYLE_ASSIGNMENT( ( #467 ) );
#223 = ADVANCED_FACE( '', ( #468 ), #469, .F. );
#224 = PRESENTATION_STYLE_ASSIGNMENT( ( #470 ) );
#225 = ADVANCED_FACE( '', ( #471 ), #472, .T. );
#226 = PRESENTATION_STYLE_ASSIGNMENT( ( #473 ) );
#227 = ADVANCED_FACE( '', ( #474 ), #475, .T. );
#228 = PRESENTATION_STYLE_ASSIGNMENT( ( #476 ) );
#229 = ADVANCED_FACE( '', ( #477 ), #478, .F. );
#230 = PRESENTATION_STYLE_ASSIGNMENT( ( #479 ) );
#231 = ADVANCED_FACE( '', ( #480 ), #481, .F. );
#232 = PRESENTATION_STYLE_ASSIGNMENT( ( #482 ) );
#233 = ADVANCED_FACE( '', ( #483 ), #484, .F. );
#234 = PRESENTATION_STYLE_ASSIGNMENT( ( #485 ) );
#235 = ADVANCED_FACE( '', ( #486 ), #487, .F. );
#236 = PRESENTATION_STYLE_ASSIGNMENT( ( #488 ) );
#237 = ADVANCED_FACE( '', ( #489 ), #490, .T. );
#238 = PRESENTATION_STYLE_ASSIGNMENT( ( #491 ) );
#239 = ADVANCED_FACE( '', ( #492 ), #493, .F. );
#240 = PRESENTATION_STYLE_ASSIGNMENT( ( #494 ) );
#241 = ADVANCED_FACE( '', ( #495 ), #496, .F. );
#242 = PRESENTATION_STYLE_ASSIGNMENT( ( #497 ) );
#243 = ADVANCED_FACE( '', ( #498 ), #499, .T. );
#244 = PRESENTATION_STYLE_ASSIGNMENT( ( #500 ) );
#245 = ADVANCED_FACE( '', ( #501 ), #502, .T. );
#246 = PRESENTATION_STYLE_ASSIGNMENT( ( #503 ) );
#247 = ADVANCED_FACE( '', ( #504 ), #505, .T. );
#248 = PRESENTATION_STYLE_ASSIGNMENT( ( #506 ) );
#249 = ADVANCED_FACE( '', ( #507 ), #508, .T. );
#250 = PRESENTATION_STYLE_ASSIGNMENT( ( #509 ) );
#251 = ADVANCED_FACE( '', ( #510 ), #511, .F. );
#252 = PRESENTATION_STYLE_ASSIGNMENT( ( #512 ) );
#253 = ADVANCED_FACE( '', ( #513 ), #514, .F. );
#254 = PRESENTATION_STYLE_ASSIGNMENT( ( #515 ) );
#255 = ADVANCED_FACE( '', ( #516 ), #517, .T. );
#256 = PRESENTATION_STYLE_ASSIGNMENT( ( #518 ) );
#257 = ADVANCED_FACE( '', ( #519 ), #520, .F. );
#258 = PRESENTATION_STYLE_ASSIGNMENT( ( #521 ) );
#259 = ADVANCED_FACE( '', ( #522 ), #523, .T. );
#260 = PRESENTATION_STYLE_ASSIGNMENT( ( #524 ) );
#261 = ADVANCED_FACE( '', ( #525 ), #526, .F. );
#262 = PRESENTATION_STYLE_ASSIGNMENT( ( #527 ) );
#263 = ADVANCED_FACE( '', ( #528 ), #529, .F. );
#264 = PRESENTATION_STYLE_ASSIGNMENT( ( #530 ) );
#265 = ADVANCED_FACE( '', ( #531 ), #532, .T. );
#266 = PRESENTATION_STYLE_ASSIGNMENT( ( #533 ) );
#267 = ADVANCED_FACE( '', ( #534 ), #535, .F. );
#268 = PRESENTATION_STYLE_ASSIGNMENT( ( #536 ) );
#269 = ADVANCED_FACE( '', ( #537 ), #538, .T. );
#270 = PRESENTATION_STYLE_ASSIGNMENT( ( #539 ) );
#271 = ADVANCED_FACE( '', ( #540 ), #541, .F. );
#272 = PRESENTATION_STYLE_ASSIGNMENT( ( #542 ) );
#273 = ADVANCED_FACE( '', ( #543 ), #544, .F. );
#274 = PRESENTATION_STYLE_ASSIGNMENT( ( #545 ) );
#275 = ADVANCED_FACE( '', ( #546 ), #547, .F. );
#276 = PRESENTATION_STYLE_ASSIGNMENT( ( #548 ) );
#277 = ADVANCED_FACE( '', ( #549 ), #550, .F. );
#278 = PRESENTATION_STYLE_ASSIGNMENT( ( #551 ) );
#279 = ADVANCED_FACE( '', ( #552 ), #553, .F. );
#280 = PRESENTATION_STYLE_ASSIGNMENT( ( #554 ) );
#281 = ADVANCED_FACE( '', ( #555 ), #556, .T. );
#282 = PRESENTATION_STYLE_ASSIGNMENT( ( #557 ) );
#283 = ADVANCED_FACE( '', ( #558 ), #559, .F. );
#284 = PRESENTATION_STYLE_ASSIGNMENT( ( #560 ) );
#285 = ADVANCED_FACE( '', ( #561 ), #562, .F. );
#286 = PRESENTATION_STYLE_ASSIGNMENT( ( #563 ) );
#287 = ADVANCED_FACE( '', ( #564 ), #565, .F. );
#288 = PRESENTATION_STYLE_ASSIGNMENT( ( #566 ) );
#289 = ADVANCED_FACE( '', ( #567 ), #568, .F. );
#290 = PRESENTATION_STYLE_ASSIGNMENT( ( #569 ) );
#291 = ADVANCED_FACE( '', ( #570 ), #571, .T. );
#292 = PRESENTATION_STYLE_ASSIGNMENT( ( #572 ) );
#293 = ADVANCED_FACE( '', ( #573 ), #574, .F. );
#294 = PRESENTATION_STYLE_ASSIGNMENT( ( #575 ) );
#295 = ADVANCED_FACE( '', ( #576 ), #577, .F. );
#296 = PRESENTATION_STYLE_ASSIGNMENT( ( #578 ) );
#297 = ADVANCED_FACE( '', ( #579 ), #580, .F. );
#298 = PRESENTATION_STYLE_ASSIGNMENT( ( #581 ) );
#299 = ADVANCED_FACE( '', ( #582 ), #583, .T. );
#300 = PRESENTATION_STYLE_ASSIGNMENT( ( #584 ) );
#301 = ADVANCED_FACE( '', ( #585 ), #586, .F. );
#302 = PRESENTATION_STYLE_ASSIGNMENT( ( #587 ) );
#303 = ADVANCED_FACE( '', ( #588 ), #589, .F. );
#304 = PRESENTATION_STYLE_ASSIGNMENT( ( #590 ) );
#305 = ADVANCED_FACE( '', ( #591 ), #592, .F. );
#306 = PRESENTATION_STYLE_ASSIGNMENT( ( #593 ) );
#307 = ADVANCED_FACE( '', ( #594 ), #595, .T. );
#308 = PRESENTATION_STYLE_ASSIGNMENT( ( #596 ) );
#309 = ADVANCED_FACE( '', ( #597, #598, #599, #600, #601, #602, #603 ), #604, .T. );
#310 = PRESENTATION_STYLE_ASSIGNMENT( ( #605 ) );
#311 = ADVANCED_FACE( '', ( #606 ), #607, .F. );
#312 = PRESENTATION_STYLE_ASSIGNMENT( ( #608 ) );
#313 = ADVANCED_FACE( '', ( #609 ), #610, .T. );
#314 = PRESENTATION_STYLE_ASSIGNMENT( ( #611 ) );
#315 = ADVANCED_FACE( '', ( #612 ), #613, .F. );
#316 = PRESENTATION_STYLE_ASSIGNMENT( ( #614 ) );
#317 = ADVANCED_FACE( '', ( #615 ), #616, .F. );
#318 = PRESENTATION_STYLE_ASSIGNMENT( ( #617 ) );
#319 = ADVANCED_FACE( '', ( #618 ), #619, .F. );
#320 = PRESENTATION_STYLE_ASSIGNMENT( ( #620 ) );
#321 = ADVANCED_FACE( '', ( #621 ), #622, .F. );
#322 = PRESENTATION_STYLE_ASSIGNMENT( ( #623 ) );
#323 = ADVANCED_FACE( '', ( #624 ), #625, .F. );
#324 = PRESENTATION_STYLE_ASSIGNMENT( ( #626 ) );
#325 = ADVANCED_FACE( '', ( #627 ), #628, .T. );
#326 = PRESENTATION_STYLE_ASSIGNMENT( ( #629 ) );
#327 = ADVANCED_FACE( '', ( #630 ), #631, .T. );
#328 = PRESENTATION_STYLE_ASSIGNMENT( ( #632 ) );
#329 = ADVANCED_FACE( '', ( #633 ), #634, .T. );
#330 = PRESENTATION_STYLE_ASSIGNMENT( ( #635 ) );
#331 = ADVANCED_FACE( '', ( #636 ), #637, .F. );
#332 = PRESENTATION_STYLE_ASSIGNMENT( ( #638 ) );
#333 = ADVANCED_FACE( '', ( #639 ), #640, .F. );
#334 = PRESENTATION_STYLE_ASSIGNMENT( ( #641 ) );
#335 = ADVANCED_FACE( '', ( #642 ), #643, .F. );
#336 = PRESENTATION_STYLE_ASSIGNMENT( ( #644 ) );
#337 = ADVANCED_FACE( '', ( #645 ), #646, .F. );
#338 = PRESENTATION_STYLE_ASSIGNMENT( ( #647 ) );
#339 = ADVANCED_FACE( '', ( #648 ), #649, .T. );
#340 = PRESENTATION_STYLE_ASSIGNMENT( ( #650 ) );
#341 = ADVANCED_FACE( '', ( #651 ), #652, .F. );
#342 = PRESENTATION_STYLE_ASSIGNMENT( ( #653 ) );
#343 = ADVANCED_FACE( '', ( #654, #655, #656, #657, #658, #659, #660 ), #661, .T. );
#344 = PRESENTATION_STYLE_ASSIGNMENT( ( #662 ) );
#345 = ADVANCED_FACE( '', ( #663 ), #664, .F. );
#346 = PRESENTATION_STYLE_ASSIGNMENT( ( #665 ) );
#347 = ADVANCED_FACE( '', ( #666 ), #667, .T. );
#348 = PRESENTATION_STYLE_ASSIGNMENT( ( #668 ) );
#349 = ADVANCED_FACE( '', ( #669 ), #670, .T. );
#350 = PRESENTATION_STYLE_ASSIGNMENT( ( #671 ) );
#351 = ADVANCED_FACE( '', ( #672 ), #673, .T. );
#352 = PRESENTATION_STYLE_ASSIGNMENT( ( #674 ) );
#353 = ADVANCED_FACE( '', ( #675 ), #676, .T. );
#354 = PRESENTATION_STYLE_ASSIGNMENT( ( #677 ) );
#355 = ADVANCED_FACE( '', ( #678 ), #679, .F. );
#356 = PRESENTATION_STYLE_ASSIGNMENT( ( #680 ) );
#357 = ADVANCED_FACE( '', ( #681 ), #682, .T. );
#358 = PRESENTATION_STYLE_ASSIGNMENT( ( #683 ) );
#359 = ADVANCED_FACE( '', ( #684 ), #685, .F. );
#360 = PRESENTATION_STYLE_ASSIGNMENT( ( #686 ) );
#361 = ADVANCED_FACE( '', ( #687 ), #688, .T. );
#362 = PRESENTATION_STYLE_ASSIGNMENT( ( #689 ) );
#363 = ADVANCED_FACE( '', ( #690 ), #691, .F. );
#364 = PRESENTATION_STYLE_ASSIGNMENT( ( #692 ) );
#365 = ADVANCED_FACE( '', ( #693 ), #694, .T. );
#366 = PRESENTATION_STYLE_ASSIGNMENT( ( #695 ) );
#367 = ADVANCED_FACE( '', ( #696 ), #697, .T. );
#368 = PRESENTATION_STYLE_ASSIGNMENT( ( #698 ) );
#369 = ADVANCED_FACE( '', ( #699 ), #700, .T. );
#370 = PRESENTATION_STYLE_ASSIGNMENT( ( #701 ) );
#371 = ADVANCED_FACE( '', ( #702 ), #703, .F. );
#372 = PRESENTATION_STYLE_ASSIGNMENT( ( #704 ) );
#373 = ADVANCED_FACE( '', ( #705 ), #706, .F. );
#374 = PRESENTATION_STYLE_ASSIGNMENT( ( #707 ) );
#375 = ADVANCED_FACE( '', ( #708 ), #709, .F. );
#376 = PRESENTATION_STYLE_ASSIGNMENT( ( #710 ) );
#377 = ADVANCED_FACE( '', ( #711 ), #712, .T. );
#378 = PRESENTATION_STYLE_ASSIGNMENT( ( #713 ) );
#379 = ADVANCED_FACE( '', ( #714 ), #715, .F. );
#380 = PRESENTATION_STYLE_ASSIGNMENT( ( #716 ) );
#381 = ADVANCED_FACE( '', ( #717 ), #718, .F. );
#382 = PRESENTATION_STYLE_ASSIGNMENT( ( #719 ) );
#383 = ADVANCED_FACE( '', ( #720 ), #721, .F. );
#384 = PRESENTATION_STYLE_ASSIGNMENT( ( #722 ) );
#385 = ADVANCED_FACE( '', ( #723 ), #724, .T. );
#386 = PRESENTATION_STYLE_ASSIGNMENT( ( #725 ) );
#387 = ADVANCED_FACE( '', ( #726 ), #727, .T. );
#388 = PRESENTATION_STYLE_ASSIGNMENT( ( #728 ) );
#389 = ADVANCED_FACE( '', ( #729 ), #730, .F. );
#390 = PRESENTATION_STYLE_ASSIGNMENT( ( #731 ) );
#391 = ADVANCED_FACE( '', ( #732 ), #733, .T. );
#392 = PRESENTATION_STYLE_ASSIGNMENT( ( #734 ) );
#393 = ADVANCED_FACE( '', ( #735 ), #736, .F. );
#394 = PRESENTATION_STYLE_ASSIGNMENT( ( #737 ) );
#395 = ADVANCED_FACE( '', ( #738 ), #739, .T. );
#396 = PRESENTATION_STYLE_ASSIGNMENT( ( #740 ) );
#397 = ADVANCED_FACE( '', ( #741 ), #742, .F. );
#398 = PRESENTATION_STYLE_ASSIGNMENT( ( #743 ) );
#399 = ADVANCED_FACE( '', ( #744 ), #745, .F. );
#400 = PRESENTATION_STYLE_ASSIGNMENT( ( #746 ) );
#401 = ADVANCED_FACE( '', ( #747 ), #748, .F. );
#404 = LENGTH_MEASURE_WITH_UNIT( LENGTH_MEASURE( 1.00000000000000 ), #749 );
#407 = DIMENSIONAL_EXPONENTS( 1.00000000000000, 0.000000000000000, 0.000000000000000, 0.000000000000000, 0.000000000000000, 0.000000000000000, 0.000000000000000 );
#409 = DIMENSIONAL_EXPONENTS( 0.000000000000000, 0.000000000000000, 0.000000000000000, 0.000000000000000, 0.000000000000000, 0.000000000000000, 0.000000000000000 );
#415 = PRODUCT_CONTEXT( '', #26, 'mechanical' );
#416 = PRODUCT_DEFINITION_FORMATION_WITH_SPECIFIED_SOURCE( ' ', 'NONE', #159, .NOT_KNOWN. );
#417 = CARTESIAN_POINT( '', ( 0.000000000000000, 0.000000000000000, 0.000000000000000 ) );
#418 = DIRECTION( '', ( 0.000000000000000, 0.000000000000000, 1.00000000000000 ) );
#419 = DIRECTION( '', ( 1.00000000000000, 0.000000000000000, 0.000000000000000 ) );
#420 = CARTESIAN_POINT( '', ( -2.54000000000000, 1.27000000000000, 2.09000000000000 ) );
#421 = DIRECTION( '', ( 0.000000000000000, 0.000000000000000, 1.00000000000000 ) );
#422 = DIRECTION( '', ( 1.00000000000000, 0.000000000000000, 0.000000000000000 ) );
#423 = CARTESIAN_POINT( '', ( -3.03576608295941E-015, 1.27000000000000, 2.09000000000000 ) );
#424 = DIRECTION( '', ( 0.000000000000000, 0.000000000000000, 1.00000000000000 ) );
#425 = DIRECTION( '', ( 1.00000000000000, 0.000000000000000, 0.000000000000000 ) );
#426 = CARTESIAN_POINT( '', ( 2.54000000000000, 1.27000000000000, 2.09000000000000 ) );
#427 = DIRECTION( '', ( 0.000000000000000, 0.000000000000000, 1.00000000000000 ) );
#428 = DIRECTION( '', ( 1.00000000000000, 0.000000000000000, 0.000000000000000 ) );
#429 = CARTESIAN_POINT( '', ( -2.54000000000000, -1.27000000000000, -0.450000000000000 ) );
#430 = DIRECTION( '', ( 0.000000000000000, 0.000000000000000, 1.00000000000000 ) );
#431 = DIRECTION( '', ( 1.00000000000000, 0.000000000000000, 0.000000000000000 ) );
#432 = CARTESIAN_POINT( '', ( 1.30104260698260E-015, -1.27000000000000, -0.450000000000000 ) );
#433 = DIRECTION( '', ( 0.000000000000000, 0.000000000000000, 1.00000000000000 ) );
#434 = DIRECTION( '', ( 1.00000000000000, 0.000000000000000, 0.000000000000000 ) );
#435 = CARTESIAN_POINT( '', ( 2.54000000000000, -1.27000000000000, -0.450000000000000 ) );
#436 = DIRECTION( '', ( 0.000000000000000, 0.000000000000000, 1.00000000000000 ) );
#437 = DIRECTION( '', ( 1.00000000000000, 0.000000000000000, 0.000000000000000 ) );
#438 = CARTESIAN_POINT( '', ( 0.000000000000000, 0.000000000000000, 0.000000000000000 ) );
#439 = DIRECTION( '', ( 0.000000000000000, 0.000000000000000, 1.00000000000000 ) );
#440 = DIRECTION( '', ( 1.00000000000000, 0.000000000000000, 0.000000000000000 ) );
#443 = UNCERTAINTY_MEASURE_WITH_UNIT( LENGTH_MEASURE( 0.00100000000000000 ), #445, '', '' );
#445 =  ( CONVERSION_BASED_UNIT( 'MILLIMETRE', #752 )LENGTH_UNIT(  )NAMED_UNIT( #755 ) );
#446 =  ( NAMED_UNIT( #757 )PLANE_ANGLE_UNIT(  )SI_UNIT( $, .RADIAN. ) );
#447 =  ( NAMED_UNIT( #757 )SI_UNIT( $, .STERADIAN. )SOLID_ANGLE_UNIT(  ) );
#449 = PRODUCT_DEFINITION_FORMATION_WITH_SPECIFIED_SOURCE( ' ', 'NONE', #170, .NOT_KNOWN. );
#450 = CLOSED_SHELL( '', ( #335, #333, #315, #341, #293, #321, #281, #223, #239, #373, #307, #273, #261, #395, #397, #393, #351, #359 ) );
#451 = PRODUCT_DEFINITION_FORMATION_WITH_SPECIFIED_SOURCE( ' ', 'NONE', #188, .NOT_KNOWN. );
#452 = CLOSED_SHELL( '', ( #401, #375, #381, #305, #303, #297, #391, #271, #233, #331, #217, #379, #275, #339, #219, #231, #221, #355 ) );
#453 = PRODUCT_DEFINITION_FORMATION_WITH_SPECIFIED_SOURCE( ' ', 'NONE', #206, .NOT_KNOWN. );
#454 = CLOSED_SHELL( '', ( #309, #387, #337, #225, #343, #291, #249, #227, #241, #383, #283, #257, #229, #345, #295, #235, #311, #263, #267, #363, #319, #265, #237, #243, #369, #259, #385, #245, #361, #247, #347, #313, #365, #389, #277, #317, #251, #285, #279, #399, #301, #371, #289, #287, #357, #299, #349, #367, #323, #253, #325, #255, #269, #353, #215, #327, #377, #329 ) );
#455 = SURFACE_STYLE_USAGE( .BOTH., #763 );
#456 = FACE_OUTER_BOUND( '', #764, .T. );
#457 = PLANE( '', #765 );
#458 = SURFACE_STYLE_USAGE( .BOTH., #766 );
#459 = FACE_OUTER_BOUND( '', #767, .T. );
#460 = PLANE( '', #768 );
#461 = SURFACE_STYLE_USAGE( .BOTH., #769 );
#462 = FACE_OUTER_BOUND( '', #770, .T. );
#463 = PLANE( '', #771 );
#464 = SURFACE_STYLE_USAGE( .BOTH., #772 );
#465 = FACE_OUTER_BOUND( '', #773, .T. );
#466 = CYLINDRICAL_SURFACE( '', #774, 1.00000000000000 );
#467 = SURFACE_STYLE_USAGE( .BOTH., #775 );
#468 = FACE_OUTER_BOUND( '', #776, .T. );
#469 = PLANE( '', #777 );
#470 = SURFACE_STYLE_USAGE( .BOTH., #778 );
#471 = FACE_OUTER_BOUND( '', #779, .T. );
#472 = PLANE( '', #780 );
#473 = SURFACE_STYLE_USAGE( .BOTH., #781 );
#474 = FACE_OUTER_BOUND( '', #782, .T. );
#475 = PLANE( '', #783 );
#476 = SURFACE_STYLE_USAGE( .BOTH., #784 );
#477 = FACE_OUTER_BOUND( '', #785, .T. );
#478 = PLANE( '', #786 );
#479 = SURFACE_STYLE_USAGE( .BOTH., #787 );
#480 = FACE_OUTER_BOUND( '', #788, .T. );
#481 = PLANE( '', #789 );
#482 = SURFACE_STYLE_USAGE( .BOTH., #790 );
#483 = FACE_OUTER_BOUND( '', #791, .T. );
#484 = PLANE( '', #792 );
#485 = SURFACE_STYLE_USAGE( .BOTH., #793 );
#486 = FACE_OUTER_BOUND( '', #794, .T. );
#487 = PLANE( '', #795 );
#488 = SURFACE_STYLE_USAGE( .BOTH., #796 );
#489 = FACE_OUTER_BOUND( '', #797, .T. );
#490 = PLANE( '', #798 );
#491 = SURFACE_STYLE_USAGE( .BOTH., #799 );
#492 = FACE_OUTER_BOUND( '', #800, .T. );
#493 = PLANE( '', #801 );
#494 = SURFACE_STYLE_USAGE( .BOTH., #802 );
#495 = FACE_OUTER_BOUND( '', #803, .T. );
#496 = PLANE( '', #804 );
#497 = SURFACE_STYLE_USAGE( .BOTH., #805 );
#498 = FACE_OUTER_BOUND( '', #806, .T. );
#499 = PLANE( '', #807 );
#500 = SURFACE_STYLE_USAGE( .BOTH., #808 );
#501 = FACE_OUTER_BOUND( '', #809, .T. );
#502 = PLANE( '', #810 );
#503 = SURFACE_STYLE_USAGE( .BOTH., #811 );
#504 = FACE_OUTER_BOUND( '', #812, .T. );
#505 = PLANE( '', #813 );
#506 = SURFACE_STYLE_USAGE( .BOTH., #814 );
#507 = FACE_OUTER_BOUND( '', #815, .T. );
#508 = PLANE( '', #816 );
#509 = SURFACE_STYLE_USAGE( .BOTH., #817 );
#510 = FACE_OUTER_BOUND( '', #818, .T. );
#511 = PLANE( '', #819 );
#512 = SURFACE_STYLE_USAGE( .BOTH., #820 );
#513 = FACE_OUTER_BOUND( '', #821, .T. );
#514 = PLANE( '', #822 );
#515 = SURFACE_STYLE_USAGE( .BOTH., #823 );
#516 = FACE_OUTER_BOUND( '', #824, .T. );
#517 = PLANE( '', #825 );
#518 = SURFACE_STYLE_USAGE( .BOTH., #826 );
#519 = FACE_OUTER_BOUND( '', #827, .T. );
#520 = PLANE( '', #828 );
#521 = SURFACE_STYLE_USAGE( .BOTH., #829 );
#522 = FACE_OUTER_BOUND( '', #830, .T. );
#523 = PLANE( '', #831 );
#524 = SURFACE_STYLE_USAGE( .BOTH., #832 );
#525 = FACE_OUTER_BOUND( '', #833, .T. );
#526 = PLANE( '', #834 );
#527 = SURFACE_STYLE_USAGE( .BOTH., #835 );
#528 = FACE_OUTER_BOUND( '', #836, .T. );
#529 = PLANE( '', #837 );
#530 = SURFACE_STYLE_USAGE( .BOTH., #838 );
#531 = FACE_OUTER_BOUND( '', #839, .T. );
#532 = PLANE( '', #840 );
#533 = SURFACE_STYLE_USAGE( .BOTH., #841 );
#534 = FACE_OUTER_BOUND( '', #842, .T. );
#535 = PLANE( '', #843 );
#536 = SURFACE_STYLE_USAGE( .BOTH., #844 );
#537 = FACE_OUTER_BOUND( '', #845, .T. );
#538 = PLANE( '', #846 );
#539 = SURFACE_STYLE_USAGE( .BOTH., #847 );
#540 = FACE_OUTER_BOUND( '', #848, .T. );
#541 = PLANE( '', #849 );
#542 = SURFACE_STYLE_USAGE( .BOTH., #850 );
#543 = FACE_OUTER_BOUND( '', #851, .T. );
#544 = PLANE( '', #852 );
#545 = SURFACE_STYLE_USAGE( .BOTH., #853 );
#546 = FACE_OUTER_BOUND( '', #854, .T. );
#547 = PLANE( '', #855 );
#548 = SURFACE_STYLE_USAGE( .BOTH., #856 );
#549 = FACE_OUTER_BOUND( '', #857, .T. );
#550 = PLANE( '', #858 );
#551 = SURFACE_STYLE_USAGE( .BOTH., #859 );
#552 = FACE_OUTER_BOUND( '', #860, .T. );
#553 = PLANE( '', #861 );
#554 = SURFACE_STYLE_USAGE( .BOTH., #862 );
#555 = FACE_OUTER_BOUND( '', #863, .T. );
#556 = PLANE( '', #864 );
#557 = SURFACE_STYLE_USAGE( .BOTH., #865 );
#558 = FACE_OUTER_BOUND( '', #866, .T. );
#559 = PLANE( '', #867 );
#560 = SURFACE_STYLE_USAGE( .BOTH., #868 );
#561 = FACE_OUTER_BOUND( '', #869, .T. );
#562 = PLANE( '', #870 );
#563 = SURFACE_STYLE_USAGE( .BOTH., #871 );
#564 = FACE_OUTER_BOUND( '', #872, .T. );
#565 = PLANE( '', #873 );
#566 = SURFACE_STYLE_USAGE( .BOTH., #874 );
#567 = FACE_OUTER_BOUND( '', #875, .T. );
#568 = PLANE( '', #876 );
#569 = SURFACE_STYLE_USAGE( .BOTH., #877 );
#570 = FACE_OUTER_BOUND( '', #878, .T. );
#571 = PLANE( '', #879 );
#572 = SURFACE_STYLE_USAGE( .BOTH., #880 );
#573 = FACE_OUTER_BOUND( '', #881, .T. );
#574 = PLANE( '', #882 );
#575 = SURFACE_STYLE_USAGE( .BOTH., #883 );
#576 = FACE_OUTER_BOUND( '', #884, .T. );
#577 = PLANE( '', #885 );
#578 = SURFACE_STYLE_USAGE( .BOTH., #886 );
#579 = FACE_OUTER_BOUND( '', #887, .T. );
#580 = PLANE( '', #888 );
#581 = SURFACE_STYLE_USAGE( .BOTH., #889 );
#582 = FACE_OUTER_BOUND( '', #890, .T. );
#583 = PLANE( '', #891 );
#584 = SURFACE_STYLE_USAGE( .BOTH., #892 );
#585 = FACE_OUTER_BOUND( '', #893, .T. );
#586 = PLANE( '', #894 );
#587 = SURFACE_STYLE_USAGE( .BOTH., #895 );
#588 = FACE_OUTER_BOUND( '', #896, .T. );
#589 = PLANE( '', #897 );
#590 = SURFACE_STYLE_USAGE( .BOTH., #898 );
#591 = FACE_OUTER_BOUND( '', #899, .T. );
#592 = PLANE( '', #900 );
#593 = SURFACE_STYLE_USAGE( .BOTH., #901 );
#594 = FACE_OUTER_BOUND( '', #902, .T. );
#595 = PLANE( '', #903 );
#596 = SURFACE_STYLE_USAGE( .BOTH., #904 );
#597 = FACE_BOUND( '', #905, .T. );
#598 = FACE_BOUND( '', #906, .T. );
#599 = FACE_BOUND( '', #907, .T. );
#600 = FACE_BOUND( '', #908, .T. );
#601 = FACE_OUTER_BOUND( '', #909, .T. );
#602 = FACE_BOUND( '', #910, .T. );
#603 = FACE_BOUND( '', #911, .T. );
#604 = PLANE( '', #912 );
#605 = SURFACE_STYLE_USAGE( .BOTH., #913 );
#606 = FACE_OUTER_BOUND( '', #914, .T. );
#607 = PLANE( '', #915 );
#608 = SURFACE_STYLE_USAGE( .BOTH., #916 );
#609 = FACE_OUTER_BOUND( '', #917, .T. );
#610 = PLANE( '', #918 );
#611 = SURFACE_STYLE_USAGE( .BOTH., #919 );
#612 = FACE_OUTER_BOUND( '', #920, .T. );
#613 = PLANE( '', #921 );
#614 = SURFACE_STYLE_USAGE( .BOTH., #922 );
#615 = FACE_OUTER_BOUND( '', #923, .T. );
#616 = PLANE( '', #924 );
#617 = SURFACE_STYLE_USAGE( .BOTH., #925 );
#618 = FACE_OUTER_BOUND( '', #926, .T. );
#619 = PLANE( '', #927 );
#620 = SURFACE_STYLE_USAGE( .BOTH., #928 );
#621 = FACE_OUTER_BOUND( '', #929, .T. );
#622 = PLANE( '', #930 );
#623 = SURFACE_STYLE_USAGE( .BOTH., #931 );
#624 = FACE_OUTER_BOUND( '', #932, .T. );
#625 = PLANE( '', #933 );
#626 = SURFACE_STYLE_USAGE( .BOTH., #934 );
#627 = FACE_OUTER_BOUND( '', #935, .T. );
#628 = PLANE( '', #936 );
#629 = SURFACE_STYLE_USAGE( .BOTH., #937 );
#630 = FACE_OUTER_BOUND( '', #938, .T. );
#631 = PLANE( '', #939 );
#632 = SURFACE_STYLE_USAGE( .BOTH., #940 );
#633 = FACE_OUTER_BOUND( '', #941, .T. );
#634 = PLANE( '', #942 );
#635 = SURFACE_STYLE_USAGE( .BOTH., #943 );
#636 = FACE_OUTER_BOUND( '', #944, .T. );
#637 = PLANE( '', #945 );
#638 = SURFACE_STYLE_USAGE( .BOTH., #946 );
#639 = FACE_OUTER_BOUND( '', #947, .T. );
#640 = PLANE( '', #948 );
#641 = SURFACE_STYLE_USAGE( .BOTH., #949 );
#642 = FACE_OUTER_BOUND( '', #950, .T. );
#643 = PLANE( '', #951 );
#644 = SURFACE_STYLE_USAGE( .BOTH., #952 );
#645 = FACE_OUTER_BOUND( '', #953, .T. );
#646 = PLANE( '', #954 );
#647 = SURFACE_STYLE_USAGE( .BOTH., #955 );
#648 = FACE_OUTER_BOUND( '', #956, .T. );
#649 = PLANE( '', #957 );
#650 = SURFACE_STYLE_USAGE( .BOTH., #958 );
#651 = FACE_OUTER_BOUND( '', #959, .T. );
#652 = PLANE( '', #960 );
#653 = SURFACE_STYLE_USAGE( .BOTH., #961 );
#654 = FACE_BOUND( '', #962, .T. );
#655 = FACE_BOUND( '', #963, .T. );
#656 = FACE_BOUND( '', #964, .T. );
#657 = FACE_BOUND( '', #965, .T. );
#658 = FACE_OUTER_BOUND( '', #966, .T. );
#659 = FACE_BOUND( '', #967, .T. );
#660 = FACE_BOUND( '', #968, .T. );
#661 = PLANE( '', #969 );
#662 = SURFACE_STYLE_USAGE( .BOTH., #970 );
#663 = FACE_OUTER_BOUND( '', #971, .T. );
#664 = PLANE( '', #972 );
#665 = SURFACE_STYLE_USAGE( .BOTH., #973 );
#666 = FACE_OUTER_BOUND( '', #974, .T. );
#667 = PLANE( '', #975 );
#668 = SURFACE_STYLE_USAGE( .BOTH., #976 );
#669 = FACE_OUTER_BOUND( '', #977, .T. );
#670 = PLANE( '', #978 );
#671 = SURFACE_STYLE_USAGE( .BOTH., #979 );
#672 = FACE_OUTER_BOUND( '', #980, .T. );
#673 = CYLINDRICAL_SURFACE( '', #981, 1.00000000000000 );
#674 = SURFACE_STYLE_USAGE( .BOTH., #982 );
#675 = FACE_OUTER_BOUND( '', #983, .T. );
#676 = PLANE( '', #984 );
#677 = SURFACE_STYLE_USAGE( .BOTH., #985 );
#678 = FACE_OUTER_BOUND( '', #986, .T. );
#679 = CYLINDRICAL_SURFACE( '', #987, 0.360000000000000 );
#680 = SURFACE_STYLE_USAGE( .BOTH., #988 );
#681 = FACE_OUTER_BOUND( '', #989, .T. );
#682 = PLANE( '', #990 );
#683 = SURFACE_STYLE_USAGE( .BOTH., #991 );
#684 = FACE_OUTER_BOUND( '', #992, .T. );
#685 = CYLINDRICAL_SURFACE( '', #993, 0.360000000000000 );
#686 = SURFACE_STYLE_USAGE( .BOTH., #994 );
#687 = FACE_OUTER_BOUND( '', #995, .T. );
#688 = PLANE( '', #996 );
#689 = SURFACE_STYLE_USAGE( .BOTH., #997 );
#690 = FACE_OUTER_BOUND( '', #998, .T. );
#691 = PLANE( '', #999 );
#692 = SURFACE_STYLE_USAGE( .BOTH., #1000 );
#693 = FACE_OUTER_BOUND( '', #1001, .T. );
#694 = PLANE( '', #1002 );
#695 = SURFACE_STYLE_USAGE( .BOTH., #1003 );
#696 = FACE_OUTER_BOUND( '', #1004, .T. );
#697 = PLANE( '', #1005 );
#698 = SURFACE_STYLE_USAGE( .BOTH., #1006 );
#699 = FACE_OUTER_BOUND( '', #1007, .T. );
#700 = PLANE( '', #1008 );
#701 = SURFACE_STYLE_USAGE( .BOTH., #1009 );
#702 = FACE_OUTER_BOUND( '', #1010, .T. );
#703 = PLANE( '', #1011 );
#704 = SURFACE_STYLE_USAGE( .BOTH., #1012 );
#705 = FACE_OUTER_BOUND( '', #1013, .T. );
#706 = PLANE( '', #1014 );
#707 = SURFACE_STYLE_USAGE( .BOTH., #1015 );
#708 = FACE_OUTER_BOUND( '', #1016, .T. );
#709 = PLANE( '', #1017 );
#710 = SURFACE_STYLE_USAGE( .BOTH., #1018 );
#711 = FACE_OUTER_BOUND( '', #1019, .T. );
#712 = PLANE( '', #1020 );
#713 = SURFACE_STYLE_USAGE( .BOTH., #1021 );
#714 = FACE_OUTER_BOUND( '', #1022, .T. );
#715 = PLANE( '', #1023 );
#716 = SURFACE_STYLE_USAGE( .BOTH., #1024 );
#717 = FACE_OUTER_BOUND( '', #1025, .T. );
#718 = PLANE( '', #1026 );
#719 = SURFACE_STYLE_USAGE( .BOTH., #1027 );
#720 = FACE_OUTER_BOUND( '', #1028, .T. );
#721 = PLANE( '', #1029 );
#722 = SURFACE_STYLE_USAGE( .BOTH., #1030 );
#723 = FACE_OUTER_BOUND( '', #1031, .T. );
#724 = PLANE( '', #1032 );
#725 = SURFACE_STYLE_USAGE( .BOTH., #1033 );
#726 = FACE_OUTER_BOUND( '', #1034, .T. );
#727 = PLANE( '', #1035 );
#728 = SURFACE_STYLE_USAGE( .BOTH., #1036 );
#729 = FACE_OUTER_BOUND( '', #1037, .T. );
#730 = PLANE( '', #1038 );
#731 = SURFACE_STYLE_USAGE( .BOTH., #1039 );
#732 = FACE_OUTER_BOUND( '', #1040, .T. );
#733 = PLANE( '', #1041 );
#734 = SURFACE_STYLE_USAGE( .BOTH., #1042 );
#735 = FACE_OUTER_BOUND( '', #1043, .T. );
#736 = PLANE( '', #1044 );
#737 = SURFACE_STYLE_USAGE( .BOTH., #1045 );
#738 = FACE_OUTER_BOUND( '', #1046, .T. );
#739 = PLANE( '', #1047 );
#740 = SURFACE_STYLE_USAGE( .BOTH., #1048 );
#741 = FACE_OUTER_BOUND( '', #1049, .T. );
#742 = PLANE( '', #1050 );
#743 = SURFACE_STYLE_USAGE( .BOTH., #1051 );
#744 = FACE_OUTER_BOUND( '', #1052, .T. );
#745 = PLANE( '', #1053 );
#746 = SURFACE_STYLE_USAGE( .BOTH., #1054 );
#747 = FACE_OUTER_BOUND( '', #1055, .T. );
#748 = PLANE( '', #1056 );
#749 =  ( LENGTH_UNIT(  )NAMED_UNIT( #407 )SI_UNIT( .MILLI., .METRE. ) );
#752 = LENGTH_MEASURE_WITH_UNIT( LENGTH_MEASURE( 1.00000000000000 ), #1058 );
#755 = DIMENSIONAL_EXPONENTS( 1.00000000000000, 0.000000000000000, 0.000000000000000, 0.000000000000000, 0.000000000000000, 0.000000000000000, 0.000000000000000 );
#757 = DIMENSIONAL_EXPONENTS( 0.000000000000000, 0.000000000000000, 0.000000000000000, 0.000000000000000, 0.000000000000000, 0.000000000000000, 0.000000000000000 );
#763 = SURFACE_SIDE_STYLE( '', ( #1059 ) );
#764 = EDGE_LOOP( '', ( #1060, #1061, #1062, #1063 ) );
#765 = AXIS2_PLACEMENT_3D( '', #1064, #1065, #1066 );
#766 = SURFACE_SIDE_STYLE( '', ( #1067 ) );
#767 = EDGE_LOOP( '', ( #1068, #1069, #1070, #1071 ) );
#768 = AXIS2_PLACEMENT_3D( '', #1072, #1073, #1074 );
#769 = SURFACE_SIDE_STYLE( '', ( #1075 ) );
#770 = EDGE_LOOP( '', ( #1076, #1077, #1078, #1079, #1080, #1081, #1082, #1083 ) );
#771 = AXIS2_PLACEMENT_3D( '', #1084, #1085, #1086 );
#772 = SURFACE_SIDE_STYLE( '', ( #1087 ) );
#773 = EDGE_LOOP( '', ( #1088, #1089, #1090, #1091 ) );
#774 = AXIS2_PLACEMENT_3D( '', #1092, #1093, #1094 );
#775 = SURFACE_SIDE_STYLE( '', ( #1095 ) );
#776 = EDGE_LOOP( '', ( #1096, #1097, #1098, #1099 ) );
#777 = AXIS2_PLACEMENT_3D( '', #1100, #1101, #1102 );
#778 = SURFACE_SIDE_STYLE( '', ( #1103 ) );
#779 = EDGE_LOOP( '', ( #1104, #1105, #1106, #1107 ) );
#780 = AXIS2_PLACEMENT_3D( '', #1108, #1109, #1110 );
#781 = SURFACE_SIDE_STYLE( '', ( #1111 ) );
#782 = EDGE_LOOP( '', ( #1112, #1113, #1114, #1115 ) );
#783 = AXIS2_PLACEMENT_3D( '', #1116, #1117, #1118 );
#784 = SURFACE_SIDE_STYLE( '', ( #1119 ) );
#785 = EDGE_LOOP( '', ( #1120, #1121, #1122, #1123, #1124, #1125 ) );
#786 = AXIS2_PLACEMENT_3D( '', #1126, #1127, #1128 );
#787 = SURFACE_SIDE_STYLE( '', ( #1129 ) );
#788 = EDGE_LOOP( '', ( #1130, #1131, #1132, #1133 ) );
#789 = AXIS2_PLACEMENT_3D( '', #1134, #1135, #1136 );
#790 = SURFACE_SIDE_STYLE( '', ( #1137 ) );
#791 = EDGE_LOOP( '', ( #1138, #1139, #1140, #1141 ) );
#792 = AXIS2_PLACEMENT_3D( '', #1142, #1143, #1144 );
#793 = SURFACE_SIDE_STYLE( '', ( #1145 ) );
#794 = EDGE_LOOP( '', ( #1146, #1147, #1148, #1149, #1150, #1151 ) );
#795 = AXIS2_PLACEMENT_3D( '', #1152, #1153, #1154 );
#796 = SURFACE_SIDE_STYLE( '', ( #1155 ) );
#797 = EDGE_LOOP( '', ( #1156, #1157, #1158, #1159 ) );
#798 = AXIS2_PLACEMENT_3D( '', #1160, #1161, #1162 );
#799 = SURFACE_SIDE_STYLE( '', ( #1163 ) );
#800 = EDGE_LOOP( '', ( #1164, #1165, #1166, #1167 ) );
#801 = AXIS2_PLACEMENT_3D( '', #1168, #1169, #1170 );
#802 = SURFACE_SIDE_STYLE( '', ( #1171 ) );
#803 = EDGE_LOOP( '', ( #1172, #1173, #1174, #1175 ) );
#804 = AXIS2_PLACEMENT_3D( '', #1176, #1177, #1178 );
#805 = SURFACE_SIDE_STYLE( '', ( #1179 ) );
#806 = EDGE_LOOP( '', ( #1180, #1181, #1182, #1183 ) );
#807 = AXIS2_PLACEMENT_3D( '', #1184, #1185, #1186 );
#808 = SURFACE_SIDE_STYLE( '', ( #1187 ) );
#809 = EDGE_LOOP( '', ( #1188, #1189, #1190, #1191 ) );
#810 = AXIS2_PLACEMENT_3D( '', #1192, #1193, #1194 );
#811 = SURFACE_SIDE_STYLE( '', ( #1195 ) );
#812 = EDGE_LOOP( '', ( #1196, #1197, #1198, #1199 ) );
#813 = AXIS2_PLACEMENT_3D( '', #1200, #1201, #1202 );
#814 = SURFACE_SIDE_STYLE( '', ( #1203 ) );
#815 = EDGE_LOOP( '', ( #1204, #1205, #1206, #1207 ) );
#816 = AXIS2_PLACEMENT_3D( '', #1208, #1209, #1210 );
#817 = SURFACE_SIDE_STYLE( '', ( #1211 ) );
#818 = EDGE_LOOP( '', ( #1212, #1213, #1214, #1215 ) );
#819 = AXIS2_PLACEMENT_3D( '', #1216, #1217, #1218 );
#820 = SURFACE_SIDE_STYLE( '', ( #1219 ) );
#821 = EDGE_LOOP( '', ( #1220, #1221, #1222, #1223 ) );
#822 = AXIS2_PLACEMENT_3D( '', #1224, #1225, #1226 );
#823 = SURFACE_SIDE_STYLE( '', ( #1227 ) );
#824 = EDGE_LOOP( '', ( #1228, #1229, #1230, #1231 ) );
#825 = AXIS2_PLACEMENT_3D( '', #1232, #1233, #1234 );
#826 = SURFACE_SIDE_STYLE( '', ( #1235 ) );
#827 = EDGE_LOOP( '', ( #1236, #1237, #1238, #1239, #1240, #1241 ) );
#828 = AXIS2_PLACEMENT_3D( '', #1242, #1243, #1244 );
#829 = SURFACE_SIDE_STYLE( '', ( #1245 ) );
#830 = EDGE_LOOP( '', ( #1246, #1247, #1248, #1249 ) );
#831 = AXIS2_PLACEMENT_3D( '', #1250, #1251, #1252 );
#832 = SURFACE_SIDE_STYLE( '', ( #1253 ) );
#833 = EDGE_LOOP( '', ( #1254, #1255, #1256, #1257 ) );
#834 = AXIS2_PLACEMENT_3D( '', #1258, #1259, #1260 );
#835 = SURFACE_SIDE_STYLE( '', ( #1261 ) );
#836 = EDGE_LOOP( '', ( #1262, #1263, #1264, #1265, #1266, #1267 ) );
#837 = AXIS2_PLACEMENT_3D( '', #1268, #1269, #1270 );
#838 = SURFACE_SIDE_STYLE( '', ( #1271 ) );
#839 = EDGE_LOOP( '', ( #1272, #1273, #1274, #1275 ) );
#840 = AXIS2_PLACEMENT_3D( '', #1276, #1277, #1278 );
#841 = SURFACE_SIDE_STYLE( '', ( #1279 ) );
#842 = EDGE_LOOP( '', ( #1280, #1281, #1282, #1283, #1284, #1285 ) );
#843 = AXIS2_PLACEMENT_3D( '', #1286, #1287, #1288 );
#844 = SURFACE_SIDE_STYLE( '', ( #1289 ) );
#845 = EDGE_LOOP( '', ( #1290, #1291, #1292, #1293 ) );
#846 = AXIS2_PLACEMENT_3D( '', #1294, #1295, #1296 );
#847 = SURFACE_SIDE_STYLE( '', ( #1297 ) );
#848 = EDGE_LOOP( '', ( #1298, #1299, #1300, #1301 ) );
#849 = AXIS2_PLACEMENT_3D( '', #1302, #1303, #1304 );
#850 = SURFACE_SIDE_STYLE( '', ( #1305 ) );
#851 = EDGE_LOOP( '', ( #1306, #1307, #1308, #1309 ) );
#852 = AXIS2_PLACEMENT_3D( '', #1310, #1311, #1312 );
#853 = SURFACE_SIDE_STYLE( '', ( #1313 ) );
#854 = EDGE_LOOP( '', ( #1314, #1315, #1316, #1317 ) );
#855 = AXIS2_PLACEMENT_3D( '', #1318, #1319, #1320 );
#856 = SURFACE_SIDE_STYLE( '', ( #1321 ) );
#857 = EDGE_LOOP( '', ( #1322, #1323, #1324, #1325 ) );
#858 = AXIS2_PLACEMENT_3D( '', #1326, #1327, #1328 );
#859 = SURFACE_SIDE_STYLE( '', ( #1329 ) );
#860 = EDGE_LOOP( '', ( #1330, #1331, #1332, #1333 ) );
#861 = AXIS2_PLACEMENT_3D( '', #1334, #1335, #1336 );
#862 = SURFACE_SIDE_STYLE( '', ( #1337 ) );
#863 = EDGE_LOOP( '', ( #1338, #1339, #1340, #1341 ) );
#864 = AXIS2_PLACEMENT_3D( '', #1342, #1343, #1344 );
#865 = SURFACE_SIDE_STYLE( '', ( #1345 ) );
#866 = EDGE_LOOP( '', ( #1346, #1347, #1348, #1349, #1350, #1351 ) );
#867 = AXIS2_PLACEMENT_3D( '', #1352, #1353, #1354 );
#868 = SURFACE_SIDE_STYLE( '', ( #1355 ) );
#869 = EDGE_LOOP( '', ( #1356, #1357, #1358, #1359 ) );
#870 = AXIS2_PLACEMENT_3D( '', #1360, #1361, #1362 );
#871 = SURFACE_SIDE_STYLE( '', ( #1363 ) );
#872 = EDGE_LOOP( '', ( #1364, #1365, #1366, #1367 ) );
#873 = AXIS2_PLACEMENT_3D( '', #1368, #1369, #1370 );
#874 = SURFACE_SIDE_STYLE( '', ( #1371 ) );
#875 = EDGE_LOOP( '', ( #1372, #1373, #1374, #1375 ) );
#876 = AXIS2_PLACEMENT_3D( '', #1376, #1377, #1378 );
#877 = SURFACE_SIDE_STYLE( '', ( #1379 ) );
#878 = EDGE_LOOP( '', ( #1380, #1381, #1382, #1383 ) );
#879 = AXIS2_PLACEMENT_3D( '', #1384, #1385, #1386 );
#880 = SURFACE_SIDE_STYLE( '', ( #1387 ) );
#881 = EDGE_LOOP( '', ( #1388, #1389, #1390, #1391 ) );
#882 = AXIS2_PLACEMENT_3D( '', #1392, #1393, #1394 );
#883 = SURFACE_SIDE_STYLE( '', ( #1395 ) );
#884 = EDGE_LOOP( '', ( #1396, #1397, #1398, #1399, #1400, #1401 ) );
#885 = AXIS2_PLACEMENT_3D( '', #1402, #1403, #1404 );
#886 = SURFACE_SIDE_STYLE( '', ( #1405 ) );
#887 = EDGE_LOOP( '', ( #1406, #1407, #1408, #1409 ) );
#888 = AXIS2_PLACEMENT_3D( '', #1410, #1411, #1412 );
#889 = SURFACE_SIDE_STYLE( '', ( #1413 ) );
#890 = EDGE_LOOP( '', ( #1414, #1415, #1416, #1417 ) );
#891 = AXIS2_PLACEMENT_3D( '', #1418, #1419, #1420 );
#892 = SURFACE_SIDE_STYLE( '', ( #1421 ) );
#893 = EDGE_LOOP( '', ( #1422, #1423, #1424, #1425 ) );
#894 = AXIS2_PLACEMENT_3D( '', #1426, #1427, #1428 );
#895 = SURFACE_SIDE_STYLE( '', ( #1429 ) );
#896 = EDGE_LOOP( '', ( #1430, #1431, #1432, #1433 ) );
#897 = AXIS2_PLACEMENT_3D( '', #1434, #1435, #1436 );
#898 = SURFACE_SIDE_STYLE( '', ( #1437 ) );
#899 = EDGE_LOOP( '', ( #1438, #1439, #1440, #1441 ) );
#900 = AXIS2_PLACEMENT_3D( '', #1442, #1443, #1444 );
#901 = SURFACE_SIDE_STYLE( '', ( #1445 ) );
#902 = EDGE_LOOP( '', ( #1446, #1447, #1448, #1449 ) );
#903 = AXIS2_PLACEMENT_3D( '', #1450, #1451, #1452 );
#904 = SURFACE_SIDE_STYLE( '', ( #1453 ) );
#905 = EDGE_LOOP( '', ( #1454, #1455, #1456, #1457 ) );
#906 = EDGE_LOOP( '', ( #1458, #1459, #1460, #1461 ) );
#907 = EDGE_LOOP( '', ( #1462, #1463, #1464, #1465 ) );
#908 = EDGE_LOOP( '', ( #1466, #1467, #1468, #1469 ) );
#909 = EDGE_LOOP( '', ( #1470, #1471, #1472, #1473, #1474, #1475, #1476, #1477, #1478, #1479, #1480, #1481, #1482, #1483, #1484, #1485, #1486, #1487, #1488, #1489 ) );
#910 = EDGE_LOOP( '', ( #1490, #1491, #1492, #1493 ) );
#911 = EDGE_LOOP( '', ( #1494, #1495, #1496, #1497 ) );
#912 = AXIS2_PLACEMENT_3D( '', #1498, #1499, #1500 );
#913 = SURFACE_SIDE_STYLE( '', ( #1501 ) );
#914 = EDGE_LOOP( '', ( #1502, #1503, #1504, #1505, #1506, #1507 ) );
#915 = AXIS2_PLACEMENT_3D( '', #1508, #1509, #1510 );
#916 = SURFACE_SIDE_STYLE( '', ( #1511 ) );
#917 = EDGE_LOOP( '', ( #1512, #1513, #1514, #1515 ) );
#918 = AXIS2_PLACEMENT_3D( '', #1516, #1517, #1518 );
#919 = SURFACE_SIDE_STYLE( '', ( #1519 ) );
#920 = EDGE_LOOP( '', ( #1520, #1521, #1522, #1523 ) );
#921 = AXIS2_PLACEMENT_3D( '', #1524, #1525, #1526 );
#922 = SURFACE_SIDE_STYLE( '', ( #1527 ) );
#923 = EDGE_LOOP( '', ( #1528, #1529, #1530, #1531 ) );
#924 = AXIS2_PLACEMENT_3D( '', #1532, #1533, #1534 );
#925 = SURFACE_SIDE_STYLE( '', ( #1535 ) );
#926 = EDGE_LOOP( '', ( #1536, #1537, #1538, #1539, #1540, #1541 ) );
#927 = AXIS2_PLACEMENT_3D( '', #1542, #1543, #1544 );
#928 = SURFACE_SIDE_STYLE( '', ( #1545 ) );
#929 = EDGE_LOOP( '', ( #1546, #1547, #1548, #1549 ) );
#930 = AXIS2_PLACEMENT_3D( '', #1550, #1551, #1552 );
#931 = SURFACE_SIDE_STYLE( '', ( #1553 ) );
#932 = EDGE_LOOP( '', ( #1554, #1555, #1556, #1557 ) );
#933 = AXIS2_PLACEMENT_3D( '', #1558, #1559, #1560 );
#934 = SURFACE_SIDE_STYLE( '', ( #1561 ) );
#935 = EDGE_LOOP( '', ( #1562, #1563, #1564, #1565 ) );
#936 = AXIS2_PLACEMENT_3D( '', #1566, #1567, #1568 );
#937 = SURFACE_SIDE_STYLE( '', ( #1569 ) );
#938 = EDGE_LOOP( '', ( #1570, #1571, #1572, #1573 ) );
#939 = AXIS2_PLACEMENT_3D( '', #1574, #1575, #1576 );
#940 = SURFACE_SIDE_STYLE( '', ( #1577 ) );
#941 = EDGE_LOOP( '', ( #1578, #1579, #1580, #1581 ) );
#942 = AXIS2_PLACEMENT_3D( '', #1582, #1583, #1584 );
#943 = SURFACE_SIDE_STYLE( '', ( #1585 ) );
#944 = EDGE_LOOP( '', ( #1586, #1587, #1588, #1589 ) );
#945 = AXIS2_PLACEMENT_3D( '', #1590, #1591, #1592 );
#946 = SURFACE_SIDE_STYLE( '', ( #1593 ) );
#947 = EDGE_LOOP( '', ( #1594, #1595, #1596, #1597 ) );
#948 = AXIS2_PLACEMENT_3D( '', #1598, #1599, #1600 );
#949 = SURFACE_SIDE_STYLE( '', ( #1601 ) );
#950 = EDGE_LOOP( '', ( #1602, #1603, #1604, #1605 ) );
#951 = AXIS2_PLACEMENT_3D( '', #1606, #1607, #1608 );
#952 = SURFACE_SIDE_STYLE( '', ( #1609 ) );
#953 = EDGE_LOOP( '', ( #1610, #1611, #1612, #1613 ) );
#954 = AXIS2_PLACEMENT_3D( '', #1614, #1615, #1616 );
#955 = SURFACE_SIDE_STYLE( '', ( #1617 ) );
#956 = EDGE_LOOP( '', ( #1618, #1619, #1620, #1621, #1622, #1623, #1624, #1625 ) );
#957 = AXIS2_PLACEMENT_3D( '', #1626, #1627, #1628 );
#958 = SURFACE_SIDE_STYLE( '', ( #1629 ) );
#959 = EDGE_LOOP( '', ( #1630, #1631, #1632, #1633 ) );
#960 = AXIS2_PLACEMENT_3D( '', #1634, #1635, #1636 );
#961 = SURFACE_SIDE_STYLE( '', ( #1637 ) );
#962 = EDGE_LOOP( '', ( #1638, #1639, #1640, #1641 ) );
#963 = EDGE_LOOP( '', ( #1642, #1643, #1644, #1645 ) );
#964 = EDGE_LOOP( '', ( #1646, #1647, #1648, #1649 ) );
#965 = EDGE_LOOP( '', ( #1650, #1651, #1652, #1653 ) );
#966 = EDGE_LOOP( '', ( #1654, #1655, #1656, #1657, #1658, #1659, #1660, #1661, #1662, #1663, #1664, #1665, #1666, #1667, #1668, #1669, #1670, #1671, #1672, #1673 ) );
#967 = EDGE_LOOP( '', ( #1674, #1675, #1676, #1677 ) );
#968 = EDGE_LOOP( '', ( #1678, #1679, #1680, #1681 ) );
#969 = AXIS2_PLACEMENT_3D( '', #1682, #1683, #1684 );
#970 = SURFACE_SIDE_STYLE( '', ( #1685 ) );
#971 = EDGE_LOOP( '', ( #1686, #1687, #1688, #1689, #1690, #1691 ) );
#972 = AXIS2_PLACEMENT_3D( '', #1692, #1693, #1694 );
#973 = SURFACE_SIDE_STYLE( '', ( #1695 ) );
#974 = EDGE_LOOP( '', ( #1696, #1697, #1698, #1699 ) );
#975 = AXIS2_PLACEMENT_3D( '', #1700, #1701, #1702 );
#976 = SURFACE_SIDE_STYLE( '', ( #1703 ) );
#977 = EDGE_LOOP( '', ( #1704, #1705, #1706, #1707 ) );
#978 = AXIS2_PLACEMENT_3D( '', #1708, #1709, #1710 );
#979 = SURFACE_SIDE_STYLE( '', ( #1711 ) );
#980 = EDGE_LOOP( '', ( #1712, #1713, #1714, #1715 ) );
#981 = AXIS2_PLACEMENT_3D( '', #1716, #1717, #1718 );
#982 = SURFACE_SIDE_STYLE( '', ( #1719 ) );
#983 = EDGE_LOOP( '', ( #1720, #1721, #1722, #1723 ) );
#984 = AXIS2_PLACEMENT_3D( '', #1724, #1725, #1726 );
#985 = SURFACE_SIDE_STYLE( '', ( #1727 ) );
#986 = EDGE_LOOP( '', ( #1728, #1729, #1730, #1731 ) );
#987 = AXIS2_PLACEMENT_3D( '', #1732, #1733, #1734 );
#988 = SURFACE_SIDE_STYLE( '', ( #1735 ) );
#989 = EDGE_LOOP( '', ( #1736, #1737, #1738, #1739 ) );
#990 = AXIS2_PLACEMENT_3D( '', #1740, #1741, #1742 );
#991 = SURFACE_SIDE_STYLE( '', ( #1743 ) );
#992 = EDGE_LOOP( '', ( #1744, #1745, #1746, #1747 ) );
#993 = AXIS2_PLACEMENT_3D( '', #1748, #1749, #1750 );
#994 = SURFACE_SIDE_STYLE( '', ( #1751 ) );
#995 = EDGE_LOOP( '', ( #1752, #1753, #1754, #1755 ) );
#996 = AXIS2_PLACEMENT_3D( '', #1756, #1757, #1758 );
#997 = SURFACE_SIDE_STYLE( '', ( #1759 ) );
#998 = EDGE_LOOP( '', ( #1760, #1761, #1762, #1763, #1764, #1765 ) );
#999 = AXIS2_PLACEMENT_3D( '', #1766, #1767, #1768 );
#1000 = SURFACE_SIDE_STYLE( '', ( #1769 ) );
#1001 = EDGE_LOOP( '', ( #1770, #1771, #1772, #1773 ) );
#1002 = AXIS2_PLACEMENT_3D( '', #1774, #1775, #1776 );
#1003 = SURFACE_SIDE_STYLE( '', ( #1777 ) );
#1004 = EDGE_LOOP( '', ( #1778, #1779, #1780, #1781 ) );
#1005 = AXIS2_PLACEMENT_3D( '', #1782, #1783, #1784 );
#1006 = SURFACE_SIDE_STYLE( '', ( #1785 ) );
#1007 = EDGE_LOOP( '', ( #1786, #1787, #1788, #1789 ) );
#1008 = AXIS2_PLACEMENT_3D( '', #1790, #1791, #1792 );
#1009 = SURFACE_SIDE_STYLE( '', ( #1793 ) );
#1010 = EDGE_LOOP( '', ( #1794, #1795, #1796, #1797 ) );
#1011 = AXIS2_PLACEMENT_3D( '', #1798, #1799, #1800 );
#1012 = SURFACE_SIDE_STYLE( '', ( #1801 ) );
#1013 = EDGE_LOOP( '', ( #1802, #1803, #1804, #1805 ) );
#1014 = AXIS2_PLACEMENT_3D( '', #1806, #1807, #1808 );
#1015 = SURFACE_SIDE_STYLE( '', ( #1809 ) );
#1016 = EDGE_LOOP( '', ( #1810, #1811, #1812, #1813 ) );
#1017 = AXIS2_PLACEMENT_3D( '', #1814, #1815, #1816 );
#1018 = SURFACE_SIDE_STYLE( '', ( #1817 ) );
#1019 = EDGE_LOOP( '', ( #1818, #1819, #1820, #1821 ) );
#1020 = AXIS2_PLACEMENT_3D( '', #1822, #1823, #1824 );
#1021 = SURFACE_SIDE_STYLE( '', ( #1825 ) );
#1022 = EDGE_LOOP( '', ( #1826, #1827, #1828, #1829 ) );
#1023 = AXIS2_PLACEMENT_3D( '', #1830, #1831, #1832 );
#1024 = SURFACE_SIDE_STYLE( '', ( #1833 ) );
#1025 = EDGE_LOOP( '', ( #1834, #1835, #1836, #1837 ) );
#1026 = AXIS2_PLACEMENT_3D( '', #1838, #1839, #1840 );
#1027 = SURFACE_SIDE_STYLE( '', ( #1841 ) );
#1028 = EDGE_LOOP( '', ( #1842, #1843, #1844, #1845, #1846, #1847 ) );
#1029 = AXIS2_PLACEMENT_3D( '', #1848, #1849, #1850 );
#1030 = SURFACE_SIDE_STYLE( '', ( #1851 ) );
#1031 = EDGE_LOOP( '', ( #1852, #1853, #1854, #1855 ) );
#1032 = AXIS2_PLACEMENT_3D( '', #1856, #1857, #1858 );
#1033 = SURFACE_SIDE_STYLE( '', ( #1859 ) );
#1034 = EDGE_LOOP( '', ( #1860, #1861, #1862, #1863 ) );
#1035 = AXIS2_PLACEMENT_3D( '', #1864, #1865, #1866 );
#1036 = SURFACE_SIDE_STYLE( '', ( #1867 ) );
#1037 = EDGE_LOOP( '', ( #1868, #1869, #1870, #1871 ) );
#1038 = AXIS2_PLACEMENT_3D( '', #1872, #1873, #1874 );
#1039 = SURFACE_SIDE_STYLE( '', ( #1875 ) );
#1040 = EDGE_LOOP( '', ( #1876, #1877, #1878, #1879 ) );
#1041 = AXIS2_PLACEMENT_3D( '', #1880, #1881, #1882 );
#1042 = SURFACE_SIDE_STYLE( '', ( #1883 ) );
#1043 = EDGE_LOOP( '', ( #1884, #1885, #1886, #1887 ) );
#1044 = AXIS2_PLACEMENT_3D( '', #1888, #1889, #1890 );
#1045 = SURFACE_SIDE_STYLE( '', ( #1891 ) );
#1046 = EDGE_LOOP( '', ( #1892, #1893, #1894, #1895, #1896, #1897, #1898, #1899 ) );
#1047 = AXIS2_PLACEMENT_3D( '', #1900, #1901, #1902 );
#1048 = SURFACE_SIDE_STYLE( '', ( #1903 ) );
#1049 = EDGE_LOOP( '', ( #1904, #1905, #1906, #1907, #1908, #1909, #1910, #1911 ) );
#1050 = AXIS2_PLACEMENT_3D( '', #1912, #1913, #1914 );
#1051 = SURFACE_SIDE_STYLE( '', ( #1915 ) );
#1052 = EDGE_LOOP( '', ( #1916, #1917, #1918, #1919 ) );
#1053 = AXIS2_PLACEMENT_3D( '', #1920, #1921, #1922 );
#1054 = SURFACE_SIDE_STYLE( '', ( #1923 ) );
#1055 = EDGE_LOOP( '', ( #1924, #1925, #1926, #1927 ) );
#1056 = AXIS2_PLACEMENT_3D( '', #1928, #1929, #1930 );
#1058 =  ( LENGTH_UNIT(  )NAMED_UNIT( #755 )SI_UNIT( .MILLI., .METRE. ) );
#1059 = SURFACE_STYLE_FILL_AREA( #1932 );
#1060 = ORIENTED_EDGE( '', *, *, #1933, .F. );
#1061 = ORIENTED_EDGE( '', *, *, #1934, .F. );
#1062 = ORIENTED_EDGE( '', *, *, #1935, .F. );
#1063 = ORIENTED_EDGE( '', *, *, #1936, .F. );
#1064 = CARTESIAN_POINT( '', ( 3.81000000000000, -2.54000000000000, -1.27000000000000 ) );
#1065 = DIRECTION( '', ( 0.000000000000000, 0.000000000000000, -1.00000000000000 ) );
#1066 = DIRECTION( '', ( -1.00000000000000, 0.000000000000000, 0.000000000000000 ) );
#1067 = SURFACE_STYLE_FILL_AREA( #1937 );
#1068 = ORIENTED_EDGE( '', *, *, #1938, .T. );
#1069 = ORIENTED_EDGE( '', *, *, #1939, .F. );
#1070 = ORIENTED_EDGE( '', *, *, #1940, .F. );
#1071 = ORIENTED_EDGE( '', *, *, #1941, .F. );
#1072 = CARTESIAN_POINT( '', ( -0.120000000000000, 0.320000000000000, 7.72000000000000 ) );
#1073 = DIRECTION( '', ( -0.707106781186548, 4.79154192713554E-016, 0.707106781186547 ) );
#1074 = DIRECTION( '', ( -4.88082783557894E-031, 1.00000000000000, -6.77626357803441E-016 ) );
#1075 = SURFACE_STYLE_FILL_AREA( #1942 );
#1076 = ORIENTED_EDGE( '', *, *, #1943, .T. );
#1077 = ORIENTED_EDGE( '', *, *, #1944, .T. );
#1078 = ORIENTED_EDGE( '', *, *, #1945, .T. );
#1079 = ORIENTED_EDGE( '', *, *, #1946, .T. );
#1080 = ORIENTED_EDGE( '', *, *, #1947, .T. );
#1081 = ORIENTED_EDGE( '', *, *, #1948, .T. );
#1082 = ORIENTED_EDGE( '', *, *, #1949, .T. );
#1083 = ORIENTED_EDGE( '', *, *, #1950, .T. );
#1084 = CARTESIAN_POINT( '', ( 0.320000000000000, 0.680000000000000, -4.18000000000000 ) );
#1085 = DIRECTION( '', ( -1.00000000000000, 0.000000000000000, 0.000000000000000 ) );
#1086 = DIRECTION( '', ( 0.000000000000000, 0.000000000000000, 1.00000000000000 ) );
#1087 = SURFACE_STYLE_FILL_AREA( #1951 );
#1088 = ORIENTED_EDGE( '', *, *, #1952, .T. );
#1089 = ORIENTED_EDGE( '', *, *, #1953, .F. );
#1090 = ORIENTED_EDGE( '', *, *, #1950, .F. );
#1091 = ORIENTED_EDGE( '', *, *, #1954, .T. );
#1092 = CARTESIAN_POINT( '', ( 0.320000000000000, 0.680000000000000, -4.18000000000000 ) );
#1093 = DIRECTION( '', ( 1.00000000000000, -0.000000000000000, -0.000000000000000 ) );
#1094 = DIRECTION( '', ( 0.000000000000000, 0.000000000000000, 1.00000000000000 ) );
#1095 = SURFACE_STYLE_FILL_AREA( #1955 );
#1096 = ORIENTED_EDGE( '', *, *, #1956, .T. );
#1097 = ORIENTED_EDGE( '', *, *, #1957, .F. );
#1098 = ORIENTED_EDGE( '', *, *, #1958, .F. );
#1099 = ORIENTED_EDGE( '', *, *, #1959, .F. );
#1100 = CARTESIAN_POINT( '', ( 0.320000000000000, 4.07000000000000, -4.18000000000000 ) );
#1101 = DIRECTION( '', ( -0.707106781186547, -0.707106781186548, 0.000000000000000 ) );
#1102 = DIRECTION( '', ( 0.000000000000000, 0.000000000000000, 1.00000000000000 ) );
#1103 = SURFACE_STYLE_FILL_AREA( #1960 );
#1104 = ORIENTED_EDGE( '', *, *, #1961, .T. );
#1105 = ORIENTED_EDGE( '', *, *, #1962, .F. );
#1106 = ORIENTED_EDGE( '', *, *, #1963, .F. );
#1107 = ORIENTED_EDGE( '', *, *, #1964, .F. );
#1108 = CARTESIAN_POINT( '', ( 2.86000000000000, -0.950000000000000, -8.23380976240582 ) );
#1109 = DIRECTION( '', ( -1.00000000000000, 0.000000000000000, 0.000000000000000 ) );
#1110 = DIRECTION( '', ( 0.000000000000000, 0.000000000000000, 1.00000000000000 ) );
#1111 = SURFACE_STYLE_FILL_AREA( #1965 );
#1112 = ORIENTED_EDGE( '', *, *, #1966, .F. );
#1113 = ORIENTED_EDGE( '', *, *, #1967, .T. );
#1114 = ORIENTED_EDGE( '', *, *, #1968, .F. );
#1115 = ORIENTED_EDGE( '', *, *, #1969, .T. );
#1116 = CARTESIAN_POINT( '', ( 0.000000000000000, 2.54000000000000, 0.000000000000000 ) );
#1117 = DIRECTION( '', ( 0.000000000000000, 1.00000000000000, 0.000000000000000 ) );
#1118 = DIRECTION( '', ( 0.000000000000000, 0.000000000000000, 1.00000000000000 ) );
#1119 = SURFACE_STYLE_FILL_AREA( #1970 );
#1120 = ORIENTED_EDGE( '', *, *, #1971, .F. );
#1121 = ORIENTED_EDGE( '', *, *, #1972, .T. );
#1122 = ORIENTED_EDGE( '', *, *, #1973, .T. );
#1123 = ORIENTED_EDGE( '', *, *, #1974, .T. );
#1124 = ORIENTED_EDGE( '', *, *, #1975, .F. );
#1125 = ORIENTED_EDGE( '', *, *, #1976, .F. );
#1126 = CARTESIAN_POINT( '', ( 1.52000000000000, -2.54000000000000, -8.23380976240582 ) );
#1127 = DIRECTION( '', ( 0.894427190999916, 0.447213595499957, 0.000000000000000 ) );
#1128 = DIRECTION( '', ( -0.447213595499957, 0.894427190999916, 0.000000000000000 ) );
#1129 = SURFACE_STYLE_FILL_AREA( #1977 );
#1130 = ORIENTED_EDGE( '', *, *, #1978, .T. );
#1131 = ORIENTED_EDGE( '', *, *, #1979, .T. );
#1132 = ORIENTED_EDGE( '', *, *, #1943, .F. );
#1133 = ORIENTED_EDGE( '', *, *, #1953, .T. );
#1134 = CARTESIAN_POINT( '', ( 0.320000000000000, 6.81000000000000, -5.18000000000000 ) );
#1135 = DIRECTION( '', ( 0.000000000000000, 0.000000000000000, 1.00000000000000 ) );
#1136 = DIRECTION( '', ( 1.00000000000000, 0.000000000000000, 0.000000000000000 ) );
#1137 = SURFACE_STYLE_FILL_AREA( #1980 );
#1138 = ORIENTED_EDGE( '', *, *, #1981, .F. );
#1139 = ORIENTED_EDGE( '', *, *, #1982, .F. );
#1140 = ORIENTED_EDGE( '', *, *, #1983, .F. );
#1141 = ORIENTED_EDGE( '', *, *, #1984, .F. );
#1142 = CARTESIAN_POINT( '', ( 0.320000000000000, 6.61000000000000, -4.54000000000000 ) );
#1143 = DIRECTION( '', ( -0.000000000000000, -0.707106781186548, -0.707106781186548 ) );
#1144 = DIRECTION( '', ( -1.00000000000000, 0.000000000000000, 0.000000000000000 ) );
#1145 = SURFACE_STYLE_FILL_AREA( #1985 );
#1146 = ORIENTED_EDGE( '', *, *, #1986, .F. );
#1147 = ORIENTED_EDGE( '', *, *, #1987, .T. );
#1148 = ORIENTED_EDGE( '', *, *, #1988, .T. );
#1149 = ORIENTED_EDGE( '', *, *, #1989, .T. );
#1150 = ORIENTED_EDGE( '', *, *, #1990, .T. );
#1151 = ORIENTED_EDGE( '', *, *, #1991, .F. );
#1152 = CARTESIAN_POINT( '', ( -3.81000000000000, 2.04000000000000, -8.43540571022150 ) );
#1153 = DIRECTION( '', ( 0.894427190999916, -0.447213595499957, 0.000000000000000 ) );
#1154 = DIRECTION( '', ( 0.447213595499957, 0.894427190999916, 0.000000000000000 ) );
#1155 = SURFACE_STYLE_FILL_AREA( #1992 );
#1156 = ORIENTED_EDGE( '', *, *, #1993, .F. );
#1157 = ORIENTED_EDGE( '', *, *, #1994, .T. );
#1158 = ORIENTED_EDGE( '', *, *, #1995, .T. );
#1159 = ORIENTED_EDGE( '', *, *, #1996, .F. );
#1160 = CARTESIAN_POINT( '', ( -2.86000000000000, -0.950000000000000, -8.23380976240582 ) );
#1161 = DIRECTION( '', ( 0.000000000000000, -1.00000000000000, 0.000000000000000 ) );
#1162 = DIRECTION( '', ( 0.000000000000000, 0.000000000000000, -1.00000000000000 ) );
#1163 = SURFACE_STYLE_FILL_AREA( #1997 );
#1164 = ORIENTED_EDGE( '', *, *, #1998, .F. );
#1165 = ORIENTED_EDGE( '', *, *, #1999, .F. );
#1166 = ORIENTED_EDGE( '', *, *, #1956, .F. );
#1167 = ORIENTED_EDGE( '', *, *, #2000, .F. );
#1168 = CARTESIAN_POINT( '', ( 0.320000000000000, 4.07000000000000, -4.54000000000000 ) );
#1169 = DIRECTION( '', ( -0.000000000000000, -0.707106781186548, -0.707106781186548 ) );
#1170 = DIRECTION( '', ( -1.00000000000000, 0.000000000000000, 0.000000000000000 ) );
#1171 = SURFACE_STYLE_FILL_AREA( #2001 );
#1172 = ORIENTED_EDGE( '', *, *, #2002, .F. );
#1173 = ORIENTED_EDGE( '', *, *, #2003, .T. );
#1174 = ORIENTED_EDGE( '', *, *, #2004, .F. );
#1175 = ORIENTED_EDGE( '', *, *, #2005, .T. );
#1176 = CARTESIAN_POINT( '', ( 0.000000000000000, -2.54000000000000, 0.000000000000000 ) );
#1177 = DIRECTION( '', ( 0.000000000000000, 1.00000000000000, 0.000000000000000 ) );
#1178 = DIRECTION( '', ( 0.000000000000000, 0.000000000000000, 1.00000000000000 ) );
#1179 = SURFACE_STYLE_FILL_AREA( #2006 );
#1180 = ORIENTED_EDGE( '', *, *, #1995, .F. );
#1181 = ORIENTED_EDGE( '', *, *, #2007, .T. );
#1182 = ORIENTED_EDGE( '', *, *, #2008, .T. );
#1183 = ORIENTED_EDGE( '', *, *, #2009, .F. );
#1184 = CARTESIAN_POINT( '', ( -2.22000000000000, -0.950000000000000, -8.23380976240582 ) );
#1185 = DIRECTION( '', ( -1.00000000000000, 0.000000000000000, 0.000000000000000 ) );
#1186 = DIRECTION( '', ( 0.000000000000000, 0.000000000000000, 1.00000000000000 ) );
#1187 = SURFACE_STYLE_FILL_AREA( #2010 );
#1188 = ORIENTED_EDGE( '', *, *, #2011, .T. );
#1189 = ORIENTED_EDGE( '', *, *, #2012, .F. );
#1190 = ORIENTED_EDGE( '', *, *, #2013, .F. );
#1191 = ORIENTED_EDGE( '', *, *, #2014, .F. );
#1192 = CARTESIAN_POINT( '', ( -0.320000000000000, -1.59000000000000, -8.23380976240582 ) );
#1193 = DIRECTION( '', ( 1.00000000000000, 0.000000000000000, 0.000000000000000 ) );
#1194 = DIRECTION( '', ( 0.000000000000000, 0.000000000000000, -1.00000000000000 ) );
#1195 = SURFACE_STYLE_FILL_AREA( #2015 );
#1196 = ORIENTED_EDGE( '', *, *, #2016, .T. );
#1197 = ORIENTED_EDGE( '', *, *, #2017, .F. );
#1198 = ORIENTED_EDGE( '', *, *, #2018, .F. );
#1199 = ORIENTED_EDGE( '', *, *, #2019, .F. );
#1200 = CARTESIAN_POINT( '', ( 0.320000000000000, -0.950000000000000, -8.23380976240582 ) );
#1201 = DIRECTION( '', ( -1.00000000000000, 0.000000000000000, 0.000000000000000 ) );
#1202 = DIRECTION( '', ( 0.000000000000000, 0.000000000000000, 1.00000000000000 ) );
#1203 = SURFACE_STYLE_FILL_AREA( #2020 );
#1204 = ORIENTED_EDGE( '', *, *, #2021, .F. );
#1205 = ORIENTED_EDGE( '', *, *, #2022, .T. );
#1206 = ORIENTED_EDGE( '', *, *, #2023, .F. );
#1207 = ORIENTED_EDGE( '', *, *, #2002, .T. );
#1208 = CARTESIAN_POINT( '', ( 3.81000000000000, -2.54000000000000, -1.27000000000000 ) );
#1209 = DIRECTION( '', ( 0.000000000000000, 0.000000000000000, -1.00000000000000 ) );
#1210 = DIRECTION( '', ( -1.00000000000000, 0.000000000000000, 0.000000000000000 ) );
#1211 = SURFACE_STYLE_FILL_AREA( #2024 );
#1212 = ORIENTED_EDGE( '', *, *, #2025, .T. );
#1213 = ORIENTED_EDGE( '', *, *, #2026, .T. );
#1214 = ORIENTED_EDGE( '', *, *, #2027, .T. );
#1215 = ORIENTED_EDGE( '', *, *, #2028, .F. );
#1216 = CARTESIAN_POINT( '', ( 0.320000000000000, 1.59000000000000, -8.23380976240582 ) );
#1217 = DIRECTION( '', ( 0.000000000000000, 1.00000000000000, 0.000000000000000 ) );
#1218 = DIRECTION( '', ( 0.000000000000000, 0.000000000000000, 1.00000000000000 ) );
#1219 = SURFACE_STYLE_FILL_AREA( #2029 );
#1220 = ORIENTED_EDGE( '', *, *, #2030, .F. );
#1221 = ORIENTED_EDGE( '', *, *, #2031, .T. );
#1222 = ORIENTED_EDGE( '', *, *, #2032, .F. );
#1223 = ORIENTED_EDGE( '', *, *, #1973, .F. );
#1224 = CARTESIAN_POINT( '', ( 0.000000000000000, -2.54000000000000, 0.000000000000000 ) );
#1225 = DIRECTION( '', ( 0.000000000000000, 1.00000000000000, 0.000000000000000 ) );
#1226 = DIRECTION( '', ( 0.000000000000000, 0.000000000000000, 1.00000000000000 ) );
#1227 = SURFACE_STYLE_FILL_AREA( #2033 );
#1228 = ORIENTED_EDGE( '', *, *, #2034, .F. );
#1229 = ORIENTED_EDGE( '', *, *, #1936, .T. );
#1230 = ORIENTED_EDGE( '', *, *, #2035, .F. );
#1231 = ORIENTED_EDGE( '', *, *, #2036, .T. );
#1232 = CARTESIAN_POINT( '', ( 0.000000000000000, 2.54000000000000, 0.000000000000000 ) );
#1233 = DIRECTION( '', ( 0.000000000000000, 1.00000000000000, 0.000000000000000 ) );
#1234 = DIRECTION( '', ( 0.000000000000000, 0.000000000000000, 1.00000000000000 ) );
#1235 = SURFACE_STYLE_FILL_AREA( #2037 );
#1236 = ORIENTED_EDGE( '', *, *, #2038, .F. );
#1237 = ORIENTED_EDGE( '', *, *, #2039, .F. );
#1238 = ORIENTED_EDGE( '', *, *, #2040, .T. );
#1239 = ORIENTED_EDGE( '', *, *, #2041, .T. );
#1240 = ORIENTED_EDGE( '', *, *, #2003, .F. );
#1241 = ORIENTED_EDGE( '', *, *, #2023, .T. );
#1242 = CARTESIAN_POINT( '', ( -1.27000000000000, -2.04000000000000, -8.23380976240582 ) );
#1243 = DIRECTION( '', ( -0.894427190999916, 0.447213595499957, 0.000000000000000 ) );
#1244 = DIRECTION( '', ( -0.447213595499957, -0.894427190999916, 0.000000000000000 ) );
#1245 = SURFACE_STYLE_FILL_AREA( #2042 );
#1246 = ORIENTED_EDGE( '', *, *, #2043, .T. );
#1247 = ORIENTED_EDGE( '', *, *, #2044, .T. );
#1248 = ORIENTED_EDGE( '', *, *, #2038, .T. );
#1249 = ORIENTED_EDGE( '', *, *, #2022, .F. );
#1250 = CARTESIAN_POINT( '', ( -5.69380976240582, -2.20000000000000, -1.27000000000000 ) );
#1251 = DIRECTION( '', ( 0.000000000000000, 1.00000000000000, 0.000000000000000 ) );
#1252 = DIRECTION( '', ( 0.000000000000000, 0.000000000000000, 1.00000000000000 ) );
#1253 = SURFACE_STYLE_FILL_AREA( #2045 );
#1254 = ORIENTED_EDGE( '', *, *, #2046, .F. );
#1255 = ORIENTED_EDGE( '', *, *, #2047, .F. );
#1256 = ORIENTED_EDGE( '', *, *, #2048, .F. );
#1257 = ORIENTED_EDGE( '', *, *, #2049, .F. );
#1258 = CARTESIAN_POINT( '', ( 0.320000000000000, -0.320000000000000, 4.98000000000000 ) );
#1259 = DIRECTION( '', ( 0.000000000000000, 0.707106781186548, -0.707106781186547 ) );
#1260 = DIRECTION( '', ( -1.00000000000000, 0.000000000000000, 0.000000000000000 ) );
#1261 = SURFACE_STYLE_FILL_AREA( #2050 );
#1262 = ORIENTED_EDGE( '', *, *, #2051, .F. );
#1263 = ORIENTED_EDGE( '', *, *, #2052, .T. );
#1264 = ORIENTED_EDGE( '', *, *, #2053, .T. );
#1265 = ORIENTED_EDGE( '', *, *, #2035, .T. );
#1266 = ORIENTED_EDGE( '', *, *, #1935, .T. );
#1267 = ORIENTED_EDGE( '', *, *, #2054, .F. );
#1268 = CARTESIAN_POINT( '', ( -1.27000000000000, 2.04000000000000, -8.23380976240582 ) );
#1269 = DIRECTION( '', ( 0.894427190999916, -0.447213595499957, 0.000000000000000 ) );
#1270 = DIRECTION( '', ( 0.447213595499957, 0.894427190999916, 0.000000000000000 ) );
#1271 = SURFACE_STYLE_FILL_AREA( #2055 );
#1272 = ORIENTED_EDGE( '', *, *, #2056, .F. );
#1273 = ORIENTED_EDGE( '', *, *, #2057, .T. );
#1274 = ORIENTED_EDGE( '', *, *, #1993, .T. );
#1275 = ORIENTED_EDGE( '', *, *, #2058, .F. );
#1276 = CARTESIAN_POINT( '', ( -2.86000000000000, -1.59000000000000, -8.23380976240582 ) );
#1277 = DIRECTION( '', ( 1.00000000000000, 0.000000000000000, 0.000000000000000 ) );
#1278 = DIRECTION( '', ( 0.000000000000000, 0.000000000000000, -1.00000000000000 ) );
#1279 = SURFACE_STYLE_FILL_AREA( #2059 );
#1280 = ORIENTED_EDGE( '', *, *, #2060, .F. );
#1281 = ORIENTED_EDGE( '', *, *, #2061, .F. );
#1282 = ORIENTED_EDGE( '', *, *, #1933, .T. );
#1283 = ORIENTED_EDGE( '', *, *, #2034, .T. );
#1284 = ORIENTED_EDGE( '', *, *, #2062, .T. );
#1285 = ORIENTED_EDGE( '', *, *, #2063, .F. );
#1286 = CARTESIAN_POINT( '', ( 1.02000000000000, 2.54000000000000, -8.23380976240582 ) );
#1287 = DIRECTION( '', ( -0.894427190999916, -0.447213595499957, 0.000000000000000 ) );
#1288 = DIRECTION( '', ( 0.447213595499957, -0.894427190999916, 0.000000000000000 ) );
#1289 = SURFACE_STYLE_FILL_AREA( #2064 );
#1290 = ORIENTED_EDGE( '', *, *, #1987, .F. );
#1291 = ORIENTED_EDGE( '', *, *, #2065, .T. );
#1292 = ORIENTED_EDGE( '', *, *, #2066, .T. );
#1293 = ORIENTED_EDGE( '', *, *, #2067, .T. );
#1294 = CARTESIAN_POINT( '', ( -3.81000000000000, -2.54000000000000, -1.27000000000000 ) );
#1295 = DIRECTION( '', ( -1.00000000000000, 0.000000000000000, 0.000000000000000 ) );
#1296 = DIRECTION( '', ( 0.000000000000000, 0.000000000000000, 1.00000000000000 ) );
#1297 = SURFACE_STYLE_FILL_AREA( #2068 );
#1298 = ORIENTED_EDGE( '', *, *, #1983, .T. );
#1299 = ORIENTED_EDGE( '', *, *, #1944, .F. );
#1300 = ORIENTED_EDGE( '', *, *, #2069, .F. );
#1301 = ORIENTED_EDGE( '', *, *, #2070, .F. );
#1302 = CARTESIAN_POINT( '', ( 0.320000000000000, 6.61000000000000, -4.18000000000000 ) );
#1303 = DIRECTION( '', ( -0.707106781186547, -0.707106781186548, 0.000000000000000 ) );
#1304 = DIRECTION( '', ( 0.000000000000000, 0.000000000000000, 1.00000000000000 ) );
#1305 = SURFACE_STYLE_FILL_AREA( #2071 );
#1306 = ORIENTED_EDGE( '', *, *, #2048, .T. );
#1307 = ORIENTED_EDGE( '', *, *, #2072, .F. );
#1308 = ORIENTED_EDGE( '', *, *, #2073, .F. );
#1309 = ORIENTED_EDGE( '', *, *, #2074, .F. );
#1310 = CARTESIAN_POINT( '', ( 0.320000000000000, 0.680000000000000, 4.98000000000000 ) );
#1311 = DIRECTION( '', ( -0.707106781186546, -0.000000000000000, -0.707106781186550 ) );
#1312 = DIRECTION( '', ( 0.000000000000000, -1.00000000000000, 0.000000000000000 ) );
#1313 = SURFACE_STYLE_FILL_AREA( #2075 );
#1314 = ORIENTED_EDGE( '', *, *, #1938, .F. );
#1315 = ORIENTED_EDGE( '', *, *, #2076, .F. );
#1316 = ORIENTED_EDGE( '', *, *, #2077, .F. );
#1317 = ORIENTED_EDGE( '', *, *, #2078, .F. );
#1318 = CARTESIAN_POINT( '', ( 0.320000000000000, -0.320000000000000, 7.52000000000000 ) );
#1319 = DIRECTION( '', ( 0.000000000000000, 0.707106781186551, -0.707106781186544 ) );
#1320 = DIRECTION( '', ( -1.00000000000000, 0.000000000000000, 0.000000000000000 ) );
#1321 = SURFACE_STYLE_FILL_AREA( #2079 );
#1322 = ORIENTED_EDGE( '', *, *, #2080, .T. );
#1323 = ORIENTED_EDGE( '', *, *, #2081, .T. );
#1324 = ORIENTED_EDGE( '', *, *, #2082, .T. );
#1325 = ORIENTED_EDGE( '', *, *, #2083, .F. );
#1326 = CARTESIAN_POINT( '', ( -2.86000000000000, 0.950000000000000, -8.23380976240582 ) );
#1327 = DIRECTION( '', ( 0.000000000000000, -1.00000000000000, 0.000000000000000 ) );
#1328 = DIRECTION( '', ( 0.000000000000000, 0.000000000000000, -1.00000000000000 ) );
#1329 = SURFACE_STYLE_FILL_AREA( #2084 );
#1330 = ORIENTED_EDGE( '', *, *, #2085, .T. );
#1331 = ORIENTED_EDGE( '', *, *, #2086, .T. );
#1332 = ORIENTED_EDGE( '', *, *, #2087, .T. );
#1333 = ORIENTED_EDGE( '', *, *, #2088, .F. );
#1334 = CARTESIAN_POINT( '', ( -0.320000000000000, 0.950000000000000, -8.23380976240582 ) );
#1335 = DIRECTION( '', ( 0.000000000000000, -1.00000000000000, 0.000000000000000 ) );
#1336 = DIRECTION( '', ( 0.000000000000000, 0.000000000000000, -1.00000000000000 ) );
#1337 = SURFACE_STYLE_FILL_AREA( #2089 );
#1338 = ORIENTED_EDGE( '', *, *, #1998, .T. );
#1339 = ORIENTED_EDGE( '', *, *, #2090, .F. );
#1340 = ORIENTED_EDGE( '', *, *, #2091, .F. );
#1341 = ORIENTED_EDGE( '', *, *, #2092, .F. );
#1342 = CARTESIAN_POINT( '', ( -0.120000000000000, 4.27000000000000, -5.18000000000000 ) );
#1343 = DIRECTION( '', ( -0.707106781186547, 0.707106781186548, 0.000000000000000 ) );
#1344 = DIRECTION( '', ( 0.000000000000000, 0.000000000000000, -1.00000000000000 ) );
#1345 = SURFACE_STYLE_FILL_AREA( #2093 );
#1346 = ORIENTED_EDGE( '', *, *, #2094, .F. );
#1347 = ORIENTED_EDGE( '', *, *, #2095, .T. );
#1348 = ORIENTED_EDGE( '', *, *, #2096, .F. );
#1349 = ORIENTED_EDGE( '', *, *, #2097, .T. );
#1350 = ORIENTED_EDGE( '', *, *, #2040, .F. );
#1351 = ORIENTED_EDGE( '', *, *, #2098, .F. );
#1352 = CARTESIAN_POINT( '', ( -1.02000000000000, -2.54000000000000, -8.23380976240582 ) );
#1353 = DIRECTION( '', ( 0.894427190999916, 0.447213595499957, 0.000000000000000 ) );
#1354 = DIRECTION( '', ( -0.447213595499957, 0.894427190999916, 0.000000000000000 ) );
#1355 = SURFACE_STYLE_FILL_AREA( #2099 );
#1356 = ORIENTED_EDGE( '', *, *, #2100, .T. );
#1357 = ORIENTED_EDGE( '', *, *, #2028, .T. );
#1358 = ORIENTED_EDGE( '', *, *, #2101, .T. );
#1359 = ORIENTED_EDGE( '', *, *, #2086, .F. );
#1360 = CARTESIAN_POINT( '', ( -0.320000000000000, 1.59000000000000, -8.23380976240582 ) );
#1361 = DIRECTION( '', ( -1.00000000000000, 0.000000000000000, 0.000000000000000 ) );
#1362 = DIRECTION( '', ( 0.000000000000000, 0.000000000000000, 1.00000000000000 ) );
#1363 = SURFACE_STYLE_FILL_AREA( #2102 );
#1364 = ORIENTED_EDGE( '', *, *, #2103, .T. );
#1365 = ORIENTED_EDGE( '', *, *, #2104, .T. );
#1366 = ORIENTED_EDGE( '', *, *, #2105, .T. );
#1367 = ORIENTED_EDGE( '', *, *, #2106, .F. );
#1368 = CARTESIAN_POINT( '', ( 2.86000000000000, 0.950000000000000, -8.23380976240582 ) );
#1369 = DIRECTION( '', ( 1.00000000000000, 0.000000000000000, 0.000000000000000 ) );
#1370 = DIRECTION( '', ( 0.000000000000000, 0.000000000000000, -1.00000000000000 ) );
#1371 = SURFACE_STYLE_FILL_AREA( #2107 );
#1372 = ORIENTED_EDGE( '', *, *, #2108, .T. );
#1373 = ORIENTED_EDGE( '', *, *, #2109, .T. );
#1374 = ORIENTED_EDGE( '', *, *, #2110, .T. );
#1375 = ORIENTED_EDGE( '', *, *, #2104, .F. );
#1376 = CARTESIAN_POINT( '', ( 2.22000000000000, 0.950000000000000, -8.23380976240582 ) );
#1377 = DIRECTION( '', ( 0.000000000000000, -1.00000000000000, 0.000000000000000 ) );
#1378 = DIRECTION( '', ( 0.000000000000000, 0.000000000000000, -1.00000000000000 ) );
#1379 = SURFACE_STYLE_FILL_AREA( #2111 );
#1380 = ORIENTED_EDGE( '', *, *, #2112, .F. );
#1381 = ORIENTED_EDGE( '', *, *, #2113, .T. );
#1382 = ORIENTED_EDGE( '', *, *, #2114, .T. );
#1383 = ORIENTED_EDGE( '', *, *, #2115, .F. );
#1384 = CARTESIAN_POINT( '', ( 3.81000000000000, -2.54000000000000, 1.27000000000000 ) );
#1385 = DIRECTION( '', ( 1.00000000000000, 0.000000000000000, 0.000000000000000 ) );
#1386 = DIRECTION( '', ( 0.000000000000000, 0.000000000000000, -1.00000000000000 ) );
#1387 = SURFACE_STYLE_FILL_AREA( #2116 );
#1388 = ORIENTED_EDGE( '', *, *, #2117, .F. );
#1389 = ORIENTED_EDGE( '', *, *, #1999, .T. );
#1390 = ORIENTED_EDGE( '', *, *, #2118, .T. );
#1391 = ORIENTED_EDGE( '', *, *, #2119, .F. );
#1392 = CARTESIAN_POINT( '', ( 0.320000000000000, 4.27000000000000, -4.54000000000000 ) );
#1393 = DIRECTION( '', ( 0.000000000000000, 0.000000000000000, -1.00000000000000 ) );
#1394 = DIRECTION( '', ( -1.00000000000000, 0.000000000000000, 0.000000000000000 ) );
#1395 = SURFACE_STYLE_FILL_AREA( #2120 );
#1396 = ORIENTED_EDGE( '', *, *, #2121, .F. );
#1397 = ORIENTED_EDGE( '', *, *, #2122, .F. );
#1398 = ORIENTED_EDGE( '', *, *, #2112, .T. );
#1399 = ORIENTED_EDGE( '', *, *, #2123, .T. );
#1400 = ORIENTED_EDGE( '', *, *, #2031, .F. );
#1401 = ORIENTED_EDGE( '', *, *, #2124, .T. );
#1402 = CARTESIAN_POINT( '', ( 3.81000000000000, -2.04000000000000, -8.43540571022150 ) );
#1403 = DIRECTION( '', ( -0.894427190999916, 0.447213595499957, 0.000000000000000 ) );
#1404 = DIRECTION( '', ( -0.447213595499957, -0.894427190999916, 0.000000000000000 ) );
#1405 = SURFACE_STYLE_FILL_AREA( #2125 );
#1406 = ORIENTED_EDGE( '', *, *, #2069, .T. );
#1407 = ORIENTED_EDGE( '', *, *, #1979, .F. );
#1408 = ORIENTED_EDGE( '', *, *, #2126, .T. );
#1409 = ORIENTED_EDGE( '', *, *, #2127, .F. );
#1410 = CARTESIAN_POINT( '', ( 0.320000000000000, 6.81000000000000, -4.98000000000000 ) );
#1411 = DIRECTION( '', ( 0.000000000000000, -0.707106781186548, 0.707106781186548 ) );
#1412 = DIRECTION( '', ( -1.00000000000000, 0.000000000000000, 0.000000000000000 ) );
#1413 = SURFACE_STYLE_FILL_AREA( #2128 );
#1414 = ORIENTED_EDGE( '', *, *, #1991, .T. );
#1415 = ORIENTED_EDGE( '', *, *, #2129, .T. );
#1416 = ORIENTED_EDGE( '', *, *, #2130, .T. );
#1417 = ORIENTED_EDGE( '', *, *, #2131, .F. );
#1418 = CARTESIAN_POINT( '', ( -5.69380976240582, 2.20000000000000, -0.770000000000000 ) );
#1419 = DIRECTION( '', ( 0.000000000000000, -1.00000000000000, 0.000000000000000 ) );
#1420 = DIRECTION( '', ( 0.000000000000000, 0.000000000000000, -1.00000000000000 ) );
#1421 = SURFACE_STYLE_FILL_AREA( #2132 );
#1422 = ORIENTED_EDGE( '', *, *, #2133, .T. );
#1423 = ORIENTED_EDGE( '', *, *, #2106, .T. );
#1424 = ORIENTED_EDGE( '', *, *, #2134, .T. );
#1425 = ORIENTED_EDGE( '', *, *, #2135, .F. );
#1426 = CARTESIAN_POINT( '', ( 2.86000000000000, 1.59000000000000, -8.23380976240582 ) );
#1427 = DIRECTION( '', ( 0.000000000000000, 1.00000000000000, 0.000000000000000 ) );
#1428 = DIRECTION( '', ( 0.000000000000000, 0.000000000000000, 1.00000000000000 ) );
#1429 = SURFACE_STYLE_FILL_AREA( #2136 );
#1430 = ORIENTED_EDGE( '', *, *, #1945, .F. );
#1431 = ORIENTED_EDGE( '', *, *, #1982, .T. );
#1432 = ORIENTED_EDGE( '', *, *, #2137, .T. );
#1433 = ORIENTED_EDGE( '', *, *, #2138, .F. );
#1434 = CARTESIAN_POINT( '', ( 0.320000000000000, 6.81000000000000, -4.54000000000000 ) );
#1435 = DIRECTION( '', ( 0.000000000000000, 0.000000000000000, -1.00000000000000 ) );
#1436 = DIRECTION( '', ( -1.00000000000000, 0.000000000000000, 0.000000000000000 ) );
#1437 = SURFACE_STYLE_FILL_AREA( #2139 );
#1438 = ORIENTED_EDGE( '', *, *, #2070, .T. );
#1439 = ORIENTED_EDGE( '', *, *, #2127, .T. );
#1440 = ORIENTED_EDGE( '', *, *, #2140, .T. );
#1441 = ORIENTED_EDGE( '', *, *, #1984, .T. );
#1442 = CARTESIAN_POINT( '', ( 0.320000000000000, 6.81000000000000, -5.18000000000000 ) );
#1443 = DIRECTION( '', ( 0.000000000000000, -1.00000000000000, 0.000000000000000 ) );
#1444 = DIRECTION( '', ( 0.000000000000000, 0.000000000000000, -1.00000000000000 ) );
#1445 = SURFACE_STYLE_FILL_AREA( #2141 );
#1446 = ORIENTED_EDGE( '', *, *, #2046, .T. );
#1447 = ORIENTED_EDGE( '', *, *, #2142, .F. );
#1448 = ORIENTED_EDGE( '', *, *, #2143, .F. );
#1449 = ORIENTED_EDGE( '', *, *, #2144, .F. );
#1450 = CARTESIAN_POINT( '', ( -0.120000000000000, 0.320000000000000, 5.18000000000000 ) );
#1451 = DIRECTION( '', ( -0.707106781186546, 0.000000000000000, 0.707106781186550 ) );
#1452 = DIRECTION( '', ( 0.000000000000000, 1.00000000000000, 0.000000000000000 ) );
#1453 = SURFACE_STYLE_FILL_AREA( #2145 );
#1454 = ORIENTED_EDGE( '', *, *, #2133, .F. );
#1455 = ORIENTED_EDGE( '', *, *, #2146, .F. );
#1456 = ORIENTED_EDGE( '', *, *, #2108, .F. );
#1457 = ORIENTED_EDGE( '', *, *, #2103, .F. );
#1458 = ORIENTED_EDGE( '', *, *, #2025, .F. );
#1459 = ORIENTED_EDGE( '', *, *, #2100, .F. );
#1460 = ORIENTED_EDGE( '', *, *, #2085, .F. );
#1461 = ORIENTED_EDGE( '', *, *, #2147, .F. );
#1462 = ORIENTED_EDGE( '', *, *, #2148, .F. );
#1463 = ORIENTED_EDGE( '', *, *, #2149, .F. );
#1464 = ORIENTED_EDGE( '', *, *, #2080, .F. );
#1465 = ORIENTED_EDGE( '', *, *, #2150, .F. );
#1466 = ORIENTED_EDGE( '', *, *, #2151, .T. );
#1467 = ORIENTED_EDGE( '', *, *, #2014, .T. );
#1468 = ORIENTED_EDGE( '', *, *, #2152, .T. );
#1469 = ORIENTED_EDGE( '', *, *, #2019, .T. );
#1470 = ORIENTED_EDGE( '', *, *, #2098, .T. );
#1471 = ORIENTED_EDGE( '', *, *, #2039, .T. );
#1472 = ORIENTED_EDGE( '', *, *, #2044, .F. );
#1473 = ORIENTED_EDGE( '', *, *, #2153, .T. );
#1474 = ORIENTED_EDGE( '', *, *, #2065, .F. );
#1475 = ORIENTED_EDGE( '', *, *, #1986, .T. );
#1476 = ORIENTED_EDGE( '', *, *, #2131, .T. );
#1477 = ORIENTED_EDGE( '', *, *, #2154, .T. );
#1478 = ORIENTED_EDGE( '', *, *, #2051, .T. );
#1479 = ORIENTED_EDGE( '', *, *, #2155, .T. );
#1480 = ORIENTED_EDGE( '', *, *, #2060, .T. );
#1481 = ORIENTED_EDGE( '', *, *, #2156, .T. );
#1482 = ORIENTED_EDGE( '', *, *, #2157, .T. );
#1483 = ORIENTED_EDGE( '', *, *, #2158, .T. );
#1484 = ORIENTED_EDGE( '', *, *, #2113, .F. );
#1485 = ORIENTED_EDGE( '', *, *, #2122, .T. );
#1486 = ORIENTED_EDGE( '', *, *, #2159, .F. );
#1487 = ORIENTED_EDGE( '', *, *, #1976, .T. );
#1488 = ORIENTED_EDGE( '', *, *, #2160, .T. );
#1489 = ORIENTED_EDGE( '', *, *, #2161, .F. );
#1490 = ORIENTED_EDGE( '', *, *, #2162, .F. );
#1491 = ORIENTED_EDGE( '', *, *, #2007, .F. );
#1492 = ORIENTED_EDGE( '', *, *, #1994, .F. );
#1493 = ORIENTED_EDGE( '', *, *, #2057, .F. );
#1494 = ORIENTED_EDGE( '', *, *, #2163, .T. );
#1495 = ORIENTED_EDGE( '', *, *, #2164, .T. );
#1496 = ORIENTED_EDGE( '', *, *, #2165, .T. );
#1497 = ORIENTED_EDGE( '', *, *, #1964, .T. );
#1498 = CARTESIAN_POINT( '', ( -5.69380976240582, -2.20000000000000, -0.770000000000000 ) );
#1499 = DIRECTION( '', ( 0.000000000000000, 4.92819169311593E-017, -1.00000000000000 ) );
#1500 = DIRECTION( '', ( 0.000000000000000, 1.00000000000000, 4.92819169311593E-017 ) );
#1501 = SURFACE_STYLE_FILL_AREA( #2166 );
#1502 = ORIENTED_EDGE( '', *, *, #2154, .F. );
#1503 = ORIENTED_EDGE( '', *, *, #2130, .F. );
#1504 = ORIENTED_EDGE( '', *, *, #2167, .T. );
#1505 = ORIENTED_EDGE( '', *, *, #2168, .T. );
#1506 = ORIENTED_EDGE( '', *, *, #2169, .T. );
#1507 = ORIENTED_EDGE( '', *, *, #2052, .F. );
#1508 = CARTESIAN_POINT( '', ( -1.52000000000000, 2.54000000000000, -8.23380976240582 ) );
#1509 = DIRECTION( '', ( -0.894427190999916, -0.447213595499957, 0.000000000000000 ) );
#1510 = DIRECTION( '', ( 0.447213595499957, -0.894427190999916, 0.000000000000000 ) );
#1511 = SURFACE_STYLE_FILL_AREA( #2170 );
#1512 = ORIENTED_EDGE( '', *, *, #2171, .T. );
#1513 = ORIENTED_EDGE( '', *, *, #2172, .F. );
#1514 = ORIENTED_EDGE( '', *, *, #2173, .F. );
#1515 = ORIENTED_EDGE( '', *, *, #2164, .F. );
#1516 = CARTESIAN_POINT( '', ( 2.22000000000000, -1.59000000000000, -8.23380976240582 ) );
#1517 = DIRECTION( '', ( 1.00000000000000, 0.000000000000000, 0.000000000000000 ) );
#1518 = DIRECTION( '', ( 0.000000000000000, 0.000000000000000, -1.00000000000000 ) );
#1519 = SURFACE_STYLE_FILL_AREA( #2174 );
#1520 = ORIENTED_EDGE( '', *, *, #2175, .T. );
#1521 = ORIENTED_EDGE( '', *, *, #2176, .T. );
#1522 = ORIENTED_EDGE( '', *, *, #2177, .F. );
#1523 = ORIENTED_EDGE( '', *, *, #2178, .T. );
#1524 = CARTESIAN_POINT( '', ( 0.320000000000000, 0.320000000000000, -4.18000000000000 ) );
#1525 = DIRECTION( '', ( 0.000000000000000, -1.00000000000000, 0.000000000000000 ) );
#1526 = DIRECTION( '', ( 0.000000000000000, 0.000000000000000, -1.00000000000000 ) );
#1527 = SURFACE_STYLE_FILL_AREA( #2179 );
#1528 = ORIENTED_EDGE( '', *, *, #2150, .T. );
#1529 = ORIENTED_EDGE( '', *, *, #2083, .T. );
#1530 = ORIENTED_EDGE( '', *, *, #2180, .T. );
#1531 = ORIENTED_EDGE( '', *, *, #2181, .F. );
#1532 = CARTESIAN_POINT( '', ( -2.22000000000000, 0.950000000000000, -8.23380976240582 ) );
#1533 = DIRECTION( '', ( 1.00000000000000, 0.000000000000000, 0.000000000000000 ) );
#1534 = DIRECTION( '', ( 0.000000000000000, 0.000000000000000, -1.00000000000000 ) );
#1535 = SURFACE_STYLE_FILL_AREA( #2182 );
#1536 = ORIENTED_EDGE( '', *, *, #2158, .F. );
#1537 = ORIENTED_EDGE( '', *, *, #2183, .F. );
#1538 = ORIENTED_EDGE( '', *, *, #2184, .T. );
#1539 = ORIENTED_EDGE( '', *, *, #1966, .T. );
#1540 = ORIENTED_EDGE( '', *, *, #2185, .T. );
#1541 = ORIENTED_EDGE( '', *, *, #2114, .F. );
#1542 = CARTESIAN_POINT( '', ( 3.56000000000000, 2.54000000000000, -8.43540571022150 ) );
#1543 = DIRECTION( '', ( -0.894427190999916, -0.447213595499957, 0.000000000000000 ) );
#1544 = DIRECTION( '', ( 0.447213595499957, -0.894427190999916, 0.000000000000000 ) );
#1545 = SURFACE_STYLE_FILL_AREA( #2186 );
#1546 = ORIENTED_EDGE( '', *, *, #1958, .T. );
#1547 = ORIENTED_EDGE( '', *, *, #2187, .F. );
#1548 = ORIENTED_EDGE( '', *, *, #2091, .T. );
#1549 = ORIENTED_EDGE( '', *, *, #2188, .F. );
#1550 = CARTESIAN_POINT( '', ( 0.320000000000000, 4.27000000000000, -4.98000000000000 ) );
#1551 = DIRECTION( '', ( 0.000000000000000, -0.707106781186548, 0.707106781186548 ) );
#1552 = DIRECTION( '', ( -1.00000000000000, 0.000000000000000, 0.000000000000000 ) );
#1553 = SURFACE_STYLE_FILL_AREA( #2189 );
#1554 = ORIENTED_EDGE( '', *, *, #2190, .F. );
#1555 = ORIENTED_EDGE( '', *, *, #2191, .T. );
#1556 = ORIENTED_EDGE( '', *, *, #2192, .F. );
#1557 = ORIENTED_EDGE( '', *, *, #2096, .T. );
#1558 = CARTESIAN_POINT( '', ( 0.000000000000000, -2.54000000000000, 0.000000000000000 ) );
#1559 = DIRECTION( '', ( 0.000000000000000, 1.00000000000000, 0.000000000000000 ) );
#1560 = DIRECTION( '', ( 0.000000000000000, 0.000000000000000, 1.00000000000000 ) );
#1561 = SURFACE_STYLE_FILL_AREA( #2193 );
#1562 = ORIENTED_EDGE( '', *, *, #2168, .F. );
#1563 = ORIENTED_EDGE( '', *, *, #2194, .T. );
#1564 = ORIENTED_EDGE( '', *, *, #1989, .F. );
#1565 = ORIENTED_EDGE( '', *, *, #2195, .T. );
#1566 = CARTESIAN_POINT( '', ( 0.000000000000000, 2.54000000000000, 0.000000000000000 ) );
#1567 = DIRECTION( '', ( 0.000000000000000, 1.00000000000000, 0.000000000000000 ) );
#1568 = DIRECTION( '', ( 0.000000000000000, 0.000000000000000, 1.00000000000000 ) );
#1569 = SURFACE_STYLE_FILL_AREA( #2196 );
#1570 = ORIENTED_EDGE( '', *, *, #2184, .F. );
#1571 = ORIENTED_EDGE( '', *, *, #2197, .F. );
#1572 = ORIENTED_EDGE( '', *, *, #2198, .F. );
#1573 = ORIENTED_EDGE( '', *, *, #1967, .F. );
#1574 = CARTESIAN_POINT( '', ( 3.81000000000000, -2.54000000000000, -1.27000000000000 ) );
#1575 = DIRECTION( '', ( 0.000000000000000, 0.000000000000000, -1.00000000000000 ) );
#1576 = DIRECTION( '', ( -1.00000000000000, 0.000000000000000, 0.000000000000000 ) );
#1577 = SURFACE_STYLE_FILL_AREA( #2199 );
#1578 = ORIENTED_EDGE( '', *, *, #2095, .F. );
#1579 = ORIENTED_EDGE( '', *, *, #2200, .T. );
#1580 = ORIENTED_EDGE( '', *, *, #2201, .F. );
#1581 = ORIENTED_EDGE( '', *, *, #2190, .T. );
#1582 = CARTESIAN_POINT( '', ( 3.81000000000000, -2.54000000000000, -1.27000000000000 ) );
#1583 = DIRECTION( '', ( 0.000000000000000, 0.000000000000000, -1.00000000000000 ) );
#1584 = DIRECTION( '', ( -1.00000000000000, 0.000000000000000, 0.000000000000000 ) );
#1585 = SURFACE_STYLE_FILL_AREA( #2202 );
#1586 = ORIENTED_EDGE( '', *, *, #2203, .T. );
#1587 = ORIENTED_EDGE( '', *, *, #2204, .F. );
#1588 = ORIENTED_EDGE( '', *, *, #1940, .T. );
#1589 = ORIENTED_EDGE( '', *, *, #2205, .F. );
#1590 = CARTESIAN_POINT( '', ( 0.320000000000000, 0.120000000000002, 7.72000000000000 ) );
#1591 = DIRECTION( '', ( -0.000000000000000, -0.707106781186552, -0.707106781186543 ) );
#1592 = DIRECTION( '', ( -1.00000000000000, 0.000000000000000, 0.000000000000000 ) );
#1593 = SURFACE_STYLE_FILL_AREA( #2206 );
#1594 = ORIENTED_EDGE( '', *, *, #2207, .F. );
#1595 = ORIENTED_EDGE( '', *, *, #2047, .T. );
#1596 = ORIENTED_EDGE( '', *, *, #2208, .T. );
#1597 = ORIENTED_EDGE( '', *, *, #2209, .F. );
#1598 = CARTESIAN_POINT( '', ( 0.320000000000000, -0.320000000000000, -4.18000000000000 ) );
#1599 = DIRECTION( '', ( 0.000000000000000, 1.00000000000000, 0.000000000000000 ) );
#1600 = DIRECTION( '', ( 0.000000000000000, 0.000000000000000, 1.00000000000000 ) );
#1601 = SURFACE_STYLE_FILL_AREA( #2210 );
#1602 = ORIENTED_EDGE( '', *, *, #2074, .T. );
#1603 = ORIENTED_EDGE( '', *, *, #2211, .T. );
#1604 = ORIENTED_EDGE( '', *, *, #2142, .T. );
#1605 = ORIENTED_EDGE( '', *, *, #2049, .T. );
#1606 = CARTESIAN_POINT( '', ( 0.320000000000000, 0.320000000000000, 5.18000000000000 ) );
#1607 = DIRECTION( '', ( 0.000000000000000, 0.000000000000000, -1.00000000000000 ) );
#1608 = DIRECTION( '', ( -1.00000000000000, 0.000000000000000, 0.000000000000000 ) );
#1609 = SURFACE_STYLE_FILL_AREA( #2212 );
#1610 = ORIENTED_EDGE( '', *, *, #2148, .T. );
#1611 = ORIENTED_EDGE( '', *, *, #2181, .T. );
#1612 = ORIENTED_EDGE( '', *, *, #2213, .T. );
#1613 = ORIENTED_EDGE( '', *, *, #2214, .F. );
#1614 = CARTESIAN_POINT( '', ( -2.22000000000000, 1.59000000000000, -8.23380976240582 ) );
#1615 = DIRECTION( '', ( 0.000000000000000, 1.00000000000000, 0.000000000000000 ) );
#1616 = DIRECTION( '', ( 0.000000000000000, 0.000000000000000, 1.00000000000000 ) );
#1617 = SURFACE_STYLE_FILL_AREA( #2215 );
#1618 = ORIENTED_EDGE( '', *, *, #2137, .F. );
#1619 = ORIENTED_EDGE( '', *, *, #2216, .T. );
#1620 = ORIENTED_EDGE( '', *, *, #1978, .F. );
#1621 = ORIENTED_EDGE( '', *, *, #1952, .F. );
#1622 = ORIENTED_EDGE( '', *, *, #2217, .F. );
#1623 = ORIENTED_EDGE( '', *, *, #1941, .T. );
#1624 = ORIENTED_EDGE( '', *, *, #2218, .F. );
#1625 = ORIENTED_EDGE( '', *, *, #2219, .F. );
#1626 = CARTESIAN_POINT( '', ( -0.320000000000000, 0.680000000000000, -4.18000000000000 ) );
#1627 = DIRECTION( '', ( -1.00000000000000, 0.000000000000000, 0.000000000000000 ) );
#1628 = DIRECTION( '', ( 0.000000000000000, 0.000000000000000, 1.00000000000000 ) );
#1629 = SURFACE_STYLE_FILL_AREA( #2220 );
#1630 = ORIENTED_EDGE( '', *, *, #1959, .T. );
#1631 = ORIENTED_EDGE( '', *, *, #2188, .T. );
#1632 = ORIENTED_EDGE( '', *, *, #2090, .T. );
#1633 = ORIENTED_EDGE( '', *, *, #2000, .T. );
#1634 = CARTESIAN_POINT( '', ( 0.320000000000000, 4.27000000000000, -5.18000000000000 ) );
#1635 = DIRECTION( '', ( 0.000000000000000, -1.00000000000000, 0.000000000000000 ) );
#1636 = DIRECTION( '', ( 0.000000000000000, 0.000000000000000, -1.00000000000000 ) );
#1637 = SURFACE_STYLE_FILL_AREA( #2221 );
#1638 = ORIENTED_EDGE( '', *, *, #2134, .F. );
#1639 = ORIENTED_EDGE( '', *, *, #2105, .F. );
#1640 = ORIENTED_EDGE( '', *, *, #2110, .F. );
#1641 = ORIENTED_EDGE( '', *, *, #2222, .F. );
#1642 = ORIENTED_EDGE( '', *, *, #2027, .F. );
#1643 = ORIENTED_EDGE( '', *, *, #2223, .F. );
#1644 = ORIENTED_EDGE( '', *, *, #2087, .F. );
#1645 = ORIENTED_EDGE( '', *, *, #2101, .F. );
#1646 = ORIENTED_EDGE( '', *, *, #2213, .F. );
#1647 = ORIENTED_EDGE( '', *, *, #2180, .F. );
#1648 = ORIENTED_EDGE( '', *, *, #2082, .F. );
#1649 = ORIENTED_EDGE( '', *, *, #2224, .F. );
#1650 = ORIENTED_EDGE( '', *, *, #2225, .T. );
#1651 = ORIENTED_EDGE( '', *, *, #2012, .T. );
#1652 = ORIENTED_EDGE( '', *, *, #2226, .T. );
#1653 = ORIENTED_EDGE( '', *, *, #2017, .T. );
#1654 = ORIENTED_EDGE( '', *, *, #2185, .F. );
#1655 = ORIENTED_EDGE( '', *, *, #1969, .F. );
#1656 = ORIENTED_EDGE( '', *, *, #2227, .F. );
#1657 = ORIENTED_EDGE( '', *, *, #2062, .F. );
#1658 = ORIENTED_EDGE( '', *, *, #2036, .F. );
#1659 = ORIENTED_EDGE( '', *, *, #2053, .F. );
#1660 = ORIENTED_EDGE( '', *, *, #2169, .F. );
#1661 = ORIENTED_EDGE( '', *, *, #2195, .F. );
#1662 = ORIENTED_EDGE( '', *, *, #1988, .F. );
#1663 = ORIENTED_EDGE( '', *, *, #2067, .F. );
#1664 = ORIENTED_EDGE( '', *, *, #2228, .F. );
#1665 = ORIENTED_EDGE( '', *, *, #2004, .T. );
#1666 = ORIENTED_EDGE( '', *, *, #2041, .F. );
#1667 = ORIENTED_EDGE( '', *, *, #2097, .F. );
#1668 = ORIENTED_EDGE( '', *, *, #2192, .T. );
#1669 = ORIENTED_EDGE( '', *, *, #2229, .F. );
#1670 = ORIENTED_EDGE( '', *, *, #1974, .F. );
#1671 = ORIENTED_EDGE( '', *, *, #2032, .T. );
#1672 = ORIENTED_EDGE( '', *, *, #2123, .F. );
#1673 = ORIENTED_EDGE( '', *, *, #2115, .T. );
#1674 = ORIENTED_EDGE( '', *, *, #2230, .T. );
#1675 = ORIENTED_EDGE( '', *, *, #2058, .T. );
#1676 = ORIENTED_EDGE( '', *, *, #1996, .T. );
#1677 = ORIENTED_EDGE( '', *, *, #2009, .T. );
#1678 = ORIENTED_EDGE( '', *, *, #2231, .T. );
#1679 = ORIENTED_EDGE( '', *, *, #2172, .T. );
#1680 = ORIENTED_EDGE( '', *, *, #2232, .T. );
#1681 = ORIENTED_EDGE( '', *, *, #1962, .T. );
#1682 = CARTESIAN_POINT( '', ( -3.81000000000000, -2.54000000000000, 1.27000000000000 ) );
#1683 = DIRECTION( '', ( 0.000000000000000, 0.000000000000000, 1.00000000000000 ) );
#1684 = DIRECTION( '', ( 1.00000000000000, 0.000000000000000, 0.000000000000000 ) );
#1685 = SURFACE_STYLE_FILL_AREA( #2233 );
#1686 = ORIENTED_EDGE( '', *, *, #2234, .F. );
#1687 = ORIENTED_EDGE( '', *, *, #2160, .F. );
#1688 = ORIENTED_EDGE( '', *, *, #1975, .T. );
#1689 = ORIENTED_EDGE( '', *, *, #2229, .T. );
#1690 = ORIENTED_EDGE( '', *, *, #2191, .F. );
#1691 = ORIENTED_EDGE( '', *, *, #2201, .T. );
#1692 = CARTESIAN_POINT( '', ( 1.27000000000000, -2.04000000000000, -8.23380976240582 ) );
#1693 = DIRECTION( '', ( -0.894427190999916, 0.447213595499957, 0.000000000000000 ) );
#1694 = DIRECTION( '', ( -0.447213595499957, -0.894427190999916, 0.000000000000000 ) );
#1695 = SURFACE_STYLE_FILL_AREA( #2235 );
#1696 = ORIENTED_EDGE( '', *, *, #2013, .T. );
#1697 = ORIENTED_EDGE( '', *, *, #2225, .F. );
#1698 = ORIENTED_EDGE( '', *, *, #2016, .F. );
#1699 = ORIENTED_EDGE( '', *, *, #2152, .F. );
#1700 = CARTESIAN_POINT( '', ( 0.320000000000000, -1.59000000000000, -8.23380976240582 ) );
#1701 = DIRECTION( '', ( 0.000000000000000, 1.00000000000000, 0.000000000000000 ) );
#1702 = DIRECTION( '', ( 0.000000000000000, 0.000000000000000, 1.00000000000000 ) );
#1703 = SURFACE_STYLE_FILL_AREA( #2236 );
#1704 = ORIENTED_EDGE( '', *, *, #1971, .T. );
#1705 = ORIENTED_EDGE( '', *, *, #2159, .T. );
#1706 = ORIENTED_EDGE( '', *, *, #2121, .T. );
#1707 = ORIENTED_EDGE( '', *, *, #2237, .F. );
#1708 = CARTESIAN_POINT( '', ( -5.69380976240582, -2.20000000000000, -1.27000000000000 ) );
#1709 = DIRECTION( '', ( 0.000000000000000, 1.00000000000000, 0.000000000000000 ) );
#1710 = DIRECTION( '', ( 0.000000000000000, 0.000000000000000, 1.00000000000000 ) );
#1711 = SURFACE_STYLE_FILL_AREA( #2238 );
#1712 = ORIENTED_EDGE( '', *, *, #2239, .T. );
#1713 = ORIENTED_EDGE( '', *, *, #2240, .F. );
#1714 = ORIENTED_EDGE( '', *, *, #2241, .F. );
#1715 = ORIENTED_EDGE( '', *, *, #2209, .T. );
#1716 = CARTESIAN_POINT( '', ( 0.320000000000000, 0.680000000000000, -4.18000000000000 ) );
#1717 = DIRECTION( '', ( 1.00000000000000, -0.000000000000000, -0.000000000000000 ) );
#1718 = DIRECTION( '', ( 0.000000000000000, 0.000000000000000, 1.00000000000000 ) );
#1719 = SURFACE_STYLE_FILL_AREA( #2242 );
#1720 = ORIENTED_EDGE( '', *, *, #2167, .F. );
#1721 = ORIENTED_EDGE( '', *, *, #2129, .F. );
#1722 = ORIENTED_EDGE( '', *, *, #1990, .F. );
#1723 = ORIENTED_EDGE( '', *, *, #2194, .F. );
#1724 = CARTESIAN_POINT( '', ( 3.81000000000000, -2.54000000000000, -1.27000000000000 ) );
#1725 = DIRECTION( '', ( 0.000000000000000, 0.000000000000000, -1.00000000000000 ) );
#1726 = DIRECTION( '', ( -1.00000000000000, 0.000000000000000, 0.000000000000000 ) );
#1727 = SURFACE_STYLE_FILL_AREA( #2243 );
#1728 = ORIENTED_EDGE( '', *, *, #2219, .T. );
#1729 = ORIENTED_EDGE( '', *, *, #2244, .F. );
#1730 = ORIENTED_EDGE( '', *, *, #1946, .F. );
#1731 = ORIENTED_EDGE( '', *, *, #2138, .T. );
#1732 = CARTESIAN_POINT( '', ( 0.320000000000000, 0.680000000000000, -4.18000000000000 ) );
#1733 = DIRECTION( '', ( 1.00000000000000, -0.000000000000000, -0.000000000000000 ) );
#1734 = DIRECTION( '', ( 0.000000000000000, 0.000000000000000, 1.00000000000000 ) );
#1735 = SURFACE_STYLE_FILL_AREA( #2245 );
#1736 = ORIENTED_EDGE( '', *, *, #2054, .T. );
#1737 = ORIENTED_EDGE( '', *, *, #1934, .T. );
#1738 = ORIENTED_EDGE( '', *, *, #2061, .T. );
#1739 = ORIENTED_EDGE( '', *, *, #2155, .F. );
#1740 = CARTESIAN_POINT( '', ( -5.69380976240582, 2.20000000000000, -0.770000000000000 ) );
#1741 = DIRECTION( '', ( 0.000000000000000, -1.00000000000000, 0.000000000000000 ) );
#1742 = DIRECTION( '', ( 0.000000000000000, 0.000000000000000, -1.00000000000000 ) );
#1743 = SURFACE_STYLE_FILL_AREA( #2246 );
#1744 = ORIENTED_EDGE( '', *, *, #2247, .T. );
#1745 = ORIENTED_EDGE( '', *, *, #2178, .F. );
#1746 = ORIENTED_EDGE( '', *, *, #2248, .F. );
#1747 = ORIENTED_EDGE( '', *, *, #2119, .T. );
#1748 = CARTESIAN_POINT( '', ( 0.320000000000000, 0.680000000000000, -4.18000000000000 ) );
#1749 = DIRECTION( '', ( 1.00000000000000, -0.000000000000000, -0.000000000000000 ) );
#1750 = DIRECTION( '', ( 0.000000000000000, 0.000000000000000, 1.00000000000000 ) );
#1751 = SURFACE_STYLE_FILL_AREA( #2249 );
#1752 = ORIENTED_EDGE( '', *, *, #2018, .T. );
#1753 = ORIENTED_EDGE( '', *, *, #2226, .F. );
#1754 = ORIENTED_EDGE( '', *, *, #2011, .F. );
#1755 = ORIENTED_EDGE( '', *, *, #2151, .F. );
#1756 = CARTESIAN_POINT( '', ( -0.320000000000000, -0.950000000000000, -8.23380976240582 ) );
#1757 = DIRECTION( '', ( 0.000000000000000, -1.00000000000000, 0.000000000000000 ) );
#1758 = DIRECTION( '', ( 0.000000000000000, 0.000000000000000, -1.00000000000000 ) );
#1759 = SURFACE_STYLE_FILL_AREA( #2250 );
#1760 = ORIENTED_EDGE( '', *, *, #2156, .F. );
#1761 = ORIENTED_EDGE( '', *, *, #2063, .T. );
#1762 = ORIENTED_EDGE( '', *, *, #2227, .T. );
#1763 = ORIENTED_EDGE( '', *, *, #1968, .T. );
#1764 = ORIENTED_EDGE( '', *, *, #2198, .T. );
#1765 = ORIENTED_EDGE( '', *, *, #2251, .F. );
#1766 = CARTESIAN_POINT( '', ( 1.27000000000000, 2.04000000000000, -8.23380976240582 ) );
#1767 = DIRECTION( '', ( 0.894427190999916, -0.447213595499957, 0.000000000000000 ) );
#1768 = DIRECTION( '', ( 0.447213595499957, 0.894427190999916, 0.000000000000000 ) );
#1769 = SURFACE_STYLE_FILL_AREA( #2252 );
#1770 = ORIENTED_EDGE( '', *, *, #1963, .T. );
#1771 = ORIENTED_EDGE( '', *, *, #2232, .F. );
#1772 = ORIENTED_EDGE( '', *, *, #2171, .F. );
#1773 = ORIENTED_EDGE( '', *, *, #2163, .F. );
#1774 = CARTESIAN_POINT( '', ( 2.22000000000000, -0.950000000000000, -8.23380976240582 ) );
#1775 = DIRECTION( '', ( 0.000000000000000, -1.00000000000000, 0.000000000000000 ) );
#1776 = DIRECTION( '', ( 0.000000000000000, 0.000000000000000, -1.00000000000000 ) );
#1777 = SURFACE_STYLE_FILL_AREA( #2253 );
#1778 = ORIENTED_EDGE( '', *, *, #2094, .T. );
#1779 = ORIENTED_EDGE( '', *, *, #2161, .T. );
#1780 = ORIENTED_EDGE( '', *, *, #2234, .T. );
#1781 = ORIENTED_EDGE( '', *, *, #2200, .F. );
#1782 = CARTESIAN_POINT( '', ( -5.69380976240582, -2.20000000000000, -1.27000000000000 ) );
#1783 = DIRECTION( '', ( 0.000000000000000, 1.00000000000000, 0.000000000000000 ) );
#1784 = DIRECTION( '', ( 0.000000000000000, 0.000000000000000, 1.00000000000000 ) );
#1785 = SURFACE_STYLE_FILL_AREA( #2254 );
#1786 = ORIENTED_EDGE( '', *, *, #2008, .F. );
#1787 = ORIENTED_EDGE( '', *, *, #2162, .T. );
#1788 = ORIENTED_EDGE( '', *, *, #2056, .T. );
#1789 = ORIENTED_EDGE( '', *, *, #2230, .F. );
#1790 = CARTESIAN_POINT( '', ( -2.22000000000000, -1.59000000000000, -8.23380976240582 ) );
#1791 = DIRECTION( '', ( 0.000000000000000, 1.00000000000000, 0.000000000000000 ) );
#1792 = DIRECTION( '', ( 0.000000000000000, 0.000000000000000, 1.00000000000000 ) );
#1793 = SURFACE_STYLE_FILL_AREA( #2255 );
#1794 = ORIENTED_EDGE( '', *, *, #2146, .T. );
#1795 = ORIENTED_EDGE( '', *, *, #2135, .T. );
#1796 = ORIENTED_EDGE( '', *, *, #2222, .T. );
#1797 = ORIENTED_EDGE( '', *, *, #2109, .F. );
#1798 = CARTESIAN_POINT( '', ( 2.22000000000000, 1.59000000000000, -8.23380976240582 ) );
#1799 = DIRECTION( '', ( -1.00000000000000, 0.000000000000000, 0.000000000000000 ) );
#1800 = DIRECTION( '', ( 0.000000000000000, 0.000000000000000, 1.00000000000000 ) );
#1801 = SURFACE_STYLE_FILL_AREA( #2256 );
#1802 = ORIENTED_EDGE( '', *, *, #2073, .T. );
#1803 = ORIENTED_EDGE( '', *, *, #2176, .F. );
#1804 = ORIENTED_EDGE( '', *, *, #2143, .T. );
#1805 = ORIENTED_EDGE( '', *, *, #2211, .F. );
#1806 = CARTESIAN_POINT( '', ( 0.320000000000000, 0.120000000000000, 5.18000000000000 ) );
#1807 = DIRECTION( '', ( -0.000000000000000, -0.707106781186548, -0.707106781186547 ) );
#1808 = DIRECTION( '', ( -1.00000000000000, 0.000000000000000, 0.000000000000000 ) );
#1809 = SURFACE_STYLE_FILL_AREA( #2257 );
#1810 = ORIENTED_EDGE( '', *, *, #1949, .F. );
#1811 = ORIENTED_EDGE( '', *, *, #2076, .T. );
#1812 = ORIENTED_EDGE( '', *, *, #2217, .T. );
#1813 = ORIENTED_EDGE( '', *, *, #1954, .F. );
#1814 = CARTESIAN_POINT( '', ( 0.320000000000000, -0.320000000000000, -4.18000000000000 ) );
#1815 = DIRECTION( '', ( 0.000000000000000, 1.00000000000000, -7.28875410074289E-017 ) );
#1816 = DIRECTION( '', ( 0.000000000000000, 7.28875410074289E-017, 1.00000000000000 ) );
#1817 = SURFACE_STYLE_FILL_AREA( #2258 );
#1818 = ORIENTED_EDGE( '', *, *, #1972, .F. );
#1819 = ORIENTED_EDGE( '', *, *, #2237, .T. );
#1820 = ORIENTED_EDGE( '', *, *, #2124, .F. );
#1821 = ORIENTED_EDGE( '', *, *, #2030, .T. );
#1822 = CARTESIAN_POINT( '', ( 3.81000000000000, -2.54000000000000, -1.27000000000000 ) );
#1823 = DIRECTION( '', ( 0.000000000000000, 0.000000000000000, -1.00000000000000 ) );
#1824 = DIRECTION( '', ( -1.00000000000000, 0.000000000000000, 0.000000000000000 ) );
#1825 = SURFACE_STYLE_FILL_AREA( #2259 );
#1826 = ORIENTED_EDGE( '', *, *, #2077, .T. );
#1827 = ORIENTED_EDGE( '', *, *, #1948, .F. );
#1828 = ORIENTED_EDGE( '', *, *, #2203, .F. );
#1829 = ORIENTED_EDGE( '', *, *, #2260, .F. );
#1830 = CARTESIAN_POINT( '', ( 0.320000000000000, 0.680000000000000, 7.52000000000000 ) );
#1831 = DIRECTION( '', ( -0.707106781186548, -4.79154192713554E-016, -0.707106781186547 ) );
#1832 = DIRECTION( '', ( -4.88082783557894E-031, -1.00000000000000, 6.77626357803441E-016 ) );
#1833 = SURFACE_STYLE_FILL_AREA( #2261 );
#1834 = ORIENTED_EDGE( '', *, *, #2218, .T. );
#1835 = ORIENTED_EDGE( '', *, *, #2204, .T. );
#1836 = ORIENTED_EDGE( '', *, *, #1947, .F. );
#1837 = ORIENTED_EDGE( '', *, *, #2244, .T. );
#1838 = CARTESIAN_POINT( '', ( 0.320000000000000, 0.320000000000000, -4.18000000000000 ) );
#1839 = DIRECTION( '', ( 0.000000000000000, -1.00000000000000, 7.28875410074289E-017 ) );
#1840 = DIRECTION( '', ( 0.000000000000000, -7.28875410074289E-017, -1.00000000000000 ) );
#1841 = SURFACE_STYLE_FILL_AREA( #2262 );
#1842 = ORIENTED_EDGE( '', *, *, #2043, .F. );
#1843 = ORIENTED_EDGE( '', *, *, #2021, .T. );
#1844 = ORIENTED_EDGE( '', *, *, #2005, .F. );
#1845 = ORIENTED_EDGE( '', *, *, #2228, .T. );
#1846 = ORIENTED_EDGE( '', *, *, #2066, .F. );
#1847 = ORIENTED_EDGE( '', *, *, #2153, .F. );
#1848 = CARTESIAN_POINT( '', ( -3.56000000000000, -2.54000000000000, -8.43540571022150 ) );
#1849 = DIRECTION( '', ( 0.894427190999916, 0.447213595499957, 0.000000000000000 ) );
#1850 = DIRECTION( '', ( -0.447213595499957, 0.894427190999916, 0.000000000000000 ) );
#1851 = SURFACE_STYLE_FILL_AREA( #2263 );
#1852 = ORIENTED_EDGE( '', *, *, #2251, .T. );
#1853 = ORIENTED_EDGE( '', *, *, #2197, .T. );
#1854 = ORIENTED_EDGE( '', *, *, #2183, .T. );
#1855 = ORIENTED_EDGE( '', *, *, #2157, .F. );
#1856 = CARTESIAN_POINT( '', ( -5.69380976240582, 2.20000000000000, -0.770000000000000 ) );
#1857 = DIRECTION( '', ( 0.000000000000000, -1.00000000000000, 0.000000000000000 ) );
#1858 = DIRECTION( '', ( 0.000000000000000, 0.000000000000000, -1.00000000000000 ) );
#1859 = SURFACE_STYLE_FILL_AREA( #2264 );
#1860 = ORIENTED_EDGE( '', *, *, #2173, .T. );
#1861 = ORIENTED_EDGE( '', *, *, #2231, .F. );
#1862 = ORIENTED_EDGE( '', *, *, #1961, .F. );
#1863 = ORIENTED_EDGE( '', *, *, #2165, .F. );
#1864 = CARTESIAN_POINT( '', ( 2.86000000000000, -1.59000000000000, -8.23380976240582 ) );
#1865 = DIRECTION( '', ( 0.000000000000000, 1.00000000000000, 0.000000000000000 ) );
#1866 = DIRECTION( '', ( 0.000000000000000, 0.000000000000000, 1.00000000000000 ) );
#1867 = SURFACE_STYLE_FILL_AREA( #2265 );
#1868 = ORIENTED_EDGE( '', *, *, #2149, .T. );
#1869 = ORIENTED_EDGE( '', *, *, #2214, .T. );
#1870 = ORIENTED_EDGE( '', *, *, #2224, .T. );
#1871 = ORIENTED_EDGE( '', *, *, #2081, .F. );
#1872 = CARTESIAN_POINT( '', ( -2.86000000000000, 1.59000000000000, -8.23380976240582 ) );
#1873 = DIRECTION( '', ( -1.00000000000000, 0.000000000000000, 0.000000000000000 ) );
#1874 = DIRECTION( '', ( 0.000000000000000, 0.000000000000000, 1.00000000000000 ) );
#1875 = SURFACE_STYLE_FILL_AREA( #2266 );
#1876 = ORIENTED_EDGE( '', *, *, #1981, .T. );
#1877 = ORIENTED_EDGE( '', *, *, #2140, .F. );
#1878 = ORIENTED_EDGE( '', *, *, #2126, .F. );
#1879 = ORIENTED_EDGE( '', *, *, #2216, .F. );
#1880 = CARTESIAN_POINT( '', ( -0.120000000000000, 6.81000000000000, -5.18000000000000 ) );
#1881 = DIRECTION( '', ( -0.707106781186547, 0.707106781186548, 0.000000000000000 ) );
#1882 = DIRECTION( '', ( 0.000000000000000, 0.000000000000000, -1.00000000000000 ) );
#1883 = SURFACE_STYLE_FILL_AREA( #2267 );
#1884 = ORIENTED_EDGE( '', *, *, #2268, .T. );
#1885 = ORIENTED_EDGE( '', *, *, #2187, .T. );
#1886 = ORIENTED_EDGE( '', *, *, #2269, .F. );
#1887 = ORIENTED_EDGE( '', *, *, #2240, .T. );
#1888 = CARTESIAN_POINT( '', ( 0.320000000000000, 4.27000000000000, -5.18000000000000 ) );
#1889 = DIRECTION( '', ( 0.000000000000000, 0.000000000000000, 1.00000000000000 ) );
#1890 = DIRECTION( '', ( 1.00000000000000, 0.000000000000000, 0.000000000000000 ) );
#1891 = SURFACE_STYLE_FILL_AREA( #2270 );
#1892 = ORIENTED_EDGE( '', *, *, #2118, .F. );
#1893 = ORIENTED_EDGE( '', *, *, #2092, .T. );
#1894 = ORIENTED_EDGE( '', *, *, #2268, .F. );
#1895 = ORIENTED_EDGE( '', *, *, #2239, .F. );
#1896 = ORIENTED_EDGE( '', *, *, #2208, .F. );
#1897 = ORIENTED_EDGE( '', *, *, #2144, .T. );
#1898 = ORIENTED_EDGE( '', *, *, #2175, .F. );
#1899 = ORIENTED_EDGE( '', *, *, #2247, .F. );
#1900 = CARTESIAN_POINT( '', ( -0.320000000000000, 0.680000000000000, -4.18000000000000 ) );
#1901 = DIRECTION( '', ( -1.00000000000000, 0.000000000000000, 0.000000000000000 ) );
#1902 = DIRECTION( '', ( 0.000000000000000, 0.000000000000000, 1.00000000000000 ) );
#1903 = SURFACE_STYLE_FILL_AREA( #2271 );
#1904 = ORIENTED_EDGE( '', *, *, #2269, .T. );
#1905 = ORIENTED_EDGE( '', *, *, #1957, .T. );
#1906 = ORIENTED_EDGE( '', *, *, #2117, .T. );
#1907 = ORIENTED_EDGE( '', *, *, #2248, .T. );
#1908 = ORIENTED_EDGE( '', *, *, #2177, .T. );
#1909 = ORIENTED_EDGE( '', *, *, #2072, .T. );
#1910 = ORIENTED_EDGE( '', *, *, #2207, .T. );
#1911 = ORIENTED_EDGE( '', *, *, #2241, .T. );
#1912 = CARTESIAN_POINT( '', ( 0.320000000000000, 0.680000000000000, -4.18000000000000 ) );
#1913 = DIRECTION( '', ( -1.00000000000000, 0.000000000000000, 0.000000000000000 ) );
#1914 = DIRECTION( '', ( 0.000000000000000, 0.000000000000000, 1.00000000000000 ) );
#1915 = SURFACE_STYLE_FILL_AREA( #2272 );
#1916 = ORIENTED_EDGE( '', *, *, #2147, .T. );
#1917 = ORIENTED_EDGE( '', *, *, #2088, .T. );
#1918 = ORIENTED_EDGE( '', *, *, #2223, .T. );
#1919 = ORIENTED_EDGE( '', *, *, #2026, .F. );
#1920 = CARTESIAN_POINT( '', ( 0.320000000000000, 0.950000000000000, -8.23380976240582 ) );
#1921 = DIRECTION( '', ( 1.00000000000000, 0.000000000000000, 0.000000000000000 ) );
#1922 = DIRECTION( '', ( 0.000000000000000, 0.000000000000000, -1.00000000000000 ) );
#1923 = SURFACE_STYLE_FILL_AREA( #2273 );
#1924 = ORIENTED_EDGE( '', *, *, #2260, .T. );
#1925 = ORIENTED_EDGE( '', *, *, #2205, .T. );
#1926 = ORIENTED_EDGE( '', *, *, #1939, .T. );
#1927 = ORIENTED_EDGE( '', *, *, #2078, .T. );
#1928 = CARTESIAN_POINT( '', ( 0.320000000000000, 0.320000000000000, 7.72000000000000 ) );
#1929 = DIRECTION( '', ( 0.000000000000000, -6.77626357803440E-016, -1.00000000000000 ) );
#1930 = DIRECTION( '', ( 0.000000000000000, 1.00000000000000, -6.77626357803440E-016 ) );
#1932 = FILL_AREA_STYLE( '', ( #2274 ) );
#1933 = EDGE_CURVE( '', #2275, #2276, #2277, .T. );
#1934 = EDGE_CURVE( '', #2278, #2275, #2279, .T. );
#1935 = EDGE_CURVE( '', #2280, #2278, #2281, .T. );
#1936 = EDGE_CURVE( '', #2276, #2280, #2282, .T. );
#1937 = FILL_AREA_STYLE( '', ( #2283 ) );
#1938 = EDGE_CURVE( '', #2284, #2285, #2286, .T. );
#1939 = EDGE_CURVE( '', #2287, #2285, #2288, .T. );
#1940 = EDGE_CURVE( '', #2289, #2287, #2290, .T. );
#1941 = EDGE_CURVE( '', #2284, #2289, #2291, .T. );
#1942 = FILL_AREA_STYLE( '', ( #2292 ) );
#1943 = EDGE_CURVE( '', #2293, #2294, #2295, .T. );
#1944 = EDGE_CURVE( '', #2294, #2296, #2297, .T. );
#1945 = EDGE_CURVE( '', #2296, #2298, #2299, .T. );
#1946 = EDGE_CURVE( '', #2298, #2300, #2301, .T. );
#1947 = EDGE_CURVE( '', #2300, #2302, #2303, .T. );
#1948 = EDGE_CURVE( '', #2302, #2304, #2305, .T. );
#1949 = EDGE_CURVE( '', #2304, #2306, #2307, .T. );
#1950 = EDGE_CURVE( '', #2306, #2293, #2308, .T. );
#1951 = FILL_AREA_STYLE( '', ( #2309 ) );
#1952 = EDGE_CURVE( '', #2310, #2311, #2312, .T. );
#1953 = EDGE_CURVE( '', #2293, #2311, #2313, .T. );
#1954 = EDGE_CURVE( '', #2306, #2310, #2314, .T. );
#1955 = FILL_AREA_STYLE( '', ( #2315 ) );
#1956 = EDGE_CURVE( '', #2316, #2317, #2318, .F. );
#1957 = EDGE_CURVE( '', #2319, #2317, #2320, .T. );
#1958 = EDGE_CURVE( '', #2321, #2319, #2322, .F. );
#1959 = EDGE_CURVE( '', #2316, #2321, #2323, .T. );
#1960 = FILL_AREA_STYLE( '', ( #2324 ) );
#1961 = EDGE_CURVE( '', #2325, #2326, #2327, .T. );
#1962 = EDGE_CURVE( '', #2328, #2326, #2329, .T. );
#1963 = EDGE_CURVE( '', #2330, #2328, #2331, .T. );
#1964 = EDGE_CURVE( '', #2325, #2330, #2332, .T. );
#1965 = FILL_AREA_STYLE( '', ( #2333 ) );
#1966 = EDGE_CURVE( '', #2334, #2335, #2336, .T. );
#1967 = EDGE_CURVE( '', #2334, #2337, #2338, .T. );
#1968 = EDGE_CURVE( '', #2339, #2337, #2340, .T. );
#1969 = EDGE_CURVE( '', #2339, #2335, #2341, .T. );
#1970 = FILL_AREA_STYLE( '', ( #2342 ) );
#1971 = EDGE_CURVE( '', #2343, #2344, #2345, .T. );
#1972 = EDGE_CURVE( '', #2343, #2346, #2347, .T. );
#1973 = EDGE_CURVE( '', #2346, #2348, #2349, .T. );
#1974 = EDGE_CURVE( '', #2348, #2350, #2351, .T. );
#1975 = EDGE_CURVE( '', #2352, #2350, #2353, .T. );
#1976 = EDGE_CURVE( '', #2344, #2352, #2354, .T. );
#1977 = FILL_AREA_STYLE( '', ( #2355 ) );
#1978 = EDGE_CURVE( '', #2311, #2356, #2357, .T. );
#1979 = EDGE_CURVE( '', #2356, #2294, #2358, .T. );
#1980 = FILL_AREA_STYLE( '', ( #2359 ) );
#1981 = EDGE_CURVE( '', #2360, #2361, #2362, .F. );
#1982 = EDGE_CURVE( '', #2296, #2360, #2363, .T. );
#1983 = EDGE_CURVE( '', #2364, #2296, #2365, .F. );
#1984 = EDGE_CURVE( '', #2361, #2364, #2366, .T. );
#1985 = FILL_AREA_STYLE( '', ( #2367 ) );
#1986 = EDGE_CURVE( '', #2368, #2369, #2370, .T. );
#1987 = EDGE_CURVE( '', #2368, #2371, #2372, .T. );
#1988 = EDGE_CURVE( '', #2371, #2373, #2374, .T. );
#1989 = EDGE_CURVE( '', #2373, #2375, #2376, .T. );
#1990 = EDGE_CURVE( '', #2375, #2377, #2378, .T. );
#1991 = EDGE_CURVE( '', #2369, #2377, #2379, .T. );
#1992 = FILL_AREA_STYLE( '', ( #2380 ) );
#1993 = EDGE_CURVE( '', #2381, #2382, #2383, .T. );
#1994 = EDGE_CURVE( '', #2381, #2384, #2385, .T. );
#1995 = EDGE_CURVE( '', #2384, #2386, #2387, .T. );
#1996 = EDGE_CURVE( '', #2382, #2386, #2388, .T. );
#1997 = FILL_AREA_STYLE( '', ( #2389 ) );
#1998 = EDGE_CURVE( '', #2390, #2391, #2392, .F. );
#1999 = EDGE_CURVE( '', #2317, #2390, #2393, .T. );
#2000 = EDGE_CURVE( '', #2391, #2316, #2394, .T. );
#2001 = FILL_AREA_STYLE( '', ( #2395 ) );
#2002 = EDGE_CURVE( '', #2396, #2397, #2398, .T. );
#2003 = EDGE_CURVE( '', #2396, #2399, #2400, .T. );
#2004 = EDGE_CURVE( '', #2401, #2399, #2402, .T. );
#2005 = EDGE_CURVE( '', #2401, #2397, #2403, .T. );
#2006 = FILL_AREA_STYLE( '', ( #2404 ) );
#2007 = EDGE_CURVE( '', #2384, #2405, #2406, .T. );
#2008 = EDGE_CURVE( '', #2405, #2407, #2408, .T. );
#2009 = EDGE_CURVE( '', #2386, #2407, #2409, .T. );
#2010 = FILL_AREA_STYLE( '', ( #2410 ) );
#2011 = EDGE_CURVE( '', #2411, #2412, #2413, .T. );
#2012 = EDGE_CURVE( '', #2414, #2412, #2415, .T. );
#2013 = EDGE_CURVE( '', #2416, #2414, #2417, .T. );
#2014 = EDGE_CURVE( '', #2411, #2416, #2418, .T. );
#2015 = FILL_AREA_STYLE( '', ( #2419 ) );
#2016 = EDGE_CURVE( '', #2420, #2421, #2422, .T. );
#2017 = EDGE_CURVE( '', #2423, #2421, #2424, .T. );
#2018 = EDGE_CURVE( '', #2425, #2423, #2426, .T. );
#2019 = EDGE_CURVE( '', #2420, #2425, #2427, .T. );
#2020 = FILL_AREA_STYLE( '', ( #2428 ) );
#2021 = EDGE_CURVE( '', #2429, #2397, #2430, .T. );
#2022 = EDGE_CURVE( '', #2429, #2431, #2432, .T. );
#2023 = EDGE_CURVE( '', #2396, #2431, #2433, .T. );
#2024 = FILL_AREA_STYLE( '', ( #2434 ) );
#2025 = EDGE_CURVE( '', #2435, #2436, #2437, .T. );
#2026 = EDGE_CURVE( '', #2436, #2438, #2439, .T. );
#2027 = EDGE_CURVE( '', #2438, #2440, #2441, .T. );
#2028 = EDGE_CURVE( '', #2435, #2440, #2442, .T. );
#2029 = FILL_AREA_STYLE( '', ( #2443 ) );
#2030 = EDGE_CURVE( '', #2444, #2346, #2445, .T. );
#2031 = EDGE_CURVE( '', #2444, #2446, #2447, .T. );
#2032 = EDGE_CURVE( '', #2348, #2446, #2448, .T. );
#2033 = FILL_AREA_STYLE( '', ( #2449 ) );
#2034 = EDGE_CURVE( '', #2276, #2450, #2451, .T. );
#2035 = EDGE_CURVE( '', #2452, #2280, #2453, .T. );
#2036 = EDGE_CURVE( '', #2452, #2450, #2454, .T. );
#2037 = FILL_AREA_STYLE( '', ( #2455 ) );
#2038 = EDGE_CURVE( '', #2456, #2431, #2457, .T. );
#2039 = EDGE_CURVE( '', #2458, #2456, #2459, .T. );
#2040 = EDGE_CURVE( '', #2458, #2460, #2461, .T. );
#2041 = EDGE_CURVE( '', #2460, #2399, #2462, .T. );
#2042 = FILL_AREA_STYLE( '', ( #2463 ) );
#2043 = EDGE_CURVE( '', #2429, #2464, #2465, .T. );
#2044 = EDGE_CURVE( '', #2464, #2456, #2466, .T. );
#2045 = FILL_AREA_STYLE( '', ( #2467 ) );
#2046 = EDGE_CURVE( '', #2468, #2469, #2470, .T. );
#2047 = EDGE_CURVE( '', #2471, #2468, #2472, .T. );
#2048 = EDGE_CURVE( '', #2473, #2471, #2474, .T. );
#2049 = EDGE_CURVE( '', #2469, #2473, #2475, .T. );
#2050 = FILL_AREA_STYLE( '', ( #2476 ) );
#2051 = EDGE_CURVE( '', #2477, #2478, #2479, .T. );
#2052 = EDGE_CURVE( '', #2477, #2480, #2481, .T. );
#2053 = EDGE_CURVE( '', #2480, #2452, #2482, .T. );
#2054 = EDGE_CURVE( '', #2478, #2278, #2483, .T. );
#2055 = FILL_AREA_STYLE( '', ( #2484 ) );
#2056 = EDGE_CURVE( '', #2485, #2486, #2487, .T. );
#2057 = EDGE_CURVE( '', #2485, #2381, #2488, .T. );
#2058 = EDGE_CURVE( '', #2486, #2382, #2489, .T. );
#2059 = FILL_AREA_STYLE( '', ( #2490 ) );
#2060 = EDGE_CURVE( '', #2491, #2492, #2493, .T. );
#2061 = EDGE_CURVE( '', #2275, #2491, #2494, .T. );
#2062 = EDGE_CURVE( '', #2450, #2495, #2496, .T. );
#2063 = EDGE_CURVE( '', #2492, #2495, #2497, .T. );
#2064 = FILL_AREA_STYLE( '', ( #2498 ) );
#2065 = EDGE_CURVE( '', #2368, #2499, #2500, .T. );
#2066 = EDGE_CURVE( '', #2499, #2501, #2502, .T. );
#2067 = EDGE_CURVE( '', #2501, #2371, #2503, .T. );
#2068 = FILL_AREA_STYLE( '', ( #2504 ) );
#2069 = EDGE_CURVE( '', #2505, #2294, #2506, .F. );
#2070 = EDGE_CURVE( '', #2364, #2505, #2507, .T. );
#2071 = FILL_AREA_STYLE( '', ( #2508 ) );
#2072 = EDGE_CURVE( '', #2509, #2471, #2510, .T. );
#2073 = EDGE_CURVE( '', #2511, #2509, #2512, .F. );
#2074 = EDGE_CURVE( '', #2473, #2511, #2513, .T. );
#2075 = FILL_AREA_STYLE( '', ( #2514 ) );
#2076 = EDGE_CURVE( '', #2304, #2284, #2515, .T. );
#2077 = EDGE_CURVE( '', #2516, #2304, #2517, .T. );
#2078 = EDGE_CURVE( '', #2285, #2516, #2518, .T. );
#2079 = FILL_AREA_STYLE( '', ( #2519 ) );
#2080 = EDGE_CURVE( '', #2520, #2521, #2522, .T. );
#2081 = EDGE_CURVE( '', #2521, #2523, #2524, .T. );
#2082 = EDGE_CURVE( '', #2523, #2525, #2526, .T. );
#2083 = EDGE_CURVE( '', #2520, #2525, #2527, .T. );
#2084 = FILL_AREA_STYLE( '', ( #2528 ) );
#2085 = EDGE_CURVE( '', #2529, #2530, #2531, .T. );
#2086 = EDGE_CURVE( '', #2530, #2532, #2533, .T. );
#2087 = EDGE_CURVE( '', #2532, #2534, #2535, .T. );
#2088 = EDGE_CURVE( '', #2529, #2534, #2536, .T. );
#2089 = FILL_AREA_STYLE( '', ( #2537 ) );
#2090 = EDGE_CURVE( '', #2538, #2391, #2539, .T. );
#2091 = EDGE_CURVE( '', #2540, #2538, #2541, .T. );
#2092 = EDGE_CURVE( '', #2390, #2540, #2542, .T. );
#2093 = FILL_AREA_STYLE( '', ( #2543 ) );
#2094 = EDGE_CURVE( '', #2544, #2545, #2546, .T. );
#2095 = EDGE_CURVE( '', #2544, #2547, #2548, .T. );
#2096 = EDGE_CURVE( '', #2549, #2547, #2550, .T. );
#2097 = EDGE_CURVE( '', #2549, #2460, #2551, .T. );
#2098 = EDGE_CURVE( '', #2545, #2458, #2552, .T. );
#2099 = FILL_AREA_STYLE( '', ( #2553 ) );
#2100 = EDGE_CURVE( '', #2530, #2435, #2554, .T. );
#2101 = EDGE_CURVE( '', #2440, #2532, #2555, .T. );
#2102 = FILL_AREA_STYLE( '', ( #2556 ) );
#2103 = EDGE_CURVE( '', #2557, #2558, #2559, .T. );
#2104 = EDGE_CURVE( '', #2558, #2560, #2561, .T. );
#2105 = EDGE_CURVE( '', #2560, #2562, #2563, .T. );
#2106 = EDGE_CURVE( '', #2557, #2562, #2564, .T. );
#2107 = FILL_AREA_STYLE( '', ( #2565 ) );
#2108 = EDGE_CURVE( '', #2558, #2566, #2567, .T. );
#2109 = EDGE_CURVE( '', #2566, #2568, #2569, .T. );
#2110 = EDGE_CURVE( '', #2568, #2560, #2570, .T. );
#2111 = FILL_AREA_STYLE( '', ( #2571 ) );
#2112 = EDGE_CURVE( '', #2572, #2573, #2574, .T. );
#2113 = EDGE_CURVE( '', #2572, #2575, #2576, .T. );
#2114 = EDGE_CURVE( '', #2575, #2577, #2578, .T. );
#2115 = EDGE_CURVE( '', #2573, #2577, #2579, .T. );
#2116 = FILL_AREA_STYLE( '', ( #2580 ) );
#2117 = EDGE_CURVE( '', #2317, #2581, #2582, .T. );
#2118 = EDGE_CURVE( '', #2390, #2583, #2584, .T. );
#2119 = EDGE_CURVE( '', #2581, #2583, #2585, .T. );
#2120 = FILL_AREA_STYLE( '', ( #2586 ) );
#2121 = EDGE_CURVE( '', #2587, #2588, #2589, .T. );
#2122 = EDGE_CURVE( '', #2572, #2587, #2590, .T. );
#2123 = EDGE_CURVE( '', #2573, #2446, #2591, .T. );
#2124 = EDGE_CURVE( '', #2444, #2588, #2592, .T. );
#2125 = FILL_AREA_STYLE( '', ( #2593 ) );
#2126 = EDGE_CURVE( '', #2356, #2594, #2595, .T. );
#2127 = EDGE_CURVE( '', #2505, #2594, #2596, .T. );
#2128 = FILL_AREA_STYLE( '', ( #2597 ) );
#2129 = EDGE_CURVE( '', #2377, #2598, #2599, .T. );
#2130 = EDGE_CURVE( '', #2598, #2600, #2601, .T. );
#2131 = EDGE_CURVE( '', #2369, #2600, #2602, .T. );
#2132 = FILL_AREA_STYLE( '', ( #2603 ) );
#2133 = EDGE_CURVE( '', #2604, #2557, #2605, .T. );
#2134 = EDGE_CURVE( '', #2562, #2606, #2607, .T. );
#2135 = EDGE_CURVE( '', #2604, #2606, #2608, .T. );
#2136 = FILL_AREA_STYLE( '', ( #2609 ) );
#2137 = EDGE_CURVE( '', #2360, #2610, #2611, .T. );
#2138 = EDGE_CURVE( '', #2298, #2610, #2612, .T. );
#2139 = FILL_AREA_STYLE( '', ( #2613 ) );
#2140 = EDGE_CURVE( '', #2594, #2361, #2614, .T. );
#2141 = FILL_AREA_STYLE( '', ( #2615 ) );
#2142 = EDGE_CURVE( '', #2616, #2469, #2617, .T. );
#2143 = EDGE_CURVE( '', #2618, #2616, #2619, .T. );
#2144 = EDGE_CURVE( '', #2468, #2618, #2620, .T. );
#2145 = FILL_AREA_STYLE( '', ( #2621 ) );
#2146 = EDGE_CURVE( '', #2566, #2604, #2622, .T. );
#2147 = EDGE_CURVE( '', #2436, #2529, #2623, .T. );
#2148 = EDGE_CURVE( '', #2624, #2625, #2626, .T. );
#2149 = EDGE_CURVE( '', #2521, #2624, #2627, .T. );
#2150 = EDGE_CURVE( '', #2625, #2520, #2628, .T. );
#2151 = EDGE_CURVE( '', #2425, #2411, #2629, .T. );
#2152 = EDGE_CURVE( '', #2416, #2420, #2630, .T. );
#2153 = EDGE_CURVE( '', #2464, #2499, #2631, .T. );
#2154 = EDGE_CURVE( '', #2600, #2477, #2632, .T. );
#2155 = EDGE_CURVE( '', #2478, #2491, #2633, .T. );
#2156 = EDGE_CURVE( '', #2492, #2634, #2635, .T. );
#2157 = EDGE_CURVE( '', #2634, #2636, #2637, .T. );
#2158 = EDGE_CURVE( '', #2636, #2575, #2638, .T. );
#2159 = EDGE_CURVE( '', #2344, #2587, #2639, .T. );
#2160 = EDGE_CURVE( '', #2352, #2640, #2641, .T. );
#2161 = EDGE_CURVE( '', #2545, #2640, #2642, .T. );
#2162 = EDGE_CURVE( '', #2405, #2485, #2643, .T. );
#2163 = EDGE_CURVE( '', #2330, #2644, #2645, .T. );
#2164 = EDGE_CURVE( '', #2644, #2646, #2647, .T. );
#2165 = EDGE_CURVE( '', #2646, #2325, #2648, .T. );
#2166 = FILL_AREA_STYLE( '', ( #2649 ) );
#2167 = EDGE_CURVE( '', #2598, #2650, #2651, .T. );
#2168 = EDGE_CURVE( '', #2650, #2652, #2653, .T. );
#2169 = EDGE_CURVE( '', #2652, #2480, #2654, .T. );
#2170 = FILL_AREA_STYLE( '', ( #2655 ) );
#2171 = EDGE_CURVE( '', #2644, #2656, #2657, .T. );
#2172 = EDGE_CURVE( '', #2658, #2656, #2659, .T. );
#2173 = EDGE_CURVE( '', #2646, #2658, #2660, .T. );
#2174 = FILL_AREA_STYLE( '', ( #2661 ) );
#2175 = EDGE_CURVE( '', #2662, #2618, #2663, .T. );
#2176 = EDGE_CURVE( '', #2618, #2509, #2664, .T. );
#2177 = EDGE_CURVE( '', #2665, #2509, #2666, .T. );
#2178 = EDGE_CURVE( '', #2665, #2662, #2667, .T. );
#2179 = FILL_AREA_STYLE( '', ( #2668 ) );
#2180 = EDGE_CURVE( '', #2525, #2669, #2670, .T. );
#2181 = EDGE_CURVE( '', #2625, #2669, #2671, .T. );
#2182 = FILL_AREA_STYLE( '', ( #2672 ) );
#2183 = EDGE_CURVE( '', #2673, #2636, #2674, .T. );
#2184 = EDGE_CURVE( '', #2673, #2334, #2675, .T. );
#2185 = EDGE_CURVE( '', #2335, #2577, #2676, .T. );
#2186 = FILL_AREA_STYLE( '', ( #2677 ) );
#2187 = EDGE_CURVE( '', #2540, #2319, #2678, .T. );
#2188 = EDGE_CURVE( '', #2321, #2538, #2679, .T. );
#2189 = FILL_AREA_STYLE( '', ( #2680 ) );
#2190 = EDGE_CURVE( '', #2681, #2547, #2682, .T. );
#2191 = EDGE_CURVE( '', #2681, #2683, #2684, .T. );
#2192 = EDGE_CURVE( '', #2549, #2683, #2685, .T. );
#2193 = FILL_AREA_STYLE( '', ( #2686 ) );
#2194 = EDGE_CURVE( '', #2650, #2375, #2687, .T. );
#2195 = EDGE_CURVE( '', #2373, #2652, #2688, .T. );
#2196 = FILL_AREA_STYLE( '', ( #2689 ) );
#2197 = EDGE_CURVE( '', #2690, #2673, #2691, .T. );
#2198 = EDGE_CURVE( '', #2337, #2690, #2692, .T. );
#2199 = FILL_AREA_STYLE( '', ( #2693 ) );
#2200 = EDGE_CURVE( '', #2544, #2694, #2695, .T. );
#2201 = EDGE_CURVE( '', #2681, #2694, #2696, .T. );
#2202 = FILL_AREA_STYLE( '', ( #2697 ) );
#2203 = EDGE_CURVE( '', #2698, #2302, #2699, .F. );
#2204 = EDGE_CURVE( '', #2289, #2302, #2700, .T. );
#2205 = EDGE_CURVE( '', #2698, #2287, #2701, .T. );
#2206 = FILL_AREA_STYLE( '', ( #2702 ) );
#2207 = EDGE_CURVE( '', #2471, #2703, #2704, .T. );
#2208 = EDGE_CURVE( '', #2468, #2705, #2706, .T. );
#2209 = EDGE_CURVE( '', #2703, #2705, #2707, .T. );
#2210 = FILL_AREA_STYLE( '', ( #2708 ) );
#2211 = EDGE_CURVE( '', #2511, #2616, #2709, .T. );
#2212 = FILL_AREA_STYLE( '', ( #2710 ) );
#2213 = EDGE_CURVE( '', #2669, #2711, #2712, .T. );
#2214 = EDGE_CURVE( '', #2624, #2711, #2713, .T. );
#2215 = FILL_AREA_STYLE( '', ( #2714 ) );
#2216 = EDGE_CURVE( '', #2360, #2356, #2715, .T. );
#2217 = EDGE_CURVE( '', #2284, #2310, #2716, .T. );
#2218 = EDGE_CURVE( '', #2717, #2289, #2718, .T. );
#2219 = EDGE_CURVE( '', #2610, #2717, #2719, .T. );
#2220 = FILL_AREA_STYLE( '', ( #2720 ) );
#2221 = FILL_AREA_STYLE( '', ( #2721 ) );
#2222 = EDGE_CURVE( '', #2606, #2568, #2722, .T. );
#2223 = EDGE_CURVE( '', #2534, #2438, #2723, .T. );
#2224 = EDGE_CURVE( '', #2711, #2523, #2724, .T. );
#2225 = EDGE_CURVE( '', #2421, #2414, #2725, .T. );
#2226 = EDGE_CURVE( '', #2412, #2423, #2726, .T. );
#2227 = EDGE_CURVE( '', #2495, #2339, #2727, .T. );
#2228 = EDGE_CURVE( '', #2401, #2501, #2728, .T. );
#2229 = EDGE_CURVE( '', #2350, #2683, #2729, .T. );
#2230 = EDGE_CURVE( '', #2407, #2486, #2730, .T. );
#2231 = EDGE_CURVE( '', #2326, #2658, #2731, .T. );
#2232 = EDGE_CURVE( '', #2656, #2328, #2732, .T. );
#2233 = FILL_AREA_STYLE( '', ( #2733 ) );
#2234 = EDGE_CURVE( '', #2640, #2694, #2734, .T. );
#2235 = FILL_AREA_STYLE( '', ( #2735 ) );
#2236 = FILL_AREA_STYLE( '', ( #2736 ) );
#2237 = EDGE_CURVE( '', #2343, #2588, #2737, .T. );
#2238 = FILL_AREA_STYLE( '', ( #2738 ) );
#2239 = EDGE_CURVE( '', #2705, #2739, #2740, .T. );
#2240 = EDGE_CURVE( '', #2741, #2739, #2742, .T. );
#2241 = EDGE_CURVE( '', #2703, #2741, #2743, .T. );
#2242 = FILL_AREA_STYLE( '', ( #2744 ) );
#2243 = FILL_AREA_STYLE( '', ( #2745 ) );
#2244 = EDGE_CURVE( '', #2300, #2717, #2746, .T. );
#2245 = FILL_AREA_STYLE( '', ( #2747 ) );
#2246 = FILL_AREA_STYLE( '', ( #2748 ) );
#2247 = EDGE_CURVE( '', #2583, #2662, #2749, .T. );
#2248 = EDGE_CURVE( '', #2581, #2665, #2750, .T. );
#2249 = FILL_AREA_STYLE( '', ( #2751 ) );
#2250 = FILL_AREA_STYLE( '', ( #2752 ) );
#2251 = EDGE_CURVE( '', #2634, #2690, #2753, .T. );
#2252 = FILL_AREA_STYLE( '', ( #2754 ) );
#2253 = FILL_AREA_STYLE( '', ( #2755 ) );
#2254 = FILL_AREA_STYLE( '', ( #2756 ) );
#2255 = FILL_AREA_STYLE( '', ( #2757 ) );
#2256 = FILL_AREA_STYLE( '', ( #2758 ) );
#2257 = FILL_AREA_STYLE( '', ( #2759 ) );
#2258 = FILL_AREA_STYLE( '', ( #2760 ) );
#2259 = FILL_AREA_STYLE( '', ( #2761 ) );
#2260 = EDGE_CURVE( '', #2516, #2698, #2762, .T. );
#2261 = FILL_AREA_STYLE( '', ( #2763 ) );
#2262 = FILL_AREA_STYLE( '', ( #2764 ) );
#2263 = FILL_AREA_STYLE( '', ( #2765 ) );
#2264 = FILL_AREA_STYLE( '', ( #2766 ) );
#2265 = FILL_AREA_STYLE( '', ( #2767 ) );
#2266 = FILL_AREA_STYLE( '', ( #2768 ) );
#2267 = FILL_AREA_STYLE( '', ( #2769 ) );
#2268 = EDGE_CURVE( '', #2739, #2540, #2770, .T. );
#2269 = EDGE_CURVE( '', #2741, #2319, #2771, .T. );
#2270 = FILL_AREA_STYLE( '', ( #2772 ) );
#2271 = FILL_AREA_STYLE( '', ( #2773 ) );
#2272 = FILL_AREA_STYLE( '', ( #2774 ) );
#2273 = FILL_AREA_STYLE( '', ( #2775 ) );
#2274 = FILL_AREA_STYLE_COLOUR( '', #2776 );
#2275 = VERTEX_POINT( '', #2777 );
#2276 = VERTEX_POINT( '', #2778 );
#2277 = LINE( '', #2779, #2780 );
#2278 = VERTEX_POINT( '', #2781 );
#2279 = LINE( '', #2782, #2783 );
#2280 = VERTEX_POINT( '', #2784 );
#2281 = LINE( '', #2785, #2786 );
#2282 = LINE( '', #2787, #2788 );
#2283 = FILL_AREA_STYLE_COLOUR( '', #2789 );
#2284 = VERTEX_POINT( '', #2790 );
#2285 = VERTEX_POINT( '', #2791 );
#2286 = LINE( '', #2792, #2793 );
#2287 = VERTEX_POINT( '', #2794 );
#2288 = LINE( '', #2795, #2796 );
#2289 = VERTEX_POINT( '', #2797 );
#2290 = LINE( '', #2798, #2799 );
#2291 = LINE( '', #2800, #2801 );
#2292 = FILL_AREA_STYLE_COLOUR( '', #2802 );
#2293 = VERTEX_POINT( '', #2803 );
#2294 = VERTEX_POINT( '', #2804 );
#2295 = LINE( '', #2805, #2806 );
#2296 = VERTEX_POINT( '', #2807 );
#2297 = LINE( '', #2808, #2809 );
#2298 = VERTEX_POINT( '', #2810 );
#2299 = LINE( '', #2811, #2812 );
#2300 = VERTEX_POINT( '', #2813 );
#2301 = CIRCLE( '', #2814, 0.360000000000000 );
#2302 = VERTEX_POINT( '', #2815 );
#2303 = LINE( '', #2816, #2817 );
#2304 = VERTEX_POINT( '', #2818 );
#2305 = LINE( '', #2819, #2820 );
#2306 = VERTEX_POINT( '', #2821 );
#2307 = LINE( '', #2822, #2823 );
#2308 = CIRCLE( '', #2824, 1.00000000000000 );
#2309 = FILL_AREA_STYLE_COLOUR( '', #2825 );
#2310 = VERTEX_POINT( '', #2826 );
#2311 = VERTEX_POINT( '', #2827 );
#2312 = CIRCLE( '', #2828, 1.00000000000000 );
#2313 = LINE( '', #2829, #2830 );
#2314 = LINE( '', #2831, #2832 );
#2315 = FILL_AREA_STYLE_COLOUR( '', #2833 );
#2316 = VERTEX_POINT( '', #2834 );
#2317 = VERTEX_POINT( '', #2835 );
#2318 = LINE( '', #2836, #2837 );
#2319 = VERTEX_POINT( '', #2838 );
#2320 = LINE( '', #2839, #2840 );
#2321 = VERTEX_POINT( '', #2841 );
#2322 = LINE( '', #2842, #2843 );
#2323 = LINE( '', #2844, #2845 );
#2324 = FILL_AREA_STYLE_COLOUR( '', #2846 );
#2325 = VERTEX_POINT( '', #2847 );
#2326 = VERTEX_POINT( '', #2848 );
#2327 = LINE( '', #2849, #2850 );
#2328 = VERTEX_POINT( '', #2851 );
#2329 = LINE( '', #2852, #2853 );
#2330 = VERTEX_POINT( '', #2854 );
#2331 = LINE( '', #2855, #2856 );
#2332 = LINE( '', #2857, #2858 );
#2333 = FILL_AREA_STYLE_COLOUR( '', #2859 );
#2334 = VERTEX_POINT( '', #2860 );
#2335 = VERTEX_POINT( '', #2861 );
#2336 = LINE( '', #2862, #2863 );
#2337 = VERTEX_POINT( '', #2864 );
#2338 = LINE( '', #2865, #2866 );
#2339 = VERTEX_POINT( '', #2867 );
#2340 = LINE( '', #2868, #2869 );
#2341 = LINE( '', #2870, #2871 );
#2342 = FILL_AREA_STYLE_COLOUR( '', #2872 );
#2343 = VERTEX_POINT( '', #2873 );
#2344 = VERTEX_POINT( '', #2874 );
#2345 = LINE( '', #2875, #2876 );
#2346 = VERTEX_POINT( '', #2877 );
#2347 = LINE( '', #2878, #2879 );
#2348 = VERTEX_POINT( '', #2880 );
#2349 = LINE( '', #2881, #2882 );
#2350 = VERTEX_POINT( '', #2883 );
#2351 = LINE( '', #2884, #2885 );
#2352 = VERTEX_POINT( '', #2886 );
#2353 = LINE( '', #2887, #2888 );
#2354 = LINE( '', #2889, #2890 );
#2355 = FILL_AREA_STYLE_COLOUR( '', #2891 );
#2356 = VERTEX_POINT( '', #2892 );
#2357 = LINE( '', #2893, #2894 );
#2358 = LINE( '', #2895, #2896 );
#2359 = FILL_AREA_STYLE_COLOUR( '', #2897 );
#2360 = VERTEX_POINT( '', #2898 );
#2361 = VERTEX_POINT( '', #2899 );
#2362 = LINE( '', #2900, #2901 );
#2363 = LINE( '', #2902, #2903 );
#2364 = VERTEX_POINT( '', #2904 );
#2365 = LINE( '', #2905, #2906 );
#2366 = LINE( '', #2907, #2908 );
#2367 = FILL_AREA_STYLE_COLOUR( '', #2909 );
#2368 = VERTEX_POINT( '', #2910 );
#2369 = VERTEX_POINT( '', #2911 );
#2370 = LINE( '', #2912, #2913 );
#2371 = VERTEX_POINT( '', #2914 );
#2372 = LINE( '', #2915, #2916 );
#2373 = VERTEX_POINT( '', #2917 );
#2374 = LINE( '', #2918, #2919 );
#2375 = VERTEX_POINT( '', #2920 );
#2376 = LINE( '', #2921, #2922 );
#2377 = VERTEX_POINT( '', #2923 );
#2378 = LINE( '', #2924, #2925 );
#2379 = LINE( '', #2926, #2927 );
#2380 = FILL_AREA_STYLE_COLOUR( '', #2928 );
#2381 = VERTEX_POINT( '', #2929 );
#2382 = VERTEX_POINT( '', #2930 );
#2383 = LINE( '', #2931, #2932 );
#2384 = VERTEX_POINT( '', #2933 );
#2385 = LINE( '', #2934, #2935 );
#2386 = VERTEX_POINT( '', #2936 );
#2387 = LINE( '', #2937, #2938 );
#2388 = LINE( '', #2939, #2940 );
#2389 = FILL_AREA_STYLE_COLOUR( '', #2941 );
#2390 = VERTEX_POINT( '', #2942 );
#2391 = VERTEX_POINT( '', #2943 );
#2392 = LINE( '', #2944, #2945 );
#2393 = LINE( '', #2946, #2947 );
#2394 = LINE( '', #2948, #2949 );
#2395 = FILL_AREA_STYLE_COLOUR( '', #2950 );
#2396 = VERTEX_POINT( '', #2951 );
#2397 = VERTEX_POINT( '', #2952 );
#2398 = LINE( '', #2953, #2954 );
#2399 = VERTEX_POINT( '', #2955 );
#2400 = LINE( '', #2956, #2957 );
#2401 = VERTEX_POINT( '', #2958 );
#2402 = LINE( '', #2959, #2960 );
#2403 = LINE( '', #2961, #2962 );
#2404 = FILL_AREA_STYLE_COLOUR( '', #2963 );
#2405 = VERTEX_POINT( '', #2964 );
#2406 = LINE( '', #2965, #2966 );
#2407 = VERTEX_POINT( '', #2967 );
#2408 = LINE( '', #2968, #2969 );
#2409 = LINE( '', #2970, #2971 );
#2410 = FILL_AREA_STYLE_COLOUR( '', #2972 );
#2411 = VERTEX_POINT( '', #2973 );
#2412 = VERTEX_POINT( '', #2974 );
#2413 = LINE( '', #2975, #2976 );
#2414 = VERTEX_POINT( '', #2977 );
#2415 = LINE( '', #2978, #2979 );
#2416 = VERTEX_POINT( '', #2980 );
#2417 = LINE( '', #2981, #2982 );
#2418 = LINE( '', #2983, #2984 );
#2419 = FILL_AREA_STYLE_COLOUR( '', #2985 );
#2420 = VERTEX_POINT( '', #2986 );
#2421 = VERTEX_POINT( '', #2987 );
#2422 = LINE( '', #2988, #2989 );
#2423 = VERTEX_POINT( '', #2990 );
#2424 = LINE( '', #2991, #2992 );
#2425 = VERTEX_POINT( '', #2993 );
#2426 = LINE( '', #2994, #2995 );
#2427 = LINE( '', #2996, #2997 );
#2428 = FILL_AREA_STYLE_COLOUR( '', #2998 );
#2429 = VERTEX_POINT( '', #2999 );
#2430 = LINE( '', #3000, #3001 );
#2431 = VERTEX_POINT( '', #3002 );
#2432 = LINE( '', #3003, #3004 );
#2433 = LINE( '', #3005, #3006 );
#2434 = FILL_AREA_STYLE_COLOUR( '', #3007 );
#2435 = VERTEX_POINT( '', #3008 );
#2436 = VERTEX_POINT( '', #3009 );
#2437 = LINE( '', #3010, #3011 );
#2438 = VERTEX_POINT( '', #3012 );
#2439 = LINE( '', #3013, #3014 );
#2440 = VERTEX_POINT( '', #3015 );
#2441 = LINE( '', #3016, #3017 );
#2442 = LINE( '', #3018, #3019 );
#2443 = FILL_AREA_STYLE_COLOUR( '', #3020 );
#2444 = VERTEX_POINT( '', #3021 );
#2445 = LINE( '', #3022, #3023 );
#2446 = VERTEX_POINT( '', #3024 );
#2447 = LINE( '', #3025, #3026 );
#2448 = LINE( '', #3027, #3028 );
#2449 = FILL_AREA_STYLE_COLOUR( '', #3029 );
#2450 = VERTEX_POINT( '', #3030 );
#2451 = LINE( '', #3031, #3032 );
#2452 = VERTEX_POINT( '', #3033 );
#2453 = LINE( '', #3034, #3035 );
#2454 = LINE( '', #3036, #3037 );
#2455 = FILL_AREA_STYLE_COLOUR( '', #3038 );
#2456 = VERTEX_POINT( '', #3039 );
#2457 = LINE( '', #3040, #3041 );
#2458 = VERTEX_POINT( '', #3042 );
#2459 = LINE( '', #3043, #3044 );
#2460 = VERTEX_POINT( '', #3045 );
#2461 = LINE( '', #3046, #3047 );
#2462 = LINE( '', #3048, #3049 );
#2463 = FILL_AREA_STYLE_COLOUR( '', #3050 );
#2464 = VERTEX_POINT( '', #3051 );
#2465 = LINE( '', #3052, #3053 );
#2466 = LINE( '', #3054, #3055 );
#2467 = FILL_AREA_STYLE_COLOUR( '', #3056 );
#2468 = VERTEX_POINT( '', #3057 );
#2469 = VERTEX_POINT( '', #3058 );
#2470 = LINE( '', #3059, #3060 );
#2471 = VERTEX_POINT( '', #3061 );
#2472 = LINE( '', #3062, #3063 );
#2473 = VERTEX_POINT( '', #3064 );
#2474 = LINE( '', #3065, #3066 );
#2475 = LINE( '', #3067, #3068 );
#2476 = FILL_AREA_STYLE_COLOUR( '', #3069 );
#2477 = VERTEX_POINT( '', #3070 );
#2478 = VERTEX_POINT( '', #3071 );
#2479 = LINE( '', #3072, #3073 );
#2480 = VERTEX_POINT( '', #3074 );
#2481 = LINE( '', #3075, #3076 );
#2482 = LINE( '', #3077, #3078 );
#2483 = LINE( '', #3079, #3080 );
#2484 = FILL_AREA_STYLE_COLOUR( '', #3081 );
#2485 = VERTEX_POINT( '', #3082 );
#2486 = VERTEX_POINT( '', #3083 );
#2487 = LINE( '', #3084, #3085 );
#2488 = LINE( '', #3086, #3087 );
#2489 = LINE( '', #3088, #3089 );
#2490 = FILL_AREA_STYLE_COLOUR( '', #3090 );
#2491 = VERTEX_POINT( '', #3091 );
#2492 = VERTEX_POINT( '', #3092 );
#2493 = LINE( '', #3093, #3094 );
#2494 = LINE( '', #3095, #3096 );
#2495 = VERTEX_POINT( '', #3097 );
#2496 = LINE( '', #3098, #3099 );
#2497 = LINE( '', #3100, #3101 );
#2498 = FILL_AREA_STYLE_COLOUR( '', #3102 );
#2499 = VERTEX_POINT( '', #3103 );
#2500 = LINE( '', #3104, #3105 );
#2501 = VERTEX_POINT( '', #3106 );
#2502 = LINE( '', #3107, #3108 );
#2503 = LINE( '', #3109, #3110 );
#2504 = FILL_AREA_STYLE_COLOUR( '', #3111 );
#2505 = VERTEX_POINT( '', #3112 );
#2506 = LINE( '', #3113, #3114 );
#2507 = LINE( '', #3115, #3116 );
#2508 = FILL_AREA_STYLE_COLOUR( '', #3117 );
#2509 = VERTEX_POINT( '', #3118 );
#2510 = LINE( '', #3119, #3120 );
#2511 = VERTEX_POINT( '', #3121 );
#2512 = LINE( '', #3122, #3123 );
#2513 = LINE( '', #3124, #3125 );
#2514 = FILL_AREA_STYLE_COLOUR( '', #3126 );
#2515 = LINE( '', #3127, #3128 );
#2516 = VERTEX_POINT( '', #3129 );
#2517 = LINE( '', #3130, #3131 );
#2518 = LINE( '', #3132, #3133 );
#2519 = FILL_AREA_STYLE_COLOUR( '', #3134 );
#2520 = VERTEX_POINT( '', #3135 );
#2521 = VERTEX_POINT( '', #3136 );
#2522 = LINE( '', #3137, #3138 );
#2523 = VERTEX_POINT( '', #3139 );
#2524 = LINE( '', #3140, #3141 );
#2525 = VERTEX_POINT( '', #3142 );
#2526 = LINE( '', #3143, #3144 );
#2527 = LINE( '', #3145, #3146 );
#2528 = FILL_AREA_STYLE_COLOUR( '', #3147 );
#2529 = VERTEX_POINT( '', #3148 );
#2530 = VERTEX_POINT( '', #3149 );
#2531 = LINE( '', #3150, #3151 );
#2532 = VERTEX_POINT( '', #3152 );
#2533 = LINE( '', #3153, #3154 );
#2534 = VERTEX_POINT( '', #3155 );
#2535 = LINE( '', #3156, #3157 );
#2536 = LINE( '', #3158, #3159 );
#2537 = FILL_AREA_STYLE_COLOUR( '', #3160 );
#2538 = VERTEX_POINT( '', #3161 );
#2539 = LINE( '', #3162, #3163 );
#2540 = VERTEX_POINT( '', #3164 );
#2541 = LINE( '', #3165, #3166 );
#2542 = LINE( '', #3167, #3168 );
#2543 = FILL_AREA_STYLE_COLOUR( '', #3169 );
#2544 = VERTEX_POINT( '', #3170 );
#2545 = VERTEX_POINT( '', #3171 );
#2546 = LINE( '', #3172, #3173 );
#2547 = VERTEX_POINT( '', #3174 );
#2548 = LINE( '', #3175, #3176 );
#2549 = VERTEX_POINT( '', #3177 );
#2550 = LINE( '', #3178, #3179 );
#2551 = LINE( '', #3180, #3181 );
#2552 = LINE( '', #3182, #3183 );
#2553 = FILL_AREA_STYLE_COLOUR( '', #3184 );
#2554 = LINE( '', #3185, #3186 );
#2555 = LINE( '', #3187, #3188 );
#2556 = FILL_AREA_STYLE_COLOUR( '', #3189 );
#2557 = VERTEX_POINT( '', #3190 );
#2558 = VERTEX_POINT( '', #3191 );
#2559 = LINE( '', #3192, #3193 );
#2560 = VERTEX_POINT( '', #3194 );
#2561 = LINE( '', #3195, #3196 );
#2562 = VERTEX_POINT( '', #3197 );
#2563 = LINE( '', #3198, #3199 );
#2564 = LINE( '', #3200, #3201 );
#2565 = FILL_AREA_STYLE_COLOUR( '', #3202 );
#2566 = VERTEX_POINT( '', #3203 );
#2567 = LINE( '', #3204, #3205 );
#2568 = VERTEX_POINT( '', #3206 );
#2569 = LINE( '', #3207, #3208 );
#2570 = LINE( '', #3209, #3210 );
#2571 = FILL_AREA_STYLE_COLOUR( '', #3211 );
#2572 = VERTEX_POINT( '', #3212 );
#2573 = VERTEX_POINT( '', #3213 );
#2574 = LINE( '', #3214, #3215 );
#2575 = VERTEX_POINT( '', #3216 );
#2576 = LINE( '', #3217, #3218 );
#2577 = VERTEX_POINT( '', #3219 );
#2578 = LINE( '', #3220, #3221 );
#2579 = LINE( '', #3222, #3223 );
#2580 = FILL_AREA_STYLE_COLOUR( '', #3224 );
#2581 = VERTEX_POINT( '', #3225 );
#2582 = LINE( '', #3226, #3227 );
#2583 = VERTEX_POINT( '', #3228 );
#2584 = LINE( '', #3229, #3230 );
#2585 = LINE( '', #3231, #3232 );
#2586 = FILL_AREA_STYLE_COLOUR( '', #3233 );
#2587 = VERTEX_POINT( '', #3234 );
#2588 = VERTEX_POINT( '', #3235 );
#2589 = LINE( '', #3236, #3237 );
#2590 = LINE( '', #3238, #3239 );
#2591 = LINE( '', #3240, #3241 );
#2592 = LINE( '', #3242, #3243 );
#2593 = FILL_AREA_STYLE_COLOUR( '', #3244 );
#2594 = VERTEX_POINT( '', #3245 );
#2595 = LINE( '', #3246, #3247 );
#2596 = LINE( '', #3248, #3249 );
#2597 = FILL_AREA_STYLE_COLOUR( '', #3250 );
#2598 = VERTEX_POINT( '', #3251 );
#2599 = LINE( '', #3252, #3253 );
#2600 = VERTEX_POINT( '', #3254 );
#2601 = LINE( '', #3255, #3256 );
#2602 = LINE( '', #3257, #3258 );
#2603 = FILL_AREA_STYLE_COLOUR( '', #3259 );
#2604 = VERTEX_POINT( '', #3260 );
#2605 = LINE( '', #3261, #3262 );
#2606 = VERTEX_POINT( '', #3263 );
#2607 = LINE( '', #3264, #3265 );
#2608 = LINE( '', #3266, #3267 );
#2609 = FILL_AREA_STYLE_COLOUR( '', #3268 );
#2610 = VERTEX_POINT( '', #3269 );
#2611 = LINE( '', #3270, #3271 );
#2612 = LINE( '', #3272, #3273 );
#2613 = FILL_AREA_STYLE_COLOUR( '', #3274 );
#2614 = LINE( '', #3275, #3276 );
#2615 = FILL_AREA_STYLE_COLOUR( '', #3277 );
#2616 = VERTEX_POINT( '', #3278 );
#2617 = LINE( '', #3279, #3280 );
#2618 = VERTEX_POINT( '', #3281 );
#2619 = LINE( '', #3282, #3283 );
#2620 = LINE( '', #3284, #3285 );
#2621 = FILL_AREA_STYLE_COLOUR( '', #3286 );
#2622 = LINE( '', #3287, #3288 );
#2623 = LINE( '', #3289, #3290 );
#2624 = VERTEX_POINT( '', #3291 );
#2625 = VERTEX_POINT( '', #3292 );
#2626 = LINE( '', #3293, #3294 );
#2627 = LINE( '', #3295, #3296 );
#2628 = LINE( '', #3297, #3298 );
#2629 = LINE( '', #3299, #3300 );
#2630 = LINE( '', #3301, #3302 );
#2631 = LINE( '', #3303, #3304 );
#2632 = LINE( '', #3305, #3306 );
#2633 = LINE( '', #3307, #3308 );
#2634 = VERTEX_POINT( '', #3309 );
#2635 = LINE( '', #3310, #3311 );
#2636 = VERTEX_POINT( '', #3312 );
#2637 = LINE( '', #3313, #3314 );
#2638 = LINE( '', #3315, #3316 );
#2639 = LINE( '', #3317, #3318 );
#2640 = VERTEX_POINT( '', #3319 );
#2641 = LINE( '', #3320, #3321 );
#2642 = LINE( '', #3322, #3323 );
#2643 = LINE( '', #3324, #3325 );
#2644 = VERTEX_POINT( '', #3326 );
#2645 = LINE( '', #3327, #3328 );
#2646 = VERTEX_POINT( '', #3329 );
#2647 = LINE( '', #3330, #3331 );
#2648 = LINE( '', #3332, #3333 );
#2649 = FILL_AREA_STYLE_COLOUR( '', #3334 );
#2650 = VERTEX_POINT( '', #3335 );
#2651 = LINE( '', #3336, #3337 );
#2652 = VERTEX_POINT( '', #3338 );
#2653 = LINE( '', #3339, #3340 );
#2654 = LINE( '', #3341, #3342 );
#2655 = FILL_AREA_STYLE_COLOUR( '', #3343 );
#2656 = VERTEX_POINT( '', #3344 );
#2657 = LINE( '', #3345, #3346 );
#2658 = VERTEX_POINT( '', #3347 );
#2659 = LINE( '', #3348, #3349 );
#2660 = LINE( '', #3350, #3351 );
#2661 = FILL_AREA_STYLE_COLOUR( '', #3352 );
#2662 = VERTEX_POINT( '', #3353 );
#2663 = LINE( '', #3354, #3355 );
#2664 = LINE( '', #3356, #3357 );
#2665 = VERTEX_POINT( '', #3358 );
#2666 = LINE( '', #3359, #3360 );
#2667 = LINE( '', #3361, #3362 );
#2668 = FILL_AREA_STYLE_COLOUR( '', #3363 );
#2669 = VERTEX_POINT( '', #3364 );
#2670 = LINE( '', #3365, #3366 );
#2671 = LINE( '', #3367, #3368 );
#2672 = FILL_AREA_STYLE_COLOUR( '', #3369 );
#2673 = VERTEX_POINT( '', #3370 );
#2674 = LINE( '', #3371, #3372 );
#2675 = LINE( '', #3373, #3374 );
#2676 = LINE( '', #3375, #3376 );
#2677 = FILL_AREA_STYLE_COLOUR( '', #3377 );
#2678 = LINE( '', #3378, #3379 );
#2679 = LINE( '', #3380, #3381 );
#2680 = FILL_AREA_STYLE_COLOUR( '', #3382 );
#2681 = VERTEX_POINT( '', #3383 );
#2682 = LINE( '', #3384, #3385 );
#2683 = VERTEX_POINT( '', #3386 );
#2684 = LINE( '', #3387, #3388 );
#2685 = LINE( '', #3389, #3390 );
#2686 = FILL_AREA_STYLE_COLOUR( '', #3391 );
#2687 = LINE( '', #3392, #3393 );
#2688 = LINE( '', #3394, #3395 );
#2689 = FILL_AREA_STYLE_COLOUR( '', #3396 );
#2690 = VERTEX_POINT( '', #3397 );
#2691 = LINE( '', #3398, #3399 );
#2692 = LINE( '', #3400, #3401 );
#2693 = FILL_AREA_STYLE_COLOUR( '', #3402 );
#2694 = VERTEX_POINT( '', #3403 );
#2695 = LINE( '', #3404, #3405 );
#2696 = LINE( '', #3406, #3407 );
#2697 = FILL_AREA_STYLE_COLOUR( '', #3408 );
#2698 = VERTEX_POINT( '', #3409 );
#2699 = LINE( '', #3410, #3411 );
#2700 = LINE( '', #3412, #3413 );
#2701 = LINE( '', #3414, #3415 );
#2702 = FILL_AREA_STYLE_COLOUR( '', #3416 );
#2703 = VERTEX_POINT( '', #3417 );
#2704 = LINE( '', #3418, #3419 );
#2705 = VERTEX_POINT( '', #3420 );
#2706 = LINE( '', #3421, #3422 );
#2707 = LINE( '', #3423, #3424 );
#2708 = FILL_AREA_STYLE_COLOUR( '', #3425 );
#2709 = LINE( '', #3426, #3427 );
#2710 = FILL_AREA_STYLE_COLOUR( '', #3428 );
#2711 = VERTEX_POINT( '', #3429 );
#2712 = LINE( '', #3430, #3431 );
#2713 = LINE( '', #3432, #3433 );
#2714 = FILL_AREA_STYLE_COLOUR( '', #3434 );
#2715 = LINE( '', #3435, #3436 );
#2716 = LINE( '', #3437, #3438 );
#2717 = VERTEX_POINT( '', #3439 );
#2718 = LINE( '', #3440, #3441 );
#2719 = CIRCLE( '', #3442, 0.360000000000000 );
#2720 = FILL_AREA_STYLE_COLOUR( '', #3443 );
#2721 = FILL_AREA_STYLE_COLOUR( '', #3444 );
#2722 = LINE( '', #3445, #3446 );
#2723 = LINE( '', #3447, #3448 );
#2724 = LINE( '', #3449, #3450 );
#2725 = LINE( '', #3451, #3452 );
#2726 = LINE( '', #3453, #3454 );
#2727 = LINE( '', #3455, #3456 );
#2728 = LINE( '', #3457, #3458 );
#2729 = LINE( '', #3459, #3460 );
#2730 = LINE( '', #3461, #3462 );
#2731 = LINE( '', #3463, #3464 );
#2732 = LINE( '', #3465, #3466 );
#2733 = FILL_AREA_STYLE_COLOUR( '', #3467 );
#2734 = LINE( '', #3468, #3469 );
#2735 = FILL_AREA_STYLE_COLOUR( '', #3470 );
#2736 = FILL_AREA_STYLE_COLOUR( '', #3471 );
#2737 = LINE( '', #3472, #3473 );
#2738 = FILL_AREA_STYLE_COLOUR( '', #3474 );
#2739 = VERTEX_POINT( '', #3475 );
#2740 = CIRCLE( '', #3476, 1.00000000000000 );
#2741 = VERTEX_POINT( '', #3477 );
#2742 = LINE( '', #3478, #3479 );
#2743 = CIRCLE( '', #3480, 1.00000000000000 );
#2744 = FILL_AREA_STYLE_COLOUR( '', #3481 );
#2745 = FILL_AREA_STYLE_COLOUR( '', #3482 );
#2746 = LINE( '', #3483, #3484 );
#2747 = FILL_AREA_STYLE_COLOUR( '', #3485 );
#2748 = FILL_AREA_STYLE_COLOUR( '', #3486 );
#2749 = CIRCLE( '', #3487, 0.360000000000000 );
#2750 = CIRCLE( '', #3488, 0.360000000000000 );
#2751 = FILL_AREA_STYLE_COLOUR( '', #3489 );
#2752 = FILL_AREA_STYLE_COLOUR( '', #3490 );
#2753 = LINE( '', #3491, #3492 );
#2754 = FILL_AREA_STYLE_COLOUR( '', #3493 );
#2755 = FILL_AREA_STYLE_COLOUR( '', #3494 );
#2756 = FILL_AREA_STYLE_COLOUR( '', #3495 );
#2757 = FILL_AREA_STYLE_COLOUR( '', #3496 );
#2758 = FILL_AREA_STYLE_COLOUR( '', #3497 );
#2759 = FILL_AREA_STYLE_COLOUR( '', #3498 );
#2760 = FILL_AREA_STYLE_COLOUR( '', #3499 );
#2761 = FILL_AREA_STYLE_COLOUR( '', #3500 );
#2762 = LINE( '', #3501, #3502 );
#2763 = FILL_AREA_STYLE_COLOUR( '', #3503 );
#2764 = FILL_AREA_STYLE_COLOUR( '', #3504 );
#2765 = FILL_AREA_STYLE_COLOUR( '', #3505 );
#2766 = FILL_AREA_STYLE_COLOUR( '', #3506 );
#2767 = FILL_AREA_STYLE_COLOUR( '', #3507 );
#2768 = FILL_AREA_STYLE_COLOUR( '', #3508 );
#2769 = FILL_AREA_STYLE_COLOUR( '', #3509 );
#2770 = LINE( '', #3510, #3511 );
#2771 = LINE( '', #3512, #3513 );
#2772 = FILL_AREA_STYLE_COLOUR( '', #3514 );
#2773 = FILL_AREA_STYLE_COLOUR( '', #3515 );
#2774 = FILL_AREA_STYLE_COLOUR( '', #3516 );
#2775 = FILL_AREA_STYLE_COLOUR( '', #3517 );
#2776 = COLOUR_RGB( '', 0.200000002980232, 0.200000002980232, 0.200000002980232 );
#2777 = CARTESIAN_POINT( '', ( 1.19000000000000, 2.20000000000000, -1.27000000000000 ) );
#2778 = CARTESIAN_POINT( '', ( 1.02000000000000, 2.54000000000000, -1.27000000000000 ) );
#2779 = CARTESIAN_POINT( '', ( 3.61000000000000, -2.64000000000000, -1.27000000000000 ) );
#2780 = VECTOR( '', #3518, 1000.00000000000 );
#2781 = CARTESIAN_POINT( '', ( -1.19000000000000, 2.20000000000000, -1.27000000000000 ) );
#2782 = CARTESIAN_POINT( '', ( -5.69380976240582, 2.20000000000000, -1.27000000000000 ) );
#2783 = VECTOR( '', #3519, 1000.00000000000 );
#2784 = CARTESIAN_POINT( '', ( -1.02000000000000, 2.54000000000000, -1.27000000000000 ) );
#2785 = CARTESIAN_POINT( '', ( -2.08600000000000, 0.407999999999995, -1.27000000000000 ) );
#2786 = VECTOR( '', #3520, 1000.00000000000 );
#2787 = CARTESIAN_POINT( '', ( 3.81000000000000, 2.54000000000000, -1.27000000000000 ) );
#2788 = VECTOR( '', #3521, 1000.00000000000 );
#2789 = COLOUR_RGB( '', 0.750000000000000, 0.569999992847443, 0.409999996423721 );
#2790 = CARTESIAN_POINT( '', ( -0.320000000000000, -0.320000000000000, 7.52000000000000 ) );
#2791 = CARTESIAN_POINT( '', ( -0.120000000000000, -0.119999999999998, 7.72000000000000 ) );
#2792 = CARTESIAN_POINT( '', ( -0.106666666666667, -0.106666666666665, 7.73333333333333 ) );
#2793 = VECTOR( '', #3522, 1000.00000000000 );
#2794 = CARTESIAN_POINT( '', ( -0.120000000000000, 0.120000000000002, 7.72000000000000 ) );
#2795 = CARTESIAN_POINT( '', ( -0.120000000000000, -0.320000000000000, 7.72000000000000 ) );
#2796 = VECTOR( '', #3523, 1000.00000000000 );
#2797 = CARTESIAN_POINT( '', ( -0.320000000000000, 0.320000000000000, 7.52000000000000 ) );
#2798 = CARTESIAN_POINT( '', ( -0.186666666666667, 0.186666666666668, 7.65333333333334 ) );
#2799 = VECTOR( '', #3524, 1000.00000000000 );
#2800 = CARTESIAN_POINT( '', ( -0.320000000000000, 0.320000000000000, 7.52000000000000 ) );
#2801 = VECTOR( '', #3525, 1000.00000000000 );
#2802 = COLOUR_RGB( '', 0.750000000000000, 0.569999992847443, 0.409999996423721 );
#2803 = CARTESIAN_POINT( '', ( 0.320000000000000, 0.680000000000000, -5.18000000000000 ) );
#2804 = CARTESIAN_POINT( '', ( 0.320000000000000, 6.61000000000000, -5.18000000000000 ) );
#2805 = CARTESIAN_POINT( '', ( 0.320000000000000, 6.81000000000000, -5.18000000000000 ) );
#2806 = VECTOR( '', #3526, 1000.00000000000 );
#2807 = CARTESIAN_POINT( '', ( 0.320000000000000, 6.61000000000000, -4.54000000000000 ) );
#2808 = CARTESIAN_POINT( '', ( 0.320000000000000, 6.61000000000000, -4.18000000000000 ) );
#2809 = VECTOR( '', #3527, 1000.00000000000 );
#2810 = CARTESIAN_POINT( '', ( 0.320000000000000, 0.680000000000000, -4.54000000000000 ) );
#2811 = CARTESIAN_POINT( '', ( 0.320000000000000, 6.81000000000000, -4.54000000000000 ) );
#2812 = VECTOR( '', #3528, 1000.00000000000 );
#2813 = CARTESIAN_POINT( '', ( 0.320000000000000, 0.320000000000000, -4.18000000000000 ) );
#2814 = AXIS2_PLACEMENT_3D( '', #3529, #3530, #3531 );
#2815 = CARTESIAN_POINT( '', ( 0.320000000000000, 0.320000000000000, 7.52000000000000 ) );
#2816 = CARTESIAN_POINT( '', ( 0.320000000000000, 0.320000000000000, -4.18000000000000 ) );
#2817 = VECTOR( '', #3532, 1000.00000000000 );
#2818 = CARTESIAN_POINT( '', ( 0.320000000000000, -0.320000000000000, 7.52000000000000 ) );
#2819 = CARTESIAN_POINT( '', ( 0.320000000000000, 0.680000000000000, 7.52000000000000 ) );
#2820 = VECTOR( '', #3533, 1000.00000000000 );
#2821 = CARTESIAN_POINT( '', ( 0.320000000000000, -0.320000000000000, -4.18000000000000 ) );
#2822 = CARTESIAN_POINT( '', ( 0.320000000000000, -0.320000000000000, -4.18000000000000 ) );
#2823 = VECTOR( '', #3534, 1000.00000000000 );
#2824 = AXIS2_PLACEMENT_3D( '', #3535, #3536, #3537 );
#2825 = COLOUR_RGB( '', 0.750000000000000, 0.569999992847443, 0.409999996423721 );
#2826 = CARTESIAN_POINT( '', ( -0.320000000000000, -0.320000000000000, -4.18000000000000 ) );
#2827 = CARTESIAN_POINT( '', ( -0.320000000000000, 0.680000000000000, -5.18000000000000 ) );
#2828 = AXIS2_PLACEMENT_3D( '', #3538, #3539, #3540 );
#2829 = CARTESIAN_POINT( '', ( 0.320000000000000, 0.680000000000000, -5.18000000000000 ) );
#2830 = VECTOR( '', #3541, 1000.00000000000 );
#2831 = CARTESIAN_POINT( '', ( 0.320000000000000, -0.320000000000000, -4.18000000000000 ) );
#2832 = VECTOR( '', #3542, 1000.00000000000 );
#2833 = COLOUR_RGB( '', 0.750000000000000, 0.569999992847443, 0.409999996423721 );
#2834 = CARTESIAN_POINT( '', ( 0.120000000000000, 4.27000000000000, -4.74000000000000 ) );
#2835 = CARTESIAN_POINT( '', ( 0.320000000000000, 4.07000000000000, -4.54000000000000 ) );
#2836 = CARTESIAN_POINT( '', ( 0.320000000000000, 4.07000000000000, -4.54000000000000 ) );
#2837 = VECTOR( '', #3543, 999.999999999999 );
#2838 = CARTESIAN_POINT( '', ( 0.320000000000000, 4.07000000000000, -5.18000000000000 ) );
#2839 = CARTESIAN_POINT( '', ( 0.320000000000000, 4.07000000000000, -4.18000000000000 ) );
#2840 = VECTOR( '', #3544, 1000.00000000000 );
#2841 = CARTESIAN_POINT( '', ( 0.120000000000000, 4.27000000000000, -4.98000000000000 ) );
#2842 = CARTESIAN_POINT( '', ( -0.0133333333333327, 4.40333333333333, -4.84666666666667 ) );
#2843 = VECTOR( '', #3545, 999.999999999999 );
#2844 = CARTESIAN_POINT( '', ( 0.120000000000000, 4.27000000000000, -5.18000000000000 ) );
#2845 = VECTOR( '', #3546, 1000.00000000000 );
#2846 = COLOUR_RGB( '', 0.200000002980232, 0.200000002980232, 0.200000002980232 );
#2847 = CARTESIAN_POINT( '', ( 2.86000000000000, -1.59000000000000, -0.770000000000000 ) );
#2848 = CARTESIAN_POINT( '', ( 2.86000000000000, -1.59000000000000, 1.27000000000000 ) );
#2849 = CARTESIAN_POINT( '', ( 2.86000000000000, -1.59000000000000, -8.23380976240582 ) );
#2850 = VECTOR( '', #3547, 1000.00000000000 );
#2851 = CARTESIAN_POINT( '', ( 2.86000000000000, -0.950000000000000, 1.27000000000000 ) );
#2852 = CARTESIAN_POINT( '', ( 2.86000000000000, -0.950000000000000, 1.27000000000000 ) );
#2853 = VECTOR( '', #3548, 1000.00000000000 );
#2854 = CARTESIAN_POINT( '', ( 2.86000000000000, -0.950000000000000, -0.770000000000000 ) );
#2855 = CARTESIAN_POINT( '', ( 2.86000000000000, -0.950000000000000, -8.23380976240582 ) );
#2856 = VECTOR( '', #3549, 1000.00000000000 );
#2857 = CARTESIAN_POINT( '', ( 2.86000000000000, -2.20000000000000, -0.770000000000000 ) );
#2858 = VECTOR( '', #3550, 1000.00000000000 );
#2859 = COLOUR_RGB( '', 0.200000002980232, 0.200000002980232, 0.200000002980232 );
#2860 = CARTESIAN_POINT( '', ( 3.56000000000000, 2.54000000000000, -1.27000000000000 ) );
#2861 = CARTESIAN_POINT( '', ( 3.56000000000000, 2.54000000000000, 1.27000000000000 ) );
#2862 = CARTESIAN_POINT( '', ( 3.56000000000000, 2.54000000000000, 0.000000000000000 ) );
#2863 = VECTOR( '', #3551, 1000.00000000000 );
#2864 = CARTESIAN_POINT( '', ( 1.52000000000000, 2.54000000000000, -1.27000000000000 ) );
#2865 = CARTESIAN_POINT( '', ( 3.81000000000000, 2.54000000000000, -1.27000000000000 ) );
#2866 = VECTOR( '', #3552, 1000.00000000000 );
#2867 = CARTESIAN_POINT( '', ( 1.52000000000000, 2.54000000000000, 1.27000000000000 ) );
#2868 = CARTESIAN_POINT( '', ( 1.52000000000000, 2.54000000000000, 0.000000000000000 ) );
#2869 = VECTOR( '', #3553, 1000.00000000000 );
#2870 = CARTESIAN_POINT( '', ( -3.81000000000000, 2.54000000000000, 1.27000000000000 ) );
#2871 = VECTOR( '', #3554, 1000.00000000000 );
#2872 = COLOUR_RGB( '', 0.200000002980232, 0.200000002980232, 0.200000002980232 );
#2873 = CARTESIAN_POINT( '', ( 1.35000000000000, -2.20000000000000, -1.27000000000000 ) );
#2874 = CARTESIAN_POINT( '', ( 1.35000000000000, -2.20000000000000, -0.770000000000000 ) );
#2875 = CARTESIAN_POINT( '', ( 1.35000000000000, -2.20000000000000, -8.23380976240582 ) );
#2876 = VECTOR( '', #3555, 1000.00000000000 );
#2877 = CARTESIAN_POINT( '', ( 1.52000000000000, -2.54000000000000, -1.27000000000000 ) );
#2878 = CARTESIAN_POINT( '', ( 1.97800000000000, -3.45600000000000, -1.27000000000000 ) );
#2879 = VECTOR( '', #3556, 1000.00000000000 );
#2880 = CARTESIAN_POINT( '', ( 1.52000000000000, -2.54000000000000, 1.27000000000000 ) );
#2881 = CARTESIAN_POINT( '', ( 1.52000000000000, -2.54000000000000, -8.23380976240582 ) );
#2882 = VECTOR( '', #3557, 1000.00000000000 );
#2883 = CARTESIAN_POINT( '', ( 1.27000000000000, -2.04000000000000, 1.27000000000000 ) );
#2884 = CARTESIAN_POINT( '', ( 1.52000000000000, -2.54000000000000, 1.27000000000000 ) );
#2885 = VECTOR( '', #3558, 1000.00000000000 );
#2886 = CARTESIAN_POINT( '', ( 1.27000000000000, -2.04000000000000, -0.770000000000000 ) );
#2887 = CARTESIAN_POINT( '', ( 1.27000000000000, -2.04000000000000, -8.23380976240582 ) );
#2888 = VECTOR( '', #3559, 1000.00000000000 );
#2889 = CARTESIAN_POINT( '', ( 1.52000000000000, -2.54000000000000, -0.770000000000000 ) );
#2890 = VECTOR( '', #3560, 1000.00000000000 );
#2891 = COLOUR_RGB( '', 0.750000000000000, 0.569999992847443, 0.409999996423721 );
#2892 = CARTESIAN_POINT( '', ( -0.320000000000000, 6.61000000000000, -5.18000000000000 ) );
#2893 = CARTESIAN_POINT( '', ( -0.320000000000000, 6.81000000000000, -5.18000000000000 ) );
#2894 = VECTOR( '', #3561, 1000.00000000000 );
#2895 = CARTESIAN_POINT( '', ( 0.320000000000000, 6.61000000000000, -5.18000000000000 ) );
#2896 = VECTOR( '', #3562, 1000.00000000000 );
#2897 = COLOUR_RGB( '', 0.750000000000000, 0.569999992847443, 0.409999996423721 );
#2898 = CARTESIAN_POINT( '', ( -0.320000000000000, 6.61000000000000, -4.54000000000000 ) );
#2899 = CARTESIAN_POINT( '', ( -0.120000000000000, 6.81000000000000, -4.74000000000000 ) );
#2900 = CARTESIAN_POINT( '', ( 0.0266666666666668, 6.95666666666667, -4.88666666666667 ) );
#2901 = VECTOR( '', #3563, 1000.00000000000 );
#2902 = CARTESIAN_POINT( '', ( 0.320000000000000, 6.61000000000000, -4.54000000000000 ) );
#2903 = VECTOR( '', #3564, 1000.00000000000 );
#2904 = CARTESIAN_POINT( '', ( 0.120000000000000, 6.81000000000000, -4.74000000000000 ) );
#2905 = CARTESIAN_POINT( '', ( 0.320000000000000, 6.61000000000000, -4.54000000000000 ) );
#2906 = VECTOR( '', #3565, 999.999999999999 );
#2907 = CARTESIAN_POINT( '', ( 0.320000000000000, 6.81000000000000, -4.74000000000000 ) );
#2908 = VECTOR( '', #3566, 1000.00000000000 );
#2909 = COLOUR_RGB( '', 0.200000002980232, 0.200000002980232, 0.200000002980232 );
#2910 = CARTESIAN_POINT( '', ( -3.81000000000000, 2.04000000000000, -0.770000000000000 ) );
#2911 = CARTESIAN_POINT( '', ( -3.73000000000000, 2.20000000000000, -0.770000000000000 ) );
#2912 = CARTESIAN_POINT( '', ( -3.81000000000000, 2.04000000000000, -0.770000000000000 ) );
#2913 = VECTOR( '', #3567, 1000.00000000000 );
#2914 = CARTESIAN_POINT( '', ( -3.81000000000000, 2.04000000000000, 1.27000000000000 ) );
#2915 = CARTESIAN_POINT( '', ( -3.81000000000000, 2.04000000000000, -8.43540571022150 ) );
#2916 = VECTOR( '', #3568, 1000.00000000000 );
#2917 = CARTESIAN_POINT( '', ( -3.56000000000000, 2.54000000000000, 1.27000000000000 ) );
#2918 = CARTESIAN_POINT( '', ( -3.81000000000000, 2.04000000000000, 1.27000000000000 ) );
#2919 = VECTOR( '', #3569, 1000.00000000000 );
#2920 = CARTESIAN_POINT( '', ( -3.56000000000000, 2.54000000000000, -1.27000000000000 ) );
#2921 = CARTESIAN_POINT( '', ( -3.56000000000000, 2.54000000000000, 0.000000000000000 ) );
#2922 = VECTOR( '', #3570, 1000.00000000000 );
#2923 = CARTESIAN_POINT( '', ( -3.73000000000000, 2.20000000000000, -1.27000000000000 ) );
#2924 = CARTESIAN_POINT( '', ( -4.11800000000000, 1.42400000000000, -1.27000000000000 ) );
#2925 = VECTOR( '', #3571, 1000.00000000000 );
#2926 = CARTESIAN_POINT( '', ( -3.73000000000000, 2.20000000000000, -8.43540571022150 ) );
#2927 = VECTOR( '', #3572, 1000.00000000000 );
#2928 = COLOUR_RGB( '', 0.200000002980232, 0.200000002980232, 0.200000002980232 );
#2929 = CARTESIAN_POINT( '', ( -2.86000000000000, -0.950000000000000, -0.770000000000000 ) );
#2930 = CARTESIAN_POINT( '', ( -2.86000000000000, -0.950000000000000, 1.27000000000000 ) );
#2931 = CARTESIAN_POINT( '', ( -2.86000000000000, -0.950000000000000, -8.23380976240582 ) );
#2932 = VECTOR( '', #3573, 1000.00000000000 );
#2933 = CARTESIAN_POINT( '', ( -2.22000000000000, -0.950000000000000, -0.770000000000000 ) );
#2934 = CARTESIAN_POINT( '', ( -2.86000000000000, -0.950000000000000, -0.770000000000000 ) );
#2935 = VECTOR( '', #3574, 1000.00000000000 );
#2936 = CARTESIAN_POINT( '', ( -2.22000000000000, -0.950000000000000, 1.27000000000000 ) );
#2937 = CARTESIAN_POINT( '', ( -2.22000000000000, -0.950000000000000, -8.23380976240582 ) );
#2938 = VECTOR( '', #3575, 1000.00000000000 );
#2939 = CARTESIAN_POINT( '', ( -2.86000000000000, -0.950000000000000, 1.27000000000000 ) );
#2940 = VECTOR( '', #3576, 1000.00000000000 );
#2941 = COLOUR_RGB( '', 0.750000000000000, 0.569999992847443, 0.409999996423721 );
#2942 = CARTESIAN_POINT( '', ( -0.320000000000000, 4.07000000000000, -4.54000000000000 ) );
#2943 = CARTESIAN_POINT( '', ( -0.120000000000000, 4.27000000000000, -4.74000000000000 ) );
#2944 = CARTESIAN_POINT( '', ( 0.0266666666666668, 4.41666666666666, -4.88666666666667 ) );
#2945 = VECTOR( '', #3577, 1000.00000000000 );
#2946 = CARTESIAN_POINT( '', ( 0.320000000000000, 4.07000000000000, -4.54000000000000 ) );
#2947 = VECTOR( '', #3578, 1000.00000000000 );
#2948 = CARTESIAN_POINT( '', ( 0.320000000000000, 4.27000000000000, -4.74000000000000 ) );
#2949 = VECTOR( '', #3579, 1000.00000000000 );
#2950 = COLOUR_RGB( '', 0.200000002980232, 0.200000002980232, 0.200000002980232 );
#2951 = CARTESIAN_POINT( '', ( -1.52000000000000, -2.54000000000000, -1.27000000000000 ) );
#2952 = CARTESIAN_POINT( '', ( -3.56000000000000, -2.54000000000000, -1.27000000000000 ) );
#2953 = CARTESIAN_POINT( '', ( 3.81000000000000, -2.54000000000000, -1.27000000000000 ) );
#2954 = VECTOR( '', #3580, 1000.00000000000 );
#2955 = CARTESIAN_POINT( '', ( -1.52000000000000, -2.54000000000000, 1.27000000000000 ) );
#2956 = CARTESIAN_POINT( '', ( -1.52000000000000, -2.54000000000000, 0.000000000000000 ) );
#2957 = VECTOR( '', #3581, 1000.00000000000 );
#2958 = CARTESIAN_POINT( '', ( -3.56000000000000, -2.54000000000000, 1.27000000000000 ) );
#2959 = CARTESIAN_POINT( '', ( -3.81000000000000, -2.54000000000000, 1.27000000000000 ) );
#2960 = VECTOR( '', #3582, 1000.00000000000 );
#2961 = CARTESIAN_POINT( '', ( -3.56000000000000, -2.54000000000000, 0.000000000000000 ) );
#2962 = VECTOR( '', #3583, 1000.00000000000 );
#2963 = COLOUR_RGB( '', 0.200000002980232, 0.200000002980232, 0.200000002980232 );
#2964 = CARTESIAN_POINT( '', ( -2.22000000000000, -1.59000000000000, -0.770000000000000 ) );
#2965 = CARTESIAN_POINT( '', ( -2.22000000000000, -0.950000000000000, -0.770000000000000 ) );
#2966 = VECTOR( '', #3584, 1000.00000000000 );
#2967 = CARTESIAN_POINT( '', ( -2.22000000000000, -1.59000000000000, 1.27000000000000 ) );
#2968 = CARTESIAN_POINT( '', ( -2.22000000000000, -1.59000000000000, -8.23380976240582 ) );
#2969 = VECTOR( '', #3585, 1000.00000000000 );
#2970 = CARTESIAN_POINT( '', ( -2.22000000000000, -0.950000000000000, 1.27000000000000 ) );
#2971 = VECTOR( '', #3586, 1000.00000000000 );
#2972 = COLOUR_RGB( '', 0.200000002980232, 0.200000002980232, 0.200000002980232 );
#2973 = CARTESIAN_POINT( '', ( -0.320000000000000, -0.950000000000000, -0.770000000000000 ) );
#2974 = CARTESIAN_POINT( '', ( -0.320000000000000, -0.950000000000000, 1.27000000000000 ) );
#2975 = CARTESIAN_POINT( '', ( -0.320000000000000, -0.950000000000000, -8.23380976240582 ) );
#2976 = VECTOR( '', #3587, 1000.00000000000 );
#2977 = CARTESIAN_POINT( '', ( -0.320000000000000, -1.59000000000000, 1.27000000000000 ) );
#2978 = CARTESIAN_POINT( '', ( -0.320000000000000, -1.59000000000000, 1.27000000000000 ) );
#2979 = VECTOR( '', #3588, 1000.00000000000 );
#2980 = CARTESIAN_POINT( '', ( -0.320000000000000, -1.59000000000000, -0.770000000000000 ) );
#2981 = CARTESIAN_POINT( '', ( -0.320000000000000, -1.59000000000000, -8.23380976240582 ) );
#2982 = VECTOR( '', #3589, 1000.00000000000 );
#2983 = CARTESIAN_POINT( '', ( -0.320000000000000, -2.20000000000000, -0.770000000000000 ) );
#2984 = VECTOR( '', #3590, 1000.00000000000 );
#2985 = COLOUR_RGB( '', 0.200000002980232, 0.200000002980232, 0.200000002980232 );
#2986 = CARTESIAN_POINT( '', ( 0.320000000000000, -1.59000000000000, -0.770000000000000 ) );
#2987 = CARTESIAN_POINT( '', ( 0.320000000000000, -1.59000000000000, 1.27000000000000 ) );
#2988 = CARTESIAN_POINT( '', ( 0.320000000000000, -1.59000000000000, -8.23380976240582 ) );
#2989 = VECTOR( '', #3591, 1000.00000000000 );
#2990 = CARTESIAN_POINT( '', ( 0.320000000000000, -0.950000000000000, 1.27000000000000 ) );
#2991 = CARTESIAN_POINT( '', ( 0.320000000000000, -0.950000000000000, 1.27000000000000 ) );
#2992 = VECTOR( '', #3592, 1000.00000000000 );
#2993 = CARTESIAN_POINT( '', ( 0.320000000000000, -0.950000000000000, -0.770000000000000 ) );
#2994 = CARTESIAN_POINT( '', ( 0.320000000000000, -0.950000000000000, -8.23380976240582 ) );
#2995 = VECTOR( '', #3593, 1000.00000000000 );
#2996 = CARTESIAN_POINT( '', ( 0.320000000000000, -2.20000000000000, -0.770000000000000 ) );
#2997 = VECTOR( '', #3594, 1000.00000000000 );
#2998 = COLOUR_RGB( '', 0.200000002980232, 0.200000002980232, 0.200000002980232 );
#2999 = CARTESIAN_POINT( '', ( -3.73000000000000, -2.20000000000000, -1.27000000000000 ) );
#3000 = CARTESIAN_POINT( '', ( -2.08600000000000, -5.48800000000000, -1.27000000000000 ) );
#3001 = VECTOR( '', #3595, 1000.00000000000 );
#3002 = CARTESIAN_POINT( '', ( -1.35000000000000, -2.20000000000000, -1.27000000000000 ) );
#3003 = CARTESIAN_POINT( '', ( -5.69380976240582, -2.20000000000000, -1.27000000000000 ) );
#3004 = VECTOR( '', #3596, 1000.00000000000 );
#3005 = CARTESIAN_POINT( '', ( -0.454000000000006, -0.408000000000000, -1.27000000000000 ) );
#3006 = VECTOR( '', #3597, 1000.00000000000 );
#3007 = COLOUR_RGB( '', 0.200000002980232, 0.200000002980232, 0.200000002980232 );
#3008 = CARTESIAN_POINT( '', ( -0.320000000000000, 1.59000000000000, -0.770000000000000 ) );
#3009 = CARTESIAN_POINT( '', ( 0.320000000000000, 1.59000000000000, -0.770000000000000 ) );
#3010 = CARTESIAN_POINT( '', ( -5.69380976240582, 1.59000000000000, -0.770000000000000 ) );
#3011 = VECTOR( '', #3598, 1000.00000000000 );
#3012 = CARTESIAN_POINT( '', ( 0.320000000000000, 1.59000000000000, 1.27000000000000 ) );
#3013 = CARTESIAN_POINT( '', ( 0.320000000000000, 1.59000000000000, -8.23380976240582 ) );
#3014 = VECTOR( '', #3599, 1000.00000000000 );
#3015 = CARTESIAN_POINT( '', ( -0.320000000000000, 1.59000000000000, 1.27000000000000 ) );
#3016 = CARTESIAN_POINT( '', ( 0.320000000000000, 1.59000000000000, 1.27000000000000 ) );
#3017 = VECTOR( '', #3600, 1000.00000000000 );
#3018 = CARTESIAN_POINT( '', ( -0.320000000000000, 1.59000000000000, -8.23380976240582 ) );
#3019 = VECTOR( '', #3601, 1000.00000000000 );
#3020 = COLOUR_RGB( '', 0.200000002980232, 0.200000002980232, 0.200000002980232 );
#3021 = CARTESIAN_POINT( '', ( 3.56000000000000, -2.54000000000000, -1.27000000000000 ) );
#3022 = CARTESIAN_POINT( '', ( 3.81000000000000, -2.54000000000000, -1.27000000000000 ) );
#3023 = VECTOR( '', #3602, 1000.00000000000 );
#3024 = CARTESIAN_POINT( '', ( 3.56000000000000, -2.54000000000000, 1.27000000000000 ) );
#3025 = CARTESIAN_POINT( '', ( 3.56000000000000, -2.54000000000000, -8.43540571022150 ) );
#3026 = VECTOR( '', #3603, 1000.00000000000 );
#3027 = CARTESIAN_POINT( '', ( -3.81000000000000, -2.54000000000000, 1.27000000000000 ) );
#3028 = VECTOR( '', #3604, 1000.00000000000 );
#3029 = COLOUR_RGB( '', 0.200000002980232, 0.200000002980232, 0.200000002980232 );
#3030 = CARTESIAN_POINT( '', ( 1.02000000000000, 2.54000000000000, 1.27000000000000 ) );
#3031 = CARTESIAN_POINT( '', ( 1.02000000000000, 2.54000000000000, 0.000000000000000 ) );
#3032 = VECTOR( '', #3605, 1000.00000000000 );
#3033 = CARTESIAN_POINT( '', ( -1.02000000000000, 2.54000000000000, 1.27000000000000 ) );
#3034 = CARTESIAN_POINT( '', ( -1.02000000000000, 2.54000000000000, 0.000000000000000 ) );
#3035 = VECTOR( '', #3606, 1000.00000000000 );
#3036 = CARTESIAN_POINT( '', ( -3.81000000000000, 2.54000000000000, 1.27000000000000 ) );
#3037 = VECTOR( '', #3607, 1000.00000000000 );
#3038 = COLOUR_RGB( '', 0.200000002980232, 0.200000002980232, 0.200000002980232 );
#3039 = CARTESIAN_POINT( '', ( -1.35000000000000, -2.20000000000000, -0.770000000000000 ) );
#3040 = CARTESIAN_POINT( '', ( -1.35000000000000, -2.20000000000000, -8.23380976240582 ) );
#3041 = VECTOR( '', #3608, 1000.00000000000 );
#3042 = CARTESIAN_POINT( '', ( -1.27000000000000, -2.04000000000000, -0.770000000000000 ) );
#3043 = CARTESIAN_POINT( '', ( -1.27000000000000, -2.04000000000000, -0.770000000000000 ) );
#3044 = VECTOR( '', #3609, 1000.00000000000 );
#3045 = CARTESIAN_POINT( '', ( -1.27000000000000, -2.04000000000000, 1.27000000000000 ) );
#3046 = CARTESIAN_POINT( '', ( -1.27000000000000, -2.04000000000000, -8.23380976240582 ) );
#3047 = VECTOR( '', #3610, 1000.00000000000 );
#3048 = CARTESIAN_POINT( '', ( -1.27000000000000, -2.04000000000000, 1.27000000000000 ) );
#3049 = VECTOR( '', #3611, 1000.00000000000 );
#3050 = COLOUR_RGB( '', 0.200000002980232, 0.200000002980232, 0.200000002980232 );
#3051 = CARTESIAN_POINT( '', ( -3.73000000000000, -2.20000000000000, -0.770000000000000 ) );
#3052 = CARTESIAN_POINT( '', ( -3.73000000000000, -2.20000000000000, -8.43540571022150 ) );
#3053 = VECTOR( '', #3612, 1000.00000000000 );
#3054 = CARTESIAN_POINT( '', ( -5.69380976240582, -2.20000000000000, -0.770000000000000 ) );
#3055 = VECTOR( '', #3613, 1000.00000000000 );
#3056 = COLOUR_RGB( '', 0.750000000000000, 0.569999992847443, 0.409999996423721 );
#3057 = CARTESIAN_POINT( '', ( -0.320000000000000, -0.320000000000000, 4.98000000000000 ) );
#3058 = CARTESIAN_POINT( '', ( -0.120000000000000, -0.120000000000000, 5.18000000000000 ) );
#3059 = CARTESIAN_POINT( '', ( -0.106666666666666, -0.106666666666665, 5.19333333333333 ) );
#3060 = VECTOR( '', #3614, 1000.00000000000 );
#3061 = CARTESIAN_POINT( '', ( 0.320000000000000, -0.320000000000000, 4.98000000000000 ) );
#3062 = CARTESIAN_POINT( '', ( 0.320000000000000, -0.320000000000000, 4.98000000000000 ) );
#3063 = VECTOR( '', #3615, 1000.00000000000 );
#3064 = CARTESIAN_POINT( '', ( 0.120000000000000, -0.120000000000000, 5.18000000000000 ) );
#3065 = CARTESIAN_POINT( '', ( -0.0133333333333325, 0.0133333333333321, 5.31333333333333 ) );
#3066 = VECTOR( '', #3616, 1000.00000000000 );
#3067 = CARTESIAN_POINT( '', ( 0.320000000000000, -0.120000000000000, 5.18000000000000 ) );
#3068 = VECTOR( '', #3617, 1000.00000000000 );
#3069 = COLOUR_RGB( '', 0.200000002980232, 0.200000002980232, 0.200000002980232 );
#3070 = CARTESIAN_POINT( '', ( -1.27000000000000, 2.04000000000000, -0.770000000000000 ) );
#3071 = CARTESIAN_POINT( '', ( -1.19000000000000, 2.20000000000000, -0.770000000000000 ) );
#3072 = CARTESIAN_POINT( '', ( -1.27000000000000, 2.04000000000000, -0.770000000000000 ) );
#3073 = VECTOR( '', #3618, 1000.00000000000 );
#3074 = CARTESIAN_POINT( '', ( -1.27000000000000, 2.04000000000000, 1.27000000000000 ) );
#3075 = CARTESIAN_POINT( '', ( -1.27000000000000, 2.04000000000000, -8.23380976240582 ) );
#3076 = VECTOR( '', #3619, 1000.00000000000 );
#3077 = CARTESIAN_POINT( '', ( -1.27000000000000, 2.04000000000000, 1.27000000000000 ) );
#3078 = VECTOR( '', #3620, 1000.00000000000 );
#3079 = CARTESIAN_POINT( '', ( -1.19000000000000, 2.20000000000000, -8.23380976240582 ) );
#3080 = VECTOR( '', #3621, 1000.00000000000 );
#3081 = COLOUR_RGB( '', 0.200000002980232, 0.200000002980232, 0.200000002980232 );
#3082 = CARTESIAN_POINT( '', ( -2.86000000000000, -1.59000000000000, -0.770000000000000 ) );
#3083 = CARTESIAN_POINT( '', ( -2.86000000000000, -1.59000000000000, 1.27000000000000 ) );
#3084 = CARTESIAN_POINT( '', ( -2.86000000000000, -1.59000000000000, -8.23380976240582 ) );
#3085 = VECTOR( '', #3622, 1000.00000000000 );
#3086 = CARTESIAN_POINT( '', ( -2.86000000000000, -1.59000000000000, -0.770000000000000 ) );
#3087 = VECTOR( '', #3623, 1000.00000000000 );
#3088 = CARTESIAN_POINT( '', ( -2.86000000000000, -1.59000000000000, 1.27000000000000 ) );
#3089 = VECTOR( '', #3624, 1000.00000000000 );
#3090 = COLOUR_RGB( '', 0.200000002980232, 0.200000002980232, 0.200000002980232 );
#3091 = CARTESIAN_POINT( '', ( 1.19000000000000, 2.20000000000000, -0.770000000000000 ) );
#3092 = CARTESIAN_POINT( '', ( 1.27000000000000, 2.04000000000000, -0.770000000000000 ) );
#3093 = CARTESIAN_POINT( '', ( 1.02000000000000, 2.54000000000000, -0.770000000000000 ) );
#3094 = VECTOR( '', #3625, 1000.00000000000 );
#3095 = CARTESIAN_POINT( '', ( 1.19000000000000, 2.20000000000000, -8.23380976240582 ) );
#3096 = VECTOR( '', #3626, 1000.00000000000 );
#3097 = CARTESIAN_POINT( '', ( 1.27000000000000, 2.04000000000000, 1.27000000000000 ) );
#3098 = CARTESIAN_POINT( '', ( 1.02000000000000, 2.54000000000000, 1.27000000000000 ) );
#3099 = VECTOR( '', #3627, 1000.00000000000 );
#3100 = CARTESIAN_POINT( '', ( 1.27000000000000, 2.04000000000000, -8.23380976240582 ) );
#3101 = VECTOR( '', #3628, 1000.00000000000 );
#3102 = COLOUR_RGB( '', 0.200000002980232, 0.200000002980232, 0.200000002980232 );
#3103 = CARTESIAN_POINT( '', ( -3.81000000000000, -2.04000000000000, -0.770000000000000 ) );
#3104 = CARTESIAN_POINT( '', ( -3.81000000000000, -2.54000000000000, -0.770000000000000 ) );
#3105 = VECTOR( '', #3629, 1000.00000000000 );
#3106 = CARTESIAN_POINT( '', ( -3.81000000000000, -2.04000000000000, 1.27000000000000 ) );
#3107 = CARTESIAN_POINT( '', ( -3.81000000000000, -2.04000000000000, -8.43540571022150 ) );
#3108 = VECTOR( '', #3630, 1000.00000000000 );
#3109 = CARTESIAN_POINT( '', ( -3.81000000000000, -2.54000000000000, 1.27000000000000 ) );
#3110 = VECTOR( '', #3631, 1000.00000000000 );
#3111 = COLOUR_RGB( '', 0.750000000000000, 0.569999992847443, 0.409999996423721 );
#3112 = CARTESIAN_POINT( '', ( 0.120000000000000, 6.81000000000000, -4.98000000000000 ) );
#3113 = CARTESIAN_POINT( '', ( -0.0133333333333327, 6.94333333333333, -4.84666666666667 ) );
#3114 = VECTOR( '', #3632, 999.999999999999 );
#3115 = CARTESIAN_POINT( '', ( 0.120000000000000, 6.81000000000000, -5.18000000000000 ) );
#3116 = VECTOR( '', #3633, 1000.00000000000 );
#3117 = COLOUR_RGB( '', 0.750000000000000, 0.569999992847443, 0.409999996423721 );
#3118 = CARTESIAN_POINT( '', ( 0.320000000000000, 0.320000000000000, 4.98000000000000 ) );
#3119 = CARTESIAN_POINT( '', ( 0.320000000000000, 0.680000000000000, 4.98000000000000 ) );
#3120 = VECTOR( '', #3634, 1000.00000000000 );
#3121 = CARTESIAN_POINT( '', ( 0.120000000000000, 0.120000000000000, 5.18000000000000 ) );
#3122 = CARTESIAN_POINT( '', ( 0.440000000000000, 0.440000000000000, 4.86000000000000 ) );
#3123 = VECTOR( '', #3635, 1000.00000000000 );
#3124 = CARTESIAN_POINT( '', ( 0.120000000000000, 0.320000000000000, 5.18000000000000 ) );
#3125 = VECTOR( '', #3636, 1000.00000000000 );
#3126 = COLOUR_RGB( '', 0.750000000000000, 0.569999992847443, 0.409999996423721 );
#3127 = CARTESIAN_POINT( '', ( 0.320000000000000, -0.320000000000000, 7.52000000000000 ) );
#3128 = VECTOR( '', #3637, 1000.00000000000 );
#3129 = CARTESIAN_POINT( '', ( 0.120000000000000, -0.119999999999998, 7.72000000000000 ) );
#3130 = CARTESIAN_POINT( '', ( -0.0133333333333327, 0.0133333333333336, 7.85333333333333 ) );
#3131 = VECTOR( '', #3638, 1000.00000000000 );
#3132 = CARTESIAN_POINT( '', ( 0.320000000000000, -0.119999999999998, 7.72000000000000 ) );
#3133 = VECTOR( '', #3639, 1000.00000000000 );
#3134 = COLOUR_RGB( '', 0.200000002980232, 0.200000002980232, 0.200000002980232 );
#3135 = CARTESIAN_POINT( '', ( -2.22000000000000, 0.950000000000000, -0.770000000000000 ) );
#3136 = CARTESIAN_POINT( '', ( -2.86000000000000, 0.950000000000000, -0.770000000000000 ) );
#3137 = CARTESIAN_POINT( '', ( -5.69380976240582, 0.950000000000000, -0.770000000000000 ) );
#3138 = VECTOR( '', #3640, 1000.00000000000 );
#3139 = CARTESIAN_POINT( '', ( -2.86000000000000, 0.950000000000000, 1.27000000000000 ) );
#3140 = CARTESIAN_POINT( '', ( -2.86000000000000, 0.950000000000000, -8.23380976240582 ) );
#3141 = VECTOR( '', #3641, 1000.00000000000 );
#3142 = CARTESIAN_POINT( '', ( -2.22000000000000, 0.950000000000000, 1.27000000000000 ) );
#3143 = CARTESIAN_POINT( '', ( -2.86000000000000, 0.950000000000000, 1.27000000000000 ) );
#3144 = VECTOR( '', #3642, 1000.00000000000 );
#3145 = CARTESIAN_POINT( '', ( -2.22000000000000, 0.950000000000000, -8.23380976240582 ) );
#3146 = VECTOR( '', #3643, 1000.00000000000 );
#3147 = COLOUR_RGB( '', 0.200000002980232, 0.200000002980232, 0.200000002980232 );
#3148 = CARTESIAN_POINT( '', ( 0.320000000000000, 0.950000000000000, -0.770000000000000 ) );
#3149 = CARTESIAN_POINT( '', ( -0.320000000000000, 0.950000000000000, -0.770000000000000 ) );
#3150 = CARTESIAN_POINT( '', ( -5.69380976240582, 0.950000000000000, -0.770000000000000 ) );
#3151 = VECTOR( '', #3644, 1000.00000000000 );
#3152 = CARTESIAN_POINT( '', ( -0.320000000000000, 0.950000000000000, 1.27000000000000 ) );
#3153 = CARTESIAN_POINT( '', ( -0.320000000000000, 0.950000000000000, -8.23380976240582 ) );
#3154 = VECTOR( '', #3645, 1000.00000000000 );
#3155 = CARTESIAN_POINT( '', ( 0.320000000000000, 0.950000000000000, 1.27000000000000 ) );
#3156 = CARTESIAN_POINT( '', ( -0.320000000000000, 0.950000000000000, 1.27000000000000 ) );
#3157 = VECTOR( '', #3646, 1000.00000000000 );
#3158 = CARTESIAN_POINT( '', ( 0.320000000000000, 0.950000000000000, -8.23380976240582 ) );
#3159 = VECTOR( '', #3647, 1000.00000000000 );
#3160 = COLOUR_RGB( '', 0.750000000000000, 0.569999992847443, 0.409999996423721 );
#3161 = CARTESIAN_POINT( '', ( -0.120000000000000, 4.27000000000000, -4.98000000000000 ) );
#3162 = CARTESIAN_POINT( '', ( -0.120000000000000, 4.27000000000000, -4.54000000000000 ) );
#3163 = VECTOR( '', #3648, 1000.00000000000 );
#3164 = CARTESIAN_POINT( '', ( -0.320000000000000, 4.07000000000000, -5.18000000000000 ) );
#3165 = CARTESIAN_POINT( '', ( -0.186666666666667, 4.20333333333333, -5.04666666666667 ) );
#3166 = VECTOR( '', #3649, 1000.00000000000 );
#3167 = CARTESIAN_POINT( '', ( -0.320000000000000, 4.07000000000000, -5.18000000000000 ) );
#3168 = VECTOR( '', #3650, 1000.00000000000 );
#3169 = COLOUR_RGB( '', 0.200000002980232, 0.200000002980232, 0.200000002980232 );
#3170 = CARTESIAN_POINT( '', ( -1.19000000000000, -2.20000000000000, -1.27000000000000 ) );
#3171 = CARTESIAN_POINT( '', ( -1.19000000000000, -2.20000000000000, -0.770000000000000 ) );
#3172 = CARTESIAN_POINT( '', ( -1.19000000000000, -2.20000000000000, -8.23380976240582 ) );
#3173 = VECTOR( '', #3651, 1000.00000000000 );
#3174 = CARTESIAN_POINT( '', ( -1.02000000000000, -2.54000000000000, -1.27000000000000 ) );
#3175 = CARTESIAN_POINT( '', ( -0.0540000000000050, -4.47200000000000, -1.27000000000000 ) );
#3176 = VECTOR( '', #3652, 1000.00000000000 );
#3177 = CARTESIAN_POINT( '', ( -1.02000000000000, -2.54000000000000, 1.27000000000000 ) );
#3178 = CARTESIAN_POINT( '', ( -1.02000000000000, -2.54000000000000, 0.000000000000000 ) );
#3179 = VECTOR( '', #3653, 1000.00000000000 );
#3180 = CARTESIAN_POINT( '', ( -1.02000000000000, -2.54000000000000, 1.27000000000000 ) );
#3181 = VECTOR( '', #3654, 1000.00000000000 );
#3182 = CARTESIAN_POINT( '', ( -1.02000000000000, -2.54000000000000, -0.770000000000000 ) );
#3183 = VECTOR( '', #3655, 1000.00000000000 );
#3184 = COLOUR_RGB( '', 0.200000002980232, 0.200000002980232, 0.200000002980232 );
#3185 = CARTESIAN_POINT( '', ( -0.320000000000000, -2.20000000000000, -0.770000000000000 ) );
#3186 = VECTOR( '', #3656, 1000.00000000000 );
#3187 = CARTESIAN_POINT( '', ( -0.320000000000000, 1.59000000000000, 1.27000000000000 ) );
#3188 = VECTOR( '', #3657, 1000.00000000000 );
#3189 = COLOUR_RGB( '', 0.200000002980232, 0.200000002980232, 0.200000002980232 );
#3190 = CARTESIAN_POINT( '', ( 2.86000000000000, 1.59000000000000, -0.770000000000000 ) );
#3191 = CARTESIAN_POINT( '', ( 2.86000000000000, 0.950000000000000, -0.770000000000000 ) );
#3192 = CARTESIAN_POINT( '', ( 2.86000000000000, -2.20000000000000, -0.770000000000000 ) );
#3193 = VECTOR( '', #3658, 1000.00000000000 );
#3194 = CARTESIAN_POINT( '', ( 2.86000000000000, 0.950000000000000, 1.27000000000000 ) );
#3195 = CARTESIAN_POINT( '', ( 2.86000000000000, 0.950000000000000, -8.23380976240582 ) );
#3196 = VECTOR( '', #3659, 1000.00000000000 );
#3197 = CARTESIAN_POINT( '', ( 2.86000000000000, 1.59000000000000, 1.27000000000000 ) );
#3198 = CARTESIAN_POINT( '', ( 2.86000000000000, 0.950000000000000, 1.27000000000000 ) );
#3199 = VECTOR( '', #3660, 1000.00000000000 );
#3200 = CARTESIAN_POINT( '', ( 2.86000000000000, 1.59000000000000, -8.23380976240582 ) );
#3201 = VECTOR( '', #3661, 1000.00000000000 );
#3202 = COLOUR_RGB( '', 0.200000002980232, 0.200000002980232, 0.200000002980232 );
#3203 = CARTESIAN_POINT( '', ( 2.22000000000000, 0.950000000000000, -0.770000000000000 ) );
#3204 = CARTESIAN_POINT( '', ( -5.69380976240582, 0.950000000000000, -0.770000000000000 ) );
#3205 = VECTOR( '', #3662, 1000.00000000000 );
#3206 = CARTESIAN_POINT( '', ( 2.22000000000000, 0.950000000000000, 1.27000000000000 ) );
#3207 = CARTESIAN_POINT( '', ( 2.22000000000000, 0.950000000000000, -8.23380976240582 ) );
#3208 = VECTOR( '', #3663, 1000.00000000000 );
#3209 = CARTESIAN_POINT( '', ( 2.22000000000000, 0.950000000000000, 1.27000000000000 ) );
#3210 = VECTOR( '', #3664, 1000.00000000000 );
#3211 = COLOUR_RGB( '', 0.200000002980232, 0.200000002980232, 0.200000002980232 );
#3212 = CARTESIAN_POINT( '', ( 3.81000000000000, -2.04000000000000, -0.770000000000000 ) );
#3213 = CARTESIAN_POINT( '', ( 3.81000000000000, -2.04000000000000, 1.27000000000000 ) );
#3214 = CARTESIAN_POINT( '', ( 3.81000000000000, -2.04000000000000, -8.43540571022150 ) );
#3215 = VECTOR( '', #3665, 1000.00000000000 );
#3216 = CARTESIAN_POINT( '', ( 3.81000000000000, 2.04000000000000, -0.770000000000000 ) );
#3217 = CARTESIAN_POINT( '', ( 3.81000000000000, -2.20000000000000, -0.770000000000000 ) );
#3218 = VECTOR( '', #3666, 1000.00000000000 );
#3219 = CARTESIAN_POINT( '', ( 3.81000000000000, 2.04000000000000, 1.27000000000000 ) );
#3220 = CARTESIAN_POINT( '', ( 3.81000000000000, 2.04000000000000, -8.43540571022150 ) );
#3221 = VECTOR( '', #3667, 1000.00000000000 );
#3222 = CARTESIAN_POINT( '', ( 3.81000000000000, -2.54000000000000, 1.27000000000000 ) );
#3223 = VECTOR( '', #3668, 1000.00000000000 );
#3224 = COLOUR_RGB( '', 0.750000000000000, 0.569999992847443, 0.409999996423721 );
#3225 = CARTESIAN_POINT( '', ( 0.320000000000000, 0.680000000000000, -4.54000000000000 ) );
#3226 = CARTESIAN_POINT( '', ( 0.320000000000000, 4.27000000000000, -4.54000000000000 ) );
#3227 = VECTOR( '', #3669, 1000.00000000000 );
#3228 = CARTESIAN_POINT( '', ( -0.320000000000000, 0.680000000000000, -4.54000000000000 ) );
#3229 = CARTESIAN_POINT( '', ( -0.320000000000000, 4.27000000000000, -4.54000000000000 ) );
#3230 = VECTOR( '', #3670, 1000.00000000000 );
#3231 = CARTESIAN_POINT( '', ( 0.320000000000000, 0.680000000000000, -4.54000000000000 ) );
#3232 = VECTOR( '', #3671, 1000.00000000000 );
#3233 = COLOUR_RGB( '', 0.200000002980232, 0.200000002980232, 0.200000002980232 );
#3234 = CARTESIAN_POINT( '', ( 3.73000000000000, -2.20000000000000, -0.770000000000000 ) );
#3235 = CARTESIAN_POINT( '', ( 3.73000000000000, -2.20000000000000, -1.27000000000000 ) );
#3236 = CARTESIAN_POINT( '', ( 3.73000000000000, -2.20000000000000, -8.43540571022150 ) );
#3237 = VECTOR( '', #3672, 1000.00000000000 );
#3238 = CARTESIAN_POINT( '', ( 3.81000000000000, -2.04000000000000, -0.770000000000000 ) );
#3239 = VECTOR( '', #3673, 1000.00000000000 );
#3240 = CARTESIAN_POINT( '', ( 3.81000000000000, -2.04000000000000, 1.27000000000000 ) );
#3241 = VECTOR( '', #3674, 1000.00000000000 );
#3242 = CARTESIAN_POINT( '', ( 3.61000000000000, -2.44000000000000, -1.27000000000000 ) );
#3243 = VECTOR( '', #3675, 1000.00000000000 );
#3244 = COLOUR_RGB( '', 0.750000000000000, 0.569999992847443, 0.409999996423721 );
#3245 = CARTESIAN_POINT( '', ( -0.120000000000000, 6.81000000000000, -4.98000000000000 ) );
#3246 = CARTESIAN_POINT( '', ( -0.186666666666667, 6.74333333333333, -5.04666666666667 ) );
#3247 = VECTOR( '', #3676, 1000.00000000000 );
#3248 = CARTESIAN_POINT( '', ( 0.320000000000000, 6.81000000000000, -4.98000000000000 ) );
#3249 = VECTOR( '', #3677, 1000.00000000000 );
#3250 = COLOUR_RGB( '', 0.200000002980232, 0.200000002980232, 0.200000002980232 );
#3251 = CARTESIAN_POINT( '', ( -1.35000000000000, 2.20000000000000, -1.27000000000000 ) );
#3252 = CARTESIAN_POINT( '', ( -5.69380976240582, 2.20000000000000, -1.27000000000000 ) );
#3253 = VECTOR( '', #3678, 1000.00000000000 );
#3254 = CARTESIAN_POINT( '', ( -1.35000000000000, 2.20000000000000, -0.770000000000000 ) );
#3255 = CARTESIAN_POINT( '', ( -1.35000000000000, 2.20000000000000, -8.23380976240582 ) );
#3256 = VECTOR( '', #3679, 1000.00000000000 );
#3257 = CARTESIAN_POINT( '', ( -5.69380976240582, 2.20000000000000, -0.770000000000000 ) );
#3258 = VECTOR( '', #3680, 1000.00000000000 );
#3259 = COLOUR_RGB( '', 0.200000002980232, 0.200000002980232, 0.200000002980232 );
#3260 = CARTESIAN_POINT( '', ( 2.22000000000000, 1.59000000000000, -0.770000000000000 ) );
#3261 = CARTESIAN_POINT( '', ( -5.69380976240582, 1.59000000000000, -0.770000000000000 ) );
#3262 = VECTOR( '', #3681, 1000.00000000000 );
#3263 = CARTESIAN_POINT( '', ( 2.22000000000000, 1.59000000000000, 1.27000000000000 ) );
#3264 = CARTESIAN_POINT( '', ( 2.86000000000000, 1.59000000000000, 1.27000000000000 ) );
#3265 = VECTOR( '', #3682, 1000.00000000000 );
#3266 = CARTESIAN_POINT( '', ( 2.22000000000000, 1.59000000000000, -8.23380976240582 ) );
#3267 = VECTOR( '', #3683, 1000.00000000000 );
#3268 = COLOUR_RGB( '', 0.750000000000000, 0.569999992847443, 0.409999996423721 );
#3269 = CARTESIAN_POINT( '', ( -0.320000000000000, 0.680000000000000, -4.54000000000000 ) );
#3270 = CARTESIAN_POINT( '', ( -0.320000000000000, 6.81000000000000, -4.54000000000000 ) );
#3271 = VECTOR( '', #3684, 1000.00000000000 );
#3272 = CARTESIAN_POINT( '', ( 0.320000000000000, 0.680000000000000, -4.54000000000000 ) );
#3273 = VECTOR( '', #3685, 1000.00000000000 );
#3274 = COLOUR_RGB( '', 0.750000000000000, 0.569999992847443, 0.409999996423721 );
#3275 = CARTESIAN_POINT( '', ( -0.120000000000000, 6.81000000000000, -4.54000000000000 ) );
#3276 = VECTOR( '', #3686, 1000.00000000000 );
#3277 = COLOUR_RGB( '', 0.750000000000000, 0.569999992847443, 0.409999996423721 );
#3278 = CARTESIAN_POINT( '', ( -0.120000000000000, 0.120000000000000, 5.18000000000000 ) );
#3279 = CARTESIAN_POINT( '', ( -0.120000000000000, -0.320000000000000, 5.18000000000000 ) );
#3280 = VECTOR( '', #3687, 1000.00000000000 );
#3281 = CARTESIAN_POINT( '', ( -0.320000000000000, 0.320000000000000, 4.98000000000000 ) );
#3282 = CARTESIAN_POINT( '', ( -0.186666666666667, 0.186666666666667, 5.11333333333333 ) );
#3283 = VECTOR( '', #3688, 1000.00000000000 );
#3284 = CARTESIAN_POINT( '', ( -0.320000000000000, 0.320000000000000, 4.98000000000000 ) );
#3285 = VECTOR( '', #3689, 1000.00000000000 );
#3286 = COLOUR_RGB( '', 0.200000002980232, 0.200000002980232, 0.200000002980232 );
#3287 = CARTESIAN_POINT( '', ( 2.22000000000000, -2.20000000000000, -0.770000000000000 ) );
#3288 = VECTOR( '', #3690, 1000.00000000000 );
#3289 = CARTESIAN_POINT( '', ( 0.320000000000000, -2.20000000000000, -0.770000000000000 ) );
#3290 = VECTOR( '', #3691, 1000.00000000000 );
#3291 = CARTESIAN_POINT( '', ( -2.86000000000000, 1.59000000000000, -0.770000000000000 ) );
#3292 = CARTESIAN_POINT( '', ( -2.22000000000000, 1.59000000000000, -0.770000000000000 ) );
#3293 = CARTESIAN_POINT( '', ( -5.69380976240582, 1.59000000000000, -0.770000000000000 ) );
#3294 = VECTOR( '', #3692, 1000.00000000000 );
#3295 = CARTESIAN_POINT( '', ( -2.86000000000000, -2.20000000000000, -0.770000000000000 ) );
#3296 = VECTOR( '', #3693, 1000.00000000000 );
#3297 = CARTESIAN_POINT( '', ( -2.22000000000000, -2.20000000000000, -0.770000000000000 ) );
#3298 = VECTOR( '', #3694, 1000.00000000000 );
#3299 = CARTESIAN_POINT( '', ( -5.69380976240582, -0.950000000000000, -0.770000000000000 ) );
#3300 = VECTOR( '', #3695, 1000.00000000000 );
#3301 = CARTESIAN_POINT( '', ( -5.69380976240582, -1.59000000000000, -0.770000000000000 ) );
#3302 = VECTOR( '', #3696, 1000.00000000000 );
#3303 = CARTESIAN_POINT( '', ( -3.56000000000000, -2.54000000000000, -0.770000000000000 ) );
#3304 = VECTOR( '', #3697, 1000.00000000000 );
#3305 = CARTESIAN_POINT( '', ( -1.52000000000000, 2.54000000000000, -0.770000000000000 ) );
#3306 = VECTOR( '', #3698, 1000.00000000000 );
#3307 = CARTESIAN_POINT( '', ( -5.69380976240582, 2.20000000000000, -0.770000000000000 ) );
#3308 = VECTOR( '', #3699, 1000.00000000000 );
#3309 = CARTESIAN_POINT( '', ( 1.35000000000000, 2.20000000000000, -0.770000000000000 ) );
#3310 = CARTESIAN_POINT( '', ( 1.27000000000000, 2.04000000000000, -0.770000000000000 ) );
#3311 = VECTOR( '', #3700, 1000.00000000000 );
#3312 = CARTESIAN_POINT( '', ( 3.73000000000000, 2.20000000000000, -0.770000000000000 ) );
#3313 = CARTESIAN_POINT( '', ( -5.69380976240582, 2.20000000000000, -0.770000000000000 ) );
#3314 = VECTOR( '', #3701, 1000.00000000000 );
#3315 = CARTESIAN_POINT( '', ( 3.56000000000000, 2.54000000000000, -0.770000000000000 ) );
#3316 = VECTOR( '', #3702, 1000.00000000000 );
#3317 = CARTESIAN_POINT( '', ( -5.69380976240582, -2.20000000000000, -0.770000000000000 ) );
#3318 = VECTOR( '', #3703, 1000.00000000000 );
#3319 = CARTESIAN_POINT( '', ( 1.19000000000000, -2.20000000000000, -0.770000000000000 ) );
#3320 = CARTESIAN_POINT( '', ( 1.27000000000000, -2.04000000000000, -0.770000000000000 ) );
#3321 = VECTOR( '', #3704, 1000.00000000000 );
#3322 = CARTESIAN_POINT( '', ( -5.69380976240582, -2.20000000000000, -0.770000000000000 ) );
#3323 = VECTOR( '', #3705, 1000.00000000000 );
#3324 = CARTESIAN_POINT( '', ( -2.22000000000000, -1.59000000000000, -0.770000000000000 ) );
#3325 = VECTOR( '', #3706, 1000.00000000000 );
#3326 = CARTESIAN_POINT( '', ( 2.22000000000000, -0.950000000000000, -0.770000000000000 ) );
#3327 = CARTESIAN_POINT( '', ( -5.69380976240582, -0.950000000000000, -0.770000000000000 ) );
#3328 = VECTOR( '', #3707, 1000.00000000000 );
#3329 = CARTESIAN_POINT( '', ( 2.22000000000000, -1.59000000000000, -0.770000000000000 ) );
#3330 = CARTESIAN_POINT( '', ( 2.22000000000000, -2.20000000000000, -0.770000000000000 ) );
#3331 = VECTOR( '', #3708, 1000.00000000000 );
#3332 = CARTESIAN_POINT( '', ( -5.69380976240582, -1.59000000000000, -0.770000000000000 ) );
#3333 = VECTOR( '', #3709, 1000.00000000000 );
#3334 = COLOUR_RGB( '', 0.200000002980232, 0.200000002980232, 0.200000002980232 );
#3335 = CARTESIAN_POINT( '', ( -1.52000000000000, 2.54000000000000, -1.27000000000000 ) );
#3336 = CARTESIAN_POINT( '', ( 1.57800000000000, -3.65600000000000, -1.27000000000000 ) );
#3337 = VECTOR( '', #3710, 1000.00000000000 );
#3338 = CARTESIAN_POINT( '', ( -1.52000000000000, 2.54000000000000, 1.27000000000000 ) );
#3339 = CARTESIAN_POINT( '', ( -1.52000000000000, 2.54000000000000, 0.000000000000000 ) );
#3340 = VECTOR( '', #3711, 1000.00000000000 );
#3341 = CARTESIAN_POINT( '', ( -1.52000000000000, 2.54000000000000, 1.27000000000000 ) );
#3342 = VECTOR( '', #3712, 1000.00000000000 );
#3343 = COLOUR_RGB( '', 0.200000002980232, 0.200000002980232, 0.200000002980232 );
#3344 = CARTESIAN_POINT( '', ( 2.22000000000000, -0.950000000000000, 1.27000000000000 ) );
#3345 = CARTESIAN_POINT( '', ( 2.22000000000000, -0.950000000000000, -8.23380976240582 ) );
#3346 = VECTOR( '', #3713, 1000.00000000000 );
#3347 = CARTESIAN_POINT( '', ( 2.22000000000000, -1.59000000000000, 1.27000000000000 ) );
#3348 = CARTESIAN_POINT( '', ( 2.22000000000000, -1.59000000000000, 1.27000000000000 ) );
#3349 = VECTOR( '', #3714, 1000.00000000000 );
#3350 = CARTESIAN_POINT( '', ( 2.22000000000000, -1.59000000000000, -8.23380976240582 ) );
#3351 = VECTOR( '', #3715, 1000.00000000000 );
#3352 = COLOUR_RGB( '', 0.750000000000000, 0.569999992847443, 0.409999996423721 );
#3353 = CARTESIAN_POINT( '', ( -0.320000000000000, 0.320000000000000, -4.18000000000000 ) );
#3354 = CARTESIAN_POINT( '', ( -0.320000000000000, 0.320000000000000, -4.18000000000000 ) );
#3355 = VECTOR( '', #3716, 1000.00000000000 );
#3356 = CARTESIAN_POINT( '', ( 0.320000000000000, 0.320000000000000, 4.98000000000000 ) );
#3357 = VECTOR( '', #3717, 1000.00000000000 );
#3358 = CARTESIAN_POINT( '', ( 0.320000000000000, 0.320000000000000, -4.18000000000000 ) );
#3359 = CARTESIAN_POINT( '', ( 0.320000000000000, 0.320000000000000, -4.18000000000000 ) );
#3360 = VECTOR( '', #3718, 1000.00000000000 );
#3361 = CARTESIAN_POINT( '', ( 0.320000000000000, 0.320000000000000, -4.18000000000000 ) );
#3362 = VECTOR( '', #3719, 1000.00000000000 );
#3363 = COLOUR_RGB( '', 0.200000002980232, 0.200000002980232, 0.200000002980232 );
#3364 = CARTESIAN_POINT( '', ( -2.22000000000000, 1.59000000000000, 1.27000000000000 ) );
#3365 = CARTESIAN_POINT( '', ( -2.22000000000000, 0.950000000000000, 1.27000000000000 ) );
#3366 = VECTOR( '', #3720, 1000.00000000000 );
#3367 = CARTESIAN_POINT( '', ( -2.22000000000000, 1.59000000000000, -8.23380976240582 ) );
#3368 = VECTOR( '', #3721, 1000.00000000000 );
#3369 = COLOUR_RGB( '', 0.200000002980232, 0.200000002980232, 0.200000002980232 );
#3370 = CARTESIAN_POINT( '', ( 3.73000000000000, 2.20000000000000, -1.27000000000000 ) );
#3371 = CARTESIAN_POINT( '', ( 3.73000000000000, 2.20000000000000, -8.43540571022150 ) );
#3372 = VECTOR( '', #3722, 1000.00000000000 );
#3373 = CARTESIAN_POINT( '', ( 5.64200000000000, -1.62400000000000, -1.27000000000000 ) );
#3374 = VECTOR( '', #3723, 1000.00000000000 );
#3375 = CARTESIAN_POINT( '', ( 3.56000000000000, 2.54000000000000, 1.27000000000000 ) );
#3376 = VECTOR( '', #3724, 1000.00000000000 );
#3377 = COLOUR_RGB( '', 0.750000000000000, 0.569999992847443, 0.409999996423721 );
#3378 = CARTESIAN_POINT( '', ( 0.320000000000000, 4.07000000000000, -5.18000000000000 ) );
#3379 = VECTOR( '', #3725, 1000.00000000000 );
#3380 = CARTESIAN_POINT( '', ( 0.320000000000000, 4.27000000000000, -4.98000000000000 ) );
#3381 = VECTOR( '', #3726, 1000.00000000000 );
#3382 = COLOUR_RGB( '', 0.200000002980232, 0.200000002980232, 0.200000002980232 );
#3383 = CARTESIAN_POINT( '', ( 1.02000000000000, -2.54000000000000, -1.27000000000000 ) );
#3384 = CARTESIAN_POINT( '', ( 3.81000000000000, -2.54000000000000, -1.27000000000000 ) );
#3385 = VECTOR( '', #3727, 1000.00000000000 );
#3386 = CARTESIAN_POINT( '', ( 1.02000000000000, -2.54000000000000, 1.27000000000000 ) );
#3387 = CARTESIAN_POINT( '', ( 1.02000000000000, -2.54000000000000, -8.23380976240582 ) );
#3388 = VECTOR( '', #3728, 1000.00000000000 );
#3389 = CARTESIAN_POINT( '', ( -3.81000000000000, -2.54000000000000, 1.27000000000000 ) );
#3390 = VECTOR( '', #3729, 1000.00000000000 );
#3391 = COLOUR_RGB( '', 0.200000002980232, 0.200000002980232, 0.200000002980232 );
#3392 = CARTESIAN_POINT( '', ( 3.81000000000000, 2.54000000000000, -1.27000000000000 ) );
#3393 = VECTOR( '', #3730, 1000.00000000000 );
#3394 = CARTESIAN_POINT( '', ( -3.81000000000000, 2.54000000000000, 1.27000000000000 ) );
#3395 = VECTOR( '', #3731, 1000.00000000000 );
#3396 = COLOUR_RGB( '', 0.200000002980232, 0.200000002980232, 0.200000002980232 );
#3397 = CARTESIAN_POINT( '', ( 1.35000000000000, 2.20000000000000, -1.27000000000000 ) );
#3398 = CARTESIAN_POINT( '', ( -5.69380976240582, 2.20000000000000, -1.27000000000000 ) );
#3399 = VECTOR( '', #3732, 1000.00000000000 );
#3400 = CARTESIAN_POINT( '', ( -0.0539999999999985, -0.608000000000000, -1.27000000000000 ) );
#3401 = VECTOR( '', #3733, 1000.00000000000 );
#3402 = COLOUR_RGB( '', 0.200000002980232, 0.200000002980232, 0.200000002980232 );
#3403 = CARTESIAN_POINT( '', ( 1.19000000000000, -2.20000000000000, -1.27000000000000 ) );
#3404 = CARTESIAN_POINT( '', ( -5.69380976240582, -2.20000000000000, -1.27000000000000 ) );
#3405 = VECTOR( '', #3734, 1000.00000000000 );
#3406 = CARTESIAN_POINT( '', ( 1.57800000000000, -1.42400000000000, -1.27000000000000 ) );
#3407 = VECTOR( '', #3735, 1000.00000000000 );
#3408 = COLOUR_RGB( '', 0.750000000000000, 0.569999992847443, 0.409999996423721 );
#3409 = CARTESIAN_POINT( '', ( 0.120000000000000, 0.120000000000002, 7.72000000000000 ) );
#3410 = CARTESIAN_POINT( '', ( 0.440000000000000, 0.440000000000000, 7.40000000000000 ) );
#3411 = VECTOR( '', #3736, 1000.00000000000 );
#3412 = CARTESIAN_POINT( '', ( 0.320000000000000, 0.320000000000000, 7.52000000000000 ) );
#3413 = VECTOR( '', #3737, 1000.00000000000 );
#3414 = CARTESIAN_POINT( '', ( 0.320000000000000, 0.120000000000002, 7.72000000000000 ) );
#3415 = VECTOR( '', #3738, 1000.00000000000 );
#3416 = COLOUR_RGB( '', 0.750000000000000, 0.569999992847443, 0.409999996423721 );
#3417 = CARTESIAN_POINT( '', ( 0.320000000000000, -0.320000000000000, -4.18000000000000 ) );
#3418 = CARTESIAN_POINT( '', ( 0.320000000000000, -0.320000000000000, -4.18000000000000 ) );
#3419 = VECTOR( '', #3739, 1000.00000000000 );
#3420 = CARTESIAN_POINT( '', ( -0.320000000000000, -0.320000000000000, -4.18000000000000 ) );
#3421 = CARTESIAN_POINT( '', ( -0.320000000000000, -0.320000000000000, -4.18000000000000 ) );
#3422 = VECTOR( '', #3740, 1000.00000000000 );
#3423 = CARTESIAN_POINT( '', ( 0.320000000000000, -0.320000000000000, -4.18000000000000 ) );
#3424 = VECTOR( '', #3741, 1000.00000000000 );
#3425 = COLOUR_RGB( '', 0.750000000000000, 0.569999992847443, 0.409999996423721 );
#3426 = CARTESIAN_POINT( '', ( 0.320000000000000, 0.120000000000000, 5.18000000000000 ) );
#3427 = VECTOR( '', #3742, 1000.00000000000 );
#3428 = COLOUR_RGB( '', 0.200000002980232, 0.200000002980232, 0.200000002980232 );
#3429 = CARTESIAN_POINT( '', ( -2.86000000000000, 1.59000000000000, 1.27000000000000 ) );
#3430 = CARTESIAN_POINT( '', ( -2.22000000000000, 1.59000000000000, 1.27000000000000 ) );
#3431 = VECTOR( '', #3743, 1000.00000000000 );
#3432 = CARTESIAN_POINT( '', ( -2.86000000000000, 1.59000000000000, -8.23380976240582 ) );
#3433 = VECTOR( '', #3744, 1000.00000000000 );
#3434 = COLOUR_RGB( '', 0.750000000000000, 0.569999992847443, 0.409999996423721 );
#3435 = CARTESIAN_POINT( '', ( -0.320000000000000, 6.61000000000000, -5.18000000000000 ) );
#3436 = VECTOR( '', #3745, 1000.00000000000 );
#3437 = CARTESIAN_POINT( '', ( -0.320000000000000, -0.320000000000000, -4.18000000000000 ) );
#3438 = VECTOR( '', #3746, 1000.00000000000 );
#3439 = CARTESIAN_POINT( '', ( -0.320000000000000, 0.320000000000000, -4.18000000000000 ) );
#3440 = CARTESIAN_POINT( '', ( -0.320000000000000, 0.320000000000000, -4.18000000000000 ) );
#3441 = VECTOR( '', #3747, 1000.00000000000 );
#3442 = AXIS2_PLACEMENT_3D( '', #3748, #3749, #3750 );
#3443 = COLOUR_RGB( '', 0.750000000000000, 0.569999992847443, 0.409999996423721 );
#3444 = COLOUR_RGB( '', 0.200000002980232, 0.200000002980232, 0.200000002980232 );
#3445 = CARTESIAN_POINT( '', ( 2.22000000000000, 1.59000000000000, 1.27000000000000 ) );
#3446 = VECTOR( '', #3751, 1000.00000000000 );
#3447 = CARTESIAN_POINT( '', ( 0.320000000000000, 0.950000000000000, 1.27000000000000 ) );
#3448 = VECTOR( '', #3752, 1000.00000000000 );
#3449 = CARTESIAN_POINT( '', ( -2.86000000000000, 1.59000000000000, 1.27000000000000 ) );
#3450 = VECTOR( '', #3753, 1000.00000000000 );
#3451 = CARTESIAN_POINT( '', ( 0.320000000000000, -1.59000000000000, 1.27000000000000 ) );
#3452 = VECTOR( '', #3754, 1000.00000000000 );
#3453 = CARTESIAN_POINT( '', ( -0.320000000000000, -0.950000000000000, 1.27000000000000 ) );
#3454 = VECTOR( '', #3755, 1000.00000000000 );
#3455 = CARTESIAN_POINT( '', ( 1.27000000000000, 2.04000000000000, 1.27000000000000 ) );
#3456 = VECTOR( '', #3756, 1000.00000000000 );
#3457 = CARTESIAN_POINT( '', ( -3.56000000000000, -2.54000000000000, 1.27000000000000 ) );
#3458 = VECTOR( '', #3757, 1000.00000000000 );
#3459 = CARTESIAN_POINT( '', ( 1.27000000000000, -2.04000000000000, 1.27000000000000 ) );
#3460 = VECTOR( '', #3758, 1000.00000000000 );
#3461 = CARTESIAN_POINT( '', ( -2.22000000000000, -1.59000000000000, 1.27000000000000 ) );
#3462 = VECTOR( '', #3759, 1000.00000000000 );
#3463 = CARTESIAN_POINT( '', ( 2.86000000000000, -1.59000000000000, 1.27000000000000 ) );
#3464 = VECTOR( '', #3760, 1000.00000000000 );
#3465 = CARTESIAN_POINT( '', ( 2.22000000000000, -0.950000000000000, 1.27000000000000 ) );
#3466 = VECTOR( '', #3761, 1000.00000000000 );
#3467 = COLOUR_RGB( '', 0.200000002980232, 0.200000002980232, 0.200000002980232 );
#3468 = CARTESIAN_POINT( '', ( 1.19000000000000, -2.20000000000000, -8.23380976240582 ) );
#3469 = VECTOR( '', #3762, 1000.00000000000 );
#3470 = COLOUR_RGB( '', 0.200000002980232, 0.200000002980232, 0.200000002980232 );
#3471 = COLOUR_RGB( '', 0.200000002980232, 0.200000002980232, 0.200000002980232 );
#3472 = CARTESIAN_POINT( '', ( -5.69380976240582, -2.20000000000000, -1.27000000000000 ) );
#3473 = VECTOR( '', #3763, 1000.00000000000 );
#3474 = COLOUR_RGB( '', 0.750000000000000, 0.569999992847443, 0.409999996423721 );
#3475 = CARTESIAN_POINT( '', ( -0.320000000000000, 0.680000000000000, -5.18000000000000 ) );
#3476 = AXIS2_PLACEMENT_3D( '', #3764, #3765, #3766 );
#3477 = CARTESIAN_POINT( '', ( 0.320000000000000, 0.680000000000000, -5.18000000000000 ) );
#3478 = CARTESIAN_POINT( '', ( 0.320000000000000, 0.680000000000000, -5.18000000000000 ) );
#3479 = VECTOR( '', #3767, 1000.00000000000 );
#3480 = AXIS2_PLACEMENT_3D( '', #3768, #3769, #3770 );
#3481 = COLOUR_RGB( '', 0.200000002980232, 0.200000002980232, 0.200000002980232 );
#3482 = COLOUR_RGB( '', 0.750000000000000, 0.569999992847443, 0.409999996423721 );
#3483 = CARTESIAN_POINT( '', ( 0.320000000000000, 0.320000000000000, -4.18000000000000 ) );
#3484 = VECTOR( '', #3771, 1000.00000000000 );
#3485 = COLOUR_RGB( '', 0.200000002980232, 0.200000002980232, 0.200000002980232 );
#3486 = COLOUR_RGB( '', 0.750000000000000, 0.569999992847443, 0.409999996423721 );
#3487 = AXIS2_PLACEMENT_3D( '', #3772, #3773, #3774 );
#3488 = AXIS2_PLACEMENT_3D( '', #3775, #3776, #3777 );
#3489 = COLOUR_RGB( '', 0.200000002980232, 0.200000002980232, 0.200000002980232 );
#3490 = COLOUR_RGB( '', 0.200000002980232, 0.200000002980232, 0.200000002980232 );
#3491 = CARTESIAN_POINT( '', ( 1.35000000000000, 2.20000000000000, -8.23380976240582 ) );
#3492 = VECTOR( '', #3778, 1000.00000000000 );
#3493 = COLOUR_RGB( '', 0.200000002980232, 0.200000002980232, 0.200000002980232 );
#3494 = COLOUR_RGB( '', 0.200000002980232, 0.200000002980232, 0.200000002980232 );
#3495 = COLOUR_RGB( '', 0.200000002980232, 0.200000002980232, 0.200000002980232 );
#3496 = COLOUR_RGB( '', 0.200000002980232, 0.200000002980232, 0.200000002980232 );
#3497 = COLOUR_RGB( '', 0.750000000000000, 0.569999992847443, 0.409999996423721 );
#3498 = COLOUR_RGB( '', 0.750000000000000, 0.569999992847443, 0.409999996423721 );
#3499 = COLOUR_RGB( '', 0.200000002980232, 0.200000002980232, 0.200000002980232 );
#3500 = COLOUR_RGB( '', 0.750000000000000, 0.569999992847443, 0.409999996423721 );
#3501 = CARTESIAN_POINT( '', ( 0.120000000000000, 0.320000000000000, 7.72000000000000 ) );
#3502 = VECTOR( '', #3779, 1000.00000000000 );
#3503 = COLOUR_RGB( '', 0.750000000000000, 0.569999992847443, 0.409999996423721 );
#3504 = COLOUR_RGB( '', 0.200000002980232, 0.200000002980232, 0.200000002980232 );
#3505 = COLOUR_RGB( '', 0.200000002980232, 0.200000002980232, 0.200000002980232 );
#3506 = COLOUR_RGB( '', 0.200000002980232, 0.200000002980232, 0.200000002980232 );
#3507 = COLOUR_RGB( '', 0.200000002980232, 0.200000002980232, 0.200000002980232 );
#3508 = COLOUR_RGB( '', 0.750000000000000, 0.569999992847443, 0.409999996423721 );
#3509 = COLOUR_RGB( '', 0.750000000000000, 0.569999992847443, 0.409999996423721 );
#3510 = CARTESIAN_POINT( '', ( -0.320000000000000, 4.27000000000000, -5.18000000000000 ) );
#3511 = VECTOR( '', #3780, 1000.00000000000 );
#3512 = CARTESIAN_POINT( '', ( 0.320000000000000, 4.27000000000000, -5.18000000000000 ) );
#3513 = VECTOR( '', #3781, 1000.00000000000 );
#3514 = COLOUR_RGB( '', 0.750000000000000, 0.569999992847443, 0.409999996423721 );
#3515 = COLOUR_RGB( '', 0.750000000000000, 0.569999992847443, 0.409999996423721 );
#3516 = COLOUR_RGB( '', 0.200000002980232, 0.200000002980232, 0.200000002980232 );
#3517 = COLOUR_RGB( '', 0.750000000000000, 0.569999992847443, 0.409999996423721 );
#3518 = DIRECTION( '', ( -0.447213595499957, 0.894427190999916, 0.000000000000000 ) );
#3519 = DIRECTION( '', ( 1.00000000000000, 0.000000000000000, 0.000000000000000 ) );
#3520 = DIRECTION( '', ( -0.447213595499957, -0.894427190999916, 0.000000000000000 ) );
#3521 = DIRECTION( '', ( -1.00000000000000, 0.000000000000000, 0.000000000000000 ) );
#3522 = DIRECTION( '', ( 0.577350269189628, 0.577350269189622, 0.577350269189628 ) );
#3523 = DIRECTION( '', ( 0.000000000000000, -1.00000000000000, 6.77626357803441E-016 ) );
#3524 = DIRECTION( '', ( 0.577350269189627, -0.577350269189622, 0.577350269189629 ) );
#3525 = DIRECTION( '', ( 0.000000000000000, 1.00000000000000, -6.77626357803441E-016 ) );
#3526 = DIRECTION( '', ( 0.000000000000000, 1.00000000000000, 0.000000000000000 ) );
#3527 = DIRECTION( '', ( 0.000000000000000, 0.000000000000000, 1.00000000000000 ) );
#3528 = DIRECTION( '', ( 0.000000000000000, -1.00000000000000, 0.000000000000000 ) );
#3529 = CARTESIAN_POINT( '', ( 0.320000000000000, 0.680000000000000, -4.18000000000000 ) );
#3530 = DIRECTION( '', ( -1.00000000000000, 0.000000000000000, 0.000000000000000 ) );
#3531 = DIRECTION( '', ( 0.000000000000000, 1.00000000000000, 0.000000000000000 ) );
#3532 = DIRECTION( '', ( 0.000000000000000, 7.28875410074289E-017, 1.00000000000000 ) );
#3533 = DIRECTION( '', ( 0.000000000000000, -1.00000000000000, 6.77626357803441E-016 ) );
#3534 = DIRECTION( '', ( 0.000000000000000, -7.28875410074289E-017, -1.00000000000000 ) );
#3535 = CARTESIAN_POINT( '', ( 0.320000000000000, 0.680000000000000, -4.18000000000000 ) );
#3536 = DIRECTION( '', ( 1.00000000000000, 0.000000000000000, 0.000000000000000 ) );
#3537 = DIRECTION( '', ( 0.000000000000000, 1.00000000000000, 0.000000000000000 ) );
#3538 = CARTESIAN_POINT( '', ( -0.320000000000000, 0.680000000000000, -4.18000000000000 ) );
#3539 = DIRECTION( '', ( 1.00000000000000, 0.000000000000000, 0.000000000000000 ) );
#3540 = DIRECTION( '', ( 0.000000000000000, 1.00000000000000, 0.000000000000000 ) );
#3541 = DIRECTION( '', ( -1.00000000000000, 0.000000000000000, 0.000000000000000 ) );
#3542 = DIRECTION( '', ( -1.00000000000000, 0.000000000000000, 0.000000000000000 ) );
#3543 = DIRECTION( '', ( -0.577350269189626, 0.577350269189626, -0.577350269189626 ) );
#3544 = DIRECTION( '', ( 0.000000000000000, 0.000000000000000, 1.00000000000000 ) );
#3545 = DIRECTION( '', ( -0.577350269189626, 0.577350269189626, 0.577350269189626 ) );
#3546 = DIRECTION( '', ( 0.000000000000000, 0.000000000000000, -1.00000000000000 ) );
#3547 = DIRECTION( '', ( 0.000000000000000, 0.000000000000000, 1.00000000000000 ) );
#3548 = DIRECTION( '', ( 0.000000000000000, -1.00000000000000, 0.000000000000000 ) );
#3549 = DIRECTION( '', ( 0.000000000000000, 0.000000000000000, 1.00000000000000 ) );
#3550 = DIRECTION( '', ( 0.000000000000000, 1.00000000000000, 4.92819169311593E-017 ) );
#3551 = DIRECTION( '', ( 0.000000000000000, 0.000000000000000, 1.00000000000000 ) );
#3552 = DIRECTION( '', ( -1.00000000000000, 0.000000000000000, 0.000000000000000 ) );
#3553 = DIRECTION( '', ( 0.000000000000000, 0.000000000000000, -1.00000000000000 ) );
#3554 = DIRECTION( '', ( 1.00000000000000, 0.000000000000000, 0.000000000000000 ) );
#3555 = DIRECTION( '', ( 0.000000000000000, 0.000000000000000, 1.00000000000000 ) );
#3556 = DIRECTION( '', ( 0.447213595499957, -0.894427190999916, 0.000000000000000 ) );
#3557 = DIRECTION( '', ( 0.000000000000000, 0.000000000000000, 1.00000000000000 ) );
#3558 = DIRECTION( '', ( -0.447213595499957, 0.894427190999916, 0.000000000000000 ) );
#3559 = DIRECTION( '', ( 0.000000000000000, 0.000000000000000, 1.00000000000000 ) );
#3560 = DIRECTION( '', ( -0.447213595499957, 0.894427190999916, 4.40790865278281E-017 ) );
#3561 = DIRECTION( '', ( 0.000000000000000, 1.00000000000000, 0.000000000000000 ) );
#3562 = DIRECTION( '', ( 1.00000000000000, 0.000000000000000, 0.000000000000000 ) );
#3563 = DIRECTION( '', ( -0.577350269189626, -0.577350269189626, 0.577350269189625 ) );
#3564 = DIRECTION( '', ( -1.00000000000000, 0.000000000000000, 0.000000000000000 ) );
#3565 = DIRECTION( '', ( -0.577350269189626, 0.577350269189626, -0.577350269189626 ) );
#3566 = DIRECTION( '', ( 1.00000000000000, 0.000000000000000, 0.000000000000000 ) );
#3567 = DIRECTION( '', ( 0.447213595499957, 0.894427190999917, 4.40790865278280E-017 ) );
#3568 = DIRECTION( '', ( 0.000000000000000, 0.000000000000000, 1.00000000000000 ) );
#3569 = DIRECTION( '', ( 0.447213595499957, 0.894427190999916, 0.000000000000000 ) );
#3570 = DIRECTION( '', ( 0.000000000000000, 0.000000000000000, -1.00000000000000 ) );
#3571 = DIRECTION( '', ( -0.447213595499957, -0.894427190999917, 0.000000000000000 ) );
#3572 = DIRECTION( '', ( 0.000000000000000, 0.000000000000000, -1.00000000000000 ) );
#3573 = DIRECTION( '', ( 0.000000000000000, 0.000000000000000, 1.00000000000000 ) );
#3574 = DIRECTION( '', ( 1.00000000000000, 0.000000000000000, 0.000000000000000 ) );
#3575 = DIRECTION( '', ( 0.000000000000000, 0.000000000000000, 1.00000000000000 ) );
#3576 = DIRECTION( '', ( 1.00000000000000, 0.000000000000000, 0.000000000000000 ) );
#3577 = DIRECTION( '', ( -0.577350269189626, -0.577350269189626, 0.577350269189625 ) );
#3578 = DIRECTION( '', ( -1.00000000000000, 0.000000000000000, 0.000000000000000 ) );
#3579 = DIRECTION( '', ( 1.00000000000000, 0.000000000000000, 0.000000000000000 ) );
#3580 = DIRECTION( '', ( -1.00000000000000, 0.000000000000000, 0.000000000000000 ) );
#3581 = DIRECTION( '', ( 0.000000000000000, 0.000000000000000, 1.00000000000000 ) );
#3582 = DIRECTION( '', ( 1.00000000000000, 0.000000000000000, 0.000000000000000 ) );
#3583 = DIRECTION( '', ( 0.000000000000000, 0.000000000000000, -1.00000000000000 ) );
#3584 = DIRECTION( '', ( 0.000000000000000, -1.00000000000000, -4.92819169311593E-017 ) );
#3585 = DIRECTION( '', ( 0.000000000000000, 0.000000000000000, 1.00000000000000 ) );
#3586 = DIRECTION( '', ( 0.000000000000000, -1.00000000000000, 0.000000000000000 ) );
#3587 = DIRECTION( '', ( 0.000000000000000, 0.000000000000000, 1.00000000000000 ) );
#3588 = DIRECTION( '', ( 0.000000000000000, 1.00000000000000, 0.000000000000000 ) );
#3589 = DIRECTION( '', ( 0.000000000000000, 0.000000000000000, 1.00000000000000 ) );
#3590 = DIRECTION( '', ( 0.000000000000000, -1.00000000000000, -4.92819169311593E-017 ) );
#3591 = DIRECTION( '', ( 0.000000000000000, 0.000000000000000, 1.00000000000000 ) );
#3592 = DIRECTION( '', ( 0.000000000000000, -1.00000000000000, 0.000000000000000 ) );
#3593 = DIRECTION( '', ( 0.000000000000000, 0.000000000000000, 1.00000000000000 ) );
#3594 = DIRECTION( '', ( 0.000000000000000, 1.00000000000000, 4.92819169311593E-017 ) );
#3595 = DIRECTION( '', ( 0.447213595499957, -0.894427190999917, 0.000000000000000 ) );
#3596 = DIRECTION( '', ( 1.00000000000000, 0.000000000000000, 0.000000000000000 ) );
#3597 = DIRECTION( '', ( 0.447213595499957, 0.894427190999916, 0.000000000000000 ) );
#3598 = DIRECTION( '', ( 1.00000000000000, 0.000000000000000, 0.000000000000000 ) );
#3599 = DIRECTION( '', ( 0.000000000000000, 0.000000000000000, 1.00000000000000 ) );
#3600 = DIRECTION( '', ( -1.00000000000000, 0.000000000000000, 0.000000000000000 ) );
#3601 = DIRECTION( '', ( 0.000000000000000, 0.000000000000000, 1.00000000000000 ) );
#3602 = DIRECTION( '', ( -1.00000000000000, 0.000000000000000, 0.000000000000000 ) );
#3603 = DIRECTION( '', ( 0.000000000000000, 0.000000000000000, 1.00000000000000 ) );
#3604 = DIRECTION( '', ( 1.00000000000000, 0.000000000000000, 0.000000000000000 ) );
#3605 = DIRECTION( '', ( 0.000000000000000, 0.000000000000000, 1.00000000000000 ) );
#3606 = DIRECTION( '', ( 0.000000000000000, 0.000000000000000, -1.00000000000000 ) );
#3607 = DIRECTION( '', ( 1.00000000000000, 0.000000000000000, 0.000000000000000 ) );
#3608 = DIRECTION( '', ( 0.000000000000000, 0.000000000000000, -1.00000000000000 ) );
#3609 = DIRECTION( '', ( -0.447213595499957, -0.894427190999916, -4.40790865278281E-017 ) );
#3610 = DIRECTION( '', ( 0.000000000000000, 0.000000000000000, 1.00000000000000 ) );
#3611 = DIRECTION( '', ( -0.447213595499957, -0.894427190999916, 0.000000000000000 ) );
#3612 = DIRECTION( '', ( 0.000000000000000, 0.000000000000000, 1.00000000000000 ) );
#3613 = DIRECTION( '', ( 1.00000000000000, 0.000000000000000, 0.000000000000000 ) );
#3614 = DIRECTION( '', ( 0.577350269189629, 0.577350269189624, 0.577350269189625 ) );
#3615 = DIRECTION( '', ( -1.00000000000000, 0.000000000000000, 0.000000000000000 ) );
#3616 = DIRECTION( '', ( 0.577350269189629, -0.577350269189623, -0.577350269189625 ) );
#3617 = DIRECTION( '', ( 1.00000000000000, 0.000000000000000, 0.000000000000000 ) );
#3618 = DIRECTION( '', ( 0.447213595499957, 0.894427190999916, 4.40790865278281E-017 ) );
#3619 = DIRECTION( '', ( 0.000000000000000, 0.000000000000000, 1.00000000000000 ) );
#3620 = DIRECTION( '', ( 0.447213595499957, 0.894427190999916, 0.000000000000000 ) );
#3621 = DIRECTION( '', ( 0.000000000000000, 0.000000000000000, -1.00000000000000 ) );
#3622 = DIRECTION( '', ( 0.000000000000000, 0.000000000000000, 1.00000000000000 ) );
#3623 = DIRECTION( '', ( 0.000000000000000, 1.00000000000000, 4.92819169311593E-017 ) );
#3624 = DIRECTION( '', ( 0.000000000000000, 1.00000000000000, 0.000000000000000 ) );
#3625 = DIRECTION( '', ( 0.447213595499957, -0.894427190999916, -4.40790865278281E-017 ) );
#3626 = DIRECTION( '', ( 0.000000000000000, 0.000000000000000, 1.00000000000000 ) );
#3627 = DIRECTION( '', ( 0.447213595499957, -0.894427190999916, 0.000000000000000 ) );
#3628 = DIRECTION( '', ( 0.000000000000000, 0.000000000000000, 1.00000000000000 ) );
#3629 = DIRECTION( '', ( 0.000000000000000, -1.00000000000000, -4.92819169311593E-017 ) );
#3630 = DIRECTION( '', ( 0.000000000000000, 0.000000000000000, 1.00000000000000 ) );
#3631 = DIRECTION( '', ( 0.000000000000000, 1.00000000000000, 0.000000000000000 ) );
#3632 = DIRECTION( '', ( -0.577350269189626, 0.577350269189626, 0.577350269189626 ) );
#3633 = DIRECTION( '', ( 0.000000000000000, 0.000000000000000, -1.00000000000000 ) );
#3634 = DIRECTION( '', ( 0.000000000000000, -1.00000000000000, 0.000000000000000 ) );
#3635 = DIRECTION( '', ( -0.577350269189629, -0.577350269189623, 0.577350269189625 ) );
#3636 = DIRECTION( '', ( 0.000000000000000, 1.00000000000000, 0.000000000000000 ) );
#3637 = DIRECTION( '', ( -1.00000000000000, 0.000000000000000, 0.000000000000000 ) );
#3638 = DIRECTION( '', ( 0.577350269189628, -0.577350269189622, -0.577350269189628 ) );
#3639 = DIRECTION( '', ( 1.00000000000000, 0.000000000000000, 0.000000000000000 ) );
#3640 = DIRECTION( '', ( -1.00000000000000, 0.000000000000000, 0.000000000000000 ) );
#3641 = DIRECTION( '', ( 0.000000000000000, 0.000000000000000, 1.00000000000000 ) );
#3642 = DIRECTION( '', ( 1.00000000000000, 0.000000000000000, 0.000000000000000 ) );
#3643 = DIRECTION( '', ( 0.000000000000000, 0.000000000000000, 1.00000000000000 ) );
#3644 = DIRECTION( '', ( -1.00000000000000, 0.000000000000000, 0.000000000000000 ) );
#3645 = DIRECTION( '', ( 0.000000000000000, 0.000000000000000, 1.00000000000000 ) );
#3646 = DIRECTION( '', ( 1.00000000000000, 0.000000000000000, 0.000000000000000 ) );
#3647 = DIRECTION( '', ( 0.000000000000000, 0.000000000000000, 1.00000000000000 ) );
#3648 = DIRECTION( '', ( 0.000000000000000, 0.000000000000000, 1.00000000000000 ) );
#3649 = DIRECTION( '', ( 0.577350269189626, 0.577350269189626, 0.577350269189625 ) );
#3650 = DIRECTION( '', ( 0.000000000000000, 0.000000000000000, -1.00000000000000 ) );
#3651 = DIRECTION( '', ( 0.000000000000000, 0.000000000000000, 1.00000000000000 ) );
#3652 = DIRECTION( '', ( 0.447213595499957, -0.894427190999916, 0.000000000000000 ) );
#3653 = DIRECTION( '', ( 0.000000000000000, 0.000000000000000, -1.00000000000000 ) );
#3654 = DIRECTION( '', ( -0.447213595499957, 0.894427190999916, 0.000000000000000 ) );
#3655 = DIRECTION( '', ( -0.447213595499957, 0.894427190999916, 4.40790865278281E-017 ) );
#3656 = DIRECTION( '', ( 0.000000000000000, 1.00000000000000, 4.92819169311593E-017 ) );
#3657 = DIRECTION( '', ( 0.000000000000000, -1.00000000000000, 0.000000000000000 ) );
#3658 = DIRECTION( '', ( 0.000000000000000, -1.00000000000000, -4.92819169311593E-017 ) );
#3659 = DIRECTION( '', ( 0.000000000000000, 0.000000000000000, 1.00000000000000 ) );
#3660 = DIRECTION( '', ( 0.000000000000000, 1.00000000000000, 0.000000000000000 ) );
#3661 = DIRECTION( '', ( 0.000000000000000, 0.000000000000000, 1.00000000000000 ) );
#3662 = DIRECTION( '', ( -1.00000000000000, 0.000000000000000, 0.000000000000000 ) );
#3663 = DIRECTION( '', ( 0.000000000000000, 0.000000000000000, 1.00000000000000 ) );
#3664 = DIRECTION( '', ( 1.00000000000000, 0.000000000000000, 0.000000000000000 ) );
#3665 = DIRECTION( '', ( 0.000000000000000, 0.000000000000000, 1.00000000000000 ) );
#3666 = DIRECTION( '', ( 0.000000000000000, 1.00000000000000, 4.92819169311593E-017 ) );
#3667 = DIRECTION( '', ( 0.000000000000000, 0.000000000000000, 1.00000000000000 ) );
#3668 = DIRECTION( '', ( 0.000000000000000, 1.00000000000000, 0.000000000000000 ) );
#3669 = DIRECTION( '', ( 0.000000000000000, -1.00000000000000, 0.000000000000000 ) );
#3670 = DIRECTION( '', ( 0.000000000000000, -1.00000000000000, 0.000000000000000 ) );
#3671 = DIRECTION( '', ( -1.00000000000000, 0.000000000000000, 0.000000000000000 ) );
#3672 = DIRECTION( '', ( 0.000000000000000, 0.000000000000000, -1.00000000000000 ) );
#3673 = DIRECTION( '', ( -0.447213595499957, -0.894427190999916, -4.40790865278281E-017 ) );
#3674 = DIRECTION( '', ( -0.447213595499957, -0.894427190999916, 0.000000000000000 ) );
#3675 = DIRECTION( '', ( 0.447213595499957, 0.894427190999916, 0.000000000000000 ) );
#3676 = DIRECTION( '', ( 0.577350269189626, 0.577350269189626, 0.577350269189625 ) );
#3677 = DIRECTION( '', ( -1.00000000000000, 0.000000000000000, 0.000000000000000 ) );
#3678 = DIRECTION( '', ( 1.00000000000000, 0.000000000000000, 0.000000000000000 ) );
#3679 = DIRECTION( '', ( 0.000000000000000, 0.000000000000000, 1.00000000000000 ) );
#3680 = DIRECTION( '', ( 1.00000000000000, 0.000000000000000, 0.000000000000000 ) );
#3681 = DIRECTION( '', ( 1.00000000000000, 0.000000000000000, 0.000000000000000 ) );
#3682 = DIRECTION( '', ( -1.00000000000000, 0.000000000000000, 0.000000000000000 ) );
#3683 = DIRECTION( '', ( 0.000000000000000, 0.000000000000000, 1.00000000000000 ) );
#3684 = DIRECTION( '', ( 0.000000000000000, -1.00000000000000, 0.000000000000000 ) );
#3685 = DIRECTION( '', ( -1.00000000000000, 0.000000000000000, 0.000000000000000 ) );
#3686 = DIRECTION( '', ( 0.000000000000000, 0.000000000000000, 1.00000000000000 ) );
#3687 = DIRECTION( '', ( 0.000000000000000, -1.00000000000000, 0.000000000000000 ) );
#3688 = DIRECTION( '', ( 0.577350269189629, -0.577350269189624, 0.577350269189625 ) );
#3689 = DIRECTION( '', ( 0.000000000000000, 1.00000000000000, 0.000000000000000 ) );
#3690 = DIRECTION( '', ( 0.000000000000000, 1.00000000000000, 4.92819169311593E-017 ) );
#3691 = DIRECTION( '', ( 0.000000000000000, -1.00000000000000, -4.92819169311593E-017 ) );
#3692 = DIRECTION( '', ( 1.00000000000000, 0.000000000000000, 0.000000000000000 ) );
#3693 = DIRECTION( '', ( 0.000000000000000, 1.00000000000000, 4.92819169311593E-017 ) );
#3694 = DIRECTION( '', ( 0.000000000000000, -1.00000000000000, -4.92819169311593E-017 ) );
#3695 = DIRECTION( '', ( -1.00000000000000, 0.000000000000000, 0.000000000000000 ) );
#3696 = DIRECTION( '', ( 1.00000000000000, 0.000000000000000, 0.000000000000000 ) );
#3697 = DIRECTION( '', ( -0.447213595499957, 0.894427190999917, 4.40790865278280E-017 ) );
#3698 = DIRECTION( '', ( 0.447213595499957, -0.894427190999916, -4.40790865278281E-017 ) );
#3699 = DIRECTION( '', ( 1.00000000000000, 0.000000000000000, 0.000000000000000 ) );
#3700 = DIRECTION( '', ( 0.447213595499957, 0.894427190999916, 4.40790865278281E-017 ) );
#3701 = DIRECTION( '', ( 1.00000000000000, 0.000000000000000, 0.000000000000000 ) );
#3702 = DIRECTION( '', ( 0.447213595499957, -0.894427190999916, -4.40790865278281E-017 ) );
#3703 = DIRECTION( '', ( 1.00000000000000, 0.000000000000000, 0.000000000000000 ) );
#3704 = DIRECTION( '', ( -0.447213595499957, -0.894427190999916, -4.40790865278281E-017 ) );
#3705 = DIRECTION( '', ( 1.00000000000000, 0.000000000000000, 0.000000000000000 ) );
#3706 = DIRECTION( '', ( -1.00000000000000, 0.000000000000000, 0.000000000000000 ) );
#3707 = DIRECTION( '', ( -1.00000000000000, 0.000000000000000, 0.000000000000000 ) );
#3708 = DIRECTION( '', ( 0.000000000000000, -1.00000000000000, -4.92819169311593E-017 ) );
#3709 = DIRECTION( '', ( 1.00000000000000, 0.000000000000000, 0.000000000000000 ) );
#3710 = DIRECTION( '', ( -0.447213595499957, 0.894427190999916, 0.000000000000000 ) );
#3711 = DIRECTION( '', ( 0.000000000000000, 0.000000000000000, 1.00000000000000 ) );
#3712 = DIRECTION( '', ( 0.447213595499957, -0.894427190999916, 0.000000000000000 ) );
#3713 = DIRECTION( '', ( 0.000000000000000, 0.000000000000000, 1.00000000000000 ) );
#3714 = DIRECTION( '', ( 0.000000000000000, 1.00000000000000, 0.000000000000000 ) );
#3715 = DIRECTION( '', ( 0.000000000000000, 0.000000000000000, 1.00000000000000 ) );
#3716 = DIRECTION( '', ( 0.000000000000000, 0.000000000000000, 1.00000000000000 ) );
#3717 = DIRECTION( '', ( 1.00000000000000, 0.000000000000000, 0.000000000000000 ) );
#3718 = DIRECTION( '', ( 0.000000000000000, 0.000000000000000, 1.00000000000000 ) );
#3719 = DIRECTION( '', ( -1.00000000000000, 0.000000000000000, 0.000000000000000 ) );
#3720 = DIRECTION( '', ( 0.000000000000000, 1.00000000000000, 0.000000000000000 ) );
#3721 = DIRECTION( '', ( 0.000000000000000, 0.000000000000000, 1.00000000000000 ) );
#3722 = DIRECTION( '', ( 0.000000000000000, 0.000000000000000, 1.00000000000000 ) );
#3723 = DIRECTION( '', ( -0.447213595499957, 0.894427190999916, 0.000000000000000 ) );
#3724 = DIRECTION( '', ( 0.447213595499957, -0.894427190999916, 0.000000000000000 ) );
#3725 = DIRECTION( '', ( 1.00000000000000, 0.000000000000000, 0.000000000000000 ) );
#3726 = DIRECTION( '', ( -1.00000000000000, 0.000000000000000, 0.000000000000000 ) );
#3727 = DIRECTION( '', ( -1.00000000000000, 0.000000000000000, 0.000000000000000 ) );
#3728 = DIRECTION( '', ( 0.000000000000000, 0.000000000000000, 1.00000000000000 ) );
#3729 = DIRECTION( '', ( 1.00000000000000, 0.000000000000000, 0.000000000000000 ) );
#3730 = DIRECTION( '', ( -1.00000000000000, 0.000000000000000, 0.000000000000000 ) );
#3731 = DIRECTION( '', ( 1.00000000000000, 0.000000000000000, 0.000000000000000 ) );
#3732 = DIRECTION( '', ( 1.00000000000000, 0.000000000000000, 0.000000000000000 ) );
#3733 = DIRECTION( '', ( -0.447213595499957, -0.894427190999916, 0.000000000000000 ) );
#3734 = DIRECTION( '', ( 1.00000000000000, 0.000000000000000, 0.000000000000000 ) );
#3735 = DIRECTION( '', ( 0.447213595499957, 0.894427190999916, 0.000000000000000 ) );
#3736 = DIRECTION( '', ( -0.577350269189627, -0.577350269189622, 0.577350269189629 ) );
#3737 = DIRECTION( '', ( 1.00000000000000, 0.000000000000000, 0.000000000000000 ) );
#3738 = DIRECTION( '', ( -1.00000000000000, 0.000000000000000, 0.000000000000000 ) );
#3739 = DIRECTION( '', ( 0.000000000000000, 0.000000000000000, -1.00000000000000 ) );
#3740 = DIRECTION( '', ( 0.000000000000000, 0.000000000000000, -1.00000000000000 ) );
#3741 = DIRECTION( '', ( -1.00000000000000, 0.000000000000000, 0.000000000000000 ) );
#3742 = DIRECTION( '', ( -1.00000000000000, 0.000000000000000, 0.000000000000000 ) );
#3743 = DIRECTION( '', ( -1.00000000000000, 0.000000000000000, 0.000000000000000 ) );
#3744 = DIRECTION( '', ( 0.000000000000000, 0.000000000000000, 1.00000000000000 ) );
#3745 = DIRECTION( '', ( 0.000000000000000, 0.000000000000000, -1.00000000000000 ) );
#3746 = DIRECTION( '', ( 0.000000000000000, -7.28875410074289E-017, -1.00000000000000 ) );
#3747 = DIRECTION( '', ( 0.000000000000000, 7.28875410074289E-017, 1.00000000000000 ) );
#3748 = CARTESIAN_POINT( '', ( -0.320000000000000, 0.680000000000000, -4.18000000000000 ) );
#3749 = DIRECTION( '', ( -1.00000000000000, 0.000000000000000, 0.000000000000000 ) );
#3750 = DIRECTION( '', ( 0.000000000000000, 1.00000000000000, 0.000000000000000 ) );
#3751 = DIRECTION( '', ( 0.000000000000000, -1.00000000000000, 0.000000000000000 ) );
#3752 = DIRECTION( '', ( 0.000000000000000, 1.00000000000000, 0.000000000000000 ) );
#3753 = DIRECTION( '', ( 0.000000000000000, -1.00000000000000, 0.000000000000000 ) );
#3754 = DIRECTION( '', ( -1.00000000000000, 0.000000000000000, 0.000000000000000 ) );
#3755 = DIRECTION( '', ( 1.00000000000000, 0.000000000000000, 0.000000000000000 ) );
#3756 = DIRECTION( '', ( 0.447213595499957, 0.894427190999916, 0.000000000000000 ) );
#3757 = DIRECTION( '', ( -0.447213595499957, 0.894427190999916, 0.000000000000000 ) );
#3758 = DIRECTION( '', ( -0.447213595499957, -0.894427190999916, 0.000000000000000 ) );
#3759 = DIRECTION( '', ( -1.00000000000000, 0.000000000000000, 0.000000000000000 ) );
#3760 = DIRECTION( '', ( -1.00000000000000, 0.000000000000000, 0.000000000000000 ) );
#3761 = DIRECTION( '', ( 1.00000000000000, 0.000000000000000, 0.000000000000000 ) );
#3762 = DIRECTION( '', ( 0.000000000000000, 0.000000000000000, -1.00000000000000 ) );
#3763 = DIRECTION( '', ( 1.00000000000000, 0.000000000000000, 0.000000000000000 ) );
#3764 = CARTESIAN_POINT( '', ( -0.320000000000000, 0.680000000000000, -4.18000000000000 ) );
#3765 = DIRECTION( '', ( 1.00000000000000, 0.000000000000000, 0.000000000000000 ) );
#3766 = DIRECTION( '', ( 0.000000000000000, 1.00000000000000, 0.000000000000000 ) );
#3767 = DIRECTION( '', ( -1.00000000000000, 0.000000000000000, 0.000000000000000 ) );
#3768 = CARTESIAN_POINT( '', ( 0.320000000000000, 0.680000000000000, -4.18000000000000 ) );
#3769 = DIRECTION( '', ( 1.00000000000000, 0.000000000000000, 0.000000000000000 ) );
#3770 = DIRECTION( '', ( 0.000000000000000, 1.00000000000000, 0.000000000000000 ) );
#3771 = DIRECTION( '', ( -1.00000000000000, 0.000000000000000, 0.000000000000000 ) );
#3772 = CARTESIAN_POINT( '', ( -0.320000000000000, 0.680000000000000, -4.18000000000000 ) );
#3773 = DIRECTION( '', ( -1.00000000000000, 0.000000000000000, 0.000000000000000 ) );
#3774 = DIRECTION( '', ( 0.000000000000000, 1.00000000000000, 0.000000000000000 ) );
#3775 = CARTESIAN_POINT( '', ( 0.320000000000000, 0.680000000000000, -4.18000000000000 ) );
#3776 = DIRECTION( '', ( -1.00000000000000, 0.000000000000000, 0.000000000000000 ) );
#3777 = DIRECTION( '', ( 0.000000000000000, 1.00000000000000, 0.000000000000000 ) );
#3778 = DIRECTION( '', ( 0.000000000000000, 0.000000000000000, -1.00000000000000 ) );
#3779 = DIRECTION( '', ( 0.000000000000000, 1.00000000000000, -6.77626357803441E-016 ) );
#3780 = DIRECTION( '', ( 0.000000000000000, 1.00000000000000, 0.000000000000000 ) );
#3781 = DIRECTION( '', ( 0.000000000000000, 1.00000000000000, 0.000000000000000 ) );
ENDSEC;
END-ISO-10303-21;
