ISO-10303-21;
HEADER;
FILE_DESCRIPTION((''),'2;1');
FILE_NAME('878321620','2019-04-10T',('gga'),(''),
'PRO/ENGINEER BY PARAMETRIC TECHNOLOGY CORPORATION, 2016010',
'PRO/ENGINEER BY PARAMETRIC TECHNOLOGY CORPORATION, 2016010','');
FILE_SCHEMA(('CONFIG_CONTROL_DESIGN'));
ENDSEC;
DATA;
#1=DIRECTION('',(0.E0,-1.E0,0.E0));
#2=VECTOR('',#1,4.7E0);
#3=CARTESIAN_POINT('',(-9.325E0,3.2E0,-3.15E0));
#4=LINE('',#3,#2);
#5=DIRECTION('',(1.E0,0.E0,0.E0));
#6=VECTOR('',#5,1.865E1);
#7=CARTESIAN_POINT('',(-9.325E0,-1.5E0,-3.15E0));
#8=LINE('',#7,#6);
#9=DIRECTION('',(0.E0,1.E0,0.E0));
#10=VECTOR('',#9,4.7E0);
#11=CARTESIAN_POINT('',(9.325E0,-1.5E0,-3.15E0));
#12=LINE('',#11,#10);
#13=DIRECTION('',(-1.E0,0.E0,0.E0));
#14=VECTOR('',#13,1.865E1);
#15=CARTESIAN_POINT('',(9.325E0,3.2E0,-3.15E0));
#16=LINE('',#15,#14);
#17=DIRECTION('',(0.E0,7.071067811865E-1,-7.071067811865E-1));
#18=VECTOR('',#17,8.485281374239E-1);
#19=CARTESIAN_POINT('',(-9.325E0,2.6E0,-1.5E-1));
#20=LINE('',#19,#18);
#21=DIRECTION('',(0.E0,-1.E0,0.E0));
#22=VECTOR('',#21,3.3E0);
#23=CARTESIAN_POINT('',(-9.325E0,2.6E0,-1.5E-1));
#24=LINE('',#23,#22);
#25=DIRECTION('',(0.E0,0.E0,-1.E0));
#26=VECTOR('',#25,1.3E0);
#27=CARTESIAN_POINT('',(-9.325E0,-7.E-1,1.15E0));
#28=LINE('',#27,#26);
#29=DIRECTION('',(0.E0,-1.E0,0.E0));
#30=VECTOR('',#29,3.3E0);
#31=CARTESIAN_POINT('',(-9.325E0,2.6E0,1.15E0));
#32=LINE('',#31,#30);
#33=DIRECTION('',(0.E0,-7.071067811865E-1,-7.071067811865E-1));
#34=VECTOR('',#33,8.485281374239E-1);
#35=CARTESIAN_POINT('',(-9.325E0,3.2E0,1.75E0));
#36=LINE('',#35,#34);
#37=DIRECTION('',(0.E0,0.E0,1.E0));
#38=VECTOR('',#37,1.4E0);
#39=CARTESIAN_POINT('',(-9.325E0,3.2E0,1.75E0));
#40=LINE('',#39,#38);
#41=DIRECTION('',(0.E0,0.E0,1.E0));
#42=VECTOR('',#41,6.3E0);
#43=CARTESIAN_POINT('',(-9.325E0,-1.5E0,-3.15E0));
#44=LINE('',#43,#42);
#45=DIRECTION('',(0.E0,0.E0,1.E0));
#46=VECTOR('',#45,2.4E0);
#47=CARTESIAN_POINT('',(-9.325E0,3.2E0,-3.15E0));
#48=LINE('',#47,#46);
#49=DIRECTION('',(-5.773502691896E-1,5.773502691896E-1,-5.773502691896E-1));
#50=VECTOR('',#49,1.039230484541E0);
#51=CARTESIAN_POINT('',(-8.425E0,2.6E0,-1.5E-1));
#52=LINE('',#51,#50);
#53=DIRECTION('',(1.E0,0.E0,0.E0));
#54=VECTOR('',#53,3.E-1);
#55=CARTESIAN_POINT('',(-9.325E0,3.2E0,-7.5E-1));
#56=LINE('',#55,#54);
#57=DIRECTION('',(0.E0,0.E0,1.E0));
#58=VECTOR('',#57,1.4E0);
#59=CARTESIAN_POINT('',(9.325E0,3.2E0,-3.15E0));
#60=LINE('',#59,#58);
#61=DIRECTION('',(1.E0,0.E0,0.E0));
#62=VECTOR('',#61,3.E-1);
#63=CARTESIAN_POINT('',(9.025E0,3.2E0,-1.75E0));
#64=LINE('',#63,#62);
#65=DIRECTION('',(0.E0,0.E0,1.E0));
#66=VECTOR('',#65,1.1E0);
#67=CARTESIAN_POINT('',(9.025E0,3.2E0,-2.85E0));
#68=LINE('',#67,#66);
#69=DIRECTION('',(1.E0,0.E0,0.E0));
#70=VECTOR('',#69,1.805E1);
#71=CARTESIAN_POINT('',(-9.025E0,3.2E0,-2.85E0));
#72=LINE('',#71,#70);
#73=DIRECTION('',(0.E0,0.E0,-1.E0));
#74=VECTOR('',#73,2.1E0);
#75=CARTESIAN_POINT('',(-9.025E0,3.2E0,-7.5E-1));
#76=LINE('',#75,#74);
#77=DIRECTION('',(0.E0,0.E0,1.E0));
#78=VECTOR('',#77,3.E-1);
#79=CARTESIAN_POINT('',(2.E0,3.2E0,2.85E0));
#80=LINE('',#79,#78);
#81=DIRECTION('',(-1.E0,0.E0,0.E0));
#82=VECTOR('',#81,7.025E0);
#83=CARTESIAN_POINT('',(9.025E0,3.2E0,2.85E0));
#84=LINE('',#83,#82);
#85=DIRECTION('',(0.E0,0.E0,1.E0));
#86=VECTOR('',#85,2.1E0);
#87=CARTESIAN_POINT('',(9.025E0,3.2E0,7.5E-1));
#88=LINE('',#87,#86);
#89=DIRECTION('',(-1.E0,0.E0,0.E0));
#90=VECTOR('',#89,3.E-1);
#91=CARTESIAN_POINT('',(9.325E0,3.2E0,7.5E-1));
#92=LINE('',#91,#90);
#93=DIRECTION('',(0.E0,0.E0,1.E0));
#94=VECTOR('',#93,2.4E0);
#95=CARTESIAN_POINT('',(9.325E0,3.2E0,7.5E-1));
#96=LINE('',#95,#94);
#97=DIRECTION('',(0.E0,0.E0,-1.E0));
#98=VECTOR('',#97,1.E-1);
#99=CARTESIAN_POINT('',(-7.325E0,3.2E0,3.15E0));
#100=LINE('',#99,#98);
#101=DIRECTION('',(-1.E0,0.E0,0.E0));
#102=VECTOR('',#101,3.E-1);
#103=CARTESIAN_POINT('',(-9.025E0,3.2E0,1.75E0));
#104=LINE('',#103,#102);
#105=DIRECTION('',(0.E0,0.E0,-1.E0));
#106=VECTOR('',#105,1.1E0);
#107=CARTESIAN_POINT('',(-9.025E0,3.2E0,2.85E0));
#108=LINE('',#107,#106);
#109=DIRECTION('',(-1.E0,0.E0,0.E0));
#110=VECTOR('',#109,7.025E0);
#111=CARTESIAN_POINT('',(-2.E0,3.2E0,2.85E0));
#112=LINE('',#111,#110);
#113=DIRECTION('',(0.E0,0.E0,-1.E0));
#114=VECTOR('',#113,3.E-1);
#115=CARTESIAN_POINT('',(-2.E0,3.2E0,3.15E0));
#116=LINE('',#115,#114);
#117=DIRECTION('',(0.E0,0.E0,-1.E0));
#118=VECTOR('',#117,1.E-1);
#119=CARTESIAN_POINT('',(-6.325E0,3.2E0,3.15E0));
#120=LINE('',#119,#118);
#121=DIRECTION('',(1.E0,0.E0,0.E0));
#122=VECTOR('',#121,1.E0);
#123=CARTESIAN_POINT('',(-7.325E0,3.2E0,3.05E0));
#124=LINE('',#123,#122);
#125=DIRECTION('',(0.E0,-7.071067811865E-1,7.071067811865E-1));
#126=VECTOR('',#125,8.485281374239E-1);
#127=CARTESIAN_POINT('',(9.325E0,3.2E0,-1.75E0));
#128=LINE('',#127,#126);
#129=DIRECTION('',(0.E0,0.E0,1.E0));
#130=VECTOR('',#129,6.3E0);
#131=CARTESIAN_POINT('',(9.325E0,-1.5E0,-3.15E0));
#132=LINE('',#131,#130);
#133=DIRECTION('',(0.E0,7.071067811865E-1,7.071067811865E-1));
#134=VECTOR('',#133,8.485281374239E-1);
#135=CARTESIAN_POINT('',(9.325E0,2.6E0,1.5E-1));
#136=LINE('',#135,#134);
#137=DIRECTION('',(0.E0,-1.E0,0.E0));
#138=VECTOR('',#137,3.3E0);
#139=CARTESIAN_POINT('',(9.325E0,2.6E0,1.5E-1));
#140=LINE('',#139,#138);
#141=DIRECTION('',(0.E0,0.E0,-1.E0));
#142=VECTOR('',#141,1.3E0);
#143=CARTESIAN_POINT('',(9.325E0,-7.E-1,1.5E-1));
#144=LINE('',#143,#142);
#145=DIRECTION('',(0.E0,-1.E0,0.E0));
#146=VECTOR('',#145,3.3E0);
#147=CARTESIAN_POINT('',(9.325E0,2.6E0,-1.15E0));
#148=LINE('',#147,#146);
#149=DIRECTION('',(1.E0,0.E0,0.E0));
#150=VECTOR('',#149,9.E-1);
#151=CARTESIAN_POINT('',(8.425E0,2.6E0,-1.15E0));
#152=LINE('',#151,#150);
#153=DIRECTION('',(0.E0,0.E0,-1.E0));
#154=VECTOR('',#153,5.E-1);
#155=CARTESIAN_POINT('',(-7.25E0,-7.E-1,1.25E0));
#156=LINE('',#155,#154);
#157=DIRECTION('',(1.E0,0.E0,0.E0));
#158=VECTOR('',#157,5.E-1);
#159=CARTESIAN_POINT('',(-7.25E0,-7.E-1,1.25E0));
#160=LINE('',#159,#158);
#161=DIRECTION('',(0.E0,0.E0,-1.E0));
#162=VECTOR('',#161,5.E-1);
#163=CARTESIAN_POINT('',(-6.75E0,-7.E-1,1.25E0));
#164=LINE('',#163,#162);
#165=DIRECTION('',(1.E0,0.E0,0.E0));
#166=VECTOR('',#165,5.E-1);
#167=CARTESIAN_POINT('',(-7.25E0,-7.E-1,7.5E-1));
#168=LINE('',#167,#166);
#169=DIRECTION('',(0.E0,0.E0,-1.E0));
#170=VECTOR('',#169,5.E-1);
#171=CARTESIAN_POINT('',(-7.25E0,-7.E-1,-7.5E-1));
#172=LINE('',#171,#170);
#173=DIRECTION('',(1.E0,0.E0,0.E0));
#174=VECTOR('',#173,5.E-1);
#175=CARTESIAN_POINT('',(-7.25E0,-7.E-1,-7.5E-1));
#176=LINE('',#175,#174);
#177=DIRECTION('',(0.E0,0.E0,-1.E0));
#178=VECTOR('',#177,5.E-1);
#179=CARTESIAN_POINT('',(-6.75E0,-7.E-1,-7.5E-1));
#180=LINE('',#179,#178);
#181=DIRECTION('',(1.E0,0.E0,0.E0));
#182=VECTOR('',#181,5.E-1);
#183=CARTESIAN_POINT('',(-7.25E0,-7.E-1,-1.25E0));
#184=LINE('',#183,#182);
#185=DIRECTION('',(0.E0,0.E0,-1.E0));
#186=VECTOR('',#185,5.E-1);
#187=CARTESIAN_POINT('',(-5.25E0,-7.E-1,1.25E0));
#188=LINE('',#187,#186);
#189=DIRECTION('',(1.E0,0.E0,0.E0));
#190=VECTOR('',#189,5.E-1);
#191=CARTESIAN_POINT('',(-5.25E0,-7.E-1,1.25E0));
#192=LINE('',#191,#190);
#193=DIRECTION('',(0.E0,0.E0,-1.E0));
#194=VECTOR('',#193,5.E-1);
#195=CARTESIAN_POINT('',(-4.75E0,-7.E-1,1.25E0));
#196=LINE('',#195,#194);
#197=DIRECTION('',(1.E0,0.E0,0.E0));
#198=VECTOR('',#197,5.E-1);
#199=CARTESIAN_POINT('',(-5.25E0,-7.E-1,7.5E-1));
#200=LINE('',#199,#198);
#201=DIRECTION('',(0.E0,0.E0,-1.E0));
#202=VECTOR('',#201,5.E-1);
#203=CARTESIAN_POINT('',(-5.25E0,-7.E-1,-7.5E-1));
#204=LINE('',#203,#202);
#205=DIRECTION('',(1.E0,0.E0,0.E0));
#206=VECTOR('',#205,5.E-1);
#207=CARTESIAN_POINT('',(-5.25E0,-7.E-1,-7.5E-1));
#208=LINE('',#207,#206);
#209=DIRECTION('',(0.E0,0.E0,-1.E0));
#210=VECTOR('',#209,5.E-1);
#211=CARTESIAN_POINT('',(-4.75E0,-7.E-1,-7.5E-1));
#212=LINE('',#211,#210);
#213=DIRECTION('',(1.E0,0.E0,0.E0));
#214=VECTOR('',#213,5.E-1);
#215=CARTESIAN_POINT('',(-5.25E0,-7.E-1,-1.25E0));
#216=LINE('',#215,#214);
#217=DIRECTION('',(0.E0,0.E0,-1.E0));
#218=VECTOR('',#217,5.E-1);
#219=CARTESIAN_POINT('',(-3.25E0,-7.E-1,1.25E0));
#220=LINE('',#219,#218);
#221=DIRECTION('',(1.E0,0.E0,0.E0));
#222=VECTOR('',#221,5.E-1);
#223=CARTESIAN_POINT('',(-3.25E0,-7.E-1,1.25E0));
#224=LINE('',#223,#222);
#225=DIRECTION('',(0.E0,0.E0,-1.E0));
#226=VECTOR('',#225,5.E-1);
#227=CARTESIAN_POINT('',(-2.75E0,-7.E-1,1.25E0));
#228=LINE('',#227,#226);
#229=DIRECTION('',(1.E0,0.E0,0.E0));
#230=VECTOR('',#229,5.E-1);
#231=CARTESIAN_POINT('',(-3.25E0,-7.E-1,7.5E-1));
#232=LINE('',#231,#230);
#233=DIRECTION('',(0.E0,0.E0,-1.E0));
#234=VECTOR('',#233,5.E-1);
#235=CARTESIAN_POINT('',(-3.25E0,-7.E-1,-7.5E-1));
#236=LINE('',#235,#234);
#237=DIRECTION('',(1.E0,0.E0,0.E0));
#238=VECTOR('',#237,5.E-1);
#239=CARTESIAN_POINT('',(-3.25E0,-7.E-1,-7.5E-1));
#240=LINE('',#239,#238);
#241=DIRECTION('',(0.E0,0.E0,-1.E0));
#242=VECTOR('',#241,5.E-1);
#243=CARTESIAN_POINT('',(-2.75E0,-7.E-1,-7.5E-1));
#244=LINE('',#243,#242);
#245=DIRECTION('',(1.E0,0.E0,0.E0));
#246=VECTOR('',#245,5.E-1);
#247=CARTESIAN_POINT('',(-3.25E0,-7.E-1,-1.25E0));
#248=LINE('',#247,#246);
#249=DIRECTION('',(0.E0,0.E0,-1.E0));
#250=VECTOR('',#249,5.E-1);
#251=CARTESIAN_POINT('',(-1.25E0,-7.E-1,1.25E0));
#252=LINE('',#251,#250);
#253=DIRECTION('',(1.E0,0.E0,0.E0));
#254=VECTOR('',#253,5.E-1);
#255=CARTESIAN_POINT('',(-1.25E0,-7.E-1,1.25E0));
#256=LINE('',#255,#254);
#257=DIRECTION('',(0.E0,0.E0,-1.E0));
#258=VECTOR('',#257,5.E-1);
#259=CARTESIAN_POINT('',(-7.5E-1,-7.E-1,1.25E0));
#260=LINE('',#259,#258);
#261=DIRECTION('',(1.E0,0.E0,0.E0));
#262=VECTOR('',#261,5.E-1);
#263=CARTESIAN_POINT('',(-1.25E0,-7.E-1,7.5E-1));
#264=LINE('',#263,#262);
#265=DIRECTION('',(0.E0,0.E0,-1.E0));
#266=VECTOR('',#265,5.E-1);
#267=CARTESIAN_POINT('',(-1.25E0,-7.E-1,-7.5E-1));
#268=LINE('',#267,#266);
#269=DIRECTION('',(1.E0,0.E0,0.E0));
#270=VECTOR('',#269,5.E-1);
#271=CARTESIAN_POINT('',(-1.25E0,-7.E-1,-7.5E-1));
#272=LINE('',#271,#270);
#273=DIRECTION('',(0.E0,0.E0,-1.E0));
#274=VECTOR('',#273,5.E-1);
#275=CARTESIAN_POINT('',(-7.5E-1,-7.E-1,-7.5E-1));
#276=LINE('',#275,#274);
#277=DIRECTION('',(1.E0,0.E0,0.E0));
#278=VECTOR('',#277,5.E-1);
#279=CARTESIAN_POINT('',(-1.25E0,-7.E-1,-1.25E0));
#280=LINE('',#279,#278);
#281=DIRECTION('',(0.E0,0.E0,-1.E0));
#282=VECTOR('',#281,5.E-1);
#283=CARTESIAN_POINT('',(7.5E-1,-7.E-1,1.25E0));
#284=LINE('',#283,#282);
#285=DIRECTION('',(1.E0,0.E0,0.E0));
#286=VECTOR('',#285,5.E-1);
#287=CARTESIAN_POINT('',(7.5E-1,-7.E-1,1.25E0));
#288=LINE('',#287,#286);
#289=DIRECTION('',(0.E0,0.E0,-1.E0));
#290=VECTOR('',#289,5.E-1);
#291=CARTESIAN_POINT('',(1.25E0,-7.E-1,1.25E0));
#292=LINE('',#291,#290);
#293=DIRECTION('',(1.E0,0.E0,0.E0));
#294=VECTOR('',#293,5.E-1);
#295=CARTESIAN_POINT('',(7.5E-1,-7.E-1,7.5E-1));
#296=LINE('',#295,#294);
#297=DIRECTION('',(0.E0,0.E0,-1.E0));
#298=VECTOR('',#297,5.E-1);
#299=CARTESIAN_POINT('',(7.5E-1,-7.E-1,-7.5E-1));
#300=LINE('',#299,#298);
#301=DIRECTION('',(1.E0,0.E0,0.E0));
#302=VECTOR('',#301,5.E-1);
#303=CARTESIAN_POINT('',(7.5E-1,-7.E-1,-7.5E-1));
#304=LINE('',#303,#302);
#305=DIRECTION('',(0.E0,0.E0,-1.E0));
#306=VECTOR('',#305,5.E-1);
#307=CARTESIAN_POINT('',(1.25E0,-7.E-1,-7.5E-1));
#308=LINE('',#307,#306);
#309=DIRECTION('',(1.E0,0.E0,0.E0));
#310=VECTOR('',#309,5.E-1);
#311=CARTESIAN_POINT('',(7.5E-1,-7.E-1,-1.25E0));
#312=LINE('',#311,#310);
#313=DIRECTION('',(0.E0,0.E0,-1.E0));
#314=VECTOR('',#313,5.E-1);
#315=CARTESIAN_POINT('',(2.75E0,-7.E-1,1.25E0));
#316=LINE('',#315,#314);
#317=DIRECTION('',(1.E0,0.E0,0.E0));
#318=VECTOR('',#317,5.E-1);
#319=CARTESIAN_POINT('',(2.75E0,-7.E-1,1.25E0));
#320=LINE('',#319,#318);
#321=DIRECTION('',(0.E0,0.E0,-1.E0));
#322=VECTOR('',#321,5.E-1);
#323=CARTESIAN_POINT('',(3.25E0,-7.E-1,1.25E0));
#324=LINE('',#323,#322);
#325=DIRECTION('',(1.E0,0.E0,0.E0));
#326=VECTOR('',#325,5.E-1);
#327=CARTESIAN_POINT('',(2.75E0,-7.E-1,7.5E-1));
#328=LINE('',#327,#326);
#329=DIRECTION('',(0.E0,0.E0,-1.E0));
#330=VECTOR('',#329,5.E-1);
#331=CARTESIAN_POINT('',(2.75E0,-7.E-1,-7.5E-1));
#332=LINE('',#331,#330);
#333=DIRECTION('',(1.E0,0.E0,0.E0));
#334=VECTOR('',#333,5.E-1);
#335=CARTESIAN_POINT('',(2.75E0,-7.E-1,-7.5E-1));
#336=LINE('',#335,#334);
#337=DIRECTION('',(0.E0,0.E0,-1.E0));
#338=VECTOR('',#337,5.E-1);
#339=CARTESIAN_POINT('',(3.25E0,-7.E-1,-7.5E-1));
#340=LINE('',#339,#338);
#341=DIRECTION('',(1.E0,0.E0,0.E0));
#342=VECTOR('',#341,5.E-1);
#343=CARTESIAN_POINT('',(2.75E0,-7.E-1,-1.25E0));
#344=LINE('',#343,#342);
#345=DIRECTION('',(0.E0,0.E0,-1.E0));
#346=VECTOR('',#345,5.E-1);
#347=CARTESIAN_POINT('',(4.75E0,-7.E-1,1.25E0));
#348=LINE('',#347,#346);
#349=DIRECTION('',(1.E0,0.E0,0.E0));
#350=VECTOR('',#349,5.E-1);
#351=CARTESIAN_POINT('',(4.75E0,-7.E-1,1.25E0));
#352=LINE('',#351,#350);
#353=DIRECTION('',(0.E0,0.E0,-1.E0));
#354=VECTOR('',#353,5.E-1);
#355=CARTESIAN_POINT('',(5.25E0,-7.E-1,1.25E0));
#356=LINE('',#355,#354);
#357=DIRECTION('',(1.E0,0.E0,0.E0));
#358=VECTOR('',#357,5.E-1);
#359=CARTESIAN_POINT('',(4.75E0,-7.E-1,7.5E-1));
#360=LINE('',#359,#358);
#361=DIRECTION('',(0.E0,0.E0,-1.E0));
#362=VECTOR('',#361,5.E-1);
#363=CARTESIAN_POINT('',(4.75E0,-7.E-1,-7.5E-1));
#364=LINE('',#363,#362);
#365=DIRECTION('',(1.E0,0.E0,0.E0));
#366=VECTOR('',#365,5.E-1);
#367=CARTESIAN_POINT('',(4.75E0,-7.E-1,-7.5E-1));
#368=LINE('',#367,#366);
#369=DIRECTION('',(0.E0,0.E0,-1.E0));
#370=VECTOR('',#369,5.E-1);
#371=CARTESIAN_POINT('',(5.25E0,-7.E-1,-7.5E-1));
#372=LINE('',#371,#370);
#373=DIRECTION('',(1.E0,0.E0,0.E0));
#374=VECTOR('',#373,5.E-1);
#375=CARTESIAN_POINT('',(4.75E0,-7.E-1,-1.25E0));
#376=LINE('',#375,#374);
#377=DIRECTION('',(0.E0,0.E0,-1.E0));
#378=VECTOR('',#377,5.E-1);
#379=CARTESIAN_POINT('',(6.75E0,-7.E-1,1.25E0));
#380=LINE('',#379,#378);
#381=DIRECTION('',(1.E0,0.E0,0.E0));
#382=VECTOR('',#381,5.E-1);
#383=CARTESIAN_POINT('',(6.75E0,-7.E-1,1.25E0));
#384=LINE('',#383,#382);
#385=DIRECTION('',(0.E0,0.E0,-1.E0));
#386=VECTOR('',#385,5.E-1);
#387=CARTESIAN_POINT('',(7.25E0,-7.E-1,1.25E0));
#388=LINE('',#387,#386);
#389=DIRECTION('',(1.E0,0.E0,0.E0));
#390=VECTOR('',#389,5.E-1);
#391=CARTESIAN_POINT('',(6.75E0,-7.E-1,7.5E-1));
#392=LINE('',#391,#390);
#393=DIRECTION('',(0.E0,0.E0,-1.E0));
#394=VECTOR('',#393,5.E-1);
#395=CARTESIAN_POINT('',(6.75E0,-7.E-1,-7.5E-1));
#396=LINE('',#395,#394);
#397=DIRECTION('',(1.E0,0.E0,0.E0));
#398=VECTOR('',#397,5.E-1);
#399=CARTESIAN_POINT('',(6.75E0,-7.E-1,-7.5E-1));
#400=LINE('',#399,#398);
#401=DIRECTION('',(0.E0,0.E0,-1.E0));
#402=VECTOR('',#401,5.E-1);
#403=CARTESIAN_POINT('',(7.25E0,-7.E-1,-7.5E-1));
#404=LINE('',#403,#402);
#405=DIRECTION('',(1.E0,0.E0,0.E0));
#406=VECTOR('',#405,5.E-1);
#407=CARTESIAN_POINT('',(6.75E0,-7.E-1,-1.25E0));
#408=LINE('',#407,#406);
#409=DIRECTION('',(1.E0,0.E0,0.E0));
#410=VECTOR('',#409,2.1875E0);
#411=CARTESIAN_POINT('',(1.2E0,-7.E-1,2.5E0));
#412=LINE('',#411,#410);
#413=DIRECTION('',(0.E0,0.E0,-1.E0));
#414=VECTOR('',#413,6.5E-1);
#415=CARTESIAN_POINT('',(-1.2E0,-7.E-1,3.15E0));
#416=LINE('',#415,#414);
#417=DIRECTION('',(1.E0,0.E0,0.E0));
#418=VECTOR('',#417,2.1875E0);
#419=CARTESIAN_POINT('',(-3.3875E0,-7.E-1,2.5E0));
#420=LINE('',#419,#418);
#421=DIRECTION('',(0.E0,0.E0,-1.E0));
#422=VECTOR('',#421,2.5E-1);
#423=CARTESIAN_POINT('',(-3.3875E0,-7.E-1,2.5E0));
#424=LINE('',#423,#422);
#425=DIRECTION('',(1.E0,0.E0,0.E0));
#426=VECTOR('',#425,3.225E0);
#427=CARTESIAN_POINT('',(-6.6125E0,-7.E-1,2.25E0));
#428=LINE('',#427,#426);
#429=DIRECTION('',(0.E0,0.E0,-1.E0));
#430=VECTOR('',#429,2.5E-1);
#431=CARTESIAN_POINT('',(-6.6125E0,-7.E-1,2.5E0));
#432=LINE('',#431,#430);
#433=DIRECTION('',(1.E0,0.E0,0.E0));
#434=VECTOR('',#433,1.4125E0);
#435=CARTESIAN_POINT('',(-8.025E0,-7.E-1,2.5E0));
#436=LINE('',#435,#434);
#437=DIRECTION('',(0.E0,0.E0,1.E0));
#438=VECTOR('',#437,2.5E-1);
#439=CARTESIAN_POINT('',(-8.025E0,-7.E-1,2.25E0));
#440=LINE('',#439,#438);
#441=DIRECTION('',(-1.E0,0.E0,0.E0));
#442=VECTOR('',#441,4.E-1);
#443=CARTESIAN_POINT('',(-8.025E0,-7.E-1,2.25E0));
#444=LINE('',#443,#442);
#445=DIRECTION('',(1.E0,0.E0,0.E0));
#446=VECTOR('',#445,9.E-1);
#447=CARTESIAN_POINT('',(-9.325E0,-7.E-1,1.15E0));
#448=LINE('',#447,#446);
#449=DIRECTION('',(-1.E0,0.E0,0.E0));
#450=VECTOR('',#449,9.E-1);
#451=CARTESIAN_POINT('',(-8.425E0,-7.E-1,-1.5E-1));
#452=LINE('',#451,#450);
#453=DIRECTION('',(0.E0,0.E0,1.E0));
#454=VECTOR('',#453,2.5E-1);
#455=CARTESIAN_POINT('',(-8.025E0,-7.E-1,-2.5E0));
#456=LINE('',#455,#454);
#457=DIRECTION('',(0.E0,0.E0,1.E0));
#458=VECTOR('',#457,2.5E-1);
#459=CARTESIAN_POINT('',(-7.395E0,-7.E-1,-2.5E0));
#460=LINE('',#459,#458);
#461=DIRECTION('',(1.E0,0.E0,0.E0));
#462=VECTOR('',#461,8.E-1);
#463=CARTESIAN_POINT('',(-7.395E0,-7.E-1,-2.25E0));
#464=LINE('',#463,#462);
#465=DIRECTION('',(0.E0,0.E0,1.E0));
#466=VECTOR('',#465,2.5E-1);
#467=CARTESIAN_POINT('',(-6.595E0,-7.E-1,-2.5E0));
#468=LINE('',#467,#466);
#469=DIRECTION('',(0.E0,0.E0,1.E0));
#470=VECTOR('',#469,2.5E-1);
#471=CARTESIAN_POINT('',(-1.4E0,-7.E-1,-2.5E0));
#472=LINE('',#471,#470);
#473=DIRECTION('',(0.E0,0.E0,1.E0));
#474=VECTOR('',#473,2.5E-1);
#475=CARTESIAN_POINT('',(-5.95E-1,-7.E-1,-2.5E0));
#476=LINE('',#475,#474);
#477=DIRECTION('',(0.E0,0.E0,1.E0));
#478=VECTOR('',#477,2.5E-1);
#479=CARTESIAN_POINT('',(5.95E-1,-7.E-1,-2.5E0));
#480=LINE('',#479,#478);
#481=DIRECTION('',(0.E0,0.E0,1.E0));
#482=VECTOR('',#481,2.5E-1);
#483=CARTESIAN_POINT('',(1.4E0,-7.E-1,-2.5E0));
#484=LINE('',#483,#482);
#485=DIRECTION('',(0.E0,0.E0,1.E0));
#486=VECTOR('',#485,2.5E-1);
#487=CARTESIAN_POINT('',(6.595E0,-7.E-1,-2.5E0));
#488=LINE('',#487,#486);
#489=DIRECTION('',(1.E0,0.E0,0.E0));
#490=VECTOR('',#489,8.E-1);
#491=CARTESIAN_POINT('',(6.595E0,-7.E-1,-2.25E0));
#492=LINE('',#491,#490);
#493=DIRECTION('',(0.E0,0.E0,1.E0));
#494=VECTOR('',#493,2.5E-1);
#495=CARTESIAN_POINT('',(7.395E0,-7.E-1,-2.5E0));
#496=LINE('',#495,#494);
#497=DIRECTION('',(0.E0,0.E0,-1.E0));
#498=VECTOR('',#497,2.5E-1);
#499=CARTESIAN_POINT('',(8.025E0,-7.E-1,-2.25E0));
#500=LINE('',#499,#498);
#501=DIRECTION('',(-1.E0,0.E0,0.E0));
#502=VECTOR('',#501,9.E-1);
#503=CARTESIAN_POINT('',(9.325E0,-7.E-1,-1.15E0));
#504=LINE('',#503,#502);
#505=DIRECTION('',(1.E0,0.E0,0.E0));
#506=VECTOR('',#505,9.E-1);
#507=CARTESIAN_POINT('',(8.425E0,-7.E-1,1.5E-1));
#508=LINE('',#507,#506);
#509=DIRECTION('',(-1.E0,0.E0,0.E0));
#510=VECTOR('',#509,4.E-1);
#511=CARTESIAN_POINT('',(8.425E0,-7.E-1,2.25E0));
#512=LINE('',#511,#510);
#513=DIRECTION('',(0.E0,0.E0,-1.E0));
#514=VECTOR('',#513,2.5E-1);
#515=CARTESIAN_POINT('',(8.025E0,-7.E-1,2.5E0));
#516=LINE('',#515,#514);
#517=DIRECTION('',(1.E0,0.E0,0.E0));
#518=VECTOR('',#517,1.4125E0);
#519=CARTESIAN_POINT('',(6.6125E0,-7.E-1,2.5E0));
#520=LINE('',#519,#518);
#521=DIRECTION('',(0.E0,0.E0,-1.E0));
#522=VECTOR('',#521,2.5E-1);
#523=CARTESIAN_POINT('',(6.6125E0,-7.E-1,2.5E0));
#524=LINE('',#523,#522);
#525=DIRECTION('',(-1.E0,0.E0,0.E0));
#526=VECTOR('',#525,3.225E0);
#527=CARTESIAN_POINT('',(6.6125E0,-7.E-1,2.25E0));
#528=LINE('',#527,#526);
#529=DIRECTION('',(0.E0,0.E0,-1.E0));
#530=VECTOR('',#529,2.5E-1);
#531=CARTESIAN_POINT('',(3.3875E0,-7.E-1,2.5E0));
#532=LINE('',#531,#530);
#533=DIRECTION('',(0.E0,0.E0,-1.E0));
#534=VECTOR('',#533,5.E-1);
#535=CARTESIAN_POINT('',(-7.25E0,2.3E0,-7.5E-1));
#536=LINE('',#535,#534);
#537=DIRECTION('',(0.E0,-1.E0,0.E0));
#538=VECTOR('',#537,3.E0);
#539=CARTESIAN_POINT('',(-7.25E0,2.3E0,-7.5E-1));
#540=LINE('',#539,#538);
#541=DIRECTION('',(0.E0,1.E0,0.E0));
#542=VECTOR('',#541,3.E0);
#543=CARTESIAN_POINT('',(-7.25E0,-7.E-1,-1.25E0));
#544=LINE('',#543,#542);
#545=DIRECTION('',(0.E0,0.E0,-1.E0));
#546=VECTOR('',#545,5.E-1);
#547=CARTESIAN_POINT('',(-7.25E0,2.3E0,1.25E0));
#548=LINE('',#547,#546);
#549=DIRECTION('',(0.E0,-1.E0,0.E0));
#550=VECTOR('',#549,3.E0);
#551=CARTESIAN_POINT('',(-7.25E0,2.3E0,1.25E0));
#552=LINE('',#551,#550);
#553=DIRECTION('',(0.E0,1.E0,0.E0));
#554=VECTOR('',#553,3.E0);
#555=CARTESIAN_POINT('',(-7.25E0,-7.E-1,7.5E-1));
#556=LINE('',#555,#554);
#557=DIRECTION('',(0.E0,1.E0,0.E0));
#558=VECTOR('',#557,5.E-1);
#559=CARTESIAN_POINT('',(-7.25E0,-4.4E0,2.05E0));
#560=LINE('',#559,#558);
#561=DIRECTION('',(0.E0,0.E0,-1.E0));
#562=VECTOR('',#561,6.E-1);
#563=CARTESIAN_POINT('',(-7.25E0,-4.4E0,2.05E0));
#564=LINE('',#563,#562);
#565=CARTESIAN_POINT('',(-7.25E0,-3.7E0,1.45E0));
#566=DIRECTION('',(1.E0,0.E0,0.E0));
#567=DIRECTION('',(0.E0,-1.E0,5.804880385897E-14));
#568=AXIS2_PLACEMENT_3D('',#565,#566,#567);
#570=DIRECTION('',(0.E0,1.E0,0.E0));
#571=VECTOR('',#570,5.E-1);
#572=CARTESIAN_POINT('',(-7.25E0,-3.7E0,7.5E-1));
#573=LINE('',#572,#571);
#574=DIRECTION('',(0.E0,-1.E0,0.E0));
#575=VECTOR('',#574,5.E-1);
#576=CARTESIAN_POINT('',(-7.25E0,-3.2E0,1.25E0));
#577=LINE('',#576,#575);
#578=CARTESIAN_POINT('',(-7.25E0,-3.7E0,1.45E0));
#579=DIRECTION('',(-1.E0,0.E0,0.E0));
#580=DIRECTION('',(0.E0,-2.220446049250E-14,-1.E0));
#581=AXIS2_PLACEMENT_3D('',#578,#579,#580);
#583=DIRECTION('',(0.E0,0.E0,1.E0));
#584=VECTOR('',#583,6.E-1);
#585=CARTESIAN_POINT('',(-7.25E0,-3.9E0,1.45E0));
#586=LINE('',#585,#584);
#587=DIRECTION('',(0.E0,-1.E0,0.E0));
#588=VECTOR('',#587,5.E-1);
#589=CARTESIAN_POINT('',(-7.25E0,-3.9E0,-2.05E0));
#590=LINE('',#589,#588);
#591=DIRECTION('',(0.E0,0.E0,1.E0));
#592=VECTOR('',#591,6.E-1);
#593=CARTESIAN_POINT('',(-7.25E0,-3.9E0,-2.05E0));
#594=LINE('',#593,#592);
#595=CARTESIAN_POINT('',(-7.25E0,-3.7E0,-1.45E0));
#596=DIRECTION('',(-1.E0,0.E0,0.E0));
#597=DIRECTION('',(0.E0,-1.E0,0.E0));
#598=AXIS2_PLACEMENT_3D('',#595,#596,#597);
#600=DIRECTION('',(0.E0,1.E0,0.E0));
#601=VECTOR('',#600,5.E-1);
#602=CARTESIAN_POINT('',(-7.25E0,-3.7E0,-1.25E0));
#603=LINE('',#602,#601);
#604=DIRECTION('',(0.E0,-1.E0,0.E0));
#605=VECTOR('',#604,5.E-1);
#606=CARTESIAN_POINT('',(-7.25E0,-3.2E0,-7.5E-1));
#607=LINE('',#606,#605);
#608=CARTESIAN_POINT('',(-7.25E0,-3.7E0,-1.45E0));
#609=DIRECTION('',(1.E0,0.E0,0.E0));
#610=DIRECTION('',(0.E0,0.E0,1.E0));
#611=AXIS2_PLACEMENT_3D('',#608,#609,#610);
#613=DIRECTION('',(0.E0,0.E0,-1.E0));
#614=VECTOR('',#613,6.E-1);
#615=CARTESIAN_POINT('',(-7.25E0,-4.4E0,-1.45E0));
#616=LINE('',#615,#614);
#617=DIRECTION('',(-2.357022603955E-1,-9.428090415821E-1,-2.357022603955E-1));
#618=VECTOR('',#617,6.363961030679E-1);
#619=CARTESIAN_POINT('',(-7.1E0,2.9E0,-1.1E0));
#620=LINE('',#619,#618);
#621=DIRECTION('',(2.357022603955E-1,-9.428090415821E-1,-2.357022603955E-1));
#622=VECTOR('',#621,6.363961030679E-1);
#623=CARTESIAN_POINT('',(-6.9E0,2.9E0,-1.1E0));
#624=LINE('',#623,#622);
#625=DIRECTION('',(1.E0,0.E0,0.E0));
#626=VECTOR('',#625,5.E-1);
#627=CARTESIAN_POINT('',(-7.25E0,-3.7E0,-1.25E0));
#628=LINE('',#627,#626);
#629=DIRECTION('',(-1.E0,0.E0,0.E0));
#630=VECTOR('',#629,5.E-1);
#631=CARTESIAN_POINT('',(-6.75E0,2.3E0,-1.25E0));
#632=LINE('',#631,#630);
#633=DIRECTION('',(1.E0,0.E0,0.E0));
#634=VECTOR('',#633,5.E-1);
#635=CARTESIAN_POINT('',(-7.25E0,-3.9E0,-1.45E0));
#636=LINE('',#635,#634);
#637=DIRECTION('',(-1.E0,0.E0,0.E0));
#638=VECTOR('',#637,5.E-1);
#639=CARTESIAN_POINT('',(-6.75E0,-3.9E0,-2.05E0));
#640=LINE('',#639,#638);
#641=DIRECTION('',(-2.357022603955E-1,2.357022603955E-1,9.428090415821E-1));
#642=VECTOR('',#641,6.363961030679E-1);
#643=CARTESIAN_POINT('',(-7.1E0,-4.05E0,-2.65E0));
#644=LINE('',#643,#642);
#645=DIRECTION('',(-2.357022603955E-1,-2.357022603955E-1,-9.428090415821E-1));
#646=VECTOR('',#645,6.363961030679E-1);
#647=CARTESIAN_POINT('',(-6.75E0,-3.9E0,-2.05E0));
#648=LINE('',#647,#646);
#649=DIRECTION('',(-2.357022603955E-1,-2.357022603955E-1,9.428090415821E-1));
#650=VECTOR('',#649,6.363961030679E-1);
#651=CARTESIAN_POINT('',(-7.1E0,-4.25E0,-2.65E0));
#652=LINE('',#651,#650);
#653=DIRECTION('',(2.357022603955E-1,-2.357022603955E-1,9.428090415821E-1));
#654=VECTOR('',#653,6.363961030679E-1);
#655=CARTESIAN_POINT('',(-6.9E0,-4.25E0,-2.65E0));
#656=LINE('',#655,#654);
#657=DIRECTION('',(-1.E0,0.E0,0.E0));
#658=VECTOR('',#657,5.E-1);
#659=CARTESIAN_POINT('',(-6.75E0,-4.4E0,-2.05E0));
#660=LINE('',#659,#658);
#661=DIRECTION('',(1.E0,0.E0,0.E0));
#662=VECTOR('',#661,5.E-1);
#663=CARTESIAN_POINT('',(-7.25E0,-4.4E0,-1.45E0));
#664=LINE('',#663,#662);
#665=DIRECTION('',(1.E0,0.E0,0.E0));
#666=VECTOR('',#665,5.E-1);
#667=CARTESIAN_POINT('',(-7.25E0,-3.7E0,-7.5E-1));
#668=LINE('',#667,#666);
#669=DIRECTION('',(-1.E0,0.E0,0.E0));
#670=VECTOR('',#669,5.E-1);
#671=CARTESIAN_POINT('',(-6.75E0,2.3E0,-7.5E-1));
#672=LINE('',#671,#670);
#673=DIRECTION('',(0.E0,0.E0,1.E0));
#674=VECTOR('',#673,4.E0);
#675=CARTESIAN_POINT('',(-8.5E0,-3.2E0,-2.E0));
#676=LINE('',#675,#674);
#677=DIRECTION('',(1.E0,0.E0,0.E0));
#678=VECTOR('',#677,1.7E1);
#679=CARTESIAN_POINT('',(-8.5E0,-3.2E0,2.E0));
#680=LINE('',#679,#678);
#681=DIRECTION('',(0.E0,0.E0,-1.E0));
#682=VECTOR('',#681,4.E0);
#683=CARTESIAN_POINT('',(8.5E0,-3.2E0,2.E0));
#684=LINE('',#683,#682);
#685=DIRECTION('',(-1.E0,0.E0,0.E0));
#686=VECTOR('',#685,1.7E1);
#687=CARTESIAN_POINT('',(8.5E0,-3.2E0,-2.E0));
#688=LINE('',#687,#686);
#689=DIRECTION('',(0.E0,0.E0,1.E0));
#690=VECTOR('',#689,5.E-1);
#691=CARTESIAN_POINT('',(-7.25E0,-3.2E0,-1.25E0));
#692=LINE('',#691,#690);
#693=DIRECTION('',(1.E0,0.E0,0.E0));
#694=VECTOR('',#693,5.E-1);
#695=CARTESIAN_POINT('',(-7.25E0,-3.2E0,-1.25E0));
#696=LINE('',#695,#694);
#697=DIRECTION('',(0.E0,0.E0,1.E0));
#698=VECTOR('',#697,5.E-1);
#699=CARTESIAN_POINT('',(-6.75E0,-3.2E0,-1.25E0));
#700=LINE('',#699,#698);
#701=DIRECTION('',(1.E0,0.E0,0.E0));
#702=VECTOR('',#701,5.E-1);
#703=CARTESIAN_POINT('',(-7.25E0,-3.2E0,-7.5E-1));
#704=LINE('',#703,#702);
#705=DIRECTION('',(0.E0,0.E0,1.E0));
#706=VECTOR('',#705,5.E-1);
#707=CARTESIAN_POINT('',(-7.25E0,-3.2E0,7.5E-1));
#708=LINE('',#707,#706);
#709=DIRECTION('',(1.E0,0.E0,0.E0));
#710=VECTOR('',#709,5.E-1);
#711=CARTESIAN_POINT('',(-7.25E0,-3.2E0,7.5E-1));
#712=LINE('',#711,#710);
#713=DIRECTION('',(0.E0,0.E0,1.E0));
#714=VECTOR('',#713,5.E-1);
#715=CARTESIAN_POINT('',(-6.75E0,-3.2E0,7.5E-1));
#716=LINE('',#715,#714);
#717=DIRECTION('',(1.E0,0.E0,0.E0));
#718=VECTOR('',#717,5.E-1);
#719=CARTESIAN_POINT('',(-7.25E0,-3.2E0,1.25E0));
#720=LINE('',#719,#718);
#721=DIRECTION('',(0.E0,0.E0,1.E0));
#722=VECTOR('',#721,5.E-1);
#723=CARTESIAN_POINT('',(-5.25E0,-3.2E0,-1.25E0));
#724=LINE('',#723,#722);
#725=DIRECTION('',(1.E0,0.E0,0.E0));
#726=VECTOR('',#725,5.E-1);
#727=CARTESIAN_POINT('',(-5.25E0,-3.2E0,-1.25E0));
#728=LINE('',#727,#726);
#729=DIRECTION('',(0.E0,0.E0,1.E0));
#730=VECTOR('',#729,5.E-1);
#731=CARTESIAN_POINT('',(-4.75E0,-3.2E0,-1.25E0));
#732=LINE('',#731,#730);
#733=DIRECTION('',(1.E0,0.E0,0.E0));
#734=VECTOR('',#733,5.E-1);
#735=CARTESIAN_POINT('',(-5.25E0,-3.2E0,-7.5E-1));
#736=LINE('',#735,#734);
#737=DIRECTION('',(0.E0,0.E0,1.E0));
#738=VECTOR('',#737,5.E-1);
#739=CARTESIAN_POINT('',(-5.25E0,-3.2E0,7.5E-1));
#740=LINE('',#739,#738);
#741=DIRECTION('',(1.E0,0.E0,0.E0));
#742=VECTOR('',#741,5.E-1);
#743=CARTESIAN_POINT('',(-5.25E0,-3.2E0,7.5E-1));
#744=LINE('',#743,#742);
#745=DIRECTION('',(0.E0,0.E0,1.E0));
#746=VECTOR('',#745,5.E-1);
#747=CARTESIAN_POINT('',(-4.75E0,-3.2E0,7.5E-1));
#748=LINE('',#747,#746);
#749=DIRECTION('',(1.E0,0.E0,0.E0));
#750=VECTOR('',#749,5.E-1);
#751=CARTESIAN_POINT('',(-5.25E0,-3.2E0,1.25E0));
#752=LINE('',#751,#750);
#753=DIRECTION('',(0.E0,0.E0,1.E0));
#754=VECTOR('',#753,5.E-1);
#755=CARTESIAN_POINT('',(-3.25E0,-3.2E0,-1.25E0));
#756=LINE('',#755,#754);
#757=DIRECTION('',(1.E0,0.E0,0.E0));
#758=VECTOR('',#757,5.E-1);
#759=CARTESIAN_POINT('',(-3.25E0,-3.2E0,-1.25E0));
#760=LINE('',#759,#758);
#761=DIRECTION('',(0.E0,0.E0,1.E0));
#762=VECTOR('',#761,5.E-1);
#763=CARTESIAN_POINT('',(-2.75E0,-3.2E0,-1.25E0));
#764=LINE('',#763,#762);
#765=DIRECTION('',(1.E0,0.E0,0.E0));
#766=VECTOR('',#765,5.E-1);
#767=CARTESIAN_POINT('',(-3.25E0,-3.2E0,-7.5E-1));
#768=LINE('',#767,#766);
#769=DIRECTION('',(0.E0,0.E0,1.E0));
#770=VECTOR('',#769,5.E-1);
#771=CARTESIAN_POINT('',(-3.25E0,-3.2E0,7.5E-1));
#772=LINE('',#771,#770);
#773=DIRECTION('',(1.E0,0.E0,0.E0));
#774=VECTOR('',#773,5.E-1);
#775=CARTESIAN_POINT('',(-3.25E0,-3.2E0,7.5E-1));
#776=LINE('',#775,#774);
#777=DIRECTION('',(0.E0,0.E0,1.E0));
#778=VECTOR('',#777,5.E-1);
#779=CARTESIAN_POINT('',(-2.75E0,-3.2E0,7.5E-1));
#780=LINE('',#779,#778);
#781=DIRECTION('',(1.E0,0.E0,0.E0));
#782=VECTOR('',#781,5.E-1);
#783=CARTESIAN_POINT('',(-3.25E0,-3.2E0,1.25E0));
#784=LINE('',#783,#782);
#785=DIRECTION('',(0.E0,0.E0,1.E0));
#786=VECTOR('',#785,5.E-1);
#787=CARTESIAN_POINT('',(-1.25E0,-3.2E0,-1.25E0));
#788=LINE('',#787,#786);
#789=DIRECTION('',(1.E0,0.E0,0.E0));
#790=VECTOR('',#789,5.E-1);
#791=CARTESIAN_POINT('',(-1.25E0,-3.2E0,-1.25E0));
#792=LINE('',#791,#790);
#793=DIRECTION('',(0.E0,0.E0,1.E0));
#794=VECTOR('',#793,5.E-1);
#795=CARTESIAN_POINT('',(-7.5E-1,-3.2E0,-1.25E0));
#796=LINE('',#795,#794);
#797=DIRECTION('',(1.E0,0.E0,0.E0));
#798=VECTOR('',#797,5.E-1);
#799=CARTESIAN_POINT('',(-1.25E0,-3.2E0,-7.5E-1));
#800=LINE('',#799,#798);
#801=DIRECTION('',(0.E0,0.E0,1.E0));
#802=VECTOR('',#801,5.E-1);
#803=CARTESIAN_POINT('',(-1.25E0,-3.2E0,7.5E-1));
#804=LINE('',#803,#802);
#805=DIRECTION('',(1.E0,0.E0,0.E0));
#806=VECTOR('',#805,5.E-1);
#807=CARTESIAN_POINT('',(-1.25E0,-3.2E0,7.5E-1));
#808=LINE('',#807,#806);
#809=DIRECTION('',(0.E0,0.E0,1.E0));
#810=VECTOR('',#809,5.E-1);
#811=CARTESIAN_POINT('',(-7.5E-1,-3.2E0,7.5E-1));
#812=LINE('',#811,#810);
#813=DIRECTION('',(1.E0,0.E0,0.E0));
#814=VECTOR('',#813,5.E-1);
#815=CARTESIAN_POINT('',(-1.25E0,-3.2E0,1.25E0));
#816=LINE('',#815,#814);
#817=DIRECTION('',(0.E0,0.E0,1.E0));
#818=VECTOR('',#817,5.E-1);
#819=CARTESIAN_POINT('',(7.5E-1,-3.2E0,-1.25E0));
#820=LINE('',#819,#818);
#821=DIRECTION('',(1.E0,0.E0,0.E0));
#822=VECTOR('',#821,5.E-1);
#823=CARTESIAN_POINT('',(7.5E-1,-3.2E0,-1.25E0));
#824=LINE('',#823,#822);
#825=DIRECTION('',(0.E0,0.E0,1.E0));
#826=VECTOR('',#825,5.E-1);
#827=CARTESIAN_POINT('',(1.25E0,-3.2E0,-1.25E0));
#828=LINE('',#827,#826);
#829=DIRECTION('',(1.E0,0.E0,0.E0));
#830=VECTOR('',#829,5.E-1);
#831=CARTESIAN_POINT('',(7.5E-1,-3.2E0,-7.5E-1));
#832=LINE('',#831,#830);
#833=DIRECTION('',(0.E0,0.E0,1.E0));
#834=VECTOR('',#833,5.E-1);
#835=CARTESIAN_POINT('',(7.5E-1,-3.2E0,7.5E-1));
#836=LINE('',#835,#834);
#837=DIRECTION('',(1.E0,0.E0,0.E0));
#838=VECTOR('',#837,5.E-1);
#839=CARTESIAN_POINT('',(7.5E-1,-3.2E0,7.5E-1));
#840=LINE('',#839,#838);
#841=DIRECTION('',(0.E0,0.E0,1.E0));
#842=VECTOR('',#841,5.E-1);
#843=CARTESIAN_POINT('',(1.25E0,-3.2E0,7.5E-1));
#844=LINE('',#843,#842);
#845=DIRECTION('',(1.E0,0.E0,0.E0));
#846=VECTOR('',#845,5.E-1);
#847=CARTESIAN_POINT('',(7.5E-1,-3.2E0,1.25E0));
#848=LINE('',#847,#846);
#849=DIRECTION('',(0.E0,0.E0,1.E0));
#850=VECTOR('',#849,5.E-1);
#851=CARTESIAN_POINT('',(2.75E0,-3.2E0,-1.25E0));
#852=LINE('',#851,#850);
#853=DIRECTION('',(1.E0,0.E0,0.E0));
#854=VECTOR('',#853,5.E-1);
#855=CARTESIAN_POINT('',(2.75E0,-3.2E0,-1.25E0));
#856=LINE('',#855,#854);
#857=DIRECTION('',(0.E0,0.E0,1.E0));
#858=VECTOR('',#857,5.E-1);
#859=CARTESIAN_POINT('',(3.25E0,-3.2E0,-1.25E0));
#860=LINE('',#859,#858);
#861=DIRECTION('',(1.E0,0.E0,0.E0));
#862=VECTOR('',#861,5.E-1);
#863=CARTESIAN_POINT('',(2.75E0,-3.2E0,-7.5E-1));
#864=LINE('',#863,#862);
#865=DIRECTION('',(0.E0,0.E0,1.E0));
#866=VECTOR('',#865,5.E-1);
#867=CARTESIAN_POINT('',(2.75E0,-3.2E0,7.5E-1));
#868=LINE('',#867,#866);
#869=DIRECTION('',(1.E0,0.E0,0.E0));
#870=VECTOR('',#869,5.E-1);
#871=CARTESIAN_POINT('',(2.75E0,-3.2E0,7.5E-1));
#872=LINE('',#871,#870);
#873=DIRECTION('',(0.E0,0.E0,1.E0));
#874=VECTOR('',#873,5.E-1);
#875=CARTESIAN_POINT('',(3.25E0,-3.2E0,7.5E-1));
#876=LINE('',#875,#874);
#877=DIRECTION('',(1.E0,0.E0,0.E0));
#878=VECTOR('',#877,5.E-1);
#879=CARTESIAN_POINT('',(2.75E0,-3.2E0,1.25E0));
#880=LINE('',#879,#878);
#881=DIRECTION('',(0.E0,0.E0,1.E0));
#882=VECTOR('',#881,5.E-1);
#883=CARTESIAN_POINT('',(4.75E0,-3.2E0,-1.25E0));
#884=LINE('',#883,#882);
#885=DIRECTION('',(1.E0,0.E0,0.E0));
#886=VECTOR('',#885,5.E-1);
#887=CARTESIAN_POINT('',(4.75E0,-3.2E0,-1.25E0));
#888=LINE('',#887,#886);
#889=DIRECTION('',(0.E0,0.E0,1.E0));
#890=VECTOR('',#889,5.E-1);
#891=CARTESIAN_POINT('',(5.25E0,-3.2E0,-1.25E0));
#892=LINE('',#891,#890);
#893=DIRECTION('',(1.E0,0.E0,0.E0));
#894=VECTOR('',#893,5.E-1);
#895=CARTESIAN_POINT('',(4.75E0,-3.2E0,-7.5E-1));
#896=LINE('',#895,#894);
#897=DIRECTION('',(0.E0,0.E0,1.E0));
#898=VECTOR('',#897,5.E-1);
#899=CARTESIAN_POINT('',(4.75E0,-3.2E0,7.5E-1));
#900=LINE('',#899,#898);
#901=DIRECTION('',(1.E0,0.E0,0.E0));
#902=VECTOR('',#901,5.E-1);
#903=CARTESIAN_POINT('',(4.75E0,-3.2E0,7.5E-1));
#904=LINE('',#903,#902);
#905=DIRECTION('',(0.E0,0.E0,1.E0));
#906=VECTOR('',#905,5.E-1);
#907=CARTESIAN_POINT('',(5.25E0,-3.2E0,7.5E-1));
#908=LINE('',#907,#906);
#909=DIRECTION('',(1.E0,0.E0,0.E0));
#910=VECTOR('',#909,5.E-1);
#911=CARTESIAN_POINT('',(4.75E0,-3.2E0,1.25E0));
#912=LINE('',#911,#910);
#913=DIRECTION('',(0.E0,0.E0,1.E0));
#914=VECTOR('',#913,5.E-1);
#915=CARTESIAN_POINT('',(6.75E0,-3.2E0,-1.25E0));
#916=LINE('',#915,#914);
#917=DIRECTION('',(1.E0,0.E0,0.E0));
#918=VECTOR('',#917,5.E-1);
#919=CARTESIAN_POINT('',(6.75E0,-3.2E0,-1.25E0));
#920=LINE('',#919,#918);
#921=DIRECTION('',(0.E0,0.E0,1.E0));
#922=VECTOR('',#921,5.E-1);
#923=CARTESIAN_POINT('',(7.25E0,-3.2E0,-1.25E0));
#924=LINE('',#923,#922);
#925=DIRECTION('',(1.E0,0.E0,0.E0));
#926=VECTOR('',#925,5.E-1);
#927=CARTESIAN_POINT('',(6.75E0,-3.2E0,-7.5E-1));
#928=LINE('',#927,#926);
#929=DIRECTION('',(0.E0,0.E0,1.E0));
#930=VECTOR('',#929,5.E-1);
#931=CARTESIAN_POINT('',(6.75E0,-3.2E0,7.5E-1));
#932=LINE('',#931,#930);
#933=DIRECTION('',(1.E0,0.E0,0.E0));
#934=VECTOR('',#933,5.E-1);
#935=CARTESIAN_POINT('',(6.75E0,-3.2E0,7.5E-1));
#936=LINE('',#935,#934);
#937=DIRECTION('',(0.E0,0.E0,1.E0));
#938=VECTOR('',#937,5.E-1);
#939=CARTESIAN_POINT('',(7.25E0,-3.2E0,7.5E-1));
#940=LINE('',#939,#938);
#941=DIRECTION('',(1.E0,0.E0,0.E0));
#942=VECTOR('',#941,5.E-1);
#943=CARTESIAN_POINT('',(6.75E0,-3.2E0,1.25E0));
#944=LINE('',#943,#942);
#945=CARTESIAN_POINT('',(6.E0,-3.2E0,0.E0));
#946=DIRECTION('',(0.E0,-1.E0,0.E0));
#947=DIRECTION('',(0.E0,0.E0,1.E0));
#948=AXIS2_PLACEMENT_3D('',#945,#946,#947);
#950=CARTESIAN_POINT('',(6.E0,-3.2E0,0.E0));
#951=DIRECTION('',(0.E0,-1.E0,0.E0));
#952=DIRECTION('',(0.E0,0.E0,-1.E0));
#953=AXIS2_PLACEMENT_3D('',#950,#951,#952);
#955=CARTESIAN_POINT('',(-6.E0,-3.2E0,0.E0));
#956=DIRECTION('',(0.E0,-1.E0,0.E0));
#957=DIRECTION('',(0.E0,0.E0,1.E0));
#958=AXIS2_PLACEMENT_3D('',#955,#956,#957);
#960=CARTESIAN_POINT('',(-6.E0,-3.2E0,0.E0));
#961=DIRECTION('',(0.E0,-1.E0,0.E0));
#962=DIRECTION('',(0.E0,0.E0,-1.E0));
#963=AXIS2_PLACEMENT_3D('',#960,#961,#962);
#965=DIRECTION('',(0.E0,1.E0,0.E0));
#966=VECTOR('',#965,1.7E0);
#967=CARTESIAN_POINT('',(-8.5E0,-3.2E0,-2.E0));
#968=LINE('',#967,#966);
#969=DIRECTION('',(0.E0,1.E0,0.E0));
#970=VECTOR('',#969,1.7E0);
#971=CARTESIAN_POINT('',(8.5E0,-3.2E0,-2.E0));
#972=LINE('',#971,#970);
#973=DIRECTION('',(0.E0,1.E0,0.E0));
#974=VECTOR('',#973,1.7E0);
#975=CARTESIAN_POINT('',(8.5E0,-3.2E0,2.E0));
#976=LINE('',#975,#974);
#977=DIRECTION('',(0.E0,1.E0,0.E0));
#978=VECTOR('',#977,1.7E0);
#979=CARTESIAN_POINT('',(-8.5E0,-3.2E0,2.E0));
#980=LINE('',#979,#978);
#981=DIRECTION('',(0.E0,0.E0,1.E0));
#982=VECTOR('',#981,4.E0);
#983=CARTESIAN_POINT('',(-8.5E0,-1.5E0,-2.E0));
#984=LINE('',#983,#982);
#985=DIRECTION('',(-1.E0,0.E0,0.E0));
#986=VECTOR('',#985,1.7E1);
#987=CARTESIAN_POINT('',(8.5E0,-1.5E0,-2.E0));
#988=LINE('',#987,#986);
#989=DIRECTION('',(0.E0,0.E0,-1.E0));
#990=VECTOR('',#989,4.E0);
#991=CARTESIAN_POINT('',(8.5E0,-1.5E0,2.E0));
#992=LINE('',#991,#990);
#993=DIRECTION('',(1.E0,0.E0,0.E0));
#994=VECTOR('',#993,1.7E1);
#995=CARTESIAN_POINT('',(-8.5E0,-1.5E0,2.E0));
#996=LINE('',#995,#994);
#997=DIRECTION('',(-1.E0,0.E0,0.E0));
#998=VECTOR('',#997,3.3E0);
#999=CARTESIAN_POINT('',(6.65E0,-1.5E0,2.25E0));
#1000=LINE('',#999,#998);
#1001=DIRECTION('',(0.E0,0.E0,-1.E0));
#1002=VECTOR('',#1001,9.E-1);
#1003=CARTESIAN_POINT('',(6.65E0,-1.5E0,3.15E0));
#1004=LINE('',#1003,#1002);
#1005=DIRECTION('',(0.E0,0.E0,-1.E0));
#1006=VECTOR('',#1005,9.E-1);
#1007=CARTESIAN_POINT('',(-6.65E0,-1.5E0,3.15E0));
#1008=LINE('',#1007,#1006);
#1009=DIRECTION('',(1.E0,0.E0,0.E0));
#1010=VECTOR('',#1009,3.3E0);
#1011=CARTESIAN_POINT('',(-6.65E0,-1.5E0,2.25E0));
#1012=LINE('',#1011,#1010);
#1013=DIRECTION('',(0.E0,0.E0,-1.E0));
#1014=VECTOR('',#1013,9.E-1);
#1015=CARTESIAN_POINT('',(-3.35E0,-1.5E0,3.15E0));
#1016=LINE('',#1015,#1014);
#1017=DIRECTION('',(0.E0,0.E0,-1.E0));
#1018=VECTOR('',#1017,9.E-1);
#1019=CARTESIAN_POINT('',(3.35E0,-1.5E0,3.15E0));
#1020=LINE('',#1019,#1018);
#1021=DIRECTION('',(4.682358629859E-2,-9.989031743698E-1,0.E0));
#1022=VECTOR('',#1021,8.008784239821E-1);
#1023=CARTESIAN_POINT('',(6.6125E0,-7.E-1,2.25E0));
#1024=LINE('',#1023,#1022);
#1025=DIRECTION('',(4.682358629859E-2,9.989031743698E-1,0.E0));
#1026=VECTOR('',#1025,8.008784239821E-1);
#1027=CARTESIAN_POINT('',(3.35E0,-1.5E0,2.25E0));
#1028=LINE('',#1027,#1026);
#1029=DIRECTION('',(0.E0,0.E0,-1.E0));
#1030=VECTOR('',#1029,6.5E-1);
#1031=CARTESIAN_POINT('',(6.5E0,1.7E0,3.15E0));
#1032=LINE('',#1031,#1030);
#1033=CARTESIAN_POINT('',(-2.E0,2.4E0,2.5E0));
#1034=DIRECTION('',(0.E0,0.E0,-1.E0));
#1035=DIRECTION('',(8.267972847077E-1,5.625E-1,0.E0));
#1036=AXIS2_PLACEMENT_3D('',#1033,#1034,#1035);
#1038=DIRECTION('',(0.E0,-1.E0,0.E0));
#1039=VECTOR('',#1038,3.55E0);
#1040=CARTESIAN_POINT('',(-8.025E0,2.85E0,2.5E0));
#1041=LINE('',#1040,#1039);
#1042=DIRECTION('',(4.682358629859E-2,9.989031743698E-1,0.E0));
#1043=VECTOR('',#1042,2.402635271946E0);
#1044=CARTESIAN_POINT('',(-6.6125E0,-7.E-1,2.5E0));
#1045=LINE('',#1044,#1043);
#1046=DIRECTION('',(-1.E0,0.E0,0.E0));
#1047=VECTOR('',#1046,5.E-1);
#1048=CARTESIAN_POINT('',(-6.E0,1.7E0,2.5E0));
#1049=LINE('',#1048,#1047);
#1050=DIRECTION('',(0.E0,1.E0,0.E0));
#1051=VECTOR('',#1050,1.2E0);
#1052=CARTESIAN_POINT('',(-6.E0,5.E-1,2.5E0));
#1053=LINE('',#1052,#1051);
#1054=DIRECTION('',(-1.E0,0.E0,0.E0));
#1055=VECTOR('',#1054,2.E0);
#1056=CARTESIAN_POINT('',(-4.E0,5.E-1,2.5E0));
#1057=LINE('',#1056,#1055);
#1058=DIRECTION('',(0.E0,-1.E0,0.E0));
#1059=VECTOR('',#1058,1.2E0);
#1060=CARTESIAN_POINT('',(-4.E0,1.7E0,2.5E0));
#1061=LINE('',#1060,#1059);
#1062=DIRECTION('',(-1.E0,0.E0,0.E0));
#1063=VECTOR('',#1062,5.E-1);
#1064=CARTESIAN_POINT('',(-3.5E0,1.7E0,2.5E0));
#1065=LINE('',#1064,#1063);
#1066=DIRECTION('',(-4.682358629859E-2,9.989031743698E-1,0.E0));
#1067=VECTOR('',#1066,2.402635271946E0);
#1068=CARTESIAN_POINT('',(-3.3875E0,-7.E-1,2.5E0));
#1069=LINE('',#1068,#1067);
#1070=DIRECTION('',(0.E0,1.E0,0.E0));
#1071=VECTOR('',#1070,3.1E0);
#1072=CARTESIAN_POINT('',(-1.2E0,-7.E-1,2.5E0));
#1073=LINE('',#1072,#1071);
#1074=CARTESIAN_POINT('',(2.E0,2.4E0,2.5E0));
#1075=DIRECTION('',(0.E0,0.E0,-1.E0));
#1076=DIRECTION('',(-1.E0,0.E0,0.E0));
#1077=AXIS2_PLACEMENT_3D('',#1074,#1075,#1076);
#1079=DIRECTION('',(0.E0,1.E0,0.E0));
#1080=VECTOR('',#1079,3.1E0);
#1081=CARTESIAN_POINT('',(1.2E0,-7.E-1,2.5E0));
#1082=LINE('',#1081,#1080);
#1083=DIRECTION('',(4.682358629859E-2,9.989031743698E-1,0.E0));
#1084=VECTOR('',#1083,2.402635271946E0);
#1085=CARTESIAN_POINT('',(3.3875E0,-7.E-1,2.5E0));
#1086=LINE('',#1085,#1084);
#1087=DIRECTION('',(1.E0,0.E0,0.E0));
#1088=VECTOR('',#1087,5.E-1);
#1089=CARTESIAN_POINT('',(3.5E0,1.7E0,2.5E0));
#1090=LINE('',#1089,#1088);
#1091=DIRECTION('',(0.E0,-1.E0,0.E0));
#1092=VECTOR('',#1091,1.2E0);
#1093=CARTESIAN_POINT('',(4.E0,1.7E0,2.5E0));
#1094=LINE('',#1093,#1092);
#1095=DIRECTION('',(1.E0,0.E0,0.E0));
#1096=VECTOR('',#1095,2.E0);
#1097=CARTESIAN_POINT('',(4.E0,5.E-1,2.5E0));
#1098=LINE('',#1097,#1096);
#1099=DIRECTION('',(0.E0,1.E0,0.E0));
#1100=VECTOR('',#1099,1.2E0);
#1101=CARTESIAN_POINT('',(6.E0,5.E-1,2.5E0));
#1102=LINE('',#1101,#1100);
#1103=DIRECTION('',(1.E0,0.E0,0.E0));
#1104=VECTOR('',#1103,5.E-1);
#1105=CARTESIAN_POINT('',(6.E0,1.7E0,2.5E0));
#1106=LINE('',#1105,#1104);
#1107=DIRECTION('',(-4.682358629859E-2,9.989031743698E-1,0.E0));
#1108=VECTOR('',#1107,2.402635271946E0);
#1109=CARTESIAN_POINT('',(6.6125E0,-7.E-1,2.5E0));
#1110=LINE('',#1109,#1108);
#1111=CARTESIAN_POINT('',(-2.E0,3.2E0,2.85E0));
#1112=CARTESIAN_POINT('',(-1.918950628703E0,3.2E0,2.85E0));
#1113=CARTESIAN_POINT('',(-1.777372720801E0,3.176917289667E0,2.826917289667E0));
#1114=CARTESIAN_POINT('',(-1.542536366702E0,3.076400077043E0,2.726400077043E0));
#1115=CARTESIAN_POINT('',(-1.408834367420E0,2.953290418080E0,2.603290418080E0));
#1116=CARTESIAN_POINT('',(-1.338562172234E0,2.85E0,2.5E0));
#1118=DIRECTION('',(-5.773502691896E-1,5.773502691896E-1,5.773502691896E-1));
#1119=VECTOR('',#1118,1.039230484541E0);
#1120=CARTESIAN_POINT('',(-8.425E0,2.6E0,2.25E0));
#1121=LINE('',#1120,#1119);
#1122=DIRECTION('',(0.E0,7.071067811865E-1,7.071067811865E-1));
#1123=VECTOR('',#1122,3.535533905933E-1);
#1124=CARTESIAN_POINT('',(-8.025E0,2.6E0,2.25E0));
#1125=LINE('',#1124,#1123);
#1126=DIRECTION('',(1.E0,0.E0,0.E0));
#1127=VECTOR('',#1126,6.686437827766E0);
#1128=CARTESIAN_POINT('',(-8.025E0,2.85E0,2.5E0));
#1129=LINE('',#1128,#1127);
#1130=CARTESIAN_POINT('',(1.338562172234E0,2.85E0,2.5E0));
#1131=CARTESIAN_POINT('',(1.408834367420E0,2.953290418080E0,2.603290418080E0));
#1132=CARTESIAN_POINT('',(1.542536366702E0,3.076400077043E0,2.726400077043E0));
#1133=CARTESIAN_POINT('',(1.777372720801E0,3.176917289667E0,2.826917289667E0));
#1134=CARTESIAN_POINT('',(1.918950628703E0,3.2E0,2.85E0));
#1135=CARTESIAN_POINT('',(2.E0,3.2E0,2.85E0));
#1137=DIRECTION('',(1.E0,0.E0,0.E0));
#1138=VECTOR('',#1137,6.686437827766E0);
#1139=CARTESIAN_POINT('',(1.338562172234E0,2.85E0,2.5E0));
#1140=LINE('',#1139,#1138);
#1141=DIRECTION('',(0.E0,7.071067811865E-1,7.071067811865E-1));
#1142=VECTOR('',#1141,3.535533905933E-1);
#1143=CARTESIAN_POINT('',(8.025E0,2.6E0,2.25E0));
#1144=LINE('',#1143,#1142);
#1145=DIRECTION('',(-5.773502691896E-1,5.773502691896E-1,5.773502691896E-1));
#1146=VECTOR('',#1145,1.039230484541E0);
#1147=CARTESIAN_POINT('',(-8.425E0,2.6E0,1.15E0));
#1148=LINE('',#1147,#1146);
#1149=DIRECTION('',(0.E0,0.E0,-1.E0));
#1150=VECTOR('',#1149,2.1E0);
#1151=CARTESIAN_POINT('',(-8.425E0,2.6E0,-1.5E-1));
#1152=LINE('',#1151,#1150);
#1153=DIRECTION('',(0.E0,1.E0,0.E0));
#1154=VECTOR('',#1153,3.3E0);
#1155=CARTESIAN_POINT('',(-8.425E0,-7.E-1,-2.25E0));
#1156=LINE('',#1155,#1154);
#1157=DIRECTION('',(0.E0,0.E0,1.E0));
#1158=VECTOR('',#1157,2.1E0);
#1159=CARTESIAN_POINT('',(-8.425E0,-7.E-1,-2.25E0));
#1160=LINE('',#1159,#1158);
#1161=DIRECTION('',(0.E0,1.E0,0.E0));
#1162=VECTOR('',#1161,3.3E0);
#1163=CARTESIAN_POINT('',(-8.425E0,-7.E-1,-1.5E-1));
#1164=LINE('',#1163,#1162);
#1165=DIRECTION('',(0.E0,0.E0,-1.E0));
#1166=VECTOR('',#1165,1.1E0);
#1167=CARTESIAN_POINT('',(-8.425E0,2.6E0,2.25E0));
#1168=LINE('',#1167,#1166);
#1169=DIRECTION('',(0.E0,1.E0,0.E0));
#1170=VECTOR('',#1169,3.3E0);
#1171=CARTESIAN_POINT('',(-8.425E0,-7.E-1,1.15E0));
#1172=LINE('',#1171,#1170);
#1173=DIRECTION('',(0.E0,0.E0,1.E0));
#1174=VECTOR('',#1173,1.1E0);
#1175=CARTESIAN_POINT('',(-8.425E0,-7.E-1,1.15E0));
#1176=LINE('',#1175,#1174);
#1177=DIRECTION('',(0.E0,-1.E0,0.E0));
#1178=VECTOR('',#1177,3.3E0);
#1179=CARTESIAN_POINT('',(-8.425E0,2.6E0,2.25E0));
#1180=LINE('',#1179,#1178);
#1181=DIRECTION('',(-5.773502691896E-1,5.773502691896E-1,-5.773502691896E-1));
#1182=VECTOR('',#1181,1.039230484541E0);
#1183=CARTESIAN_POINT('',(-8.425E0,2.6E0,-2.25E0));
#1184=LINE('',#1183,#1182);
#1185=DIRECTION('',(0.E0,7.071067811865E-1,-7.071067811865E-1));
#1186=VECTOR('',#1185,3.535533905933E-1);
#1187=CARTESIAN_POINT('',(1.4E0,2.6E0,-2.25E0));
#1188=LINE('',#1187,#1186);
#1189=DIRECTION('',(-1.E0,0.E0,0.E0));
#1190=VECTOR('',#1189,8.05E-1);
#1191=CARTESIAN_POINT('',(1.4E0,2.6E0,-2.25E0));
#1192=LINE('',#1191,#1190);
#1193=DIRECTION('',(0.E0,-7.071067811865E-1,7.071067811865E-1));
#1194=VECTOR('',#1193,3.535533905933E-1);
#1195=CARTESIAN_POINT('',(5.95E-1,2.85E0,-2.5E0));
#1196=LINE('',#1195,#1194);
#1197=DIRECTION('',(0.E0,7.071067811865E-1,-7.071067811865E-1));
#1198=VECTOR('',#1197,3.535533905933E-1);
#1199=CARTESIAN_POINT('',(-5.95E-1,2.6E0,-2.25E0));
#1200=LINE('',#1199,#1198);
#1201=DIRECTION('',(-1.E0,0.E0,0.E0));
#1202=VECTOR('',#1201,8.05E-1);
#1203=CARTESIAN_POINT('',(-5.95E-1,2.6E0,-2.25E0));
#1204=LINE('',#1203,#1202);
#1205=DIRECTION('',(0.E0,-7.071067811865E-1,7.071067811865E-1));
#1206=VECTOR('',#1205,3.535533905933E-1);
#1207=CARTESIAN_POINT('',(-1.4E0,2.85E0,-2.5E0));
#1208=LINE('',#1207,#1206);
#1209=DIRECTION('',(0.E0,7.071067811865E-1,-7.071067811865E-1));
#1210=VECTOR('',#1209,3.535533905933E-1);
#1211=CARTESIAN_POINT('',(-6.595E0,2.6E0,-2.25E0));
#1212=LINE('',#1211,#1210);
#1213=DIRECTION('',(1.E0,0.E0,0.E0));
#1214=VECTOR('',#1213,8.E-1);
#1215=CARTESIAN_POINT('',(-7.395E0,2.6E0,-2.25E0));
#1216=LINE('',#1215,#1214);
#1217=DIRECTION('',(0.E0,-7.071067811865E-1,7.071067811865E-1));
#1218=VECTOR('',#1217,3.535533905933E-1);
#1219=CARTESIAN_POINT('',(-7.395E0,2.85E0,-2.5E0));
#1220=LINE('',#1219,#1218);
#1221=DIRECTION('',(0.E0,7.071067811865E-1,-7.071067811865E-1));
#1222=VECTOR('',#1221,3.535533905933E-1);
#1223=CARTESIAN_POINT('',(-8.025E0,2.6E0,-2.25E0));
#1224=LINE('',#1223,#1222);
#1225=DIRECTION('',(5.773502691896E-1,5.773502691896E-1,-5.773502691896E-1));
#1226=VECTOR('',#1225,1.039230484541E0);
#1227=CARTESIAN_POINT('',(8.425E0,2.6E0,-2.25E0));
#1228=LINE('',#1227,#1226);
#1229=DIRECTION('',(0.E0,7.071067811865E-1,-7.071067811865E-1));
#1230=VECTOR('',#1229,3.535533905933E-1);
#1231=CARTESIAN_POINT('',(8.025E0,2.6E0,-2.25E0));
#1232=LINE('',#1231,#1230);
#1233=DIRECTION('',(0.E0,7.071067811865E-1,-7.071067811865E-1));
#1234=VECTOR('',#1233,3.535533905933E-1);
#1235=CARTESIAN_POINT('',(7.395E0,2.6E0,-2.25E0));
#1236=LINE('',#1235,#1234);
#1237=DIRECTION('',(1.E0,0.E0,0.E0));
#1238=VECTOR('',#1237,8.E-1);
#1239=CARTESIAN_POINT('',(6.595E0,2.6E0,-2.25E0));
#1240=LINE('',#1239,#1238);
#1241=DIRECTION('',(0.E0,-7.071067811865E-1,7.071067811865E-1));
#1242=VECTOR('',#1241,3.535533905933E-1);
#1243=CARTESIAN_POINT('',(6.595E0,2.85E0,-2.5E0));
#1244=LINE('',#1243,#1242);
#1245=DIRECTION('',(0.E0,1.E0,0.E0));
#1246=VECTOR('',#1245,3.55E0);
#1247=CARTESIAN_POINT('',(-7.395E0,-7.E-1,-2.5E0));
#1248=LINE('',#1247,#1246);
#1249=DIRECTION('',(-1.E0,0.E0,0.E0));
#1250=VECTOR('',#1249,6.3E-1);
#1251=CARTESIAN_POINT('',(-7.395E0,-7.E-1,-2.5E0));
#1252=LINE('',#1251,#1250);
#1253=DIRECTION('',(1.E0,0.E0,0.E0));
#1254=VECTOR('',#1253,6.3E-1);
#1255=CARTESIAN_POINT('',(-8.025E0,2.85E0,-2.5E0));
#1256=LINE('',#1255,#1254);
#1257=DIRECTION('',(0.E0,1.E0,0.E0));
#1258=VECTOR('',#1257,3.55E0);
#1259=CARTESIAN_POINT('',(7.395E0,-7.E-1,-2.5E0));
#1260=LINE('',#1259,#1258);
#1261=DIRECTION('',(1.E0,0.E0,0.E0));
#1262=VECTOR('',#1261,6.3E-1);
#1263=CARTESIAN_POINT('',(7.395E0,2.85E0,-2.5E0));
#1264=LINE('',#1263,#1262);
#1265=DIRECTION('',(0.E0,-1.E0,0.E0));
#1266=VECTOR('',#1265,3.55E0);
#1267=CARTESIAN_POINT('',(8.025E0,2.85E0,-2.5E0));
#1268=LINE('',#1267,#1266);
#1269=DIRECTION('',(-1.E0,0.E0,0.E0));
#1270=VECTOR('',#1269,6.3E-1);
#1271=CARTESIAN_POINT('',(8.025E0,-7.E-1,-2.5E0));
#1272=LINE('',#1271,#1270);
#1273=DIRECTION('',(0.E0,1.E0,0.E0));
#1274=VECTOR('',#1273,3.55E0);
#1275=CARTESIAN_POINT('',(-5.95E-1,-7.E-1,-2.5E0));
#1276=LINE('',#1275,#1274);
#1277=DIRECTION('',(1.E0,0.E0,0.E0));
#1278=VECTOR('',#1277,1.19E0);
#1279=CARTESIAN_POINT('',(-5.95E-1,2.85E0,-2.5E0));
#1280=LINE('',#1279,#1278);
#1281=DIRECTION('',(0.E0,1.E0,0.E0));
#1282=VECTOR('',#1281,3.55E0);
#1283=CARTESIAN_POINT('',(5.95E-1,-7.E-1,-2.5E0));
#1284=LINE('',#1283,#1282);
#1285=DIRECTION('',(-1.E0,0.E0,0.E0));
#1286=VECTOR('',#1285,1.19E0);
#1287=CARTESIAN_POINT('',(5.95E-1,-7.E-1,-2.5E0));
#1288=LINE('',#1287,#1286);
#1289=DIRECTION('',(0.E0,1.E0,0.E0));
#1290=VECTOR('',#1289,3.55E0);
#1291=CARTESIAN_POINT('',(1.4E0,-7.E-1,-2.5E0));
#1292=LINE('',#1291,#1290);
#1293=DIRECTION('',(1.E0,0.E0,0.E0));
#1294=VECTOR('',#1293,5.195E0);
#1295=CARTESIAN_POINT('',(1.4E0,2.85E0,-2.5E0));
#1296=LINE('',#1295,#1294);
#1297=DIRECTION('',(0.E0,1.E0,0.E0));
#1298=VECTOR('',#1297,3.55E0);
#1299=CARTESIAN_POINT('',(6.595E0,-7.E-1,-2.5E0));
#1300=LINE('',#1299,#1298);
#1301=DIRECTION('',(-1.E0,0.E0,0.E0));
#1302=VECTOR('',#1301,5.195E0);
#1303=CARTESIAN_POINT('',(6.595E0,-7.E-1,-2.5E0));
#1304=LINE('',#1303,#1302);
#1305=DIRECTION('',(0.E0,1.E0,0.E0));
#1306=VECTOR('',#1305,3.55E0);
#1307=CARTESIAN_POINT('',(-1.4E0,-7.E-1,-2.5E0));
#1308=LINE('',#1307,#1306);
#1309=DIRECTION('',(-1.E0,0.E0,0.E0));
#1310=VECTOR('',#1309,5.195E0);
#1311=CARTESIAN_POINT('',(-1.4E0,-7.E-1,-2.5E0));
#1312=LINE('',#1311,#1310);
#1313=DIRECTION('',(0.E0,1.E0,0.E0));
#1314=VECTOR('',#1313,3.55E0);
#1315=CARTESIAN_POINT('',(-6.595E0,-7.E-1,-2.5E0));
#1316=LINE('',#1315,#1314);
#1317=DIRECTION('',(1.E0,0.E0,0.E0));
#1318=VECTOR('',#1317,5.195E0);
#1319=CARTESIAN_POINT('',(-6.595E0,2.85E0,-2.5E0));
#1320=LINE('',#1319,#1318);
#1321=DIRECTION('',(0.E0,1.E0,0.E0));
#1322=VECTOR('',#1321,3.3E0);
#1323=CARTESIAN_POINT('',(-7.395E0,-7.E-1,-2.25E0));
#1324=LINE('',#1323,#1322);
#1325=DIRECTION('',(0.E0,1.E0,0.E0));
#1326=VECTOR('',#1325,3.3E0);
#1327=CARTESIAN_POINT('',(-6.595E0,-7.E-1,-2.25E0));
#1328=LINE('',#1327,#1326);
#1329=DIRECTION('',(0.E0,-1.E0,0.E0));
#1330=VECTOR('',#1329,3.55E0);
#1331=CARTESIAN_POINT('',(-8.025E0,2.85E0,-2.5E0));
#1332=LINE('',#1331,#1330);
#1333=DIRECTION('',(-1.E0,0.E0,0.E0));
#1334=VECTOR('',#1333,4.E-1);
#1335=CARTESIAN_POINT('',(8.425E0,-7.E-1,-2.25E0));
#1336=LINE('',#1335,#1334);
#1337=DIRECTION('',(0.E0,1.E0,0.E0));
#1338=VECTOR('',#1337,3.3E0);
#1339=CARTESIAN_POINT('',(8.025E0,-7.E-1,-2.25E0));
#1340=LINE('',#1339,#1338);
#1341=DIRECTION('',(1.E0,0.E0,0.E0));
#1342=VECTOR('',#1341,4.E-1);
#1343=CARTESIAN_POINT('',(8.025E0,2.6E0,-2.25E0));
#1344=LINE('',#1343,#1342);
#1345=DIRECTION('',(0.E0,1.E0,0.E0));
#1346=VECTOR('',#1345,3.3E0);
#1347=CARTESIAN_POINT('',(-8.025E0,-7.E-1,-2.25E0));
#1348=LINE('',#1347,#1346);
#1349=DIRECTION('',(-1.E0,0.E0,0.E0));
#1350=VECTOR('',#1349,4.E-1);
#1351=CARTESIAN_POINT('',(-8.025E0,-7.E-1,-2.25E0));
#1352=LINE('',#1351,#1350);
#1353=DIRECTION('',(1.E0,0.E0,0.E0));
#1354=VECTOR('',#1353,4.E-1);
#1355=CARTESIAN_POINT('',(-8.425E0,2.6E0,-2.25E0));
#1356=LINE('',#1355,#1354);
#1357=DIRECTION('',(0.E0,0.E0,1.E0));
#1358=VECTOR('',#1357,1.1E0);
#1359=CARTESIAN_POINT('',(8.425E0,2.6E0,-2.25E0));
#1360=LINE('',#1359,#1358);
#1361=DIRECTION('',(0.E0,1.E0,0.E0));
#1362=VECTOR('',#1361,3.3E0);
#1363=CARTESIAN_POINT('',(8.425E0,-7.E-1,-1.15E0));
#1364=LINE('',#1363,#1362);
#1365=DIRECTION('',(0.E0,0.E0,1.E0));
#1366=VECTOR('',#1365,1.1E0);
#1367=CARTESIAN_POINT('',(8.425E0,-7.E-1,-2.25E0));
#1368=LINE('',#1367,#1366);
#1369=DIRECTION('',(0.E0,1.E0,0.E0));
#1370=VECTOR('',#1369,3.3E0);
#1371=CARTESIAN_POINT('',(8.425E0,-7.E-1,-2.25E0));
#1372=LINE('',#1371,#1370);
#1373=DIRECTION('',(0.E0,0.E0,1.E0));
#1374=VECTOR('',#1373,2.1E0);
#1375=CARTESIAN_POINT('',(8.425E0,2.6E0,1.5E-1));
#1376=LINE('',#1375,#1374);
#1377=DIRECTION('',(0.E0,-1.E0,0.E0));
#1378=VECTOR('',#1377,3.3E0);
#1379=CARTESIAN_POINT('',(8.425E0,2.6E0,2.25E0));
#1380=LINE('',#1379,#1378);
#1381=DIRECTION('',(0.E0,0.E0,1.E0));
#1382=VECTOR('',#1381,2.1E0);
#1383=CARTESIAN_POINT('',(8.425E0,-7.E-1,1.5E-1));
#1384=LINE('',#1383,#1382);
#1385=DIRECTION('',(0.E0,1.E0,0.E0));
#1386=VECTOR('',#1385,3.3E0);
#1387=CARTESIAN_POINT('',(8.425E0,-7.E-1,1.5E-1));
#1388=LINE('',#1387,#1386);
#1389=DIRECTION('',(5.773502691896E-1,5.773502691896E-1,-5.773502691896E-1));
#1390=VECTOR('',#1389,1.039230484541E0);
#1391=CARTESIAN_POINT('',(8.425E0,2.6E0,-1.15E0));
#1392=LINE('',#1391,#1390);
#1393=DIRECTION('',(5.773502691896E-1,5.773502691896E-1,5.773502691896E-1));
#1394=VECTOR('',#1393,1.039230484541E0);
#1395=CARTESIAN_POINT('',(8.425E0,2.6E0,2.25E0));
#1396=LINE('',#1395,#1394);
#1397=DIRECTION('',(5.773502691896E-1,5.773502691896E-1,5.773502691896E-1));
#1398=VECTOR('',#1397,1.039230484541E0);
#1399=CARTESIAN_POINT('',(8.425E0,2.6E0,1.5E-1));
#1400=LINE('',#1399,#1398);
#1401=DIRECTION('',(-1.E0,0.E0,0.E0));
#1402=VECTOR('',#1401,9.E-1);
#1403=CARTESIAN_POINT('',(9.325E0,2.6E0,1.5E-1));
#1404=LINE('',#1403,#1402);
#1405=DIRECTION('',(0.E0,-1.E0,0.E0));
#1406=VECTOR('',#1405,3.3E0);
#1407=CARTESIAN_POINT('',(-8.025E0,2.6E0,2.25E0));
#1408=LINE('',#1407,#1406);
#1409=DIRECTION('',(-1.E0,0.E0,0.E0));
#1410=VECTOR('',#1409,4.E-1);
#1411=CARTESIAN_POINT('',(-8.025E0,2.6E0,2.25E0));
#1412=LINE('',#1411,#1410);
#1413=DIRECTION('',(-1.E0,0.E0,0.E0));
#1414=VECTOR('',#1413,4.E-1);
#1415=CARTESIAN_POINT('',(8.425E0,2.6E0,2.25E0));
#1416=LINE('',#1415,#1414);
#1417=DIRECTION('',(0.E0,-1.E0,0.E0));
#1418=VECTOR('',#1417,3.3E0);
#1419=CARTESIAN_POINT('',(8.025E0,2.6E0,2.25E0));
#1420=LINE('',#1419,#1418);
#1421=DIRECTION('',(0.E0,-1.E0,0.E0));
#1422=VECTOR('',#1421,3.55E0);
#1423=CARTESIAN_POINT('',(8.025E0,2.85E0,2.5E0));
#1424=LINE('',#1423,#1422);
#1425=DIRECTION('',(0.E0,1.E0,0.E0));
#1426=VECTOR('',#1425,3.3E0);
#1427=CARTESIAN_POINT('',(7.395E0,-7.E-1,-2.25E0));
#1428=LINE('',#1427,#1426);
#1429=DIRECTION('',(0.E0,1.E0,0.E0));
#1430=VECTOR('',#1429,3.3E0);
#1431=CARTESIAN_POINT('',(6.595E0,-7.E-1,-2.25E0));
#1432=LINE('',#1431,#1430);
#1433=DIRECTION('',(0.E0,1.E0,0.E0));
#1434=VECTOR('',#1433,3.3E0);
#1435=CARTESIAN_POINT('',(-5.95E-1,-7.E-1,-2.25E0));
#1436=LINE('',#1435,#1434);
#1437=DIRECTION('',(-1.E0,0.E0,0.E0));
#1438=VECTOR('',#1437,8.05E-1);
#1439=CARTESIAN_POINT('',(-5.95E-1,-7.E-1,-2.25E0));
#1440=LINE('',#1439,#1438);
#1441=DIRECTION('',(0.E0,1.E0,0.E0));
#1442=VECTOR('',#1441,3.3E0);
#1443=CARTESIAN_POINT('',(-1.4E0,-7.E-1,-2.25E0));
#1444=LINE('',#1443,#1442);
#1445=DIRECTION('',(-1.E0,0.E0,0.E0));
#1446=VECTOR('',#1445,8.05E-1);
#1447=CARTESIAN_POINT('',(1.4E0,-7.E-1,-2.25E0));
#1448=LINE('',#1447,#1446);
#1449=DIRECTION('',(0.E0,1.E0,0.E0));
#1450=VECTOR('',#1449,3.3E0);
#1451=CARTESIAN_POINT('',(5.95E-1,-7.E-1,-2.25E0));
#1452=LINE('',#1451,#1450);
#1453=DIRECTION('',(0.E0,1.E0,0.E0));
#1454=VECTOR('',#1453,3.3E0);
#1455=CARTESIAN_POINT('',(1.4E0,-7.E-1,-2.25E0));
#1456=LINE('',#1455,#1454);
#1457=DIRECTION('',(1.E0,0.E0,0.E0));
#1458=VECTOR('',#1457,9.E-1);
#1459=CARTESIAN_POINT('',(-9.325E0,2.6E0,-1.5E-1));
#1460=LINE('',#1459,#1458);
#1461=DIRECTION('',(-1.E0,0.E0,0.E0));
#1462=VECTOR('',#1461,9.E-1);
#1463=CARTESIAN_POINT('',(-8.425E0,2.6E0,1.15E0));
#1464=LINE('',#1463,#1462);
#1465=DIRECTION('',(5.E-1,-8.660254037844E-1,0.E0));
#1466=VECTOR('',#1465,1.E0);
#1467=CARTESIAN_POINT('',(-7.325E0,3.2E0,3.15E0));
#1468=LINE('',#1467,#1466);
#1469=DIRECTION('',(5.E-1,8.660254037844E-1,0.E0));
#1470=VECTOR('',#1469,1.E0);
#1471=CARTESIAN_POINT('',(-6.825E0,2.333974596216E0,3.15E0));
#1472=LINE('',#1471,#1470);
#1473=DIRECTION('',(-1.E0,0.E0,0.E0));
#1474=VECTOR('',#1473,4.325E0);
#1475=CARTESIAN_POINT('',(-2.E0,3.2E0,3.15E0));
#1476=LINE('',#1475,#1474);
#1477=CARTESIAN_POINT('',(-2.E0,2.4E0,3.15E0));
#1478=DIRECTION('',(0.E0,0.E0,1.E0));
#1479=DIRECTION('',(1.E0,0.E0,0.E0));
#1480=AXIS2_PLACEMENT_3D('',#1477,#1478,#1479);
#1482=DIRECTION('',(0.E0,-1.E0,0.E0));
#1483=VECTOR('',#1482,3.1E0);
#1484=CARTESIAN_POINT('',(-1.2E0,2.4E0,3.15E0));
#1485=LINE('',#1484,#1483);
#1486=DIRECTION('',(1.E0,0.E0,0.E0));
#1487=VECTOR('',#1486,2.4E0);
#1488=CARTESIAN_POINT('',(-1.2E0,-7.E-1,3.15E0));
#1489=LINE('',#1488,#1487);
#1490=DIRECTION('',(0.E0,-1.E0,0.E0));
#1491=VECTOR('',#1490,3.1E0);
#1492=CARTESIAN_POINT('',(1.2E0,2.4E0,3.15E0));
#1493=LINE('',#1492,#1491);
#1494=CARTESIAN_POINT('',(2.E0,2.4E0,3.15E0));
#1495=DIRECTION('',(0.E0,0.E0,1.E0));
#1496=DIRECTION('',(0.E0,1.E0,0.E0));
#1497=AXIS2_PLACEMENT_3D('',#1494,#1495,#1496);
#1499=DIRECTION('',(-1.E0,0.E0,0.E0));
#1500=VECTOR('',#1499,7.325E0);
#1501=CARTESIAN_POINT('',(9.325E0,3.2E0,3.15E0));
#1502=LINE('',#1501,#1500);
#1503=DIRECTION('',(0.E0,1.E0,0.E0));
#1504=VECTOR('',#1503,4.7E0);
#1505=CARTESIAN_POINT('',(9.325E0,-1.5E0,3.15E0));
#1506=LINE('',#1505,#1504);
#1507=DIRECTION('',(1.E0,0.E0,0.E0));
#1508=VECTOR('',#1507,2.675E0);
#1509=CARTESIAN_POINT('',(6.65E0,-1.5E0,3.15E0));
#1510=LINE('',#1509,#1508);
#1511=DIRECTION('',(4.682358629859E-2,-9.989031743698E-1,0.E0));
#1512=VECTOR('',#1511,3.203513695928E0);
#1513=CARTESIAN_POINT('',(6.5E0,1.7E0,3.15E0));
#1514=LINE('',#1513,#1512);
#1515=DIRECTION('',(1.E0,0.E0,0.E0));
#1516=VECTOR('',#1515,5.E-1);
#1517=CARTESIAN_POINT('',(6.E0,1.7E0,3.15E0));
#1518=LINE('',#1517,#1516);
#1519=DIRECTION('',(0.E0,1.E0,0.E0));
#1520=VECTOR('',#1519,1.2E0);
#1521=CARTESIAN_POINT('',(6.E0,5.E-1,3.15E0));
#1522=LINE('',#1521,#1520);
#1523=DIRECTION('',(1.E0,0.E0,0.E0));
#1524=VECTOR('',#1523,2.E0);
#1525=CARTESIAN_POINT('',(4.E0,5.E-1,3.15E0));
#1526=LINE('',#1525,#1524);
#1527=DIRECTION('',(0.E0,-1.E0,0.E0));
#1528=VECTOR('',#1527,1.2E0);
#1529=CARTESIAN_POINT('',(4.E0,1.7E0,3.15E0));
#1530=LINE('',#1529,#1528);
#1531=DIRECTION('',(1.E0,0.E0,0.E0));
#1532=VECTOR('',#1531,5.E-1);
#1533=CARTESIAN_POINT('',(3.5E0,1.7E0,3.15E0));
#1534=LINE('',#1533,#1532);
#1535=DIRECTION('',(4.682358629859E-2,9.989031743698E-1,0.E0));
#1536=VECTOR('',#1535,3.203513695928E0);
#1537=CARTESIAN_POINT('',(3.35E0,-1.5E0,3.15E0));
#1538=LINE('',#1537,#1536);
#1539=DIRECTION('',(1.E0,0.E0,0.E0));
#1540=VECTOR('',#1539,6.7E0);
#1541=CARTESIAN_POINT('',(-3.35E0,-1.5E0,3.15E0));
#1542=LINE('',#1541,#1540);
#1543=DIRECTION('',(-4.682358629859E-2,9.989031743698E-1,0.E0));
#1544=VECTOR('',#1543,3.203513695928E0);
#1545=CARTESIAN_POINT('',(-3.35E0,-1.5E0,3.15E0));
#1546=LINE('',#1545,#1544);
#1547=DIRECTION('',(-1.E0,0.E0,0.E0));
#1548=VECTOR('',#1547,5.E-1);
#1549=CARTESIAN_POINT('',(-3.5E0,1.7E0,3.15E0));
#1550=LINE('',#1549,#1548);
#1551=DIRECTION('',(0.E0,-1.E0,0.E0));
#1552=VECTOR('',#1551,1.2E0);
#1553=CARTESIAN_POINT('',(-4.E0,1.7E0,3.15E0));
#1554=LINE('',#1553,#1552);
#1555=DIRECTION('',(-1.E0,0.E0,0.E0));
#1556=VECTOR('',#1555,2.E0);
#1557=CARTESIAN_POINT('',(-4.E0,5.E-1,3.15E0));
#1558=LINE('',#1557,#1556);
#1559=DIRECTION('',(0.E0,1.E0,0.E0));
#1560=VECTOR('',#1559,1.2E0);
#1561=CARTESIAN_POINT('',(-6.E0,5.E-1,3.15E0));
#1562=LINE('',#1561,#1560);
#1563=DIRECTION('',(-1.E0,0.E0,0.E0));
#1564=VECTOR('',#1563,5.E-1);
#1565=CARTESIAN_POINT('',(-6.E0,1.7E0,3.15E0));
#1566=LINE('',#1565,#1564);
#1567=DIRECTION('',(-4.682358629859E-2,-9.989031743698E-1,0.E0));
#1568=VECTOR('',#1567,3.203513695928E0);
#1569=CARTESIAN_POINT('',(-6.5E0,1.7E0,3.15E0));
#1570=LINE('',#1569,#1568);
#1571=DIRECTION('',(1.E0,0.E0,0.E0));
#1572=VECTOR('',#1571,2.675E0);
#1573=CARTESIAN_POINT('',(-9.325E0,-1.5E0,3.15E0));
#1574=LINE('',#1573,#1572);
#1575=DIRECTION('',(0.E0,-1.E0,0.E0));
#1576=VECTOR('',#1575,4.7E0);
#1577=CARTESIAN_POINT('',(-9.325E0,3.2E0,3.15E0));
#1578=LINE('',#1577,#1576);
#1579=DIRECTION('',(-1.E0,0.E0,0.E0));
#1580=VECTOR('',#1579,2.E0);
#1581=CARTESIAN_POINT('',(-7.325E0,3.2E0,3.15E0));
#1582=LINE('',#1581,#1580);
#1583=DIRECTION('',(5.E-1,8.660254037844E-1,0.E0));
#1584=VECTOR('',#1583,1.E0);
#1585=CARTESIAN_POINT('',(-6.825E0,2.333974596216E0,3.05E0));
#1586=LINE('',#1585,#1584);
#1587=DIRECTION('',(5.E-1,-8.660254037844E-1,0.E0));
#1588=VECTOR('',#1587,1.E0);
#1589=CARTESIAN_POINT('',(-7.325E0,3.2E0,3.05E0));
#1590=LINE('',#1589,#1588);
#1591=DIRECTION('',(0.E0,0.E0,-1.E0));
#1592=VECTOR('',#1591,1.E-1);
#1593=CARTESIAN_POINT('',(-6.825E0,2.333974596216E0,3.15E0));
#1594=LINE('',#1593,#1592);
#1595=DIRECTION('',(0.E0,0.E0,-1.E0));
#1596=VECTOR('',#1595,6.5E-1);
#1597=CARTESIAN_POINT('',(-1.2E0,2.4E0,3.15E0));
#1598=LINE('',#1597,#1596);
#1599=DIRECTION('',(0.E0,0.E0,1.E0));
#1600=VECTOR('',#1599,6.5E-1);
#1601=CARTESIAN_POINT('',(1.2E0,2.4E0,2.5E0));
#1602=LINE('',#1601,#1600);
#1603=DIRECTION('',(0.E0,0.E0,-1.E0));
#1604=VECTOR('',#1603,6.5E-1);
#1605=CARTESIAN_POINT('',(1.2E0,-7.E-1,3.15E0));
#1606=LINE('',#1605,#1604);
#1607=DIRECTION('',(0.E0,0.E0,-1.E0));
#1608=VECTOR('',#1607,6.5E-1);
#1609=CARTESIAN_POINT('',(6.E0,1.7E0,3.15E0));
#1610=LINE('',#1609,#1608);
#1611=DIRECTION('',(0.E0,0.E0,-1.E0));
#1612=VECTOR('',#1611,6.5E-1);
#1613=CARTESIAN_POINT('',(6.E0,5.E-1,3.15E0));
#1614=LINE('',#1613,#1612);
#1615=DIRECTION('',(0.E0,0.E0,-1.E0));
#1616=VECTOR('',#1615,6.5E-1);
#1617=CARTESIAN_POINT('',(4.E0,5.E-1,3.15E0));
#1618=LINE('',#1617,#1616);
#1619=DIRECTION('',(0.E0,0.E0,-1.E0));
#1620=VECTOR('',#1619,6.5E-1);
#1621=CARTESIAN_POINT('',(4.E0,1.7E0,3.15E0));
#1622=LINE('',#1621,#1620);
#1623=DIRECTION('',(0.E0,0.E0,-1.E0));
#1624=VECTOR('',#1623,6.5E-1);
#1625=CARTESIAN_POINT('',(3.5E0,1.7E0,3.15E0));
#1626=LINE('',#1625,#1624);
#1627=DIRECTION('',(-4.682358629859E-2,-9.989031743698E-1,0.E0));
#1628=VECTOR('',#1627,8.008784239821E-1);
#1629=CARTESIAN_POINT('',(-6.6125E0,-7.E-1,2.25E0));
#1630=LINE('',#1629,#1628);
#1631=DIRECTION('',(-4.682358629859E-2,9.989031743698E-1,0.E0));
#1632=VECTOR('',#1631,8.008784239821E-1);
#1633=CARTESIAN_POINT('',(-3.35E0,-1.5E0,2.25E0));
#1634=LINE('',#1633,#1632);
#1635=DIRECTION('',(0.E0,0.E0,-1.E0));
#1636=VECTOR('',#1635,6.5E-1);
#1637=CARTESIAN_POINT('',(-6.5E0,1.7E0,3.15E0));
#1638=LINE('',#1637,#1636);
#1639=DIRECTION('',(0.E0,0.E0,-1.E0));
#1640=VECTOR('',#1639,6.5E-1);
#1641=CARTESIAN_POINT('',(-6.E0,1.7E0,3.15E0));
#1642=LINE('',#1641,#1640);
#1643=DIRECTION('',(0.E0,0.E0,-1.E0));
#1644=VECTOR('',#1643,6.5E-1);
#1645=CARTESIAN_POINT('',(-6.E0,5.E-1,3.15E0));
#1646=LINE('',#1645,#1644);
#1647=DIRECTION('',(0.E0,0.E0,-1.E0));
#1648=VECTOR('',#1647,6.5E-1);
#1649=CARTESIAN_POINT('',(-4.E0,5.E-1,3.15E0));
#1650=LINE('',#1649,#1648);
#1651=DIRECTION('',(0.E0,0.E0,-1.E0));
#1652=VECTOR('',#1651,6.5E-1);
#1653=CARTESIAN_POINT('',(-4.E0,1.7E0,3.15E0));
#1654=LINE('',#1653,#1652);
#1655=DIRECTION('',(0.E0,0.E0,-1.E0));
#1656=VECTOR('',#1655,6.5E-1);
#1657=CARTESIAN_POINT('',(-3.5E0,1.7E0,3.15E0));
#1658=LINE('',#1657,#1656);
#1659=DIRECTION('',(0.E0,0.E0,1.E0));
#1660=VECTOR('',#1659,5.E-1);
#1661=CARTESIAN_POINT('',(-6.75E0,2.3E0,-1.25E0));
#1662=LINE('',#1661,#1660);
#1663=DIRECTION('',(0.E0,1.E0,0.E0));
#1664=VECTOR('',#1663,3.E0);
#1665=CARTESIAN_POINT('',(-6.75E0,-7.E-1,-1.25E0));
#1666=LINE('',#1665,#1664);
#1667=DIRECTION('',(0.E0,-1.E0,0.E0));
#1668=VECTOR('',#1667,3.E0);
#1669=CARTESIAN_POINT('',(-6.75E0,2.3E0,-7.5E-1));
#1670=LINE('',#1669,#1668);
#1671=DIRECTION('',(0.E0,0.E0,1.E0));
#1672=VECTOR('',#1671,5.E-1);
#1673=CARTESIAN_POINT('',(-6.75E0,2.3E0,7.5E-1));
#1674=LINE('',#1673,#1672);
#1675=DIRECTION('',(0.E0,1.E0,0.E0));
#1676=VECTOR('',#1675,3.E0);
#1677=CARTESIAN_POINT('',(-6.75E0,-7.E-1,7.5E-1));
#1678=LINE('',#1677,#1676);
#1679=DIRECTION('',(0.E0,-1.E0,0.E0));
#1680=VECTOR('',#1679,3.E0);
#1681=CARTESIAN_POINT('',(-6.75E0,2.3E0,1.25E0));
#1682=LINE('',#1681,#1680);
#1683=DIRECTION('',(0.E0,-1.E0,0.E0));
#1684=VECTOR('',#1683,5.E-1);
#1685=CARTESIAN_POINT('',(-6.75E0,-3.9E0,2.05E0));
#1686=LINE('',#1685,#1684);
#1687=DIRECTION('',(0.E0,0.E0,1.E0));
#1688=VECTOR('',#1687,6.E-1);
#1689=CARTESIAN_POINT('',(-6.75E0,-3.9E0,1.45E0));
#1690=LINE('',#1689,#1688);
#1691=CARTESIAN_POINT('',(-6.75E0,-3.7E0,1.45E0));
#1692=DIRECTION('',(-1.E0,0.E0,0.E0));
#1693=DIRECTION('',(0.E0,-2.220446049250E-14,-1.E0));
#1694=AXIS2_PLACEMENT_3D('',#1691,#1692,#1693);
#1696=DIRECTION('',(0.E0,-1.E0,0.E0));
#1697=VECTOR('',#1696,5.E-1);
#1698=CARTESIAN_POINT('',(-6.75E0,-3.2E0,1.25E0));
#1699=LINE('',#1698,#1697);
#1700=DIRECTION('',(0.E0,1.E0,0.E0));
#1701=VECTOR('',#1700,5.E-1);
#1702=CARTESIAN_POINT('',(-6.75E0,-3.7E0,7.5E-1));
#1703=LINE('',#1702,#1701);
#1704=CARTESIAN_POINT('',(-6.75E0,-3.7E0,1.45E0));
#1705=DIRECTION('',(1.E0,0.E0,0.E0));
#1706=DIRECTION('',(0.E0,-1.E0,5.804880385897E-14));
#1707=AXIS2_PLACEMENT_3D('',#1704,#1705,#1706);
#1709=DIRECTION('',(0.E0,0.E0,-1.E0));
#1710=VECTOR('',#1709,6.E-1);
#1711=CARTESIAN_POINT('',(-6.75E0,-4.4E0,2.05E0));
#1712=LINE('',#1711,#1710);
#1713=DIRECTION('',(0.E0,1.E0,0.E0));
#1714=VECTOR('',#1713,5.E-1);
#1715=CARTESIAN_POINT('',(-6.75E0,-4.4E0,-2.05E0));
#1716=LINE('',#1715,#1714);
#1717=DIRECTION('',(0.E0,0.E0,-1.E0));
#1718=VECTOR('',#1717,6.E-1);
#1719=CARTESIAN_POINT('',(-6.75E0,-4.4E0,-1.45E0));
#1720=LINE('',#1719,#1718);
#1721=CARTESIAN_POINT('',(-6.75E0,-3.7E0,-1.45E0));
#1722=DIRECTION('',(1.E0,0.E0,0.E0));
#1723=DIRECTION('',(0.E0,0.E0,1.E0));
#1724=AXIS2_PLACEMENT_3D('',#1721,#1722,#1723);
#1726=DIRECTION('',(0.E0,-1.E0,0.E0));
#1727=VECTOR('',#1726,5.E-1);
#1728=CARTESIAN_POINT('',(-6.75E0,-3.2E0,-7.5E-1));
#1729=LINE('',#1728,#1727);
#1730=DIRECTION('',(0.E0,1.E0,0.E0));
#1731=VECTOR('',#1730,5.E-1);
#1732=CARTESIAN_POINT('',(-6.75E0,-3.7E0,-1.25E0));
#1733=LINE('',#1732,#1731);
#1734=CARTESIAN_POINT('',(-6.75E0,-3.7E0,-1.45E0));
#1735=DIRECTION('',(-1.E0,0.E0,0.E0));
#1736=DIRECTION('',(0.E0,-1.E0,0.E0));
#1737=AXIS2_PLACEMENT_3D('',#1734,#1735,#1736);
#1739=DIRECTION('',(0.E0,0.E0,1.E0));
#1740=VECTOR('',#1739,6.E-1);
#1741=CARTESIAN_POINT('',(-6.75E0,-3.9E0,-2.05E0));
#1742=LINE('',#1741,#1740);
#1743=DIRECTION('',(-1.E0,0.E0,0.E0));
#1744=VECTOR('',#1743,2.E-1);
#1745=CARTESIAN_POINT('',(-6.9E0,2.9E0,-9.E-1));
#1746=LINE('',#1745,#1744);
#1747=DIRECTION('',(0.E0,0.E0,-1.E0));
#1748=VECTOR('',#1747,2.E-1);
#1749=CARTESIAN_POINT('',(-7.1E0,2.9E0,-9.E-1));
#1750=LINE('',#1749,#1748);
#1751=DIRECTION('',(-1.E0,0.E0,0.E0));
#1752=VECTOR('',#1751,2.E-1);
#1753=CARTESIAN_POINT('',(-6.9E0,2.9E0,-1.1E0));
#1754=LINE('',#1753,#1752);
#1755=DIRECTION('',(0.E0,0.E0,1.E0));
#1756=VECTOR('',#1755,2.E-1);
#1757=CARTESIAN_POINT('',(-6.9E0,2.9E0,-1.1E0));
#1758=LINE('',#1757,#1756);
#1759=DIRECTION('',(-2.357022603955E-1,-9.428090415821E-1,2.357022603955E-1));
#1760=VECTOR('',#1759,6.363961030679E-1);
#1761=CARTESIAN_POINT('',(-7.1E0,2.9E0,-9.E-1));
#1762=LINE('',#1761,#1760);
#1763=DIRECTION('',(-2.357022603955E-1,9.428090415821E-1,-2.357022603955E-1));
#1764=VECTOR('',#1763,6.363961030679E-1);
#1765=CARTESIAN_POINT('',(-6.75E0,2.3E0,-7.5E-1));
#1766=LINE('',#1765,#1764);
#1767=DIRECTION('',(2.357022603955E-1,-9.428090415821E-1,2.357022603955E-1));
#1768=VECTOR('',#1767,6.363961030679E-1);
#1769=CARTESIAN_POINT('',(-6.9E0,2.9E0,1.1E0));
#1770=LINE('',#1769,#1768);
#1771=DIRECTION('',(-1.E0,0.E0,0.E0));
#1772=VECTOR('',#1771,2.E-1);
#1773=CARTESIAN_POINT('',(-6.9E0,2.9E0,1.1E0));
#1774=LINE('',#1773,#1772);
#1775=DIRECTION('',(0.E0,0.E0,-1.E0));
#1776=VECTOR('',#1775,2.E-1);
#1777=CARTESIAN_POINT('',(-7.1E0,2.9E0,1.1E0));
#1778=LINE('',#1777,#1776);
#1779=DIRECTION('',(-1.E0,0.E0,0.E0));
#1780=VECTOR('',#1779,2.E-1);
#1781=CARTESIAN_POINT('',(-6.9E0,2.9E0,9.E-1));
#1782=LINE('',#1781,#1780);
#1783=DIRECTION('',(0.E0,0.E0,1.E0));
#1784=VECTOR('',#1783,2.E-1);
#1785=CARTESIAN_POINT('',(-6.9E0,2.9E0,9.E-1));
#1786=LINE('',#1785,#1784);
#1787=DIRECTION('',(-2.357022603955E-1,-9.428090415821E-1,2.357022603955E-1));
#1788=VECTOR('',#1787,6.363961030679E-1);
#1789=CARTESIAN_POINT('',(-7.1E0,2.9E0,1.1E0));
#1790=LINE('',#1789,#1788);
#1791=DIRECTION('',(-1.E0,0.E0,0.E0));
#1792=VECTOR('',#1791,5.E-1);
#1793=CARTESIAN_POINT('',(-6.75E0,2.3E0,1.25E0));
#1794=LINE('',#1793,#1792);
#1795=DIRECTION('',(1.E0,0.E0,0.E0));
#1796=VECTOR('',#1795,5.E-1);
#1797=CARTESIAN_POINT('',(-7.25E0,-3.7E0,1.25E0));
#1798=LINE('',#1797,#1796);
#1799=DIRECTION('',(-1.E0,0.E0,0.E0));
#1800=VECTOR('',#1799,5.E-1);
#1801=CARTESIAN_POINT('',(-6.75E0,-3.9E0,2.05E0));
#1802=LINE('',#1801,#1800);
#1803=DIRECTION('',(1.E0,0.E0,0.E0));
#1804=VECTOR('',#1803,5.E-1);
#1805=CARTESIAN_POINT('',(-7.25E0,-3.9E0,1.45E0));
#1806=LINE('',#1805,#1804);
#1807=DIRECTION('',(2.357022603955E-1,2.357022603955E-1,-9.428090415821E-1));
#1808=VECTOR('',#1807,6.363961030679E-1);
#1809=CARTESIAN_POINT('',(-6.9E0,-4.05E0,2.65E0));
#1810=LINE('',#1809,#1808);
#1811=DIRECTION('',(-1.E0,0.E0,0.E0));
#1812=VECTOR('',#1811,2.E-1);
#1813=CARTESIAN_POINT('',(-6.9E0,-4.25E0,2.65E0));
#1814=LINE('',#1813,#1812);
#1815=DIRECTION('',(0.E0,1.E0,0.E0));
#1816=VECTOR('',#1815,2.E-1);
#1817=CARTESIAN_POINT('',(-7.1E0,-4.25E0,2.65E0));
#1818=LINE('',#1817,#1816);
#1819=DIRECTION('',(-1.E0,0.E0,0.E0));
#1820=VECTOR('',#1819,2.E-1);
#1821=CARTESIAN_POINT('',(-6.9E0,-4.05E0,2.65E0));
#1822=LINE('',#1821,#1820);
#1823=DIRECTION('',(0.E0,-1.E0,0.E0));
#1824=VECTOR('',#1823,2.E-1);
#1825=CARTESIAN_POINT('',(-6.9E0,-4.05E0,2.65E0));
#1826=LINE('',#1825,#1824);
#1827=DIRECTION('',(-2.357022603955E-1,-2.357022603955E-1,-9.428090415821E-1));
#1828=VECTOR('',#1827,6.363961030679E-1);
#1829=CARTESIAN_POINT('',(-7.1E0,-4.25E0,2.65E0));
#1830=LINE('',#1829,#1828);
#1831=DIRECTION('',(-2.357022603955E-1,2.357022603955E-1,9.428090415821E-1));
#1832=VECTOR('',#1831,6.363961030679E-1);
#1833=CARTESIAN_POINT('',(-6.75E0,-4.4E0,2.05E0));
#1834=LINE('',#1833,#1832);
#1835=DIRECTION('',(-1.E0,0.E0,0.E0));
#1836=VECTOR('',#1835,5.E-1);
#1837=CARTESIAN_POINT('',(-6.75E0,-4.4E0,2.05E0));
#1838=LINE('',#1837,#1836);
#1839=DIRECTION('',(1.E0,0.E0,0.E0));
#1840=VECTOR('',#1839,5.E-1);
#1841=CARTESIAN_POINT('',(-7.25E0,-4.4E0,1.45E0));
#1842=LINE('',#1841,#1840);
#1843=DIRECTION('',(1.E0,0.E0,0.E0));
#1844=VECTOR('',#1843,5.E-1);
#1845=CARTESIAN_POINT('',(-7.25E0,-3.7E0,7.5E-1));
#1846=LINE('',#1845,#1844);
#1847=DIRECTION('',(-1.E0,0.E0,0.E0));
#1848=VECTOR('',#1847,5.E-1);
#1849=CARTESIAN_POINT('',(-6.75E0,2.3E0,7.5E-1));
#1850=LINE('',#1849,#1848);
#1851=DIRECTION('',(2.357022603955E-1,-9.428090415821E-1,-2.357022603955E-1));
#1852=VECTOR('',#1851,6.363961030679E-1);
#1853=CARTESIAN_POINT('',(-6.9E0,2.9E0,9.E-1));
#1854=LINE('',#1853,#1852);
#1855=DIRECTION('',(-2.357022603955E-1,-9.428090415821E-1,-2.357022603955E-1));
#1856=VECTOR('',#1855,6.363961030679E-1);
#1857=CARTESIAN_POINT('',(-7.1E0,2.9E0,9.E-1));
#1858=LINE('',#1857,#1856);
#1859=DIRECTION('',(-2.357022603955E-1,2.357022603955E-1,-9.428090415821E-1));
#1860=VECTOR('',#1859,6.363961030679E-1);
#1861=CARTESIAN_POINT('',(-7.1E0,-4.05E0,2.65E0));
#1862=LINE('',#1861,#1860);
#1863=DIRECTION('',(-1.E0,0.E0,0.E0));
#1864=VECTOR('',#1863,2.E-1);
#1865=CARTESIAN_POINT('',(-6.9E0,-4.05E0,-2.65E0));
#1866=LINE('',#1865,#1864);
#1867=DIRECTION('',(0.E0,-1.E0,0.E0));
#1868=VECTOR('',#1867,2.E-1);
#1869=CARTESIAN_POINT('',(-7.1E0,-4.05E0,-2.65E0));
#1870=LINE('',#1869,#1868);
#1871=DIRECTION('',(-1.E0,0.E0,0.E0));
#1872=VECTOR('',#1871,2.E-1);
#1873=CARTESIAN_POINT('',(-6.9E0,-4.25E0,-2.65E0));
#1874=LINE('',#1873,#1872);
#1875=DIRECTION('',(0.E0,1.E0,0.E0));
#1876=VECTOR('',#1875,2.E-1);
#1877=CARTESIAN_POINT('',(-6.9E0,-4.25E0,-2.65E0));
#1878=LINE('',#1877,#1876);
#1879=DIRECTION('',(0.E0,0.E0,-1.E0));
#1880=VECTOR('',#1879,5.E-1);
#1881=CARTESIAN_POINT('',(-5.25E0,2.3E0,-7.5E-1));
#1882=LINE('',#1881,#1880);
#1883=DIRECTION('',(0.E0,-1.E0,0.E0));
#1884=VECTOR('',#1883,3.E0);
#1885=CARTESIAN_POINT('',(-5.25E0,2.3E0,-7.5E-1));
#1886=LINE('',#1885,#1884);
#1887=DIRECTION('',(0.E0,1.E0,0.E0));
#1888=VECTOR('',#1887,3.E0);
#1889=CARTESIAN_POINT('',(-5.25E0,-7.E-1,-1.25E0));
#1890=LINE('',#1889,#1888);
#1891=DIRECTION('',(0.E0,0.E0,-1.E0));
#1892=VECTOR('',#1891,5.E-1);
#1893=CARTESIAN_POINT('',(-5.25E0,2.3E0,1.25E0));
#1894=LINE('',#1893,#1892);
#1895=DIRECTION('',(0.E0,-1.E0,0.E0));
#1896=VECTOR('',#1895,3.E0);
#1897=CARTESIAN_POINT('',(-5.25E0,2.3E0,1.25E0));
#1898=LINE('',#1897,#1896);
#1899=DIRECTION('',(0.E0,1.E0,0.E0));
#1900=VECTOR('',#1899,3.E0);
#1901=CARTESIAN_POINT('',(-5.25E0,-7.E-1,7.5E-1));
#1902=LINE('',#1901,#1900);
#1903=DIRECTION('',(0.E0,1.E0,0.E0));
#1904=VECTOR('',#1903,5.E-1);
#1905=CARTESIAN_POINT('',(-5.25E0,-4.4E0,2.05E0));
#1906=LINE('',#1905,#1904);
#1907=DIRECTION('',(0.E0,0.E0,-1.E0));
#1908=VECTOR('',#1907,6.E-1);
#1909=CARTESIAN_POINT('',(-5.25E0,-4.4E0,2.05E0));
#1910=LINE('',#1909,#1908);
#1911=CARTESIAN_POINT('',(-5.25E0,-3.7E0,1.45E0));
#1912=DIRECTION('',(1.E0,0.E0,0.E0));
#1913=DIRECTION('',(0.E0,-1.E0,5.804880385897E-14));
#1914=AXIS2_PLACEMENT_3D('',#1911,#1912,#1913);
#1916=DIRECTION('',(0.E0,1.E0,0.E0));
#1917=VECTOR('',#1916,5.E-1);
#1918=CARTESIAN_POINT('',(-5.25E0,-3.7E0,7.5E-1));
#1919=LINE('',#1918,#1917);
#1920=DIRECTION('',(0.E0,-1.E0,0.E0));
#1921=VECTOR('',#1920,5.E-1);
#1922=CARTESIAN_POINT('',(-5.25E0,-3.2E0,1.25E0));
#1923=LINE('',#1922,#1921);
#1924=CARTESIAN_POINT('',(-5.25E0,-3.7E0,1.45E0));
#1925=DIRECTION('',(-1.E0,0.E0,0.E0));
#1926=DIRECTION('',(0.E0,-2.220446049250E-14,-1.E0));
#1927=AXIS2_PLACEMENT_3D('',#1924,#1925,#1926);
#1929=DIRECTION('',(0.E0,0.E0,1.E0));
#1930=VECTOR('',#1929,6.E-1);
#1931=CARTESIAN_POINT('',(-5.25E0,-3.9E0,1.45E0));
#1932=LINE('',#1931,#1930);
#1933=DIRECTION('',(0.E0,-1.E0,0.E0));
#1934=VECTOR('',#1933,5.E-1);
#1935=CARTESIAN_POINT('',(-5.25E0,-3.9E0,-2.05E0));
#1936=LINE('',#1935,#1934);
#1937=DIRECTION('',(0.E0,0.E0,1.E0));
#1938=VECTOR('',#1937,6.E-1);
#1939=CARTESIAN_POINT('',(-5.25E0,-3.9E0,-2.05E0));
#1940=LINE('',#1939,#1938);
#1941=CARTESIAN_POINT('',(-5.25E0,-3.7E0,-1.45E0));
#1942=DIRECTION('',(-1.E0,0.E0,0.E0));
#1943=DIRECTION('',(0.E0,-1.E0,0.E0));
#1944=AXIS2_PLACEMENT_3D('',#1941,#1942,#1943);
#1946=DIRECTION('',(0.E0,1.E0,0.E0));
#1947=VECTOR('',#1946,5.E-1);
#1948=CARTESIAN_POINT('',(-5.25E0,-3.7E0,-1.25E0));
#1949=LINE('',#1948,#1947);
#1950=DIRECTION('',(0.E0,-1.E0,0.E0));
#1951=VECTOR('',#1950,5.E-1);
#1952=CARTESIAN_POINT('',(-5.25E0,-3.2E0,-7.5E-1));
#1953=LINE('',#1952,#1951);
#1954=CARTESIAN_POINT('',(-5.25E0,-3.7E0,-1.45E0));
#1955=DIRECTION('',(1.E0,0.E0,0.E0));
#1956=DIRECTION('',(0.E0,0.E0,1.E0));
#1957=AXIS2_PLACEMENT_3D('',#1954,#1955,#1956);
#1959=DIRECTION('',(0.E0,0.E0,-1.E0));
#1960=VECTOR('',#1959,6.E-1);
#1961=CARTESIAN_POINT('',(-5.25E0,-4.4E0,-1.45E0));
#1962=LINE('',#1961,#1960);
#1963=DIRECTION('',(-2.357022603955E-1,-9.428090415821E-1,-2.357022603955E-1));
#1964=VECTOR('',#1963,6.363961030679E-1);
#1965=CARTESIAN_POINT('',(-5.1E0,2.9E0,-1.1E0));
#1966=LINE('',#1965,#1964);
#1967=DIRECTION('',(2.357022603955E-1,-9.428090415821E-1,-2.357022603955E-1));
#1968=VECTOR('',#1967,6.363961030679E-1);
#1969=CARTESIAN_POINT('',(-4.9E0,2.9E0,-1.1E0));
#1970=LINE('',#1969,#1968);
#1971=DIRECTION('',(1.E0,0.E0,0.E0));
#1972=VECTOR('',#1971,5.E-1);
#1973=CARTESIAN_POINT('',(-5.25E0,-3.7E0,-1.25E0));
#1974=LINE('',#1973,#1972);
#1975=DIRECTION('',(-1.E0,0.E0,0.E0));
#1976=VECTOR('',#1975,5.E-1);
#1977=CARTESIAN_POINT('',(-4.75E0,2.3E0,-1.25E0));
#1978=LINE('',#1977,#1976);
#1979=DIRECTION('',(1.E0,0.E0,0.E0));
#1980=VECTOR('',#1979,5.E-1);
#1981=CARTESIAN_POINT('',(-5.25E0,-3.9E0,-1.45E0));
#1982=LINE('',#1981,#1980);
#1983=DIRECTION('',(-1.E0,0.E0,0.E0));
#1984=VECTOR('',#1983,5.E-1);
#1985=CARTESIAN_POINT('',(-4.75E0,-3.9E0,-2.05E0));
#1986=LINE('',#1985,#1984);
#1987=DIRECTION('',(-2.357022603955E-1,2.357022603955E-1,9.428090415821E-1));
#1988=VECTOR('',#1987,6.363961030679E-1);
#1989=CARTESIAN_POINT('',(-5.1E0,-4.05E0,-2.65E0));
#1990=LINE('',#1989,#1988);
#1991=DIRECTION('',(-2.357022603955E-1,-2.357022603955E-1,-9.428090415821E-1));
#1992=VECTOR('',#1991,6.363961030679E-1);
#1993=CARTESIAN_POINT('',(-4.75E0,-3.9E0,-2.05E0));
#1994=LINE('',#1993,#1992);
#1995=DIRECTION('',(-2.357022603955E-1,-2.357022603955E-1,9.428090415821E-1));
#1996=VECTOR('',#1995,6.363961030679E-1);
#1997=CARTESIAN_POINT('',(-5.1E0,-4.25E0,-2.65E0));
#1998=LINE('',#1997,#1996);
#1999=DIRECTION('',(2.357022603955E-1,-2.357022603955E-1,9.428090415821E-1));
#2000=VECTOR('',#1999,6.363961030679E-1);
#2001=CARTESIAN_POINT('',(-4.9E0,-4.25E0,-2.65E0));
#2002=LINE('',#2001,#2000);
#2003=DIRECTION('',(-1.E0,0.E0,0.E0));
#2004=VECTOR('',#2003,5.E-1);
#2005=CARTESIAN_POINT('',(-4.75E0,-4.4E0,-2.05E0));
#2006=LINE('',#2005,#2004);
#2007=DIRECTION('',(1.E0,0.E0,0.E0));
#2008=VECTOR('',#2007,5.E-1);
#2009=CARTESIAN_POINT('',(-5.25E0,-4.4E0,-1.45E0));
#2010=LINE('',#2009,#2008);
#2011=DIRECTION('',(1.E0,0.E0,0.E0));
#2012=VECTOR('',#2011,5.E-1);
#2013=CARTESIAN_POINT('',(-5.25E0,-3.7E0,-7.5E-1));
#2014=LINE('',#2013,#2012);
#2015=DIRECTION('',(-1.E0,0.E0,0.E0));
#2016=VECTOR('',#2015,5.E-1);
#2017=CARTESIAN_POINT('',(-4.75E0,2.3E0,-7.5E-1));
#2018=LINE('',#2017,#2016);
#2019=DIRECTION('',(0.E0,0.E0,1.E0));
#2020=VECTOR('',#2019,5.E-1);
#2021=CARTESIAN_POINT('',(-4.75E0,2.3E0,-1.25E0));
#2022=LINE('',#2021,#2020);
#2023=DIRECTION('',(0.E0,1.E0,0.E0));
#2024=VECTOR('',#2023,3.E0);
#2025=CARTESIAN_POINT('',(-4.75E0,-7.E-1,-1.25E0));
#2026=LINE('',#2025,#2024);
#2027=DIRECTION('',(0.E0,-1.E0,0.E0));
#2028=VECTOR('',#2027,3.E0);
#2029=CARTESIAN_POINT('',(-4.75E0,2.3E0,-7.5E-1));
#2030=LINE('',#2029,#2028);
#2031=DIRECTION('',(0.E0,0.E0,1.E0));
#2032=VECTOR('',#2031,5.E-1);
#2033=CARTESIAN_POINT('',(-4.75E0,2.3E0,7.5E-1));
#2034=LINE('',#2033,#2032);
#2035=DIRECTION('',(0.E0,1.E0,0.E0));
#2036=VECTOR('',#2035,3.E0);
#2037=CARTESIAN_POINT('',(-4.75E0,-7.E-1,7.5E-1));
#2038=LINE('',#2037,#2036);
#2039=DIRECTION('',(0.E0,-1.E0,0.E0));
#2040=VECTOR('',#2039,3.E0);
#2041=CARTESIAN_POINT('',(-4.75E0,2.3E0,1.25E0));
#2042=LINE('',#2041,#2040);
#2043=DIRECTION('',(0.E0,-1.E0,0.E0));
#2044=VECTOR('',#2043,5.E-1);
#2045=CARTESIAN_POINT('',(-4.75E0,-3.9E0,2.05E0));
#2046=LINE('',#2045,#2044);
#2047=DIRECTION('',(0.E0,0.E0,1.E0));
#2048=VECTOR('',#2047,6.E-1);
#2049=CARTESIAN_POINT('',(-4.75E0,-3.9E0,1.45E0));
#2050=LINE('',#2049,#2048);
#2051=CARTESIAN_POINT('',(-4.75E0,-3.7E0,1.45E0));
#2052=DIRECTION('',(-1.E0,0.E0,0.E0));
#2053=DIRECTION('',(0.E0,-2.220446049250E-14,-1.E0));
#2054=AXIS2_PLACEMENT_3D('',#2051,#2052,#2053);
#2056=DIRECTION('',(0.E0,-1.E0,0.E0));
#2057=VECTOR('',#2056,5.E-1);
#2058=CARTESIAN_POINT('',(-4.75E0,-3.2E0,1.25E0));
#2059=LINE('',#2058,#2057);
#2060=DIRECTION('',(0.E0,1.E0,0.E0));
#2061=VECTOR('',#2060,5.E-1);
#2062=CARTESIAN_POINT('',(-4.75E0,-3.7E0,7.5E-1));
#2063=LINE('',#2062,#2061);
#2064=CARTESIAN_POINT('',(-4.75E0,-3.7E0,1.45E0));
#2065=DIRECTION('',(1.E0,0.E0,0.E0));
#2066=DIRECTION('',(0.E0,-1.E0,5.804880385897E-14));
#2067=AXIS2_PLACEMENT_3D('',#2064,#2065,#2066);
#2069=DIRECTION('',(0.E0,0.E0,-1.E0));
#2070=VECTOR('',#2069,6.E-1);
#2071=CARTESIAN_POINT('',(-4.75E0,-4.4E0,2.05E0));
#2072=LINE('',#2071,#2070);
#2073=DIRECTION('',(0.E0,1.E0,0.E0));
#2074=VECTOR('',#2073,5.E-1);
#2075=CARTESIAN_POINT('',(-4.75E0,-4.4E0,-2.05E0));
#2076=LINE('',#2075,#2074);
#2077=DIRECTION('',(0.E0,0.E0,-1.E0));
#2078=VECTOR('',#2077,6.E-1);
#2079=CARTESIAN_POINT('',(-4.75E0,-4.4E0,-1.45E0));
#2080=LINE('',#2079,#2078);
#2081=CARTESIAN_POINT('',(-4.75E0,-3.7E0,-1.45E0));
#2082=DIRECTION('',(1.E0,0.E0,0.E0));
#2083=DIRECTION('',(0.E0,0.E0,1.E0));
#2084=AXIS2_PLACEMENT_3D('',#2081,#2082,#2083);
#2086=DIRECTION('',(0.E0,-1.E0,0.E0));
#2087=VECTOR('',#2086,5.E-1);
#2088=CARTESIAN_POINT('',(-4.75E0,-3.2E0,-7.5E-1));
#2089=LINE('',#2088,#2087);
#2090=DIRECTION('',(0.E0,1.E0,0.E0));
#2091=VECTOR('',#2090,5.E-1);
#2092=CARTESIAN_POINT('',(-4.75E0,-3.7E0,-1.25E0));
#2093=LINE('',#2092,#2091);
#2094=CARTESIAN_POINT('',(-4.75E0,-3.7E0,-1.45E0));
#2095=DIRECTION('',(-1.E0,0.E0,0.E0));
#2096=DIRECTION('',(0.E0,-1.E0,0.E0));
#2097=AXIS2_PLACEMENT_3D('',#2094,#2095,#2096);
#2099=DIRECTION('',(0.E0,0.E0,1.E0));
#2100=VECTOR('',#2099,6.E-1);
#2101=CARTESIAN_POINT('',(-4.75E0,-3.9E0,-2.05E0));
#2102=LINE('',#2101,#2100);
#2103=DIRECTION('',(-1.E0,0.E0,0.E0));
#2104=VECTOR('',#2103,2.E-1);
#2105=CARTESIAN_POINT('',(-4.9E0,2.9E0,-9.E-1));
#2106=LINE('',#2105,#2104);
#2107=DIRECTION('',(0.E0,0.E0,-1.E0));
#2108=VECTOR('',#2107,2.E-1);
#2109=CARTESIAN_POINT('',(-5.1E0,2.9E0,-9.E-1));
#2110=LINE('',#2109,#2108);
#2111=DIRECTION('',(-1.E0,0.E0,0.E0));
#2112=VECTOR('',#2111,2.E-1);
#2113=CARTESIAN_POINT('',(-4.9E0,2.9E0,-1.1E0));
#2114=LINE('',#2113,#2112);
#2115=DIRECTION('',(0.E0,0.E0,1.E0));
#2116=VECTOR('',#2115,2.E-1);
#2117=CARTESIAN_POINT('',(-4.9E0,2.9E0,-1.1E0));
#2118=LINE('',#2117,#2116);
#2119=DIRECTION('',(-2.357022603955E-1,-9.428090415821E-1,2.357022603955E-1));
#2120=VECTOR('',#2119,6.363961030679E-1);
#2121=CARTESIAN_POINT('',(-5.1E0,2.9E0,-9.E-1));
#2122=LINE('',#2121,#2120);
#2123=DIRECTION('',(-2.357022603955E-1,9.428090415821E-1,-2.357022603955E-1));
#2124=VECTOR('',#2123,6.363961030679E-1);
#2125=CARTESIAN_POINT('',(-4.75E0,2.3E0,-7.5E-1));
#2126=LINE('',#2125,#2124);
#2127=DIRECTION('',(2.357022603955E-1,-9.428090415821E-1,2.357022603955E-1));
#2128=VECTOR('',#2127,6.363961030679E-1);
#2129=CARTESIAN_POINT('',(-4.9E0,2.9E0,1.1E0));
#2130=LINE('',#2129,#2128);
#2131=DIRECTION('',(-1.E0,0.E0,0.E0));
#2132=VECTOR('',#2131,2.E-1);
#2133=CARTESIAN_POINT('',(-4.9E0,2.9E0,1.1E0));
#2134=LINE('',#2133,#2132);
#2135=DIRECTION('',(0.E0,0.E0,-1.E0));
#2136=VECTOR('',#2135,2.E-1);
#2137=CARTESIAN_POINT('',(-5.1E0,2.9E0,1.1E0));
#2138=LINE('',#2137,#2136);
#2139=DIRECTION('',(-1.E0,0.E0,0.E0));
#2140=VECTOR('',#2139,2.E-1);
#2141=CARTESIAN_POINT('',(-4.9E0,2.9E0,9.E-1));
#2142=LINE('',#2141,#2140);
#2143=DIRECTION('',(0.E0,0.E0,1.E0));
#2144=VECTOR('',#2143,2.E-1);
#2145=CARTESIAN_POINT('',(-4.9E0,2.9E0,9.E-1));
#2146=LINE('',#2145,#2144);
#2147=DIRECTION('',(-2.357022603955E-1,-9.428090415821E-1,2.357022603955E-1));
#2148=VECTOR('',#2147,6.363961030679E-1);
#2149=CARTESIAN_POINT('',(-5.1E0,2.9E0,1.1E0));
#2150=LINE('',#2149,#2148);
#2151=DIRECTION('',(-1.E0,0.E0,0.E0));
#2152=VECTOR('',#2151,5.E-1);
#2153=CARTESIAN_POINT('',(-4.75E0,2.3E0,1.25E0));
#2154=LINE('',#2153,#2152);
#2155=DIRECTION('',(1.E0,0.E0,0.E0));
#2156=VECTOR('',#2155,5.E-1);
#2157=CARTESIAN_POINT('',(-5.25E0,-3.7E0,1.25E0));
#2158=LINE('',#2157,#2156);
#2159=DIRECTION('',(-1.E0,0.E0,0.E0));
#2160=VECTOR('',#2159,5.E-1);
#2161=CARTESIAN_POINT('',(-4.75E0,-3.9E0,2.05E0));
#2162=LINE('',#2161,#2160);
#2163=DIRECTION('',(1.E0,0.E0,0.E0));
#2164=VECTOR('',#2163,5.E-1);
#2165=CARTESIAN_POINT('',(-5.25E0,-3.9E0,1.45E0));
#2166=LINE('',#2165,#2164);
#2167=DIRECTION('',(2.357022603955E-1,2.357022603955E-1,-9.428090415821E-1));
#2168=VECTOR('',#2167,6.363961030679E-1);
#2169=CARTESIAN_POINT('',(-4.9E0,-4.05E0,2.65E0));
#2170=LINE('',#2169,#2168);
#2171=DIRECTION('',(-1.E0,0.E0,0.E0));
#2172=VECTOR('',#2171,2.E-1);
#2173=CARTESIAN_POINT('',(-4.9E0,-4.25E0,2.65E0));
#2174=LINE('',#2173,#2172);
#2175=DIRECTION('',(0.E0,1.E0,0.E0));
#2176=VECTOR('',#2175,2.E-1);
#2177=CARTESIAN_POINT('',(-5.1E0,-4.25E0,2.65E0));
#2178=LINE('',#2177,#2176);
#2179=DIRECTION('',(-1.E0,0.E0,0.E0));
#2180=VECTOR('',#2179,2.E-1);
#2181=CARTESIAN_POINT('',(-4.9E0,-4.05E0,2.65E0));
#2182=LINE('',#2181,#2180);
#2183=DIRECTION('',(0.E0,-1.E0,0.E0));
#2184=VECTOR('',#2183,2.E-1);
#2185=CARTESIAN_POINT('',(-4.9E0,-4.05E0,2.65E0));
#2186=LINE('',#2185,#2184);
#2187=DIRECTION('',(-2.357022603955E-1,-2.357022603955E-1,-9.428090415821E-1));
#2188=VECTOR('',#2187,6.363961030679E-1);
#2189=CARTESIAN_POINT('',(-5.1E0,-4.25E0,2.65E0));
#2190=LINE('',#2189,#2188);
#2191=DIRECTION('',(-2.357022603955E-1,2.357022603955E-1,9.428090415821E-1));
#2192=VECTOR('',#2191,6.363961030679E-1);
#2193=CARTESIAN_POINT('',(-4.75E0,-4.4E0,2.05E0));
#2194=LINE('',#2193,#2192);
#2195=DIRECTION('',(-1.E0,0.E0,0.E0));
#2196=VECTOR('',#2195,5.E-1);
#2197=CARTESIAN_POINT('',(-4.75E0,-4.4E0,2.05E0));
#2198=LINE('',#2197,#2196);
#2199=DIRECTION('',(1.E0,0.E0,0.E0));
#2200=VECTOR('',#2199,5.E-1);
#2201=CARTESIAN_POINT('',(-5.25E0,-4.4E0,1.45E0));
#2202=LINE('',#2201,#2200);
#2203=DIRECTION('',(1.E0,0.E0,0.E0));
#2204=VECTOR('',#2203,5.E-1);
#2205=CARTESIAN_POINT('',(-5.25E0,-3.7E0,7.5E-1));
#2206=LINE('',#2205,#2204);
#2207=DIRECTION('',(-1.E0,0.E0,0.E0));
#2208=VECTOR('',#2207,5.E-1);
#2209=CARTESIAN_POINT('',(-4.75E0,2.3E0,7.5E-1));
#2210=LINE('',#2209,#2208);
#2211=DIRECTION('',(2.357022603955E-1,-9.428090415821E-1,-2.357022603955E-1));
#2212=VECTOR('',#2211,6.363961030679E-1);
#2213=CARTESIAN_POINT('',(-4.9E0,2.9E0,9.E-1));
#2214=LINE('',#2213,#2212);
#2215=DIRECTION('',(-2.357022603955E-1,-9.428090415821E-1,-2.357022603955E-1));
#2216=VECTOR('',#2215,6.363961030679E-1);
#2217=CARTESIAN_POINT('',(-5.1E0,2.9E0,9.E-1));
#2218=LINE('',#2217,#2216);
#2219=DIRECTION('',(-2.357022603955E-1,2.357022603955E-1,-9.428090415821E-1));
#2220=VECTOR('',#2219,6.363961030679E-1);
#2221=CARTESIAN_POINT('',(-5.1E0,-4.05E0,2.65E0));
#2222=LINE('',#2221,#2220);
#2223=DIRECTION('',(-1.E0,0.E0,0.E0));
#2224=VECTOR('',#2223,2.E-1);
#2225=CARTESIAN_POINT('',(-4.9E0,-4.05E0,-2.65E0));
#2226=LINE('',#2225,#2224);
#2227=DIRECTION('',(0.E0,-1.E0,0.E0));
#2228=VECTOR('',#2227,2.E-1);
#2229=CARTESIAN_POINT('',(-5.1E0,-4.05E0,-2.65E0));
#2230=LINE('',#2229,#2228);
#2231=DIRECTION('',(-1.E0,0.E0,0.E0));
#2232=VECTOR('',#2231,2.E-1);
#2233=CARTESIAN_POINT('',(-4.9E0,-4.25E0,-2.65E0));
#2234=LINE('',#2233,#2232);
#2235=DIRECTION('',(0.E0,1.E0,0.E0));
#2236=VECTOR('',#2235,2.E-1);
#2237=CARTESIAN_POINT('',(-4.9E0,-4.25E0,-2.65E0));
#2238=LINE('',#2237,#2236);
#2239=DIRECTION('',(0.E0,0.E0,-1.E0));
#2240=VECTOR('',#2239,5.E-1);
#2241=CARTESIAN_POINT('',(-3.25E0,2.3E0,-7.5E-1));
#2242=LINE('',#2241,#2240);
#2243=DIRECTION('',(0.E0,-1.E0,0.E0));
#2244=VECTOR('',#2243,3.E0);
#2245=CARTESIAN_POINT('',(-3.25E0,2.3E0,-7.5E-1));
#2246=LINE('',#2245,#2244);
#2247=DIRECTION('',(0.E0,1.E0,0.E0));
#2248=VECTOR('',#2247,3.E0);
#2249=CARTESIAN_POINT('',(-3.25E0,-7.E-1,-1.25E0));
#2250=LINE('',#2249,#2248);
#2251=DIRECTION('',(0.E0,0.E0,-1.E0));
#2252=VECTOR('',#2251,5.E-1);
#2253=CARTESIAN_POINT('',(-3.25E0,2.3E0,1.25E0));
#2254=LINE('',#2253,#2252);
#2255=DIRECTION('',(0.E0,-1.E0,0.E0));
#2256=VECTOR('',#2255,3.E0);
#2257=CARTESIAN_POINT('',(-3.25E0,2.3E0,1.25E0));
#2258=LINE('',#2257,#2256);
#2259=DIRECTION('',(0.E0,1.E0,0.E0));
#2260=VECTOR('',#2259,3.E0);
#2261=CARTESIAN_POINT('',(-3.25E0,-7.E-1,7.5E-1));
#2262=LINE('',#2261,#2260);
#2263=DIRECTION('',(0.E0,1.E0,0.E0));
#2264=VECTOR('',#2263,5.E-1);
#2265=CARTESIAN_POINT('',(-3.25E0,-4.4E0,2.05E0));
#2266=LINE('',#2265,#2264);
#2267=DIRECTION('',(0.E0,0.E0,-1.E0));
#2268=VECTOR('',#2267,6.E-1);
#2269=CARTESIAN_POINT('',(-3.25E0,-4.4E0,2.05E0));
#2270=LINE('',#2269,#2268);
#2271=CARTESIAN_POINT('',(-3.25E0,-3.7E0,1.45E0));
#2272=DIRECTION('',(1.E0,0.E0,0.E0));
#2273=DIRECTION('',(0.E0,-1.E0,5.804880385897E-14));
#2274=AXIS2_PLACEMENT_3D('',#2271,#2272,#2273);
#2276=DIRECTION('',(0.E0,1.E0,0.E0));
#2277=VECTOR('',#2276,5.E-1);
#2278=CARTESIAN_POINT('',(-3.25E0,-3.7E0,7.5E-1));
#2279=LINE('',#2278,#2277);
#2280=DIRECTION('',(0.E0,-1.E0,0.E0));
#2281=VECTOR('',#2280,5.E-1);
#2282=CARTESIAN_POINT('',(-3.25E0,-3.2E0,1.25E0));
#2283=LINE('',#2282,#2281);
#2284=CARTESIAN_POINT('',(-3.25E0,-3.7E0,1.45E0));
#2285=DIRECTION('',(-1.E0,0.E0,0.E0));
#2286=DIRECTION('',(0.E0,-2.220446049250E-14,-1.E0));
#2287=AXIS2_PLACEMENT_3D('',#2284,#2285,#2286);
#2289=DIRECTION('',(0.E0,0.E0,1.E0));
#2290=VECTOR('',#2289,6.E-1);
#2291=CARTESIAN_POINT('',(-3.25E0,-3.9E0,1.45E0));
#2292=LINE('',#2291,#2290);
#2293=DIRECTION('',(0.E0,-1.E0,0.E0));
#2294=VECTOR('',#2293,5.E-1);
#2295=CARTESIAN_POINT('',(-3.25E0,-3.9E0,-2.05E0));
#2296=LINE('',#2295,#2294);
#2297=DIRECTION('',(0.E0,0.E0,1.E0));
#2298=VECTOR('',#2297,6.E-1);
#2299=CARTESIAN_POINT('',(-3.25E0,-3.9E0,-2.05E0));
#2300=LINE('',#2299,#2298);
#2301=CARTESIAN_POINT('',(-3.25E0,-3.7E0,-1.45E0));
#2302=DIRECTION('',(-1.E0,0.E0,0.E0));
#2303=DIRECTION('',(0.E0,-1.E0,0.E0));
#2304=AXIS2_PLACEMENT_3D('',#2301,#2302,#2303);
#2306=DIRECTION('',(0.E0,1.E0,0.E0));
#2307=VECTOR('',#2306,5.E-1);
#2308=CARTESIAN_POINT('',(-3.25E0,-3.7E0,-1.25E0));
#2309=LINE('',#2308,#2307);
#2310=DIRECTION('',(0.E0,-1.E0,0.E0));
#2311=VECTOR('',#2310,5.E-1);
#2312=CARTESIAN_POINT('',(-3.25E0,-3.2E0,-7.5E-1));
#2313=LINE('',#2312,#2311);
#2314=CARTESIAN_POINT('',(-3.25E0,-3.7E0,-1.45E0));
#2315=DIRECTION('',(1.E0,0.E0,0.E0));
#2316=DIRECTION('',(0.E0,0.E0,1.E0));
#2317=AXIS2_PLACEMENT_3D('',#2314,#2315,#2316);
#2319=DIRECTION('',(0.E0,0.E0,-1.E0));
#2320=VECTOR('',#2319,6.E-1);
#2321=CARTESIAN_POINT('',(-3.25E0,-4.4E0,-1.45E0));
#2322=LINE('',#2321,#2320);
#2323=DIRECTION('',(-2.357022603955E-1,-9.428090415821E-1,-2.357022603955E-1));
#2324=VECTOR('',#2323,6.363961030679E-1);
#2325=CARTESIAN_POINT('',(-3.1E0,2.9E0,-1.1E0));
#2326=LINE('',#2325,#2324);
#2327=DIRECTION('',(2.357022603955E-1,-9.428090415821E-1,-2.357022603955E-1));
#2328=VECTOR('',#2327,6.363961030679E-1);
#2329=CARTESIAN_POINT('',(-2.9E0,2.9E0,-1.1E0));
#2330=LINE('',#2329,#2328);
#2331=DIRECTION('',(1.E0,0.E0,0.E0));
#2332=VECTOR('',#2331,5.E-1);
#2333=CARTESIAN_POINT('',(-3.25E0,-3.7E0,-1.25E0));
#2334=LINE('',#2333,#2332);
#2335=DIRECTION('',(-1.E0,0.E0,0.E0));
#2336=VECTOR('',#2335,5.E-1);
#2337=CARTESIAN_POINT('',(-2.75E0,2.3E0,-1.25E0));
#2338=LINE('',#2337,#2336);
#2339=DIRECTION('',(1.E0,0.E0,0.E0));
#2340=VECTOR('',#2339,5.E-1);
#2341=CARTESIAN_POINT('',(-3.25E0,-3.9E0,-1.45E0));
#2342=LINE('',#2341,#2340);
#2343=DIRECTION('',(-1.E0,0.E0,0.E0));
#2344=VECTOR('',#2343,5.E-1);
#2345=CARTESIAN_POINT('',(-2.75E0,-3.9E0,-2.05E0));
#2346=LINE('',#2345,#2344);
#2347=DIRECTION('',(-2.357022603955E-1,2.357022603955E-1,9.428090415821E-1));
#2348=VECTOR('',#2347,6.363961030679E-1);
#2349=CARTESIAN_POINT('',(-3.1E0,-4.05E0,-2.65E0));
#2350=LINE('',#2349,#2348);
#2351=DIRECTION('',(-2.357022603955E-1,-2.357022603955E-1,-9.428090415821E-1));
#2352=VECTOR('',#2351,6.363961030679E-1);
#2353=CARTESIAN_POINT('',(-2.75E0,-3.9E0,-2.05E0));
#2354=LINE('',#2353,#2352);
#2355=DIRECTION('',(-2.357022603955E-1,-2.357022603955E-1,9.428090415821E-1));
#2356=VECTOR('',#2355,6.363961030679E-1);
#2357=CARTESIAN_POINT('',(-3.1E0,-4.25E0,-2.65E0));
#2358=LINE('',#2357,#2356);
#2359=DIRECTION('',(2.357022603955E-1,-2.357022603955E-1,9.428090415821E-1));
#2360=VECTOR('',#2359,6.363961030679E-1);
#2361=CARTESIAN_POINT('',(-2.9E0,-4.25E0,-2.65E0));
#2362=LINE('',#2361,#2360);
#2363=DIRECTION('',(-1.E0,0.E0,0.E0));
#2364=VECTOR('',#2363,5.E-1);
#2365=CARTESIAN_POINT('',(-2.75E0,-4.4E0,-2.05E0));
#2366=LINE('',#2365,#2364);
#2367=DIRECTION('',(1.E0,0.E0,0.E0));
#2368=VECTOR('',#2367,5.E-1);
#2369=CARTESIAN_POINT('',(-3.25E0,-4.4E0,-1.45E0));
#2370=LINE('',#2369,#2368);
#2371=DIRECTION('',(1.E0,0.E0,0.E0));
#2372=VECTOR('',#2371,5.E-1);
#2373=CARTESIAN_POINT('',(-3.25E0,-3.7E0,-7.5E-1));
#2374=LINE('',#2373,#2372);
#2375=DIRECTION('',(-1.E0,0.E0,0.E0));
#2376=VECTOR('',#2375,5.E-1);
#2377=CARTESIAN_POINT('',(-2.75E0,2.3E0,-7.5E-1));
#2378=LINE('',#2377,#2376);
#2379=DIRECTION('',(0.E0,0.E0,1.E0));
#2380=VECTOR('',#2379,5.E-1);
#2381=CARTESIAN_POINT('',(-2.75E0,2.3E0,-1.25E0));
#2382=LINE('',#2381,#2380);
#2383=DIRECTION('',(0.E0,1.E0,0.E0));
#2384=VECTOR('',#2383,3.E0);
#2385=CARTESIAN_POINT('',(-2.75E0,-7.E-1,-1.25E0));
#2386=LINE('',#2385,#2384);
#2387=DIRECTION('',(0.E0,-1.E0,0.E0));
#2388=VECTOR('',#2387,3.E0);
#2389=CARTESIAN_POINT('',(-2.75E0,2.3E0,-7.5E-1));
#2390=LINE('',#2389,#2388);
#2391=DIRECTION('',(0.E0,0.E0,1.E0));
#2392=VECTOR('',#2391,5.E-1);
#2393=CARTESIAN_POINT('',(-2.75E0,2.3E0,7.5E-1));
#2394=LINE('',#2393,#2392);
#2395=DIRECTION('',(0.E0,1.E0,0.E0));
#2396=VECTOR('',#2395,3.E0);
#2397=CARTESIAN_POINT('',(-2.75E0,-7.E-1,7.5E-1));
#2398=LINE('',#2397,#2396);
#2399=DIRECTION('',(0.E0,-1.E0,0.E0));
#2400=VECTOR('',#2399,3.E0);
#2401=CARTESIAN_POINT('',(-2.75E0,2.3E0,1.25E0));
#2402=LINE('',#2401,#2400);
#2403=DIRECTION('',(0.E0,-1.E0,0.E0));
#2404=VECTOR('',#2403,5.E-1);
#2405=CARTESIAN_POINT('',(-2.75E0,-3.9E0,2.05E0));
#2406=LINE('',#2405,#2404);
#2407=DIRECTION('',(0.E0,0.E0,1.E0));
#2408=VECTOR('',#2407,6.E-1);
#2409=CARTESIAN_POINT('',(-2.75E0,-3.9E0,1.45E0));
#2410=LINE('',#2409,#2408);
#2411=CARTESIAN_POINT('',(-2.75E0,-3.7E0,1.45E0));
#2412=DIRECTION('',(-1.E0,0.E0,0.E0));
#2413=DIRECTION('',(0.E0,-2.220446049250E-14,-1.E0));
#2414=AXIS2_PLACEMENT_3D('',#2411,#2412,#2413);
#2416=DIRECTION('',(0.E0,-1.E0,0.E0));
#2417=VECTOR('',#2416,5.E-1);
#2418=CARTESIAN_POINT('',(-2.75E0,-3.2E0,1.25E0));
#2419=LINE('',#2418,#2417);
#2420=DIRECTION('',(0.E0,1.E0,0.E0));
#2421=VECTOR('',#2420,5.E-1);
#2422=CARTESIAN_POINT('',(-2.75E0,-3.7E0,7.5E-1));
#2423=LINE('',#2422,#2421);
#2424=CARTESIAN_POINT('',(-2.75E0,-3.7E0,1.45E0));
#2425=DIRECTION('',(1.E0,0.E0,0.E0));
#2426=DIRECTION('',(0.E0,-1.E0,5.804880385897E-14));
#2427=AXIS2_PLACEMENT_3D('',#2424,#2425,#2426);
#2429=DIRECTION('',(0.E0,0.E0,-1.E0));
#2430=VECTOR('',#2429,6.E-1);
#2431=CARTESIAN_POINT('',(-2.75E0,-4.4E0,2.05E0));
#2432=LINE('',#2431,#2430);
#2433=DIRECTION('',(0.E0,1.E0,0.E0));
#2434=VECTOR('',#2433,5.E-1);
#2435=CARTESIAN_POINT('',(-2.75E0,-4.4E0,-2.05E0));
#2436=LINE('',#2435,#2434);
#2437=DIRECTION('',(0.E0,0.E0,-1.E0));
#2438=VECTOR('',#2437,6.E-1);
#2439=CARTESIAN_POINT('',(-2.75E0,-4.4E0,-1.45E0));
#2440=LINE('',#2439,#2438);
#2441=CARTESIAN_POINT('',(-2.75E0,-3.7E0,-1.45E0));
#2442=DIRECTION('',(1.E0,0.E0,0.E0));
#2443=DIRECTION('',(0.E0,0.E0,1.E0));
#2444=AXIS2_PLACEMENT_3D('',#2441,#2442,#2443);
#2446=DIRECTION('',(0.E0,-1.E0,0.E0));
#2447=VECTOR('',#2446,5.E-1);
#2448=CARTESIAN_POINT('',(-2.75E0,-3.2E0,-7.5E-1));
#2449=LINE('',#2448,#2447);
#2450=DIRECTION('',(0.E0,1.E0,0.E0));
#2451=VECTOR('',#2450,5.E-1);
#2452=CARTESIAN_POINT('',(-2.75E0,-3.7E0,-1.25E0));
#2453=LINE('',#2452,#2451);
#2454=CARTESIAN_POINT('',(-2.75E0,-3.7E0,-1.45E0));
#2455=DIRECTION('',(-1.E0,0.E0,0.E0));
#2456=DIRECTION('',(0.E0,-1.E0,0.E0));
#2457=AXIS2_PLACEMENT_3D('',#2454,#2455,#2456);
#2459=DIRECTION('',(0.E0,0.E0,1.E0));
#2460=VECTOR('',#2459,6.E-1);
#2461=CARTESIAN_POINT('',(-2.75E0,-3.9E0,-2.05E0));
#2462=LINE('',#2461,#2460);
#2463=DIRECTION('',(-1.E0,0.E0,0.E0));
#2464=VECTOR('',#2463,2.E-1);
#2465=CARTESIAN_POINT('',(-2.9E0,2.9E0,-9.E-1));
#2466=LINE('',#2465,#2464);
#2467=DIRECTION('',(0.E0,0.E0,-1.E0));
#2468=VECTOR('',#2467,2.E-1);
#2469=CARTESIAN_POINT('',(-3.1E0,2.9E0,-9.E-1));
#2470=LINE('',#2469,#2468);
#2471=DIRECTION('',(-1.E0,0.E0,0.E0));
#2472=VECTOR('',#2471,2.E-1);
#2473=CARTESIAN_POINT('',(-2.9E0,2.9E0,-1.1E0));
#2474=LINE('',#2473,#2472);
#2475=DIRECTION('',(0.E0,0.E0,1.E0));
#2476=VECTOR('',#2475,2.E-1);
#2477=CARTESIAN_POINT('',(-2.9E0,2.9E0,-1.1E0));
#2478=LINE('',#2477,#2476);
#2479=DIRECTION('',(-2.357022603955E-1,-9.428090415821E-1,2.357022603955E-1));
#2480=VECTOR('',#2479,6.363961030679E-1);
#2481=CARTESIAN_POINT('',(-3.1E0,2.9E0,-9.E-1));
#2482=LINE('',#2481,#2480);
#2483=DIRECTION('',(-2.357022603955E-1,9.428090415821E-1,-2.357022603955E-1));
#2484=VECTOR('',#2483,6.363961030679E-1);
#2485=CARTESIAN_POINT('',(-2.75E0,2.3E0,-7.5E-1));
#2486=LINE('',#2485,#2484);
#2487=DIRECTION('',(2.357022603955E-1,-9.428090415821E-1,2.357022603955E-1));
#2488=VECTOR('',#2487,6.363961030679E-1);
#2489=CARTESIAN_POINT('',(-2.9E0,2.9E0,1.1E0));
#2490=LINE('',#2489,#2488);
#2491=DIRECTION('',(-1.E0,0.E0,0.E0));
#2492=VECTOR('',#2491,2.E-1);
#2493=CARTESIAN_POINT('',(-2.9E0,2.9E0,1.1E0));
#2494=LINE('',#2493,#2492);
#2495=DIRECTION('',(0.E0,0.E0,-1.E0));
#2496=VECTOR('',#2495,2.E-1);
#2497=CARTESIAN_POINT('',(-3.1E0,2.9E0,1.1E0));
#2498=LINE('',#2497,#2496);
#2499=DIRECTION('',(-1.E0,0.E0,0.E0));
#2500=VECTOR('',#2499,2.E-1);
#2501=CARTESIAN_POINT('',(-2.9E0,2.9E0,9.E-1));
#2502=LINE('',#2501,#2500);
#2503=DIRECTION('',(0.E0,0.E0,1.E0));
#2504=VECTOR('',#2503,2.E-1);
#2505=CARTESIAN_POINT('',(-2.9E0,2.9E0,9.E-1));
#2506=LINE('',#2505,#2504);
#2507=DIRECTION('',(-2.357022603955E-1,-9.428090415821E-1,2.357022603955E-1));
#2508=VECTOR('',#2507,6.363961030679E-1);
#2509=CARTESIAN_POINT('',(-3.1E0,2.9E0,1.1E0));
#2510=LINE('',#2509,#2508);
#2511=DIRECTION('',(-1.E0,0.E0,0.E0));
#2512=VECTOR('',#2511,5.E-1);
#2513=CARTESIAN_POINT('',(-2.75E0,2.3E0,1.25E0));
#2514=LINE('',#2513,#2512);
#2515=DIRECTION('',(1.E0,0.E0,0.E0));
#2516=VECTOR('',#2515,5.E-1);
#2517=CARTESIAN_POINT('',(-3.25E0,-3.7E0,1.25E0));
#2518=LINE('',#2517,#2516);
#2519=DIRECTION('',(-1.E0,0.E0,0.E0));
#2520=VECTOR('',#2519,5.E-1);
#2521=CARTESIAN_POINT('',(-2.75E0,-3.9E0,2.05E0));
#2522=LINE('',#2521,#2520);
#2523=DIRECTION('',(1.E0,0.E0,0.E0));
#2524=VECTOR('',#2523,5.E-1);
#2525=CARTESIAN_POINT('',(-3.25E0,-3.9E0,1.45E0));
#2526=LINE('',#2525,#2524);
#2527=DIRECTION('',(2.357022603955E-1,2.357022603955E-1,-9.428090415821E-1));
#2528=VECTOR('',#2527,6.363961030679E-1);
#2529=CARTESIAN_POINT('',(-2.9E0,-4.05E0,2.65E0));
#2530=LINE('',#2529,#2528);
#2531=DIRECTION('',(-1.E0,0.E0,0.E0));
#2532=VECTOR('',#2531,2.E-1);
#2533=CARTESIAN_POINT('',(-2.9E0,-4.25E0,2.65E0));
#2534=LINE('',#2533,#2532);
#2535=DIRECTION('',(0.E0,1.E0,0.E0));
#2536=VECTOR('',#2535,2.E-1);
#2537=CARTESIAN_POINT('',(-3.1E0,-4.25E0,2.65E0));
#2538=LINE('',#2537,#2536);
#2539=DIRECTION('',(-1.E0,0.E0,0.E0));
#2540=VECTOR('',#2539,2.E-1);
#2541=CARTESIAN_POINT('',(-2.9E0,-4.05E0,2.65E0));
#2542=LINE('',#2541,#2540);
#2543=DIRECTION('',(0.E0,-1.E0,0.E0));
#2544=VECTOR('',#2543,2.E-1);
#2545=CARTESIAN_POINT('',(-2.9E0,-4.05E0,2.65E0));
#2546=LINE('',#2545,#2544);
#2547=DIRECTION('',(-2.357022603955E-1,-2.357022603955E-1,-9.428090415821E-1));
#2548=VECTOR('',#2547,6.363961030679E-1);
#2549=CARTESIAN_POINT('',(-3.1E0,-4.25E0,2.65E0));
#2550=LINE('',#2549,#2548);
#2551=DIRECTION('',(-2.357022603955E-1,2.357022603955E-1,9.428090415821E-1));
#2552=VECTOR('',#2551,6.363961030679E-1);
#2553=CARTESIAN_POINT('',(-2.75E0,-4.4E0,2.05E0));
#2554=LINE('',#2553,#2552);
#2555=DIRECTION('',(-1.E0,0.E0,0.E0));
#2556=VECTOR('',#2555,5.E-1);
#2557=CARTESIAN_POINT('',(-2.75E0,-4.4E0,2.05E0));
#2558=LINE('',#2557,#2556);
#2559=DIRECTION('',(1.E0,0.E0,0.E0));
#2560=VECTOR('',#2559,5.E-1);
#2561=CARTESIAN_POINT('',(-3.25E0,-4.4E0,1.45E0));
#2562=LINE('',#2561,#2560);
#2563=DIRECTION('',(1.E0,0.E0,0.E0));
#2564=VECTOR('',#2563,5.E-1);
#2565=CARTESIAN_POINT('',(-3.25E0,-3.7E0,7.5E-1));
#2566=LINE('',#2565,#2564);
#2567=DIRECTION('',(-1.E0,0.E0,0.E0));
#2568=VECTOR('',#2567,5.E-1);
#2569=CARTESIAN_POINT('',(-2.75E0,2.3E0,7.5E-1));
#2570=LINE('',#2569,#2568);
#2571=DIRECTION('',(2.357022603955E-1,-9.428090415821E-1,-2.357022603955E-1));
#2572=VECTOR('',#2571,6.363961030679E-1);
#2573=CARTESIAN_POINT('',(-2.9E0,2.9E0,9.E-1));
#2574=LINE('',#2573,#2572);
#2575=DIRECTION('',(-2.357022603955E-1,-9.428090415821E-1,-2.357022603955E-1));
#2576=VECTOR('',#2575,6.363961030679E-1);
#2577=CARTESIAN_POINT('',(-3.1E0,2.9E0,9.E-1));
#2578=LINE('',#2577,#2576);
#2579=DIRECTION('',(-2.357022603955E-1,2.357022603955E-1,-9.428090415821E-1));
#2580=VECTOR('',#2579,6.363961030679E-1);
#2581=CARTESIAN_POINT('',(-3.1E0,-4.05E0,2.65E0));
#2582=LINE('',#2581,#2580);
#2583=DIRECTION('',(-1.E0,0.E0,0.E0));
#2584=VECTOR('',#2583,2.E-1);
#2585=CARTESIAN_POINT('',(-2.9E0,-4.05E0,-2.65E0));
#2586=LINE('',#2585,#2584);
#2587=DIRECTION('',(0.E0,-1.E0,0.E0));
#2588=VECTOR('',#2587,2.E-1);
#2589=CARTESIAN_POINT('',(-3.1E0,-4.05E0,-2.65E0));
#2590=LINE('',#2589,#2588);
#2591=DIRECTION('',(-1.E0,0.E0,0.E0));
#2592=VECTOR('',#2591,2.E-1);
#2593=CARTESIAN_POINT('',(-2.9E0,-4.25E0,-2.65E0));
#2594=LINE('',#2593,#2592);
#2595=DIRECTION('',(0.E0,1.E0,0.E0));
#2596=VECTOR('',#2595,2.E-1);
#2597=CARTESIAN_POINT('',(-2.9E0,-4.25E0,-2.65E0));
#2598=LINE('',#2597,#2596);
#2599=DIRECTION('',(0.E0,0.E0,-1.E0));
#2600=VECTOR('',#2599,5.E-1);
#2601=CARTESIAN_POINT('',(-1.25E0,2.3E0,-7.5E-1));
#2602=LINE('',#2601,#2600);
#2603=DIRECTION('',(0.E0,-1.E0,0.E0));
#2604=VECTOR('',#2603,3.E0);
#2605=CARTESIAN_POINT('',(-1.25E0,2.3E0,-7.5E-1));
#2606=LINE('',#2605,#2604);
#2607=DIRECTION('',(0.E0,1.E0,0.E0));
#2608=VECTOR('',#2607,3.E0);
#2609=CARTESIAN_POINT('',(-1.25E0,-7.E-1,-1.25E0));
#2610=LINE('',#2609,#2608);
#2611=DIRECTION('',(0.E0,0.E0,-1.E0));
#2612=VECTOR('',#2611,5.E-1);
#2613=CARTESIAN_POINT('',(-1.25E0,2.3E0,1.25E0));
#2614=LINE('',#2613,#2612);
#2615=DIRECTION('',(0.E0,-1.E0,0.E0));
#2616=VECTOR('',#2615,3.E0);
#2617=CARTESIAN_POINT('',(-1.25E0,2.3E0,1.25E0));
#2618=LINE('',#2617,#2616);
#2619=DIRECTION('',(0.E0,1.E0,0.E0));
#2620=VECTOR('',#2619,3.E0);
#2621=CARTESIAN_POINT('',(-1.25E0,-7.E-1,7.5E-1));
#2622=LINE('',#2621,#2620);
#2623=DIRECTION('',(0.E0,1.E0,0.E0));
#2624=VECTOR('',#2623,5.E-1);
#2625=CARTESIAN_POINT('',(-1.25E0,-4.4E0,2.05E0));
#2626=LINE('',#2625,#2624);
#2627=DIRECTION('',(0.E0,0.E0,-1.E0));
#2628=VECTOR('',#2627,6.E-1);
#2629=CARTESIAN_POINT('',(-1.25E0,-4.4E0,2.05E0));
#2630=LINE('',#2629,#2628);
#2631=CARTESIAN_POINT('',(-1.25E0,-3.7E0,1.45E0));
#2632=DIRECTION('',(1.E0,0.E0,0.E0));
#2633=DIRECTION('',(0.E0,-1.E0,5.804880385897E-14));
#2634=AXIS2_PLACEMENT_3D('',#2631,#2632,#2633);
#2636=DIRECTION('',(0.E0,1.E0,0.E0));
#2637=VECTOR('',#2636,5.E-1);
#2638=CARTESIAN_POINT('',(-1.25E0,-3.7E0,7.5E-1));
#2639=LINE('',#2638,#2637);
#2640=DIRECTION('',(0.E0,-1.E0,0.E0));
#2641=VECTOR('',#2640,5.E-1);
#2642=CARTESIAN_POINT('',(-1.25E0,-3.2E0,1.25E0));
#2643=LINE('',#2642,#2641);
#2644=CARTESIAN_POINT('',(-1.25E0,-3.7E0,1.45E0));
#2645=DIRECTION('',(-1.E0,0.E0,0.E0));
#2646=DIRECTION('',(0.E0,-2.220446049250E-14,-1.E0));
#2647=AXIS2_PLACEMENT_3D('',#2644,#2645,#2646);
#2649=DIRECTION('',(0.E0,0.E0,1.E0));
#2650=VECTOR('',#2649,6.E-1);
#2651=CARTESIAN_POINT('',(-1.25E0,-3.9E0,1.45E0));
#2652=LINE('',#2651,#2650);
#2653=DIRECTION('',(0.E0,-1.E0,0.E0));
#2654=VECTOR('',#2653,5.E-1);
#2655=CARTESIAN_POINT('',(-1.25E0,-3.9E0,-2.05E0));
#2656=LINE('',#2655,#2654);
#2657=DIRECTION('',(0.E0,0.E0,1.E0));
#2658=VECTOR('',#2657,6.E-1);
#2659=CARTESIAN_POINT('',(-1.25E0,-3.9E0,-2.05E0));
#2660=LINE('',#2659,#2658);
#2661=CARTESIAN_POINT('',(-1.25E0,-3.7E0,-1.45E0));
#2662=DIRECTION('',(-1.E0,0.E0,0.E0));
#2663=DIRECTION('',(0.E0,-1.E0,0.E0));
#2664=AXIS2_PLACEMENT_3D('',#2661,#2662,#2663);
#2666=DIRECTION('',(0.E0,1.E0,0.E0));
#2667=VECTOR('',#2666,5.E-1);
#2668=CARTESIAN_POINT('',(-1.25E0,-3.7E0,-1.25E0));
#2669=LINE('',#2668,#2667);
#2670=DIRECTION('',(0.E0,-1.E0,0.E0));
#2671=VECTOR('',#2670,5.E-1);
#2672=CARTESIAN_POINT('',(-1.25E0,-3.2E0,-7.5E-1));
#2673=LINE('',#2672,#2671);
#2674=CARTESIAN_POINT('',(-1.25E0,-3.7E0,-1.45E0));
#2675=DIRECTION('',(1.E0,0.E0,0.E0));
#2676=DIRECTION('',(0.E0,0.E0,1.E0));
#2677=AXIS2_PLACEMENT_3D('',#2674,#2675,#2676);
#2679=DIRECTION('',(0.E0,0.E0,-1.E0));
#2680=VECTOR('',#2679,6.E-1);
#2681=CARTESIAN_POINT('',(-1.25E0,-4.4E0,-1.45E0));
#2682=LINE('',#2681,#2680);
#2683=DIRECTION('',(-2.357022603955E-1,-9.428090415821E-1,-2.357022603955E-1));
#2684=VECTOR('',#2683,6.363961030679E-1);
#2685=CARTESIAN_POINT('',(-1.1E0,2.9E0,-1.1E0));
#2686=LINE('',#2685,#2684);
#2687=DIRECTION('',(2.357022603955E-1,-9.428090415821E-1,-2.357022603955E-1));
#2688=VECTOR('',#2687,6.363961030679E-1);
#2689=CARTESIAN_POINT('',(-9.E-1,2.9E0,-1.1E0));
#2690=LINE('',#2689,#2688);
#2691=DIRECTION('',(1.E0,0.E0,0.E0));
#2692=VECTOR('',#2691,5.E-1);
#2693=CARTESIAN_POINT('',(-1.25E0,-3.7E0,-1.25E0));
#2694=LINE('',#2693,#2692);
#2695=DIRECTION('',(-1.E0,0.E0,0.E0));
#2696=VECTOR('',#2695,5.E-1);
#2697=CARTESIAN_POINT('',(-7.5E-1,2.3E0,-1.25E0));
#2698=LINE('',#2697,#2696);
#2699=DIRECTION('',(1.E0,0.E0,0.E0));
#2700=VECTOR('',#2699,5.E-1);
#2701=CARTESIAN_POINT('',(-1.25E0,-3.9E0,-1.45E0));
#2702=LINE('',#2701,#2700);
#2703=DIRECTION('',(-1.E0,0.E0,0.E0));
#2704=VECTOR('',#2703,5.E-1);
#2705=CARTESIAN_POINT('',(-7.5E-1,-3.9E0,-2.05E0));
#2706=LINE('',#2705,#2704);
#2707=DIRECTION('',(-2.357022603955E-1,2.357022603955E-1,9.428090415821E-1));
#2708=VECTOR('',#2707,6.363961030679E-1);
#2709=CARTESIAN_POINT('',(-1.1E0,-4.05E0,-2.65E0));
#2710=LINE('',#2709,#2708);
#2711=DIRECTION('',(-2.357022603955E-1,-2.357022603955E-1,-9.428090415821E-1));
#2712=VECTOR('',#2711,6.363961030679E-1);
#2713=CARTESIAN_POINT('',(-7.5E-1,-3.9E0,-2.05E0));
#2714=LINE('',#2713,#2712);
#2715=DIRECTION('',(-2.357022603955E-1,-2.357022603955E-1,9.428090415821E-1));
#2716=VECTOR('',#2715,6.363961030679E-1);
#2717=CARTESIAN_POINT('',(-1.1E0,-4.25E0,-2.65E0));
#2718=LINE('',#2717,#2716);
#2719=DIRECTION('',(2.357022603955E-1,-2.357022603955E-1,9.428090415821E-1));
#2720=VECTOR('',#2719,6.363961030679E-1);
#2721=CARTESIAN_POINT('',(-9.E-1,-4.25E0,-2.65E0));
#2722=LINE('',#2721,#2720);
#2723=DIRECTION('',(-1.E0,0.E0,0.E0));
#2724=VECTOR('',#2723,5.E-1);
#2725=CARTESIAN_POINT('',(-7.5E-1,-4.4E0,-2.05E0));
#2726=LINE('',#2725,#2724);
#2727=DIRECTION('',(1.E0,0.E0,0.E0));
#2728=VECTOR('',#2727,5.E-1);
#2729=CARTESIAN_POINT('',(-1.25E0,-4.4E0,-1.45E0));
#2730=LINE('',#2729,#2728);
#2731=DIRECTION('',(1.E0,0.E0,0.E0));
#2732=VECTOR('',#2731,5.E-1);
#2733=CARTESIAN_POINT('',(-1.25E0,-3.7E0,-7.5E-1));
#2734=LINE('',#2733,#2732);
#2735=DIRECTION('',(-1.E0,0.E0,0.E0));
#2736=VECTOR('',#2735,5.E-1);
#2737=CARTESIAN_POINT('',(-7.5E-1,2.3E0,-7.5E-1));
#2738=LINE('',#2737,#2736);
#2739=DIRECTION('',(0.E0,0.E0,1.E0));
#2740=VECTOR('',#2739,5.E-1);
#2741=CARTESIAN_POINT('',(-7.5E-1,2.3E0,-1.25E0));
#2742=LINE('',#2741,#2740);
#2743=DIRECTION('',(0.E0,1.E0,0.E0));
#2744=VECTOR('',#2743,3.E0);
#2745=CARTESIAN_POINT('',(-7.5E-1,-7.E-1,-1.25E0));
#2746=LINE('',#2745,#2744);
#2747=DIRECTION('',(0.E0,-1.E0,0.E0));
#2748=VECTOR('',#2747,3.E0);
#2749=CARTESIAN_POINT('',(-7.5E-1,2.3E0,-7.5E-1));
#2750=LINE('',#2749,#2748);
#2751=DIRECTION('',(0.E0,0.E0,1.E0));
#2752=VECTOR('',#2751,5.E-1);
#2753=CARTESIAN_POINT('',(-7.5E-1,2.3E0,7.5E-1));
#2754=LINE('',#2753,#2752);
#2755=DIRECTION('',(0.E0,1.E0,0.E0));
#2756=VECTOR('',#2755,3.E0);
#2757=CARTESIAN_POINT('',(-7.5E-1,-7.E-1,7.5E-1));
#2758=LINE('',#2757,#2756);
#2759=DIRECTION('',(0.E0,-1.E0,0.E0));
#2760=VECTOR('',#2759,3.E0);
#2761=CARTESIAN_POINT('',(-7.5E-1,2.3E0,1.25E0));
#2762=LINE('',#2761,#2760);
#2763=DIRECTION('',(0.E0,-1.E0,0.E0));
#2764=VECTOR('',#2763,5.E-1);
#2765=CARTESIAN_POINT('',(-7.5E-1,-3.9E0,2.05E0));
#2766=LINE('',#2765,#2764);
#2767=DIRECTION('',(0.E0,0.E0,1.E0));
#2768=VECTOR('',#2767,6.E-1);
#2769=CARTESIAN_POINT('',(-7.5E-1,-3.9E0,1.45E0));
#2770=LINE('',#2769,#2768);
#2771=CARTESIAN_POINT('',(-7.5E-1,-3.7E0,1.45E0));
#2772=DIRECTION('',(-1.E0,0.E0,0.E0));
#2773=DIRECTION('',(0.E0,-2.220446049250E-14,-1.E0));
#2774=AXIS2_PLACEMENT_3D('',#2771,#2772,#2773);
#2776=DIRECTION('',(0.E0,-1.E0,0.E0));
#2777=VECTOR('',#2776,5.E-1);
#2778=CARTESIAN_POINT('',(-7.5E-1,-3.2E0,1.25E0));
#2779=LINE('',#2778,#2777);
#2780=DIRECTION('',(0.E0,1.E0,0.E0));
#2781=VECTOR('',#2780,5.E-1);
#2782=CARTESIAN_POINT('',(-7.5E-1,-3.7E0,7.5E-1));
#2783=LINE('',#2782,#2781);
#2784=CARTESIAN_POINT('',(-7.5E-1,-3.7E0,1.45E0));
#2785=DIRECTION('',(1.E0,0.E0,0.E0));
#2786=DIRECTION('',(0.E0,-1.E0,5.804880385897E-14));
#2787=AXIS2_PLACEMENT_3D('',#2784,#2785,#2786);
#2789=DIRECTION('',(0.E0,0.E0,-1.E0));
#2790=VECTOR('',#2789,6.E-1);
#2791=CARTESIAN_POINT('',(-7.5E-1,-4.4E0,2.05E0));
#2792=LINE('',#2791,#2790);
#2793=DIRECTION('',(0.E0,1.E0,0.E0));
#2794=VECTOR('',#2793,5.E-1);
#2795=CARTESIAN_POINT('',(-7.5E-1,-4.4E0,-2.05E0));
#2796=LINE('',#2795,#2794);
#2797=DIRECTION('',(0.E0,0.E0,-1.E0));
#2798=VECTOR('',#2797,6.E-1);
#2799=CARTESIAN_POINT('',(-7.5E-1,-4.4E0,-1.45E0));
#2800=LINE('',#2799,#2798);
#2801=CARTESIAN_POINT('',(-7.5E-1,-3.7E0,-1.45E0));
#2802=DIRECTION('',(1.E0,0.E0,0.E0));
#2803=DIRECTION('',(0.E0,0.E0,1.E0));
#2804=AXIS2_PLACEMENT_3D('',#2801,#2802,#2803);
#2806=DIRECTION('',(0.E0,-1.E0,0.E0));
#2807=VECTOR('',#2806,5.E-1);
#2808=CARTESIAN_POINT('',(-7.5E-1,-3.2E0,-7.5E-1));
#2809=LINE('',#2808,#2807);
#2810=DIRECTION('',(0.E0,1.E0,0.E0));
#2811=VECTOR('',#2810,5.E-1);
#2812=CARTESIAN_POINT('',(-7.5E-1,-3.7E0,-1.25E0));
#2813=LINE('',#2812,#2811);
#2814=CARTESIAN_POINT('',(-7.5E-1,-3.7E0,-1.45E0));
#2815=DIRECTION('',(-1.E0,0.E0,0.E0));
#2816=DIRECTION('',(0.E0,-1.E0,0.E0));
#2817=AXIS2_PLACEMENT_3D('',#2814,#2815,#2816);
#2819=DIRECTION('',(0.E0,0.E0,1.E0));
#2820=VECTOR('',#2819,6.E-1);
#2821=CARTESIAN_POINT('',(-7.5E-1,-3.9E0,-2.05E0));
#2822=LINE('',#2821,#2820);
#2823=DIRECTION('',(-1.E0,0.E0,0.E0));
#2824=VECTOR('',#2823,2.E-1);
#2825=CARTESIAN_POINT('',(-9.E-1,2.9E0,-9.E-1));
#2826=LINE('',#2825,#2824);
#2827=DIRECTION('',(0.E0,0.E0,-1.E0));
#2828=VECTOR('',#2827,2.E-1);
#2829=CARTESIAN_POINT('',(-1.1E0,2.9E0,-9.E-1));
#2830=LINE('',#2829,#2828);
#2831=DIRECTION('',(-1.E0,0.E0,0.E0));
#2832=VECTOR('',#2831,2.E-1);
#2833=CARTESIAN_POINT('',(-9.E-1,2.9E0,-1.1E0));
#2834=LINE('',#2833,#2832);
#2835=DIRECTION('',(0.E0,0.E0,1.E0));
#2836=VECTOR('',#2835,2.E-1);
#2837=CARTESIAN_POINT('',(-9.E-1,2.9E0,-1.1E0));
#2838=LINE('',#2837,#2836);
#2839=DIRECTION('',(-2.357022603955E-1,-9.428090415821E-1,2.357022603955E-1));
#2840=VECTOR('',#2839,6.363961030679E-1);
#2841=CARTESIAN_POINT('',(-1.1E0,2.9E0,-9.E-1));
#2842=LINE('',#2841,#2840);
#2843=DIRECTION('',(-2.357022603955E-1,9.428090415821E-1,-2.357022603955E-1));
#2844=VECTOR('',#2843,6.363961030679E-1);
#2845=CARTESIAN_POINT('',(-7.5E-1,2.3E0,-7.5E-1));
#2846=LINE('',#2845,#2844);
#2847=DIRECTION('',(2.357022603955E-1,-9.428090415821E-1,2.357022603955E-1));
#2848=VECTOR('',#2847,6.363961030679E-1);
#2849=CARTESIAN_POINT('',(-9.E-1,2.9E0,1.1E0));
#2850=LINE('',#2849,#2848);
#2851=DIRECTION('',(-1.E0,0.E0,0.E0));
#2852=VECTOR('',#2851,2.E-1);
#2853=CARTESIAN_POINT('',(-9.E-1,2.9E0,1.1E0));
#2854=LINE('',#2853,#2852);
#2855=DIRECTION('',(0.E0,0.E0,-1.E0));
#2856=VECTOR('',#2855,2.E-1);
#2857=CARTESIAN_POINT('',(-1.1E0,2.9E0,1.1E0));
#2858=LINE('',#2857,#2856);
#2859=DIRECTION('',(-1.E0,0.E0,0.E0));
#2860=VECTOR('',#2859,2.E-1);
#2861=CARTESIAN_POINT('',(-9.E-1,2.9E0,9.E-1));
#2862=LINE('',#2861,#2860);
#2863=DIRECTION('',(0.E0,0.E0,1.E0));
#2864=VECTOR('',#2863,2.E-1);
#2865=CARTESIAN_POINT('',(-9.E-1,2.9E0,9.E-1));
#2866=LINE('',#2865,#2864);
#2867=DIRECTION('',(-2.357022603955E-1,-9.428090415821E-1,2.357022603955E-1));
#2868=VECTOR('',#2867,6.363961030679E-1);
#2869=CARTESIAN_POINT('',(-1.1E0,2.9E0,1.1E0));
#2870=LINE('',#2869,#2868);
#2871=DIRECTION('',(-1.E0,0.E0,0.E0));
#2872=VECTOR('',#2871,5.E-1);
#2873=CARTESIAN_POINT('',(-7.5E-1,2.3E0,1.25E0));
#2874=LINE('',#2873,#2872);
#2875=DIRECTION('',(1.E0,0.E0,0.E0));
#2876=VECTOR('',#2875,5.E-1);
#2877=CARTESIAN_POINT('',(-1.25E0,-3.7E0,1.25E0));
#2878=LINE('',#2877,#2876);
#2879=DIRECTION('',(-1.E0,0.E0,0.E0));
#2880=VECTOR('',#2879,5.E-1);
#2881=CARTESIAN_POINT('',(-7.5E-1,-3.9E0,2.05E0));
#2882=LINE('',#2881,#2880);
#2883=DIRECTION('',(1.E0,0.E0,0.E0));
#2884=VECTOR('',#2883,5.E-1);
#2885=CARTESIAN_POINT('',(-1.25E0,-3.9E0,1.45E0));
#2886=LINE('',#2885,#2884);
#2887=DIRECTION('',(2.357022603955E-1,2.357022603955E-1,-9.428090415821E-1));
#2888=VECTOR('',#2887,6.363961030679E-1);
#2889=CARTESIAN_POINT('',(-9.E-1,-4.05E0,2.65E0));
#2890=LINE('',#2889,#2888);
#2891=DIRECTION('',(-1.E0,0.E0,0.E0));
#2892=VECTOR('',#2891,2.E-1);
#2893=CARTESIAN_POINT('',(-9.E-1,-4.25E0,2.65E0));
#2894=LINE('',#2893,#2892);
#2895=DIRECTION('',(0.E0,1.E0,0.E0));
#2896=VECTOR('',#2895,2.E-1);
#2897=CARTESIAN_POINT('',(-1.1E0,-4.25E0,2.65E0));
#2898=LINE('',#2897,#2896);
#2899=DIRECTION('',(-1.E0,0.E0,0.E0));
#2900=VECTOR('',#2899,2.E-1);
#2901=CARTESIAN_POINT('',(-9.E-1,-4.05E0,2.65E0));
#2902=LINE('',#2901,#2900);
#2903=DIRECTION('',(0.E0,-1.E0,0.E0));
#2904=VECTOR('',#2903,2.E-1);
#2905=CARTESIAN_POINT('',(-9.E-1,-4.05E0,2.65E0));
#2906=LINE('',#2905,#2904);
#2907=DIRECTION('',(-2.357022603955E-1,-2.357022603955E-1,-9.428090415821E-1));
#2908=VECTOR('',#2907,6.363961030679E-1);
#2909=CARTESIAN_POINT('',(-1.1E0,-4.25E0,2.65E0));
#2910=LINE('',#2909,#2908);
#2911=DIRECTION('',(-2.357022603955E-1,2.357022603955E-1,9.428090415821E-1));
#2912=VECTOR('',#2911,6.363961030679E-1);
#2913=CARTESIAN_POINT('',(-7.5E-1,-4.4E0,2.05E0));
#2914=LINE('',#2913,#2912);
#2915=DIRECTION('',(-1.E0,0.E0,0.E0));
#2916=VECTOR('',#2915,5.E-1);
#2917=CARTESIAN_POINT('',(-7.5E-1,-4.4E0,2.05E0));
#2918=LINE('',#2917,#2916);
#2919=DIRECTION('',(1.E0,0.E0,0.E0));
#2920=VECTOR('',#2919,5.E-1);
#2921=CARTESIAN_POINT('',(-1.25E0,-4.4E0,1.45E0));
#2922=LINE('',#2921,#2920);
#2923=DIRECTION('',(1.E0,0.E0,0.E0));
#2924=VECTOR('',#2923,5.E-1);
#2925=CARTESIAN_POINT('',(-1.25E0,-3.7E0,7.5E-1));
#2926=LINE('',#2925,#2924);
#2927=DIRECTION('',(-1.E0,0.E0,0.E0));
#2928=VECTOR('',#2927,5.E-1);
#2929=CARTESIAN_POINT('',(-7.5E-1,2.3E0,7.5E-1));
#2930=LINE('',#2929,#2928);
#2931=DIRECTION('',(2.357022603955E-1,-9.428090415821E-1,-2.357022603955E-1));
#2932=VECTOR('',#2931,6.363961030679E-1);
#2933=CARTESIAN_POINT('',(-9.E-1,2.9E0,9.E-1));
#2934=LINE('',#2933,#2932);
#2935=DIRECTION('',(-2.357022603955E-1,-9.428090415821E-1,-2.357022603955E-1));
#2936=VECTOR('',#2935,6.363961030679E-1);
#2937=CARTESIAN_POINT('',(-1.1E0,2.9E0,9.E-1));
#2938=LINE('',#2937,#2936);
#2939=DIRECTION('',(-2.357022603955E-1,2.357022603955E-1,-9.428090415821E-1));
#2940=VECTOR('',#2939,6.363961030679E-1);
#2941=CARTESIAN_POINT('',(-1.1E0,-4.05E0,2.65E0));
#2942=LINE('',#2941,#2940);
#2943=DIRECTION('',(-1.E0,0.E0,0.E0));
#2944=VECTOR('',#2943,2.E-1);
#2945=CARTESIAN_POINT('',(-9.E-1,-4.05E0,-2.65E0));
#2946=LINE('',#2945,#2944);
#2947=DIRECTION('',(0.E0,-1.E0,0.E0));
#2948=VECTOR('',#2947,2.E-1);
#2949=CARTESIAN_POINT('',(-1.1E0,-4.05E0,-2.65E0));
#2950=LINE('',#2949,#2948);
#2951=DIRECTION('',(-1.E0,0.E0,0.E0));
#2952=VECTOR('',#2951,2.E-1);
#2953=CARTESIAN_POINT('',(-9.E-1,-4.25E0,-2.65E0));
#2954=LINE('',#2953,#2952);
#2955=DIRECTION('',(0.E0,1.E0,0.E0));
#2956=VECTOR('',#2955,2.E-1);
#2957=CARTESIAN_POINT('',(-9.E-1,-4.25E0,-2.65E0));
#2958=LINE('',#2957,#2956);
#2959=DIRECTION('',(0.E0,0.E0,-1.E0));
#2960=VECTOR('',#2959,5.E-1);
#2961=CARTESIAN_POINT('',(7.5E-1,2.3E0,-7.5E-1));
#2962=LINE('',#2961,#2960);
#2963=DIRECTION('',(0.E0,-1.E0,0.E0));
#2964=VECTOR('',#2963,3.E0);
#2965=CARTESIAN_POINT('',(7.5E-1,2.3E0,-7.5E-1));
#2966=LINE('',#2965,#2964);
#2967=DIRECTION('',(0.E0,1.E0,0.E0));
#2968=VECTOR('',#2967,3.E0);
#2969=CARTESIAN_POINT('',(7.5E-1,-7.E-1,-1.25E0));
#2970=LINE('',#2969,#2968);
#2971=DIRECTION('',(0.E0,0.E0,-1.E0));
#2972=VECTOR('',#2971,5.E-1);
#2973=CARTESIAN_POINT('',(7.5E-1,2.3E0,1.25E0));
#2974=LINE('',#2973,#2972);
#2975=DIRECTION('',(0.E0,-1.E0,0.E0));
#2976=VECTOR('',#2975,3.E0);
#2977=CARTESIAN_POINT('',(7.5E-1,2.3E0,1.25E0));
#2978=LINE('',#2977,#2976);
#2979=DIRECTION('',(0.E0,1.E0,0.E0));
#2980=VECTOR('',#2979,3.E0);
#2981=CARTESIAN_POINT('',(7.5E-1,-7.E-1,7.5E-1));
#2982=LINE('',#2981,#2980);
#2983=DIRECTION('',(0.E0,1.E0,0.E0));
#2984=VECTOR('',#2983,5.E-1);
#2985=CARTESIAN_POINT('',(7.5E-1,-4.4E0,2.05E0));
#2986=LINE('',#2985,#2984);
#2987=DIRECTION('',(0.E0,0.E0,-1.E0));
#2988=VECTOR('',#2987,6.E-1);
#2989=CARTESIAN_POINT('',(7.5E-1,-4.4E0,2.05E0));
#2990=LINE('',#2989,#2988);
#2991=CARTESIAN_POINT('',(7.5E-1,-3.7E0,1.45E0));
#2992=DIRECTION('',(1.E0,0.E0,0.E0));
#2993=DIRECTION('',(0.E0,-1.E0,5.804880385897E-14));
#2994=AXIS2_PLACEMENT_3D('',#2991,#2992,#2993);
#2996=DIRECTION('',(0.E0,1.E0,0.E0));
#2997=VECTOR('',#2996,5.E-1);
#2998=CARTESIAN_POINT('',(7.5E-1,-3.7E0,7.5E-1));
#2999=LINE('',#2998,#2997);
#3000=DIRECTION('',(0.E0,-1.E0,0.E0));
#3001=VECTOR('',#3000,5.E-1);
#3002=CARTESIAN_POINT('',(7.5E-1,-3.2E0,1.25E0));
#3003=LINE('',#3002,#3001);
#3004=CARTESIAN_POINT('',(7.5E-1,-3.7E0,1.45E0));
#3005=DIRECTION('',(-1.E0,0.E0,0.E0));
#3006=DIRECTION('',(0.E0,-2.220446049250E-14,-1.E0));
#3007=AXIS2_PLACEMENT_3D('',#3004,#3005,#3006);
#3009=DIRECTION('',(0.E0,0.E0,1.E0));
#3010=VECTOR('',#3009,6.E-1);
#3011=CARTESIAN_POINT('',(7.5E-1,-3.9E0,1.45E0));
#3012=LINE('',#3011,#3010);
#3013=DIRECTION('',(0.E0,-1.E0,0.E0));
#3014=VECTOR('',#3013,5.E-1);
#3015=CARTESIAN_POINT('',(7.5E-1,-3.9E0,-2.05E0));
#3016=LINE('',#3015,#3014);
#3017=DIRECTION('',(0.E0,0.E0,1.E0));
#3018=VECTOR('',#3017,6.E-1);
#3019=CARTESIAN_POINT('',(7.5E-1,-3.9E0,-2.05E0));
#3020=LINE('',#3019,#3018);
#3021=CARTESIAN_POINT('',(7.5E-1,-3.7E0,-1.45E0));
#3022=DIRECTION('',(-1.E0,0.E0,0.E0));
#3023=DIRECTION('',(0.E0,-1.E0,0.E0));
#3024=AXIS2_PLACEMENT_3D('',#3021,#3022,#3023);
#3026=DIRECTION('',(0.E0,1.E0,0.E0));
#3027=VECTOR('',#3026,5.E-1);
#3028=CARTESIAN_POINT('',(7.5E-1,-3.7E0,-1.25E0));
#3029=LINE('',#3028,#3027);
#3030=DIRECTION('',(0.E0,-1.E0,0.E0));
#3031=VECTOR('',#3030,5.E-1);
#3032=CARTESIAN_POINT('',(7.5E-1,-3.2E0,-7.5E-1));
#3033=LINE('',#3032,#3031);
#3034=CARTESIAN_POINT('',(7.5E-1,-3.7E0,-1.45E0));
#3035=DIRECTION('',(1.E0,0.E0,0.E0));
#3036=DIRECTION('',(0.E0,0.E0,1.E0));
#3037=AXIS2_PLACEMENT_3D('',#3034,#3035,#3036);
#3039=DIRECTION('',(0.E0,0.E0,-1.E0));
#3040=VECTOR('',#3039,6.E-1);
#3041=CARTESIAN_POINT('',(7.5E-1,-4.4E0,-1.45E0));
#3042=LINE('',#3041,#3040);
#3043=DIRECTION('',(-2.357022603955E-1,-9.428090415821E-1,-2.357022603955E-1));
#3044=VECTOR('',#3043,6.363961030679E-1);
#3045=CARTESIAN_POINT('',(9.E-1,2.9E0,-1.1E0));
#3046=LINE('',#3045,#3044);
#3047=DIRECTION('',(2.357022603955E-1,-9.428090415821E-1,-2.357022603955E-1));
#3048=VECTOR('',#3047,6.363961030679E-1);
#3049=CARTESIAN_POINT('',(1.1E0,2.9E0,-1.1E0));
#3050=LINE('',#3049,#3048);
#3051=DIRECTION('',(1.E0,0.E0,0.E0));
#3052=VECTOR('',#3051,5.E-1);
#3053=CARTESIAN_POINT('',(7.5E-1,-3.7E0,-1.25E0));
#3054=LINE('',#3053,#3052);
#3055=DIRECTION('',(-1.E0,0.E0,0.E0));
#3056=VECTOR('',#3055,5.E-1);
#3057=CARTESIAN_POINT('',(1.25E0,2.3E0,-1.25E0));
#3058=LINE('',#3057,#3056);
#3059=DIRECTION('',(1.E0,0.E0,0.E0));
#3060=VECTOR('',#3059,5.E-1);
#3061=CARTESIAN_POINT('',(7.5E-1,-3.9E0,-1.45E0));
#3062=LINE('',#3061,#3060);
#3063=DIRECTION('',(-1.E0,0.E0,0.E0));
#3064=VECTOR('',#3063,5.E-1);
#3065=CARTESIAN_POINT('',(1.25E0,-3.9E0,-2.05E0));
#3066=LINE('',#3065,#3064);
#3067=DIRECTION('',(-2.357022603955E-1,2.357022603955E-1,9.428090415821E-1));
#3068=VECTOR('',#3067,6.363961030679E-1);
#3069=CARTESIAN_POINT('',(9.E-1,-4.05E0,-2.65E0));
#3070=LINE('',#3069,#3068);
#3071=DIRECTION('',(-2.357022603955E-1,-2.357022603955E-1,-9.428090415821E-1));
#3072=VECTOR('',#3071,6.363961030679E-1);
#3073=CARTESIAN_POINT('',(1.25E0,-3.9E0,-2.05E0));
#3074=LINE('',#3073,#3072);
#3075=DIRECTION('',(-2.357022603955E-1,-2.357022603955E-1,9.428090415821E-1));
#3076=VECTOR('',#3075,6.363961030679E-1);
#3077=CARTESIAN_POINT('',(9.E-1,-4.25E0,-2.65E0));
#3078=LINE('',#3077,#3076);
#3079=DIRECTION('',(2.357022603955E-1,-2.357022603955E-1,9.428090415821E-1));
#3080=VECTOR('',#3079,6.363961030679E-1);
#3081=CARTESIAN_POINT('',(1.1E0,-4.25E0,-2.65E0));
#3082=LINE('',#3081,#3080);
#3083=DIRECTION('',(-1.E0,0.E0,0.E0));
#3084=VECTOR('',#3083,5.E-1);
#3085=CARTESIAN_POINT('',(1.25E0,-4.4E0,-2.05E0));
#3086=LINE('',#3085,#3084);
#3087=DIRECTION('',(1.E0,0.E0,0.E0));
#3088=VECTOR('',#3087,5.E-1);
#3089=CARTESIAN_POINT('',(7.5E-1,-4.4E0,-1.45E0));
#3090=LINE('',#3089,#3088);
#3091=DIRECTION('',(1.E0,0.E0,0.E0));
#3092=VECTOR('',#3091,5.E-1);
#3093=CARTESIAN_POINT('',(7.5E-1,-3.7E0,-7.5E-1));
#3094=LINE('',#3093,#3092);
#3095=DIRECTION('',(-1.E0,0.E0,0.E0));
#3096=VECTOR('',#3095,5.E-1);
#3097=CARTESIAN_POINT('',(1.25E0,2.3E0,-7.5E-1));
#3098=LINE('',#3097,#3096);
#3099=DIRECTION('',(0.E0,0.E0,1.E0));
#3100=VECTOR('',#3099,5.E-1);
#3101=CARTESIAN_POINT('',(1.25E0,2.3E0,-1.25E0));
#3102=LINE('',#3101,#3100);
#3103=DIRECTION('',(0.E0,1.E0,0.E0));
#3104=VECTOR('',#3103,3.E0);
#3105=CARTESIAN_POINT('',(1.25E0,-7.E-1,-1.25E0));
#3106=LINE('',#3105,#3104);
#3107=DIRECTION('',(0.E0,-1.E0,0.E0));
#3108=VECTOR('',#3107,3.E0);
#3109=CARTESIAN_POINT('',(1.25E0,2.3E0,-7.5E-1));
#3110=LINE('',#3109,#3108);
#3111=DIRECTION('',(0.E0,0.E0,1.E0));
#3112=VECTOR('',#3111,5.E-1);
#3113=CARTESIAN_POINT('',(1.25E0,2.3E0,7.5E-1));
#3114=LINE('',#3113,#3112);
#3115=DIRECTION('',(0.E0,1.E0,0.E0));
#3116=VECTOR('',#3115,3.E0);
#3117=CARTESIAN_POINT('',(1.25E0,-7.E-1,7.5E-1));
#3118=LINE('',#3117,#3116);
#3119=DIRECTION('',(0.E0,-1.E0,0.E0));
#3120=VECTOR('',#3119,3.E0);
#3121=CARTESIAN_POINT('',(1.25E0,2.3E0,1.25E0));
#3122=LINE('',#3121,#3120);
#3123=DIRECTION('',(0.E0,-1.E0,0.E0));
#3124=VECTOR('',#3123,5.E-1);
#3125=CARTESIAN_POINT('',(1.25E0,-3.9E0,2.05E0));
#3126=LINE('',#3125,#3124);
#3127=DIRECTION('',(0.E0,0.E0,1.E0));
#3128=VECTOR('',#3127,6.E-1);
#3129=CARTESIAN_POINT('',(1.25E0,-3.9E0,1.45E0));
#3130=LINE('',#3129,#3128);
#3131=CARTESIAN_POINT('',(1.25E0,-3.7E0,1.45E0));
#3132=DIRECTION('',(-1.E0,0.E0,0.E0));
#3133=DIRECTION('',(0.E0,-2.220446049250E-14,-1.E0));
#3134=AXIS2_PLACEMENT_3D('',#3131,#3132,#3133);
#3136=DIRECTION('',(0.E0,-1.E0,0.E0));
#3137=VECTOR('',#3136,5.E-1);
#3138=CARTESIAN_POINT('',(1.25E0,-3.2E0,1.25E0));
#3139=LINE('',#3138,#3137);
#3140=DIRECTION('',(0.E0,1.E0,0.E0));
#3141=VECTOR('',#3140,5.E-1);
#3142=CARTESIAN_POINT('',(1.25E0,-3.7E0,7.5E-1));
#3143=LINE('',#3142,#3141);
#3144=CARTESIAN_POINT('',(1.25E0,-3.7E0,1.45E0));
#3145=DIRECTION('',(1.E0,0.E0,0.E0));
#3146=DIRECTION('',(0.E0,-1.E0,5.804880385897E-14));
#3147=AXIS2_PLACEMENT_3D('',#3144,#3145,#3146);
#3149=DIRECTION('',(0.E0,0.E0,-1.E0));
#3150=VECTOR('',#3149,6.E-1);
#3151=CARTESIAN_POINT('',(1.25E0,-4.4E0,2.05E0));
#3152=LINE('',#3151,#3150);
#3153=DIRECTION('',(0.E0,1.E0,0.E0));
#3154=VECTOR('',#3153,5.E-1);
#3155=CARTESIAN_POINT('',(1.25E0,-4.4E0,-2.05E0));
#3156=LINE('',#3155,#3154);
#3157=DIRECTION('',(0.E0,0.E0,-1.E0));
#3158=VECTOR('',#3157,6.E-1);
#3159=CARTESIAN_POINT('',(1.25E0,-4.4E0,-1.45E0));
#3160=LINE('',#3159,#3158);
#3161=CARTESIAN_POINT('',(1.25E0,-3.7E0,-1.45E0));
#3162=DIRECTION('',(1.E0,0.E0,0.E0));
#3163=DIRECTION('',(0.E0,0.E0,1.E0));
#3164=AXIS2_PLACEMENT_3D('',#3161,#3162,#3163);
#3166=DIRECTION('',(0.E0,-1.E0,0.E0));
#3167=VECTOR('',#3166,5.E-1);
#3168=CARTESIAN_POINT('',(1.25E0,-3.2E0,-7.5E-1));
#3169=LINE('',#3168,#3167);
#3170=DIRECTION('',(0.E0,1.E0,0.E0));
#3171=VECTOR('',#3170,5.E-1);
#3172=CARTESIAN_POINT('',(1.25E0,-3.7E0,-1.25E0));
#3173=LINE('',#3172,#3171);
#3174=CARTESIAN_POINT('',(1.25E0,-3.7E0,-1.45E0));
#3175=DIRECTION('',(-1.E0,0.E0,0.E0));
#3176=DIRECTION('',(0.E0,-1.E0,0.E0));
#3177=AXIS2_PLACEMENT_3D('',#3174,#3175,#3176);
#3179=DIRECTION('',(0.E0,0.E0,1.E0));
#3180=VECTOR('',#3179,6.E-1);
#3181=CARTESIAN_POINT('',(1.25E0,-3.9E0,-2.05E0));
#3182=LINE('',#3181,#3180);
#3183=DIRECTION('',(-1.E0,0.E0,0.E0));
#3184=VECTOR('',#3183,2.E-1);
#3185=CARTESIAN_POINT('',(1.1E0,2.9E0,-9.E-1));
#3186=LINE('',#3185,#3184);
#3187=DIRECTION('',(0.E0,0.E0,-1.E0));
#3188=VECTOR('',#3187,2.E-1);
#3189=CARTESIAN_POINT('',(9.E-1,2.9E0,-9.E-1));
#3190=LINE('',#3189,#3188);
#3191=DIRECTION('',(-1.E0,0.E0,0.E0));
#3192=VECTOR('',#3191,2.E-1);
#3193=CARTESIAN_POINT('',(1.1E0,2.9E0,-1.1E0));
#3194=LINE('',#3193,#3192);
#3195=DIRECTION('',(0.E0,0.E0,1.E0));
#3196=VECTOR('',#3195,2.E-1);
#3197=CARTESIAN_POINT('',(1.1E0,2.9E0,-1.1E0));
#3198=LINE('',#3197,#3196);
#3199=DIRECTION('',(-2.357022603955E-1,-9.428090415821E-1,2.357022603955E-1));
#3200=VECTOR('',#3199,6.363961030679E-1);
#3201=CARTESIAN_POINT('',(9.E-1,2.9E0,-9.E-1));
#3202=LINE('',#3201,#3200);
#3203=DIRECTION('',(-2.357022603955E-1,9.428090415821E-1,-2.357022603955E-1));
#3204=VECTOR('',#3203,6.363961030679E-1);
#3205=CARTESIAN_POINT('',(1.25E0,2.3E0,-7.5E-1));
#3206=LINE('',#3205,#3204);
#3207=DIRECTION('',(2.357022603955E-1,-9.428090415821E-1,2.357022603955E-1));
#3208=VECTOR('',#3207,6.363961030679E-1);
#3209=CARTESIAN_POINT('',(1.1E0,2.9E0,1.1E0));
#3210=LINE('',#3209,#3208);
#3211=DIRECTION('',(-1.E0,0.E0,0.E0));
#3212=VECTOR('',#3211,2.E-1);
#3213=CARTESIAN_POINT('',(1.1E0,2.9E0,1.1E0));
#3214=LINE('',#3213,#3212);
#3215=DIRECTION('',(0.E0,0.E0,-1.E0));
#3216=VECTOR('',#3215,2.E-1);
#3217=CARTESIAN_POINT('',(9.E-1,2.9E0,1.1E0));
#3218=LINE('',#3217,#3216);
#3219=DIRECTION('',(-1.E0,0.E0,0.E0));
#3220=VECTOR('',#3219,2.E-1);
#3221=CARTESIAN_POINT('',(1.1E0,2.9E0,9.E-1));
#3222=LINE('',#3221,#3220);
#3223=DIRECTION('',(0.E0,0.E0,1.E0));
#3224=VECTOR('',#3223,2.E-1);
#3225=CARTESIAN_POINT('',(1.1E0,2.9E0,9.E-1));
#3226=LINE('',#3225,#3224);
#3227=DIRECTION('',(-2.357022603955E-1,-9.428090415821E-1,2.357022603955E-1));
#3228=VECTOR('',#3227,6.363961030679E-1);
#3229=CARTESIAN_POINT('',(9.E-1,2.9E0,1.1E0));
#3230=LINE('',#3229,#3228);
#3231=DIRECTION('',(-1.E0,0.E0,0.E0));
#3232=VECTOR('',#3231,5.E-1);
#3233=CARTESIAN_POINT('',(1.25E0,2.3E0,1.25E0));
#3234=LINE('',#3233,#3232);
#3235=DIRECTION('',(1.E0,0.E0,0.E0));
#3236=VECTOR('',#3235,5.E-1);
#3237=CARTESIAN_POINT('',(7.5E-1,-3.7E0,1.25E0));
#3238=LINE('',#3237,#3236);
#3239=DIRECTION('',(-1.E0,0.E0,0.E0));
#3240=VECTOR('',#3239,5.E-1);
#3241=CARTESIAN_POINT('',(1.25E0,-3.9E0,2.05E0));
#3242=LINE('',#3241,#3240);
#3243=DIRECTION('',(1.E0,0.E0,0.E0));
#3244=VECTOR('',#3243,5.E-1);
#3245=CARTESIAN_POINT('',(7.5E-1,-3.9E0,1.45E0));
#3246=LINE('',#3245,#3244);
#3247=DIRECTION('',(2.357022603955E-1,2.357022603955E-1,-9.428090415821E-1));
#3248=VECTOR('',#3247,6.363961030679E-1);
#3249=CARTESIAN_POINT('',(1.1E0,-4.05E0,2.65E0));
#3250=LINE('',#3249,#3248);
#3251=DIRECTION('',(-1.E0,0.E0,0.E0));
#3252=VECTOR('',#3251,2.E-1);
#3253=CARTESIAN_POINT('',(1.1E0,-4.25E0,2.65E0));
#3254=LINE('',#3253,#3252);
#3255=DIRECTION('',(0.E0,1.E0,0.E0));
#3256=VECTOR('',#3255,2.E-1);
#3257=CARTESIAN_POINT('',(9.E-1,-4.25E0,2.65E0));
#3258=LINE('',#3257,#3256);
#3259=DIRECTION('',(-1.E0,0.E0,0.E0));
#3260=VECTOR('',#3259,2.E-1);
#3261=CARTESIAN_POINT('',(1.1E0,-4.05E0,2.65E0));
#3262=LINE('',#3261,#3260);
#3263=DIRECTION('',(0.E0,-1.E0,0.E0));
#3264=VECTOR('',#3263,2.E-1);
#3265=CARTESIAN_POINT('',(1.1E0,-4.05E0,2.65E0));
#3266=LINE('',#3265,#3264);
#3267=DIRECTION('',(-2.357022603955E-1,-2.357022603955E-1,-9.428090415821E-1));
#3268=VECTOR('',#3267,6.363961030679E-1);
#3269=CARTESIAN_POINT('',(9.E-1,-4.25E0,2.65E0));
#3270=LINE('',#3269,#3268);
#3271=DIRECTION('',(-2.357022603955E-1,2.357022603955E-1,9.428090415821E-1));
#3272=VECTOR('',#3271,6.363961030679E-1);
#3273=CARTESIAN_POINT('',(1.25E0,-4.4E0,2.05E0));
#3274=LINE('',#3273,#3272);
#3275=DIRECTION('',(-1.E0,0.E0,0.E0));
#3276=VECTOR('',#3275,5.E-1);
#3277=CARTESIAN_POINT('',(1.25E0,-4.4E0,2.05E0));
#3278=LINE('',#3277,#3276);
#3279=DIRECTION('',(1.E0,0.E0,0.E0));
#3280=VECTOR('',#3279,5.E-1);
#3281=CARTESIAN_POINT('',(7.5E-1,-4.4E0,1.45E0));
#3282=LINE('',#3281,#3280);
#3283=DIRECTION('',(1.E0,0.E0,0.E0));
#3284=VECTOR('',#3283,5.E-1);
#3285=CARTESIAN_POINT('',(7.5E-1,-3.7E0,7.5E-1));
#3286=LINE('',#3285,#3284);
#3287=DIRECTION('',(-1.E0,0.E0,0.E0));
#3288=VECTOR('',#3287,5.E-1);
#3289=CARTESIAN_POINT('',(1.25E0,2.3E0,7.5E-1));
#3290=LINE('',#3289,#3288);
#3291=DIRECTION('',(2.357022603955E-1,-9.428090415821E-1,-2.357022603955E-1));
#3292=VECTOR('',#3291,6.363961030679E-1);
#3293=CARTESIAN_POINT('',(1.1E0,2.9E0,9.E-1));
#3294=LINE('',#3293,#3292);
#3295=DIRECTION('',(-2.357022603955E-1,-9.428090415821E-1,-2.357022603955E-1));
#3296=VECTOR('',#3295,6.363961030679E-1);
#3297=CARTESIAN_POINT('',(9.E-1,2.9E0,9.E-1));
#3298=LINE('',#3297,#3296);
#3299=DIRECTION('',(-2.357022603955E-1,2.357022603955E-1,-9.428090415821E-1));
#3300=VECTOR('',#3299,6.363961030679E-1);
#3301=CARTESIAN_POINT('',(9.E-1,-4.05E0,2.65E0));
#3302=LINE('',#3301,#3300);
#3303=DIRECTION('',(-1.E0,0.E0,0.E0));
#3304=VECTOR('',#3303,2.E-1);
#3305=CARTESIAN_POINT('',(1.1E0,-4.05E0,-2.65E0));
#3306=LINE('',#3305,#3304);
#3307=DIRECTION('',(0.E0,-1.E0,0.E0));
#3308=VECTOR('',#3307,2.E-1);
#3309=CARTESIAN_POINT('',(9.E-1,-4.05E0,-2.65E0));
#3310=LINE('',#3309,#3308);
#3311=DIRECTION('',(-1.E0,0.E0,0.E0));
#3312=VECTOR('',#3311,2.E-1);
#3313=CARTESIAN_POINT('',(1.1E0,-4.25E0,-2.65E0));
#3314=LINE('',#3313,#3312);
#3315=DIRECTION('',(0.E0,1.E0,0.E0));
#3316=VECTOR('',#3315,2.E-1);
#3317=CARTESIAN_POINT('',(1.1E0,-4.25E0,-2.65E0));
#3318=LINE('',#3317,#3316);
#3319=DIRECTION('',(0.E0,0.E0,-1.E0));
#3320=VECTOR('',#3319,5.E-1);
#3321=CARTESIAN_POINT('',(2.75E0,2.3E0,-7.5E-1));
#3322=LINE('',#3321,#3320);
#3323=DIRECTION('',(0.E0,-1.E0,0.E0));
#3324=VECTOR('',#3323,3.E0);
#3325=CARTESIAN_POINT('',(2.75E0,2.3E0,-7.5E-1));
#3326=LINE('',#3325,#3324);
#3327=DIRECTION('',(0.E0,1.E0,0.E0));
#3328=VECTOR('',#3327,3.E0);
#3329=CARTESIAN_POINT('',(2.75E0,-7.E-1,-1.25E0));
#3330=LINE('',#3329,#3328);
#3331=DIRECTION('',(0.E0,0.E0,-1.E0));
#3332=VECTOR('',#3331,5.E-1);
#3333=CARTESIAN_POINT('',(2.75E0,2.3E0,1.25E0));
#3334=LINE('',#3333,#3332);
#3335=DIRECTION('',(0.E0,-1.E0,0.E0));
#3336=VECTOR('',#3335,3.E0);
#3337=CARTESIAN_POINT('',(2.75E0,2.3E0,1.25E0));
#3338=LINE('',#3337,#3336);
#3339=DIRECTION('',(0.E0,1.E0,0.E0));
#3340=VECTOR('',#3339,3.E0);
#3341=CARTESIAN_POINT('',(2.75E0,-7.E-1,7.5E-1));
#3342=LINE('',#3341,#3340);
#3343=DIRECTION('',(0.E0,1.E0,0.E0));
#3344=VECTOR('',#3343,5.E-1);
#3345=CARTESIAN_POINT('',(2.75E0,-4.4E0,2.05E0));
#3346=LINE('',#3345,#3344);
#3347=DIRECTION('',(0.E0,0.E0,-1.E0));
#3348=VECTOR('',#3347,6.E-1);
#3349=CARTESIAN_POINT('',(2.75E0,-4.4E0,2.05E0));
#3350=LINE('',#3349,#3348);
#3351=CARTESIAN_POINT('',(2.75E0,-3.7E0,1.45E0));
#3352=DIRECTION('',(1.E0,0.E0,0.E0));
#3353=DIRECTION('',(0.E0,-1.E0,5.804880385897E-14));
#3354=AXIS2_PLACEMENT_3D('',#3351,#3352,#3353);
#3356=DIRECTION('',(0.E0,1.E0,0.E0));
#3357=VECTOR('',#3356,5.E-1);
#3358=CARTESIAN_POINT('',(2.75E0,-3.7E0,7.5E-1));
#3359=LINE('',#3358,#3357);
#3360=DIRECTION('',(0.E0,-1.E0,0.E0));
#3361=VECTOR('',#3360,5.E-1);
#3362=CARTESIAN_POINT('',(2.75E0,-3.2E0,1.25E0));
#3363=LINE('',#3362,#3361);
#3364=CARTESIAN_POINT('',(2.75E0,-3.7E0,1.45E0));
#3365=DIRECTION('',(-1.E0,0.E0,0.E0));
#3366=DIRECTION('',(0.E0,-2.220446049250E-14,-1.E0));
#3367=AXIS2_PLACEMENT_3D('',#3364,#3365,#3366);
#3369=DIRECTION('',(0.E0,0.E0,1.E0));
#3370=VECTOR('',#3369,6.E-1);
#3371=CARTESIAN_POINT('',(2.75E0,-3.9E0,1.45E0));
#3372=LINE('',#3371,#3370);
#3373=DIRECTION('',(0.E0,-1.E0,0.E0));
#3374=VECTOR('',#3373,5.E-1);
#3375=CARTESIAN_POINT('',(2.75E0,-3.9E0,-2.05E0));
#3376=LINE('',#3375,#3374);
#3377=DIRECTION('',(0.E0,0.E0,1.E0));
#3378=VECTOR('',#3377,6.E-1);
#3379=CARTESIAN_POINT('',(2.75E0,-3.9E0,-2.05E0));
#3380=LINE('',#3379,#3378);
#3381=CARTESIAN_POINT('',(2.75E0,-3.7E0,-1.45E0));
#3382=DIRECTION('',(-1.E0,0.E0,0.E0));
#3383=DIRECTION('',(0.E0,-1.E0,0.E0));
#3384=AXIS2_PLACEMENT_3D('',#3381,#3382,#3383);
#3386=DIRECTION('',(0.E0,1.E0,0.E0));
#3387=VECTOR('',#3386,5.E-1);
#3388=CARTESIAN_POINT('',(2.75E0,-3.7E0,-1.25E0));
#3389=LINE('',#3388,#3387);
#3390=DIRECTION('',(0.E0,-1.E0,0.E0));
#3391=VECTOR('',#3390,5.E-1);
#3392=CARTESIAN_POINT('',(2.75E0,-3.2E0,-7.5E-1));
#3393=LINE('',#3392,#3391);
#3394=CARTESIAN_POINT('',(2.75E0,-3.7E0,-1.45E0));
#3395=DIRECTION('',(1.E0,0.E0,0.E0));
#3396=DIRECTION('',(0.E0,0.E0,1.E0));
#3397=AXIS2_PLACEMENT_3D('',#3394,#3395,#3396);
#3399=DIRECTION('',(0.E0,0.E0,-1.E0));
#3400=VECTOR('',#3399,6.E-1);
#3401=CARTESIAN_POINT('',(2.75E0,-4.4E0,-1.45E0));
#3402=LINE('',#3401,#3400);
#3403=DIRECTION('',(-2.357022603955E-1,-9.428090415821E-1,-2.357022603955E-1));
#3404=VECTOR('',#3403,6.363961030679E-1);
#3405=CARTESIAN_POINT('',(2.9E0,2.9E0,-1.1E0));
#3406=LINE('',#3405,#3404);
#3407=DIRECTION('',(2.357022603955E-1,-9.428090415821E-1,-2.357022603955E-1));
#3408=VECTOR('',#3407,6.363961030679E-1);
#3409=CARTESIAN_POINT('',(3.1E0,2.9E0,-1.1E0));
#3410=LINE('',#3409,#3408);
#3411=DIRECTION('',(1.E0,0.E0,0.E0));
#3412=VECTOR('',#3411,5.E-1);
#3413=CARTESIAN_POINT('',(2.75E0,-3.7E0,-1.25E0));
#3414=LINE('',#3413,#3412);
#3415=DIRECTION('',(-1.E0,0.E0,0.E0));
#3416=VECTOR('',#3415,5.E-1);
#3417=CARTESIAN_POINT('',(3.25E0,2.3E0,-1.25E0));
#3418=LINE('',#3417,#3416);
#3419=DIRECTION('',(1.E0,0.E0,0.E0));
#3420=VECTOR('',#3419,5.E-1);
#3421=CARTESIAN_POINT('',(2.75E0,-3.9E0,-1.45E0));
#3422=LINE('',#3421,#3420);
#3423=DIRECTION('',(-1.E0,0.E0,0.E0));
#3424=VECTOR('',#3423,5.E-1);
#3425=CARTESIAN_POINT('',(3.25E0,-3.9E0,-2.05E0));
#3426=LINE('',#3425,#3424);
#3427=DIRECTION('',(-2.357022603955E-1,2.357022603955E-1,9.428090415821E-1));
#3428=VECTOR('',#3427,6.363961030679E-1);
#3429=CARTESIAN_POINT('',(2.9E0,-4.05E0,-2.65E0));
#3430=LINE('',#3429,#3428);
#3431=DIRECTION('',(-2.357022603955E-1,-2.357022603955E-1,-9.428090415821E-1));
#3432=VECTOR('',#3431,6.363961030679E-1);
#3433=CARTESIAN_POINT('',(3.25E0,-3.9E0,-2.05E0));
#3434=LINE('',#3433,#3432);
#3435=DIRECTION('',(-2.357022603955E-1,-2.357022603955E-1,9.428090415821E-1));
#3436=VECTOR('',#3435,6.363961030679E-1);
#3437=CARTESIAN_POINT('',(2.9E0,-4.25E0,-2.65E0));
#3438=LINE('',#3437,#3436);
#3439=DIRECTION('',(2.357022603955E-1,-2.357022603955E-1,9.428090415821E-1));
#3440=VECTOR('',#3439,6.363961030679E-1);
#3441=CARTESIAN_POINT('',(3.1E0,-4.25E0,-2.65E0));
#3442=LINE('',#3441,#3440);
#3443=DIRECTION('',(-1.E0,0.E0,0.E0));
#3444=VECTOR('',#3443,5.E-1);
#3445=CARTESIAN_POINT('',(3.25E0,-4.4E0,-2.05E0));
#3446=LINE('',#3445,#3444);
#3447=DIRECTION('',(1.E0,0.E0,0.E0));
#3448=VECTOR('',#3447,5.E-1);
#3449=CARTESIAN_POINT('',(2.75E0,-4.4E0,-1.45E0));
#3450=LINE('',#3449,#3448);
#3451=DIRECTION('',(1.E0,0.E0,0.E0));
#3452=VECTOR('',#3451,5.E-1);
#3453=CARTESIAN_POINT('',(2.75E0,-3.7E0,-7.5E-1));
#3454=LINE('',#3453,#3452);
#3455=DIRECTION('',(-1.E0,0.E0,0.E0));
#3456=VECTOR('',#3455,5.E-1);
#3457=CARTESIAN_POINT('',(3.25E0,2.3E0,-7.5E-1));
#3458=LINE('',#3457,#3456);
#3459=DIRECTION('',(0.E0,0.E0,1.E0));
#3460=VECTOR('',#3459,5.E-1);
#3461=CARTESIAN_POINT('',(3.25E0,2.3E0,-1.25E0));
#3462=LINE('',#3461,#3460);
#3463=DIRECTION('',(0.E0,1.E0,0.E0));
#3464=VECTOR('',#3463,3.E0);
#3465=CARTESIAN_POINT('',(3.25E0,-7.E-1,-1.25E0));
#3466=LINE('',#3465,#3464);
#3467=DIRECTION('',(0.E0,-1.E0,0.E0));
#3468=VECTOR('',#3467,3.E0);
#3469=CARTESIAN_POINT('',(3.25E0,2.3E0,-7.5E-1));
#3470=LINE('',#3469,#3468);
#3471=DIRECTION('',(0.E0,0.E0,1.E0));
#3472=VECTOR('',#3471,5.E-1);
#3473=CARTESIAN_POINT('',(3.25E0,2.3E0,7.5E-1));
#3474=LINE('',#3473,#3472);
#3475=DIRECTION('',(0.E0,1.E0,0.E0));
#3476=VECTOR('',#3475,3.E0);
#3477=CARTESIAN_POINT('',(3.25E0,-7.E-1,7.5E-1));
#3478=LINE('',#3477,#3476);
#3479=DIRECTION('',(0.E0,-1.E0,0.E0));
#3480=VECTOR('',#3479,3.E0);
#3481=CARTESIAN_POINT('',(3.25E0,2.3E0,1.25E0));
#3482=LINE('',#3481,#3480);
#3483=DIRECTION('',(0.E0,-1.E0,0.E0));
#3484=VECTOR('',#3483,5.E-1);
#3485=CARTESIAN_POINT('',(3.25E0,-3.9E0,2.05E0));
#3486=LINE('',#3485,#3484);
#3487=DIRECTION('',(0.E0,0.E0,1.E0));
#3488=VECTOR('',#3487,6.E-1);
#3489=CARTESIAN_POINT('',(3.25E0,-3.9E0,1.45E0));
#3490=LINE('',#3489,#3488);
#3491=CARTESIAN_POINT('',(3.25E0,-3.7E0,1.45E0));
#3492=DIRECTION('',(-1.E0,0.E0,0.E0));
#3493=DIRECTION('',(0.E0,-2.220446049250E-14,-1.E0));
#3494=AXIS2_PLACEMENT_3D('',#3491,#3492,#3493);
#3496=DIRECTION('',(0.E0,-1.E0,0.E0));
#3497=VECTOR('',#3496,5.E-1);
#3498=CARTESIAN_POINT('',(3.25E0,-3.2E0,1.25E0));
#3499=LINE('',#3498,#3497);
#3500=DIRECTION('',(0.E0,1.E0,0.E0));
#3501=VECTOR('',#3500,5.E-1);
#3502=CARTESIAN_POINT('',(3.25E0,-3.7E0,7.5E-1));
#3503=LINE('',#3502,#3501);
#3504=CARTESIAN_POINT('',(3.25E0,-3.7E0,1.45E0));
#3505=DIRECTION('',(1.E0,0.E0,0.E0));
#3506=DIRECTION('',(0.E0,-1.E0,5.804880385897E-14));
#3507=AXIS2_PLACEMENT_3D('',#3504,#3505,#3506);
#3509=DIRECTION('',(0.E0,0.E0,-1.E0));
#3510=VECTOR('',#3509,6.E-1);
#3511=CARTESIAN_POINT('',(3.25E0,-4.4E0,2.05E0));
#3512=LINE('',#3511,#3510);
#3513=DIRECTION('',(0.E0,1.E0,0.E0));
#3514=VECTOR('',#3513,5.E-1);
#3515=CARTESIAN_POINT('',(3.25E0,-4.4E0,-2.05E0));
#3516=LINE('',#3515,#3514);
#3517=DIRECTION('',(0.E0,0.E0,-1.E0));
#3518=VECTOR('',#3517,6.E-1);
#3519=CARTESIAN_POINT('',(3.25E0,-4.4E0,-1.45E0));
#3520=LINE('',#3519,#3518);
#3521=CARTESIAN_POINT('',(3.25E0,-3.7E0,-1.45E0));
#3522=DIRECTION('',(1.E0,0.E0,0.E0));
#3523=DIRECTION('',(0.E0,0.E0,1.E0));
#3524=AXIS2_PLACEMENT_3D('',#3521,#3522,#3523);
#3526=DIRECTION('',(0.E0,-1.E0,0.E0));
#3527=VECTOR('',#3526,5.E-1);
#3528=CARTESIAN_POINT('',(3.25E0,-3.2E0,-7.5E-1));
#3529=LINE('',#3528,#3527);
#3530=DIRECTION('',(0.E0,1.E0,0.E0));
#3531=VECTOR('',#3530,5.E-1);
#3532=CARTESIAN_POINT('',(3.25E0,-3.7E0,-1.25E0));
#3533=LINE('',#3532,#3531);
#3534=CARTESIAN_POINT('',(3.25E0,-3.7E0,-1.45E0));
#3535=DIRECTION('',(-1.E0,0.E0,0.E0));
#3536=DIRECTION('',(0.E0,-1.E0,0.E0));
#3537=AXIS2_PLACEMENT_3D('',#3534,#3535,#3536);
#3539=DIRECTION('',(0.E0,0.E0,1.E0));
#3540=VECTOR('',#3539,6.E-1);
#3541=CARTESIAN_POINT('',(3.25E0,-3.9E0,-2.05E0));
#3542=LINE('',#3541,#3540);
#3543=DIRECTION('',(-1.E0,0.E0,0.E0));
#3544=VECTOR('',#3543,2.E-1);
#3545=CARTESIAN_POINT('',(3.1E0,2.9E0,-9.E-1));
#3546=LINE('',#3545,#3544);
#3547=DIRECTION('',(0.E0,0.E0,-1.E0));
#3548=VECTOR('',#3547,2.E-1);
#3549=CARTESIAN_POINT('',(2.9E0,2.9E0,-9.E-1));
#3550=LINE('',#3549,#3548);
#3551=DIRECTION('',(-1.E0,0.E0,0.E0));
#3552=VECTOR('',#3551,2.E-1);
#3553=CARTESIAN_POINT('',(3.1E0,2.9E0,-1.1E0));
#3554=LINE('',#3553,#3552);
#3555=DIRECTION('',(0.E0,0.E0,1.E0));
#3556=VECTOR('',#3555,2.E-1);
#3557=CARTESIAN_POINT('',(3.1E0,2.9E0,-1.1E0));
#3558=LINE('',#3557,#3556);
#3559=DIRECTION('',(-2.357022603955E-1,-9.428090415821E-1,2.357022603955E-1));
#3560=VECTOR('',#3559,6.363961030679E-1);
#3561=CARTESIAN_POINT('',(2.9E0,2.9E0,-9.E-1));
#3562=LINE('',#3561,#3560);
#3563=DIRECTION('',(-2.357022603955E-1,9.428090415821E-1,-2.357022603955E-1));
#3564=VECTOR('',#3563,6.363961030679E-1);
#3565=CARTESIAN_POINT('',(3.25E0,2.3E0,-7.5E-1));
#3566=LINE('',#3565,#3564);
#3567=DIRECTION('',(2.357022603955E-1,-9.428090415821E-1,2.357022603955E-1));
#3568=VECTOR('',#3567,6.363961030679E-1);
#3569=CARTESIAN_POINT('',(3.1E0,2.9E0,1.1E0));
#3570=LINE('',#3569,#3568);
#3571=DIRECTION('',(-1.E0,0.E0,0.E0));
#3572=VECTOR('',#3571,2.E-1);
#3573=CARTESIAN_POINT('',(3.1E0,2.9E0,1.1E0));
#3574=LINE('',#3573,#3572);
#3575=DIRECTION('',(0.E0,0.E0,-1.E0));
#3576=VECTOR('',#3575,2.E-1);
#3577=CARTESIAN_POINT('',(2.9E0,2.9E0,1.1E0));
#3578=LINE('',#3577,#3576);
#3579=DIRECTION('',(-1.E0,0.E0,0.E0));
#3580=VECTOR('',#3579,2.E-1);
#3581=CARTESIAN_POINT('',(3.1E0,2.9E0,9.E-1));
#3582=LINE('',#3581,#3580);
#3583=DIRECTION('',(0.E0,0.E0,1.E0));
#3584=VECTOR('',#3583,2.E-1);
#3585=CARTESIAN_POINT('',(3.1E0,2.9E0,9.E-1));
#3586=LINE('',#3585,#3584);
#3587=DIRECTION('',(-2.357022603955E-1,-9.428090415821E-1,2.357022603955E-1));
#3588=VECTOR('',#3587,6.363961030679E-1);
#3589=CARTESIAN_POINT('',(2.9E0,2.9E0,1.1E0));
#3590=LINE('',#3589,#3588);
#3591=DIRECTION('',(-1.E0,0.E0,0.E0));
#3592=VECTOR('',#3591,5.E-1);
#3593=CARTESIAN_POINT('',(3.25E0,2.3E0,1.25E0));
#3594=LINE('',#3593,#3592);
#3595=DIRECTION('',(1.E0,0.E0,0.E0));
#3596=VECTOR('',#3595,5.E-1);
#3597=CARTESIAN_POINT('',(2.75E0,-3.7E0,1.25E0));
#3598=LINE('',#3597,#3596);
#3599=DIRECTION('',(-1.E0,0.E0,0.E0));
#3600=VECTOR('',#3599,5.E-1);
#3601=CARTESIAN_POINT('',(3.25E0,-3.9E0,2.05E0));
#3602=LINE('',#3601,#3600);
#3603=DIRECTION('',(1.E0,0.E0,0.E0));
#3604=VECTOR('',#3603,5.E-1);
#3605=CARTESIAN_POINT('',(2.75E0,-3.9E0,1.45E0));
#3606=LINE('',#3605,#3604);
#3607=DIRECTION('',(2.357022603955E-1,2.357022603955E-1,-9.428090415821E-1));
#3608=VECTOR('',#3607,6.363961030679E-1);
#3609=CARTESIAN_POINT('',(3.1E0,-4.05E0,2.65E0));
#3610=LINE('',#3609,#3608);
#3611=DIRECTION('',(-1.E0,0.E0,0.E0));
#3612=VECTOR('',#3611,2.E-1);
#3613=CARTESIAN_POINT('',(3.1E0,-4.25E0,2.65E0));
#3614=LINE('',#3613,#3612);
#3615=DIRECTION('',(0.E0,1.E0,0.E0));
#3616=VECTOR('',#3615,2.E-1);
#3617=CARTESIAN_POINT('',(2.9E0,-4.25E0,2.65E0));
#3618=LINE('',#3617,#3616);
#3619=DIRECTION('',(-1.E0,0.E0,0.E0));
#3620=VECTOR('',#3619,2.E-1);
#3621=CARTESIAN_POINT('',(3.1E0,-4.05E0,2.65E0));
#3622=LINE('',#3621,#3620);
#3623=DIRECTION('',(0.E0,-1.E0,0.E0));
#3624=VECTOR('',#3623,2.E-1);
#3625=CARTESIAN_POINT('',(3.1E0,-4.05E0,2.65E0));
#3626=LINE('',#3625,#3624);
#3627=DIRECTION('',(-2.357022603955E-1,-2.357022603955E-1,-9.428090415821E-1));
#3628=VECTOR('',#3627,6.363961030679E-1);
#3629=CARTESIAN_POINT('',(2.9E0,-4.25E0,2.65E0));
#3630=LINE('',#3629,#3628);
#3631=DIRECTION('',(-2.357022603955E-1,2.357022603955E-1,9.428090415821E-1));
#3632=VECTOR('',#3631,6.363961030679E-1);
#3633=CARTESIAN_POINT('',(3.25E0,-4.4E0,2.05E0));
#3634=LINE('',#3633,#3632);
#3635=DIRECTION('',(-1.E0,0.E0,0.E0));
#3636=VECTOR('',#3635,5.E-1);
#3637=CARTESIAN_POINT('',(3.25E0,-4.4E0,2.05E0));
#3638=LINE('',#3637,#3636);
#3639=DIRECTION('',(1.E0,0.E0,0.E0));
#3640=VECTOR('',#3639,5.E-1);
#3641=CARTESIAN_POINT('',(2.75E0,-4.4E0,1.45E0));
#3642=LINE('',#3641,#3640);
#3643=DIRECTION('',(1.E0,0.E0,0.E0));
#3644=VECTOR('',#3643,5.E-1);
#3645=CARTESIAN_POINT('',(2.75E0,-3.7E0,7.5E-1));
#3646=LINE('',#3645,#3644);
#3647=DIRECTION('',(-1.E0,0.E0,0.E0));
#3648=VECTOR('',#3647,5.E-1);
#3649=CARTESIAN_POINT('',(3.25E0,2.3E0,7.5E-1));
#3650=LINE('',#3649,#3648);
#3651=DIRECTION('',(2.357022603955E-1,-9.428090415821E-1,-2.357022603955E-1));
#3652=VECTOR('',#3651,6.363961030679E-1);
#3653=CARTESIAN_POINT('',(3.1E0,2.9E0,9.E-1));
#3654=LINE('',#3653,#3652);
#3655=DIRECTION('',(-2.357022603955E-1,-9.428090415821E-1,-2.357022603955E-1));
#3656=VECTOR('',#3655,6.363961030679E-1);
#3657=CARTESIAN_POINT('',(2.9E0,2.9E0,9.E-1));
#3658=LINE('',#3657,#3656);
#3659=DIRECTION('',(-2.357022603955E-1,2.357022603955E-1,-9.428090415821E-1));
#3660=VECTOR('',#3659,6.363961030679E-1);
#3661=CARTESIAN_POINT('',(2.9E0,-4.05E0,2.65E0));
#3662=LINE('',#3661,#3660);
#3663=DIRECTION('',(-1.E0,0.E0,0.E0));
#3664=VECTOR('',#3663,2.E-1);
#3665=CARTESIAN_POINT('',(3.1E0,-4.05E0,-2.65E0));
#3666=LINE('',#3665,#3664);
#3667=DIRECTION('',(0.E0,-1.E0,0.E0));
#3668=VECTOR('',#3667,2.E-1);
#3669=CARTESIAN_POINT('',(2.9E0,-4.05E0,-2.65E0));
#3670=LINE('',#3669,#3668);
#3671=DIRECTION('',(-1.E0,0.E0,0.E0));
#3672=VECTOR('',#3671,2.E-1);
#3673=CARTESIAN_POINT('',(3.1E0,-4.25E0,-2.65E0));
#3674=LINE('',#3673,#3672);
#3675=DIRECTION('',(0.E0,1.E0,0.E0));
#3676=VECTOR('',#3675,2.E-1);
#3677=CARTESIAN_POINT('',(3.1E0,-4.25E0,-2.65E0));
#3678=LINE('',#3677,#3676);
#3679=DIRECTION('',(0.E0,0.E0,-1.E0));
#3680=VECTOR('',#3679,5.E-1);
#3681=CARTESIAN_POINT('',(4.75E0,2.3E0,-7.5E-1));
#3682=LINE('',#3681,#3680);
#3683=DIRECTION('',(0.E0,-1.E0,0.E0));
#3684=VECTOR('',#3683,3.E0);
#3685=CARTESIAN_POINT('',(4.75E0,2.3E0,-7.5E-1));
#3686=LINE('',#3685,#3684);
#3687=DIRECTION('',(0.E0,1.E0,0.E0));
#3688=VECTOR('',#3687,3.E0);
#3689=CARTESIAN_POINT('',(4.75E0,-7.E-1,-1.25E0));
#3690=LINE('',#3689,#3688);
#3691=DIRECTION('',(0.E0,0.E0,-1.E0));
#3692=VECTOR('',#3691,5.E-1);
#3693=CARTESIAN_POINT('',(4.75E0,2.3E0,1.25E0));
#3694=LINE('',#3693,#3692);
#3695=DIRECTION('',(0.E0,-1.E0,0.E0));
#3696=VECTOR('',#3695,3.E0);
#3697=CARTESIAN_POINT('',(4.75E0,2.3E0,1.25E0));
#3698=LINE('',#3697,#3696);
#3699=DIRECTION('',(0.E0,1.E0,0.E0));
#3700=VECTOR('',#3699,3.E0);
#3701=CARTESIAN_POINT('',(4.75E0,-7.E-1,7.5E-1));
#3702=LINE('',#3701,#3700);
#3703=DIRECTION('',(0.E0,1.E0,0.E0));
#3704=VECTOR('',#3703,5.E-1);
#3705=CARTESIAN_POINT('',(4.75E0,-4.4E0,2.05E0));
#3706=LINE('',#3705,#3704);
#3707=DIRECTION('',(0.E0,0.E0,-1.E0));
#3708=VECTOR('',#3707,6.E-1);
#3709=CARTESIAN_POINT('',(4.75E0,-4.4E0,2.05E0));
#3710=LINE('',#3709,#3708);
#3711=CARTESIAN_POINT('',(4.75E0,-3.7E0,1.45E0));
#3712=DIRECTION('',(1.E0,0.E0,0.E0));
#3713=DIRECTION('',(0.E0,-1.E0,5.804880385897E-14));
#3714=AXIS2_PLACEMENT_3D('',#3711,#3712,#3713);
#3716=DIRECTION('',(0.E0,1.E0,0.E0));
#3717=VECTOR('',#3716,5.E-1);
#3718=CARTESIAN_POINT('',(4.75E0,-3.7E0,7.5E-1));
#3719=LINE('',#3718,#3717);
#3720=DIRECTION('',(0.E0,-1.E0,0.E0));
#3721=VECTOR('',#3720,5.E-1);
#3722=CARTESIAN_POINT('',(4.75E0,-3.2E0,1.25E0));
#3723=LINE('',#3722,#3721);
#3724=CARTESIAN_POINT('',(4.75E0,-3.7E0,1.45E0));
#3725=DIRECTION('',(-1.E0,0.E0,0.E0));
#3726=DIRECTION('',(0.E0,-2.220446049250E-14,-1.E0));
#3727=AXIS2_PLACEMENT_3D('',#3724,#3725,#3726);
#3729=DIRECTION('',(0.E0,0.E0,1.E0));
#3730=VECTOR('',#3729,6.E-1);
#3731=CARTESIAN_POINT('',(4.75E0,-3.9E0,1.45E0));
#3732=LINE('',#3731,#3730);
#3733=DIRECTION('',(0.E0,-1.E0,0.E0));
#3734=VECTOR('',#3733,5.E-1);
#3735=CARTESIAN_POINT('',(4.75E0,-3.9E0,-2.05E0));
#3736=LINE('',#3735,#3734);
#3737=DIRECTION('',(0.E0,0.E0,1.E0));
#3738=VECTOR('',#3737,6.E-1);
#3739=CARTESIAN_POINT('',(4.75E0,-3.9E0,-2.05E0));
#3740=LINE('',#3739,#3738);
#3741=CARTESIAN_POINT('',(4.75E0,-3.7E0,-1.45E0));
#3742=DIRECTION('',(-1.E0,0.E0,0.E0));
#3743=DIRECTION('',(0.E0,-1.E0,0.E0));
#3744=AXIS2_PLACEMENT_3D('',#3741,#3742,#3743);
#3746=DIRECTION('',(0.E0,1.E0,0.E0));
#3747=VECTOR('',#3746,5.E-1);
#3748=CARTESIAN_POINT('',(4.75E0,-3.7E0,-1.25E0));
#3749=LINE('',#3748,#3747);
#3750=DIRECTION('',(0.E0,-1.E0,0.E0));
#3751=VECTOR('',#3750,5.E-1);
#3752=CARTESIAN_POINT('',(4.75E0,-3.2E0,-7.5E-1));
#3753=LINE('',#3752,#3751);
#3754=CARTESIAN_POINT('',(4.75E0,-3.7E0,-1.45E0));
#3755=DIRECTION('',(1.E0,0.E0,0.E0));
#3756=DIRECTION('',(0.E0,0.E0,1.E0));
#3757=AXIS2_PLACEMENT_3D('',#3754,#3755,#3756);
#3759=DIRECTION('',(0.E0,0.E0,-1.E0));
#3760=VECTOR('',#3759,6.E-1);
#3761=CARTESIAN_POINT('',(4.75E0,-4.4E0,-1.45E0));
#3762=LINE('',#3761,#3760);
#3763=DIRECTION('',(-2.357022603955E-1,-9.428090415821E-1,-2.357022603955E-1));
#3764=VECTOR('',#3763,6.363961030679E-1);
#3765=CARTESIAN_POINT('',(4.9E0,2.9E0,-1.1E0));
#3766=LINE('',#3765,#3764);
#3767=DIRECTION('',(2.357022603955E-1,-9.428090415821E-1,-2.357022603955E-1));
#3768=VECTOR('',#3767,6.363961030679E-1);
#3769=CARTESIAN_POINT('',(5.1E0,2.9E0,-1.1E0));
#3770=LINE('',#3769,#3768);
#3771=DIRECTION('',(1.E0,0.E0,0.E0));
#3772=VECTOR('',#3771,5.E-1);
#3773=CARTESIAN_POINT('',(4.75E0,-3.7E0,-1.25E0));
#3774=LINE('',#3773,#3772);
#3775=DIRECTION('',(-1.E0,0.E0,0.E0));
#3776=VECTOR('',#3775,5.E-1);
#3777=CARTESIAN_POINT('',(5.25E0,2.3E0,-1.25E0));
#3778=LINE('',#3777,#3776);
#3779=DIRECTION('',(1.E0,0.E0,0.E0));
#3780=VECTOR('',#3779,5.E-1);
#3781=CARTESIAN_POINT('',(4.75E0,-3.9E0,-1.45E0));
#3782=LINE('',#3781,#3780);
#3783=DIRECTION('',(-1.E0,0.E0,0.E0));
#3784=VECTOR('',#3783,5.E-1);
#3785=CARTESIAN_POINT('',(5.25E0,-3.9E0,-2.05E0));
#3786=LINE('',#3785,#3784);
#3787=DIRECTION('',(-2.357022603955E-1,2.357022603955E-1,9.428090415821E-1));
#3788=VECTOR('',#3787,6.363961030679E-1);
#3789=CARTESIAN_POINT('',(4.9E0,-4.05E0,-2.65E0));
#3790=LINE('',#3789,#3788);
#3791=DIRECTION('',(-2.357022603955E-1,-2.357022603955E-1,-9.428090415821E-1));
#3792=VECTOR('',#3791,6.363961030679E-1);
#3793=CARTESIAN_POINT('',(5.25E0,-3.9E0,-2.05E0));
#3794=LINE('',#3793,#3792);
#3795=DIRECTION('',(-2.357022603955E-1,-2.357022603955E-1,9.428090415821E-1));
#3796=VECTOR('',#3795,6.363961030679E-1);
#3797=CARTESIAN_POINT('',(4.9E0,-4.25E0,-2.65E0));
#3798=LINE('',#3797,#3796);
#3799=DIRECTION('',(2.357022603955E-1,-2.357022603955E-1,9.428090415821E-1));
#3800=VECTOR('',#3799,6.363961030679E-1);
#3801=CARTESIAN_POINT('',(5.1E0,-4.25E0,-2.65E0));
#3802=LINE('',#3801,#3800);
#3803=DIRECTION('',(-1.E0,0.E0,0.E0));
#3804=VECTOR('',#3803,5.E-1);
#3805=CARTESIAN_POINT('',(5.25E0,-4.4E0,-2.05E0));
#3806=LINE('',#3805,#3804);
#3807=DIRECTION('',(1.E0,0.E0,0.E0));
#3808=VECTOR('',#3807,5.E-1);
#3809=CARTESIAN_POINT('',(4.75E0,-4.4E0,-1.45E0));
#3810=LINE('',#3809,#3808);
#3811=DIRECTION('',(1.E0,0.E0,0.E0));
#3812=VECTOR('',#3811,5.E-1);
#3813=CARTESIAN_POINT('',(4.75E0,-3.7E0,-7.5E-1));
#3814=LINE('',#3813,#3812);
#3815=DIRECTION('',(-1.E0,0.E0,0.E0));
#3816=VECTOR('',#3815,5.E-1);
#3817=CARTESIAN_POINT('',(5.25E0,2.3E0,-7.5E-1));
#3818=LINE('',#3817,#3816);
#3819=DIRECTION('',(0.E0,0.E0,1.E0));
#3820=VECTOR('',#3819,5.E-1);
#3821=CARTESIAN_POINT('',(5.25E0,2.3E0,-1.25E0));
#3822=LINE('',#3821,#3820);
#3823=DIRECTION('',(0.E0,1.E0,0.E0));
#3824=VECTOR('',#3823,3.E0);
#3825=CARTESIAN_POINT('',(5.25E0,-7.E-1,-1.25E0));
#3826=LINE('',#3825,#3824);
#3827=DIRECTION('',(0.E0,-1.E0,0.E0));
#3828=VECTOR('',#3827,3.E0);
#3829=CARTESIAN_POINT('',(5.25E0,2.3E0,-7.5E-1));
#3830=LINE('',#3829,#3828);
#3831=DIRECTION('',(0.E0,0.E0,1.E0));
#3832=VECTOR('',#3831,5.E-1);
#3833=CARTESIAN_POINT('',(5.25E0,2.3E0,7.5E-1));
#3834=LINE('',#3833,#3832);
#3835=DIRECTION('',(0.E0,1.E0,0.E0));
#3836=VECTOR('',#3835,3.E0);
#3837=CARTESIAN_POINT('',(5.25E0,-7.E-1,7.5E-1));
#3838=LINE('',#3837,#3836);
#3839=DIRECTION('',(0.E0,-1.E0,0.E0));
#3840=VECTOR('',#3839,3.E0);
#3841=CARTESIAN_POINT('',(5.25E0,2.3E0,1.25E0));
#3842=LINE('',#3841,#3840);
#3843=DIRECTION('',(0.E0,-1.E0,0.E0));
#3844=VECTOR('',#3843,5.E-1);
#3845=CARTESIAN_POINT('',(5.25E0,-3.9E0,2.05E0));
#3846=LINE('',#3845,#3844);
#3847=DIRECTION('',(0.E0,0.E0,1.E0));
#3848=VECTOR('',#3847,6.E-1);
#3849=CARTESIAN_POINT('',(5.25E0,-3.9E0,1.45E0));
#3850=LINE('',#3849,#3848);
#3851=CARTESIAN_POINT('',(5.25E0,-3.7E0,1.45E0));
#3852=DIRECTION('',(-1.E0,0.E0,0.E0));
#3853=DIRECTION('',(0.E0,-2.220446049250E-14,-1.E0));
#3854=AXIS2_PLACEMENT_3D('',#3851,#3852,#3853);
#3856=DIRECTION('',(0.E0,-1.E0,0.E0));
#3857=VECTOR('',#3856,5.E-1);
#3858=CARTESIAN_POINT('',(5.25E0,-3.2E0,1.25E0));
#3859=LINE('',#3858,#3857);
#3860=DIRECTION('',(0.E0,1.E0,0.E0));
#3861=VECTOR('',#3860,5.E-1);
#3862=CARTESIAN_POINT('',(5.25E0,-3.7E0,7.5E-1));
#3863=LINE('',#3862,#3861);
#3864=CARTESIAN_POINT('',(5.25E0,-3.7E0,1.45E0));
#3865=DIRECTION('',(1.E0,0.E0,0.E0));
#3866=DIRECTION('',(0.E0,-1.E0,5.804880385897E-14));
#3867=AXIS2_PLACEMENT_3D('',#3864,#3865,#3866);
#3869=DIRECTION('',(0.E0,0.E0,-1.E0));
#3870=VECTOR('',#3869,6.E-1);
#3871=CARTESIAN_POINT('',(5.25E0,-4.4E0,2.05E0));
#3872=LINE('',#3871,#3870);
#3873=DIRECTION('',(0.E0,1.E0,0.E0));
#3874=VECTOR('',#3873,5.E-1);
#3875=CARTESIAN_POINT('',(5.25E0,-4.4E0,-2.05E0));
#3876=LINE('',#3875,#3874);
#3877=DIRECTION('',(0.E0,0.E0,-1.E0));
#3878=VECTOR('',#3877,6.E-1);
#3879=CARTESIAN_POINT('',(5.25E0,-4.4E0,-1.45E0));
#3880=LINE('',#3879,#3878);
#3881=CARTESIAN_POINT('',(5.25E0,-3.7E0,-1.45E0));
#3882=DIRECTION('',(1.E0,0.E0,0.E0));
#3883=DIRECTION('',(0.E0,0.E0,1.E0));
#3884=AXIS2_PLACEMENT_3D('',#3881,#3882,#3883);
#3886=DIRECTION('',(0.E0,-1.E0,0.E0));
#3887=VECTOR('',#3886,5.E-1);
#3888=CARTESIAN_POINT('',(5.25E0,-3.2E0,-7.5E-1));
#3889=LINE('',#3888,#3887);
#3890=DIRECTION('',(0.E0,1.E0,0.E0));
#3891=VECTOR('',#3890,5.E-1);
#3892=CARTESIAN_POINT('',(5.25E0,-3.7E0,-1.25E0));
#3893=LINE('',#3892,#3891);
#3894=CARTESIAN_POINT('',(5.25E0,-3.7E0,-1.45E0));
#3895=DIRECTION('',(-1.E0,0.E0,0.E0));
#3896=DIRECTION('',(0.E0,-1.E0,0.E0));
#3897=AXIS2_PLACEMENT_3D('',#3894,#3895,#3896);
#3899=DIRECTION('',(0.E0,0.E0,1.E0));
#3900=VECTOR('',#3899,6.E-1);
#3901=CARTESIAN_POINT('',(5.25E0,-3.9E0,-2.05E0));
#3902=LINE('',#3901,#3900);
#3903=DIRECTION('',(-1.E0,0.E0,0.E0));
#3904=VECTOR('',#3903,2.E-1);
#3905=CARTESIAN_POINT('',(5.1E0,2.9E0,-9.E-1));
#3906=LINE('',#3905,#3904);
#3907=DIRECTION('',(0.E0,0.E0,-1.E0));
#3908=VECTOR('',#3907,2.E-1);
#3909=CARTESIAN_POINT('',(4.9E0,2.9E0,-9.E-1));
#3910=LINE('',#3909,#3908);
#3911=DIRECTION('',(-1.E0,0.E0,0.E0));
#3912=VECTOR('',#3911,2.E-1);
#3913=CARTESIAN_POINT('',(5.1E0,2.9E0,-1.1E0));
#3914=LINE('',#3913,#3912);
#3915=DIRECTION('',(0.E0,0.E0,1.E0));
#3916=VECTOR('',#3915,2.E-1);
#3917=CARTESIAN_POINT('',(5.1E0,2.9E0,-1.1E0));
#3918=LINE('',#3917,#3916);
#3919=DIRECTION('',(-2.357022603955E-1,-9.428090415821E-1,2.357022603955E-1));
#3920=VECTOR('',#3919,6.363961030679E-1);
#3921=CARTESIAN_POINT('',(4.9E0,2.9E0,-9.E-1));
#3922=LINE('',#3921,#3920);
#3923=DIRECTION('',(-2.357022603955E-1,9.428090415821E-1,-2.357022603955E-1));
#3924=VECTOR('',#3923,6.363961030679E-1);
#3925=CARTESIAN_POINT('',(5.25E0,2.3E0,-7.5E-1));
#3926=LINE('',#3925,#3924);
#3927=DIRECTION('',(2.357022603955E-1,-9.428090415821E-1,2.357022603955E-1));
#3928=VECTOR('',#3927,6.363961030679E-1);
#3929=CARTESIAN_POINT('',(5.1E0,2.9E0,1.1E0));
#3930=LINE('',#3929,#3928);
#3931=DIRECTION('',(-1.E0,0.E0,0.E0));
#3932=VECTOR('',#3931,2.E-1);
#3933=CARTESIAN_POINT('',(5.1E0,2.9E0,1.1E0));
#3934=LINE('',#3933,#3932);
#3935=DIRECTION('',(0.E0,0.E0,-1.E0));
#3936=VECTOR('',#3935,2.E-1);
#3937=CARTESIAN_POINT('',(4.9E0,2.9E0,1.1E0));
#3938=LINE('',#3937,#3936);
#3939=DIRECTION('',(-1.E0,0.E0,0.E0));
#3940=VECTOR('',#3939,2.E-1);
#3941=CARTESIAN_POINT('',(5.1E0,2.9E0,9.E-1));
#3942=LINE('',#3941,#3940);
#3943=DIRECTION('',(0.E0,0.E0,1.E0));
#3944=VECTOR('',#3943,2.E-1);
#3945=CARTESIAN_POINT('',(5.1E0,2.9E0,9.E-1));
#3946=LINE('',#3945,#3944);
#3947=DIRECTION('',(-2.357022603955E-1,-9.428090415821E-1,2.357022603955E-1));
#3948=VECTOR('',#3947,6.363961030679E-1);
#3949=CARTESIAN_POINT('',(4.9E0,2.9E0,1.1E0));
#3950=LINE('',#3949,#3948);
#3951=DIRECTION('',(-1.E0,0.E0,0.E0));
#3952=VECTOR('',#3951,5.E-1);
#3953=CARTESIAN_POINT('',(5.25E0,2.3E0,1.25E0));
#3954=LINE('',#3953,#3952);
#3955=DIRECTION('',(1.E0,0.E0,0.E0));
#3956=VECTOR('',#3955,5.E-1);
#3957=CARTESIAN_POINT('',(4.75E0,-3.7E0,1.25E0));
#3958=LINE('',#3957,#3956);
#3959=DIRECTION('',(-1.E0,0.E0,0.E0));
#3960=VECTOR('',#3959,5.E-1);
#3961=CARTESIAN_POINT('',(5.25E0,-3.9E0,2.05E0));
#3962=LINE('',#3961,#3960);
#3963=DIRECTION('',(1.E0,0.E0,0.E0));
#3964=VECTOR('',#3963,5.E-1);
#3965=CARTESIAN_POINT('',(4.75E0,-3.9E0,1.45E0));
#3966=LINE('',#3965,#3964);
#3967=DIRECTION('',(2.357022603955E-1,2.357022603955E-1,-9.428090415821E-1));
#3968=VECTOR('',#3967,6.363961030679E-1);
#3969=CARTESIAN_POINT('',(5.1E0,-4.05E0,2.65E0));
#3970=LINE('',#3969,#3968);
#3971=DIRECTION('',(-1.E0,0.E0,0.E0));
#3972=VECTOR('',#3971,2.E-1);
#3973=CARTESIAN_POINT('',(5.1E0,-4.25E0,2.65E0));
#3974=LINE('',#3973,#3972);
#3975=DIRECTION('',(0.E0,1.E0,0.E0));
#3976=VECTOR('',#3975,2.E-1);
#3977=CARTESIAN_POINT('',(4.9E0,-4.25E0,2.65E0));
#3978=LINE('',#3977,#3976);
#3979=DIRECTION('',(-1.E0,0.E0,0.E0));
#3980=VECTOR('',#3979,2.E-1);
#3981=CARTESIAN_POINT('',(5.1E0,-4.05E0,2.65E0));
#3982=LINE('',#3981,#3980);
#3983=DIRECTION('',(0.E0,-1.E0,0.E0));
#3984=VECTOR('',#3983,2.E-1);
#3985=CARTESIAN_POINT('',(5.1E0,-4.05E0,2.65E0));
#3986=LINE('',#3985,#3984);
#3987=DIRECTION('',(-2.357022603955E-1,-2.357022603955E-1,-9.428090415821E-1));
#3988=VECTOR('',#3987,6.363961030679E-1);
#3989=CARTESIAN_POINT('',(4.9E0,-4.25E0,2.65E0));
#3990=LINE('',#3989,#3988);
#3991=DIRECTION('',(-2.357022603955E-1,2.357022603955E-1,9.428090415821E-1));
#3992=VECTOR('',#3991,6.363961030679E-1);
#3993=CARTESIAN_POINT('',(5.25E0,-4.4E0,2.05E0));
#3994=LINE('',#3993,#3992);
#3995=DIRECTION('',(-1.E0,0.E0,0.E0));
#3996=VECTOR('',#3995,5.E-1);
#3997=CARTESIAN_POINT('',(5.25E0,-4.4E0,2.05E0));
#3998=LINE('',#3997,#3996);
#3999=DIRECTION('',(1.E0,0.E0,0.E0));
#4000=VECTOR('',#3999,5.E-1);
#4001=CARTESIAN_POINT('',(4.75E0,-4.4E0,1.45E0));
#4002=LINE('',#4001,#4000);
#4003=DIRECTION('',(1.E0,0.E0,0.E0));
#4004=VECTOR('',#4003,5.E-1);
#4005=CARTESIAN_POINT('',(4.75E0,-3.7E0,7.5E-1));
#4006=LINE('',#4005,#4004);
#4007=DIRECTION('',(-1.E0,0.E0,0.E0));
#4008=VECTOR('',#4007,5.E-1);
#4009=CARTESIAN_POINT('',(5.25E0,2.3E0,7.5E-1));
#4010=LINE('',#4009,#4008);
#4011=DIRECTION('',(2.357022603955E-1,-9.428090415821E-1,-2.357022603955E-1));
#4012=VECTOR('',#4011,6.363961030679E-1);
#4013=CARTESIAN_POINT('',(5.1E0,2.9E0,9.E-1));
#4014=LINE('',#4013,#4012);
#4015=DIRECTION('',(-2.357022603955E-1,-9.428090415821E-1,-2.357022603955E-1));
#4016=VECTOR('',#4015,6.363961030679E-1);
#4017=CARTESIAN_POINT('',(4.9E0,2.9E0,9.E-1));
#4018=LINE('',#4017,#4016);
#4019=DIRECTION('',(-2.357022603955E-1,2.357022603955E-1,-9.428090415821E-1));
#4020=VECTOR('',#4019,6.363961030679E-1);
#4021=CARTESIAN_POINT('',(4.9E0,-4.05E0,2.65E0));
#4022=LINE('',#4021,#4020);
#4023=DIRECTION('',(-1.E0,0.E0,0.E0));
#4024=VECTOR('',#4023,2.E-1);
#4025=CARTESIAN_POINT('',(5.1E0,-4.05E0,-2.65E0));
#4026=LINE('',#4025,#4024);
#4027=DIRECTION('',(0.E0,-1.E0,0.E0));
#4028=VECTOR('',#4027,2.E-1);
#4029=CARTESIAN_POINT('',(4.9E0,-4.05E0,-2.65E0));
#4030=LINE('',#4029,#4028);
#4031=DIRECTION('',(-1.E0,0.E0,0.E0));
#4032=VECTOR('',#4031,2.E-1);
#4033=CARTESIAN_POINT('',(5.1E0,-4.25E0,-2.65E0));
#4034=LINE('',#4033,#4032);
#4035=DIRECTION('',(0.E0,1.E0,0.E0));
#4036=VECTOR('',#4035,2.E-1);
#4037=CARTESIAN_POINT('',(5.1E0,-4.25E0,-2.65E0));
#4038=LINE('',#4037,#4036);
#4039=DIRECTION('',(0.E0,0.E0,-1.E0));
#4040=VECTOR('',#4039,5.E-1);
#4041=CARTESIAN_POINT('',(6.75E0,2.3E0,-7.5E-1));
#4042=LINE('',#4041,#4040);
#4043=DIRECTION('',(0.E0,-1.E0,0.E0));
#4044=VECTOR('',#4043,3.E0);
#4045=CARTESIAN_POINT('',(6.75E0,2.3E0,-7.5E-1));
#4046=LINE('',#4045,#4044);
#4047=DIRECTION('',(0.E0,1.E0,0.E0));
#4048=VECTOR('',#4047,3.E0);
#4049=CARTESIAN_POINT('',(6.75E0,-7.E-1,-1.25E0));
#4050=LINE('',#4049,#4048);
#4051=DIRECTION('',(0.E0,0.E0,-1.E0));
#4052=VECTOR('',#4051,5.E-1);
#4053=CARTESIAN_POINT('',(6.75E0,2.3E0,1.25E0));
#4054=LINE('',#4053,#4052);
#4055=DIRECTION('',(0.E0,-1.E0,0.E0));
#4056=VECTOR('',#4055,3.E0);
#4057=CARTESIAN_POINT('',(6.75E0,2.3E0,1.25E0));
#4058=LINE('',#4057,#4056);
#4059=DIRECTION('',(0.E0,1.E0,0.E0));
#4060=VECTOR('',#4059,3.E0);
#4061=CARTESIAN_POINT('',(6.75E0,-7.E-1,7.5E-1));
#4062=LINE('',#4061,#4060);
#4063=DIRECTION('',(0.E0,1.E0,0.E0));
#4064=VECTOR('',#4063,5.E-1);
#4065=CARTESIAN_POINT('',(6.75E0,-4.4E0,2.05E0));
#4066=LINE('',#4065,#4064);
#4067=DIRECTION('',(0.E0,0.E0,-1.E0));
#4068=VECTOR('',#4067,6.E-1);
#4069=CARTESIAN_POINT('',(6.75E0,-4.4E0,2.05E0));
#4070=LINE('',#4069,#4068);
#4071=CARTESIAN_POINT('',(6.75E0,-3.7E0,1.45E0));
#4072=DIRECTION('',(1.E0,0.E0,0.E0));
#4073=DIRECTION('',(0.E0,-1.E0,5.804880385897E-14));
#4074=AXIS2_PLACEMENT_3D('',#4071,#4072,#4073);
#4076=DIRECTION('',(0.E0,1.E0,0.E0));
#4077=VECTOR('',#4076,5.E-1);
#4078=CARTESIAN_POINT('',(6.75E0,-3.7E0,7.5E-1));
#4079=LINE('',#4078,#4077);
#4080=DIRECTION('',(0.E0,-1.E0,0.E0));
#4081=VECTOR('',#4080,5.E-1);
#4082=CARTESIAN_POINT('',(6.75E0,-3.2E0,1.25E0));
#4083=LINE('',#4082,#4081);
#4084=CARTESIAN_POINT('',(6.75E0,-3.7E0,1.45E0));
#4085=DIRECTION('',(-1.E0,0.E0,0.E0));
#4086=DIRECTION('',(0.E0,-2.220446049250E-14,-1.E0));
#4087=AXIS2_PLACEMENT_3D('',#4084,#4085,#4086);
#4089=DIRECTION('',(0.E0,0.E0,1.E0));
#4090=VECTOR('',#4089,6.E-1);
#4091=CARTESIAN_POINT('',(6.75E0,-3.9E0,1.45E0));
#4092=LINE('',#4091,#4090);
#4093=DIRECTION('',(0.E0,-1.E0,0.E0));
#4094=VECTOR('',#4093,5.E-1);
#4095=CARTESIAN_POINT('',(6.75E0,-3.9E0,-2.05E0));
#4096=LINE('',#4095,#4094);
#4097=DIRECTION('',(0.E0,0.E0,1.E0));
#4098=VECTOR('',#4097,6.E-1);
#4099=CARTESIAN_POINT('',(6.75E0,-3.9E0,-2.05E0));
#4100=LINE('',#4099,#4098);
#4101=CARTESIAN_POINT('',(6.75E0,-3.7E0,-1.45E0));
#4102=DIRECTION('',(-1.E0,0.E0,0.E0));
#4103=DIRECTION('',(0.E0,-1.E0,0.E0));
#4104=AXIS2_PLACEMENT_3D('',#4101,#4102,#4103);
#4106=DIRECTION('',(0.E0,1.E0,0.E0));
#4107=VECTOR('',#4106,5.E-1);
#4108=CARTESIAN_POINT('',(6.75E0,-3.7E0,-1.25E0));
#4109=LINE('',#4108,#4107);
#4110=DIRECTION('',(0.E0,-1.E0,0.E0));
#4111=VECTOR('',#4110,5.E-1);
#4112=CARTESIAN_POINT('',(6.75E0,-3.2E0,-7.5E-1));
#4113=LINE('',#4112,#4111);
#4114=CARTESIAN_POINT('',(6.75E0,-3.7E0,-1.45E0));
#4115=DIRECTION('',(1.E0,0.E0,0.E0));
#4116=DIRECTION('',(0.E0,0.E0,1.E0));
#4117=AXIS2_PLACEMENT_3D('',#4114,#4115,#4116);
#4119=DIRECTION('',(0.E0,0.E0,-1.E0));
#4120=VECTOR('',#4119,6.E-1);
#4121=CARTESIAN_POINT('',(6.75E0,-4.4E0,-1.45E0));
#4122=LINE('',#4121,#4120);
#4123=DIRECTION('',(-2.357022603955E-1,-9.428090415821E-1,-2.357022603955E-1));
#4124=VECTOR('',#4123,6.363961030679E-1);
#4125=CARTESIAN_POINT('',(6.9E0,2.9E0,-1.1E0));
#4126=LINE('',#4125,#4124);
#4127=DIRECTION('',(2.357022603955E-1,-9.428090415821E-1,-2.357022603955E-1));
#4128=VECTOR('',#4127,6.363961030679E-1);
#4129=CARTESIAN_POINT('',(7.1E0,2.9E0,-1.1E0));
#4130=LINE('',#4129,#4128);
#4131=DIRECTION('',(1.E0,0.E0,0.E0));
#4132=VECTOR('',#4131,5.E-1);
#4133=CARTESIAN_POINT('',(6.75E0,-3.7E0,-1.25E0));
#4134=LINE('',#4133,#4132);
#4135=DIRECTION('',(-1.E0,0.E0,0.E0));
#4136=VECTOR('',#4135,5.E-1);
#4137=CARTESIAN_POINT('',(7.25E0,2.3E0,-1.25E0));
#4138=LINE('',#4137,#4136);
#4139=DIRECTION('',(1.E0,0.E0,0.E0));
#4140=VECTOR('',#4139,5.E-1);
#4141=CARTESIAN_POINT('',(6.75E0,-3.9E0,-1.45E0));
#4142=LINE('',#4141,#4140);
#4143=DIRECTION('',(-1.E0,0.E0,0.E0));
#4144=VECTOR('',#4143,5.E-1);
#4145=CARTESIAN_POINT('',(7.25E0,-3.9E0,-2.05E0));
#4146=LINE('',#4145,#4144);
#4147=DIRECTION('',(-2.357022603955E-1,2.357022603955E-1,9.428090415821E-1));
#4148=VECTOR('',#4147,6.363961030679E-1);
#4149=CARTESIAN_POINT('',(6.9E0,-4.05E0,-2.65E0));
#4150=LINE('',#4149,#4148);
#4151=DIRECTION('',(-2.357022603955E-1,-2.357022603955E-1,-9.428090415821E-1));
#4152=VECTOR('',#4151,6.363961030679E-1);
#4153=CARTESIAN_POINT('',(7.25E0,-3.9E0,-2.05E0));
#4154=LINE('',#4153,#4152);
#4155=DIRECTION('',(-2.357022603955E-1,-2.357022603955E-1,9.428090415821E-1));
#4156=VECTOR('',#4155,6.363961030679E-1);
#4157=CARTESIAN_POINT('',(6.9E0,-4.25E0,-2.65E0));
#4158=LINE('',#4157,#4156);
#4159=DIRECTION('',(2.357022603955E-1,-2.357022603955E-1,9.428090415821E-1));
#4160=VECTOR('',#4159,6.363961030679E-1);
#4161=CARTESIAN_POINT('',(7.1E0,-4.25E0,-2.65E0));
#4162=LINE('',#4161,#4160);
#4163=DIRECTION('',(-1.E0,0.E0,0.E0));
#4164=VECTOR('',#4163,5.E-1);
#4165=CARTESIAN_POINT('',(7.25E0,-4.4E0,-2.05E0));
#4166=LINE('',#4165,#4164);
#4167=DIRECTION('',(1.E0,0.E0,0.E0));
#4168=VECTOR('',#4167,5.E-1);
#4169=CARTESIAN_POINT('',(6.75E0,-4.4E0,-1.45E0));
#4170=LINE('',#4169,#4168);
#4171=DIRECTION('',(1.E0,0.E0,0.E0));
#4172=VECTOR('',#4171,5.E-1);
#4173=CARTESIAN_POINT('',(6.75E0,-3.7E0,-7.5E-1));
#4174=LINE('',#4173,#4172);
#4175=DIRECTION('',(-1.E0,0.E0,0.E0));
#4176=VECTOR('',#4175,5.E-1);
#4177=CARTESIAN_POINT('',(7.25E0,2.3E0,-7.5E-1));
#4178=LINE('',#4177,#4176);
#4179=DIRECTION('',(0.E0,0.E0,1.E0));
#4180=VECTOR('',#4179,5.E-1);
#4181=CARTESIAN_POINT('',(7.25E0,2.3E0,-1.25E0));
#4182=LINE('',#4181,#4180);
#4183=DIRECTION('',(0.E0,1.E0,0.E0));
#4184=VECTOR('',#4183,3.E0);
#4185=CARTESIAN_POINT('',(7.25E0,-7.E-1,-1.25E0));
#4186=LINE('',#4185,#4184);
#4187=DIRECTION('',(0.E0,-1.E0,0.E0));
#4188=VECTOR('',#4187,3.E0);
#4189=CARTESIAN_POINT('',(7.25E0,2.3E0,-7.5E-1));
#4190=LINE('',#4189,#4188);
#4191=DIRECTION('',(0.E0,0.E0,1.E0));
#4192=VECTOR('',#4191,5.E-1);
#4193=CARTESIAN_POINT('',(7.25E0,2.3E0,7.5E-1));
#4194=LINE('',#4193,#4192);
#4195=DIRECTION('',(0.E0,1.E0,0.E0));
#4196=VECTOR('',#4195,3.E0);
#4197=CARTESIAN_POINT('',(7.25E0,-7.E-1,7.5E-1));
#4198=LINE('',#4197,#4196);
#4199=DIRECTION('',(0.E0,-1.E0,0.E0));
#4200=VECTOR('',#4199,3.E0);
#4201=CARTESIAN_POINT('',(7.25E0,2.3E0,1.25E0));
#4202=LINE('',#4201,#4200);
#4203=DIRECTION('',(0.E0,-1.E0,0.E0));
#4204=VECTOR('',#4203,5.E-1);
#4205=CARTESIAN_POINT('',(7.25E0,-3.9E0,2.05E0));
#4206=LINE('',#4205,#4204);
#4207=DIRECTION('',(0.E0,0.E0,1.E0));
#4208=VECTOR('',#4207,6.E-1);
#4209=CARTESIAN_POINT('',(7.25E0,-3.9E0,1.45E0));
#4210=LINE('',#4209,#4208);
#4211=CARTESIAN_POINT('',(7.25E0,-3.7E0,1.45E0));
#4212=DIRECTION('',(-1.E0,0.E0,0.E0));
#4213=DIRECTION('',(0.E0,-2.220446049250E-14,-1.E0));
#4214=AXIS2_PLACEMENT_3D('',#4211,#4212,#4213);
#4216=DIRECTION('',(0.E0,-1.E0,0.E0));
#4217=VECTOR('',#4216,5.E-1);
#4218=CARTESIAN_POINT('',(7.25E0,-3.2E0,1.25E0));
#4219=LINE('',#4218,#4217);
#4220=DIRECTION('',(0.E0,1.E0,0.E0));
#4221=VECTOR('',#4220,5.E-1);
#4222=CARTESIAN_POINT('',(7.25E0,-3.7E0,7.5E-1));
#4223=LINE('',#4222,#4221);
#4224=CARTESIAN_POINT('',(7.25E0,-3.7E0,1.45E0));
#4225=DIRECTION('',(1.E0,0.E0,0.E0));
#4226=DIRECTION('',(0.E0,-1.E0,5.804880385897E-14));
#4227=AXIS2_PLACEMENT_3D('',#4224,#4225,#4226);
#4229=DIRECTION('',(0.E0,0.E0,-1.E0));
#4230=VECTOR('',#4229,6.E-1);
#4231=CARTESIAN_POINT('',(7.25E0,-4.4E0,2.05E0));
#4232=LINE('',#4231,#4230);
#4233=DIRECTION('',(0.E0,1.E0,0.E0));
#4234=VECTOR('',#4233,5.E-1);
#4235=CARTESIAN_POINT('',(7.25E0,-4.4E0,-2.05E0));
#4236=LINE('',#4235,#4234);
#4237=DIRECTION('',(0.E0,0.E0,-1.E0));
#4238=VECTOR('',#4237,6.E-1);
#4239=CARTESIAN_POINT('',(7.25E0,-4.4E0,-1.45E0));
#4240=LINE('',#4239,#4238);
#4241=CARTESIAN_POINT('',(7.25E0,-3.7E0,-1.45E0));
#4242=DIRECTION('',(1.E0,0.E0,0.E0));
#4243=DIRECTION('',(0.E0,0.E0,1.E0));
#4244=AXIS2_PLACEMENT_3D('',#4241,#4242,#4243);
#4246=DIRECTION('',(0.E0,-1.E0,0.E0));
#4247=VECTOR('',#4246,5.E-1);
#4248=CARTESIAN_POINT('',(7.25E0,-3.2E0,-7.5E-1));
#4249=LINE('',#4248,#4247);
#4250=DIRECTION('',(0.E0,1.E0,0.E0));
#4251=VECTOR('',#4250,5.E-1);
#4252=CARTESIAN_POINT('',(7.25E0,-3.7E0,-1.25E0));
#4253=LINE('',#4252,#4251);
#4254=CARTESIAN_POINT('',(7.25E0,-3.7E0,-1.45E0));
#4255=DIRECTION('',(-1.E0,0.E0,0.E0));
#4256=DIRECTION('',(0.E0,-1.E0,0.E0));
#4257=AXIS2_PLACEMENT_3D('',#4254,#4255,#4256);
#4259=DIRECTION('',(0.E0,0.E0,1.E0));
#4260=VECTOR('',#4259,6.E-1);
#4261=CARTESIAN_POINT('',(7.25E0,-3.9E0,-2.05E0));
#4262=LINE('',#4261,#4260);
#4263=DIRECTION('',(-1.E0,0.E0,0.E0));
#4264=VECTOR('',#4263,2.E-1);
#4265=CARTESIAN_POINT('',(7.1E0,2.9E0,-9.E-1));
#4266=LINE('',#4265,#4264);
#4267=DIRECTION('',(0.E0,0.E0,-1.E0));
#4268=VECTOR('',#4267,2.E-1);
#4269=CARTESIAN_POINT('',(6.9E0,2.9E0,-9.E-1));
#4270=LINE('',#4269,#4268);
#4271=DIRECTION('',(-1.E0,0.E0,0.E0));
#4272=VECTOR('',#4271,2.E-1);
#4273=CARTESIAN_POINT('',(7.1E0,2.9E0,-1.1E0));
#4274=LINE('',#4273,#4272);
#4275=DIRECTION('',(0.E0,0.E0,1.E0));
#4276=VECTOR('',#4275,2.E-1);
#4277=CARTESIAN_POINT('',(7.1E0,2.9E0,-1.1E0));
#4278=LINE('',#4277,#4276);
#4279=DIRECTION('',(-2.357022603955E-1,-9.428090415821E-1,2.357022603955E-1));
#4280=VECTOR('',#4279,6.363961030679E-1);
#4281=CARTESIAN_POINT('',(6.9E0,2.9E0,-9.E-1));
#4282=LINE('',#4281,#4280);
#4283=DIRECTION('',(-2.357022603955E-1,9.428090415821E-1,-2.357022603955E-1));
#4284=VECTOR('',#4283,6.363961030679E-1);
#4285=CARTESIAN_POINT('',(7.25E0,2.3E0,-7.5E-1));
#4286=LINE('',#4285,#4284);
#4287=DIRECTION('',(2.357022603955E-1,-9.428090415821E-1,2.357022603955E-1));
#4288=VECTOR('',#4287,6.363961030679E-1);
#4289=CARTESIAN_POINT('',(7.1E0,2.9E0,1.1E0));
#4290=LINE('',#4289,#4288);
#4291=DIRECTION('',(-1.E0,0.E0,0.E0));
#4292=VECTOR('',#4291,2.E-1);
#4293=CARTESIAN_POINT('',(7.1E0,2.9E0,1.1E0));
#4294=LINE('',#4293,#4292);
#4295=DIRECTION('',(0.E0,0.E0,-1.E0));
#4296=VECTOR('',#4295,2.E-1);
#4297=CARTESIAN_POINT('',(6.9E0,2.9E0,1.1E0));
#4298=LINE('',#4297,#4296);
#4299=DIRECTION('',(-1.E0,0.E0,0.E0));
#4300=VECTOR('',#4299,2.E-1);
#4301=CARTESIAN_POINT('',(7.1E0,2.9E0,9.E-1));
#4302=LINE('',#4301,#4300);
#4303=DIRECTION('',(0.E0,0.E0,1.E0));
#4304=VECTOR('',#4303,2.E-1);
#4305=CARTESIAN_POINT('',(7.1E0,2.9E0,9.E-1));
#4306=LINE('',#4305,#4304);
#4307=DIRECTION('',(-2.357022603955E-1,-9.428090415821E-1,2.357022603955E-1));
#4308=VECTOR('',#4307,6.363961030679E-1);
#4309=CARTESIAN_POINT('',(6.9E0,2.9E0,1.1E0));
#4310=LINE('',#4309,#4308);
#4311=DIRECTION('',(-1.E0,0.E0,0.E0));
#4312=VECTOR('',#4311,5.E-1);
#4313=CARTESIAN_POINT('',(7.25E0,2.3E0,1.25E0));
#4314=LINE('',#4313,#4312);
#4315=DIRECTION('',(1.E0,0.E0,0.E0));
#4316=VECTOR('',#4315,5.E-1);
#4317=CARTESIAN_POINT('',(6.75E0,-3.7E0,1.25E0));
#4318=LINE('',#4317,#4316);
#4319=DIRECTION('',(-1.E0,0.E0,0.E0));
#4320=VECTOR('',#4319,5.E-1);
#4321=CARTESIAN_POINT('',(7.25E0,-3.9E0,2.05E0));
#4322=LINE('',#4321,#4320);
#4323=DIRECTION('',(1.E0,0.E0,0.E0));
#4324=VECTOR('',#4323,5.E-1);
#4325=CARTESIAN_POINT('',(6.75E0,-3.9E0,1.45E0));
#4326=LINE('',#4325,#4324);
#4327=DIRECTION('',(2.357022603955E-1,2.357022603955E-1,-9.428090415821E-1));
#4328=VECTOR('',#4327,6.363961030679E-1);
#4329=CARTESIAN_POINT('',(7.1E0,-4.05E0,2.65E0));
#4330=LINE('',#4329,#4328);
#4331=DIRECTION('',(-1.E0,0.E0,0.E0));
#4332=VECTOR('',#4331,2.E-1);
#4333=CARTESIAN_POINT('',(7.1E0,-4.25E0,2.65E0));
#4334=LINE('',#4333,#4332);
#4335=DIRECTION('',(0.E0,1.E0,0.E0));
#4336=VECTOR('',#4335,2.E-1);
#4337=CARTESIAN_POINT('',(6.9E0,-4.25E0,2.65E0));
#4338=LINE('',#4337,#4336);
#4339=DIRECTION('',(-1.E0,0.E0,0.E0));
#4340=VECTOR('',#4339,2.E-1);
#4341=CARTESIAN_POINT('',(7.1E0,-4.05E0,2.65E0));
#4342=LINE('',#4341,#4340);
#4343=DIRECTION('',(0.E0,-1.E0,0.E0));
#4344=VECTOR('',#4343,2.E-1);
#4345=CARTESIAN_POINT('',(7.1E0,-4.05E0,2.65E0));
#4346=LINE('',#4345,#4344);
#4347=DIRECTION('',(-2.357022603955E-1,-2.357022603955E-1,-9.428090415821E-1));
#4348=VECTOR('',#4347,6.363961030679E-1);
#4349=CARTESIAN_POINT('',(6.9E0,-4.25E0,2.65E0));
#4350=LINE('',#4349,#4348);
#4351=DIRECTION('',(-2.357022603955E-1,2.357022603955E-1,9.428090415821E-1));
#4352=VECTOR('',#4351,6.363961030679E-1);
#4353=CARTESIAN_POINT('',(7.25E0,-4.4E0,2.05E0));
#4354=LINE('',#4353,#4352);
#4355=DIRECTION('',(-1.E0,0.E0,0.E0));
#4356=VECTOR('',#4355,5.E-1);
#4357=CARTESIAN_POINT('',(7.25E0,-4.4E0,2.05E0));
#4358=LINE('',#4357,#4356);
#4359=DIRECTION('',(1.E0,0.E0,0.E0));
#4360=VECTOR('',#4359,5.E-1);
#4361=CARTESIAN_POINT('',(6.75E0,-4.4E0,1.45E0));
#4362=LINE('',#4361,#4360);
#4363=DIRECTION('',(1.E0,0.E0,0.E0));
#4364=VECTOR('',#4363,5.E-1);
#4365=CARTESIAN_POINT('',(6.75E0,-3.7E0,7.5E-1));
#4366=LINE('',#4365,#4364);
#4367=DIRECTION('',(-1.E0,0.E0,0.E0));
#4368=VECTOR('',#4367,5.E-1);
#4369=CARTESIAN_POINT('',(7.25E0,2.3E0,7.5E-1));
#4370=LINE('',#4369,#4368);
#4371=DIRECTION('',(2.357022603955E-1,-9.428090415821E-1,-2.357022603955E-1));
#4372=VECTOR('',#4371,6.363961030679E-1);
#4373=CARTESIAN_POINT('',(7.1E0,2.9E0,9.E-1));
#4374=LINE('',#4373,#4372);
#4375=DIRECTION('',(-2.357022603955E-1,-9.428090415821E-1,-2.357022603955E-1));
#4376=VECTOR('',#4375,6.363961030679E-1);
#4377=CARTESIAN_POINT('',(6.9E0,2.9E0,9.E-1));
#4378=LINE('',#4377,#4376);
#4379=DIRECTION('',(-2.357022603955E-1,2.357022603955E-1,-9.428090415821E-1));
#4380=VECTOR('',#4379,6.363961030679E-1);
#4381=CARTESIAN_POINT('',(6.9E0,-4.05E0,2.65E0));
#4382=LINE('',#4381,#4380);
#4383=DIRECTION('',(-1.E0,0.E0,0.E0));
#4384=VECTOR('',#4383,2.E-1);
#4385=CARTESIAN_POINT('',(7.1E0,-4.05E0,-2.65E0));
#4386=LINE('',#4385,#4384);
#4387=DIRECTION('',(0.E0,-1.E0,0.E0));
#4388=VECTOR('',#4387,2.E-1);
#4389=CARTESIAN_POINT('',(6.9E0,-4.05E0,-2.65E0));
#4390=LINE('',#4389,#4388);
#4391=DIRECTION('',(-1.E0,0.E0,0.E0));
#4392=VECTOR('',#4391,2.E-1);
#4393=CARTESIAN_POINT('',(7.1E0,-4.25E0,-2.65E0));
#4394=LINE('',#4393,#4392);
#4395=DIRECTION('',(0.E0,1.E0,0.E0));
#4396=VECTOR('',#4395,2.E-1);
#4397=CARTESIAN_POINT('',(7.1E0,-4.25E0,-2.65E0));
#4398=LINE('',#4397,#4396);
#4399=DIRECTION('',(2.531135301782E-9,-9.999999999970E-1,-2.440826450236E-6));
#4400=VECTOR('',#4399,2.049994999311E0);
#4401=CARTESIAN_POINT('',(6.E0,-3.2E0,4.25E-1));
#4402=LINE('',#4401,#4400);
#4403=DIRECTION('',(-2.531135301782E-9,-9.999999999970E-1,2.440826450100E-6));
#4404=VECTOR('',#4403,2.049994999311E0);
#4405=CARTESIAN_POINT('',(6.E0,-3.2E0,-4.25E-1));
#4406=LINE('',#4405,#4404);
#4407=CARTESIAN_POINT('',(6.E0,-5.399995027590E0,0.E0));
#4408=DIRECTION('',(0.E0,-1.E0,0.E0));
#4409=DIRECTION('',(0.E0,0.E0,-1.E0));
#4410=AXIS2_PLACEMENT_3D('',#4407,#4408,#4409);
#4412=CARTESIAN_POINT('',(6.E0,-5.249987666387E0,0.E0));
#4413=DIRECTION('',(0.E0,-1.E0,0.E0));
#4414=DIRECTION('',(0.E0,0.E0,-1.E0));
#4415=AXIS2_PLACEMENT_3D('',#4412,#4413,#4414);
#4417=DIRECTION('',(-3.357297307106E-9,7.071100177244E-1,-7.071035446339E-1));
#4418=VECTOR('',#4417,2.121320340683E-1);
#4419=CARTESIAN_POINT('',(5.999999995523E0,-5.399995685674E0,
-2.749956830979E-1));
#4420=LINE('',#4419,#4418);
#4421=CARTESIAN_POINT('',(-6.E0,-5.399995027590E0,0.E0));
#4422=DIRECTION('',(0.E0,-1.E0,0.E0));
#4423=DIRECTION('',(0.E0,0.E0,1.E0));
#4424=AXIS2_PLACEMENT_3D('',#4421,#4422,#4423);
#4426=CARTESIAN_POINT('',(-6.E0,-5.249987666387E0,0.E0));
#4427=DIRECTION('',(0.E0,-1.E0,0.E0));
#4428=DIRECTION('',(0.E0,0.E0,1.E0));
#4429=AXIS2_PLACEMENT_3D('',#4426,#4427,#4428);
#4431=DIRECTION('',(3.357293120193E-9,7.071100177244E-1,7.071035446339E-1));
#4432=VECTOR('',#4431,2.121320340683E-1);
#4433=CARTESIAN_POINT('',(-5.999999995523E0,-5.399995685674E0,
2.749956830979E-1));
#4434=LINE('',#4433,#4432);
#4435=CARTESIAN_POINT('',(-6.E0,-5.399995027590E0,0.E0));
#4436=DIRECTION('',(0.E0,-1.E0,0.E0));
#4437=DIRECTION('',(1.614916682834E-14,0.E0,-1.E0));
#4438=AXIS2_PLACEMENT_3D('',#4435,#4436,#4437);
#4440=CARTESIAN_POINT('',(-6.E0,-5.249987666387E0,0.E0));
#4441=DIRECTION('',(0.E0,-1.E0,0.E0));
#4442=DIRECTION('',(1.044934658793E-14,0.E0,-1.E0));
#4443=AXIS2_PLACEMENT_3D('',#4440,#4441,#4442);
#4445=DIRECTION('',(-3.357305680933E-9,7.071100177244E-1,-7.071035446339E-1));
#4446=VECTOR('',#4445,2.121320340683E-1);
#4447=CARTESIAN_POINT('',(-6.000000004477E0,-5.399995685674E0,
-2.749956830979E-1));
#4448=LINE('',#4447,#4446);
#4449=DIRECTION('',(-2.531135301782E-9,-9.999999999970E-1,2.440826450209E-6));
#4450=VECTOR('',#4449,2.049994999311E0);
#4451=CARTESIAN_POINT('',(-6.E0,-3.2E0,-4.25E-1));
#4452=LINE('',#4451,#4450);
#4453=DIRECTION('',(2.531135301782E-9,-9.999999999970E-1,-2.440826450236E-6));
#4454=VECTOR('',#4453,2.049994999311E0);
#4455=CARTESIAN_POINT('',(-6.E0,-3.2E0,4.25E-1));
#4456=LINE('',#4455,#4454);
#4457=CARTESIAN_POINT('',(6.E0,-5.399995027590E0,0.E0));
#4458=DIRECTION('',(0.E0,-1.E0,0.E0));
#4459=DIRECTION('',(0.E0,0.E0,1.E0));
#4460=AXIS2_PLACEMENT_3D('',#4457,#4458,#4459);
#4462=CARTESIAN_POINT('',(6.E0,-5.249987666387E0,0.E0));
#4463=DIRECTION('',(0.E0,-1.E0,0.E0));
#4464=DIRECTION('',(0.E0,0.E0,1.E0));
#4465=AXIS2_PLACEMENT_3D('',#4462,#4463,#4464);
#4467=DIRECTION('',(3.357305680933E-9,7.071100177244E-1,7.071035446339E-1));
#4468=VECTOR('',#4467,2.121320340683E-1);
#4469=CARTESIAN_POINT('',(6.000000004477E0,-5.399995685674E0,
2.749956830979E-1));
#4470=LINE('',#4469,#4468);
#4471=CARTESIAN_POINT('',(9.325E0,3.2E0,-3.15E0));
#4472=CARTESIAN_POINT('',(-9.325E0,3.2E0,-3.15E0));
#4473=VERTEX_POINT('',#4471);
#4474=VERTEX_POINT('',#4472);
#4475=CARTESIAN_POINT('',(-8.5E0,-1.5E0,-2.E0));
#4476=CARTESIAN_POINT('',(-8.5E0,-1.5E0,2.E0));
#4477=VERTEX_POINT('',#4475);
#4478=VERTEX_POINT('',#4476);
#4479=CARTESIAN_POINT('',(8.5E0,-1.5E0,2.E0));
#4480=VERTEX_POINT('',#4479);
#4481=CARTESIAN_POINT('',(8.5E0,-1.5E0,-2.E0));
#4482=VERTEX_POINT('',#4481);
#4483=CARTESIAN_POINT('',(-8.5E0,-3.2E0,-2.E0));
#4484=CARTESIAN_POINT('',(-8.5E0,-3.2E0,2.E0));
#4485=VERTEX_POINT('',#4483);
#4486=VERTEX_POINT('',#4484);
#4487=CARTESIAN_POINT('',(8.5E0,-3.2E0,2.E0));
#4488=VERTEX_POINT('',#4487);
#4489=CARTESIAN_POINT('',(8.5E0,-3.2E0,-2.E0));
#4490=VERTEX_POINT('',#4489);
#4491=CARTESIAN_POINT('',(-9.325E0,-1.5E0,-3.15E0));
#4492=VERTEX_POINT('',#4491);
#4493=CARTESIAN_POINT('',(9.325E0,-1.5E0,-3.15E0));
#4494=VERTEX_POINT('',#4493);
#4495=CARTESIAN_POINT('',(-9.325E0,3.2E0,3.15E0));
#4496=CARTESIAN_POINT('',(-9.325E0,-1.5E0,3.15E0));
#4497=VERTEX_POINT('',#4495);
#4498=VERTEX_POINT('',#4496);
#4499=CARTESIAN_POINT('',(9.325E0,-1.5E0,3.15E0));
#4500=CARTESIAN_POINT('',(9.325E0,3.2E0,3.15E0));
#4501=VERTEX_POINT('',#4499);
#4502=VERTEX_POINT('',#4500);
#4503=CARTESIAN_POINT('',(-7.25E0,-3.7E0,-1.25E0));
#4504=CARTESIAN_POINT('',(-7.25E0,-3.2E0,-1.25E0));
#4505=VERTEX_POINT('',#4503);
#4506=VERTEX_POINT('',#4504);
#4507=CARTESIAN_POINT('',(-7.25E0,-3.2E0,-7.5E-1));
#4508=CARTESIAN_POINT('',(-7.25E0,-3.7E0,-7.5E-1));
#4509=VERTEX_POINT('',#4507);
#4510=VERTEX_POINT('',#4508);
#4511=CARTESIAN_POINT('',(-7.25E0,-3.2E0,1.25E0));
#4512=CARTESIAN_POINT('',(-7.25E0,-3.7E0,1.25E0));
#4513=VERTEX_POINT('',#4511);
#4514=VERTEX_POINT('',#4512);
#4515=CARTESIAN_POINT('',(-7.25E0,-3.7E0,7.5E-1));
#4516=CARTESIAN_POINT('',(-7.25E0,-3.2E0,7.5E-1));
#4517=VERTEX_POINT('',#4515);
#4518=VERTEX_POINT('',#4516);
#4519=CARTESIAN_POINT('',(-6.75E0,-3.7E0,-1.25E0));
#4520=CARTESIAN_POINT('',(-6.75E0,-3.2E0,-1.25E0));
#4521=VERTEX_POINT('',#4519);
#4522=VERTEX_POINT('',#4520);
#4523=CARTESIAN_POINT('',(-6.75E0,-3.2E0,-7.5E-1));
#4524=CARTESIAN_POINT('',(-6.75E0,-3.7E0,-7.5E-1));
#4525=VERTEX_POINT('',#4523);
#4526=VERTEX_POINT('',#4524);
#4527=CARTESIAN_POINT('',(-6.75E0,-3.2E0,1.25E0));
#4528=CARTESIAN_POINT('',(-6.75E0,-3.7E0,1.25E0));
#4529=VERTEX_POINT('',#4527);
#4530=VERTEX_POINT('',#4528);
#4531=CARTESIAN_POINT('',(-6.75E0,-3.7E0,7.5E-1));
#4532=CARTESIAN_POINT('',(-6.75E0,-3.2E0,7.5E-1));
#4533=VERTEX_POINT('',#4531);
#4534=VERTEX_POINT('',#4532);
#4535=CARTESIAN_POINT('',(8.425E0,-7.E-1,-2.25E0));
#4536=CARTESIAN_POINT('',(8.025E0,-7.E-1,-2.25E0));
#4537=VERTEX_POINT('',#4535);
#4538=VERTEX_POINT('',#4536);
#4539=CARTESIAN_POINT('',(-9.325E0,-7.E-1,1.15E0));
#4540=CARTESIAN_POINT('',(-9.325E0,-7.E-1,-1.5E-1));
#4541=VERTEX_POINT('',#4539);
#4542=VERTEX_POINT('',#4540);
#4543=CARTESIAN_POINT('',(9.325E0,-7.E-1,1.5E-1));
#4544=CARTESIAN_POINT('',(9.325E0,-7.E-1,-1.15E0));
#4545=VERTEX_POINT('',#4543);
#4546=VERTEX_POINT('',#4544);
#4547=CARTESIAN_POINT('',(8.425E0,-7.E-1,1.5E-1));
#4548=VERTEX_POINT('',#4547);
#4549=CARTESIAN_POINT('',(8.425E0,-7.E-1,-1.15E0));
#4550=VERTEX_POINT('',#4549);
#4551=CARTESIAN_POINT('',(-8.425E0,-7.E-1,1.15E0));
#4552=VERTEX_POINT('',#4551);
#4553=CARTESIAN_POINT('',(-8.425E0,-7.E-1,-1.5E-1));
#4554=VERTEX_POINT('',#4553);
#4555=CARTESIAN_POINT('',(-8.025E0,-7.E-1,-2.25E0));
#4556=CARTESIAN_POINT('',(-8.025E0,2.6E0,-2.25E0));
#4557=VERTEX_POINT('',#4555);
#4558=VERTEX_POINT('',#4556);
#4559=CARTESIAN_POINT('',(8.025E0,2.6E0,-2.25E0));
#4560=VERTEX_POINT('',#4559);
#4561=CARTESIAN_POINT('',(-8.425E0,-7.E-1,-2.25E0));
#4562=VERTEX_POINT('',#4561);
#4563=CARTESIAN_POINT('',(-8.025E0,-7.E-1,-2.5E0));
#4564=VERTEX_POINT('',#4563);
#4565=CARTESIAN_POINT('',(8.025E0,-7.E-1,-2.5E0));
#4566=VERTEX_POINT('',#4565);
#4567=CARTESIAN_POINT('',(-8.025E0,2.85E0,-2.5E0));
#4568=VERTEX_POINT('',#4567);
#4569=CARTESIAN_POINT('',(8.025E0,2.85E0,-2.5E0));
#4570=VERTEX_POINT('',#4569);
#4571=CARTESIAN_POINT('',(-8.425E0,-7.E-1,2.25E0));
#4572=VERTEX_POINT('',#4571);
#4573=CARTESIAN_POINT('',(8.425E0,-7.E-1,2.25E0));
#4574=VERTEX_POINT('',#4573);
#4575=CARTESIAN_POINT('',(-7.25E0,-7.E-1,1.25E0));
#4576=CARTESIAN_POINT('',(-7.25E0,-7.E-1,7.5E-1));
#4577=VERTEX_POINT('',#4575);
#4578=VERTEX_POINT('',#4576);
#4579=CARTESIAN_POINT('',(-7.25E0,-7.E-1,-7.5E-1));
#4580=CARTESIAN_POINT('',(-7.25E0,-7.E-1,-1.25E0));
#4581=VERTEX_POINT('',#4579);
#4582=VERTEX_POINT('',#4580);
#4583=CARTESIAN_POINT('',(-6.75E0,-7.E-1,1.25E0));
#4584=CARTESIAN_POINT('',(-6.75E0,-7.E-1,7.5E-1));
#4585=VERTEX_POINT('',#4583);
#4586=VERTEX_POINT('',#4584);
#4587=CARTESIAN_POINT('',(-6.75E0,-7.E-1,-7.5E-1));
#4588=CARTESIAN_POINT('',(-6.75E0,-7.E-1,-1.25E0));
#4589=VERTEX_POINT('',#4587);
#4590=VERTEX_POINT('',#4588);
#4591=CARTESIAN_POINT('',(-7.325E0,3.2E0,3.15E0));
#4592=CARTESIAN_POINT('',(-6.825E0,2.333974596216E0,3.15E0));
#4593=VERTEX_POINT('',#4591);
#4594=VERTEX_POINT('',#4592);
#4595=CARTESIAN_POINT('',(-6.325E0,3.2E0,3.15E0));
#4596=VERTEX_POINT('',#4595);
#4597=CARTESIAN_POINT('',(-7.325E0,3.2E0,3.05E0));
#4598=VERTEX_POINT('',#4597);
#4599=CARTESIAN_POINT('',(-6.325E0,3.2E0,3.05E0));
#4600=VERTEX_POINT('',#4599);
#4601=CARTESIAN_POINT('',(-6.825E0,2.333974596216E0,3.05E0));
#4602=VERTEX_POINT('',#4601);
#4603=CARTESIAN_POINT('',(6.E0,-3.2E0,4.25E-1));
#4604=CARTESIAN_POINT('',(6.E0,-3.2E0,-4.25E-1));
#4605=VERTEX_POINT('',#4603);
#4606=VERTEX_POINT('',#4604);
#4607=CARTESIAN_POINT('',(-6.E0,-3.2E0,4.25E-1));
#4608=CARTESIAN_POINT('',(-6.E0,-3.2E0,-4.25E-1));
#4609=VERTEX_POINT('',#4607);
#4610=VERTEX_POINT('',#4608);
#4611=CARTESIAN_POINT('',(6.000000005189E0,-5.249994999304E0,
4.249949963180E-1));
#4612=VERTEX_POINT('',#4611);
#4613=CARTESIAN_POINT('',(5.999999994811E0,-5.249994999304E0,
-4.249949963180E-1));
#4614=VERTEX_POINT('',#4613);
#4615=CARTESIAN_POINT('',(-5.999999994811E0,-5.249994999304E0,
4.249949963180E-1));
#4616=VERTEX_POINT('',#4615);
#4617=CARTESIAN_POINT('',(-6.000000005189E0,-5.249994999304E0,
-4.249949963180E-1));
#4618=VERTEX_POINT('',#4617);
#4619=CARTESIAN_POINT('',(-7.25E0,-4.4E0,-1.45E0));
#4620=VERTEX_POINT('',#4619);
#4621=CARTESIAN_POINT('',(-7.25E0,-3.9E0,-1.45E0));
#4622=VERTEX_POINT('',#4621);
#4623=CARTESIAN_POINT('',(-7.25E0,-3.9E0,1.45E0));
#4624=VERTEX_POINT('',#4623);
#4625=CARTESIAN_POINT('',(-7.25E0,-4.4E0,1.45E0));
#4626=VERTEX_POINT('',#4625);
#4627=CARTESIAN_POINT('',(-6.75E0,-4.4E0,-1.45E0));
#4628=VERTEX_POINT('',#4627);
#4629=CARTESIAN_POINT('',(-6.75E0,-3.9E0,-1.45E0));
#4630=VERTEX_POINT('',#4629);
#4631=CARTESIAN_POINT('',(-6.75E0,-3.9E0,1.45E0));
#4632=VERTEX_POINT('',#4631);
#4633=CARTESIAN_POINT('',(-6.75E0,-4.4E0,1.45E0));
#4634=VERTEX_POINT('',#4633);
#4635=CARTESIAN_POINT('',(-6.E0,1.7E0,3.15E0));
#4636=CARTESIAN_POINT('',(-6.5E0,1.7E0,3.15E0));
#4637=VERTEX_POINT('',#4635);
#4638=VERTEX_POINT('',#4636);
#4639=CARTESIAN_POINT('',(-6.65E0,-1.5E0,3.15E0));
#4640=VERTEX_POINT('',#4639);
#4641=CARTESIAN_POINT('',(-3.35E0,-1.5E0,3.15E0));
#4642=CARTESIAN_POINT('',(-3.5E0,1.7E0,3.15E0));
#4643=VERTEX_POINT('',#4641);
#4644=VERTEX_POINT('',#4642);
#4645=CARTESIAN_POINT('',(-4.E0,1.7E0,3.15E0));
#4646=VERTEX_POINT('',#4645);
#4647=CARTESIAN_POINT('',(-6.6125E0,-7.E-1,2.25E0));
#4648=CARTESIAN_POINT('',(-6.65E0,-1.5E0,2.25E0));
#4649=VERTEX_POINT('',#4647);
#4650=VERTEX_POINT('',#4648);
#4651=CARTESIAN_POINT('',(-3.35E0,-1.5E0,2.25E0));
#4652=CARTESIAN_POINT('',(-3.3875E0,-7.E-1,2.25E0));
#4653=VERTEX_POINT('',#4651);
#4654=VERTEX_POINT('',#4652);
#4655=CARTESIAN_POINT('',(-6.5E0,1.7E0,2.5E0));
#4656=VERTEX_POINT('',#4655);
#4657=CARTESIAN_POINT('',(-3.5E0,1.7E0,2.5E0));
#4658=VERTEX_POINT('',#4657);
#4659=CARTESIAN_POINT('',(-8.025E0,2.6E0,2.25E0));
#4660=CARTESIAN_POINT('',(-8.025E0,-7.E-1,2.25E0));
#4661=VERTEX_POINT('',#4659);
#4662=VERTEX_POINT('',#4660);
#4663=CARTESIAN_POINT('',(8.025E0,-7.E-1,2.25E0));
#4664=VERTEX_POINT('',#4663);
#4665=CARTESIAN_POINT('',(-8.025E0,-7.E-1,2.5E0));
#4666=VERTEX_POINT('',#4665);
#4667=CARTESIAN_POINT('',(-4.E0,5.E-1,3.15E0));
#4668=VERTEX_POINT('',#4667);
#4669=CARTESIAN_POINT('',(-6.E0,5.E-1,3.15E0));
#4670=VERTEX_POINT('',#4669);
#4671=CARTESIAN_POINT('',(-4.E0,1.7E0,2.5E0));
#4672=VERTEX_POINT('',#4671);
#4673=CARTESIAN_POINT('',(-4.E0,5.E-1,2.5E0));
#4674=VERTEX_POINT('',#4673);
#4675=CARTESIAN_POINT('',(-6.E0,5.E-1,2.5E0));
#4676=VERTEX_POINT('',#4675);
#4677=CARTESIAN_POINT('',(-6.E0,1.7E0,2.5E0));
#4678=VERTEX_POINT('',#4677);
#4679=CARTESIAN_POINT('',(-6.6125E0,-7.E-1,2.5E0));
#4680=VERTEX_POINT('',#4679);
#4681=CARTESIAN_POINT('',(-3.3875E0,-7.E-1,2.5E0));
#4682=VERTEX_POINT('',#4681);
#4683=CARTESIAN_POINT('',(-6.75E0,2.3E0,-7.5E-1));
#4684=CARTESIAN_POINT('',(-7.25E0,2.3E0,-7.5E-1));
#4685=VERTEX_POINT('',#4683);
#4686=VERTEX_POINT('',#4684);
#4687=CARTESIAN_POINT('',(-6.9E0,2.9E0,-9.E-1));
#4688=CARTESIAN_POINT('',(-7.1E0,2.9E0,-9.E-1));
#4689=VERTEX_POINT('',#4687);
#4690=VERTEX_POINT('',#4688);
#4691=CARTESIAN_POINT('',(-6.9E0,2.9E0,-1.1E0));
#4692=VERTEX_POINT('',#4691);
#4693=CARTESIAN_POINT('',(-6.75E0,2.3E0,-1.25E0));
#4694=VERTEX_POINT('',#4693);
#4695=CARTESIAN_POINT('',(-7.25E0,2.3E0,-1.25E0));
#4696=VERTEX_POINT('',#4695);
#4697=CARTESIAN_POINT('',(-7.1E0,2.9E0,-1.1E0));
#4698=VERTEX_POINT('',#4697);
#4699=CARTESIAN_POINT('',(-6.75E0,2.3E0,1.25E0));
#4700=CARTESIAN_POINT('',(-7.25E0,2.3E0,1.25E0));
#4701=VERTEX_POINT('',#4699);
#4702=VERTEX_POINT('',#4700);
#4703=CARTESIAN_POINT('',(-6.9E0,2.9E0,1.1E0));
#4704=CARTESIAN_POINT('',(-7.1E0,2.9E0,1.1E0));
#4705=VERTEX_POINT('',#4703);
#4706=VERTEX_POINT('',#4704);
#4707=CARTESIAN_POINT('',(-6.9E0,2.9E0,9.E-1));
#4708=VERTEX_POINT('',#4707);
#4709=CARTESIAN_POINT('',(-6.75E0,2.3E0,7.5E-1));
#4710=VERTEX_POINT('',#4709);
#4711=CARTESIAN_POINT('',(-7.25E0,2.3E0,7.5E-1));
#4712=VERTEX_POINT('',#4711);
#4713=CARTESIAN_POINT('',(-7.1E0,2.9E0,9.E-1));
#4714=VERTEX_POINT('',#4713);
#4715=CARTESIAN_POINT('',(-6.75E0,-4.4E0,2.05E0));
#4716=CARTESIAN_POINT('',(-7.25E0,-4.4E0,2.05E0));
#4717=VERTEX_POINT('',#4715);
#4718=VERTEX_POINT('',#4716);
#4719=CARTESIAN_POINT('',(-6.9E0,-4.25E0,2.65E0));
#4720=CARTESIAN_POINT('',(-7.1E0,-4.25E0,2.65E0));
#4721=VERTEX_POINT('',#4719);
#4722=VERTEX_POINT('',#4720);
#4723=CARTESIAN_POINT('',(-6.9E0,-4.05E0,2.65E0));
#4724=VERTEX_POINT('',#4723);
#4725=CARTESIAN_POINT('',(-6.75E0,-3.9E0,2.05E0));
#4726=VERTEX_POINT('',#4725);
#4727=CARTESIAN_POINT('',(-7.25E0,-3.9E0,2.05E0));
#4728=VERTEX_POINT('',#4727);
#4729=CARTESIAN_POINT('',(-7.1E0,-4.05E0,2.65E0));
#4730=VERTEX_POINT('',#4729);
#4731=CARTESIAN_POINT('',(-6.75E0,-3.9E0,-2.05E0));
#4732=CARTESIAN_POINT('',(-7.25E0,-3.9E0,-2.05E0));
#4733=VERTEX_POINT('',#4731);
#4734=VERTEX_POINT('',#4732);
#4735=CARTESIAN_POINT('',(-6.9E0,-4.05E0,-2.65E0));
#4736=CARTESIAN_POINT('',(-7.1E0,-4.05E0,-2.65E0));
#4737=VERTEX_POINT('',#4735);
#4738=VERTEX_POINT('',#4736);
#4739=CARTESIAN_POINT('',(-6.9E0,-4.25E0,-2.65E0));
#4740=VERTEX_POINT('',#4739);
#4741=CARTESIAN_POINT('',(-6.75E0,-4.4E0,-2.05E0));
#4742=VERTEX_POINT('',#4741);
#4743=CARTESIAN_POINT('',(-7.25E0,-4.4E0,-2.05E0));
#4744=VERTEX_POINT('',#4743);
#4745=CARTESIAN_POINT('',(-7.1E0,-4.25E0,-2.65E0));
#4746=VERTEX_POINT('',#4745);
#4747=CARTESIAN_POINT('',(-9.325E0,2.6E0,-1.5E-1));
#4748=CARTESIAN_POINT('',(-9.325E0,3.2E0,-7.5E-1));
#4749=VERTEX_POINT('',#4747);
#4750=VERTEX_POINT('',#4748);
#4751=CARTESIAN_POINT('',(-9.025E0,3.2E0,-7.5E-1));
#4752=VERTEX_POINT('',#4751);
#4753=CARTESIAN_POINT('',(-8.425E0,2.6E0,-1.5E-1));
#4754=VERTEX_POINT('',#4753);
#4755=CARTESIAN_POINT('',(-8.425E0,2.6E0,-2.25E0));
#4756=VERTEX_POINT('',#4755);
#4757=CARTESIAN_POINT('',(-9.025E0,3.2E0,-2.85E0));
#4758=VERTEX_POINT('',#4757);
#4759=CARTESIAN_POINT('',(9.025E0,3.2E0,-2.85E0));
#4760=VERTEX_POINT('',#4759);
#4761=CARTESIAN_POINT('',(8.425E0,2.6E0,-2.25E0));
#4762=CARTESIAN_POINT('',(8.425E0,2.6E0,-1.15E0));
#4763=VERTEX_POINT('',#4761);
#4764=VERTEX_POINT('',#4762);
#4765=CARTESIAN_POINT('',(9.025E0,3.2E0,-1.75E0));
#4766=VERTEX_POINT('',#4765);
#4767=CARTESIAN_POINT('',(9.325E0,3.2E0,-1.75E0));
#4768=CARTESIAN_POINT('',(9.325E0,2.6E0,-1.15E0));
#4769=VERTEX_POINT('',#4767);
#4770=VERTEX_POINT('',#4768);
#4771=CARTESIAN_POINT('',(9.325E0,2.6E0,1.5E-1));
#4772=CARTESIAN_POINT('',(9.325E0,3.2E0,7.5E-1));
#4773=VERTEX_POINT('',#4771);
#4774=VERTEX_POINT('',#4772);
#4775=CARTESIAN_POINT('',(9.025E0,3.2E0,7.5E-1));
#4776=VERTEX_POINT('',#4775);
#4777=CARTESIAN_POINT('',(8.425E0,2.6E0,1.5E-1));
#4778=VERTEX_POINT('',#4777);
#4779=CARTESIAN_POINT('',(8.425E0,2.6E0,2.25E0));
#4780=VERTEX_POINT('',#4779);
#4781=CARTESIAN_POINT('',(9.025E0,3.2E0,2.85E0));
#4782=VERTEX_POINT('',#4781);
#4783=CARTESIAN_POINT('',(-8.425E0,2.6E0,2.25E0));
#4784=CARTESIAN_POINT('',(-8.425E0,2.6E0,1.15E0));
#4785=VERTEX_POINT('',#4783);
#4786=VERTEX_POINT('',#4784);
#4787=CARTESIAN_POINT('',(-9.025E0,3.2E0,2.85E0));
#4788=CARTESIAN_POINT('',(-9.025E0,3.2E0,1.75E0));
#4789=VERTEX_POINT('',#4787);
#4790=VERTEX_POINT('',#4788);
#4791=CARTESIAN_POINT('',(-9.325E0,3.2E0,1.75E0));
#4792=CARTESIAN_POINT('',(-9.325E0,2.6E0,1.15E0));
#4793=VERTEX_POINT('',#4791);
#4794=VERTEX_POINT('',#4792);
#4795=CARTESIAN_POINT('',(-6.E0,-5.399995027590E0,2.749920256386E-1));
#4796=CARTESIAN_POINT('',(-6.E0,-5.399995027590E0,-2.749920256386E-1));
#4797=VERTEX_POINT('',#4795);
#4798=VERTEX_POINT('',#4796);
#4799=CARTESIAN_POINT('',(6.E0,-5.399995027590E0,2.749920256386E-1));
#4800=CARTESIAN_POINT('',(6.E0,-5.399995027590E0,-2.749920256386E-1));
#4801=VERTEX_POINT('',#4799);
#4802=VERTEX_POINT('',#4800);
#4803=CARTESIAN_POINT('',(-8.025E0,2.85E0,2.5E0));
#4804=VERTEX_POINT('',#4803);
#4805=CARTESIAN_POINT('',(8.025E0,2.6E0,2.25E0));
#4806=VERTEX_POINT('',#4805);
#4807=CARTESIAN_POINT('',(-5.25E0,-3.7E0,-7.5E-1));
#4808=CARTESIAN_POINT('',(-5.25E0,-4.4E0,-1.45E0));
#4809=VERTEX_POINT('',#4807);
#4810=VERTEX_POINT('',#4808);
#4811=CARTESIAN_POINT('',(-5.25E0,-3.9E0,-1.45E0));
#4812=CARTESIAN_POINT('',(-5.25E0,-3.7E0,-1.25E0));
#4813=VERTEX_POINT('',#4811);
#4814=VERTEX_POINT('',#4812);
#4815=CARTESIAN_POINT('',(-5.25E0,-3.7E0,1.25E0));
#4816=CARTESIAN_POINT('',(-5.25E0,-3.9E0,1.45E0));
#4817=VERTEX_POINT('',#4815);
#4818=VERTEX_POINT('',#4816);
#4819=CARTESIAN_POINT('',(-5.25E0,-4.4E0,1.45E0));
#4820=CARTESIAN_POINT('',(-5.25E0,-3.7E0,7.5E-1));
#4821=VERTEX_POINT('',#4819);
#4822=VERTEX_POINT('',#4820);
#4823=CARTESIAN_POINT('',(-4.75E0,-3.7E0,-7.5E-1));
#4824=CARTESIAN_POINT('',(-4.75E0,-4.4E0,-1.45E0));
#4825=VERTEX_POINT('',#4823);
#4826=VERTEX_POINT('',#4824);
#4827=CARTESIAN_POINT('',(-4.75E0,-3.9E0,-1.45E0));
#4828=CARTESIAN_POINT('',(-4.75E0,-3.7E0,-1.25E0));
#4829=VERTEX_POINT('',#4827);
#4830=VERTEX_POINT('',#4828);
#4831=CARTESIAN_POINT('',(-4.75E0,-3.7E0,1.25E0));
#4832=CARTESIAN_POINT('',(-4.75E0,-3.9E0,1.45E0));
#4833=VERTEX_POINT('',#4831);
#4834=VERTEX_POINT('',#4832);
#4835=CARTESIAN_POINT('',(-4.75E0,-4.4E0,1.45E0));
#4836=CARTESIAN_POINT('',(-4.75E0,-3.7E0,7.5E-1));
#4837=VERTEX_POINT('',#4835);
#4838=VERTEX_POINT('',#4836);
#4839=CARTESIAN_POINT('',(-5.25E0,-7.E-1,1.25E0));
#4840=CARTESIAN_POINT('',(-5.25E0,-7.E-1,7.5E-1));
#4841=VERTEX_POINT('',#4839);
#4842=VERTEX_POINT('',#4840);
#4843=CARTESIAN_POINT('',(-5.25E0,-7.E-1,-7.5E-1));
#4844=CARTESIAN_POINT('',(-5.25E0,-7.E-1,-1.25E0));
#4845=VERTEX_POINT('',#4843);
#4846=VERTEX_POINT('',#4844);
#4847=CARTESIAN_POINT('',(-4.75E0,-7.E-1,1.25E0));
#4848=CARTESIAN_POINT('',(-4.75E0,-7.E-1,7.5E-1));
#4849=VERTEX_POINT('',#4847);
#4850=VERTEX_POINT('',#4848);
#4851=CARTESIAN_POINT('',(-4.75E0,-7.E-1,-7.5E-1));
#4852=CARTESIAN_POINT('',(-4.75E0,-7.E-1,-1.25E0));
#4853=VERTEX_POINT('',#4851);
#4854=VERTEX_POINT('',#4852);
#4855=CARTESIAN_POINT('',(-5.25E0,-3.2E0,-1.25E0));
#4856=VERTEX_POINT('',#4855);
#4857=CARTESIAN_POINT('',(-5.25E0,-3.2E0,-7.5E-1));
#4858=VERTEX_POINT('',#4857);
#4859=CARTESIAN_POINT('',(-5.25E0,-3.2E0,1.25E0));
#4860=VERTEX_POINT('',#4859);
#4861=CARTESIAN_POINT('',(-5.25E0,-3.2E0,7.5E-1));
#4862=VERTEX_POINT('',#4861);
#4863=CARTESIAN_POINT('',(-4.75E0,-3.2E0,-1.25E0));
#4864=VERTEX_POINT('',#4863);
#4865=CARTESIAN_POINT('',(-4.75E0,-3.2E0,-7.5E-1));
#4866=VERTEX_POINT('',#4865);
#4867=CARTESIAN_POINT('',(-4.75E0,-3.2E0,1.25E0));
#4868=VERTEX_POINT('',#4867);
#4869=CARTESIAN_POINT('',(-4.75E0,-3.2E0,7.5E-1));
#4870=VERTEX_POINT('',#4869);
#4871=CARTESIAN_POINT('',(-3.25E0,-3.7E0,-7.5E-1));
#4872=CARTESIAN_POINT('',(-3.25E0,-4.4E0,-1.45E0));
#4873=VERTEX_POINT('',#4871);
#4874=VERTEX_POINT('',#4872);
#4875=CARTESIAN_POINT('',(-3.25E0,-3.9E0,-1.45E0));
#4876=CARTESIAN_POINT('',(-3.25E0,-3.7E0,-1.25E0));
#4877=VERTEX_POINT('',#4875);
#4878=VERTEX_POINT('',#4876);
#4879=CARTESIAN_POINT('',(-3.25E0,-3.7E0,1.25E0));
#4880=CARTESIAN_POINT('',(-3.25E0,-3.9E0,1.45E0));
#4881=VERTEX_POINT('',#4879);
#4882=VERTEX_POINT('',#4880);
#4883=CARTESIAN_POINT('',(-3.25E0,-4.4E0,1.45E0));
#4884=CARTESIAN_POINT('',(-3.25E0,-3.7E0,7.5E-1));
#4885=VERTEX_POINT('',#4883);
#4886=VERTEX_POINT('',#4884);
#4887=CARTESIAN_POINT('',(-2.75E0,-3.7E0,-7.5E-1));
#4888=CARTESIAN_POINT('',(-2.75E0,-4.4E0,-1.45E0));
#4889=VERTEX_POINT('',#4887);
#4890=VERTEX_POINT('',#4888);
#4891=CARTESIAN_POINT('',(-2.75E0,-3.9E0,-1.45E0));
#4892=CARTESIAN_POINT('',(-2.75E0,-3.7E0,-1.25E0));
#4893=VERTEX_POINT('',#4891);
#4894=VERTEX_POINT('',#4892);
#4895=CARTESIAN_POINT('',(-2.75E0,-3.7E0,1.25E0));
#4896=CARTESIAN_POINT('',(-2.75E0,-3.9E0,1.45E0));
#4897=VERTEX_POINT('',#4895);
#4898=VERTEX_POINT('',#4896);
#4899=CARTESIAN_POINT('',(-2.75E0,-4.4E0,1.45E0));
#4900=CARTESIAN_POINT('',(-2.75E0,-3.7E0,7.5E-1));
#4901=VERTEX_POINT('',#4899);
#4902=VERTEX_POINT('',#4900);
#4903=CARTESIAN_POINT('',(-3.25E0,-7.E-1,1.25E0));
#4904=CARTESIAN_POINT('',(-3.25E0,-7.E-1,7.5E-1));
#4905=VERTEX_POINT('',#4903);
#4906=VERTEX_POINT('',#4904);
#4907=CARTESIAN_POINT('',(-3.25E0,-7.E-1,-7.5E-1));
#4908=CARTESIAN_POINT('',(-3.25E0,-7.E-1,-1.25E0));
#4909=VERTEX_POINT('',#4907);
#4910=VERTEX_POINT('',#4908);
#4911=CARTESIAN_POINT('',(-2.75E0,-7.E-1,1.25E0));
#4912=CARTESIAN_POINT('',(-2.75E0,-7.E-1,7.5E-1));
#4913=VERTEX_POINT('',#4911);
#4914=VERTEX_POINT('',#4912);
#4915=CARTESIAN_POINT('',(-2.75E0,-7.E-1,-7.5E-1));
#4916=CARTESIAN_POINT('',(-2.75E0,-7.E-1,-1.25E0));
#4917=VERTEX_POINT('',#4915);
#4918=VERTEX_POINT('',#4916);
#4919=CARTESIAN_POINT('',(-3.25E0,-3.2E0,-1.25E0));
#4920=VERTEX_POINT('',#4919);
#4921=CARTESIAN_POINT('',(-3.25E0,-3.2E0,-7.5E-1));
#4922=VERTEX_POINT('',#4921);
#4923=CARTESIAN_POINT('',(-3.25E0,-3.2E0,1.25E0));
#4924=VERTEX_POINT('',#4923);
#4925=CARTESIAN_POINT('',(-3.25E0,-3.2E0,7.5E-1));
#4926=VERTEX_POINT('',#4925);
#4927=CARTESIAN_POINT('',(-2.75E0,-3.2E0,-1.25E0));
#4928=VERTEX_POINT('',#4927);
#4929=CARTESIAN_POINT('',(-2.75E0,-3.2E0,-7.5E-1));
#4930=VERTEX_POINT('',#4929);
#4931=CARTESIAN_POINT('',(-2.75E0,-3.2E0,1.25E0));
#4932=VERTEX_POINT('',#4931);
#4933=CARTESIAN_POINT('',(-2.75E0,-3.2E0,7.5E-1));
#4934=VERTEX_POINT('',#4933);
#4935=CARTESIAN_POINT('',(-1.25E0,-3.7E0,-7.5E-1));
#4936=CARTESIAN_POINT('',(-1.25E0,-4.4E0,-1.45E0));
#4937=VERTEX_POINT('',#4935);
#4938=VERTEX_POINT('',#4936);
#4939=CARTESIAN_POINT('',(-1.25E0,-3.9E0,-1.45E0));
#4940=CARTESIAN_POINT('',(-1.25E0,-3.7E0,-1.25E0));
#4941=VERTEX_POINT('',#4939);
#4942=VERTEX_POINT('',#4940);
#4943=CARTESIAN_POINT('',(-1.25E0,-3.7E0,1.25E0));
#4944=CARTESIAN_POINT('',(-1.25E0,-3.9E0,1.45E0));
#4945=VERTEX_POINT('',#4943);
#4946=VERTEX_POINT('',#4944);
#4947=CARTESIAN_POINT('',(-1.25E0,-4.4E0,1.45E0));
#4948=CARTESIAN_POINT('',(-1.25E0,-3.7E0,7.5E-1));
#4949=VERTEX_POINT('',#4947);
#4950=VERTEX_POINT('',#4948);
#4951=CARTESIAN_POINT('',(-7.5E-1,-3.7E0,-7.5E-1));
#4952=CARTESIAN_POINT('',(-7.5E-1,-4.4E0,-1.45E0));
#4953=VERTEX_POINT('',#4951);
#4954=VERTEX_POINT('',#4952);
#4955=CARTESIAN_POINT('',(-7.5E-1,-3.9E0,-1.45E0));
#4956=CARTESIAN_POINT('',(-7.5E-1,-3.7E0,-1.25E0));
#4957=VERTEX_POINT('',#4955);
#4958=VERTEX_POINT('',#4956);
#4959=CARTESIAN_POINT('',(-7.5E-1,-3.7E0,1.25E0));
#4960=CARTESIAN_POINT('',(-7.5E-1,-3.9E0,1.45E0));
#4961=VERTEX_POINT('',#4959);
#4962=VERTEX_POINT('',#4960);
#4963=CARTESIAN_POINT('',(-7.5E-1,-4.4E0,1.45E0));
#4964=CARTESIAN_POINT('',(-7.5E-1,-3.7E0,7.5E-1));
#4965=VERTEX_POINT('',#4963);
#4966=VERTEX_POINT('',#4964);
#4967=CARTESIAN_POINT('',(-1.25E0,-7.E-1,1.25E0));
#4968=CARTESIAN_POINT('',(-1.25E0,-7.E-1,7.5E-1));
#4969=VERTEX_POINT('',#4967);
#4970=VERTEX_POINT('',#4968);
#4971=CARTESIAN_POINT('',(-1.25E0,-7.E-1,-7.5E-1));
#4972=CARTESIAN_POINT('',(-1.25E0,-7.E-1,-1.25E0));
#4973=VERTEX_POINT('',#4971);
#4974=VERTEX_POINT('',#4972);
#4975=CARTESIAN_POINT('',(-7.5E-1,-7.E-1,1.25E0));
#4976=CARTESIAN_POINT('',(-7.5E-1,-7.E-1,7.5E-1));
#4977=VERTEX_POINT('',#4975);
#4978=VERTEX_POINT('',#4976);
#4979=CARTESIAN_POINT('',(-7.5E-1,-7.E-1,-7.5E-1));
#4980=CARTESIAN_POINT('',(-7.5E-1,-7.E-1,-1.25E0));
#4981=VERTEX_POINT('',#4979);
#4982=VERTEX_POINT('',#4980);
#4983=CARTESIAN_POINT('',(-1.25E0,-3.2E0,-1.25E0));
#4984=VERTEX_POINT('',#4983);
#4985=CARTESIAN_POINT('',(-1.25E0,-3.2E0,-7.5E-1));
#4986=VERTEX_POINT('',#4985);
#4987=CARTESIAN_POINT('',(-1.25E0,-3.2E0,1.25E0));
#4988=VERTEX_POINT('',#4987);
#4989=CARTESIAN_POINT('',(-1.25E0,-3.2E0,7.5E-1));
#4990=VERTEX_POINT('',#4989);
#4991=CARTESIAN_POINT('',(-7.5E-1,-3.2E0,-1.25E0));
#4992=VERTEX_POINT('',#4991);
#4993=CARTESIAN_POINT('',(-7.5E-1,-3.2E0,-7.5E-1));
#4994=VERTEX_POINT('',#4993);
#4995=CARTESIAN_POINT('',(-7.5E-1,-3.2E0,1.25E0));
#4996=VERTEX_POINT('',#4995);
#4997=CARTESIAN_POINT('',(-7.5E-1,-3.2E0,7.5E-1));
#4998=VERTEX_POINT('',#4997);
#4999=CARTESIAN_POINT('',(7.5E-1,-3.7E0,-7.5E-1));
#5000=CARTESIAN_POINT('',(7.5E-1,-4.4E0,-1.45E0));
#5001=VERTEX_POINT('',#4999);
#5002=VERTEX_POINT('',#5000);
#5003=CARTESIAN_POINT('',(7.5E-1,-3.9E0,-1.45E0));
#5004=CARTESIAN_POINT('',(7.5E-1,-3.7E0,-1.25E0));
#5005=VERTEX_POINT('',#5003);
#5006=VERTEX_POINT('',#5004);
#5007=CARTESIAN_POINT('',(7.5E-1,-3.7E0,1.25E0));
#5008=CARTESIAN_POINT('',(7.5E-1,-3.9E0,1.45E0));
#5009=VERTEX_POINT('',#5007);
#5010=VERTEX_POINT('',#5008);
#5011=CARTESIAN_POINT('',(7.5E-1,-4.4E0,1.45E0));
#5012=CARTESIAN_POINT('',(7.5E-1,-3.7E0,7.5E-1));
#5013=VERTEX_POINT('',#5011);
#5014=VERTEX_POINT('',#5012);
#5015=CARTESIAN_POINT('',(1.25E0,-3.7E0,-7.5E-1));
#5016=CARTESIAN_POINT('',(1.25E0,-4.4E0,-1.45E0));
#5017=VERTEX_POINT('',#5015);
#5018=VERTEX_POINT('',#5016);
#5019=CARTESIAN_POINT('',(1.25E0,-3.9E0,-1.45E0));
#5020=CARTESIAN_POINT('',(1.25E0,-3.7E0,-1.25E0));
#5021=VERTEX_POINT('',#5019);
#5022=VERTEX_POINT('',#5020);
#5023=CARTESIAN_POINT('',(1.25E0,-3.7E0,1.25E0));
#5024=CARTESIAN_POINT('',(1.25E0,-3.9E0,1.45E0));
#5025=VERTEX_POINT('',#5023);
#5026=VERTEX_POINT('',#5024);
#5027=CARTESIAN_POINT('',(1.25E0,-4.4E0,1.45E0));
#5028=CARTESIAN_POINT('',(1.25E0,-3.7E0,7.5E-1));
#5029=VERTEX_POINT('',#5027);
#5030=VERTEX_POINT('',#5028);
#5031=CARTESIAN_POINT('',(7.5E-1,-7.E-1,1.25E0));
#5032=CARTESIAN_POINT('',(7.5E-1,-7.E-1,7.5E-1));
#5033=VERTEX_POINT('',#5031);
#5034=VERTEX_POINT('',#5032);
#5035=CARTESIAN_POINT('',(7.5E-1,-7.E-1,-7.5E-1));
#5036=CARTESIAN_POINT('',(7.5E-1,-7.E-1,-1.25E0));
#5037=VERTEX_POINT('',#5035);
#5038=VERTEX_POINT('',#5036);
#5039=CARTESIAN_POINT('',(1.25E0,-7.E-1,1.25E0));
#5040=CARTESIAN_POINT('',(1.25E0,-7.E-1,7.5E-1));
#5041=VERTEX_POINT('',#5039);
#5042=VERTEX_POINT('',#5040);
#5043=CARTESIAN_POINT('',(1.25E0,-7.E-1,-7.5E-1));
#5044=CARTESIAN_POINT('',(1.25E0,-7.E-1,-1.25E0));
#5045=VERTEX_POINT('',#5043);
#5046=VERTEX_POINT('',#5044);
#5047=CARTESIAN_POINT('',(7.5E-1,-3.2E0,-1.25E0));
#5048=VERTEX_POINT('',#5047);
#5049=CARTESIAN_POINT('',(7.5E-1,-3.2E0,-7.5E-1));
#5050=VERTEX_POINT('',#5049);
#5051=CARTESIAN_POINT('',(7.5E-1,-3.2E0,1.25E0));
#5052=VERTEX_POINT('',#5051);
#5053=CARTESIAN_POINT('',(7.5E-1,-3.2E0,7.5E-1));
#5054=VERTEX_POINT('',#5053);
#5055=CARTESIAN_POINT('',(1.25E0,-3.2E0,-1.25E0));
#5056=VERTEX_POINT('',#5055);
#5057=CARTESIAN_POINT('',(1.25E0,-3.2E0,-7.5E-1));
#5058=VERTEX_POINT('',#5057);
#5059=CARTESIAN_POINT('',(1.25E0,-3.2E0,1.25E0));
#5060=VERTEX_POINT('',#5059);
#5061=CARTESIAN_POINT('',(1.25E0,-3.2E0,7.5E-1));
#5062=VERTEX_POINT('',#5061);
#5063=CARTESIAN_POINT('',(-4.75E0,2.3E0,-7.5E-1));
#5064=CARTESIAN_POINT('',(-5.25E0,2.3E0,-7.5E-1));
#5065=VERTEX_POINT('',#5063);
#5066=VERTEX_POINT('',#5064);
#5067=CARTESIAN_POINT('',(-4.9E0,2.9E0,-9.E-1));
#5068=CARTESIAN_POINT('',(-5.1E0,2.9E0,-9.E-1));
#5069=VERTEX_POINT('',#5067);
#5070=VERTEX_POINT('',#5068);
#5071=CARTESIAN_POINT('',(-4.9E0,2.9E0,-1.1E0));
#5072=VERTEX_POINT('',#5071);
#5073=CARTESIAN_POINT('',(-4.75E0,2.3E0,-1.25E0));
#5074=VERTEX_POINT('',#5073);
#5075=CARTESIAN_POINT('',(-5.25E0,2.3E0,-1.25E0));
#5076=VERTEX_POINT('',#5075);
#5077=CARTESIAN_POINT('',(-5.1E0,2.9E0,-1.1E0));
#5078=VERTEX_POINT('',#5077);
#5079=CARTESIAN_POINT('',(-4.75E0,2.3E0,1.25E0));
#5080=CARTESIAN_POINT('',(-5.25E0,2.3E0,1.25E0));
#5081=VERTEX_POINT('',#5079);
#5082=VERTEX_POINT('',#5080);
#5083=CARTESIAN_POINT('',(-4.9E0,2.9E0,1.1E0));
#5084=CARTESIAN_POINT('',(-5.1E0,2.9E0,1.1E0));
#5085=VERTEX_POINT('',#5083);
#5086=VERTEX_POINT('',#5084);
#5087=CARTESIAN_POINT('',(-4.9E0,2.9E0,9.E-1));
#5088=VERTEX_POINT('',#5087);
#5089=CARTESIAN_POINT('',(-4.75E0,2.3E0,7.5E-1));
#5090=VERTEX_POINT('',#5089);
#5091=CARTESIAN_POINT('',(-5.25E0,2.3E0,7.5E-1));
#5092=VERTEX_POINT('',#5091);
#5093=CARTESIAN_POINT('',(-5.1E0,2.9E0,9.E-1));
#5094=VERTEX_POINT('',#5093);
#5095=CARTESIAN_POINT('',(-4.75E0,-4.4E0,2.05E0));
#5096=CARTESIAN_POINT('',(-5.25E0,-4.4E0,2.05E0));
#5097=VERTEX_POINT('',#5095);
#5098=VERTEX_POINT('',#5096);
#5099=CARTESIAN_POINT('',(-4.9E0,-4.25E0,2.65E0));
#5100=CARTESIAN_POINT('',(-5.1E0,-4.25E0,2.65E0));
#5101=VERTEX_POINT('',#5099);
#5102=VERTEX_POINT('',#5100);
#5103=CARTESIAN_POINT('',(-4.9E0,-4.05E0,2.65E0));
#5104=VERTEX_POINT('',#5103);
#5105=CARTESIAN_POINT('',(-4.75E0,-3.9E0,2.05E0));
#5106=VERTEX_POINT('',#5105);
#5107=CARTESIAN_POINT('',(-5.25E0,-3.9E0,2.05E0));
#5108=VERTEX_POINT('',#5107);
#5109=CARTESIAN_POINT('',(-5.1E0,-4.05E0,2.65E0));
#5110=VERTEX_POINT('',#5109);
#5111=CARTESIAN_POINT('',(-4.75E0,-3.9E0,-2.05E0));
#5112=CARTESIAN_POINT('',(-5.25E0,-3.9E0,-2.05E0));
#5113=VERTEX_POINT('',#5111);
#5114=VERTEX_POINT('',#5112);
#5115=CARTESIAN_POINT('',(-4.9E0,-4.05E0,-2.65E0));
#5116=CARTESIAN_POINT('',(-5.1E0,-4.05E0,-2.65E0));
#5117=VERTEX_POINT('',#5115);
#5118=VERTEX_POINT('',#5116);
#5119=CARTESIAN_POINT('',(-4.9E0,-4.25E0,-2.65E0));
#5120=VERTEX_POINT('',#5119);
#5121=CARTESIAN_POINT('',(-4.75E0,-4.4E0,-2.05E0));
#5122=VERTEX_POINT('',#5121);
#5123=CARTESIAN_POINT('',(-5.25E0,-4.4E0,-2.05E0));
#5124=VERTEX_POINT('',#5123);
#5125=CARTESIAN_POINT('',(-5.1E0,-4.25E0,-2.65E0));
#5126=VERTEX_POINT('',#5125);
#5127=CARTESIAN_POINT('',(-2.75E0,2.3E0,-7.5E-1));
#5128=CARTESIAN_POINT('',(-3.25E0,2.3E0,-7.5E-1));
#5129=VERTEX_POINT('',#5127);
#5130=VERTEX_POINT('',#5128);
#5131=CARTESIAN_POINT('',(-2.9E0,2.9E0,-9.E-1));
#5132=CARTESIAN_POINT('',(-3.1E0,2.9E0,-9.E-1));
#5133=VERTEX_POINT('',#5131);
#5134=VERTEX_POINT('',#5132);
#5135=CARTESIAN_POINT('',(-2.9E0,2.9E0,-1.1E0));
#5136=VERTEX_POINT('',#5135);
#5137=CARTESIAN_POINT('',(-2.75E0,2.3E0,-1.25E0));
#5138=VERTEX_POINT('',#5137);
#5139=CARTESIAN_POINT('',(-3.25E0,2.3E0,-1.25E0));
#5140=VERTEX_POINT('',#5139);
#5141=CARTESIAN_POINT('',(-3.1E0,2.9E0,-1.1E0));
#5142=VERTEX_POINT('',#5141);
#5143=CARTESIAN_POINT('',(-2.75E0,2.3E0,1.25E0));
#5144=CARTESIAN_POINT('',(-3.25E0,2.3E0,1.25E0));
#5145=VERTEX_POINT('',#5143);
#5146=VERTEX_POINT('',#5144);
#5147=CARTESIAN_POINT('',(-2.9E0,2.9E0,1.1E0));
#5148=CARTESIAN_POINT('',(-3.1E0,2.9E0,1.1E0));
#5149=VERTEX_POINT('',#5147);
#5150=VERTEX_POINT('',#5148);
#5151=CARTESIAN_POINT('',(-2.9E0,2.9E0,9.E-1));
#5152=VERTEX_POINT('',#5151);
#5153=CARTESIAN_POINT('',(-2.75E0,2.3E0,7.5E-1));
#5154=VERTEX_POINT('',#5153);
#5155=CARTESIAN_POINT('',(-3.25E0,2.3E0,7.5E-1));
#5156=VERTEX_POINT('',#5155);
#5157=CARTESIAN_POINT('',(-3.1E0,2.9E0,9.E-1));
#5158=VERTEX_POINT('',#5157);
#5159=CARTESIAN_POINT('',(-2.75E0,-4.4E0,2.05E0));
#5160=CARTESIAN_POINT('',(-3.25E0,-4.4E0,2.05E0));
#5161=VERTEX_POINT('',#5159);
#5162=VERTEX_POINT('',#5160);
#5163=CARTESIAN_POINT('',(-2.9E0,-4.25E0,2.65E0));
#5164=CARTESIAN_POINT('',(-3.1E0,-4.25E0,2.65E0));
#5165=VERTEX_POINT('',#5163);
#5166=VERTEX_POINT('',#5164);
#5167=CARTESIAN_POINT('',(-2.9E0,-4.05E0,2.65E0));
#5168=VERTEX_POINT('',#5167);
#5169=CARTESIAN_POINT('',(-2.75E0,-3.9E0,2.05E0));
#5170=VERTEX_POINT('',#5169);
#5171=CARTESIAN_POINT('',(-3.25E0,-3.9E0,2.05E0));
#5172=VERTEX_POINT('',#5171);
#5173=CARTESIAN_POINT('',(-3.1E0,-4.05E0,2.65E0));
#5174=VERTEX_POINT('',#5173);
#5175=CARTESIAN_POINT('',(-2.75E0,-3.9E0,-2.05E0));
#5176=CARTESIAN_POINT('',(-3.25E0,-3.9E0,-2.05E0));
#5177=VERTEX_POINT('',#5175);
#5178=VERTEX_POINT('',#5176);
#5179=CARTESIAN_POINT('',(-2.9E0,-4.05E0,-2.65E0));
#5180=CARTESIAN_POINT('',(-3.1E0,-4.05E0,-2.65E0));
#5181=VERTEX_POINT('',#5179);
#5182=VERTEX_POINT('',#5180);
#5183=CARTESIAN_POINT('',(-2.9E0,-4.25E0,-2.65E0));
#5184=VERTEX_POINT('',#5183);
#5185=CARTESIAN_POINT('',(-2.75E0,-4.4E0,-2.05E0));
#5186=VERTEX_POINT('',#5185);
#5187=CARTESIAN_POINT('',(-3.25E0,-4.4E0,-2.05E0));
#5188=VERTEX_POINT('',#5187);
#5189=CARTESIAN_POINT('',(-3.1E0,-4.25E0,-2.65E0));
#5190=VERTEX_POINT('',#5189);
#5191=CARTESIAN_POINT('',(-7.5E-1,2.3E0,-7.5E-1));
#5192=CARTESIAN_POINT('',(-1.25E0,2.3E0,-7.5E-1));
#5193=VERTEX_POINT('',#5191);
#5194=VERTEX_POINT('',#5192);
#5195=CARTESIAN_POINT('',(-9.E-1,2.9E0,-9.E-1));
#5196=CARTESIAN_POINT('',(-1.1E0,2.9E0,-9.E-1));
#5197=VERTEX_POINT('',#5195);
#5198=VERTEX_POINT('',#5196);
#5199=CARTESIAN_POINT('',(-9.E-1,2.9E0,-1.1E0));
#5200=VERTEX_POINT('',#5199);
#5201=CARTESIAN_POINT('',(-7.5E-1,2.3E0,-1.25E0));
#5202=VERTEX_POINT('',#5201);
#5203=CARTESIAN_POINT('',(-1.25E0,2.3E0,-1.25E0));
#5204=VERTEX_POINT('',#5203);
#5205=CARTESIAN_POINT('',(-1.1E0,2.9E0,-1.1E0));
#5206=VERTEX_POINT('',#5205);
#5207=CARTESIAN_POINT('',(-7.5E-1,2.3E0,1.25E0));
#5208=CARTESIAN_POINT('',(-1.25E0,2.3E0,1.25E0));
#5209=VERTEX_POINT('',#5207);
#5210=VERTEX_POINT('',#5208);
#5211=CARTESIAN_POINT('',(-9.E-1,2.9E0,1.1E0));
#5212=CARTESIAN_POINT('',(-1.1E0,2.9E0,1.1E0));
#5213=VERTEX_POINT('',#5211);
#5214=VERTEX_POINT('',#5212);
#5215=CARTESIAN_POINT('',(-9.E-1,2.9E0,9.E-1));
#5216=VERTEX_POINT('',#5215);
#5217=CARTESIAN_POINT('',(-7.5E-1,2.3E0,7.5E-1));
#5218=VERTEX_POINT('',#5217);
#5219=CARTESIAN_POINT('',(-1.25E0,2.3E0,7.5E-1));
#5220=VERTEX_POINT('',#5219);
#5221=CARTESIAN_POINT('',(-1.1E0,2.9E0,9.E-1));
#5222=VERTEX_POINT('',#5221);
#5223=CARTESIAN_POINT('',(-7.5E-1,-4.4E0,2.05E0));
#5224=CARTESIAN_POINT('',(-1.25E0,-4.4E0,2.05E0));
#5225=VERTEX_POINT('',#5223);
#5226=VERTEX_POINT('',#5224);
#5227=CARTESIAN_POINT('',(-9.E-1,-4.25E0,2.65E0));
#5228=CARTESIAN_POINT('',(-1.1E0,-4.25E0,2.65E0));
#5229=VERTEX_POINT('',#5227);
#5230=VERTEX_POINT('',#5228);
#5231=CARTESIAN_POINT('',(-9.E-1,-4.05E0,2.65E0));
#5232=VERTEX_POINT('',#5231);
#5233=CARTESIAN_POINT('',(-7.5E-1,-3.9E0,2.05E0));
#5234=VERTEX_POINT('',#5233);
#5235=CARTESIAN_POINT('',(-1.25E0,-3.9E0,2.05E0));
#5236=VERTEX_POINT('',#5235);
#5237=CARTESIAN_POINT('',(-1.1E0,-4.05E0,2.65E0));
#5238=VERTEX_POINT('',#5237);
#5239=CARTESIAN_POINT('',(-7.5E-1,-3.9E0,-2.05E0));
#5240=CARTESIAN_POINT('',(-1.25E0,-3.9E0,-2.05E0));
#5241=VERTEX_POINT('',#5239);
#5242=VERTEX_POINT('',#5240);
#5243=CARTESIAN_POINT('',(-9.E-1,-4.05E0,-2.65E0));
#5244=CARTESIAN_POINT('',(-1.1E0,-4.05E0,-2.65E0));
#5245=VERTEX_POINT('',#5243);
#5246=VERTEX_POINT('',#5244);
#5247=CARTESIAN_POINT('',(-9.E-1,-4.25E0,-2.65E0));
#5248=VERTEX_POINT('',#5247);
#5249=CARTESIAN_POINT('',(-7.5E-1,-4.4E0,-2.05E0));
#5250=VERTEX_POINT('',#5249);
#5251=CARTESIAN_POINT('',(-1.25E0,-4.4E0,-2.05E0));
#5252=VERTEX_POINT('',#5251);
#5253=CARTESIAN_POINT('',(-1.1E0,-4.25E0,-2.65E0));
#5254=VERTEX_POINT('',#5253);
#5255=CARTESIAN_POINT('',(1.25E0,2.3E0,-7.5E-1));
#5256=CARTESIAN_POINT('',(7.5E-1,2.3E0,-7.5E-1));
#5257=VERTEX_POINT('',#5255);
#5258=VERTEX_POINT('',#5256);
#5259=CARTESIAN_POINT('',(1.1E0,2.9E0,-9.E-1));
#5260=CARTESIAN_POINT('',(9.E-1,2.9E0,-9.E-1));
#5261=VERTEX_POINT('',#5259);
#5262=VERTEX_POINT('',#5260);
#5263=CARTESIAN_POINT('',(1.1E0,2.9E0,-1.1E0));
#5264=VERTEX_POINT('',#5263);
#5265=CARTESIAN_POINT('',(1.25E0,2.3E0,-1.25E0));
#5266=VERTEX_POINT('',#5265);
#5267=CARTESIAN_POINT('',(7.5E-1,2.3E0,-1.25E0));
#5268=VERTEX_POINT('',#5267);
#5269=CARTESIAN_POINT('',(9.E-1,2.9E0,-1.1E0));
#5270=VERTEX_POINT('',#5269);
#5271=CARTESIAN_POINT('',(1.25E0,2.3E0,1.25E0));
#5272=CARTESIAN_POINT('',(7.5E-1,2.3E0,1.25E0));
#5273=VERTEX_POINT('',#5271);
#5274=VERTEX_POINT('',#5272);
#5275=CARTESIAN_POINT('',(1.1E0,2.9E0,1.1E0));
#5276=CARTESIAN_POINT('',(9.E-1,2.9E0,1.1E0));
#5277=VERTEX_POINT('',#5275);
#5278=VERTEX_POINT('',#5276);
#5279=CARTESIAN_POINT('',(1.1E0,2.9E0,9.E-1));
#5280=VERTEX_POINT('',#5279);
#5281=CARTESIAN_POINT('',(1.25E0,2.3E0,7.5E-1));
#5282=VERTEX_POINT('',#5281);
#5283=CARTESIAN_POINT('',(7.5E-1,2.3E0,7.5E-1));
#5284=VERTEX_POINT('',#5283);
#5285=CARTESIAN_POINT('',(9.E-1,2.9E0,9.E-1));
#5286=VERTEX_POINT('',#5285);
#5287=CARTESIAN_POINT('',(1.25E0,-4.4E0,2.05E0));
#5288=CARTESIAN_POINT('',(7.5E-1,-4.4E0,2.05E0));
#5289=VERTEX_POINT('',#5287);
#5290=VERTEX_POINT('',#5288);
#5291=CARTESIAN_POINT('',(1.1E0,-4.25E0,2.65E0));
#5292=CARTESIAN_POINT('',(9.E-1,-4.25E0,2.65E0));
#5293=VERTEX_POINT('',#5291);
#5294=VERTEX_POINT('',#5292);
#5295=CARTESIAN_POINT('',(1.1E0,-4.05E0,2.65E0));
#5296=VERTEX_POINT('',#5295);
#5297=CARTESIAN_POINT('',(1.25E0,-3.9E0,2.05E0));
#5298=VERTEX_POINT('',#5297);
#5299=CARTESIAN_POINT('',(7.5E-1,-3.9E0,2.05E0));
#5300=VERTEX_POINT('',#5299);
#5301=CARTESIAN_POINT('',(9.E-1,-4.05E0,2.65E0));
#5302=VERTEX_POINT('',#5301);
#5303=CARTESIAN_POINT('',(1.25E0,-3.9E0,-2.05E0));
#5304=CARTESIAN_POINT('',(7.5E-1,-3.9E0,-2.05E0));
#5305=VERTEX_POINT('',#5303);
#5306=VERTEX_POINT('',#5304);
#5307=CARTESIAN_POINT('',(1.1E0,-4.05E0,-2.65E0));
#5308=CARTESIAN_POINT('',(9.E-1,-4.05E0,-2.65E0));
#5309=VERTEX_POINT('',#5307);
#5310=VERTEX_POINT('',#5308);
#5311=CARTESIAN_POINT('',(1.1E0,-4.25E0,-2.65E0));
#5312=VERTEX_POINT('',#5311);
#5313=CARTESIAN_POINT('',(1.25E0,-4.4E0,-2.05E0));
#5314=VERTEX_POINT('',#5313);
#5315=CARTESIAN_POINT('',(7.5E-1,-4.4E0,-2.05E0));
#5316=VERTEX_POINT('',#5315);
#5317=CARTESIAN_POINT('',(9.E-1,-4.25E0,-2.65E0));
#5318=VERTEX_POINT('',#5317);
#5319=CARTESIAN_POINT('',(2.75E0,-3.7E0,-7.5E-1));
#5320=CARTESIAN_POINT('',(2.75E0,-4.4E0,-1.45E0));
#5321=VERTEX_POINT('',#5319);
#5322=VERTEX_POINT('',#5320);
#5323=CARTESIAN_POINT('',(2.75E0,-3.9E0,-1.45E0));
#5324=CARTESIAN_POINT('',(2.75E0,-3.7E0,-1.25E0));
#5325=VERTEX_POINT('',#5323);
#5326=VERTEX_POINT('',#5324);
#5327=CARTESIAN_POINT('',(2.75E0,-3.7E0,1.25E0));
#5328=CARTESIAN_POINT('',(2.75E0,-3.9E0,1.45E0));
#5329=VERTEX_POINT('',#5327);
#5330=VERTEX_POINT('',#5328);
#5331=CARTESIAN_POINT('',(2.75E0,-4.4E0,1.45E0));
#5332=CARTESIAN_POINT('',(2.75E0,-3.7E0,7.5E-1));
#5333=VERTEX_POINT('',#5331);
#5334=VERTEX_POINT('',#5332);
#5335=CARTESIAN_POINT('',(3.25E0,-3.7E0,-7.5E-1));
#5336=CARTESIAN_POINT('',(3.25E0,-4.4E0,-1.45E0));
#5337=VERTEX_POINT('',#5335);
#5338=VERTEX_POINT('',#5336);
#5339=CARTESIAN_POINT('',(3.25E0,-3.9E0,-1.45E0));
#5340=CARTESIAN_POINT('',(3.25E0,-3.7E0,-1.25E0));
#5341=VERTEX_POINT('',#5339);
#5342=VERTEX_POINT('',#5340);
#5343=CARTESIAN_POINT('',(3.25E0,-3.7E0,1.25E0));
#5344=CARTESIAN_POINT('',(3.25E0,-3.9E0,1.45E0));
#5345=VERTEX_POINT('',#5343);
#5346=VERTEX_POINT('',#5344);
#5347=CARTESIAN_POINT('',(3.25E0,-4.4E0,1.45E0));
#5348=CARTESIAN_POINT('',(3.25E0,-3.7E0,7.5E-1));
#5349=VERTEX_POINT('',#5347);
#5350=VERTEX_POINT('',#5348);
#5351=CARTESIAN_POINT('',(2.75E0,-7.E-1,1.25E0));
#5352=CARTESIAN_POINT('',(2.75E0,-7.E-1,7.5E-1));
#5353=VERTEX_POINT('',#5351);
#5354=VERTEX_POINT('',#5352);
#5355=CARTESIAN_POINT('',(2.75E0,-7.E-1,-7.5E-1));
#5356=CARTESIAN_POINT('',(2.75E0,-7.E-1,-1.25E0));
#5357=VERTEX_POINT('',#5355);
#5358=VERTEX_POINT('',#5356);
#5359=CARTESIAN_POINT('',(3.25E0,-7.E-1,1.25E0));
#5360=CARTESIAN_POINT('',(3.25E0,-7.E-1,7.5E-1));
#5361=VERTEX_POINT('',#5359);
#5362=VERTEX_POINT('',#5360);
#5363=CARTESIAN_POINT('',(3.25E0,-7.E-1,-7.5E-1));
#5364=CARTESIAN_POINT('',(3.25E0,-7.E-1,-1.25E0));
#5365=VERTEX_POINT('',#5363);
#5366=VERTEX_POINT('',#5364);
#5367=CARTESIAN_POINT('',(2.75E0,-3.2E0,-1.25E0));
#5368=VERTEX_POINT('',#5367);
#5369=CARTESIAN_POINT('',(2.75E0,-3.2E0,-7.5E-1));
#5370=VERTEX_POINT('',#5369);
#5371=CARTESIAN_POINT('',(2.75E0,-3.2E0,1.25E0));
#5372=VERTEX_POINT('',#5371);
#5373=CARTESIAN_POINT('',(2.75E0,-3.2E0,7.5E-1));
#5374=VERTEX_POINT('',#5373);
#5375=CARTESIAN_POINT('',(3.25E0,-3.2E0,-1.25E0));
#5376=VERTEX_POINT('',#5375);
#5377=CARTESIAN_POINT('',(3.25E0,-3.2E0,-7.5E-1));
#5378=VERTEX_POINT('',#5377);
#5379=CARTESIAN_POINT('',(3.25E0,-3.2E0,1.25E0));
#5380=VERTEX_POINT('',#5379);
#5381=CARTESIAN_POINT('',(3.25E0,-3.2E0,7.5E-1));
#5382=VERTEX_POINT('',#5381);
#5383=CARTESIAN_POINT('',(3.25E0,2.3E0,-7.5E-1));
#5384=CARTESIAN_POINT('',(2.75E0,2.3E0,-7.5E-1));
#5385=VERTEX_POINT('',#5383);
#5386=VERTEX_POINT('',#5384);
#5387=CARTESIAN_POINT('',(3.1E0,2.9E0,-9.E-1));
#5388=CARTESIAN_POINT('',(2.9E0,2.9E0,-9.E-1));
#5389=VERTEX_POINT('',#5387);
#5390=VERTEX_POINT('',#5388);
#5391=CARTESIAN_POINT('',(3.1E0,2.9E0,-1.1E0));
#5392=VERTEX_POINT('',#5391);
#5393=CARTESIAN_POINT('',(3.25E0,2.3E0,-1.25E0));
#5394=VERTEX_POINT('',#5393);
#5395=CARTESIAN_POINT('',(2.75E0,2.3E0,-1.25E0));
#5396=VERTEX_POINT('',#5395);
#5397=CARTESIAN_POINT('',(2.9E0,2.9E0,-1.1E0));
#5398=VERTEX_POINT('',#5397);
#5399=CARTESIAN_POINT('',(3.25E0,2.3E0,1.25E0));
#5400=CARTESIAN_POINT('',(2.75E0,2.3E0,1.25E0));
#5401=VERTEX_POINT('',#5399);
#5402=VERTEX_POINT('',#5400);
#5403=CARTESIAN_POINT('',(3.1E0,2.9E0,1.1E0));
#5404=CARTESIAN_POINT('',(2.9E0,2.9E0,1.1E0));
#5405=VERTEX_POINT('',#5403);
#5406=VERTEX_POINT('',#5404);
#5407=CARTESIAN_POINT('',(3.1E0,2.9E0,9.E-1));
#5408=VERTEX_POINT('',#5407);
#5409=CARTESIAN_POINT('',(3.25E0,2.3E0,7.5E-1));
#5410=VERTEX_POINT('',#5409);
#5411=CARTESIAN_POINT('',(2.75E0,2.3E0,7.5E-1));
#5412=VERTEX_POINT('',#5411);
#5413=CARTESIAN_POINT('',(2.9E0,2.9E0,9.E-1));
#5414=VERTEX_POINT('',#5413);
#5415=CARTESIAN_POINT('',(3.25E0,-4.4E0,2.05E0));
#5416=CARTESIAN_POINT('',(2.75E0,-4.4E0,2.05E0));
#5417=VERTEX_POINT('',#5415);
#5418=VERTEX_POINT('',#5416);
#5419=CARTESIAN_POINT('',(3.1E0,-4.25E0,2.65E0));
#5420=CARTESIAN_POINT('',(2.9E0,-4.25E0,2.65E0));
#5421=VERTEX_POINT('',#5419);
#5422=VERTEX_POINT('',#5420);
#5423=CARTESIAN_POINT('',(3.1E0,-4.05E0,2.65E0));
#5424=VERTEX_POINT('',#5423);
#5425=CARTESIAN_POINT('',(3.25E0,-3.9E0,2.05E0));
#5426=VERTEX_POINT('',#5425);
#5427=CARTESIAN_POINT('',(2.75E0,-3.9E0,2.05E0));
#5428=VERTEX_POINT('',#5427);
#5429=CARTESIAN_POINT('',(2.9E0,-4.05E0,2.65E0));
#5430=VERTEX_POINT('',#5429);
#5431=CARTESIAN_POINT('',(3.25E0,-3.9E0,-2.05E0));
#5432=CARTESIAN_POINT('',(2.75E0,-3.9E0,-2.05E0));
#5433=VERTEX_POINT('',#5431);
#5434=VERTEX_POINT('',#5432);
#5435=CARTESIAN_POINT('',(3.1E0,-4.05E0,-2.65E0));
#5436=CARTESIAN_POINT('',(2.9E0,-4.05E0,-2.65E0));
#5437=VERTEX_POINT('',#5435);
#5438=VERTEX_POINT('',#5436);
#5439=CARTESIAN_POINT('',(3.1E0,-4.25E0,-2.65E0));
#5440=VERTEX_POINT('',#5439);
#5441=CARTESIAN_POINT('',(3.25E0,-4.4E0,-2.05E0));
#5442=VERTEX_POINT('',#5441);
#5443=CARTESIAN_POINT('',(2.75E0,-4.4E0,-2.05E0));
#5444=VERTEX_POINT('',#5443);
#5445=CARTESIAN_POINT('',(2.9E0,-4.25E0,-2.65E0));
#5446=VERTEX_POINT('',#5445);
#5447=CARTESIAN_POINT('',(4.75E0,-3.7E0,-7.5E-1));
#5448=CARTESIAN_POINT('',(4.75E0,-4.4E0,-1.45E0));
#5449=VERTEX_POINT('',#5447);
#5450=VERTEX_POINT('',#5448);
#5451=CARTESIAN_POINT('',(4.75E0,-3.9E0,-1.45E0));
#5452=CARTESIAN_POINT('',(4.75E0,-3.7E0,-1.25E0));
#5453=VERTEX_POINT('',#5451);
#5454=VERTEX_POINT('',#5452);
#5455=CARTESIAN_POINT('',(4.75E0,-3.7E0,1.25E0));
#5456=CARTESIAN_POINT('',(4.75E0,-3.9E0,1.45E0));
#5457=VERTEX_POINT('',#5455);
#5458=VERTEX_POINT('',#5456);
#5459=CARTESIAN_POINT('',(4.75E0,-4.4E0,1.45E0));
#5460=CARTESIAN_POINT('',(4.75E0,-3.7E0,7.5E-1));
#5461=VERTEX_POINT('',#5459);
#5462=VERTEX_POINT('',#5460);
#5463=CARTESIAN_POINT('',(5.25E0,-3.7E0,-7.5E-1));
#5464=CARTESIAN_POINT('',(5.25E0,-4.4E0,-1.45E0));
#5465=VERTEX_POINT('',#5463);
#5466=VERTEX_POINT('',#5464);
#5467=CARTESIAN_POINT('',(5.25E0,-3.9E0,-1.45E0));
#5468=CARTESIAN_POINT('',(5.25E0,-3.7E0,-1.25E0));
#5469=VERTEX_POINT('',#5467);
#5470=VERTEX_POINT('',#5468);
#5471=CARTESIAN_POINT('',(5.25E0,-3.7E0,1.25E0));
#5472=CARTESIAN_POINT('',(5.25E0,-3.9E0,1.45E0));
#5473=VERTEX_POINT('',#5471);
#5474=VERTEX_POINT('',#5472);
#5475=CARTESIAN_POINT('',(5.25E0,-4.4E0,1.45E0));
#5476=CARTESIAN_POINT('',(5.25E0,-3.7E0,7.5E-1));
#5477=VERTEX_POINT('',#5475);
#5478=VERTEX_POINT('',#5476);
#5479=CARTESIAN_POINT('',(4.75E0,-7.E-1,1.25E0));
#5480=CARTESIAN_POINT('',(4.75E0,-7.E-1,7.5E-1));
#5481=VERTEX_POINT('',#5479);
#5482=VERTEX_POINT('',#5480);
#5483=CARTESIAN_POINT('',(4.75E0,-7.E-1,-7.5E-1));
#5484=CARTESIAN_POINT('',(4.75E0,-7.E-1,-1.25E0));
#5485=VERTEX_POINT('',#5483);
#5486=VERTEX_POINT('',#5484);
#5487=CARTESIAN_POINT('',(5.25E0,-7.E-1,1.25E0));
#5488=CARTESIAN_POINT('',(5.25E0,-7.E-1,7.5E-1));
#5489=VERTEX_POINT('',#5487);
#5490=VERTEX_POINT('',#5488);
#5491=CARTESIAN_POINT('',(5.25E0,-7.E-1,-7.5E-1));
#5492=CARTESIAN_POINT('',(5.25E0,-7.E-1,-1.25E0));
#5493=VERTEX_POINT('',#5491);
#5494=VERTEX_POINT('',#5492);
#5495=CARTESIAN_POINT('',(4.75E0,-3.2E0,-1.25E0));
#5496=VERTEX_POINT('',#5495);
#5497=CARTESIAN_POINT('',(4.75E0,-3.2E0,-7.5E-1));
#5498=VERTEX_POINT('',#5497);
#5499=CARTESIAN_POINT('',(4.75E0,-3.2E0,1.25E0));
#5500=VERTEX_POINT('',#5499);
#5501=CARTESIAN_POINT('',(4.75E0,-3.2E0,7.5E-1));
#5502=VERTEX_POINT('',#5501);
#5503=CARTESIAN_POINT('',(5.25E0,-3.2E0,-1.25E0));
#5504=VERTEX_POINT('',#5503);
#5505=CARTESIAN_POINT('',(5.25E0,-3.2E0,-7.5E-1));
#5506=VERTEX_POINT('',#5505);
#5507=CARTESIAN_POINT('',(5.25E0,-3.2E0,1.25E0));
#5508=VERTEX_POINT('',#5507);
#5509=CARTESIAN_POINT('',(5.25E0,-3.2E0,7.5E-1));
#5510=VERTEX_POINT('',#5509);
#5511=CARTESIAN_POINT('',(6.75E0,-3.7E0,-7.5E-1));
#5512=CARTESIAN_POINT('',(6.75E0,-4.4E0,-1.45E0));
#5513=VERTEX_POINT('',#5511);
#5514=VERTEX_POINT('',#5512);
#5515=CARTESIAN_POINT('',(6.75E0,-3.9E0,-1.45E0));
#5516=CARTESIAN_POINT('',(6.75E0,-3.7E0,-1.25E0));
#5517=VERTEX_POINT('',#5515);
#5518=VERTEX_POINT('',#5516);
#5519=CARTESIAN_POINT('',(6.75E0,-3.7E0,1.25E0));
#5520=CARTESIAN_POINT('',(6.75E0,-3.9E0,1.45E0));
#5521=VERTEX_POINT('',#5519);
#5522=VERTEX_POINT('',#5520);
#5523=CARTESIAN_POINT('',(6.75E0,-4.4E0,1.45E0));
#5524=CARTESIAN_POINT('',(6.75E0,-3.7E0,7.5E-1));
#5525=VERTEX_POINT('',#5523);
#5526=VERTEX_POINT('',#5524);
#5527=CARTESIAN_POINT('',(7.25E0,-3.7E0,-7.5E-1));
#5528=CARTESIAN_POINT('',(7.25E0,-4.4E0,-1.45E0));
#5529=VERTEX_POINT('',#5527);
#5530=VERTEX_POINT('',#5528);
#5531=CARTESIAN_POINT('',(7.25E0,-3.9E0,-1.45E0));
#5532=CARTESIAN_POINT('',(7.25E0,-3.7E0,-1.25E0));
#5533=VERTEX_POINT('',#5531);
#5534=VERTEX_POINT('',#5532);
#5535=CARTESIAN_POINT('',(7.25E0,-3.7E0,1.25E0));
#5536=CARTESIAN_POINT('',(7.25E0,-3.9E0,1.45E0));
#5537=VERTEX_POINT('',#5535);
#5538=VERTEX_POINT('',#5536);
#5539=CARTESIAN_POINT('',(7.25E0,-4.4E0,1.45E0));
#5540=CARTESIAN_POINT('',(7.25E0,-3.7E0,7.5E-1));
#5541=VERTEX_POINT('',#5539);
#5542=VERTEX_POINT('',#5540);
#5543=CARTESIAN_POINT('',(6.75E0,-7.E-1,1.25E0));
#5544=CARTESIAN_POINT('',(6.75E0,-7.E-1,7.5E-1));
#5545=VERTEX_POINT('',#5543);
#5546=VERTEX_POINT('',#5544);
#5547=CARTESIAN_POINT('',(6.75E0,-7.E-1,-7.5E-1));
#5548=CARTESIAN_POINT('',(6.75E0,-7.E-1,-1.25E0));
#5549=VERTEX_POINT('',#5547);
#5550=VERTEX_POINT('',#5548);
#5551=CARTESIAN_POINT('',(7.25E0,-7.E-1,1.25E0));
#5552=CARTESIAN_POINT('',(7.25E0,-7.E-1,7.5E-1));
#5553=VERTEX_POINT('',#5551);
#5554=VERTEX_POINT('',#5552);
#5555=CARTESIAN_POINT('',(7.25E0,-7.E-1,-7.5E-1));
#5556=CARTESIAN_POINT('',(7.25E0,-7.E-1,-1.25E0));
#5557=VERTEX_POINT('',#5555);
#5558=VERTEX_POINT('',#5556);
#5559=CARTESIAN_POINT('',(6.75E0,-3.2E0,-1.25E0));
#5560=VERTEX_POINT('',#5559);
#5561=CARTESIAN_POINT('',(6.75E0,-3.2E0,-7.5E-1));
#5562=VERTEX_POINT('',#5561);
#5563=CARTESIAN_POINT('',(6.75E0,-3.2E0,1.25E0));
#5564=VERTEX_POINT('',#5563);
#5565=CARTESIAN_POINT('',(6.75E0,-3.2E0,7.5E-1));
#5566=VERTEX_POINT('',#5565);
#5567=CARTESIAN_POINT('',(7.25E0,-3.2E0,-1.25E0));
#5568=VERTEX_POINT('',#5567);
#5569=CARTESIAN_POINT('',(7.25E0,-3.2E0,-7.5E-1));
#5570=VERTEX_POINT('',#5569);
#5571=CARTESIAN_POINT('',(7.25E0,-3.2E0,1.25E0));
#5572=VERTEX_POINT('',#5571);
#5573=CARTESIAN_POINT('',(7.25E0,-3.2E0,7.5E-1));
#5574=VERTEX_POINT('',#5573);
#5575=CARTESIAN_POINT('',(5.25E0,2.3E0,-7.5E-1));
#5576=CARTESIAN_POINT('',(4.75E0,2.3E0,-7.5E-1));
#5577=VERTEX_POINT('',#5575);
#5578=VERTEX_POINT('',#5576);
#5579=CARTESIAN_POINT('',(5.1E0,2.9E0,-9.E-1));
#5580=CARTESIAN_POINT('',(4.9E0,2.9E0,-9.E-1));
#5581=VERTEX_POINT('',#5579);
#5582=VERTEX_POINT('',#5580);
#5583=CARTESIAN_POINT('',(5.1E0,2.9E0,-1.1E0));
#5584=VERTEX_POINT('',#5583);
#5585=CARTESIAN_POINT('',(5.25E0,2.3E0,-1.25E0));
#5586=VERTEX_POINT('',#5585);
#5587=CARTESIAN_POINT('',(4.75E0,2.3E0,-1.25E0));
#5588=VERTEX_POINT('',#5587);
#5589=CARTESIAN_POINT('',(4.9E0,2.9E0,-1.1E0));
#5590=VERTEX_POINT('',#5589);
#5591=CARTESIAN_POINT('',(5.25E0,2.3E0,1.25E0));
#5592=CARTESIAN_POINT('',(4.75E0,2.3E0,1.25E0));
#5593=VERTEX_POINT('',#5591);
#5594=VERTEX_POINT('',#5592);
#5595=CARTESIAN_POINT('',(5.1E0,2.9E0,1.1E0));
#5596=CARTESIAN_POINT('',(4.9E0,2.9E0,1.1E0));
#5597=VERTEX_POINT('',#5595);
#5598=VERTEX_POINT('',#5596);
#5599=CARTESIAN_POINT('',(5.1E0,2.9E0,9.E-1));
#5600=VERTEX_POINT('',#5599);
#5601=CARTESIAN_POINT('',(5.25E0,2.3E0,7.5E-1));
#5602=VERTEX_POINT('',#5601);
#5603=CARTESIAN_POINT('',(4.75E0,2.3E0,7.5E-1));
#5604=VERTEX_POINT('',#5603);
#5605=CARTESIAN_POINT('',(4.9E0,2.9E0,9.E-1));
#5606=VERTEX_POINT('',#5605);
#5607=CARTESIAN_POINT('',(5.25E0,-4.4E0,2.05E0));
#5608=CARTESIAN_POINT('',(4.75E0,-4.4E0,2.05E0));
#5609=VERTEX_POINT('',#5607);
#5610=VERTEX_POINT('',#5608);
#5611=CARTESIAN_POINT('',(5.1E0,-4.25E0,2.65E0));
#5612=CARTESIAN_POINT('',(4.9E0,-4.25E0,2.65E0));
#5613=VERTEX_POINT('',#5611);
#5614=VERTEX_POINT('',#5612);
#5615=CARTESIAN_POINT('',(5.1E0,-4.05E0,2.65E0));
#5616=VERTEX_POINT('',#5615);
#5617=CARTESIAN_POINT('',(5.25E0,-3.9E0,2.05E0));
#5618=VERTEX_POINT('',#5617);
#5619=CARTESIAN_POINT('',(4.75E0,-3.9E0,2.05E0));
#5620=VERTEX_POINT('',#5619);
#5621=CARTESIAN_POINT('',(4.9E0,-4.05E0,2.65E0));
#5622=VERTEX_POINT('',#5621);
#5623=CARTESIAN_POINT('',(5.25E0,-3.9E0,-2.05E0));
#5624=CARTESIAN_POINT('',(4.75E0,-3.9E0,-2.05E0));
#5625=VERTEX_POINT('',#5623);
#5626=VERTEX_POINT('',#5624);
#5627=CARTESIAN_POINT('',(5.1E0,-4.05E0,-2.65E0));
#5628=CARTESIAN_POINT('',(4.9E0,-4.05E0,-2.65E0));
#5629=VERTEX_POINT('',#5627);
#5630=VERTEX_POINT('',#5628);
#5631=CARTESIAN_POINT('',(5.1E0,-4.25E0,-2.65E0));
#5632=VERTEX_POINT('',#5631);
#5633=CARTESIAN_POINT('',(5.25E0,-4.4E0,-2.05E0));
#5634=VERTEX_POINT('',#5633);
#5635=CARTESIAN_POINT('',(4.75E0,-4.4E0,-2.05E0));
#5636=VERTEX_POINT('',#5635);
#5637=CARTESIAN_POINT('',(4.9E0,-4.25E0,-2.65E0));
#5638=VERTEX_POINT('',#5637);
#5639=CARTESIAN_POINT('',(7.25E0,2.3E0,-7.5E-1));
#5640=CARTESIAN_POINT('',(6.75E0,2.3E0,-7.5E-1));
#5641=VERTEX_POINT('',#5639);
#5642=VERTEX_POINT('',#5640);
#5643=CARTESIAN_POINT('',(7.1E0,2.9E0,-9.E-1));
#5644=CARTESIAN_POINT('',(6.9E0,2.9E0,-9.E-1));
#5645=VERTEX_POINT('',#5643);
#5646=VERTEX_POINT('',#5644);
#5647=CARTESIAN_POINT('',(7.1E0,2.9E0,-1.1E0));
#5648=VERTEX_POINT('',#5647);
#5649=CARTESIAN_POINT('',(7.25E0,2.3E0,-1.25E0));
#5650=VERTEX_POINT('',#5649);
#5651=CARTESIAN_POINT('',(6.75E0,2.3E0,-1.25E0));
#5652=VERTEX_POINT('',#5651);
#5653=CARTESIAN_POINT('',(6.9E0,2.9E0,-1.1E0));
#5654=VERTEX_POINT('',#5653);
#5655=CARTESIAN_POINT('',(7.25E0,2.3E0,1.25E0));
#5656=CARTESIAN_POINT('',(6.75E0,2.3E0,1.25E0));
#5657=VERTEX_POINT('',#5655);
#5658=VERTEX_POINT('',#5656);
#5659=CARTESIAN_POINT('',(7.1E0,2.9E0,1.1E0));
#5660=CARTESIAN_POINT('',(6.9E0,2.9E0,1.1E0));
#5661=VERTEX_POINT('',#5659);
#5662=VERTEX_POINT('',#5660);
#5663=CARTESIAN_POINT('',(7.1E0,2.9E0,9.E-1));
#5664=VERTEX_POINT('',#5663);
#5665=CARTESIAN_POINT('',(7.25E0,2.3E0,7.5E-1));
#5666=VERTEX_POINT('',#5665);
#5667=CARTESIAN_POINT('',(6.75E0,2.3E0,7.5E-1));
#5668=VERTEX_POINT('',#5667);
#5669=CARTESIAN_POINT('',(6.9E0,2.9E0,9.E-1));
#5670=VERTEX_POINT('',#5669);
#5671=CARTESIAN_POINT('',(7.25E0,-4.4E0,2.05E0));
#5672=CARTESIAN_POINT('',(6.75E0,-4.4E0,2.05E0));
#5673=VERTEX_POINT('',#5671);
#5674=VERTEX_POINT('',#5672);
#5675=CARTESIAN_POINT('',(7.1E0,-4.25E0,2.65E0));
#5676=CARTESIAN_POINT('',(6.9E0,-4.25E0,2.65E0));
#5677=VERTEX_POINT('',#5675);
#5678=VERTEX_POINT('',#5676);
#5679=CARTESIAN_POINT('',(7.1E0,-4.05E0,2.65E0));
#5680=VERTEX_POINT('',#5679);
#5681=CARTESIAN_POINT('',(7.25E0,-3.9E0,2.05E0));
#5682=VERTEX_POINT('',#5681);
#5683=CARTESIAN_POINT('',(6.75E0,-3.9E0,2.05E0));
#5684=VERTEX_POINT('',#5683);
#5685=CARTESIAN_POINT('',(6.9E0,-4.05E0,2.65E0));
#5686=VERTEX_POINT('',#5685);
#5687=CARTESIAN_POINT('',(7.25E0,-3.9E0,-2.05E0));
#5688=CARTESIAN_POINT('',(6.75E0,-3.9E0,-2.05E0));
#5689=VERTEX_POINT('',#5687);
#5690=VERTEX_POINT('',#5688);
#5691=CARTESIAN_POINT('',(7.1E0,-4.05E0,-2.65E0));
#5692=CARTESIAN_POINT('',(6.9E0,-4.05E0,-2.65E0));
#5693=VERTEX_POINT('',#5691);
#5694=VERTEX_POINT('',#5692);
#5695=CARTESIAN_POINT('',(7.1E0,-4.25E0,-2.65E0));
#5696=VERTEX_POINT('',#5695);
#5697=CARTESIAN_POINT('',(7.25E0,-4.4E0,-2.05E0));
#5698=VERTEX_POINT('',#5697);
#5699=CARTESIAN_POINT('',(6.75E0,-4.4E0,-2.05E0));
#5700=VERTEX_POINT('',#5699);
#5701=CARTESIAN_POINT('',(6.9E0,-4.25E0,-2.65E0));
#5702=VERTEX_POINT('',#5701);
#5703=CARTESIAN_POINT('',(6.6125E0,-7.E-1,2.25E0));
#5704=CARTESIAN_POINT('',(6.65E0,-1.5E0,2.25E0));
#5705=VERTEX_POINT('',#5703);
#5706=VERTEX_POINT('',#5704);
#5707=CARTESIAN_POINT('',(3.35E0,-1.5E0,2.25E0));
#5708=CARTESIAN_POINT('',(3.3875E0,-7.E-1,2.25E0));
#5709=VERTEX_POINT('',#5707);
#5710=VERTEX_POINT('',#5708);
#5711=CARTESIAN_POINT('',(6.5E0,1.7E0,3.15E0));
#5712=CARTESIAN_POINT('',(6.5E0,1.7E0,2.5E0));
#5713=VERTEX_POINT('',#5711);
#5714=VERTEX_POINT('',#5712);
#5715=CARTESIAN_POINT('',(3.5E0,1.7E0,3.15E0));
#5716=CARTESIAN_POINT('',(3.5E0,1.7E0,2.5E0));
#5717=VERTEX_POINT('',#5715);
#5718=VERTEX_POINT('',#5716);
#5719=CARTESIAN_POINT('',(4.E0,1.7E0,3.15E0));
#5720=CARTESIAN_POINT('',(4.E0,1.7E0,2.5E0));
#5721=VERTEX_POINT('',#5719);
#5722=VERTEX_POINT('',#5720);
#5723=CARTESIAN_POINT('',(4.E0,5.E-1,3.15E0));
#5724=CARTESIAN_POINT('',(4.E0,5.E-1,2.5E0));
#5725=VERTEX_POINT('',#5723);
#5726=VERTEX_POINT('',#5724);
#5727=CARTESIAN_POINT('',(6.E0,5.E-1,3.15E0));
#5728=CARTESIAN_POINT('',(6.E0,5.E-1,2.5E0));
#5729=VERTEX_POINT('',#5727);
#5730=VERTEX_POINT('',#5728);
#5731=CARTESIAN_POINT('',(6.E0,1.7E0,3.15E0));
#5732=CARTESIAN_POINT('',(6.E0,1.7E0,2.5E0));
#5733=VERTEX_POINT('',#5731);
#5734=VERTEX_POINT('',#5732);
#5735=CARTESIAN_POINT('',(6.65E0,-1.5E0,3.15E0));
#5736=VERTEX_POINT('',#5735);
#5737=CARTESIAN_POINT('',(3.35E0,-1.5E0,3.15E0));
#5738=VERTEX_POINT('',#5737);
#5739=CARTESIAN_POINT('',(6.6125E0,-7.E-1,2.5E0));
#5740=VERTEX_POINT('',#5739);
#5741=CARTESIAN_POINT('',(3.3875E0,-7.E-1,2.5E0));
#5742=VERTEX_POINT('',#5741);
#5743=CARTESIAN_POINT('',(-1.2E0,-7.E-1,3.15E0));
#5744=CARTESIAN_POINT('',(1.2E0,-7.E-1,3.15E0));
#5745=VERTEX_POINT('',#5743);
#5746=VERTEX_POINT('',#5744);
#5747=CARTESIAN_POINT('',(-1.2E0,-7.E-1,2.5E0));
#5748=VERTEX_POINT('',#5747);
#5749=CARTESIAN_POINT('',(1.2E0,-7.E-1,2.5E0));
#5750=VERTEX_POINT('',#5749);
#5751=VERTEX_POINT('',#1111);
#5752=VERTEX_POINT('',#1116);
#5753=CARTESIAN_POINT('',(-1.2E0,2.4E0,3.15E0));
#5754=CARTESIAN_POINT('',(-1.2E0,2.4E0,2.5E0));
#5755=VERTEX_POINT('',#5753);
#5756=VERTEX_POINT('',#5754);
#5757=CARTESIAN_POINT('',(-2.E0,3.2E0,3.15E0));
#5758=VERTEX_POINT('',#5757);
#5759=CARTESIAN_POINT('',(2.E0,3.2E0,3.15E0));
#5760=CARTESIAN_POINT('',(1.2E0,2.4E0,3.15E0));
#5761=VERTEX_POINT('',#5759);
#5762=VERTEX_POINT('',#5760);
#5763=CARTESIAN_POINT('',(1.2E0,2.4E0,2.5E0));
#5764=VERTEX_POINT('',#5763);
#5765=VERTEX_POINT('',#1130);
#5766=VERTEX_POINT('',#1135);
#5767=CARTESIAN_POINT('',(8.025E0,2.85E0,2.5E0));
#5768=VERTEX_POINT('',#5767);
#5769=CARTESIAN_POINT('',(8.025E0,-7.E-1,2.5E0));
#5770=VERTEX_POINT('',#5769);
#5771=CARTESIAN_POINT('',(-7.395E0,2.6E0,-2.25E0));
#5772=CARTESIAN_POINT('',(-6.595E0,2.6E0,-2.25E0));
#5773=VERTEX_POINT('',#5771);
#5774=VERTEX_POINT('',#5772);
#5775=CARTESIAN_POINT('',(6.595E0,2.6E0,-2.25E0));
#5776=CARTESIAN_POINT('',(7.395E0,2.6E0,-2.25E0));
#5777=VERTEX_POINT('',#5775);
#5778=VERTEX_POINT('',#5776);
#5779=CARTESIAN_POINT('',(-7.395E0,-7.E-1,-2.5E0));
#5780=CARTESIAN_POINT('',(-7.395E0,-7.E-1,-2.25E0));
#5781=VERTEX_POINT('',#5779);
#5782=VERTEX_POINT('',#5780);
#5783=CARTESIAN_POINT('',(-6.595E0,-7.E-1,-2.25E0));
#5784=VERTEX_POINT('',#5783);
#5785=CARTESIAN_POINT('',(-6.595E0,-7.E-1,-2.5E0));
#5786=VERTEX_POINT('',#5785);
#5787=CARTESIAN_POINT('',(6.595E0,-7.E-1,-2.5E0));
#5788=CARTESIAN_POINT('',(6.595E0,-7.E-1,-2.25E0));
#5789=VERTEX_POINT('',#5787);
#5790=VERTEX_POINT('',#5788);
#5791=CARTESIAN_POINT('',(7.395E0,-7.E-1,-2.25E0));
#5792=VERTEX_POINT('',#5791);
#5793=CARTESIAN_POINT('',(7.395E0,-7.E-1,-2.5E0));
#5794=VERTEX_POINT('',#5793);
#5795=CARTESIAN_POINT('',(-7.395E0,2.85E0,-2.5E0));
#5796=VERTEX_POINT('',#5795);
#5797=CARTESIAN_POINT('',(-6.595E0,2.85E0,-2.5E0));
#5798=VERTEX_POINT('',#5797);
#5799=CARTESIAN_POINT('',(6.595E0,2.85E0,-2.5E0));
#5800=VERTEX_POINT('',#5799);
#5801=CARTESIAN_POINT('',(7.395E0,2.85E0,-2.5E0));
#5802=VERTEX_POINT('',#5801);
#5803=CARTESIAN_POINT('',(-5.95E-1,-7.E-1,-2.5E0));
#5804=CARTESIAN_POINT('',(-5.95E-1,-7.E-1,-2.25E0));
#5805=VERTEX_POINT('',#5803);
#5806=VERTEX_POINT('',#5804);
#5807=CARTESIAN_POINT('',(5.95E-1,-7.E-1,-2.5E0));
#5808=CARTESIAN_POINT('',(5.95E-1,-7.E-1,-2.25E0));
#5809=VERTEX_POINT('',#5807);
#5810=VERTEX_POINT('',#5808);
#5811=CARTESIAN_POINT('',(-5.95E-1,2.85E0,-2.5E0));
#5812=VERTEX_POINT('',#5811);
#5813=CARTESIAN_POINT('',(5.95E-1,2.85E0,-2.5E0));
#5814=VERTEX_POINT('',#5813);
#5815=CARTESIAN_POINT('',(-5.95E-1,2.6E0,-2.25E0));
#5816=VERTEX_POINT('',#5815);
#5817=CARTESIAN_POINT('',(5.95E-1,2.6E0,-2.25E0));
#5818=VERTEX_POINT('',#5817);
#5819=CARTESIAN_POINT('',(1.4E0,-7.E-1,-2.5E0));
#5820=CARTESIAN_POINT('',(1.4E0,-7.E-1,-2.25E0));
#5821=VERTEX_POINT('',#5819);
#5822=VERTEX_POINT('',#5820);
#5823=CARTESIAN_POINT('',(-1.4E0,-7.E-1,-2.5E0));
#5824=CARTESIAN_POINT('',(-1.4E0,-7.E-1,-2.25E0));
#5825=VERTEX_POINT('',#5823);
#5826=VERTEX_POINT('',#5824);
#5827=CARTESIAN_POINT('',(1.4E0,2.85E0,-2.5E0));
#5828=VERTEX_POINT('',#5827);
#5829=CARTESIAN_POINT('',(-1.4E0,2.85E0,-2.5E0));
#5830=VERTEX_POINT('',#5829);
#5831=CARTESIAN_POINT('',(1.4E0,2.6E0,-2.25E0));
#5832=VERTEX_POINT('',#5831);
#5833=CARTESIAN_POINT('',(-1.4E0,2.6E0,-2.25E0));
#5834=VERTEX_POINT('',#5833);
#5835=CARTESIAN_POINT('',(0.E0,0.E0,-3.15E0));
#5836=DIRECTION('',(0.E0,0.E0,1.E0));
#5837=DIRECTION('',(1.E0,0.E0,0.E0));
#5838=AXIS2_PLACEMENT_3D('',#5835,#5836,#5837);
#5839=PLANE('',#5838);
#5841=ORIENTED_EDGE('',*,*,#5840,.T.);
#5843=ORIENTED_EDGE('',*,*,#5842,.T.);
#5845=ORIENTED_EDGE('',*,*,#5844,.T.);
#5847=ORIENTED_EDGE('',*,*,#5846,.T.);
#5848=EDGE_LOOP('',(#5841,#5843,#5845,#5847));
#5849=FACE_OUTER_BOUND('',#5848,.F.);
#5850=ADVANCED_FACE('',(#5849),#5839,.F.);
#5851=CARTESIAN_POINT('',(-9.325E0,3.2E0,-3.15E0));
#5852=DIRECTION('',(-1.E0,0.E0,0.E0));
#5853=DIRECTION('',(0.E0,-1.E0,0.E0));
#5854=AXIS2_PLACEMENT_3D('',#5851,#5852,#5853);
#5855=PLANE('',#5854);
#5857=ORIENTED_EDGE('',*,*,#5856,.F.);
#5859=ORIENTED_EDGE('',*,*,#5858,.T.);
#5861=ORIENTED_EDGE('',*,*,#5860,.F.);
#5863=ORIENTED_EDGE('',*,*,#5862,.F.);
#5865=ORIENTED_EDGE('',*,*,#5864,.F.);
#5867=ORIENTED_EDGE('',*,*,#5866,.T.);
#5869=ORIENTED_EDGE('',*,*,#5868,.T.);
#5871=ORIENTED_EDGE('',*,*,#5870,.F.);
#5872=ORIENTED_EDGE('',*,*,#5840,.F.);
#5874=ORIENTED_EDGE('',*,*,#5873,.T.);
#5875=EDGE_LOOP('',(#5857,#5859,#5861,#5863,#5865,#5867,#5869,#5871,#5872,
#5874));
#5876=FACE_OUTER_BOUND('',#5875,.F.);
#5877=ADVANCED_FACE('',(#5876),#5855,.T.);
#5878=CARTESIAN_POINT('',(-8.875E0,2.9E0,-4.5E-1));
#5879=DIRECTION('',(0.E0,7.071067811865E-1,7.071067811865E-1));
#5880=DIRECTION('',(0.E0,-7.071067811865E-1,7.071067811865E-1));
#5881=AXIS2_PLACEMENT_3D('',#5878,#5879,#5880);
#5882=PLANE('',#5881);
#5883=ORIENTED_EDGE('',*,*,#5856,.T.);
#5885=ORIENTED_EDGE('',*,*,#5884,.T.);
#5887=ORIENTED_EDGE('',*,*,#5886,.F.);
#5889=ORIENTED_EDGE('',*,*,#5888,.F.);
#5890=EDGE_LOOP('',(#5883,#5885,#5887,#5889));
#5891=FACE_OUTER_BOUND('',#5890,.F.);
#5892=ADVANCED_FACE('',(#5891),#5882,.T.);
#5893=CARTESIAN_POINT('',(9.325E0,3.2E0,-3.15E0));
#5894=DIRECTION('',(0.E0,1.E0,0.E0));
#5895=DIRECTION('',(-1.E0,0.E0,0.E0));
#5896=AXIS2_PLACEMENT_3D('',#5893,#5894,#5895);
#5897=PLANE('',#5896);
#5898=ORIENTED_EDGE('',*,*,#5884,.F.);
#5899=ORIENTED_EDGE('',*,*,#5873,.F.);
#5900=ORIENTED_EDGE('',*,*,#5846,.F.);
#5902=ORIENTED_EDGE('',*,*,#5901,.T.);
#5904=ORIENTED_EDGE('',*,*,#5903,.F.);
#5906=ORIENTED_EDGE('',*,*,#5905,.F.);
#5908=ORIENTED_EDGE('',*,*,#5907,.F.);
#5910=ORIENTED_EDGE('',*,*,#5909,.F.);
#5911=EDGE_LOOP('',(#5898,#5899,#5900,#5902,#5904,#5906,#5908,#5910));
#5912=FACE_OUTER_BOUND('',#5911,.F.);
#5913=ADVANCED_FACE('',(#5912),#5897,.T.);
#5914=CARTESIAN_POINT('',(9.325E0,3.2E0,-3.15E0));
#5915=DIRECTION('',(0.E0,1.E0,0.E0));
#5916=DIRECTION('',(-1.E0,0.E0,0.E0));
#5917=AXIS2_PLACEMENT_3D('',#5914,#5915,#5916);
#5918=PLANE('',#5917);
#5920=ORIENTED_EDGE('',*,*,#5919,.F.);
#5922=ORIENTED_EDGE('',*,*,#5921,.F.);
#5924=ORIENTED_EDGE('',*,*,#5923,.F.);
#5926=ORIENTED_EDGE('',*,*,#5925,.F.);
#5928=ORIENTED_EDGE('',*,*,#5927,.T.);
#5930=ORIENTED_EDGE('',*,*,#5929,.T.);
#5931=EDGE_LOOP('',(#5920,#5922,#5924,#5926,#5928,#5930));
#5932=FACE_OUTER_BOUND('',#5931,.F.);
#5933=ADVANCED_FACE('',(#5932),#5918,.T.);
#5934=CARTESIAN_POINT('',(9.325E0,3.2E0,-3.15E0));
#5935=DIRECTION('',(0.E0,1.E0,0.E0));
#5936=DIRECTION('',(-1.E0,0.E0,0.E0));
#5937=AXIS2_PLACEMENT_3D('',#5934,#5935,#5936);
#5938=PLANE('',#5937);
#5940=ORIENTED_EDGE('',*,*,#5939,.F.);
#5942=ORIENTED_EDGE('',*,*,#5941,.T.);
#5943=ORIENTED_EDGE('',*,*,#5866,.F.);
#5945=ORIENTED_EDGE('',*,*,#5944,.F.);
#5947=ORIENTED_EDGE('',*,*,#5946,.F.);
#5949=ORIENTED_EDGE('',*,*,#5948,.F.);
#5951=ORIENTED_EDGE('',*,*,#5950,.F.);
#5953=ORIENTED_EDGE('',*,*,#5952,.T.);
#5955=ORIENTED_EDGE('',*,*,#5954,.T.);
#5957=ORIENTED_EDGE('',*,*,#5956,.F.);
#5958=EDGE_LOOP('',(#5940,#5942,#5943,#5945,#5947,#5949,#5951,#5953,#5955,
#5957));
#5959=FACE_OUTER_BOUND('',#5958,.F.);
#5960=ADVANCED_FACE('',(#5959),#5938,.T.);
#5961=CARTESIAN_POINT('',(9.325E0,-3.2E0,-3.15E0));
#5962=DIRECTION('',(1.E0,0.E0,0.E0));
#5963=DIRECTION('',(0.E0,1.E0,0.E0));
#5964=AXIS2_PLACEMENT_3D('',#5961,#5962,#5963);
#5965=PLANE('',#5964);
#5967=ORIENTED_EDGE('',*,*,#5966,.F.);
#5968=ORIENTED_EDGE('',*,*,#5901,.F.);
#5969=ORIENTED_EDGE('',*,*,#5844,.F.);
#5971=ORIENTED_EDGE('',*,*,#5970,.T.);
#5973=ORIENTED_EDGE('',*,*,#5972,.T.);
#5974=ORIENTED_EDGE('',*,*,#5927,.F.);
#5976=ORIENTED_EDGE('',*,*,#5975,.F.);
#5978=ORIENTED_EDGE('',*,*,#5977,.T.);
#5980=ORIENTED_EDGE('',*,*,#5979,.T.);
#5982=ORIENTED_EDGE('',*,*,#5981,.F.);
#5983=EDGE_LOOP('',(#5967,#5968,#5969,#5971,#5973,#5974,#5976,#5978,#5980,
#5982));
#5984=FACE_OUTER_BOUND('',#5983,.F.);
#5985=ADVANCED_FACE('',(#5984),#5965,.T.);
#5986=CARTESIAN_POINT('',(8.875E0,2.9E0,-1.45E0));
#5987=DIRECTION('',(0.E0,7.071067811865E-1,7.071067811865E-1));
#5988=DIRECTION('',(0.E0,-7.071067811865E-1,7.071067811865E-1));
#5989=AXIS2_PLACEMENT_3D('',#5986,#5987,#5988);
#5990=PLANE('',#5989);
#5991=ORIENTED_EDGE('',*,*,#5966,.T.);
#5993=ORIENTED_EDGE('',*,*,#5992,.F.);
#5995=ORIENTED_EDGE('',*,*,#5994,.T.);
#5996=ORIENTED_EDGE('',*,*,#5903,.T.);
#5997=EDGE_LOOP('',(#5991,#5993,#5995,#5996));
#5998=FACE_OUTER_BOUND('',#5997,.F.);
#5999=ADVANCED_FACE('',(#5998),#5990,.T.);
#6000=CARTESIAN_POINT('',(9.325E0,3.2E0,-1.15E0));
#6001=DIRECTION('',(0.E0,0.E0,-1.E0));
#6002=DIRECTION('',(-1.E0,0.E0,0.E0));
#6003=AXIS2_PLACEMENT_3D('',#6000,#6001,#6002);
#6004=PLANE('',#6003);
#6005=ORIENTED_EDGE('',*,*,#5992,.T.);
#6006=ORIENTED_EDGE('',*,*,#5981,.T.);
#6008=ORIENTED_EDGE('',*,*,#6007,.T.);
#6010=ORIENTED_EDGE('',*,*,#6009,.T.);
#6011=EDGE_LOOP('',(#6005,#6006,#6008,#6010));
#6012=FACE_OUTER_BOUND('',#6011,.F.);
#6013=ADVANCED_FACE('',(#6012),#6004,.F.);
#6014=CARTESIAN_POINT('',(-8.425E0,-7.E-1,2.25E0));
#6015=DIRECTION('',(0.E0,-1.E0,0.E0));
#6016=DIRECTION('',(0.E0,0.E0,-1.E0));
#6017=AXIS2_PLACEMENT_3D('',#6014,#6015,#6016);
#6018=PLANE('',#6017);
#6020=ORIENTED_EDGE('',*,*,#6019,.F.);
#6022=ORIENTED_EDGE('',*,*,#6021,.F.);
#6024=ORIENTED_EDGE('',*,*,#6023,.F.);
#6026=ORIENTED_EDGE('',*,*,#6025,.T.);
#6028=ORIENTED_EDGE('',*,*,#6027,.F.);
#6030=ORIENTED_EDGE('',*,*,#6029,.T.);
#6032=ORIENTED_EDGE('',*,*,#6031,.F.);
#6034=ORIENTED_EDGE('',*,*,#6033,.F.);
#6036=ORIENTED_EDGE('',*,*,#6035,.F.);
#6038=ORIENTED_EDGE('',*,*,#6037,.F.);
#6040=ORIENTED_EDGE('',*,*,#6039,.T.);
#6042=ORIENTED_EDGE('',*,*,#6041,.F.);
#6044=ORIENTED_EDGE('',*,*,#6043,.F.);
#6045=ORIENTED_EDGE('',*,*,#5860,.T.);
#6047=ORIENTED_EDGE('',*,*,#6046,.F.);
#6049=ORIENTED_EDGE('',*,*,#6048,.F.);
#6051=ORIENTED_EDGE('',*,*,#6050,.F.);
#6053=ORIENTED_EDGE('',*,*,#6052,.F.);
#6055=ORIENTED_EDGE('',*,*,#6054,.F.);
#6057=ORIENTED_EDGE('',*,*,#6056,.T.);
#6059=ORIENTED_EDGE('',*,*,#6058,.T.);
#6061=ORIENTED_EDGE('',*,*,#6060,.F.);
#6063=ORIENTED_EDGE('',*,*,#6062,.F.);
#6065=ORIENTED_EDGE('',*,*,#6064,.T.);
#6067=ORIENTED_EDGE('',*,*,#6066,.F.);
#6069=ORIENTED_EDGE('',*,*,#6068,.F.);
#6071=ORIENTED_EDGE('',*,*,#6070,.F.);
#6073=ORIENTED_EDGE('',*,*,#6072,.T.);
#6075=ORIENTED_EDGE('',*,*,#6074,.F.);
#6077=ORIENTED_EDGE('',*,*,#6076,.F.);
#6079=ORIENTED_EDGE('',*,*,#6078,.F.);
#6081=ORIENTED_EDGE('',*,*,#6080,.T.);
#6083=ORIENTED_EDGE('',*,*,#6082,.T.);
#6085=ORIENTED_EDGE('',*,*,#6084,.F.);
#6087=ORIENTED_EDGE('',*,*,#6086,.F.);
#6089=ORIENTED_EDGE('',*,*,#6088,.F.);
#6091=ORIENTED_EDGE('',*,*,#6090,.F.);
#6093=ORIENTED_EDGE('',*,*,#6092,.T.);
#6094=ORIENTED_EDGE('',*,*,#6007,.F.);
#6095=ORIENTED_EDGE('',*,*,#5979,.F.);
#6097=ORIENTED_EDGE('',*,*,#6096,.F.);
#6099=ORIENTED_EDGE('',*,*,#6098,.T.);
#6101=ORIENTED_EDGE('',*,*,#6100,.T.);
#6103=ORIENTED_EDGE('',*,*,#6102,.F.);
#6105=ORIENTED_EDGE('',*,*,#6104,.F.);
#6107=ORIENTED_EDGE('',*,*,#6106,.T.);
#6109=ORIENTED_EDGE('',*,*,#6108,.T.);
#6111=ORIENTED_EDGE('',*,*,#6110,.F.);
#6112=EDGE_LOOP('',(#6020,#6022,#6024,#6026,#6028,#6030,#6032,#6034,#6036,#6038,
#6040,#6042,#6044,#6045,#6047,#6049,#6051,#6053,#6055,#6057,#6059,#6061,#6063,
#6065,#6067,#6069,#6071,#6073,#6075,#6077,#6079,#6081,#6083,#6085,#6087,#6089,
#6091,#6093,#6094,#6095,#6097,#6099,#6101,#6103,#6105,#6107,#6109,#6111));
#6113=FACE_OUTER_BOUND('',#6112,.F.);
#6115=ORIENTED_EDGE('',*,*,#6114,.F.);
#6117=ORIENTED_EDGE('',*,*,#6116,.T.);
#6119=ORIENTED_EDGE('',*,*,#6118,.T.);
#6121=ORIENTED_EDGE('',*,*,#6120,.F.);
#6122=EDGE_LOOP('',(#6115,#6117,#6119,#6121));
#6123=FACE_BOUND('',#6122,.F.);
#6125=ORIENTED_EDGE('',*,*,#6124,.F.);
#6127=ORIENTED_EDGE('',*,*,#6126,.T.);
#6129=ORIENTED_EDGE('',*,*,#6128,.T.);
#6131=ORIENTED_EDGE('',*,*,#6130,.F.);
#6132=EDGE_LOOP('',(#6125,#6127,#6129,#6131));
#6133=FACE_BOUND('',#6132,.F.);
#6135=ORIENTED_EDGE('',*,*,#6134,.F.);
#6137=ORIENTED_EDGE('',*,*,#6136,.T.);
#6139=ORIENTED_EDGE('',*,*,#6138,.T.);
#6141=ORIENTED_EDGE('',*,*,#6140,.F.);
#6142=EDGE_LOOP('',(#6135,#6137,#6139,#6141));
#6143=FACE_BOUND('',#6142,.F.);
#6145=ORIENTED_EDGE('',*,*,#6144,.F.);
#6147=ORIENTED_EDGE('',*,*,#6146,.T.);
#6149=ORIENTED_EDGE('',*,*,#6148,.T.);
#6151=ORIENTED_EDGE('',*,*,#6150,.F.);
#6152=EDGE_LOOP('',(#6145,#6147,#6149,#6151));
#6153=FACE_BOUND('',#6152,.F.);
#6155=ORIENTED_EDGE('',*,*,#6154,.F.);
#6157=ORIENTED_EDGE('',*,*,#6156,.T.);
#6159=ORIENTED_EDGE('',*,*,#6158,.T.);
#6161=ORIENTED_EDGE('',*,*,#6160,.F.);
#6162=EDGE_LOOP('',(#6155,#6157,#6159,#6161));
#6163=FACE_BOUND('',#6162,.F.);
#6165=ORIENTED_EDGE('',*,*,#6164,.F.);
#6167=ORIENTED_EDGE('',*,*,#6166,.T.);
#6169=ORIENTED_EDGE('',*,*,#6168,.T.);
#6171=ORIENTED_EDGE('',*,*,#6170,.F.);
#6172=EDGE_LOOP('',(#6165,#6167,#6169,#6171));
#6173=FACE_BOUND('',#6172,.F.);
#6175=ORIENTED_EDGE('',*,*,#6174,.F.);
#6177=ORIENTED_EDGE('',*,*,#6176,.T.);
#6179=ORIENTED_EDGE('',*,*,#6178,.T.);
#6181=ORIENTED_EDGE('',*,*,#6180,.F.);
#6182=EDGE_LOOP('',(#6175,#6177,#6179,#6181));
#6183=FACE_BOUND('',#6182,.F.);
#6185=ORIENTED_EDGE('',*,*,#6184,.F.);
#6187=ORIENTED_EDGE('',*,*,#6186,.T.);
#6189=ORIENTED_EDGE('',*,*,#6188,.T.);
#6191=ORIENTED_EDGE('',*,*,#6190,.F.);
#6192=EDGE_LOOP('',(#6185,#6187,#6189,#6191));
#6193=FACE_BOUND('',#6192,.F.);
#6195=ORIENTED_EDGE('',*,*,#6194,.F.);
#6197=ORIENTED_EDGE('',*,*,#6196,.T.);
#6199=ORIENTED_EDGE('',*,*,#6198,.T.);
#6201=ORIENTED_EDGE('',*,*,#6200,.F.);
#6202=EDGE_LOOP('',(#6195,#6197,#6199,#6201));
#6203=FACE_BOUND('',#6202,.F.);
#6205=ORIENTED_EDGE('',*,*,#6204,.F.);
#6207=ORIENTED_EDGE('',*,*,#6206,.T.);
#6209=ORIENTED_EDGE('',*,*,#6208,.T.);
#6211=ORIENTED_EDGE('',*,*,#6210,.F.);
#6212=EDGE_LOOP('',(#6205,#6207,#6209,#6211));
#6213=FACE_BOUND('',#6212,.F.);
#6215=ORIENTED_EDGE('',*,*,#6214,.F.);
#6217=ORIENTED_EDGE('',*,*,#6216,.T.);
#6219=ORIENTED_EDGE('',*,*,#6218,.T.);
#6221=ORIENTED_EDGE('',*,*,#6220,.F.);
#6222=EDGE_LOOP('',(#6215,#6217,#6219,#6221));
#6223=FACE_BOUND('',#6222,.F.);
#6225=ORIENTED_EDGE('',*,*,#6224,.F.);
#6227=ORIENTED_EDGE('',*,*,#6226,.T.);
#6229=ORIENTED_EDGE('',*,*,#6228,.T.);
#6231=ORIENTED_EDGE('',*,*,#6230,.F.);
#6232=EDGE_LOOP('',(#6225,#6227,#6229,#6231));
#6233=FACE_BOUND('',#6232,.F.);
#6235=ORIENTED_EDGE('',*,*,#6234,.F.);
#6237=ORIENTED_EDGE('',*,*,#6236,.T.);
#6239=ORIENTED_EDGE('',*,*,#6238,.T.);
#6241=ORIENTED_EDGE('',*,*,#6240,.F.);
#6242=EDGE_LOOP('',(#6235,#6237,#6239,#6241));
#6243=FACE_BOUND('',#6242,.F.);
#6245=ORIENTED_EDGE('',*,*,#6244,.F.);
#6247=ORIENTED_EDGE('',*,*,#6246,.T.);
#6249=ORIENTED_EDGE('',*,*,#6248,.T.);
#6251=ORIENTED_EDGE('',*,*,#6250,.F.);
#6252=EDGE_LOOP('',(#6245,#6247,#6249,#6251));
#6253=FACE_BOUND('',#6252,.F.);
#6255=ORIENTED_EDGE('',*,*,#6254,.F.);
#6257=ORIENTED_EDGE('',*,*,#6256,.T.);
#6259=ORIENTED_EDGE('',*,*,#6258,.T.);
#6261=ORIENTED_EDGE('',*,*,#6260,.F.);
#6262=EDGE_LOOP('',(#6255,#6257,#6259,#6261));
#6263=FACE_BOUND('',#6262,.F.);
#6265=ORIENTED_EDGE('',*,*,#6264,.F.);
#6267=ORIENTED_EDGE('',*,*,#6266,.T.);
#6269=ORIENTED_EDGE('',*,*,#6268,.T.);
#6271=ORIENTED_EDGE('',*,*,#6270,.F.);
#6272=EDGE_LOOP('',(#6265,#6267,#6269,#6271));
#6273=FACE_BOUND('',#6272,.F.);
#6274=ADVANCED_FACE('',(#6113,#6123,#6133,#6143,#6153,#6163,#6173,#6183,#6193,
#6203,#6213,#6223,#6233,#6243,#6253,#6263,#6273),#6018,.F.);
#6275=CARTESIAN_POINT('',(-7.25E0,0.E0,0.E0));
#6276=DIRECTION('',(1.E0,0.E0,0.E0));
#6277=DIRECTION('',(0.E0,0.E0,-1.E0));
#6278=AXIS2_PLACEMENT_3D('',#6275,#6276,#6277);
#6279=PLANE('',#6278);
#6281=ORIENTED_EDGE('',*,*,#6280,.F.);
#6283=ORIENTED_EDGE('',*,*,#6282,.T.);
#6284=ORIENTED_EDGE('',*,*,#6114,.T.);
#6286=ORIENTED_EDGE('',*,*,#6285,.T.);
#6287=EDGE_LOOP('',(#6281,#6283,#6284,#6286));
#6288=FACE_OUTER_BOUND('',#6287,.F.);
#6289=ADVANCED_FACE('',(#6288),#6279,.F.);
#6290=CARTESIAN_POINT('',(-7.25E0,0.E0,0.E0));
#6291=DIRECTION('',(1.E0,0.E0,0.E0));
#6292=DIRECTION('',(0.E0,0.E0,-1.E0));
#6293=AXIS2_PLACEMENT_3D('',#6290,#6291,#6292);
#6294=PLANE('',#6293);
#6296=ORIENTED_EDGE('',*,*,#6295,.F.);
#6298=ORIENTED_EDGE('',*,*,#6297,.T.);
#6299=ORIENTED_EDGE('',*,*,#6264,.T.);
#6301=ORIENTED_EDGE('',*,*,#6300,.T.);
#6302=EDGE_LOOP('',(#6296,#6298,#6299,#6301));
#6303=FACE_OUTER_BOUND('',#6302,.F.);
#6304=ADVANCED_FACE('',(#6303),#6294,.F.);
#6305=CARTESIAN_POINT('',(-7.25E0,0.E0,0.E0));
#6306=DIRECTION('',(1.E0,0.E0,0.E0));
#6307=DIRECTION('',(0.E0,0.E0,-1.E0));
#6308=AXIS2_PLACEMENT_3D('',#6305,#6306,#6307);
#6309=PLANE('',#6308);
#6311=ORIENTED_EDGE('',*,*,#6310,.F.);
#6313=ORIENTED_EDGE('',*,*,#6312,.T.);
#6315=ORIENTED_EDGE('',*,*,#6314,.T.);
#6317=ORIENTED_EDGE('',*,*,#6316,.T.);
#6319=ORIENTED_EDGE('',*,*,#6318,.T.);
#6321=ORIENTED_EDGE('',*,*,#6320,.T.);
#6323=ORIENTED_EDGE('',*,*,#6322,.T.);
#6325=ORIENTED_EDGE('',*,*,#6324,.T.);
#6326=EDGE_LOOP('',(#6311,#6313,#6315,#6317,#6319,#6321,#6323,#6325));
#6327=FACE_OUTER_BOUND('',#6326,.F.);
#6328=ADVANCED_FACE('',(#6327),#6309,.F.);
#6329=CARTESIAN_POINT('',(-7.25E0,0.E0,0.E0));
#6330=DIRECTION('',(1.E0,0.E0,0.E0));
#6331=DIRECTION('',(0.E0,0.E0,-1.E0));
#6332=AXIS2_PLACEMENT_3D('',#6329,#6330,#6331);
#6333=PLANE('',#6332);
#6335=ORIENTED_EDGE('',*,*,#6334,.F.);
#6337=ORIENTED_EDGE('',*,*,#6336,.T.);
#6339=ORIENTED_EDGE('',*,*,#6338,.T.);
#6341=ORIENTED_EDGE('',*,*,#6340,.T.);
#6343=ORIENTED_EDGE('',*,*,#6342,.T.);
#6345=ORIENTED_EDGE('',*,*,#6344,.T.);
#6347=ORIENTED_EDGE('',*,*,#6346,.T.);
#6349=ORIENTED_EDGE('',*,*,#6348,.T.);
#6350=EDGE_LOOP('',(#6335,#6337,#6339,#6341,#6343,#6345,#6347,#6349));
#6351=FACE_OUTER_BOUND('',#6350,.F.);
#6352=ADVANCED_FACE('',(#6351),#6333,.F.);
#6353=CARTESIAN_POINT('',(-7.175E0,2.6E0,-1.E0));
#6354=DIRECTION('',(-9.701425001453E-1,2.425356250363E-1,0.E0));
#6355=DIRECTION('',(2.425356250363E-1,9.701425001453E-1,0.E0));
#6356=AXIS2_PLACEMENT_3D('',#6353,#6354,#6355);
#6357=PLANE('',#6356);
#6358=ORIENTED_EDGE('',*,*,#6280,.T.);
#6360=ORIENTED_EDGE('',*,*,#6359,.F.);
#6362=ORIENTED_EDGE('',*,*,#6361,.F.);
#6364=ORIENTED_EDGE('',*,*,#6363,.T.);
#6365=EDGE_LOOP('',(#6358,#6360,#6362,#6364));
#6366=FACE_OUTER_BOUND('',#6365,.F.);
#6367=ADVANCED_FACE('',(#6366),#6357,.T.);
#6368=CARTESIAN_POINT('',(-7.E0,2.6E0,-1.175E0));
#6369=DIRECTION('',(0.E0,2.425356250363E-1,-9.701425001453E-1));
#6370=DIRECTION('',(0.E0,-9.701425001453E-1,-2.425356250363E-1));
#6371=AXIS2_PLACEMENT_3D('',#6368,#6369,#6370);
#6372=PLANE('',#6371);
#6374=ORIENTED_EDGE('',*,*,#6373,.F.);
#6376=ORIENTED_EDGE('',*,*,#6375,.F.);
#6378=ORIENTED_EDGE('',*,*,#6377,.T.);
#6379=ORIENTED_EDGE('',*,*,#6359,.T.);
#6380=EDGE_LOOP('',(#6374,#6376,#6378,#6379));
#6381=FACE_OUTER_BOUND('',#6380,.F.);
#6382=ADVANCED_FACE('',(#6381),#6372,.T.);
#6383=CARTESIAN_POINT('',(-7.25E0,-3.7E0,-1.25E0));
#6384=DIRECTION('',(0.E0,0.E0,-1.E0));
#6385=DIRECTION('',(0.E0,1.E0,0.E0));
#6386=AXIS2_PLACEMENT_3D('',#6383,#6384,#6385);
#6387=PLANE('',#6386);
#6388=ORIENTED_EDGE('',*,*,#6340,.F.);
#6390=ORIENTED_EDGE('',*,*,#6389,.T.);
#6392=ORIENTED_EDGE('',*,*,#6391,.T.);
#6394=ORIENTED_EDGE('',*,*,#6393,.F.);
#6395=EDGE_LOOP('',(#6388,#6390,#6392,#6394));
#6396=FACE_OUTER_BOUND('',#6395,.F.);
#6397=ADVANCED_FACE('',(#6396),#6387,.T.);
#6398=CARTESIAN_POINT('',(-7.25E0,-3.7E0,-1.25E0));
#6399=DIRECTION('',(0.E0,0.E0,-1.E0));
#6400=DIRECTION('',(0.E0,1.E0,0.E0));
#6401=AXIS2_PLACEMENT_3D('',#6398,#6399,#6400);
#6402=PLANE('',#6401);
#6403=ORIENTED_EDGE('',*,*,#6373,.T.);
#6404=ORIENTED_EDGE('',*,*,#6285,.F.);
#6405=ORIENTED_EDGE('',*,*,#6120,.T.);
#6407=ORIENTED_EDGE('',*,*,#6406,.T.);
#6408=EDGE_LOOP('',(#6403,#6404,#6405,#6407));
#6409=FACE_OUTER_BOUND('',#6408,.F.);
#6410=ADVANCED_FACE('',(#6409),#6402,.T.);
#6411=CARTESIAN_POINT('',(-7.25E0,-3.7E0,-1.45E0));
#6412=DIRECTION('',(1.E0,0.E0,0.E0));
#6413=DIRECTION('',(0.E0,0.E0,-1.E0));
#6414=AXIS2_PLACEMENT_3D('',#6411,#6412,#6413);
#6415=CYLINDRICAL_SURFACE('',#6414,2.E-1);
#6416=ORIENTED_EDGE('',*,*,#6338,.F.);
#6418=ORIENTED_EDGE('',*,*,#6417,.T.);
#6420=ORIENTED_EDGE('',*,*,#6419,.T.);
#6421=ORIENTED_EDGE('',*,*,#6389,.F.);
#6422=EDGE_LOOP('',(#6416,#6418,#6420,#6421));
#6423=FACE_OUTER_BOUND('',#6422,.F.);
#6424=ADVANCED_FACE('',(#6423),#6415,.F.);
#6425=CARTESIAN_POINT('',(-7.25E0,-3.9E0,-2.65E0));
#6426=DIRECTION('',(0.E0,1.E0,0.E0));
#6427=DIRECTION('',(0.E0,0.E0,1.E0));
#6428=AXIS2_PLACEMENT_3D('',#6425,#6426,#6427);
#6429=PLANE('',#6428);
#6431=ORIENTED_EDGE('',*,*,#6430,.F.);
#6433=ORIENTED_EDGE('',*,*,#6432,.T.);
#6434=ORIENTED_EDGE('',*,*,#6417,.F.);
#6435=ORIENTED_EDGE('',*,*,#6336,.F.);
#6436=EDGE_LOOP('',(#6431,#6433,#6434,#6435));
#6437=FACE_OUTER_BOUND('',#6436,.F.);
#6438=ADVANCED_FACE('',(#6437),#6429,.T.);
#6439=CARTESIAN_POINT('',(-7.E0,-3.975E0,-2.35E0));
#6440=DIRECTION('',(0.E0,9.701425001453E-1,-2.425356250363E-1));
#6441=DIRECTION('',(0.E0,-2.425356250363E-1,-9.701425001453E-1));
#6442=AXIS2_PLACEMENT_3D('',#6439,#6440,#6441);
#6443=PLANE('',#6442);
#6444=ORIENTED_EDGE('',*,*,#6430,.T.);
#6446=ORIENTED_EDGE('',*,*,#6445,.F.);
#6448=ORIENTED_EDGE('',*,*,#6447,.F.);
#6450=ORIENTED_EDGE('',*,*,#6449,.F.);
#6451=EDGE_LOOP('',(#6444,#6446,#6448,#6450));
#6452=FACE_OUTER_BOUND('',#6451,.F.);
#6453=ADVANCED_FACE('',(#6452),#6443,.T.);
#6454=CARTESIAN_POINT('',(-7.175E0,-4.15E0,-2.35E0));
#6455=DIRECTION('',(-9.701425001453E-1,0.E0,-2.425356250363E-1));
#6456=DIRECTION('',(2.425356250363E-1,0.E0,-9.701425001453E-1));
#6457=AXIS2_PLACEMENT_3D('',#6454,#6455,#6456);
#6458=PLANE('',#6457);
#6459=ORIENTED_EDGE('',*,*,#6334,.T.);
#6461=ORIENTED_EDGE('',*,*,#6460,.F.);
#6463=ORIENTED_EDGE('',*,*,#6462,.F.);
#6464=ORIENTED_EDGE('',*,*,#6445,.T.);
#6465=EDGE_LOOP('',(#6459,#6461,#6463,#6464));
#6466=FACE_OUTER_BOUND('',#6465,.F.);
#6467=ADVANCED_FACE('',(#6466),#6458,.T.);
#6468=CARTESIAN_POINT('',(-7.E0,-4.325E0,-2.35E0));
#6469=DIRECTION('',(0.E0,-9.701425001453E-1,-2.425356250363E-1));
#6470=DIRECTION('',(0.E0,-2.425356250363E-1,9.701425001453E-1));
#6471=AXIS2_PLACEMENT_3D('',#6468,#6469,#6470);
#6472=PLANE('',#6471);
#6474=ORIENTED_EDGE('',*,*,#6473,.F.);
#6476=ORIENTED_EDGE('',*,*,#6475,.F.);
#6478=ORIENTED_EDGE('',*,*,#6477,.T.);
#6479=ORIENTED_EDGE('',*,*,#6460,.T.);
#6480=EDGE_LOOP('',(#6474,#6476,#6478,#6479));
#6481=FACE_OUTER_BOUND('',#6480,.F.);
#6482=ADVANCED_FACE('',(#6481),#6472,.T.);
#6483=CARTESIAN_POINT('',(-7.25E0,-4.4E0,-1.45E0));
#6484=DIRECTION('',(0.E0,-1.E0,0.E0));
#6485=DIRECTION('',(0.E0,0.E0,-1.E0));
#6486=AXIS2_PLACEMENT_3D('',#6483,#6484,#6485);
#6487=PLANE('',#6486);
#6488=ORIENTED_EDGE('',*,*,#6473,.T.);
#6489=ORIENTED_EDGE('',*,*,#6348,.F.);
#6491=ORIENTED_EDGE('',*,*,#6490,.T.);
#6493=ORIENTED_EDGE('',*,*,#6492,.T.);
#6494=EDGE_LOOP('',(#6488,#6489,#6491,#6493));
#6495=FACE_OUTER_BOUND('',#6494,.F.);
#6496=ADVANCED_FACE('',(#6495),#6487,.T.);
#6497=CARTESIAN_POINT('',(-7.25E0,-3.7E0,-1.45E0));
#6498=DIRECTION('',(1.E0,0.E0,0.E0));
#6499=DIRECTION('',(0.E0,0.E0,-1.E0));
#6500=AXIS2_PLACEMENT_3D('',#6497,#6498,#6499);
#6501=CYLINDRICAL_SURFACE('',#6500,7.E-1);
#6502=ORIENTED_EDGE('',*,*,#6346,.F.);
#6504=ORIENTED_EDGE('',*,*,#6503,.T.);
#6506=ORIENTED_EDGE('',*,*,#6505,.T.);
#6507=ORIENTED_EDGE('',*,*,#6490,.F.);
#6508=EDGE_LOOP('',(#6502,#6504,#6506,#6507));
#6509=FACE_OUTER_BOUND('',#6508,.F.);
#6510=ADVANCED_FACE('',(#6509),#6501,.T.);
#6511=CARTESIAN_POINT('',(-7.25E0,2.9E0,-7.5E-1));
#6512=DIRECTION('',(0.E0,0.E0,1.E0));
#6513=DIRECTION('',(0.E0,-1.E0,0.E0));
#6514=AXIS2_PLACEMENT_3D('',#6511,#6512,#6513);
#6515=PLANE('',#6514);
#6516=ORIENTED_EDGE('',*,*,#6344,.F.);
#6518=ORIENTED_EDGE('',*,*,#6517,.T.);
#6520=ORIENTED_EDGE('',*,*,#6519,.T.);
#6521=ORIENTED_EDGE('',*,*,#6503,.F.);
#6522=EDGE_LOOP('',(#6516,#6518,#6520,#6521));
#6523=FACE_OUTER_BOUND('',#6522,.F.);
#6524=ADVANCED_FACE('',(#6523),#6515,.T.);
#6525=CARTESIAN_POINT('',(-7.25E0,2.9E0,-7.5E-1));
#6526=DIRECTION('',(0.E0,0.E0,1.E0));
#6527=DIRECTION('',(0.E0,-1.E0,0.E0));
#6528=AXIS2_PLACEMENT_3D('',#6525,#6526,#6527);
#6529=PLANE('',#6528);
#6531=ORIENTED_EDGE('',*,*,#6530,.F.);
#6533=ORIENTED_EDGE('',*,*,#6532,.T.);
#6534=ORIENTED_EDGE('',*,*,#6116,.F.);
#6535=ORIENTED_EDGE('',*,*,#6282,.F.);
#6536=EDGE_LOOP('',(#6531,#6533,#6534,#6535));
#6537=FACE_OUTER_BOUND('',#6536,.F.);
#6538=ADVANCED_FACE('',(#6537),#6529,.T.);
#6539=CARTESIAN_POINT('',(-9.325E0,-3.2E0,-3.15E0));
#6540=DIRECTION('',(0.E0,-1.E0,0.E0));
#6541=DIRECTION('',(1.E0,0.E0,0.E0));
#6542=AXIS2_PLACEMENT_3D('',#6539,#6540,#6541);
#6543=PLANE('',#6542);
#6545=ORIENTED_EDGE('',*,*,#6544,.T.);
#6547=ORIENTED_EDGE('',*,*,#6546,.T.);
#6549=ORIENTED_EDGE('',*,*,#6548,.T.);
#6551=ORIENTED_EDGE('',*,*,#6550,.T.);
#6552=EDGE_LOOP('',(#6545,#6547,#6549,#6551));
#6553=FACE_OUTER_BOUND('',#6552,.F.);
#6554=ORIENTED_EDGE('',*,*,#6342,.F.);
#6555=ORIENTED_EDGE('',*,*,#6393,.T.);
#6557=ORIENTED_EDGE('',*,*,#6556,.T.);
#6558=ORIENTED_EDGE('',*,*,#6517,.F.);
#6559=EDGE_LOOP('',(#6554,#6555,#6557,#6558));
#6560=FACE_BOUND('',#6559,.F.);
#6561=ORIENTED_EDGE('',*,*,#6318,.F.);
#6563=ORIENTED_EDGE('',*,*,#6562,.T.);
#6565=ORIENTED_EDGE('',*,*,#6564,.T.);
#6567=ORIENTED_EDGE('',*,*,#6566,.F.);
#6568=EDGE_LOOP('',(#6561,#6563,#6565,#6567));
#6569=FACE_BOUND('',#6568,.F.);
#6571=ORIENTED_EDGE('',*,*,#6570,.F.);
#6573=ORIENTED_EDGE('',*,*,#6572,.T.);
#6575=ORIENTED_EDGE('',*,*,#6574,.T.);
#6577=ORIENTED_EDGE('',*,*,#6576,.F.);
#6578=EDGE_LOOP('',(#6571,#6573,#6575,#6577));
#6579=FACE_BOUND('',#6578,.F.);
#6581=ORIENTED_EDGE('',*,*,#6580,.F.);
#6583=ORIENTED_EDGE('',*,*,#6582,.T.);
#6585=ORIENTED_EDGE('',*,*,#6584,.T.);
#6587=ORIENTED_EDGE('',*,*,#6586,.F.);
#6588=EDGE_LOOP('',(#6581,#6583,#6585,#6587));
#6589=FACE_BOUND('',#6588,.F.);
#6591=ORIENTED_EDGE('',*,*,#6590,.F.);
#6593=ORIENTED_EDGE('',*,*,#6592,.T.);
#6595=ORIENTED_EDGE('',*,*,#6594,.T.);
#6597=ORIENTED_EDGE('',*,*,#6596,.F.);
#6598=EDGE_LOOP('',(#6591,#6593,#6595,#6597));
#6599=FACE_BOUND('',#6598,.F.);
#6601=ORIENTED_EDGE('',*,*,#6600,.F.);
#6603=ORIENTED_EDGE('',*,*,#6602,.T.);
#6605=ORIENTED_EDGE('',*,*,#6604,.T.);
#6607=ORIENTED_EDGE('',*,*,#6606,.F.);
#6608=EDGE_LOOP('',(#6601,#6603,#6605,#6607));
#6609=FACE_BOUND('',#6608,.F.);
#6611=ORIENTED_EDGE('',*,*,#6610,.F.);
#6613=ORIENTED_EDGE('',*,*,#6612,.T.);
#6615=ORIENTED_EDGE('',*,*,#6614,.T.);
#6617=ORIENTED_EDGE('',*,*,#6616,.F.);
#6618=EDGE_LOOP('',(#6611,#6613,#6615,#6617));
#6619=FACE_BOUND('',#6618,.F.);
#6621=ORIENTED_EDGE('',*,*,#6620,.F.);
#6623=ORIENTED_EDGE('',*,*,#6622,.T.);
#6625=ORIENTED_EDGE('',*,*,#6624,.T.);
#6627=ORIENTED_EDGE('',*,*,#6626,.F.);
#6628=EDGE_LOOP('',(#6621,#6623,#6625,#6627));
#6629=FACE_BOUND('',#6628,.F.);
#6631=ORIENTED_EDGE('',*,*,#6630,.F.);
#6633=ORIENTED_EDGE('',*,*,#6632,.T.);
#6635=ORIENTED_EDGE('',*,*,#6634,.T.);
#6637=ORIENTED_EDGE('',*,*,#6636,.F.);
#6638=EDGE_LOOP('',(#6631,#6633,#6635,#6637));
#6639=FACE_BOUND('',#6638,.F.);
#6641=ORIENTED_EDGE('',*,*,#6640,.F.);
#6643=ORIENTED_EDGE('',*,*,#6642,.T.);
#6645=ORIENTED_EDGE('',*,*,#6644,.T.);
#6647=ORIENTED_EDGE('',*,*,#6646,.F.);
#6648=EDGE_LOOP('',(#6641,#6643,#6645,#6647));
#6649=FACE_BOUND('',#6648,.F.);
#6651=ORIENTED_EDGE('',*,*,#6650,.F.);
#6653=ORIENTED_EDGE('',*,*,#6652,.T.);
#6655=ORIENTED_EDGE('',*,*,#6654,.T.);
#6657=ORIENTED_EDGE('',*,*,#6656,.F.);
#6658=EDGE_LOOP('',(#6651,#6653,#6655,#6657));
#6659=FACE_BOUND('',#6658,.F.);
#6661=ORIENTED_EDGE('',*,*,#6660,.F.);
#6663=ORIENTED_EDGE('',*,*,#6662,.T.);
#6665=ORIENTED_EDGE('',*,*,#6664,.T.);
#6667=ORIENTED_EDGE('',*,*,#6666,.F.);
#6668=EDGE_LOOP('',(#6661,#6663,#6665,#6667));
#6669=FACE_BOUND('',#6668,.F.);
#6671=ORIENTED_EDGE('',*,*,#6670,.F.);
#6673=ORIENTED_EDGE('',*,*,#6672,.T.);
#6675=ORIENTED_EDGE('',*,*,#6674,.T.);
#6677=ORIENTED_EDGE('',*,*,#6676,.F.);
#6678=EDGE_LOOP('',(#6671,#6673,#6675,#6677));
#6679=FACE_BOUND('',#6678,.F.);
#6681=ORIENTED_EDGE('',*,*,#6680,.F.);
#6683=ORIENTED_EDGE('',*,*,#6682,.T.);
#6685=ORIENTED_EDGE('',*,*,#6684,.T.);
#6687=ORIENTED_EDGE('',*,*,#6686,.F.);
#6688=EDGE_LOOP('',(#6681,#6683,#6685,#6687));
#6689=FACE_BOUND('',#6688,.F.);
#6691=ORIENTED_EDGE('',*,*,#6690,.F.);
#6693=ORIENTED_EDGE('',*,*,#6692,.T.);
#6695=ORIENTED_EDGE('',*,*,#6694,.T.);
#6697=ORIENTED_EDGE('',*,*,#6696,.F.);
#6698=EDGE_LOOP('',(#6691,#6693,#6695,#6697));
#6699=FACE_BOUND('',#6698,.F.);
#6701=ORIENTED_EDGE('',*,*,#6700,.F.);
#6703=ORIENTED_EDGE('',*,*,#6702,.T.);
#6705=ORIENTED_EDGE('',*,*,#6704,.T.);
#6707=ORIENTED_EDGE('',*,*,#6706,.F.);
#6708=EDGE_LOOP('',(#6701,#6703,#6705,#6707));
#6709=FACE_BOUND('',#6708,.F.);
#6711=ORIENTED_EDGE('',*,*,#6710,.T.);
#6713=ORIENTED_EDGE('',*,*,#6712,.T.);
#6714=EDGE_LOOP('',(#6711,#6713));
#6715=FACE_BOUND('',#6714,.F.);
#6717=ORIENTED_EDGE('',*,*,#6716,.T.);
#6719=ORIENTED_EDGE('',*,*,#6718,.T.);
#6720=EDGE_LOOP('',(#6717,#6719));
#6721=FACE_BOUND('',#6720,.F.);
#6722=ADVANCED_FACE('',(#6553,#6560,#6569,#6579,#6589,#6599,#6609,#6619,#6629,
#6639,#6649,#6659,#6669,#6679,#6689,#6699,#6709,#6715,#6721),#6543,.T.);
#6723=CARTESIAN_POINT('',(-8.5E0,-3.2E0,-2.E0));
#6724=DIRECTION('',(1.E0,0.E0,0.E0));
#6725=DIRECTION('',(0.E0,0.E0,1.E0));
#6726=AXIS2_PLACEMENT_3D('',#6723,#6724,#6725);
#6727=PLANE('',#6726);
#6728=ORIENTED_EDGE('',*,*,#6544,.F.);
#6730=ORIENTED_EDGE('',*,*,#6729,.T.);
#6732=ORIENTED_EDGE('',*,*,#6731,.T.);
#6734=ORIENTED_EDGE('',*,*,#6733,.F.);
#6735=EDGE_LOOP('',(#6728,#6730,#6732,#6734));
#6736=FACE_OUTER_BOUND('',#6735,.F.);
#6737=ADVANCED_FACE('',(#6736),#6727,.F.);
#6738=CARTESIAN_POINT('',(8.5E0,-3.2E0,-2.E0));
#6739=DIRECTION('',(0.E0,0.E0,1.E0));
#6740=DIRECTION('',(-1.E0,0.E0,0.E0));
#6741=AXIS2_PLACEMENT_3D('',#6738,#6739,#6740);
#6742=PLANE('',#6741);
#6743=ORIENTED_EDGE('',*,*,#6550,.F.);
#6745=ORIENTED_EDGE('',*,*,#6744,.T.);
#6747=ORIENTED_EDGE('',*,*,#6746,.T.);
#6748=ORIENTED_EDGE('',*,*,#6729,.F.);
#6749=EDGE_LOOP('',(#6743,#6745,#6747,#6748));
#6750=FACE_OUTER_BOUND('',#6749,.F.);
#6751=ADVANCED_FACE('',(#6750),#6742,.F.);
#6752=CARTESIAN_POINT('',(8.5E0,-3.2E0,2.E0));
#6753=DIRECTION('',(-1.E0,0.E0,0.E0));
#6754=DIRECTION('',(0.E0,0.E0,-1.E0));
#6755=AXIS2_PLACEMENT_3D('',#6752,#6753,#6754);
#6756=PLANE('',#6755);
#6757=ORIENTED_EDGE('',*,*,#6548,.F.);
#6759=ORIENTED_EDGE('',*,*,#6758,.T.);
#6761=ORIENTED_EDGE('',*,*,#6760,.T.);
#6762=ORIENTED_EDGE('',*,*,#6744,.F.);
#6763=EDGE_LOOP('',(#6757,#6759,#6761,#6762));
#6764=FACE_OUTER_BOUND('',#6763,.F.);
#6765=ADVANCED_FACE('',(#6764),#6756,.F.);
#6766=CARTESIAN_POINT('',(-8.5E0,-3.2E0,2.E0));
#6767=DIRECTION('',(0.E0,0.E0,-1.E0));
#6768=DIRECTION('',(1.E0,0.E0,0.E0));
#6769=AXIS2_PLACEMENT_3D('',#6766,#6767,#6768);
#6770=PLANE('',#6769);
#6771=ORIENTED_EDGE('',*,*,#6546,.F.);
#6772=ORIENTED_EDGE('',*,*,#6733,.T.);
#6774=ORIENTED_EDGE('',*,*,#6773,.T.);
#6775=ORIENTED_EDGE('',*,*,#6758,.F.);
#6776=EDGE_LOOP('',(#6771,#6772,#6774,#6775));
#6777=FACE_OUTER_BOUND('',#6776,.F.);
#6778=ADVANCED_FACE('',(#6777),#6770,.F.);
#6779=CARTESIAN_POINT('',(0.E0,-1.5E0,-3.15E0));
#6780=DIRECTION('',(0.E0,-1.E0,0.E0));
#6781=DIRECTION('',(0.E0,0.E0,1.E0));
#6782=AXIS2_PLACEMENT_3D('',#6779,#6780,#6781);
#6783=PLANE('',#6782);
#6785=ORIENTED_EDGE('',*,*,#6784,.F.);
#6787=ORIENTED_EDGE('',*,*,#6786,.F.);
#6789=ORIENTED_EDGE('',*,*,#6788,.T.);
#6790=ORIENTED_EDGE('',*,*,#5970,.F.);
#6791=ORIENTED_EDGE('',*,*,#5842,.F.);
#6792=ORIENTED_EDGE('',*,*,#5870,.T.);
#6794=ORIENTED_EDGE('',*,*,#6793,.T.);
#6796=ORIENTED_EDGE('',*,*,#6795,.T.);
#6798=ORIENTED_EDGE('',*,*,#6797,.T.);
#6800=ORIENTED_EDGE('',*,*,#6799,.F.);
#6802=ORIENTED_EDGE('',*,*,#6801,.T.);
#6804=ORIENTED_EDGE('',*,*,#6803,.T.);
#6805=EDGE_LOOP('',(#6785,#6787,#6789,#6790,#6791,#6792,#6794,#6796,#6798,#6800,
#6802,#6804));
#6806=FACE_OUTER_BOUND('',#6805,.F.);
#6807=ORIENTED_EDGE('',*,*,#6731,.F.);
#6808=ORIENTED_EDGE('',*,*,#6746,.F.);
#6809=ORIENTED_EDGE('',*,*,#6760,.F.);
#6810=ORIENTED_EDGE('',*,*,#6773,.F.);
#6811=EDGE_LOOP('',(#6807,#6808,#6809,#6810));
#6812=FACE_BOUND('',#6811,.F.);
#6813=ADVANCED_FACE('',(#6806,#6812),#6783,.T.);
#6814=CARTESIAN_POINT('',(8.425E0,3.2E0,2.25E0));
#6815=DIRECTION('',(0.E0,0.E0,-1.E0));
#6816=DIRECTION('',(0.E0,-1.E0,0.E0));
#6817=AXIS2_PLACEMENT_3D('',#6814,#6815,#6816);
#6818=PLANE('',#6817);
#6820=ORIENTED_EDGE('',*,*,#6819,.T.);
#6821=ORIENTED_EDGE('',*,*,#6784,.T.);
#6823=ORIENTED_EDGE('',*,*,#6822,.T.);
#6824=ORIENTED_EDGE('',*,*,#6108,.F.);
#6825=EDGE_LOOP('',(#6820,#6821,#6823,#6824));
#6826=FACE_OUTER_BOUND('',#6825,.F.);
#6827=ADVANCED_FACE('',(#6826),#6818,.F.);
#6828=CARTESIAN_POINT('',(6.5E0,1.7E0,3.15E0));
#6829=DIRECTION('',(-9.989031743698E-1,-4.682358629859E-2,0.E0));
#6830=DIRECTION('',(4.682358629859E-2,-9.989031743698E-1,0.E0));
#6831=AXIS2_PLACEMENT_3D('',#6828,#6829,#6830);
#6832=PLANE('',#6831);
#6833=ORIENTED_EDGE('',*,*,#6819,.F.);
#6834=ORIENTED_EDGE('',*,*,#6106,.F.);
#6836=ORIENTED_EDGE('',*,*,#6835,.T.);
#6838=ORIENTED_EDGE('',*,*,#6837,.F.);
#6840=ORIENTED_EDGE('',*,*,#6839,.T.);
#6841=ORIENTED_EDGE('',*,*,#6786,.T.);
#6842=EDGE_LOOP('',(#6833,#6834,#6836,#6838,#6840,#6841));
#6843=FACE_OUTER_BOUND('',#6842,.F.);
#6844=ADVANCED_FACE('',(#6843),#6832,.T.);
#6845=CARTESIAN_POINT('',(-8.025E0,3.2E0,2.5E0));
#6846=DIRECTION('',(0.E0,0.E0,1.E0));
#6847=DIRECTION('',(1.E0,0.E0,0.E0));
#6848=AXIS2_PLACEMENT_3D('',#6845,#6846,#6847);
#6849=PLANE('',#6848);
#6851=ORIENTED_EDGE('',*,*,#6850,.F.);
#6853=ORIENTED_EDGE('',*,*,#6852,.F.);
#6855=ORIENTED_EDGE('',*,*,#6854,.T.);
#6856=ORIENTED_EDGE('',*,*,#6035,.T.);
#6858=ORIENTED_EDGE('',*,*,#6857,.T.);
#6860=ORIENTED_EDGE('',*,*,#6859,.F.);
#6862=ORIENTED_EDGE('',*,*,#6861,.F.);
#6864=ORIENTED_EDGE('',*,*,#6863,.F.);
#6866=ORIENTED_EDGE('',*,*,#6865,.F.);
#6868=ORIENTED_EDGE('',*,*,#6867,.F.);
#6870=ORIENTED_EDGE('',*,*,#6869,.F.);
#6871=ORIENTED_EDGE('',*,*,#6027,.T.);
#6873=ORIENTED_EDGE('',*,*,#6872,.T.);
#6874=EDGE_LOOP('',(#6851,#6853,#6855,#6856,#6858,#6860,#6862,#6864,#6866,#6868,
#6870,#6871,#6873));
#6875=FACE_OUTER_BOUND('',#6874,.F.);
#6876=ADVANCED_FACE('',(#6875),#6849,.F.);
#6877=CARTESIAN_POINT('',(-8.025E0,3.2E0,2.5E0));
#6878=DIRECTION('',(0.E0,0.E0,1.E0));
#6879=DIRECTION('',(1.E0,0.E0,0.E0));
#6880=AXIS2_PLACEMENT_3D('',#6877,#6878,#6879);
#6881=PLANE('',#6880);
#6883=ORIENTED_EDGE('',*,*,#6882,.F.);
#6885=ORIENTED_EDGE('',*,*,#6884,.F.);
#6886=ORIENTED_EDGE('',*,*,#6019,.T.);
#6888=ORIENTED_EDGE('',*,*,#6887,.T.);
#6890=ORIENTED_EDGE('',*,*,#6889,.T.);
#6892=ORIENTED_EDGE('',*,*,#6891,.T.);
#6894=ORIENTED_EDGE('',*,*,#6893,.T.);
#6896=ORIENTED_EDGE('',*,*,#6895,.T.);
#6898=ORIENTED_EDGE('',*,*,#6897,.T.);
#6899=ORIENTED_EDGE('',*,*,#6835,.F.);
#6900=ORIENTED_EDGE('',*,*,#6104,.T.);
#6902=ORIENTED_EDGE('',*,*,#6901,.F.);
#6904=ORIENTED_EDGE('',*,*,#6903,.F.);
#6905=EDGE_LOOP('',(#6883,#6885,#6886,#6888,#6890,#6892,#6894,#6896,#6898,#6899,
#6900,#6902,#6904));
#6906=FACE_OUTER_BOUND('',#6905,.F.);
#6907=ADVANCED_FACE('',(#6906),#6881,.F.);
#6908=CARTESIAN_POINT('',(-2.E0,2.4E0,1.26252E1));
#6909=DIRECTION('',(0.E0,0.E0,-1.E0));
#6910=DIRECTION('',(0.E0,1.E0,0.E0));
#6911=AXIS2_PLACEMENT_3D('',#6908,#6909,#6910);
#6912=CYLINDRICAL_SURFACE('',#6911,8.E-1);
#6914=ORIENTED_EDGE('',*,*,#6913,.T.);
#6915=ORIENTED_EDGE('',*,*,#6850,.T.);
#6917=ORIENTED_EDGE('',*,*,#6916,.F.);
#6919=ORIENTED_EDGE('',*,*,#6918,.T.);
#6920=ORIENTED_EDGE('',*,*,#5950,.T.);
#6921=EDGE_LOOP('',(#6914,#6915,#6917,#6919,#6920));
#6922=FACE_OUTER_BOUND('',#6921,.F.);
#6923=ADVANCED_FACE('',(#6922),#6912,.T.);
#6924=CARTESIAN_POINT('',(0.E0,2.9E0,2.55E0));
#6925=DIRECTION('',(0.E0,7.071067811865E-1,-7.071067811865E-1));
#6926=DIRECTION('',(0.E0,-7.071067811865E-1,-7.071067811865E-1));
#6927=AXIS2_PLACEMENT_3D('',#6924,#6925,#6926);
#6928=PLANE('',#6927);
#6929=ORIENTED_EDGE('',*,*,#6913,.F.);
#6930=ORIENTED_EDGE('',*,*,#5948,.T.);
#6932=ORIENTED_EDGE('',*,*,#6931,.F.);
#6934=ORIENTED_EDGE('',*,*,#6933,.F.);
#6936=ORIENTED_EDGE('',*,*,#6935,.T.);
#6937=ORIENTED_EDGE('',*,*,#6852,.T.);
#6938=EDGE_LOOP('',(#6929,#6930,#6932,#6934,#6936,#6937));
#6939=FACE_OUTER_BOUND('',#6938,.F.);
#6940=ADVANCED_FACE('',(#6939),#6928,.T.);
#6941=CARTESIAN_POINT('',(0.E0,2.9E0,2.55E0));
#6942=DIRECTION('',(0.E0,7.071067811865E-1,-7.071067811865E-1));
#6943=DIRECTION('',(0.E0,-7.071067811865E-1,-7.071067811865E-1));
#6944=AXIS2_PLACEMENT_3D('',#6941,#6942,#6943);
#6945=PLANE('',#6944);
#6947=ORIENTED_EDGE('',*,*,#6946,.F.);
#6948=ORIENTED_EDGE('',*,*,#6903,.T.);
#6950=ORIENTED_EDGE('',*,*,#6949,.F.);
#6952=ORIENTED_EDGE('',*,*,#6951,.F.);
#6954=ORIENTED_EDGE('',*,*,#6953,.T.);
#6955=ORIENTED_EDGE('',*,*,#5921,.T.);
#6956=EDGE_LOOP('',(#6947,#6948,#6950,#6952,#6954,#6955));
#6957=FACE_OUTER_BOUND('',#6956,.F.);
#6958=ADVANCED_FACE('',(#6957),#6945,.T.);
#6959=CARTESIAN_POINT('',(-8.725E0,2.9E0,1.7E0));
#6960=DIRECTION('',(7.071067811865E-1,7.071067811865E-1,0.E0));
#6961=DIRECTION('',(7.071067811865E-1,-7.071067811865E-1,0.E0));
#6962=AXIS2_PLACEMENT_3D('',#6959,#6960,#6961);
#6963=PLANE('',#6962);
#6965=ORIENTED_EDGE('',*,*,#6964,.F.);
#6966=ORIENTED_EDGE('',*,*,#6931,.T.);
#6967=ORIENTED_EDGE('',*,*,#5946,.T.);
#6969=ORIENTED_EDGE('',*,*,#6968,.F.);
#6970=EDGE_LOOP('',(#6965,#6966,#6967,#6969));
#6971=FACE_OUTER_BOUND('',#6970,.F.);
#6972=ADVANCED_FACE('',(#6971),#6963,.T.);
#6973=CARTESIAN_POINT('',(-8.425E0,0.E0,0.E0));
#6974=DIRECTION('',(1.E0,0.E0,0.E0));
#6975=DIRECTION('',(0.E0,0.E0,-1.E0));
#6976=AXIS2_PLACEMENT_3D('',#6973,#6974,#6975);
#6977=PLANE('',#6976);
#6979=ORIENTED_EDGE('',*,*,#6978,.T.);
#6981=ORIENTED_EDGE('',*,*,#6980,.F.);
#6982=ORIENTED_EDGE('',*,*,#6048,.T.);
#6984=ORIENTED_EDGE('',*,*,#6983,.T.);
#6985=EDGE_LOOP('',(#6979,#6981,#6982,#6984));
#6986=FACE_OUTER_BOUND('',#6985,.F.);
#6987=ADVANCED_FACE('',(#6986),#6977,.T.);
#6988=CARTESIAN_POINT('',(-8.425E0,0.E0,0.E0));
#6989=DIRECTION('',(1.E0,0.E0,0.E0));
#6990=DIRECTION('',(0.E0,0.E0,-1.E0));
#6991=AXIS2_PLACEMENT_3D('',#6988,#6989,#6990);
#6992=PLANE('',#6991);
#6993=ORIENTED_EDGE('',*,*,#6964,.T.);
#6995=ORIENTED_EDGE('',*,*,#6994,.F.);
#6996=ORIENTED_EDGE('',*,*,#6041,.T.);
#6998=ORIENTED_EDGE('',*,*,#6997,.F.);
#6999=EDGE_LOOP('',(#6993,#6995,#6996,#6998));
#7000=FACE_OUTER_BOUND('',#6999,.F.);
#7001=ADVANCED_FACE('',(#7000),#6992,.T.);
#7002=CARTESIAN_POINT('',(-8.725E0,2.9E0,-1.2E0));
#7003=DIRECTION('',(7.071067811865E-1,7.071067811865E-1,0.E0));
#7004=DIRECTION('',(7.071067811865E-1,-7.071067811865E-1,0.E0));
#7005=AXIS2_PLACEMENT_3D('',#7002,#7003,#7004);
#7006=PLANE('',#7005);
#7007=ORIENTED_EDGE('',*,*,#6978,.F.);
#7008=ORIENTED_EDGE('',*,*,#5886,.T.);
#7009=ORIENTED_EDGE('',*,*,#5909,.T.);
#7011=ORIENTED_EDGE('',*,*,#7010,.F.);
#7012=EDGE_LOOP('',(#7007,#7008,#7009,#7011));
#7013=FACE_OUTER_BOUND('',#7012,.F.);
#7014=ADVANCED_FACE('',(#7013),#7006,.T.);
#7015=CARTESIAN_POINT('',(0.E0,2.9E0,-2.55E0));
#7016=DIRECTION('',(0.E0,7.071067811865E-1,7.071067811865E-1));
#7017=DIRECTION('',(0.E0,-7.071067811865E-1,7.071067811865E-1));
#7018=AXIS2_PLACEMENT_3D('',#7015,#7016,#7017);
#7019=PLANE('',#7018);
#7021=ORIENTED_EDGE('',*,*,#7020,.F.);
#7023=ORIENTED_EDGE('',*,*,#7022,.F.);
#7025=ORIENTED_EDGE('',*,*,#7024,.T.);
#7027=ORIENTED_EDGE('',*,*,#7026,.F.);
#7029=ORIENTED_EDGE('',*,*,#7028,.F.);
#7031=ORIENTED_EDGE('',*,*,#7030,.F.);
#7033=ORIENTED_EDGE('',*,*,#7032,.T.);
#7035=ORIENTED_EDGE('',*,*,#7034,.F.);
#7037=ORIENTED_EDGE('',*,*,#7036,.F.);
#7039=ORIENTED_EDGE('',*,*,#7038,.F.);
#7041=ORIENTED_EDGE('',*,*,#7040,.F.);
#7043=ORIENTED_EDGE('',*,*,#7042,.F.);
#7045=ORIENTED_EDGE('',*,*,#7044,.F.);
#7047=ORIENTED_EDGE('',*,*,#7046,.F.);
#7049=ORIENTED_EDGE('',*,*,#7048,.F.);
#7050=ORIENTED_EDGE('',*,*,#7010,.T.);
#7051=ORIENTED_EDGE('',*,*,#5907,.T.);
#7053=ORIENTED_EDGE('',*,*,#7052,.F.);
#7055=ORIENTED_EDGE('',*,*,#7054,.F.);
#7057=ORIENTED_EDGE('',*,*,#7056,.T.);
#7059=ORIENTED_EDGE('',*,*,#7058,.F.);
#7061=ORIENTED_EDGE('',*,*,#7060,.F.);
#7063=ORIENTED_EDGE('',*,*,#7062,.F.);
#7065=ORIENTED_EDGE('',*,*,#7064,.F.);
#7066=EDGE_LOOP('',(#7021,#7023,#7025,#7027,#7029,#7031,#7033,#7035,#7037,#7039,
#7041,#7043,#7045,#7047,#7049,#7050,#7051,#7053,#7055,#7057,#7059,#7061,#7063,
#7065));
#7067=FACE_OUTER_BOUND('',#7066,.F.);
#7068=ADVANCED_FACE('',(#7067),#7019,.T.);
#7069=CARTESIAN_POINT('',(-7.4E0,3.2E0,-2.5E0));
#7070=DIRECTION('',(0.E0,0.E0,-1.E0));
#7071=DIRECTION('',(-1.E0,0.E0,0.E0));
#7072=AXIS2_PLACEMENT_3D('',#7069,#7070,#7071);
#7073=PLANE('',#7072);
#7075=ORIENTED_EDGE('',*,*,#7074,.F.);
#7076=ORIENTED_EDGE('',*,*,#6054,.T.);
#7078=ORIENTED_EDGE('',*,*,#7077,.F.);
#7079=ORIENTED_EDGE('',*,*,#7044,.T.);
#7080=EDGE_LOOP('',(#7075,#7076,#7078,#7079));
#7081=FACE_OUTER_BOUND('',#7080,.F.);
#7082=ADVANCED_FACE('',(#7081),#7073,.F.);
#7083=CARTESIAN_POINT('',(-7.4E0,3.2E0,-2.5E0));
#7084=DIRECTION('',(0.E0,0.E0,-1.E0));
#7085=DIRECTION('',(-1.E0,0.E0,0.E0));
#7086=AXIS2_PLACEMENT_3D('',#7083,#7084,#7085);
#7087=PLANE('',#7086);
#7089=ORIENTED_EDGE('',*,*,#7088,.T.);
#7090=ORIENTED_EDGE('',*,*,#7058,.T.);
#7092=ORIENTED_EDGE('',*,*,#7091,.T.);
#7093=ORIENTED_EDGE('',*,*,#6086,.T.);
#7094=EDGE_LOOP('',(#7089,#7090,#7092,#7093));
#7095=FACE_OUTER_BOUND('',#7094,.F.);
#7096=ADVANCED_FACE('',(#7095),#7087,.F.);
#7097=CARTESIAN_POINT('',(-7.4E0,3.2E0,-2.5E0));
#7098=DIRECTION('',(0.E0,0.E0,-1.E0));
#7099=DIRECTION('',(-1.E0,0.E0,0.E0));
#7100=AXIS2_PLACEMENT_3D('',#7097,#7098,#7099);
#7101=PLANE('',#7100);
#7103=ORIENTED_EDGE('',*,*,#7102,.T.);
#7104=ORIENTED_EDGE('',*,*,#7028,.T.);
#7106=ORIENTED_EDGE('',*,*,#7105,.F.);
#7107=ORIENTED_EDGE('',*,*,#6070,.T.);
#7108=EDGE_LOOP('',(#7103,#7104,#7106,#7107));
#7109=FACE_OUTER_BOUND('',#7108,.F.);
#7110=ADVANCED_FACE('',(#7109),#7101,.F.);
#7111=CARTESIAN_POINT('',(-7.4E0,3.2E0,-2.5E0));
#7112=DIRECTION('',(0.E0,0.E0,-1.E0));
#7113=DIRECTION('',(-1.E0,0.E0,0.E0));
#7114=AXIS2_PLACEMENT_3D('',#7111,#7112,#7113);
#7115=PLANE('',#7114);
#7117=ORIENTED_EDGE('',*,*,#7116,.T.);
#7118=ORIENTED_EDGE('',*,*,#7020,.T.);
#7120=ORIENTED_EDGE('',*,*,#7119,.F.);
#7121=ORIENTED_EDGE('',*,*,#6078,.T.);
#7122=EDGE_LOOP('',(#7117,#7118,#7120,#7121));
#7123=FACE_OUTER_BOUND('',#7122,.F.);
#7124=ADVANCED_FACE('',(#7123),#7115,.F.);
#7125=CARTESIAN_POINT('',(-7.4E0,3.2E0,-2.5E0));
#7126=DIRECTION('',(0.E0,0.E0,-1.E0));
#7127=DIRECTION('',(-1.E0,0.E0,0.E0));
#7128=AXIS2_PLACEMENT_3D('',#7125,#7126,#7127);
#7129=PLANE('',#7128);
#7131=ORIENTED_EDGE('',*,*,#7130,.F.);
#7132=ORIENTED_EDGE('',*,*,#6062,.T.);
#7134=ORIENTED_EDGE('',*,*,#7133,.T.);
#7135=ORIENTED_EDGE('',*,*,#7036,.T.);
#7136=EDGE_LOOP('',(#7131,#7132,#7134,#7135));
#7137=FACE_OUTER_BOUND('',#7136,.F.);
#7138=ADVANCED_FACE('',(#7137),#7129,.F.);
#7139=CARTESIAN_POINT('',(-7.395E0,-7.E-1,-2.5E0));
#7140=DIRECTION('',(-1.E0,0.E0,0.E0));
#7141=DIRECTION('',(0.E0,0.E0,1.E0));
#7142=AXIS2_PLACEMENT_3D('',#7139,#7140,#7141);
#7143=PLANE('',#7142);
#7144=ORIENTED_EDGE('',*,*,#6056,.F.);
#7145=ORIENTED_EDGE('',*,*,#7074,.T.);
#7146=ORIENTED_EDGE('',*,*,#7042,.T.);
#7148=ORIENTED_EDGE('',*,*,#7147,.F.);
#7149=EDGE_LOOP('',(#7144,#7145,#7146,#7148));
#7150=FACE_OUTER_BOUND('',#7149,.F.);
#7151=ADVANCED_FACE('',(#7150),#7143,.T.);
#7152=CARTESIAN_POINT('',(-7.395E0,-7.E-1,-2.25E0));
#7153=DIRECTION('',(0.E0,0.E0,1.E0));
#7154=DIRECTION('',(1.E0,0.E0,0.E0));
#7155=AXIS2_PLACEMENT_3D('',#7152,#7153,#7154);
#7156=PLANE('',#7155);
#7157=ORIENTED_EDGE('',*,*,#6058,.F.);
#7158=ORIENTED_EDGE('',*,*,#7147,.T.);
#7159=ORIENTED_EDGE('',*,*,#7040,.T.);
#7161=ORIENTED_EDGE('',*,*,#7160,.F.);
#7162=EDGE_LOOP('',(#7157,#7158,#7159,#7161));
#7163=FACE_OUTER_BOUND('',#7162,.F.);
#7164=ADVANCED_FACE('',(#7163),#7156,.T.);
#7165=CARTESIAN_POINT('',(-6.595E0,-7.E-1,-2.25E0));
#7166=DIRECTION('',(1.E0,0.E0,0.E0));
#7167=DIRECTION('',(0.E0,0.E0,-1.E0));
#7168=AXIS2_PLACEMENT_3D('',#7165,#7166,#7167);
#7169=PLANE('',#7168);
#7170=ORIENTED_EDGE('',*,*,#6060,.T.);
#7171=ORIENTED_EDGE('',*,*,#7160,.T.);
#7172=ORIENTED_EDGE('',*,*,#7038,.T.);
#7173=ORIENTED_EDGE('',*,*,#7133,.F.);
#7174=EDGE_LOOP('',(#7170,#7171,#7172,#7173));
#7175=FACE_OUTER_BOUND('',#7174,.F.);
#7176=ADVANCED_FACE('',(#7175),#7169,.T.);
#7177=CARTESIAN_POINT('',(-8.025E0,3.2E0,-2.5E0));
#7178=DIRECTION('',(-1.E0,0.E0,0.E0));
#7179=DIRECTION('',(0.E0,0.E0,1.E0));
#7180=AXIS2_PLACEMENT_3D('',#7177,#7178,#7179);
#7181=PLANE('',#7180);
#7183=ORIENTED_EDGE('',*,*,#7182,.T.);
#7184=ORIENTED_EDGE('',*,*,#7046,.T.);
#7185=ORIENTED_EDGE('',*,*,#7077,.T.);
#7186=ORIENTED_EDGE('',*,*,#6052,.T.);
#7187=EDGE_LOOP('',(#7183,#7184,#7185,#7186));
#7188=FACE_OUTER_BOUND('',#7187,.F.);
#7189=ADVANCED_FACE('',(#7188),#7181,.F.);
#7190=CARTESIAN_POINT('',(-8.425E0,-7.E-1,-2.25E0));
#7191=DIRECTION('',(0.E0,0.E0,-1.E0));
#7192=DIRECTION('',(0.E0,1.E0,0.E0));
#7193=AXIS2_PLACEMENT_3D('',#7190,#7191,#7192);
#7194=PLANE('',#7193);
#7195=ORIENTED_EDGE('',*,*,#6090,.T.);
#7197=ORIENTED_EDGE('',*,*,#7196,.T.);
#7198=ORIENTED_EDGE('',*,*,#7054,.T.);
#7200=ORIENTED_EDGE('',*,*,#7199,.F.);
#7201=EDGE_LOOP('',(#7195,#7197,#7198,#7200));
#7202=FACE_OUTER_BOUND('',#7201,.F.);
#7203=ADVANCED_FACE('',(#7202),#7194,.F.);
#7204=CARTESIAN_POINT('',(-8.425E0,-7.E-1,-2.25E0));
#7205=DIRECTION('',(0.E0,0.E0,-1.E0));
#7206=DIRECTION('',(0.E0,1.E0,0.E0));
#7207=AXIS2_PLACEMENT_3D('',#7204,#7205,#7206);
#7208=PLANE('',#7207);
#7209=ORIENTED_EDGE('',*,*,#7182,.F.);
#7210=ORIENTED_EDGE('',*,*,#6050,.T.);
#7211=ORIENTED_EDGE('',*,*,#6980,.T.);
#7212=ORIENTED_EDGE('',*,*,#7048,.T.);
#7213=EDGE_LOOP('',(#7209,#7210,#7211,#7212));
#7214=FACE_OUTER_BOUND('',#7213,.F.);
#7215=ADVANCED_FACE('',(#7214),#7208,.F.);
#7216=CARTESIAN_POINT('',(8.025E0,3.2E0,-2.25E0));
#7217=DIRECTION('',(1.E0,0.E0,0.E0));
#7218=DIRECTION('',(0.E0,0.E0,-1.E0));
#7219=AXIS2_PLACEMENT_3D('',#7216,#7217,#7218);
#7220=PLANE('',#7219);
#7221=ORIENTED_EDGE('',*,*,#7196,.F.);
#7222=ORIENTED_EDGE('',*,*,#6088,.T.);
#7223=ORIENTED_EDGE('',*,*,#7091,.F.);
#7224=ORIENTED_EDGE('',*,*,#7056,.F.);
#7225=EDGE_LOOP('',(#7221,#7222,#7223,#7224));
#7226=FACE_OUTER_BOUND('',#7225,.F.);
#7227=ADVANCED_FACE('',(#7226),#7220,.F.);
#7228=CARTESIAN_POINT('',(8.425E0,0.E0,0.E0));
#7229=DIRECTION('',(1.E0,0.E0,0.E0));
#7230=DIRECTION('',(0.E0,0.E0,-1.E0));
#7231=AXIS2_PLACEMENT_3D('',#7228,#7229,#7230);
#7232=PLANE('',#7231);
#7234=ORIENTED_EDGE('',*,*,#7233,.T.);
#7235=ORIENTED_EDGE('',*,*,#6009,.F.);
#7236=ORIENTED_EDGE('',*,*,#6092,.F.);
#7237=ORIENTED_EDGE('',*,*,#7199,.T.);
#7238=EDGE_LOOP('',(#7234,#7235,#7236,#7237));
#7239=FACE_OUTER_BOUND('',#7238,.F.);
#7240=ADVANCED_FACE('',(#7239),#7232,.F.);
#7241=CARTESIAN_POINT('',(8.425E0,0.E0,0.E0));
#7242=DIRECTION('',(1.E0,0.E0,0.E0));
#7243=DIRECTION('',(0.E0,0.E0,-1.E0));
#7244=AXIS2_PLACEMENT_3D('',#7241,#7242,#7243);
#7245=PLANE('',#7244);
#7247=ORIENTED_EDGE('',*,*,#7246,.T.);
#7249=ORIENTED_EDGE('',*,*,#7248,.T.);
#7250=ORIENTED_EDGE('',*,*,#6098,.F.);
#7252=ORIENTED_EDGE('',*,*,#7251,.T.);
#7253=EDGE_LOOP('',(#7247,#7249,#7250,#7252));
#7254=FACE_OUTER_BOUND('',#7253,.F.);
#7255=ADVANCED_FACE('',(#7254),#7245,.F.);
#7256=CARTESIAN_POINT('',(8.725E0,2.9E0,-1.7E0));
#7257=DIRECTION('',(-7.071067811865E-1,7.071067811865E-1,0.E0));
#7258=DIRECTION('',(-7.071067811865E-1,-7.071067811865E-1,0.E0));
#7259=AXIS2_PLACEMENT_3D('',#7256,#7257,#7258);
#7260=PLANE('',#7259);
#7261=ORIENTED_EDGE('',*,*,#7233,.F.);
#7262=ORIENTED_EDGE('',*,*,#7052,.T.);
#7263=ORIENTED_EDGE('',*,*,#5905,.T.);
#7264=ORIENTED_EDGE('',*,*,#5994,.F.);
#7265=EDGE_LOOP('',(#7261,#7262,#7263,#7264));
#7266=FACE_OUTER_BOUND('',#7265,.F.);
#7267=ADVANCED_FACE('',(#7266),#7260,.T.);
#7268=CARTESIAN_POINT('',(8.725E0,2.9E0,1.2E0));
#7269=DIRECTION('',(-7.071067811865E-1,7.071067811865E-1,0.E0));
#7270=DIRECTION('',(-7.071067811865E-1,-7.071067811865E-1,0.E0));
#7271=AXIS2_PLACEMENT_3D('',#7268,#7269,#7270);
#7272=PLANE('',#7271);
#7273=ORIENTED_EDGE('',*,*,#7246,.F.);
#7275=ORIENTED_EDGE('',*,*,#7274,.T.);
#7276=ORIENTED_EDGE('',*,*,#5923,.T.);
#7277=ORIENTED_EDGE('',*,*,#6953,.F.);
#7278=EDGE_LOOP('',(#7273,#7275,#7276,#7277));
#7279=FACE_OUTER_BOUND('',#7278,.F.);
#7280=ADVANCED_FACE('',(#7279),#7272,.T.);
#7281=CARTESIAN_POINT('',(8.875E0,2.9E0,4.5E-1));
#7282=DIRECTION('',(0.E0,7.071067811865E-1,-7.071067811865E-1));
#7283=DIRECTION('',(0.E0,-7.071067811865E-1,-7.071067811865E-1));
#7284=AXIS2_PLACEMENT_3D('',#7281,#7282,#7283);
#7285=PLANE('',#7284);
#7286=ORIENTED_EDGE('',*,*,#5975,.T.);
#7287=ORIENTED_EDGE('',*,*,#5925,.T.);
#7288=ORIENTED_EDGE('',*,*,#7274,.F.);
#7290=ORIENTED_EDGE('',*,*,#7289,.F.);
#7291=EDGE_LOOP('',(#7286,#7287,#7288,#7290));
#7292=FACE_OUTER_BOUND('',#7291,.F.);
#7293=ADVANCED_FACE('',(#7292),#7285,.T.);
#7294=CARTESIAN_POINT('',(8.425E0,3.2E0,1.5E-1));
#7295=DIRECTION('',(0.E0,0.E0,1.E0));
#7296=DIRECTION('',(1.E0,0.E0,0.E0));
#7297=AXIS2_PLACEMENT_3D('',#7294,#7295,#7296);
#7298=PLANE('',#7297);
#7299=ORIENTED_EDGE('',*,*,#7289,.T.);
#7300=ORIENTED_EDGE('',*,*,#7251,.F.);
#7301=ORIENTED_EDGE('',*,*,#6096,.T.);
#7302=ORIENTED_EDGE('',*,*,#5977,.F.);
#7303=EDGE_LOOP('',(#7299,#7300,#7301,#7302));
#7304=FACE_OUTER_BOUND('',#7303,.F.);
#7305=ADVANCED_FACE('',(#7304),#7298,.F.);
#7306=CARTESIAN_POINT('',(-8.425E0,3.2E0,2.25E0));
#7307=DIRECTION('',(0.E0,0.E0,1.E0));
#7308=DIRECTION('',(0.E0,-1.E0,0.E0));
#7309=AXIS2_PLACEMENT_3D('',#7306,#7307,#7308);
#7310=PLANE('',#7309);
#7312=ORIENTED_EDGE('',*,*,#7311,.F.);
#7313=ORIENTED_EDGE('',*,*,#6933,.T.);
#7314=ORIENTED_EDGE('',*,*,#6997,.T.);
#7315=ORIENTED_EDGE('',*,*,#6039,.F.);
#7316=EDGE_LOOP('',(#7312,#7313,#7314,#7315));
#7317=FACE_OUTER_BOUND('',#7316,.F.);
#7318=ADVANCED_FACE('',(#7317),#7310,.F.);
#7319=CARTESIAN_POINT('',(-8.425E0,3.2E0,2.25E0));
#7320=DIRECTION('',(0.E0,0.E0,1.E0));
#7321=DIRECTION('',(0.E0,-1.E0,0.E0));
#7322=AXIS2_PLACEMENT_3D('',#7319,#7320,#7321);
#7323=PLANE('',#7322);
#7324=ORIENTED_EDGE('',*,*,#6100,.F.);
#7325=ORIENTED_EDGE('',*,*,#7248,.F.);
#7326=ORIENTED_EDGE('',*,*,#6951,.T.);
#7328=ORIENTED_EDGE('',*,*,#7327,.T.);
#7329=EDGE_LOOP('',(#7324,#7325,#7326,#7328));
#7330=FACE_OUTER_BOUND('',#7329,.F.);
#7331=ADVANCED_FACE('',(#7330),#7323,.F.);
#7332=CARTESIAN_POINT('',(-8.025E0,3.2E0,2.25E0));
#7333=DIRECTION('',(-1.E0,0.E0,0.E0));
#7334=DIRECTION('',(0.E0,0.E0,1.E0));
#7335=AXIS2_PLACEMENT_3D('',#7332,#7333,#7334);
#7336=PLANE('',#7335);
#7337=ORIENTED_EDGE('',*,*,#7311,.T.);
#7338=ORIENTED_EDGE('',*,*,#6037,.T.);
#7339=ORIENTED_EDGE('',*,*,#6854,.F.);
#7340=ORIENTED_EDGE('',*,*,#6935,.F.);
#7341=EDGE_LOOP('',(#7337,#7338,#7339,#7340));
#7342=FACE_OUTER_BOUND('',#7341,.F.);
#7343=ADVANCED_FACE('',(#7342),#7336,.F.);
#7344=CARTESIAN_POINT('',(8.025E0,3.2E0,2.5E0));
#7345=DIRECTION('',(1.E0,0.E0,0.E0));
#7346=DIRECTION('',(0.E0,0.E0,-1.E0));
#7347=AXIS2_PLACEMENT_3D('',#7344,#7345,#7346);
#7348=PLANE('',#7347);
#7349=ORIENTED_EDGE('',*,*,#7327,.F.);
#7350=ORIENTED_EDGE('',*,*,#6949,.T.);
#7351=ORIENTED_EDGE('',*,*,#6901,.T.);
#7352=ORIENTED_EDGE('',*,*,#6102,.T.);
#7353=EDGE_LOOP('',(#7349,#7350,#7351,#7352));
#7354=FACE_OUTER_BOUND('',#7353,.F.);
#7355=ADVANCED_FACE('',(#7354),#7348,.F.);
#7356=CARTESIAN_POINT('',(7.395E0,-7.E-1,-2.25E0));
#7357=DIRECTION('',(1.E0,0.E0,0.E0));
#7358=DIRECTION('',(0.E0,0.E0,-1.E0));
#7359=AXIS2_PLACEMENT_3D('',#7356,#7357,#7358);
#7360=PLANE('',#7359);
#7361=ORIENTED_EDGE('',*,*,#6084,.T.);
#7363=ORIENTED_EDGE('',*,*,#7362,.T.);
#7364=ORIENTED_EDGE('',*,*,#7060,.T.);
#7365=ORIENTED_EDGE('',*,*,#7088,.F.);
#7366=EDGE_LOOP('',(#7361,#7363,#7364,#7365));
#7367=FACE_OUTER_BOUND('',#7366,.F.);
#7368=ADVANCED_FACE('',(#7367),#7360,.T.);
#7369=CARTESIAN_POINT('',(6.595E0,-7.E-1,-2.25E0));
#7370=DIRECTION('',(0.E0,0.E0,1.E0));
#7371=DIRECTION('',(1.E0,0.E0,0.E0));
#7372=AXIS2_PLACEMENT_3D('',#7369,#7370,#7371);
#7373=PLANE('',#7372);
#7374=ORIENTED_EDGE('',*,*,#6082,.F.);
#7376=ORIENTED_EDGE('',*,*,#7375,.T.);
#7377=ORIENTED_EDGE('',*,*,#7062,.T.);
#7378=ORIENTED_EDGE('',*,*,#7362,.F.);
#7379=EDGE_LOOP('',(#7374,#7376,#7377,#7378));
#7380=FACE_OUTER_BOUND('',#7379,.F.);
#7381=ADVANCED_FACE('',(#7380),#7373,.T.);
#7382=CARTESIAN_POINT('',(6.595E0,-7.E-1,-2.5E0));
#7383=DIRECTION('',(-1.E0,0.E0,0.E0));
#7384=DIRECTION('',(0.E0,0.E0,1.E0));
#7385=AXIS2_PLACEMENT_3D('',#7382,#7383,#7384);
#7386=PLANE('',#7385);
#7387=ORIENTED_EDGE('',*,*,#6080,.F.);
#7388=ORIENTED_EDGE('',*,*,#7119,.T.);
#7389=ORIENTED_EDGE('',*,*,#7064,.T.);
#7390=ORIENTED_EDGE('',*,*,#7375,.F.);
#7391=EDGE_LOOP('',(#7387,#7388,#7389,#7390));
#7392=FACE_OUTER_BOUND('',#7391,.F.);
#7393=ADVANCED_FACE('',(#7392),#7386,.T.);
#7394=CARTESIAN_POINT('',(-5.95E-1,-7.E-1,-2.25E0));
#7395=DIRECTION('',(1.E0,0.E0,0.E0));
#7396=DIRECTION('',(0.E0,0.E0,-1.E0));
#7397=AXIS2_PLACEMENT_3D('',#7394,#7395,#7396);
#7398=PLANE('',#7397);
#7399=ORIENTED_EDGE('',*,*,#6068,.T.);
#7401=ORIENTED_EDGE('',*,*,#7400,.T.);
#7402=ORIENTED_EDGE('',*,*,#7030,.T.);
#7403=ORIENTED_EDGE('',*,*,#7102,.F.);
#7404=EDGE_LOOP('',(#7399,#7401,#7402,#7403));
#7405=FACE_OUTER_BOUND('',#7404,.F.);
#7406=ADVANCED_FACE('',(#7405),#7398,.T.);
#7407=CARTESIAN_POINT('',(-1.395E0,-7.E-1,-2.25E0));
#7408=DIRECTION('',(0.E0,0.E0,1.E0));
#7409=DIRECTION('',(1.E0,0.E0,0.E0));
#7410=AXIS2_PLACEMENT_3D('',#7407,#7408,#7409);
#7411=PLANE('',#7410);
#7412=ORIENTED_EDGE('',*,*,#6066,.T.);
#7414=ORIENTED_EDGE('',*,*,#7413,.T.);
#7415=ORIENTED_EDGE('',*,*,#7032,.F.);
#7416=ORIENTED_EDGE('',*,*,#7400,.F.);
#7417=EDGE_LOOP('',(#7412,#7414,#7415,#7416));
#7418=FACE_OUTER_BOUND('',#7417,.F.);
#7419=ADVANCED_FACE('',(#7418),#7411,.T.);
#7420=CARTESIAN_POINT('',(-1.4E0,-7.E-1,-2.5E0));
#7421=DIRECTION('',(-1.E0,0.E0,0.E0));
#7422=DIRECTION('',(0.E0,0.E0,1.E0));
#7423=AXIS2_PLACEMENT_3D('',#7420,#7421,#7422);
#7424=PLANE('',#7423);
#7425=ORIENTED_EDGE('',*,*,#6064,.F.);
#7426=ORIENTED_EDGE('',*,*,#7130,.T.);
#7427=ORIENTED_EDGE('',*,*,#7034,.T.);
#7428=ORIENTED_EDGE('',*,*,#7413,.F.);
#7429=EDGE_LOOP('',(#7425,#7426,#7427,#7428));
#7430=FACE_OUTER_BOUND('',#7429,.F.);
#7431=ADVANCED_FACE('',(#7430),#7424,.T.);
#7432=CARTESIAN_POINT('',(5.95E-1,-7.E-1,-2.5E0));
#7433=DIRECTION('',(-1.E0,0.E0,0.E0));
#7434=DIRECTION('',(0.E0,0.E0,1.E0));
#7435=AXIS2_PLACEMENT_3D('',#7432,#7433,#7434);
#7436=PLANE('',#7435);
#7437=ORIENTED_EDGE('',*,*,#6072,.F.);
#7438=ORIENTED_EDGE('',*,*,#7105,.T.);
#7439=ORIENTED_EDGE('',*,*,#7026,.T.);
#7441=ORIENTED_EDGE('',*,*,#7440,.F.);
#7442=EDGE_LOOP('',(#7437,#7438,#7439,#7441));
#7443=FACE_OUTER_BOUND('',#7442,.F.);
#7444=ADVANCED_FACE('',(#7443),#7436,.T.);
#7445=CARTESIAN_POINT('',(5.95E-1,-7.E-1,-2.25E0));
#7446=DIRECTION('',(0.E0,0.E0,1.E0));
#7447=DIRECTION('',(1.E0,0.E0,0.E0));
#7448=AXIS2_PLACEMENT_3D('',#7445,#7446,#7447);
#7449=PLANE('',#7448);
#7450=ORIENTED_EDGE('',*,*,#7024,.F.);
#7452=ORIENTED_EDGE('',*,*,#7451,.F.);
#7453=ORIENTED_EDGE('',*,*,#6074,.T.);
#7454=ORIENTED_EDGE('',*,*,#7440,.T.);
#7455=EDGE_LOOP('',(#7450,#7452,#7453,#7454));
#7456=FACE_OUTER_BOUND('',#7455,.F.);
#7457=ADVANCED_FACE('',(#7456),#7449,.T.);
#7458=CARTESIAN_POINT('',(1.4E0,-7.E-1,-2.25E0));
#7459=DIRECTION('',(1.E0,0.E0,0.E0));
#7460=DIRECTION('',(0.E0,0.E0,-1.E0));
#7461=AXIS2_PLACEMENT_3D('',#7458,#7459,#7460);
#7462=PLANE('',#7461);
#7463=ORIENTED_EDGE('',*,*,#6076,.T.);
#7464=ORIENTED_EDGE('',*,*,#7451,.T.);
#7465=ORIENTED_EDGE('',*,*,#7022,.T.);
#7466=ORIENTED_EDGE('',*,*,#7116,.F.);
#7467=EDGE_LOOP('',(#7463,#7464,#7465,#7466));
#7468=FACE_OUTER_BOUND('',#7467,.F.);
#7469=ADVANCED_FACE('',(#7468),#7462,.T.);
#7470=CARTESIAN_POINT('',(-8.425E0,3.2E0,-1.5E-1));
#7471=DIRECTION('',(0.E0,0.E0,-1.E0));
#7472=DIRECTION('',(-1.E0,0.E0,0.E0));
#7473=AXIS2_PLACEMENT_3D('',#7470,#7471,#7472);
#7474=PLANE('',#7473);
#7475=ORIENTED_EDGE('',*,*,#5888,.T.);
#7476=ORIENTED_EDGE('',*,*,#6983,.F.);
#7477=ORIENTED_EDGE('',*,*,#6046,.T.);
#7478=ORIENTED_EDGE('',*,*,#5858,.F.);
#7479=EDGE_LOOP('',(#7475,#7476,#7477,#7478));
#7480=FACE_OUTER_BOUND('',#7479,.F.);
#7481=ADVANCED_FACE('',(#7480),#7474,.F.);
#7482=CARTESIAN_POINT('',(-9.325E0,3.2E0,1.15E0));
#7483=DIRECTION('',(0.E0,0.E0,1.E0));
#7484=DIRECTION('',(1.E0,0.E0,0.E0));
#7485=AXIS2_PLACEMENT_3D('',#7482,#7483,#7484);
#7486=PLANE('',#7485);
#7488=ORIENTED_EDGE('',*,*,#7487,.T.);
#7489=ORIENTED_EDGE('',*,*,#5862,.T.);
#7490=ORIENTED_EDGE('',*,*,#6043,.T.);
#7491=ORIENTED_EDGE('',*,*,#6994,.T.);
#7492=EDGE_LOOP('',(#7488,#7489,#7490,#7491));
#7493=FACE_OUTER_BOUND('',#7492,.F.);
#7494=ADVANCED_FACE('',(#7493),#7486,.F.);
#7495=CARTESIAN_POINT('',(-8.875E0,2.9E0,1.45E0));
#7496=DIRECTION('',(0.E0,7.071067811865E-1,-7.071067811865E-1));
#7497=DIRECTION('',(0.E0,-7.071067811865E-1,-7.071067811865E-1));
#7498=AXIS2_PLACEMENT_3D('',#7495,#7496,#7497);
#7499=PLANE('',#7498);
#7500=ORIENTED_EDGE('',*,*,#5864,.T.);
#7501=ORIENTED_EDGE('',*,*,#7487,.F.);
#7502=ORIENTED_EDGE('',*,*,#6968,.T.);
#7503=ORIENTED_EDGE('',*,*,#5944,.T.);
#7504=EDGE_LOOP('',(#7500,#7501,#7502,#7503));
#7505=FACE_OUTER_BOUND('',#7504,.F.);
#7506=ADVANCED_FACE('',(#7505),#7499,.T.);
#7507=CARTESIAN_POINT('',(2.E0,2.4E0,-1.26252E1));
#7508=DIRECTION('',(0.E0,0.E0,1.E0));
#7509=DIRECTION('',(0.E0,1.E0,0.E0));
#7510=AXIS2_PLACEMENT_3D('',#7507,#7508,#7509);
#7511=CYLINDRICAL_SURFACE('',#7510,8.E-1);
#7513=ORIENTED_EDGE('',*,*,#7512,.T.);
#7515=ORIENTED_EDGE('',*,*,#7514,.F.);
#7516=ORIENTED_EDGE('',*,*,#6882,.T.);
#7517=ORIENTED_EDGE('',*,*,#6946,.T.);
#7518=ORIENTED_EDGE('',*,*,#5919,.T.);
#7519=EDGE_LOOP('',(#7513,#7515,#7516,#7517,#7518));
#7520=FACE_OUTER_BOUND('',#7519,.F.);
#7521=ADVANCED_FACE('',(#7520),#7511,.T.);
#7522=CARTESIAN_POINT('',(0.E0,0.E0,3.15E0));
#7523=DIRECTION('',(0.E0,0.E0,1.E0));
#7524=DIRECTION('',(1.E0,0.E0,0.E0));
#7525=AXIS2_PLACEMENT_3D('',#7522,#7523,#7524);
#7526=PLANE('',#7525);
#7528=ORIENTED_EDGE('',*,*,#7527,.T.);
#7530=ORIENTED_EDGE('',*,*,#7529,.T.);
#7531=ORIENTED_EDGE('',*,*,#5952,.F.);
#7532=ORIENTED_EDGE('',*,*,#6918,.F.);
#7534=ORIENTED_EDGE('',*,*,#7533,.T.);
#7535=ORIENTED_EDGE('',*,*,#6023,.T.);
#7537=ORIENTED_EDGE('',*,*,#7536,.F.);
#7538=ORIENTED_EDGE('',*,*,#7512,.F.);
#7539=ORIENTED_EDGE('',*,*,#5929,.F.);
#7540=ORIENTED_EDGE('',*,*,#5972,.F.);
#7541=ORIENTED_EDGE('',*,*,#6788,.F.);
#7542=ORIENTED_EDGE('',*,*,#6839,.F.);
#7544=ORIENTED_EDGE('',*,*,#7543,.F.);
#7546=ORIENTED_EDGE('',*,*,#7545,.F.);
#7548=ORIENTED_EDGE('',*,*,#7547,.F.);
#7550=ORIENTED_EDGE('',*,*,#7549,.F.);
#7552=ORIENTED_EDGE('',*,*,#7551,.F.);
#7554=ORIENTED_EDGE('',*,*,#7553,.F.);
#7555=ORIENTED_EDGE('',*,*,#6801,.F.);
#7557=ORIENTED_EDGE('',*,*,#7556,.T.);
#7559=ORIENTED_EDGE('',*,*,#7558,.T.);
#7561=ORIENTED_EDGE('',*,*,#7560,.T.);
#7563=ORIENTED_EDGE('',*,*,#7562,.T.);
#7565=ORIENTED_EDGE('',*,*,#7564,.T.);
#7567=ORIENTED_EDGE('',*,*,#7566,.T.);
#7569=ORIENTED_EDGE('',*,*,#7568,.T.);
#7570=ORIENTED_EDGE('',*,*,#6793,.F.);
#7571=ORIENTED_EDGE('',*,*,#5868,.F.);
#7572=ORIENTED_EDGE('',*,*,#5941,.F.);
#7573=EDGE_LOOP('',(#7528,#7530,#7531,#7532,#7534,#7535,#7537,#7538,#7539,#7540,
#7541,#7542,#7544,#7546,#7548,#7550,#7552,#7554,#7555,#7557,#7559,#7561,#7563,
#7565,#7567,#7569,#7570,#7571,#7572));
#7574=FACE_OUTER_BOUND('',#7573,.F.);
#7575=ADVANCED_FACE('',(#7574),#7526,.T.);
#7576=CARTESIAN_POINT('',(-7.325E0,3.2E0,3.15E0));
#7577=DIRECTION('',(-8.660254037844E-1,-5.E-1,0.E0));
#7578=DIRECTION('',(5.E-1,-8.660254037844E-1,0.E0));
#7579=AXIS2_PLACEMENT_3D('',#7576,#7577,#7578);
#7580=PLANE('',#7579);
#7581=ORIENTED_EDGE('',*,*,#7527,.F.);
#7582=ORIENTED_EDGE('',*,*,#5939,.T.);
#7584=ORIENTED_EDGE('',*,*,#7583,.T.);
#7586=ORIENTED_EDGE('',*,*,#7585,.F.);
#7587=EDGE_LOOP('',(#7581,#7582,#7584,#7586));
#7588=FACE_OUTER_BOUND('',#7587,.F.);
#7589=ADVANCED_FACE('',(#7588),#7580,.F.);
#7590=CARTESIAN_POINT('',(0.E0,0.E0,3.05E0));
#7591=DIRECTION('',(0.E0,0.E0,1.E0));
#7592=DIRECTION('',(1.E0,0.E0,0.E0));
#7593=AXIS2_PLACEMENT_3D('',#7590,#7591,#7592);
#7594=PLANE('',#7593);
#7595=ORIENTED_EDGE('',*,*,#5956,.T.);
#7597=ORIENTED_EDGE('',*,*,#7596,.F.);
#7598=ORIENTED_EDGE('',*,*,#7583,.F.);
#7599=EDGE_LOOP('',(#7595,#7597,#7598));
#7600=FACE_OUTER_BOUND('',#7599,.F.);
#7601=ADVANCED_FACE('',(#7600),#7594,.T.);
#7602=CARTESIAN_POINT('',(-6.825E0,2.333974596216E0,3.15E0));
#7603=DIRECTION('',(8.660254037844E-1,-5.E-1,0.E0));
#7604=DIRECTION('',(5.E-1,8.660254037844E-1,0.E0));
#7605=AXIS2_PLACEMENT_3D('',#7602,#7603,#7604);
#7606=PLANE('',#7605);
#7607=ORIENTED_EDGE('',*,*,#7529,.F.);
#7608=ORIENTED_EDGE('',*,*,#7585,.T.);
#7609=ORIENTED_EDGE('',*,*,#7596,.T.);
#7610=ORIENTED_EDGE('',*,*,#5954,.F.);
#7611=EDGE_LOOP('',(#7607,#7608,#7609,#7610));
#7612=FACE_OUTER_BOUND('',#7611,.F.);
#7613=ADVANCED_FACE('',(#7612),#7606,.F.);
#7614=CARTESIAN_POINT('',(-1.2E0,3.2E0,3.15E0));
#7615=DIRECTION('',(-1.E0,0.E0,0.E0));
#7616=DIRECTION('',(0.E0,-1.E0,0.E0));
#7617=AXIS2_PLACEMENT_3D('',#7614,#7615,#7616);
#7618=PLANE('',#7617);
#7619=ORIENTED_EDGE('',*,*,#6916,.T.);
#7620=ORIENTED_EDGE('',*,*,#6872,.F.);
#7621=ORIENTED_EDGE('',*,*,#6025,.F.);
#7622=ORIENTED_EDGE('',*,*,#7533,.F.);
#7623=EDGE_LOOP('',(#7619,#7620,#7621,#7622));
#7624=FACE_OUTER_BOUND('',#7623,.F.);
#7625=ADVANCED_FACE('',(#7624),#7618,.F.);
#7626=CARTESIAN_POINT('',(1.2E0,-7.E-1,3.15E0));
#7627=DIRECTION('',(1.E0,0.E0,0.E0));
#7628=DIRECTION('',(0.E0,1.E0,0.E0));
#7629=AXIS2_PLACEMENT_3D('',#7626,#7627,#7628);
#7630=PLANE('',#7629);
#7631=ORIENTED_EDGE('',*,*,#7514,.T.);
#7632=ORIENTED_EDGE('',*,*,#7536,.T.);
#7633=ORIENTED_EDGE('',*,*,#6021,.T.);
#7634=ORIENTED_EDGE('',*,*,#6884,.T.);
#7635=EDGE_LOOP('',(#7631,#7632,#7633,#7634));
#7636=FACE_OUTER_BOUND('',#7635,.F.);
#7637=ADVANCED_FACE('',(#7636),#7630,.F.);
#7638=CARTESIAN_POINT('',(6.E0,1.7E0,3.15E0));
#7639=DIRECTION('',(0.E0,-1.E0,0.E0));
#7640=DIRECTION('',(1.E0,0.E0,0.E0));
#7641=AXIS2_PLACEMENT_3D('',#7638,#7639,#7640);
#7642=PLANE('',#7641);
#7643=ORIENTED_EDGE('',*,*,#6837,.T.);
#7644=ORIENTED_EDGE('',*,*,#6897,.F.);
#7646=ORIENTED_EDGE('',*,*,#7645,.F.);
#7647=ORIENTED_EDGE('',*,*,#7543,.T.);
#7648=EDGE_LOOP('',(#7643,#7644,#7646,#7647));
#7649=FACE_OUTER_BOUND('',#7648,.F.);
#7650=ADVANCED_FACE('',(#7649),#7642,.T.);
#7651=CARTESIAN_POINT('',(6.E0,5.E-1,3.15E0));
#7652=DIRECTION('',(1.E0,0.E0,0.E0));
#7653=DIRECTION('',(0.E0,1.E0,0.E0));
#7654=AXIS2_PLACEMENT_3D('',#7651,#7652,#7653);
#7655=PLANE('',#7654);
#7657=ORIENTED_EDGE('',*,*,#7656,.F.);
#7658=ORIENTED_EDGE('',*,*,#7545,.T.);
#7659=ORIENTED_EDGE('',*,*,#7645,.T.);
#7660=ORIENTED_EDGE('',*,*,#6895,.F.);
#7661=EDGE_LOOP('',(#7657,#7658,#7659,#7660));
#7662=FACE_OUTER_BOUND('',#7661,.F.);
#7663=ADVANCED_FACE('',(#7662),#7655,.T.);
#7664=CARTESIAN_POINT('',(4.E0,5.E-1,3.15E0));
#7665=DIRECTION('',(0.E0,-1.E0,0.E0));
#7666=DIRECTION('',(1.E0,0.E0,0.E0));
#7667=AXIS2_PLACEMENT_3D('',#7664,#7665,#7666);
#7668=PLANE('',#7667);
#7670=ORIENTED_EDGE('',*,*,#7669,.F.);
#7671=ORIENTED_EDGE('',*,*,#7547,.T.);
#7672=ORIENTED_EDGE('',*,*,#7656,.T.);
#7673=ORIENTED_EDGE('',*,*,#6893,.F.);
#7674=EDGE_LOOP('',(#7670,#7671,#7672,#7673));
#7675=FACE_OUTER_BOUND('',#7674,.F.);
#7676=ADVANCED_FACE('',(#7675),#7668,.T.);
#7677=CARTESIAN_POINT('',(4.E0,1.7E0,3.15E0));
#7678=DIRECTION('',(-1.E0,0.E0,0.E0));
#7679=DIRECTION('',(0.E0,-1.E0,0.E0));
#7680=AXIS2_PLACEMENT_3D('',#7677,#7678,#7679);
#7681=PLANE('',#7680);
#7683=ORIENTED_EDGE('',*,*,#7682,.F.);
#7684=ORIENTED_EDGE('',*,*,#7549,.T.);
#7685=ORIENTED_EDGE('',*,*,#7669,.T.);
#7686=ORIENTED_EDGE('',*,*,#6891,.F.);
#7687=EDGE_LOOP('',(#7683,#7684,#7685,#7686));
#7688=FACE_OUTER_BOUND('',#7687,.F.);
#7689=ADVANCED_FACE('',(#7688),#7681,.T.);
#7690=CARTESIAN_POINT('',(3.5E0,1.7E0,3.15E0));
#7691=DIRECTION('',(0.E0,-1.E0,0.E0));
#7692=DIRECTION('',(1.E0,0.E0,0.E0));
#7693=AXIS2_PLACEMENT_3D('',#7690,#7691,#7692);
#7694=PLANE('',#7693);
#7696=ORIENTED_EDGE('',*,*,#7695,.F.);
#7697=ORIENTED_EDGE('',*,*,#7551,.T.);
#7698=ORIENTED_EDGE('',*,*,#7682,.T.);
#7699=ORIENTED_EDGE('',*,*,#6889,.F.);
#7700=EDGE_LOOP('',(#7696,#7697,#7698,#7699));
#7701=FACE_OUTER_BOUND('',#7700,.F.);
#7702=ADVANCED_FACE('',(#7701),#7694,.T.);
#7703=CARTESIAN_POINT('',(3.35E0,-1.5E0,3.15E0));
#7704=DIRECTION('',(9.989031743698E-1,-4.682358629859E-2,0.E0));
#7705=DIRECTION('',(4.682358629859E-2,9.989031743698E-1,0.E0));
#7706=AXIS2_PLACEMENT_3D('',#7703,#7704,#7705);
#7707=PLANE('',#7706);
#7708=ORIENTED_EDGE('',*,*,#6822,.F.);
#7709=ORIENTED_EDGE('',*,*,#6803,.F.);
#7710=ORIENTED_EDGE('',*,*,#7553,.T.);
#7711=ORIENTED_EDGE('',*,*,#7695,.T.);
#7712=ORIENTED_EDGE('',*,*,#6887,.F.);
#7713=ORIENTED_EDGE('',*,*,#6110,.T.);
#7714=EDGE_LOOP('',(#7708,#7709,#7710,#7711,#7712,#7713));
#7715=FACE_OUTER_BOUND('',#7714,.F.);
#7716=ADVANCED_FACE('',(#7715),#7707,.T.);
#7717=CARTESIAN_POINT('',(-3.35E0,-1.5E0,3.15E0));
#7718=DIRECTION('',(9.989031743698E-1,4.682358629859E-2,0.E0));
#7719=DIRECTION('',(-4.682358629859E-2,9.989031743698E-1,0.E0));
#7720=AXIS2_PLACEMENT_3D('',#7717,#7718,#7719);
#7721=PLANE('',#7720);
#7722=ORIENTED_EDGE('',*,*,#7556,.F.);
#7723=ORIENTED_EDGE('',*,*,#6799,.T.);
#7725=ORIENTED_EDGE('',*,*,#7724,.T.);
#7726=ORIENTED_EDGE('',*,*,#6029,.F.);
#7727=ORIENTED_EDGE('',*,*,#6869,.T.);
#7729=ORIENTED_EDGE('',*,*,#7728,.F.);
#7730=EDGE_LOOP('',(#7722,#7723,#7725,#7726,#7727,#7729));
#7731=FACE_OUTER_BOUND('',#7730,.F.);
#7732=ADVANCED_FACE('',(#7731),#7721,.F.);
#7733=CARTESIAN_POINT('',(0.E0,0.E0,2.25E0));
#7734=DIRECTION('',(0.E0,0.E0,1.E0));
#7735=DIRECTION('',(1.E0,0.E0,0.E0));
#7736=AXIS2_PLACEMENT_3D('',#7733,#7734,#7735);
#7737=PLANE('',#7736);
#7739=ORIENTED_EDGE('',*,*,#7738,.F.);
#7740=ORIENTED_EDGE('',*,*,#6031,.T.);
#7741=ORIENTED_EDGE('',*,*,#7724,.F.);
#7742=ORIENTED_EDGE('',*,*,#6797,.F.);
#7743=EDGE_LOOP('',(#7739,#7740,#7741,#7742));
#7744=FACE_OUTER_BOUND('',#7743,.F.);
#7745=ADVANCED_FACE('',(#7744),#7737,.T.);
#7746=CARTESIAN_POINT('',(-6.5E0,1.7E0,3.15E0));
#7747=DIRECTION('',(-9.989031743698E-1,4.682358629859E-2,0.E0));
#7748=DIRECTION('',(-4.682358629859E-2,-9.989031743698E-1,0.E0));
#7749=AXIS2_PLACEMENT_3D('',#7746,#7747,#7748);
#7750=PLANE('',#7749);
#7751=ORIENTED_EDGE('',*,*,#7568,.F.);
#7753=ORIENTED_EDGE('',*,*,#7752,.T.);
#7754=ORIENTED_EDGE('',*,*,#6857,.F.);
#7755=ORIENTED_EDGE('',*,*,#6033,.T.);
#7756=ORIENTED_EDGE('',*,*,#7738,.T.);
#7757=ORIENTED_EDGE('',*,*,#6795,.F.);
#7758=EDGE_LOOP('',(#7751,#7753,#7754,#7755,#7756,#7757));
#7759=FACE_OUTER_BOUND('',#7758,.F.);
#7760=ADVANCED_FACE('',(#7759),#7750,.F.);
#7761=CARTESIAN_POINT('',(-6.E0,1.7E0,3.15E0));
#7762=DIRECTION('',(0.E0,1.E0,0.E0));
#7763=DIRECTION('',(-1.E0,0.E0,0.E0));
#7764=AXIS2_PLACEMENT_3D('',#7761,#7762,#7763);
#7765=PLANE('',#7764);
#7766=ORIENTED_EDGE('',*,*,#7566,.F.);
#7768=ORIENTED_EDGE('',*,*,#7767,.T.);
#7769=ORIENTED_EDGE('',*,*,#6859,.T.);
#7770=ORIENTED_EDGE('',*,*,#7752,.F.);
#7771=EDGE_LOOP('',(#7766,#7768,#7769,#7770));
#7772=FACE_OUTER_BOUND('',#7771,.F.);
#7773=ADVANCED_FACE('',(#7772),#7765,.F.);
#7774=CARTESIAN_POINT('',(-6.E0,5.E-1,3.15E0));
#7775=DIRECTION('',(1.E0,0.E0,0.E0));
#7776=DIRECTION('',(0.E0,1.E0,0.E0));
#7777=AXIS2_PLACEMENT_3D('',#7774,#7775,#7776);
#7778=PLANE('',#7777);
#7779=ORIENTED_EDGE('',*,*,#7564,.F.);
#7781=ORIENTED_EDGE('',*,*,#7780,.T.);
#7782=ORIENTED_EDGE('',*,*,#6861,.T.);
#7783=ORIENTED_EDGE('',*,*,#7767,.F.);
#7784=EDGE_LOOP('',(#7779,#7781,#7782,#7783));
#7785=FACE_OUTER_BOUND('',#7784,.F.);
#7786=ADVANCED_FACE('',(#7785),#7778,.F.);
#7787=CARTESIAN_POINT('',(-4.E0,5.E-1,3.15E0));
#7788=DIRECTION('',(0.E0,1.E0,0.E0));
#7789=DIRECTION('',(-1.E0,0.E0,0.E0));
#7790=AXIS2_PLACEMENT_3D('',#7787,#7788,#7789);
#7791=PLANE('',#7790);
#7792=ORIENTED_EDGE('',*,*,#7562,.F.);
#7794=ORIENTED_EDGE('',*,*,#7793,.T.);
#7795=ORIENTED_EDGE('',*,*,#6863,.T.);
#7796=ORIENTED_EDGE('',*,*,#7780,.F.);
#7797=EDGE_LOOP('',(#7792,#7794,#7795,#7796));
#7798=FACE_OUTER_BOUND('',#7797,.F.);
#7799=ADVANCED_FACE('',(#7798),#7791,.F.);
#7800=CARTESIAN_POINT('',(-4.E0,1.7E0,3.15E0));
#7801=DIRECTION('',(-1.E0,0.E0,0.E0));
#7802=DIRECTION('',(0.E0,-1.E0,0.E0));
#7803=AXIS2_PLACEMENT_3D('',#7800,#7801,#7802);
#7804=PLANE('',#7803);
#7805=ORIENTED_EDGE('',*,*,#7560,.F.);
#7807=ORIENTED_EDGE('',*,*,#7806,.T.);
#7808=ORIENTED_EDGE('',*,*,#6865,.T.);
#7809=ORIENTED_EDGE('',*,*,#7793,.F.);
#7810=EDGE_LOOP('',(#7805,#7807,#7808,#7809));
#7811=FACE_OUTER_BOUND('',#7810,.F.);
#7812=ADVANCED_FACE('',(#7811),#7804,.F.);
#7813=CARTESIAN_POINT('',(-3.5E0,1.7E0,3.15E0));
#7814=DIRECTION('',(0.E0,1.E0,0.E0));
#7815=DIRECTION('',(-1.E0,0.E0,0.E0));
#7816=AXIS2_PLACEMENT_3D('',#7813,#7814,#7815);
#7817=PLANE('',#7816);
#7818=ORIENTED_EDGE('',*,*,#7558,.F.);
#7819=ORIENTED_EDGE('',*,*,#7728,.T.);
#7820=ORIENTED_EDGE('',*,*,#6867,.T.);
#7821=ORIENTED_EDGE('',*,*,#7806,.F.);
#7822=EDGE_LOOP('',(#7818,#7819,#7820,#7821));
#7823=FACE_OUTER_BOUND('',#7822,.F.);
#7824=ADVANCED_FACE('',(#7823),#7817,.F.);
#7825=CARTESIAN_POINT('',(-6.75E0,0.E0,0.E0));
#7826=DIRECTION('',(1.E0,0.E0,0.E0));
#7827=DIRECTION('',(0.E0,0.E0,-1.E0));
#7828=AXIS2_PLACEMENT_3D('',#7825,#7826,#7827);
#7829=PLANE('',#7828);
#7831=ORIENTED_EDGE('',*,*,#7830,.F.);
#7832=ORIENTED_EDGE('',*,*,#6406,.F.);
#7833=ORIENTED_EDGE('',*,*,#6118,.F.);
#7834=ORIENTED_EDGE('',*,*,#6532,.F.);
#7835=EDGE_LOOP('',(#7831,#7832,#7833,#7834));
#7836=FACE_OUTER_BOUND('',#7835,.F.);
#7837=ADVANCED_FACE('',(#7836),#7829,.T.);
#7838=CARTESIAN_POINT('',(-6.75E0,0.E0,0.E0));
#7839=DIRECTION('',(1.E0,0.E0,0.E0));
#7840=DIRECTION('',(0.E0,0.E0,-1.E0));
#7841=AXIS2_PLACEMENT_3D('',#7838,#7839,#7840);
#7842=PLANE('',#7841);
#7844=ORIENTED_EDGE('',*,*,#7843,.F.);
#7846=ORIENTED_EDGE('',*,*,#7845,.F.);
#7847=ORIENTED_EDGE('',*,*,#6268,.F.);
#7849=ORIENTED_EDGE('',*,*,#7848,.F.);
#7850=EDGE_LOOP('',(#7844,#7846,#7847,#7849));
#7851=FACE_OUTER_BOUND('',#7850,.F.);
#7852=ADVANCED_FACE('',(#7851),#7842,.T.);
#7853=CARTESIAN_POINT('',(-6.75E0,0.E0,0.E0));
#7854=DIRECTION('',(1.E0,0.E0,0.E0));
#7855=DIRECTION('',(0.E0,0.E0,-1.E0));
#7856=AXIS2_PLACEMENT_3D('',#7853,#7854,#7855);
#7857=PLANE('',#7856);
#7859=ORIENTED_EDGE('',*,*,#7858,.F.);
#7861=ORIENTED_EDGE('',*,*,#7860,.F.);
#7863=ORIENTED_EDGE('',*,*,#7862,.F.);
#7865=ORIENTED_EDGE('',*,*,#7864,.F.);
#7866=ORIENTED_EDGE('',*,*,#6564,.F.);
#7868=ORIENTED_EDGE('',*,*,#7867,.F.);
#7870=ORIENTED_EDGE('',*,*,#7869,.F.);
#7872=ORIENTED_EDGE('',*,*,#7871,.F.);
#7873=EDGE_LOOP('',(#7859,#7861,#7863,#7865,#7866,#7868,#7870,#7872));
#7874=FACE_OUTER_BOUND('',#7873,.F.);
#7875=ADVANCED_FACE('',(#7874),#7857,.T.);
#7876=CARTESIAN_POINT('',(-6.75E0,0.E0,0.E0));
#7877=DIRECTION('',(1.E0,0.E0,0.E0));
#7878=DIRECTION('',(0.E0,0.E0,-1.E0));
#7879=AXIS2_PLACEMENT_3D('',#7876,#7877,#7878);
#7880=PLANE('',#7879);
#7882=ORIENTED_EDGE('',*,*,#7881,.F.);
#7883=ORIENTED_EDGE('',*,*,#6492,.F.);
#7884=ORIENTED_EDGE('',*,*,#6505,.F.);
#7885=ORIENTED_EDGE('',*,*,#6519,.F.);
#7886=ORIENTED_EDGE('',*,*,#6556,.F.);
#7887=ORIENTED_EDGE('',*,*,#6391,.F.);
#7888=ORIENTED_EDGE('',*,*,#6419,.F.);
#7889=ORIENTED_EDGE('',*,*,#6432,.F.);
#7890=EDGE_LOOP('',(#7882,#7883,#7884,#7885,#7886,#7887,#7888,#7889));
#7891=FACE_OUTER_BOUND('',#7890,.F.);
#7892=ADVANCED_FACE('',(#7891),#7880,.T.);
#7893=CARTESIAN_POINT('',(-6.825E0,2.6E0,-1.E0));
#7894=DIRECTION('',(9.701425001453E-1,2.425356250363E-1,0.E0));
#7895=DIRECTION('',(-2.425356250363E-1,9.701425001453E-1,0.E0));
#7896=AXIS2_PLACEMENT_3D('',#7893,#7894,#7895);
#7897=PLANE('',#7896);
#7899=ORIENTED_EDGE('',*,*,#7898,.F.);
#7900=ORIENTED_EDGE('',*,*,#6375,.T.);
#7901=ORIENTED_EDGE('',*,*,#7830,.T.);
#7903=ORIENTED_EDGE('',*,*,#7902,.T.);
#7904=EDGE_LOOP('',(#7899,#7900,#7901,#7903));
#7905=FACE_OUTER_BOUND('',#7904,.F.);
#7906=ADVANCED_FACE('',(#7905),#7897,.T.);
#7907=CARTESIAN_POINT('',(-7.25E0,2.9E0,-1.25E0));
#7908=DIRECTION('',(0.E0,1.E0,0.E0));
#7909=DIRECTION('',(0.E0,0.E0,1.E0));
#7910=AXIS2_PLACEMENT_3D('',#7907,#7908,#7909);
#7911=PLANE('',#7910);
#7913=ORIENTED_EDGE('',*,*,#7912,.T.);
#7914=ORIENTED_EDGE('',*,*,#6361,.T.);
#7915=ORIENTED_EDGE('',*,*,#6377,.F.);
#7916=ORIENTED_EDGE('',*,*,#7898,.T.);
#7917=EDGE_LOOP('',(#7913,#7914,#7915,#7916));
#7918=FACE_OUTER_BOUND('',#7917,.F.);
#7919=ADVANCED_FACE('',(#7918),#7911,.T.);
#7920=CARTESIAN_POINT('',(-7.E0,2.6E0,-8.25E-1));
#7921=DIRECTION('',(0.E0,2.425356250363E-1,9.701425001453E-1));
#7922=DIRECTION('',(0.E0,9.701425001453E-1,-2.425356250363E-1));
#7923=AXIS2_PLACEMENT_3D('',#7920,#7921,#7922);
#7924=PLANE('',#7923);
#7925=ORIENTED_EDGE('',*,*,#6530,.T.);
#7926=ORIENTED_EDGE('',*,*,#6363,.F.);
#7927=ORIENTED_EDGE('',*,*,#7912,.F.);
#7928=ORIENTED_EDGE('',*,*,#7902,.F.);
#7929=EDGE_LOOP('',(#7925,#7926,#7927,#7928));
#7930=FACE_OUTER_BOUND('',#7929,.F.);
#7931=ADVANCED_FACE('',(#7930),#7924,.T.);
#7932=CARTESIAN_POINT('',(-6.825E0,2.6E0,1.E0));
#7933=DIRECTION('',(9.701425001453E-1,2.425356250363E-1,0.E0));
#7934=DIRECTION('',(-2.425356250363E-1,9.701425001453E-1,0.E0));
#7935=AXIS2_PLACEMENT_3D('',#7932,#7933,#7934);
#7936=PLANE('',#7935);
#7938=ORIENTED_EDGE('',*,*,#7937,.F.);
#7940=ORIENTED_EDGE('',*,*,#7939,.T.);
#7941=ORIENTED_EDGE('',*,*,#7843,.T.);
#7943=ORIENTED_EDGE('',*,*,#7942,.F.);
#7944=EDGE_LOOP('',(#7938,#7940,#7941,#7943));
#7945=FACE_OUTER_BOUND('',#7944,.F.);
#7946=ADVANCED_FACE('',(#7945),#7936,.T.);
#7947=CARTESIAN_POINT('',(-7.25E0,2.9E0,7.5E-1));
#7948=DIRECTION('',(0.E0,1.E0,0.E0));
#7949=DIRECTION('',(0.E0,0.E0,1.E0));
#7950=AXIS2_PLACEMENT_3D('',#7947,#7948,#7949);
#7951=PLANE('',#7950);
#7953=ORIENTED_EDGE('',*,*,#7952,.T.);
#7955=ORIENTED_EDGE('',*,*,#7954,.T.);
#7957=ORIENTED_EDGE('',*,*,#7956,.F.);
#7958=ORIENTED_EDGE('',*,*,#7937,.T.);
#7959=EDGE_LOOP('',(#7953,#7955,#7957,#7958));
#7960=FACE_OUTER_BOUND('',#7959,.F.);
#7961=ADVANCED_FACE('',(#7960),#7951,.T.);
#7962=CARTESIAN_POINT('',(-7.E0,2.6E0,1.175E0));
#7963=DIRECTION('',(0.E0,2.425356250363E-1,9.701425001453E-1));
#7964=DIRECTION('',(0.E0,9.701425001453E-1,-2.425356250363E-1));
#7965=AXIS2_PLACEMENT_3D('',#7962,#7963,#7964);
#7966=PLANE('',#7965);
#7968=ORIENTED_EDGE('',*,*,#7967,.T.);
#7970=ORIENTED_EDGE('',*,*,#7969,.F.);
#7971=ORIENTED_EDGE('',*,*,#7952,.F.);
#7972=ORIENTED_EDGE('',*,*,#7942,.T.);
#7973=EDGE_LOOP('',(#7968,#7970,#7971,#7972));
#7974=FACE_OUTER_BOUND('',#7973,.F.);
#7975=ADVANCED_FACE('',(#7974),#7966,.T.);
#7976=CARTESIAN_POINT('',(-7.25E0,2.9E0,1.25E0));
#7977=DIRECTION('',(0.E0,0.E0,1.E0));
#7978=DIRECTION('',(0.E0,-1.E0,0.E0));
#7979=AXIS2_PLACEMENT_3D('',#7976,#7977,#7978);
#7980=PLANE('',#7979);
#7981=ORIENTED_EDGE('',*,*,#6320,.F.);
#7982=ORIENTED_EDGE('',*,*,#6566,.T.);
#7983=ORIENTED_EDGE('',*,*,#7864,.T.);
#7985=ORIENTED_EDGE('',*,*,#7984,.F.);
#7986=EDGE_LOOP('',(#7981,#7982,#7983,#7985));
#7987=FACE_OUTER_BOUND('',#7986,.F.);
#7988=ADVANCED_FACE('',(#7987),#7980,.T.);
#7989=CARTESIAN_POINT('',(-7.25E0,2.9E0,1.25E0));
#7990=DIRECTION('',(0.E0,0.E0,1.E0));
#7991=DIRECTION('',(0.E0,-1.E0,0.E0));
#7992=AXIS2_PLACEMENT_3D('',#7989,#7990,#7991);
#7993=PLANE('',#7992);
#7994=ORIENTED_EDGE('',*,*,#7967,.F.);
#7995=ORIENTED_EDGE('',*,*,#7848,.T.);
#7996=ORIENTED_EDGE('',*,*,#6266,.F.);
#7997=ORIENTED_EDGE('',*,*,#6297,.F.);
#7998=EDGE_LOOP('',(#7994,#7995,#7996,#7997));
#7999=FACE_OUTER_BOUND('',#7998,.F.);
#8000=ADVANCED_FACE('',(#7999),#7993,.T.);
#8001=CARTESIAN_POINT('',(-7.25E0,-3.7E0,1.45E0));
#8002=DIRECTION('',(1.E0,0.E0,0.E0));
#8003=DIRECTION('',(0.E0,0.E0,-1.E0));
#8004=AXIS2_PLACEMENT_3D('',#8001,#8002,#8003);
#8005=CYLINDRICAL_SURFACE('',#8004,2.E-1);
#8006=ORIENTED_EDGE('',*,*,#6322,.F.);
#8007=ORIENTED_EDGE('',*,*,#7984,.T.);
#8008=ORIENTED_EDGE('',*,*,#7862,.T.);
#8010=ORIENTED_EDGE('',*,*,#8009,.F.);
#8011=EDGE_LOOP('',(#8006,#8007,#8008,#8010));
#8012=FACE_OUTER_BOUND('',#8011,.F.);
#8013=ADVANCED_FACE('',(#8012),#8005,.F.);
#8014=CARTESIAN_POINT('',(-7.25E0,-3.9E0,1.45E0));
#8015=DIRECTION('',(0.E0,1.E0,0.E0));
#8016=DIRECTION('',(0.E0,0.E0,1.E0));
#8017=AXIS2_PLACEMENT_3D('',#8014,#8015,#8016);
#8018=PLANE('',#8017);
#8020=ORIENTED_EDGE('',*,*,#8019,.T.);
#8021=ORIENTED_EDGE('',*,*,#6324,.F.);
#8022=ORIENTED_EDGE('',*,*,#8009,.T.);
#8023=ORIENTED_EDGE('',*,*,#7860,.T.);
#8024=EDGE_LOOP('',(#8020,#8021,#8022,#8023));
#8025=FACE_OUTER_BOUND('',#8024,.F.);
#8026=ADVANCED_FACE('',(#8025),#8018,.T.);
#8027=CARTESIAN_POINT('',(-7.E0,-3.975E0,2.35E0));
#8028=DIRECTION('',(0.E0,9.701425001453E-1,2.425356250363E-1));
#8029=DIRECTION('',(0.E0,2.425356250363E-1,-9.701425001453E-1));
#8030=AXIS2_PLACEMENT_3D('',#8027,#8028,#8029);
#8031=PLANE('',#8030);
#8032=ORIENTED_EDGE('',*,*,#8019,.F.);
#8034=ORIENTED_EDGE('',*,*,#8033,.F.);
#8036=ORIENTED_EDGE('',*,*,#8035,.T.);
#8038=ORIENTED_EDGE('',*,*,#8037,.T.);
#8039=EDGE_LOOP('',(#8032,#8034,#8036,#8038));
#8040=FACE_OUTER_BOUND('',#8039,.F.);
#8041=ADVANCED_FACE('',(#8040),#8031,.T.);
#8042=CARTESIAN_POINT('',(-6.825E0,-4.15E0,2.35E0));
#8043=DIRECTION('',(9.701425001453E-1,0.E0,2.425356250363E-1));
#8044=DIRECTION('',(-2.425356250363E-1,0.E0,9.701425001453E-1));
#8045=AXIS2_PLACEMENT_3D('',#8042,#8043,#8044);
#8046=PLANE('',#8045);
#8048=ORIENTED_EDGE('',*,*,#8047,.F.);
#8049=ORIENTED_EDGE('',*,*,#8033,.T.);
#8050=ORIENTED_EDGE('',*,*,#7858,.T.);
#8052=ORIENTED_EDGE('',*,*,#8051,.T.);
#8053=EDGE_LOOP('',(#8048,#8049,#8050,#8052));
#8054=FACE_OUTER_BOUND('',#8053,.F.);
#8055=ADVANCED_FACE('',(#8054),#8046,.T.);
#8056=CARTESIAN_POINT('',(-7.25E0,-3.9E0,2.65E0));
#8057=DIRECTION('',(0.E0,0.E0,1.E0));
#8058=DIRECTION('',(0.E0,-1.E0,0.E0));
#8059=AXIS2_PLACEMENT_3D('',#8056,#8057,#8058);
#8060=PLANE('',#8059);
#8062=ORIENTED_EDGE('',*,*,#8061,.T.);
#8064=ORIENTED_EDGE('',*,*,#8063,.T.);
#8065=ORIENTED_EDGE('',*,*,#8035,.F.);
#8066=ORIENTED_EDGE('',*,*,#8047,.T.);
#8067=EDGE_LOOP('',(#8062,#8064,#8065,#8066));
#8068=FACE_OUTER_BOUND('',#8067,.F.);
#8069=ADVANCED_FACE('',(#8068),#8060,.T.);
#8070=CARTESIAN_POINT('',(-7.E0,-4.325E0,2.35E0));
#8071=DIRECTION('',(0.E0,-9.701425001453E-1,2.425356250363E-1));
#8072=DIRECTION('',(0.E0,2.425356250363E-1,9.701425001453E-1));
#8073=AXIS2_PLACEMENT_3D('',#8070,#8071,#8072);
#8074=PLANE('',#8073);
#8076=ORIENTED_EDGE('',*,*,#8075,.T.);
#8078=ORIENTED_EDGE('',*,*,#8077,.F.);
#8079=ORIENTED_EDGE('',*,*,#8061,.F.);
#8080=ORIENTED_EDGE('',*,*,#8051,.F.);
#8081=EDGE_LOOP('',(#8076,#8078,#8079,#8080));
#8082=FACE_OUTER_BOUND('',#8081,.F.);
#8083=ADVANCED_FACE('',(#8082),#8074,.T.);
#8084=CARTESIAN_POINT('',(-7.25E0,-4.4E0,2.65E0));
#8085=DIRECTION('',(0.E0,-1.E0,0.E0));
#8086=DIRECTION('',(0.E0,0.E0,-1.E0));
#8087=AXIS2_PLACEMENT_3D('',#8084,#8085,#8086);
#8088=PLANE('',#8087);
#8089=ORIENTED_EDGE('',*,*,#8075,.F.);
#8090=ORIENTED_EDGE('',*,*,#7871,.T.);
#8092=ORIENTED_EDGE('',*,*,#8091,.F.);
#8093=ORIENTED_EDGE('',*,*,#6312,.F.);
#8094=EDGE_LOOP('',(#8089,#8090,#8092,#8093));
#8095=FACE_OUTER_BOUND('',#8094,.F.);
#8096=ADVANCED_FACE('',(#8095),#8088,.T.);
#8097=CARTESIAN_POINT('',(-7.25E0,-3.7E0,1.45E0));
#8098=DIRECTION('',(1.E0,0.E0,0.E0));
#8099=DIRECTION('',(0.E0,0.E0,-1.E0));
#8100=AXIS2_PLACEMENT_3D('',#8097,#8098,#8099);
#8101=CYLINDRICAL_SURFACE('',#8100,7.E-1);
#8102=ORIENTED_EDGE('',*,*,#6314,.F.);
#8103=ORIENTED_EDGE('',*,*,#8091,.T.);
#8104=ORIENTED_EDGE('',*,*,#7869,.T.);
#8106=ORIENTED_EDGE('',*,*,#8105,.F.);
#8107=EDGE_LOOP('',(#8102,#8103,#8104,#8106));
#8108=FACE_OUTER_BOUND('',#8107,.F.);
#8109=ADVANCED_FACE('',(#8108),#8101,.T.);
#8110=CARTESIAN_POINT('',(-7.25E0,-3.7E0,7.5E-1));
#8111=DIRECTION('',(0.E0,0.E0,-1.E0));
#8112=DIRECTION('',(0.E0,1.E0,0.E0));
#8113=AXIS2_PLACEMENT_3D('',#8110,#8111,#8112);
#8114=PLANE('',#8113);
#8115=ORIENTED_EDGE('',*,*,#6316,.F.);
#8116=ORIENTED_EDGE('',*,*,#8105,.T.);
#8117=ORIENTED_EDGE('',*,*,#7867,.T.);
#8118=ORIENTED_EDGE('',*,*,#6562,.F.);
#8119=EDGE_LOOP('',(#8115,#8116,#8117,#8118));
#8120=FACE_OUTER_BOUND('',#8119,.F.);
#8121=ADVANCED_FACE('',(#8120),#8114,.T.);
#8122=CARTESIAN_POINT('',(-7.25E0,-3.7E0,7.5E-1));
#8123=DIRECTION('',(0.E0,0.E0,-1.E0));
#8124=DIRECTION('',(0.E0,1.E0,0.E0));
#8125=AXIS2_PLACEMENT_3D('',#8122,#8123,#8124);
#8126=PLANE('',#8125);
#8128=ORIENTED_EDGE('',*,*,#8127,.T.);
#8129=ORIENTED_EDGE('',*,*,#6300,.F.);
#8130=ORIENTED_EDGE('',*,*,#6270,.T.);
#8131=ORIENTED_EDGE('',*,*,#7845,.T.);
#8132=EDGE_LOOP('',(#8128,#8129,#8130,#8131));
#8133=FACE_OUTER_BOUND('',#8132,.F.);
#8134=ADVANCED_FACE('',(#8133),#8126,.T.);
#8135=CARTESIAN_POINT('',(-7.E0,2.6E0,8.25E-1));
#8136=DIRECTION('',(0.E0,2.425356250363E-1,-9.701425001453E-1));
#8137=DIRECTION('',(0.E0,-9.701425001453E-1,-2.425356250363E-1));
#8138=AXIS2_PLACEMENT_3D('',#8135,#8136,#8137);
#8139=PLANE('',#8138);
#8140=ORIENTED_EDGE('',*,*,#8127,.F.);
#8141=ORIENTED_EDGE('',*,*,#7939,.F.);
#8142=ORIENTED_EDGE('',*,*,#7956,.T.);
#8144=ORIENTED_EDGE('',*,*,#8143,.T.);
#8145=EDGE_LOOP('',(#8140,#8141,#8142,#8144));
#8146=FACE_OUTER_BOUND('',#8145,.F.);
#8147=ADVANCED_FACE('',(#8146),#8139,.T.);
#8148=CARTESIAN_POINT('',(-7.175E0,2.6E0,1.E0));
#8149=DIRECTION('',(-9.701425001453E-1,2.425356250363E-1,0.E0));
#8150=DIRECTION('',(2.425356250363E-1,9.701425001453E-1,0.E0));
#8151=AXIS2_PLACEMENT_3D('',#8148,#8149,#8150);
#8152=PLANE('',#8151);
#8153=ORIENTED_EDGE('',*,*,#6295,.T.);
#8154=ORIENTED_EDGE('',*,*,#8143,.F.);
#8155=ORIENTED_EDGE('',*,*,#7954,.F.);
#8156=ORIENTED_EDGE('',*,*,#7969,.T.);
#8157=EDGE_LOOP('',(#8153,#8154,#8155,#8156));
#8158=FACE_OUTER_BOUND('',#8157,.F.);
#8159=ADVANCED_FACE('',(#8158),#8152,.T.);
#8160=CARTESIAN_POINT('',(-7.175E0,-4.15E0,2.35E0));
#8161=DIRECTION('',(-9.701425001453E-1,0.E0,2.425356250363E-1));
#8162=DIRECTION('',(2.425356250363E-1,0.E0,9.701425001453E-1));
#8163=AXIS2_PLACEMENT_3D('',#8160,#8161,#8162);
#8164=PLANE('',#8163);
#8165=ORIENTED_EDGE('',*,*,#6310,.T.);
#8166=ORIENTED_EDGE('',*,*,#8037,.F.);
#8167=ORIENTED_EDGE('',*,*,#8063,.F.);
#8168=ORIENTED_EDGE('',*,*,#8077,.T.);
#8169=EDGE_LOOP('',(#8165,#8166,#8167,#8168));
#8170=FACE_OUTER_BOUND('',#8169,.F.);
#8171=ADVANCED_FACE('',(#8170),#8164,.T.);
#8172=CARTESIAN_POINT('',(-6.825E0,-4.15E0,-2.35E0));
#8173=DIRECTION('',(9.701425001453E-1,0.E0,-2.425356250363E-1));
#8174=DIRECTION('',(-2.425356250363E-1,0.E0,-9.701425001453E-1));
#8175=AXIS2_PLACEMENT_3D('',#8172,#8173,#8174);
#8176=PLANE('',#8175);
#8178=ORIENTED_EDGE('',*,*,#8177,.F.);
#8179=ORIENTED_EDGE('',*,*,#6475,.T.);
#8180=ORIENTED_EDGE('',*,*,#7881,.T.);
#8181=ORIENTED_EDGE('',*,*,#6449,.T.);
#8182=EDGE_LOOP('',(#8178,#8179,#8180,#8181));
#8183=FACE_OUTER_BOUND('',#8182,.F.);
#8184=ADVANCED_FACE('',(#8183),#8176,.T.);
#8185=CARTESIAN_POINT('',(-7.25E0,-4.4E0,-2.65E0));
#8186=DIRECTION('',(0.E0,0.E0,-1.E0));
#8187=DIRECTION('',(0.E0,1.E0,0.E0));
#8188=AXIS2_PLACEMENT_3D('',#8185,#8186,#8187);
#8189=PLANE('',#8188);
#8190=ORIENTED_EDGE('',*,*,#6447,.T.);
#8191=ORIENTED_EDGE('',*,*,#6462,.T.);
#8192=ORIENTED_EDGE('',*,*,#6477,.F.);
#8193=ORIENTED_EDGE('',*,*,#8177,.T.);
#8194=EDGE_LOOP('',(#8190,#8191,#8192,#8193));
#8195=FACE_OUTER_BOUND('',#8194,.F.);
#8196=ADVANCED_FACE('',(#8195),#8189,.T.);
#8197=CARTESIAN_POINT('',(-5.25E0,0.E0,0.E0));
#8198=DIRECTION('',(1.E0,0.E0,0.E0));
#8199=DIRECTION('',(0.E0,0.E0,-1.E0));
#8200=AXIS2_PLACEMENT_3D('',#8197,#8198,#8199);
#8201=PLANE('',#8200);
#8203=ORIENTED_EDGE('',*,*,#8202,.F.);
#8205=ORIENTED_EDGE('',*,*,#8204,.T.);
#8206=ORIENTED_EDGE('',*,*,#6134,.T.);
#8208=ORIENTED_EDGE('',*,*,#8207,.T.);
#8209=EDGE_LOOP('',(#8203,#8205,#8206,#8208));
#8210=FACE_OUTER_BOUND('',#8209,.F.);
#8211=ADVANCED_FACE('',(#8210),#8201,.F.);
#8212=CARTESIAN_POINT('',(-5.25E0,0.E0,0.E0));
#8213=DIRECTION('',(1.E0,0.E0,0.E0));
#8214=DIRECTION('',(0.E0,0.E0,-1.E0));
#8215=AXIS2_PLACEMENT_3D('',#8212,#8213,#8214);
#8216=PLANE('',#8215);
#8218=ORIENTED_EDGE('',*,*,#8217,.F.);
#8220=ORIENTED_EDGE('',*,*,#8219,.T.);
#8221=ORIENTED_EDGE('',*,*,#6124,.T.);
#8223=ORIENTED_EDGE('',*,*,#8222,.T.);
#8224=EDGE_LOOP('',(#8218,#8220,#8221,#8223));
#8225=FACE_OUTER_BOUND('',#8224,.F.);
#8226=ADVANCED_FACE('',(#8225),#8216,.F.);
#8227=CARTESIAN_POINT('',(-5.25E0,0.E0,0.E0));
#8228=DIRECTION('',(1.E0,0.E0,0.E0));
#8229=DIRECTION('',(0.E0,0.E0,-1.E0));
#8230=AXIS2_PLACEMENT_3D('',#8227,#8228,#8229);
#8231=PLANE('',#8230);
#8233=ORIENTED_EDGE('',*,*,#8232,.F.);
#8235=ORIENTED_EDGE('',*,*,#8234,.T.);
#8237=ORIENTED_EDGE('',*,*,#8236,.T.);
#8239=ORIENTED_EDGE('',*,*,#8238,.T.);
#8240=ORIENTED_EDGE('',*,*,#6580,.T.);
#8242=ORIENTED_EDGE('',*,*,#8241,.T.);
#8244=ORIENTED_EDGE('',*,*,#8243,.T.);
#8246=ORIENTED_EDGE('',*,*,#8245,.T.);
#8247=EDGE_LOOP('',(#8233,#8235,#8237,#8239,#8240,#8242,#8244,#8246));
#8248=FACE_OUTER_BOUND('',#8247,.F.);
#8249=ADVANCED_FACE('',(#8248),#8231,.F.);
#8250=CARTESIAN_POINT('',(-5.25E0,0.E0,0.E0));
#8251=DIRECTION('',(1.E0,0.E0,0.E0));
#8252=DIRECTION('',(0.E0,0.E0,-1.E0));
#8253=AXIS2_PLACEMENT_3D('',#8250,#8251,#8252);
#8254=PLANE('',#8253);
#8256=ORIENTED_EDGE('',*,*,#8255,.F.);
#8258=ORIENTED_EDGE('',*,*,#8257,.T.);
#8260=ORIENTED_EDGE('',*,*,#8259,.T.);
#8262=ORIENTED_EDGE('',*,*,#8261,.T.);
#8263=ORIENTED_EDGE('',*,*,#6570,.T.);
#8265=ORIENTED_EDGE('',*,*,#8264,.T.);
#8267=ORIENTED_EDGE('',*,*,#8266,.T.);
#8269=ORIENTED_EDGE('',*,*,#8268,.T.);
#8270=EDGE_LOOP('',(#8256,#8258,#8260,#8262,#8263,#8265,#8267,#8269));
#8271=FACE_OUTER_BOUND('',#8270,.F.);
#8272=ADVANCED_FACE('',(#8271),#8254,.F.);
#8273=CARTESIAN_POINT('',(-5.175E0,2.6E0,-1.E0));
#8274=DIRECTION('',(-9.701425001453E-1,2.425356250363E-1,0.E0));
#8275=DIRECTION('',(2.425356250363E-1,9.701425001453E-1,0.E0));
#8276=AXIS2_PLACEMENT_3D('',#8273,#8274,#8275);
#8277=PLANE('',#8276);
#8278=ORIENTED_EDGE('',*,*,#8202,.T.);
#8280=ORIENTED_EDGE('',*,*,#8279,.F.);
#8282=ORIENTED_EDGE('',*,*,#8281,.F.);
#8284=ORIENTED_EDGE('',*,*,#8283,.T.);
#8285=EDGE_LOOP('',(#8278,#8280,#8282,#8284));
#8286=FACE_OUTER_BOUND('',#8285,.F.);
#8287=ADVANCED_FACE('',(#8286),#8277,.T.);
#8288=CARTESIAN_POINT('',(-5.E0,2.6E0,-1.175E0));
#8289=DIRECTION('',(0.E0,2.425356250363E-1,-9.701425001453E-1));
#8290=DIRECTION('',(0.E0,-9.701425001453E-1,-2.425356250363E-1));
#8291=AXIS2_PLACEMENT_3D('',#8288,#8289,#8290);
#8292=PLANE('',#8291);
#8294=ORIENTED_EDGE('',*,*,#8293,.F.);
#8296=ORIENTED_EDGE('',*,*,#8295,.F.);
#8298=ORIENTED_EDGE('',*,*,#8297,.T.);
#8299=ORIENTED_EDGE('',*,*,#8279,.T.);
#8300=EDGE_LOOP('',(#8294,#8296,#8298,#8299));
#8301=FACE_OUTER_BOUND('',#8300,.F.);
#8302=ADVANCED_FACE('',(#8301),#8292,.T.);
#8303=CARTESIAN_POINT('',(-5.25E0,-3.7E0,-1.25E0));
#8304=DIRECTION('',(0.E0,0.E0,-1.E0));
#8305=DIRECTION('',(0.E0,1.E0,0.E0));
#8306=AXIS2_PLACEMENT_3D('',#8303,#8304,#8305);
#8307=PLANE('',#8306);
#8308=ORIENTED_EDGE('',*,*,#8261,.F.);
#8310=ORIENTED_EDGE('',*,*,#8309,.T.);
#8312=ORIENTED_EDGE('',*,*,#8311,.T.);
#8313=ORIENTED_EDGE('',*,*,#6572,.F.);
#8314=EDGE_LOOP('',(#8308,#8310,#8312,#8313));
#8315=FACE_OUTER_BOUND('',#8314,.F.);
#8316=ADVANCED_FACE('',(#8315),#8307,.T.);
#8317=CARTESIAN_POINT('',(-5.25E0,-3.7E0,-1.25E0));
#8318=DIRECTION('',(0.E0,0.E0,-1.E0));
#8319=DIRECTION('',(0.E0,1.E0,0.E0));
#8320=AXIS2_PLACEMENT_3D('',#8317,#8318,#8319);
#8321=PLANE('',#8320);
#8322=ORIENTED_EDGE('',*,*,#8293,.T.);
#8323=ORIENTED_EDGE('',*,*,#8207,.F.);
#8324=ORIENTED_EDGE('',*,*,#6140,.T.);
#8326=ORIENTED_EDGE('',*,*,#8325,.T.);
#8327=EDGE_LOOP('',(#8322,#8323,#8324,#8326));
#8328=FACE_OUTER_BOUND('',#8327,.F.);
#8329=ADVANCED_FACE('',(#8328),#8321,.T.);
#8330=CARTESIAN_POINT('',(-5.25E0,-3.7E0,-1.45E0));
#8331=DIRECTION('',(1.E0,0.E0,0.E0));
#8332=DIRECTION('',(0.E0,0.E0,-1.E0));
#8333=AXIS2_PLACEMENT_3D('',#8330,#8331,#8332);
#8334=CYLINDRICAL_SURFACE('',#8333,2.E-1);
#8335=ORIENTED_EDGE('',*,*,#8259,.F.);
#8337=ORIENTED_EDGE('',*,*,#8336,.T.);
#8339=ORIENTED_EDGE('',*,*,#8338,.T.);
#8340=ORIENTED_EDGE('',*,*,#8309,.F.);
#8341=EDGE_LOOP('',(#8335,#8337,#8339,#8340));
#8342=FACE_OUTER_BOUND('',#8341,.F.);
#8343=ADVANCED_FACE('',(#8342),#8334,.F.);
#8344=CARTESIAN_POINT('',(-5.25E0,-3.9E0,-2.65E0));
#8345=DIRECTION('',(0.E0,1.E0,0.E0));
#8346=DIRECTION('',(0.E0,0.E0,1.E0));
#8347=AXIS2_PLACEMENT_3D('',#8344,#8345,#8346);
#8348=PLANE('',#8347);
#8350=ORIENTED_EDGE('',*,*,#8349,.F.);
#8352=ORIENTED_EDGE('',*,*,#8351,.T.);
#8353=ORIENTED_EDGE('',*,*,#8336,.F.);
#8354=ORIENTED_EDGE('',*,*,#8257,.F.);
#8355=EDGE_LOOP('',(#8350,#8352,#8353,#8354));
#8356=FACE_OUTER_BOUND('',#8355,.F.);
#8357=ADVANCED_FACE('',(#8356),#8348,.T.);
#8358=CARTESIAN_POINT('',(-5.E0,-3.975E0,-2.35E0));
#8359=DIRECTION('',(0.E0,9.701425001453E-1,-2.425356250363E-1));
#8360=DIRECTION('',(0.E0,-2.425356250363E-1,-9.701425001453E-1));
#8361=AXIS2_PLACEMENT_3D('',#8358,#8359,#8360);
#8362=PLANE('',#8361);
#8363=ORIENTED_EDGE('',*,*,#8349,.T.);
#8365=ORIENTED_EDGE('',*,*,#8364,.F.);
#8367=ORIENTED_EDGE('',*,*,#8366,.F.);
#8369=ORIENTED_EDGE('',*,*,#8368,.F.);
#8370=EDGE_LOOP('',(#8363,#8365,#8367,#8369));
#8371=FACE_OUTER_BOUND('',#8370,.F.);
#8372=ADVANCED_FACE('',(#8371),#8362,.T.);
#8373=CARTESIAN_POINT('',(-5.175E0,-4.15E0,-2.35E0));
#8374=DIRECTION('',(-9.701425001453E-1,0.E0,-2.425356250363E-1));
#8375=DIRECTION('',(2.425356250363E-1,0.E0,-9.701425001453E-1));
#8376=AXIS2_PLACEMENT_3D('',#8373,#8374,#8375);
#8377=PLANE('',#8376);
#8378=ORIENTED_EDGE('',*,*,#8255,.T.);
#8380=ORIENTED_EDGE('',*,*,#8379,.F.);
#8382=ORIENTED_EDGE('',*,*,#8381,.F.);
#8383=ORIENTED_EDGE('',*,*,#8364,.T.);
#8384=EDGE_LOOP('',(#8378,#8380,#8382,#8383));
#8385=FACE_OUTER_BOUND('',#8384,.F.);
#8386=ADVANCED_FACE('',(#8385),#8377,.T.);
#8387=CARTESIAN_POINT('',(-5.E0,-4.325E0,-2.35E0));
#8388=DIRECTION('',(0.E0,-9.701425001453E-1,-2.425356250363E-1));
#8389=DIRECTION('',(0.E0,-2.425356250363E-1,9.701425001453E-1));
#8390=AXIS2_PLACEMENT_3D('',#8387,#8388,#8389);
#8391=PLANE('',#8390);
#8393=ORIENTED_EDGE('',*,*,#8392,.F.);
#8395=ORIENTED_EDGE('',*,*,#8394,.F.);
#8397=ORIENTED_EDGE('',*,*,#8396,.T.);
#8398=ORIENTED_EDGE('',*,*,#8379,.T.);
#8399=EDGE_LOOP('',(#8393,#8395,#8397,#8398));
#8400=FACE_OUTER_BOUND('',#8399,.F.);
#8401=ADVANCED_FACE('',(#8400),#8391,.T.);
#8402=CARTESIAN_POINT('',(-5.25E0,-4.4E0,-1.45E0));
#8403=DIRECTION('',(0.E0,-1.E0,0.E0));
#8404=DIRECTION('',(0.E0,0.E0,-1.E0));
#8405=AXIS2_PLACEMENT_3D('',#8402,#8403,#8404);
#8406=PLANE('',#8405);
#8407=ORIENTED_EDGE('',*,*,#8392,.T.);
#8408=ORIENTED_EDGE('',*,*,#8268,.F.);
#8410=ORIENTED_EDGE('',*,*,#8409,.T.);
#8412=ORIENTED_EDGE('',*,*,#8411,.T.);
#8413=EDGE_LOOP('',(#8407,#8408,#8410,#8412));
#8414=FACE_OUTER_BOUND('',#8413,.F.);
#8415=ADVANCED_FACE('',(#8414),#8406,.T.);
#8416=CARTESIAN_POINT('',(-5.25E0,-3.7E0,-1.45E0));
#8417=DIRECTION('',(1.E0,0.E0,0.E0));
#8418=DIRECTION('',(0.E0,0.E0,-1.E0));
#8419=AXIS2_PLACEMENT_3D('',#8416,#8417,#8418);
#8420=CYLINDRICAL_SURFACE('',#8419,7.E-1);
#8421=ORIENTED_EDGE('',*,*,#8266,.F.);
#8423=ORIENTED_EDGE('',*,*,#8422,.T.);
#8425=ORIENTED_EDGE('',*,*,#8424,.T.);
#8426=ORIENTED_EDGE('',*,*,#8409,.F.);
#8427=EDGE_LOOP('',(#8421,#8423,#8425,#8426));
#8428=FACE_OUTER_BOUND('',#8427,.F.);
#8429=ADVANCED_FACE('',(#8428),#8420,.T.);
#8430=CARTESIAN_POINT('',(-5.25E0,2.9E0,-7.5E-1));
#8431=DIRECTION('',(0.E0,0.E0,1.E0));
#8432=DIRECTION('',(0.E0,-1.E0,0.E0));
#8433=AXIS2_PLACEMENT_3D('',#8430,#8431,#8432);
#8434=PLANE('',#8433);
#8435=ORIENTED_EDGE('',*,*,#8264,.F.);
#8436=ORIENTED_EDGE('',*,*,#6576,.T.);
#8438=ORIENTED_EDGE('',*,*,#8437,.T.);
#8439=ORIENTED_EDGE('',*,*,#8422,.F.);
#8440=EDGE_LOOP('',(#8435,#8436,#8438,#8439));
#8441=FACE_OUTER_BOUND('',#8440,.F.);
#8442=ADVANCED_FACE('',(#8441),#8434,.T.);
#8443=CARTESIAN_POINT('',(-5.25E0,2.9E0,-7.5E-1));
#8444=DIRECTION('',(0.E0,0.E0,1.E0));
#8445=DIRECTION('',(0.E0,-1.E0,0.E0));
#8446=AXIS2_PLACEMENT_3D('',#8443,#8444,#8445);
#8447=PLANE('',#8446);
#8449=ORIENTED_EDGE('',*,*,#8448,.F.);
#8451=ORIENTED_EDGE('',*,*,#8450,.T.);
#8452=ORIENTED_EDGE('',*,*,#6136,.F.);
#8453=ORIENTED_EDGE('',*,*,#8204,.F.);
#8454=EDGE_LOOP('',(#8449,#8451,#8452,#8453));
#8455=FACE_OUTER_BOUND('',#8454,.F.);
#8456=ADVANCED_FACE('',(#8455),#8447,.T.);
#8457=CARTESIAN_POINT('',(-4.75E0,0.E0,0.E0));
#8458=DIRECTION('',(1.E0,0.E0,0.E0));
#8459=DIRECTION('',(0.E0,0.E0,-1.E0));
#8460=AXIS2_PLACEMENT_3D('',#8457,#8458,#8459);
#8461=PLANE('',#8460);
#8463=ORIENTED_EDGE('',*,*,#8462,.F.);
#8464=ORIENTED_EDGE('',*,*,#8325,.F.);
#8465=ORIENTED_EDGE('',*,*,#6138,.F.);
#8466=ORIENTED_EDGE('',*,*,#8450,.F.);
#8467=EDGE_LOOP('',(#8463,#8464,#8465,#8466));
#8468=FACE_OUTER_BOUND('',#8467,.F.);
#8469=ADVANCED_FACE('',(#8468),#8461,.T.);
#8470=CARTESIAN_POINT('',(-4.75E0,0.E0,0.E0));
#8471=DIRECTION('',(1.E0,0.E0,0.E0));
#8472=DIRECTION('',(0.E0,0.E0,-1.E0));
#8473=AXIS2_PLACEMENT_3D('',#8470,#8471,#8472);
#8474=PLANE('',#8473);
#8476=ORIENTED_EDGE('',*,*,#8475,.F.);
#8478=ORIENTED_EDGE('',*,*,#8477,.F.);
#8479=ORIENTED_EDGE('',*,*,#6128,.F.);
#8481=ORIENTED_EDGE('',*,*,#8480,.F.);
#8482=EDGE_LOOP('',(#8476,#8478,#8479,#8481));
#8483=FACE_OUTER_BOUND('',#8482,.F.);
#8484=ADVANCED_FACE('',(#8483),#8474,.T.);
#8485=CARTESIAN_POINT('',(-4.75E0,0.E0,0.E0));
#8486=DIRECTION('',(1.E0,0.E0,0.E0));
#8487=DIRECTION('',(0.E0,0.E0,-1.E0));
#8488=AXIS2_PLACEMENT_3D('',#8485,#8486,#8487);
#8489=PLANE('',#8488);
#8491=ORIENTED_EDGE('',*,*,#8490,.F.);
#8493=ORIENTED_EDGE('',*,*,#8492,.F.);
#8495=ORIENTED_EDGE('',*,*,#8494,.F.);
#8497=ORIENTED_EDGE('',*,*,#8496,.F.);
#8498=ORIENTED_EDGE('',*,*,#6584,.F.);
#8500=ORIENTED_EDGE('',*,*,#8499,.F.);
#8502=ORIENTED_EDGE('',*,*,#8501,.F.);
#8504=ORIENTED_EDGE('',*,*,#8503,.F.);
#8505=EDGE_LOOP('',(#8491,#8493,#8495,#8497,#8498,#8500,#8502,#8504));
#8506=FACE_OUTER_BOUND('',#8505,.F.);
#8507=ADVANCED_FACE('',(#8506),#8489,.T.);
#8508=CARTESIAN_POINT('',(-4.75E0,0.E0,0.E0));
#8509=DIRECTION('',(1.E0,0.E0,0.E0));
#8510=DIRECTION('',(0.E0,0.E0,-1.E0));
#8511=AXIS2_PLACEMENT_3D('',#8508,#8509,#8510);
#8512=PLANE('',#8511);
#8514=ORIENTED_EDGE('',*,*,#8513,.F.);
#8515=ORIENTED_EDGE('',*,*,#8411,.F.);
#8516=ORIENTED_EDGE('',*,*,#8424,.F.);
#8517=ORIENTED_EDGE('',*,*,#8437,.F.);
#8518=ORIENTED_EDGE('',*,*,#6574,.F.);
#8519=ORIENTED_EDGE('',*,*,#8311,.F.);
#8520=ORIENTED_EDGE('',*,*,#8338,.F.);
#8521=ORIENTED_EDGE('',*,*,#8351,.F.);
#8522=EDGE_LOOP('',(#8514,#8515,#8516,#8517,#8518,#8519,#8520,#8521));
#8523=FACE_OUTER_BOUND('',#8522,.F.);
#8524=ADVANCED_FACE('',(#8523),#8512,.T.);
#8525=CARTESIAN_POINT('',(-4.825E0,2.6E0,-1.E0));
#8526=DIRECTION('',(9.701425001453E-1,2.425356250363E-1,0.E0));
#8527=DIRECTION('',(-2.425356250363E-1,9.701425001453E-1,0.E0));
#8528=AXIS2_PLACEMENT_3D('',#8525,#8526,#8527);
#8529=PLANE('',#8528);
#8531=ORIENTED_EDGE('',*,*,#8530,.F.);
#8532=ORIENTED_EDGE('',*,*,#8295,.T.);
#8533=ORIENTED_EDGE('',*,*,#8462,.T.);
#8535=ORIENTED_EDGE('',*,*,#8534,.T.);
#8536=EDGE_LOOP('',(#8531,#8532,#8533,#8535));
#8537=FACE_OUTER_BOUND('',#8536,.F.);
#8538=ADVANCED_FACE('',(#8537),#8529,.T.);
#8539=CARTESIAN_POINT('',(-5.25E0,2.9E0,-1.25E0));
#8540=DIRECTION('',(0.E0,1.E0,0.E0));
#8541=DIRECTION('',(0.E0,0.E0,1.E0));
#8542=AXIS2_PLACEMENT_3D('',#8539,#8540,#8541);
#8543=PLANE('',#8542);
#8545=ORIENTED_EDGE('',*,*,#8544,.T.);
#8546=ORIENTED_EDGE('',*,*,#8281,.T.);
#8547=ORIENTED_EDGE('',*,*,#8297,.F.);
#8548=ORIENTED_EDGE('',*,*,#8530,.T.);
#8549=EDGE_LOOP('',(#8545,#8546,#8547,#8548));
#8550=FACE_OUTER_BOUND('',#8549,.F.);
#8551=ADVANCED_FACE('',(#8550),#8543,.T.);
#8552=CARTESIAN_POINT('',(-5.E0,2.6E0,-8.25E-1));
#8553=DIRECTION('',(0.E0,2.425356250363E-1,9.701425001453E-1));
#8554=DIRECTION('',(0.E0,9.701425001453E-1,-2.425356250363E-1));
#8555=AXIS2_PLACEMENT_3D('',#8552,#8553,#8554);
#8556=PLANE('',#8555);
#8557=ORIENTED_EDGE('',*,*,#8448,.T.);
#8558=ORIENTED_EDGE('',*,*,#8283,.F.);
#8559=ORIENTED_EDGE('',*,*,#8544,.F.);
#8560=ORIENTED_EDGE('',*,*,#8534,.F.);
#8561=EDGE_LOOP('',(#8557,#8558,#8559,#8560));
#8562=FACE_OUTER_BOUND('',#8561,.F.);
#8563=ADVANCED_FACE('',(#8562),#8556,.T.);
#8564=CARTESIAN_POINT('',(-4.825E0,2.6E0,1.E0));
#8565=DIRECTION('',(9.701425001453E-1,2.425356250363E-1,0.E0));
#8566=DIRECTION('',(-2.425356250363E-1,9.701425001453E-1,0.E0));
#8567=AXIS2_PLACEMENT_3D('',#8564,#8565,#8566);
#8568=PLANE('',#8567);
#8570=ORIENTED_EDGE('',*,*,#8569,.F.);
#8572=ORIENTED_EDGE('',*,*,#8571,.T.);
#8573=ORIENTED_EDGE('',*,*,#8475,.T.);
#8575=ORIENTED_EDGE('',*,*,#8574,.F.);
#8576=EDGE_LOOP('',(#8570,#8572,#8573,#8575));
#8577=FACE_OUTER_BOUND('',#8576,.F.);
#8578=ADVANCED_FACE('',(#8577),#8568,.T.);
#8579=CARTESIAN_POINT('',(-5.25E0,2.9E0,7.5E-1));
#8580=DIRECTION('',(0.E0,1.E0,0.E0));
#8581=DIRECTION('',(0.E0,0.E0,1.E0));
#8582=AXIS2_PLACEMENT_3D('',#8579,#8580,#8581);
#8583=PLANE('',#8582);
#8585=ORIENTED_EDGE('',*,*,#8584,.T.);
#8587=ORIENTED_EDGE('',*,*,#8586,.T.);
#8589=ORIENTED_EDGE('',*,*,#8588,.F.);
#8590=ORIENTED_EDGE('',*,*,#8569,.T.);
#8591=EDGE_LOOP('',(#8585,#8587,#8589,#8590));
#8592=FACE_OUTER_BOUND('',#8591,.F.);
#8593=ADVANCED_FACE('',(#8592),#8583,.T.);
#8594=CARTESIAN_POINT('',(-5.E0,2.6E0,1.175E0));
#8595=DIRECTION('',(0.E0,2.425356250363E-1,9.701425001453E-1));
#8596=DIRECTION('',(0.E0,9.701425001453E-1,-2.425356250363E-1));
#8597=AXIS2_PLACEMENT_3D('',#8594,#8595,#8596);
#8598=PLANE('',#8597);
#8600=ORIENTED_EDGE('',*,*,#8599,.T.);
#8602=ORIENTED_EDGE('',*,*,#8601,.F.);
#8603=ORIENTED_EDGE('',*,*,#8584,.F.);
#8604=ORIENTED_EDGE('',*,*,#8574,.T.);
#8605=EDGE_LOOP('',(#8600,#8602,#8603,#8604));
#8606=FACE_OUTER_BOUND('',#8605,.F.);
#8607=ADVANCED_FACE('',(#8606),#8598,.T.);
#8608=CARTESIAN_POINT('',(-5.25E0,2.9E0,1.25E0));
#8609=DIRECTION('',(0.E0,0.E0,1.E0));
#8610=DIRECTION('',(0.E0,-1.E0,0.E0));
#8611=AXIS2_PLACEMENT_3D('',#8608,#8609,#8610);
#8612=PLANE('',#8611);
#8613=ORIENTED_EDGE('',*,*,#8241,.F.);
#8614=ORIENTED_EDGE('',*,*,#6586,.T.);
#8615=ORIENTED_EDGE('',*,*,#8496,.T.);
#8617=ORIENTED_EDGE('',*,*,#8616,.F.);
#8618=EDGE_LOOP('',(#8613,#8614,#8615,#8617));
#8619=FACE_OUTER_BOUND('',#8618,.F.);
#8620=ADVANCED_FACE('',(#8619),#8612,.T.);
#8621=CARTESIAN_POINT('',(-5.25E0,2.9E0,1.25E0));
#8622=DIRECTION('',(0.E0,0.E0,1.E0));
#8623=DIRECTION('',(0.E0,-1.E0,0.E0));
#8624=AXIS2_PLACEMENT_3D('',#8621,#8622,#8623);
#8625=PLANE('',#8624);
#8626=ORIENTED_EDGE('',*,*,#8599,.F.);
#8627=ORIENTED_EDGE('',*,*,#8480,.T.);
#8628=ORIENTED_EDGE('',*,*,#6126,.F.);
#8629=ORIENTED_EDGE('',*,*,#8219,.F.);
#8630=EDGE_LOOP('',(#8626,#8627,#8628,#8629));
#8631=FACE_OUTER_BOUND('',#8630,.F.);
#8632=ADVANCED_FACE('',(#8631),#8625,.T.);
#8633=CARTESIAN_POINT('',(-5.25E0,-3.7E0,1.45E0));
#8634=DIRECTION('',(1.E0,0.E0,0.E0));
#8635=DIRECTION('',(0.E0,0.E0,-1.E0));
#8636=AXIS2_PLACEMENT_3D('',#8633,#8634,#8635);
#8637=CYLINDRICAL_SURFACE('',#8636,2.E-1);
#8638=ORIENTED_EDGE('',*,*,#8243,.F.);
#8639=ORIENTED_EDGE('',*,*,#8616,.T.);
#8640=ORIENTED_EDGE('',*,*,#8494,.T.);
#8642=ORIENTED_EDGE('',*,*,#8641,.F.);
#8643=EDGE_LOOP('',(#8638,#8639,#8640,#8642));
#8644=FACE_OUTER_BOUND('',#8643,.F.);
#8645=ADVANCED_FACE('',(#8644),#8637,.F.);
#8646=CARTESIAN_POINT('',(-5.25E0,-3.9E0,1.45E0));
#8647=DIRECTION('',(0.E0,1.E0,0.E0));
#8648=DIRECTION('',(0.E0,0.E0,1.E0));
#8649=AXIS2_PLACEMENT_3D('',#8646,#8647,#8648);
#8650=PLANE('',#8649);
#8652=ORIENTED_EDGE('',*,*,#8651,.T.);
#8653=ORIENTED_EDGE('',*,*,#8245,.F.);
#8654=ORIENTED_EDGE('',*,*,#8641,.T.);
#8655=ORIENTED_EDGE('',*,*,#8492,.T.);
#8656=EDGE_LOOP('',(#8652,#8653,#8654,#8655));
#8657=FACE_OUTER_BOUND('',#8656,.F.);
#8658=ADVANCED_FACE('',(#8657),#8650,.T.);
#8659=CARTESIAN_POINT('',(-5.E0,-3.975E0,2.35E0));
#8660=DIRECTION('',(0.E0,9.701425001453E-1,2.425356250363E-1));
#8661=DIRECTION('',(0.E0,2.425356250363E-1,-9.701425001453E-1));
#8662=AXIS2_PLACEMENT_3D('',#8659,#8660,#8661);
#8663=PLANE('',#8662);
#8664=ORIENTED_EDGE('',*,*,#8651,.F.);
#8666=ORIENTED_EDGE('',*,*,#8665,.F.);
#8668=ORIENTED_EDGE('',*,*,#8667,.T.);
#8670=ORIENTED_EDGE('',*,*,#8669,.T.);
#8671=EDGE_LOOP('',(#8664,#8666,#8668,#8670));
#8672=FACE_OUTER_BOUND('',#8671,.F.);
#8673=ADVANCED_FACE('',(#8672),#8663,.T.);
#8674=CARTESIAN_POINT('',(-4.825E0,-4.15E0,2.35E0));
#8675=DIRECTION('',(9.701425001453E-1,0.E0,2.425356250363E-1));
#8676=DIRECTION('',(-2.425356250363E-1,0.E0,9.701425001453E-1));
#8677=AXIS2_PLACEMENT_3D('',#8674,#8675,#8676);
#8678=PLANE('',#8677);
#8680=ORIENTED_EDGE('',*,*,#8679,.F.);
#8681=ORIENTED_EDGE('',*,*,#8665,.T.);
#8682=ORIENTED_EDGE('',*,*,#8490,.T.);
#8684=ORIENTED_EDGE('',*,*,#8683,.T.);
#8685=EDGE_LOOP('',(#8680,#8681,#8682,#8684));
#8686=FACE_OUTER_BOUND('',#8685,.F.);
#8687=ADVANCED_FACE('',(#8686),#8678,.T.);
#8688=CARTESIAN_POINT('',(-5.25E0,-3.9E0,2.65E0));
#8689=DIRECTION('',(0.E0,0.E0,1.E0));
#8690=DIRECTION('',(0.E0,-1.E0,0.E0));
#8691=AXIS2_PLACEMENT_3D('',#8688,#8689,#8690);
#8692=PLANE('',#8691);
#8694=ORIENTED_EDGE('',*,*,#8693,.T.);
#8696=ORIENTED_EDGE('',*,*,#8695,.T.);
#8697=ORIENTED_EDGE('',*,*,#8667,.F.);
#8698=ORIENTED_EDGE('',*,*,#8679,.T.);
#8699=EDGE_LOOP('',(#8694,#8696,#8697,#8698));
#8700=FACE_OUTER_BOUND('',#8699,.F.);
#8701=ADVANCED_FACE('',(#8700),#8692,.T.);
#8702=CARTESIAN_POINT('',(-5.E0,-4.325E0,2.35E0));
#8703=DIRECTION('',(0.E0,-9.701425001453E-1,2.425356250363E-1));
#8704=DIRECTION('',(0.E0,2.425356250363E-1,9.701425001453E-1));
#8705=AXIS2_PLACEMENT_3D('',#8702,#8703,#8704);
#8706=PLANE('',#8705);
#8708=ORIENTED_EDGE('',*,*,#8707,.T.);
#8710=ORIENTED_EDGE('',*,*,#8709,.F.);
#8711=ORIENTED_EDGE('',*,*,#8693,.F.);
#8712=ORIENTED_EDGE('',*,*,#8683,.F.);
#8713=EDGE_LOOP('',(#8708,#8710,#8711,#8712));
#8714=FACE_OUTER_BOUND('',#8713,.F.);
#8715=ADVANCED_FACE('',(#8714),#8706,.T.);
#8716=CARTESIAN_POINT('',(-5.25E0,-4.4E0,2.65E0));
#8717=DIRECTION('',(0.E0,-1.E0,0.E0));
#8718=DIRECTION('',(0.E0,0.E0,-1.E0));
#8719=AXIS2_PLACEMENT_3D('',#8716,#8717,#8718);
#8720=PLANE('',#8719);
#8721=ORIENTED_EDGE('',*,*,#8707,.F.);
#8722=ORIENTED_EDGE('',*,*,#8503,.T.);
#8724=ORIENTED_EDGE('',*,*,#8723,.F.);
#8725=ORIENTED_EDGE('',*,*,#8234,.F.);
#8726=EDGE_LOOP('',(#8721,#8722,#8724,#8725));
#8727=FACE_OUTER_BOUND('',#8726,.F.);
#8728=ADVANCED_FACE('',(#8727),#8720,.T.);
#8729=CARTESIAN_POINT('',(-5.25E0,-3.7E0,1.45E0));
#8730=DIRECTION('',(1.E0,0.E0,0.E0));
#8731=DIRECTION('',(0.E0,0.E0,-1.E0));
#8732=AXIS2_PLACEMENT_3D('',#8729,#8730,#8731);
#8733=CYLINDRICAL_SURFACE('',#8732,7.E-1);
#8734=ORIENTED_EDGE('',*,*,#8236,.F.);
#8735=ORIENTED_EDGE('',*,*,#8723,.T.);
#8736=ORIENTED_EDGE('',*,*,#8501,.T.);
#8738=ORIENTED_EDGE('',*,*,#8737,.F.);
#8739=EDGE_LOOP('',(#8734,#8735,#8736,#8738));
#8740=FACE_OUTER_BOUND('',#8739,.F.);
#8741=ADVANCED_FACE('',(#8740),#8733,.T.);
#8742=CARTESIAN_POINT('',(-5.25E0,-3.7E0,7.5E-1));
#8743=DIRECTION('',(0.E0,0.E0,-1.E0));
#8744=DIRECTION('',(0.E0,1.E0,0.E0));
#8745=AXIS2_PLACEMENT_3D('',#8742,#8743,#8744);
#8746=PLANE('',#8745);
#8747=ORIENTED_EDGE('',*,*,#8238,.F.);
#8748=ORIENTED_EDGE('',*,*,#8737,.T.);
#8749=ORIENTED_EDGE('',*,*,#8499,.T.);
#8750=ORIENTED_EDGE('',*,*,#6582,.F.);
#8751=EDGE_LOOP('',(#8747,#8748,#8749,#8750));
#8752=FACE_OUTER_BOUND('',#8751,.F.);
#8753=ADVANCED_FACE('',(#8752),#8746,.T.);
#8754=CARTESIAN_POINT('',(-5.25E0,-3.7E0,7.5E-1));
#8755=DIRECTION('',(0.E0,0.E0,-1.E0));
#8756=DIRECTION('',(0.E0,1.E0,0.E0));
#8757=AXIS2_PLACEMENT_3D('',#8754,#8755,#8756);
#8758=PLANE('',#8757);
#8760=ORIENTED_EDGE('',*,*,#8759,.T.);
#8761=ORIENTED_EDGE('',*,*,#8222,.F.);
#8762=ORIENTED_EDGE('',*,*,#6130,.T.);
#8763=ORIENTED_EDGE('',*,*,#8477,.T.);
#8764=EDGE_LOOP('',(#8760,#8761,#8762,#8763));
#8765=FACE_OUTER_BOUND('',#8764,.F.);
#8766=ADVANCED_FACE('',(#8765),#8758,.T.);
#8767=CARTESIAN_POINT('',(-5.E0,2.6E0,8.25E-1));
#8768=DIRECTION('',(0.E0,2.425356250363E-1,-9.701425001453E-1));
#8769=DIRECTION('',(0.E0,-9.701425001453E-1,-2.425356250363E-1));
#8770=AXIS2_PLACEMENT_3D('',#8767,#8768,#8769);
#8771=PLANE('',#8770);
#8772=ORIENTED_EDGE('',*,*,#8759,.F.);
#8773=ORIENTED_EDGE('',*,*,#8571,.F.);
#8774=ORIENTED_EDGE('',*,*,#8588,.T.);
#8776=ORIENTED_EDGE('',*,*,#8775,.T.);
#8777=EDGE_LOOP('',(#8772,#8773,#8774,#8776));
#8778=FACE_OUTER_BOUND('',#8777,.F.);
#8779=ADVANCED_FACE('',(#8778),#8771,.T.);
#8780=CARTESIAN_POINT('',(-5.175E0,2.6E0,1.E0));
#8781=DIRECTION('',(-9.701425001453E-1,2.425356250363E-1,0.E0));
#8782=DIRECTION('',(2.425356250363E-1,9.701425001453E-1,0.E0));
#8783=AXIS2_PLACEMENT_3D('',#8780,#8781,#8782);
#8784=PLANE('',#8783);
#8785=ORIENTED_EDGE('',*,*,#8217,.T.);
#8786=ORIENTED_EDGE('',*,*,#8775,.F.);
#8787=ORIENTED_EDGE('',*,*,#8586,.F.);
#8788=ORIENTED_EDGE('',*,*,#8601,.T.);
#8789=EDGE_LOOP('',(#8785,#8786,#8787,#8788));
#8790=FACE_OUTER_BOUND('',#8789,.F.);
#8791=ADVANCED_FACE('',(#8790),#8784,.T.);
#8792=CARTESIAN_POINT('',(-5.175E0,-4.15E0,2.35E0));
#8793=DIRECTION('',(-9.701425001453E-1,0.E0,2.425356250363E-1));
#8794=DIRECTION('',(2.425356250363E-1,0.E0,9.701425001453E-1));
#8795=AXIS2_PLACEMENT_3D('',#8792,#8793,#8794);
#8796=PLANE('',#8795);
#8797=ORIENTED_EDGE('',*,*,#8232,.T.);
#8798=ORIENTED_EDGE('',*,*,#8669,.F.);
#8799=ORIENTED_EDGE('',*,*,#8695,.F.);
#8800=ORIENTED_EDGE('',*,*,#8709,.T.);
#8801=EDGE_LOOP('',(#8797,#8798,#8799,#8800));
#8802=FACE_OUTER_BOUND('',#8801,.F.);
#8803=ADVANCED_FACE('',(#8802),#8796,.T.);
#8804=CARTESIAN_POINT('',(-4.825E0,-4.15E0,-2.35E0));
#8805=DIRECTION('',(9.701425001453E-1,0.E0,-2.425356250363E-1));
#8806=DIRECTION('',(-2.425356250363E-1,0.E0,-9.701425001453E-1));
#8807=AXIS2_PLACEMENT_3D('',#8804,#8805,#8806);
#8808=PLANE('',#8807);
#8810=ORIENTED_EDGE('',*,*,#8809,.F.);
#8811=ORIENTED_EDGE('',*,*,#8394,.T.);
#8812=ORIENTED_EDGE('',*,*,#8513,.T.);
#8813=ORIENTED_EDGE('',*,*,#8368,.T.);
#8814=EDGE_LOOP('',(#8810,#8811,#8812,#8813));
#8815=FACE_OUTER_BOUND('',#8814,.F.);
#8816=ADVANCED_FACE('',(#8815),#8808,.T.);
#8817=CARTESIAN_POINT('',(-5.25E0,-4.4E0,-2.65E0));
#8818=DIRECTION('',(0.E0,0.E0,-1.E0));
#8819=DIRECTION('',(0.E0,1.E0,0.E0));
#8820=AXIS2_PLACEMENT_3D('',#8817,#8818,#8819);
#8821=PLANE('',#8820);
#8822=ORIENTED_EDGE('',*,*,#8366,.T.);
#8823=ORIENTED_EDGE('',*,*,#8381,.T.);
#8824=ORIENTED_EDGE('',*,*,#8396,.F.);
#8825=ORIENTED_EDGE('',*,*,#8809,.T.);
#8826=EDGE_LOOP('',(#8822,#8823,#8824,#8825));
#8827=FACE_OUTER_BOUND('',#8826,.F.);
#8828=ADVANCED_FACE('',(#8827),#8821,.T.);
#8829=CARTESIAN_POINT('',(-3.25E0,0.E0,0.E0));
#8830=DIRECTION('',(1.E0,0.E0,0.E0));
#8831=DIRECTION('',(0.E0,0.E0,-1.E0));
#8832=AXIS2_PLACEMENT_3D('',#8829,#8830,#8831);
#8833=PLANE('',#8832);
#8835=ORIENTED_EDGE('',*,*,#8834,.F.);
#8837=ORIENTED_EDGE('',*,*,#8836,.T.);
#8838=ORIENTED_EDGE('',*,*,#6154,.T.);
#8840=ORIENTED_EDGE('',*,*,#8839,.T.);
#8841=EDGE_LOOP('',(#8835,#8837,#8838,#8840));
#8842=FACE_OUTER_BOUND('',#8841,.F.);
#8843=ADVANCED_FACE('',(#8842),#8833,.F.);
#8844=CARTESIAN_POINT('',(-3.25E0,0.E0,0.E0));
#8845=DIRECTION('',(1.E0,0.E0,0.E0));
#8846=DIRECTION('',(0.E0,0.E0,-1.E0));
#8847=AXIS2_PLACEMENT_3D('',#8844,#8845,#8846);
#8848=PLANE('',#8847);
#8850=ORIENTED_EDGE('',*,*,#8849,.F.);
#8852=ORIENTED_EDGE('',*,*,#8851,.T.);
#8853=ORIENTED_EDGE('',*,*,#6144,.T.);
#8855=ORIENTED_EDGE('',*,*,#8854,.T.);
#8856=EDGE_LOOP('',(#8850,#8852,#8853,#8855));
#8857=FACE_OUTER_BOUND('',#8856,.F.);
#8858=ADVANCED_FACE('',(#8857),#8848,.F.);
#8859=CARTESIAN_POINT('',(-3.25E0,0.E0,0.E0));
#8860=DIRECTION('',(1.E0,0.E0,0.E0));
#8861=DIRECTION('',(0.E0,0.E0,-1.E0));
#8862=AXIS2_PLACEMENT_3D('',#8859,#8860,#8861);
#8863=PLANE('',#8862);
#8865=ORIENTED_EDGE('',*,*,#8864,.F.);
#8867=ORIENTED_EDGE('',*,*,#8866,.T.);
#8869=ORIENTED_EDGE('',*,*,#8868,.T.);
#8871=ORIENTED_EDGE('',*,*,#8870,.T.);
#8872=ORIENTED_EDGE('',*,*,#6600,.T.);
#8874=ORIENTED_EDGE('',*,*,#8873,.T.);
#8876=ORIENTED_EDGE('',*,*,#8875,.T.);
#8878=ORIENTED_EDGE('',*,*,#8877,.T.);
#8879=EDGE_LOOP('',(#8865,#8867,#8869,#8871,#8872,#8874,#8876,#8878));
#8880=FACE_OUTER_BOUND('',#8879,.F.);
#8881=ADVANCED_FACE('',(#8880),#8863,.F.);
#8882=CARTESIAN_POINT('',(-3.25E0,0.E0,0.E0));
#8883=DIRECTION('',(1.E0,0.E0,0.E0));
#8884=DIRECTION('',(0.E0,0.E0,-1.E0));
#8885=AXIS2_PLACEMENT_3D('',#8882,#8883,#8884);
#8886=PLANE('',#8885);
#8888=ORIENTED_EDGE('',*,*,#8887,.F.);
#8890=ORIENTED_EDGE('',*,*,#8889,.T.);
#8892=ORIENTED_EDGE('',*,*,#8891,.T.);
#8894=ORIENTED_EDGE('',*,*,#8893,.T.);
#8895=ORIENTED_EDGE('',*,*,#6590,.T.);
#8897=ORIENTED_EDGE('',*,*,#8896,.T.);
#8899=ORIENTED_EDGE('',*,*,#8898,.T.);
#8901=ORIENTED_EDGE('',*,*,#8900,.T.);
#8902=EDGE_LOOP('',(#8888,#8890,#8892,#8894,#8895,#8897,#8899,#8901));
#8903=FACE_OUTER_BOUND('',#8902,.F.);
#8904=ADVANCED_FACE('',(#8903),#8886,.F.);
#8905=CARTESIAN_POINT('',(-3.175E0,2.6E0,-1.E0));
#8906=DIRECTION('',(-9.701425001453E-1,2.425356250363E-1,0.E0));
#8907=DIRECTION('',(2.425356250363E-1,9.701425001453E-1,0.E0));
#8908=AXIS2_PLACEMENT_3D('',#8905,#8906,#8907);
#8909=PLANE('',#8908);
#8910=ORIENTED_EDGE('',*,*,#8834,.T.);
#8912=ORIENTED_EDGE('',*,*,#8911,.F.);
#8914=ORIENTED_EDGE('',*,*,#8913,.F.);
#8916=ORIENTED_EDGE('',*,*,#8915,.T.);
#8917=EDGE_LOOP('',(#8910,#8912,#8914,#8916));
#8918=FACE_OUTER_BOUND('',#8917,.F.);
#8919=ADVANCED_FACE('',(#8918),#8909,.T.);
#8920=CARTESIAN_POINT('',(-3.E0,2.6E0,-1.175E0));
#8921=DIRECTION('',(0.E0,2.425356250363E-1,-9.701425001453E-1));
#8922=DIRECTION('',(0.E0,-9.701425001453E-1,-2.425356250363E-1));
#8923=AXIS2_PLACEMENT_3D('',#8920,#8921,#8922);
#8924=PLANE('',#8923);
#8926=ORIENTED_EDGE('',*,*,#8925,.F.);
#8928=ORIENTED_EDGE('',*,*,#8927,.F.);
#8930=ORIENTED_EDGE('',*,*,#8929,.T.);
#8931=ORIENTED_EDGE('',*,*,#8911,.T.);
#8932=EDGE_LOOP('',(#8926,#8928,#8930,#8931));
#8933=FACE_OUTER_BOUND('',#8932,.F.);
#8934=ADVANCED_FACE('',(#8933),#8924,.T.);
#8935=CARTESIAN_POINT('',(-3.25E0,-3.7E0,-1.25E0));
#8936=DIRECTION('',(0.E0,0.E0,-1.E0));
#8937=DIRECTION('',(0.E0,1.E0,0.E0));
#8938=AXIS2_PLACEMENT_3D('',#8935,#8936,#8937);
#8939=PLANE('',#8938);
#8940=ORIENTED_EDGE('',*,*,#8893,.F.);
#8942=ORIENTED_EDGE('',*,*,#8941,.T.);
#8944=ORIENTED_EDGE('',*,*,#8943,.T.);
#8945=ORIENTED_EDGE('',*,*,#6592,.F.);
#8946=EDGE_LOOP('',(#8940,#8942,#8944,#8945));
#8947=FACE_OUTER_BOUND('',#8946,.F.);
#8948=ADVANCED_FACE('',(#8947),#8939,.T.);
#8949=CARTESIAN_POINT('',(-3.25E0,-3.7E0,-1.25E0));
#8950=DIRECTION('',(0.E0,0.E0,-1.E0));
#8951=DIRECTION('',(0.E0,1.E0,0.E0));
#8952=AXIS2_PLACEMENT_3D('',#8949,#8950,#8951);
#8953=PLANE('',#8952);
#8954=ORIENTED_EDGE('',*,*,#8925,.T.);
#8955=ORIENTED_EDGE('',*,*,#8839,.F.);
#8956=ORIENTED_EDGE('',*,*,#6160,.T.);
#8958=ORIENTED_EDGE('',*,*,#8957,.T.);
#8959=EDGE_LOOP('',(#8954,#8955,#8956,#8958));
#8960=FACE_OUTER_BOUND('',#8959,.F.);
#8961=ADVANCED_FACE('',(#8960),#8953,.T.);
#8962=CARTESIAN_POINT('',(-3.25E0,-3.7E0,-1.45E0));
#8963=DIRECTION('',(1.E0,0.E0,0.E0));
#8964=DIRECTION('',(0.E0,0.E0,-1.E0));
#8965=AXIS2_PLACEMENT_3D('',#8962,#8963,#8964);
#8966=CYLINDRICAL_SURFACE('',#8965,2.E-1);
#8967=ORIENTED_EDGE('',*,*,#8891,.F.);
#8969=ORIENTED_EDGE('',*,*,#8968,.T.);
#8971=ORIENTED_EDGE('',*,*,#8970,.T.);
#8972=ORIENTED_EDGE('',*,*,#8941,.F.);
#8973=EDGE_LOOP('',(#8967,#8969,#8971,#8972));
#8974=FACE_OUTER_BOUND('',#8973,.F.);
#8975=ADVANCED_FACE('',(#8974),#8966,.F.);
#8976=CARTESIAN_POINT('',(-3.25E0,-3.9E0,-2.65E0));
#8977=DIRECTION('',(0.E0,1.E0,0.E0));
#8978=DIRECTION('',(0.E0,0.E0,1.E0));
#8979=AXIS2_PLACEMENT_3D('',#8976,#8977,#8978);
#8980=PLANE('',#8979);
#8982=ORIENTED_EDGE('',*,*,#8981,.F.);
#8984=ORIENTED_EDGE('',*,*,#8983,.T.);
#8985=ORIENTED_EDGE('',*,*,#8968,.F.);
#8986=ORIENTED_EDGE('',*,*,#8889,.F.);
#8987=EDGE_LOOP('',(#8982,#8984,#8985,#8986));
#8988=FACE_OUTER_BOUND('',#8987,.F.);
#8989=ADVANCED_FACE('',(#8988),#8980,.T.);
#8990=CARTESIAN_POINT('',(-3.E0,-3.975E0,-2.35E0));
#8991=DIRECTION('',(0.E0,9.701425001453E-1,-2.425356250363E-1));
#8992=DIRECTION('',(0.E0,-2.425356250363E-1,-9.701425001453E-1));
#8993=AXIS2_PLACEMENT_3D('',#8990,#8991,#8992);
#8994=PLANE('',#8993);
#8995=ORIENTED_EDGE('',*,*,#8981,.T.);
#8997=ORIENTED_EDGE('',*,*,#8996,.F.);
#8999=ORIENTED_EDGE('',*,*,#8998,.F.);
#9001=ORIENTED_EDGE('',*,*,#9000,.F.);
#9002=EDGE_LOOP('',(#8995,#8997,#8999,#9001));
#9003=FACE_OUTER_BOUND('',#9002,.F.);
#9004=ADVANCED_FACE('',(#9003),#8994,.T.);
#9005=CARTESIAN_POINT('',(-3.175E0,-4.15E0,-2.35E0));
#9006=DIRECTION('',(-9.701425001453E-1,0.E0,-2.425356250363E-1));
#9007=DIRECTION('',(2.425356250363E-1,0.E0,-9.701425001453E-1));
#9008=AXIS2_PLACEMENT_3D('',#9005,#9006,#9007);
#9009=PLANE('',#9008);
#9010=ORIENTED_EDGE('',*,*,#8887,.T.);
#9012=ORIENTED_EDGE('',*,*,#9011,.F.);
#9014=ORIENTED_EDGE('',*,*,#9013,.F.);
#9015=ORIENTED_EDGE('',*,*,#8996,.T.);
#9016=EDGE_LOOP('',(#9010,#9012,#9014,#9015));
#9017=FACE_OUTER_BOUND('',#9016,.F.);
#9018=ADVANCED_FACE('',(#9017),#9009,.T.);
#9019=CARTESIAN_POINT('',(-3.E0,-4.325E0,-2.35E0));
#9020=DIRECTION('',(0.E0,-9.701425001453E-1,-2.425356250363E-1));
#9021=DIRECTION('',(0.E0,-2.425356250363E-1,9.701425001453E-1));
#9022=AXIS2_PLACEMENT_3D('',#9019,#9020,#9021);
#9023=PLANE('',#9022);
#9025=ORIENTED_EDGE('',*,*,#9024,.F.);
#9027=ORIENTED_EDGE('',*,*,#9026,.F.);
#9029=ORIENTED_EDGE('',*,*,#9028,.T.);
#9030=ORIENTED_EDGE('',*,*,#9011,.T.);
#9031=EDGE_LOOP('',(#9025,#9027,#9029,#9030));
#9032=FACE_OUTER_BOUND('',#9031,.F.);
#9033=ADVANCED_FACE('',(#9032),#9023,.T.);
#9034=CARTESIAN_POINT('',(-3.25E0,-4.4E0,-1.45E0));
#9035=DIRECTION('',(0.E0,-1.E0,0.E0));
#9036=DIRECTION('',(0.E0,0.E0,-1.E0));
#9037=AXIS2_PLACEMENT_3D('',#9034,#9035,#9036);
#9038=PLANE('',#9037);
#9039=ORIENTED_EDGE('',*,*,#9024,.T.);
#9040=ORIENTED_EDGE('',*,*,#8900,.F.);
#9042=ORIENTED_EDGE('',*,*,#9041,.T.);
#9044=ORIENTED_EDGE('',*,*,#9043,.T.);
#9045=EDGE_LOOP('',(#9039,#9040,#9042,#9044));
#9046=FACE_OUTER_BOUND('',#9045,.F.);
#9047=ADVANCED_FACE('',(#9046),#9038,.T.);
#9048=CARTESIAN_POINT('',(-3.25E0,-3.7E0,-1.45E0));
#9049=DIRECTION('',(1.E0,0.E0,0.E0));
#9050=DIRECTION('',(0.E0,0.E0,-1.E0));
#9051=AXIS2_PLACEMENT_3D('',#9048,#9049,#9050);
#9052=CYLINDRICAL_SURFACE('',#9051,7.E-1);
#9053=ORIENTED_EDGE('',*,*,#8898,.F.);
#9055=ORIENTED_EDGE('',*,*,#9054,.T.);
#9057=ORIENTED_EDGE('',*,*,#9056,.T.);
#9058=ORIENTED_EDGE('',*,*,#9041,.F.);
#9059=EDGE_LOOP('',(#9053,#9055,#9057,#9058));
#9060=FACE_OUTER_BOUND('',#9059,.F.);
#9061=ADVANCED_FACE('',(#9060),#9052,.T.);
#9062=CARTESIAN_POINT('',(-3.25E0,2.9E0,-7.5E-1));
#9063=DIRECTION('',(0.E0,0.E0,1.E0));
#9064=DIRECTION('',(0.E0,-1.E0,0.E0));
#9065=AXIS2_PLACEMENT_3D('',#9062,#9063,#9064);
#9066=PLANE('',#9065);
#9067=ORIENTED_EDGE('',*,*,#8896,.F.);
#9068=ORIENTED_EDGE('',*,*,#6596,.T.);
#9070=ORIENTED_EDGE('',*,*,#9069,.T.);
#9071=ORIENTED_EDGE('',*,*,#9054,.F.);
#9072=EDGE_LOOP('',(#9067,#9068,#9070,#9071));
#9073=FACE_OUTER_BOUND('',#9072,.F.);
#9074=ADVANCED_FACE('',(#9073),#9066,.T.);
#9075=CARTESIAN_POINT('',(-3.25E0,2.9E0,-7.5E-1));
#9076=DIRECTION('',(0.E0,0.E0,1.E0));
#9077=DIRECTION('',(0.E0,-1.E0,0.E0));
#9078=AXIS2_PLACEMENT_3D('',#9075,#9076,#9077);
#9079=PLANE('',#9078);
#9081=ORIENTED_EDGE('',*,*,#9080,.F.);
#9083=ORIENTED_EDGE('',*,*,#9082,.T.);
#9084=ORIENTED_EDGE('',*,*,#6156,.F.);
#9085=ORIENTED_EDGE('',*,*,#8836,.F.);
#9086=EDGE_LOOP('',(#9081,#9083,#9084,#9085));
#9087=FACE_OUTER_BOUND('',#9086,.F.);
#9088=ADVANCED_FACE('',(#9087),#9079,.T.);
#9089=CARTESIAN_POINT('',(-2.75E0,0.E0,0.E0));
#9090=DIRECTION('',(1.E0,0.E0,0.E0));
#9091=DIRECTION('',(0.E0,0.E0,-1.E0));
#9092=AXIS2_PLACEMENT_3D('',#9089,#9090,#9091);
#9093=PLANE('',#9092);
#9095=ORIENTED_EDGE('',*,*,#9094,.F.);
#9096=ORIENTED_EDGE('',*,*,#8957,.F.);
#9097=ORIENTED_EDGE('',*,*,#6158,.F.);
#9098=ORIENTED_EDGE('',*,*,#9082,.F.);
#9099=EDGE_LOOP('',(#9095,#9096,#9097,#9098));
#9100=FACE_OUTER_BOUND('',#9099,.F.);
#9101=ADVANCED_FACE('',(#9100),#9093,.T.);
#9102=CARTESIAN_POINT('',(-2.75E0,0.E0,0.E0));
#9103=DIRECTION('',(1.E0,0.E0,0.E0));
#9104=DIRECTION('',(0.E0,0.E0,-1.E0));
#9105=AXIS2_PLACEMENT_3D('',#9102,#9103,#9104);
#9106=PLANE('',#9105);
#9108=ORIENTED_EDGE('',*,*,#9107,.F.);
#9110=ORIENTED_EDGE('',*,*,#9109,.F.);
#9111=ORIENTED_EDGE('',*,*,#6148,.F.);
#9113=ORIENTED_EDGE('',*,*,#9112,.F.);
#9114=EDGE_LOOP('',(#9108,#9110,#9111,#9113));
#9115=FACE_OUTER_BOUND('',#9114,.F.);
#9116=ADVANCED_FACE('',(#9115),#9106,.T.);
#9117=CARTESIAN_POINT('',(-2.75E0,0.E0,0.E0));
#9118=DIRECTION('',(1.E0,0.E0,0.E0));
#9119=DIRECTION('',(0.E0,0.E0,-1.E0));
#9120=AXIS2_PLACEMENT_3D('',#9117,#9118,#9119);
#9121=PLANE('',#9120);
#9123=ORIENTED_EDGE('',*,*,#9122,.F.);
#9125=ORIENTED_EDGE('',*,*,#9124,.F.);
#9127=ORIENTED_EDGE('',*,*,#9126,.F.);
#9129=ORIENTED_EDGE('',*,*,#9128,.F.);
#9130=ORIENTED_EDGE('',*,*,#6604,.F.);
#9132=ORIENTED_EDGE('',*,*,#9131,.F.);
#9134=ORIENTED_EDGE('',*,*,#9133,.F.);
#9136=ORIENTED_EDGE('',*,*,#9135,.F.);
#9137=EDGE_LOOP('',(#9123,#9125,#9127,#9129,#9130,#9132,#9134,#9136));
#9138=FACE_OUTER_BOUND('',#9137,.F.);
#9139=ADVANCED_FACE('',(#9138),#9121,.T.);
#9140=CARTESIAN_POINT('',(-2.75E0,0.E0,0.E0));
#9141=DIRECTION('',(1.E0,0.E0,0.E0));
#9142=DIRECTION('',(0.E0,0.E0,-1.E0));
#9143=AXIS2_PLACEMENT_3D('',#9140,#9141,#9142);
#9144=PLANE('',#9143);
#9146=ORIENTED_EDGE('',*,*,#9145,.F.);
#9147=ORIENTED_EDGE('',*,*,#9043,.F.);
#9148=ORIENTED_EDGE('',*,*,#9056,.F.);
#9149=ORIENTED_EDGE('',*,*,#9069,.F.);
#9150=ORIENTED_EDGE('',*,*,#6594,.F.);
#9151=ORIENTED_EDGE('',*,*,#8943,.F.);
#9152=ORIENTED_EDGE('',*,*,#8970,.F.);
#9153=ORIENTED_EDGE('',*,*,#8983,.F.);
#9154=EDGE_LOOP('',(#9146,#9147,#9148,#9149,#9150,#9151,#9152,#9153));
#9155=FACE_OUTER_BOUND('',#9154,.F.);
#9156=ADVANCED_FACE('',(#9155),#9144,.T.);
#9157=CARTESIAN_POINT('',(-2.825E0,2.6E0,-1.E0));
#9158=DIRECTION('',(9.701425001453E-1,2.425356250363E-1,0.E0));
#9159=DIRECTION('',(-2.425356250363E-1,9.701425001453E-1,0.E0));
#9160=AXIS2_PLACEMENT_3D('',#9157,#9158,#9159);
#9161=PLANE('',#9160);
#9163=ORIENTED_EDGE('',*,*,#9162,.F.);
#9164=ORIENTED_EDGE('',*,*,#8927,.T.);
#9165=ORIENTED_EDGE('',*,*,#9094,.T.);
#9167=ORIENTED_EDGE('',*,*,#9166,.T.);
#9168=EDGE_LOOP('',(#9163,#9164,#9165,#9167));
#9169=FACE_OUTER_BOUND('',#9168,.F.);
#9170=ADVANCED_FACE('',(#9169),#9161,.T.);
#9171=CARTESIAN_POINT('',(-3.25E0,2.9E0,-1.25E0));
#9172=DIRECTION('',(0.E0,1.E0,0.E0));
#9173=DIRECTION('',(0.E0,0.E0,1.E0));
#9174=AXIS2_PLACEMENT_3D('',#9171,#9172,#9173);
#9175=PLANE('',#9174);
#9177=ORIENTED_EDGE('',*,*,#9176,.T.);
#9178=ORIENTED_EDGE('',*,*,#8913,.T.);
#9179=ORIENTED_EDGE('',*,*,#8929,.F.);
#9180=ORIENTED_EDGE('',*,*,#9162,.T.);
#9181=EDGE_LOOP('',(#9177,#9178,#9179,#9180));
#9182=FACE_OUTER_BOUND('',#9181,.F.);
#9183=ADVANCED_FACE('',(#9182),#9175,.T.);
#9184=CARTESIAN_POINT('',(-3.E0,2.6E0,-8.25E-1));
#9185=DIRECTION('',(0.E0,2.425356250363E-1,9.701425001453E-1));
#9186=DIRECTION('',(0.E0,9.701425001453E-1,-2.425356250363E-1));
#9187=AXIS2_PLACEMENT_3D('',#9184,#9185,#9186);
#9188=PLANE('',#9187);
#9189=ORIENTED_EDGE('',*,*,#9080,.T.);
#9190=ORIENTED_EDGE('',*,*,#8915,.F.);
#9191=ORIENTED_EDGE('',*,*,#9176,.F.);
#9192=ORIENTED_EDGE('',*,*,#9166,.F.);
#9193=EDGE_LOOP('',(#9189,#9190,#9191,#9192));
#9194=FACE_OUTER_BOUND('',#9193,.F.);
#9195=ADVANCED_FACE('',(#9194),#9188,.T.);
#9196=CARTESIAN_POINT('',(-2.825E0,2.6E0,1.E0));
#9197=DIRECTION('',(9.701425001453E-1,2.425356250363E-1,0.E0));
#9198=DIRECTION('',(-2.425356250363E-1,9.701425001453E-1,0.E0));
#9199=AXIS2_PLACEMENT_3D('',#9196,#9197,#9198);
#9200=PLANE('',#9199);
#9202=ORIENTED_EDGE('',*,*,#9201,.F.);
#9204=ORIENTED_EDGE('',*,*,#9203,.T.);
#9205=ORIENTED_EDGE('',*,*,#9107,.T.);
#9207=ORIENTED_EDGE('',*,*,#9206,.F.);
#9208=EDGE_LOOP('',(#9202,#9204,#9205,#9207));
#9209=FACE_OUTER_BOUND('',#9208,.F.);
#9210=ADVANCED_FACE('',(#9209),#9200,.T.);
#9211=CARTESIAN_POINT('',(-3.25E0,2.9E0,7.5E-1));
#9212=DIRECTION('',(0.E0,1.E0,0.E0));
#9213=DIRECTION('',(0.E0,0.E0,1.E0));
#9214=AXIS2_PLACEMENT_3D('',#9211,#9212,#9213);
#9215=PLANE('',#9214);
#9217=ORIENTED_EDGE('',*,*,#9216,.T.);
#9219=ORIENTED_EDGE('',*,*,#9218,.T.);
#9221=ORIENTED_EDGE('',*,*,#9220,.F.);
#9222=ORIENTED_EDGE('',*,*,#9201,.T.);
#9223=EDGE_LOOP('',(#9217,#9219,#9221,#9222));
#9224=FACE_OUTER_BOUND('',#9223,.F.);
#9225=ADVANCED_FACE('',(#9224),#9215,.T.);
#9226=CARTESIAN_POINT('',(-3.E0,2.6E0,1.175E0));
#9227=DIRECTION('',(0.E0,2.425356250363E-1,9.701425001453E-1));
#9228=DIRECTION('',(0.E0,9.701425001453E-1,-2.425356250363E-1));
#9229=AXIS2_PLACEMENT_3D('',#9226,#9227,#9228);
#9230=PLANE('',#9229);
#9232=ORIENTED_EDGE('',*,*,#9231,.T.);
#9234=ORIENTED_EDGE('',*,*,#9233,.F.);
#9235=ORIENTED_EDGE('',*,*,#9216,.F.);
#9236=ORIENTED_EDGE('',*,*,#9206,.T.);
#9237=EDGE_LOOP('',(#9232,#9234,#9235,#9236));
#9238=FACE_OUTER_BOUND('',#9237,.F.);
#9239=ADVANCED_FACE('',(#9238),#9230,.T.);
#9240=CARTESIAN_POINT('',(-3.25E0,2.9E0,1.25E0));
#9241=DIRECTION('',(0.E0,0.E0,1.E0));
#9242=DIRECTION('',(0.E0,-1.E0,0.E0));
#9243=AXIS2_PLACEMENT_3D('',#9240,#9241,#9242);
#9244=PLANE('',#9243);
#9245=ORIENTED_EDGE('',*,*,#8873,.F.);
#9246=ORIENTED_EDGE('',*,*,#6606,.T.);
#9247=ORIENTED_EDGE('',*,*,#9128,.T.);
#9249=ORIENTED_EDGE('',*,*,#9248,.F.);
#9250=EDGE_LOOP('',(#9245,#9246,#9247,#9249));
#9251=FACE_OUTER_BOUND('',#9250,.F.);
#9252=ADVANCED_FACE('',(#9251),#9244,.T.);
#9253=CARTESIAN_POINT('',(-3.25E0,2.9E0,1.25E0));
#9254=DIRECTION('',(0.E0,0.E0,1.E0));
#9255=DIRECTION('',(0.E0,-1.E0,0.E0));
#9256=AXIS2_PLACEMENT_3D('',#9253,#9254,#9255);
#9257=PLANE('',#9256);
#9258=ORIENTED_EDGE('',*,*,#9231,.F.);
#9259=ORIENTED_EDGE('',*,*,#9112,.T.);
#9260=ORIENTED_EDGE('',*,*,#6146,.F.);
#9261=ORIENTED_EDGE('',*,*,#8851,.F.);
#9262=EDGE_LOOP('',(#9258,#9259,#9260,#9261));
#9263=FACE_OUTER_BOUND('',#9262,.F.);
#9264=ADVANCED_FACE('',(#9263),#9257,.T.);
#9265=CARTESIAN_POINT('',(-3.25E0,-3.7E0,1.45E0));
#9266=DIRECTION('',(1.E0,0.E0,0.E0));
#9267=DIRECTION('',(0.E0,0.E0,-1.E0));
#9268=AXIS2_PLACEMENT_3D('',#9265,#9266,#9267);
#9269=CYLINDRICAL_SURFACE('',#9268,2.E-1);
#9270=ORIENTED_EDGE('',*,*,#8875,.F.);
#9271=ORIENTED_EDGE('',*,*,#9248,.T.);
#9272=ORIENTED_EDGE('',*,*,#9126,.T.);
#9274=ORIENTED_EDGE('',*,*,#9273,.F.);
#9275=EDGE_LOOP('',(#9270,#9271,#9272,#9274));
#9276=FACE_OUTER_BOUND('',#9275,.F.);
#9277=ADVANCED_FACE('',(#9276),#9269,.F.);
#9278=CARTESIAN_POINT('',(-3.25E0,-3.9E0,1.45E0));
#9279=DIRECTION('',(0.E0,1.E0,0.E0));
#9280=DIRECTION('',(0.E0,0.E0,1.E0));
#9281=AXIS2_PLACEMENT_3D('',#9278,#9279,#9280);
#9282=PLANE('',#9281);
#9284=ORIENTED_EDGE('',*,*,#9283,.T.);
#9285=ORIENTED_EDGE('',*,*,#8877,.F.);
#9286=ORIENTED_EDGE('',*,*,#9273,.T.);
#9287=ORIENTED_EDGE('',*,*,#9124,.T.);
#9288=EDGE_LOOP('',(#9284,#9285,#9286,#9287));
#9289=FACE_OUTER_BOUND('',#9288,.F.);
#9290=ADVANCED_FACE('',(#9289),#9282,.T.);
#9291=CARTESIAN_POINT('',(-3.E0,-3.975E0,2.35E0));
#9292=DIRECTION('',(0.E0,9.701425001453E-1,2.425356250363E-1));
#9293=DIRECTION('',(0.E0,2.425356250363E-1,-9.701425001453E-1));
#9294=AXIS2_PLACEMENT_3D('',#9291,#9292,#9293);
#9295=PLANE('',#9294);
#9296=ORIENTED_EDGE('',*,*,#9283,.F.);
#9298=ORIENTED_EDGE('',*,*,#9297,.F.);
#9300=ORIENTED_EDGE('',*,*,#9299,.T.);
#9302=ORIENTED_EDGE('',*,*,#9301,.T.);
#9303=EDGE_LOOP('',(#9296,#9298,#9300,#9302));
#9304=FACE_OUTER_BOUND('',#9303,.F.);
#9305=ADVANCED_FACE('',(#9304),#9295,.T.);
#9306=CARTESIAN_POINT('',(-2.825E0,-4.15E0,2.35E0));
#9307=DIRECTION('',(9.701425001453E-1,0.E0,2.425356250363E-1));
#9308=DIRECTION('',(-2.425356250363E-1,0.E0,9.701425001453E-1));
#9309=AXIS2_PLACEMENT_3D('',#9306,#9307,#9308);
#9310=PLANE('',#9309);
#9312=ORIENTED_EDGE('',*,*,#9311,.F.);
#9313=ORIENTED_EDGE('',*,*,#9297,.T.);
#9314=ORIENTED_EDGE('',*,*,#9122,.T.);
#9316=ORIENTED_EDGE('',*,*,#9315,.T.);
#9317=EDGE_LOOP('',(#9312,#9313,#9314,#9316));
#9318=FACE_OUTER_BOUND('',#9317,.F.);
#9319=ADVANCED_FACE('',(#9318),#9310,.T.);
#9320=CARTESIAN_POINT('',(-3.25E0,-3.9E0,2.65E0));
#9321=DIRECTION('',(0.E0,0.E0,1.E0));
#9322=DIRECTION('',(0.E0,-1.E0,0.E0));
#9323=AXIS2_PLACEMENT_3D('',#9320,#9321,#9322);
#9324=PLANE('',#9323);
#9326=ORIENTED_EDGE('',*,*,#9325,.T.);
#9328=ORIENTED_EDGE('',*,*,#9327,.T.);
#9329=ORIENTED_EDGE('',*,*,#9299,.F.);
#9330=ORIENTED_EDGE('',*,*,#9311,.T.);
#9331=EDGE_LOOP('',(#9326,#9328,#9329,#9330));
#9332=FACE_OUTER_BOUND('',#9331,.F.);
#9333=ADVANCED_FACE('',(#9332),#9324,.T.);
#9334=CARTESIAN_POINT('',(-3.E0,-4.325E0,2.35E0));
#9335=DIRECTION('',(0.E0,-9.701425001453E-1,2.425356250363E-1));
#9336=DIRECTION('',(0.E0,2.425356250363E-1,9.701425001453E-1));
#9337=AXIS2_PLACEMENT_3D('',#9334,#9335,#9336);
#9338=PLANE('',#9337);
#9340=ORIENTED_EDGE('',*,*,#9339,.T.);
#9342=ORIENTED_EDGE('',*,*,#9341,.F.);
#9343=ORIENTED_EDGE('',*,*,#9325,.F.);
#9344=ORIENTED_EDGE('',*,*,#9315,.F.);
#9345=EDGE_LOOP('',(#9340,#9342,#9343,#9344));
#9346=FACE_OUTER_BOUND('',#9345,.F.);
#9347=ADVANCED_FACE('',(#9346),#9338,.T.);
#9348=CARTESIAN_POINT('',(-3.25E0,-4.4E0,2.65E0));
#9349=DIRECTION('',(0.E0,-1.E0,0.E0));
#9350=DIRECTION('',(0.E0,0.E0,-1.E0));
#9351=AXIS2_PLACEMENT_3D('',#9348,#9349,#9350);
#9352=PLANE('',#9351);
#9353=ORIENTED_EDGE('',*,*,#9339,.F.);
#9354=ORIENTED_EDGE('',*,*,#9135,.T.);
#9356=ORIENTED_EDGE('',*,*,#9355,.F.);
#9357=ORIENTED_EDGE('',*,*,#8866,.F.);
#9358=EDGE_LOOP('',(#9353,#9354,#9356,#9357));
#9359=FACE_OUTER_BOUND('',#9358,.F.);
#9360=ADVANCED_FACE('',(#9359),#9352,.T.);
#9361=CARTESIAN_POINT('',(-3.25E0,-3.7E0,1.45E0));
#9362=DIRECTION('',(1.E0,0.E0,0.E0));
#9363=DIRECTION('',(0.E0,0.E0,-1.E0));
#9364=AXIS2_PLACEMENT_3D('',#9361,#9362,#9363);
#9365=CYLINDRICAL_SURFACE('',#9364,7.E-1);
#9366=ORIENTED_EDGE('',*,*,#8868,.F.);
#9367=ORIENTED_EDGE('',*,*,#9355,.T.);
#9368=ORIENTED_EDGE('',*,*,#9133,.T.);
#9370=ORIENTED_EDGE('',*,*,#9369,.F.);
#9371=EDGE_LOOP('',(#9366,#9367,#9368,#9370));
#9372=FACE_OUTER_BOUND('',#9371,.F.);
#9373=ADVANCED_FACE('',(#9372),#9365,.T.);
#9374=CARTESIAN_POINT('',(-3.25E0,-3.7E0,7.5E-1));
#9375=DIRECTION('',(0.E0,0.E0,-1.E0));
#9376=DIRECTION('',(0.E0,1.E0,0.E0));
#9377=AXIS2_PLACEMENT_3D('',#9374,#9375,#9376);
#9378=PLANE('',#9377);
#9379=ORIENTED_EDGE('',*,*,#8870,.F.);
#9380=ORIENTED_EDGE('',*,*,#9369,.T.);
#9381=ORIENTED_EDGE('',*,*,#9131,.T.);
#9382=ORIENTED_EDGE('',*,*,#6602,.F.);
#9383=EDGE_LOOP('',(#9379,#9380,#9381,#9382));
#9384=FACE_OUTER_BOUND('',#9383,.F.);
#9385=ADVANCED_FACE('',(#9384),#9378,.T.);
#9386=CARTESIAN_POINT('',(-3.25E0,-3.7E0,7.5E-1));
#9387=DIRECTION('',(0.E0,0.E0,-1.E0));
#9388=DIRECTION('',(0.E0,1.E0,0.E0));
#9389=AXIS2_PLACEMENT_3D('',#9386,#9387,#9388);
#9390=PLANE('',#9389);
#9392=ORIENTED_EDGE('',*,*,#9391,.T.);
#9393=ORIENTED_EDGE('',*,*,#8854,.F.);
#9394=ORIENTED_EDGE('',*,*,#6150,.T.);
#9395=ORIENTED_EDGE('',*,*,#9109,.T.);
#9396=EDGE_LOOP('',(#9392,#9393,#9394,#9395));
#9397=FACE_OUTER_BOUND('',#9396,.F.);
#9398=ADVANCED_FACE('',(#9397),#9390,.T.);
#9399=CARTESIAN_POINT('',(-3.E0,2.6E0,8.25E-1));
#9400=DIRECTION('',(0.E0,2.425356250363E-1,-9.701425001453E-1));
#9401=DIRECTION('',(0.E0,-9.701425001453E-1,-2.425356250363E-1));
#9402=AXIS2_PLACEMENT_3D('',#9399,#9400,#9401);
#9403=PLANE('',#9402);
#9404=ORIENTED_EDGE('',*,*,#9391,.F.);
#9405=ORIENTED_EDGE('',*,*,#9203,.F.);
#9406=ORIENTED_EDGE('',*,*,#9220,.T.);
#9408=ORIENTED_EDGE('',*,*,#9407,.T.);
#9409=EDGE_LOOP('',(#9404,#9405,#9406,#9408));
#9410=FACE_OUTER_BOUND('',#9409,.F.);
#9411=ADVANCED_FACE('',(#9410),#9403,.T.);
#9412=CARTESIAN_POINT('',(-3.175E0,2.6E0,1.E0));
#9413=DIRECTION('',(-9.701425001453E-1,2.425356250363E-1,0.E0));
#9414=DIRECTION('',(2.425356250363E-1,9.701425001453E-1,0.E0));
#9415=AXIS2_PLACEMENT_3D('',#9412,#9413,#9414);
#9416=PLANE('',#9415);
#9417=ORIENTED_EDGE('',*,*,#8849,.T.);
#9418=ORIENTED_EDGE('',*,*,#9407,.F.);
#9419=ORIENTED_EDGE('',*,*,#9218,.F.);
#9420=ORIENTED_EDGE('',*,*,#9233,.T.);
#9421=EDGE_LOOP('',(#9417,#9418,#9419,#9420));
#9422=FACE_OUTER_BOUND('',#9421,.F.);
#9423=ADVANCED_FACE('',(#9422),#9416,.T.);
#9424=CARTESIAN_POINT('',(-3.175E0,-4.15E0,2.35E0));
#9425=DIRECTION('',(-9.701425001453E-1,0.E0,2.425356250363E-1));
#9426=DIRECTION('',(2.425356250363E-1,0.E0,9.701425001453E-1));
#9427=AXIS2_PLACEMENT_3D('',#9424,#9425,#9426);
#9428=PLANE('',#9427);
#9429=ORIENTED_EDGE('',*,*,#8864,.T.);
#9430=ORIENTED_EDGE('',*,*,#9301,.F.);
#9431=ORIENTED_EDGE('',*,*,#9327,.F.);
#9432=ORIENTED_EDGE('',*,*,#9341,.T.);
#9433=EDGE_LOOP('',(#9429,#9430,#9431,#9432));
#9434=FACE_OUTER_BOUND('',#9433,.F.);
#9435=ADVANCED_FACE('',(#9434),#9428,.T.);
#9436=CARTESIAN_POINT('',(-2.825E0,-4.15E0,-2.35E0));
#9437=DIRECTION('',(9.701425001453E-1,0.E0,-2.425356250363E-1));
#9438=DIRECTION('',(-2.425356250363E-1,0.E0,-9.701425001453E-1));
#9439=AXIS2_PLACEMENT_3D('',#9436,#9437,#9438);
#9440=PLANE('',#9439);
#9442=ORIENTED_EDGE('',*,*,#9441,.F.);
#9443=ORIENTED_EDGE('',*,*,#9026,.T.);
#9444=ORIENTED_EDGE('',*,*,#9145,.T.);
#9445=ORIENTED_EDGE('',*,*,#9000,.T.);
#9446=EDGE_LOOP('',(#9442,#9443,#9444,#9445));
#9447=FACE_OUTER_BOUND('',#9446,.F.);
#9448=ADVANCED_FACE('',(#9447),#9440,.T.);
#9449=CARTESIAN_POINT('',(-3.25E0,-4.4E0,-2.65E0));
#9450=DIRECTION('',(0.E0,0.E0,-1.E0));
#9451=DIRECTION('',(0.E0,1.E0,0.E0));
#9452=AXIS2_PLACEMENT_3D('',#9449,#9450,#9451);
#9453=PLANE('',#9452);
#9454=ORIENTED_EDGE('',*,*,#8998,.T.);
#9455=ORIENTED_EDGE('',*,*,#9013,.T.);
#9456=ORIENTED_EDGE('',*,*,#9028,.F.);
#9457=ORIENTED_EDGE('',*,*,#9441,.T.);
#9458=EDGE_LOOP('',(#9454,#9455,#9456,#9457));
#9459=FACE_OUTER_BOUND('',#9458,.F.);
#9460=ADVANCED_FACE('',(#9459),#9453,.T.);
#9461=CARTESIAN_POINT('',(-1.25E0,0.E0,0.E0));
#9462=DIRECTION('',(1.E0,0.E0,0.E0));
#9463=DIRECTION('',(0.E0,0.E0,-1.E0));
#9464=AXIS2_PLACEMENT_3D('',#9461,#9462,#9463);
#9465=PLANE('',#9464);
#9467=ORIENTED_EDGE('',*,*,#9466,.F.);
#9469=ORIENTED_EDGE('',*,*,#9468,.T.);
#9470=ORIENTED_EDGE('',*,*,#6174,.T.);
#9472=ORIENTED_EDGE('',*,*,#9471,.T.);
#9473=EDGE_LOOP('',(#9467,#9469,#9470,#9472));
#9474=FACE_OUTER_BOUND('',#9473,.F.);
#9475=ADVANCED_FACE('',(#9474),#9465,.F.);
#9476=CARTESIAN_POINT('',(-1.25E0,0.E0,0.E0));
#9477=DIRECTION('',(1.E0,0.E0,0.E0));
#9478=DIRECTION('',(0.E0,0.E0,-1.E0));
#9479=AXIS2_PLACEMENT_3D('',#9476,#9477,#9478);
#9480=PLANE('',#9479);
#9482=ORIENTED_EDGE('',*,*,#9481,.F.);
#9484=ORIENTED_EDGE('',*,*,#9483,.T.);
#9485=ORIENTED_EDGE('',*,*,#6164,.T.);
#9487=ORIENTED_EDGE('',*,*,#9486,.T.);
#9488=EDGE_LOOP('',(#9482,#9484,#9485,#9487));
#9489=FACE_OUTER_BOUND('',#9488,.F.);
#9490=ADVANCED_FACE('',(#9489),#9480,.F.);
#9491=CARTESIAN_POINT('',(-1.25E0,0.E0,0.E0));
#9492=DIRECTION('',(1.E0,0.E0,0.E0));
#9493=DIRECTION('',(0.E0,0.E0,-1.E0));
#9494=AXIS2_PLACEMENT_3D('',#9491,#9492,#9493);
#9495=PLANE('',#9494);
#9497=ORIENTED_EDGE('',*,*,#9496,.F.);
#9499=ORIENTED_EDGE('',*,*,#9498,.T.);
#9501=ORIENTED_EDGE('',*,*,#9500,.T.);
#9503=ORIENTED_EDGE('',*,*,#9502,.T.);
#9504=ORIENTED_EDGE('',*,*,#6620,.T.);
#9506=ORIENTED_EDGE('',*,*,#9505,.T.);
#9508=ORIENTED_EDGE('',*,*,#9507,.T.);
#9510=ORIENTED_EDGE('',*,*,#9509,.T.);
#9511=EDGE_LOOP('',(#9497,#9499,#9501,#9503,#9504,#9506,#9508,#9510));
#9512=FACE_OUTER_BOUND('',#9511,.F.);
#9513=ADVANCED_FACE('',(#9512),#9495,.F.);
#9514=CARTESIAN_POINT('',(-1.25E0,0.E0,0.E0));
#9515=DIRECTION('',(1.E0,0.E0,0.E0));
#9516=DIRECTION('',(0.E0,0.E0,-1.E0));
#9517=AXIS2_PLACEMENT_3D('',#9514,#9515,#9516);
#9518=PLANE('',#9517);
#9520=ORIENTED_EDGE('',*,*,#9519,.F.);
#9522=ORIENTED_EDGE('',*,*,#9521,.T.);
#9524=ORIENTED_EDGE('',*,*,#9523,.T.);
#9526=ORIENTED_EDGE('',*,*,#9525,.T.);
#9527=ORIENTED_EDGE('',*,*,#6610,.T.);
#9529=ORIENTED_EDGE('',*,*,#9528,.T.);
#9531=ORIENTED_EDGE('',*,*,#9530,.T.);
#9533=ORIENTED_EDGE('',*,*,#9532,.T.);
#9534=EDGE_LOOP('',(#9520,#9522,#9524,#9526,#9527,#9529,#9531,#9533));
#9535=FACE_OUTER_BOUND('',#9534,.F.);
#9536=ADVANCED_FACE('',(#9535),#9518,.F.);
#9537=CARTESIAN_POINT('',(-1.175E0,2.6E0,-1.E0));
#9538=DIRECTION('',(-9.701425001453E-1,2.425356250363E-1,0.E0));
#9539=DIRECTION('',(2.425356250363E-1,9.701425001453E-1,0.E0));
#9540=AXIS2_PLACEMENT_3D('',#9537,#9538,#9539);
#9541=PLANE('',#9540);
#9542=ORIENTED_EDGE('',*,*,#9466,.T.);
#9544=ORIENTED_EDGE('',*,*,#9543,.F.);
#9546=ORIENTED_EDGE('',*,*,#9545,.F.);
#9548=ORIENTED_EDGE('',*,*,#9547,.T.);
#9549=EDGE_LOOP('',(#9542,#9544,#9546,#9548));
#9550=FACE_OUTER_BOUND('',#9549,.F.);
#9551=ADVANCED_FACE('',(#9550),#9541,.T.);
#9552=CARTESIAN_POINT('',(-1.E0,2.6E0,-1.175E0));
#9553=DIRECTION('',(0.E0,2.425356250363E-1,-9.701425001453E-1));
#9554=DIRECTION('',(0.E0,-9.701425001453E-1,-2.425356250363E-1));
#9555=AXIS2_PLACEMENT_3D('',#9552,#9553,#9554);
#9556=PLANE('',#9555);
#9558=ORIENTED_EDGE('',*,*,#9557,.F.);
#9560=ORIENTED_EDGE('',*,*,#9559,.F.);
#9562=ORIENTED_EDGE('',*,*,#9561,.T.);
#9563=ORIENTED_EDGE('',*,*,#9543,.T.);
#9564=EDGE_LOOP('',(#9558,#9560,#9562,#9563));
#9565=FACE_OUTER_BOUND('',#9564,.F.);
#9566=ADVANCED_FACE('',(#9565),#9556,.T.);
#9567=CARTESIAN_POINT('',(-1.25E0,-3.7E0,-1.25E0));
#9568=DIRECTION('',(0.E0,0.E0,-1.E0));
#9569=DIRECTION('',(0.E0,1.E0,0.E0));
#9570=AXIS2_PLACEMENT_3D('',#9567,#9568,#9569);
#9571=PLANE('',#9570);
#9572=ORIENTED_EDGE('',*,*,#9525,.F.);
#9574=ORIENTED_EDGE('',*,*,#9573,.T.);
#9576=ORIENTED_EDGE('',*,*,#9575,.T.);
#9577=ORIENTED_EDGE('',*,*,#6612,.F.);
#9578=EDGE_LOOP('',(#9572,#9574,#9576,#9577));
#9579=FACE_OUTER_BOUND('',#9578,.F.);
#9580=ADVANCED_FACE('',(#9579),#9571,.T.);
#9581=CARTESIAN_POINT('',(-1.25E0,-3.7E0,-1.25E0));
#9582=DIRECTION('',(0.E0,0.E0,-1.E0));
#9583=DIRECTION('',(0.E0,1.E0,0.E0));
#9584=AXIS2_PLACEMENT_3D('',#9581,#9582,#9583);
#9585=PLANE('',#9584);
#9586=ORIENTED_EDGE('',*,*,#9557,.T.);
#9587=ORIENTED_EDGE('',*,*,#9471,.F.);
#9588=ORIENTED_EDGE('',*,*,#6180,.T.);
#9590=ORIENTED_EDGE('',*,*,#9589,.T.);
#9591=EDGE_LOOP('',(#9586,#9587,#9588,#9590));
#9592=FACE_OUTER_BOUND('',#9591,.F.);
#9593=ADVANCED_FACE('',(#9592),#9585,.T.);
#9594=CARTESIAN_POINT('',(-1.25E0,-3.7E0,-1.45E0));
#9595=DIRECTION('',(1.E0,0.E0,0.E0));
#9596=DIRECTION('',(0.E0,0.E0,-1.E0));
#9597=AXIS2_PLACEMENT_3D('',#9594,#9595,#9596);
#9598=CYLINDRICAL_SURFACE('',#9597,2.E-1);
#9599=ORIENTED_EDGE('',*,*,#9523,.F.);
#9601=ORIENTED_EDGE('',*,*,#9600,.T.);
#9603=ORIENTED_EDGE('',*,*,#9602,.T.);
#9604=ORIENTED_EDGE('',*,*,#9573,.F.);
#9605=EDGE_LOOP('',(#9599,#9601,#9603,#9604));
#9606=FACE_OUTER_BOUND('',#9605,.F.);
#9607=ADVANCED_FACE('',(#9606),#9598,.F.);
#9608=CARTESIAN_POINT('',(-1.25E0,-3.9E0,-2.65E0));
#9609=DIRECTION('',(0.E0,1.E0,0.E0));
#9610=DIRECTION('',(0.E0,0.E0,1.E0));
#9611=AXIS2_PLACEMENT_3D('',#9608,#9609,#9610);
#9612=PLANE('',#9611);
#9614=ORIENTED_EDGE('',*,*,#9613,.F.);
#9616=ORIENTED_EDGE('',*,*,#9615,.T.);
#9617=ORIENTED_EDGE('',*,*,#9600,.F.);
#9618=ORIENTED_EDGE('',*,*,#9521,.F.);
#9619=EDGE_LOOP('',(#9614,#9616,#9617,#9618));
#9620=FACE_OUTER_BOUND('',#9619,.F.);
#9621=ADVANCED_FACE('',(#9620),#9612,.T.);
#9622=CARTESIAN_POINT('',(-1.E0,-3.975E0,-2.35E0));
#9623=DIRECTION('',(0.E0,9.701425001453E-1,-2.425356250363E-1));
#9624=DIRECTION('',(0.E0,-2.425356250363E-1,-9.701425001453E-1));
#9625=AXIS2_PLACEMENT_3D('',#9622,#9623,#9624);
#9626=PLANE('',#9625);
#9627=ORIENTED_EDGE('',*,*,#9613,.T.);
#9629=ORIENTED_EDGE('',*,*,#9628,.F.);
#9631=ORIENTED_EDGE('',*,*,#9630,.F.);
#9633=ORIENTED_EDGE('',*,*,#9632,.F.);
#9634=EDGE_LOOP('',(#9627,#9629,#9631,#9633));
#9635=FACE_OUTER_BOUND('',#9634,.F.);
#9636=ADVANCED_FACE('',(#9635),#9626,.T.);
#9637=CARTESIAN_POINT('',(-1.175E0,-4.15E0,-2.35E0));
#9638=DIRECTION('',(-9.701425001453E-1,0.E0,-2.425356250363E-1));
#9639=DIRECTION('',(2.425356250363E-1,0.E0,-9.701425001453E-1));
#9640=AXIS2_PLACEMENT_3D('',#9637,#9638,#9639);
#9641=PLANE('',#9640);
#9642=ORIENTED_EDGE('',*,*,#9519,.T.);
#9644=ORIENTED_EDGE('',*,*,#9643,.F.);
#9646=ORIENTED_EDGE('',*,*,#9645,.F.);
#9647=ORIENTED_EDGE('',*,*,#9628,.T.);
#9648=EDGE_LOOP('',(#9642,#9644,#9646,#9647));
#9649=FACE_OUTER_BOUND('',#9648,.F.);
#9650=ADVANCED_FACE('',(#9649),#9641,.T.);
#9651=CARTESIAN_POINT('',(-1.E0,-4.325E0,-2.35E0));
#9652=DIRECTION('',(0.E0,-9.701425001453E-1,-2.425356250363E-1));
#9653=DIRECTION('',(0.E0,-2.425356250363E-1,9.701425001453E-1));
#9654=AXIS2_PLACEMENT_3D('',#9651,#9652,#9653);
#9655=PLANE('',#9654);
#9657=ORIENTED_EDGE('',*,*,#9656,.F.);
#9659=ORIENTED_EDGE('',*,*,#9658,.F.);
#9661=ORIENTED_EDGE('',*,*,#9660,.T.);
#9662=ORIENTED_EDGE('',*,*,#9643,.T.);
#9663=EDGE_LOOP('',(#9657,#9659,#9661,#9662));
#9664=FACE_OUTER_BOUND('',#9663,.F.);
#9665=ADVANCED_FACE('',(#9664),#9655,.T.);
#9666=CARTESIAN_POINT('',(-1.25E0,-4.4E0,-1.45E0));
#9667=DIRECTION('',(0.E0,-1.E0,0.E0));
#9668=DIRECTION('',(0.E0,0.E0,-1.E0));
#9669=AXIS2_PLACEMENT_3D('',#9666,#9667,#9668);
#9670=PLANE('',#9669);
#9671=ORIENTED_EDGE('',*,*,#9656,.T.);
#9672=ORIENTED_EDGE('',*,*,#9532,.F.);
#9674=ORIENTED_EDGE('',*,*,#9673,.T.);
#9676=ORIENTED_EDGE('',*,*,#9675,.T.);
#9677=EDGE_LOOP('',(#9671,#9672,#9674,#9676));
#9678=FACE_OUTER_BOUND('',#9677,.F.);
#9679=ADVANCED_FACE('',(#9678),#9670,.T.);
#9680=CARTESIAN_POINT('',(-1.25E0,-3.7E0,-1.45E0));
#9681=DIRECTION('',(1.E0,0.E0,0.E0));
#9682=DIRECTION('',(0.E0,0.E0,-1.E0));
#9683=AXIS2_PLACEMENT_3D('',#9680,#9681,#9682);
#9684=CYLINDRICAL_SURFACE('',#9683,7.E-1);
#9685=ORIENTED_EDGE('',*,*,#9530,.F.);
#9687=ORIENTED_EDGE('',*,*,#9686,.T.);
#9689=ORIENTED_EDGE('',*,*,#9688,.T.);
#9690=ORIENTED_EDGE('',*,*,#9673,.F.);
#9691=EDGE_LOOP('',(#9685,#9687,#9689,#9690));
#9692=FACE_OUTER_BOUND('',#9691,.F.);
#9693=ADVANCED_FACE('',(#9692),#9684,.T.);
#9694=CARTESIAN_POINT('',(-1.25E0,2.9E0,-7.5E-1));
#9695=DIRECTION('',(0.E0,0.E0,1.E0));
#9696=DIRECTION('',(0.E0,-1.E0,0.E0));
#9697=AXIS2_PLACEMENT_3D('',#9694,#9695,#9696);
#9698=PLANE('',#9697);
#9699=ORIENTED_EDGE('',*,*,#9528,.F.);
#9700=ORIENTED_EDGE('',*,*,#6616,.T.);
#9702=ORIENTED_EDGE('',*,*,#9701,.T.);
#9703=ORIENTED_EDGE('',*,*,#9686,.F.);
#9704=EDGE_LOOP('',(#9699,#9700,#9702,#9703));
#9705=FACE_OUTER_BOUND('',#9704,.F.);
#9706=ADVANCED_FACE('',(#9705),#9698,.T.);
#9707=CARTESIAN_POINT('',(-1.25E0,2.9E0,-7.5E-1));
#9708=DIRECTION('',(0.E0,0.E0,1.E0));
#9709=DIRECTION('',(0.E0,-1.E0,0.E0));
#9710=AXIS2_PLACEMENT_3D('',#9707,#9708,#9709);
#9711=PLANE('',#9710);
#9713=ORIENTED_EDGE('',*,*,#9712,.F.);
#9715=ORIENTED_EDGE('',*,*,#9714,.T.);
#9716=ORIENTED_EDGE('',*,*,#6176,.F.);
#9717=ORIENTED_EDGE('',*,*,#9468,.F.);
#9718=EDGE_LOOP('',(#9713,#9715,#9716,#9717));
#9719=FACE_OUTER_BOUND('',#9718,.F.);
#9720=ADVANCED_FACE('',(#9719),#9711,.T.);
#9721=CARTESIAN_POINT('',(-7.5E-1,0.E0,0.E0));
#9722=DIRECTION('',(1.E0,0.E0,0.E0));
#9723=DIRECTION('',(0.E0,0.E0,-1.E0));
#9724=AXIS2_PLACEMENT_3D('',#9721,#9722,#9723);
#9725=PLANE('',#9724);
#9727=ORIENTED_EDGE('',*,*,#9726,.F.);
#9728=ORIENTED_EDGE('',*,*,#9589,.F.);
#9729=ORIENTED_EDGE('',*,*,#6178,.F.);
#9730=ORIENTED_EDGE('',*,*,#9714,.F.);
#9731=EDGE_LOOP('',(#9727,#9728,#9729,#9730));
#9732=FACE_OUTER_BOUND('',#9731,.F.);
#9733=ADVANCED_FACE('',(#9732),#9725,.T.);
#9734=CARTESIAN_POINT('',(-7.5E-1,0.E0,0.E0));
#9735=DIRECTION('',(1.E0,0.E0,0.E0));
#9736=DIRECTION('',(0.E0,0.E0,-1.E0));
#9737=AXIS2_PLACEMENT_3D('',#9734,#9735,#9736);
#9738=PLANE('',#9737);
#9740=ORIENTED_EDGE('',*,*,#9739,.F.);
#9742=ORIENTED_EDGE('',*,*,#9741,.F.);
#9743=ORIENTED_EDGE('',*,*,#6168,.F.);
#9745=ORIENTED_EDGE('',*,*,#9744,.F.);
#9746=EDGE_LOOP('',(#9740,#9742,#9743,#9745));
#9747=FACE_OUTER_BOUND('',#9746,.F.);
#9748=ADVANCED_FACE('',(#9747),#9738,.T.);
#9749=CARTESIAN_POINT('',(-7.5E-1,0.E0,0.E0));
#9750=DIRECTION('',(1.E0,0.E0,0.E0));
#9751=DIRECTION('',(0.E0,0.E0,-1.E0));
#9752=AXIS2_PLACEMENT_3D('',#9749,#9750,#9751);
#9753=PLANE('',#9752);
#9755=ORIENTED_EDGE('',*,*,#9754,.F.);
#9757=ORIENTED_EDGE('',*,*,#9756,.F.);
#9759=ORIENTED_EDGE('',*,*,#9758,.F.);
#9761=ORIENTED_EDGE('',*,*,#9760,.F.);
#9762=ORIENTED_EDGE('',*,*,#6624,.F.);
#9764=ORIENTED_EDGE('',*,*,#9763,.F.);
#9766=ORIENTED_EDGE('',*,*,#9765,.F.);
#9768=ORIENTED_EDGE('',*,*,#9767,.F.);
#9769=EDGE_LOOP('',(#9755,#9757,#9759,#9761,#9762,#9764,#9766,#9768));
#9770=FACE_OUTER_BOUND('',#9769,.F.);
#9771=ADVANCED_FACE('',(#9770),#9753,.T.);
#9772=CARTESIAN_POINT('',(-7.5E-1,0.E0,0.E0));
#9773=DIRECTION('',(1.E0,0.E0,0.E0));
#9774=DIRECTION('',(0.E0,0.E0,-1.E0));
#9775=AXIS2_PLACEMENT_3D('',#9772,#9773,#9774);
#9776=PLANE('',#9775);
#9778=ORIENTED_EDGE('',*,*,#9777,.F.);
#9779=ORIENTED_EDGE('',*,*,#9675,.F.);
#9780=ORIENTED_EDGE('',*,*,#9688,.F.);
#9781=ORIENTED_EDGE('',*,*,#9701,.F.);
#9782=ORIENTED_EDGE('',*,*,#6614,.F.);
#9783=ORIENTED_EDGE('',*,*,#9575,.F.);
#9784=ORIENTED_EDGE('',*,*,#9602,.F.);
#9785=ORIENTED_EDGE('',*,*,#9615,.F.);
#9786=EDGE_LOOP('',(#9778,#9779,#9780,#9781,#9782,#9783,#9784,#9785));
#9787=FACE_OUTER_BOUND('',#9786,.F.);
#9788=ADVANCED_FACE('',(#9787),#9776,.T.);
#9789=CARTESIAN_POINT('',(-8.25E-1,2.6E0,-1.E0));
#9790=DIRECTION('',(9.701425001453E-1,2.425356250363E-1,0.E0));
#9791=DIRECTION('',(-2.425356250363E-1,9.701425001453E-1,0.E0));
#9792=AXIS2_PLACEMENT_3D('',#9789,#9790,#9791);
#9793=PLANE('',#9792);
#9795=ORIENTED_EDGE('',*,*,#9794,.F.);
#9796=ORIENTED_EDGE('',*,*,#9559,.T.);
#9797=ORIENTED_EDGE('',*,*,#9726,.T.);
#9799=ORIENTED_EDGE('',*,*,#9798,.T.);
#9800=EDGE_LOOP('',(#9795,#9796,#9797,#9799));
#9801=FACE_OUTER_BOUND('',#9800,.F.);
#9802=ADVANCED_FACE('',(#9801),#9793,.T.);
#9803=CARTESIAN_POINT('',(-1.25E0,2.9E0,-1.25E0));
#9804=DIRECTION('',(0.E0,1.E0,0.E0));
#9805=DIRECTION('',(0.E0,0.E0,1.E0));
#9806=AXIS2_PLACEMENT_3D('',#9803,#9804,#9805);
#9807=PLANE('',#9806);
#9809=ORIENTED_EDGE('',*,*,#9808,.T.);
#9810=ORIENTED_EDGE('',*,*,#9545,.T.);
#9811=ORIENTED_EDGE('',*,*,#9561,.F.);
#9812=ORIENTED_EDGE('',*,*,#9794,.T.);
#9813=EDGE_LOOP('',(#9809,#9810,#9811,#9812));
#9814=FACE_OUTER_BOUND('',#9813,.F.);
#9815=ADVANCED_FACE('',(#9814),#9807,.T.);
#9816=CARTESIAN_POINT('',(-1.E0,2.6E0,-8.25E-1));
#9817=DIRECTION('',(0.E0,2.425356250363E-1,9.701425001453E-1));
#9818=DIRECTION('',(0.E0,9.701425001453E-1,-2.425356250363E-1));
#9819=AXIS2_PLACEMENT_3D('',#9816,#9817,#9818);
#9820=PLANE('',#9819);
#9821=ORIENTED_EDGE('',*,*,#9712,.T.);
#9822=ORIENTED_EDGE('',*,*,#9547,.F.);
#9823=ORIENTED_EDGE('',*,*,#9808,.F.);
#9824=ORIENTED_EDGE('',*,*,#9798,.F.);
#9825=EDGE_LOOP('',(#9821,#9822,#9823,#9824));
#9826=FACE_OUTER_BOUND('',#9825,.F.);
#9827=ADVANCED_FACE('',(#9826),#9820,.T.);
#9828=CARTESIAN_POINT('',(-8.25E-1,2.6E0,1.E0));
#9829=DIRECTION('',(9.701425001453E-1,2.425356250363E-1,0.E0));
#9830=DIRECTION('',(-2.425356250363E-1,9.701425001453E-1,0.E0));
#9831=AXIS2_PLACEMENT_3D('',#9828,#9829,#9830);
#9832=PLANE('',#9831);
#9834=ORIENTED_EDGE('',*,*,#9833,.F.);
#9836=ORIENTED_EDGE('',*,*,#9835,.T.);
#9837=ORIENTED_EDGE('',*,*,#9739,.T.);
#9839=ORIENTED_EDGE('',*,*,#9838,.F.);
#9840=EDGE_LOOP('',(#9834,#9836,#9837,#9839));
#9841=FACE_OUTER_BOUND('',#9840,.F.);
#9842=ADVANCED_FACE('',(#9841),#9832,.T.);
#9843=CARTESIAN_POINT('',(-1.25E0,2.9E0,7.5E-1));
#9844=DIRECTION('',(0.E0,1.E0,0.E0));
#9845=DIRECTION('',(0.E0,0.E0,1.E0));
#9846=AXIS2_PLACEMENT_3D('',#9843,#9844,#9845);
#9847=PLANE('',#9846);
#9849=ORIENTED_EDGE('',*,*,#9848,.T.);
#9851=ORIENTED_EDGE('',*,*,#9850,.T.);
#9853=ORIENTED_EDGE('',*,*,#9852,.F.);
#9854=ORIENTED_EDGE('',*,*,#9833,.T.);
#9855=EDGE_LOOP('',(#9849,#9851,#9853,#9854));
#9856=FACE_OUTER_BOUND('',#9855,.F.);
#9857=ADVANCED_FACE('',(#9856),#9847,.T.);
#9858=CARTESIAN_POINT('',(-1.E0,2.6E0,1.175E0));
#9859=DIRECTION('',(0.E0,2.425356250363E-1,9.701425001453E-1));
#9860=DIRECTION('',(0.E0,9.701425001453E-1,-2.425356250363E-1));
#9861=AXIS2_PLACEMENT_3D('',#9858,#9859,#9860);
#9862=PLANE('',#9861);
#9864=ORIENTED_EDGE('',*,*,#9863,.T.);
#9866=ORIENTED_EDGE('',*,*,#9865,.F.);
#9867=ORIENTED_EDGE('',*,*,#9848,.F.);
#9868=ORIENTED_EDGE('',*,*,#9838,.T.);
#9869=EDGE_LOOP('',(#9864,#9866,#9867,#9868));
#9870=FACE_OUTER_BOUND('',#9869,.F.);
#9871=ADVANCED_FACE('',(#9870),#9862,.T.);
#9872=CARTESIAN_POINT('',(-1.25E0,2.9E0,1.25E0));
#9873=DIRECTION('',(0.E0,0.E0,1.E0));
#9874=DIRECTION('',(0.E0,-1.E0,0.E0));
#9875=AXIS2_PLACEMENT_3D('',#9872,#9873,#9874);
#9876=PLANE('',#9875);
#9877=ORIENTED_EDGE('',*,*,#9505,.F.);
#9878=ORIENTED_EDGE('',*,*,#6626,.T.);
#9879=ORIENTED_EDGE('',*,*,#9760,.T.);
#9881=ORIENTED_EDGE('',*,*,#9880,.F.);
#9882=EDGE_LOOP('',(#9877,#9878,#9879,#9881));
#9883=FACE_OUTER_BOUND('',#9882,.F.);
#9884=ADVANCED_FACE('',(#9883),#9876,.T.);
#9885=CARTESIAN_POINT('',(-1.25E0,2.9E0,1.25E0));
#9886=DIRECTION('',(0.E0,0.E0,1.E0));
#9887=DIRECTION('',(0.E0,-1.E0,0.E0));
#9888=AXIS2_PLACEMENT_3D('',#9885,#9886,#9887);
#9889=PLANE('',#9888);
#9890=ORIENTED_EDGE('',*,*,#9863,.F.);
#9891=ORIENTED_EDGE('',*,*,#9744,.T.);
#9892=ORIENTED_EDGE('',*,*,#6166,.F.);
#9893=ORIENTED_EDGE('',*,*,#9483,.F.);
#9894=EDGE_LOOP('',(#9890,#9891,#9892,#9893));
#9895=FACE_OUTER_BOUND('',#9894,.F.);
#9896=ADVANCED_FACE('',(#9895),#9889,.T.);
#9897=CARTESIAN_POINT('',(-1.25E0,-3.7E0,1.45E0));
#9898=DIRECTION('',(1.E0,0.E0,0.E0));
#9899=DIRECTION('',(0.E0,0.E0,-1.E0));
#9900=AXIS2_PLACEMENT_3D('',#9897,#9898,#9899);
#9901=CYLINDRICAL_SURFACE('',#9900,2.E-1);
#9902=ORIENTED_EDGE('',*,*,#9507,.F.);
#9903=ORIENTED_EDGE('',*,*,#9880,.T.);
#9904=ORIENTED_EDGE('',*,*,#9758,.T.);
#9906=ORIENTED_EDGE('',*,*,#9905,.F.);
#9907=EDGE_LOOP('',(#9902,#9903,#9904,#9906));
#9908=FACE_OUTER_BOUND('',#9907,.F.);
#9909=ADVANCED_FACE('',(#9908),#9901,.F.);
#9910=CARTESIAN_POINT('',(-1.25E0,-3.9E0,1.45E0));
#9911=DIRECTION('',(0.E0,1.E0,0.E0));
#9912=DIRECTION('',(0.E0,0.E0,1.E0));
#9913=AXIS2_PLACEMENT_3D('',#9910,#9911,#9912);
#9914=PLANE('',#9913);
#9916=ORIENTED_EDGE('',*,*,#9915,.T.);
#9917=ORIENTED_EDGE('',*,*,#9509,.F.);
#9918=ORIENTED_EDGE('',*,*,#9905,.T.);
#9919=ORIENTED_EDGE('',*,*,#9756,.T.);
#9920=EDGE_LOOP('',(#9916,#9917,#9918,#9919));
#9921=FACE_OUTER_BOUND('',#9920,.F.);
#9922=ADVANCED_FACE('',(#9921),#9914,.T.);
#9923=CARTESIAN_POINT('',(-1.E0,-3.975E0,2.35E0));
#9924=DIRECTION('',(0.E0,9.701425001453E-1,2.425356250363E-1));
#9925=DIRECTION('',(0.E0,2.425356250363E-1,-9.701425001453E-1));
#9926=AXIS2_PLACEMENT_3D('',#9923,#9924,#9925);
#9927=PLANE('',#9926);
#9928=ORIENTED_EDGE('',*,*,#9915,.F.);
#9930=ORIENTED_EDGE('',*,*,#9929,.F.);
#9932=ORIENTED_EDGE('',*,*,#9931,.T.);
#9934=ORIENTED_EDGE('',*,*,#9933,.T.);
#9935=EDGE_LOOP('',(#9928,#9930,#9932,#9934));
#9936=FACE_OUTER_BOUND('',#9935,.F.);
#9937=ADVANCED_FACE('',(#9936),#9927,.T.);
#9938=CARTESIAN_POINT('',(-8.25E-1,-4.15E0,2.35E0));
#9939=DIRECTION('',(9.701425001453E-1,0.E0,2.425356250363E-1));
#9940=DIRECTION('',(-2.425356250363E-1,0.E0,9.701425001453E-1));
#9941=AXIS2_PLACEMENT_3D('',#9938,#9939,#9940);
#9942=PLANE('',#9941);
#9944=ORIENTED_EDGE('',*,*,#9943,.F.);
#9945=ORIENTED_EDGE('',*,*,#9929,.T.);
#9946=ORIENTED_EDGE('',*,*,#9754,.T.);
#9948=ORIENTED_EDGE('',*,*,#9947,.T.);
#9949=EDGE_LOOP('',(#9944,#9945,#9946,#9948));
#9950=FACE_OUTER_BOUND('',#9949,.F.);
#9951=ADVANCED_FACE('',(#9950),#9942,.T.);
#9952=CARTESIAN_POINT('',(-1.25E0,-3.9E0,2.65E0));
#9953=DIRECTION('',(0.E0,0.E0,1.E0));
#9954=DIRECTION('',(0.E0,-1.E0,0.E0));
#9955=AXIS2_PLACEMENT_3D('',#9952,#9953,#9954);
#9956=PLANE('',#9955);
#9958=ORIENTED_EDGE('',*,*,#9957,.T.);
#9960=ORIENTED_EDGE('',*,*,#9959,.T.);
#9961=ORIENTED_EDGE('',*,*,#9931,.F.);
#9962=ORIENTED_EDGE('',*,*,#9943,.T.);
#9963=EDGE_LOOP('',(#9958,#9960,#9961,#9962));
#9964=FACE_OUTER_BOUND('',#9963,.F.);
#9965=ADVANCED_FACE('',(#9964),#9956,.T.);
#9966=CARTESIAN_POINT('',(-1.E0,-4.325E0,2.35E0));
#9967=DIRECTION('',(0.E0,-9.701425001453E-1,2.425356250363E-1));
#9968=DIRECTION('',(0.E0,2.425356250363E-1,9.701425001453E-1));
#9969=AXIS2_PLACEMENT_3D('',#9966,#9967,#9968);
#9970=PLANE('',#9969);
#9972=ORIENTED_EDGE('',*,*,#9971,.T.);
#9974=ORIENTED_EDGE('',*,*,#9973,.F.);
#9975=ORIENTED_EDGE('',*,*,#9957,.F.);
#9976=ORIENTED_EDGE('',*,*,#9947,.F.);
#9977=EDGE_LOOP('',(#9972,#9974,#9975,#9976));
#9978=FACE_OUTER_BOUND('',#9977,.F.);
#9979=ADVANCED_FACE('',(#9978),#9970,.T.);
#9980=CARTESIAN_POINT('',(-1.25E0,-4.4E0,2.65E0));
#9981=DIRECTION('',(0.E0,-1.E0,0.E0));
#9982=DIRECTION('',(0.E0,0.E0,-1.E0));
#9983=AXIS2_PLACEMENT_3D('',#9980,#9981,#9982);
#9984=PLANE('',#9983);
#9985=ORIENTED_EDGE('',*,*,#9971,.F.);
#9986=ORIENTED_EDGE('',*,*,#9767,.T.);
#9988=ORIENTED_EDGE('',*,*,#9987,.F.);
#9989=ORIENTED_EDGE('',*,*,#9498,.F.);
#9990=EDGE_LOOP('',(#9985,#9986,#9988,#9989));
#9991=FACE_OUTER_BOUND('',#9990,.F.);
#9992=ADVANCED_FACE('',(#9991),#9984,.T.);
#9993=CARTESIAN_POINT('',(-1.25E0,-3.7E0,1.45E0));
#9994=DIRECTION('',(1.E0,0.E0,0.E0));
#9995=DIRECTION('',(0.E0,0.E0,-1.E0));
#9996=AXIS2_PLACEMENT_3D('',#9993,#9994,#9995);
#9997=CYLINDRICAL_SURFACE('',#9996,7.E-1);
#9998=ORIENTED_EDGE('',*,*,#9500,.F.);
#9999=ORIENTED_EDGE('',*,*,#9987,.T.);
#10000=ORIENTED_EDGE('',*,*,#9765,.T.);
#10002=ORIENTED_EDGE('',*,*,#10001,.F.);
#10003=EDGE_LOOP('',(#9998,#9999,#10000,#10002));
#10004=FACE_OUTER_BOUND('',#10003,.F.);
#10005=ADVANCED_FACE('',(#10004),#9997,.T.);
#10006=CARTESIAN_POINT('',(-1.25E0,-3.7E0,7.5E-1));
#10007=DIRECTION('',(0.E0,0.E0,-1.E0));
#10008=DIRECTION('',(0.E0,1.E0,0.E0));
#10009=AXIS2_PLACEMENT_3D('',#10006,#10007,#10008);
#10010=PLANE('',#10009);
#10011=ORIENTED_EDGE('',*,*,#9502,.F.);
#10012=ORIENTED_EDGE('',*,*,#10001,.T.);
#10013=ORIENTED_EDGE('',*,*,#9763,.T.);
#10014=ORIENTED_EDGE('',*,*,#6622,.F.);
#10015=EDGE_LOOP('',(#10011,#10012,#10013,#10014));
#10016=FACE_OUTER_BOUND('',#10015,.F.);
#10017=ADVANCED_FACE('',(#10016),#10010,.T.);
#10018=CARTESIAN_POINT('',(-1.25E0,-3.7E0,7.5E-1));
#10019=DIRECTION('',(0.E0,0.E0,-1.E0));
#10020=DIRECTION('',(0.E0,1.E0,0.E0));
#10021=AXIS2_PLACEMENT_3D('',#10018,#10019,#10020);
#10022=PLANE('',#10021);
#10024=ORIENTED_EDGE('',*,*,#10023,.T.);
#10025=ORIENTED_EDGE('',*,*,#9486,.F.);
#10026=ORIENTED_EDGE('',*,*,#6170,.T.);
#10027=ORIENTED_EDGE('',*,*,#9741,.T.);
#10028=EDGE_LOOP('',(#10024,#10025,#10026,#10027));
#10029=FACE_OUTER_BOUND('',#10028,.F.);
#10030=ADVANCED_FACE('',(#10029),#10022,.T.);
#10031=CARTESIAN_POINT('',(-1.E0,2.6E0,8.25E-1));
#10032=DIRECTION('',(0.E0,2.425356250363E-1,-9.701425001453E-1));
#10033=DIRECTION('',(0.E0,-9.701425001453E-1,-2.425356250363E-1));
#10034=AXIS2_PLACEMENT_3D('',#10031,#10032,#10033);
#10035=PLANE('',#10034);
#10036=ORIENTED_EDGE('',*,*,#10023,.F.);
#10037=ORIENTED_EDGE('',*,*,#9835,.F.);
#10038=ORIENTED_EDGE('',*,*,#9852,.T.);
#10040=ORIENTED_EDGE('',*,*,#10039,.T.);
#10041=EDGE_LOOP('',(#10036,#10037,#10038,#10040));
#10042=FACE_OUTER_BOUND('',#10041,.F.);
#10043=ADVANCED_FACE('',(#10042),#10035,.T.);
#10044=CARTESIAN_POINT('',(-1.175E0,2.6E0,1.E0));
#10045=DIRECTION('',(-9.701425001453E-1,2.425356250363E-1,0.E0));
#10046=DIRECTION('',(2.425356250363E-1,9.701425001453E-1,0.E0));
#10047=AXIS2_PLACEMENT_3D('',#10044,#10045,#10046);
#10048=PLANE('',#10047);
#10049=ORIENTED_EDGE('',*,*,#9481,.T.);
#10050=ORIENTED_EDGE('',*,*,#10039,.F.);
#10051=ORIENTED_EDGE('',*,*,#9850,.F.);
#10052=ORIENTED_EDGE('',*,*,#9865,.T.);
#10053=EDGE_LOOP('',(#10049,#10050,#10051,#10052));
#10054=FACE_OUTER_BOUND('',#10053,.F.);
#10055=ADVANCED_FACE('',(#10054),#10048,.T.);
#10056=CARTESIAN_POINT('',(-1.175E0,-4.15E0,2.35E0));
#10057=DIRECTION('',(-9.701425001453E-1,0.E0,2.425356250363E-1));
#10058=DIRECTION('',(2.425356250363E-1,0.E0,9.701425001453E-1));
#10059=AXIS2_PLACEMENT_3D('',#10056,#10057,#10058);
#10060=PLANE('',#10059);
#10061=ORIENTED_EDGE('',*,*,#9496,.T.);
#10062=ORIENTED_EDGE('',*,*,#9933,.F.);
#10063=ORIENTED_EDGE('',*,*,#9959,.F.);
#10064=ORIENTED_EDGE('',*,*,#9973,.T.);
#10065=EDGE_LOOP('',(#10061,#10062,#10063,#10064));
#10066=FACE_OUTER_BOUND('',#10065,.F.);
#10067=ADVANCED_FACE('',(#10066),#10060,.T.);
#10068=CARTESIAN_POINT('',(-8.25E-1,-4.15E0,-2.35E0));
#10069=DIRECTION('',(9.701425001453E-1,0.E0,-2.425356250363E-1));
#10070=DIRECTION('',(-2.425356250363E-1,0.E0,-9.701425001453E-1));
#10071=AXIS2_PLACEMENT_3D('',#10068,#10069,#10070);
#10072=PLANE('',#10071);
#10074=ORIENTED_EDGE('',*,*,#10073,.F.);
#10075=ORIENTED_EDGE('',*,*,#9658,.T.);
#10076=ORIENTED_EDGE('',*,*,#9777,.T.);
#10077=ORIENTED_EDGE('',*,*,#9632,.T.);
#10078=EDGE_LOOP('',(#10074,#10075,#10076,#10077));
#10079=FACE_OUTER_BOUND('',#10078,.F.);
#10080=ADVANCED_FACE('',(#10079),#10072,.T.);
#10081=CARTESIAN_POINT('',(-1.25E0,-4.4E0,-2.65E0));
#10082=DIRECTION('',(0.E0,0.E0,-1.E0));
#10083=DIRECTION('',(0.E0,1.E0,0.E0));
#10084=AXIS2_PLACEMENT_3D('',#10081,#10082,#10083);
#10085=PLANE('',#10084);
#10086=ORIENTED_EDGE('',*,*,#9630,.T.);
#10087=ORIENTED_EDGE('',*,*,#9645,.T.);
#10088=ORIENTED_EDGE('',*,*,#9660,.F.);
#10089=ORIENTED_EDGE('',*,*,#10073,.T.);
#10090=EDGE_LOOP('',(#10086,#10087,#10088,#10089));
#10091=FACE_OUTER_BOUND('',#10090,.F.);
#10092=ADVANCED_FACE('',(#10091),#10085,.T.);
#10093=CARTESIAN_POINT('',(7.5E-1,0.E0,0.E0));
#10094=DIRECTION('',(1.E0,0.E0,0.E0));
#10095=DIRECTION('',(0.E0,0.E0,-1.E0));
#10096=AXIS2_PLACEMENT_3D('',#10093,#10094,#10095);
#10097=PLANE('',#10096);
#10099=ORIENTED_EDGE('',*,*,#10098,.F.);
#10101=ORIENTED_EDGE('',*,*,#10100,.T.);
#10102=ORIENTED_EDGE('',*,*,#6194,.T.);
#10104=ORIENTED_EDGE('',*,*,#10103,.T.);
#10105=EDGE_LOOP('',(#10099,#10101,#10102,#10104));
#10106=FACE_OUTER_BOUND('',#10105,.F.);
#10107=ADVANCED_FACE('',(#10106),#10097,.F.);
#10108=CARTESIAN_POINT('',(7.5E-1,0.E0,0.E0));
#10109=DIRECTION('',(1.E0,0.E0,0.E0));
#10110=DIRECTION('',(0.E0,0.E0,-1.E0));
#10111=AXIS2_PLACEMENT_3D('',#10108,#10109,#10110);
#10112=PLANE('',#10111);
#10114=ORIENTED_EDGE('',*,*,#10113,.F.);
#10116=ORIENTED_EDGE('',*,*,#10115,.T.);
#10117=ORIENTED_EDGE('',*,*,#6184,.T.);
#10119=ORIENTED_EDGE('',*,*,#10118,.T.);
#10120=EDGE_LOOP('',(#10114,#10116,#10117,#10119));
#10121=FACE_OUTER_BOUND('',#10120,.F.);
#10122=ADVANCED_FACE('',(#10121),#10112,.F.);
#10123=CARTESIAN_POINT('',(7.5E-1,0.E0,0.E0));
#10124=DIRECTION('',(1.E0,0.E0,0.E0));
#10125=DIRECTION('',(0.E0,0.E0,-1.E0));
#10126=AXIS2_PLACEMENT_3D('',#10123,#10124,#10125);
#10127=PLANE('',#10126);
#10129=ORIENTED_EDGE('',*,*,#10128,.F.);
#10131=ORIENTED_EDGE('',*,*,#10130,.T.);
#10133=ORIENTED_EDGE('',*,*,#10132,.T.);
#10135=ORIENTED_EDGE('',*,*,#10134,.T.);
#10136=ORIENTED_EDGE('',*,*,#6640,.T.);
#10138=ORIENTED_EDGE('',*,*,#10137,.T.);
#10140=ORIENTED_EDGE('',*,*,#10139,.T.);
#10142=ORIENTED_EDGE('',*,*,#10141,.T.);
#10143=EDGE_LOOP('',(#10129,#10131,#10133,#10135,#10136,#10138,#10140,#10142));
#10144=FACE_OUTER_BOUND('',#10143,.F.);
#10145=ADVANCED_FACE('',(#10144),#10127,.F.);
#10146=CARTESIAN_POINT('',(7.5E-1,0.E0,0.E0));
#10147=DIRECTION('',(1.E0,0.E0,0.E0));
#10148=DIRECTION('',(0.E0,0.E0,-1.E0));
#10149=AXIS2_PLACEMENT_3D('',#10146,#10147,#10148);
#10150=PLANE('',#10149);
#10152=ORIENTED_EDGE('',*,*,#10151,.F.);
#10154=ORIENTED_EDGE('',*,*,#10153,.T.);
#10156=ORIENTED_EDGE('',*,*,#10155,.T.);
#10158=ORIENTED_EDGE('',*,*,#10157,.T.);
#10159=ORIENTED_EDGE('',*,*,#6630,.T.);
#10161=ORIENTED_EDGE('',*,*,#10160,.T.);
#10163=ORIENTED_EDGE('',*,*,#10162,.T.);
#10165=ORIENTED_EDGE('',*,*,#10164,.T.);
#10166=EDGE_LOOP('',(#10152,#10154,#10156,#10158,#10159,#10161,#10163,#10165));
#10167=FACE_OUTER_BOUND('',#10166,.F.);
#10168=ADVANCED_FACE('',(#10167),#10150,.F.);
#10169=CARTESIAN_POINT('',(8.25E-1,2.6E0,-1.E0));
#10170=DIRECTION('',(-9.701425001453E-1,2.425356250363E-1,0.E0));
#10171=DIRECTION('',(2.425356250363E-1,9.701425001453E-1,0.E0));
#10172=AXIS2_PLACEMENT_3D('',#10169,#10170,#10171);
#10173=PLANE('',#10172);
#10174=ORIENTED_EDGE('',*,*,#10098,.T.);
#10176=ORIENTED_EDGE('',*,*,#10175,.F.);
#10178=ORIENTED_EDGE('',*,*,#10177,.F.);
#10180=ORIENTED_EDGE('',*,*,#10179,.T.);
#10181=EDGE_LOOP('',(#10174,#10176,#10178,#10180));
#10182=FACE_OUTER_BOUND('',#10181,.F.);
#10183=ADVANCED_FACE('',(#10182),#10173,.T.);
#10184=CARTESIAN_POINT('',(1.E0,2.6E0,-1.175E0));
#10185=DIRECTION('',(0.E0,2.425356250363E-1,-9.701425001453E-1));
#10186=DIRECTION('',(0.E0,-9.701425001453E-1,-2.425356250363E-1));
#10187=AXIS2_PLACEMENT_3D('',#10184,#10185,#10186);
#10188=PLANE('',#10187);
#10190=ORIENTED_EDGE('',*,*,#10189,.F.);
#10192=ORIENTED_EDGE('',*,*,#10191,.F.);
#10194=ORIENTED_EDGE('',*,*,#10193,.T.);
#10195=ORIENTED_EDGE('',*,*,#10175,.T.);
#10196=EDGE_LOOP('',(#10190,#10192,#10194,#10195));
#10197=FACE_OUTER_BOUND('',#10196,.F.);
#10198=ADVANCED_FACE('',(#10197),#10188,.T.);
#10199=CARTESIAN_POINT('',(7.5E-1,-3.7E0,-1.25E0));
#10200=DIRECTION('',(0.E0,0.E0,-1.E0));
#10201=DIRECTION('',(0.E0,1.E0,0.E0));
#10202=AXIS2_PLACEMENT_3D('',#10199,#10200,#10201);
#10203=PLANE('',#10202);
#10204=ORIENTED_EDGE('',*,*,#10157,.F.);
#10206=ORIENTED_EDGE('',*,*,#10205,.T.);
#10208=ORIENTED_EDGE('',*,*,#10207,.T.);
#10209=ORIENTED_EDGE('',*,*,#6632,.F.);
#10210=EDGE_LOOP('',(#10204,#10206,#10208,#10209));
#10211=FACE_OUTER_BOUND('',#10210,.F.);
#10212=ADVANCED_FACE('',(#10211),#10203,.T.);
#10213=CARTESIAN_POINT('',(7.5E-1,-3.7E0,-1.25E0));
#10214=DIRECTION('',(0.E0,0.E0,-1.E0));
#10215=DIRECTION('',(0.E0,1.E0,0.E0));
#10216=AXIS2_PLACEMENT_3D('',#10213,#10214,#10215);
#10217=PLANE('',#10216);
#10218=ORIENTED_EDGE('',*,*,#10189,.T.);
#10219=ORIENTED_EDGE('',*,*,#10103,.F.);
#10220=ORIENTED_EDGE('',*,*,#6200,.T.);
#10222=ORIENTED_EDGE('',*,*,#10221,.T.);
#10223=EDGE_LOOP('',(#10218,#10219,#10220,#10222));
#10224=FACE_OUTER_BOUND('',#10223,.F.);
#10225=ADVANCED_FACE('',(#10224),#10217,.T.);
#10226=CARTESIAN_POINT('',(7.5E-1,-3.7E0,-1.45E0));
#10227=DIRECTION('',(1.E0,0.E0,0.E0));
#10228=DIRECTION('',(0.E0,0.E0,-1.E0));
#10229=AXIS2_PLACEMENT_3D('',#10226,#10227,#10228);
#10230=CYLINDRICAL_SURFACE('',#10229,2.E-1);
#10231=ORIENTED_EDGE('',*,*,#10155,.F.);
#10233=ORIENTED_EDGE('',*,*,#10232,.T.);
#10235=ORIENTED_EDGE('',*,*,#10234,.T.);
#10236=ORIENTED_EDGE('',*,*,#10205,.F.);
#10237=EDGE_LOOP('',(#10231,#10233,#10235,#10236));
#10238=FACE_OUTER_BOUND('',#10237,.F.);
#10239=ADVANCED_FACE('',(#10238),#10230,.F.);
#10240=CARTESIAN_POINT('',(7.5E-1,-3.9E0,-2.65E0));
#10241=DIRECTION('',(0.E0,1.E0,0.E0));
#10242=DIRECTION('',(0.E0,0.E0,1.E0));
#10243=AXIS2_PLACEMENT_3D('',#10240,#10241,#10242);
#10244=PLANE('',#10243);
#10246=ORIENTED_EDGE('',*,*,#10245,.F.);
#10248=ORIENTED_EDGE('',*,*,#10247,.T.);
#10249=ORIENTED_EDGE('',*,*,#10232,.F.);
#10250=ORIENTED_EDGE('',*,*,#10153,.F.);
#10251=EDGE_LOOP('',(#10246,#10248,#10249,#10250));
#10252=FACE_OUTER_BOUND('',#10251,.F.);
#10253=ADVANCED_FACE('',(#10252),#10244,.T.);
#10254=CARTESIAN_POINT('',(1.E0,-3.975E0,-2.35E0));
#10255=DIRECTION('',(0.E0,9.701425001453E-1,-2.425356250363E-1));
#10256=DIRECTION('',(0.E0,-2.425356250363E-1,-9.701425001453E-1));
#10257=AXIS2_PLACEMENT_3D('',#10254,#10255,#10256);
#10258=PLANE('',#10257);
#10259=ORIENTED_EDGE('',*,*,#10245,.T.);
#10261=ORIENTED_EDGE('',*,*,#10260,.F.);
#10263=ORIENTED_EDGE('',*,*,#10262,.F.);
#10265=ORIENTED_EDGE('',*,*,#10264,.F.);
#10266=EDGE_LOOP('',(#10259,#10261,#10263,#10265));
#10267=FACE_OUTER_BOUND('',#10266,.F.);
#10268=ADVANCED_FACE('',(#10267),#10258,.T.);
#10269=CARTESIAN_POINT('',(8.25E-1,-4.15E0,-2.35E0));
#10270=DIRECTION('',(-9.701425001453E-1,0.E0,-2.425356250363E-1));
#10271=DIRECTION('',(2.425356250363E-1,0.E0,-9.701425001453E-1));
#10272=AXIS2_PLACEMENT_3D('',#10269,#10270,#10271);
#10273=PLANE('',#10272);
#10274=ORIENTED_EDGE('',*,*,#10151,.T.);
#10276=ORIENTED_EDGE('',*,*,#10275,.F.);
#10278=ORIENTED_EDGE('',*,*,#10277,.F.);
#10279=ORIENTED_EDGE('',*,*,#10260,.T.);
#10280=EDGE_LOOP('',(#10274,#10276,#10278,#10279));
#10281=FACE_OUTER_BOUND('',#10280,.F.);
#10282=ADVANCED_FACE('',(#10281),#10273,.T.);
#10283=CARTESIAN_POINT('',(1.E0,-4.325E0,-2.35E0));
#10284=DIRECTION('',(0.E0,-9.701425001453E-1,-2.425356250363E-1));
#10285=DIRECTION('',(0.E0,-2.425356250363E-1,9.701425001453E-1));
#10286=AXIS2_PLACEMENT_3D('',#10283,#10284,#10285);
#10287=PLANE('',#10286);
#10289=ORIENTED_EDGE('',*,*,#10288,.F.);
#10291=ORIENTED_EDGE('',*,*,#10290,.F.);
#10293=ORIENTED_EDGE('',*,*,#10292,.T.);
#10294=ORIENTED_EDGE('',*,*,#10275,.T.);
#10295=EDGE_LOOP('',(#10289,#10291,#10293,#10294));
#10296=FACE_OUTER_BOUND('',#10295,.F.);
#10297=ADVANCED_FACE('',(#10296),#10287,.T.);
#10298=CARTESIAN_POINT('',(7.5E-1,-4.4E0,-1.45E0));
#10299=DIRECTION('',(0.E0,-1.E0,0.E0));
#10300=DIRECTION('',(0.E0,0.E0,-1.E0));
#10301=AXIS2_PLACEMENT_3D('',#10298,#10299,#10300);
#10302=PLANE('',#10301);
#10303=ORIENTED_EDGE('',*,*,#10288,.T.);
#10304=ORIENTED_EDGE('',*,*,#10164,.F.);
#10306=ORIENTED_EDGE('',*,*,#10305,.T.);
#10308=ORIENTED_EDGE('',*,*,#10307,.T.);
#10309=EDGE_LOOP('',(#10303,#10304,#10306,#10308));
#10310=FACE_OUTER_BOUND('',#10309,.F.);
#10311=ADVANCED_FACE('',(#10310),#10302,.T.);
#10312=CARTESIAN_POINT('',(7.5E-1,-3.7E0,-1.45E0));
#10313=DIRECTION('',(1.E0,0.E0,0.E0));
#10314=DIRECTION('',(0.E0,0.E0,-1.E0));
#10315=AXIS2_PLACEMENT_3D('',#10312,#10313,#10314);
#10316=CYLINDRICAL_SURFACE('',#10315,7.E-1);
#10317=ORIENTED_EDGE('',*,*,#10162,.F.);
#10319=ORIENTED_EDGE('',*,*,#10318,.T.);
#10321=ORIENTED_EDGE('',*,*,#10320,.T.);
#10322=ORIENTED_EDGE('',*,*,#10305,.F.);
#10323=EDGE_LOOP('',(#10317,#10319,#10321,#10322));
#10324=FACE_OUTER_BOUND('',#10323,.F.);
#10325=ADVANCED_FACE('',(#10324),#10316,.T.);
#10326=CARTESIAN_POINT('',(7.5E-1,2.9E0,-7.5E-1));
#10327=DIRECTION('',(0.E0,0.E0,1.E0));
#10328=DIRECTION('',(0.E0,-1.E0,0.E0));
#10329=AXIS2_PLACEMENT_3D('',#10326,#10327,#10328);
#10330=PLANE('',#10329);
#10331=ORIENTED_EDGE('',*,*,#10160,.F.);
#10332=ORIENTED_EDGE('',*,*,#6636,.T.);
#10334=ORIENTED_EDGE('',*,*,#10333,.T.);
#10335=ORIENTED_EDGE('',*,*,#10318,.F.);
#10336=EDGE_LOOP('',(#10331,#10332,#10334,#10335));
#10337=FACE_OUTER_BOUND('',#10336,.F.);
#10338=ADVANCED_FACE('',(#10337),#10330,.T.);
#10339=CARTESIAN_POINT('',(7.5E-1,2.9E0,-7.5E-1));
#10340=DIRECTION('',(0.E0,0.E0,1.E0));
#10341=DIRECTION('',(0.E0,-1.E0,0.E0));
#10342=AXIS2_PLACEMENT_3D('',#10339,#10340,#10341);
#10343=PLANE('',#10342);
#10345=ORIENTED_EDGE('',*,*,#10344,.F.);
#10347=ORIENTED_EDGE('',*,*,#10346,.T.);
#10348=ORIENTED_EDGE('',*,*,#6196,.F.);
#10349=ORIENTED_EDGE('',*,*,#10100,.F.);
#10350=EDGE_LOOP('',(#10345,#10347,#10348,#10349));
#10351=FACE_OUTER_BOUND('',#10350,.F.);
#10352=ADVANCED_FACE('',(#10351),#10343,.T.);
#10353=CARTESIAN_POINT('',(1.25E0,0.E0,0.E0));
#10354=DIRECTION('',(1.E0,0.E0,0.E0));
#10355=DIRECTION('',(0.E0,0.E0,-1.E0));
#10356=AXIS2_PLACEMENT_3D('',#10353,#10354,#10355);
#10357=PLANE('',#10356);
#10359=ORIENTED_EDGE('',*,*,#10358,.F.);
#10360=ORIENTED_EDGE('',*,*,#10221,.F.);
#10361=ORIENTED_EDGE('',*,*,#6198,.F.);
#10362=ORIENTED_EDGE('',*,*,#10346,.F.);
#10363=EDGE_LOOP('',(#10359,#10360,#10361,#10362));
#10364=FACE_OUTER_BOUND('',#10363,.F.);
#10365=ADVANCED_FACE('',(#10364),#10357,.T.);
#10366=CARTESIAN_POINT('',(1.25E0,0.E0,0.E0));
#10367=DIRECTION('',(1.E0,0.E0,0.E0));
#10368=DIRECTION('',(0.E0,0.E0,-1.E0));
#10369=AXIS2_PLACEMENT_3D('',#10366,#10367,#10368);
#10370=PLANE('',#10369);
#10372=ORIENTED_EDGE('',*,*,#10371,.F.);
#10374=ORIENTED_EDGE('',*,*,#10373,.F.);
#10375=ORIENTED_EDGE('',*,*,#6188,.F.);
#10377=ORIENTED_EDGE('',*,*,#10376,.F.);
#10378=EDGE_LOOP('',(#10372,#10374,#10375,#10377));
#10379=FACE_OUTER_BOUND('',#10378,.F.);
#10380=ADVANCED_FACE('',(#10379),#10370,.T.);
#10381=CARTESIAN_POINT('',(1.25E0,0.E0,0.E0));
#10382=DIRECTION('',(1.E0,0.E0,0.E0));
#10383=DIRECTION('',(0.E0,0.E0,-1.E0));
#10384=AXIS2_PLACEMENT_3D('',#10381,#10382,#10383);
#10385=PLANE('',#10384);
#10387=ORIENTED_EDGE('',*,*,#10386,.F.);
#10389=ORIENTED_EDGE('',*,*,#10388,.F.);
#10391=ORIENTED_EDGE('',*,*,#10390,.F.);
#10393=ORIENTED_EDGE('',*,*,#10392,.F.);
#10394=ORIENTED_EDGE('',*,*,#6644,.F.);
#10396=ORIENTED_EDGE('',*,*,#10395,.F.);
#10398=ORIENTED_EDGE('',*,*,#10397,.F.);
#10400=ORIENTED_EDGE('',*,*,#10399,.F.);
#10401=EDGE_LOOP('',(#10387,#10389,#10391,#10393,#10394,#10396,#10398,#10400));
#10402=FACE_OUTER_BOUND('',#10401,.F.);
#10403=ADVANCED_FACE('',(#10402),#10385,.T.);
#10404=CARTESIAN_POINT('',(1.25E0,0.E0,0.E0));
#10405=DIRECTION('',(1.E0,0.E0,0.E0));
#10406=DIRECTION('',(0.E0,0.E0,-1.E0));
#10407=AXIS2_PLACEMENT_3D('',#10404,#10405,#10406);
#10408=PLANE('',#10407);
#10410=ORIENTED_EDGE('',*,*,#10409,.F.);
#10411=ORIENTED_EDGE('',*,*,#10307,.F.);
#10412=ORIENTED_EDGE('',*,*,#10320,.F.);
#10413=ORIENTED_EDGE('',*,*,#10333,.F.);
#10414=ORIENTED_EDGE('',*,*,#6634,.F.);
#10415=ORIENTED_EDGE('',*,*,#10207,.F.);
#10416=ORIENTED_EDGE('',*,*,#10234,.F.);
#10417=ORIENTED_EDGE('',*,*,#10247,.F.);
#10418=EDGE_LOOP('',(#10410,#10411,#10412,#10413,#10414,#10415,#10416,#10417));
#10419=FACE_OUTER_BOUND('',#10418,.F.);
#10420=ADVANCED_FACE('',(#10419),#10408,.T.);
#10421=CARTESIAN_POINT('',(1.175E0,2.6E0,-1.E0));
#10422=DIRECTION('',(9.701425001453E-1,2.425356250363E-1,0.E0));
#10423=DIRECTION('',(-2.425356250363E-1,9.701425001453E-1,0.E0));
#10424=AXIS2_PLACEMENT_3D('',#10421,#10422,#10423);
#10425=PLANE('',#10424);
#10427=ORIENTED_EDGE('',*,*,#10426,.F.);
#10428=ORIENTED_EDGE('',*,*,#10191,.T.);
#10429=ORIENTED_EDGE('',*,*,#10358,.T.);
#10431=ORIENTED_EDGE('',*,*,#10430,.T.);
#10432=EDGE_LOOP('',(#10427,#10428,#10429,#10431));
#10433=FACE_OUTER_BOUND('',#10432,.F.);
#10434=ADVANCED_FACE('',(#10433),#10425,.T.);
#10435=CARTESIAN_POINT('',(7.5E-1,2.9E0,-1.25E0));
#10436=DIRECTION('',(0.E0,1.E0,0.E0));
#10437=DIRECTION('',(0.E0,0.E0,1.E0));
#10438=AXIS2_PLACEMENT_3D('',#10435,#10436,#10437);
#10439=PLANE('',#10438);
#10441=ORIENTED_EDGE('',*,*,#10440,.T.);
#10442=ORIENTED_EDGE('',*,*,#10177,.T.);
#10443=ORIENTED_EDGE('',*,*,#10193,.F.);
#10444=ORIENTED_EDGE('',*,*,#10426,.T.);
#10445=EDGE_LOOP('',(#10441,#10442,#10443,#10444));
#10446=FACE_OUTER_BOUND('',#10445,.F.);
#10447=ADVANCED_FACE('',(#10446),#10439,.T.);
#10448=CARTESIAN_POINT('',(1.E0,2.6E0,-8.25E-1));
#10449=DIRECTION('',(0.E0,2.425356250363E-1,9.701425001453E-1));
#10450=DIRECTION('',(0.E0,9.701425001453E-1,-2.425356250363E-1));
#10451=AXIS2_PLACEMENT_3D('',#10448,#10449,#10450);
#10452=PLANE('',#10451);
#10453=ORIENTED_EDGE('',*,*,#10344,.T.);
#10454=ORIENTED_EDGE('',*,*,#10179,.F.);
#10455=ORIENTED_EDGE('',*,*,#10440,.F.);
#10456=ORIENTED_EDGE('',*,*,#10430,.F.);
#10457=EDGE_LOOP('',(#10453,#10454,#10455,#10456));
#10458=FACE_OUTER_BOUND('',#10457,.F.);
#10459=ADVANCED_FACE('',(#10458),#10452,.T.);
#10460=CARTESIAN_POINT('',(1.175E0,2.6E0,1.E0));
#10461=DIRECTION('',(9.701425001453E-1,2.425356250363E-1,0.E0));
#10462=DIRECTION('',(-2.425356250363E-1,9.701425001453E-1,0.E0));
#10463=AXIS2_PLACEMENT_3D('',#10460,#10461,#10462);
#10464=PLANE('',#10463);
#10466=ORIENTED_EDGE('',*,*,#10465,.F.);
#10468=ORIENTED_EDGE('',*,*,#10467,.T.);
#10469=ORIENTED_EDGE('',*,*,#10371,.T.);
#10471=ORIENTED_EDGE('',*,*,#10470,.F.);
#10472=EDGE_LOOP('',(#10466,#10468,#10469,#10471));
#10473=FACE_OUTER_BOUND('',#10472,.F.);
#10474=ADVANCED_FACE('',(#10473),#10464,.T.);
#10475=CARTESIAN_POINT('',(7.5E-1,2.9E0,7.5E-1));
#10476=DIRECTION('',(0.E0,1.E0,0.E0));
#10477=DIRECTION('',(0.E0,0.E0,1.E0));
#10478=AXIS2_PLACEMENT_3D('',#10475,#10476,#10477);
#10479=PLANE('',#10478);
#10481=ORIENTED_EDGE('',*,*,#10480,.T.);
#10483=ORIENTED_EDGE('',*,*,#10482,.T.);
#10485=ORIENTED_EDGE('',*,*,#10484,.F.);
#10486=ORIENTED_EDGE('',*,*,#10465,.T.);
#10487=EDGE_LOOP('',(#10481,#10483,#10485,#10486));
#10488=FACE_OUTER_BOUND('',#10487,.F.);
#10489=ADVANCED_FACE('',(#10488),#10479,.T.);
#10490=CARTESIAN_POINT('',(1.E0,2.6E0,1.175E0));
#10491=DIRECTION('',(0.E0,2.425356250363E-1,9.701425001453E-1));
#10492=DIRECTION('',(0.E0,9.701425001453E-1,-2.425356250363E-1));
#10493=AXIS2_PLACEMENT_3D('',#10490,#10491,#10492);
#10494=PLANE('',#10493);
#10496=ORIENTED_EDGE('',*,*,#10495,.T.);
#10498=ORIENTED_EDGE('',*,*,#10497,.F.);
#10499=ORIENTED_EDGE('',*,*,#10480,.F.);
#10500=ORIENTED_EDGE('',*,*,#10470,.T.);
#10501=EDGE_LOOP('',(#10496,#10498,#10499,#10500));
#10502=FACE_OUTER_BOUND('',#10501,.F.);
#10503=ADVANCED_FACE('',(#10502),#10494,.T.);
#10504=CARTESIAN_POINT('',(7.5E-1,2.9E0,1.25E0));
#10505=DIRECTION('',(0.E0,0.E0,1.E0));
#10506=DIRECTION('',(0.E0,-1.E0,0.E0));
#10507=AXIS2_PLACEMENT_3D('',#10504,#10505,#10506);
#10508=PLANE('',#10507);
#10509=ORIENTED_EDGE('',*,*,#10137,.F.);
#10510=ORIENTED_EDGE('',*,*,#6646,.T.);
#10511=ORIENTED_EDGE('',*,*,#10392,.T.);
#10513=ORIENTED_EDGE('',*,*,#10512,.F.);
#10514=EDGE_LOOP('',(#10509,#10510,#10511,#10513));
#10515=FACE_OUTER_BOUND('',#10514,.F.);
#10516=ADVANCED_FACE('',(#10515),#10508,.T.);
#10517=CARTESIAN_POINT('',(7.5E-1,2.9E0,1.25E0));
#10518=DIRECTION('',(0.E0,0.E0,1.E0));
#10519=DIRECTION('',(0.E0,-1.E0,0.E0));
#10520=AXIS2_PLACEMENT_3D('',#10517,#10518,#10519);
#10521=PLANE('',#10520);
#10522=ORIENTED_EDGE('',*,*,#10495,.F.);
#10523=ORIENTED_EDGE('',*,*,#10376,.T.);
#10524=ORIENTED_EDGE('',*,*,#6186,.F.);
#10525=ORIENTED_EDGE('',*,*,#10115,.F.);
#10526=EDGE_LOOP('',(#10522,#10523,#10524,#10525));
#10527=FACE_OUTER_BOUND('',#10526,.F.);
#10528=ADVANCED_FACE('',(#10527),#10521,.T.);
#10529=CARTESIAN_POINT('',(7.5E-1,-3.7E0,1.45E0));
#10530=DIRECTION('',(1.E0,0.E0,0.E0));
#10531=DIRECTION('',(0.E0,0.E0,-1.E0));
#10532=AXIS2_PLACEMENT_3D('',#10529,#10530,#10531);
#10533=CYLINDRICAL_SURFACE('',#10532,2.E-1);
#10534=ORIENTED_EDGE('',*,*,#10139,.F.);
#10535=ORIENTED_EDGE('',*,*,#10512,.T.);
#10536=ORIENTED_EDGE('',*,*,#10390,.T.);
#10538=ORIENTED_EDGE('',*,*,#10537,.F.);
#10539=EDGE_LOOP('',(#10534,#10535,#10536,#10538));
#10540=FACE_OUTER_BOUND('',#10539,.F.);
#10541=ADVANCED_FACE('',(#10540),#10533,.F.);
#10542=CARTESIAN_POINT('',(7.5E-1,-3.9E0,1.45E0));
#10543=DIRECTION('',(0.E0,1.E0,0.E0));
#10544=DIRECTION('',(0.E0,0.E0,1.E0));
#10545=AXIS2_PLACEMENT_3D('',#10542,#10543,#10544);
#10546=PLANE('',#10545);
#10548=ORIENTED_EDGE('',*,*,#10547,.T.);
#10549=ORIENTED_EDGE('',*,*,#10141,.F.);
#10550=ORIENTED_EDGE('',*,*,#10537,.T.);
#10551=ORIENTED_EDGE('',*,*,#10388,.T.);
#10552=EDGE_LOOP('',(#10548,#10549,#10550,#10551));
#10553=FACE_OUTER_BOUND('',#10552,.F.);
#10554=ADVANCED_FACE('',(#10553),#10546,.T.);
#10555=CARTESIAN_POINT('',(1.E0,-3.975E0,2.35E0));
#10556=DIRECTION('',(0.E0,9.701425001453E-1,2.425356250363E-1));
#10557=DIRECTION('',(0.E0,2.425356250363E-1,-9.701425001453E-1));
#10558=AXIS2_PLACEMENT_3D('',#10555,#10556,#10557);
#10559=PLANE('',#10558);
#10560=ORIENTED_EDGE('',*,*,#10547,.F.);
#10562=ORIENTED_EDGE('',*,*,#10561,.F.);
#10564=ORIENTED_EDGE('',*,*,#10563,.T.);
#10566=ORIENTED_EDGE('',*,*,#10565,.T.);
#10567=EDGE_LOOP('',(#10560,#10562,#10564,#10566));
#10568=FACE_OUTER_BOUND('',#10567,.F.);
#10569=ADVANCED_FACE('',(#10568),#10559,.T.);
#10570=CARTESIAN_POINT('',(1.175E0,-4.15E0,2.35E0));
#10571=DIRECTION('',(9.701425001453E-1,0.E0,2.425356250363E-1));
#10572=DIRECTION('',(-2.425356250363E-1,0.E0,9.701425001453E-1));
#10573=AXIS2_PLACEMENT_3D('',#10570,#10571,#10572);
#10574=PLANE('',#10573);
#10576=ORIENTED_EDGE('',*,*,#10575,.F.);
#10577=ORIENTED_EDGE('',*,*,#10561,.T.);
#10578=ORIENTED_EDGE('',*,*,#10386,.T.);
#10580=ORIENTED_EDGE('',*,*,#10579,.T.);
#10581=EDGE_LOOP('',(#10576,#10577,#10578,#10580));
#10582=FACE_OUTER_BOUND('',#10581,.F.);
#10583=ADVANCED_FACE('',(#10582),#10574,.T.);
#10584=CARTESIAN_POINT('',(7.5E-1,-3.9E0,2.65E0));
#10585=DIRECTION('',(0.E0,0.E0,1.E0));
#10586=DIRECTION('',(0.E0,-1.E0,0.E0));
#10587=AXIS2_PLACEMENT_3D('',#10584,#10585,#10586);
#10588=PLANE('',#10587);
#10590=ORIENTED_EDGE('',*,*,#10589,.T.);
#10592=ORIENTED_EDGE('',*,*,#10591,.T.);
#10593=ORIENTED_EDGE('',*,*,#10563,.F.);
#10594=ORIENTED_EDGE('',*,*,#10575,.T.);
#10595=EDGE_LOOP('',(#10590,#10592,#10593,#10594));
#10596=FACE_OUTER_BOUND('',#10595,.F.);
#10597=ADVANCED_FACE('',(#10596),#10588,.T.);
#10598=CARTESIAN_POINT('',(1.E0,-4.325E0,2.35E0));
#10599=DIRECTION('',(0.E0,-9.701425001453E-1,2.425356250363E-1));
#10600=DIRECTION('',(0.E0,2.425356250363E-1,9.701425001453E-1));
#10601=AXIS2_PLACEMENT_3D('',#10598,#10599,#10600);
#10602=PLANE('',#10601);
#10604=ORIENTED_EDGE('',*,*,#10603,.T.);
#10606=ORIENTED_EDGE('',*,*,#10605,.F.);
#10607=ORIENTED_EDGE('',*,*,#10589,.F.);
#10608=ORIENTED_EDGE('',*,*,#10579,.F.);
#10609=EDGE_LOOP('',(#10604,#10606,#10607,#10608));
#10610=FACE_OUTER_BOUND('',#10609,.F.);
#10611=ADVANCED_FACE('',(#10610),#10602,.T.);
#10612=CARTESIAN_POINT('',(7.5E-1,-4.4E0,2.65E0));
#10613=DIRECTION('',(0.E0,-1.E0,0.E0));
#10614=DIRECTION('',(0.E0,0.E0,-1.E0));
#10615=AXIS2_PLACEMENT_3D('',#10612,#10613,#10614);
#10616=PLANE('',#10615);
#10617=ORIENTED_EDGE('',*,*,#10603,.F.);
#10618=ORIENTED_EDGE('',*,*,#10399,.T.);
#10620=ORIENTED_EDGE('',*,*,#10619,.F.);
#10621=ORIENTED_EDGE('',*,*,#10130,.F.);
#10622=EDGE_LOOP('',(#10617,#10618,#10620,#10621));
#10623=FACE_OUTER_BOUND('',#10622,.F.);
#10624=ADVANCED_FACE('',(#10623),#10616,.T.);
#10625=CARTESIAN_POINT('',(7.5E-1,-3.7E0,1.45E0));
#10626=DIRECTION('',(1.E0,0.E0,0.E0));
#10627=DIRECTION('',(0.E0,0.E0,-1.E0));
#10628=AXIS2_PLACEMENT_3D('',#10625,#10626,#10627);
#10629=CYLINDRICAL_SURFACE('',#10628,7.E-1);
#10630=ORIENTED_EDGE('',*,*,#10132,.F.);
#10631=ORIENTED_EDGE('',*,*,#10619,.T.);
#10632=ORIENTED_EDGE('',*,*,#10397,.T.);
#10634=ORIENTED_EDGE('',*,*,#10633,.F.);
#10635=EDGE_LOOP('',(#10630,#10631,#10632,#10634));
#10636=FACE_OUTER_BOUND('',#10635,.F.);
#10637=ADVANCED_FACE('',(#10636),#10629,.T.);
#10638=CARTESIAN_POINT('',(7.5E-1,-3.7E0,7.5E-1));
#10639=DIRECTION('',(0.E0,0.E0,-1.E0));
#10640=DIRECTION('',(0.E0,1.E0,0.E0));
#10641=AXIS2_PLACEMENT_3D('',#10638,#10639,#10640);
#10642=PLANE('',#10641);
#10643=ORIENTED_EDGE('',*,*,#10134,.F.);
#10644=ORIENTED_EDGE('',*,*,#10633,.T.);
#10645=ORIENTED_EDGE('',*,*,#10395,.T.);
#10646=ORIENTED_EDGE('',*,*,#6642,.F.);
#10647=EDGE_LOOP('',(#10643,#10644,#10645,#10646));
#10648=FACE_OUTER_BOUND('',#10647,.F.);
#10649=ADVANCED_FACE('',(#10648),#10642,.T.);
#10650=CARTESIAN_POINT('',(7.5E-1,-3.7E0,7.5E-1));
#10651=DIRECTION('',(0.E0,0.E0,-1.E0));
#10652=DIRECTION('',(0.E0,1.E0,0.E0));
#10653=AXIS2_PLACEMENT_3D('',#10650,#10651,#10652);
#10654=PLANE('',#10653);
#10656=ORIENTED_EDGE('',*,*,#10655,.T.);
#10657=ORIENTED_EDGE('',*,*,#10118,.F.);
#10658=ORIENTED_EDGE('',*,*,#6190,.T.);
#10659=ORIENTED_EDGE('',*,*,#10373,.T.);
#10660=EDGE_LOOP('',(#10656,#10657,#10658,#10659));
#10661=FACE_OUTER_BOUND('',#10660,.F.);
#10662=ADVANCED_FACE('',(#10661),#10654,.T.);
#10663=CARTESIAN_POINT('',(1.E0,2.6E0,8.25E-1));
#10664=DIRECTION('',(0.E0,2.425356250363E-1,-9.701425001453E-1));
#10665=DIRECTION('',(0.E0,-9.701425001453E-1,-2.425356250363E-1));
#10666=AXIS2_PLACEMENT_3D('',#10663,#10664,#10665);
#10667=PLANE('',#10666);
#10668=ORIENTED_EDGE('',*,*,#10655,.F.);
#10669=ORIENTED_EDGE('',*,*,#10467,.F.);
#10670=ORIENTED_EDGE('',*,*,#10484,.T.);
#10672=ORIENTED_EDGE('',*,*,#10671,.T.);
#10673=EDGE_LOOP('',(#10668,#10669,#10670,#10672));
#10674=FACE_OUTER_BOUND('',#10673,.F.);
#10675=ADVANCED_FACE('',(#10674),#10667,.T.);
#10676=CARTESIAN_POINT('',(8.25E-1,2.6E0,1.E0));
#10677=DIRECTION('',(-9.701425001453E-1,2.425356250363E-1,0.E0));
#10678=DIRECTION('',(2.425356250363E-1,9.701425001453E-1,0.E0));
#10679=AXIS2_PLACEMENT_3D('',#10676,#10677,#10678);
#10680=PLANE('',#10679);
#10681=ORIENTED_EDGE('',*,*,#10113,.T.);
#10682=ORIENTED_EDGE('',*,*,#10671,.F.);
#10683=ORIENTED_EDGE('',*,*,#10482,.F.);
#10684=ORIENTED_EDGE('',*,*,#10497,.T.);
#10685=EDGE_LOOP('',(#10681,#10682,#10683,#10684));
#10686=FACE_OUTER_BOUND('',#10685,.F.);
#10687=ADVANCED_FACE('',(#10686),#10680,.T.);
#10688=CARTESIAN_POINT('',(8.25E-1,-4.15E0,2.35E0));
#10689=DIRECTION('',(-9.701425001453E-1,0.E0,2.425356250363E-1));
#10690=DIRECTION('',(2.425356250363E-1,0.E0,9.701425001453E-1));
#10691=AXIS2_PLACEMENT_3D('',#10688,#10689,#10690);
#10692=PLANE('',#10691);
#10693=ORIENTED_EDGE('',*,*,#10128,.T.);
#10694=ORIENTED_EDGE('',*,*,#10565,.F.);
#10695=ORIENTED_EDGE('',*,*,#10591,.F.);
#10696=ORIENTED_EDGE('',*,*,#10605,.T.);
#10697=EDGE_LOOP('',(#10693,#10694,#10695,#10696));
#10698=FACE_OUTER_BOUND('',#10697,.F.);
#10699=ADVANCED_FACE('',(#10698),#10692,.T.);
#10700=CARTESIAN_POINT('',(1.175E0,-4.15E0,-2.35E0));
#10701=DIRECTION('',(9.701425001453E-1,0.E0,-2.425356250363E-1));
#10702=DIRECTION('',(-2.425356250363E-1,0.E0,-9.701425001453E-1));
#10703=AXIS2_PLACEMENT_3D('',#10700,#10701,#10702);
#10704=PLANE('',#10703);
#10706=ORIENTED_EDGE('',*,*,#10705,.F.);
#10707=ORIENTED_EDGE('',*,*,#10290,.T.);
#10708=ORIENTED_EDGE('',*,*,#10409,.T.);
#10709=ORIENTED_EDGE('',*,*,#10264,.T.);
#10710=EDGE_LOOP('',(#10706,#10707,#10708,#10709));
#10711=FACE_OUTER_BOUND('',#10710,.F.);
#10712=ADVANCED_FACE('',(#10711),#10704,.T.);
#10713=CARTESIAN_POINT('',(7.5E-1,-4.4E0,-2.65E0));
#10714=DIRECTION('',(0.E0,0.E0,-1.E0));
#10715=DIRECTION('',(0.E0,1.E0,0.E0));
#10716=AXIS2_PLACEMENT_3D('',#10713,#10714,#10715);
#10717=PLANE('',#10716);
#10718=ORIENTED_EDGE('',*,*,#10262,.T.);
#10719=ORIENTED_EDGE('',*,*,#10277,.T.);
#10720=ORIENTED_EDGE('',*,*,#10292,.F.);
#10721=ORIENTED_EDGE('',*,*,#10705,.T.);
#10722=EDGE_LOOP('',(#10718,#10719,#10720,#10721));
#10723=FACE_OUTER_BOUND('',#10722,.F.);
#10724=ADVANCED_FACE('',(#10723),#10717,.T.);
#10725=CARTESIAN_POINT('',(2.75E0,0.E0,0.E0));
#10726=DIRECTION('',(1.E0,0.E0,0.E0));
#10727=DIRECTION('',(0.E0,0.E0,-1.E0));
#10728=AXIS2_PLACEMENT_3D('',#10725,#10726,#10727);
#10729=PLANE('',#10728);
#10731=ORIENTED_EDGE('',*,*,#10730,.F.);
#10733=ORIENTED_EDGE('',*,*,#10732,.T.);
#10734=ORIENTED_EDGE('',*,*,#6214,.T.);
#10736=ORIENTED_EDGE('',*,*,#10735,.T.);
#10737=EDGE_LOOP('',(#10731,#10733,#10734,#10736));
#10738=FACE_OUTER_BOUND('',#10737,.F.);
#10739=ADVANCED_FACE('',(#10738),#10729,.F.);
#10740=CARTESIAN_POINT('',(2.75E0,0.E0,0.E0));
#10741=DIRECTION('',(1.E0,0.E0,0.E0));
#10742=DIRECTION('',(0.E0,0.E0,-1.E0));
#10743=AXIS2_PLACEMENT_3D('',#10740,#10741,#10742);
#10744=PLANE('',#10743);
#10746=ORIENTED_EDGE('',*,*,#10745,.F.);
#10748=ORIENTED_EDGE('',*,*,#10747,.T.);
#10749=ORIENTED_EDGE('',*,*,#6204,.T.);
#10751=ORIENTED_EDGE('',*,*,#10750,.T.);
#10752=EDGE_LOOP('',(#10746,#10748,#10749,#10751));
#10753=FACE_OUTER_BOUND('',#10752,.F.);
#10754=ADVANCED_FACE('',(#10753),#10744,.F.);
#10755=CARTESIAN_POINT('',(2.75E0,0.E0,0.E0));
#10756=DIRECTION('',(1.E0,0.E0,0.E0));
#10757=DIRECTION('',(0.E0,0.E0,-1.E0));
#10758=AXIS2_PLACEMENT_3D('',#10755,#10756,#10757);
#10759=PLANE('',#10758);
#10761=ORIENTED_EDGE('',*,*,#10760,.F.);
#10763=ORIENTED_EDGE('',*,*,#10762,.T.);
#10765=ORIENTED_EDGE('',*,*,#10764,.T.);
#10767=ORIENTED_EDGE('',*,*,#10766,.T.);
#10768=ORIENTED_EDGE('',*,*,#6660,.T.);
#10770=ORIENTED_EDGE('',*,*,#10769,.T.);
#10772=ORIENTED_EDGE('',*,*,#10771,.T.);
#10774=ORIENTED_EDGE('',*,*,#10773,.T.);
#10775=EDGE_LOOP('',(#10761,#10763,#10765,#10767,#10768,#10770,#10772,#10774));
#10776=FACE_OUTER_BOUND('',#10775,.F.);
#10777=ADVANCED_FACE('',(#10776),#10759,.F.);
#10778=CARTESIAN_POINT('',(2.75E0,0.E0,0.E0));
#10779=DIRECTION('',(1.E0,0.E0,0.E0));
#10780=DIRECTION('',(0.E0,0.E0,-1.E0));
#10781=AXIS2_PLACEMENT_3D('',#10778,#10779,#10780);
#10782=PLANE('',#10781);
#10784=ORIENTED_EDGE('',*,*,#10783,.F.);
#10786=ORIENTED_EDGE('',*,*,#10785,.T.);
#10788=ORIENTED_EDGE('',*,*,#10787,.T.);
#10790=ORIENTED_EDGE('',*,*,#10789,.T.);
#10791=ORIENTED_EDGE('',*,*,#6650,.T.);
#10793=ORIENTED_EDGE('',*,*,#10792,.T.);
#10795=ORIENTED_EDGE('',*,*,#10794,.T.);
#10797=ORIENTED_EDGE('',*,*,#10796,.T.);
#10798=EDGE_LOOP('',(#10784,#10786,#10788,#10790,#10791,#10793,#10795,#10797));
#10799=FACE_OUTER_BOUND('',#10798,.F.);
#10800=ADVANCED_FACE('',(#10799),#10782,.F.);
#10801=CARTESIAN_POINT('',(2.825E0,2.6E0,-1.E0));
#10802=DIRECTION('',(-9.701425001453E-1,2.425356250363E-1,0.E0));
#10803=DIRECTION('',(2.425356250363E-1,9.701425001453E-1,0.E0));
#10804=AXIS2_PLACEMENT_3D('',#10801,#10802,#10803);
#10805=PLANE('',#10804);
#10806=ORIENTED_EDGE('',*,*,#10730,.T.);
#10808=ORIENTED_EDGE('',*,*,#10807,.F.);
#10810=ORIENTED_EDGE('',*,*,#10809,.F.);
#10812=ORIENTED_EDGE('',*,*,#10811,.T.);
#10813=EDGE_LOOP('',(#10806,#10808,#10810,#10812));
#10814=FACE_OUTER_BOUND('',#10813,.F.);
#10815=ADVANCED_FACE('',(#10814),#10805,.T.);
#10816=CARTESIAN_POINT('',(3.E0,2.6E0,-1.175E0));
#10817=DIRECTION('',(0.E0,2.425356250363E-1,-9.701425001453E-1));
#10818=DIRECTION('',(0.E0,-9.701425001453E-1,-2.425356250363E-1));
#10819=AXIS2_PLACEMENT_3D('',#10816,#10817,#10818);
#10820=PLANE('',#10819);
#10822=ORIENTED_EDGE('',*,*,#10821,.F.);
#10824=ORIENTED_EDGE('',*,*,#10823,.F.);
#10826=ORIENTED_EDGE('',*,*,#10825,.T.);
#10827=ORIENTED_EDGE('',*,*,#10807,.T.);
#10828=EDGE_LOOP('',(#10822,#10824,#10826,#10827));
#10829=FACE_OUTER_BOUND('',#10828,.F.);
#10830=ADVANCED_FACE('',(#10829),#10820,.T.);
#10831=CARTESIAN_POINT('',(2.75E0,-3.7E0,-1.25E0));
#10832=DIRECTION('',(0.E0,0.E0,-1.E0));
#10833=DIRECTION('',(0.E0,1.E0,0.E0));
#10834=AXIS2_PLACEMENT_3D('',#10831,#10832,#10833);
#10835=PLANE('',#10834);
#10836=ORIENTED_EDGE('',*,*,#10789,.F.);
#10838=ORIENTED_EDGE('',*,*,#10837,.T.);
#10840=ORIENTED_EDGE('',*,*,#10839,.T.);
#10841=ORIENTED_EDGE('',*,*,#6652,.F.);
#10842=EDGE_LOOP('',(#10836,#10838,#10840,#10841));
#10843=FACE_OUTER_BOUND('',#10842,.F.);
#10844=ADVANCED_FACE('',(#10843),#10835,.T.);
#10845=CARTESIAN_POINT('',(2.75E0,-3.7E0,-1.25E0));
#10846=DIRECTION('',(0.E0,0.E0,-1.E0));
#10847=DIRECTION('',(0.E0,1.E0,0.E0));
#10848=AXIS2_PLACEMENT_3D('',#10845,#10846,#10847);
#10849=PLANE('',#10848);
#10850=ORIENTED_EDGE('',*,*,#10821,.T.);
#10851=ORIENTED_EDGE('',*,*,#10735,.F.);
#10852=ORIENTED_EDGE('',*,*,#6220,.T.);
#10854=ORIENTED_EDGE('',*,*,#10853,.T.);
#10855=EDGE_LOOP('',(#10850,#10851,#10852,#10854));
#10856=FACE_OUTER_BOUND('',#10855,.F.);
#10857=ADVANCED_FACE('',(#10856),#10849,.T.);
#10858=CARTESIAN_POINT('',(2.75E0,-3.7E0,-1.45E0));
#10859=DIRECTION('',(1.E0,0.E0,0.E0));
#10860=DIRECTION('',(0.E0,0.E0,-1.E0));
#10861=AXIS2_PLACEMENT_3D('',#10858,#10859,#10860);
#10862=CYLINDRICAL_SURFACE('',#10861,2.E-1);
#10863=ORIENTED_EDGE('',*,*,#10787,.F.);
#10865=ORIENTED_EDGE('',*,*,#10864,.T.);
#10867=ORIENTED_EDGE('',*,*,#10866,.T.);
#10868=ORIENTED_EDGE('',*,*,#10837,.F.);
#10869=EDGE_LOOP('',(#10863,#10865,#10867,#10868));
#10870=FACE_OUTER_BOUND('',#10869,.F.);
#10871=ADVANCED_FACE('',(#10870),#10862,.F.);
#10872=CARTESIAN_POINT('',(2.75E0,-3.9E0,-2.65E0));
#10873=DIRECTION('',(0.E0,1.E0,0.E0));
#10874=DIRECTION('',(0.E0,0.E0,1.E0));
#10875=AXIS2_PLACEMENT_3D('',#10872,#10873,#10874);
#10876=PLANE('',#10875);
#10878=ORIENTED_EDGE('',*,*,#10877,.F.);
#10880=ORIENTED_EDGE('',*,*,#10879,.T.);
#10881=ORIENTED_EDGE('',*,*,#10864,.F.);
#10882=ORIENTED_EDGE('',*,*,#10785,.F.);
#10883=EDGE_LOOP('',(#10878,#10880,#10881,#10882));
#10884=FACE_OUTER_BOUND('',#10883,.F.);
#10885=ADVANCED_FACE('',(#10884),#10876,.T.);
#10886=CARTESIAN_POINT('',(3.E0,-3.975E0,-2.35E0));
#10887=DIRECTION('',(0.E0,9.701425001453E-1,-2.425356250363E-1));
#10888=DIRECTION('',(0.E0,-2.425356250363E-1,-9.701425001453E-1));
#10889=AXIS2_PLACEMENT_3D('',#10886,#10887,#10888);
#10890=PLANE('',#10889);
#10891=ORIENTED_EDGE('',*,*,#10877,.T.);
#10893=ORIENTED_EDGE('',*,*,#10892,.F.);
#10895=ORIENTED_EDGE('',*,*,#10894,.F.);
#10897=ORIENTED_EDGE('',*,*,#10896,.F.);
#10898=EDGE_LOOP('',(#10891,#10893,#10895,#10897));
#10899=FACE_OUTER_BOUND('',#10898,.F.);
#10900=ADVANCED_FACE('',(#10899),#10890,.T.);
#10901=CARTESIAN_POINT('',(2.825E0,-4.15E0,-2.35E0));
#10902=DIRECTION('',(-9.701425001453E-1,0.E0,-2.425356250363E-1));
#10903=DIRECTION('',(2.425356250363E-1,0.E0,-9.701425001453E-1));
#10904=AXIS2_PLACEMENT_3D('',#10901,#10902,#10903);
#10905=PLANE('',#10904);
#10906=ORIENTED_EDGE('',*,*,#10783,.T.);
#10908=ORIENTED_EDGE('',*,*,#10907,.F.);
#10910=ORIENTED_EDGE('',*,*,#10909,.F.);
#10911=ORIENTED_EDGE('',*,*,#10892,.T.);
#10912=EDGE_LOOP('',(#10906,#10908,#10910,#10911));
#10913=FACE_OUTER_BOUND('',#10912,.F.);
#10914=ADVANCED_FACE('',(#10913),#10905,.T.);
#10915=CARTESIAN_POINT('',(3.E0,-4.325E0,-2.35E0));
#10916=DIRECTION('',(0.E0,-9.701425001453E-1,-2.425356250363E-1));
#10917=DIRECTION('',(0.E0,-2.425356250363E-1,9.701425001453E-1));
#10918=AXIS2_PLACEMENT_3D('',#10915,#10916,#10917);
#10919=PLANE('',#10918);
#10921=ORIENTED_EDGE('',*,*,#10920,.F.);
#10923=ORIENTED_EDGE('',*,*,#10922,.F.);
#10925=ORIENTED_EDGE('',*,*,#10924,.T.);
#10926=ORIENTED_EDGE('',*,*,#10907,.T.);
#10927=EDGE_LOOP('',(#10921,#10923,#10925,#10926));
#10928=FACE_OUTER_BOUND('',#10927,.F.);
#10929=ADVANCED_FACE('',(#10928),#10919,.T.);
#10930=CARTESIAN_POINT('',(2.75E0,-4.4E0,-1.45E0));
#10931=DIRECTION('',(0.E0,-1.E0,0.E0));
#10932=DIRECTION('',(0.E0,0.E0,-1.E0));
#10933=AXIS2_PLACEMENT_3D('',#10930,#10931,#10932);
#10934=PLANE('',#10933);
#10935=ORIENTED_EDGE('',*,*,#10920,.T.);
#10936=ORIENTED_EDGE('',*,*,#10796,.F.);
#10938=ORIENTED_EDGE('',*,*,#10937,.T.);
#10940=ORIENTED_EDGE('',*,*,#10939,.T.);
#10941=EDGE_LOOP('',(#10935,#10936,#10938,#10940));
#10942=FACE_OUTER_BOUND('',#10941,.F.);
#10943=ADVANCED_FACE('',(#10942),#10934,.T.);
#10944=CARTESIAN_POINT('',(2.75E0,-3.7E0,-1.45E0));
#10945=DIRECTION('',(1.E0,0.E0,0.E0));
#10946=DIRECTION('',(0.E0,0.E0,-1.E0));
#10947=AXIS2_PLACEMENT_3D('',#10944,#10945,#10946);
#10948=CYLINDRICAL_SURFACE('',#10947,7.E-1);
#10949=ORIENTED_EDGE('',*,*,#10794,.F.);
#10951=ORIENTED_EDGE('',*,*,#10950,.T.);
#10953=ORIENTED_EDGE('',*,*,#10952,.T.);
#10954=ORIENTED_EDGE('',*,*,#10937,.F.);
#10955=EDGE_LOOP('',(#10949,#10951,#10953,#10954));
#10956=FACE_OUTER_BOUND('',#10955,.F.);
#10957=ADVANCED_FACE('',(#10956),#10948,.T.);
#10958=CARTESIAN_POINT('',(2.75E0,2.9E0,-7.5E-1));
#10959=DIRECTION('',(0.E0,0.E0,1.E0));
#10960=DIRECTION('',(0.E0,-1.E0,0.E0));
#10961=AXIS2_PLACEMENT_3D('',#10958,#10959,#10960);
#10962=PLANE('',#10961);
#10963=ORIENTED_EDGE('',*,*,#10792,.F.);
#10964=ORIENTED_EDGE('',*,*,#6656,.T.);
#10966=ORIENTED_EDGE('',*,*,#10965,.T.);
#10967=ORIENTED_EDGE('',*,*,#10950,.F.);
#10968=EDGE_LOOP('',(#10963,#10964,#10966,#10967));
#10969=FACE_OUTER_BOUND('',#10968,.F.);
#10970=ADVANCED_FACE('',(#10969),#10962,.T.);
#10971=CARTESIAN_POINT('',(2.75E0,2.9E0,-7.5E-1));
#10972=DIRECTION('',(0.E0,0.E0,1.E0));
#10973=DIRECTION('',(0.E0,-1.E0,0.E0));
#10974=AXIS2_PLACEMENT_3D('',#10971,#10972,#10973);
#10975=PLANE('',#10974);
#10977=ORIENTED_EDGE('',*,*,#10976,.F.);
#10979=ORIENTED_EDGE('',*,*,#10978,.T.);
#10980=ORIENTED_EDGE('',*,*,#6216,.F.);
#10981=ORIENTED_EDGE('',*,*,#10732,.F.);
#10982=EDGE_LOOP('',(#10977,#10979,#10980,#10981));
#10983=FACE_OUTER_BOUND('',#10982,.F.);
#10984=ADVANCED_FACE('',(#10983),#10975,.T.);
#10985=CARTESIAN_POINT('',(3.25E0,0.E0,0.E0));
#10986=DIRECTION('',(1.E0,0.E0,0.E0));
#10987=DIRECTION('',(0.E0,0.E0,-1.E0));
#10988=AXIS2_PLACEMENT_3D('',#10985,#10986,#10987);
#10989=PLANE('',#10988);
#10991=ORIENTED_EDGE('',*,*,#10990,.F.);
#10992=ORIENTED_EDGE('',*,*,#10853,.F.);
#10993=ORIENTED_EDGE('',*,*,#6218,.F.);
#10994=ORIENTED_EDGE('',*,*,#10978,.F.);
#10995=EDGE_LOOP('',(#10991,#10992,#10993,#10994));
#10996=FACE_OUTER_BOUND('',#10995,.F.);
#10997=ADVANCED_FACE('',(#10996),#10989,.T.);
#10998=CARTESIAN_POINT('',(3.25E0,0.E0,0.E0));
#10999=DIRECTION('',(1.E0,0.E0,0.E0));
#11000=DIRECTION('',(0.E0,0.E0,-1.E0));
#11001=AXIS2_PLACEMENT_3D('',#10998,#10999,#11000);
#11002=PLANE('',#11001);
#11004=ORIENTED_EDGE('',*,*,#11003,.F.);
#11006=ORIENTED_EDGE('',*,*,#11005,.F.);
#11007=ORIENTED_EDGE('',*,*,#6208,.F.);
#11009=ORIENTED_EDGE('',*,*,#11008,.F.);
#11010=EDGE_LOOP('',(#11004,#11006,#11007,#11009));
#11011=FACE_OUTER_BOUND('',#11010,.F.);
#11012=ADVANCED_FACE('',(#11011),#11002,.T.);
#11013=CARTESIAN_POINT('',(3.25E0,0.E0,0.E0));
#11014=DIRECTION('',(1.E0,0.E0,0.E0));
#11015=DIRECTION('',(0.E0,0.E0,-1.E0));
#11016=AXIS2_PLACEMENT_3D('',#11013,#11014,#11015);
#11017=PLANE('',#11016);
#11019=ORIENTED_EDGE('',*,*,#11018,.F.);
#11021=ORIENTED_EDGE('',*,*,#11020,.F.);
#11023=ORIENTED_EDGE('',*,*,#11022,.F.);
#11025=ORIENTED_EDGE('',*,*,#11024,.F.);
#11026=ORIENTED_EDGE('',*,*,#6664,.F.);
#11028=ORIENTED_EDGE('',*,*,#11027,.F.);
#11030=ORIENTED_EDGE('',*,*,#11029,.F.);
#11032=ORIENTED_EDGE('',*,*,#11031,.F.);
#11033=EDGE_LOOP('',(#11019,#11021,#11023,#11025,#11026,#11028,#11030,#11032));
#11034=FACE_OUTER_BOUND('',#11033,.F.);
#11035=ADVANCED_FACE('',(#11034),#11017,.T.);
#11036=CARTESIAN_POINT('',(3.25E0,0.E0,0.E0));
#11037=DIRECTION('',(1.E0,0.E0,0.E0));
#11038=DIRECTION('',(0.E0,0.E0,-1.E0));
#11039=AXIS2_PLACEMENT_3D('',#11036,#11037,#11038);
#11040=PLANE('',#11039);
#11042=ORIENTED_EDGE('',*,*,#11041,.F.);
#11043=ORIENTED_EDGE('',*,*,#10939,.F.);
#11044=ORIENTED_EDGE('',*,*,#10952,.F.);
#11045=ORIENTED_EDGE('',*,*,#10965,.F.);
#11046=ORIENTED_EDGE('',*,*,#6654,.F.);
#11047=ORIENTED_EDGE('',*,*,#10839,.F.);
#11048=ORIENTED_EDGE('',*,*,#10866,.F.);
#11049=ORIENTED_EDGE('',*,*,#10879,.F.);
#11050=EDGE_LOOP('',(#11042,#11043,#11044,#11045,#11046,#11047,#11048,#11049));
#11051=FACE_OUTER_BOUND('',#11050,.F.);
#11052=ADVANCED_FACE('',(#11051),#11040,.T.);
#11053=CARTESIAN_POINT('',(3.175E0,2.6E0,-1.E0));
#11054=DIRECTION('',(9.701425001453E-1,2.425356250363E-1,0.E0));
#11055=DIRECTION('',(-2.425356250363E-1,9.701425001453E-1,0.E0));
#11056=AXIS2_PLACEMENT_3D('',#11053,#11054,#11055);
#11057=PLANE('',#11056);
#11059=ORIENTED_EDGE('',*,*,#11058,.F.);
#11060=ORIENTED_EDGE('',*,*,#10823,.T.);
#11061=ORIENTED_EDGE('',*,*,#10990,.T.);
#11063=ORIENTED_EDGE('',*,*,#11062,.T.);
#11064=EDGE_LOOP('',(#11059,#11060,#11061,#11063));
#11065=FACE_OUTER_BOUND('',#11064,.F.);
#11066=ADVANCED_FACE('',(#11065),#11057,.T.);
#11067=CARTESIAN_POINT('',(2.75E0,2.9E0,-1.25E0));
#11068=DIRECTION('',(0.E0,1.E0,0.E0));
#11069=DIRECTION('',(0.E0,0.E0,1.E0));
#11070=AXIS2_PLACEMENT_3D('',#11067,#11068,#11069);
#11071=PLANE('',#11070);
#11073=ORIENTED_EDGE('',*,*,#11072,.T.);
#11074=ORIENTED_EDGE('',*,*,#10809,.T.);
#11075=ORIENTED_EDGE('',*,*,#10825,.F.);
#11076=ORIENTED_EDGE('',*,*,#11058,.T.);
#11077=EDGE_LOOP('',(#11073,#11074,#11075,#11076));
#11078=FACE_OUTER_BOUND('',#11077,.F.);
#11079=ADVANCED_FACE('',(#11078),#11071,.T.);
#11080=CARTESIAN_POINT('',(3.E0,2.6E0,-8.25E-1));
#11081=DIRECTION('',(0.E0,2.425356250363E-1,9.701425001453E-1));
#11082=DIRECTION('',(0.E0,9.701425001453E-1,-2.425356250363E-1));
#11083=AXIS2_PLACEMENT_3D('',#11080,#11081,#11082);
#11084=PLANE('',#11083);
#11085=ORIENTED_EDGE('',*,*,#10976,.T.);
#11086=ORIENTED_EDGE('',*,*,#10811,.F.);
#11087=ORIENTED_EDGE('',*,*,#11072,.F.);
#11088=ORIENTED_EDGE('',*,*,#11062,.F.);
#11089=EDGE_LOOP('',(#11085,#11086,#11087,#11088));
#11090=FACE_OUTER_BOUND('',#11089,.F.);
#11091=ADVANCED_FACE('',(#11090),#11084,.T.);
#11092=CARTESIAN_POINT('',(3.175E0,2.6E0,1.E0));
#11093=DIRECTION('',(9.701425001453E-1,2.425356250363E-1,0.E0));
#11094=DIRECTION('',(-2.425356250363E-1,9.701425001453E-1,0.E0));
#11095=AXIS2_PLACEMENT_3D('',#11092,#11093,#11094);
#11096=PLANE('',#11095);
#11098=ORIENTED_EDGE('',*,*,#11097,.F.);
#11100=ORIENTED_EDGE('',*,*,#11099,.T.);
#11101=ORIENTED_EDGE('',*,*,#11003,.T.);
#11103=ORIENTED_EDGE('',*,*,#11102,.F.);
#11104=EDGE_LOOP('',(#11098,#11100,#11101,#11103));
#11105=FACE_OUTER_BOUND('',#11104,.F.);
#11106=ADVANCED_FACE('',(#11105),#11096,.T.);
#11107=CARTESIAN_POINT('',(2.75E0,2.9E0,7.5E-1));
#11108=DIRECTION('',(0.E0,1.E0,0.E0));
#11109=DIRECTION('',(0.E0,0.E0,1.E0));
#11110=AXIS2_PLACEMENT_3D('',#11107,#11108,#11109);
#11111=PLANE('',#11110);
#11113=ORIENTED_EDGE('',*,*,#11112,.T.);
#11115=ORIENTED_EDGE('',*,*,#11114,.T.);
#11117=ORIENTED_EDGE('',*,*,#11116,.F.);
#11118=ORIENTED_EDGE('',*,*,#11097,.T.);
#11119=EDGE_LOOP('',(#11113,#11115,#11117,#11118));
#11120=FACE_OUTER_BOUND('',#11119,.F.);
#11121=ADVANCED_FACE('',(#11120),#11111,.T.);
#11122=CARTESIAN_POINT('',(3.E0,2.6E0,1.175E0));
#11123=DIRECTION('',(0.E0,2.425356250363E-1,9.701425001453E-1));
#11124=DIRECTION('',(0.E0,9.701425001453E-1,-2.425356250363E-1));
#11125=AXIS2_PLACEMENT_3D('',#11122,#11123,#11124);
#11126=PLANE('',#11125);
#11128=ORIENTED_EDGE('',*,*,#11127,.T.);
#11130=ORIENTED_EDGE('',*,*,#11129,.F.);
#11131=ORIENTED_EDGE('',*,*,#11112,.F.);
#11132=ORIENTED_EDGE('',*,*,#11102,.T.);
#11133=EDGE_LOOP('',(#11128,#11130,#11131,#11132));
#11134=FACE_OUTER_BOUND('',#11133,.F.);
#11135=ADVANCED_FACE('',(#11134),#11126,.T.);
#11136=CARTESIAN_POINT('',(2.75E0,2.9E0,1.25E0));
#11137=DIRECTION('',(0.E0,0.E0,1.E0));
#11138=DIRECTION('',(0.E0,-1.E0,0.E0));
#11139=AXIS2_PLACEMENT_3D('',#11136,#11137,#11138);
#11140=PLANE('',#11139);
#11141=ORIENTED_EDGE('',*,*,#10769,.F.);
#11142=ORIENTED_EDGE('',*,*,#6666,.T.);
#11143=ORIENTED_EDGE('',*,*,#11024,.T.);
#11145=ORIENTED_EDGE('',*,*,#11144,.F.);
#11146=EDGE_LOOP('',(#11141,#11142,#11143,#11145));
#11147=FACE_OUTER_BOUND('',#11146,.F.);
#11148=ADVANCED_FACE('',(#11147),#11140,.T.);
#11149=CARTESIAN_POINT('',(2.75E0,2.9E0,1.25E0));
#11150=DIRECTION('',(0.E0,0.E0,1.E0));
#11151=DIRECTION('',(0.E0,-1.E0,0.E0));
#11152=AXIS2_PLACEMENT_3D('',#11149,#11150,#11151);
#11153=PLANE('',#11152);
#11154=ORIENTED_EDGE('',*,*,#11127,.F.);
#11155=ORIENTED_EDGE('',*,*,#11008,.T.);
#11156=ORIENTED_EDGE('',*,*,#6206,.F.);
#11157=ORIENTED_EDGE('',*,*,#10747,.F.);
#11158=EDGE_LOOP('',(#11154,#11155,#11156,#11157));
#11159=FACE_OUTER_BOUND('',#11158,.F.);
#11160=ADVANCED_FACE('',(#11159),#11153,.T.);
#11161=CARTESIAN_POINT('',(2.75E0,-3.7E0,1.45E0));
#11162=DIRECTION('',(1.E0,0.E0,0.E0));
#11163=DIRECTION('',(0.E0,0.E0,-1.E0));
#11164=AXIS2_PLACEMENT_3D('',#11161,#11162,#11163);
#11165=CYLINDRICAL_SURFACE('',#11164,2.E-1);
#11166=ORIENTED_EDGE('',*,*,#10771,.F.);
#11167=ORIENTED_EDGE('',*,*,#11144,.T.);
#11168=ORIENTED_EDGE('',*,*,#11022,.T.);
#11170=ORIENTED_EDGE('',*,*,#11169,.F.);
#11171=EDGE_LOOP('',(#11166,#11167,#11168,#11170));
#11172=FACE_OUTER_BOUND('',#11171,.F.);
#11173=ADVANCED_FACE('',(#11172),#11165,.F.);
#11174=CARTESIAN_POINT('',(2.75E0,-3.9E0,1.45E0));
#11175=DIRECTION('',(0.E0,1.E0,0.E0));
#11176=DIRECTION('',(0.E0,0.E0,1.E0));
#11177=AXIS2_PLACEMENT_3D('',#11174,#11175,#11176);
#11178=PLANE('',#11177);
#11180=ORIENTED_EDGE('',*,*,#11179,.T.);
#11181=ORIENTED_EDGE('',*,*,#10773,.F.);
#11182=ORIENTED_EDGE('',*,*,#11169,.T.);
#11183=ORIENTED_EDGE('',*,*,#11020,.T.);
#11184=EDGE_LOOP('',(#11180,#11181,#11182,#11183));
#11185=FACE_OUTER_BOUND('',#11184,.F.);
#11186=ADVANCED_FACE('',(#11185),#11178,.T.);
#11187=CARTESIAN_POINT('',(3.E0,-3.975E0,2.35E0));
#11188=DIRECTION('',(0.E0,9.701425001453E-1,2.425356250363E-1));
#11189=DIRECTION('',(0.E0,2.425356250363E-1,-9.701425001453E-1));
#11190=AXIS2_PLACEMENT_3D('',#11187,#11188,#11189);
#11191=PLANE('',#11190);
#11192=ORIENTED_EDGE('',*,*,#11179,.F.);
#11194=ORIENTED_EDGE('',*,*,#11193,.F.);
#11196=ORIENTED_EDGE('',*,*,#11195,.T.);
#11198=ORIENTED_EDGE('',*,*,#11197,.T.);
#11199=EDGE_LOOP('',(#11192,#11194,#11196,#11198));
#11200=FACE_OUTER_BOUND('',#11199,.F.);
#11201=ADVANCED_FACE('',(#11200),#11191,.T.);
#11202=CARTESIAN_POINT('',(3.175E0,-4.15E0,2.35E0));
#11203=DIRECTION('',(9.701425001453E-1,0.E0,2.425356250363E-1));
#11204=DIRECTION('',(-2.425356250363E-1,0.E0,9.701425001453E-1));
#11205=AXIS2_PLACEMENT_3D('',#11202,#11203,#11204);
#11206=PLANE('',#11205);
#11208=ORIENTED_EDGE('',*,*,#11207,.F.);
#11209=ORIENTED_EDGE('',*,*,#11193,.T.);
#11210=ORIENTED_EDGE('',*,*,#11018,.T.);
#11212=ORIENTED_EDGE('',*,*,#11211,.T.);
#11213=EDGE_LOOP('',(#11208,#11209,#11210,#11212));
#11214=FACE_OUTER_BOUND('',#11213,.F.);
#11215=ADVANCED_FACE('',(#11214),#11206,.T.);
#11216=CARTESIAN_POINT('',(2.75E0,-3.9E0,2.65E0));
#11217=DIRECTION('',(0.E0,0.E0,1.E0));
#11218=DIRECTION('',(0.E0,-1.E0,0.E0));
#11219=AXIS2_PLACEMENT_3D('',#11216,#11217,#11218);
#11220=PLANE('',#11219);
#11222=ORIENTED_EDGE('',*,*,#11221,.T.);
#11224=ORIENTED_EDGE('',*,*,#11223,.T.);
#11225=ORIENTED_EDGE('',*,*,#11195,.F.);
#11226=ORIENTED_EDGE('',*,*,#11207,.T.);
#11227=EDGE_LOOP('',(#11222,#11224,#11225,#11226));
#11228=FACE_OUTER_BOUND('',#11227,.F.);
#11229=ADVANCED_FACE('',(#11228),#11220,.T.);
#11230=CARTESIAN_POINT('',(3.E0,-4.325E0,2.35E0));
#11231=DIRECTION('',(0.E0,-9.701425001453E-1,2.425356250363E-1));
#11232=DIRECTION('',(0.E0,2.425356250363E-1,9.701425001453E-1));
#11233=AXIS2_PLACEMENT_3D('',#11230,#11231,#11232);
#11234=PLANE('',#11233);
#11236=ORIENTED_EDGE('',*,*,#11235,.T.);
#11238=ORIENTED_EDGE('',*,*,#11237,.F.);
#11239=ORIENTED_EDGE('',*,*,#11221,.F.);
#11240=ORIENTED_EDGE('',*,*,#11211,.F.);
#11241=EDGE_LOOP('',(#11236,#11238,#11239,#11240));
#11242=FACE_OUTER_BOUND('',#11241,.F.);
#11243=ADVANCED_FACE('',(#11242),#11234,.T.);
#11244=CARTESIAN_POINT('',(2.75E0,-4.4E0,2.65E0));
#11245=DIRECTION('',(0.E0,-1.E0,0.E0));
#11246=DIRECTION('',(0.E0,0.E0,-1.E0));
#11247=AXIS2_PLACEMENT_3D('',#11244,#11245,#11246);
#11248=PLANE('',#11247);
#11249=ORIENTED_EDGE('',*,*,#11235,.F.);
#11250=ORIENTED_EDGE('',*,*,#11031,.T.);
#11252=ORIENTED_EDGE('',*,*,#11251,.F.);
#11253=ORIENTED_EDGE('',*,*,#10762,.F.);
#11254=EDGE_LOOP('',(#11249,#11250,#11252,#11253));
#11255=FACE_OUTER_BOUND('',#11254,.F.);
#11256=ADVANCED_FACE('',(#11255),#11248,.T.);
#11257=CARTESIAN_POINT('',(2.75E0,-3.7E0,1.45E0));
#11258=DIRECTION('',(1.E0,0.E0,0.E0));
#11259=DIRECTION('',(0.E0,0.E0,-1.E0));
#11260=AXIS2_PLACEMENT_3D('',#11257,#11258,#11259);
#11261=CYLINDRICAL_SURFACE('',#11260,7.E-1);
#11262=ORIENTED_EDGE('',*,*,#10764,.F.);
#11263=ORIENTED_EDGE('',*,*,#11251,.T.);
#11264=ORIENTED_EDGE('',*,*,#11029,.T.);
#11266=ORIENTED_EDGE('',*,*,#11265,.F.);
#11267=EDGE_LOOP('',(#11262,#11263,#11264,#11266));
#11268=FACE_OUTER_BOUND('',#11267,.F.);
#11269=ADVANCED_FACE('',(#11268),#11261,.T.);
#11270=CARTESIAN_POINT('',(2.75E0,-3.7E0,7.5E-1));
#11271=DIRECTION('',(0.E0,0.E0,-1.E0));
#11272=DIRECTION('',(0.E0,1.E0,0.E0));
#11273=AXIS2_PLACEMENT_3D('',#11270,#11271,#11272);
#11274=PLANE('',#11273);
#11275=ORIENTED_EDGE('',*,*,#10766,.F.);
#11276=ORIENTED_EDGE('',*,*,#11265,.T.);
#11277=ORIENTED_EDGE('',*,*,#11027,.T.);
#11278=ORIENTED_EDGE('',*,*,#6662,.F.);
#11279=EDGE_LOOP('',(#11275,#11276,#11277,#11278));
#11280=FACE_OUTER_BOUND('',#11279,.F.);
#11281=ADVANCED_FACE('',(#11280),#11274,.T.);
#11282=CARTESIAN_POINT('',(2.75E0,-3.7E0,7.5E-1));
#11283=DIRECTION('',(0.E0,0.E0,-1.E0));
#11284=DIRECTION('',(0.E0,1.E0,0.E0));
#11285=AXIS2_PLACEMENT_3D('',#11282,#11283,#11284);
#11286=PLANE('',#11285);
#11288=ORIENTED_EDGE('',*,*,#11287,.T.);
#11289=ORIENTED_EDGE('',*,*,#10750,.F.);
#11290=ORIENTED_EDGE('',*,*,#6210,.T.);
#11291=ORIENTED_EDGE('',*,*,#11005,.T.);
#11292=EDGE_LOOP('',(#11288,#11289,#11290,#11291));
#11293=FACE_OUTER_BOUND('',#11292,.F.);
#11294=ADVANCED_FACE('',(#11293),#11286,.T.);
#11295=CARTESIAN_POINT('',(3.E0,2.6E0,8.25E-1));
#11296=DIRECTION('',(0.E0,2.425356250363E-1,-9.701425001453E-1));
#11297=DIRECTION('',(0.E0,-9.701425001453E-1,-2.425356250363E-1));
#11298=AXIS2_PLACEMENT_3D('',#11295,#11296,#11297);
#11299=PLANE('',#11298);
#11300=ORIENTED_EDGE('',*,*,#11287,.F.);
#11301=ORIENTED_EDGE('',*,*,#11099,.F.);
#11302=ORIENTED_EDGE('',*,*,#11116,.T.);
#11304=ORIENTED_EDGE('',*,*,#11303,.T.);
#11305=EDGE_LOOP('',(#11300,#11301,#11302,#11304));
#11306=FACE_OUTER_BOUND('',#11305,.F.);
#11307=ADVANCED_FACE('',(#11306),#11299,.T.);
#11308=CARTESIAN_POINT('',(2.825E0,2.6E0,1.E0));
#11309=DIRECTION('',(-9.701425001453E-1,2.425356250363E-1,0.E0));
#11310=DIRECTION('',(2.425356250363E-1,9.701425001453E-1,0.E0));
#11311=AXIS2_PLACEMENT_3D('',#11308,#11309,#11310);
#11312=PLANE('',#11311);
#11313=ORIENTED_EDGE('',*,*,#10745,.T.);
#11314=ORIENTED_EDGE('',*,*,#11303,.F.);
#11315=ORIENTED_EDGE('',*,*,#11114,.F.);
#11316=ORIENTED_EDGE('',*,*,#11129,.T.);
#11317=EDGE_LOOP('',(#11313,#11314,#11315,#11316));
#11318=FACE_OUTER_BOUND('',#11317,.F.);
#11319=ADVANCED_FACE('',(#11318),#11312,.T.);
#11320=CARTESIAN_POINT('',(2.825E0,-4.15E0,2.35E0));
#11321=DIRECTION('',(-9.701425001453E-1,0.E0,2.425356250363E-1));
#11322=DIRECTION('',(2.425356250363E-1,0.E0,9.701425001453E-1));
#11323=AXIS2_PLACEMENT_3D('',#11320,#11321,#11322);
#11324=PLANE('',#11323);
#11325=ORIENTED_EDGE('',*,*,#10760,.T.);
#11326=ORIENTED_EDGE('',*,*,#11197,.F.);
#11327=ORIENTED_EDGE('',*,*,#11223,.F.);
#11328=ORIENTED_EDGE('',*,*,#11237,.T.);
#11329=EDGE_LOOP('',(#11325,#11326,#11327,#11328));
#11330=FACE_OUTER_BOUND('',#11329,.F.);
#11331=ADVANCED_FACE('',(#11330),#11324,.T.);
#11332=CARTESIAN_POINT('',(3.175E0,-4.15E0,-2.35E0));
#11333=DIRECTION('',(9.701425001453E-1,0.E0,-2.425356250363E-1));
#11334=DIRECTION('',(-2.425356250363E-1,0.E0,-9.701425001453E-1));
#11335=AXIS2_PLACEMENT_3D('',#11332,#11333,#11334);
#11336=PLANE('',#11335);
#11338=ORIENTED_EDGE('',*,*,#11337,.F.);
#11339=ORIENTED_EDGE('',*,*,#10922,.T.);
#11340=ORIENTED_EDGE('',*,*,#11041,.T.);
#11341=ORIENTED_EDGE('',*,*,#10896,.T.);
#11342=EDGE_LOOP('',(#11338,#11339,#11340,#11341));
#11343=FACE_OUTER_BOUND('',#11342,.F.);
#11344=ADVANCED_FACE('',(#11343),#11336,.T.);
#11345=CARTESIAN_POINT('',(2.75E0,-4.4E0,-2.65E0));
#11346=DIRECTION('',(0.E0,0.E0,-1.E0));
#11347=DIRECTION('',(0.E0,1.E0,0.E0));
#11348=AXIS2_PLACEMENT_3D('',#11345,#11346,#11347);
#11349=PLANE('',#11348);
#11350=ORIENTED_EDGE('',*,*,#10894,.T.);
#11351=ORIENTED_EDGE('',*,*,#10909,.T.);
#11352=ORIENTED_EDGE('',*,*,#10924,.F.);
#11353=ORIENTED_EDGE('',*,*,#11337,.T.);
#11354=EDGE_LOOP('',(#11350,#11351,#11352,#11353));
#11355=FACE_OUTER_BOUND('',#11354,.F.);
#11356=ADVANCED_FACE('',(#11355),#11349,.T.);
#11357=CARTESIAN_POINT('',(4.75E0,0.E0,0.E0));
#11358=DIRECTION('',(1.E0,0.E0,0.E0));
#11359=DIRECTION('',(0.E0,0.E0,-1.E0));
#11360=AXIS2_PLACEMENT_3D('',#11357,#11358,#11359);
#11361=PLANE('',#11360);
#11363=ORIENTED_EDGE('',*,*,#11362,.F.);
#11365=ORIENTED_EDGE('',*,*,#11364,.T.);
#11366=ORIENTED_EDGE('',*,*,#6234,.T.);
#11368=ORIENTED_EDGE('',*,*,#11367,.T.);
#11369=EDGE_LOOP('',(#11363,#11365,#11366,#11368));
#11370=FACE_OUTER_BOUND('',#11369,.F.);
#11371=ADVANCED_FACE('',(#11370),#11361,.F.);
#11372=CARTESIAN_POINT('',(4.75E0,0.E0,0.E0));
#11373=DIRECTION('',(1.E0,0.E0,0.E0));
#11374=DIRECTION('',(0.E0,0.E0,-1.E0));
#11375=AXIS2_PLACEMENT_3D('',#11372,#11373,#11374);
#11376=PLANE('',#11375);
#11378=ORIENTED_EDGE('',*,*,#11377,.F.);
#11380=ORIENTED_EDGE('',*,*,#11379,.T.);
#11381=ORIENTED_EDGE('',*,*,#6224,.T.);
#11383=ORIENTED_EDGE('',*,*,#11382,.T.);
#11384=EDGE_LOOP('',(#11378,#11380,#11381,#11383));
#11385=FACE_OUTER_BOUND('',#11384,.F.);
#11386=ADVANCED_FACE('',(#11385),#11376,.F.);
#11387=CARTESIAN_POINT('',(4.75E0,0.E0,0.E0));
#11388=DIRECTION('',(1.E0,0.E0,0.E0));
#11389=DIRECTION('',(0.E0,0.E0,-1.E0));
#11390=AXIS2_PLACEMENT_3D('',#11387,#11388,#11389);
#11391=PLANE('',#11390);
#11393=ORIENTED_EDGE('',*,*,#11392,.F.);
#11395=ORIENTED_EDGE('',*,*,#11394,.T.);
#11397=ORIENTED_EDGE('',*,*,#11396,.T.);
#11399=ORIENTED_EDGE('',*,*,#11398,.T.);
#11400=ORIENTED_EDGE('',*,*,#6680,.T.);
#11402=ORIENTED_EDGE('',*,*,#11401,.T.);
#11404=ORIENTED_EDGE('',*,*,#11403,.T.);
#11406=ORIENTED_EDGE('',*,*,#11405,.T.);
#11407=EDGE_LOOP('',(#11393,#11395,#11397,#11399,#11400,#11402,#11404,#11406));
#11408=FACE_OUTER_BOUND('',#11407,.F.);
#11409=ADVANCED_FACE('',(#11408),#11391,.F.);
#11410=CARTESIAN_POINT('',(4.75E0,0.E0,0.E0));
#11411=DIRECTION('',(1.E0,0.E0,0.E0));
#11412=DIRECTION('',(0.E0,0.E0,-1.E0));
#11413=AXIS2_PLACEMENT_3D('',#11410,#11411,#11412);
#11414=PLANE('',#11413);
#11416=ORIENTED_EDGE('',*,*,#11415,.F.);
#11418=ORIENTED_EDGE('',*,*,#11417,.T.);
#11420=ORIENTED_EDGE('',*,*,#11419,.T.);
#11422=ORIENTED_EDGE('',*,*,#11421,.T.);
#11423=ORIENTED_EDGE('',*,*,#6670,.T.);
#11425=ORIENTED_EDGE('',*,*,#11424,.T.);
#11427=ORIENTED_EDGE('',*,*,#11426,.T.);
#11429=ORIENTED_EDGE('',*,*,#11428,.T.);
#11430=EDGE_LOOP('',(#11416,#11418,#11420,#11422,#11423,#11425,#11427,#11429));
#11431=FACE_OUTER_BOUND('',#11430,.F.);
#11432=ADVANCED_FACE('',(#11431),#11414,.F.);
#11433=CARTESIAN_POINT('',(4.825E0,2.6E0,-1.E0));
#11434=DIRECTION('',(-9.701425001453E-1,2.425356250363E-1,0.E0));
#11435=DIRECTION('',(2.425356250363E-1,9.701425001453E-1,0.E0));
#11436=AXIS2_PLACEMENT_3D('',#11433,#11434,#11435);
#11437=PLANE('',#11436);
#11438=ORIENTED_EDGE('',*,*,#11362,.T.);
#11440=ORIENTED_EDGE('',*,*,#11439,.F.);
#11442=ORIENTED_EDGE('',*,*,#11441,.F.);
#11444=ORIENTED_EDGE('',*,*,#11443,.T.);
#11445=EDGE_LOOP('',(#11438,#11440,#11442,#11444));
#11446=FACE_OUTER_BOUND('',#11445,.F.);
#11447=ADVANCED_FACE('',(#11446),#11437,.T.);
#11448=CARTESIAN_POINT('',(5.E0,2.6E0,-1.175E0));
#11449=DIRECTION('',(0.E0,2.425356250363E-1,-9.701425001453E-1));
#11450=DIRECTION('',(0.E0,-9.701425001453E-1,-2.425356250363E-1));
#11451=AXIS2_PLACEMENT_3D('',#11448,#11449,#11450);
#11452=PLANE('',#11451);
#11454=ORIENTED_EDGE('',*,*,#11453,.F.);
#11456=ORIENTED_EDGE('',*,*,#11455,.F.);
#11458=ORIENTED_EDGE('',*,*,#11457,.T.);
#11459=ORIENTED_EDGE('',*,*,#11439,.T.);
#11460=EDGE_LOOP('',(#11454,#11456,#11458,#11459));
#11461=FACE_OUTER_BOUND('',#11460,.F.);
#11462=ADVANCED_FACE('',(#11461),#11452,.T.);
#11463=CARTESIAN_POINT('',(4.75E0,-3.7E0,-1.25E0));
#11464=DIRECTION('',(0.E0,0.E0,-1.E0));
#11465=DIRECTION('',(0.E0,1.E0,0.E0));
#11466=AXIS2_PLACEMENT_3D('',#11463,#11464,#11465);
#11467=PLANE('',#11466);
#11468=ORIENTED_EDGE('',*,*,#11421,.F.);
#11470=ORIENTED_EDGE('',*,*,#11469,.T.);
#11472=ORIENTED_EDGE('',*,*,#11471,.T.);
#11473=ORIENTED_EDGE('',*,*,#6672,.F.);
#11474=EDGE_LOOP('',(#11468,#11470,#11472,#11473));
#11475=FACE_OUTER_BOUND('',#11474,.F.);
#11476=ADVANCED_FACE('',(#11475),#11467,.T.);
#11477=CARTESIAN_POINT('',(4.75E0,-3.7E0,-1.25E0));
#11478=DIRECTION('',(0.E0,0.E0,-1.E0));
#11479=DIRECTION('',(0.E0,1.E0,0.E0));
#11480=AXIS2_PLACEMENT_3D('',#11477,#11478,#11479);
#11481=PLANE('',#11480);
#11482=ORIENTED_EDGE('',*,*,#11453,.T.);
#11483=ORIENTED_EDGE('',*,*,#11367,.F.);
#11484=ORIENTED_EDGE('',*,*,#6240,.T.);
#11486=ORIENTED_EDGE('',*,*,#11485,.T.);
#11487=EDGE_LOOP('',(#11482,#11483,#11484,#11486));
#11488=FACE_OUTER_BOUND('',#11487,.F.);
#11489=ADVANCED_FACE('',(#11488),#11481,.T.);
#11490=CARTESIAN_POINT('',(4.75E0,-3.7E0,-1.45E0));
#11491=DIRECTION('',(1.E0,0.E0,0.E0));
#11492=DIRECTION('',(0.E0,0.E0,-1.E0));
#11493=AXIS2_PLACEMENT_3D('',#11490,#11491,#11492);
#11494=CYLINDRICAL_SURFACE('',#11493,2.E-1);
#11495=ORIENTED_EDGE('',*,*,#11419,.F.);
#11497=ORIENTED_EDGE('',*,*,#11496,.T.);
#11499=ORIENTED_EDGE('',*,*,#11498,.T.);
#11500=ORIENTED_EDGE('',*,*,#11469,.F.);
#11501=EDGE_LOOP('',(#11495,#11497,#11499,#11500));
#11502=FACE_OUTER_BOUND('',#11501,.F.);
#11503=ADVANCED_FACE('',(#11502),#11494,.F.);
#11504=CARTESIAN_POINT('',(4.75E0,-3.9E0,-2.65E0));
#11505=DIRECTION('',(0.E0,1.E0,0.E0));
#11506=DIRECTION('',(0.E0,0.E0,1.E0));
#11507=AXIS2_PLACEMENT_3D('',#11504,#11505,#11506);
#11508=PLANE('',#11507);
#11510=ORIENTED_EDGE('',*,*,#11509,.F.);
#11512=ORIENTED_EDGE('',*,*,#11511,.T.);
#11513=ORIENTED_EDGE('',*,*,#11496,.F.);
#11514=ORIENTED_EDGE('',*,*,#11417,.F.);
#11515=EDGE_LOOP('',(#11510,#11512,#11513,#11514));
#11516=FACE_OUTER_BOUND('',#11515,.F.);
#11517=ADVANCED_FACE('',(#11516),#11508,.T.);
#11518=CARTESIAN_POINT('',(5.E0,-3.975E0,-2.35E0));
#11519=DIRECTION('',(0.E0,9.701425001453E-1,-2.425356250363E-1));
#11520=DIRECTION('',(0.E0,-2.425356250363E-1,-9.701425001453E-1));
#11521=AXIS2_PLACEMENT_3D('',#11518,#11519,#11520);
#11522=PLANE('',#11521);
#11523=ORIENTED_EDGE('',*,*,#11509,.T.);
#11525=ORIENTED_EDGE('',*,*,#11524,.F.);
#11527=ORIENTED_EDGE('',*,*,#11526,.F.);
#11529=ORIENTED_EDGE('',*,*,#11528,.F.);
#11530=EDGE_LOOP('',(#11523,#11525,#11527,#11529));
#11531=FACE_OUTER_BOUND('',#11530,.F.);
#11532=ADVANCED_FACE('',(#11531),#11522,.T.);
#11533=CARTESIAN_POINT('',(4.825E0,-4.15E0,-2.35E0));
#11534=DIRECTION('',(-9.701425001453E-1,0.E0,-2.425356250363E-1));
#11535=DIRECTION('',(2.425356250363E-1,0.E0,-9.701425001453E-1));
#11536=AXIS2_PLACEMENT_3D('',#11533,#11534,#11535);
#11537=PLANE('',#11536);
#11538=ORIENTED_EDGE('',*,*,#11415,.T.);
#11540=ORIENTED_EDGE('',*,*,#11539,.F.);
#11542=ORIENTED_EDGE('',*,*,#11541,.F.);
#11543=ORIENTED_EDGE('',*,*,#11524,.T.);
#11544=EDGE_LOOP('',(#11538,#11540,#11542,#11543));
#11545=FACE_OUTER_BOUND('',#11544,.F.);
#11546=ADVANCED_FACE('',(#11545),#11537,.T.);
#11547=CARTESIAN_POINT('',(5.E0,-4.325E0,-2.35E0));
#11548=DIRECTION('',(0.E0,-9.701425001453E-1,-2.425356250363E-1));
#11549=DIRECTION('',(0.E0,-2.425356250363E-1,9.701425001453E-1));
#11550=AXIS2_PLACEMENT_3D('',#11547,#11548,#11549);
#11551=PLANE('',#11550);
#11553=ORIENTED_EDGE('',*,*,#11552,.F.);
#11555=ORIENTED_EDGE('',*,*,#11554,.F.);
#11557=ORIENTED_EDGE('',*,*,#11556,.T.);
#11558=ORIENTED_EDGE('',*,*,#11539,.T.);
#11559=EDGE_LOOP('',(#11553,#11555,#11557,#11558));
#11560=FACE_OUTER_BOUND('',#11559,.F.);
#11561=ADVANCED_FACE('',(#11560),#11551,.T.);
#11562=CARTESIAN_POINT('',(4.75E0,-4.4E0,-1.45E0));
#11563=DIRECTION('',(0.E0,-1.E0,0.E0));
#11564=DIRECTION('',(0.E0,0.E0,-1.E0));
#11565=AXIS2_PLACEMENT_3D('',#11562,#11563,#11564);
#11566=PLANE('',#11565);
#11567=ORIENTED_EDGE('',*,*,#11552,.T.);
#11568=ORIENTED_EDGE('',*,*,#11428,.F.);
#11570=ORIENTED_EDGE('',*,*,#11569,.T.);
#11572=ORIENTED_EDGE('',*,*,#11571,.T.);
#11573=EDGE_LOOP('',(#11567,#11568,#11570,#11572));
#11574=FACE_OUTER_BOUND('',#11573,.F.);
#11575=ADVANCED_FACE('',(#11574),#11566,.T.);
#11576=CARTESIAN_POINT('',(4.75E0,-3.7E0,-1.45E0));
#11577=DIRECTION('',(1.E0,0.E0,0.E0));
#11578=DIRECTION('',(0.E0,0.E0,-1.E0));
#11579=AXIS2_PLACEMENT_3D('',#11576,#11577,#11578);
#11580=CYLINDRICAL_SURFACE('',#11579,7.E-1);
#11581=ORIENTED_EDGE('',*,*,#11426,.F.);
#11583=ORIENTED_EDGE('',*,*,#11582,.T.);
#11585=ORIENTED_EDGE('',*,*,#11584,.T.);
#11586=ORIENTED_EDGE('',*,*,#11569,.F.);
#11587=EDGE_LOOP('',(#11581,#11583,#11585,#11586));
#11588=FACE_OUTER_BOUND('',#11587,.F.);
#11589=ADVANCED_FACE('',(#11588),#11580,.T.);
#11590=CARTESIAN_POINT('',(4.75E0,2.9E0,-7.5E-1));
#11591=DIRECTION('',(0.E0,0.E0,1.E0));
#11592=DIRECTION('',(0.E0,-1.E0,0.E0));
#11593=AXIS2_PLACEMENT_3D('',#11590,#11591,#11592);
#11594=PLANE('',#11593);
#11595=ORIENTED_EDGE('',*,*,#11424,.F.);
#11596=ORIENTED_EDGE('',*,*,#6676,.T.);
#11598=ORIENTED_EDGE('',*,*,#11597,.T.);
#11599=ORIENTED_EDGE('',*,*,#11582,.F.);
#11600=EDGE_LOOP('',(#11595,#11596,#11598,#11599));
#11601=FACE_OUTER_BOUND('',#11600,.F.);
#11602=ADVANCED_FACE('',(#11601),#11594,.T.);
#11603=CARTESIAN_POINT('',(4.75E0,2.9E0,-7.5E-1));
#11604=DIRECTION('',(0.E0,0.E0,1.E0));
#11605=DIRECTION('',(0.E0,-1.E0,0.E0));
#11606=AXIS2_PLACEMENT_3D('',#11603,#11604,#11605);
#11607=PLANE('',#11606);
#11609=ORIENTED_EDGE('',*,*,#11608,.F.);
#11611=ORIENTED_EDGE('',*,*,#11610,.T.);
#11612=ORIENTED_EDGE('',*,*,#6236,.F.);
#11613=ORIENTED_EDGE('',*,*,#11364,.F.);
#11614=EDGE_LOOP('',(#11609,#11611,#11612,#11613));
#11615=FACE_OUTER_BOUND('',#11614,.F.);
#11616=ADVANCED_FACE('',(#11615),#11607,.T.);
#11617=CARTESIAN_POINT('',(5.25E0,0.E0,0.E0));
#11618=DIRECTION('',(1.E0,0.E0,0.E0));
#11619=DIRECTION('',(0.E0,0.E0,-1.E0));
#11620=AXIS2_PLACEMENT_3D('',#11617,#11618,#11619);
#11621=PLANE('',#11620);
#11623=ORIENTED_EDGE('',*,*,#11622,.F.);
#11624=ORIENTED_EDGE('',*,*,#11485,.F.);
#11625=ORIENTED_EDGE('',*,*,#6238,.F.);
#11626=ORIENTED_EDGE('',*,*,#11610,.F.);
#11627=EDGE_LOOP('',(#11623,#11624,#11625,#11626));
#11628=FACE_OUTER_BOUND('',#11627,.F.);
#11629=ADVANCED_FACE('',(#11628),#11621,.T.);
#11630=CARTESIAN_POINT('',(5.25E0,0.E0,0.E0));
#11631=DIRECTION('',(1.E0,0.E0,0.E0));
#11632=DIRECTION('',(0.E0,0.E0,-1.E0));
#11633=AXIS2_PLACEMENT_3D('',#11630,#11631,#11632);
#11634=PLANE('',#11633);
#11636=ORIENTED_EDGE('',*,*,#11635,.F.);
#11638=ORIENTED_EDGE('',*,*,#11637,.F.);
#11639=ORIENTED_EDGE('',*,*,#6228,.F.);
#11641=ORIENTED_EDGE('',*,*,#11640,.F.);
#11642=EDGE_LOOP('',(#11636,#11638,#11639,#11641));
#11643=FACE_OUTER_BOUND('',#11642,.F.);
#11644=ADVANCED_FACE('',(#11643),#11634,.T.);
#11645=CARTESIAN_POINT('',(5.25E0,0.E0,0.E0));
#11646=DIRECTION('',(1.E0,0.E0,0.E0));
#11647=DIRECTION('',(0.E0,0.E0,-1.E0));
#11648=AXIS2_PLACEMENT_3D('',#11645,#11646,#11647);
#11649=PLANE('',#11648);
#11651=ORIENTED_EDGE('',*,*,#11650,.F.);
#11653=ORIENTED_EDGE('',*,*,#11652,.F.);
#11655=ORIENTED_EDGE('',*,*,#11654,.F.);
#11657=ORIENTED_EDGE('',*,*,#11656,.F.);
#11658=ORIENTED_EDGE('',*,*,#6684,.F.);
#11660=ORIENTED_EDGE('',*,*,#11659,.F.);
#11662=ORIENTED_EDGE('',*,*,#11661,.F.);
#11664=ORIENTED_EDGE('',*,*,#11663,.F.);
#11665=EDGE_LOOP('',(#11651,#11653,#11655,#11657,#11658,#11660,#11662,#11664));
#11666=FACE_OUTER_BOUND('',#11665,.F.);
#11667=ADVANCED_FACE('',(#11666),#11649,.T.);
#11668=CARTESIAN_POINT('',(5.25E0,0.E0,0.E0));
#11669=DIRECTION('',(1.E0,0.E0,0.E0));
#11670=DIRECTION('',(0.E0,0.E0,-1.E0));
#11671=AXIS2_PLACEMENT_3D('',#11668,#11669,#11670);
#11672=PLANE('',#11671);
#11674=ORIENTED_EDGE('',*,*,#11673,.F.);
#11675=ORIENTED_EDGE('',*,*,#11571,.F.);
#11676=ORIENTED_EDGE('',*,*,#11584,.F.);
#11677=ORIENTED_EDGE('',*,*,#11597,.F.);
#11678=ORIENTED_EDGE('',*,*,#6674,.F.);
#11679=ORIENTED_EDGE('',*,*,#11471,.F.);
#11680=ORIENTED_EDGE('',*,*,#11498,.F.);
#11681=ORIENTED_EDGE('',*,*,#11511,.F.);
#11682=EDGE_LOOP('',(#11674,#11675,#11676,#11677,#11678,#11679,#11680,#11681));
#11683=FACE_OUTER_BOUND('',#11682,.F.);
#11684=ADVANCED_FACE('',(#11683),#11672,.T.);
#11685=CARTESIAN_POINT('',(5.175E0,2.6E0,-1.E0));
#11686=DIRECTION('',(9.701425001453E-1,2.425356250363E-1,0.E0));
#11687=DIRECTION('',(-2.425356250363E-1,9.701425001453E-1,0.E0));
#11688=AXIS2_PLACEMENT_3D('',#11685,#11686,#11687);
#11689=PLANE('',#11688);
#11691=ORIENTED_EDGE('',*,*,#11690,.F.);
#11692=ORIENTED_EDGE('',*,*,#11455,.T.);
#11693=ORIENTED_EDGE('',*,*,#11622,.T.);
#11695=ORIENTED_EDGE('',*,*,#11694,.T.);
#11696=EDGE_LOOP('',(#11691,#11692,#11693,#11695));
#11697=FACE_OUTER_BOUND('',#11696,.F.);
#11698=ADVANCED_FACE('',(#11697),#11689,.T.);
#11699=CARTESIAN_POINT('',(4.75E0,2.9E0,-1.25E0));
#11700=DIRECTION('',(0.E0,1.E0,0.E0));
#11701=DIRECTION('',(0.E0,0.E0,1.E0));
#11702=AXIS2_PLACEMENT_3D('',#11699,#11700,#11701);
#11703=PLANE('',#11702);
#11705=ORIENTED_EDGE('',*,*,#11704,.T.);
#11706=ORIENTED_EDGE('',*,*,#11441,.T.);
#11707=ORIENTED_EDGE('',*,*,#11457,.F.);
#11708=ORIENTED_EDGE('',*,*,#11690,.T.);
#11709=EDGE_LOOP('',(#11705,#11706,#11707,#11708));
#11710=FACE_OUTER_BOUND('',#11709,.F.);
#11711=ADVANCED_FACE('',(#11710),#11703,.T.);
#11712=CARTESIAN_POINT('',(5.E0,2.6E0,-8.25E-1));
#11713=DIRECTION('',(0.E0,2.425356250363E-1,9.701425001453E-1));
#11714=DIRECTION('',(0.E0,9.701425001453E-1,-2.425356250363E-1));
#11715=AXIS2_PLACEMENT_3D('',#11712,#11713,#11714);
#11716=PLANE('',#11715);
#11717=ORIENTED_EDGE('',*,*,#11608,.T.);
#11718=ORIENTED_EDGE('',*,*,#11443,.F.);
#11719=ORIENTED_EDGE('',*,*,#11704,.F.);
#11720=ORIENTED_EDGE('',*,*,#11694,.F.);
#11721=EDGE_LOOP('',(#11717,#11718,#11719,#11720));
#11722=FACE_OUTER_BOUND('',#11721,.F.);
#11723=ADVANCED_FACE('',(#11722),#11716,.T.);
#11724=CARTESIAN_POINT('',(5.175E0,2.6E0,1.E0));
#11725=DIRECTION('',(9.701425001453E-1,2.425356250363E-1,0.E0));
#11726=DIRECTION('',(-2.425356250363E-1,9.701425001453E-1,0.E0));
#11727=AXIS2_PLACEMENT_3D('',#11724,#11725,#11726);
#11728=PLANE('',#11727);
#11730=ORIENTED_EDGE('',*,*,#11729,.F.);
#11732=ORIENTED_EDGE('',*,*,#11731,.T.);
#11733=ORIENTED_EDGE('',*,*,#11635,.T.);
#11735=ORIENTED_EDGE('',*,*,#11734,.F.);
#11736=EDGE_LOOP('',(#11730,#11732,#11733,#11735));
#11737=FACE_OUTER_BOUND('',#11736,.F.);
#11738=ADVANCED_FACE('',(#11737),#11728,.T.);
#11739=CARTESIAN_POINT('',(4.75E0,2.9E0,7.5E-1));
#11740=DIRECTION('',(0.E0,1.E0,0.E0));
#11741=DIRECTION('',(0.E0,0.E0,1.E0));
#11742=AXIS2_PLACEMENT_3D('',#11739,#11740,#11741);
#11743=PLANE('',#11742);
#11745=ORIENTED_EDGE('',*,*,#11744,.T.);
#11747=ORIENTED_EDGE('',*,*,#11746,.T.);
#11749=ORIENTED_EDGE('',*,*,#11748,.F.);
#11750=ORIENTED_EDGE('',*,*,#11729,.T.);
#11751=EDGE_LOOP('',(#11745,#11747,#11749,#11750));
#11752=FACE_OUTER_BOUND('',#11751,.F.);
#11753=ADVANCED_FACE('',(#11752),#11743,.T.);
#11754=CARTESIAN_POINT('',(5.E0,2.6E0,1.175E0));
#11755=DIRECTION('',(0.E0,2.425356250363E-1,9.701425001453E-1));
#11756=DIRECTION('',(0.E0,9.701425001453E-1,-2.425356250363E-1));
#11757=AXIS2_PLACEMENT_3D('',#11754,#11755,#11756);
#11758=PLANE('',#11757);
#11760=ORIENTED_EDGE('',*,*,#11759,.T.);
#11762=ORIENTED_EDGE('',*,*,#11761,.F.);
#11763=ORIENTED_EDGE('',*,*,#11744,.F.);
#11764=ORIENTED_EDGE('',*,*,#11734,.T.);
#11765=EDGE_LOOP('',(#11760,#11762,#11763,#11764));
#11766=FACE_OUTER_BOUND('',#11765,.F.);
#11767=ADVANCED_FACE('',(#11766),#11758,.T.);
#11768=CARTESIAN_POINT('',(4.75E0,2.9E0,1.25E0));
#11769=DIRECTION('',(0.E0,0.E0,1.E0));
#11770=DIRECTION('',(0.E0,-1.E0,0.E0));
#11771=AXIS2_PLACEMENT_3D('',#11768,#11769,#11770);
#11772=PLANE('',#11771);
#11773=ORIENTED_EDGE('',*,*,#11401,.F.);
#11774=ORIENTED_EDGE('',*,*,#6686,.T.);
#11775=ORIENTED_EDGE('',*,*,#11656,.T.);
#11777=ORIENTED_EDGE('',*,*,#11776,.F.);
#11778=EDGE_LOOP('',(#11773,#11774,#11775,#11777));
#11779=FACE_OUTER_BOUND('',#11778,.F.);
#11780=ADVANCED_FACE('',(#11779),#11772,.T.);
#11781=CARTESIAN_POINT('',(4.75E0,2.9E0,1.25E0));
#11782=DIRECTION('',(0.E0,0.E0,1.E0));
#11783=DIRECTION('',(0.E0,-1.E0,0.E0));
#11784=AXIS2_PLACEMENT_3D('',#11781,#11782,#11783);
#11785=PLANE('',#11784);
#11786=ORIENTED_EDGE('',*,*,#11759,.F.);
#11787=ORIENTED_EDGE('',*,*,#11640,.T.);
#11788=ORIENTED_EDGE('',*,*,#6226,.F.);
#11789=ORIENTED_EDGE('',*,*,#11379,.F.);
#11790=EDGE_LOOP('',(#11786,#11787,#11788,#11789));
#11791=FACE_OUTER_BOUND('',#11790,.F.);
#11792=ADVANCED_FACE('',(#11791),#11785,.T.);
#11793=CARTESIAN_POINT('',(4.75E0,-3.7E0,1.45E0));
#11794=DIRECTION('',(1.E0,0.E0,0.E0));
#11795=DIRECTION('',(0.E0,0.E0,-1.E0));
#11796=AXIS2_PLACEMENT_3D('',#11793,#11794,#11795);
#11797=CYLINDRICAL_SURFACE('',#11796,2.E-1);
#11798=ORIENTED_EDGE('',*,*,#11403,.F.);
#11799=ORIENTED_EDGE('',*,*,#11776,.T.);
#11800=ORIENTED_EDGE('',*,*,#11654,.T.);
#11802=ORIENTED_EDGE('',*,*,#11801,.F.);
#11803=EDGE_LOOP('',(#11798,#11799,#11800,#11802));
#11804=FACE_OUTER_BOUND('',#11803,.F.);
#11805=ADVANCED_FACE('',(#11804),#11797,.F.);
#11806=CARTESIAN_POINT('',(4.75E0,-3.9E0,1.45E0));
#11807=DIRECTION('',(0.E0,1.E0,0.E0));
#11808=DIRECTION('',(0.E0,0.E0,1.E0));
#11809=AXIS2_PLACEMENT_3D('',#11806,#11807,#11808);
#11810=PLANE('',#11809);
#11812=ORIENTED_EDGE('',*,*,#11811,.T.);
#11813=ORIENTED_EDGE('',*,*,#11405,.F.);
#11814=ORIENTED_EDGE('',*,*,#11801,.T.);
#11815=ORIENTED_EDGE('',*,*,#11652,.T.);
#11816=EDGE_LOOP('',(#11812,#11813,#11814,#11815));
#11817=FACE_OUTER_BOUND('',#11816,.F.);
#11818=ADVANCED_FACE('',(#11817),#11810,.T.);
#11819=CARTESIAN_POINT('',(5.E0,-3.975E0,2.35E0));
#11820=DIRECTION('',(0.E0,9.701425001453E-1,2.425356250363E-1));
#11821=DIRECTION('',(0.E0,2.425356250363E-1,-9.701425001453E-1));
#11822=AXIS2_PLACEMENT_3D('',#11819,#11820,#11821);
#11823=PLANE('',#11822);
#11824=ORIENTED_EDGE('',*,*,#11811,.F.);
#11826=ORIENTED_EDGE('',*,*,#11825,.F.);
#11828=ORIENTED_EDGE('',*,*,#11827,.T.);
#11830=ORIENTED_EDGE('',*,*,#11829,.T.);
#11831=EDGE_LOOP('',(#11824,#11826,#11828,#11830));
#11832=FACE_OUTER_BOUND('',#11831,.F.);
#11833=ADVANCED_FACE('',(#11832),#11823,.T.);
#11834=CARTESIAN_POINT('',(5.175E0,-4.15E0,2.35E0));
#11835=DIRECTION('',(9.701425001453E-1,0.E0,2.425356250363E-1));
#11836=DIRECTION('',(-2.425356250363E-1,0.E0,9.701425001453E-1));
#11837=AXIS2_PLACEMENT_3D('',#11834,#11835,#11836);
#11838=PLANE('',#11837);
#11840=ORIENTED_EDGE('',*,*,#11839,.F.);
#11841=ORIENTED_EDGE('',*,*,#11825,.T.);
#11842=ORIENTED_EDGE('',*,*,#11650,.T.);
#11844=ORIENTED_EDGE('',*,*,#11843,.T.);
#11845=EDGE_LOOP('',(#11840,#11841,#11842,#11844));
#11846=FACE_OUTER_BOUND('',#11845,.F.);
#11847=ADVANCED_FACE('',(#11846),#11838,.T.);
#11848=CARTESIAN_POINT('',(4.75E0,-3.9E0,2.65E0));
#11849=DIRECTION('',(0.E0,0.E0,1.E0));
#11850=DIRECTION('',(0.E0,-1.E0,0.E0));
#11851=AXIS2_PLACEMENT_3D('',#11848,#11849,#11850);
#11852=PLANE('',#11851);
#11854=ORIENTED_EDGE('',*,*,#11853,.T.);
#11856=ORIENTED_EDGE('',*,*,#11855,.T.);
#11857=ORIENTED_EDGE('',*,*,#11827,.F.);
#11858=ORIENTED_EDGE('',*,*,#11839,.T.);
#11859=EDGE_LOOP('',(#11854,#11856,#11857,#11858));
#11860=FACE_OUTER_BOUND('',#11859,.F.);
#11861=ADVANCED_FACE('',(#11860),#11852,.T.);
#11862=CARTESIAN_POINT('',(5.E0,-4.325E0,2.35E0));
#11863=DIRECTION('',(0.E0,-9.701425001453E-1,2.425356250363E-1));
#11864=DIRECTION('',(0.E0,2.425356250363E-1,9.701425001453E-1));
#11865=AXIS2_PLACEMENT_3D('',#11862,#11863,#11864);
#11866=PLANE('',#11865);
#11868=ORIENTED_EDGE('',*,*,#11867,.T.);
#11870=ORIENTED_EDGE('',*,*,#11869,.F.);
#11871=ORIENTED_EDGE('',*,*,#11853,.F.);
#11872=ORIENTED_EDGE('',*,*,#11843,.F.);
#11873=EDGE_LOOP('',(#11868,#11870,#11871,#11872));
#11874=FACE_OUTER_BOUND('',#11873,.F.);
#11875=ADVANCED_FACE('',(#11874),#11866,.T.);
#11876=CARTESIAN_POINT('',(4.75E0,-4.4E0,2.65E0));
#11877=DIRECTION('',(0.E0,-1.E0,0.E0));
#11878=DIRECTION('',(0.E0,0.E0,-1.E0));
#11879=AXIS2_PLACEMENT_3D('',#11876,#11877,#11878);
#11880=PLANE('',#11879);
#11881=ORIENTED_EDGE('',*,*,#11867,.F.);
#11882=ORIENTED_EDGE('',*,*,#11663,.T.);
#11884=ORIENTED_EDGE('',*,*,#11883,.F.);
#11885=ORIENTED_EDGE('',*,*,#11394,.F.);
#11886=EDGE_LOOP('',(#11881,#11882,#11884,#11885));
#11887=FACE_OUTER_BOUND('',#11886,.F.);
#11888=ADVANCED_FACE('',(#11887),#11880,.T.);
#11889=CARTESIAN_POINT('',(4.75E0,-3.7E0,1.45E0));
#11890=DIRECTION('',(1.E0,0.E0,0.E0));
#11891=DIRECTION('',(0.E0,0.E0,-1.E0));
#11892=AXIS2_PLACEMENT_3D('',#11889,#11890,#11891);
#11893=CYLINDRICAL_SURFACE('',#11892,7.E-1);
#11894=ORIENTED_EDGE('',*,*,#11396,.F.);
#11895=ORIENTED_EDGE('',*,*,#11883,.T.);
#11896=ORIENTED_EDGE('',*,*,#11661,.T.);
#11898=ORIENTED_EDGE('',*,*,#11897,.F.);
#11899=EDGE_LOOP('',(#11894,#11895,#11896,#11898));
#11900=FACE_OUTER_BOUND('',#11899,.F.);
#11901=ADVANCED_FACE('',(#11900),#11893,.T.);
#11902=CARTESIAN_POINT('',(4.75E0,-3.7E0,7.5E-1));
#11903=DIRECTION('',(0.E0,0.E0,-1.E0));
#11904=DIRECTION('',(0.E0,1.E0,0.E0));
#11905=AXIS2_PLACEMENT_3D('',#11902,#11903,#11904);
#11906=PLANE('',#11905);
#11907=ORIENTED_EDGE('',*,*,#11398,.F.);
#11908=ORIENTED_EDGE('',*,*,#11897,.T.);
#11909=ORIENTED_EDGE('',*,*,#11659,.T.);
#11910=ORIENTED_EDGE('',*,*,#6682,.F.);
#11911=EDGE_LOOP('',(#11907,#11908,#11909,#11910));
#11912=FACE_OUTER_BOUND('',#11911,.F.);
#11913=ADVANCED_FACE('',(#11912),#11906,.T.);
#11914=CARTESIAN_POINT('',(4.75E0,-3.7E0,7.5E-1));
#11915=DIRECTION('',(0.E0,0.E0,-1.E0));
#11916=DIRECTION('',(0.E0,1.E0,0.E0));
#11917=AXIS2_PLACEMENT_3D('',#11914,#11915,#11916);
#11918=PLANE('',#11917);
#11920=ORIENTED_EDGE('',*,*,#11919,.T.);
#11921=ORIENTED_EDGE('',*,*,#11382,.F.);
#11922=ORIENTED_EDGE('',*,*,#6230,.T.);
#11923=ORIENTED_EDGE('',*,*,#11637,.T.);
#11924=EDGE_LOOP('',(#11920,#11921,#11922,#11923));
#11925=FACE_OUTER_BOUND('',#11924,.F.);
#11926=ADVANCED_FACE('',(#11925),#11918,.T.);
#11927=CARTESIAN_POINT('',(5.E0,2.6E0,8.25E-1));
#11928=DIRECTION('',(0.E0,2.425356250363E-1,-9.701425001453E-1));
#11929=DIRECTION('',(0.E0,-9.701425001453E-1,-2.425356250363E-1));
#11930=AXIS2_PLACEMENT_3D('',#11927,#11928,#11929);
#11931=PLANE('',#11930);
#11932=ORIENTED_EDGE('',*,*,#11919,.F.);
#11933=ORIENTED_EDGE('',*,*,#11731,.F.);
#11934=ORIENTED_EDGE('',*,*,#11748,.T.);
#11936=ORIENTED_EDGE('',*,*,#11935,.T.);
#11937=EDGE_LOOP('',(#11932,#11933,#11934,#11936));
#11938=FACE_OUTER_BOUND('',#11937,.F.);
#11939=ADVANCED_FACE('',(#11938),#11931,.T.);
#11940=CARTESIAN_POINT('',(4.825E0,2.6E0,1.E0));
#11941=DIRECTION('',(-9.701425001453E-1,2.425356250363E-1,0.E0));
#11942=DIRECTION('',(2.425356250363E-1,9.701425001453E-1,0.E0));
#11943=AXIS2_PLACEMENT_3D('',#11940,#11941,#11942);
#11944=PLANE('',#11943);
#11945=ORIENTED_EDGE('',*,*,#11377,.T.);
#11946=ORIENTED_EDGE('',*,*,#11935,.F.);
#11947=ORIENTED_EDGE('',*,*,#11746,.F.);
#11948=ORIENTED_EDGE('',*,*,#11761,.T.);
#11949=EDGE_LOOP('',(#11945,#11946,#11947,#11948));
#11950=FACE_OUTER_BOUND('',#11949,.F.);
#11951=ADVANCED_FACE('',(#11950),#11944,.T.);
#11952=CARTESIAN_POINT('',(4.825E0,-4.15E0,2.35E0));
#11953=DIRECTION('',(-9.701425001453E-1,0.E0,2.425356250363E-1));
#11954=DIRECTION('',(2.425356250363E-1,0.E0,9.701425001453E-1));
#11955=AXIS2_PLACEMENT_3D('',#11952,#11953,#11954);
#11956=PLANE('',#11955);
#11957=ORIENTED_EDGE('',*,*,#11392,.T.);
#11958=ORIENTED_EDGE('',*,*,#11829,.F.);
#11959=ORIENTED_EDGE('',*,*,#11855,.F.);
#11960=ORIENTED_EDGE('',*,*,#11869,.T.);
#11961=EDGE_LOOP('',(#11957,#11958,#11959,#11960));
#11962=FACE_OUTER_BOUND('',#11961,.F.);
#11963=ADVANCED_FACE('',(#11962),#11956,.T.);
#11964=CARTESIAN_POINT('',(5.175E0,-4.15E0,-2.35E0));
#11965=DIRECTION('',(9.701425001453E-1,0.E0,-2.425356250363E-1));
#11966=DIRECTION('',(-2.425356250363E-1,0.E0,-9.701425001453E-1));
#11967=AXIS2_PLACEMENT_3D('',#11964,#11965,#11966);
#11968=PLANE('',#11967);
#11970=ORIENTED_EDGE('',*,*,#11969,.F.);
#11971=ORIENTED_EDGE('',*,*,#11554,.T.);
#11972=ORIENTED_EDGE('',*,*,#11673,.T.);
#11973=ORIENTED_EDGE('',*,*,#11528,.T.);
#11974=EDGE_LOOP('',(#11970,#11971,#11972,#11973));
#11975=FACE_OUTER_BOUND('',#11974,.F.);
#11976=ADVANCED_FACE('',(#11975),#11968,.T.);
#11977=CARTESIAN_POINT('',(4.75E0,-4.4E0,-2.65E0));
#11978=DIRECTION('',(0.E0,0.E0,-1.E0));
#11979=DIRECTION('',(0.E0,1.E0,0.E0));
#11980=AXIS2_PLACEMENT_3D('',#11977,#11978,#11979);
#11981=PLANE('',#11980);
#11982=ORIENTED_EDGE('',*,*,#11526,.T.);
#11983=ORIENTED_EDGE('',*,*,#11541,.T.);
#11984=ORIENTED_EDGE('',*,*,#11556,.F.);
#11985=ORIENTED_EDGE('',*,*,#11969,.T.);
#11986=EDGE_LOOP('',(#11982,#11983,#11984,#11985));
#11987=FACE_OUTER_BOUND('',#11986,.F.);
#11988=ADVANCED_FACE('',(#11987),#11981,.T.);
#11989=CARTESIAN_POINT('',(6.75E0,0.E0,0.E0));
#11990=DIRECTION('',(1.E0,0.E0,0.E0));
#11991=DIRECTION('',(0.E0,0.E0,-1.E0));
#11992=AXIS2_PLACEMENT_3D('',#11989,#11990,#11991);
#11993=PLANE('',#11992);
#11995=ORIENTED_EDGE('',*,*,#11994,.F.);
#11997=ORIENTED_EDGE('',*,*,#11996,.T.);
#11998=ORIENTED_EDGE('',*,*,#6254,.T.);
#12000=ORIENTED_EDGE('',*,*,#11999,.T.);
#12001=EDGE_LOOP('',(#11995,#11997,#11998,#12000));
#12002=FACE_OUTER_BOUND('',#12001,.F.);
#12003=ADVANCED_FACE('',(#12002),#11993,.F.);
#12004=CARTESIAN_POINT('',(6.75E0,0.E0,0.E0));
#12005=DIRECTION('',(1.E0,0.E0,0.E0));
#12006=DIRECTION('',(0.E0,0.E0,-1.E0));
#12007=AXIS2_PLACEMENT_3D('',#12004,#12005,#12006);
#12008=PLANE('',#12007);
#12010=ORIENTED_EDGE('',*,*,#12009,.F.);
#12012=ORIENTED_EDGE('',*,*,#12011,.T.);
#12013=ORIENTED_EDGE('',*,*,#6244,.T.);
#12015=ORIENTED_EDGE('',*,*,#12014,.T.);
#12016=EDGE_LOOP('',(#12010,#12012,#12013,#12015));
#12017=FACE_OUTER_BOUND('',#12016,.F.);
#12018=ADVANCED_FACE('',(#12017),#12008,.F.);
#12019=CARTESIAN_POINT('',(6.75E0,0.E0,0.E0));
#12020=DIRECTION('',(1.E0,0.E0,0.E0));
#12021=DIRECTION('',(0.E0,0.E0,-1.E0));
#12022=AXIS2_PLACEMENT_3D('',#12019,#12020,#12021);
#12023=PLANE('',#12022);
#12025=ORIENTED_EDGE('',*,*,#12024,.F.);
#12027=ORIENTED_EDGE('',*,*,#12026,.T.);
#12029=ORIENTED_EDGE('',*,*,#12028,.T.);
#12031=ORIENTED_EDGE('',*,*,#12030,.T.);
#12032=ORIENTED_EDGE('',*,*,#6700,.T.);
#12034=ORIENTED_EDGE('',*,*,#12033,.T.);
#12036=ORIENTED_EDGE('',*,*,#12035,.T.);
#12038=ORIENTED_EDGE('',*,*,#12037,.T.);
#12039=EDGE_LOOP('',(#12025,#12027,#12029,#12031,#12032,#12034,#12036,#12038));
#12040=FACE_OUTER_BOUND('',#12039,.F.);
#12041=ADVANCED_FACE('',(#12040),#12023,.F.);
#12042=CARTESIAN_POINT('',(6.75E0,0.E0,0.E0));
#12043=DIRECTION('',(1.E0,0.E0,0.E0));
#12044=DIRECTION('',(0.E0,0.E0,-1.E0));
#12045=AXIS2_PLACEMENT_3D('',#12042,#12043,#12044);
#12046=PLANE('',#12045);
#12048=ORIENTED_EDGE('',*,*,#12047,.F.);
#12050=ORIENTED_EDGE('',*,*,#12049,.T.);
#12052=ORIENTED_EDGE('',*,*,#12051,.T.);
#12054=ORIENTED_EDGE('',*,*,#12053,.T.);
#12055=ORIENTED_EDGE('',*,*,#6690,.T.);
#12057=ORIENTED_EDGE('',*,*,#12056,.T.);
#12059=ORIENTED_EDGE('',*,*,#12058,.T.);
#12061=ORIENTED_EDGE('',*,*,#12060,.T.);
#12062=EDGE_LOOP('',(#12048,#12050,#12052,#12054,#12055,#12057,#12059,#12061));
#12063=FACE_OUTER_BOUND('',#12062,.F.);
#12064=ADVANCED_FACE('',(#12063),#12046,.F.);
#12065=CARTESIAN_POINT('',(6.825E0,2.6E0,-1.E0));
#12066=DIRECTION('',(-9.701425001453E-1,2.425356250363E-1,0.E0));
#12067=DIRECTION('',(2.425356250363E-1,9.701425001453E-1,0.E0));
#12068=AXIS2_PLACEMENT_3D('',#12065,#12066,#12067);
#12069=PLANE('',#12068);
#12070=ORIENTED_EDGE('',*,*,#11994,.T.);
#12072=ORIENTED_EDGE('',*,*,#12071,.F.);
#12074=ORIENTED_EDGE('',*,*,#12073,.F.);
#12076=ORIENTED_EDGE('',*,*,#12075,.T.);
#12077=EDGE_LOOP('',(#12070,#12072,#12074,#12076));
#12078=FACE_OUTER_BOUND('',#12077,.F.);
#12079=ADVANCED_FACE('',(#12078),#12069,.T.);
#12080=CARTESIAN_POINT('',(7.E0,2.6E0,-1.175E0));
#12081=DIRECTION('',(0.E0,2.425356250363E-1,-9.701425001453E-1));
#12082=DIRECTION('',(0.E0,-9.701425001453E-1,-2.425356250363E-1));
#12083=AXIS2_PLACEMENT_3D('',#12080,#12081,#12082);
#12084=PLANE('',#12083);
#12086=ORIENTED_EDGE('',*,*,#12085,.F.);
#12088=ORIENTED_EDGE('',*,*,#12087,.F.);
#12090=ORIENTED_EDGE('',*,*,#12089,.T.);
#12091=ORIENTED_EDGE('',*,*,#12071,.T.);
#12092=EDGE_LOOP('',(#12086,#12088,#12090,#12091));
#12093=FACE_OUTER_BOUND('',#12092,.F.);
#12094=ADVANCED_FACE('',(#12093),#12084,.T.);
#12095=CARTESIAN_POINT('',(6.75E0,-3.7E0,-1.25E0));
#12096=DIRECTION('',(0.E0,0.E0,-1.E0));
#12097=DIRECTION('',(0.E0,1.E0,0.E0));
#12098=AXIS2_PLACEMENT_3D('',#12095,#12096,#12097);
#12099=PLANE('',#12098);
#12100=ORIENTED_EDGE('',*,*,#12053,.F.);
#12102=ORIENTED_EDGE('',*,*,#12101,.T.);
#12104=ORIENTED_EDGE('',*,*,#12103,.T.);
#12105=ORIENTED_EDGE('',*,*,#6692,.F.);
#12106=EDGE_LOOP('',(#12100,#12102,#12104,#12105));
#12107=FACE_OUTER_BOUND('',#12106,.F.);
#12108=ADVANCED_FACE('',(#12107),#12099,.T.);
#12109=CARTESIAN_POINT('',(6.75E0,-3.7E0,-1.25E0));
#12110=DIRECTION('',(0.E0,0.E0,-1.E0));
#12111=DIRECTION('',(0.E0,1.E0,0.E0));
#12112=AXIS2_PLACEMENT_3D('',#12109,#12110,#12111);
#12113=PLANE('',#12112);
#12114=ORIENTED_EDGE('',*,*,#12085,.T.);
#12115=ORIENTED_EDGE('',*,*,#11999,.F.);
#12116=ORIENTED_EDGE('',*,*,#6260,.T.);
#12118=ORIENTED_EDGE('',*,*,#12117,.T.);
#12119=EDGE_LOOP('',(#12114,#12115,#12116,#12118));
#12120=FACE_OUTER_BOUND('',#12119,.F.);
#12121=ADVANCED_FACE('',(#12120),#12113,.T.);
#12122=CARTESIAN_POINT('',(6.75E0,-3.7E0,-1.45E0));
#12123=DIRECTION('',(1.E0,0.E0,0.E0));
#12124=DIRECTION('',(0.E0,0.E0,-1.E0));
#12125=AXIS2_PLACEMENT_3D('',#12122,#12123,#12124);
#12126=CYLINDRICAL_SURFACE('',#12125,2.E-1);
#12127=ORIENTED_EDGE('',*,*,#12051,.F.);
#12129=ORIENTED_EDGE('',*,*,#12128,.T.);
#12131=ORIENTED_EDGE('',*,*,#12130,.T.);
#12132=ORIENTED_EDGE('',*,*,#12101,.F.);
#12133=EDGE_LOOP('',(#12127,#12129,#12131,#12132));
#12134=FACE_OUTER_BOUND('',#12133,.F.);
#12135=ADVANCED_FACE('',(#12134),#12126,.F.);
#12136=CARTESIAN_POINT('',(6.75E0,-3.9E0,-2.65E0));
#12137=DIRECTION('',(0.E0,1.E0,0.E0));
#12138=DIRECTION('',(0.E0,0.E0,1.E0));
#12139=AXIS2_PLACEMENT_3D('',#12136,#12137,#12138);
#12140=PLANE('',#12139);
#12142=ORIENTED_EDGE('',*,*,#12141,.F.);
#12144=ORIENTED_EDGE('',*,*,#12143,.T.);
#12145=ORIENTED_EDGE('',*,*,#12128,.F.);
#12146=ORIENTED_EDGE('',*,*,#12049,.F.);
#12147=EDGE_LOOP('',(#12142,#12144,#12145,#12146));
#12148=FACE_OUTER_BOUND('',#12147,.F.);
#12149=ADVANCED_FACE('',(#12148),#12140,.T.);
#12150=CARTESIAN_POINT('',(7.E0,-3.975E0,-2.35E0));
#12151=DIRECTION('',(0.E0,9.701425001453E-1,-2.425356250363E-1));
#12152=DIRECTION('',(0.E0,-2.425356250363E-1,-9.701425001453E-1));
#12153=AXIS2_PLACEMENT_3D('',#12150,#12151,#12152);
#12154=PLANE('',#12153);
#12155=ORIENTED_EDGE('',*,*,#12141,.T.);
#12157=ORIENTED_EDGE('',*,*,#12156,.F.);
#12159=ORIENTED_EDGE('',*,*,#12158,.F.);
#12161=ORIENTED_EDGE('',*,*,#12160,.F.);
#12162=EDGE_LOOP('',(#12155,#12157,#12159,#12161));
#12163=FACE_OUTER_BOUND('',#12162,.F.);
#12164=ADVANCED_FACE('',(#12163),#12154,.T.);
#12165=CARTESIAN_POINT('',(6.825E0,-4.15E0,-2.35E0));
#12166=DIRECTION('',(-9.701425001453E-1,0.E0,-2.425356250363E-1));
#12167=DIRECTION('',(2.425356250363E-1,0.E0,-9.701425001453E-1));
#12168=AXIS2_PLACEMENT_3D('',#12165,#12166,#12167);
#12169=PLANE('',#12168);
#12170=ORIENTED_EDGE('',*,*,#12047,.T.);
#12172=ORIENTED_EDGE('',*,*,#12171,.F.);
#12174=ORIENTED_EDGE('',*,*,#12173,.F.);
#12175=ORIENTED_EDGE('',*,*,#12156,.T.);
#12176=EDGE_LOOP('',(#12170,#12172,#12174,#12175));
#12177=FACE_OUTER_BOUND('',#12176,.F.);
#12178=ADVANCED_FACE('',(#12177),#12169,.T.);
#12179=CARTESIAN_POINT('',(7.E0,-4.325E0,-2.35E0));
#12180=DIRECTION('',(0.E0,-9.701425001453E-1,-2.425356250363E-1));
#12181=DIRECTION('',(0.E0,-2.425356250363E-1,9.701425001453E-1));
#12182=AXIS2_PLACEMENT_3D('',#12179,#12180,#12181);
#12183=PLANE('',#12182);
#12185=ORIENTED_EDGE('',*,*,#12184,.F.);
#12187=ORIENTED_EDGE('',*,*,#12186,.F.);
#12189=ORIENTED_EDGE('',*,*,#12188,.T.);
#12190=ORIENTED_EDGE('',*,*,#12171,.T.);
#12191=EDGE_LOOP('',(#12185,#12187,#12189,#12190));
#12192=FACE_OUTER_BOUND('',#12191,.F.);
#12193=ADVANCED_FACE('',(#12192),#12183,.T.);
#12194=CARTESIAN_POINT('',(6.75E0,-4.4E0,-1.45E0));
#12195=DIRECTION('',(0.E0,-1.E0,0.E0));
#12196=DIRECTION('',(0.E0,0.E0,-1.E0));
#12197=AXIS2_PLACEMENT_3D('',#12194,#12195,#12196);
#12198=PLANE('',#12197);
#12199=ORIENTED_EDGE('',*,*,#12184,.T.);
#12200=ORIENTED_EDGE('',*,*,#12060,.F.);
#12202=ORIENTED_EDGE('',*,*,#12201,.T.);
#12204=ORIENTED_EDGE('',*,*,#12203,.T.);
#12205=EDGE_LOOP('',(#12199,#12200,#12202,#12204));
#12206=FACE_OUTER_BOUND('',#12205,.F.);
#12207=ADVANCED_FACE('',(#12206),#12198,.T.);
#12208=CARTESIAN_POINT('',(6.75E0,-3.7E0,-1.45E0));
#12209=DIRECTION('',(1.E0,0.E0,0.E0));
#12210=DIRECTION('',(0.E0,0.E0,-1.E0));
#12211=AXIS2_PLACEMENT_3D('',#12208,#12209,#12210);
#12212=CYLINDRICAL_SURFACE('',#12211,7.E-1);
#12213=ORIENTED_EDGE('',*,*,#12058,.F.);
#12215=ORIENTED_EDGE('',*,*,#12214,.T.);
#12217=ORIENTED_EDGE('',*,*,#12216,.T.);
#12218=ORIENTED_EDGE('',*,*,#12201,.F.);
#12219=EDGE_LOOP('',(#12213,#12215,#12217,#12218));
#12220=FACE_OUTER_BOUND('',#12219,.F.);
#12221=ADVANCED_FACE('',(#12220),#12212,.T.);
#12222=CARTESIAN_POINT('',(6.75E0,2.9E0,-7.5E-1));
#12223=DIRECTION('',(0.E0,0.E0,1.E0));
#12224=DIRECTION('',(0.E0,-1.E0,0.E0));
#12225=AXIS2_PLACEMENT_3D('',#12222,#12223,#12224);
#12226=PLANE('',#12225);
#12227=ORIENTED_EDGE('',*,*,#12056,.F.);
#12228=ORIENTED_EDGE('',*,*,#6696,.T.);
#12230=ORIENTED_EDGE('',*,*,#12229,.T.);
#12231=ORIENTED_EDGE('',*,*,#12214,.F.);
#12232=EDGE_LOOP('',(#12227,#12228,#12230,#12231));
#12233=FACE_OUTER_BOUND('',#12232,.F.);
#12234=ADVANCED_FACE('',(#12233),#12226,.T.);
#12235=CARTESIAN_POINT('',(6.75E0,2.9E0,-7.5E-1));
#12236=DIRECTION('',(0.E0,0.E0,1.E0));
#12237=DIRECTION('',(0.E0,-1.E0,0.E0));
#12238=AXIS2_PLACEMENT_3D('',#12235,#12236,#12237);
#12239=PLANE('',#12238);
#12241=ORIENTED_EDGE('',*,*,#12240,.F.);
#12243=ORIENTED_EDGE('',*,*,#12242,.T.);
#12244=ORIENTED_EDGE('',*,*,#6256,.F.);
#12245=ORIENTED_EDGE('',*,*,#11996,.F.);
#12246=EDGE_LOOP('',(#12241,#12243,#12244,#12245));
#12247=FACE_OUTER_BOUND('',#12246,.F.);
#12248=ADVANCED_FACE('',(#12247),#12239,.T.);
#12249=CARTESIAN_POINT('',(7.25E0,0.E0,0.E0));
#12250=DIRECTION('',(1.E0,0.E0,0.E0));
#12251=DIRECTION('',(0.E0,0.E0,-1.E0));
#12252=AXIS2_PLACEMENT_3D('',#12249,#12250,#12251);
#12253=PLANE('',#12252);
#12255=ORIENTED_EDGE('',*,*,#12254,.F.);
#12256=ORIENTED_EDGE('',*,*,#12117,.F.);
#12257=ORIENTED_EDGE('',*,*,#6258,.F.);
#12258=ORIENTED_EDGE('',*,*,#12242,.F.);
#12259=EDGE_LOOP('',(#12255,#12256,#12257,#12258));
#12260=FACE_OUTER_BOUND('',#12259,.F.);
#12261=ADVANCED_FACE('',(#12260),#12253,.T.);
#12262=CARTESIAN_POINT('',(7.25E0,0.E0,0.E0));
#12263=DIRECTION('',(1.E0,0.E0,0.E0));
#12264=DIRECTION('',(0.E0,0.E0,-1.E0));
#12265=AXIS2_PLACEMENT_3D('',#12262,#12263,#12264);
#12266=PLANE('',#12265);
#12268=ORIENTED_EDGE('',*,*,#12267,.F.);
#12270=ORIENTED_EDGE('',*,*,#12269,.F.);
#12271=ORIENTED_EDGE('',*,*,#6248,.F.);
#12273=ORIENTED_EDGE('',*,*,#12272,.F.);
#12274=EDGE_LOOP('',(#12268,#12270,#12271,#12273));
#12275=FACE_OUTER_BOUND('',#12274,.F.);
#12276=ADVANCED_FACE('',(#12275),#12266,.T.);
#12277=CARTESIAN_POINT('',(7.25E0,0.E0,0.E0));
#12278=DIRECTION('',(1.E0,0.E0,0.E0));
#12279=DIRECTION('',(0.E0,0.E0,-1.E0));
#12280=AXIS2_PLACEMENT_3D('',#12277,#12278,#12279);
#12281=PLANE('',#12280);
#12283=ORIENTED_EDGE('',*,*,#12282,.F.);
#12285=ORIENTED_EDGE('',*,*,#12284,.F.);
#12287=ORIENTED_EDGE('',*,*,#12286,.F.);
#12289=ORIENTED_EDGE('',*,*,#12288,.F.);
#12290=ORIENTED_EDGE('',*,*,#6704,.F.);
#12292=ORIENTED_EDGE('',*,*,#12291,.F.);
#12294=ORIENTED_EDGE('',*,*,#12293,.F.);
#12296=ORIENTED_EDGE('',*,*,#12295,.F.);
#12297=EDGE_LOOP('',(#12283,#12285,#12287,#12289,#12290,#12292,#12294,#12296));
#12298=FACE_OUTER_BOUND('',#12297,.F.);
#12299=ADVANCED_FACE('',(#12298),#12281,.T.);
#12300=CARTESIAN_POINT('',(7.25E0,0.E0,0.E0));
#12301=DIRECTION('',(1.E0,0.E0,0.E0));
#12302=DIRECTION('',(0.E0,0.E0,-1.E0));
#12303=AXIS2_PLACEMENT_3D('',#12300,#12301,#12302);
#12304=PLANE('',#12303);
#12306=ORIENTED_EDGE('',*,*,#12305,.F.);
#12307=ORIENTED_EDGE('',*,*,#12203,.F.);
#12308=ORIENTED_EDGE('',*,*,#12216,.F.);
#12309=ORIENTED_EDGE('',*,*,#12229,.F.);
#12310=ORIENTED_EDGE('',*,*,#6694,.F.);
#12311=ORIENTED_EDGE('',*,*,#12103,.F.);
#12312=ORIENTED_EDGE('',*,*,#12130,.F.);
#12313=ORIENTED_EDGE('',*,*,#12143,.F.);
#12314=EDGE_LOOP('',(#12306,#12307,#12308,#12309,#12310,#12311,#12312,#12313));
#12315=FACE_OUTER_BOUND('',#12314,.F.);
#12316=ADVANCED_FACE('',(#12315),#12304,.T.);
#12317=CARTESIAN_POINT('',(7.175E0,2.6E0,-1.E0));
#12318=DIRECTION('',(9.701425001453E-1,2.425356250363E-1,0.E0));
#12319=DIRECTION('',(-2.425356250363E-1,9.701425001453E-1,0.E0));
#12320=AXIS2_PLACEMENT_3D('',#12317,#12318,#12319);
#12321=PLANE('',#12320);
#12323=ORIENTED_EDGE('',*,*,#12322,.F.);
#12324=ORIENTED_EDGE('',*,*,#12087,.T.);
#12325=ORIENTED_EDGE('',*,*,#12254,.T.);
#12327=ORIENTED_EDGE('',*,*,#12326,.T.);
#12328=EDGE_LOOP('',(#12323,#12324,#12325,#12327));
#12329=FACE_OUTER_BOUND('',#12328,.F.);
#12330=ADVANCED_FACE('',(#12329),#12321,.T.);
#12331=CARTESIAN_POINT('',(6.75E0,2.9E0,-1.25E0));
#12332=DIRECTION('',(0.E0,1.E0,0.E0));
#12333=DIRECTION('',(0.E0,0.E0,1.E0));
#12334=AXIS2_PLACEMENT_3D('',#12331,#12332,#12333);
#12335=PLANE('',#12334);
#12337=ORIENTED_EDGE('',*,*,#12336,.T.);
#12338=ORIENTED_EDGE('',*,*,#12073,.T.);
#12339=ORIENTED_EDGE('',*,*,#12089,.F.);
#12340=ORIENTED_EDGE('',*,*,#12322,.T.);
#12341=EDGE_LOOP('',(#12337,#12338,#12339,#12340));
#12342=FACE_OUTER_BOUND('',#12341,.F.);
#12343=ADVANCED_FACE('',(#12342),#12335,.T.);
#12344=CARTESIAN_POINT('',(7.E0,2.6E0,-8.25E-1));
#12345=DIRECTION('',(0.E0,2.425356250363E-1,9.701425001453E-1));
#12346=DIRECTION('',(0.E0,9.701425001453E-1,-2.425356250363E-1));
#12347=AXIS2_PLACEMENT_3D('',#12344,#12345,#12346);
#12348=PLANE('',#12347);
#12349=ORIENTED_EDGE('',*,*,#12240,.T.);
#12350=ORIENTED_EDGE('',*,*,#12075,.F.);
#12351=ORIENTED_EDGE('',*,*,#12336,.F.);
#12352=ORIENTED_EDGE('',*,*,#12326,.F.);
#12353=EDGE_LOOP('',(#12349,#12350,#12351,#12352));
#12354=FACE_OUTER_BOUND('',#12353,.F.);
#12355=ADVANCED_FACE('',(#12354),#12348,.T.);
#12356=CARTESIAN_POINT('',(7.175E0,2.6E0,1.E0));
#12357=DIRECTION('',(9.701425001453E-1,2.425356250363E-1,0.E0));
#12358=DIRECTION('',(-2.425356250363E-1,9.701425001453E-1,0.E0));
#12359=AXIS2_PLACEMENT_3D('',#12356,#12357,#12358);
#12360=PLANE('',#12359);
#12362=ORIENTED_EDGE('',*,*,#12361,.F.);
#12364=ORIENTED_EDGE('',*,*,#12363,.T.);
#12365=ORIENTED_EDGE('',*,*,#12267,.T.);
#12367=ORIENTED_EDGE('',*,*,#12366,.F.);
#12368=EDGE_LOOP('',(#12362,#12364,#12365,#12367));
#12369=FACE_OUTER_BOUND('',#12368,.F.);
#12370=ADVANCED_FACE('',(#12369),#12360,.T.);
#12371=CARTESIAN_POINT('',(6.75E0,2.9E0,7.5E-1));
#12372=DIRECTION('',(0.E0,1.E0,0.E0));
#12373=DIRECTION('',(0.E0,0.E0,1.E0));
#12374=AXIS2_PLACEMENT_3D('',#12371,#12372,#12373);
#12375=PLANE('',#12374);
#12377=ORIENTED_EDGE('',*,*,#12376,.T.);
#12379=ORIENTED_EDGE('',*,*,#12378,.T.);
#12381=ORIENTED_EDGE('',*,*,#12380,.F.);
#12382=ORIENTED_EDGE('',*,*,#12361,.T.);
#12383=EDGE_LOOP('',(#12377,#12379,#12381,#12382));
#12384=FACE_OUTER_BOUND('',#12383,.F.);
#12385=ADVANCED_FACE('',(#12384),#12375,.T.);
#12386=CARTESIAN_POINT('',(7.E0,2.6E0,1.175E0));
#12387=DIRECTION('',(0.E0,2.425356250363E-1,9.701425001453E-1));
#12388=DIRECTION('',(0.E0,9.701425001453E-1,-2.425356250363E-1));
#12389=AXIS2_PLACEMENT_3D('',#12386,#12387,#12388);
#12390=PLANE('',#12389);
#12392=ORIENTED_EDGE('',*,*,#12391,.T.);
#12394=ORIENTED_EDGE('',*,*,#12393,.F.);
#12395=ORIENTED_EDGE('',*,*,#12376,.F.);
#12396=ORIENTED_EDGE('',*,*,#12366,.T.);
#12397=EDGE_LOOP('',(#12392,#12394,#12395,#12396));
#12398=FACE_OUTER_BOUND('',#12397,.F.);
#12399=ADVANCED_FACE('',(#12398),#12390,.T.);
#12400=CARTESIAN_POINT('',(6.75E0,2.9E0,1.25E0));
#12401=DIRECTION('',(0.E0,0.E0,1.E0));
#12402=DIRECTION('',(0.E0,-1.E0,0.E0));
#12403=AXIS2_PLACEMENT_3D('',#12400,#12401,#12402);
#12404=PLANE('',#12403);
#12405=ORIENTED_EDGE('',*,*,#12033,.F.);
#12406=ORIENTED_EDGE('',*,*,#6706,.T.);
#12407=ORIENTED_EDGE('',*,*,#12288,.T.);
#12409=ORIENTED_EDGE('',*,*,#12408,.F.);
#12410=EDGE_LOOP('',(#12405,#12406,#12407,#12409));
#12411=FACE_OUTER_BOUND('',#12410,.F.);
#12412=ADVANCED_FACE('',(#12411),#12404,.T.);
#12413=CARTESIAN_POINT('',(6.75E0,2.9E0,1.25E0));
#12414=DIRECTION('',(0.E0,0.E0,1.E0));
#12415=DIRECTION('',(0.E0,-1.E0,0.E0));
#12416=AXIS2_PLACEMENT_3D('',#12413,#12414,#12415);
#12417=PLANE('',#12416);
#12418=ORIENTED_EDGE('',*,*,#12391,.F.);
#12419=ORIENTED_EDGE('',*,*,#12272,.T.);
#12420=ORIENTED_EDGE('',*,*,#6246,.F.);
#12421=ORIENTED_EDGE('',*,*,#12011,.F.);
#12422=EDGE_LOOP('',(#12418,#12419,#12420,#12421));
#12423=FACE_OUTER_BOUND('',#12422,.F.);
#12424=ADVANCED_FACE('',(#12423),#12417,.T.);
#12425=CARTESIAN_POINT('',(6.75E0,-3.7E0,1.45E0));
#12426=DIRECTION('',(1.E0,0.E0,0.E0));
#12427=DIRECTION('',(0.E0,0.E0,-1.E0));
#12428=AXIS2_PLACEMENT_3D('',#12425,#12426,#12427);
#12429=CYLINDRICAL_SURFACE('',#12428,2.E-1);
#12430=ORIENTED_EDGE('',*,*,#12035,.F.);
#12431=ORIENTED_EDGE('',*,*,#12408,.T.);
#12432=ORIENTED_EDGE('',*,*,#12286,.T.);
#12434=ORIENTED_EDGE('',*,*,#12433,.F.);
#12435=EDGE_LOOP('',(#12430,#12431,#12432,#12434));
#12436=FACE_OUTER_BOUND('',#12435,.F.);
#12437=ADVANCED_FACE('',(#12436),#12429,.F.);
#12438=CARTESIAN_POINT('',(6.75E0,-3.9E0,1.45E0));
#12439=DIRECTION('',(0.E0,1.E0,0.E0));
#12440=DIRECTION('',(0.E0,0.E0,1.E0));
#12441=AXIS2_PLACEMENT_3D('',#12438,#12439,#12440);
#12442=PLANE('',#12441);
#12444=ORIENTED_EDGE('',*,*,#12443,.T.);
#12445=ORIENTED_EDGE('',*,*,#12037,.F.);
#12446=ORIENTED_EDGE('',*,*,#12433,.T.);
#12447=ORIENTED_EDGE('',*,*,#12284,.T.);
#12448=EDGE_LOOP('',(#12444,#12445,#12446,#12447));
#12449=FACE_OUTER_BOUND('',#12448,.F.);
#12450=ADVANCED_FACE('',(#12449),#12442,.T.);
#12451=CARTESIAN_POINT('',(7.E0,-3.975E0,2.35E0));
#12452=DIRECTION('',(0.E0,9.701425001453E-1,2.425356250363E-1));
#12453=DIRECTION('',(0.E0,2.425356250363E-1,-9.701425001453E-1));
#12454=AXIS2_PLACEMENT_3D('',#12451,#12452,#12453);
#12455=PLANE('',#12454);
#12456=ORIENTED_EDGE('',*,*,#12443,.F.);
#12458=ORIENTED_EDGE('',*,*,#12457,.F.);
#12460=ORIENTED_EDGE('',*,*,#12459,.T.);
#12462=ORIENTED_EDGE('',*,*,#12461,.T.);
#12463=EDGE_LOOP('',(#12456,#12458,#12460,#12462));
#12464=FACE_OUTER_BOUND('',#12463,.F.);
#12465=ADVANCED_FACE('',(#12464),#12455,.T.);
#12466=CARTESIAN_POINT('',(7.175E0,-4.15E0,2.35E0));
#12467=DIRECTION('',(9.701425001453E-1,0.E0,2.425356250363E-1));
#12468=DIRECTION('',(-2.425356250363E-1,0.E0,9.701425001453E-1));
#12469=AXIS2_PLACEMENT_3D('',#12466,#12467,#12468);
#12470=PLANE('',#12469);
#12472=ORIENTED_EDGE('',*,*,#12471,.F.);
#12473=ORIENTED_EDGE('',*,*,#12457,.T.);
#12474=ORIENTED_EDGE('',*,*,#12282,.T.);
#12476=ORIENTED_EDGE('',*,*,#12475,.T.);
#12477=EDGE_LOOP('',(#12472,#12473,#12474,#12476));
#12478=FACE_OUTER_BOUND('',#12477,.F.);
#12479=ADVANCED_FACE('',(#12478),#12470,.T.);
#12480=CARTESIAN_POINT('',(6.75E0,-3.9E0,2.65E0));
#12481=DIRECTION('',(0.E0,0.E0,1.E0));
#12482=DIRECTION('',(0.E0,-1.E0,0.E0));
#12483=AXIS2_PLACEMENT_3D('',#12480,#12481,#12482);
#12484=PLANE('',#12483);
#12486=ORIENTED_EDGE('',*,*,#12485,.T.);
#12488=ORIENTED_EDGE('',*,*,#12487,.T.);
#12489=ORIENTED_EDGE('',*,*,#12459,.F.);
#12490=ORIENTED_EDGE('',*,*,#12471,.T.);
#12491=EDGE_LOOP('',(#12486,#12488,#12489,#12490));
#12492=FACE_OUTER_BOUND('',#12491,.F.);
#12493=ADVANCED_FACE('',(#12492),#12484,.T.);
#12494=CARTESIAN_POINT('',(7.E0,-4.325E0,2.35E0));
#12495=DIRECTION('',(0.E0,-9.701425001453E-1,2.425356250363E-1));
#12496=DIRECTION('',(0.E0,2.425356250363E-1,9.701425001453E-1));
#12497=AXIS2_PLACEMENT_3D('',#12494,#12495,#12496);
#12498=PLANE('',#12497);
#12500=ORIENTED_EDGE('',*,*,#12499,.T.);
#12502=ORIENTED_EDGE('',*,*,#12501,.F.);
#12503=ORIENTED_EDGE('',*,*,#12485,.F.);
#12504=ORIENTED_EDGE('',*,*,#12475,.F.);
#12505=EDGE_LOOP('',(#12500,#12502,#12503,#12504));
#12506=FACE_OUTER_BOUND('',#12505,.F.);
#12507=ADVANCED_FACE('',(#12506),#12498,.T.);
#12508=CARTESIAN_POINT('',(6.75E0,-4.4E0,2.65E0));
#12509=DIRECTION('',(0.E0,-1.E0,0.E0));
#12510=DIRECTION('',(0.E0,0.E0,-1.E0));
#12511=AXIS2_PLACEMENT_3D('',#12508,#12509,#12510);
#12512=PLANE('',#12511);
#12513=ORIENTED_EDGE('',*,*,#12499,.F.);
#12514=ORIENTED_EDGE('',*,*,#12295,.T.);
#12516=ORIENTED_EDGE('',*,*,#12515,.F.);
#12517=ORIENTED_EDGE('',*,*,#12026,.F.);
#12518=EDGE_LOOP('',(#12513,#12514,#12516,#12517));
#12519=FACE_OUTER_BOUND('',#12518,.F.);
#12520=ADVANCED_FACE('',(#12519),#12512,.T.);
#12521=CARTESIAN_POINT('',(6.75E0,-3.7E0,1.45E0));
#12522=DIRECTION('',(1.E0,0.E0,0.E0));
#12523=DIRECTION('',(0.E0,0.E0,-1.E0));
#12524=AXIS2_PLACEMENT_3D('',#12521,#12522,#12523);
#12525=CYLINDRICAL_SURFACE('',#12524,7.E-1);
#12526=ORIENTED_EDGE('',*,*,#12028,.F.);
#12527=ORIENTED_EDGE('',*,*,#12515,.T.);
#12528=ORIENTED_EDGE('',*,*,#12293,.T.);
#12530=ORIENTED_EDGE('',*,*,#12529,.F.);
#12531=EDGE_LOOP('',(#12526,#12527,#12528,#12530));
#12532=FACE_OUTER_BOUND('',#12531,.F.);
#12533=ADVANCED_FACE('',(#12532),#12525,.T.);
#12534=CARTESIAN_POINT('',(6.75E0,-3.7E0,7.5E-1));
#12535=DIRECTION('',(0.E0,0.E0,-1.E0));
#12536=DIRECTION('',(0.E0,1.E0,0.E0));
#12537=AXIS2_PLACEMENT_3D('',#12534,#12535,#12536);
#12538=PLANE('',#12537);
#12539=ORIENTED_EDGE('',*,*,#12030,.F.);
#12540=ORIENTED_EDGE('',*,*,#12529,.T.);
#12541=ORIENTED_EDGE('',*,*,#12291,.T.);
#12542=ORIENTED_EDGE('',*,*,#6702,.F.);
#12543=EDGE_LOOP('',(#12539,#12540,#12541,#12542));
#12544=FACE_OUTER_BOUND('',#12543,.F.);
#12545=ADVANCED_FACE('',(#12544),#12538,.T.);
#12546=CARTESIAN_POINT('',(6.75E0,-3.7E0,7.5E-1));
#12547=DIRECTION('',(0.E0,0.E0,-1.E0));
#12548=DIRECTION('',(0.E0,1.E0,0.E0));
#12549=AXIS2_PLACEMENT_3D('',#12546,#12547,#12548);
#12550=PLANE('',#12549);
#12552=ORIENTED_EDGE('',*,*,#12551,.T.);
#12553=ORIENTED_EDGE('',*,*,#12014,.F.);
#12554=ORIENTED_EDGE('',*,*,#6250,.T.);
#12555=ORIENTED_EDGE('',*,*,#12269,.T.);
#12556=EDGE_LOOP('',(#12552,#12553,#12554,#12555));
#12557=FACE_OUTER_BOUND('',#12556,.F.);
#12558=ADVANCED_FACE('',(#12557),#12550,.T.);
#12559=CARTESIAN_POINT('',(7.E0,2.6E0,8.25E-1));
#12560=DIRECTION('',(0.E0,2.425356250363E-1,-9.701425001453E-1));
#12561=DIRECTION('',(0.E0,-9.701425001453E-1,-2.425356250363E-1));
#12562=AXIS2_PLACEMENT_3D('',#12559,#12560,#12561);
#12563=PLANE('',#12562);
#12564=ORIENTED_EDGE('',*,*,#12551,.F.);
#12565=ORIENTED_EDGE('',*,*,#12363,.F.);
#12566=ORIENTED_EDGE('',*,*,#12380,.T.);
#12568=ORIENTED_EDGE('',*,*,#12567,.T.);
#12569=EDGE_LOOP('',(#12564,#12565,#12566,#12568));
#12570=FACE_OUTER_BOUND('',#12569,.F.);
#12571=ADVANCED_FACE('',(#12570),#12563,.T.);
#12572=CARTESIAN_POINT('',(6.825E0,2.6E0,1.E0));
#12573=DIRECTION('',(-9.701425001453E-1,2.425356250363E-1,0.E0));
#12574=DIRECTION('',(2.425356250363E-1,9.701425001453E-1,0.E0));
#12575=AXIS2_PLACEMENT_3D('',#12572,#12573,#12574);
#12576=PLANE('',#12575);
#12577=ORIENTED_EDGE('',*,*,#12009,.T.);
#12578=ORIENTED_EDGE('',*,*,#12567,.F.);
#12579=ORIENTED_EDGE('',*,*,#12378,.F.);
#12580=ORIENTED_EDGE('',*,*,#12393,.T.);
#12581=EDGE_LOOP('',(#12577,#12578,#12579,#12580));
#12582=FACE_OUTER_BOUND('',#12581,.F.);
#12583=ADVANCED_FACE('',(#12582),#12576,.T.);
#12584=CARTESIAN_POINT('',(6.825E0,-4.15E0,2.35E0));
#12585=DIRECTION('',(-9.701425001453E-1,0.E0,2.425356250363E-1));
#12586=DIRECTION('',(2.425356250363E-1,0.E0,9.701425001453E-1));
#12587=AXIS2_PLACEMENT_3D('',#12584,#12585,#12586);
#12588=PLANE('',#12587);
#12589=ORIENTED_EDGE('',*,*,#12024,.T.);
#12590=ORIENTED_EDGE('',*,*,#12461,.F.);
#12591=ORIENTED_EDGE('',*,*,#12487,.F.);
#12592=ORIENTED_EDGE('',*,*,#12501,.T.);
#12593=EDGE_LOOP('',(#12589,#12590,#12591,#12592));
#12594=FACE_OUTER_BOUND('',#12593,.F.);
#12595=ADVANCED_FACE('',(#12594),#12588,.T.);
#12596=CARTESIAN_POINT('',(7.175E0,-4.15E0,-2.35E0));
#12597=DIRECTION('',(9.701425001453E-1,0.E0,-2.425356250363E-1));
#12598=DIRECTION('',(-2.425356250363E-1,0.E0,-9.701425001453E-1));
#12599=AXIS2_PLACEMENT_3D('',#12596,#12597,#12598);
#12600=PLANE('',#12599);
#12602=ORIENTED_EDGE('',*,*,#12601,.F.);
#12603=ORIENTED_EDGE('',*,*,#12186,.T.);
#12604=ORIENTED_EDGE('',*,*,#12305,.T.);
#12605=ORIENTED_EDGE('',*,*,#12160,.T.);
#12606=EDGE_LOOP('',(#12602,#12603,#12604,#12605));
#12607=FACE_OUTER_BOUND('',#12606,.F.);
#12608=ADVANCED_FACE('',(#12607),#12600,.T.);
#12609=CARTESIAN_POINT('',(6.75E0,-4.4E0,-2.65E0));
#12610=DIRECTION('',(0.E0,0.E0,-1.E0));
#12611=DIRECTION('',(0.E0,1.E0,0.E0));
#12612=AXIS2_PLACEMENT_3D('',#12609,#12610,#12611);
#12613=PLANE('',#12612);
#12614=ORIENTED_EDGE('',*,*,#12158,.T.);
#12615=ORIENTED_EDGE('',*,*,#12173,.T.);
#12616=ORIENTED_EDGE('',*,*,#12188,.F.);
#12617=ORIENTED_EDGE('',*,*,#12601,.T.);
#12618=EDGE_LOOP('',(#12614,#12615,#12616,#12617));
#12619=FACE_OUTER_BOUND('',#12618,.F.);
#12620=ADVANCED_FACE('',(#12619),#12613,.T.);
#12621=CARTESIAN_POINT('',(6.E0,-3.2E0,0.E0));
#12622=DIRECTION('',(0.E0,-1.E0,0.E0));
#12623=DIRECTION('',(0.E0,0.E0,1.E0));
#12624=AXIS2_PLACEMENT_3D('',#12621,#12622,#12623);
#12625=CYLINDRICAL_SURFACE('',#12624,4.25E-1);
#12627=ORIENTED_EDGE('',*,*,#12626,.T.);
#12629=ORIENTED_EDGE('',*,*,#12628,.T.);
#12631=ORIENTED_EDGE('',*,*,#12630,.F.);
#12632=ORIENTED_EDGE('',*,*,#6710,.F.);
#12633=EDGE_LOOP('',(#12627,#12629,#12631,#12632));
#12634=FACE_OUTER_BOUND('',#12633,.F.);
#12635=ADVANCED_FACE('',(#12634),#12625,.T.);
#12636=CARTESIAN_POINT('',(6.E0,-3.2E0,0.E0));
#12637=DIRECTION('',(0.E0,-1.E0,0.E0));
#12638=DIRECTION('',(0.E0,0.E0,1.E0));
#12639=AXIS2_PLACEMENT_3D('',#12636,#12637,#12638);
#12640=CYLINDRICAL_SURFACE('',#12639,4.25E-1);
#12641=ORIENTED_EDGE('',*,*,#12626,.F.);
#12642=ORIENTED_EDGE('',*,*,#6712,.F.);
#12643=ORIENTED_EDGE('',*,*,#12630,.T.);
#12645=ORIENTED_EDGE('',*,*,#12644,.T.);
#12646=EDGE_LOOP('',(#12641,#12642,#12643,#12645));
#12647=FACE_OUTER_BOUND('',#12646,.F.);
#12648=ADVANCED_FACE('',(#12647),#12640,.T.);
#12649=CARTESIAN_POINT('',(6.E0,-5.324989931176E0,0.E0));
#12650=DIRECTION('',(0.E0,1.E0,0.E0));
#12651=DIRECTION('',(0.E0,0.E0,-1.E0));
#12652=AXIS2_PLACEMENT_3D('',#12649,#12650,#12651);
#12653=CONICAL_SURFACE('',#12652,3.499935909393E-1,4.499865127384E1);
#12655=ORIENTED_EDGE('',*,*,#12654,.T.);
#12657=ORIENTED_EDGE('',*,*,#12656,.T.);
#12658=ORIENTED_EDGE('',*,*,#12644,.F.);
#12660=ORIENTED_EDGE('',*,*,#12659,.F.);
#12661=EDGE_LOOP('',(#12655,#12657,#12658,#12660));
#12662=FACE_OUTER_BOUND('',#12661,.F.);
#12663=ADVANCED_FACE('',(#12662),#12653,.T.);
#12664=CARTESIAN_POINT('',(0.E0,-5.4E0,0.E0));
#12665=DIRECTION('',(0.E0,-1.E0,0.E0));
#12666=DIRECTION('',(0.E0,0.E0,1.E0));
#12667=AXIS2_PLACEMENT_3D('',#12664,#12665,#12666);
#12668=PLANE('',#12667);
#12670=ORIENTED_EDGE('',*,*,#12669,.F.);
#12672=ORIENTED_EDGE('',*,*,#12671,.F.);
#12673=EDGE_LOOP('',(#12670,#12672));
#12674=FACE_OUTER_BOUND('',#12673,.F.);
#12675=ADVANCED_FACE('',(#12674),#12668,.T.);
#12676=CARTESIAN_POINT('',(0.E0,-5.4E0,0.E0));
#12677=DIRECTION('',(0.E0,-1.E0,0.E0));
#12678=DIRECTION('',(0.E0,0.E0,1.E0));
#12679=AXIS2_PLACEMENT_3D('',#12676,#12677,#12678);
#12680=PLANE('',#12679);
#12682=ORIENTED_EDGE('',*,*,#12681,.F.);
#12683=ORIENTED_EDGE('',*,*,#12654,.F.);
#12684=EDGE_LOOP('',(#12682,#12683));
#12685=FACE_OUTER_BOUND('',#12684,.F.);
#12686=ADVANCED_FACE('',(#12685),#12680,.T.);
#12687=CARTESIAN_POINT('',(-6.E0,-5.324989931176E0,0.E0));
#12688=DIRECTION('',(0.E0,1.E0,0.E0));
#12689=DIRECTION('',(0.E0,0.E0,-1.E0));
#12690=AXIS2_PLACEMENT_3D('',#12687,#12688,#12689);
#12691=CONICAL_SURFACE('',#12690,3.499935909393E-1,4.499865127384E1);
#12692=ORIENTED_EDGE('',*,*,#12669,.T.);
#12694=ORIENTED_EDGE('',*,*,#12693,.T.);
#12696=ORIENTED_EDGE('',*,*,#12695,.F.);
#12698=ORIENTED_EDGE('',*,*,#12697,.F.);
#12699=EDGE_LOOP('',(#12692,#12694,#12696,#12698));
#12700=FACE_OUTER_BOUND('',#12699,.F.);
#12701=ADVANCED_FACE('',(#12700),#12691,.T.);
#12702=CARTESIAN_POINT('',(-6.E0,-5.324989931176E0,0.E0));
#12703=DIRECTION('',(0.E0,1.E0,0.E0));
#12704=DIRECTION('',(0.E0,0.E0,-1.E0));
#12705=AXIS2_PLACEMENT_3D('',#12702,#12703,#12704);
#12706=CONICAL_SURFACE('',#12705,3.499935909393E-1,4.499865127384E1);
#12707=ORIENTED_EDGE('',*,*,#12671,.T.);
#12708=ORIENTED_EDGE('',*,*,#12697,.T.);
#12710=ORIENTED_EDGE('',*,*,#12709,.F.);
#12711=ORIENTED_EDGE('',*,*,#12693,.F.);
#12712=EDGE_LOOP('',(#12707,#12708,#12710,#12711));
#12713=FACE_OUTER_BOUND('',#12712,.F.);
#12714=ADVANCED_FACE('',(#12713),#12706,.T.);
#12715=CARTESIAN_POINT('',(-6.E0,-3.2E0,0.E0));
#12716=DIRECTION('',(0.E0,-1.E0,0.E0));
#12717=DIRECTION('',(0.E0,0.E0,1.E0));
#12718=AXIS2_PLACEMENT_3D('',#12715,#12716,#12717);
#12719=CYLINDRICAL_SURFACE('',#12718,4.25E-1);
#12721=ORIENTED_EDGE('',*,*,#12720,.F.);
#12722=ORIENTED_EDGE('',*,*,#6718,.F.);
#12724=ORIENTED_EDGE('',*,*,#12723,.T.);
#12725=ORIENTED_EDGE('',*,*,#12709,.T.);
#12726=EDGE_LOOP('',(#12721,#12722,#12724,#12725));
#12727=FACE_OUTER_BOUND('',#12726,.F.);
#12728=ADVANCED_FACE('',(#12727),#12719,.T.);
#12729=CARTESIAN_POINT('',(-6.E0,-3.2E0,0.E0));
#12730=DIRECTION('',(0.E0,-1.E0,0.E0));
#12731=DIRECTION('',(0.E0,0.E0,1.E0));
#12732=AXIS2_PLACEMENT_3D('',#12729,#12730,#12731);
#12733=CYLINDRICAL_SURFACE('',#12732,4.25E-1);
#12734=ORIENTED_EDGE('',*,*,#12720,.T.);
#12735=ORIENTED_EDGE('',*,*,#12695,.T.);
#12736=ORIENTED_EDGE('',*,*,#12723,.F.);
#12737=ORIENTED_EDGE('',*,*,#6716,.F.);
#12738=EDGE_LOOP('',(#12734,#12735,#12736,#12737));
#12739=FACE_OUTER_BOUND('',#12738,.F.);
#12740=ADVANCED_FACE('',(#12739),#12733,.T.);
#12741=CARTESIAN_POINT('',(6.E0,-5.324989931176E0,0.E0));
#12742=DIRECTION('',(0.E0,1.E0,0.E0));
#12743=DIRECTION('',(0.E0,0.E0,-1.E0));
#12744=AXIS2_PLACEMENT_3D('',#12741,#12742,#12743);
#12745=CONICAL_SURFACE('',#12744,3.499935909393E-1,4.499865127384E1);
#12746=ORIENTED_EDGE('',*,*,#12681,.T.);
#12747=ORIENTED_EDGE('',*,*,#12659,.T.);
#12748=ORIENTED_EDGE('',*,*,#12628,.F.);
#12749=ORIENTED_EDGE('',*,*,#12656,.F.);
#12750=EDGE_LOOP('',(#12746,#12747,#12748,#12749));
#12751=FACE_OUTER_BOUND('',#12750,.F.);
#12752=ADVANCED_FACE('',(#12751),#12745,.T.);
#12753=CLOSED_SHELL('',(#5850,#5877,#5892,#5913,#5933,#5960,#5985,#5999,#6013,
#6274,#6289,#6304,#6328,#6352,#6367,#6382,#6397,#6410,#6424,#6438,#6453,#6467,
#6482,#6496,#6510,#6524,#6538,#6722,#6737,#6751,#6765,#6778,#6813,#6827,#6844,
#6876,#6907,#6923,#6940,#6958,#6972,#6987,#7001,#7014,#7068,#7082,#7096,#7110,
#7124,#7138,#7151,#7164,#7176,#7189,#7203,#7215,#7227,#7240,#7255,#7267,#7280,
#7293,#7305,#7318,#7331,#7343,#7355,#7368,#7381,#7393,#7406,#7419,#7431,#7444,
#7457,#7469,#7481,#7494,#7506,#7521,#7575,#7589,#7601,#7613,#7625,#7637,#7650,
#7663,#7676,#7689,#7702,#7716,#7732,#7745,#7760,#7773,#7786,#7799,#7812,#7824,
#7837,#7852,#7875,#7892,#7906,#7919,#7931,#7946,#7961,#7975,#7988,#8000,#8013,
#8026,#8041,#8055,#8069,#8083,#8096,#8109,#8121,#8134,#8147,#8159,#8171,#8184,
#8196,#8211,#8226,#8249,#8272,#8287,#8302,#8316,#8329,#8343,#8357,#8372,#8386,
#8401,#8415,#8429,#8442,#8456,#8469,#8484,#8507,#8524,#8538,#8551,#8563,#8578,
#8593,#8607,#8620,#8632,#8645,#8658,#8673,#8687,#8701,#8715,#8728,#8741,#8753,
#8766,#8779,#8791,#8803,#8816,#8828,#8843,#8858,#8881,#8904,#8919,#8934,#8948,
#8961,#8975,#8989,#9004,#9018,#9033,#9047,#9061,#9074,#9088,#9101,#9116,#9139,
#9156,#9170,#9183,#9195,#9210,#9225,#9239,#9252,#9264,#9277,#9290,#9305,#9319,
#9333,#9347,#9360,#9373,#9385,#9398,#9411,#9423,#9435,#9448,#9460,#9475,#9490,
#9513,#9536,#9551,#9566,#9580,#9593,#9607,#9621,#9636,#9650,#9665,#9679,#9693,
#9706,#9720,#9733,#9748,#9771,#9788,#9802,#9815,#9827,#9842,#9857,#9871,#9884,
#9896,#9909,#9922,#9937,#9951,#9965,#9979,#9992,#10005,#10017,#10030,#10043,
#10055,#10067,#10080,#10092,#10107,#10122,#10145,#10168,#10183,#10198,#10212,
#10225,#10239,#10253,#10268,#10282,#10297,#10311,#10325,#10338,#10352,#10365,
#10380,#10403,#10420,#10434,#10447,#10459,#10474,#10489,#10503,#10516,#10528,
#10541,#10554,#10569,#10583,#10597,#10611,#10624,#10637,#10649,#10662,#10675,
#10687,#10699,#10712,#10724,#10739,#10754,#10777,#10800,#10815,#10830,#10844,
#10857,#10871,#10885,#10900,#10914,#10929,#10943,#10957,#10970,#10984,#10997,
#11012,#11035,#11052,#11066,#11079,#11091,#11106,#11121,#11135,#11148,#11160,
#11173,#11186,#11201,#11215,#11229,#11243,#11256,#11269,#11281,#11294,#11307,
#11319,#11331,#11344,#11356,#11371,#11386,#11409,#11432,#11447,#11462,#11476,
#11489,#11503,#11517,#11532,#11546,#11561,#11575,#11589,#11602,#11616,#11629,
#11644,#11667,#11684,#11698,#11711,#11723,#11738,#11753,#11767,#11780,#11792,
#11805,#11818,#11833,#11847,#11861,#11875,#11888,#11901,#11913,#11926,#11939,
#11951,#11963,#11976,#11988,#12003,#12018,#12041,#12064,#12079,#12094,#12108,
#12121,#12135,#12149,#12164,#12178,#12193,#12207,#12221,#12234,#12248,#12261,
#12276,#12299,#12316,#12330,#12343,#12355,#12370,#12385,#12399,#12412,#12424,
#12437,#12450,#12465,#12479,#12493,#12507,#12520,#12533,#12545,#12558,#12571,
#12583,#12595,#12608,#12620,#12635,#12648,#12663,#12675,#12686,#12701,#12714,
#12728,#12740,#12752));
#12754=MANIFOLD_SOLID_BREP('',#12753);
#12755=CARTESIAN_POINT('',(0.E0,0.E0,0.E0));
#12756=DIRECTION('',(0.E0,0.E0,1.E0));
#12757=DIRECTION('',(1.E0,0.E0,0.E0));
#12758=AXIS2_PLACEMENT_3D('CSYS',#12755,#12756,#12757);
#12759=DIRECTION('',(0.E0,0.E0,-1.E0));
#12760=VECTOR('',#12759,2.75E0);
#12761=CARTESIAN_POINT('',(-7.5E0,-4.4E0,3.5E0));
#12762=LINE('',#12761,#12760);
#12765=DIRECTION('',(1.E0,0.E0,0.E0));
#12766=VECTOR('',#12765,1.E0);
#12767=CARTESIAN_POINT('',(-7.5E0,-4.4E0,7.5E-1));
#12768=LINE('',#12767,#12766);
#12771=DIRECTION('',(0.E0,0.E0,1.E0));
#12772=VECTOR('',#12771,2.75E0);
#12773=CARTESIAN_POINT('',(-6.5E0,-4.4E0,7.5E-1));
#12774=LINE('',#12773,#12772);
#12777=DIRECTION('',(-1.E0,0.E0,0.E0));
#12778=VECTOR('',#12777,1.E0);
#12779=CARTESIAN_POINT('',(-6.5E0,-4.4E0,3.5E0));
#12780=LINE('',#12779,#12778);
#12785=DIRECTION('',(1.E0,0.E0,0.E0));
#12786=VECTOR('',#12785,1.E0);
#12787=CARTESIAN_POINT('',(-7.5E0,-4.4E0,-3.5E0));
#12788=LINE('',#12787,#12786);
#12791=DIRECTION('',(0.E0,0.E0,1.E0));
#12792=VECTOR('',#12791,2.75E0);
#12793=CARTESIAN_POINT('',(-6.5E0,-4.4E0,-3.5E0));
#12794=LINE('',#12793,#12792);
#12797=DIRECTION('',(-1.E0,0.E0,0.E0));
#12798=VECTOR('',#12797,1.E0);
#12799=CARTESIAN_POINT('',(-6.5E0,-4.4E0,-7.5E-1));
#12800=LINE('',#12799,#12798);
#12803=DIRECTION('',(0.E0,0.E0,-1.E0));
#12804=VECTOR('',#12803,2.75E0);
#12805=CARTESIAN_POINT('',(-7.5E0,-4.4E0,-7.5E-1));
#12806=LINE('',#12805,#12804);
#12810=DIRECTION('',(0.E0,0.E0,-1.E0));
#12811=VECTOR('',#12810,2.75E0);
#12812=CARTESIAN_POINT('',(-5.5E0,-4.4E0,3.5E0));
#12813=LINE('',#12812,#12811);
#12816=DIRECTION('',(1.E0,0.E0,0.E0));
#12817=VECTOR('',#12816,1.E0);
#12818=CARTESIAN_POINT('',(-5.5E0,-4.4E0,7.5E-1));
#12819=LINE('',#12818,#12817);
#12822=DIRECTION('',(0.E0,0.E0,1.E0));
#12823=VECTOR('',#12822,2.75E0);
#12824=CARTESIAN_POINT('',(-4.5E0,-4.4E0,7.5E-1));
#12825=LINE('',#12824,#12823);
#12828=DIRECTION('',(-1.E0,0.E0,0.E0));
#12829=VECTOR('',#12828,1.E0);
#12830=CARTESIAN_POINT('',(-4.5E0,-4.4E0,3.5E0));
#12831=LINE('',#12830,#12829);
#12835=DIRECTION('',(1.E0,0.E0,0.E0));
#12836=VECTOR('',#12835,1.E0);
#12837=CARTESIAN_POINT('',(-5.5E0,-4.4E0,-3.5E0));
#12838=LINE('',#12837,#12836);
#12841=DIRECTION('',(0.E0,0.E0,1.E0));
#12842=VECTOR('',#12841,2.75E0);
#12843=CARTESIAN_POINT('',(-4.5E0,-4.4E0,-3.5E0));
#12844=LINE('',#12843,#12842);
#12847=DIRECTION('',(-1.E0,0.E0,0.E0));
#12848=VECTOR('',#12847,1.E0);
#12849=CARTESIAN_POINT('',(-4.5E0,-4.4E0,-7.5E-1));
#12850=LINE('',#12849,#12848);
#12853=DIRECTION('',(0.E0,0.E0,-1.E0));
#12854=VECTOR('',#12853,2.75E0);
#12855=CARTESIAN_POINT('',(-5.5E0,-4.4E0,-7.5E-1));
#12856=LINE('',#12855,#12854);
#12860=DIRECTION('',(0.E0,0.E0,-1.E0));
#12861=VECTOR('',#12860,2.75E0);
#12862=CARTESIAN_POINT('',(-3.5E0,-4.4E0,3.5E0));
#12863=LINE('',#12862,#12861);
#12866=DIRECTION('',(1.E0,0.E0,0.E0));
#12867=VECTOR('',#12866,1.E0);
#12868=CARTESIAN_POINT('',(-3.5E0,-4.4E0,7.5E-1));
#12869=LINE('',#12868,#12867);
#12872=DIRECTION('',(0.E0,0.E0,1.E0));
#12873=VECTOR('',#12872,2.75E0);
#12874=CARTESIAN_POINT('',(-2.5E0,-4.4E0,7.5E-1));
#12875=LINE('',#12874,#12873);
#12878=DIRECTION('',(-1.E0,0.E0,0.E0));
#12879=VECTOR('',#12878,1.E0);
#12880=CARTESIAN_POINT('',(-2.5E0,-4.4E0,3.5E0));
#12881=LINE('',#12880,#12879);
#12885=DIRECTION('',(1.E0,0.E0,0.E0));
#12886=VECTOR('',#12885,1.E0);
#12887=CARTESIAN_POINT('',(-3.5E0,-4.4E0,-3.5E0));
#12888=LINE('',#12887,#12886);
#12891=DIRECTION('',(0.E0,0.E0,1.E0));
#12892=VECTOR('',#12891,2.75E0);
#12893=CARTESIAN_POINT('',(-2.5E0,-4.4E0,-3.5E0));
#12894=LINE('',#12893,#12892);
#12897=DIRECTION('',(-1.E0,0.E0,0.E0));
#12898=VECTOR('',#12897,1.E0);
#12899=CARTESIAN_POINT('',(-2.5E0,-4.4E0,-7.5E-1));
#12900=LINE('',#12899,#12898);
#12903=DIRECTION('',(0.E0,0.E0,-1.E0));
#12904=VECTOR('',#12903,2.75E0);
#12905=CARTESIAN_POINT('',(-3.5E0,-4.4E0,-7.5E-1));
#12906=LINE('',#12905,#12904);
#12910=DIRECTION('',(0.E0,0.E0,-1.E0));
#12911=VECTOR('',#12910,2.75E0);
#12912=CARTESIAN_POINT('',(-1.5E0,-4.4E0,3.5E0));
#12913=LINE('',#12912,#12911);
#12916=DIRECTION('',(1.E0,0.E0,0.E0));
#12917=VECTOR('',#12916,1.E0);
#12918=CARTESIAN_POINT('',(-1.5E0,-4.4E0,7.5E-1));
#12919=LINE('',#12918,#12917);
#12922=DIRECTION('',(0.E0,0.E0,1.E0));
#12923=VECTOR('',#12922,2.75E0);
#12924=CARTESIAN_POINT('',(-5.E-1,-4.4E0,7.5E-1));
#12925=LINE('',#12924,#12923);
#12928=DIRECTION('',(-1.E0,0.E0,0.E0));
#12929=VECTOR('',#12928,1.E0);
#12930=CARTESIAN_POINT('',(-5.E-1,-4.4E0,3.5E0));
#12931=LINE('',#12930,#12929);
#12935=DIRECTION('',(1.E0,0.E0,0.E0));
#12936=VECTOR('',#12935,1.E0);
#12937=CARTESIAN_POINT('',(-1.5E0,-4.4E0,-3.5E0));
#12938=LINE('',#12937,#12936);
#12941=DIRECTION('',(0.E0,0.E0,1.E0));
#12942=VECTOR('',#12941,2.75E0);
#12943=CARTESIAN_POINT('',(-5.E-1,-4.4E0,-3.5E0));
#12944=LINE('',#12943,#12942);
#12947=DIRECTION('',(-1.E0,0.E0,0.E0));
#12948=VECTOR('',#12947,1.E0);
#12949=CARTESIAN_POINT('',(-5.E-1,-4.4E0,-7.5E-1));
#12950=LINE('',#12949,#12948);
#12953=DIRECTION('',(0.E0,0.E0,-1.E0));
#12954=VECTOR('',#12953,2.75E0);
#12955=CARTESIAN_POINT('',(-1.5E0,-4.4E0,-7.5E-1));
#12956=LINE('',#12955,#12954);
#12960=DIRECTION('',(0.E0,0.E0,-1.E0));
#12961=VECTOR('',#12960,2.75E0);
#12962=CARTESIAN_POINT('',(5.E-1,-4.4E0,3.5E0));
#12963=LINE('',#12962,#12961);
#12966=DIRECTION('',(1.E0,0.E0,0.E0));
#12967=VECTOR('',#12966,1.E0);
#12968=CARTESIAN_POINT('',(5.E-1,-4.4E0,7.5E-1));
#12969=LINE('',#12968,#12967);
#12972=DIRECTION('',(0.E0,0.E0,1.E0));
#12973=VECTOR('',#12972,2.75E0);
#12974=CARTESIAN_POINT('',(1.5E0,-4.4E0,7.5E-1));
#12975=LINE('',#12974,#12973);
#12978=DIRECTION('',(-1.E0,0.E0,0.E0));
#12979=VECTOR('',#12978,1.E0);
#12980=CARTESIAN_POINT('',(1.5E0,-4.4E0,3.5E0));
#12981=LINE('',#12980,#12979);
#12985=DIRECTION('',(1.E0,0.E0,0.E0));
#12986=VECTOR('',#12985,1.E0);
#12987=CARTESIAN_POINT('',(5.E-1,-4.4E0,-3.5E0));
#12988=LINE('',#12987,#12986);
#12991=DIRECTION('',(0.E0,0.E0,1.E0));
#12992=VECTOR('',#12991,2.75E0);
#12993=CARTESIAN_POINT('',(1.5E0,-4.4E0,-3.5E0));
#12994=LINE('',#12993,#12992);
#12997=DIRECTION('',(-1.E0,0.E0,0.E0));
#12998=VECTOR('',#12997,1.E0);
#12999=CARTESIAN_POINT('',(1.5E0,-4.4E0,-7.5E-1));
#13000=LINE('',#12999,#12998);
#13003=DIRECTION('',(0.E0,0.E0,-1.E0));
#13004=VECTOR('',#13003,2.75E0);
#13005=CARTESIAN_POINT('',(5.E-1,-4.4E0,-7.5E-1));
#13006=LINE('',#13005,#13004);
#13010=DIRECTION('',(0.E0,0.E0,-1.E0));
#13011=VECTOR('',#13010,2.75E0);
#13012=CARTESIAN_POINT('',(2.5E0,-4.4E0,3.5E0));
#13013=LINE('',#13012,#13011);
#13016=DIRECTION('',(1.E0,0.E0,0.E0));
#13017=VECTOR('',#13016,1.E0);
#13018=CARTESIAN_POINT('',(2.5E0,-4.4E0,7.5E-1));
#13019=LINE('',#13018,#13017);
#13022=DIRECTION('',(0.E0,0.E0,1.E0));
#13023=VECTOR('',#13022,2.75E0);
#13024=CARTESIAN_POINT('',(3.5E0,-4.4E0,7.5E-1));
#13025=LINE('',#13024,#13023);
#13028=DIRECTION('',(-1.E0,0.E0,0.E0));
#13029=VECTOR('',#13028,1.E0);
#13030=CARTESIAN_POINT('',(3.5E0,-4.4E0,3.5E0));
#13031=LINE('',#13030,#13029);
#13035=DIRECTION('',(1.E0,0.E0,0.E0));
#13036=VECTOR('',#13035,1.E0);
#13037=CARTESIAN_POINT('',(2.5E0,-4.4E0,-3.5E0));
#13038=LINE('',#13037,#13036);
#13041=DIRECTION('',(0.E0,0.E0,1.E0));
#13042=VECTOR('',#13041,2.75E0);
#13043=CARTESIAN_POINT('',(3.5E0,-4.4E0,-3.5E0));
#13044=LINE('',#13043,#13042);
#13047=DIRECTION('',(-1.E0,0.E0,0.E0));
#13048=VECTOR('',#13047,1.E0);
#13049=CARTESIAN_POINT('',(3.5E0,-4.4E0,-7.5E-1));
#13050=LINE('',#13049,#13048);
#13053=DIRECTION('',(0.E0,0.E0,-1.E0));
#13054=VECTOR('',#13053,2.75E0);
#13055=CARTESIAN_POINT('',(2.5E0,-4.4E0,-7.5E-1));
#13056=LINE('',#13055,#13054);
#13060=DIRECTION('',(0.E0,0.E0,-1.E0));
#13061=VECTOR('',#13060,2.75E0);
#13062=CARTESIAN_POINT('',(4.5E0,-4.4E0,3.5E0));
#13063=LINE('',#13062,#13061);
#13066=DIRECTION('',(1.E0,0.E0,0.E0));
#13067=VECTOR('',#13066,1.E0);
#13068=CARTESIAN_POINT('',(4.5E0,-4.4E0,7.5E-1));
#13069=LINE('',#13068,#13067);
#13072=DIRECTION('',(0.E0,0.E0,1.E0));
#13073=VECTOR('',#13072,2.75E0);
#13074=CARTESIAN_POINT('',(5.5E0,-4.4E0,7.5E-1));
#13075=LINE('',#13074,#13073);
#13078=DIRECTION('',(-1.E0,0.E0,0.E0));
#13079=VECTOR('',#13078,1.E0);
#13080=CARTESIAN_POINT('',(5.5E0,-4.4E0,3.5E0));
#13081=LINE('',#13080,#13079);
#13085=DIRECTION('',(1.E0,0.E0,0.E0));
#13086=VECTOR('',#13085,1.E0);
#13087=CARTESIAN_POINT('',(4.5E0,-4.4E0,-3.5E0));
#13088=LINE('',#13087,#13086);
#13091=DIRECTION('',(0.E0,0.E0,1.E0));
#13092=VECTOR('',#13091,2.75E0);
#13093=CARTESIAN_POINT('',(5.5E0,-4.4E0,-3.5E0));
#13094=LINE('',#13093,#13092);
#13097=DIRECTION('',(-1.E0,0.E0,0.E0));
#13098=VECTOR('',#13097,1.E0);
#13099=CARTESIAN_POINT('',(5.5E0,-4.4E0,-7.5E-1));
#13100=LINE('',#13099,#13098);
#13103=DIRECTION('',(0.E0,0.E0,-1.E0));
#13104=VECTOR('',#13103,2.75E0);
#13105=CARTESIAN_POINT('',(4.5E0,-4.4E0,-7.5E-1));
#13106=LINE('',#13105,#13104);
#13110=DIRECTION('',(0.E0,0.E0,-1.E0));
#13111=VECTOR('',#13110,2.75E0);
#13112=CARTESIAN_POINT('',(6.5E0,-4.4E0,3.5E0));
#13113=LINE('',#13112,#13111);
#13116=DIRECTION('',(1.E0,0.E0,0.E0));
#13117=VECTOR('',#13116,1.E0);
#13118=CARTESIAN_POINT('',(6.5E0,-4.4E0,7.5E-1));
#13119=LINE('',#13118,#13117);
#13122=DIRECTION('',(0.E0,0.E0,1.E0));
#13123=VECTOR('',#13122,2.75E0);
#13124=CARTESIAN_POINT('',(7.5E0,-4.4E0,7.5E-1));
#13125=LINE('',#13124,#13123);
#13128=DIRECTION('',(-1.E0,0.E0,0.E0));
#13129=VECTOR('',#13128,1.E0);
#13130=CARTESIAN_POINT('',(7.5E0,-4.4E0,3.5E0));
#13131=LINE('',#13130,#13129);
#13135=DIRECTION('',(1.E0,0.E0,0.E0));
#13136=VECTOR('',#13135,1.E0);
#13137=CARTESIAN_POINT('',(6.5E0,-4.4E0,-3.5E0));
#13138=LINE('',#13137,#13136);
#13141=DIRECTION('',(0.E0,0.E0,1.E0));
#13142=VECTOR('',#13141,2.75E0);
#13143=CARTESIAN_POINT('',(7.5E0,-4.4E0,-3.5E0));
#13144=LINE('',#13143,#13142);
#13147=DIRECTION('',(-1.E0,0.E0,0.E0));
#13148=VECTOR('',#13147,1.E0);
#13149=CARTESIAN_POINT('',(7.5E0,-4.4E0,-7.5E-1));
#13150=LINE('',#13149,#13148);
#13153=DIRECTION('',(0.E0,0.E0,-1.E0));
#13154=VECTOR('',#13153,2.75E0);
#13155=CARTESIAN_POINT('',(6.5E0,-4.4E0,-7.5E-1));
#13156=LINE('',#13155,#13154);
#13160=DIRECTION('',(0.E0,-1.E0,0.E0));
#13161=VECTOR('',#13160,2.050000005350E0);
#13162=CARTESIAN_POINT('',(6.E0,-3.2E0,0.E0));
#13163=LINE('',#13162,#13161);
#13165=DIRECTION('',(0.E0,-1.E0,0.E0));
#13166=VECTOR('',#13165,2.050000005350E0);
#13167=CARTESIAN_POINT('',(-6.E0,-3.2E0,0.E0));
#13168=LINE('',#13167,#13166);
#13170=CARTESIAN_POINT('',(-6.E0,-4.4E0,0.E0));
#13171=DIRECTION('',(0.E0,-1.E0,0.E0));
#13172=DIRECTION('',(1.E0,0.E0,0.E0));
#13173=AXIS2_PLACEMENT_3D('',#13170,#13171,#13172);
#13177=CARTESIAN_POINT('',(-6.E0,-4.4E0,0.E0));
#13178=DIRECTION('',(0.E0,-1.E0,0.E0));
#13179=DIRECTION('',(-1.E0,0.E0,0.E0));
#13180=AXIS2_PLACEMENT_3D('',#13177,#13178,#13179);
#13185=CARTESIAN_POINT('',(6.E0,-4.4E0,0.E0));
#13186=DIRECTION('',(0.E0,-1.E0,0.E0));
#13187=DIRECTION('',(1.E0,0.E0,0.E0));
#13188=AXIS2_PLACEMENT_3D('',#13185,#13186,#13187);
#13192=CARTESIAN_POINT('',(6.E0,-4.4E0,0.E0));
#13193=DIRECTION('',(0.E0,-1.E0,0.E0));
#13194=DIRECTION('',(-1.E0,0.E0,0.E0));
#13195=AXIS2_PLACEMENT_3D('',#13192,#13193,#13194);
#13201=DIMENSIONAL_EXPONENTS(0.E0,0.E0,0.E0,0.E0,0.E0,0.E0,0.E0);
#13203=PLANE_ANGLE_MEASURE_WITH_UNIT(PLANE_ANGLE_MEASURE(1.745329251994E-2),
#13202);
#13204=(CONVERSION_BASED_UNIT('DEGREE',#13203)NAMED_UNIT(*)PLANE_ANGLE_UNIT());
#13206=UNCERTAINTY_MEASURE_WITH_UNIT(LENGTH_MEASURE(2.169665508779E-3),#13200,
'closure',
'Maximum model space distance between geometric entities at asserted connectivities');
#13207=(GEOMETRIC_REPRESENTATION_CONTEXT(3)GLOBAL_UNCERTAINTY_ASSIGNED_CONTEXT((
#13206))GLOBAL_UNIT_ASSIGNED_CONTEXT((#13200,#13204,#13205))REPRESENTATION_CONTEXT('ID1','3'));
#12784=GEOMETRIC_SET('',(#12783,#12809,#12834,#12859,#12884,#12909,#12934,
#12959,#12984,#13009,#13034,#13059,#13084,#13109,#13134,#13159,#13164,#13169,
#13184,#13199));
#13211=SHAPE_REPRESENTATION_RELATIONSHIP('','',#13210,#13208);
#13212=SHAPE_REPRESENTATION_RELATIONSHIP('','',#13210,#13209);
#13213=APPLICATION_CONTEXT(
'CONFIGURATION CONTROLLED 3D DESIGNS OF MECHANICAL PARTS AND ASSEMBLIES');
#13214=APPLICATION_PROTOCOL_DEFINITION('international standard',
'config_control_design',1994,#13213);
#13215=DESIGN_CONTEXT('',#13213,'design');
#13216=MECHANICAL_CONTEXT('',#13213,'mechanical');
#13217=PRODUCT('878321620','878321620','NOT SPECIFIED',(#13216));
#13218=PRODUCT_DEFINITION_FORMATION_WITH_SPECIFIED_SOURCE('1','LAST_VERSION',
#13217,.MADE.);
#13222=PRODUCT_CATEGORY('part','');
#13223=PRODUCT_RELATED_PRODUCT_CATEGORY('detail','',(#13217));
#13224=PRODUCT_CATEGORY_RELATIONSHIP('','',#13222,#13223);
#13225=SECURITY_CLASSIFICATION_LEVEL('unclassified');
#13226=SECURITY_CLASSIFICATION('','',#13225);
#13227=CC_DESIGN_SECURITY_CLASSIFICATION(#13226,(#13218));
#13228=APPROVAL_STATUS('approved');
#13229=APPROVAL(#13228,'');
#13230=CC_DESIGN_APPROVAL(#13229,(#13226,#13218,#13219));
#13231=CALENDAR_DATE(119,10,4);
#13232=COORDINATED_UNIVERSAL_TIME_OFFSET(5,30,.AHEAD.);
#13233=LOCAL_TIME(11,40,1.2E1,#13232);
#13234=DATE_AND_TIME(#13231,#13233);
#13235=APPROVAL_DATE_TIME(#13234,#13229);
#13236=DATE_TIME_ROLE('creation_date');
#13237=CC_DESIGN_DATE_AND_TIME_ASSIGNMENT(#13234,#13236,(#13219));
#13238=DATE_TIME_ROLE('classification_date');
#13239=CC_DESIGN_DATE_AND_TIME_ASSIGNMENT(#13234,#13238,(#13226));
#13240=PERSON('UNSPECIFIED','UNSPECIFIED',$,$,$,$);
#13241=ORGANIZATION('UNSPECIFIED','UNSPECIFIED','UNSPECIFIED');
#13242=PERSON_AND_ORGANIZATION(#13240,#13241);
#13243=APPROVAL_ROLE('approver');
#13244=APPROVAL_PERSON_ORGANIZATION(#13242,#13229,#13243);
#13245=PERSON_AND_ORGANIZATION_ROLE('creator');
#13246=CC_DESIGN_PERSON_AND_ORGANIZATION_ASSIGNMENT(#13242,#13245,(#13218,
#13219));
#13247=PERSON_AND_ORGANIZATION_ROLE('design_supplier');
#13248=CC_DESIGN_PERSON_AND_ORGANIZATION_ASSIGNMENT(#13242,#13247,(#13218));
#13249=PERSON_AND_ORGANIZATION_ROLE('classification_officer');
#13250=CC_DESIGN_PERSON_AND_ORGANIZATION_ASSIGNMENT(#13242,#13249,(#13226));
#13251=PERSON_AND_ORGANIZATION_ROLE('design_owner');
#13252=CC_DESIGN_PERSON_AND_ORGANIZATION_ASSIGNMENT(#13242,#13251,(#13217));
#569=CIRCLE('',#568,7.E-1);
#582=CIRCLE('',#581,2.E-1);
#599=CIRCLE('',#598,2.E-1);
#612=CIRCLE('',#611,7.E-1);
#949=CIRCLE('',#948,4.25E-1);
#954=CIRCLE('',#953,4.25E-1);
#959=CIRCLE('',#958,4.25E-1);
#964=CIRCLE('',#963,4.25E-1);
#1037=CIRCLE('',#1036,8.E-1);
#1078=CIRCLE('',#1077,8.E-1);
#1117=B_SPLINE_CURVE_WITH_KNOTS('',3,(#1111,#1112,#1113,#1114,#1115,#1116),
.UNSPECIFIED.,.F.,.F.,(4,1,1,4),(0.E0,2.5E-1,5.E-1,1.E0),.UNSPECIFIED.);
#1136=B_SPLINE_CURVE_WITH_KNOTS('',3,(#1130,#1131,#1132,#1133,#1134,#1135),
.UNSPECIFIED.,.F.,.F.,(4,1,1,4),(0.E0,5.E-1,7.5E-1,1.E0),.UNSPECIFIED.);
#1481=CIRCLE('',#1480,8.E-1);
#1498=CIRCLE('',#1497,8.E-1);
#1695=CIRCLE('',#1694,2.E-1);
#1708=CIRCLE('',#1707,7.E-1);
#1725=CIRCLE('',#1724,7.E-1);
#1738=CIRCLE('',#1737,2.E-1);
#1915=CIRCLE('',#1914,7.E-1);
#1928=CIRCLE('',#1927,2.E-1);
#1945=CIRCLE('',#1944,2.E-1);
#1958=CIRCLE('',#1957,7.E-1);
#2055=CIRCLE('',#2054,2.E-1);
#2068=CIRCLE('',#2067,7.E-1);
#2085=CIRCLE('',#2084,7.E-1);
#2098=CIRCLE('',#2097,2.E-1);
#2275=CIRCLE('',#2274,7.E-1);
#2288=CIRCLE('',#2287,2.E-1);
#2305=CIRCLE('',#2304,2.E-1);
#2318=CIRCLE('',#2317,7.E-1);
#2415=CIRCLE('',#2414,2.E-1);
#2428=CIRCLE('',#2427,7.E-1);
#2445=CIRCLE('',#2444,7.E-1);
#2458=CIRCLE('',#2457,2.E-1);
#2635=CIRCLE('',#2634,7.E-1);
#2648=CIRCLE('',#2647,2.E-1);
#2665=CIRCLE('',#2664,2.E-1);
#2678=CIRCLE('',#2677,7.E-1);
#2775=CIRCLE('',#2774,2.E-1);
#2788=CIRCLE('',#2787,7.E-1);
#2805=CIRCLE('',#2804,7.E-1);
#2818=CIRCLE('',#2817,2.E-1);
#2995=CIRCLE('',#2994,7.E-1);
#3008=CIRCLE('',#3007,2.E-1);
#3025=CIRCLE('',#3024,2.E-1);
#3038=CIRCLE('',#3037,7.E-1);
#3135=CIRCLE('',#3134,2.E-1);
#3148=CIRCLE('',#3147,7.E-1);
#3165=CIRCLE('',#3164,7.E-1);
#3178=CIRCLE('',#3177,2.E-1);
#3355=CIRCLE('',#3354,7.E-1);
#3368=CIRCLE('',#3367,2.E-1);
#3385=CIRCLE('',#3384,2.E-1);
#3398=CIRCLE('',#3397,7.E-1);
#3495=CIRCLE('',#3494,2.E-1);
#3508=CIRCLE('',#3507,7.E-1);
#3525=CIRCLE('',#3524,7.E-1);
#3538=CIRCLE('',#3537,2.E-1);
#3715=CIRCLE('',#3714,7.E-1);
#3728=CIRCLE('',#3727,2.E-1);
#3745=CIRCLE('',#3744,2.E-1);
#3758=CIRCLE('',#3757,7.E-1);
#3855=CIRCLE('',#3854,2.E-1);
#3868=CIRCLE('',#3867,7.E-1);
#3885=CIRCLE('',#3884,7.E-1);
#3898=CIRCLE('',#3897,2.E-1);
#4075=CIRCLE('',#4074,7.E-1);
#4088=CIRCLE('',#4087,2.E-1);
#4105=CIRCLE('',#4104,2.E-1);
#4118=CIRCLE('',#4117,7.E-1);
#4215=CIRCLE('',#4214,2.E-1);
#4228=CIRCLE('',#4227,7.E-1);
#4245=CIRCLE('',#4244,7.E-1);
#4258=CIRCLE('',#4257,2.E-1);
#4411=CIRCLE('',#4410,2.749920256386E-1);
#4416=CIRCLE('',#4415,4.249923247477E-1);
#4425=CIRCLE('',#4424,2.749920256386E-1);
#4430=CIRCLE('',#4429,4.249923247477E-1);
#4439=CIRCLE('',#4438,2.749920256386E-1);
#4444=CIRCLE('',#4443,4.249923247477E-1);
#4461=CIRCLE('',#4460,2.749920256386E-1);
#4466=CIRCLE('',#4465,4.249923247477E-1);
#5840=EDGE_CURVE('',#4474,#4492,#4,.T.);
#5842=EDGE_CURVE('',#4492,#4494,#8,.T.);
#5844=EDGE_CURVE('',#4494,#4473,#12,.T.);
#5846=EDGE_CURVE('',#4473,#4474,#16,.T.);
#5856=EDGE_CURVE('',#4749,#4750,#20,.T.);
#5858=EDGE_CURVE('',#4749,#4542,#24,.T.);
#5860=EDGE_CURVE('',#4541,#4542,#28,.T.);
#5862=EDGE_CURVE('',#4794,#4541,#32,.T.);
#5864=EDGE_CURVE('',#4793,#4794,#36,.T.);
#5866=EDGE_CURVE('',#4793,#4497,#40,.T.);
#5868=EDGE_CURVE('',#4497,#4498,#1578,.T.);
#5870=EDGE_CURVE('',#4492,#4498,#44,.T.);
#5873=EDGE_CURVE('',#4474,#4750,#48,.T.);
#5884=EDGE_CURVE('',#4750,#4752,#56,.T.);
#5886=EDGE_CURVE('',#4754,#4752,#52,.T.);
#5888=EDGE_CURVE('',#4749,#4754,#1460,.T.);
#5901=EDGE_CURVE('',#4473,#4769,#60,.T.);
#5903=EDGE_CURVE('',#4766,#4769,#64,.T.);
#5905=EDGE_CURVE('',#4760,#4766,#68,.T.);
#5907=EDGE_CURVE('',#4758,#4760,#72,.T.);
#5909=EDGE_CURVE('',#4752,#4758,#76,.T.);
#5919=EDGE_CURVE('',#5766,#5761,#80,.T.);
#5921=EDGE_CURVE('',#4782,#5766,#84,.T.);
#5923=EDGE_CURVE('',#4776,#4782,#88,.T.);
#5925=EDGE_CURVE('',#4774,#4776,#92,.T.);
#5927=EDGE_CURVE('',#4774,#4502,#96,.T.);
#5929=EDGE_CURVE('',#4502,#5761,#1502,.T.);
#5939=EDGE_CURVE('',#4593,#4598,#100,.T.);
#5941=EDGE_CURVE('',#4593,#4497,#1582,.T.);
#5944=EDGE_CURVE('',#4790,#4793,#104,.T.);
#5946=EDGE_CURVE('',#4789,#4790,#108,.T.);
#5948=EDGE_CURVE('',#5751,#4789,#112,.T.);
#5950=EDGE_CURVE('',#5758,#5751,#116,.T.);
#5952=EDGE_CURVE('',#5758,#4596,#1476,.T.);
#5954=EDGE_CURVE('',#4596,#4600,#120,.T.);
#5956=EDGE_CURVE('',#4598,#4600,#124,.T.);
#5966=EDGE_CURVE('',#4769,#4770,#128,.T.);
#5970=EDGE_CURVE('',#4494,#4501,#132,.T.);
#5972=EDGE_CURVE('',#4501,#4502,#1506,.T.);
#5975=EDGE_CURVE('',#4773,#4774,#136,.T.);
#5977=EDGE_CURVE('',#4773,#4545,#140,.T.);
#5979=EDGE_CURVE('',#4545,#4546,#144,.T.);
#5981=EDGE_CURVE('',#4770,#4546,#148,.T.);
#5992=EDGE_CURVE('',#4764,#4770,#152,.T.);
#5994=EDGE_CURVE('',#4764,#4766,#1392,.T.);
#6007=EDGE_CURVE('',#4546,#4550,#504,.T.);
#6009=EDGE_CURVE('',#4550,#4764,#1364,.T.);
#6019=EDGE_CURVE('',#5750,#5742,#412,.T.);
#6021=EDGE_CURVE('',#5746,#5750,#1606,.T.);
#6023=EDGE_CURVE('',#5745,#5746,#1489,.T.);
#6025=EDGE_CURVE('',#5745,#5748,#416,.T.);
#6027=EDGE_CURVE('',#4682,#5748,#420,.T.);
#6029=EDGE_CURVE('',#4682,#4654,#424,.T.);
#6031=EDGE_CURVE('',#4649,#4654,#428,.T.);
#6033=EDGE_CURVE('',#4680,#4649,#432,.T.);
#6035=EDGE_CURVE('',#4666,#4680,#436,.T.);
#6037=EDGE_CURVE('',#4662,#4666,#440,.T.);
#6039=EDGE_CURVE('',#4662,#4572,#444,.T.);
#6041=EDGE_CURVE('',#4552,#4572,#1176,.T.);
#6043=EDGE_CURVE('',#4541,#4552,#448,.T.);
#6046=EDGE_CURVE('',#4554,#4542,#452,.T.);
#6048=EDGE_CURVE('',#4562,#4554,#1160,.T.);
#6050=EDGE_CURVE('',#4557,#4562,#1352,.T.);
#6052=EDGE_CURVE('',#4564,#4557,#456,.T.);
#6054=EDGE_CURVE('',#5781,#4564,#1252,.T.);
#6056=EDGE_CURVE('',#5781,#5782,#460,.T.);
#6058=EDGE_CURVE('',#5782,#5784,#464,.T.);
#6060=EDGE_CURVE('',#5786,#5784,#468,.T.);
#6062=EDGE_CURVE('',#5825,#5786,#1312,.T.);
#6064=EDGE_CURVE('',#5825,#5826,#472,.T.);
#6066=EDGE_CURVE('',#5806,#5826,#1440,.T.);
#6068=EDGE_CURVE('',#5805,#5806,#476,.T.);
#6070=EDGE_CURVE('',#5809,#5805,#1288,.T.);
#6072=EDGE_CURVE('',#5809,#5810,#480,.T.);
#6074=EDGE_CURVE('',#5822,#5810,#1448,.T.);
#6076=EDGE_CURVE('',#5821,#5822,#484,.T.);
#6078=EDGE_CURVE('',#5789,#5821,#1304,.T.);
#6080=EDGE_CURVE('',#5789,#5790,#488,.T.);
#6082=EDGE_CURVE('',#5790,#5792,#492,.T.);
#6084=EDGE_CURVE('',#5794,#5792,#496,.T.);
#6086=EDGE_CURVE('',#4566,#5794,#1272,.T.);
#6088=EDGE_CURVE('',#4538,#4566,#500,.T.);
#6090=EDGE_CURVE('',#4537,#4538,#1336,.T.);
#6092=EDGE_CURVE('',#4537,#4550,#1368,.T.);
#6096=EDGE_CURVE('',#4548,#4545,#508,.T.);
#6098=EDGE_CURVE('',#4548,#4574,#1384,.T.);
#6100=EDGE_CURVE('',#4574,#4664,#512,.T.);
#6102=EDGE_CURVE('',#5770,#4664,#516,.T.);
#6104=EDGE_CURVE('',#5740,#5770,#520,.T.);
#6106=EDGE_CURVE('',#5740,#5705,#524,.T.);
#6108=EDGE_CURVE('',#5705,#5710,#528,.T.);
#6110=EDGE_CURVE('',#5742,#5710,#532,.T.);
#6114=EDGE_CURVE('',#4581,#4582,#172,.T.);
#6116=EDGE_CURVE('',#4581,#4589,#176,.T.);
#6118=EDGE_CURVE('',#4589,#4590,#180,.T.);
#6120=EDGE_CURVE('',#4582,#4590,#184,.T.);
#6124=EDGE_CURVE('',#4841,#4842,#188,.T.);
#6126=EDGE_CURVE('',#4841,#4849,#192,.T.);
#6128=EDGE_CURVE('',#4849,#4850,#196,.T.);
#6130=EDGE_CURVE('',#4842,#4850,#200,.T.);
#6134=EDGE_CURVE('',#4845,#4846,#204,.T.);
#6136=EDGE_CURVE('',#4845,#4853,#208,.T.);
#6138=EDGE_CURVE('',#4853,#4854,#212,.T.);
#6140=EDGE_CURVE('',#4846,#4854,#216,.T.);
#6144=EDGE_CURVE('',#4905,#4906,#220,.T.);
#6146=EDGE_CURVE('',#4905,#4913,#224,.T.);
#6148=EDGE_CURVE('',#4913,#4914,#228,.T.);
#6150=EDGE_CURVE('',#4906,#4914,#232,.T.);
#6154=EDGE_CURVE('',#4909,#4910,#236,.T.);
#6156=EDGE_CURVE('',#4909,#4917,#240,.T.);
#6158=EDGE_CURVE('',#4917,#4918,#244,.T.);
#6160=EDGE_CURVE('',#4910,#4918,#248,.T.);
#6164=EDGE_CURVE('',#4969,#4970,#252,.T.);
#6166=EDGE_CURVE('',#4969,#4977,#256,.T.);
#6168=EDGE_CURVE('',#4977,#4978,#260,.T.);
#6170=EDGE_CURVE('',#4970,#4978,#264,.T.);
#6174=EDGE_CURVE('',#4973,#4974,#268,.T.);
#6176=EDGE_CURVE('',#4973,#4981,#272,.T.);
#6178=EDGE_CURVE('',#4981,#4982,#276,.T.);
#6180=EDGE_CURVE('',#4974,#4982,#280,.T.);
#6184=EDGE_CURVE('',#5033,#5034,#284,.T.);
#6186=EDGE_CURVE('',#5033,#5041,#288,.T.);
#6188=EDGE_CURVE('',#5041,#5042,#292,.T.);
#6190=EDGE_CURVE('',#5034,#5042,#296,.T.);
#6194=EDGE_CURVE('',#5037,#5038,#300,.T.);
#6196=EDGE_CURVE('',#5037,#5045,#304,.T.);
#6198=EDGE_CURVE('',#5045,#5046,#308,.T.);
#6200=EDGE_CURVE('',#5038,#5046,#312,.T.);
#6204=EDGE_CURVE('',#5353,#5354,#316,.T.);
#6206=EDGE_CURVE('',#5353,#5361,#320,.T.);
#6208=EDGE_CURVE('',#5361,#5362,#324,.T.);
#6210=EDGE_CURVE('',#5354,#5362,#328,.T.);
#6214=EDGE_CURVE('',#5357,#5358,#332,.T.);
#6216=EDGE_CURVE('',#5357,#5365,#336,.T.);
#6218=EDGE_CURVE('',#5365,#5366,#340,.T.);
#6220=EDGE_CURVE('',#5358,#5366,#344,.T.);
#6224=EDGE_CURVE('',#5481,#5482,#348,.T.);
#6226=EDGE_CURVE('',#5481,#5489,#352,.T.);
#6228=EDGE_CURVE('',#5489,#5490,#356,.T.);
#6230=EDGE_CURVE('',#5482,#5490,#360,.T.);
#6234=EDGE_CURVE('',#5485,#5486,#364,.T.);
#6236=EDGE_CURVE('',#5485,#5493,#368,.T.);
#6238=EDGE_CURVE('',#5493,#5494,#372,.T.);
#6240=EDGE_CURVE('',#5486,#5494,#376,.T.);
#6244=EDGE_CURVE('',#5545,#5546,#380,.T.);
#6246=EDGE_CURVE('',#5545,#5553,#384,.T.);
#6248=EDGE_CURVE('',#5553,#5554,#388,.T.);
#6250=EDGE_CURVE('',#5546,#5554,#392,.T.);
#6254=EDGE_CURVE('',#5549,#5550,#396,.T.);
#6256=EDGE_CURVE('',#5549,#5557,#400,.T.);
#6258=EDGE_CURVE('',#5557,#5558,#404,.T.);
#6260=EDGE_CURVE('',#5550,#5558,#408,.T.);
#6264=EDGE_CURVE('',#4577,#4578,#156,.T.);
#6266=EDGE_CURVE('',#4577,#4585,#160,.T.);
#6268=EDGE_CURVE('',#4585,#4586,#164,.T.);
#6270=EDGE_CURVE('',#4578,#4586,#168,.T.);
#6280=EDGE_CURVE('',#4686,#4696,#536,.T.);
#6282=EDGE_CURVE('',#4686,#4581,#540,.T.);
#6285=EDGE_CURVE('',#4582,#4696,#544,.T.);
#6295=EDGE_CURVE('',#4702,#4712,#548,.T.);
#6297=EDGE_CURVE('',#4702,#4577,#552,.T.);
#6300=EDGE_CURVE('',#4578,#4712,#556,.T.);
#6310=EDGE_CURVE('',#4718,#4728,#560,.T.);
#6312=EDGE_CURVE('',#4718,#4626,#564,.T.);
#6314=EDGE_CURVE('',#4626,#4517,#569,.T.);
#6316=EDGE_CURVE('',#4517,#4518,#573,.T.);
#6318=EDGE_CURVE('',#4518,#4513,#708,.T.);
#6320=EDGE_CURVE('',#4513,#4514,#577,.T.);
#6322=EDGE_CURVE('',#4514,#4624,#582,.T.);
#6324=EDGE_CURVE('',#4624,#4728,#586,.T.);
#6334=EDGE_CURVE('',#4734,#4744,#590,.T.);
#6336=EDGE_CURVE('',#4734,#4622,#594,.T.);
#6338=EDGE_CURVE('',#4622,#4505,#599,.T.);
#6340=EDGE_CURVE('',#4505,#4506,#603,.T.);
#6342=EDGE_CURVE('',#4506,#4509,#692,.T.);
#6344=EDGE_CURVE('',#4509,#4510,#607,.T.);
#6346=EDGE_CURVE('',#4510,#4620,#612,.T.);
#6348=EDGE_CURVE('',#4620,#4744,#616,.T.);
#6359=EDGE_CURVE('',#4698,#4696,#620,.T.);
#6361=EDGE_CURVE('',#4690,#4698,#1750,.T.);
#6363=EDGE_CURVE('',#4690,#4686,#1762,.T.);
#6373=EDGE_CURVE('',#4694,#4696,#632,.T.);
#6375=EDGE_CURVE('',#4692,#4694,#624,.T.);
#6377=EDGE_CURVE('',#4692,#4698,#1754,.T.);
#6389=EDGE_CURVE('',#4505,#4521,#628,.T.);
#6391=EDGE_CURVE('',#4521,#4522,#1733,.T.);
#6393=EDGE_CURVE('',#4506,#4522,#696,.T.);
#6406=EDGE_CURVE('',#4590,#4694,#1666,.T.);
#6417=EDGE_CURVE('',#4622,#4630,#636,.T.);
#6419=EDGE_CURVE('',#4630,#4521,#1738,.T.);
#6430=EDGE_CURVE('',#4733,#4734,#640,.T.);
#6432=EDGE_CURVE('',#4733,#4630,#1742,.T.);
#6445=EDGE_CURVE('',#4738,#4734,#644,.T.);
#6447=EDGE_CURVE('',#4737,#4738,#1866,.T.);
#6449=EDGE_CURVE('',#4733,#4737,#648,.T.);
#6460=EDGE_CURVE('',#4746,#4744,#652,.T.);
#6462=EDGE_CURVE('',#4738,#4746,#1870,.T.);
#6473=EDGE_CURVE('',#4742,#4744,#660,.T.);
#6475=EDGE_CURVE('',#4740,#4742,#656,.T.);
#6477=EDGE_CURVE('',#4740,#4746,#1874,.T.);
#6490=EDGE_CURVE('',#4620,#4628,#664,.T.);
#6492=EDGE_CURVE('',#4628,#4742,#1720,.T.);
#6503=EDGE_CURVE('',#4510,#4526,#668,.T.);
#6505=EDGE_CURVE('',#4526,#4628,#1725,.T.);
#6517=EDGE_CURVE('',#4509,#4525,#704,.T.);
#6519=EDGE_CURVE('',#4525,#4526,#1729,.T.);
#6530=EDGE_CURVE('',#4685,#4686,#672,.T.);
#6532=EDGE_CURVE('',#4685,#4589,#1670,.T.);
#6544=EDGE_CURVE('',#4485,#4486,#676,.T.);
#6546=EDGE_CURVE('',#4486,#4488,#680,.T.);
#6548=EDGE_CURVE('',#4488,#4490,#684,.T.);
#6550=EDGE_CURVE('',#4490,#4485,#688,.T.);
#6556=EDGE_CURVE('',#4522,#4525,#700,.T.);
#6562=EDGE_CURVE('',#4518,#4534,#712,.T.);
#6564=EDGE_CURVE('',#4534,#4529,#716,.T.);
#6566=EDGE_CURVE('',#4513,#4529,#720,.T.);
#6570=EDGE_CURVE('',#4856,#4858,#724,.T.);
#6572=EDGE_CURVE('',#4856,#4864,#728,.T.);
#6574=EDGE_CURVE('',#4864,#4866,#732,.T.);
#6576=EDGE_CURVE('',#4858,#4866,#736,.T.);
#6580=EDGE_CURVE('',#4862,#4860,#740,.T.);
#6582=EDGE_CURVE('',#4862,#4870,#744,.T.);
#6584=EDGE_CURVE('',#4870,#4868,#748,.T.);
#6586=EDGE_CURVE('',#4860,#4868,#752,.T.);
#6590=EDGE_CURVE('',#4920,#4922,#756,.T.);
#6592=EDGE_CURVE('',#4920,#4928,#760,.T.);
#6594=EDGE_CURVE('',#4928,#4930,#764,.T.);
#6596=EDGE_CURVE('',#4922,#4930,#768,.T.);
#6600=EDGE_CURVE('',#4926,#4924,#772,.T.);
#6602=EDGE_CURVE('',#4926,#4934,#776,.T.);
#6604=EDGE_CURVE('',#4934,#4932,#780,.T.);
#6606=EDGE_CURVE('',#4924,#4932,#784,.T.);
#6610=EDGE_CURVE('',#4984,#4986,#788,.T.);
#6612=EDGE_CURVE('',#4984,#4992,#792,.T.);
#6614=EDGE_CURVE('',#4992,#4994,#796,.T.);
#6616=EDGE_CURVE('',#4986,#4994,#800,.T.);
#6620=EDGE_CURVE('',#4990,#4988,#804,.T.);
#6622=EDGE_CURVE('',#4990,#4998,#808,.T.);
#6624=EDGE_CURVE('',#4998,#4996,#812,.T.);
#6626=EDGE_CURVE('',#4988,#4996,#816,.T.);
#6630=EDGE_CURVE('',#5048,#5050,#820,.T.);
#6632=EDGE_CURVE('',#5048,#5056,#824,.T.);
#6634=EDGE_CURVE('',#5056,#5058,#828,.T.);
#6636=EDGE_CURVE('',#5050,#5058,#832,.T.);
#6640=EDGE_CURVE('',#5054,#5052,#836,.T.);
#6642=EDGE_CURVE('',#5054,#5062,#840,.T.);
#6644=EDGE_CURVE('',#5062,#5060,#844,.T.);
#6646=EDGE_CURVE('',#5052,#5060,#848,.T.);
#6650=EDGE_CURVE('',#5368,#5370,#852,.T.);
#6652=EDGE_CURVE('',#5368,#5376,#856,.T.);
#6654=EDGE_CURVE('',#5376,#5378,#860,.T.);
#6656=EDGE_CURVE('',#5370,#5378,#864,.T.);
#6660=EDGE_CURVE('',#5374,#5372,#868,.T.);
#6662=EDGE_CURVE('',#5374,#5382,#872,.T.);
#6664=EDGE_CURVE('',#5382,#5380,#876,.T.);
#6666=EDGE_CURVE('',#5372,#5380,#880,.T.);
#6670=EDGE_CURVE('',#5496,#5498,#884,.T.);
#6672=EDGE_CURVE('',#5496,#5504,#888,.T.);
#6674=EDGE_CURVE('',#5504,#5506,#892,.T.);
#6676=EDGE_CURVE('',#5498,#5506,#896,.T.);
#6680=EDGE_CURVE('',#5502,#5500,#900,.T.);
#6682=EDGE_CURVE('',#5502,#5510,#904,.T.);
#6684=EDGE_CURVE('',#5510,#5508,#908,.T.);
#6686=EDGE_CURVE('',#5500,#5508,#912,.T.);
#6690=EDGE_CURVE('',#5560,#5562,#916,.T.);
#6692=EDGE_CURVE('',#5560,#5568,#920,.T.);
#6694=EDGE_CURVE('',#5568,#5570,#924,.T.);
#6696=EDGE_CURVE('',#5562,#5570,#928,.T.);
#6700=EDGE_CURVE('',#5566,#5564,#932,.T.);
#6702=EDGE_CURVE('',#5566,#5574,#936,.T.);
#6704=EDGE_CURVE('',#5574,#5572,#940,.T.);
#6706=EDGE_CURVE('',#5564,#5572,#944,.T.);
#6710=EDGE_CURVE('',#4605,#4606,#949,.T.);
#6712=EDGE_CURVE('',#4606,#4605,#954,.T.);
#6716=EDGE_CURVE('',#4609,#4610,#959,.T.);
#6718=EDGE_CURVE('',#4610,#4609,#964,.T.);
#6729=EDGE_CURVE('',#4485,#4477,#968,.T.);
#6731=EDGE_CURVE('',#4477,#4478,#984,.T.);
#6733=EDGE_CURVE('',#4486,#4478,#980,.T.);
#6744=EDGE_CURVE('',#4490,#4482,#972,.T.);
#6746=EDGE_CURVE('',#4482,#4477,#988,.T.);
#6758=EDGE_CURVE('',#4488,#4480,#976,.T.);
#6760=EDGE_CURVE('',#4480,#4482,#992,.T.);
#6773=EDGE_CURVE('',#4478,#4480,#996,.T.);
#6784=EDGE_CURVE('',#5706,#5709,#1000,.T.);
#6786=EDGE_CURVE('',#5736,#5706,#1004,.T.);
#6788=EDGE_CURVE('',#5736,#4501,#1510,.T.);
#6793=EDGE_CURVE('',#4498,#4640,#1574,.T.);
#6795=EDGE_CURVE('',#4640,#4650,#1008,.T.);
#6797=EDGE_CURVE('',#4650,#4653,#1012,.T.);
#6799=EDGE_CURVE('',#4643,#4653,#1016,.T.);
#6801=EDGE_CURVE('',#4643,#5738,#1542,.T.);
#6803=EDGE_CURVE('',#5738,#5709,#1020,.T.);
#6819=EDGE_CURVE('',#5705,#5706,#1024,.T.);
#6822=EDGE_CURVE('',#5709,#5710,#1028,.T.);
#6835=EDGE_CURVE('',#5740,#5714,#1110,.T.);
#6837=EDGE_CURVE('',#5713,#5714,#1032,.T.);
#6839=EDGE_CURVE('',#5713,#5736,#1514,.T.);
#6850=EDGE_CURVE('',#5752,#5756,#1037,.T.);
#6852=EDGE_CURVE('',#4804,#5752,#1129,.T.);
#6854=EDGE_CURVE('',#4804,#4666,#1041,.T.);
#6857=EDGE_CURVE('',#4680,#4656,#1045,.T.);
#6859=EDGE_CURVE('',#4678,#4656,#1049,.T.);
#6861=EDGE_CURVE('',#4676,#4678,#1053,.T.);
#6863=EDGE_CURVE('',#4674,#4676,#1057,.T.);
#6865=EDGE_CURVE('',#4672,#4674,#1061,.T.);
#6867=EDGE_CURVE('',#4658,#4672,#1065,.T.);
#6869=EDGE_CURVE('',#4682,#4658,#1069,.T.);
#6872=EDGE_CURVE('',#5748,#5756,#1073,.T.);
#6882=EDGE_CURVE('',#5764,#5765,#1078,.T.);
#6884=EDGE_CURVE('',#5750,#5764,#1082,.T.);
#6887=EDGE_CURVE('',#5742,#5718,#1086,.T.);
#6889=EDGE_CURVE('',#5718,#5722,#1090,.T.);
#6891=EDGE_CURVE('',#5722,#5726,#1094,.T.);
#6893=EDGE_CURVE('',#5726,#5730,#1098,.T.);
#6895=EDGE_CURVE('',#5730,#5734,#1102,.T.);
#6897=EDGE_CURVE('',#5734,#5714,#1106,.T.);
#6901=EDGE_CURVE('',#5768,#5770,#1424,.T.);
#6903=EDGE_CURVE('',#5765,#5768,#1140,.T.);
#6913=EDGE_CURVE('',#5751,#5752,#1117,.T.);
#6916=EDGE_CURVE('',#5755,#5756,#1598,.T.);
#6918=EDGE_CURVE('',#5755,#5758,#1481,.T.);
#6931=EDGE_CURVE('',#4785,#4789,#1121,.T.);
#6933=EDGE_CURVE('',#4661,#4785,#1412,.T.);
#6935=EDGE_CURVE('',#4661,#4804,#1125,.T.);
#6946=EDGE_CURVE('',#5765,#5766,#1136,.T.);
#6949=EDGE_CURVE('',#4806,#5768,#1144,.T.);
#6951=EDGE_CURVE('',#4780,#4806,#1416,.T.);
#6953=EDGE_CURVE('',#4780,#4782,#1396,.T.);
#6964=EDGE_CURVE('',#4785,#4786,#1168,.T.);
#6968=EDGE_CURVE('',#4786,#4790,#1148,.T.);
#6978=EDGE_CURVE('',#4754,#4756,#1152,.T.);
#6980=EDGE_CURVE('',#4562,#4756,#1156,.T.);
#6983=EDGE_CURVE('',#4554,#4754,#1164,.T.);
#6994=EDGE_CURVE('',#4552,#4786,#1172,.T.);
#6997=EDGE_CURVE('',#4785,#4572,#1180,.T.);
#7010=EDGE_CURVE('',#4756,#4758,#1184,.T.);
#7020=EDGE_CURVE('',#5828,#5800,#1296,.T.);
#7022=EDGE_CURVE('',#5832,#5828,#1188,.T.);
#7024=EDGE_CURVE('',#5832,#5818,#1192,.T.);
#7026=EDGE_CURVE('',#5814,#5818,#1196,.T.);
#7028=EDGE_CURVE('',#5812,#5814,#1280,.T.);
#7030=EDGE_CURVE('',#5816,#5812,#1200,.T.);
#7032=EDGE_CURVE('',#5816,#5834,#1204,.T.);
#7034=EDGE_CURVE('',#5830,#5834,#1208,.T.);
#7036=EDGE_CURVE('',#5798,#5830,#1320,.T.);
#7038=EDGE_CURVE('',#5774,#5798,#1212,.T.);
#7040=EDGE_CURVE('',#5773,#5774,#1216,.T.);
#7042=EDGE_CURVE('',#5796,#5773,#1220,.T.);
#7044=EDGE_CURVE('',#4568,#5796,#1256,.T.);
#7046=EDGE_CURVE('',#4558,#4568,#1224,.T.);
#7048=EDGE_CURVE('',#4756,#4558,#1356,.T.);
#7052=EDGE_CURVE('',#4763,#4760,#1228,.T.);
#7054=EDGE_CURVE('',#4560,#4763,#1344,.T.);
#7056=EDGE_CURVE('',#4560,#4570,#1232,.T.);
#7058=EDGE_CURVE('',#5802,#4570,#1264,.T.);
#7060=EDGE_CURVE('',#5778,#5802,#1236,.T.);
#7062=EDGE_CURVE('',#5777,#5778,#1240,.T.);
#7064=EDGE_CURVE('',#5800,#5777,#1244,.T.);
#7074=EDGE_CURVE('',#5781,#5796,#1248,.T.);
#7077=EDGE_CURVE('',#4568,#4564,#1332,.T.);
#7088=EDGE_CURVE('',#5794,#5802,#1260,.T.);
#7091=EDGE_CURVE('',#4570,#4566,#1268,.T.);
#7102=EDGE_CURVE('',#5805,#5812,#1276,.T.);
#7105=EDGE_CURVE('',#5809,#5814,#1284,.T.);
#7116=EDGE_CURVE('',#5821,#5828,#1292,.T.);
#7119=EDGE_CURVE('',#5789,#5800,#1300,.T.);
#7130=EDGE_CURVE('',#5825,#5830,#1308,.T.);
#7133=EDGE_CURVE('',#5786,#5798,#1316,.T.);
#7147=EDGE_CURVE('',#5782,#5773,#1324,.T.);
#7160=EDGE_CURVE('',#5784,#5774,#1328,.T.);
#7182=EDGE_CURVE('',#4557,#4558,#1348,.T.);
#7196=EDGE_CURVE('',#4538,#4560,#1340,.T.);
#7199=EDGE_CURVE('',#4537,#4763,#1372,.T.);
#7233=EDGE_CURVE('',#4763,#4764,#1360,.T.);
#7246=EDGE_CURVE('',#4778,#4780,#1376,.T.);
#7248=EDGE_CURVE('',#4780,#4574,#1380,.T.);
#7251=EDGE_CURVE('',#4548,#4778,#1388,.T.);
#7274=EDGE_CURVE('',#4778,#4776,#1400,.T.);
#7289=EDGE_CURVE('',#4773,#4778,#1404,.T.);
#7311=EDGE_CURVE('',#4661,#4662,#1408,.T.);
#7327=EDGE_CURVE('',#4806,#4664,#1420,.T.);
#7362=EDGE_CURVE('',#5792,#5778,#1428,.T.);
#7375=EDGE_CURVE('',#5790,#5777,#1432,.T.);
#7400=EDGE_CURVE('',#5806,#5816,#1436,.T.);
#7413=EDGE_CURVE('',#5826,#5834,#1444,.T.);
#7440=EDGE_CURVE('',#5810,#5818,#1452,.T.);
#7451=EDGE_CURVE('',#5822,#5832,#1456,.T.);
#7487=EDGE_CURVE('',#4786,#4794,#1464,.T.);
#7512=EDGE_CURVE('',#5761,#5762,#1498,.T.);
#7514=EDGE_CURVE('',#5764,#5762,#1602,.T.);
#7527=EDGE_CURVE('',#4593,#4594,#1468,.T.);
#7529=EDGE_CURVE('',#4594,#4596,#1472,.T.);
#7533=EDGE_CURVE('',#5755,#5745,#1485,.T.);
#7536=EDGE_CURVE('',#5762,#5746,#1493,.T.);
#7543=EDGE_CURVE('',#5733,#5713,#1518,.T.);
#7545=EDGE_CURVE('',#5729,#5733,#1522,.T.);
#7547=EDGE_CURVE('',#5725,#5729,#1526,.T.);
#7549=EDGE_CURVE('',#5721,#5725,#1530,.T.);
#7551=EDGE_CURVE('',#5717,#5721,#1534,.T.);
#7553=EDGE_CURVE('',#5738,#5717,#1538,.T.);
#7556=EDGE_CURVE('',#4643,#4644,#1546,.T.);
#7558=EDGE_CURVE('',#4644,#4646,#1550,.T.);
#7560=EDGE_CURVE('',#4646,#4668,#1554,.T.);
#7562=EDGE_CURVE('',#4668,#4670,#1558,.T.);
#7564=EDGE_CURVE('',#4670,#4637,#1562,.T.);
#7566=EDGE_CURVE('',#4637,#4638,#1566,.T.);
#7568=EDGE_CURVE('',#4638,#4640,#1570,.T.);
#7583=EDGE_CURVE('',#4598,#4602,#1590,.T.);
#7585=EDGE_CURVE('',#4594,#4602,#1594,.T.);
#7596=EDGE_CURVE('',#4602,#4600,#1586,.T.);
#7645=EDGE_CURVE('',#5733,#5734,#1610,.T.);
#7656=EDGE_CURVE('',#5729,#5730,#1614,.T.);
#7669=EDGE_CURVE('',#5725,#5726,#1618,.T.);
#7682=EDGE_CURVE('',#5721,#5722,#1622,.T.);
#7695=EDGE_CURVE('',#5717,#5718,#1626,.T.);
#7724=EDGE_CURVE('',#4653,#4654,#1634,.T.);
#7728=EDGE_CURVE('',#4644,#4658,#1658,.T.);
#7738=EDGE_CURVE('',#4649,#4650,#1630,.T.);
#7752=EDGE_CURVE('',#4638,#4656,#1638,.T.);
#7767=EDGE_CURVE('',#4637,#4678,#1642,.T.);
#7780=EDGE_CURVE('',#4670,#4676,#1646,.T.);
#7793=EDGE_CURVE('',#4668,#4674,#1650,.T.);
#7806=EDGE_CURVE('',#4646,#4672,#1654,.T.);
#7830=EDGE_CURVE('',#4694,#4685,#1662,.T.);
#7843=EDGE_CURVE('',#4710,#4701,#1674,.T.);
#7845=EDGE_CURVE('',#4586,#4710,#1678,.T.);
#7848=EDGE_CURVE('',#4701,#4585,#1682,.T.);
#7858=EDGE_CURVE('',#4726,#4717,#1686,.T.);
#7860=EDGE_CURVE('',#4632,#4726,#1690,.T.);
#7862=EDGE_CURVE('',#4530,#4632,#1695,.T.);
#7864=EDGE_CURVE('',#4529,#4530,#1699,.T.);
#7867=EDGE_CURVE('',#4533,#4534,#1703,.T.);
#7869=EDGE_CURVE('',#4634,#4533,#1708,.T.);
#7871=EDGE_CURVE('',#4717,#4634,#1712,.T.);
#7881=EDGE_CURVE('',#4742,#4733,#1716,.T.);
#7898=EDGE_CURVE('',#4692,#4689,#1758,.T.);
#7902=EDGE_CURVE('',#4685,#4689,#1766,.T.);
#7912=EDGE_CURVE('',#4689,#4690,#1746,.T.);
#7937=EDGE_CURVE('',#4708,#4705,#1786,.T.);
#7939=EDGE_CURVE('',#4708,#4710,#1854,.T.);
#7942=EDGE_CURVE('',#4705,#4701,#1770,.T.);
#7952=EDGE_CURVE('',#4705,#4706,#1774,.T.);
#7954=EDGE_CURVE('',#4706,#4714,#1778,.T.);
#7956=EDGE_CURVE('',#4708,#4714,#1782,.T.);
#7967=EDGE_CURVE('',#4701,#4702,#1794,.T.);
#7969=EDGE_CURVE('',#4706,#4702,#1790,.T.);
#7984=EDGE_CURVE('',#4514,#4530,#1798,.T.);
#8009=EDGE_CURVE('',#4624,#4632,#1806,.T.);
#8019=EDGE_CURVE('',#4726,#4728,#1802,.T.);
#8033=EDGE_CURVE('',#4724,#4726,#1810,.T.);
#8035=EDGE_CURVE('',#4724,#4730,#1822,.T.);
#8037=EDGE_CURVE('',#4730,#4728,#1862,.T.);
#8047=EDGE_CURVE('',#4724,#4721,#1826,.T.);
#8051=EDGE_CURVE('',#4717,#4721,#1834,.T.);
#8061=EDGE_CURVE('',#4721,#4722,#1814,.T.);
#8063=EDGE_CURVE('',#4722,#4730,#1818,.T.);
#8075=EDGE_CURVE('',#4717,#4718,#1838,.T.);
#8077=EDGE_CURVE('',#4722,#4718,#1830,.T.);
#8091=EDGE_CURVE('',#4626,#4634,#1842,.T.);
#8105=EDGE_CURVE('',#4517,#4533,#1846,.T.);
#8127=EDGE_CURVE('',#4710,#4712,#1850,.T.);
#8143=EDGE_CURVE('',#4714,#4712,#1858,.T.);
#8177=EDGE_CURVE('',#4740,#4737,#1878,.T.);
#8202=EDGE_CURVE('',#5066,#5076,#1882,.T.);
#8204=EDGE_CURVE('',#5066,#4845,#1886,.T.);
#8207=EDGE_CURVE('',#4846,#5076,#1890,.T.);
#8217=EDGE_CURVE('',#5082,#5092,#1894,.T.);
#8219=EDGE_CURVE('',#5082,#4841,#1898,.T.);
#8222=EDGE_CURVE('',#4842,#5092,#1902,.T.);
#8232=EDGE_CURVE('',#5098,#5108,#1906,.T.);
#8234=EDGE_CURVE('',#5098,#4821,#1910,.T.);
#8236=EDGE_CURVE('',#4821,#4822,#1915,.T.);
#8238=EDGE_CURVE('',#4822,#4862,#1919,.T.);
#8241=EDGE_CURVE('',#4860,#4817,#1923,.T.);
#8243=EDGE_CURVE('',#4817,#4818,#1928,.T.);
#8245=EDGE_CURVE('',#4818,#5108,#1932,.T.);
#8255=EDGE_CURVE('',#5114,#5124,#1936,.T.);
#8257=EDGE_CURVE('',#5114,#4813,#1940,.T.);
#8259=EDGE_CURVE('',#4813,#4814,#1945,.T.);
#8261=EDGE_CURVE('',#4814,#4856,#1949,.T.);
#8264=EDGE_CURVE('',#4858,#4809,#1953,.T.);
#8266=EDGE_CURVE('',#4809,#4810,#1958,.T.);
#8268=EDGE_CURVE('',#4810,#5124,#1962,.T.);
#8279=EDGE_CURVE('',#5078,#5076,#1966,.T.);
#8281=EDGE_CURVE('',#5070,#5078,#2110,.T.);
#8283=EDGE_CURVE('',#5070,#5066,#2122,.T.);
#8293=EDGE_CURVE('',#5074,#5076,#1978,.T.);
#8295=EDGE_CURVE('',#5072,#5074,#1970,.T.);
#8297=EDGE_CURVE('',#5072,#5078,#2114,.T.);
#8309=EDGE_CURVE('',#4814,#4830,#1974,.T.);
#8311=EDGE_CURVE('',#4830,#4864,#2093,.T.);
#8325=EDGE_CURVE('',#4854,#5074,#2026,.T.);
#8336=EDGE_CURVE('',#4813,#4829,#1982,.T.);
#8338=EDGE_CURVE('',#4829,#4830,#2098,.T.);
#8349=EDGE_CURVE('',#5113,#5114,#1986,.T.);
#8351=EDGE_CURVE('',#5113,#4829,#2102,.T.);
#8364=EDGE_CURVE('',#5118,#5114,#1990,.T.);
#8366=EDGE_CURVE('',#5117,#5118,#2226,.T.);
#8368=EDGE_CURVE('',#5113,#5117,#1994,.T.);
#8379=EDGE_CURVE('',#5126,#5124,#1998,.T.);
#8381=EDGE_CURVE('',#5118,#5126,#2230,.T.);
#8392=EDGE_CURVE('',#5122,#5124,#2006,.T.);
#8394=EDGE_CURVE('',#5120,#5122,#2002,.T.);
#8396=EDGE_CURVE('',#5120,#5126,#2234,.T.);
#8409=EDGE_CURVE('',#4810,#4826,#2010,.T.);
#8411=EDGE_CURVE('',#4826,#5122,#2080,.T.);
#8422=EDGE_CURVE('',#4809,#4825,#2014,.T.);
#8424=EDGE_CURVE('',#4825,#4826,#2085,.T.);
#8437=EDGE_CURVE('',#4866,#4825,#2089,.T.);
#8448=EDGE_CURVE('',#5065,#5066,#2018,.T.);
#8450=EDGE_CURVE('',#5065,#4853,#2030,.T.);
#8462=EDGE_CURVE('',#5074,#5065,#2022,.T.);
#8475=EDGE_CURVE('',#5090,#5081,#2034,.T.);
#8477=EDGE_CURVE('',#4850,#5090,#2038,.T.);
#8480=EDGE_CURVE('',#5081,#4849,#2042,.T.);
#8490=EDGE_CURVE('',#5106,#5097,#2046,.T.);
#8492=EDGE_CURVE('',#4834,#5106,#2050,.T.);
#8494=EDGE_CURVE('',#4833,#4834,#2055,.T.);
#8496=EDGE_CURVE('',#4868,#4833,#2059,.T.);
#8499=EDGE_CURVE('',#4838,#4870,#2063,.T.);
#8501=EDGE_CURVE('',#4837,#4838,#2068,.T.);
#8503=EDGE_CURVE('',#5097,#4837,#2072,.T.);
#8513=EDGE_CURVE('',#5122,#5113,#2076,.T.);
#8530=EDGE_CURVE('',#5072,#5069,#2118,.T.);
#8534=EDGE_CURVE('',#5065,#5069,#2126,.T.);
#8544=EDGE_CURVE('',#5069,#5070,#2106,.T.);
#8569=EDGE_CURVE('',#5088,#5085,#2146,.T.);
#8571=EDGE_CURVE('',#5088,#5090,#2214,.T.);
#8574=EDGE_CURVE('',#5085,#5081,#2130,.T.);
#8584=EDGE_CURVE('',#5085,#5086,#2134,.T.);
#8586=EDGE_CURVE('',#5086,#5094,#2138,.T.);
#8588=EDGE_CURVE('',#5088,#5094,#2142,.T.);
#8599=EDGE_CURVE('',#5081,#5082,#2154,.T.);
#8601=EDGE_CURVE('',#5086,#5082,#2150,.T.);
#8616=EDGE_CURVE('',#4817,#4833,#2158,.T.);
#8641=EDGE_CURVE('',#4818,#4834,#2166,.T.);
#8651=EDGE_CURVE('',#5106,#5108,#2162,.T.);
#8665=EDGE_CURVE('',#5104,#5106,#2170,.T.);
#8667=EDGE_CURVE('',#5104,#5110,#2182,.T.);
#8669=EDGE_CURVE('',#5110,#5108,#2222,.T.);
#8679=EDGE_CURVE('',#5104,#5101,#2186,.T.);
#8683=EDGE_CURVE('',#5097,#5101,#2194,.T.);
#8693=EDGE_CURVE('',#5101,#5102,#2174,.T.);
#8695=EDGE_CURVE('',#5102,#5110,#2178,.T.);
#8707=EDGE_CURVE('',#5097,#5098,#2198,.T.);
#8709=EDGE_CURVE('',#5102,#5098,#2190,.T.);
#8723=EDGE_CURVE('',#4821,#4837,#2202,.T.);
#8737=EDGE_CURVE('',#4822,#4838,#2206,.T.);
#8759=EDGE_CURVE('',#5090,#5092,#2210,.T.);
#8775=EDGE_CURVE('',#5094,#5092,#2218,.T.);
#8809=EDGE_CURVE('',#5120,#5117,#2238,.T.);
#8834=EDGE_CURVE('',#5130,#5140,#2242,.T.);
#8836=EDGE_CURVE('',#5130,#4909,#2246,.T.);
#8839=EDGE_CURVE('',#4910,#5140,#2250,.T.);
#8849=EDGE_CURVE('',#5146,#5156,#2254,.T.);
#8851=EDGE_CURVE('',#5146,#4905,#2258,.T.);
#8854=EDGE_CURVE('',#4906,#5156,#2262,.T.);
#8864=EDGE_CURVE('',#5162,#5172,#2266,.T.);
#8866=EDGE_CURVE('',#5162,#4885,#2270,.T.);
#8868=EDGE_CURVE('',#4885,#4886,#2275,.T.);
#8870=EDGE_CURVE('',#4886,#4926,#2279,.T.);
#8873=EDGE_CURVE('',#4924,#4881,#2283,.T.);
#8875=EDGE_CURVE('',#4881,#4882,#2288,.T.);
#8877=EDGE_CURVE('',#4882,#5172,#2292,.T.);
#8887=EDGE_CURVE('',#5178,#5188,#2296,.T.);
#8889=EDGE_CURVE('',#5178,#4877,#2300,.T.);
#8891=EDGE_CURVE('',#4877,#4878,#2305,.T.);
#8893=EDGE_CURVE('',#4878,#4920,#2309,.T.);
#8896=EDGE_CURVE('',#4922,#4873,#2313,.T.);
#8898=EDGE_CURVE('',#4873,#4874,#2318,.T.);
#8900=EDGE_CURVE('',#4874,#5188,#2322,.T.);
#8911=EDGE_CURVE('',#5142,#5140,#2326,.T.);
#8913=EDGE_CURVE('',#5134,#5142,#2470,.T.);
#8915=EDGE_CURVE('',#5134,#5130,#2482,.T.);
#8925=EDGE_CURVE('',#5138,#5140,#2338,.T.);
#8927=EDGE_CURVE('',#5136,#5138,#2330,.T.);
#8929=EDGE_CURVE('',#5136,#5142,#2474,.T.);
#8941=EDGE_CURVE('',#4878,#4894,#2334,.T.);
#8943=EDGE_CURVE('',#4894,#4928,#2453,.T.);
#8957=EDGE_CURVE('',#4918,#5138,#2386,.T.);
#8968=EDGE_CURVE('',#4877,#4893,#2342,.T.);
#8970=EDGE_CURVE('',#4893,#4894,#2458,.T.);
#8981=EDGE_CURVE('',#5177,#5178,#2346,.T.);
#8983=EDGE_CURVE('',#5177,#4893,#2462,.T.);
#8996=EDGE_CURVE('',#5182,#5178,#2350,.T.);
#8998=EDGE_CURVE('',#5181,#5182,#2586,.T.);
#9000=EDGE_CURVE('',#5177,#5181,#2354,.T.);
#9011=EDGE_CURVE('',#5190,#5188,#2358,.T.);
#9013=EDGE_CURVE('',#5182,#5190,#2590,.T.);
#9024=EDGE_CURVE('',#5186,#5188,#2366,.T.);
#9026=EDGE_CURVE('',#5184,#5186,#2362,.T.);
#9028=EDGE_CURVE('',#5184,#5190,#2594,.T.);
#9041=EDGE_CURVE('',#4874,#4890,#2370,.T.);
#9043=EDGE_CURVE('',#4890,#5186,#2440,.T.);
#9054=EDGE_CURVE('',#4873,#4889,#2374,.T.);
#9056=EDGE_CURVE('',#4889,#4890,#2445,.T.);
#9069=EDGE_CURVE('',#4930,#4889,#2449,.T.);
#9080=EDGE_CURVE('',#5129,#5130,#2378,.T.);
#9082=EDGE_CURVE('',#5129,#4917,#2390,.T.);
#9094=EDGE_CURVE('',#5138,#5129,#2382,.T.);
#9107=EDGE_CURVE('',#5154,#5145,#2394,.T.);
#9109=EDGE_CURVE('',#4914,#5154,#2398,.T.);
#9112=EDGE_CURVE('',#5145,#4913,#2402,.T.);
#9122=EDGE_CURVE('',#5170,#5161,#2406,.T.);
#9124=EDGE_CURVE('',#4898,#5170,#2410,.T.);
#9126=EDGE_CURVE('',#4897,#4898,#2415,.T.);
#9128=EDGE_CURVE('',#4932,#4897,#2419,.T.);
#9131=EDGE_CURVE('',#4902,#4934,#2423,.T.);
#9133=EDGE_CURVE('',#4901,#4902,#2428,.T.);
#9135=EDGE_CURVE('',#5161,#4901,#2432,.T.);
#9145=EDGE_CURVE('',#5186,#5177,#2436,.T.);
#9162=EDGE_CURVE('',#5136,#5133,#2478,.T.);
#9166=EDGE_CURVE('',#5129,#5133,#2486,.T.);
#9176=EDGE_CURVE('',#5133,#5134,#2466,.T.);
#9201=EDGE_CURVE('',#5152,#5149,#2506,.T.);
#9203=EDGE_CURVE('',#5152,#5154,#2574,.T.);
#9206=EDGE_CURVE('',#5149,#5145,#2490,.T.);
#9216=EDGE_CURVE('',#5149,#5150,#2494,.T.);
#9218=EDGE_CURVE('',#5150,#5158,#2498,.T.);
#9220=EDGE_CURVE('',#5152,#5158,#2502,.T.);
#9231=EDGE_CURVE('',#5145,#5146,#2514,.T.);
#9233=EDGE_CURVE('',#5150,#5146,#2510,.T.);
#9248=EDGE_CURVE('',#4881,#4897,#2518,.T.);
#9273=EDGE_CURVE('',#4882,#4898,#2526,.T.);
#9283=EDGE_CURVE('',#5170,#5172,#2522,.T.);
#9297=EDGE_CURVE('',#5168,#5170,#2530,.T.);
#9299=EDGE_CURVE('',#5168,#5174,#2542,.T.);
#9301=EDGE_CURVE('',#5174,#5172,#2582,.T.);
#9311=EDGE_CURVE('',#5168,#5165,#2546,.T.);
#9315=EDGE_CURVE('',#5161,#5165,#2554,.T.);
#9325=EDGE_CURVE('',#5165,#5166,#2534,.T.);
#9327=EDGE_CURVE('',#5166,#5174,#2538,.T.);
#9339=EDGE_CURVE('',#5161,#5162,#2558,.T.);
#9341=EDGE_CURVE('',#5166,#5162,#2550,.T.);
#9355=EDGE_CURVE('',#4885,#4901,#2562,.T.);
#9369=EDGE_CURVE('',#4886,#4902,#2566,.T.);
#9391=EDGE_CURVE('',#5154,#5156,#2570,.T.);
#9407=EDGE_CURVE('',#5158,#5156,#2578,.T.);
#9441=EDGE_CURVE('',#5184,#5181,#2598,.T.);
#9466=EDGE_CURVE('',#5194,#5204,#2602,.T.);
#9468=EDGE_CURVE('',#5194,#4973,#2606,.T.);
#9471=EDGE_CURVE('',#4974,#5204,#2610,.T.);
#9481=EDGE_CURVE('',#5210,#5220,#2614,.T.);
#9483=EDGE_CURVE('',#5210,#4969,#2618,.T.);
#9486=EDGE_CURVE('',#4970,#5220,#2622,.T.);
#9496=EDGE_CURVE('',#5226,#5236,#2626,.T.);
#9498=EDGE_CURVE('',#5226,#4949,#2630,.T.);
#9500=EDGE_CURVE('',#4949,#4950,#2635,.T.);
#9502=EDGE_CURVE('',#4950,#4990,#2639,.T.);
#9505=EDGE_CURVE('',#4988,#4945,#2643,.T.);
#9507=EDGE_CURVE('',#4945,#4946,#2648,.T.);
#9509=EDGE_CURVE('',#4946,#5236,#2652,.T.);
#9519=EDGE_CURVE('',#5242,#5252,#2656,.T.);
#9521=EDGE_CURVE('',#5242,#4941,#2660,.T.);
#9523=EDGE_CURVE('',#4941,#4942,#2665,.T.);
#9525=EDGE_CURVE('',#4942,#4984,#2669,.T.);
#9528=EDGE_CURVE('',#4986,#4937,#2673,.T.);
#9530=EDGE_CURVE('',#4937,#4938,#2678,.T.);
#9532=EDGE_CURVE('',#4938,#5252,#2682,.T.);
#9543=EDGE_CURVE('',#5206,#5204,#2686,.T.);
#9545=EDGE_CURVE('',#5198,#5206,#2830,.T.);
#9547=EDGE_CURVE('',#5198,#5194,#2842,.T.);
#9557=EDGE_CURVE('',#5202,#5204,#2698,.T.);
#9559=EDGE_CURVE('',#5200,#5202,#2690,.T.);
#9561=EDGE_CURVE('',#5200,#5206,#2834,.T.);
#9573=EDGE_CURVE('',#4942,#4958,#2694,.T.);
#9575=EDGE_CURVE('',#4958,#4992,#2813,.T.);
#9589=EDGE_CURVE('',#4982,#5202,#2746,.T.);
#9600=EDGE_CURVE('',#4941,#4957,#2702,.T.);
#9602=EDGE_CURVE('',#4957,#4958,#2818,.T.);
#9613=EDGE_CURVE('',#5241,#5242,#2706,.T.);
#9615=EDGE_CURVE('',#5241,#4957,#2822,.T.);
#9628=EDGE_CURVE('',#5246,#5242,#2710,.T.);
#9630=EDGE_CURVE('',#5245,#5246,#2946,.T.);
#9632=EDGE_CURVE('',#5241,#5245,#2714,.T.);
#9643=EDGE_CURVE('',#5254,#5252,#2718,.T.);
#9645=EDGE_CURVE('',#5246,#5254,#2950,.T.);
#9656=EDGE_CURVE('',#5250,#5252,#2726,.T.);
#9658=EDGE_CURVE('',#5248,#5250,#2722,.T.);
#9660=EDGE_CURVE('',#5248,#5254,#2954,.T.);
#9673=EDGE_CURVE('',#4938,#4954,#2730,.T.);
#9675=EDGE_CURVE('',#4954,#5250,#2800,.T.);
#9686=EDGE_CURVE('',#4937,#4953,#2734,.T.);
#9688=EDGE_CURVE('',#4953,#4954,#2805,.T.);
#9701=EDGE_CURVE('',#4994,#4953,#2809,.T.);
#9712=EDGE_CURVE('',#5193,#5194,#2738,.T.);
#9714=EDGE_CURVE('',#5193,#4981,#2750,.T.);
#9726=EDGE_CURVE('',#5202,#5193,#2742,.T.);
#9739=EDGE_CURVE('',#5218,#5209,#2754,.T.);
#9741=EDGE_CURVE('',#4978,#5218,#2758,.T.);
#9744=EDGE_CURVE('',#5209,#4977,#2762,.T.);
#9754=EDGE_CURVE('',#5234,#5225,#2766,.T.);
#9756=EDGE_CURVE('',#4962,#5234,#2770,.T.);
#9758=EDGE_CURVE('',#4961,#4962,#2775,.T.);
#9760=EDGE_CURVE('',#4996,#4961,#2779,.T.);
#9763=EDGE_CURVE('',#4966,#4998,#2783,.T.);
#9765=EDGE_CURVE('',#4965,#4966,#2788,.T.);
#9767=EDGE_CURVE('',#5225,#4965,#2792,.T.);
#9777=EDGE_CURVE('',#5250,#5241,#2796,.T.);
#9794=EDGE_CURVE('',#5200,#5197,#2838,.T.);
#9798=EDGE_CURVE('',#5193,#5197,#2846,.T.);
#9808=EDGE_CURVE('',#5197,#5198,#2826,.T.);
#9833=EDGE_CURVE('',#5216,#5213,#2866,.T.);
#9835=EDGE_CURVE('',#5216,#5218,#2934,.T.);
#9838=EDGE_CURVE('',#5213,#5209,#2850,.T.);
#9848=EDGE_CURVE('',#5213,#5214,#2854,.T.);
#9850=EDGE_CURVE('',#5214,#5222,#2858,.T.);
#9852=EDGE_CURVE('',#5216,#5222,#2862,.T.);
#9863=EDGE_CURVE('',#5209,#5210,#2874,.T.);
#9865=EDGE_CURVE('',#5214,#5210,#2870,.T.);
#9880=EDGE_CURVE('',#4945,#4961,#2878,.T.);
#9905=EDGE_CURVE('',#4946,#4962,#2886,.T.);
#9915=EDGE_CURVE('',#5234,#5236,#2882,.T.);
#9929=EDGE_CURVE('',#5232,#5234,#2890,.T.);
#9931=EDGE_CURVE('',#5232,#5238,#2902,.T.);
#9933=EDGE_CURVE('',#5238,#5236,#2942,.T.);
#9943=EDGE_CURVE('',#5232,#5229,#2906,.T.);
#9947=EDGE_CURVE('',#5225,#5229,#2914,.T.);
#9957=EDGE_CURVE('',#5229,#5230,#2894,.T.);
#9959=EDGE_CURVE('',#5230,#5238,#2898,.T.);
#9971=EDGE_CURVE('',#5225,#5226,#2918,.T.);
#9973=EDGE_CURVE('',#5230,#5226,#2910,.T.);
#9987=EDGE_CURVE('',#4949,#4965,#2922,.T.);
#10001=EDGE_CURVE('',#4950,#4966,#2926,.T.);
#10023=EDGE_CURVE('',#5218,#5220,#2930,.T.);
#10039=EDGE_CURVE('',#5222,#5220,#2938,.T.);
#10073=EDGE_CURVE('',#5248,#5245,#2958,.T.);
#10098=EDGE_CURVE('',#5258,#5268,#2962,.T.);
#10100=EDGE_CURVE('',#5258,#5037,#2966,.T.);
#10103=EDGE_CURVE('',#5038,#5268,#2970,.T.);
#10113=EDGE_CURVE('',#5274,#5284,#2974,.T.);
#10115=EDGE_CURVE('',#5274,#5033,#2978,.T.);
#10118=EDGE_CURVE('',#5034,#5284,#2982,.T.);
#10128=EDGE_CURVE('',#5290,#5300,#2986,.T.);
#10130=EDGE_CURVE('',#5290,#5013,#2990,.T.);
#10132=EDGE_CURVE('',#5013,#5014,#2995,.T.);
#10134=EDGE_CURVE('',#5014,#5054,#2999,.T.);
#10137=EDGE_CURVE('',#5052,#5009,#3003,.T.);
#10139=EDGE_CURVE('',#5009,#5010,#3008,.T.);
#10141=EDGE_CURVE('',#5010,#5300,#3012,.T.);
#10151=EDGE_CURVE('',#5306,#5316,#3016,.T.);
#10153=EDGE_CURVE('',#5306,#5005,#3020,.T.);
#10155=EDGE_CURVE('',#5005,#5006,#3025,.T.);
#10157=EDGE_CURVE('',#5006,#5048,#3029,.T.);
#10160=EDGE_CURVE('',#5050,#5001,#3033,.T.);
#10162=EDGE_CURVE('',#5001,#5002,#3038,.T.);
#10164=EDGE_CURVE('',#5002,#5316,#3042,.T.);
#10175=EDGE_CURVE('',#5270,#5268,#3046,.T.);
#10177=EDGE_CURVE('',#5262,#5270,#3190,.T.);
#10179=EDGE_CURVE('',#5262,#5258,#3202,.T.);
#10189=EDGE_CURVE('',#5266,#5268,#3058,.T.);
#10191=EDGE_CURVE('',#5264,#5266,#3050,.T.);
#10193=EDGE_CURVE('',#5264,#5270,#3194,.T.);
#10205=EDGE_CURVE('',#5006,#5022,#3054,.T.);
#10207=EDGE_CURVE('',#5022,#5056,#3173,.T.);
#10221=EDGE_CURVE('',#5046,#5266,#3106,.T.);
#10232=EDGE_CURVE('',#5005,#5021,#3062,.T.);
#10234=EDGE_CURVE('',#5021,#5022,#3178,.T.);
#10245=EDGE_CURVE('',#5305,#5306,#3066,.T.);
#10247=EDGE_CURVE('',#5305,#5021,#3182,.T.);
#10260=EDGE_CURVE('',#5310,#5306,#3070,.T.);
#10262=EDGE_CURVE('',#5309,#5310,#3306,.T.);
#10264=EDGE_CURVE('',#5305,#5309,#3074,.T.);
#10275=EDGE_CURVE('',#5318,#5316,#3078,.T.);
#10277=EDGE_CURVE('',#5310,#5318,#3310,.T.);
#10288=EDGE_CURVE('',#5314,#5316,#3086,.T.);
#10290=EDGE_CURVE('',#5312,#5314,#3082,.T.);
#10292=EDGE_CURVE('',#5312,#5318,#3314,.T.);
#10305=EDGE_CURVE('',#5002,#5018,#3090,.T.);
#10307=EDGE_CURVE('',#5018,#5314,#3160,.T.);
#10318=EDGE_CURVE('',#5001,#5017,#3094,.T.);
#10320=EDGE_CURVE('',#5017,#5018,#3165,.T.);
#10333=EDGE_CURVE('',#5058,#5017,#3169,.T.);
#10344=EDGE_CURVE('',#5257,#5258,#3098,.T.);
#10346=EDGE_CURVE('',#5257,#5045,#3110,.T.);
#10358=EDGE_CURVE('',#5266,#5257,#3102,.T.);
#10371=EDGE_CURVE('',#5282,#5273,#3114,.T.);
#10373=EDGE_CURVE('',#5042,#5282,#3118,.T.);
#10376=EDGE_CURVE('',#5273,#5041,#3122,.T.);
#10386=EDGE_CURVE('',#5298,#5289,#3126,.T.);
#10388=EDGE_CURVE('',#5026,#5298,#3130,.T.);
#10390=EDGE_CURVE('',#5025,#5026,#3135,.T.);
#10392=EDGE_CURVE('',#5060,#5025,#3139,.T.);
#10395=EDGE_CURVE('',#5030,#5062,#3143,.T.);
#10397=EDGE_CURVE('',#5029,#5030,#3148,.T.);
#10399=EDGE_CURVE('',#5289,#5029,#3152,.T.);
#10409=EDGE_CURVE('',#5314,#5305,#3156,.T.);
#10426=EDGE_CURVE('',#5264,#5261,#3198,.T.);
#10430=EDGE_CURVE('',#5257,#5261,#3206,.T.);
#10440=EDGE_CURVE('',#5261,#5262,#3186,.T.);
#10465=EDGE_CURVE('',#5280,#5277,#3226,.T.);
#10467=EDGE_CURVE('',#5280,#5282,#3294,.T.);
#10470=EDGE_CURVE('',#5277,#5273,#3210,.T.);
#10480=EDGE_CURVE('',#5277,#5278,#3214,.T.);
#10482=EDGE_CURVE('',#5278,#5286,#3218,.T.);
#10484=EDGE_CURVE('',#5280,#5286,#3222,.T.);
#10495=EDGE_CURVE('',#5273,#5274,#3234,.T.);
#10497=EDGE_CURVE('',#5278,#5274,#3230,.T.);
#10512=EDGE_CURVE('',#5009,#5025,#3238,.T.);
#10537=EDGE_CURVE('',#5010,#5026,#3246,.T.);
#10547=EDGE_CURVE('',#5298,#5300,#3242,.T.);
#10561=EDGE_CURVE('',#5296,#5298,#3250,.T.);
#10563=EDGE_CURVE('',#5296,#5302,#3262,.T.);
#10565=EDGE_CURVE('',#5302,#5300,#3302,.T.);
#10575=EDGE_CURVE('',#5296,#5293,#3266,.T.);
#10579=EDGE_CURVE('',#5289,#5293,#3274,.T.);
#10589=EDGE_CURVE('',#5293,#5294,#3254,.T.);
#10591=EDGE_CURVE('',#5294,#5302,#3258,.T.);
#10603=EDGE_CURVE('',#5289,#5290,#3278,.T.);
#10605=EDGE_CURVE('',#5294,#5290,#3270,.T.);
#10619=EDGE_CURVE('',#5013,#5029,#3282,.T.);
#10633=EDGE_CURVE('',#5014,#5030,#3286,.T.);
#10655=EDGE_CURVE('',#5282,#5284,#3290,.T.);
#10671=EDGE_CURVE('',#5286,#5284,#3298,.T.);
#10705=EDGE_CURVE('',#5312,#5309,#3318,.T.);
#10730=EDGE_CURVE('',#5386,#5396,#3322,.T.);
#10732=EDGE_CURVE('',#5386,#5357,#3326,.T.);
#10735=EDGE_CURVE('',#5358,#5396,#3330,.T.);
#10745=EDGE_CURVE('',#5402,#5412,#3334,.T.);
#10747=EDGE_CURVE('',#5402,#5353,#3338,.T.);
#10750=EDGE_CURVE('',#5354,#5412,#3342,.T.);
#10760=EDGE_CURVE('',#5418,#5428,#3346,.T.);
#10762=EDGE_CURVE('',#5418,#5333,#3350,.T.);
#10764=EDGE_CURVE('',#5333,#5334,#3355,.T.);
#10766=EDGE_CURVE('',#5334,#5374,#3359,.T.);
#10769=EDGE_CURVE('',#5372,#5329,#3363,.T.);
#10771=EDGE_CURVE('',#5329,#5330,#3368,.T.);
#10773=EDGE_CURVE('',#5330,#5428,#3372,.T.);
#10783=EDGE_CURVE('',#5434,#5444,#3376,.T.);
#10785=EDGE_CURVE('',#5434,#5325,#3380,.T.);
#10787=EDGE_CURVE('',#5325,#5326,#3385,.T.);
#10789=EDGE_CURVE('',#5326,#5368,#3389,.T.);
#10792=EDGE_CURVE('',#5370,#5321,#3393,.T.);
#10794=EDGE_CURVE('',#5321,#5322,#3398,.T.);
#10796=EDGE_CURVE('',#5322,#5444,#3402,.T.);
#10807=EDGE_CURVE('',#5398,#5396,#3406,.T.);
#10809=EDGE_CURVE('',#5390,#5398,#3550,.T.);
#10811=EDGE_CURVE('',#5390,#5386,#3562,.T.);
#10821=EDGE_CURVE('',#5394,#5396,#3418,.T.);
#10823=EDGE_CURVE('',#5392,#5394,#3410,.T.);
#10825=EDGE_CURVE('',#5392,#5398,#3554,.T.);
#10837=EDGE_CURVE('',#5326,#5342,#3414,.T.);
#10839=EDGE_CURVE('',#5342,#5376,#3533,.T.);
#10853=EDGE_CURVE('',#5366,#5394,#3466,.T.);
#10864=EDGE_CURVE('',#5325,#5341,#3422,.T.);
#10866=EDGE_CURVE('',#5341,#5342,#3538,.T.);
#10877=EDGE_CURVE('',#5433,#5434,#3426,.T.);
#10879=EDGE_CURVE('',#5433,#5341,#3542,.T.);
#10892=EDGE_CURVE('',#5438,#5434,#3430,.T.);
#10894=EDGE_CURVE('',#5437,#5438,#3666,.T.);
#10896=EDGE_CURVE('',#5433,#5437,#3434,.T.);
#10907=EDGE_CURVE('',#5446,#5444,#3438,.T.);
#10909=EDGE_CURVE('',#5438,#5446,#3670,.T.);
#10920=EDGE_CURVE('',#5442,#5444,#3446,.T.);
#10922=EDGE_CURVE('',#5440,#5442,#3442,.T.);
#10924=EDGE_CURVE('',#5440,#5446,#3674,.T.);
#10937=EDGE_CURVE('',#5322,#5338,#3450,.T.);
#10939=EDGE_CURVE('',#5338,#5442,#3520,.T.);
#10950=EDGE_CURVE('',#5321,#5337,#3454,.T.);
#10952=EDGE_CURVE('',#5337,#5338,#3525,.T.);
#10965=EDGE_CURVE('',#5378,#5337,#3529,.T.);
#10976=EDGE_CURVE('',#5385,#5386,#3458,.T.);
#10978=EDGE_CURVE('',#5385,#5365,#3470,.T.);
#10990=EDGE_CURVE('',#5394,#5385,#3462,.T.);
#11003=EDGE_CURVE('',#5410,#5401,#3474,.T.);
#11005=EDGE_CURVE('',#5362,#5410,#3478,.T.);
#11008=EDGE_CURVE('',#5401,#5361,#3482,.T.);
#11018=EDGE_CURVE('',#5426,#5417,#3486,.T.);
#11020=EDGE_CURVE('',#5346,#5426,#3490,.T.);
#11022=EDGE_CURVE('',#5345,#5346,#3495,.T.);
#11024=EDGE_CURVE('',#5380,#5345,#3499,.T.);
#11027=EDGE_CURVE('',#5350,#5382,#3503,.T.);
#11029=EDGE_CURVE('',#5349,#5350,#3508,.T.);
#11031=EDGE_CURVE('',#5417,#5349,#3512,.T.);
#11041=EDGE_CURVE('',#5442,#5433,#3516,.T.);
#11058=EDGE_CURVE('',#5392,#5389,#3558,.T.);
#11062=EDGE_CURVE('',#5385,#5389,#3566,.T.);
#11072=EDGE_CURVE('',#5389,#5390,#3546,.T.);
#11097=EDGE_CURVE('',#5408,#5405,#3586,.T.);
#11099=EDGE_CURVE('',#5408,#5410,#3654,.T.);
#11102=EDGE_CURVE('',#5405,#5401,#3570,.T.);
#11112=EDGE_CURVE('',#5405,#5406,#3574,.T.);
#11114=EDGE_CURVE('',#5406,#5414,#3578,.T.);
#11116=EDGE_CURVE('',#5408,#5414,#3582,.T.);
#11127=EDGE_CURVE('',#5401,#5402,#3594,.T.);
#11129=EDGE_CURVE('',#5406,#5402,#3590,.T.);
#11144=EDGE_CURVE('',#5329,#5345,#3598,.T.);
#11169=EDGE_CURVE('',#5330,#5346,#3606,.T.);
#11179=EDGE_CURVE('',#5426,#5428,#3602,.T.);
#11193=EDGE_CURVE('',#5424,#5426,#3610,.T.);
#11195=EDGE_CURVE('',#5424,#5430,#3622,.T.);
#11197=EDGE_CURVE('',#5430,#5428,#3662,.T.);
#11207=EDGE_CURVE('',#5424,#5421,#3626,.T.);
#11211=EDGE_CURVE('',#5417,#5421,#3634,.T.);
#11221=EDGE_CURVE('',#5421,#5422,#3614,.T.);
#11223=EDGE_CURVE('',#5422,#5430,#3618,.T.);
#11235=EDGE_CURVE('',#5417,#5418,#3638,.T.);
#11237=EDGE_CURVE('',#5422,#5418,#3630,.T.);
#11251=EDGE_CURVE('',#5333,#5349,#3642,.T.);
#11265=EDGE_CURVE('',#5334,#5350,#3646,.T.);
#11287=EDGE_CURVE('',#5410,#5412,#3650,.T.);
#11303=EDGE_CURVE('',#5414,#5412,#3658,.T.);
#11337=EDGE_CURVE('',#5440,#5437,#3678,.T.);
#11362=EDGE_CURVE('',#5578,#5588,#3682,.T.);
#11364=EDGE_CURVE('',#5578,#5485,#3686,.T.);
#11367=EDGE_CURVE('',#5486,#5588,#3690,.T.);
#11377=EDGE_CURVE('',#5594,#5604,#3694,.T.);
#11379=EDGE_CURVE('',#5594,#5481,#3698,.T.);
#11382=EDGE_CURVE('',#5482,#5604,#3702,.T.);
#11392=EDGE_CURVE('',#5610,#5620,#3706,.T.);
#11394=EDGE_CURVE('',#5610,#5461,#3710,.T.);
#11396=EDGE_CURVE('',#5461,#5462,#3715,.T.);
#11398=EDGE_CURVE('',#5462,#5502,#3719,.T.);
#11401=EDGE_CURVE('',#5500,#5457,#3723,.T.);
#11403=EDGE_CURVE('',#5457,#5458,#3728,.T.);
#11405=EDGE_CURVE('',#5458,#5620,#3732,.T.);
#11415=EDGE_CURVE('',#5626,#5636,#3736,.T.);
#11417=EDGE_CURVE('',#5626,#5453,#3740,.T.);
#11419=EDGE_CURVE('',#5453,#5454,#3745,.T.);
#11421=EDGE_CURVE('',#5454,#5496,#3749,.T.);
#11424=EDGE_CURVE('',#5498,#5449,#3753,.T.);
#11426=EDGE_CURVE('',#5449,#5450,#3758,.T.);
#11428=EDGE_CURVE('',#5450,#5636,#3762,.T.);
#11439=EDGE_CURVE('',#5590,#5588,#3766,.T.);
#11441=EDGE_CURVE('',#5582,#5590,#3910,.T.);
#11443=EDGE_CURVE('',#5582,#5578,#3922,.T.);
#11453=EDGE_CURVE('',#5586,#5588,#3778,.T.);
#11455=EDGE_CURVE('',#5584,#5586,#3770,.T.);
#11457=EDGE_CURVE('',#5584,#5590,#3914,.T.);
#11469=EDGE_CURVE('',#5454,#5470,#3774,.T.);
#11471=EDGE_CURVE('',#5470,#5504,#3893,.T.);
#11485=EDGE_CURVE('',#5494,#5586,#3826,.T.);
#11496=EDGE_CURVE('',#5453,#5469,#3782,.T.);
#11498=EDGE_CURVE('',#5469,#5470,#3898,.T.);
#11509=EDGE_CURVE('',#5625,#5626,#3786,.T.);
#11511=EDGE_CURVE('',#5625,#5469,#3902,.T.);
#11524=EDGE_CURVE('',#5630,#5626,#3790,.T.);
#11526=EDGE_CURVE('',#5629,#5630,#4026,.T.);
#11528=EDGE_CURVE('',#5625,#5629,#3794,.T.);
#11539=EDGE_CURVE('',#5638,#5636,#3798,.T.);
#11541=EDGE_CURVE('',#5630,#5638,#4030,.T.);
#11552=EDGE_CURVE('',#5634,#5636,#3806,.T.);
#11554=EDGE_CURVE('',#5632,#5634,#3802,.T.);
#11556=EDGE_CURVE('',#5632,#5638,#4034,.T.);
#11569=EDGE_CURVE('',#5450,#5466,#3810,.T.);
#11571=EDGE_CURVE('',#5466,#5634,#3880,.T.);
#11582=EDGE_CURVE('',#5449,#5465,#3814,.T.);
#11584=EDGE_CURVE('',#5465,#5466,#3885,.T.);
#11597=EDGE_CURVE('',#5506,#5465,#3889,.T.);
#11608=EDGE_CURVE('',#5577,#5578,#3818,.T.);
#11610=EDGE_CURVE('',#5577,#5493,#3830,.T.);
#11622=EDGE_CURVE('',#5586,#5577,#3822,.T.);
#11635=EDGE_CURVE('',#5602,#5593,#3834,.T.);
#11637=EDGE_CURVE('',#5490,#5602,#3838,.T.);
#11640=EDGE_CURVE('',#5593,#5489,#3842,.T.);
#11650=EDGE_CURVE('',#5618,#5609,#3846,.T.);
#11652=EDGE_CURVE('',#5474,#5618,#3850,.T.);
#11654=EDGE_CURVE('',#5473,#5474,#3855,.T.);
#11656=EDGE_CURVE('',#5508,#5473,#3859,.T.);
#11659=EDGE_CURVE('',#5478,#5510,#3863,.T.);
#11661=EDGE_CURVE('',#5477,#5478,#3868,.T.);
#11663=EDGE_CURVE('',#5609,#5477,#3872,.T.);
#11673=EDGE_CURVE('',#5634,#5625,#3876,.T.);
#11690=EDGE_CURVE('',#5584,#5581,#3918,.T.);
#11694=EDGE_CURVE('',#5577,#5581,#3926,.T.);
#11704=EDGE_CURVE('',#5581,#5582,#3906,.T.);
#11729=EDGE_CURVE('',#5600,#5597,#3946,.T.);
#11731=EDGE_CURVE('',#5600,#5602,#4014,.T.);
#11734=EDGE_CURVE('',#5597,#5593,#3930,.T.);
#11744=EDGE_CURVE('',#5597,#5598,#3934,.T.);
#11746=EDGE_CURVE('',#5598,#5606,#3938,.T.);
#11748=EDGE_CURVE('',#5600,#5606,#3942,.T.);
#11759=EDGE_CURVE('',#5593,#5594,#3954,.T.);
#11761=EDGE_CURVE('',#5598,#5594,#3950,.T.);
#11776=EDGE_CURVE('',#5457,#5473,#3958,.T.);
#11801=EDGE_CURVE('',#5458,#5474,#3966,.T.);
#11811=EDGE_CURVE('',#5618,#5620,#3962,.T.);
#11825=EDGE_CURVE('',#5616,#5618,#3970,.T.);
#11827=EDGE_CURVE('',#5616,#5622,#3982,.T.);
#11829=EDGE_CURVE('',#5622,#5620,#4022,.T.);
#11839=EDGE_CURVE('',#5616,#5613,#3986,.T.);
#11843=EDGE_CURVE('',#5609,#5613,#3994,.T.);
#11853=EDGE_CURVE('',#5613,#5614,#3974,.T.);
#11855=EDGE_CURVE('',#5614,#5622,#3978,.T.);
#11867=EDGE_CURVE('',#5609,#5610,#3998,.T.);
#11869=EDGE_CURVE('',#5614,#5610,#3990,.T.);
#11883=EDGE_CURVE('',#5461,#5477,#4002,.T.);
#11897=EDGE_CURVE('',#5462,#5478,#4006,.T.);
#11919=EDGE_CURVE('',#5602,#5604,#4010,.T.);
#11935=EDGE_CURVE('',#5606,#5604,#4018,.T.);
#11969=EDGE_CURVE('',#5632,#5629,#4038,.T.);
#11994=EDGE_CURVE('',#5642,#5652,#4042,.T.);
#11996=EDGE_CURVE('',#5642,#5549,#4046,.T.);
#11999=EDGE_CURVE('',#5550,#5652,#4050,.T.);
#12009=EDGE_CURVE('',#5658,#5668,#4054,.T.);
#12011=EDGE_CURVE('',#5658,#5545,#4058,.T.);
#12014=EDGE_CURVE('',#5546,#5668,#4062,.T.);
#12024=EDGE_CURVE('',#5674,#5684,#4066,.T.);
#12026=EDGE_CURVE('',#5674,#5525,#4070,.T.);
#12028=EDGE_CURVE('',#5525,#5526,#4075,.T.);
#12030=EDGE_CURVE('',#5526,#5566,#4079,.T.);
#12033=EDGE_CURVE('',#5564,#5521,#4083,.T.);
#12035=EDGE_CURVE('',#5521,#5522,#4088,.T.);
#12037=EDGE_CURVE('',#5522,#5684,#4092,.T.);
#12047=EDGE_CURVE('',#5690,#5700,#4096,.T.);
#12049=EDGE_CURVE('',#5690,#5517,#4100,.T.);
#12051=EDGE_CURVE('',#5517,#5518,#4105,.T.);
#12053=EDGE_CURVE('',#5518,#5560,#4109,.T.);
#12056=EDGE_CURVE('',#5562,#5513,#4113,.T.);
#12058=EDGE_CURVE('',#5513,#5514,#4118,.T.);
#12060=EDGE_CURVE('',#5514,#5700,#4122,.T.);
#12071=EDGE_CURVE('',#5654,#5652,#4126,.T.);
#12073=EDGE_CURVE('',#5646,#5654,#4270,.T.);
#12075=EDGE_CURVE('',#5646,#5642,#4282,.T.);
#12085=EDGE_CURVE('',#5650,#5652,#4138,.T.);
#12087=EDGE_CURVE('',#5648,#5650,#4130,.T.);
#12089=EDGE_CURVE('',#5648,#5654,#4274,.T.);
#12101=EDGE_CURVE('',#5518,#5534,#4134,.T.);
#12103=EDGE_CURVE('',#5534,#5568,#4253,.T.);
#12117=EDGE_CURVE('',#5558,#5650,#4186,.T.);
#12128=EDGE_CURVE('',#5517,#5533,#4142,.T.);
#12130=EDGE_CURVE('',#5533,#5534,#4258,.T.);
#12141=EDGE_CURVE('',#5689,#5690,#4146,.T.);
#12143=EDGE_CURVE('',#5689,#5533,#4262,.T.);
#12156=EDGE_CURVE('',#5694,#5690,#4150,.T.);
#12158=EDGE_CURVE('',#5693,#5694,#4386,.T.);
#12160=EDGE_CURVE('',#5689,#5693,#4154,.T.);
#12171=EDGE_CURVE('',#5702,#5700,#4158,.T.);
#12173=EDGE_CURVE('',#5694,#5702,#4390,.T.);
#12184=EDGE_CURVE('',#5698,#5700,#4166,.T.);
#12186=EDGE_CURVE('',#5696,#5698,#4162,.T.);
#12188=EDGE_CURVE('',#5696,#5702,#4394,.T.);
#12201=EDGE_CURVE('',#5514,#5530,#4170,.T.);
#12203=EDGE_CURVE('',#5530,#5698,#4240,.T.);
#12214=EDGE_CURVE('',#5513,#5529,#4174,.T.);
#12216=EDGE_CURVE('',#5529,#5530,#4245,.T.);
#12229=EDGE_CURVE('',#5570,#5529,#4249,.T.);
#12240=EDGE_CURVE('',#5641,#5642,#4178,.T.);
#12242=EDGE_CURVE('',#5641,#5557,#4190,.T.);
#12254=EDGE_CURVE('',#5650,#5641,#4182,.T.);
#12267=EDGE_CURVE('',#5666,#5657,#4194,.T.);
#12269=EDGE_CURVE('',#5554,#5666,#4198,.T.);
#12272=EDGE_CURVE('',#5657,#5553,#4202,.T.);
#12282=EDGE_CURVE('',#5682,#5673,#4206,.T.);
#12284=EDGE_CURVE('',#5538,#5682,#4210,.T.);
#12286=EDGE_CURVE('',#5537,#5538,#4215,.T.);
#12288=EDGE_CURVE('',#5572,#5537,#4219,.T.);
#12291=EDGE_CURVE('',#5542,#5574,#4223,.T.);
#12293=EDGE_CURVE('',#5541,#5542,#4228,.T.);
#12295=EDGE_CURVE('',#5673,#5541,#4232,.T.);
#12305=EDGE_CURVE('',#5698,#5689,#4236,.T.);
#12322=EDGE_CURVE('',#5648,#5645,#4278,.T.);
#12326=EDGE_CURVE('',#5641,#5645,#4286,.T.);
#12336=EDGE_CURVE('',#5645,#5646,#4266,.T.);
#12361=EDGE_CURVE('',#5664,#5661,#4306,.T.);
#12363=EDGE_CURVE('',#5664,#5666,#4374,.T.);
#12366=EDGE_CURVE('',#5661,#5657,#4290,.T.);
#12376=EDGE_CURVE('',#5661,#5662,#4294,.T.);
#12378=EDGE_CURVE('',#5662,#5670,#4298,.T.);
#12380=EDGE_CURVE('',#5664,#5670,#4302,.T.);
#12391=EDGE_CURVE('',#5657,#5658,#4314,.T.);
#12393=EDGE_CURVE('',#5662,#5658,#4310,.T.);
#12408=EDGE_CURVE('',#5521,#5537,#4318,.T.);
#12433=EDGE_CURVE('',#5522,#5538,#4326,.T.);
#12443=EDGE_CURVE('',#5682,#5684,#4322,.T.);
#12457=EDGE_CURVE('',#5680,#5682,#4330,.T.);
#12459=EDGE_CURVE('',#5680,#5686,#4342,.T.);
#12461=EDGE_CURVE('',#5686,#5684,#4382,.T.);
#12471=EDGE_CURVE('',#5680,#5677,#4346,.T.);
#12475=EDGE_CURVE('',#5673,#5677,#4354,.T.);
#12485=EDGE_CURVE('',#5677,#5678,#4334,.T.);
#12487=EDGE_CURVE('',#5678,#5686,#4338,.T.);
#12499=EDGE_CURVE('',#5673,#5674,#4358,.T.);
#12501=EDGE_CURVE('',#5678,#5674,#4350,.T.);
#12515=EDGE_CURVE('',#5525,#5541,#4362,.T.);
#12529=EDGE_CURVE('',#5526,#5542,#4366,.T.);
#12551=EDGE_CURVE('',#5666,#5668,#4370,.T.);
#12567=EDGE_CURVE('',#5670,#5668,#4378,.T.);
#12601=EDGE_CURVE('',#5696,#5693,#4398,.T.);
#12626=EDGE_CURVE('',#4605,#4612,#4402,.T.);
#12628=EDGE_CURVE('',#4612,#4614,#4466,.T.);
#12630=EDGE_CURVE('',#4606,#4614,#4406,.T.);
#12644=EDGE_CURVE('',#4614,#4612,#4416,.T.);
#12654=EDGE_CURVE('',#4802,#4801,#4411,.T.);
#12656=EDGE_CURVE('',#4801,#4612,#4470,.T.);
#12659=EDGE_CURVE('',#4802,#4614,#4420,.T.);
#12669=EDGE_CURVE('',#4797,#4798,#4425,.T.);
#12671=EDGE_CURVE('',#4798,#4797,#4439,.T.);
#12681=EDGE_CURVE('',#4801,#4802,#4461,.T.);
#12693=EDGE_CURVE('',#4798,#4618,#4448,.T.);
#12695=EDGE_CURVE('',#4616,#4618,#4430,.T.);
#12697=EDGE_CURVE('',#4797,#4616,#4434,.T.);
#12709=EDGE_CURVE('',#4618,#4616,#4444,.T.);
#12720=EDGE_CURVE('',#4609,#4616,#4456,.T.);
#12723=EDGE_CURVE('',#4610,#4618,#4452,.T.);
#12763=TRIMMED_CURVE('',#12762,(PARAMETER_VALUE(0.E0)),(PARAMETER_VALUE(1.E0)),
.T.,.UNSPECIFIED.);
#12764=COMPOSITE_CURVE_SEGMENT(.CONTINUOUS.,.T.,#12763);
#12769=TRIMMED_CURVE('',#12768,(PARAMETER_VALUE(0.E0)),(PARAMETER_VALUE(1.E0)),
.T.,.UNSPECIFIED.);
#12770=COMPOSITE_CURVE_SEGMENT(.CONTINUOUS.,.T.,#12769);
#12775=TRIMMED_CURVE('',#12774,(PARAMETER_VALUE(0.E0)),(PARAMETER_VALUE(1.E0)),
.T.,.UNSPECIFIED.);
#12776=COMPOSITE_CURVE_SEGMENT(.CONTINUOUS.,.T.,#12775);
#12781=TRIMMED_CURVE('',#12780,(PARAMETER_VALUE(0.E0)),(PARAMETER_VALUE(1.E0)),
.T.,.UNSPECIFIED.);
#12782=COMPOSITE_CURVE_SEGMENT(.CONTINUOUS.,.T.,#12781);
#12783=COMPOSITE_CURVE('',(#12764,#12770,#12776,#12782),.F.);
#12789=TRIMMED_CURVE('',#12788,(PARAMETER_VALUE(0.E0)),(PARAMETER_VALUE(1.E0)),
.T.,.UNSPECIFIED.);
#12790=COMPOSITE_CURVE_SEGMENT(.CONTINUOUS.,.T.,#12789);
#12795=TRIMMED_CURVE('',#12794,(PARAMETER_VALUE(0.E0)),(PARAMETER_VALUE(1.E0)),
.T.,.UNSPECIFIED.);
#12796=COMPOSITE_CURVE_SEGMENT(.CONTINUOUS.,.T.,#12795);
#12801=TRIMMED_CURVE('',#12800,(PARAMETER_VALUE(0.E0)),(PARAMETER_VALUE(1.E0)),
.T.,.UNSPECIFIED.);
#12802=COMPOSITE_CURVE_SEGMENT(.CONTINUOUS.,.T.,#12801);
#12807=TRIMMED_CURVE('',#12806,(PARAMETER_VALUE(0.E0)),(PARAMETER_VALUE(1.E0)),
.T.,.UNSPECIFIED.);
#12808=COMPOSITE_CURVE_SEGMENT(.CONTINUOUS.,.T.,#12807);
#12809=COMPOSITE_CURVE('',(#12790,#12796,#12802,#12808),.F.);
#12814=TRIMMED_CURVE('',#12813,(PARAMETER_VALUE(0.E0)),(PARAMETER_VALUE(1.E0)),
.T.,.UNSPECIFIED.);
#12815=COMPOSITE_CURVE_SEGMENT(.CONTINUOUS.,.T.,#12814);
#12820=TRIMMED_CURVE('',#12819,(PARAMETER_VALUE(0.E0)),(PARAMETER_VALUE(1.E0)),
.T.,.UNSPECIFIED.);
#12821=COMPOSITE_CURVE_SEGMENT(.CONTINUOUS.,.T.,#12820);
#12826=TRIMMED_CURVE('',#12825,(PARAMETER_VALUE(0.E0)),(PARAMETER_VALUE(1.E0)),
.T.,.UNSPECIFIED.);
#12827=COMPOSITE_CURVE_SEGMENT(.CONTINUOUS.,.T.,#12826);
#12832=TRIMMED_CURVE('',#12831,(PARAMETER_VALUE(0.E0)),(PARAMETER_VALUE(1.E0)),
.T.,.UNSPECIFIED.);
#12833=COMPOSITE_CURVE_SEGMENT(.CONTINUOUS.,.T.,#12832);
#12834=COMPOSITE_CURVE('',(#12815,#12821,#12827,#12833),.F.);
#12839=TRIMMED_CURVE('',#12838,(PARAMETER_VALUE(0.E0)),(PARAMETER_VALUE(1.E0)),
.T.,.UNSPECIFIED.);
#12840=COMPOSITE_CURVE_SEGMENT(.CONTINUOUS.,.T.,#12839);
#12845=TRIMMED_CURVE('',#12844,(PARAMETER_VALUE(0.E0)),(PARAMETER_VALUE(1.E0)),
.T.,.UNSPECIFIED.);
#12846=COMPOSITE_CURVE_SEGMENT(.CONTINUOUS.,.T.,#12845);
#12851=TRIMMED_CURVE('',#12850,(PARAMETER_VALUE(0.E0)),(PARAMETER_VALUE(1.E0)),
.T.,.UNSPECIFIED.);
#12852=COMPOSITE_CURVE_SEGMENT(.CONTINUOUS.,.T.,#12851);
#12857=TRIMMED_CURVE('',#12856,(PARAMETER_VALUE(0.E0)),(PARAMETER_VALUE(1.E0)),
.T.,.UNSPECIFIED.);
#12858=COMPOSITE_CURVE_SEGMENT(.CONTINUOUS.,.T.,#12857);
#12859=COMPOSITE_CURVE('',(#12840,#12846,#12852,#12858),.F.);
#12864=TRIMMED_CURVE('',#12863,(PARAMETER_VALUE(0.E0)),(PARAMETER_VALUE(1.E0)),
.T.,.UNSPECIFIED.);
#12865=COMPOSITE_CURVE_SEGMENT(.CONTINUOUS.,.T.,#12864);
#12870=TRIMMED_CURVE('',#12869,(PARAMETER_VALUE(0.E0)),(PARAMETER_VALUE(1.E0)),
.T.,.UNSPECIFIED.);
#12871=COMPOSITE_CURVE_SEGMENT(.CONTINUOUS.,.T.,#12870);
#12876=TRIMMED_CURVE('',#12875,(PARAMETER_VALUE(0.E0)),(PARAMETER_VALUE(1.E0)),
.T.,.UNSPECIFIED.);
#12877=COMPOSITE_CURVE_SEGMENT(.CONTINUOUS.,.T.,#12876);
#12882=TRIMMED_CURVE('',#12881,(PARAMETER_VALUE(0.E0)),(PARAMETER_VALUE(1.E0)),
.T.,.UNSPECIFIED.);
#12883=COMPOSITE_CURVE_SEGMENT(.CONTINUOUS.,.T.,#12882);
#12884=COMPOSITE_CURVE('',(#12865,#12871,#12877,#12883),.F.);
#12889=TRIMMED_CURVE('',#12888,(PARAMETER_VALUE(0.E0)),(PARAMETER_VALUE(1.E0)),
.T.,.UNSPECIFIED.);
#12890=COMPOSITE_CURVE_SEGMENT(.CONTINUOUS.,.T.,#12889);
#12895=TRIMMED_CURVE('',#12894,(PARAMETER_VALUE(0.E0)),(PARAMETER_VALUE(1.E0)),
.T.,.UNSPECIFIED.);
#12896=COMPOSITE_CURVE_SEGMENT(.CONTINUOUS.,.T.,#12895);
#12901=TRIMMED_CURVE('',#12900,(PARAMETER_VALUE(0.E0)),(PARAMETER_VALUE(1.E0)),
.T.,.UNSPECIFIED.);
#12902=COMPOSITE_CURVE_SEGMENT(.CONTINUOUS.,.T.,#12901);
#12907=TRIMMED_CURVE('',#12906,(PARAMETER_VALUE(0.E0)),(PARAMETER_VALUE(1.E0)),
.T.,.UNSPECIFIED.);
#12908=COMPOSITE_CURVE_SEGMENT(.CONTINUOUS.,.T.,#12907);
#12909=COMPOSITE_CURVE('',(#12890,#12896,#12902,#12908),.F.);
#12914=TRIMMED_CURVE('',#12913,(PARAMETER_VALUE(0.E0)),(PARAMETER_VALUE(1.E0)),
.T.,.UNSPECIFIED.);
#12915=COMPOSITE_CURVE_SEGMENT(.CONTINUOUS.,.T.,#12914);
#12920=TRIMMED_CURVE('',#12919,(PARAMETER_VALUE(0.E0)),(PARAMETER_VALUE(1.E0)),
.T.,.UNSPECIFIED.);
#12921=COMPOSITE_CURVE_SEGMENT(.CONTINUOUS.,.T.,#12920);
#12926=TRIMMED_CURVE('',#12925,(PARAMETER_VALUE(0.E0)),(PARAMETER_VALUE(1.E0)),
.T.,.UNSPECIFIED.);
#12927=COMPOSITE_CURVE_SEGMENT(.CONTINUOUS.,.T.,#12926);
#12932=TRIMMED_CURVE('',#12931,(PARAMETER_VALUE(0.E0)),(PARAMETER_VALUE(1.E0)),
.T.,.UNSPECIFIED.);
#12933=COMPOSITE_CURVE_SEGMENT(.CONTINUOUS.,.T.,#12932);
#12934=COMPOSITE_CURVE('',(#12915,#12921,#12927,#12933),.F.);
#12939=TRIMMED_CURVE('',#12938,(PARAMETER_VALUE(0.E0)),(PARAMETER_VALUE(1.E0)),
.T.,.UNSPECIFIED.);
#12940=COMPOSITE_CURVE_SEGMENT(.CONTINUOUS.,.T.,#12939);
#12945=TRIMMED_CURVE('',#12944,(PARAMETER_VALUE(0.E0)),(PARAMETER_VALUE(1.E0)),
.T.,.UNSPECIFIED.);
#12946=COMPOSITE_CURVE_SEGMENT(.CONTINUOUS.,.T.,#12945);
#12951=TRIMMED_CURVE('',#12950,(PARAMETER_VALUE(0.E0)),(PARAMETER_VALUE(1.E0)),
.T.,.UNSPECIFIED.);
#12952=COMPOSITE_CURVE_SEGMENT(.CONTINUOUS.,.T.,#12951);
#12957=TRIMMED_CURVE('',#12956,(PARAMETER_VALUE(0.E0)),(PARAMETER_VALUE(1.E0)),
.T.,.UNSPECIFIED.);
#12958=COMPOSITE_CURVE_SEGMENT(.CONTINUOUS.,.T.,#12957);
#12959=COMPOSITE_CURVE('',(#12940,#12946,#12952,#12958),.F.);
#12964=TRIMMED_CURVE('',#12963,(PARAMETER_VALUE(0.E0)),(PARAMETER_VALUE(1.E0)),
.T.,.UNSPECIFIED.);
#12965=COMPOSITE_CURVE_SEGMENT(.CONTINUOUS.,.T.,#12964);
#12970=TRIMMED_CURVE('',#12969,(PARAMETER_VALUE(0.E0)),(PARAMETER_VALUE(1.E0)),
.T.,.UNSPECIFIED.);
#12971=COMPOSITE_CURVE_SEGMENT(.CONTINUOUS.,.T.,#12970);
#12976=TRIMMED_CURVE('',#12975,(PARAMETER_VALUE(0.E0)),(PARAMETER_VALUE(1.E0)),
.T.,.UNSPECIFIED.);
#12977=COMPOSITE_CURVE_SEGMENT(.CONTINUOUS.,.T.,#12976);
#12982=TRIMMED_CURVE('',#12981,(PARAMETER_VALUE(0.E0)),(PARAMETER_VALUE(1.E0)),
.T.,.UNSPECIFIED.);
#12983=COMPOSITE_CURVE_SEGMENT(.CONTINUOUS.,.T.,#12982);
#12984=COMPOSITE_CURVE('',(#12965,#12971,#12977,#12983),.F.);
#12989=TRIMMED_CURVE('',#12988,(PARAMETER_VALUE(0.E0)),(PARAMETER_VALUE(1.E0)),
.T.,.UNSPECIFIED.);
#12990=COMPOSITE_CURVE_SEGMENT(.CONTINUOUS.,.T.,#12989);
#12995=TRIMMED_CURVE('',#12994,(PARAMETER_VALUE(0.E0)),(PARAMETER_VALUE(1.E0)),
.T.,.UNSPECIFIED.);
#12996=COMPOSITE_CURVE_SEGMENT(.CONTINUOUS.,.T.,#12995);
#13001=TRIMMED_CURVE('',#13000,(PARAMETER_VALUE(0.E0)),(PARAMETER_VALUE(1.E0)),
.T.,.UNSPECIFIED.);
#13002=COMPOSITE_CURVE_SEGMENT(.CONTINUOUS.,.T.,#13001);
#13007=TRIMMED_CURVE('',#13006,(PARAMETER_VALUE(0.E0)),(PARAMETER_VALUE(1.E0)),
.T.,.UNSPECIFIED.);
#13008=COMPOSITE_CURVE_SEGMENT(.CONTINUOUS.,.T.,#13007);
#13009=COMPOSITE_CURVE('',(#12990,#12996,#13002,#13008),.F.);
#13014=TRIMMED_CURVE('',#13013,(PARAMETER_VALUE(0.E0)),(PARAMETER_VALUE(1.E0)),
.T.,.UNSPECIFIED.);
#13015=COMPOSITE_CURVE_SEGMENT(.CONTINUOUS.,.T.,#13014);
#13020=TRIMMED_CURVE('',#13019,(PARAMETER_VALUE(0.E0)),(PARAMETER_VALUE(1.E0)),
.T.,.UNSPECIFIED.);
#13021=COMPOSITE_CURVE_SEGMENT(.CONTINUOUS.,.T.,#13020);
#13026=TRIMMED_CURVE('',#13025,(PARAMETER_VALUE(0.E0)),(PARAMETER_VALUE(1.E0)),
.T.,.UNSPECIFIED.);
#13027=COMPOSITE_CURVE_SEGMENT(.CONTINUOUS.,.T.,#13026);
#13032=TRIMMED_CURVE('',#13031,(PARAMETER_VALUE(0.E0)),(PARAMETER_VALUE(1.E0)),
.T.,.UNSPECIFIED.);
#13033=COMPOSITE_CURVE_SEGMENT(.CONTINUOUS.,.T.,#13032);
#13034=COMPOSITE_CURVE('',(#13015,#13021,#13027,#13033),.F.);
#13039=TRIMMED_CURVE('',#13038,(PARAMETER_VALUE(0.E0)),(PARAMETER_VALUE(1.E0)),
.T.,.UNSPECIFIED.);
#13040=COMPOSITE_CURVE_SEGMENT(.CONTINUOUS.,.T.,#13039);
#13045=TRIMMED_CURVE('',#13044,(PARAMETER_VALUE(0.E0)),(PARAMETER_VALUE(1.E0)),
.T.,.UNSPECIFIED.);
#13046=COMPOSITE_CURVE_SEGMENT(.CONTINUOUS.,.T.,#13045);
#13051=TRIMMED_CURVE('',#13050,(PARAMETER_VALUE(0.E0)),(PARAMETER_VALUE(1.E0)),
.T.,.UNSPECIFIED.);
#13052=COMPOSITE_CURVE_SEGMENT(.CONTINUOUS.,.T.,#13051);
#13057=TRIMMED_CURVE('',#13056,(PARAMETER_VALUE(0.E0)),(PARAMETER_VALUE(1.E0)),
.T.,.UNSPECIFIED.);
#13058=COMPOSITE_CURVE_SEGMENT(.CONTINUOUS.,.T.,#13057);
#13059=COMPOSITE_CURVE('',(#13040,#13046,#13052,#13058),.F.);
#13064=TRIMMED_CURVE('',#13063,(PARAMETER_VALUE(0.E0)),(PARAMETER_VALUE(1.E0)),
.T.,.UNSPECIFIED.);
#13065=COMPOSITE_CURVE_SEGMENT(.CONTINUOUS.,.T.,#13064);
#13070=TRIMMED_CURVE('',#13069,(PARAMETER_VALUE(0.E0)),(PARAMETER_VALUE(1.E0)),
.T.,.UNSPECIFIED.);
#13071=COMPOSITE_CURVE_SEGMENT(.CONTINUOUS.,.T.,#13070);
#13076=TRIMMED_CURVE('',#13075,(PARAMETER_VALUE(0.E0)),(PARAMETER_VALUE(1.E0)),
.T.,.UNSPECIFIED.);
#13077=COMPOSITE_CURVE_SEGMENT(.CONTINUOUS.,.T.,#13076);
#13082=TRIMMED_CURVE('',#13081,(PARAMETER_VALUE(0.E0)),(PARAMETER_VALUE(1.E0)),
.T.,.UNSPECIFIED.);
#13083=COMPOSITE_CURVE_SEGMENT(.CONTINUOUS.,.T.,#13082);
#13084=COMPOSITE_CURVE('',(#13065,#13071,#13077,#13083),.F.);
#13089=TRIMMED_CURVE('',#13088,(PARAMETER_VALUE(0.E0)),(PARAMETER_VALUE(1.E0)),
.T.,.UNSPECIFIED.);
#13090=COMPOSITE_CURVE_SEGMENT(.CONTINUOUS.,.T.,#13089);
#13095=TRIMMED_CURVE('',#13094,(PARAMETER_VALUE(0.E0)),(PARAMETER_VALUE(1.E0)),
.T.,.UNSPECIFIED.);
#13096=COMPOSITE_CURVE_SEGMENT(.CONTINUOUS.,.T.,#13095);
#13101=TRIMMED_CURVE('',#13100,(PARAMETER_VALUE(0.E0)),(PARAMETER_VALUE(1.E0)),
.T.,.UNSPECIFIED.);
#13102=COMPOSITE_CURVE_SEGMENT(.CONTINUOUS.,.T.,#13101);
#13107=TRIMMED_CURVE('',#13106,(PARAMETER_VALUE(0.E0)),(PARAMETER_VALUE(1.E0)),
.T.,.UNSPECIFIED.);
#13108=COMPOSITE_CURVE_SEGMENT(.CONTINUOUS.,.T.,#13107);
#13109=COMPOSITE_CURVE('',(#13090,#13096,#13102,#13108),.F.);
#13114=TRIMMED_CURVE('',#13113,(PARAMETER_VALUE(0.E0)),(PARAMETER_VALUE(1.E0)),
.T.,.UNSPECIFIED.);
#13115=COMPOSITE_CURVE_SEGMENT(.CONTINUOUS.,.T.,#13114);
#13120=TRIMMED_CURVE('',#13119,(PARAMETER_VALUE(0.E0)),(PARAMETER_VALUE(1.E0)),
.T.,.UNSPECIFIED.);
#13121=COMPOSITE_CURVE_SEGMENT(.CONTINUOUS.,.T.,#13120);
#13126=TRIMMED_CURVE('',#13125,(PARAMETER_VALUE(0.E0)),(PARAMETER_VALUE(1.E0)),
.T.,.UNSPECIFIED.);
#13127=COMPOSITE_CURVE_SEGMENT(.CONTINUOUS.,.T.,#13126);
#13132=TRIMMED_CURVE('',#13131,(PARAMETER_VALUE(0.E0)),(PARAMETER_VALUE(1.E0)),
.T.,.UNSPECIFIED.);
#13133=COMPOSITE_CURVE_SEGMENT(.CONTINUOUS.,.T.,#13132);
#13134=COMPOSITE_CURVE('',(#13115,#13121,#13127,#13133),.F.);
#13139=TRIMMED_CURVE('',#13138,(PARAMETER_VALUE(0.E0)),(PARAMETER_VALUE(1.E0)),
.T.,.UNSPECIFIED.);
#13140=COMPOSITE_CURVE_SEGMENT(.CONTINUOUS.,.T.,#13139);
#13145=TRIMMED_CURVE('',#13144,(PARAMETER_VALUE(0.E0)),(PARAMETER_VALUE(1.E0)),
.T.,.UNSPECIFIED.);
#13146=COMPOSITE_CURVE_SEGMENT(.CONTINUOUS.,.T.,#13145);
#13151=TRIMMED_CURVE('',#13150,(PARAMETER_VALUE(0.E0)),(PARAMETER_VALUE(1.E0)),
.T.,.UNSPECIFIED.);
#13152=COMPOSITE_CURVE_SEGMENT(.CONTINUOUS.,.T.,#13151);
#13157=TRIMMED_CURVE('',#13156,(PARAMETER_VALUE(0.E0)),(PARAMETER_VALUE(1.E0)),
.T.,.UNSPECIFIED.);
#13158=COMPOSITE_CURVE_SEGMENT(.CONTINUOUS.,.T.,#13157);
#13159=COMPOSITE_CURVE('',(#13140,#13146,#13152,#13158),.F.);
#13164=TRIMMED_CURVE('A_3',#13163,(PARAMETER_VALUE(0.E0)),(PARAMETER_VALUE
(1.E0)),.T.,.UNSPECIFIED.);
#13169=TRIMMED_CURVE('A_4',#13168,(PARAMETER_VALUE(0.E0)),(PARAMETER_VALUE
(1.E0)),.T.,.UNSPECIFIED.);
#13174=CIRCLE('',#13173,5.E-1);
#13175=TRIMMED_CURVE('',#13174,(PARAMETER_VALUE(0.E0)),(PARAMETER_VALUE(1.8E2)),
.T.,.UNSPECIFIED.);
#13176=COMPOSITE_CURVE_SEGMENT(.CONTINUOUS.,.T.,#13175);
#13181=CIRCLE('',#13180,5.E-1);
#13182=TRIMMED_CURVE('',#13181,(PARAMETER_VALUE(0.E0)),(PARAMETER_VALUE(1.8E2)),
.T.,.UNSPECIFIED.);
#13183=COMPOSITE_CURVE_SEGMENT(.CONTINUOUS.,.T.,#13182);
#13184=COMPOSITE_CURVE('',(#13176,#13183),.F.);
#13189=CIRCLE('',#13188,5.E-1);
#13190=TRIMMED_CURVE('',#13189,(PARAMETER_VALUE(0.E0)),(PARAMETER_VALUE(1.8E2)),
.T.,.UNSPECIFIED.);
#13191=COMPOSITE_CURVE_SEGMENT(.CONTINUOUS.,.T.,#13190);
#13196=CIRCLE('',#13195,5.E-1);
#13197=TRIMMED_CURVE('',#13196,(PARAMETER_VALUE(0.E0)),(PARAMETER_VALUE(1.8E2)),
.T.,.UNSPECIFIED.);
#13198=COMPOSITE_CURVE_SEGMENT(.CONTINUOUS.,.T.,#13197);
#13199=COMPOSITE_CURVE('',(#13191,#13198),.F.);
#13200=(LENGTH_UNIT()NAMED_UNIT(*)SI_UNIT(.MILLI.,.METRE.));
#13202=(NAMED_UNIT(*)PLANE_ANGLE_UNIT()SI_UNIT($,.RADIAN.));
#13205=(NAMED_UNIT(*)SI_UNIT($,.STERADIAN.)SOLID_ANGLE_UNIT());
#13208=ADVANCED_BREP_SHAPE_REPRESENTATION('',(#12754),#13207);
#13209=GEOMETRICALLY_BOUNDED_SURFACE_SHAPE_REPRESENTATION('',(#12784),#13207);
#13210=SHAPE_REPRESENTATION('',(#12758),#13207);
#13219=PRODUCT_DEFINITION('design','',#13218,#13215);
#13220=PRODUCT_DEFINITION_SHAPE('','SHAPE FOR 878321620.',#13219);
#13221=SHAPE_DEFINITION_REPRESENTATION(#13220,#13210);
ENDSEC;
END-ISO-10303-21;
