ISO-10303-21;
HEADER;
FILE_DESCRIPTION (( 'STEP AP214' ),
    '1' );
FILE_NAME ('ECS-.327-6-16R-TR.STEP',
    '2024-10-31T13:47:36',
    ( '' ),
    ( '' ),
    'SwSTEP 2.0',
    'SolidWorks 2021',
    '' );
FILE_SCHEMA (( 'AUTOMOTIVE_DESIGN' ));
ENDSEC;

DATA;
#1 = ORIENTED_EDGE ( 'NONE', *, *, #1164, .T. ) ;
#2 = FACE_OUTER_BOUND ( 'NONE', #328, .T. ) ;
#3 = EDGE_CURVE ( 'NONE', #937, #437, #413, .T. ) ;
#4 = VERTEX_POINT ( 'NONE', #1528 ) ;
#5 = SURFACE_STYLE_USAGE ( .BOTH. , #1406 ) ;
#6 = DIRECTION ( 'NONE',  ( 0.000000000000000000, 1.000000000000000000, -0.000000000000000000 ) ) ;
#7 = VECTOR ( 'NONE', #1301, 999.9999999999998863 ) ;
#8 = STYLED_ITEM ( 'NONE', ( #1090 ), #1085 ) ;
#9 = APPLICATION_CONTEXT ( 'automotive_design' ) ;
#10 = LINE ( 'NONE', #142, #186 ) ;
#11 = VERTEX_POINT ( 'NONE', #1254 ) ;
#12 = ORIENTED_EDGE ( 'NONE', *, *, #609, .T. ) ;
#13 = LINE ( 'NONE', #157, #724 ) ;
#14 = EDGE_CURVE ( 'NONE', #788, #1225, #654, .T. ) ;
#15 = EDGE_CURVE ( 'NONE', #170, #1045, #1012, .T. ) ;
#16 = DIRECTION ( 'NONE',  ( -1.260700200564540338E-16, 0.000000000000000000, 1.000000000000000000 ) ) ;
#17 = CARTESIAN_POINT ( 'NONE',  ( 0.6500000000000001332, 0.2999999999999999889, 0.4300000000000001599 ) ) ;
#18 = ORIENTED_EDGE ( 'NONE', *, *, #435, .T. ) ;
#19 = CARTESIAN_POINT ( 'NONE',  ( 0.4500000000000001221, 0.2999999999999999889, 0.4300000000000001044 ) ) ;
#20 = ORIENTED_EDGE ( 'NONE', *, *, #493, .F. ) ;
#21 = DIRECTION ( 'NONE',  ( -0.000000000000000000, 1.000000000000000000, 0.000000000000000000 ) ) ;
#22 = VECTOR ( 'NONE', #907, 1000.000000000000000 ) ;
#23 = DIRECTION ( 'NONE',  ( 1.000000000000000000, -0.000000000000000000, 0.000000000000000000 ) ) ;
#24 = MANIFOLD_SOLID_BREP ( 'Substrate', #957 ) ;
#25 = LINE ( 'NONE', #1346, #484 ) ;
#26 = EDGE_CURVE ( 'NONE', #281, #1247, #287, .T. ) ;
#27 = EDGE_LOOP ( 'NONE', ( #858, #321, #247, #1056 ) ) ;
#28 = VECTOR ( 'NONE', #431, 1000.000000000000000 ) ;
#29 = ORIENTED_EDGE ( 'NONE', *, *, #869, .F. ) ;
#30 = CARTESIAN_POINT ( 'NONE',  ( 0.4500000000000001221, 0.000000000000000000, 0.4300000000000001044 ) ) ;
#31 = DIRECTION ( 'NONE',  ( -0.000000000000000000, -1.000000000000000000, -0.000000000000000000 ) ) ;
#32 = PLANE ( 'NONE',  #637 ) ;
#33 = ADVANCED_FACE ( 'NONE', ( #49 ), #1480, .T. ) ;
#34 = EDGE_CURVE ( 'NONE', #1071, #1305, #1356, .T. ) ;
#35 = CLOSED_SHELL ( 'NONE', ( #1079, #244, #1221, #1262, #796, #379, #1323, #1009, #771, #1538, #1425, #33, #666, #384, #1330, #984, #1141, #797 ) ) ;
#36 = ORIENTED_EDGE ( 'NONE', *, *, #615, .F. ) ;
#37 = PLANE ( 'NONE',  #631 ) ;
#38 = VERTEX_POINT ( 'NONE', #1020 ) ;
#39 = DIRECTION ( 'NONE',  ( 1.000000000000000000, 0.000000000000000000, 2.710505431213761578E-16 ) ) ;
#40 = ADVANCED_FACE ( 'NONE', ( #1504 ), #1486, .T. ) ;
#41 = FACE_OUTER_BOUND ( 'NONE', #233, .T. ) ;
#42 = CARTESIAN_POINT ( 'NONE',  ( -0.7999999999999996003, 0.4000000000000000222, 0.4999999999999997780 ) ) ;
#43 = EDGE_LOOP ( 'NONE', ( #744, #555, #172, #1248 ) ) ;
#44 = FILL_AREA_STYLE ('',( #1119 ) ) ;
#45 = ORIENTED_EDGE ( 'NONE', *, *, #34, .F. ) ;
#46 = CARTESIAN_POINT ( 'NONE',  ( 0.6500000000000001332, 0.000000000000000000, 0.4300000000000001599 ) ) ;
#47 = CARTESIAN_POINT ( 'NONE',  ( 0.6500000000000001332, 0.2999999999999999889, -0.4299999999999997713 ) ) ;
#48 = CARTESIAN_POINT ( 'NONE',  ( -0.7500000000000004441, 0.4499999999999999001, 0.3500000000000001998 ) ) ;
#49 = FACE_OUTER_BOUND ( 'NONE', #1542, .T. ) ;
#50 = DIRECTION ( 'NONE',  ( 0.000000000000000000, 1.000000000000000000, 0.000000000000000000 ) ) ;
#51 = EDGE_LOOP ( 'NONE', ( #1022, #1368, #1454, #663 ) ) ;
#52 = FACE_OUTER_BOUND ( 'NONE', #1360, .T. ) ;
#53 = AXIS2_PLACEMENT_3D ( 'NONE', #1351, #628, #1483 ) ;
#54 = ADVANCED_FACE ( 'NONE', ( #95 ), #575, .F. ) ;
#55 = AXIS2_PLACEMENT_3D ( 'NONE', #918, #1397, #94 ) ;
#56 = ORIENTED_EDGE ( 'NONE', *, *, #319, .T. ) ;
#57 = CARTESIAN_POINT ( 'NONE',  ( -0.7500000000000004441, 0.4000000000000000222, 0.3500000000000001998 ) ) ;
#58 = PLANE ( 'NONE',  #978 ) ;
#59 = FILL_AREA_STYLE ('',( #1232 ) ) ;
#60 = CARTESIAN_POINT ( 'NONE',  ( 0.2500000000000002776, 0.2999999999999999889, -0.4299999999999998823 ) ) ;
#61 = MECHANICAL_DESIGN_GEOMETRIC_PRESENTATION_REPRESENTATION (  '', ( #8 ), #135 ) ;
#62 = ORIENTED_EDGE ( 'NONE', *, *, #1380, .T. ) ;
#63 = CARTESIAN_POINT ( 'NONE',  ( 0.7000000000000003997, 0.4500000000000000111, 0.3500000000000001998 ) ) ;
#64 = ORIENTED_EDGE ( 'NONE', *, *, #564, .T. ) ;
#65 = EDGE_CURVE ( 'NONE', #495, #414, #887, .T. ) ;
#66 = LINE ( 'NONE', #540, #1153 ) ;
#67 = EDGE_CURVE ( 'NONE', #507, #866, #1418, .T. ) ;
#68 = FACE_OUTER_BOUND ( 'NONE', #707, .T. ) ;
#69 = EDGE_LOOP ( 'NONE', ( #827, #1462, #456, #661 ) ) ;
#70 = PLANE ( 'NONE',  #1252 ) ;
#71 = VERTEX_POINT ( 'NONE', #950 ) ;
#72 = DIRECTION ( 'NONE',  ( 0.000000000000000000, 0.000000000000000000, 1.000000000000000000 ) ) ;
#73 = VECTOR ( 'NONE', #1485, 1000.000000000000000 ) ;
#74 = LINE ( 'NONE', #759, #161 ) ;
#75 = VECTOR ( 'NONE', #1222, 1000.000000000000000 ) ;
#76 = DIRECTION ( 'NONE',  ( -1.000000000000000000, -0.000000000000000000, -0.000000000000000000 ) ) ;
#77 = ORIENTED_EDGE ( 'NONE', *, *, #522, .T. ) ;
#78 = CARTESIAN_POINT ( 'NONE',  ( 0.6500000000000003553, 0.4000000000000000222, 0.3500000000000001998 ) ) ;
#79 = ORIENTED_EDGE ( 'NONE', *, *, #961, .T. ) ;
#80 = CIRCLE ( 'NONE', #653, 0.05000000000000002359 ) ;
#81 = DIRECTION ( 'NONE',  ( 0.000000000000000000, 1.000000000000000000, -0.000000000000000000 ) ) ;
#82 = EDGE_CURVE ( 'NONE', #1413, #573, #464, .T. ) ;
#83 = DIRECTION ( 'NONE',  ( -1.000000000000000000, 0.000000000000000000, 0.000000000000000000 ) ) ;
#84 = ORIENTED_EDGE ( 'NONE', *, *, #564, .F. ) ;
#85 = DIRECTION ( 'NONE',  ( -0.000000000000000000, -1.000000000000000000, -0.000000000000000000 ) ) ;
#86 = TOROIDAL_SURFACE ( 'NONE', #679, 0.05000000000000001665, 0.05000000000000000278 ) ;
#87 = VECTOR ( 'NONE', #297, 1000.000000000000000 ) ;
#88 = ORIENTED_EDGE ( 'NONE', *, *, #891, .T. ) ;
#89 = CARTESIAN_POINT ( 'NONE',  ( -0.6500000000000003553, 0.4499999999999999001, -0.3500000000000002554 ) ) ;
#90 = DIRECTION ( 'NONE',  ( 0.000000000000000000, 0.000000000000000000, 1.000000000000000000 ) ) ;
#91 = ORIENTED_EDGE ( 'NONE', *, *, #445, .T. ) ;
#92 = LINE ( 'NONE', #226, #773 ) ;
#93 = ORIENTED_EDGE ( 'NONE', *, *, #498, .T. ) ;
#94 = DIRECTION ( 'NONE',  ( 0.000000000000000000, 0.000000000000000000, 1.000000000000000000 ) ) ;
#95 = FACE_OUTER_BOUND ( 'NONE', #469, .T. ) ;
#96 = LINE ( 'NONE', #807, #7 ) ;
#97 = VECTOR ( 'NONE', #31, 1000.000000000000000 ) ;
#98 = ORIENTED_EDGE ( 'NONE', *, *, #1465, .T. ) ;
#99 = LINE ( 'NONE', #1412, #231 ) ;
#100 = ORIENTED_EDGE ( 'NONE', *, *, #1053, .F. ) ;
#101 = ADVANCED_FACE ( 'NONE', ( #1308 ), #1086, .F. ) ;
#102 = FACE_OUTER_BOUND ( 'NONE', #1250, .T. ) ;
#103 = AXIS2_PLACEMENT_3D ( 'NONE', #1220, #21, #1466 ) ;
#104 = PLANE ( 'NONE',  #365 ) ;
#105 = ADVANCED_FACE ( 'NONE', ( #1200 ), #487, .T. ) ;
#106 = ORIENTED_EDGE ( 'NONE', *, *, #428, .F. ) ;
#107 = DIRECTION ( 'NONE',  ( 0.000000000000000000, 0.000000000000000000, 1.000000000000000000 ) ) ;
#108 = ORIENTED_EDGE ( 'NONE', *, *, #886, .F. ) ;
#109 = CARTESIAN_POINT ( 'NONE',  ( 0.7000000000000003997, 0.5000000000000000000, -0.3500000000000001998 ) ) ;
#110 = VECTOR ( 'NONE', #261, 1000.000000000000000 ) ;
#111 = EDGE_CURVE ( 'NONE', #866, #397, #711, .T. ) ;
#112 = DIRECTION ( 'NONE',  ( -2.464095846557964892E-16, 0.000000000000000000, 1.000000000000000000 ) ) ;
#113 = DIRECTION ( 'NONE',  ( 1.000000000000000000, 0.000000000000000000, 2.710505431213761578E-16 ) ) ;
#114 = ORIENTED_EDGE ( 'NONE', *, *, #273, .T. ) ;
#115 = CARTESIAN_POINT ( 'NONE',  ( -0.7000000000000002887, 0.5000000000000000000, -0.3500000000000002554 ) ) ;
#116 = ORIENTED_EDGE ( 'NONE', *, *, #549, .T. ) ;
#117 = PRESENTATION_STYLE_ASSIGNMENT (( #1191 ) ) ;
#118 = DIRECTION ( 'NONE',  ( -1.260700200564540338E-16, 0.000000000000000000, 1.000000000000000000 ) ) ;
#119 = CARTESIAN_POINT ( 'NONE',  ( 0.6500000000000003553, 0.4499999999999999001, 0.3500000000000001998 ) ) ;
#120 = ADVANCED_FACE ( 'NONE', ( #102 ), #1192, .F. ) ;
#121 = VERTEX_POINT ( 'NONE', #596 ) ;
#122 = DIRECTION ( 'NONE',  ( 0.000000000000000000, 0.000000000000000000, -1.000000000000000000 ) ) ;
#123 = ORIENTED_EDGE ( 'NONE', *, *, #777, .F. ) ;
#124 = DIRECTION ( 'NONE',  ( -0.000000000000000000, 0.000000000000000000, -1.000000000000000000 ) ) ;
#125 = VECTOR ( 'NONE', #1239, 1000.000000000000000 ) ;
#126 = DIRECTION ( 'NONE',  ( -1.000000000000000000, 0.000000000000000000, -2.710505431213761578E-16 ) ) ;
#127 = VECTOR ( 'NONE', #188, 1000.000000000000000 ) ;
#128 = FACE_OUTER_BOUND ( 'NONE', #241, .T. ) ;
#129 = EDGE_CURVE ( 'NONE', #193, #1080, #348, .T. ) ;
#130 = VERTEX_POINT ( 'NONE', #717 ) ;
#131 = ORIENTED_EDGE ( 'NONE', *, *, #886, .T. ) ;
#132 = FACE_OUTER_BOUND ( 'NONE', #874, .T. ) ;
#133 = CARTESIAN_POINT ( 'NONE',  ( -0.7999999999999996003, 0.3900000000000000133, 0.4999999999999997780 ) ) ;
#134 = PRODUCT_DEFINITION_FORMATION_WITH_SPECIFIED_SOURCE ( 'ANY', '', #404, .NOT_KNOWN. ) ;
#135 =( GEOMETRIC_REPRESENTATION_CONTEXT ( 3 ) GLOBAL_UNCERTAINTY_ASSIGNED_CONTEXT ( ( #1477 ) ) GLOBAL_UNIT_ASSIGNED_CONTEXT ( ( #490, #554, #895 ) ) REPRESENTATION_CONTEXT ( 'NONE', 'WORKASPACE' ) );
#136 = FACE_OUTER_BOUND ( 'NONE', #1526, .T. ) ;
#137 = ORIENTED_EDGE ( 'NONE', *, *, #1277, .T. ) ;
#138 = SURFACE_STYLE_USAGE ( .BOTH. , #270 ) ;
#139 = ORIENTED_EDGE ( 'NONE', *, *, #245, .T. ) ;
#140 = DIRECTION ( 'NONE',  ( 1.000000000000000000, 0.000000000000000000, 0.000000000000000000 ) ) ;
#141 = DIRECTION ( 'NONE',  ( -1.000000000000000000, 0.000000000000000000, -2.464095846557964892E-16 ) ) ;
#142 = CARTESIAN_POINT ( 'NONE',  ( -0.6500000000000000222, 0.2999999999999999889, -0.4299999999999999378 ) ) ;
#143 = EDGE_LOOP ( 'NONE', ( #1198, #1014, #1113, #1547 ) ) ;
#144 = DIRECTION ( 'NONE',  ( -0.7071067811865476838, 0.000000000000000000, 0.7071067811865474617 ) ) ;
#145 = ORIENTED_EDGE ( 'NONE', *, *, #1058, .F. ) ;
#146 = CARTESIAN_POINT ( 'NONE',  ( 0.2500000000000002776, 0.000000000000000000, -0.4299999999999998823 ) ) ;
#147 = AXIS2_PLACEMENT_3D ( 'NONE', #1535, #591, #1069 ) ;
#148 = DIRECTION ( 'NONE',  ( 0.000000000000000000, -1.000000000000000000, 0.000000000000000000 ) ) ;
#149 = DIRECTION ( 'NONE',  ( -1.260700200564540338E-16, 0.000000000000000000, 1.000000000000000000 ) ) ;
#150 = COLOUR_RGB ( '',1.000000000000000000, 0.8117647058823529438, 0.5019607843137254832 ) ;
#151 = ORIENTED_EDGE ( 'NONE', *, *, #202, .T. ) ;
#152 = DIRECTION ( 'NONE',  ( 0.7071067811865474617, 0.000000000000000000, 0.7071067811865476838 ) ) ;
#153 = EDGE_CURVE ( 'NONE', #4, #1138, #839, .T. ) ;
#154 = STYLED_ITEM ( 'NONE', ( #117 ), #545 ) ;
#155 = ADVANCED_FACE ( 'NONE', ( #237 ), #1314, .T. ) ;
#156 = ORIENTED_EDGE ( 'NONE', *, *, #912, .F. ) ;
#157 = CARTESIAN_POINT ( 'NONE',  ( 0.6500000000000003553, 0.4500000000000000111, -0.4500000000000001776 ) ) ;
#158 = DIRECTION ( 'NONE',  ( -1.000000000000000000, 0.000000000000000000, 0.000000000000000000 ) ) ;
#159 = MECHANICAL_DESIGN_GEOMETRIC_PRESENTATION_REPRESENTATION (  '', ( #337 ), #709 ) ;
#160 = FILL_AREA_STYLE_COLOUR ( '', #386 ) ;
#161 = VECTOR ( 'NONE', #990, 1000.000000000000000 ) ;
#162 = LINE ( 'NONE', #1463, #825 ) ;
#163 = VERTEX_POINT ( 'NONE', #371 ) ;
#164 = LINE ( 'NONE', #30, #252 ) ;
#165 = LINE ( 'NONE', #1345, #898 ) ;
#166 = FACE_OUTER_BOUND ( 'NONE', #1303, .T. ) ;
#167 = DIRECTION ( 'NONE',  ( -0.000000000000000000, -1.000000000000000000, -0.000000000000000000 ) ) ;
#168 = EDGE_CURVE ( 'NONE', #1341, #809, #1075, .T. ) ;
#169 = DIRECTION ( 'NONE',  ( 0.000000000000000000, 0.000000000000000000, 1.000000000000000000 ) ) ;
#170 = VERTEX_POINT ( 'NONE', #845 ) ;
#171 = LINE ( 'NONE', #548, #1326 ) ;
#172 = ORIENTED_EDGE ( 'NONE', *, *, #1118, .F. ) ;
#173 = CARTESIAN_POINT ( 'NONE',  ( 0.8000000000000004885, 0.3900000000000000133, 0.4999999999999997780 ) ) ;
#174 = EDGE_CURVE ( 'NONE', #1092, #1243, #494, .T. ) ;
#175 = CARTESIAN_POINT ( 'NONE',  ( 0.8000000000000004885, 0.4000000000000000222, 0.4999999999999997780 ) ) ;
#176 = CARTESIAN_POINT ( 'NONE',  ( -0.7999999999999996003, 0.4000000000000000222, -0.5000000000000002220 ) ) ;
#177 = CARTESIAN_POINT ( 'NONE',  ( 0.2500000000000001110, 0.2999999999999999889, 0.2300000000000000377 ) ) ;
#178 = EDGE_CURVE ( 'NONE', #121, #1045, #1321, .T. ) ;
#179 = ORIENTED_EDGE ( 'NONE', *, *, #706, .T. ) ;
#180 = LINE ( 'NONE', #792, #28 ) ;
#181 = VECTOR ( 'NONE', #1197, 1000.000000000000000 ) ;
#182 = DIRECTION ( 'NONE',  ( 0.000000000000000000, -1.000000000000000000, 0.000000000000000000 ) ) ;
#183 =( NAMED_UNIT ( * ) SI_UNIT ( $, .STERADIAN. ) SOLID_ANGLE_UNIT ( ) );
#184 = DIRECTION ( 'NONE',  ( 1.000000000000000000, 0.000000000000000000, -4.170008355713475795E-17 ) ) ;
#185 = CARTESIAN_POINT ( 'NONE',  ( 0.7500000000000004441, 0.4000000000000000222, 0.3500000000000001998 ) ) ;
#186 = VECTOR ( 'NONE', #1231, 1000.000000000000000 ) ;
#187 = ORIENTED_EDGE ( 'NONE', *, *, #333, .T. ) ;
#188 = DIRECTION ( 'NONE',  ( 0.000000000000000000, 0.000000000000000000, 1.000000000000000000 ) ) ;
#189 = LINE ( 'NONE', #551, #280 ) ;
#190 = PLANE ( 'NONE',  #532 ) ;
#191 = VECTOR ( 'NONE', #774, 1000.000000000000000 ) ;
#192 = CARTESIAN_POINT ( 'NONE',  ( 0.8000000000000004885, -1.496796226411320818, 0.4999999999999997780 ) ) ;
#193 = VERTEX_POINT ( 'NONE', #133 ) ;
#194 = DIRECTION ( 'NONE',  ( 0.000000000000000000, 0.000000000000000000, -1.000000000000000000 ) ) ;
#195 = STYLED_ITEM ( 'NONE', ( #1143 ), #24 ) ;
#196 = CARTESIAN_POINT ( 'NONE',  ( 0.000000000000000000, 0.000000000000000000, 0.000000000000000000 ) ) ;
#197 = EDGE_CURVE ( 'NONE', #1524, #965, #703, .T. ) ;
#198 = AXIS2_PLACEMENT_3D ( 'NONE', #659, #1493, #1160 ) ;
#199 = DIRECTION ( 'NONE',  ( 0.000000000000000000, 0.000000000000000000, -1.000000000000000000 ) ) ;
#200 = ORIENTED_EDGE ( 'NONE', *, *, #952, .T. ) ;
#201 = CARTESIAN_POINT ( 'NONE',  ( 0.000000000000000000, 0.2999999999999999889, 0.000000000000000000 ) ) ;
#202 = EDGE_CURVE ( 'NONE', #1080, #529, #614, .T. ) ;
#203 = ORIENTED_EDGE ( 'NONE', *, *, #178, .T. ) ;
#204 = MECHANICAL_DESIGN_GEOMETRIC_PRESENTATION_REPRESENTATION (  '', ( #1553 ), #1536 ) ;
#205 = CARTESIAN_POINT ( 'NONE',  ( -0.2499999999999999445, 0.2999999999999999889, -0.4299999999999999378 ) ) ;
#206 = PRESENTATION_LAYER_ASSIGNMENT (  '', '', ( #1352 ) ) ;
#207 = CARTESIAN_POINT ( 'NONE',  ( 0.6500000000000003553, 0.4000000000000000222, -0.4500000000000001776 ) ) ;
#208 = ORIENTED_EDGE ( 'NONE', *, *, #1148, .F. ) ;
#209 = DIRECTION ( 'NONE',  ( 0.000000000000000000, 0.000000000000000000, 1.000000000000000000 ) ) ;
#210 = AXIS2_PLACEMENT_3D ( 'NONE', #1469, #951, #870 ) ;
#211 = AXIS2_PLACEMENT_3D ( 'NONE', #429, #83, #909 ) ;
#212 = VERTEX_POINT ( 'NONE', #1185 ) ;
#213 = FACE_BOUND ( 'NONE', #1498, .T. ) ;
#214 = DIRECTION ( 'NONE',  ( 0.000000000000000000, 0.000000000000000000, 1.000000000000000000 ) ) ;
#215 = CARTESIAN_POINT ( 'NONE',  ( -0.6500000000000000222, 0.2999999999999999889, -0.4299999999999999378 ) ) ;
#216 = EDGE_CURVE ( 'NONE', #836, #1225, #552, .T. ) ;
#217 = ORIENTED_EDGE ( 'NONE', *, *, #1370, .F. ) ;
#218 = DIRECTION ( 'NONE',  ( 0.000000000000000000, 0.000000000000000000, -1.000000000000000000 ) ) ;
#219 = EDGE_LOOP ( 'NONE', ( #833, #1509, #585, #1005 ) ) ;
#220 = LINE ( 'NONE', #1534, #605 ) ;
#221 = CARTESIAN_POINT ( 'NONE',  ( 0.000000000000000000, 0.000000000000000000, 0.4999999999999997780 ) ) ;
#222 = EDGE_CURVE ( 'NONE', #298, #1312, #350, .T. ) ;
#223 = PLANE ( 'NONE',  #731 ) ;
#224 = VECTOR ( 'NONE', #323, 1000.000000000000000 ) ;
#225 = EDGE_LOOP ( 'NONE', ( #289, #1294, #151, #987 ) ) ;
#226 = CARTESIAN_POINT ( 'NONE',  ( -0.2499999999999999445, 0.2999999999999999889, 0.4299999999999999933 ) ) ;
#227 = ADVANCED_FACE ( 'NONE', ( #1544 ), #1109, .T. ) ;
#228 = EDGE_CURVE ( 'NONE', #1364, #170, #511, .T. ) ;
#229 = ORIENTED_EDGE ( 'NONE', *, *, #493, .T. ) ;
#230 = CARTESIAN_POINT ( 'NONE',  ( 0.2500000000000001665, 0.2999999999999999889, 6.160239616394917160E-17 ) ) ;
#231 = VECTOR ( 'NONE', #468, 1000.000000000000000 ) ;
#232 = LINE ( 'NONE', #1309, #1489 ) ;
#233 = EDGE_LOOP ( 'NONE', ( #547, #1422, #217, #687 ) ) ;
#234 = LINE ( 'NONE', #1525, #308 ) ;
#235 = ORIENTED_EDGE ( 'NONE', *, *, #1269, .F. ) ;
#236 = VECTOR ( 'NONE', #167, 1000.000000000000000 ) ;
#237 = FACE_OUTER_BOUND ( 'NONE', #1327, .T. ) ;
#238 = LINE ( 'NONE', #1044, #1407 ) ;
#239 = ORIENTED_EDGE ( 'NONE', *, *, #454, .T. ) ;
#240 = DIRECTION ( 'NONE',  ( 0.000000000000000000, 1.000000000000000000, -0.000000000000000000 ) ) ;
#241 = EDGE_LOOP ( 'NONE', ( #1507, #1103, #373, #700 ) ) ;
#242 = SURFACE_SIDE_STYLE ('',( #940 ) ) ;
#243 = DIRECTION ( 'NONE',  ( 0.000000000000000000, 0.000000000000000000, 1.000000000000000000 ) ) ;
#244 = ADVANCED_FACE ( 'NONE', ( #283 ), #982, .F. ) ;
#245 = EDGE_CURVE ( 'NONE', #1247, #71, #764, .T. ) ;
#246 = CARTESIAN_POINT ( 'NONE',  ( 0.6500000000000001332, 0.2999999999999999889, 8.194551303669514413E-17 ) ) ;
#247 = ORIENTED_EDGE ( 'NONE', *, *, #1353, .T. ) ;
#248 = SURFACE_STYLE_USAGE ( .BOTH. , #369 ) ;
#249 = ORIENTED_EDGE ( 'NONE', *, *, #838, .F. ) ;
#250 = CARTESIAN_POINT ( 'NONE',  ( -0.6500000000000003553, 0.5000000000000000000, 0.3500000000000001998 ) ) ;
#251 = CARTESIAN_POINT ( 'NONE',  ( -0.6500000000000003553, 0.5000000000000000000, -0.3500000000000002554 ) ) ;
#252 = VECTOR ( 'NONE', #740, 999.9999999999998863 ) ;
#253 = CARTESIAN_POINT ( 'NONE',  ( 0.2500000000000001110, 0.000000000000000000, 0.2300000000000000377 ) ) ;
#254 = AXIS2_PLACEMENT_3D ( 'NONE', #1376, #310, #1260 ) ;
#255 = ORIENTED_EDGE ( 'NONE', *, *, #639, .F. ) ;
#256 = CARTESIAN_POINT ( 'NONE',  ( 0.01000000000000013205, 0.2999999999999999889, -0.01000000000000012684 ) ) ;
#257 = ORIENTED_EDGE ( 'NONE', *, *, #228, .T. ) ;
#258 = LINE ( 'NONE', #146, #920 ) ;
#259 = LINE ( 'NONE', #1354, #671 ) ;
#260 = VECTOR ( 'NONE', #50, 1000.000000000000000 ) ;
#261 = DIRECTION ( 'NONE',  ( 0.000000000000000000, 0.000000000000000000, -1.000000000000000000 ) ) ;
#262 = ORIENTED_EDGE ( 'NONE', *, *, #216, .F. ) ;
#263 = LINE ( 'NONE', #1112, #329 ) ;
#264 = ORIENTED_EDGE ( 'NONE', *, *, #267, .F. ) ;
#265 = CARTESIAN_POINT ( 'NONE',  ( -1.165517335421917513E-16, 0.2999999999999999889, 0.4299999999999999933 ) ) ;
#266 = LINE ( 'NONE', #997, #626 ) ;
#267 = EDGE_CURVE ( 'NONE', #979, #1041, #1245, .T. ) ;
#268 = LINE ( 'NONE', #597, #857 ) ;
#269 = ORIENTED_EDGE ( 'NONE', *, *, #14, .F. ) ;
#270 = SURFACE_SIDE_STYLE ('',( #721 ) ) ;
#271 = ORIENTED_EDGE ( 'NONE', *, *, #549, .F. ) ;
#272 = PLANE ( 'NONE',  #1228 ) ;
#273 = EDGE_CURVE ( 'NONE', #298, #474, #165, .T. ) ;
#274 = TOROIDAL_SURFACE ( 'NONE', #1298, 0.04999999999999996114, 0.05000000000000000278 ) ;
#275 = LINE ( 'NONE', #1331, #969 ) ;
#276 = CARTESIAN_POINT ( 'NONE',  ( 0.6500000000000003553, 0.4499999999999999001, -0.3500000000000001998 ) ) ;
#277 = CIRCLE ( 'NONE', #478, 0.09999999999999999167 ) ;
#278 = VERTEX_POINT ( 'NONE', #173 ) ;
#279 = CYLINDRICAL_SURFACE ( 'NONE', #461, 0.09999999999999999167 ) ;
#280 = VECTOR ( 'NONE', #72, 1000.000000000000000 ) ;
#281 = VERTEX_POINT ( 'NONE', #876 ) ;
#282 = CARTESIAN_POINT ( 'NONE',  ( 0.8000000000000004885, 0.3900000000000000133, -0.5000000000000002220 ) ) ;
#283 = FACE_OUTER_BOUND ( 'NONE', #844, .T. ) ;
#284 = CIRCLE ( 'NONE', #210, 0.05000000000000002359 ) ;
#285 = CARTESIAN_POINT ( 'NONE',  ( 0.7500000000000004441, 0.4499999999999999001, 0.3500000000000001998 ) ) ;
#286 = VECTOR ( 'NONE', #544, 1000.000000000000000 ) ;
#287 = LINE ( 'NONE', #991, #191 ) ;
#288 = CARTESIAN_POINT ( 'NONE',  ( 0.01000000000000013205, -0.000000000000000000, -0.01000000000000012684 ) ) ;
#289 = ORIENTED_EDGE ( 'NONE', *, *, #1034, .F. ) ;
#290 = DIRECTION ( 'NONE',  ( -0.000000000000000000, -1.000000000000000000, -0.000000000000000000 ) ) ;
#291 = ORIENTED_EDGE ( 'NONE', *, *, #1472, .F. ) ;
#292 = CARTESIAN_POINT ( 'NONE',  ( 0.6500000000000001332, 0.2999999999999999889, 0.4300000000000001599 ) ) ;
#293 = CARTESIAN_POINT ( 'NONE',  ( 0.2500000000000001665, 0.000000000000000000, 6.160239616394917160E-17 ) ) ;
#294 = EDGE_CURVE ( 'NONE', #601, #1341, #385, .T. ) ;
#295 = EDGE_CURVE ( 'NONE', #693, #573, #259, .T. ) ;
#296 =( LENGTH_UNIT ( ) NAMED_UNIT ( * ) SI_UNIT ( .MILLI., .METRE. ) );
#297 = DIRECTION ( 'NONE',  ( 0.000000000000000000, -1.000000000000000000, 0.000000000000000000 ) ) ;
#298 = VERTEX_POINT ( 'NONE', #1362 ) ;
#299 = CARTESIAN_POINT ( 'NONE',  ( -0.2499999999999999445, 0.2999999999999999889, 0.4299999999999999933 ) ) ;
#300 = ORIENTED_EDGE ( 'NONE', *, *, #1057, .T. ) ;
#301 = DIRECTION ( 'NONE',  ( 0.000000000000000000, 0.000000000000000000, 1.000000000000000000 ) ) ;
#302 = AXIS2_PLACEMENT_3D ( 'NONE', #760, #646, #526 ) ;
#303 = CARTESIAN_POINT ( 'NONE',  ( -0.2499999999999999445, 0.2999999999999999889, -0.4299999999999999378 ) ) ;
#304 =( NAMED_UNIT ( * ) PLANE_ANGLE_UNIT ( ) SI_UNIT ( $, .RADIAN. ) );
#305 = DIRECTION ( 'NONE',  ( 0.000000000000000000, 0.000000000000000000, 1.000000000000000000 ) ) ;
#306 = ORIENTED_EDGE ( 'NONE', *, *, #65, .T. ) ;
#307 = LINE ( 'NONE', #779, #127 ) ;
#308 = VECTOR ( 'NONE', #1064, 1000.000000000000000 ) ;
#309 = VERTEX_POINT ( 'NONE', #47 ) ;
#310 = DIRECTION ( 'NONE',  ( 1.000000000000000000, 0.000000000000000000, 1.260700200564540338E-16 ) ) ;
#311 = PLANE ( 'NONE',  #1435 ) ;
#312 = VECTOR ( 'NONE', #1453, 1000.000000000000000 ) ;
#313 = ORIENTED_EDGE ( 'NONE', *, *, #1175, .T. ) ;
#314 = DIRECTION ( 'NONE',  ( 1.000000000000000000, 0.000000000000000000, 0.000000000000000000 ) ) ;
#315 = ADVANCED_FACE ( 'NONE', ( #629 ), #1130, .T. ) ;
#316 = EDGE_LOOP ( 'NONE', ( #848, #29, #56, #249 ) ) ;
#317 = CARTESIAN_POINT ( 'NONE',  ( -0.2499999999999999445, 0.2999999999999999889, -0.4299999999999999378 ) ) ;
#318 = DIRECTION ( 'NONE',  ( 1.000000000000000000, 0.000000000000000000, 0.000000000000000000 ) ) ;
#319 = EDGE_CURVE ( 'NONE', #668, #899, #266, .T. ) ;
#320 = LINE ( 'NONE', #790, #87 ) ;
#321 = ORIENTED_EDGE ( 'NONE', *, *, #1465, .F. ) ;
#322 = CYLINDRICAL_SURFACE ( 'NONE', #355, 0.09999999999999993616 ) ;
#323 = DIRECTION ( 'NONE',  ( -0.000000000000000000, -1.000000000000000000, -0.000000000000000000 ) ) ;
#324 = AXIS2_PLACEMENT_3D ( 'NONE', #750, #141, #622 ) ;
#325 = FACE_OUTER_BOUND ( 'NONE', #143, .T. ) ;
#326 = VERTEX_POINT ( 'NONE', #292 ) ;
#327 = CARTESIAN_POINT ( 'NONE',  ( 0.8000000000000004885, 0.3899999999999999578, -0.5000000000000002220 ) ) ;
#328 = EDGE_LOOP ( 'NONE', ( #929, #362, #1394, #1129 ) ) ;
#329 = VECTOR ( 'NONE', #977, 1000.000000000000000 ) ;
#330 = LINE ( 'NONE', #1168, #224 ) ;
#331 = VECTOR ( 'NONE', #635, 1000.000000000000000 ) ;
#332 = CARTESIAN_POINT ( 'NONE',  ( 0.6500000000000001332, 0.000000000000000000, -0.4299999999999997713 ) ) ;
#333 = EDGE_CURVE ( 'NONE', #121, #979, #868, .T. ) ;
#334 = CARTESIAN_POINT ( 'NONE',  ( -0.7500000000000004441, 0.4500000000000000111, -0.3500000000000002554 ) ) ;
#335 = ORIENTED_EDGE ( 'NONE', *, *, #838, .T. ) ;
#336 = FACE_OUTER_BOUND ( 'NONE', #559, .T. ) ;
#337 = STYLED_ITEM ( 'NONE', ( #517 ), #1007 ) ;
#338 = ORIENTED_EDGE ( 'NONE', *, *, #295, .F. ) ;
#339 = EDGE_CURVE ( 'NONE', #618, #1341, #1476, .T. ) ;
#340 = SURFACE_STYLE_FILL_AREA ( #1199 ) ;
#341 = DIRECTION ( 'NONE',  ( 0.000000000000000000, 0.000000000000000000, 1.000000000000000000 ) ) ;
#342 = EDGE_CURVE ( 'NONE', #1243, #1437, #275, .T. ) ;
#343 = DIRECTION ( 'NONE',  ( 1.000000000000000000, -0.000000000000000000, 0.000000000000000000 ) ) ;
#344 = EDGE_CURVE ( 'NONE', #1288, #539, #942, .T. ) ;
#345 = EDGE_LOOP ( 'NONE', ( #1136, #889, #778, #1274 ) ) ;
#346 = DIRECTION ( 'NONE',  ( -0.000000000000000000, -1.000000000000000000, 0.000000000000000000 ) ) ;
#347 = ORIENTED_EDGE ( 'NONE', *, *, #572, .F. ) ;
#348 = LINE ( 'NONE', #356, #1178 ) ;
#349 = CARTESIAN_POINT ( 'NONE',  ( 0.6500000000000003553, 2.749285568453591289, -0.3500000000000001998 ) ) ;
#350 = CIRCLE ( 'NONE', #147, 0.05000000000000002359 ) ;
#351 = ORIENTED_EDGE ( 'NONE', *, *, #498, .F. ) ;
#352 = CYLINDRICAL_SURFACE ( 'NONE', #946, 0.05000000000000002359 ) ;
#353 = EDGE_LOOP ( 'NONE', ( #523, #359, #1513, #338 ) ) ;
#354 = PLANE ( 'NONE',  #676 ) ;
#355 = AXIS2_PLACEMENT_3D ( 'NONE', #1015, #1499, #1040 ) ;
#356 = CARTESIAN_POINT ( 'NONE',  ( -0.7999999999999996003, 0.4000000000000000222, 0.4999999999999997780 ) ) ;
#357 = COLOUR_RGB ( '',0.7921568627450980005, 0.8196078431372548767, 0.9333333333333333481 ) ;
#358 = DIRECTION ( 'NONE',  ( -0.000000000000000000, -1.000000000000000000, -0.000000000000000000 ) ) ;
#359 = ORIENTED_EDGE ( 'NONE', *, *, #1520, .T. ) ;
#360 = CARTESIAN_POINT ( 'NONE',  ( 0.6500000000000003553, 0.5000000000000000000, -0.4000000000000002442 ) ) ;
#361 = CIRCLE ( 'NONE', #1161, 0.05000000000000002359 ) ;
#362 = ORIENTED_EDGE ( 'NONE', *, *, #448, .T. ) ;
#363 = FACE_OUTER_BOUND ( 'NONE', #1518, .T. ) ;
#364 = ADVANCED_FACE ( 'NONE', ( #735 ), #1215, .F. ) ;
#365 = AXIS2_PLACEMENT_3D ( 'NONE', #584, #1417, #1530 ) ;
#366 = DIRECTION ( 'NONE',  ( 1.260700200564540338E-16, 0.000000000000000000, -1.000000000000000000 ) ) ;
#367 = CARTESIAN_POINT ( 'NONE',  ( 0.6500000000000001332, 0.2999999999999999889, 0.4300000000000001599 ) ) ;
#368 = ORIENTED_EDGE ( 'NONE', *, *, #504, .T. ) ;
#369 = SURFACE_SIDE_STYLE ('',( #992 ) ) ;
#370 = ORIENTED_EDGE ( 'NONE', *, *, #996, .T. ) ;
#371 = CARTESIAN_POINT ( 'NONE',  ( 0.6500000000000001332, -0.000000000000000000, -0.4299999999999997713 ) ) ;
#372 = DIRECTION ( 'NONE',  ( 0.000000000000000000, -0.000000000000000000, 1.000000000000000000 ) ) ;
#373 = ORIENTED_EDGE ( 'NONE', *, *, #1441, .F. ) ;
#374 = ORIENTED_EDGE ( 'NONE', *, *, #342, .T. ) ;
#375 = DIRECTION ( 'NONE',  ( 2.464095846557964892E-16, -0.000000000000000000, -1.000000000000000000 ) ) ;
#376 = CARTESIAN_POINT ( 'NONE',  ( 0.2500000000000002776, 0.2999999999999999889, -0.4299999999999998823 ) ) ;
#377 = AXIS2_PLACEMENT_3D ( 'NONE', #1458, #1448, #851 ) ;
#378 = DIRECTION ( 'NONE',  ( 1.000000000000000000, 0.000000000000000000, 0.000000000000000000 ) ) ;
#379 = ADVANCED_FACE ( 'NONE', ( #1230 ), #1115, .F. ) ;
#380 = ORIENTED_EDGE ( 'NONE', *, *, #776, .F. ) ;
#381 = DIRECTION ( 'NONE',  ( 1.000000000000000000, 0.000000000000000000, 0.000000000000000000 ) ) ;
#382 = ORIENTED_EDGE ( 'NONE', *, *, #1053, .T. ) ;
#383 = LINE ( 'NONE', #733, #1426 ) ;
#384 = ADVANCED_FACE ( 'NONE', ( #41 ), #274, .T. ) ;
#385 = LINE ( 'NONE', #502, #993 ) ;
#386 = COLOUR_RGB ( '',0.7921568627450980005, 0.8196078431372548767, 0.9333333333333333481 ) ;
#387 = CARTESIAN_POINT ( 'NONE',  ( 0.4500000000000001221, 0.2999999999999999889, 0.4300000000000001044 ) ) ;
#388 = ADVANCED_FACE ( 'NONE', ( #213, #1025, #434 ), #781, .F. ) ;
#389 = ORIENTED_EDGE ( 'NONE', *, *, #503, .T. ) ;
#390 = CARTESIAN_POINT ( 'NONE',  ( 0.7500000000000004441, 0.4500000000000000111, 0.3500000000000001998 ) ) ;
#391 = EDGE_LOOP ( 'NONE', ( #1145, #291, #1196, #100 ) ) ;
#392 = LINE ( 'NONE', #46, #1400 ) ;
#393 = DIRECTION ( 'NONE',  ( 1.000000000000000000, 0.000000000000000000, 0.000000000000000000 ) ) ;
#394 = DIRECTION ( 'NONE',  ( 0.000000000000000000, -0.000000000000000000, 1.000000000000000000 ) ) ;
#395 = ORIENTED_EDGE ( 'NONE', *, *, #776, .T. ) ;
#396 = FILL_AREA_STYLE_COLOUR ( '', #150 ) ;
#397 = VERTEX_POINT ( 'NONE', #1501 ) ;
#398 = LINE ( 'NONE', #515, #1377 ) ;
#399 = AXIS2_PLACEMENT_3D ( 'NONE', #1100, #23, #974 ) ;
#400 = CARTESIAN_POINT ( 'NONE',  ( 0.7000000000000003997, 0.4499999999999999001, -0.3500000000000001998 ) ) ;
#401 = EDGE_LOOP ( 'NONE', ( #1310, #422, #255, #98 ) ) ;
#402 = DIRECTION ( 'NONE',  ( 1.000000000000000000, 0.000000000000000000, 2.464095846557964892E-16 ) ) ;
#403 = ORIENTED_EDGE ( 'NONE', *, *, #228, .F. ) ;
#404 = PRODUCT ( 'ECS-.327-6-16R-TR', 'ECS-.327-6-16R-TR', '', ( #1060 ) ) ;
#405 = CARTESIAN_POINT ( 'NONE',  ( 1.165517335421917267E-16, 0.2999999999999999889, -0.4299999999999999378 ) ) ;
#406 = EDGE_CURVE ( 'NONE', #212, #677, #1010, .T. ) ;
#407 = CARTESIAN_POINT ( 'NONE',  ( -0.2499999999999999445, 0.2999999999999999889, -0.4299999999999999378 ) ) ;
#408 = EDGE_CURVE ( 'NONE', #1348, #1243, #66, .T. ) ;
#409 = VECTOR ( 'NONE', #471, 1000.000000000000000 ) ;
#410 = PRODUCT_DEFINITION_CONTEXT ( 'detailed design', #9, 'design' ) ;
#411 =( LENGTH_UNIT ( ) NAMED_UNIT ( * ) SI_UNIT ( .MILLI., .METRE. ) );
#412 = CIRCLE ( 'NONE', #660, 0.05000000000000002359 ) ;
#413 = LINE ( 'NONE', #176, #236 ) ;
#414 = VERTEX_POINT ( 'NONE', #317 ) ;
#415 = CARTESIAN_POINT ( 'NONE',  ( 0.6500000000000001332, 0.000000000000000000, 0.4300000000000001599 ) ) ;
#416 = ORIENTED_EDGE ( 'NONE', *, *, #1285, .T. ) ;
#417 = CARTESIAN_POINT ( 'NONE',  ( -0.6500000000000000222, 0.2999999999999999889, -0.4299999999999999378 ) ) ;
#418 = DIRECTION ( 'NONE',  ( 1.260700200564540338E-16, -0.000000000000000000, -1.000000000000000000 ) ) ;
#419 = CARTESIAN_POINT ( 'NONE',  ( -0.6500000000000003553, 0.4500000000000000111, 0.4000000000000001887 ) ) ;
#420 = ORIENTED_EDGE ( 'NONE', *, *, #1494, .F. ) ;
#421 = DIRECTION ( 'NONE',  ( 0.000000000000000000, -1.000000000000000000, 0.000000000000000000 ) ) ;
#422 = ORIENTED_EDGE ( 'NONE', *, *, #1099, .F. ) ;
#423 = CARTESIAN_POINT ( 'NONE',  ( -0.6500000000000000222, 0.2999999999999999889, -0.4299999999999999378 ) ) ;
#424 = ADVANCED_FACE ( 'NONE', ( #794 ), #670, .T. ) ;
#425 = AXIS2_PLACEMENT_3D ( 'NONE', #400, #1467, #393 ) ;
#426 = UNCERTAINTY_MEASURE_WITH_UNIT (LENGTH_MEASURE( 1.000000000000000082E-05 ), #296, 'distance_accuracy_value', 'NONE');
#427 = SURFACE_STYLE_FILL_AREA ( #1355 ) ;
#428 = EDGE_CURVE ( 'NONE', #1305, #601, #330, .T. ) ;
#429 = CARTESIAN_POINT ( 'NONE',  ( 0.000000000000000000, 0.4500000000000000111, 0.4000000000000001887 ) ) ;
#430 = ORIENTED_EDGE ( 'NONE', *, *, #129, .F. ) ;
#431 = DIRECTION ( 'NONE',  ( 1.000000000000000000, 0.000000000000000000, 0.000000000000000000 ) ) ;
#432 = AXIS2_PLACEMENT_3D ( 'NONE', #1295, #483, #955 ) ;
#433 = ORIENTED_EDGE ( 'NONE', *, *, #3, .T. ) ;
#434 = FACE_OUTER_BOUND ( 'NONE', #1158, .T. ) ;
#435 = EDGE_CURVE ( 'NONE', #618, #921, #560, .T. ) ;
#436 = FACE_OUTER_BOUND ( 'NONE', #842, .T. ) ;
#437 = VERTEX_POINT ( 'NONE', #1032 ) ;
#438 = DIRECTION ( 'NONE',  ( 0.000000000000000000, -0.000000000000000000, -1.000000000000000000 ) ) ;
#439 = ORIENTED_EDGE ( 'NONE', *, *, #706, .F. ) ;
#440 = DIRECTION ( 'NONE',  ( 0.000000000000000000, -1.000000000000000000, 0.000000000000000000 ) ) ;
#441 = DIRECTION ( 'NONE',  ( 0.000000000000000000, 1.000000000000000000, 0.000000000000000000 ) ) ;
#442 = VERTEX_POINT ( 'NONE', #1042 ) ;
#443 = CARTESIAN_POINT ( 'NONE',  ( -0.6500000000000003553, 0.4499999999999999001, 0.3500000000000001998 ) ) ;
#444 = LINE ( 'NONE', #417, #1201 ) ;
#445 = EDGE_CURVE ( 'NONE', #1531, #298, #873, .T. ) ;
#446 = CARTESIAN_POINT ( 'NONE',  ( -0.6500000000000000222, 0.2999999999999999889, -0.4299999999999999378 ) ) ;
#447 = FACE_OUTER_BOUND ( 'NONE', #345, .T. ) ;
#448 = EDGE_CURVE ( 'NONE', #298, #1533, #1522, .T. ) ;
#449 = ORIENTED_EDGE ( 'NONE', *, *, #1049, .F. ) ;
#450 = CARTESIAN_POINT ( 'NONE',  ( 0.6500000000000003553, 0.4000000000000000222, 0.3500000000000001998 ) ) ;
#451 = ORIENTED_EDGE ( 'NONE', *, *, #448, .F. ) ;
#452 = AXIS2_PLACEMENT_3D ( 'NONE', #443, #1146, #917 ) ;
#453 = AXIS2_PLACEMENT_3D ( 'NONE', #1511, #1313, #723 ) ;
#454 = EDGE_CURVE ( 'NONE', #495, #1524, #444, .T. ) ;
#455 = EDGE_CURVE ( 'NONE', #507, #212, #726, .T. ) ;
#456 = ORIENTED_EDGE ( 'NONE', *, *, #1285, .F. ) ;
#457 = DIRECTION ( 'NONE',  ( 1.000000000000000000, 0.000000000000000000, 0.000000000000000000 ) ) ;
#458 = CARTESIAN_POINT ( 'NONE',  ( 0.6500000000000001332, 0.2999999999999999889, -0.4299999999999997713 ) ) ;
#459 = ORIENTED_EDGE ( 'NONE', *, *, #846, .T. ) ;
#460 = CARTESIAN_POINT ( 'NONE',  ( 0.8000000000000004885, 0.000000000000000000, -0.5000000000000002220 ) ) ;
#461 = AXIS2_PLACEMENT_3D ( 'NONE', #1212, #608, #755 ) ;
#462 = EDGE_LOOP ( 'NONE', ( #1016, #420, #732, #300 ) ) ;
#463 = FILL_AREA_STYLE_COLOUR ( '', #357 ) ;
#464 = LINE ( 'NONE', #1424, #1423 ) ;
#465 =( NAMED_UNIT ( * ) SI_UNIT ( $, .STERADIAN. ) SOLID_ANGLE_UNIT ( ) );
#466 = DIRECTION ( 'NONE',  ( 0.000000000000000000, 0.000000000000000000, -1.000000000000000000 ) ) ;
#467 = ORIENTED_EDGE ( 'NONE', *, *, #996, .F. ) ;
#468 = DIRECTION ( 'NONE',  ( 1.000000000000000000, 0.000000000000000000, 0.000000000000000000 ) ) ;
#469 = EDGE_LOOP ( 'NONE', ( #1403, #1496, #633, #1082, #944 ) ) ;
#470 = DIRECTION ( 'NONE',  ( 1.000000000000000000, -0.000000000000000000, 0.000000000000000000 ) ) ;
#471 = DIRECTION ( 'NONE',  ( 0.000000000000000000, -0.000000000000000000, -1.000000000000000000 ) ) ;
#472 = AXIS2_PLACEMENT_3D ( 'NONE', #1275, #182, #566 ) ;
#473 = EDGE_CURVE ( 'NONE', #163, #4, #688, .T. ) ;
#474 = VERTEX_POINT ( 'NONE', #804 ) ;
#475 = DIRECTION ( 'NONE',  ( -1.000000000000000000, 0.000000000000000000, -0.000000000000000000 ) ) ;
#476 = ORIENTED_EDGE ( 'NONE', *, *, #111, .F. ) ;
#477 =( NAMED_UNIT ( * ) SI_UNIT ( $, .STERADIAN. ) SOLID_ANGLE_UNIT ( ) );
#478 = AXIS2_PLACEMENT_3D ( 'NONE', #450, #1046, #209 ) ;
#479 = CARTESIAN_POINT ( 'NONE',  ( -0.6500000000000000222, 0.000000000000000000, -0.4299999999999999378 ) ) ;
#480 = EDGE_CURVE ( 'NONE', #788, #1288, #752, .T. ) ;
#481 = DIRECTION ( 'NONE',  ( 1.000000000000000000, 0.000000000000000000, -0.000000000000000000 ) ) ;
#482 = VERTEX_POINT ( 'NONE', #1147 ) ;
#483 = DIRECTION ( 'NONE',  ( 0.000000000000000000, 0.000000000000000000, -1.000000000000000000 ) ) ;
#484 = VECTOR ( 'NONE', #506, 1000.000000000000000 ) ;
#485 = ORIENTED_EDGE ( 'NONE', *, *, #541, .T. ) ;
#486 = AXIS2_PLACEMENT_3D ( 'NONE', #1545, #1180, #1194 ) ;
#487 = PLANE ( 'NONE',  #546 ) ;
#488 = PLANE ( 'NONE',  #1061 ) ;
#489 = ORIENTED_EDGE ( 'NONE', *, *, #294, .T. ) ;
#490 =( LENGTH_UNIT ( ) NAMED_UNIT ( * ) SI_UNIT ( .MILLI., .METRE. ) );
#491 = EDGE_LOOP ( 'NONE', ( #1396, #589, #607, #476 ) ) ;
#492 = FACE_OUTER_BOUND ( 'NONE', #1218, .T. ) ;
#493 = EDGE_CURVE ( 'NONE', #1080, #437, #914, .T. ) ;
#494 = LINE ( 'NONE', #230, #821 ) ;
#495 = VERTEX_POINT ( 'NONE', #423 ) ;
#496 =( LENGTH_UNIT ( ) NAMED_UNIT ( * ) SI_UNIT ( .MILLI., .METRE. ) );
#497 = ADVANCED_FACE ( 'NONE', ( #665 ), #1389, .F. ) ;
#498 = EDGE_CURVE ( 'NONE', #1097, #648, #189, .T. ) ;
#499 = AXIS2_PLACEMENT_3D ( 'NONE', #251, #6, #341 ) ;
#500 = ORIENTED_EDGE ( 'NONE', *, *, #428, .T. ) ;
#501 = LINE ( 'NONE', #405, #1181 ) ;
#502 = CARTESIAN_POINT ( 'NONE',  ( -0.6500000000000000222, 0.000000000000000000, -0.4299999999999999378 ) ) ;
#503 = EDGE_CURVE ( 'NONE', #281, #212, #1132, .T. ) ;
#504 = EDGE_CURVE ( 'NONE', #677, #1247, #1156, .T. ) ;
#505 = VECTOR ( 'NONE', #816, 1000.000000000000000 ) ;
#506 = DIRECTION ( 'NONE',  ( 0.000000000000000000, -1.000000000000000000, 0.000000000000000000 ) ) ;
#507 = VERTEX_POINT ( 'NONE', #1074 ) ;
#508 = CARTESIAN_POINT ( 'NONE',  ( -0.7999999999999996003, 0.3900000000000000133, 0.4999999999999997780 ) ) ;
#509 = ORIENTED_EDGE ( 'NONE', *, *, #178, .F. ) ;
#510 = CARTESIAN_POINT ( 'NONE',  ( 0.7500000000000004441, 2.749285568453591289, 0.3500000000000001998 ) ) ;
#511 = LINE ( 'NONE', #376, #97 ) ;
#512 = DIRECTION ( 'NONE',  ( 1.000000000000000000, 0.000000000000000000, 2.710505431213761578E-16 ) ) ;
#513 = ORIENTED_EDGE ( 'NONE', *, *, #339, .T. ) ;
#514 = ORIENTED_EDGE ( 'NONE', *, *, #1152, .T. ) ;
#515 = CARTESIAN_POINT ( 'NONE',  ( -0.6500000000000003553, 0.4000000000000000222, 0.4500000000000001776 ) ) ;
#516 = UNCERTAINTY_MEASURE_WITH_UNIT (LENGTH_MEASURE( 1.000000000000000082E-05 ), #1149, 'distance_accuracy_value', 'NONE');
#517 = PRESENTATION_STYLE_ASSIGNMENT (( #638 ) ) ;
#518 = APPLICATION_CONTEXT ( 'automotive_design' ) ;
#519 = ORIENTED_EDGE ( 'NONE', *, *, #1468, .F. ) ;
#520 = FACE_OUTER_BOUND ( 'NONE', #1381, .T. ) ;
#521 = ADVANCED_FACE ( 'NONE', ( #363 ), #354, .T. ) ;
#522 = EDGE_CURVE ( 'NONE', #1071, #958, #1440, .T. ) ;
#523 = ORIENTED_EDGE ( 'NONE', *, *, #1399, .F. ) ;
#524 = CARTESIAN_POINT ( 'NONE',  ( 0.000000000000000000, 0.2999999999999999889, 0.000000000000000000 ) ) ;
#525 = DIRECTION ( 'NONE',  ( 0.000000000000000000, 1.000000000000000000, 0.000000000000000000 ) ) ;
#526 = DIRECTION ( 'NONE',  ( 0.000000000000000000, -0.000000000000000000, -1.000000000000000000 ) ) ;
#527 = FACE_OUTER_BOUND ( 'NONE', #353, .T. ) ;
#528 = VECTOR ( 'NONE', #1432, 1000.000000000000000 ) ;
#529 = VERTEX_POINT ( 'NONE', #812 ) ;
#530 = CARTESIAN_POINT ( 'NONE',  ( 0.000000000000000000, 0.000000000000000000, 0.000000000000000000 ) ) ;
#531 = DIRECTION ( 'NONE',  ( -0.000000000000000000, -1.000000000000000000, -0.000000000000000000 ) ) ;
#532 = AXIS2_PLACEMENT_3D ( 'NONE', #303, #318, #901 ) ;
#533 = DIRECTION ( 'NONE',  ( -0.000000000000000000, -1.000000000000000000, -0.000000000000000000 ) ) ;
#534 = PRESENTATION_LAYER_ASSIGNMENT (  '', '', ( #8 ) ) ;
#535 = ORIENTED_EDGE ( 'NONE', *, *, #1277, .F. ) ;
#536 = LINE ( 'NONE', #177, #286 ) ;
#537 = ORIENTED_EDGE ( 'NONE', *, *, #1380, .F. ) ;
#538 = LINE ( 'NONE', #299, #580 ) ;
#539 = VERTEX_POINT ( 'NONE', #109 ) ;
#540 = CARTESIAN_POINT ( 'NONE',  ( 0.01000000000000013205, 0.2999999999999999889, -0.01000000000000012684 ) ) ;
#541 = EDGE_CURVE ( 'NONE', #397, #482, #1229, .T. ) ;
#542 = LINE ( 'NONE', #175, #1186 ) ;
#543 = SURFACE_SIDE_STYLE ('',( #805 ) ) ;
#544 = DIRECTION ( 'NONE',  ( -0.000000000000000000, -1.000000000000000000, -0.000000000000000000 ) ) ;
#545 = MANIFOLD_SOLID_BREP ( 'Boss-Extrude3[1]', #1361 ) ;
#546 = AXIS2_PLACEMENT_3D ( 'NONE', #941, #813, #1442 ) ;
#547 = ORIENTED_EDGE ( 'NONE', *, *, #455, .T. ) ;
#548 = CARTESIAN_POINT ( 'NONE',  ( 0.000000000000000000, 0.000000000000000000, -0.5000000000000002220 ) ) ;
#549 = EDGE_CURVE ( 'NONE', #939, #507, #220, .T. ) ;
#550 = ADVANCED_FACE ( 'NONE', ( #602 ), #581, .F. ) ;
#551 = CARTESIAN_POINT ( 'NONE',  ( 0.8000000000000004885, 0.3899999999999999578, 0.4999999999999997780 ) ) ;
#552 = CIRCLE ( 'NONE', #598, 0.09999999999999999167 ) ;
#553 = EDGE_CURVE ( 'NONE', #529, #899, #959, .T. ) ;
#554 =( NAMED_UNIT ( * ) PLANE_ANGLE_UNIT ( ) SI_UNIT ( $, .RADIAN. ) );
#555 = ORIENTED_EDGE ( 'NONE', *, *, #522, .F. ) ;
#556 = CARTESIAN_POINT ( 'NONE',  ( -0.7999999999999996003, 0.4000000000000000222, 0.4999999999999997780 ) ) ;
#557 = AXIS2_PLACEMENT_3D ( 'NONE', #1208, #1177, #574 ) ;
#558 = MANIFOLD_SOLID_BREP ( 'Cap', #35 ) ;
#559 = EDGE_LOOP ( 'NONE', ( #430, #1182, #433, #20 ) ) ;
#560 = LINE ( 'NONE', #205, #1551 ) ;
#561 = DIRECTION ( 'NONE',  ( -1.260700200564540338E-16, 0.000000000000000000, 1.000000000000000000 ) ) ;
#562 = ORIENTED_EDGE ( 'NONE', *, *, #153, .T. ) ;
#563 = DIRECTION ( 'NONE',  ( 1.000000000000000000, 0.000000000000000000, 0.000000000000000000 ) ) ;
#564 = EDGE_CURVE ( 'NONE', #130, #1364, #694, .T. ) ;
#565 = ORIENTED_EDGE ( 'NONE', *, *, #1399, .T. ) ;
#566 = DIRECTION ( 'NONE',  ( 0.000000000000000000, -0.000000000000000000, -1.000000000000000000 ) ) ;
#567 = CARTESIAN_POINT ( 'NONE',  ( 0.000000000000000000, 0.000000000000000000, 0.000000000000000000 ) ) ;
#568 = CARTESIAN_POINT ( 'NONE',  ( -0.7500000000000004441, 0.4000000000000000222, -0.3500000000000002554 ) ) ;
#569 = ORIENTED_EDGE ( 'NONE', *, *, #1240, .T. ) ;
#570 = DIRECTION ( 'NONE',  ( -0.000000000000000000, -1.000000000000000000, -0.000000000000000000 ) ) ;
#571 = EDGE_CURVE ( 'NONE', #1226, #38, #748, .T. ) ;
#572 = EDGE_CURVE ( 'NONE', #1531, #747, #1122, .T. ) ;
#573 = VERTEX_POINT ( 'NONE', #1227 ) ;
#574 = DIRECTION ( 'NONE',  ( 0.000000000000000000, 0.000000000000000000, -1.000000000000000000 ) ) ;
#575 = PLANE ( 'NONE',  #302 ) ;
#576 = VECTOR ( 'NONE', #725, 1000.000000000000000 ) ;
#577 = ORIENTED_EDGE ( 'NONE', *, *, #15, .T. ) ;
#578 = CARTESIAN_POINT ( 'NONE',  ( 0.8000000000000004885, -1.496796226411320818, -0.5000000000000002220 ) ) ;
#579 = ORIENTED_EDGE ( 'NONE', *, *, #1441, .T. ) ;
#580 = VECTOR ( 'NONE', #1137, 1000.000000000000000 ) ;
#581 = PLANE ( 'NONE',  #1028 ) ;
#582 = DIRECTION ( 'NONE',  ( -1.000000000000000000, 0.000000000000000000, 0.000000000000000000 ) ) ;
#583 = EDGE_CURVE ( 'NONE', #1128, #1038, #164, .T. ) ;
#584 = CARTESIAN_POINT ( 'NONE',  ( -0.6500000000000003553, 2.749285568453591289, -0.4500000000000001776 ) ) ;
#585 = ORIENTED_EDGE ( 'NONE', *, *, #553, .T. ) ;
#586 = LINE ( 'NONE', #824, #998 ) ;
#587 = VECTOR ( 'NONE', #1322, 1000.000000000000000 ) ;
#588 = CLOSED_SHELL ( 'NONE', ( #1002, #550, #1307, #1258, #388, #101, #702, #364, #1026, #1419, #227, #1503, #728, #120, #1334, #682, #105 ) ) ;
#589 = ORIENTED_EDGE ( 'NONE', *, *, #1299, .F. ) ;
#590 = DIRECTION ( 'NONE',  ( 0.000000000000000000, 1.000000000000000000, -0.000000000000000000 ) ) ;
#591 = DIRECTION ( 'NONE',  ( -1.000000000000000000, 0.000000000000000000, 0.000000000000000000 ) ) ;
#592 = PLANE ( 'NONE',  #1008 ) ;
#593 = EDGE_LOOP ( 'NONE', ( #123, #1317, #871, #139 ) ) ;
#594 = CARTESIAN_POINT ( 'NONE',  ( -0.6500000000000001332, 0.000000000000000000, 0.4299999999999999933 ) ) ;
#595 = ORIENTED_EDGE ( 'NONE', *, *, #1095, .T. ) ;
#596 = CARTESIAN_POINT ( 'NONE',  ( 0.6500000000000001332, 0.2999999999999999889, -0.4299999999999997713 ) ) ;
#597 = CARTESIAN_POINT ( 'NONE',  ( 1.165517335421917267E-16, -0.000000000000000000, -0.4299999999999999378 ) ) ;
#598 = AXIS2_PLACEMENT_3D ( 'NONE', #695, #1415, #1179 ) ;
#599 = ORIENTED_EDGE ( 'NONE', *, *, #961, .F. ) ;
#600 = CARTESIAN_POINT ( 'NONE',  ( -0.6500000000000000222, 0.000000000000000000, -0.4299999999999999378 ) ) ;
#601 = VERTEX_POINT ( 'NONE', #763 ) ;
#602 = FACE_OUTER_BOUND ( 'NONE', #225, .T. ) ;
#603 = VECTOR ( 'NONE', #563, 1000.000000000000000 ) ;
#604 = CARTESIAN_POINT ( 'NONE',  ( -0.6500000000000000222, 0.2999999999999999889, -0.4299999999999999378 ) ) ;
#605 = VECTOR ( 'NONE', #925, 1000.000000000000000 ) ;
#606 = LINE ( 'NONE', #841, #1033 ) ;
#607 = ORIENTED_EDGE ( 'NONE', *, *, #1451, .F. ) ;
#608 = DIRECTION ( 'NONE',  ( -0.000000000000000000, -1.000000000000000000, -0.000000000000000000 ) ) ;
#609 = EDGE_CURVE ( 'NONE', #754, #1128, #392, .T. ) ;
#610 = AXIS2_PLACEMENT_3D ( 'NONE', #1124, #1246, #667 ) ;
#611 = ORIENTED_EDGE ( 'NONE', *, *, #1164, .F. ) ;
#612 = DIRECTION ( 'NONE',  ( 0.000000000000000000, -0.000000000000000000, 1.000000000000000000 ) ) ;
#613 = AXIS2_PLACEMENT_3D ( 'NONE', #349, #690, #822 ) ;
#614 = LINE ( 'NONE', #221, #1479 ) ;
#615 = EDGE_CURVE ( 'NONE', #212, #788, #13, .T. ) ;
#616 = CARTESIAN_POINT ( 'NONE',  ( -0.7999999999999996003, 0.3899999999999999578, -0.5000000000000002220 ) ) ;
#617 = ORIENTED_EDGE ( 'NONE', *, *, #1446, .T. ) ;
#618 = VERTEX_POINT ( 'NONE', #1107 ) ;
#619 = CARTESIAN_POINT ( 'NONE',  ( 0.2500000000000002776, 0.2999999999999999889, -0.4299999999999998823 ) ) ;
#620 = ADVANCED_FACE ( 'NONE', ( #995 ), #1475, .F. ) ;
#621 = EDGE_CURVE ( 'NONE', #1184, #474, #398, .T. ) ;
#622 = DIRECTION ( 'NONE',  ( -2.464095846557964892E-16, 0.000000000000000000, 1.000000000000000000 ) ) ;
#623 = CARTESIAN_POINT ( 'NONE',  ( 0.2500000000000002776, 0.2999999999999999889, -0.4299999999999998823 ) ) ;
#624 = ORIENTED_EDGE ( 'NONE', *, *, #1521, .T. ) ;
#625 = DIRECTION ( 'NONE',  ( -1.000000000000000000, -0.000000000000000000, -0.000000000000000000 ) ) ;
#626 = VECTOR ( 'NONE', #531, 1000.000000000000000 ) ;
#627 = ORIENTED_EDGE ( 'NONE', *, *, #1121, .T. ) ;
#628 = DIRECTION ( 'NONE',  ( 0.000000000000000000, 0.000000000000000000, 1.000000000000000000 ) ) ;
#629 = FACE_OUTER_BOUND ( 'NONE', #1256, .T. ) ;
#630 = CIRCLE ( 'NONE', #1027, 0.09999999999999999167 ) ;
#631 = AXIS2_PLACEMENT_3D ( 'NONE', #19, #144, #152 ) ;
#632 = CARTESIAN_POINT ( 'NONE',  ( 0.8000000000000004885, 0.4000000000000000222, 0.4999999999999997780 ) ) ;
#633 = ORIENTED_EDGE ( 'NONE', *, *, #639, .T. ) ;
#634 = ORIENTED_EDGE ( 'NONE', *, *, #473, .T. ) ;
#635 = DIRECTION ( 'NONE',  ( 2.464095846557964892E-16, -0.000000000000000000, -1.000000000000000000 ) ) ;
#636 = DIRECTION ( 'NONE',  ( -1.000000000000000000, 0.000000000000000000, -2.710505431213761578E-16 ) ) ;
#637 = AXIS2_PLACEMENT_3D ( 'NONE', #17, #1077, #512 ) ;
#638 = SURFACE_STYLE_USAGE ( .BOTH. , #1001 ) ;
#639 = EDGE_CURVE ( 'NONE', #309, #1092, #501, .T. ) ;
#640 = SURFACE_STYLE_USAGE ( .BOTH. , #543 ) ;
#641 = LINE ( 'NONE', #881, #1409 ) ;
#642 = ORIENTED_EDGE ( 'NONE', *, *, #1333, .T. ) ;
#643 = PLANE ( 'NONE',  #973 ) ;
#644 = DIRECTION ( 'NONE',  ( -0.000000000000000000, 1.000000000000000000, 0.000000000000000000 ) ) ;
#645 = LINE ( 'NONE', #879, #1088 ) ;
#646 = DIRECTION ( 'NONE',  ( 0.000000000000000000, -1.000000000000000000, 0.000000000000000000 ) ) ;
#647 = CARTESIAN_POINT ( 'NONE',  ( 0.8000000000000004885, 0.3899999999999999578, -0.5000000000000002220 ) ) ;
#648 = VERTEX_POINT ( 'NONE', #1344 ) ;
#649 = DIRECTION ( 'NONE',  ( 1.000000000000000000, -0.000000000000000000, 0.000000000000000000 ) ) ;
#650 = ORIENTED_EDGE ( 'NONE', *, *, #406, .T. ) ;
#651 = DIRECTION ( 'NONE',  ( 1.000000000000000000, 0.000000000000000000, 0.000000000000000000 ) ) ;
#652 =( NAMED_UNIT ( * ) PLANE_ANGLE_UNIT ( ) SI_UNIT ( $, .RADIAN. ) );
#653 = AXIS2_PLACEMENT_3D ( 'NONE', #834, #240, #1548 ) ;
#654 = LINE ( 'NONE', #1050, #1036 ) ;
#655 = DIRECTION ( 'NONE',  ( -1.000000000000000000, 0.000000000000000000, -0.000000000000000000 ) ) ;
#656 = ORIENTED_EDGE ( 'NONE', *, *, #339, .F. ) ;
#657 = CARTESIAN_POINT ( 'NONE',  ( -0.2499999999999999445, 0.000000000000000000, 0.4299999999999999933 ) ) ;
#658 = ADVANCED_FACE ( 'NONE', ( #1214 ), #272, .T. ) ;
#659 = CARTESIAN_POINT ( 'NONE',  ( 0.6500000000000003553, 0.4499999999999999001, 0.3500000000000001998 ) ) ;
#660 = AXIS2_PLACEMENT_3D ( 'NONE', #419, #1371, #305 ) ;
#661 = ORIENTED_EDGE ( 'NONE', *, *, #820, .T. ) ;
#662 = LINE ( 'NONE', #60, #1140 ) ;
#663 = ORIENTED_EDGE ( 'NONE', *, *, #1520, .F. ) ;
#664 = CARTESIAN_POINT ( 'NONE',  ( 0.6500000000000003553, 0.4499999999999999001, -0.4500000000000001776 ) ) ;
#665 = FACE_OUTER_BOUND ( 'NONE', #1279, .T. ) ;
#666 = ADVANCED_FACE ( 'NONE', ( #972 ), #875, .T. ) ;
#667 = DIRECTION ( 'NONE',  ( 0.000000000000000000, 0.000000000000000000, 1.000000000000000000 ) ) ;
#668 = VERTEX_POINT ( 'NONE', #282 ) ;
#669 = FACE_OUTER_BOUND ( 'NONE', #780, .T. ) ;
#670 = PLANE ( 'NONE',  #472 ) ;
#671 = VECTOR ( 'NONE', #525, 1000.000000000000000 ) ;
#672 = FACE_OUTER_BOUND ( 'NONE', #815, .T. ) ;
#673 = CIRCLE ( 'NONE', #1302, 0.09999999999999999167 ) ;
#674 = ORIENTED_EDGE ( 'NONE', *, *, #111, .T. ) ;
#675 = DIRECTION ( 'NONE',  ( 0.000000000000000000, 1.000000000000000000, 0.000000000000000000 ) ) ;
#676 = AXIS2_PLACEMENT_3D ( 'NONE', #837, #1291, #124 ) ;
#677 = VERTEX_POINT ( 'NONE', #1238 ) ;
#678 = CARTESIAN_POINT ( 'NONE',  ( -0.6500000000000003553, 2.749285568453591289, -0.4500000000000001776 ) ) ;
#679 = AXIS2_PLACEMENT_3D ( 'NONE', #119, #1163, #90 ) ;
#680 = EDGE_CURVE ( 'NONE', #1038, #170, #258, .T. ) ;
#681 = CARTESIAN_POINT ( 'NONE',  ( 0.6500000000000003553, 0.5000000000000000000, 0.4000000000000001887 ) ) ;
#682 = ADVANCED_FACE ( 'NONE', ( #132 ), #643, .F. ) ;
#683 = AXIS2_PLACEMENT_3D ( 'NONE', #1270, #1506, #655 ) ;
#684 = COLOUR_RGB ( '',1.000000000000000000, 0.8117647058823529438, 0.5019607843137254832 ) ;
#685 = EDGE_LOOP ( 'NONE', ( #12, #691, #264, #1375 ) ) ;
#686 = DIRECTION ( 'NONE',  ( -1.000000000000000000, -0.000000000000000000, 4.170008355713475795E-17 ) ) ;
#687 = ORIENTED_EDGE ( 'NONE', *, *, #67, .F. ) ;
#688 = LINE ( 'NONE', #893, #923 ) ;
#689 = DIRECTION ( 'NONE',  ( 1.000000000000000000, 0.000000000000000000, -0.000000000000000000 ) ) ;
#690 = DIRECTION ( 'NONE',  ( -0.000000000000000000, -1.000000000000000000, -0.000000000000000000 ) ) ;
#691 = ORIENTED_EDGE ( 'NONE', *, *, #820, .F. ) ;
#692 = LINE ( 'NONE', #600, #1108 ) ;
#693 = VERTEX_POINT ( 'NONE', #1093 ) ;
#694 = LINE ( 'NONE', #619, #331 ) ;
#695 = CARTESIAN_POINT ( 'NONE',  ( 0.6500000000000003553, 0.4000000000000000222, -0.3500000000000001998 ) ) ;
#696 = VECTOR ( 'NONE', #16, 1000.000000000000000 ) ;
#697 = DIRECTION ( 'NONE',  ( -1.000000000000000000, 0.000000000000000000, 0.000000000000000000 ) ) ;
#698 = EDGE_LOOP ( 'NONE', ( #187, #1372, #416, #64, #1281 ) ) ;
#699 = PLANE ( 'NONE',  #432 ) ;
#700 = ORIENTED_EDGE ( 'NONE', *, *, #891, .F. ) ;
#701 = AXIS2_PLACEMENT_3D ( 'NONE', #905, #194, #890 ) ;
#702 = ADVANCED_FACE ( 'NONE', ( #492 ), #966, .F. ) ;
#703 = LINE ( 'NONE', #479, #696 ) ;
#704 = FACE_OUTER_BOUND ( 'NONE', #401, .T. ) ;
#705 = EDGE_CURVE ( 'NONE', #648, #720, #383, .T. ) ;
#706 = EDGE_CURVE ( 'NONE', #965, #722, #180, .T. ) ;
#707 = EDGE_LOOP ( 'NONE', ( #179, #380, #793, #1431 ) ) ;
#708 = CARTESIAN_POINT ( 'NONE',  ( -0.6500000000000003553, 0.4499999999999999001, 0.3500000000000001998 ) ) ;
#709 =( GEOMETRIC_REPRESENTATION_CONTEXT ( 3 ) GLOBAL_UNCERTAINTY_ASSIGNED_CONTEXT ( ( #999 ) ) GLOBAL_UNIT_ASSIGNED_CONTEXT ( ( #411, #1133, #465 ) ) REPRESENTATION_CONTEXT ( 'NONE', 'WORKASPACE' ) );
#710 = ORIENTED_EDGE ( 'NONE', *, *, #869, .T. ) ;
#711 = LINE ( 'NONE', #962, #742 ) ;
#712 = LINE ( 'NONE', #1293, #782 ) ;
#713 = ORIENTED_EDGE ( 'NONE', *, *, #197, .T. ) ;
#714 = CARTESIAN_POINT ( 'NONE',  ( -0.2499999999999999445, 0.2999999999999999889, 0.4299999999999999933 ) ) ;
#715 = ORIENTED_EDGE ( 'NONE', *, *, #719, .F. ) ;
#716 =( LENGTH_UNIT ( ) NAMED_UNIT ( * ) SI_UNIT ( .MILLI., .METRE. ) );
#717 = CARTESIAN_POINT ( 'NONE',  ( 0.2500000000000001110, 0.2999999999999999889, 0.2300000000000000377 ) ) ;
#718 = DIRECTION ( 'NONE',  ( -0.000000000000000000, -1.000000000000000000, -0.000000000000000000 ) ) ;
#719 = EDGE_CURVE ( 'NONE', #693, #1097, #1266, .T. ) ;
#720 = VERTEX_POINT ( 'NONE', #1272 ) ;
#721 = SURFACE_STYLE_FILL_AREA ( #1455 ) ;
#722 = VERTEX_POINT ( 'NONE', #657 ) ;
#723 = DIRECTION ( 'NONE',  ( 0.000000000000000000, 0.000000000000000000, 1.000000000000000000 ) ) ;
#724 = VECTOR ( 'NONE', #1338, 1000.000000000000000 ) ;
#725 = DIRECTION ( 'NONE',  ( -0.000000000000000000, -1.000000000000000000, -0.000000000000000000 ) ) ;
#726 = CIRCLE ( 'NONE', #55, 0.05000000000000002359 ) ;
#727 = CARTESIAN_POINT ( 'NONE',  ( -0.7000000000000003997, 0.4500000000000000111, 0.3500000000000001998 ) ) ;
#728 = ADVANCED_FACE ( 'NONE', ( #1249 ), #897, .F. ) ;
#729 = ORIENTED_EDGE ( 'NONE', *, *, #168, .F. ) ;
#730 = FACE_OUTER_BOUND ( 'NONE', #69, .T. ) ;
#731 = AXIS2_PLACEMENT_3D ( 'NONE', #943, #697, #798 ) ;
#732 = ORIENTED_EDGE ( 'NONE', *, *, #1216, .T. ) ;
#733 = CARTESIAN_POINT ( 'NONE',  ( -0.7999999999999996003, 0.3899999999999999578, 0.4999999999999997780 ) ) ;
#734 = VECTOR ( 'NONE', #76, 1000.000000000000000 ) ;
#735 = FACE_OUTER_BOUND ( 'NONE', #1296, .T. ) ;
#736 = DIRECTION ( 'NONE',  ( 0.000000000000000000, 1.000000000000000000, -0.000000000000000000 ) ) ;
#737 = ORIENTED_EDGE ( 'NONE', *, *, #408, .T. ) ;
#738 = DIRECTION ( 'NONE',  ( -0.000000000000000000, -0.000000000000000000, 1.000000000000000000 ) ) ;
#739 = ORIENTED_EDGE ( 'NONE', *, *, #1240, .F. ) ;
#740 = DIRECTION ( 'NONE',  ( -0.7071067811865473507, 0.000000000000000000, -0.7071067811865477948 ) ) ;
#741 = DIRECTION ( 'NONE',  ( 0.000000000000000000, 0.000000000000000000, 1.000000000000000000 ) ) ;
#742 = VECTOR ( 'NONE', #1300, 1000.000000000000000 ) ;
#743 = FACE_OUTER_BOUND ( 'NONE', #685, .T. ) ;
#744 = ORIENTED_EDGE ( 'NONE', *, *, #1049, .T. ) ;
#745 = PRESENTATION_STYLE_ASSIGNMENT (( #138 ) ) ;
#746 = AXIS2_PLACEMENT_3D ( 'NONE', #1450, #861, #1459 ) ;
#747 = VERTEX_POINT ( 'NONE', #1514 ) ;
#748 = LINE ( 'NONE', #988, #1207 ) ;
#749 = ADVANCED_FACE ( 'NONE', ( #911 ), #1365, .F. ) ;
#750 = CARTESIAN_POINT ( 'NONE',  ( 0.2500000000000002776, 0.2999999999999999889, -0.4299999999999998823 ) ) ;
#751 = CIRCLE ( 'NONE', #902, 0.05000000000000002359 ) ;
#752 = CIRCLE ( 'NONE', #948, 0.09999999999999999167 ) ;
#753 = LINE ( 'NONE', #1436, #1358 ) ;
#754 = VERTEX_POINT ( 'NONE', #415 ) ;
#755 = DIRECTION ( 'NONE',  ( 0.000000000000000000, 0.000000000000000000, -1.000000000000000000 ) ) ;
#756 = EDGE_LOOP ( 'NONE', ( #971, #156, #803, #1120 ) ) ;
#757 = VECTOR ( 'NONE', #149, 1000.000000000000000 ) ;
#758 = CARTESIAN_POINT ( 'NONE',  ( 0.7500000000000004441, 2.749285568453591289, 0.3500000000000001998 ) ) ;
#759 = CARTESIAN_POINT ( 'NONE',  ( 0.6500000000000001332, 0.2999999999999999889, 0.4300000000000001599 ) ) ;
#760 = CARTESIAN_POINT ( 'NONE',  ( 0.000000000000000000, 0.2999999999999999889, 0.000000000000000000 ) ) ;
#761 = DIRECTION ( 'NONE',  ( -0.7071067811865473507, 0.000000000000000000, -0.7071067811865477948 ) ) ;
#762 = ORIENTED_EDGE ( 'NONE', *, *, #553, .F. ) ;
#763 = CARTESIAN_POINT ( 'NONE',  ( -0.6500000000000000222, 0.000000000000000000, -0.4299999999999999378 ) ) ;
#764 = LINE ( 'NONE', #57, #125 ) ;
#765 = DIRECTION ( 'NONE',  ( -2.464095846557964892E-16, 0.000000000000000000, 1.000000000000000000 ) ) ;
#766 = CARTESIAN_POINT ( 'NONE',  ( -0.7999999999999996003, -1.496796226411320818, -0.5000000000000002220 ) ) ;
#767 = ORIENTED_EDGE ( 'NONE', *, *, #222, .F. ) ;
#768 = DIRECTION ( 'NONE',  ( -0.000000000000000000, -1.000000000000000000, -0.000000000000000000 ) ) ;
#769 = AXIS2_PLACEMENT_3D ( 'NONE', #934, #1209, #366 ) ;
#770 = CARTESIAN_POINT ( 'NONE',  ( -0.7999999999999996003, 0.000000000000000000, -0.000000000000000000 ) ) ;
#771 = ADVANCED_FACE ( 'NONE', ( #669 ), #70, .F. ) ;
#772 = DIRECTION ( 'NONE',  ( 1.000000000000000000, 0.000000000000000000, 1.260700200564540338E-16 ) ) ;
#773 = VECTOR ( 'NONE', #570, 1000.000000000000000 ) ;
#774 = DIRECTION ( 'NONE',  ( -0.000000000000000000, -1.000000000000000000, -0.000000000000000000 ) ) ;
#775 = LINE ( 'NONE', #1255, #1284 ) ;
#776 = EDGE_CURVE ( 'NONE', #38, #722, #538, .T. ) ;
#777 = EDGE_CURVE ( 'NONE', #1490, #71, #1388, .T. ) ;
#778 = ORIENTED_EDGE ( 'NONE', *, *, #14, .T. ) ;
#779 = CARTESIAN_POINT ( 'NONE',  ( -0.7999999999999996003, 0.3900000000000000133, -0.5000000000000002220 ) ) ;
#780 = EDGE_LOOP ( 'NONE', ( #108, #811, #896, #1439, #1098, #817, #262, #985 ) ) ;
#781 = PLANE ( 'NONE',  #1369 ) ;
#782 = VECTOR ( 'NONE', #343, 1000.000000000000000 ) ;
#783 = UNCERTAINTY_MEASURE_WITH_UNIT (LENGTH_MEASURE( 1.000000000000000082E-05 ), #818, 'distance_accuracy_value', 'NONE');
#784 = DIRECTION ( 'NONE',  ( 0.000000000000000000, 1.000000000000000000, 0.000000000000000000 ) ) ;
#785 = LINE ( 'NONE', #888, #734 ) ;
#786 = VERTEX_POINT ( 'NONE', #556 ) ;
#787 = DIRECTION ( 'NONE',  ( 0.000000000000000000, 1.000000000000000000, -0.000000000000000000 ) ) ;
#788 = VERTEX_POINT ( 'NONE', #664 ) ;
#789 = DIRECTION ( 'NONE',  ( 0.000000000000000000, 1.000000000000000000, -0.000000000000000000 ) ) ;
#790 = CARTESIAN_POINT ( 'NONE',  ( -0.2499999999999999445, 0.2999999999999999889, -0.4299999999999999378 ) ) ;
#791 = ORIENTED_EDGE ( 'NONE', *, *, #1472, .T. ) ;
#792 = CARTESIAN_POINT ( 'NONE',  ( -0.6500000000000001332, 0.000000000000000000, 0.4299999999999999933 ) ) ;
#793 = ORIENTED_EDGE ( 'NONE', *, *, #571, .F. ) ;
#794 = FACE_OUTER_BOUND ( 'NONE', #1540, .T. ) ;
#795 = AXIS2_PLACEMENT_3D ( 'NONE', #758, #158, #741 ) ;
#796 = ADVANCED_FACE ( 'NONE', ( #1031 ), #322, .T. ) ;
#797 = ADVANCED_FACE ( 'NONE', ( #1508 ), #1052, .T. ) ;
#798 = DIRECTION ( 'NONE',  ( 0.000000000000000000, 0.000000000000000000, 1.000000000000000000 ) ) ;
#799 = AXIS2_PLACEMENT_3D ( 'NONE', #201, #1491, #438 ) ;
#800 = ORIENTED_EDGE ( 'NONE', *, *, #1241, .F. ) ;
#801 = PLANE ( 'NONE',  #1484 ) ;
#802 = VECTOR ( 'NONE', #1084, 1000.000000000000000 ) ;
#803 = ORIENTED_EDGE ( 'NONE', *, *, #1193, .T. ) ;
#804 = CARTESIAN_POINT ( 'NONE',  ( 0.6500000000000003553, 0.4000000000000000222, 0.4500000000000001776 ) ) ;
#805 = SURFACE_STYLE_FILL_AREA ( #59 ) ;
#806 = VECTOR ( 'NONE', #1502, 1000.000000000000000 ) ;
#807 = CARTESIAN_POINT ( 'NONE',  ( 0.4500000000000001221, 0.2999999999999999889, 0.4300000000000001044 ) ) ;
#808 = AXIS2_PLACEMENT_3D ( 'NONE', #1481, #402, #1357 ) ;
#809 = VERTEX_POINT ( 'NONE', #1519 ) ;
#810 = FACE_OUTER_BOUND ( 'NONE', #491, .T. ) ;
#811 = ORIENTED_EDGE ( 'NONE', *, *, #621, .F. ) ;
#812 = CARTESIAN_POINT ( 'NONE',  ( 0.8000000000000004885, 0.000000000000000000, 0.4999999999999997780 ) ) ;
#813 = DIRECTION ( 'NONE',  ( -0.000000000000000000, 1.000000000000000000, 0.000000000000000000 ) ) ;
#814 = FACE_OUTER_BOUND ( 'NONE', #219, .T. ) ;
#815 = EDGE_LOOP ( 'NONE', ( #864, #1054, #1319, #1167 ) ) ;
#816 = DIRECTION ( 'NONE',  ( 1.000000000000000000, 0.000000000000000000, 0.000000000000000000 ) ) ;
#817 = ORIENTED_EDGE ( 'NONE', *, *, #936, .F. ) ;
#818 =( LENGTH_UNIT ( ) NAMED_UNIT ( * ) SI_UNIT ( .MILLI., .METRE. ) );
#819 = DIRECTION ( 'NONE',  ( -1.000000000000000000, 0.000000000000000000, -0.000000000000000000 ) ) ;
#820 = EDGE_CURVE ( 'NONE', #1041, #1128, #1257, .T. ) ;
#821 = VECTOR ( 'NONE', #112, 1000.000000000000000 ) ;
#822 = DIRECTION ( 'NONE',  ( 0.000000000000000000, 0.000000000000000000, -1.000000000000000000 ) ) ;
#823 = ORIENTED_EDGE ( 'NONE', *, *, #65, .F. ) ;
#824 = CARTESIAN_POINT ( 'NONE',  ( -0.6500000000000003553, 2.749285568453591289, 0.4500000000000001776 ) ) ;
#825 = VECTOR ( 'NONE', #625, 1000.000000000000000 ) ;
#826 = EDGE_CURVE ( 'NONE', #1531, #442, #751, .T. ) ;
#827 = ORIENTED_EDGE ( 'NONE', *, *, #583, .T. ) ;
#828 = VECTOR ( 'NONE', #1251, 1000.000000000000000 ) ;
#829 = FILL_AREA_STYLE_COLOUR ( '', #1401 ) ;
#830 = DIRECTION ( 'NONE',  ( 0.000000000000000000, 0.000000000000000000, -1.000000000000000000 ) ) ;
#831 = DIRECTION ( 'NONE',  ( 0.000000000000000000, 0.000000000000000000, -1.000000000000000000 ) ) ;
#832 = VECTOR ( 'NONE', #765, 1000.000000000000000 ) ;
#833 = ORIENTED_EDGE ( 'NONE', *, *, #1446, .F. ) ;
#834 = CARTESIAN_POINT ( 'NONE',  ( 0.6500000000000003553, 0.5000000000000000000, -0.3500000000000001998 ) ) ;
#835 = CIRCLE ( 'NONE', #884, 0.05000000000000002359 ) ;
#836 = VERTEX_POINT ( 'NONE', #1244 ) ;
#837 = CARTESIAN_POINT ( 'NONE',  ( -0.2499999999999999445, 0.2999999999999999889, -0.4299999999999999378 ) ) ;
#838 = EDGE_CURVE ( 'NONE', #437, #899, #171, .T. ) ;
#839 = LINE ( 'NONE', #1292, #1505 ) ;
#840 = ADVANCED_FACE ( 'NONE', ( #52 ), #1023, .T. ) ;
#841 = CARTESIAN_POINT ( 'NONE',  ( 0.8000000000000004885, 0.3900000000000000133, 0.4999999999999997780 ) ) ;
#842 = EDGE_LOOP ( 'NONE', ( #1420, #535, #1444, #451 ) ) ;
#843 = DIRECTION ( 'NONE',  ( 0.000000000000000000, -1.000000000000000000, 0.000000000000000000 ) ) ;
#844 = EDGE_LOOP ( 'NONE', ( #910, #382, #1267, #514 ) ) ;
#845 = CARTESIAN_POINT ( 'NONE',  ( 0.2500000000000002776, 0.000000000000000000, -0.4299999999999998823 ) ) ;
#846 = EDGE_CURVE ( 'NONE', #937, #193, #307, .T. ) ;
#847 = CARTESIAN_POINT ( 'NONE',  ( 0.7000000000000003997, 0.5000000000000000000, -0.3500000000000001998 ) ) ;
#848 = ORIENTED_EDGE ( 'NONE', *, *, #3, .F. ) ;
#849 = CARTESIAN_POINT ( 'NONE',  ( 0.4500000000000001221, 0.2999999999999999889, 0.4300000000000001044 ) ) ;
#850 = EDGE_LOOP ( 'NONE', ( #1474, #906, #1190, #513 ) ) ;
#851 = DIRECTION ( 'NONE',  ( -1.000000000000000000, 0.000000000000000000, -2.710505431213761578E-16 ) ) ;
#852 = VECTOR ( 'NONE', #768, 1000.000000000000000 ) ;
#853 = CARTESIAN_POINT ( 'NONE',  ( 0.6500000000000001332, 0.2999999999999999889, -0.4299999999999997713 ) ) ;
#854 = CARTESIAN_POINT ( 'NONE',  ( 0.8000000000000004885, -1.496796226411320818, 0.4999999999999997780 ) ) ;
#855 = ORIENTED_EDGE ( 'NONE', *, *, #1398, .F. ) ;
#856 = CARTESIAN_POINT ( 'NONE',  ( -0.6500000000000001332, 0.2999999999999999889, 0.4299999999999999933 ) ) ;
#857 = VECTOR ( 'NONE', #1110, 1000.000000000000000 ) ;
#858 = ORIENTED_EDGE ( 'NONE', *, *, #473, .F. ) ;
#859 = EDGE_CURVE ( 'NONE', #71, #1184, #630, .T. ) ;
#860 = DIRECTION ( 'NONE',  ( -1.000000000000000000, -0.000000000000000000, 0.000000000000000000 ) ) ;
#861 = DIRECTION ( 'NONE',  ( 0.000000000000000000, -1.000000000000000000, 0.000000000000000000 ) ) ;
#862 = UNCERTAINTY_MEASURE_WITH_UNIT (LENGTH_MEASURE( 1.000000000000000082E-05 ), #496, 'distance_accuracy_value', 'NONE');
#863 = DIRECTION ( 'NONE',  ( 1.000000000000000000, -0.000000000000000000, 0.000000000000000000 ) ) ;
#864 = ORIENTED_EDGE ( 'NONE', *, *, #1546, .T. ) ;
#865 = CARTESIAN_POINT ( 'NONE',  ( 0.2500000000000001110, 0.000000000000000000, 0.2300000000000000377 ) ) ;
#866 = VERTEX_POINT ( 'NONE', #115 ) ;
#867 = DIRECTION ( 'NONE',  ( -1.000000000000000000, 0.000000000000000000, -2.710505431213761578E-16 ) ) ;
#868 = LINE ( 'NONE', #853, #73 ) ;
#869 = EDGE_CURVE ( 'NONE', #668, #937, #234, .T. ) ;
#870 = DIRECTION ( 'NONE',  ( 0.000000000000000000, 0.000000000000000000, 1.000000000000000000 ) ) ;
#871 = ORIENTED_EDGE ( 'NONE', *, *, #26, .T. ) ;
#872 =( NAMED_UNIT ( * ) SI_UNIT ( $, .STERADIAN. ) SOLID_ANGLE_UNIT ( ) );
#873 = CIRCLE ( 'NONE', #198, 0.09999999999999999167 ) ;
#874 = EDGE_LOOP ( 'NONE', ( #18, #1549, #1236, #200 ) ) ;
#875 = CYLINDRICAL_SURFACE ( 'NONE', #53, 0.05000000000000002359 ) ;
#876 = CARTESIAN_POINT ( 'NONE',  ( -0.7500000000000004441, 0.4499999999999999001, -0.3500000000000002554 ) ) ;
#877 = PRESENTATION_LAYER_ASSIGNMENT (  '', '', ( #1553 ) ) ;
#878 =( GEOMETRIC_REPRESENTATION_CONTEXT ( 3 ) GLOBAL_UNCERTAINTY_ASSIGNED_CONTEXT ( ( #1018 ) ) GLOBAL_UNIT_ASSIGNED_CONTEXT ( ( #716, #1527, #477 ) ) REPRESENTATION_CONTEXT ( 'NONE', 'WORKASPACE' ) );
#879 = CARTESIAN_POINT ( 'NONE',  ( -0.7999999999999996003, -1.496796226411320818, 0.4999999999999997780 ) ) ;
#880 = CARTESIAN_POINT ( 'NONE',  ( -1.668003342285391058E-17, 0.4500000000000000111, -0.4000000000000001887 ) ) ;
#881 = CARTESIAN_POINT ( 'NONE',  ( 0.6500000000000001332, 0.000000000000000000, -0.4299999999999997713 ) ) ;
#882 = ORIENTED_EDGE ( 'NONE', *, *, #952, .F. ) ;
#883 = DIRECTION ( 'NONE',  ( 0.000000000000000000, 1.000000000000000000, 0.000000000000000000 ) ) ;
#884 = AXIS2_PLACEMENT_3D ( 'NONE', #1443, #372, #1332 ) ;
#885 = DIRECTION ( 'NONE',  ( -0.000000000000000000, -1.000000000000000000, -0.000000000000000000 ) ) ;
#886 = EDGE_CURVE ( 'NONE', #474, #747, #277, .T. ) ;
#887 = LINE ( 'NONE', #1003, #1024 ) ;
#888 = CARTESIAN_POINT ( 'NONE',  ( -0.6500000000000001332, 0.2999999999999999889, 0.4299999999999999933 ) ) ;
#889 = ORIENTED_EDGE ( 'NONE', *, *, #615, .T. ) ;
#890 = DIRECTION ( 'NONE',  ( -1.000000000000000000, 0.000000000000000000, -0.000000000000000000 ) ) ;
#891 = EDGE_CURVE ( 'NONE', #539, #939, #80, .T. ) ;
#892 = ORIENTED_EDGE ( 'NONE', *, *, #454, .F. ) ;
#893 = CARTESIAN_POINT ( 'NONE',  ( 0.6500000000000001332, 0.000000000000000000, 8.194551303669514413E-17 ) ) ;
#894 = EDGE_CURVE ( 'NONE', #1533, #1184, #586, .T. ) ;
#895 =( NAMED_UNIT ( * ) SI_UNIT ( $, .STERADIAN. ) SOLID_ANGLE_UNIT ( ) );
#896 = ORIENTED_EDGE ( 'NONE', *, *, #859, .F. ) ;
#897 = PLANE ( 'NONE',  #701 ) ;
#898 = VECTOR ( 'NONE', #885, 1000.000000000000000 ) ;
#899 = VERTEX_POINT ( 'NONE', #460 ) ;
#900 = DIRECTION ( 'NONE',  ( 0.000000000000000000, 0.000000000000000000, 1.000000000000000000 ) ) ;
#901 = DIRECTION ( 'NONE',  ( 0.000000000000000000, 0.000000000000000000, -1.000000000000000000 ) ) ;
#902 = AXIS2_PLACEMENT_3D ( 'NONE', #63, #1006, #314 ) ;
#903 = DIRECTION ( 'NONE',  ( 0.000000000000000000, 0.000000000000000000, 1.000000000000000000 ) ) ;
#904 = VERTEX_POINT ( 'NONE', #1430 ) ;
#905 = CARTESIAN_POINT ( 'NONE',  ( -0.6500000000000000222, 0.2999999999999999889, -0.4299999999999999378 ) ) ;
#906 = ORIENTED_EDGE ( 'NONE', *, *, #981, .F. ) ;
#907 = DIRECTION ( 'NONE',  ( -0.000000000000000000, -1.000000000000000000, -0.000000000000000000 ) ) ;
#908 = PRESENTATION_LAYER_ASSIGNMENT (  '', '', ( #337 ) ) ;
#909 = DIRECTION ( 'NONE',  ( 0.000000000000000000, 0.000000000000000000, 1.000000000000000000 ) ) ;
#910 = ORIENTED_EDGE ( 'NONE', *, *, #1333, .F. ) ;
#911 = FACE_OUTER_BOUND ( 'NONE', #1211, .T. ) ;
#912 = EDGE_CURVE ( 'NONE', #1533, #1490, #673, .T. ) ;
#913 = ORIENTED_EDGE ( 'NONE', *, *, #480, .T. ) ;
#914 = LINE ( 'NONE', #770, #828 ) ;
#915 = FACE_OUTER_BOUND ( 'NONE', #1447, .T. ) ;
#916 = ORIENTED_EDGE ( 'NONE', *, *, #82, .T. ) ;
#917 = DIRECTION ( 'NONE',  ( 0.000000000000000000, 0.000000000000000000, 1.000000000000000000 ) ) ;
#918 = CARTESIAN_POINT ( 'NONE',  ( -0.6500000000000003553, 0.4500000000000000111, -0.4000000000000001887 ) ) ;
#919 = DIRECTION ( 'NONE',  ( 1.000000000000000000, -0.000000000000000000, 2.710505431213761578E-16 ) ) ;
#920 = VECTOR ( 'NONE', #375, 1000.000000000000000 ) ;
#921 = VERTEX_POINT ( 'NONE', #714 ) ;
#922 = LINE ( 'NONE', #1289, #1529 ) ;
#923 = VECTOR ( 'NONE', #1017, 1000.000000000000000 ) ;
#924 = ORIENTED_EDGE ( 'NONE', *, *, #680, .T. ) ;
#925 = DIRECTION ( 'NONE',  ( -1.000000000000000000, 0.000000000000000000, 4.170008355713475795E-17 ) ) ;
#926 = AXIS2_PLACEMENT_3D ( 'NONE', #567, #1043, #457 ) ;
#927 = FACE_OUTER_BOUND ( 'NONE', #1335, .T. ) ;
#928 = AXIS2_PLACEMENT_3D ( 'NONE', #1539, #466, #935 ) ;
#929 = ORIENTED_EDGE ( 'NONE', *, *, #273, .F. ) ;
#930 = DIRECTION ( 'NONE',  ( -0.000000000000000000, -1.000000000000000000, -0.000000000000000000 ) ) ;
#931 = ORIENTED_EDGE ( 'NONE', *, *, #1392, .F. ) ;
#932 = ADVANCED_FACE ( 'NONE', ( #1304 ), #801, .T. ) ;
#933 = DIRECTION ( 'NONE',  ( 0.000000000000000000, 0.000000000000000000, 1.000000000000000000 ) ) ;
#934 = CARTESIAN_POINT ( 'NONE',  ( 0.6500000000000001332, 0.2999999999999999889, -0.4299999999999997713 ) ) ;
#935 = DIRECTION ( 'NONE',  ( -1.000000000000000000, 0.000000000000000000, -0.000000000000000000 ) ) ;
#936 = EDGE_CURVE ( 'NONE', #1225, #677, #922, .T. ) ;
#937 = VERTEX_POINT ( 'NONE', #1189 ) ;
#938 = DIRECTION ( 'NONE',  ( 0.000000000000000000, 0.000000000000000000, -1.000000000000000000 ) ) ;
#939 = VERTEX_POINT ( 'NONE', #360 ) ;
#940 = SURFACE_STYLE_FILL_AREA ( #1297 ) ;
#941 = CARTESIAN_POINT ( 'NONE',  ( 0.000000000000000000, 0.3900000000000000133, 0.000000000000000000 ) ) ;
#942 = CIRCLE ( 'NONE', #425, 0.05000000000000002359 ) ;
#943 = CARTESIAN_POINT ( 'NONE',  ( 0.8000000000000004885, 0.4000000000000000222, 0.000000000000000000 ) ) ;
#944 = ORIENTED_EDGE ( 'NONE', *, *, #408, .F. ) ;
#945 = CARTESIAN_POINT ( 'NONE',  ( -0.7000000000000003997, 0.4500000000000000111, 0.000000000000000000 ) ) ;
#946 = AXIS2_PLACEMENT_3D ( 'NONE', #945, #122, #1183 ) ;
#947 = ORIENTED_EDGE ( 'NONE', *, *, #960, .T. ) ;
#948 = AXIS2_PLACEMENT_3D ( 'NONE', #1366, #1139, #301 ) ;
#949 = DIRECTION ( 'NONE',  ( -1.000000000000000000, 0.000000000000000000, -0.000000000000000000 ) ) ;
#950 = CARTESIAN_POINT ( 'NONE',  ( -0.7500000000000004441, 0.4000000000000000222, 0.3500000000000001998 ) ) ;
#951 = DIRECTION ( 'NONE',  ( -1.000000000000000000, 0.000000000000000000, -0.000000000000000000 ) ) ;
#952 = EDGE_CURVE ( 'NONE', #1305, #618, #1541, .T. ) ;
#953 = TOROIDAL_SURFACE ( 'NONE', #1488, 0.05000000000000001665, 0.05000000000000000278 ) ;
#954 = ORIENTED_EDGE ( 'NONE', *, *, #1105, .T. ) ;
#955 = DIRECTION ( 'NONE',  ( -1.000000000000000000, 0.000000000000000000, -0.000000000000000000 ) ) ;
#956 = AXIS2_PLACEMENT_3D ( 'NONE', #256, #1471, #1349 ) ;
#957 = CLOSED_SHELL ( 'NONE', ( #40, #1127, #932, #1390, #315, #620 ) ) ;
#958 = VERTEX_POINT ( 'NONE', #1280 ) ;
#959 = LINE ( 'NONE', #1306, #802 ) ;
#960 = EDGE_CURVE ( 'NONE', #1524, #11, #99, .T. ) ;
#961 = EDGE_CURVE ( 'NONE', #414, #38, #1072, .T. ) ;
#962 = CARTESIAN_POINT ( 'NONE',  ( -0.7000000000000003997, 0.5000000000000000000, 0.3500000000000001998 ) ) ;
#963 = DIRECTION ( 'NONE',  ( 0.000000000000000000, 0.000000000000000000, 1.000000000000000000 ) ) ;
#964 = ORIENTED_EDGE ( 'NONE', *, *, #719, .T. ) ;
#965 = VERTEX_POINT ( 'NONE', #594 ) ;
#966 = PLANE ( 'NONE',  #377 ) ;
#967 = DIRECTION ( 'NONE',  ( -1.000000000000000000, 0.000000000000000000, -1.260700200564540338E-16 ) ) ;
#968 = DIRECTION ( 'NONE',  ( 0.000000000000000000, 0.000000000000000000, -1.000000000000000000 ) ) ;
#969 = VECTOR ( 'NONE', #148, 1000.000000000000000 ) ;
#970 = ORIENTED_EDGE ( 'NONE', *, *, #202, .F. ) ;
#971 = ORIENTED_EDGE ( 'NONE', *, *, #1451, .T. ) ;
#972 = FACE_OUTER_BOUND ( 'NONE', #391, .T. ) ;
#973 = AXIS2_PLACEMENT_3D ( 'NONE', #524, #883, #612 ) ;
#974 = DIRECTION ( 'NONE',  ( 0.000000000000000000, 0.000000000000000000, -1.000000000000000000 ) ) ;
#975 = FACE_OUTER_BOUND ( 'NONE', #43, .T. ) ;
#976 = ORIENTED_EDGE ( 'NONE', *, *, #1057, .F. ) ;
#977 = DIRECTION ( 'NONE',  ( 0.000000000000000000, -1.000000000000000000, 0.000000000000000000 ) ) ;
#978 = AXIS2_PLACEMENT_3D ( 'NONE', #1367, #772, #1011 ) ;
#979 = VERTEX_POINT ( 'NONE', #1421 ) ;
#980 = DIRECTION ( 'NONE',  ( -1.000000000000000000, 0.000000000000000000, -2.710505431213761578E-16 ) ) ;
#981 = EDGE_CURVE ( 'NONE', #921, #809, #92, .T. ) ;
#982 = PLANE ( 'NONE',  #795 ) ;
#983 = PLANE ( 'NONE',  #1515 ) ;
#984 = ADVANCED_FACE ( 'NONE', ( #810 ), #352, .T. ) ;
#985 = ORIENTED_EDGE ( 'NONE', *, *, #1152, .F. ) ;
#986 = PLANE ( 'NONE',  #956 ) ;
#987 = ORIENTED_EDGE ( 'NONE', *, *, #1500, .F. ) ;
#988 = CARTESIAN_POINT ( 'NONE',  ( -0.6500000000000001332, 0.2999999999999999889, 0.4299999999999999933 ) ) ;
#989 = CARTESIAN_POINT ( 'NONE',  ( 0.6500000000000001332, 0.2999999999999999889, 0.4300000000000001599 ) ) ;
#990 = DIRECTION ( 'NONE',  ( 0.000000000000000000, -1.000000000000000000, 0.000000000000000000 ) ) ;
#991 = CARTESIAN_POINT ( 'NONE',  ( -0.7500000000000004441, 2.749285568453591289, -0.3500000000000002554 ) ) ;
#992 = SURFACE_STYLE_FILL_AREA ( #44 ) ;
#993 = VECTOR ( 'NONE', #651, 1000.000000000000000 ) ;
#994 = VERTEX_POINT ( 'NONE', #1438 ) ;
#995 = FACE_OUTER_BOUND ( 'NONE', #1066, .T. ) ;
#996 = EDGE_CURVE ( 'NONE', #958, #601, #692, .T. ) ;
#997 = CARTESIAN_POINT ( 'NONE',  ( 0.8000000000000004885, 0.4000000000000000222, -0.5000000000000002220 ) ) ;
#998 = VECTOR ( 'NONE', #930, 1000.000000000000000 ) ;
#999 = UNCERTAINTY_MEASURE_WITH_UNIT (LENGTH_MEASURE( 1.000000000000000082E-05 ), #411, 'distance_accuracy_value', 'NONE');
#1000 =( GEOMETRIC_REPRESENTATION_CONTEXT ( 3 ) GLOBAL_UNCERTAINTY_ASSIGNED_CONTEXT ( ( #783 ) ) GLOBAL_UNIT_ASSIGNED_CONTEXT ( ( #818, #1320, #1543 ) ) REPRESENTATION_CONTEXT ( 'NONE', 'WORKASPACE' ) );
#1001 = SURFACE_SIDE_STYLE ('',( #427 ) ) ;
#1002 = ADVANCED_FACE ( 'NONE', ( #336 ), #1173, .T. ) ;
#1003 = CARTESIAN_POINT ( 'NONE',  ( -0.6500000000000000222, 0.2999999999999999889, -0.4299999999999999378 ) ) ;
#1004 = LINE ( 'NONE', #288, #1091 ) ;
#1005 = ORIENTED_EDGE ( 'NONE', *, *, #319, .F. ) ;
#1006 = DIRECTION ( 'NONE',  ( 0.000000000000000000, 0.000000000000000000, 1.000000000000000000 ) ) ;
#1007 = ADVANCED_BREP_SHAPE_REPRESENTATION ( 'ECS-.327-6-16R-TR', ( #558, #1085, #24, #545, #1065, #926 ), #1283 ) ;
#1008 = AXIS2_PLACEMENT_3D ( 'NONE', #1393, #1286, #113 ) ;
#1009 = ADVANCED_FACE ( 'NONE', ( #2 ), #699, .F. ) ;
#1010 = LINE ( 'NONE', #678, #22 ) ;
#1011 = DIRECTION ( 'NONE',  ( 1.260700200564540338E-16, 0.000000000000000000, -1.000000000000000000 ) ) ;
#1012 = LINE ( 'NONE', #332, #1237 ) ;
#1013 = PLANE ( 'NONE',  #808 ) ;
#1014 = ORIENTED_EDGE ( 'NONE', *, *, #912, .T. ) ;
#1015 = CARTESIAN_POINT ( 'NONE',  ( -0.6500000000000003553, 2.749285568453591289, -0.3500000000000002554 ) ) ;
#1016 = ORIENTED_EDGE ( 'NONE', *, *, #153, .F. ) ;
#1017 = DIRECTION ( 'NONE',  ( -1.260700200564540338E-16, 0.000000000000000000, 1.000000000000000000 ) ) ;
#1018 = UNCERTAINTY_MEASURE_WITH_UNIT (LENGTH_MEASURE( 1.000000000000000082E-05 ), #716, 'distance_accuracy_value', 'NONE');
#1019 = FACE_OUTER_BOUND ( 'NONE', #850, .T. ) ;
#1020 = CARTESIAN_POINT ( 'NONE',  ( -0.2499999999999999445, 0.2999999999999999889, 0.4299999999999999933 ) ) ;
#1021 = CARTESIAN_POINT ( 'NONE',  ( 0.4500000000000001221, 0.000000000000000000, 0.4300000000000001044 ) ) ;
#1022 = ORIENTED_EDGE ( 'NONE', *, *, #705, .F. ) ;
#1023 = PLANE ( 'NONE',  #1456 ) ;
#1024 = VECTOR ( 'NONE', #1363, 1000.000000000000000 ) ;
#1025 = FACE_BOUND ( 'NONE', #1047, .T. ) ;
#1026 = ADVANCED_FACE ( 'NONE', ( #730 ), #37, .F. ) ;
#1027 = AXIS2_PLACEMENT_3D ( 'NONE', #1382, #787, #938 ) ;
#1028 = AXIS2_PLACEMENT_3D ( 'NONE', #1067, #1550, #949 ) ;
#1029 = CARTESIAN_POINT ( 'NONE',  ( -0.7999999999999996003, 0.4000000000000000222, -0.5000000000000002220 ) ) ;
#1030 = ORIENTED_EDGE ( 'NONE', *, *, #1398, .T. ) ;
#1031 = FACE_OUTER_BOUND ( 'NONE', #1176, .T. ) ;
#1032 = CARTESIAN_POINT ( 'NONE',  ( -0.7999999999999996003, 0.000000000000000000, -0.5000000000000002220 ) ) ;
#1033 = VECTOR ( 'NONE', #1217, 1000.000000000000000 ) ;
#1034 = EDGE_CURVE ( 'NONE', #193, #278, #1336, .T. ) ;
#1035 = CIRCLE ( 'NONE', #486, 0.05000000000000002359 ) ;
#1036 = VECTOR ( 'NONE', #1125, 1000.000000000000000 ) ;
#1037 = CYLINDRICAL_SURFACE ( 'NONE', #1234, 0.09999999999999999167 ) ;
#1038 = VERTEX_POINT ( 'NONE', #865 ) ;
#1039 = PRODUCT_RELATED_PRODUCT_CATEGORY ( 'part', '', ( #404 ) ) ;
#1040 = DIRECTION ( 'NONE',  ( 0.000000000000000000, 0.000000000000000000, -1.000000000000000000 ) ) ;
#1041 = VERTEX_POINT ( 'NONE', #849 ) ;
#1042 = CARTESIAN_POINT ( 'NONE',  ( 0.7000000000000003997, 0.5000000000000000000, 0.3500000000000001998 ) ) ;
#1043 = DIRECTION ( 'NONE',  ( 0.000000000000000000, 0.000000000000000000, 1.000000000000000000 ) ) ;
#1044 = CARTESIAN_POINT ( 'NONE',  ( 0.7500000000000004441, 2.749285568453591289, -0.3500000000000001998 ) ) ;
#1045 = VERTEX_POINT ( 'NONE', #1318 ) ;
#1046 = DIRECTION ( 'NONE',  ( 0.000000000000000000, 1.000000000000000000, 0.000000000000000000 ) ) ;
#1047 = EDGE_LOOP ( 'NONE', ( #1073, #1350, #1063, #1213, #1165 ) ) ;
#1048 = CARTESIAN_POINT ( 'NONE',  ( -0.6500000000000001332, 0.2999999999999999889, 0.4299999999999999933 ) ) ;
#1049 = EDGE_CURVE ( 'NONE', #809, #958, #162, .T. ) ;
#1050 = CARTESIAN_POINT ( 'NONE',  ( 0.6500000000000003553, 2.749285568453591289, -0.4500000000000001776 ) ) ;
#1051 = DIRECTION ( 'NONE',  ( -0.000000000000000000, -1.000000000000000000, -0.000000000000000000 ) ) ;
#1052 = TOROIDAL_SURFACE ( 'NONE', #452, 0.05000000000000001665, 0.05000000000000000278 ) ;
#1053 = EDGE_CURVE ( 'NONE', #1288, #1531, #1104, .T. ) ;
#1054 = ORIENTED_EDGE ( 'NONE', *, *, #342, .F. ) ;
#1055 = DIRECTION ( 'NONE',  ( -1.000000000000000000, 0.000000000000000000, 0.000000000000000000 ) ) ;
#1056 = ORIENTED_EDGE ( 'NONE', *, *, #1494, .T. ) ;
#1057 = EDGE_CURVE ( 'NONE', #1348, #1138, #263, .T. ) ;
#1058 = EDGE_CURVE ( 'NONE', #1226, #965, #1204, .T. ) ;
#1059 = CARTESIAN_POINT ( 'NONE',  ( 0.6500000000000001332, 0.2999999999999999889, -0.4299999999999997713 ) ) ;
#1060 = PRODUCT_CONTEXT ( 'NONE', #518, 'mechanical' ) ;
#1061 = AXIS2_PLACEMENT_3D ( 'NONE', #1316, #1223, #481 ) ;
#1062 = CARTESIAN_POINT ( 'NONE',  ( 0.2500000000000001110, 0.2999999999999999889, 0.2300000000000000377 ) ) ;
#1063 = ORIENTED_EDGE ( 'NONE', *, *, #15, .F. ) ;
#1064 = DIRECTION ( 'NONE',  ( -1.000000000000000000, 0.000000000000000000, 0.000000000000000000 ) ) ;
#1065 = MANIFOLD_SOLID_BREP ( 'Boss-Extrude3[2]', #1461 ) ;
#1066 = EDGE_LOOP ( 'NONE', ( #1405, #565, #964, #93 ) ) ;
#1067 = CARTESIAN_POINT ( 'NONE',  ( 0.000000000000000000, 0.4000000000000000222, 0.4999999999999997780 ) ) ;
#1068 = VECTOR ( 'NONE', #418, 1000.000000000000000 ) ;
#1069 = DIRECTION ( 'NONE',  ( 0.000000000000000000, 0.000000000000000000, 1.000000000000000000 ) ) ;
#1070 = CYLINDRICAL_SURFACE ( 'NONE', #613, 0.09999999999999999167 ) ;
#1071 = VERTEX_POINT ( 'NONE', #856 ) ;
#1072 = LINE ( 'NONE', #1166, #181 ) ;
#1073 = ORIENTED_EDGE ( 'NONE', *, *, #609, .F. ) ;
#1074 = CARTESIAN_POINT ( 'NONE',  ( -0.6500000000000003553, 0.5000000000000000000, -0.4000000000000001887 ) ) ;
#1075 = LINE ( 'NONE', #1552, #1102 ) ;
#1076 = VECTOR ( 'NONE', #1282, 1000.000000000000000 ) ;
#1077 = DIRECTION ( 'NONE',  ( -2.710505431213761578E-16, 0.000000000000000000, 1.000000000000000000 ) ) ;
#1078 = ADVANCED_FACE ( 'NONE', ( #520 ), #986, .T. ) ;
#1079 = ADVANCED_FACE ( 'NONE', ( #1445 ), #279, .T. ) ;
#1080 = VERTEX_POINT ( 'NONE', #1233 ) ;
#1081 = CARTESIAN_POINT ( 'NONE',  ( -0.7999999999999996003, 0.4000000000000000222, 0.000000000000000000 ) ) ;
#1082 = ORIENTED_EDGE ( 'NONE', *, *, #174, .T. ) ;
#1083 = MECHANICAL_DESIGN_GEOMETRIC_PRESENTATION_REPRESENTATION (  '', ( #1352 ), #1000 ) ;
#1084 = DIRECTION ( 'NONE',  ( 0.000000000000000000, 0.000000000000000000, -1.000000000000000000 ) ) ;
#1085 = MANIFOLD_SOLID_BREP ( 'Housing ', #588 ) ;
#1086 = PLANE ( 'NONE',  #769 ) ;
#1087 = LINE ( 'NONE', #246, #757 ) ;
#1088 = VECTOR ( 'NONE', #784, 1000.000000000000000 ) ;
#1089 = EDGE_LOOP ( 'NONE', ( #715, #1259, #1265, #739 ) ) ;
#1090 = PRESENTATION_STYLE_ASSIGNMENT (( #248 ) ) ;
#1091 = VECTOR ( 'NONE', #761, 999.9999999999998863 ) ;
#1092 = VERTEX_POINT ( 'NONE', #1379 ) ;
#1093 = CARTESIAN_POINT ( 'NONE',  ( -0.7999999999999996003, 0.3899999999999999578, -0.5000000000000002220 ) ) ;
#1094 = DIRECTION ( 'NONE',  ( -0.000000000000000000, -1.000000000000000000, -0.000000000000000000 ) ) ;
#1095 = EDGE_CURVE ( 'NONE', #1045, #754, #641, .T. ) ;
#1096 = CARTESIAN_POINT ( 'NONE',  ( 0.8000000000000004885, 0.4000000000000000222, -0.5000000000000002220 ) ) ;
#1097 = VERTEX_POINT ( 'NONE', #647 ) ;
#1098 = ORIENTED_EDGE ( 'NONE', *, *, #504, .F. ) ;
#1099 = EDGE_CURVE ( 'NONE', #1092, #994, #662, .T. ) ;
#1100 = CARTESIAN_POINT ( 'NONE',  ( -0.7500000000000004441, 2.749285568453591289, 0.3500000000000001998 ) ) ;
#1101 = LINE ( 'NONE', #632, #110 ) ;
#1102 = VECTOR ( 'NONE', #243, 1000.000000000000000 ) ;
#1103 = ORIENTED_EDGE ( 'NONE', *, *, #480, .F. ) ;
#1104 = LINE ( 'NONE', #390, #1276 ) ;
#1105 = EDGE_CURVE ( 'NONE', #130, #1038, #536, .T. ) ;
#1106 = ORIENTED_EDGE ( 'NONE', *, *, #1175, .F. ) ;
#1107 = CARTESIAN_POINT ( 'NONE',  ( -0.2499999999999999445, 0.2999999999999999889, -0.4299999999999999378 ) ) ;
#1108 = VECTOR ( 'NONE', #1404, 1000.000000000000000 ) ;
#1109 = PLANE ( 'NONE',  #746 ) ;
#1110 = DIRECTION ( 'NONE',  ( -1.000000000000000000, 0.000000000000000000, -2.710505431213761578E-16 ) ) ;
#1111 = ORIENTED_EDGE ( 'NONE', *, *, #1241, .T. ) ;
#1112 = CARTESIAN_POINT ( 'NONE',  ( 0.4500000000000001221, 0.2999999999999999889, 0.4300000000000001044 ) ) ;
#1113 = ORIENTED_EDGE ( 'NONE', *, *, #777, .T. ) ;
#1114 = DIRECTION ( 'NONE',  ( -2.710505431213761578E-16, 0.000000000000000000, 1.000000000000000000 ) ) ;
#1115 = PLANE ( 'NONE',  #399 ) ;
#1116 = LINE ( 'NONE', #42, #806 ) ;
#1117 =( NAMED_UNIT ( * ) SI_UNIT ( $, .STERADIAN. ) SOLID_ANGLE_UNIT ( ) );
#1118 = EDGE_CURVE ( 'NONE', #921, #1071, #785, .T. ) ;
#1119 = FILL_AREA_STYLE_COLOUR ( '', #1359 ) ;
#1120 = ORIENTED_EDGE ( 'NONE', *, *, #541, .F. ) ;
#1121 = EDGE_CURVE ( 'NONE', #573, #786, #1487, .T. ) ;
#1122 = LINE ( 'NONE', #510, #1155 ) ;
#1123 = DIRECTION ( 'NONE',  ( 0.000000000000000000, -0.000000000000000000, 1.000000000000000000 ) ) ;
#1124 = CARTESIAN_POINT ( 'NONE',  ( 0.000000000000000000, 0.5000000000000000000, 0.000000000000000000 ) ) ;
#1125 = DIRECTION ( 'NONE',  ( -0.000000000000000000, -1.000000000000000000, -0.000000000000000000 ) ) ;
#1126 = DIRECTION ( 'NONE',  ( -1.000000000000000000, 0.000000000000000000, 0.000000000000000000 ) ) ;
#1127 = ADVANCED_FACE ( 'NONE', ( #527 ), #311, .T. ) ;
#1128 = VERTEX_POINT ( 'NONE', #1021 ) ;
#1129 = ORIENTED_EDGE ( 'NONE', *, *, #621, .T. ) ;
#1130 = PLANE ( 'NONE',  #1224 ) ;
#1131 = VECTOR ( 'NONE', #85, 1000.000000000000000 ) ;
#1132 = CIRCLE ( 'NONE', #453, 0.09999999999999993616 ) ;
#1133 =( NAMED_UNIT ( * ) PLANE_ANGLE_UNIT ( ) SI_UNIT ( $, .RADIAN. ) );
#1134 = DIRECTION ( 'NONE',  ( 1.000000000000000000, -0.000000000000000000, 2.710505431213761578E-16 ) ) ;
#1135 = PLANE ( 'NONE',  #683 ) ;
#1136 = ORIENTED_EDGE ( 'NONE', *, *, #406, .F. ) ;
#1137 = DIRECTION ( 'NONE',  ( 0.000000000000000000, -1.000000000000000000, 0.000000000000000000 ) ) ;
#1138 = VERTEX_POINT ( 'NONE', #1242 ) ;
#1139 = DIRECTION ( 'NONE',  ( -0.000000000000000000, -1.000000000000000000, 0.000000000000000000 ) ) ;
#1140 = VECTOR ( 'NONE', #1157, 1000.000000000000000 ) ;
#1141 = ADVANCED_FACE ( 'NONE', ( #436 ), #1144, .T. ) ;
#1142 = APPLICATION_PROTOCOL_DEFINITION ( 'draft international standard', 'automotive_design', 1998, #518 ) ;
#1143 = PRESENTATION_STYLE_ASSIGNMENT (( #640 ) ) ;
#1144 = CYLINDRICAL_SURFACE ( 'NONE', #211, 0.05000000000000002359 ) ;
#1145 = ORIENTED_EDGE ( 'NONE', *, *, #344, .T. ) ;
#1146 = DIRECTION ( 'NONE',  ( 0.000000000000000000, 1.000000000000000000, -0.000000000000000000 ) ) ;
#1147 = CARTESIAN_POINT ( 'NONE',  ( -0.6500000000000003553, 0.5000000000000000000, 0.4000000000000001887 ) ) ;
#1148 = EDGE_CURVE ( 'NONE', #648, #904, #1263, .T. ) ;
#1149 =( LENGTH_UNIT ( ) NAMED_UNIT ( * ) SI_UNIT ( .MILLI., .METRE. ) );
#1150 = ORIENTED_EDGE ( 'NONE', *, *, #1452, .F. ) ;
#1151 = CARTESIAN_POINT ( 'NONE',  ( -0.7500000000000004441, 2.749285568453591289, 0.3500000000000001998 ) ) ;
#1152 = EDGE_CURVE ( 'NONE', #747, #836, #1386, .T. ) ;
#1153 = VECTOR ( 'NONE', #1154, 999.9999999999998863 ) ;
#1154 = DIRECTION ( 'NONE',  ( -0.7071067811865473507, 0.000000000000000000, -0.7071067811865477948 ) ) ;
#1155 = VECTOR ( 'NONE', #290, 1000.000000000000000 ) ;
#1156 = CIRCLE ( 'NONE', #557, 0.09999999999999993616 ) ;
#1157 = DIRECTION ( 'NONE',  ( 0.000000000000000000, -1.000000000000000000, 0.000000000000000000 ) ) ;
#1158 = EDGE_LOOP ( 'NONE', ( #229, #335, #762, #970 ) ) ;
#1159 = DIRECTION ( 'NONE',  ( 0.000000000000000000, -0.000000000000000000, 1.000000000000000000 ) ) ;
#1160 = DIRECTION ( 'NONE',  ( 0.000000000000000000, 0.000000000000000000, 1.000000000000000000 ) ) ;
#1161 = AXIS2_PLACEMENT_3D ( 'NONE', #727, #394, #378 ) ;
#1162 = VECTOR ( 'NONE', #199, 1000.000000000000000 ) ;
#1163 = DIRECTION ( 'NONE',  ( 0.000000000000000000, 1.000000000000000000, -0.000000000000000000 ) ) ;
#1164 = EDGE_CURVE ( 'NONE', #414, #11, #320, .T. ) ;
#1165 = ORIENTED_EDGE ( 'NONE', *, *, #583, .F. ) ;
#1166 = CARTESIAN_POINT ( 'NONE',  ( -0.2499999999999999445, 0.2999999999999999889, -0.4299999999999999378 ) ) ;
#1167 = ORIENTED_EDGE ( 'NONE', *, *, #1099, .T. ) ;
#1168 = CARTESIAN_POINT ( 'NONE',  ( -0.6500000000000000222, 0.2999999999999999889, -0.4299999999999999378 ) ) ;
#1169 = CARTESIAN_POINT ( 'NONE',  ( -0.7999999999999996003, -1.496796226411320818, 0.4999999999999997780 ) ) ;
#1170 = ADVANCED_FACE ( 'NONE', ( #68 ), #1135, .F. ) ;
#1171 = LINE ( 'NONE', #458, #1434 ) ;
#1172 = ORIENTED_EDGE ( 'NONE', *, *, #26, .F. ) ;
#1173 = PLANE ( 'NONE',  #1512 ) ;
#1174 = ADVANCED_FACE ( 'NONE', ( #672 ), #1013, .F. ) ;
#1175 = EDGE_CURVE ( 'NONE', #1138, #1437, #1004, .T. ) ;
#1176 = EDGE_LOOP ( 'NONE', ( #1172, #389, #650, #368 ) ) ;
#1177 = DIRECTION ( 'NONE',  ( 0.000000000000000000, 1.000000000000000000, -0.000000000000000000 ) ) ;
#1178 = VECTOR ( 'NONE', #1094, 1000.000000000000000 ) ;
#1179 = DIRECTION ( 'NONE',  ( 0.000000000000000000, 0.000000000000000000, -1.000000000000000000 ) ) ;
#1180 = DIRECTION ( 'NONE',  ( 0.000000000000000000, 1.000000000000000000, -0.000000000000000000 ) ) ;
#1181 = VECTOR ( 'NONE', #867, 1000.000000000000000 ) ;
#1182 = ORIENTED_EDGE ( 'NONE', *, *, #846, .F. ) ;
#1183 = DIRECTION ( 'NONE',  ( -1.000000000000000000, 0.000000000000000000, 0.000000000000000000 ) ) ;
#1184 = VERTEX_POINT ( 'NONE', #1497 ) ;
#1185 = CARTESIAN_POINT ( 'NONE',  ( -0.6500000000000003553, 0.4499999999999999001, -0.4500000000000001776 ) ) ;
#1186 = VECTOR ( 'NONE', #533, 1000.000000000000000 ) ;
#1187 = CARTESIAN_POINT ( 'NONE',  ( 0.7500000000000004441, 0.4499999999999999001, -0.3500000000000001998 ) ) ;
#1188 = ORIENTED_EDGE ( 'NONE', *, *, #571, .T. ) ;
#1189 = CARTESIAN_POINT ( 'NONE',  ( -0.7999999999999996003, 0.3900000000000000133, -0.5000000000000002220 ) ) ;
#1190 = ORIENTED_EDGE ( 'NONE', *, *, #435, .F. ) ;
#1191 = SURFACE_STYLE_USAGE ( .BOTH. , #242 ) ;
#1192 = PLANE ( 'NONE',  #1449 ) ;
#1193 = EDGE_CURVE ( 'NONE', #1533, #482, #412, .T. ) ;
#1194 = DIRECTION ( 'NONE',  ( 0.000000000000000000, 0.000000000000000000, 1.000000000000000000 ) ) ;
#1195 =( GEOMETRIC_REPRESENTATION_CONTEXT ( 3 ) GLOBAL_UNCERTAINTY_ASSIGNED_CONTEXT ( ( #426 ) ) GLOBAL_UNIT_ASSIGNED_CONTEXT ( ( #296, #304, #1117 ) ) REPRESENTATION_CONTEXT ( 'NONE', 'WORKASPACE' ) );
#1196 = ORIENTED_EDGE ( 'NONE', *, *, #826, .F. ) ;
#1197 = DIRECTION ( 'NONE',  ( 0.000000000000000000, 0.000000000000000000, 1.000000000000000000 ) ) ;
#1198 = ORIENTED_EDGE ( 'NONE', *, *, #894, .F. ) ;
#1199 = FILL_AREA_STYLE ('',( #463 ) ) ;
#1200 = FACE_OUTER_BOUND ( 'NONE', #1470, .T. ) ;
#1201 = VECTOR ( 'NONE', #440, 1000.000000000000000 ) ;
#1202 = LINE ( 'NONE', #847, #587 ) ;
#1203 = ORIENTED_EDGE ( 'NONE', *, *, #197, .F. ) ;
#1204 = LINE ( 'NONE', #1342, #1205 ) ;
#1205 = VECTOR ( 'NONE', #843, 1000.000000000000000 ) ;
#1206 = ORIENTED_EDGE ( 'NONE', *, *, #216, .T. ) ;
#1207 = VECTOR ( 'NONE', #140, 1000.000000000000000 ) ;
#1208 = CARTESIAN_POINT ( 'NONE',  ( -0.6500000000000003553, 0.4000000000000000222, -0.3500000000000002554 ) ) ;
#1209 = DIRECTION ( 'NONE',  ( 1.000000000000000000, -0.000000000000000000, 1.260700200564540338E-16 ) ) ;
#1210 = DIRECTION ( 'NONE',  ( 0.000000000000000000, 0.000000000000000000, 1.000000000000000000 ) ) ;
#1211 = EDGE_LOOP ( 'NONE', ( #1188, #599, #823, #1387 ) ) ;
#1212 = CARTESIAN_POINT ( 'NONE',  ( 0.6500000000000003553, 2.749285568453591289, 0.3500000000000001998 ) ) ;
#1213 = ORIENTED_EDGE ( 'NONE', *, *, #680, .F. ) ;
#1214 = FACE_OUTER_BOUND ( 'NONE', #462, .T. ) ;
#1215 = PLANE ( 'NONE',  #324 ) ;
#1216 = EDGE_CURVE ( 'NONE', #326, #1348, #775, .T. ) ;
#1217 = DIRECTION ( 'NONE',  ( 0.000000000000000000, 0.000000000000000000, -1.000000000000000000 ) ) ;
#1218 = EDGE_LOOP ( 'NONE', ( #577, #509, #235, #257 ) ) ;
#1219 = ORIENTED_EDGE ( 'NONE', *, *, #333, .F. ) ;
#1220 = CARTESIAN_POINT ( 'NONE',  ( 0.000000000000000000, 0.3900000000000000133, 0.000000000000000000 ) ) ;
#1221 = ADVANCED_FACE ( 'NONE', ( #927 ), #1070, .T. ) ;
#1222 = DIRECTION ( 'NONE',  ( -0.000000000000000000, -1.000000000000000000, -0.000000000000000000 ) ) ;
#1223 = DIRECTION ( 'NONE',  ( 0.000000000000000000, 0.000000000000000000, 1.000000000000000000 ) ) ;
#1224 = AXIS2_PLACEMENT_3D ( 'NONE', #1339, #644, #1123 ) ;
#1225 = VERTEX_POINT ( 'NONE', #207 ) ;
#1226 = VERTEX_POINT ( 'NONE', #1523 ) ;
#1227 = CARTESIAN_POINT ( 'NONE',  ( -0.7999999999999996003, 0.4000000000000000222, -0.5000000000000002220 ) ) ;
#1228 = AXIS2_PLACEMENT_3D ( 'NONE', #265, #1114, #39 ) ;
#1229 = CIRCLE ( 'NONE', #1555, 0.05000000000000002359 ) ;
#1230 = FACE_OUTER_BOUND ( 'NONE', #593, .T. ) ;
#1231 = DIRECTION ( 'NONE',  ( -1.260700200564540338E-16, 0.000000000000000000, 1.000000000000000000 ) ) ;
#1232 = FILL_AREA_STYLE_COLOUR ( '', #684 ) ;
#1233 = CARTESIAN_POINT ( 'NONE',  ( -0.7999999999999996003, 0.000000000000000000, 0.4999999999999997780 ) ) ;
#1234 = AXIS2_PLACEMENT_3D ( 'NONE', #1427, #358, #831 ) ;
#1235 = VECTOR ( 'NONE', #903, 1000.000000000000000 ) ;
#1236 = ORIENTED_EDGE ( 'NONE', *, *, #34, .T. ) ;
#1237 = VECTOR ( 'NONE', #1134, 1000.000000000000000 ) ;
#1238 = CARTESIAN_POINT ( 'NONE',  ( -0.6500000000000003553, 0.4000000000000000222, -0.4500000000000001776 ) ) ;
#1239 = DIRECTION ( 'NONE',  ( -0.000000000000000000, -0.000000000000000000, 1.000000000000000000 ) ) ;
#1240 = EDGE_CURVE ( 'NONE', #1097, #1413, #232, .T. ) ;
#1241 = EDGE_CURVE ( 'NONE', #1312, #442, #1035, .T. ) ;
#1242 = CARTESIAN_POINT ( 'NONE',  ( 0.4500000000000001221, 0.000000000000000000, 0.4300000000000001044 ) ) ;
#1243 = VERTEX_POINT ( 'NONE', #1062 ) ;
#1244 = CARTESIAN_POINT ( 'NONE',  ( 0.7500000000000004441, 0.4000000000000000222, -0.3500000000000001998 ) ) ;
#1245 = LINE ( 'NONE', #989, #1273 ) ;
#1246 = DIRECTION ( 'NONE',  ( 0.000000000000000000, 1.000000000000000000, -0.000000000000000000 ) ) ;
#1247 = VERTEX_POINT ( 'NONE', #568 ) ;
#1248 = ORIENTED_EDGE ( 'NONE', *, *, #981, .T. ) ;
#1249 = FACE_OUTER_BOUND ( 'NONE', #1482, .T. ) ;
#1250 = EDGE_LOOP ( 'NONE', ( #370, #106, #45, #77 ) ) ;
#1251 = DIRECTION ( 'NONE',  ( 0.000000000000000000, 0.000000000000000000, -1.000000000000000000 ) ) ;
#1252 = AXIS2_PLACEMENT_3D ( 'NONE', #78, #675, #1159 ) ;
#1253 = CARTESIAN_POINT ( 'NONE',  ( -0.6500000000000003553, 0.4499999999999999001, 0.4500000000000001776 ) ) ;
#1254 = CARTESIAN_POINT ( 'NONE',  ( -0.2499999999999999445, 0.000000000000000000, -0.4299999999999999378 ) ) ;
#1255 = CARTESIAN_POINT ( 'NONE',  ( -1.165517335421917513E-16, 0.2999999999999999889, 0.4299999999999999933 ) ) ;
#1256 = EDGE_LOOP ( 'NONE', ( #624, #62, #916, #627 ) ) ;
#1257 = LINE ( 'NONE', #1395, #852 ) ;
#1258 = ADVANCED_FACE ( 'NONE', ( #1278 ), #1410, .T. ) ;
#1259 = ORIENTED_EDGE ( 'NONE', *, *, #295, .T. ) ;
#1260 = DIRECTION ( 'NONE',  ( 1.260700200564540338E-16, 0.000000000000000000, -1.000000000000000000 ) ) ;
#1261 = CARTESIAN_POINT ( 'NONE',  ( -0.6500000000000000222, 0.000000000000000000, -0.4299999999999999378 ) ) ;
#1262 = ADVANCED_FACE ( 'NONE', ( #447 ), #104, .F. ) ;
#1263 = LINE ( 'NONE', #192, #260 ) ;
#1264 = AXIS2_PLACEMENT_3D ( 'NONE', #880, #184, #1408 ) ;
#1265 = ORIENTED_EDGE ( 'NONE', *, *, #82, .F. ) ;
#1266 = LINE ( 'NONE', #327, #603 ) ;
#1267 = ORIENTED_EDGE ( 'NONE', *, *, #572, .T. ) ;
#1268 = DIRECTION ( 'NONE',  ( 0.000000000000000000, 0.000000000000000000, 1.000000000000000000 ) ) ;
#1269 = EDGE_CURVE ( 'NONE', #1364, #121, #1171, .T. ) ;
#1270 = CARTESIAN_POINT ( 'NONE',  ( -0.6500000000000001332, 0.2999999999999999889, 0.4299999999999999933 ) ) ;
#1271 = ORIENTED_EDGE ( 'NONE', *, *, #445, .F. ) ;
#1272 = CARTESIAN_POINT ( 'NONE',  ( -0.7999999999999996003, 0.3899999999999999578, 0.5000000000000000000 ) ) ;
#1273 = VECTOR ( 'NONE', #636, 1000.000000000000000 ) ;
#1274 = ORIENTED_EDGE ( 'NONE', *, *, #936, .T. ) ;
#1275 = CARTESIAN_POINT ( 'NONE',  ( 0.000000000000000000, 0.000000000000000000, 0.000000000000000000 ) ) ;
#1276 = VECTOR ( 'NONE', #738, 1000.000000000000000 ) ;
#1277 = EDGE_CURVE ( 'NONE', #482, #1312, #712, .T. ) ;
#1278 = FACE_OUTER_BOUND ( 'NONE', #316, .T. ) ;
#1279 = EDGE_LOOP ( 'NONE', ( #713, #145, #1150, #239 ) ) ;
#1280 = CARTESIAN_POINT ( 'NONE',  ( -0.6500000000000001332, 0.000000000000000000, 0.4299999999999999933 ) ) ;
#1281 = ORIENTED_EDGE ( 'NONE', *, *, #1269, .T. ) ;
#1282 = DIRECTION ( 'NONE',  ( -1.000000000000000000, -0.000000000000000000, -0.000000000000000000 ) ) ;
#1283 =( GEOMETRIC_REPRESENTATION_CONTEXT ( 3 ) GLOBAL_UNCERTAINTY_ASSIGNED_CONTEXT ( ( #516 ) ) GLOBAL_UNIT_ASSIGNED_CONTEXT ( ( #1149, #652, #183 ) ) REPRESENTATION_CONTEXT ( 'NONE', 'WORKASPACE' ) );
#1284 = VECTOR ( 'NONE', #1517, 1000.000000000000000 ) ;
#1285 = EDGE_CURVE ( 'NONE', #1041, #130, #96, .T. ) ;
#1286 = DIRECTION ( 'NONE',  ( -2.710505431213761578E-16, 0.000000000000000000, 1.000000000000000000 ) ) ;
#1287 = ADVANCED_FACE ( 'NONE', ( #704 ), #592, .F. ) ;
#1288 = VERTEX_POINT ( 'NONE', #1187 ) ;
#1289 = CARTESIAN_POINT ( 'NONE',  ( -0.6500000000000003553, 0.4000000000000000222, -0.4500000000000001776 ) ) ;
#1290 = ORIENTED_EDGE ( 'NONE', *, *, #826, .T. ) ;
#1291 = DIRECTION ( 'NONE',  ( 1.000000000000000000, 0.000000000000000000, -0.000000000000000000 ) ) ;
#1292 = CARTESIAN_POINT ( 'NONE',  ( -1.165517335421917513E-16, 0.000000000000000000, 0.4299999999999999933 ) ) ;
#1293 = CARTESIAN_POINT ( 'NONE',  ( 0.6500000000000005773, 0.5000000000000000000, 0.4000000000000001887 ) ) ;
#1294 = ORIENTED_EDGE ( 'NONE', *, *, #129, .T. ) ;
#1295 = CARTESIAN_POINT ( 'NONE',  ( -0.6500000000000003553, 2.749285568453591289, 0.4500000000000001776 ) ) ;
#1296 = EDGE_LOOP ( 'NONE', ( #924, #403, #84, #954 ) ) ;
#1297 = FILL_AREA_STYLE ('',( #829 ) ) ;
#1298 = AXIS2_PLACEMENT_3D ( 'NONE', #89, #81, #1268 ) ;
#1299 = EDGE_CURVE ( 'NONE', #1490, #281, #1402, .T. ) ;
#1300 = DIRECTION ( 'NONE',  ( -0.000000000000000000, 0.000000000000000000, 1.000000000000000000 ) ) ;
#1301 = DIRECTION ( 'NONE',  ( -0.7071067811865473507, 0.000000000000000000, -0.7071067811865477948 ) ) ;
#1302 = AXIS2_PLACEMENT_3D ( 'NONE', #708, #346, #107 ) ;
#1303 = EDGE_LOOP ( 'NONE', ( #674, #485, #137, #1111, #791, #88, #116, #1492 ) ) ;
#1304 = FACE_OUTER_BOUND ( 'NONE', #1089, .T. ) ;
#1305 = VERTEX_POINT ( 'NONE', #215 ) ;
#1306 = CARTESIAN_POINT ( 'NONE',  ( 0.8000000000000004885, 0.000000000000000000, 0.000000000000000000 ) ) ;
#1307 = ADVANCED_FACE ( 'NONE', ( #814 ), #223, .F. ) ;
#1308 = FACE_OUTER_BOUND ( 'NONE', #1457, .T. ) ;
#1309 = CARTESIAN_POINT ( 'NONE',  ( 0.8000000000000004885, -1.496796226411320818, -0.5000000000000002220 ) ) ;
#1310 = ORIENTED_EDGE ( 'NONE', *, *, #1392, .T. ) ;
#1311 = CARTESIAN_POINT ( 'NONE',  ( -0.6500000000000000222, 0.2999999999999999889, -0.4299999999999999378 ) ) ;
#1312 = VERTEX_POINT ( 'NONE', #681 ) ;
#1313 = DIRECTION ( 'NONE',  ( -0.000000000000000000, -1.000000000000000000, 0.000000000000000000 ) ) ;
#1314 = PLANE ( 'NONE',  #1347 ) ;
#1315 = PRODUCT_DEFINITION ( 'UNKNOWN', '', #134, #410 ) ;
#1316 = CARTESIAN_POINT ( 'NONE',  ( -0.6500000000000001332, 0.2999999999999999889, 0.4299999999999999933 ) ) ;
#1317 = ORIENTED_EDGE ( 'NONE', *, *, #1299, .T. ) ;
#1318 = CARTESIAN_POINT ( 'NONE',  ( 0.6500000000000001332, 0.000000000000000000, -0.4299999999999997713 ) ) ;
#1319 = ORIENTED_EDGE ( 'NONE', *, *, #174, .F. ) ;
#1320 =( NAMED_UNIT ( * ) PLANE_ANGLE_UNIT ( ) SI_UNIT ( $, .RADIAN. ) );
#1321 = LINE ( 'NONE', #1059, #576 ) ;
#1322 = DIRECTION ( 'NONE',  ( 0.000000000000000000, 0.000000000000000000, -1.000000000000000000 ) ) ;
#1323 = ADVANCED_FACE ( 'NONE', ( #325 ), #1037, .T. ) ;
#1324 = ORIENTED_EDGE ( 'NONE', *, *, #1034, .T. ) ;
#1325 =( NAMED_UNIT ( * ) PLANE_ANGLE_UNIT ( ) SI_UNIT ( $, .RADIAN. ) );
#1326 = VECTOR ( 'NONE', #649, 1000.000000000000000 ) ;
#1327 = EDGE_LOOP ( 'NONE', ( #1464, #892, #306, #1 ) ) ;
#1328 = PRESENTATION_LAYER_ASSIGNMENT (  '', '', ( #154 ) ) ;
#1329 = DIRECTION ( 'NONE',  ( 1.000000000000000000, 0.000000000000000000, 0.000000000000000000 ) ) ;
#1330 = ADVANCED_FACE ( 'NONE', ( #915 ), #86, .T. ) ;
#1331 = CARTESIAN_POINT ( 'NONE',  ( 0.2500000000000001110, 0.2999999999999999889, 0.2300000000000000377 ) ) ;
#1332 = DIRECTION ( 'NONE',  ( 1.000000000000000000, 0.000000000000000000, 0.000000000000000000 ) ) ;
#1333 = EDGE_CURVE ( 'NONE', #1288, #836, #238, .T. ) ;
#1334 = ADVANCED_FACE ( 'NONE', ( #975 ), #488, .F. ) ;
#1335 = EDGE_LOOP ( 'NONE', ( #269, #913, #642, #1206 ) ) ;
#1336 = LINE ( 'NONE', #508, #1510 ) ;
#1337 = EDGE_LOOP ( 'NONE', ( #347, #91, #114, #131 ) ) ;
#1338 = DIRECTION ( 'NONE',  ( 1.000000000000000000, -0.000000000000000000, -4.170008355713475795E-17 ) ) ;
#1339 = CARTESIAN_POINT ( 'NONE',  ( 0.000000000000000000, 0.4000000000000000222, 0.000000000000000000 ) ) ;
#1340 = CARTESIAN_POINT ( 'NONE',  ( -0.2499999999999999445, 0.000000000000000000, -0.4299999999999999378 ) ) ;
#1341 = VERTEX_POINT ( 'NONE', #1340 ) ;
#1342 = CARTESIAN_POINT ( 'NONE',  ( -0.6500000000000001332, 0.2999999999999999889, 0.4299999999999999933 ) ) ;
#1343 = ORIENTED_EDGE ( 'NONE', *, *, #1546, .F. ) ;
#1344 = CARTESIAN_POINT ( 'NONE',  ( 0.8000000000000004885, 0.3899999999999999578, 0.4999999999999997780 ) ) ;
#1345 = CARTESIAN_POINT ( 'NONE',  ( 0.6500000000000003553, 2.749285568453591289, 0.4500000000000001776 ) ) ;
#1346 = CARTESIAN_POINT ( 'NONE',  ( 0.6500000000000001332, 0.2999999999999999889, -0.4299999999999997713 ) ) ;
#1347 = AXIS2_PLACEMENT_3D ( 'NONE', #604, #830, #819 ) ;
#1348 = VERTEX_POINT ( 'NONE', #387 ) ;
#1349 = DIRECTION ( 'NONE',  ( 0.7071067811865474617, 0.000000000000000000, 0.7071067811865476838 ) ) ;
#1350 = ORIENTED_EDGE ( 'NONE', *, *, #1095, .F. ) ;
#1351 = CARTESIAN_POINT ( 'NONE',  ( 0.7000000000000003997, 0.4500000000000000111, 0.000000000000000000 ) ) ;
#1352 = STYLED_ITEM ( 'NONE', ( #1414 ), #558 ) ;
#1353 = EDGE_CURVE ( 'NONE', #309, #326, #1087, .T. ) ;
#1354 = CARTESIAN_POINT ( 'NONE',  ( -0.7999999999999996003, -1.496796226411320818, -0.5000000000000002220 ) ) ;
#1355 = FILL_AREA_STYLE ('',( #160 ) ) ;
#1356 = LINE ( 'NONE', #446, #1068 ) ;
#1357 = DIRECTION ( 'NONE',  ( 2.464095846557964892E-16, 0.000000000000000000, -1.000000000000000000 ) ) ;
#1358 = VECTOR ( 'NONE', #1210, 1000.000000000000000 ) ;
#1359 = COLOUR_RGB ( '',0.2509803921568627416, 0.2509803921568627416, 0.2509803921568627416 ) ;
#1360 = EDGE_LOOP ( 'NONE', ( #439, #1203, #947, #1030 ) ) ;
#1361 = CLOSED_SHELL ( 'NONE', ( #1170, #521, #155, #497, #749, #840 ) ) ;
#1362 = CARTESIAN_POINT ( 'NONE',  ( 0.6500000000000003553, 0.4499999999999999001, 0.4500000000000001776 ) ) ;
#1363 = DIRECTION ( 'NONE',  ( 1.000000000000000000, 0.000000000000000000, 0.000000000000000000 ) ) ;
#1364 = VERTEX_POINT ( 'NONE', #623 ) ;
#1365 = PLANE ( 'NONE',  #799 ) ;
#1366 = CARTESIAN_POINT ( 'NONE',  ( 0.6500000000000003553, 0.4499999999999999001, -0.3500000000000001998 ) ) ;
#1367 = CARTESIAN_POINT ( 'NONE',  ( 0.6500000000000001332, 0.2999999999999999889, 8.194551303669514413E-17 ) ) ;
#1368 = ORIENTED_EDGE ( 'NONE', *, *, #1148, .T. ) ;
#1369 = AXIS2_PLACEMENT_3D ( 'NONE', #196, #789, #1384 ) ;
#1370 = EDGE_CURVE ( 'NONE', #866, #281, #835, .T. ) ;
#1371 = DIRECTION ( 'NONE',  ( -1.000000000000000000, 0.000000000000000000, 0.000000000000000000 ) ) ;
#1372 = ORIENTED_EDGE ( 'NONE', *, *, #267, .T. ) ;
#1373 = DIRECTION ( 'NONE',  ( 0.000000000000000000, -0.000000000000000000, -1.000000000000000000 ) ) ;
#1374 = AXIS2_PLACEMENT_3D ( 'NONE', #1169, #214, #689 ) ;
#1375 = ORIENTED_EDGE ( 'NONE', *, *, #1468, .T. ) ;
#1376 = CARTESIAN_POINT ( 'NONE',  ( -0.6500000000000000222, 0.2999999999999999889, -0.4299999999999999378 ) ) ;
#1377 = VECTOR ( 'NONE', #1329, 1000.000000000000000 ) ;
#1378 = LINE ( 'NONE', #293, #832 ) ;
#1379 = CARTESIAN_POINT ( 'NONE',  ( 0.2500000000000002776, 0.2999999999999999889, -0.4299999999999998823 ) ) ;
#1380 = EDGE_CURVE ( 'NONE', #904, #1413, #1101, .T. ) ;
#1381 = EDGE_LOOP ( 'NONE', ( #1106, #976, #737, #374 ) ) ;
#1382 = CARTESIAN_POINT ( 'NONE',  ( -0.6500000000000003553, 0.4000000000000000222, 0.3500000000000001998 ) ) ;
#1383 = VECTOR ( 'NONE', #718, 1000.000000000000000 ) ;
#1384 = DIRECTION ( 'NONE',  ( 0.000000000000000000, 0.000000000000000000, 1.000000000000000000 ) ) ;
#1385 = FACE_OUTER_BOUND ( 'NONE', #27, .T. ) ;
#1386 = LINE ( 'NONE', #185, #1162 ) ;
#1387 = ORIENTED_EDGE ( 'NONE', *, *, #1452, .T. ) ;
#1388 = LINE ( 'NONE', #1151, #1131 ) ;
#1389 = PLANE ( 'NONE',  #254 ) ;
#1390 = ADVANCED_FACE ( 'NONE', ( #136 ), #983, .T. ) ;
#1391 = MECHANICAL_DESIGN_GEOMETRIC_PRESENTATION_REPRESENTATION (  '', ( #195 ), #1195 ) ;
#1392 = EDGE_CURVE ( 'NONE', #163, #994, #268, .T. ) ;
#1393 = CARTESIAN_POINT ( 'NONE',  ( 1.165517335421917267E-16, 0.2999999999999999889, -0.4299999999999999378 ) ) ;
#1394 = ORIENTED_EDGE ( 'NONE', *, *, #894, .T. ) ;
#1395 = CARTESIAN_POINT ( 'NONE',  ( 0.4500000000000001221, 0.2999999999999999889, 0.4300000000000001044 ) ) ;
#1396 = ORIENTED_EDGE ( 'NONE', *, *, #1370, .T. ) ;
#1397 = DIRECTION ( 'NONE',  ( -1.000000000000000000, 0.000000000000000000, 0.000000000000000000 ) ) ;
#1398 = EDGE_CURVE ( 'NONE', #11, #722, #753, .T. ) ;
#1399 = EDGE_CURVE ( 'NONE', #720, #693, #1460, .T. ) ;
#1400 = VECTOR ( 'NONE', #980, 1000.000000000000000 ) ;
#1401 = COLOUR_RGB ( '',1.000000000000000000, 0.8117647058823529438, 0.5019607843137254832 ) ;
#1402 = LINE ( 'NONE', #334, #409 ) ;
#1403 = ORIENTED_EDGE ( 'NONE', *, *, #1216, .F. ) ;
#1404 = DIRECTION ( 'NONE',  ( 1.260700200564540338E-16, -0.000000000000000000, -1.000000000000000000 ) ) ;
#1405 = ORIENTED_EDGE ( 'NONE', *, *, #705, .T. ) ;
#1406 = SURFACE_SIDE_STYLE ('',( #340 ) ) ;
#1407 = VECTOR ( 'NONE', #1051, 1000.000000000000000 ) ;
#1408 = DIRECTION ( 'NONE',  ( -4.170008355713473946E-17, 0.000000000000000000, -1.000000000000000000 ) ) ;
#1409 = VECTOR ( 'NONE', #561, 1000.000000000000000 ) ;
#1410 = PLANE ( 'NONE',  #928 ) ;
#1411 = ORIENTED_EDGE ( 'NONE', *, *, #455, .F. ) ;
#1412 = CARTESIAN_POINT ( 'NONE',  ( -0.6500000000000000222, 0.000000000000000000, -0.4299999999999999378 ) ) ;
#1413 = VERTEX_POINT ( 'NONE', #1096 ) ;
#1414 = PRESENTATION_STYLE_ASSIGNMENT (( #5 ) ) ;
#1415 = DIRECTION ( 'NONE',  ( 0.000000000000000000, 1.000000000000000000, -0.000000000000000000 ) ) ;
#1416 = APPLICATION_PROTOCOL_DEFINITION ( 'draft international standard', 'automotive_design', 1998, #9 ) ;
#1417 = DIRECTION ( 'NONE',  ( 4.170008355713475795E-17, -0.000000000000000000, 1.000000000000000000 ) ) ;
#1418 = CIRCLE ( 'NONE', #499, 0.04999999999999996808 ) ;
#1419 = ADVANCED_FACE ( 'NONE', ( #743 ), #32, .F. ) ;
#1420 = ORIENTED_EDGE ( 'NONE', *, *, #222, .T. ) ;
#1421 = CARTESIAN_POINT ( 'NONE',  ( 0.6500000000000001332, 0.2999999999999999889, 0.4300000000000001599 ) ) ;
#1422 = ORIENTED_EDGE ( 'NONE', *, *, #503, .F. ) ;
#1423 = VECTOR ( 'NONE', #582, 1000.000000000000000 ) ;
#1424 = CARTESIAN_POINT ( 'NONE',  ( 0.8000000000000004885, 0.4000000000000000222, -0.5000000000000002220 ) ) ;
#1425 = ADVANCED_FACE ( 'NONE', ( #128 ), #953, .T. ) ;
#1426 = VECTOR ( 'NONE', #860, 1000.000000000000000 ) ;
#1427 = CARTESIAN_POINT ( 'NONE',  ( -0.6500000000000003553, 2.749285568453591289, 0.3500000000000001998 ) ) ;
#1428 = MECHANICAL_DESIGN_GEOMETRIC_PRESENTATION_REPRESENTATION (  '', ( #154 ), #878 ) ;
#1429 = ORIENTED_EDGE ( 'NONE', *, *, #294, .F. ) ;
#1430 = CARTESIAN_POINT ( 'NONE',  ( 0.8000000000000004885, 0.4000000000000000222, 0.4999999999999997780 ) ) ;
#1431 = ORIENTED_EDGE ( 'NONE', *, *, #1058, .T. ) ;
#1432 = DIRECTION ( 'NONE',  ( -0.000000000000000000, -1.000000000000000000, -0.000000000000000000 ) ) ;
#1433 = CARTESIAN_POINT ( 'NONE',  ( -0.6500000000000000222, 0.2999999999999999889, -0.4299999999999999378 ) ) ;
#1434 = VECTOR ( 'NONE', #919, 1000.000000000000000 ) ;
#1435 = AXIS2_PLACEMENT_3D ( 'NONE', #766, #1126, #169 ) ;
#1436 = CARTESIAN_POINT ( 'NONE',  ( -0.2499999999999999445, 0.000000000000000000, -0.4299999999999999378 ) ) ;
#1437 = VERTEX_POINT ( 'NONE', #253 ) ;
#1438 = CARTESIAN_POINT ( 'NONE',  ( 0.2500000000000002776, 0.000000000000000000, -0.4299999999999998823 ) ) ;
#1439 = ORIENTED_EDGE ( 'NONE', *, *, #245, .F. ) ;
#1440 = LINE ( 'NONE', #1048, #528 ) ;
#1441 = EDGE_CURVE ( 'NONE', #939, #788, #284, .T. ) ;
#1442 = DIRECTION ( 'NONE',  ( 0.000000000000000000, -0.000000000000000000, 1.000000000000000000 ) ) ;
#1443 = CARTESIAN_POINT ( 'NONE',  ( -0.7000000000000002887, 0.4500000000000000111, -0.3500000000000002554 ) ) ;
#1444 = ORIENTED_EDGE ( 'NONE', *, *, #1193, .F. ) ;
#1445 = FACE_OUTER_BOUND ( 'NONE', #1337, .T. ) ;
#1446 = EDGE_CURVE ( 'NONE', #278, #668, #606, .T. ) ;
#1447 = EDGE_LOOP ( 'NONE', ( #1290, #800, #767, #1271 ) ) ;
#1448 = DIRECTION ( 'NONE',  ( 2.710505431213761578E-16, 0.000000000000000000, -1.000000000000000000 ) ) ;
#1449 = AXIS2_PLACEMENT_3D ( 'NONE', #1433, #967, #118 ) ;
#1450 = CARTESIAN_POINT ( 'NONE',  ( 0.000000000000000000, 0.2999999999999999889, 0.000000000000000000 ) ) ;
#1451 = EDGE_CURVE ( 'NONE', #397, #1490, #361, .T. ) ;
#1452 = EDGE_CURVE ( 'NONE', #495, #1226, #10, .T. ) ;
#1453 = DIRECTION ( 'NONE',  ( 0.000000000000000000, 0.000000000000000000, -1.000000000000000000 ) ) ;
#1454 = ORIENTED_EDGE ( 'NONE', *, *, #1521, .F. ) ;
#1455 = FILL_AREA_STYLE ('',( #396 ) ) ;
#1456 = AXIS2_PLACEMENT_3D ( 'NONE', #530, #421, #1373 ) ;
#1457 = EDGE_LOOP ( 'NONE', ( #595, #519, #1219, #203 ) ) ;
#1458 = CARTESIAN_POINT ( 'NONE',  ( 0.6500000000000001332, 0.2999999999999999889, -0.4299999999999997713 ) ) ;
#1459 = DIRECTION ( 'NONE',  ( 0.000000000000000000, -0.000000000000000000, -1.000000000000000000 ) ) ;
#1460 = LINE ( 'NONE', #616, #312 ) ;
#1461 = CLOSED_SHELL ( 'NONE', ( #658, #1478, #1287, #1174, #1078, #54, #424 ) ) ;
#1462 = ORIENTED_EDGE ( 'NONE', *, *, #1105, .F. ) ;
#1463 = CARTESIAN_POINT ( 'NONE',  ( -0.6500000000000001332, 0.000000000000000000, 0.4299999999999999933 ) ) ;
#1464 = ORIENTED_EDGE ( 'NONE', *, *, #960, .F. ) ;
#1465 = EDGE_CURVE ( 'NONE', #309, #163, #25, .T. ) ;
#1466 = DIRECTION ( 'NONE',  ( 0.000000000000000000, -0.000000000000000000, 1.000000000000000000 ) ) ;
#1467 = DIRECTION ( 'NONE',  ( 0.000000000000000000, 0.000000000000000000, 1.000000000000000000 ) ) ;
#1468 = EDGE_CURVE ( 'NONE', #979, #754, #1554, .T. ) ;
#1469 = CARTESIAN_POINT ( 'NONE',  ( 0.6500000000000003553, 0.4500000000000000111, -0.4000000000000002442 ) ) ;
#1470 = EDGE_LOOP ( 'NONE', ( #1324, #617, #710, #459 ) ) ;
#1471 = DIRECTION ( 'NONE',  ( -0.7071067811865476838, 0.000000000000000000, 0.7071067811865474617 ) ) ;
#1472 = EDGE_CURVE ( 'NONE', #442, #539, #1202, .T. ) ;
#1473 = PRESENTATION_LAYER_ASSIGNMENT (  '', '', ( #195 ) ) ;
#1474 = ORIENTED_EDGE ( 'NONE', *, *, #168, .T. ) ;
#1475 = PLANE ( 'NONE',  #103 ) ;
#1476 = LINE ( 'NONE', #407, #75 ) ;
#1477 = UNCERTAINTY_MEASURE_WITH_UNIT (LENGTH_MEASURE( 1.000000000000000082E-05 ), #490, 'distance_accuracy_value', 'NONE');
#1478 = ADVANCED_FACE ( 'NONE', ( #1385 ), #58, .T. ) ;
#1479 = VECTOR ( 'NONE', #470, 1000.000000000000000 ) ;
#1480 = CYLINDRICAL_SURFACE ( 'NONE', #1264, 0.05000000000000002359 ) ;
#1481 = CARTESIAN_POINT ( 'NONE',  ( 0.2500000000000001665, 0.2999999999999999889, 6.160239616394917160E-17 ) ) ;
#1482 = EDGE_LOOP ( 'NONE', ( #489, #656, #882, #500 ) ) ;
#1483 = DIRECTION ( 'NONE',  ( 1.000000000000000000, 0.000000000000000000, 0.000000000000000000 ) ) ;
#1484 = AXIS2_PLACEMENT_3D ( 'NONE', #578, #218, #475 ) ;
#1485 = DIRECTION ( 'NONE',  ( -1.260700200564540338E-16, 0.000000000000000000, 1.000000000000000000 ) ) ;
#1486 = PLANE ( 'NONE',  #1374 ) ;
#1487 = LINE ( 'NONE', #1029, #1235 ) ;
#1488 = AXIS2_PLACEMENT_3D ( 'NONE', #276, #736, #963 ) ;
#1489 = VECTOR ( 'NONE', #441, 1000.000000000000000 ) ;
#1490 = VERTEX_POINT ( 'NONE', #48 ) ;
#1491 = DIRECTION ( 'NONE',  ( 0.000000000000000000, -1.000000000000000000, 0.000000000000000000 ) ) ;
#1492 = ORIENTED_EDGE ( 'NONE', *, *, #67, .T. ) ;
#1493 = DIRECTION ( 'NONE',  ( -0.000000000000000000, -1.000000000000000000, 0.000000000000000000 ) ) ;
#1494 = EDGE_CURVE ( 'NONE', #326, #4, #74, .T. ) ;
#1495 = PLANE ( 'NONE',  #610 ) ;
#1496 = ORIENTED_EDGE ( 'NONE', *, *, #1353, .F. ) ;
#1497 = CARTESIAN_POINT ( 'NONE',  ( -0.6500000000000003553, 0.4000000000000000222, 0.4500000000000001776 ) ) ;
#1498 = EDGE_LOOP ( 'NONE', ( #449, #729, #1429, #467 ) ) ;
#1499 = DIRECTION ( 'NONE',  ( -0.000000000000000000, -1.000000000000000000, -0.000000000000000000 ) ) ;
#1500 = EDGE_CURVE ( 'NONE', #278, #529, #542, .T. ) ;
#1501 = CARTESIAN_POINT ( 'NONE',  ( -0.7000000000000003997, 0.5000000000000000000, 0.3500000000000001998 ) ) ;
#1502 = DIRECTION ( 'NONE',  ( 1.000000000000000000, 0.000000000000000000, 0.000000000000000000 ) ) ;
#1503 = ADVANCED_FACE ( 'NONE', ( #1019 ), #190, .F. ) ;
#1504 = FACE_OUTER_BOUND ( 'NONE', #51, .T. ) ;
#1505 = VECTOR ( 'NONE', #126, 1000.000000000000000 ) ;
#1506 = DIRECTION ( 'NONE',  ( 0.000000000000000000, 0.000000000000000000, -1.000000000000000000 ) ) ;
#1507 = ORIENTED_EDGE ( 'NONE', *, *, #344, .F. ) ;
#1508 = FACE_OUTER_BOUND ( 'NONE', #756, .T. ) ;
#1509 = ORIENTED_EDGE ( 'NONE', *, *, #1500, .T. ) ;
#1510 = VECTOR ( 'NONE', #381, 1000.000000000000000 ) ;
#1511 = CARTESIAN_POINT ( 'NONE',  ( -0.6500000000000003553, 0.4499999999999999001, -0.3500000000000002554 ) ) ;
#1512 = AXIS2_PLACEMENT_3D ( 'NONE', #1081, #1055, #1532 ) ;
#1513 = ORIENTED_EDGE ( 'NONE', *, *, #1121, .F. ) ;
#1514 = CARTESIAN_POINT ( 'NONE',  ( 0.7500000000000004441, 0.4000000000000000222, 0.3500000000000001998 ) ) ;
#1515 = AXIS2_PLACEMENT_3D ( 'NONE', #854, #863, #968 ) ;
#1516 = CARTESIAN_POINT ( 'NONE',  ( -0.6500000000000003553, 0.4500000000000000111, 0.4500000000000001776 ) ) ;
#1517 = DIRECTION ( 'NONE',  ( -1.000000000000000000, 0.000000000000000000, -2.710505431213761578E-16 ) ) ;
#1518 = EDGE_LOOP ( 'NONE', ( #855, #611, #79, #395 ) ) ;
#1519 = CARTESIAN_POINT ( 'NONE',  ( -0.2499999999999999445, 0.000000000000000000, 0.4299999999999999933 ) ) ;
#1520 = EDGE_CURVE ( 'NONE', #720, #786, #645, .T. ) ;
#1521 = EDGE_CURVE ( 'NONE', #786, #904, #1116, .T. ) ;
#1522 = LINE ( 'NONE', #1516, #1076 ) ;
#1523 = CARTESIAN_POINT ( 'NONE',  ( -0.6500000000000001332, 0.2999999999999999889, 0.4299999999999999933 ) ) ;
#1524 = VERTEX_POINT ( 'NONE', #1261 ) ;
#1525 = CARTESIAN_POINT ( 'NONE',  ( 0.8000000000000004885, 0.3900000000000000133, -0.5000000000000002220 ) ) ;
#1526 = EDGE_LOOP ( 'NONE', ( #351, #569, #537, #208 ) ) ;
#1527 =( NAMED_UNIT ( * ) PLANE_ANGLE_UNIT ( ) SI_UNIT ( $, .RADIAN. ) );
#1528 = CARTESIAN_POINT ( 'NONE',  ( 0.6500000000000001332, 0.000000000000000000, 0.4300000000000001599 ) ) ;
#1529 = VECTOR ( 'NONE', #686, 1000.000000000000000 ) ;
#1530 = DIRECTION ( 'NONE',  ( 1.000000000000000000, 0.000000000000000000, -4.170008355713475795E-17 ) ) ;
#1531 = VERTEX_POINT ( 'NONE', #285 ) ;
#1532 = DIRECTION ( 'NONE',  ( 0.000000000000000000, 0.000000000000000000, 1.000000000000000000 ) ) ;
#1533 = VERTEX_POINT ( 'NONE', #1253 ) ;
#1534 = CARTESIAN_POINT ( 'NONE',  ( -0.6500000000000003553, 0.5000000000000000000, -0.4000000000000001887 ) ) ;
#1535 = CARTESIAN_POINT ( 'NONE',  ( 0.6500000000000003553, 0.4499999999999999001, 0.4000000000000001887 ) ) ;
#1536 =( GEOMETRIC_REPRESENTATION_CONTEXT ( 3 ) GLOBAL_UNCERTAINTY_ASSIGNED_CONTEXT ( ( #862 ) ) GLOBAL_UNIT_ASSIGNED_CONTEXT ( ( #496, #1325, #872 ) ) REPRESENTATION_CONTEXT ( 'NONE', 'WORKASPACE' ) );
#1537 = SHAPE_DEFINITION_REPRESENTATION ( #1556, #1007 ) ;
#1538 = ADVANCED_FACE ( 'NONE', ( #166 ), #1495, .T. ) ;
#1539 = CARTESIAN_POINT ( 'NONE',  ( 0.000000000000000000, 0.4000000000000000222, -0.5000000000000002220 ) ) ;
#1540 = EDGE_LOOP ( 'NONE', ( #562, #313, #1343, #931, #634 ) ) ;
#1541 = LINE ( 'NONE', #1311, #505 ) ;
#1542 = EDGE_LOOP ( 'NONE', ( #579, #36, #1411, #271 ) ) ;
#1543 =( NAMED_UNIT ( * ) SI_UNIT ( $, .STERADIAN. ) SOLID_ANGLE_UNIT ( ) );
#1544 = FACE_OUTER_BOUND ( 'NONE', #698, .T. ) ;
#1545 = CARTESIAN_POINT ( 'NONE',  ( 0.6500000000000003553, 0.5000000000000000000, 0.3500000000000001998 ) ) ;
#1546 = EDGE_CURVE ( 'NONE', #994, #1437, #1378, .T. ) ;
#1547 = ORIENTED_EDGE ( 'NONE', *, *, #859, .T. ) ;
#1548 = DIRECTION ( 'NONE',  ( 0.000000000000000000, 0.000000000000000000, 1.000000000000000000 ) ) ;
#1549 = ORIENTED_EDGE ( 'NONE', *, *, #1118, .T. ) ;
#1550 = DIRECTION ( 'NONE',  ( 0.000000000000000000, 0.000000000000000000, -1.000000000000000000 ) ) ;
#1551 = VECTOR ( 'NONE', #900, 1000.000000000000000 ) ;
#1552 = CARTESIAN_POINT ( 'NONE',  ( -0.2499999999999999445, 0.000000000000000000, -0.4299999999999999378 ) ) ;
#1553 = STYLED_ITEM ( 'NONE', ( #745 ), #1065 ) ;
#1554 = LINE ( 'NONE', #367, #1383 ) ;
#1555 = AXIS2_PLACEMENT_3D ( 'NONE', #250, #590, #933 ) ;
#1556 = PRODUCT_DEFINITION_SHAPE ( 'NONE', 'NONE',  #1315 ) ;
ENDSEC;
END-ISO-10303-21;
