ISO-10303-21;
HEADER;
FILE_DESCRIPTION(('CATIA V5 STEP Exchange','CAx-IF Rec.Pracs.--- Model Styling and Organization---1.4--- 2014-01-23','CAx-IF Rec.Pracs.---3D Tessellated Data Validation Properties---0.5---2014-09-14'),'2;1');

FILE_NAME('C:\\temp\\E-LEAD_D18_L25__GAS-ESCAPE-RUBBER_SLEEVE_STRUCTURE.stp','2021-01-15T08:01:36+00:00',('none'),('none'),'CATIA Version 5-6 Release 2016 SP6','CATIA V5 STEP AP242','none');

FILE_SCHEMA(('AP242_MANAGED_MODEL_BASED_3D_ENGINEERING_MIM_LF  {1 0 10303 442 1 1 4}'));

ENDSEC;
DATA;
#5=PRODUCT('E-LEAD_D18_L25__GAS-ESCAPE-RUBBER_SLEEVE_STRUCTURE','','',(#2)) ;
#26=PRODUCT('E-LEAD_D18_TERMINAL+','','',(#2)) ;
#136=PRODUCT('E-LEAD_D18_TERMINAL-','','',(#2)) ;
#239=PRODUCT('E-LEAD_D18_L25_ELEMENT','','',(#2)) ;
#2=PRODUCT_CONTEXT(' ',#1,'mechanical') ;
#1=APPLICATION_CONTEXT('managed model based 3d engineering') ;
#13=PRODUCT_DEFINITION('',' ',#6,#3) ;
#28=PRODUCT_DEFINITION('',' ',#27,#3) ;
#138=PRODUCT_DEFINITION('',' ',#137,#3) ;
#241=PRODUCT_DEFINITION('',' ',#240,#3) ;
#3=PRODUCT_DEFINITION_CONTEXT('part definition',#1,' ') ;
#16=PRODUCT_DEFINITION_SHAPE(' ',' ',#13) ;
#29=PRODUCT_DEFINITION_SHAPE(' ',' ',#28) ;
#120=PRODUCT_DEFINITION_SHAPE(' ',' ',#119) ;
#139=PRODUCT_DEFINITION_SHAPE(' ',' ',#138) ;
#223=PRODUCT_DEFINITION_SHAPE(' ',' ',#222) ;
#242=PRODUCT_DEFINITION_SHAPE(' ',' ',#241) ;
#4590=PRODUCT_DEFINITION_SHAPE(' ',' ',#4589) ;
#4602=MECHANICAL_DESIGN_GEOMETRIC_PRESENTATION_REPRESENTATION(' ',(#38,#141,#300,#332,#511,#536,#568,#593,#618,#686,#704,#736,#761,#786,#806,#831,#844,#876,#901,#926,#944,#976,#989,#1021,#1034,#1059,#1093,#1111,#1157,#1170,#1202,#1227,#1252,#1277,#1302,#1320,#1352,#1377,#1402,#1420,#1431,#1437,#1522,#1530,#1707,#1732,#1846,#1968,#1986,#2004,#2022,#2040,#2053,#2473,#2710,#2735,#2763,#2788,#2815,#2842,#2862,#2890,#2915,#2942,#2970,#2995,#3023,#3051,#3071,#3104,#3121,#3286,#3320,#3345,#3371,#3397,#3417,#3444,#3469,#3496,#3524,#3549,#3577,#3605,#3625,#3653,#3680,#3698,#4024,#4124,#251),#21) ;
#15=SHAPE_REPRESENTATION(' ',(#124,#227,#4594),#21) ;
#24=SHAPE_REPRESENTATION(' ',(#125),#23) ;
#134=SHAPE_REPRESENTATION(' ',(#228),#133) ;
#237=SHAPE_REPRESENTATION(' ',(#4595),#236) ;
#7=PRODUCT_CATEGORY('part','specification') ;
#10=PRODUCT_CATEGORY('part','specification') ;
#40=CARTESIAN_POINT('Axis2P3D Location',(3.75,0.,-8.5)) ;
#45=CARTESIAN_POINT('Axis2P3D Location',(3.75,0.,-19.)) ;
#49=CARTESIAN_POINT('Vertex',(4.15,0.,-19.)) ;
#51=CARTESIAN_POINT('Vertex',(3.35,4.89858719659E-017,-19.)) ;
#54=CARTESIAN_POINT('Line Origine',(3.35,4.89858719659E-017,-8.5)) ;
#58=CARTESIAN_POINT('Vertex',(3.35,4.89858719659E-017,2.)) ;
#61=CARTESIAN_POINT('Axis2P3D Location',(3.75,0.,2.)) ;
#65=CARTESIAN_POINT('Vertex',(4.15,0.,2.)) ;
#68=CARTESIAN_POINT('Line Origine',(4.15,0.,-8.5)) ;
#80=CARTESIAN_POINT('Axis2P3D Location',(3.75,0.,-19.)) ;
#85=CARTESIAN_POINT('Axis2P3D Location',(3.75,0.,2.)) ;
#97=CARTESIAN_POINT('Axis2P3D Location',(0.,0.,2.)) ;
#107=CARTESIAN_POINT('Axis2P3D Location',(0.,0.,-19.)) ;
#126=CARTESIAN_POINT('NONE',(0.,0.,0.)) ;
#127=CARTESIAN_POINT('NONE',(0.,0.,0.)) ;
#143=CARTESIAN_POINT('Axis2P3D Location',(-3.75,2.77555756156E-017,-6.5)) ;
#148=CARTESIAN_POINT('Axis2P3D Location',(-3.75,2.77555756156E-017,-15.)) ;
#152=CARTESIAN_POINT('Vertex',(-3.35,2.77555756156E-017,-15.)) ;
#154=CARTESIAN_POINT('Vertex',(-4.15,7.67414475815E-017,-15.)) ;
#157=CARTESIAN_POINT('Line Origine',(-4.15,7.67414475815E-017,-6.5)) ;
#161=CARTESIAN_POINT('Vertex',(-4.15,7.67414475815E-017,2.)) ;
#164=CARTESIAN_POINT('Axis2P3D Location',(-3.75,2.77555756156E-017,2.)) ;
#168=CARTESIAN_POINT('Vertex',(-3.35,2.77555756156E-017,2.)) ;
#171=CARTESIAN_POINT('Line Origine',(-3.35,2.77555756156E-017,-6.5)) ;
#183=CARTESIAN_POINT('Axis2P3D Location',(-3.75,2.77555756156E-017,-15.)) ;
#188=CARTESIAN_POINT('Axis2P3D Location',(-3.75,2.77555756156E-017,2.)) ;
#200=CARTESIAN_POINT('Axis2P3D Location',(0.,0.,2.)) ;
#210=CARTESIAN_POINT('Axis2P3D Location',(0.,0.,-15.)) ;
#229=CARTESIAN_POINT('NONE',(0.,0.,0.)) ;
#230=CARTESIAN_POINT('NONE',(0.,0.,0.)) ;
#253=CARTESIAN_POINT('Axis2P3D Location',(0.,0.,0.5)) ;
#258=CARTESIAN_POINT('Line Origine',(-5.68817825853,1.90909090909,0.5)) ;
#262=CARTESIAN_POINT('Vertex',(-5.68817825853,1.90909090909,1.)) ;
#264=CARTESIAN_POINT('Vertex',(-5.68817825853,1.90909090909,0.1)) ;
#267=CARTESIAN_POINT('Axis2P3D Location',(0.,0.,1.)) ;
#271=CARTESIAN_POINT('Vertex',(-1.36363636364,5.84298689608,1.)) ;
#274=CARTESIAN_POINT('Line Origine',(-1.36363636364,5.84298689608,0.5)) ;
#278=CARTESIAN_POINT('Vertex',(-1.36363636364,5.84298689608,0.1)) ;
#281=CARTESIAN_POINT('Axis2P3D Location',(0.,0.,0.1)) ;
#301=CARTESIAN_POINT('Axis2P3D Location',(-5.21416340365,1.75,0.5)) ;
#306=CARTESIAN_POINT('Line Origine',(-5.21416340365,1.25,0.5)) ;
#310=CARTESIAN_POINT('Vertex',(-5.21416340365,1.25,1.)) ;
#312=CARTESIAN_POINT('Vertex',(-5.21416340365,1.25,0.1)) ;
#315=CARTESIAN_POINT('Axis2P3D Location',(-5.21416340365,1.75,1.)) ;
#320=CARTESIAN_POINT('Axis2P3D Location',(-5.21416340365,1.75,0.1)) ;
#333=CARTESIAN_POINT('Axis2P3D Location',(0.,7.5,1.)) ;
#338=CARTESIAN_POINT('Axis2P3D Location',(0.,0.,1.)) ;
#342=CARTESIAN_POINT('Vertex',(3.59569153953,-6.58186921418,1.)) ;
#344=CARTESIAN_POINT('Vertex',(-3.59569153953,6.58186921418,1.)) ;
#347=CARTESIAN_POINT('Axis2P3D Location',(0.,0.,1.)) ;
#356=CARTESIAN_POINT('Line Origine',(-3.23208170183,1.25,1.)) ;
#360=CARTESIAN_POINT('Vertex',(-1.25,1.25,1.)) ;
#363=CARTESIAN_POINT('Axis2P3D Location',(-1.25,1.75,1.)) ;
#367=CARTESIAN_POINT('Vertex',(-0.75,1.75,1.)) ;
#370=CARTESIAN_POINT('Line Origine',(-0.75,3.5530356607,1.)) ;
#374=CARTESIAN_POINT('Vertex',(-0.75,5.35607132141,1.)) ;
#377=CARTESIAN_POINT('Axis2P3D Location',(-1.25,5.35607132141,1.)) ;
#390=CARTESIAN_POINT('Line Origine',(3.23208170183,1.25,1.)) ;
#394=CARTESIAN_POINT('Vertex',(5.21416340365,1.25,1.)) ;
#396=CARTESIAN_POINT('Vertex',(1.25,1.25,1.)) ;
#399=CARTESIAN_POINT('Axis2P3D Location',(5.21416340365,1.75,1.)) ;
#403=CARTESIAN_POINT('Vertex',(5.68817825853,1.90909090909,1.)) ;
#406=CARTESIAN_POINT('Axis2P3D Location',(0.,0.,1.)) ;
#410=CARTESIAN_POINT('Vertex',(1.36363636364,5.84298689608,1.)) ;
#413=CARTESIAN_POINT('Axis2P3D Location',(1.25,5.35607132141,1.)) ;
#417=CARTESIAN_POINT('Vertex',(0.75,5.35607132141,1.)) ;
#420=CARTESIAN_POINT('Line Origine',(0.75,3.5530356607,1.)) ;
#424=CARTESIAN_POINT('Vertex',(0.75,1.75,1.)) ;
#427=CARTESIAN_POINT('Axis2P3D Location',(1.25,1.75,1.)) ;
#440=CARTESIAN_POINT('Axis2P3D Location',(0.,0.,1.)) ;
#444=CARTESIAN_POINT('Vertex',(5.68817825853,-1.90909090909,1.)) ;
#446=CARTESIAN_POINT('Vertex',(-5.68817825853,-1.90909090909,1.)) ;
#449=CARTESIAN_POINT('Axis2P3D Location',(5.21416340365,-1.75,1.)) ;
#453=CARTESIAN_POINT('Vertex',(5.21416340365,-1.25,1.)) ;
#456=CARTESIAN_POINT('Line Origine',(0.,-1.25,1.)) ;
#460=CARTESIAN_POINT('Vertex',(-5.21416340365,-1.25,1.)) ;
#463=CARTESIAN_POINT('Axis2P3D Location',(-5.21416340365,-1.75,1.)) ;
#474=CARTESIAN_POINT('Axis2P3D Location',(-3.75,0.,1.)) ;
#478=CARTESIAN_POINT('Vertex',(-4.15,3.51080841581E-017,1.)) ;
#480=CARTESIAN_POINT('Vertex',(-3.35,-1.38777878078E-017,1.)) ;
#483=CARTESIAN_POINT('Axis2P3D Location',(-3.75,0.,1.)) ;
#492=CARTESIAN_POINT('Axis2P3D Location',(3.75,0.,1.)) ;
#496=CARTESIAN_POINT('Vertex',(4.15,-1.1184953174E-016,1.)) ;
#498=CARTESIAN_POINT('Vertex',(3.35,3.51080841581E-017,1.)) ;
#501=CARTESIAN_POINT('Axis2P3D Location',(3.75,0.,1.)) ;
#512=CARTESIAN_POINT('Axis2P3D Location',(-1.25,5.35607132141,0.5)) ;
#517=CARTESIAN_POINT('Line Origine',(-0.75,5.35607132141,0.5)) ;
#521=CARTESIAN_POINT('Vertex',(-0.75,5.35607132141,0.1)) ;
#524=CARTESIAN_POINT('Axis2P3D Location',(-1.25,5.35607132141,0.1)) ;
#537=CARTESIAN_POINT('Axis2P3D Location',(-2.6645352591E-015,1.7763568394E-015,0.1)) ;
#542=CARTESIAN_POINT('Axis2P3D Location',(-5.59337528756,1.87727272727,0.1)) ;
#546=CARTESIAN_POINT('Vertex',(-5.59337528756,1.87727272727,0.)) ;
#549=CARTESIAN_POINT('Axis2P3D Location',(-1.34090909091,5.74560378115,0.1)) ;
#553=CARTESIAN_POINT('Vertex',(-1.34090909091,5.74560378115,0.)) ;
#556=CARTESIAN_POINT('Axis2P3D Location',(-2.6645352591E-015,1.7763568394E-015,0.)) ;
#569=CARTESIAN_POINT('Axis2P3D Location',(-5.86834729715,1.25,1.)) ;
#574=CARTESIAN_POINT('Line Origine',(-3.23208170183,1.25,0.1)) ;
#578=CARTESIAN_POINT('Vertex',(-1.25,1.25,0.1)) ;
#581=CARTESIAN_POINT('Line Origine',(-1.25,1.25,0.55)) ;
#594=CARTESIAN_POINT('Axis2P3D Location',(-5.21416340365,1.75,0.1)) ;
#599=CARTESIAN_POINT('Axis2P3D Location',(-5.21416340365,1.35,0.1)) ;
#603=CARTESIAN_POINT('Vertex',(-5.21416340365,1.35,0.)) ;
#606=CARTESIAN_POINT('Axis2P3D Location',(-5.21416340365,1.75,0.)) ;
#619=CARTESIAN_POINT('Axis2P3D Location',(0.,0.,12.9499999993)) ;
#624=CARTESIAN_POINT('Line Origine',(3.59569153953,-6.58186921418,0.725)) ;
#628=CARTESIAN_POINT('Vertex',(3.59569153953,-6.58186921418,0.45)) ;
#631=CARTESIAN_POINT('Axis2P3D Location',(0.,0.,0.45)) ;
#635=CARTESIAN_POINT('Vertex',(-3.59569153953,6.58186921418,0.45)) ;
#638=CARTESIAN_POINT('Line Origine',(-3.59569153953,6.58186921418,0.725)) ;
#650=CARTESIAN_POINT('Axis2P3D Location',(0.,0.,0.45)) ;
#662=CARTESIAN_POINT('Axis2P3D Location',(-0.75,1.25,1.)) ;
#667=CARTESIAN_POINT('Line Origine',(-0.75,3.5530356607,0.1)) ;
#671=CARTESIAN_POINT('Vertex',(-0.75,1.75,0.1)) ;
#674=CARTESIAN_POINT('Line Origine',(-0.75,1.75,0.55)) ;
#687=CARTESIAN_POINT('Axis2P3D Location',(-1.25,1.75,0.5)) ;
#692=CARTESIAN_POINT('Axis2P3D Location',(-1.25,1.75,0.1)) ;
#705=CARTESIAN_POINT('Axis2P3D Location',(1.25,1.75,0.5)) ;
#710=CARTESIAN_POINT('Line Origine',(1.25,1.25,0.5)) ;
#714=CARTESIAN_POINT('Vertex',(1.25,1.25,0.1)) ;
#717=CARTESIAN_POINT('Line Origine',(0.75,1.75,0.5)) ;
#721=CARTESIAN_POINT('Vertex',(0.75,1.75,0.1)) ;
#724=CARTESIAN_POINT('Axis2P3D Location',(1.25,1.75,0.1)) ;
#737=CARTESIAN_POINT('Axis2P3D Location',(0.75,1.25,1.)) ;
#742=CARTESIAN_POINT('Line Origine',(0.75,5.35607132141,0.55)) ;
#746=CARTESIAN_POINT('Vertex',(0.75,5.35607132141,0.1)) ;
#749=CARTESIAN_POINT('Line Origine',(0.75,3.5530356607,0.1)) ;
#762=CARTESIAN_POINT('Axis2P3D Location',(1.25,5.35607132141,0.5)) ;
#767=CARTESIAN_POINT('Line Origine',(1.36363636364,5.84298689608,0.5)) ;
#771=CARTESIAN_POINT('Vertex',(1.36363636364,5.84298689608,0.1)) ;
#774=CARTESIAN_POINT('Axis2P3D Location',(1.25,5.35607132141,0.1)) ;
#787=CARTESIAN_POINT('Line Origine',(5.68817825853,1.90909090909,0.5)) ;
#791=CARTESIAN_POINT('Vertex',(5.68817825853,1.90909090909,0.1)) ;
#794=CARTESIAN_POINT('Axis2P3D Location',(0.,0.,0.1)) ;
#807=CARTESIAN_POINT('Axis2P3D Location',(5.21416340365,1.75,0.5)) ;
#812=CARTESIAN_POINT('Line Origine',(5.21416340365,1.25,0.5)) ;
#816=CARTESIAN_POINT('Vertex',(5.21416340365,1.25,0.1)) ;
#819=CARTESIAN_POINT('Axis2P3D Location',(5.21416340365,1.75,0.1)) ;
#832=CARTESIAN_POINT('Line Origine',(3.23208170183,1.25,0.1)) ;
#845=CARTESIAN_POINT('Axis2P3D Location',(-5.21416340365,-1.75,0.5)) ;
#850=CARTESIAN_POINT('Line Origine',(-5.68817825853,-1.90909090909,0.5)) ;
#854=CARTESIAN_POINT('Vertex',(-5.68817825853,-1.90909090909,0.1)) ;
#857=CARTESIAN_POINT('Line Origine',(-5.21416340365,-1.25,0.5)) ;
#861=CARTESIAN_POINT('Vertex',(-5.21416340365,-1.25,0.1)) ;
#864=CARTESIAN_POINT('Axis2P3D Location',(-5.21416340365,-1.75,0.1)) ;
#877=CARTESIAN_POINT('Axis2P3D Location',(-5.86834729715,-1.25,1.)) ;
#882=CARTESIAN_POINT('Line Origine',(5.21416340365,-1.25,0.55)) ;
#886=CARTESIAN_POINT('Vertex',(5.21416340365,-1.25,0.1)) ;
#889=CARTESIAN_POINT('Line Origine',(0.,-1.25,0.1)) ;
#902=CARTESIAN_POINT('Axis2P3D Location',(5.21416340365,-1.75,0.5)) ;
#907=CARTESIAN_POINT('Line Origine',(5.68817825853,-1.90909090909,0.5)) ;
#911=CARTESIAN_POINT('Vertex',(5.68817825853,-1.90909090909,0.1)) ;
#914=CARTESIAN_POINT('Axis2P3D Location',(5.21416340365,-1.75,0.1)) ;
#927=CARTESIAN_POINT('Axis2P3D Location',(0.,0.,0.5)) ;
#932=CARTESIAN_POINT('Axis2P3D Location',(0.,0.,0.1)) ;
#945=CARTESIAN_POINT('Axis2P3D Location',(-3.75,-1.38777878078E-017,1.)) ;
#950=CARTESIAN_POINT('Line Origine',(-3.35,-1.38777878078E-017,1.)) ;
#954=CARTESIAN_POINT('Vertex',(-3.35,-1.38777878078E-017,2.)) ;
#957=CARTESIAN_POINT('Axis2P3D Location',(-3.75,-1.38777878078E-017,2.)) ;
#961=CARTESIAN_POINT('Vertex',(-4.15,3.51080841581E-017,2.)) ;
#964=CARTESIAN_POINT('Line Origine',(-4.15,3.51080841581E-017,1.)) ;
#977=CARTESIAN_POINT('Axis2P3D Location',(-3.75,-1.38777878078E-017,2.)) ;
#990=CARTESIAN_POINT('Axis2P3D Location',(3.75,-1.38777878078E-017,1.)) ;
#995=CARTESIAN_POINT('Line Origine',(3.35,3.51080841581E-017,1.)) ;
#999=CARTESIAN_POINT('Vertex',(3.35,3.51080841581E-017,2.)) ;
#1002=CARTESIAN_POINT('Axis2P3D Location',(3.75,-1.38777878078E-017,2.)) ;
#1006=CARTESIAN_POINT('Vertex',(4.15,-1.1184953174E-016,2.)) ;
#1009=CARTESIAN_POINT('Line Origine',(4.15,-1.1184953174E-016,1.)) ;
#1022=CARTESIAN_POINT('Axis2P3D Location',(3.75,-1.38777878078E-017,2.)) ;
#1035=CARTESIAN_POINT('Axis2P3D Location',(-1.25,5.35607132141,0.1)) ;
#1040=CARTESIAN_POINT('Axis2P3D Location',(-0.85,5.35607132141,0.1)) ;
#1044=CARTESIAN_POINT('Vertex',(-0.85,5.35607132141,0.)) ;
#1047=CARTESIAN_POINT('Axis2P3D Location',(-1.25,5.35607132141,0.)) ;
#1060=CARTESIAN_POINT('Axis2P3D Location',(0.,0.,0.)) ;
#1065=CARTESIAN_POINT('Line Origine',(-0.85,3.5530356607,0.)) ;
#1069=CARTESIAN_POINT('Vertex',(-0.85,1.75,0.)) ;
#1072=CARTESIAN_POINT('Axis2P3D Location',(-1.25,1.75,0.)) ;
#1076=CARTESIAN_POINT('Vertex',(-1.25,1.35,0.)) ;
#1079=CARTESIAN_POINT('Line Origine',(-3.23208170183,1.35,0.)) ;
#1094=CARTESIAN_POINT('Axis2P3D Location',(-3.23208170183,1.35,0.1)) ;
#1099=CARTESIAN_POINT('Axis2P3D Location',(-1.25,1.35,0.1)) ;
#1112=CARTESIAN_POINT('Axis2P3D Location',(0.,7.,0.45)) ;
#1121=CARTESIAN_POINT('Axis2P3D Location',(0.,0.,0.45)) ;
#1125=CARTESIAN_POINT('Vertex',(-3.35597877023,6.14307793323,0.45)) ;
#1127=CARTESIAN_POINT('Vertex',(3.35597877023,-6.14307793323,0.45)) ;
#1130=CARTESIAN_POINT('Axis2P3D Location',(0.,0.,0.45)) ;
#1140=CARTESIAN_POINT('Axis2P3D Location',(-0.85,3.5530356607,0.1)) ;
#1145=CARTESIAN_POINT('Axis2P3D Location',(-0.85,1.75,0.1)) ;
#1158=CARTESIAN_POINT('Axis2P3D Location',(-1.25,1.75,0.1)) ;
#1171=CARTESIAN_POINT('Axis2P3D Location',(1.25,1.75,0.1)) ;
#1176=CARTESIAN_POINT('Axis2P3D Location',(1.25,1.35,0.1)) ;
#1180=CARTESIAN_POINT('Vertex',(1.25,1.35,0.)) ;
#1183=CARTESIAN_POINT('Axis2P3D Location',(0.85,1.75,0.1)) ;
#1187=CARTESIAN_POINT('Vertex',(0.85,1.75,0.)) ;
#1190=CARTESIAN_POINT('Axis2P3D Location',(1.25,1.75,0.)) ;
#1203=CARTESIAN_POINT('Axis2P3D Location',(0.85,3.5530356607,0.1)) ;
#1208=CARTESIAN_POINT('Axis2P3D Location',(0.85,5.35607132141,0.1)) ;
#1212=CARTESIAN_POINT('Vertex',(0.85,5.35607132141,0.)) ;
#1215=CARTESIAN_POINT('Line Origine',(0.85,3.5530356607,1.38777878078E-017)) ;
#1228=CARTESIAN_POINT('Axis2P3D Location',(1.25,5.35607132141,0.1)) ;
#1233=CARTESIAN_POINT('Axis2P3D Location',(1.34090909091,5.74560378115,0.1)) ;
#1237=CARTESIAN_POINT('Vertex',(1.34090909091,5.74560378115,0.)) ;
#1240=CARTESIAN_POINT('Axis2P3D Location',(1.25,5.35607132141,0.)) ;
#1253=CARTESIAN_POINT('Axis2P3D Location',(-8.94839757848E-014,-5.68434188608E-014,0.1)) ;
#1258=CARTESIAN_POINT('Axis2P3D Location',(5.59337528756,1.87727272727,0.1)) ;
#1262=CARTESIAN_POINT('Vertex',(5.59337528756,1.87727272727,0.)) ;
#1265=CARTESIAN_POINT('Axis2P3D Location',(-8.94839757848E-014,-5.68434188608E-014,0.)) ;
#1278=CARTESIAN_POINT('Axis2P3D Location',(5.21416340365,1.75,0.1)) ;
#1283=CARTESIAN_POINT('Axis2P3D Location',(5.21416340365,1.35,0.1)) ;
#1287=CARTESIAN_POINT('Vertex',(5.21416340365,1.35,0.)) ;
#1290=CARTESIAN_POINT('Axis2P3D Location',(5.21416340365,1.75,0.)) ;
#1303=CARTESIAN_POINT('Axis2P3D Location',(3.23208170183,1.35,0.1)) ;
#1308=CARTESIAN_POINT('Line Origine',(3.23208170183,1.35,-9.71445146547E-017)) ;
#1321=CARTESIAN_POINT('Axis2P3D Location',(-5.21416340365,-1.75,0.1)) ;
#1326=CARTESIAN_POINT('Axis2P3D Location',(-5.59337528756,-1.87727272727,0.1)) ;
#1330=CARTESIAN_POINT('Vertex',(-5.59337528756,-1.87727272727,0.)) ;
#1333=CARTESIAN_POINT('Axis2P3D Location',(-5.21416340365,-1.35,0.1)) ;
#1337=CARTESIAN_POINT('Vertex',(-5.21416340365,-1.35,0.)) ;
#1340=CARTESIAN_POINT('Axis2P3D Location',(-5.21416340365,-1.75,0.)) ;
#1353=CARTESIAN_POINT('Axis2P3D Location',(-2.53130849615E-013,-1.35,0.1)) ;
#1358=CARTESIAN_POINT('Axis2P3D Location',(5.21416340365,-1.35,0.1)) ;
#1362=CARTESIAN_POINT('Vertex',(5.21416340365,-1.35,0.)) ;
#1365=CARTESIAN_POINT('Line Origine',(-2.53130849615E-013,-1.35,-9.71445146547E-017)) ;
#1378=CARTESIAN_POINT('Axis2P3D Location',(5.21416340365,-1.75,0.1)) ;
#1383=CARTESIAN_POINT('Axis2P3D Location',(5.59337528756,-1.87727272727,0.1)) ;
#1387=CARTESIAN_POINT('Vertex',(5.59337528756,-1.87727272727,0.)) ;
#1390=CARTESIAN_POINT('Axis2P3D Location',(5.21416340365,-1.75,0.)) ;
#1403=CARTESIAN_POINT('Axis2P3D Location',(0.,-1.7763568394E-015,0.1)) ;
#1408=CARTESIAN_POINT('Axis2P3D Location',(0.,-1.7763568394E-015,0.)) ;
#1421=CARTESIAN_POINT('Axis2P3D Location',(0.,0.,2.)) ;
#1438=CARTESIAN_POINT('Axis2P3D Location',(0.,0.,12.9499999993)) ;
#1443=CARTESIAN_POINT('Line Origine',(-6.46715672758,-2.67878402656,12.675)) ;
#1447=CARTESIAN_POINT('Vertex',(-6.46715672758,-2.67878402656,0.355)) ;
#1449=CARTESIAN_POINT('Vertex',(-6.46715672758,-2.67878402656,0.35)) ;
#1452=CARTESIAN_POINT('Axis2P3D Location',(0.,0.,0.355)) ;
#1456=CARTESIAN_POINT('Vertex',(-6.46715672758,2.67878402656,0.355)) ;
#1459=CARTESIAN_POINT('Line Origine',(-6.46715672758,2.67878402656,12.675)) ;
#1463=CARTESIAN_POINT('Vertex',(-6.46715672758,2.67878402656,0.35)) ;
#1466=CARTESIAN_POINT('Axis2P3D Location',(0.,0.,0.35)) ;
#1470=CARTESIAN_POINT('Vertex',(-3.35597877023,6.14307793323,0.35)) ;
#1473=CARTESIAN_POINT('Line Origine',(-3.35597877023,6.14307793323,12.675)) ;
#1478=CARTESIAN_POINT('Line Origine',(3.35597877023,-6.14307793323,12.675)) ;
#1482=CARTESIAN_POINT('Vertex',(3.35597877023,-6.14307793323,0.35)) ;
#1485=CARTESIAN_POINT('Axis2P3D Location',(0.,0.,0.35)) ;
#1501=CARTESIAN_POINT('Axis2P3D Location',(0.,0.,0.35)) ;
#1531=CARTESIAN_POINT('Axis2P3D Location',(0.,7.95912222429,0.35)) ;
#1536=CARTESIAN_POINT('Line Origine',(-6.91021342368,-2.86230411898,0.35)) ;
#1540=CARTESIAN_POINT('Vertex',(-7.35327011978,-3.04582421141,0.35)) ;
#1543=CARTESIAN_POINT('Line Origine',(-6.91021342368,2.86230411898,0.35)) ;
#1547=CARTESIAN_POINT('Vertex',(-7.35327011978,3.04582421141,0.35)) ;
#1550=CARTESIAN_POINT('Axis2P3D Location',(0.,0.,0.35)) ;
#1554=CARTESIAN_POINT('Vertex',(-3.8158064592,6.984786872,0.35)) ;
#1557=CARTESIAN_POINT('Axis2P3D Location',(0.,0.,0.35)) ;
#1561=CARTESIAN_POINT('Vertex',(3.8158064592,-6.984786872,0.35)) ;
#1564=CARTESIAN_POINT('Axis2P3D Location',(0.,0.,0.35)) ;
#1580=CARTESIAN_POINT('Axis2P3D Location',(1.7763568394E-015,-4.4408920985E-016,0.)) ;
#1585=CARTESIAN_POINT('Line Origine',(-6.81361155227,2.82229031369,25.)) ;
#1589=CARTESIAN_POINT('Vertex',(-7.16006637696,2.96579660083,25.)) ;
#1591=CARTESIAN_POINT('Vertex',(-6.46715672758,2.67878402656,25.)) ;
#1594=CARTESIAN_POINT('Axis2P3D Location',(-7.16006637696,2.96579660083,23.75)) ;
#1598=CARTESIAN_POINT('Vertex',(-8.3149157926,3.44415089129,23.75)) ;
#1601=CARTESIAN_POINT('Line Origine',(-8.3149157926,3.44415089129,14.6295611121)) ;
#1605=CARTESIAN_POINT('Vertex',(-8.3149157926,3.44415089129,5.50912222429)) ;
#1608=CARTESIAN_POINT('Axis2P3D Location',(-7.35327011978,3.04582421141,5.50912222429)) ;
#1612=CARTESIAN_POINT('Vertex',(-8.16439682687,3.38180389428,4.95)) ;
#1615=CARTESIAN_POINT('Axis2P3D Location',(-10.3404685474,4.28316231364,3.44999999986)) ;
#1619=CARTESIAN_POINT('Vertex',(-8.16439682687,3.38180389428,1.95)) ;
#1622=CARTESIAN_POINT('Axis2P3D Location',(-7.35327011978,3.04582421141,1.39087777571)) ;
#1627=CARTESIAN_POINT('Line Origine',(-6.91021376475,2.86230426026,0.355)) ;
#1631=CARTESIAN_POINT('Vertex',(-7.35327080193,3.04582449396,0.355000000018)) ;
#1634=CARTESIAN_POINT('Axis2P3D Location',(-7.35327011978,3.04582421141,1.39087777571)) ;
#1638=CARTESIAN_POINT('Vertex',(-8.1605000543,3.38018979824,1.9473148827)) ;
#1641=CARTESIAN_POINT('Axis2P3D Location',(-10.3404685474,4.28316231364,3.44999999986)) ;
#1645=CARTESIAN_POINT('Vertex',(-8.16049847024,3.3801891421,4.95268242856)) ;
#1648=CARTESIAN_POINT('Axis2P3D Location',(-7.35327011978,3.04582421141,5.50912222429)) ;
#1652=CARTESIAN_POINT('Vertex',(-8.31029639494,3.44223747412,5.50913584904)) ;
#1655=CARTESIAN_POINT('Line Origine',(-8.31029639494,3.44223747412,14.6295616234)) ;
#1659=CARTESIAN_POINT('Vertex',(-8.31029639488,3.4422374741,23.7499873977)) ;
#1662=CARTESIAN_POINT('Axis2P3D Location',(-7.16006637696,2.96579660083,23.75)) ;
#1666=CARTESIAN_POINT('Vertex',(-7.16005712738,2.96579276953,24.995)) ;
#1669=CARTESIAN_POINT('Line Origine',(-6.81360692748,2.82228839804,24.995)) ;
#1673=CARTESIAN_POINT('Vertex',(-6.46715672758,2.67878402656,24.995)) ;
#1676=CARTESIAN_POINT('Line Origine',(-6.46715672758,2.67878402656,24.9975)) ;
#1708=CARTESIAN_POINT('Axis2P3D Location',(-6.46715672758,2.67878402656,0.355)) ;
#1713=CARTESIAN_POINT('Axis2P3D Location',(2.1162480056E-015,-9.55786976221E-016,0.355)) ;
#1717=CARTESIAN_POINT('Vertex',(-7.35327080193,-3.04582449396,0.355000000018)) ;
#1720=CARTESIAN_POINT('Line Origine',(-6.91021376475,-2.86230426026,0.355)) ;
#1733=CARTESIAN_POINT('Axis2P3D Location',(1.7763568394E-015,1.33226762955E-015,0.)) ;
#1738=CARTESIAN_POINT('Line Origine',(-6.46715672758,-2.67878402656,24.9975)) ;
#1742=CARTESIAN_POINT('Vertex',(-6.46715672758,-2.67878402656,25.)) ;
#1744=CARTESIAN_POINT('Vertex',(-6.46715672758,-2.67878402656,24.995)) ;
#1747=CARTESIAN_POINT('Line Origine',(-6.81360692748,-2.82228839804,24.995)) ;
#1751=CARTESIAN_POINT('Vertex',(-7.16005712738,-2.96579276953,24.995)) ;
#1754=CARTESIAN_POINT('Axis2P3D Location',(-7.16006637696,-2.96579660083,23.75)) ;
#1758=CARTESIAN_POINT('Vertex',(-8.31029639488,-3.4422374741,23.7499873977)) ;
#1761=CARTESIAN_POINT('Line Origine',(-8.31029639494,-3.44223747412,14.6295616234)) ;
#1765=CARTESIAN_POINT('Vertex',(-8.31029639494,-3.44223747412,5.50913584904)) ;
#1768=CARTESIAN_POINT('Axis2P3D Location',(-7.35327011978,-3.04582421141,5.50912222429)) ;
#1772=CARTESIAN_POINT('Vertex',(-8.16049847024,-3.3801891421,4.95268242856)) ;
#1775=CARTESIAN_POINT('Axis2P3D Location',(-10.3404685474,-4.28316231364,3.44999999986)) ;
#1779=CARTESIAN_POINT('Vertex',(-8.1605000543,-3.38018979824,1.9473148827)) ;
#1782=CARTESIAN_POINT('Axis2P3D Location',(-7.35327011978,-3.04582421141,1.39087777571)) ;
#1787=CARTESIAN_POINT('Axis2P3D Location',(-7.35327011978,-3.04582421141,1.39087777571)) ;
#1791=CARTESIAN_POINT('Vertex',(-8.16439682687,-3.38180389428,1.95)) ;
#1794=CARTESIAN_POINT('Axis2P3D Location',(-10.3404685474,-4.28316231364,3.44999999986)) ;
#1798=CARTESIAN_POINT('Vertex',(-8.16439682687,-3.38180389428,4.95)) ;
#1801=CARTESIAN_POINT('Axis2P3D Location',(-7.35327011978,-3.04582421141,5.50912222429)) ;
#1805=CARTESIAN_POINT('Vertex',(-8.3149157926,-3.44415089129,5.50912222429)) ;
#1808=CARTESIAN_POINT('Line Origine',(-8.3149157926,-3.44415089129,14.6295611121)) ;
#1812=CARTESIAN_POINT('Vertex',(-8.3149157926,-3.44415089129,23.75)) ;
#1815=CARTESIAN_POINT('Axis2P3D Location',(-7.16006637696,-2.96579660083,23.75)) ;
#1819=CARTESIAN_POINT('Vertex',(-7.16006637696,-2.96579660083,25.)) ;
#1822=CARTESIAN_POINT('Line Origine',(-6.81361155227,-2.82229031369,25.)) ;
#1847=CARTESIAN_POINT('Axis2P3D Location',(0.,0.,1.39087777571)) ;
#1852=CARTESIAN_POINT('Axis2P3D Location',(3.8158064592,-6.984786872,1.39087777571)) ;
#1856=CARTESIAN_POINT('Vertex',(4.23672157284,-7.75526681941,1.95)) ;
#1859=CARTESIAN_POINT('Axis2P3D Location',(0.,0.,1.95)) ;
#1871=CARTESIAN_POINT('Axis2P3D Location',(-3.8158064592,6.984786872,1.39087777571)) ;
#1875=CARTESIAN_POINT('Vertex',(-4.23672157284,7.75526681941,1.95)) ;
#1878=CARTESIAN_POINT('Axis2P3D Location',(0.,0.,1.95)) ;
#1890=CARTESIAN_POINT('Axis2P3D Location',(0.,0.,1.95)) ;
#1902=CARTESIAN_POINT('Axis2P3D Location',(0.,0.,24.995)) ;
#1907=CARTESIAN_POINT('Axis2P3D Location',(0.,0.,25.)) ;
#1911=CARTESIAN_POINT('Vertex',(3.35597877023,-6.14307793323,25.)) ;
#1914=CARTESIAN_POINT('Line Origine',(3.35597877023,-6.14307793323,12.675)) ;
#1918=CARTESIAN_POINT('Vertex',(3.35597877023,-6.14307793323,24.9)) ;
#1921=CARTESIAN_POINT('Axis2P3D Location',(0.,0.,24.9)) ;
#1925=CARTESIAN_POINT('Vertex',(-3.35597877023,6.14307793323,24.9)) ;
#1928=CARTESIAN_POINT('Line Origine',(-3.35597877023,6.14307793323,12.675)) ;
#1932=CARTESIAN_POINT('Vertex',(-3.35597877023,6.14307793323,25.)) ;
#1935=CARTESIAN_POINT('Axis2P3D Location',(0.,0.,25.)) ;
#1951=CARTESIAN_POINT('Axis2P3D Location',(-7.16005712738,2.96579276953,24.995)) ;
#1956=CARTESIAN_POINT('Axis2P3D Location',(2.1162480056E-015,-5.11697766371E-016,24.995)) ;
#1969=CARTESIAN_POINT('Axis2P3D Location',(0.,0.,23.75)) ;
#1974=CARTESIAN_POINT('Axis2P3D Location',(0.,0.,23.7499873977)) ;
#1987=CARTESIAN_POINT('Axis2P3D Location',(0.,-6.93889390391E-018,0.)) ;
#1992=CARTESIAN_POINT('Axis2P3D Location',(0.,-6.93889390391E-018,5.50913584904)) ;
#2005=CARTESIAN_POINT('Axis2P3D Location',(0.,0.,5.50912222429)) ;
#2010=CARTESIAN_POINT('Axis2P3D Location',(0.,0.,4.95268242856)) ;
#2023=CARTESIAN_POINT('Axis2P3D Location',(0.,0.,3.44999999986)) ;
#2028=CARTESIAN_POINT('Axis2P3D Location',(0.,0.,1.9473148827)) ;
#2041=CARTESIAN_POINT('Axis2P3D Location',(0.,0.,1.39087777571)) ;
#2054=CARTESIAN_POINT('Axis2P3D Location',(0.,0.,3.45)) ;
#2059=CARTESIAN_POINT('Axis2P3D Location',(0.,0.,4.95)) ;
#2063=CARTESIAN_POINT('Vertex',(-4.23672157284,7.75526681941,4.95)) ;
#2066=CARTESIAN_POINT('Axis2P3D Location',(-5.36594277535,9.8222923657,3.45)) ;
#2078=CARTESIAN_POINT('Axis2P3D Location',(0.,0.,5.50912222429)) ;
#2083=CARTESIAN_POINT('Axis2P3D Location',(0.,0.,5.50912222429)) ;
#2087=CARTESIAN_POINT('Vertex',(-4.31482984744,7.89824305701,5.50912222429)) ;
#2090=CARTESIAN_POINT('Axis2P3D Location',(-3.8158064592,6.984786872,5.50912222429)) ;
#2102=CARTESIAN_POINT('Axis2P3D Location',(0.,0.,12.9499999993)) ;
#2107=CARTESIAN_POINT('Line Origine',(-4.31482984744,7.89824305701,14.6295611121)) ;
#2111=CARTESIAN_POINT('Vertex',(-4.31482984744,7.89824305701,17.617106283)) ;
#2114=CARTESIAN_POINT('Axis2P3D Location',(0.,0.,23.75)) ;
#2118=CARTESIAN_POINT('Vertex',(-4.31482984744,7.89824305701,23.75)) ;
#2121=CARTESIAN_POINT('Line Origine',(-4.31482984744,7.89824305701,14.6295611121)) ;
#2125=CARTESIAN_POINT('Vertex',(-4.31482984744,7.89824305701,18.0388655201)) ;
#2129=CARTESIAN_POINT('Control Point',(-4.5,7.79422863406,17.727)) ;
#2130=CARTESIAN_POINT('Control Point',(-4.43840826972,7.82978863612,17.8307334405)) ;
#2131=CARTESIAN_POINT('Control Point',(-4.37668085544,7.86445369734,17.9346954014)) ;
#2132=CARTESIAN_POINT('Control Point',(-4.31482984744,7.89824305701,18.0388655201)) ;
#2133=CARTESIAN_POINT('Vertex',(-4.5,7.79422863406,17.727)) ;
#2137=CARTESIAN_POINT('Control Point',(-4.31482984744,7.89824305701,17.617106283)) ;
#2138=CARTESIAN_POINT('Control Point',(-4.3714689072,7.86730099764,17.6644066261)) ;
#2139=CARTESIAN_POINT('Control Point',(-4.43441805676,7.83209238664,17.7011531134)) ;
#2140=CARTESIAN_POINT('Control Point',(-4.5,7.79422863406,17.727)) ;
#2152=CARTESIAN_POINT('Axis2P3D Location',(0.,0.,23.75)) ;
#2157=CARTESIAN_POINT('Axis2P3D Location',(0.,0.,25.)) ;
#2161=CARTESIAN_POINT('Vertex',(-3.71554792418,6.80126485465,25.)) ;
#2164=CARTESIAN_POINT('Axis2P3D Location',(-3.71554792418,6.80126485465,23.75)) ;
#2176=CARTESIAN_POINT('Axis2P3D Location',(0.,7.75,25.)) ;
#2181=CARTESIAN_POINT('Axis2P3D Location',(0.,0.,25.)) ;
#2185=CARTESIAN_POINT('Vertex',(3.71554792418,-6.80126485465,25.)) ;
#2188=CARTESIAN_POINT('Axis2P3D Location',(0.,0.,25.)) ;
#2193=CARTESIAN_POINT('Axis2P3D Location',(0.,0.,25.)) ;
#2209=CARTESIAN_POINT('Axis2P3D Location',(5.36594277535,-9.8222923657,3.45)) ;
#2213=CARTESIAN_POINT('Vertex',(4.23672157284,-7.75526681941,4.95)) ;
#2216=CARTESIAN_POINT('Axis2P3D Location',(0.,0.,4.95)) ;
#2228=CARTESIAN_POINT('Axis2P3D Location',(3.8158064592,-6.984786872,5.50912222429)) ;
#2232=CARTESIAN_POINT('Vertex',(4.31482984744,-7.89824305701,5.50912222429)) ;
#2235=CARTESIAN_POINT('Axis2P3D Location',(0.,0.,5.50912222429)) ;
#2247=CARTESIAN_POINT('Line Origine',(4.31482984744,-7.89824305701,14.6295611121)) ;
#2251=CARTESIAN_POINT('Vertex',(4.31482984744,-7.89824305701,18.0388655703)) ;
#2253=CARTESIAN_POINT('Vertex',(4.31482984744,-7.89824305701,23.75)) ;
#2256=CARTESIAN_POINT('Axis2P3D Location',(0.,0.,23.75)) ;
#2261=CARTESIAN_POINT('Line Origine',(4.31482984744,-7.89824305701,14.6295611121)) ;
#2265=CARTESIAN_POINT('Vertex',(4.31482984744,-7.89824305701,17.6171061495)) ;
#2269=CARTESIAN_POINT('Control Point',(4.0725,-8.02587962469,17.0990121418)) ;
#2270=CARTESIAN_POINT('Control Point',(4.0725,-8.02587962469,17.2511018879)) ;
#2271=CARTESIAN_POINT('Control Point',(4.1190749232,-8.0024285619,17.4036326843)) ;
#2272=CARTESIAN_POINT('Control Point',(4.20717016944,-7.95705780716,17.5271966769)) ;
#2273=CARTESIAN_POINT('Control Point',(4.31482984744,-7.89824305701,17.6171061495)) ;
#2274=CARTESIAN_POINT('Vertex',(4.0725,-8.02587962469,17.0990121418)) ;
#2277=CARTESIAN_POINT('Line Origine',(4.0725,-8.02587962469,14.6295611121)) ;
#2281=CARTESIAN_POINT('Vertex',(4.0725,-8.02587962469,15.342)) ;
#2285=CARTESIAN_POINT('Control Point',(4.0725,-8.02587962469,15.342)) ;
#2286=CARTESIAN_POINT('Control Point',(4.0725,-8.02587962469,15.1195938399)) ;
#2287=CARTESIAN_POINT('Control Point',(3.97841100282,-8.07387869457,14.8959909149)) ;
#2288=CARTESIAN_POINT('Control Point',(3.80502418044,-8.16094281489,14.7460734399)) ;
#2289=CARTESIAN_POINT('Control Point',(3.60345023581,-8.25012793223,14.667)) ;
#2290=CARTESIAN_POINT('Control Point',(3.3975,-8.33408625765,14.667)) ;
#2291=CARTESIAN_POINT('Vertex',(3.3975,-8.33408625765,14.667)) ;
#2294=CARTESIAN_POINT('Axis2P3D Location',(0.,0.,14.667)) ;
#2298=CARTESIAN_POINT('Vertex',(0.665558975638,-8.97535688705,14.667)) ;
#2302=CARTESIAN_POINT('Control Point',(-9.65894031424E-015,-9.,14.1044999998)) ;
#2303=CARTESIAN_POINT('Control Point',(0.0394928510735,-9.,14.3381428581)) ;
#2304=CARTESIAN_POINT('Control Point',(0.190089503198,-9.0010047996,14.5552093101)) ;
#2305=CARTESIAN_POINT('Control Point',(0.429250686569,-8.99288010142,14.667)) ;
#2306=CARTESIAN_POINT('Control Point',(0.665558975639,-8.97535688705,14.667)) ;
#2307=CARTESIAN_POINT('Vertex',(5.21804821574E-015,-9.,14.1044999998)) ;
#2311=CARTESIAN_POINT('Control Point',(-0.665558975639,-8.97535688705,14.667)) ;
#2312=CARTESIAN_POINT('Control Point',(-0.429250766016,-8.99288009553,14.667)) ;
#2313=CARTESIAN_POINT('Control Point',(-0.190089758956,-9.00100479845,14.5552089654)) ;
#2314=CARTESIAN_POINT('Control Point',(-0.0394928377949,-9.,14.3381427795)) ;
#2315=CARTESIAN_POINT('Control Point',(3.42059713887E-013,-9.,14.1044999998)) ;
#2316=CARTESIAN_POINT('Vertex',(-0.665558975638,-8.97535688705,14.667)) ;
#2319=CARTESIAN_POINT('Axis2P3D Location',(0.,0.,14.667)) ;
#2323=CARTESIAN_POINT('Vertex',(-3.3975,-8.33408625765,14.667)) ;
#2327=CARTESIAN_POINT('Control Point',(-4.0725,-8.02587962469,15.342)) ;
#2328=CARTESIAN_POINT('Control Point',(-4.0725,-8.02587962469,15.1195938399)) ;
#2329=CARTESIAN_POINT('Control Point',(-3.97841100285,-8.07387869456,14.8959909149)) ;
#2330=CARTESIAN_POINT('Control Point',(-3.80502418045,-8.16094281489,14.7460734399)) ;
#2331=CARTESIAN_POINT('Control Point',(-3.60345023581,-8.25012793222,14.667)) ;
#2332=CARTESIAN_POINT('Control Point',(-3.3975,-8.33408625765,14.667)) ;
#2333=CARTESIAN_POINT('Vertex',(-4.0725,-8.02587962469,15.342)) ;
#2336=CARTESIAN_POINT('Line Origine',(-4.0725,-8.02587962469,14.6295611121)) ;
#2340=CARTESIAN_POINT('Vertex',(-4.0725,-8.02587962469,17.0990121418)) ;
#2344=CARTESIAN_POINT('Control Point',(-4.0725,-8.02587962469,17.0990121418)) ;
#2345=CARTESIAN_POINT('Control Point',(-4.0725,-8.02587962469,17.3111151986)) ;
#2346=CARTESIAN_POINT('Control Point',(-4.16575309622,-7.9794210618,17.5238140228)) ;
#2347=CARTESIAN_POINT('Control Point',(-4.32616025776,-7.89459505604,17.6584869935)) ;
#2348=CARTESIAN_POINT('Control Point',(-4.5,-7.79422863406,17.727)) ;
#2349=CARTESIAN_POINT('Vertex',(-4.5,-7.79422863406,17.727)) ;
#2353=CARTESIAN_POINT('Control Point',(-4.5,-7.79422863406,17.727)) ;
#2354=CARTESIAN_POINT('Control Point',(-4.35817737169,-7.87610996669,17.9658591635)) ;
#2355=CARTESIAN_POINT('Control Point',(-4.21563049205,-7.95325220487,18.2059381186)) ;
#2356=CARTESIAN_POINT('Control Point',(-4.0725,-8.02587962469,18.447)) ;
#2357=CARTESIAN_POINT('Vertex',(-4.0725,-8.02587962469,18.447)) ;
#2360=CARTESIAN_POINT('Axis2P3D Location',(0.,0.,18.447)) ;
#2364=CARTESIAN_POINT('Vertex',(-0.536289116667,-8.98400767939,18.447)) ;
#2368=CARTESIAN_POINT('Control Point',(-0.536289116668,-8.98400767939,18.447)) ;
#2369=CARTESIAN_POINT('Control Point',(-0.357658332226,-8.99467082094,18.5968890253)) ;
#2370=CARTESIAN_POINT('Control Point',(-0.178817450401,-9.,18.7469543433)) ;
#2371=CARTESIAN_POINT('Control Point',(6.33231826432E-015,-9.,18.897)) ;
#2372=CARTESIAN_POINT('Vertex',(-1.42108547152E-014,-9.,18.897)) ;
#2376=CARTESIAN_POINT('Control Point',(0.536289116668,-8.98400767939,18.447)) ;
#2377=CARTESIAN_POINT('Control Point',(0.357658332226,-8.99467082094,18.5968890253)) ;
#2378=CARTESIAN_POINT('Control Point',(0.178817450401,-9.,18.7469543433)) ;
#2379=CARTESIAN_POINT('Control Point',(2.2315482795E-014,-9.,18.897)) ;
#2380=CARTESIAN_POINT('Vertex',(0.536289116667,-8.98400767939,18.447)) ;
#2383=CARTESIAN_POINT('Axis2P3D Location',(0.,0.,18.447)) ;
#2387=CARTESIAN_POINT('Vertex',(4.0725,-8.02587962469,18.447)) ;
#2391=CARTESIAN_POINT('Control Point',(4.31482984744,-7.89824305701,18.0388655703)) ;
#2392=CARTESIAN_POINT('Control Point',(4.2342562051,-7.94226063844,18.1745685629)) ;
#2393=CARTESIAN_POINT('Control Point',(4.15347188709,-7.98479278741,18.3106262954)) ;
#2394=CARTESIAN_POINT('Control Point',(4.0725,-8.02587962469,18.447)) ;
#2420=CARTESIAN_POINT('Axis2P3D Location',(3.71554792418,-6.80126485465,23.75)) ;
#2432=CARTESIAN_POINT('Axis2P3D Location',(0.,0.,4.95)) ;
#2444=CARTESIAN_POINT('Axis2P3D Location',(0.,0.,24.9)) ;
#2456=CARTESIAN_POINT('Axis2P3D Location',(0.,7.,24.9)) ;
#2474=CARTESIAN_POINT('Axis2P3D Location',(0.,0.,5.50912222429)) ;
#2486=CARTESIAN_POINT('Axis2P3D Location',(0.,0.,23.75)) ;
#2492=CARTESIAN_POINT('Control Point',(4.5,-7.79422863406,17.727)) ;
#2493=CARTESIAN_POINT('Control Point',(4.43840937314,-7.82978799906,17.8307315821)) ;
#2494=CARTESIAN_POINT('Control Point',(4.37668273719,-7.86445266934,17.93469227)) ;
#2495=CARTESIAN_POINT('Control Point',(4.31482984744,-7.89824305701,18.0388655703)) ;
#2496=CARTESIAN_POINT('Vertex',(4.5,-7.79422863406,17.727)) ;
#2500=CARTESIAN_POINT('Control Point',(4.31482984744,-7.89824305701,17.6171061495)) ;
#2501=CARTESIAN_POINT('Control Point',(4.37147196282,-7.86729932835,17.6644094929)) ;
#2502=CARTESIAN_POINT('Control Point',(4.43441742503,-7.83209275137,17.7011528644)) ;
#2503=CARTESIAN_POINT('Control Point',(4.5,-7.79422863406,17.727)) ;
#2506=CARTESIAN_POINT('Control Point',(-4.0725,8.02587962469,17.0990121418)) ;
#2507=CARTESIAN_POINT('Control Point',(-4.0725,8.02587962469,17.251104918)) ;
#2508=CARTESIAN_POINT('Control Point',(-4.11908120178,8.0024253342,17.4036438561)) ;
#2509=CARTESIAN_POINT('Control Point',(-4.2071727954,7.95705637259,17.5271998559)) ;
#2510=CARTESIAN_POINT('Control Point',(-4.31482984744,7.89824305701,17.617106283)) ;
#2511=CARTESIAN_POINT('Vertex',(-4.0725,8.02587962469,17.0990121418)) ;
#2514=CARTESIAN_POINT('Line Origine',(-4.0725,8.02587962469,14.6295611121)) ;
#2518=CARTESIAN_POINT('Vertex',(-4.0725,8.02587962469,15.342)) ;
#2522=CARTESIAN_POINT('Control Point',(-4.0725,8.02587962469,15.342)) ;
#2523=CARTESIAN_POINT('Control Point',(-4.0725,8.02587962469,15.1195938399)) ;
#2524=CARTESIAN_POINT('Control Point',(-3.97841100281,8.07387869457,14.8959909148)) ;
#2525=CARTESIAN_POINT('Control Point',(-3.8050241804,8.16094281491,14.7460734399)) ;
#2526=CARTESIAN_POINT('Control Point',(-3.60345023582,8.25012793222,14.667)) ;
#2527=CARTESIAN_POINT('Control Point',(-3.3975,8.33408625765,14.667)) ;
#2528=CARTESIAN_POINT('Vertex',(-3.3975,8.33408625765,14.667)) ;
#2531=CARTESIAN_POINT('Axis2P3D Location',(0.,0.,14.667)) ;
#2535=CARTESIAN_POINT('Vertex',(-0.665558975638,8.97535688705,14.667)) ;
#2539=CARTESIAN_POINT('Control Point',(-0.665558975639,8.97535688705,14.667)) ;
#2540=CARTESIAN_POINT('Control Point',(-0.429250766018,8.99288009553,14.667)) ;
#2541=CARTESIAN_POINT('Control Point',(-0.190089758983,9.00100479845,14.5552089654)) ;
#2542=CARTESIAN_POINT('Control Point',(-0.0394928377946,9.,14.3381427795)) ;
#2543=CARTESIAN_POINT('Control Point',(3.54466456187E-013,9.,14.1044999998)) ;
#2544=CARTESIAN_POINT('Vertex',(5.3290705182E-015,9.,14.1044999998)) ;
#2548=CARTESIAN_POINT('Control Point',(-1.32394095687E-014,9.,14.1044999998)) ;
#2549=CARTESIAN_POINT('Control Point',(0.039492851074,9.,14.3381428581)) ;
#2550=CARTESIAN_POINT('Control Point',(0.190089503177,9.0010047996,14.5552093101)) ;
#2551=CARTESIAN_POINT('Control Point',(0.429250686566,8.99288010143,14.667)) ;
#2552=CARTESIAN_POINT('Control Point',(0.665558975639,8.97535688705,14.667)) ;
#2553=CARTESIAN_POINT('Vertex',(0.665558975638,8.97535688705,14.667)) ;
#2556=CARTESIAN_POINT('Axis2P3D Location',(0.,0.,14.667)) ;
#2560=CARTESIAN_POINT('Vertex',(3.3975,8.33408625765,14.667)) ;
#2564=CARTESIAN_POINT('Control Point',(4.0725,8.02587962469,15.342)) ;
#2565=CARTESIAN_POINT('Control Point',(4.0725,8.02587962469,15.1195938399)) ;
#2566=CARTESIAN_POINT('Control Point',(3.97841100278,8.07387869459,14.8959909148)) ;
#2567=CARTESIAN_POINT('Control Point',(3.80502418045,8.16094281489,14.74607344)) ;
#2568=CARTESIAN_POINT('Control Point',(3.6034502358,8.25012793223,14.667)) ;
#2569=CARTESIAN_POINT('Control Point',(3.3975,8.33408625765,14.667)) ;
#2570=CARTESIAN_POINT('Vertex',(4.0725,8.02587962469,15.342)) ;
#2573=CARTESIAN_POINT('Line Origine',(4.0725,8.02587962469,14.6295611121)) ;
#2577=CARTESIAN_POINT('Vertex',(4.0725,8.02587962469,17.0990121418)) ;
#2581=CARTESIAN_POINT('Control Point',(4.0725,8.02587962469,17.0990121418)) ;
#2582=CARTESIAN_POINT('Control Point',(4.0725,8.02587962469,17.3111151986)) ;
#2583=CARTESIAN_POINT('Control Point',(4.16575309624,7.97942106179,17.5238140229)) ;
#2584=CARTESIAN_POINT('Control Point',(4.32616025777,7.89459505603,17.6584869935)) ;
#2585=CARTESIAN_POINT('Control Point',(4.5,7.79422863406,17.727)) ;
#2586=CARTESIAN_POINT('Vertex',(4.5,7.79422863406,17.727)) ;
#2590=CARTESIAN_POINT('Control Point',(4.5,7.79422863406,17.727)) ;
#2591=CARTESIAN_POINT('Control Point',(4.35817737169,7.87610996669,17.9658591635)) ;
#2592=CARTESIAN_POINT('Control Point',(4.21563049205,7.95325220487,18.2059381186)) ;
#2593=CARTESIAN_POINT('Control Point',(4.0725,8.02587962469,18.447)) ;
#2594=CARTESIAN_POINT('Vertex',(4.0725,8.02587962469,18.447)) ;
#2597=CARTESIAN_POINT('Axis2P3D Location',(0.,0.,18.447)) ;
#2601=CARTESIAN_POINT('Vertex',(0.536289116667,8.98400767939,18.447)) ;
#2605=CARTESIAN_POINT('Control Point',(0.536289116668,8.98400767939,18.447)) ;
#2606=CARTESIAN_POINT('Control Point',(0.357658332226,8.99467082094,18.5968890253)) ;
#2607=CARTESIAN_POINT('Control Point',(0.178817450401,9.,18.7469543433)) ;
#2608=CARTESIAN_POINT('Control Point',(2.7715105376E-015,9.,18.897)) ;
#2609=CARTESIAN_POINT('Vertex',(1.19609836768E-014,9.,18.897)) ;
#2613=CARTESIAN_POINT('Control Point',(-0.536289116668,8.98400767939,18.447)) ;
#2614=CARTESIAN_POINT('Control Point',(-0.357658332226,8.99467082094,18.5968890253)) ;
#2615=CARTESIAN_POINT('Control Point',(-0.178817450401,9.,18.7469543433)) ;
#2616=CARTESIAN_POINT('Control Point',(2.83106871279E-015,9.,18.897)) ;
#2617=CARTESIAN_POINT('Vertex',(-0.536289116667,8.98400767939,18.447)) ;
#2620=CARTESIAN_POINT('Axis2P3D Location',(0.,0.,18.447)) ;
#2624=CARTESIAN_POINT('Vertex',(-4.0725,8.02587962469,18.447)) ;
#2628=CARTESIAN_POINT('Control Point',(-4.31482984744,7.89824305701,18.0388655201)) ;
#2629=CARTESIAN_POINT('Control Point',(-4.23425839242,7.9422594435,18.1745648128)) ;
#2630=CARTESIAN_POINT('Control Point',(-4.15347360302,7.98479191671,18.3106234054)) ;
#2631=CARTESIAN_POINT('Control Point',(-4.0725,8.02587962469,18.447)) ;
#2667=CARTESIAN_POINT('Axis2P3D Location',(4.7475,0.410000000155,17.0990121418)) ;
#2672=CARTESIAN_POINT('Line Origine',(4.5,-0.00199928307061,17.727)) ;
#2676=CARTESIAN_POINT('Vertex',(4.5,-7.78845459639,17.727)) ;
#2680=CARTESIAN_POINT('Control Point',(4.31243271974,-7.8938551442,17.6150949469)) ;
#2681=CARTESIAN_POINT('Control Point',(4.36969191585,-7.86257430281,17.6633655005)) ;
#2682=CARTESIAN_POINT('Control Point',(4.43349584112,-7.82687925577,17.7007896536)) ;
#2683=CARTESIAN_POINT('Control Point',(4.5,-7.78845459639,17.727)) ;
#2684=CARTESIAN_POINT('Vertex',(4.31243271974,-7.8938551442,17.6150949469)) ;
#2688=CARTESIAN_POINT('Control Point',(4.0725,-8.02027236134,17.0990121418)) ;
#2689=CARTESIAN_POINT('Control Point',(4.0725,-8.02027236134,17.2502706451)) ;
#2690=CARTESIAN_POINT('Control Point',(4.1185620109,-7.99706066497,17.4019804354)) ;
#2691=CARTESIAN_POINT('Control Point',(4.20573917207,-7.95214209495,17.5251503272)) ;
#2692=CARTESIAN_POINT('Control Point',(4.31243271974,-7.8938551442,17.6150949469)) ;
#2693=CARTESIAN_POINT('Vertex',(4.0725,-8.02027236134,17.0990121418)) ;
#2696=CARTESIAN_POINT('Line Origine',(4.0725,-0.00199928307061,17.0990121418)) ;
#2711=CARTESIAN_POINT('Axis2P3D Location',(4.0725,-9.5,17.0990121418)) ;
#2716=CARTESIAN_POINT('Line Origine',(4.0725,-8.02027236134,16.2205060709)) ;
#2720=CARTESIAN_POINT('Vertex',(4.0725,-8.02027236134,15.342)) ;
#2723=CARTESIAN_POINT('Line Origine',(4.0725,-8.02307599301,15.342)) ;
#2736=CARTESIAN_POINT('Axis2P3D Location',(3.3975,0.410000000155,15.342)) ;
#2742=CARTESIAN_POINT('Control Point',(4.0725,-8.02027236134,15.342)) ;
#2743=CARTESIAN_POINT('Control Point',(4.0725,-8.02027236134,15.1195546607)) ;
#2744=CARTESIAN_POINT('Control Point',(3.97838327048,-8.06832092671,14.8958507854)) ;
#2745=CARTESIAN_POINT('Control Point',(3.80482737092,-8.15551858146,14.7460035677)) ;
#2746=CARTESIAN_POINT('Control Point',(3.60341024414,-8.24469005141,14.667)) ;
#2747=CARTESIAN_POINT('Control Point',(3.3975,-8.32868649608,14.667)) ;
#2748=CARTESIAN_POINT('Vertex',(3.3975,-8.32868649608,14.667)) ;
#2751=CARTESIAN_POINT('Line Origine',(3.3975,-0.00199928307061,14.667)) ;
#2764=CARTESIAN_POINT('Axis2P3D Location',(0.665558975638,-9.5,14.667)) ;
#2769=CARTESIAN_POINT('Axis2P3D Location',(0.,0.,14.667)) ;
#2773=CARTESIAN_POINT('Vertex',(0.665558975638,-8.97034315118,14.667)) ;
#2776=CARTESIAN_POINT('Line Origine',(0.665558975638,-8.97285001912,14.667)) ;
#2789=CARTESIAN_POINT('Axis2P3D Location',(0.665558975638,0.410000000155,13.992)) ;
#2795=CARTESIAN_POINT('Control Point',(5.3290705182E-015,-8.995,14.1044999998)) ;
#2796=CARTESIAN_POINT('Control Point',(0.0394985880318,-8.995,14.3381767984)) ;
#2797=CARTESIAN_POINT('Control Point',(0.190146961901,-8.99600469468,14.555258267)) ;
#2798=CARTESIAN_POINT('Control Point',(0.429280934932,-8.9878739154,14.667)) ;
#2799=CARTESIAN_POINT('Control Point',(0.665558975638,-8.97034315118,14.667)) ;
#2800=CARTESIAN_POINT('Vertex',(5.3290705182E-015,-8.995,14.1044999998)) ;
#2803=CARTESIAN_POINT('Line Origine',(5.21804821574E-015,-0.00199928307061,14.1044999998)) ;
#2816=CARTESIAN_POINT('Axis2P3D Location',(-0.665558975638,0.410000000155,13.992)) ;
#2822=CARTESIAN_POINT('Control Point',(-0.665558975638,-8.97034315118,14.667)) ;
#2823=CARTESIAN_POINT('Control Point',(-0.429279731179,-8.98787400471,14.667)) ;
#2824=CARTESIAN_POINT('Control Point',(-0.190142604385,-8.99600455255,14.5552519934)) ;
#2825=CARTESIAN_POINT('Control Point',(-0.039498789263,-8.995,14.3381779889)) ;
#2826=CARTESIAN_POINT('Control Point',(5.35682609382E-015,-8.995,14.1044999998)) ;
#2827=CARTESIAN_POINT('Vertex',(-0.665558975638,-8.97034315118,14.667)) ;
#2830=CARTESIAN_POINT('Line Origine',(-0.665558975638,-0.00199928307061,14.667)) ;
#2843=CARTESIAN_POINT('Axis2P3D Location',(0.,0.,14.667)) ;
#2847=CARTESIAN_POINT('Vertex',(-3.3975,-8.32868649608,14.667)) ;
#2850=CARTESIAN_POINT('Line Origine',(-3.3975,-8.33138637687,14.667)) ;
#2863=CARTESIAN_POINT('Axis2P3D Location',(-3.3975,0.410000000155,15.342)) ;
#2869=CARTESIAN_POINT('Control Point',(-3.3975,-8.32868649608,14.667)) ;
#2870=CARTESIAN_POINT('Control Point',(-3.60340852506,-8.24469075267,14.667)) ;
#2871=CARTESIAN_POINT('Control Point',(-3.80482446619,-8.15552051469,14.745999315)) ;
#2872=CARTESIAN_POINT('Control Point',(-3.97839009781,-8.06831751031,14.895858065)) ;
#2873=CARTESIAN_POINT('Control Point',(-4.0725,-8.02027236134,15.1195565179)) ;
#2874=CARTESIAN_POINT('Control Point',(-4.0725,-8.02027236134,15.342)) ;
#2875=CARTESIAN_POINT('Vertex',(-4.0725,-8.02027236134,15.342)) ;
#2878=CARTESIAN_POINT('Line Origine',(-4.0725,-0.00199928307061,15.342)) ;
#2891=CARTESIAN_POINT('Axis2P3D Location',(-4.0725,-9.5,17.0990121418)) ;
#2896=CARTESIAN_POINT('Line Origine',(-4.0725,-8.02027236134,16.2205060709)) ;
#2900=CARTESIAN_POINT('Vertex',(-4.0725,-8.02027236134,17.0990121418)) ;
#2903=CARTESIAN_POINT('Line Origine',(-4.0725,-8.02307599301,17.0990121418)) ;
#2916=CARTESIAN_POINT('Axis2P3D Location',(-4.7475,0.410000000155,17.0990121418)) ;
#2922=CARTESIAN_POINT('Control Point',(-4.5,-7.78845459639,17.727)) ;
#2923=CARTESIAN_POINT('Control Point',(-4.32620742227,-7.88886817525,17.6585055818)) ;
#2924=CARTESIAN_POINT('Control Point',(-4.1657916729,-7.97376284484,17.5238922166)) ;
#2925=CARTESIAN_POINT('Control Point',(-4.0725,-8.02027236134,17.3111456668)) ;
#2926=CARTESIAN_POINT('Control Point',(-4.0725,-8.02027236134,17.0990121418)) ;
#2927=CARTESIAN_POINT('Vertex',(-4.5,-7.78845459639,17.727)) ;
#2930=CARTESIAN_POINT('Line Origine',(-4.5,-0.00199928307061,17.727)) ;
#2943=CARTESIAN_POINT('Axis2P3D Location',(-4.0725,-9.5,18.447)) ;
#2949=CARTESIAN_POINT('Control Point',(-4.0725,-8.02027236134,18.447)) ;
#2950=CARTESIAN_POINT('Control Point',(-4.15837906416,-7.97666505312,18.3023615761)) ;
#2951=CARTESIAN_POINT('Control Point',(-4.24407874946,-7.93170298904,18.1580252641)) ;
#2952=CARTESIAN_POINT('Control Point',(-4.32959969315,-7.88535815004,18.0139899905)) ;
#2953=CARTESIAN_POINT('Control Point',(-4.41490726152,-7.83761933355,17.8703140859)) ;
#2954=CARTESIAN_POINT('Control Point',(-4.5,-7.78845459639,17.727)) ;
#2955=CARTESIAN_POINT('Vertex',(-4.0725,-8.02027236134,18.447)) ;
#2958=CARTESIAN_POINT('Line Origine',(-4.0725,-8.02307599301,18.447)) ;
#2971=CARTESIAN_POINT('Axis2P3D Location',(0.536289116667,-9.5,18.447)) ;
#2976=CARTESIAN_POINT('Axis2P3D Location',(0.,0.,18.447)) ;
#2980=CARTESIAN_POINT('Vertex',(-0.536289116667,-8.97899877399,18.447)) ;
#2983=CARTESIAN_POINT('Line Origine',(-0.536289116667,-8.98150322669,18.447)) ;
#2996=CARTESIAN_POINT('Axis2P3D Location',(-1.42108547152E-014,-9.5,18.897)) ;
#3002=CARTESIAN_POINT('Control Point',(1.18988867689E-014,-8.995,18.897)) ;
#3003=CARTESIAN_POINT('Control Point',(-0.107290516707,-8.995,18.806972567)) ;
#3004=CARTESIAN_POINT('Control Point',(-0.214581030588,-8.99340032588,18.7169451364)) ;
#3005=CARTESIAN_POINT('Control Point',(-0.321876235394,-8.99020014166,18.6269137696)) ;
#3006=CARTESIAN_POINT('Control Point',(-0.42911075009,-8.98540022175,18.5369333279)) ;
#3007=CARTESIAN_POINT('Control Point',(-0.536289116667,-8.97899877399,18.447)) ;
#3008=CARTESIAN_POINT('Vertex',(1.19480129655E-014,-8.995,18.897)) ;
#3011=CARTESIAN_POINT('Line Origine',(-1.42108547152E-014,-8.9975,18.897)) ;
#3024=CARTESIAN_POINT('Axis2P3D Location',(2.12607709216E-014,-9.5,18.897)) ;
#3030=CARTESIAN_POINT('Control Point',(1.19480129655E-014,-8.995,18.897)) ;
#3031=CARTESIAN_POINT('Control Point',(0.107290516707,-8.995,18.806972567)) ;
#3032=CARTESIAN_POINT('Control Point',(0.214581030588,-8.99340032588,18.7169451364)) ;
#3033=CARTESIAN_POINT('Control Point',(0.321876235394,-8.99020014166,18.6269137696)) ;
#3034=CARTESIAN_POINT('Control Point',(0.42911075009,-8.98540022175,18.5369333279)) ;
#3035=CARTESIAN_POINT('Control Point',(0.536289116667,-8.97899877399,18.447)) ;
#3036=CARTESIAN_POINT('Vertex',(0.536289116667,-8.97899877399,18.447)) ;
#3039=CARTESIAN_POINT('Line Origine',(0.536289116667,-8.98150322669,18.447)) ;
#3052=CARTESIAN_POINT('Axis2P3D Location',(0.,0.,18.447)) ;
#3056=CARTESIAN_POINT('Vertex',(4.0725,-8.02027236134,18.447)) ;
#3059=CARTESIAN_POINT('Line Origine',(4.0725,-8.02307599301,18.447)) ;
#3072=CARTESIAN_POINT('Axis2P3D Location',(4.0725,-9.5,18.447)) ;
#3078=CARTESIAN_POINT('Control Point',(4.0725,-8.02027236134,18.447)) ;
#3079=CARTESIAN_POINT('Control Point',(4.12060260072,-7.99584702606,18.3659850935)) ;
#3080=CARTESIAN_POINT('Control Point',(4.16864892408,-7.9709966569,18.28506497)) ;
#3081=CARTESIAN_POINT('Control Point',(4.21663902186,-7.94571639976,18.2042395421)) ;
#3082=CARTESIAN_POINT('Control Point',(4.26456700151,-7.92000430526,18.1235187343)) ;
#3083=CARTESIAN_POINT('Control Point',(4.31243271974,-7.8938551442,18.0429027878)) ;
#3084=CARTESIAN_POINT('Vertex',(4.31243271974,-7.8938551442,18.0429027878)) ;
#3088=CARTESIAN_POINT('Control Point',(4.31243271974,-7.8938551442,18.0429027878)) ;
#3089=CARTESIAN_POINT('Control Point',(4.35002484915,-7.87331847031,17.9795897278)) ;
#3090=CARTESIAN_POINT('Control Point',(4.38757857569,-7.85251221357,17.9163413462)) ;
#3091=CARTESIAN_POINT('Control Point',(4.42509389875,-7.83143376391,17.8531576442)) ;
#3092=CARTESIAN_POINT('Control Point',(4.46256773542,-7.81008214631,17.790043814)) ;
#3093=CARTESIAN_POINT('Control Point',(4.5,-7.78845459639,17.727)) ;
#3105=CARTESIAN_POINT('Axis2P3D Location',(0.,0.,12.9499999993)) ;
#3110=CARTESIAN_POINT('Line Origine',(4.31243271974,-7.8938551442,16.5007499999)) ;
#3142=CARTESIAN_POINT('Control Point',(3.7395,-8.18084132287,15.342)) ;
#3143=CARTESIAN_POINT('Control Point',(3.7395,-8.18084132287,15.2017945361)) ;
#3144=CARTESIAN_POINT('Control Point',(3.65781955281,-8.21881720966,15.0626550759)) ;
#3145=CARTESIAN_POINT('Control Point',(3.5272835297,-8.27574422933,15.)) ;
#3146=CARTESIAN_POINT('Control Point',(3.3975,-8.32868649608,15.)) ;
#3147=CARTESIAN_POINT('Vertex',(3.7395,-8.18084132287,15.342)) ;
#3149=CARTESIAN_POINT('Vertex',(3.3975,-8.32868649608,15.)) ;
#3152=CARTESIAN_POINT('Axis2P3D Location',(0.,0.,15.)) ;
#3156=CARTESIAN_POINT('Vertex',(0.665558975638,-8.97034315118,15.)) ;
#3160=CARTESIAN_POINT('Control Point',(6.38378239159E-015,-8.995,14.7490305476)) ;
#3161=CARTESIAN_POINT('Control Point',(0.182149925682,-8.995,14.909171401)) ;
#3162=CARTESIAN_POINT('Control Point',(0.423717156733,-8.98828672263,15.)) ;
#3163=CARTESIAN_POINT('Control Point',(0.665558975638,-8.97034315118,15.)) ;
#3164=CARTESIAN_POINT('Vertex',(5.44009282066E-015,-8.995,14.7490305476)) ;
#3168=CARTESIAN_POINT('Control Point',(-0.665558975638,-8.97034315118,15.)) ;
#3169=CARTESIAN_POINT('Control Point',(-0.423715064057,-8.9882868779,15.)) ;
#3170=CARTESIAN_POINT('Control Point',(-0.18215150184,-8.995,14.9091727867)) ;
#3171=CARTESIAN_POINT('Control Point',(6.32827124036E-015,-8.995,14.7490305476)) ;
#3172=CARTESIAN_POINT('Vertex',(-0.665558975638,-8.97034315118,15.)) ;
#3175=CARTESIAN_POINT('Axis2P3D Location',(0.,0.,15.)) ;
#3179=CARTESIAN_POINT('Vertex',(-3.3975,-8.32868649608,15.)) ;
#3183=CARTESIAN_POINT('Control Point',(-3.3975,-8.32868649608,15.)) ;
#3184=CARTESIAN_POINT('Control Point',(-3.52729481908,-8.27573962408,15.)) ;
#3185=CARTESIAN_POINT('Control Point',(-3.65787220998,-8.21879376249,15.062732693)) ;
#3186=CARTESIAN_POINT('Control Point',(-3.7395,-8.18084132287,15.2017823402)) ;
#3187=CARTESIAN_POINT('Control Point',(-3.7395,-8.18084132287,15.342)) ;
#3188=CARTESIAN_POINT('Vertex',(-3.7395,-8.18084132287,15.342)) ;
#3191=CARTESIAN_POINT('Line Origine',(-3.7395,-8.18084132287,16.5007499999)) ;
#3195=CARTESIAN_POINT('Vertex',(-3.7395,-8.18084132287,17.0990121418)) ;
#3199=CARTESIAN_POINT('Control Point',(-4.05224387001,-8.03052579959,17.8288634375)) ;
#3200=CARTESIAN_POINT('Control Point',(-3.91042249525,-8.10208958145,17.6937644375)) ;
#3201=CARTESIAN_POINT('Control Point',(-3.79771822229,-8.15447138149,17.5167279013)) ;
#3202=CARTESIAN_POINT('Control Point',(-3.7395,-8.18084132287,17.3075797519)) ;
#3203=CARTESIAN_POINT('Control Point',(-3.7395,-8.18084132287,17.0990121418)) ;
#3204=CARTESIAN_POINT('Vertex',(-4.05224387001,-8.03052579959,17.8288634375)) ;
#3208=CARTESIAN_POINT('Control Point',(-3.882944036,-8.11373961951,18.114)) ;
#3209=CARTESIAN_POINT('Control Point',(-3.93966258928,-8.08659615935,18.0189534175)) ;
#3210=CARTESIAN_POINT('Control Point',(-3.99610701737,-8.05885273891,17.9239100199)) ;
#3211=CARTESIAN_POINT('Control Point',(-4.05224387001,-8.03052579959,17.8288634375)) ;
#3212=CARTESIAN_POINT('Vertex',(-3.882944036,-8.11373961951,18.114)) ;
#3215=CARTESIAN_POINT('Axis2P3D Location',(0.,0.,18.114)) ;
#3219=CARTESIAN_POINT('Vertex',(-0.415087028657,-8.98541750608,18.114)) ;
#3223=CARTESIAN_POINT('Control Point',(6.35602681598E-015,-8.995,18.4622993727)) ;
#3224=CARTESIAN_POINT('Control Point',(-0.138387591272,-8.995,18.3461783959)) ;
#3225=CARTESIAN_POINT('Control Point',(-0.276786027607,-8.99180640805,18.230048319)) ;
#3226=CARTESIAN_POINT('Control Point',(-0.415087028657,-8.98541750608,18.114)) ;
#3227=CARTESIAN_POINT('Vertex',(5.18792908968E-015,-8.995,18.4622993727)) ;
#3231=CARTESIAN_POINT('Control Point',(-1.66533453694E-015,-8.995,18.4622993727)) ;
#3232=CARTESIAN_POINT('Control Point',(0.138387591272,-8.995,18.3461783959)) ;
#3233=CARTESIAN_POINT('Control Point',(0.276786027607,-8.99180640805,18.230048319)) ;
#3234=CARTESIAN_POINT('Control Point',(0.415087028657,-8.98541750608,18.114)) ;
#3235=CARTESIAN_POINT('Vertex',(0.415087028657,-8.98541750608,18.114)) ;
#3238=CARTESIAN_POINT('Axis2P3D Location',(0.,0.,18.114)) ;
#3242=CARTESIAN_POINT('Vertex',(3.882944036,-8.11373961951,18.114)) ;
#3246=CARTESIAN_POINT('Control Point',(4.05224387001,-8.03052579959,17.8288634375)) ;
#3247=CARTESIAN_POINT('Control Point',(3.99610701737,-8.05885273891,17.9239100199)) ;
#3248=CARTESIAN_POINT('Control Point',(3.93966258928,-8.08659615935,18.0189534175)) ;
#3249=CARTESIAN_POINT('Control Point',(3.882944036,-8.11373961951,18.114)) ;
#3250=CARTESIAN_POINT('Vertex',(4.05224387001,-8.03052579959,17.8288634375)) ;
#3254=CARTESIAN_POINT('Control Point',(3.7395,-8.18084132287,17.0990121418)) ;
#3255=CARTESIAN_POINT('Control Point',(3.7395,-8.18084132287,17.307578691)) ;
#3256=CARTESIAN_POINT('Control Point',(3.79771226299,-8.15447420744,17.5167160759)) ;
#3257=CARTESIAN_POINT('Control Point',(3.91042321662,-8.10208921744,17.6937651247)) ;
#3258=CARTESIAN_POINT('Control Point',(4.05224387001,-8.03052579959,17.8288634375)) ;
#3259=CARTESIAN_POINT('Vertex',(3.7395,-8.18084132287,17.0990121418)) ;
#3262=CARTESIAN_POINT('Line Origine',(3.7395,-8.18084132287,16.5007499999)) ;
#3287=CARTESIAN_POINT('Axis2P3D Location',(3.3975,0.410000000155,15.342)) ;
#3292=CARTESIAN_POINT('Line Origine',(3.3975,-0.00199928307061,15.)) ;
#3296=CARTESIAN_POINT('Vertex',(3.3975,-8.33408625765,15.)) ;
#3299=CARTESIAN_POINT('Line Origine',(3.7395,-0.00199928307061,15.342)) ;
#3303=CARTESIAN_POINT('Vertex',(3.7395,-8.18633860465,15.342)) ;
#3307=CARTESIAN_POINT('Control Point',(3.7395,-8.18633860465,15.342)) ;
#3308=CARTESIAN_POINT('Control Point',(3.7395,-8.18633860465,15.2019432329)) ;
#3309=CARTESIAN_POINT('Control Point',(3.65763773555,-8.22437318996,15.0622993119)) ;
#3310=CARTESIAN_POINT('Control Point',(3.52719390871,-8.28121482805,15.)) ;
#3311=CARTESIAN_POINT('Control Point',(3.3975,-8.33408625765,15.)) ;
#3321=CARTESIAN_POINT('Axis2P3D Location',(0.665558975638,-9.5,15.)) ;
#3326=CARTESIAN_POINT('Axis2P3D Location',(0.,0.,15.)) ;
#3330=CARTESIAN_POINT('Vertex',(0.665558975638,-8.97535688705,15.)) ;
#3333=CARTESIAN_POINT('Line Origine',(0.665558975638,-8.97285001912,15.)) ;
#3346=CARTESIAN_POINT('Axis2P3D Location',(0.665558975638,0.410000000155,13.992)) ;
#3352=CARTESIAN_POINT('Control Point',(-6.37601083042E-013,-9.,14.7490305476)) ;
#3353=CARTESIAN_POINT('Control Point',(0.18213567247,-9.,14.90915887)) ;
#3354=CARTESIAN_POINT('Control Point',(0.423706042802,-8.99329125916,15.)) ;
#3355=CARTESIAN_POINT('Control Point',(0.66555897564,-8.97535688705,15.)) ;
#3356=CARTESIAN_POINT('Vertex',(6.43929354283E-015,-9.,14.7490305476)) ;
#3359=CARTESIAN_POINT('Line Origine',(6.43929354283E-015,-0.00199928307061,14.7490305476)) ;
#3372=CARTESIAN_POINT('Axis2P3D Location',(-0.665558975638,0.410000000155,13.992)) ;
#3378=CARTESIAN_POINT('Control Point',(-0.66555897564,-8.97535688705,15.)) ;
#3379=CARTESIAN_POINT('Control Point',(-0.423704130399,-8.99329140097,15.)) ;
#3380=CARTESIAN_POINT('Control Point',(-0.182137112669,-9.,14.9091601362)) ;
#3381=CARTESIAN_POINT('Control Point',(1.73994152419E-012,-9.,14.7490305476)) ;
#3382=CARTESIAN_POINT('Vertex',(-0.665558975638,-8.97535688705,15.)) ;
#3385=CARTESIAN_POINT('Line Origine',(-0.665558975638,-0.00199928307061,15.)) ;
#3398=CARTESIAN_POINT('Axis2P3D Location',(0.,0.,15.)) ;
#3402=CARTESIAN_POINT('Vertex',(-3.3975,-8.33408625765,15.)) ;
#3405=CARTESIAN_POINT('Line Origine',(-3.3975,-8.33138637687,15.)) ;
#3418=CARTESIAN_POINT('Axis2P3D Location',(-3.3975,0.410000000155,15.342)) ;
#3423=CARTESIAN_POINT('Line Origine',(-3.7395,-0.00199928307061,15.342)) ;
#3427=CARTESIAN_POINT('Vertex',(-3.7395,-8.18633860465,15.342)) ;
#3431=CARTESIAN_POINT('Control Point',(-3.7395,-8.18633860465,15.342)) ;
#3432=CARTESIAN_POINT('Control Point',(-3.7395,-8.18633860465,15.2019432329)) ;
#3433=CARTESIAN_POINT('Control Point',(-3.65763773555,-8.22437318996,15.0622993119)) ;
#3434=CARTESIAN_POINT('Control Point',(-3.52719390871,-8.28121482805,15.)) ;
#3435=CARTESIAN_POINT('Control Point',(-3.3975,-8.33408625765,15.)) ;
#3445=CARTESIAN_POINT('Axis2P3D Location',(-3.7395,-9.5,17.0990121418)) ;
#3450=CARTESIAN_POINT('Line Origine',(-3.7395,-8.18633860465,16.2205060709)) ;
#3454=CARTESIAN_POINT('Vertex',(-3.7395,-8.18633860465,17.0990121418)) ;
#3457=CARTESIAN_POINT('Line Origine',(-3.7395,-8.18358996376,17.0990121418)) ;
#3470=CARTESIAN_POINT('Axis2P3D Location',(-4.7475,0.410000000155,17.0990121418)) ;
#3476=CARTESIAN_POINT('Control Point',(-3.7395,-8.18633860465,17.0990121418)) ;
#3477=CARTESIAN_POINT('Control Point',(-3.7395,-8.18633860465,17.3075598694)) ;
#3478=CARTESIAN_POINT('Control Point',(-3.79769722976,-8.15999579228,17.5166757893)) ;
#3479=CARTESIAN_POINT('Control Point',(-3.91040150211,-8.10765040584,17.6937444394)) ;
#3480=CARTESIAN_POINT('Control Point',(-4.05224387002,-8.03612590854,17.8288634375)) ;
#3481=CARTESIAN_POINT('Vertex',(-4.05224387001,-8.03612590854,17.8288634375)) ;
#3484=CARTESIAN_POINT('Line Origine',(-4.05224387001,-0.00199928307061,17.8288634375)) ;
#3497=CARTESIAN_POINT('Axis2P3D Location',(-3.882944036,-9.5,18.114)) ;
#3503=CARTESIAN_POINT('Control Point',(-4.05224387001,-8.03612590854,17.8288634375)) ;
#3504=CARTESIAN_POINT('Control Point',(-4.01843771578,-8.053172777,17.8858001183)) ;
#3505=CARTESIAN_POINT('Control Point',(-3.98460407752,-8.07001053474,17.942783088)) ;
#3506=CARTESIAN_POINT('Control Point',(-3.9507429761,-8.08664079982,17.9998123114)) ;
#3507=CARTESIAN_POINT('Control Point',(-3.91685630228,-8.10306422141,18.0568846042)) ;
#3508=CARTESIAN_POINT('Control Point',(-3.882944036,-8.11928233363,18.114)) ;
#3509=CARTESIAN_POINT('Vertex',(-3.882944036,-8.11928233363,18.114)) ;
#3512=CARTESIAN_POINT('Line Origine',(-3.882944036,-8.11651097657,18.114)) ;
#3525=CARTESIAN_POINT('Axis2P3D Location',(0.415087028657,-9.5,18.114)) ;
#3530=CARTESIAN_POINT('Line Origine',(-0.415087028657,-8.98792017072,18.114)) ;
#3534=CARTESIAN_POINT('Vertex',(-0.415087028657,-8.99042283536,18.114)) ;
#3537=CARTESIAN_POINT('Axis2P3D Location',(0.,0.,18.114)) ;
#3550=CARTESIAN_POINT('Axis2P3D Location',(0.,-9.5,18.4622993727)) ;
#3556=CARTESIAN_POINT('Control Point',(-0.415087028657,-8.99042283536,18.114)) ;
#3557=CARTESIAN_POINT('Control Point',(-0.33210637985,-8.99425404459,18.1836290318)) ;
#3558=CARTESIAN_POINT('Control Point',(-0.249099771084,-8.99712703347,18.2532798466)) ;
#3559=CARTESIAN_POINT('Control Point',(-0.166065064796,-8.99904244423,18.322954238)) ;
#3560=CARTESIAN_POINT('Control Point',(-0.0830325332436,-9.,18.3926268046)) ;
#3561=CARTESIAN_POINT('Control Point',(5.10288107182E-015,-9.,18.4622993727)) ;
#3562=CARTESIAN_POINT('Vertex',(0.,-9.,18.4622993727)) ;
#3565=CARTESIAN_POINT('Line Origine',(0.,-8.9975,18.4622993727)) ;
#3578=CARTESIAN_POINT('Axis2P3D Location',(1.06581410364E-014,-9.5,18.4622993727)) ;
#3583=CARTESIAN_POINT('Line Origine',(0.415087028657,-8.98792017072,18.114)) ;
#3587=CARTESIAN_POINT('Vertex',(0.415087028657,-8.99042283536,18.114)) ;
#3591=CARTESIAN_POINT('Control Point',(0.415087028657,-8.99042283536,18.114)) ;
#3592=CARTESIAN_POINT('Control Point',(0.33210637985,-8.99425404459,18.1836290318)) ;
#3593=CARTESIAN_POINT('Control Point',(0.249099771084,-8.99712703347,18.2532798466)) ;
#3594=CARTESIAN_POINT('Control Point',(0.166065064796,-8.99904244423,18.322954238)) ;
#3595=CARTESIAN_POINT('Control Point',(0.0830325332436,-9.,18.3926268046)) ;
#3596=CARTESIAN_POINT('Control Point',(5.21506789313E-015,-9.,18.4622993727)) ;
#3606=CARTESIAN_POINT('Line Origine',(3.882944036,-8.11651097657,18.114)) ;
#3610=CARTESIAN_POINT('Vertex',(3.882944036,-8.11928233363,18.114)) ;
#3613=CARTESIAN_POINT('Axis2P3D Location',(0.,0.,18.114)) ;
#3626=CARTESIAN_POINT('Axis2P3D Location',(3.882944036,-9.5,18.114)) ;
#3631=CARTESIAN_POINT('Line Origine',(4.05224387001,-8.03332585407,17.8288634375)) ;
#3635=CARTESIAN_POINT('Vertex',(4.05224387001,-8.03612590854,17.8288634375)) ;
#3639=CARTESIAN_POINT('Control Point',(4.05224387001,-8.03612590854,17.8288634375)) ;
#3640=CARTESIAN_POINT('Control Point',(4.01843771578,-8.053172777,17.8858001183)) ;
#3641=CARTESIAN_POINT('Control Point',(3.98460407752,-8.07001053474,17.942783088)) ;
#3642=CARTESIAN_POINT('Control Point',(3.9507429761,-8.08664079982,17.9998123114)) ;
#3643=CARTESIAN_POINT('Control Point',(3.91685630228,-8.10306422141,18.0568846042)) ;
#3644=CARTESIAN_POINT('Control Point',(3.882944036,-8.11928233363,18.114)) ;
#3654=CARTESIAN_POINT('Axis2P3D Location',(4.7475,0.410000000155,17.0990121418)) ;
#3660=CARTESIAN_POINT('Control Point',(3.7395,-8.18633860465,17.0990121418)) ;
#3661=CARTESIAN_POINT('Control Point',(3.7395,-8.18633860465,17.3075598694)) ;
#3662=CARTESIAN_POINT('Control Point',(3.79769722975,-8.15999579229,17.5166757892)) ;
#3663=CARTESIAN_POINT('Control Point',(3.9104015021,-8.10765040585,17.6937444394)) ;
#3664=CARTESIAN_POINT('Control Point',(4.05224387001,-8.03612590854,17.8288634375)) ;
#3665=CARTESIAN_POINT('Vertex',(3.7395,-8.18633860465,17.0990121418)) ;
#3668=CARTESIAN_POINT('Line Origine',(3.7395,-0.00199928307061,17.0990121418)) ;
#3681=CARTESIAN_POINT('Axis2P3D Location',(3.7395,-9.5,17.0990121418)) ;
#3686=CARTESIAN_POINT('Line Origine',(3.7395,-8.18633860465,16.2205060709)) ;
#3718=CARTESIAN_POINT('Axis2P3D Location',(0.,0.,12.9499999993)) ;
#3724=CARTESIAN_POINT('Control Point',(0.665558975638,8.97034315118,14.667)) ;
#3725=CARTESIAN_POINT('Control Point',(0.429279755733,8.98787400289,14.667)) ;
#3726=CARTESIAN_POINT('Control Point',(0.190143470122,8.99600475109,14.5552519837)) ;
#3727=CARTESIAN_POINT('Control Point',(0.0394987851583,8.995,14.3381779646)) ;
#3728=CARTESIAN_POINT('Control Point',(2.77555756156E-015,8.995,14.1044999998)) ;
#3729=CARTESIAN_POINT('Vertex',(0.665558975638,8.97034315118,14.667)) ;
#3731=CARTESIAN_POINT('Vertex',(5.3290705182E-015,8.995,14.1044999998)) ;
#3735=CARTESIAN_POINT('Control Point',(-1.3211653993E-014,8.995,14.1044999998)) ;
#3736=CARTESIAN_POINT('Control Point',(-0.0394986838192,8.995,14.3381773651)) ;
#3737=CARTESIAN_POINT('Control Point',(-0.190144890408,8.99600475077,14.5552545823)) ;
#3738=CARTESIAN_POINT('Control Point',(-0.429280361938,8.98787395791,14.667)) ;
#3739=CARTESIAN_POINT('Control Point',(-0.665558975638,8.97034315118,14.667)) ;
#3740=CARTESIAN_POINT('Vertex',(-0.665558975638,8.97034315118,14.667)) ;
#3743=CARTESIAN_POINT('Axis2P3D Location',(0.,0.,14.667)) ;
#3747=CARTESIAN_POINT('Vertex',(-3.3975,8.32868649608,14.667)) ;
#3751=CARTESIAN_POINT('Control Point',(-4.0725,8.02027236134,15.342)) ;
#3752=CARTESIAN_POINT('Control Point',(-4.0725,8.02027236134,15.1195541331)) ;
#3753=CARTESIAN_POINT('Control Point',(-3.97840619611,8.06831170092,14.8958992946)) ;
#3754=CARTESIAN_POINT('Control Point',(-3.80482466261,8.15552044046,14.7459839104)) ;
#3755=CARTESIAN_POINT('Control Point',(-3.60341073259,8.24468985216,14.667)) ;
#3756=CARTESIAN_POINT('Control Point',(-3.3975,8.32868649608,14.667)) ;
#3757=CARTESIAN_POINT('Vertex',(-4.0725,8.02027236134,15.342)) ;
#3760=CARTESIAN_POINT('Line Origine',(-4.0725,8.02027236134,16.5007499999)) ;
#3764=CARTESIAN_POINT('Vertex',(-4.0725,8.02027236134,17.0990121418)) ;
#3768=CARTESIAN_POINT('Control Point',(-4.0725,8.02027236134,17.0990121418)) ;
#3769=CARTESIAN_POINT('Control Point',(-4.0725,8.02027236134,17.2502707664)) ;
#3770=CARTESIAN_POINT('Control Point',(-4.11856271999,7.99706020678,17.4019806014)) ;
#3771=CARTESIAN_POINT('Control Point',(-4.2057390865,7.9521421417,17.5251502551)) ;
#3772=CARTESIAN_POINT('Control Point',(-4.31243271974,7.8938551442,17.6150949469)) ;
#3773=CARTESIAN_POINT('Vertex',(-4.31243271974,7.8938551442,17.6150949469)) ;
#3776=CARTESIAN_POINT('Line Origine',(-4.31243271974,7.8938551442,16.5007499999)) ;
#3780=CARTESIAN_POINT('Vertex',(-4.31243271974,7.8938551442,18.0429027878)) ;
#3784=CARTESIAN_POINT('Control Point',(-4.31243271974,7.8938551442,18.0429027878)) ;
#3785=CARTESIAN_POINT('Control Point',(-4.23265652268,7.93743707929,18.1772626986)) ;
#3786=CARTESIAN_POINT('Control Point',(-4.1526710012,7.97956346921,18.3119751559)) ;
#3787=CARTESIAN_POINT('Control Point',(-4.0725,8.02027236134,18.447)) ;
#3788=CARTESIAN_POINT('Vertex',(-4.0725,8.02027236134,18.447)) ;
#3791=CARTESIAN_POINT('Axis2P3D Location',(0.,0.,18.447)) ;
#3795=CARTESIAN_POINT('Vertex',(-0.536289116667,8.97899877399,18.447)) ;
#3799=CARTESIAN_POINT('Control Point',(-0.536289116667,8.97899877399,18.447)) ;
#3800=CARTESIAN_POINT('Control Point',(-0.357658505705,8.98966785358,18.5968888798)) ;
#3801=CARTESIAN_POINT('Control Point',(-0.178817527845,8.995,18.7469542783)) ;
#3802=CARTESIAN_POINT('Control Point',(1.87072579649E-014,8.995,18.897)) ;
#3803=CARTESIAN_POINT('Vertex',(1.19839347868E-014,8.995,18.897)) ;
#3807=CARTESIAN_POINT('Control Point',(0.536289116667,8.97899877399,18.447)) ;
#3808=CARTESIAN_POINT('Control Point',(0.357658505705,8.98966785358,18.5968888798)) ;
#3809=CARTESIAN_POINT('Control Point',(0.178817527845,8.995,18.7469542783)) ;
#3810=CARTESIAN_POINT('Control Point',(2.77151051181E-015,8.995,18.897)) ;
#3811=CARTESIAN_POINT('Vertex',(0.536289116667,8.97899877399,18.447)) ;
#3814=CARTESIAN_POINT('Axis2P3D Location',(0.,0.,18.447)) ;
#3818=CARTESIAN_POINT('Vertex',(4.0725,8.02027236134,18.447)) ;
#3822=CARTESIAN_POINT('Control Point',(4.5,7.78845459639,17.727)) ;
#3823=CARTESIAN_POINT('Control Point',(4.3581787692,7.870395825,17.9658568098)) ;
#3824=CARTESIAN_POINT('Control Point',(4.2156317736,7.94759351432,18.2059359602)) ;
#3825=CARTESIAN_POINT('Control Point',(4.0725,8.02027236134,18.447)) ;
#3826=CARTESIAN_POINT('Vertex',(4.5,7.78845459639,17.727)) ;
#3830=CARTESIAN_POINT('Control Point',(4.5,7.78845459639,17.727)) ;
#3831=CARTESIAN_POINT('Control Point',(4.32624005629,7.88884932002,17.6585184434)) ;
#3832=CARTESIAN_POINT('Control Point',(4.16583030022,7.97374392137,17.5240354456)) ;
#3833=CARTESIAN_POINT('Control Point',(4.0725,8.02027236134,17.3111058333)) ;
#3834=CARTESIAN_POINT('Control Point',(4.0725,8.02027236134,17.0990121418)) ;
#3835=CARTESIAN_POINT('Vertex',(4.0725,8.02027236134,17.0990121418)) ;
#3838=CARTESIAN_POINT('Line Origine',(4.0725,8.02027236134,16.5007499999)) ;
#3842=CARTESIAN_POINT('Vertex',(4.0725,8.02027236134,15.342)) ;
#3846=CARTESIAN_POINT('Control Point',(3.3975,8.32868649608,14.667)) ;
#3847=CARTESIAN_POINT('Control Point',(3.6034039014,8.24469263879,14.667)) ;
#3848=CARTESIAN_POINT('Control Point',(3.80489456537,8.15548903404,14.7460253621)) ;
#3849=CARTESIAN_POINT('Control Point',(3.97836982208,8.06832801305,14.8958697808)) ;
#3850=CARTESIAN_POINT('Control Point',(4.0725,8.02027236134,15.1195615128)) ;
#3851=CARTESIAN_POINT('Control Point',(4.0725,8.02027236134,15.342)) ;
#3852=CARTESIAN_POINT('Vertex',(3.3975,8.32868649608,14.667)) ;
#3855=CARTESIAN_POINT('Axis2P3D Location',(0.,0.,14.667)) ;
#3880=CARTESIAN_POINT('Control Point',(0.665558975638,8.97034315118,15.)) ;
#3881=CARTESIAN_POINT('Control Point',(0.423715064057,8.9882868779,15.)) ;
#3882=CARTESIAN_POINT('Control Point',(0.18215150184,8.995,14.9091727867)) ;
#3883=CARTESIAN_POINT('Control Point',(2.77555756156E-015,8.995,14.7490305476)) ;
#3884=CARTESIAN_POINT('Vertex',(0.665558975638,8.97034315118,15.)) ;
#3886=CARTESIAN_POINT('Vertex',(5.66213742559E-015,8.995,14.7490305476)) ;
#3889=CARTESIAN_POINT('Axis2P3D Location',(0.,0.,15.)) ;
#3893=CARTESIAN_POINT('Vertex',(3.3975,8.32868649608,15.)) ;
#3897=CARTESIAN_POINT('Control Point',(3.3975,8.32868649608,15.)) ;
#3898=CARTESIAN_POINT('Control Point',(3.52729481908,8.27573962408,15.)) ;
#3899=CARTESIAN_POINT('Control Point',(3.65787220998,8.2187937625,15.062732693)) ;
#3900=CARTESIAN_POINT('Control Point',(3.7395,8.18084132287,15.2017823402)) ;
#3901=CARTESIAN_POINT('Control Point',(3.7395,8.18084132287,15.342)) ;
#3902=CARTESIAN_POINT('Vertex',(3.7395,8.18084132287,15.342)) ;
#3905=CARTESIAN_POINT('Line Origine',(3.7395,8.18084132287,16.5007499999)) ;
#3909=CARTESIAN_POINT('Vertex',(3.7395,8.18084132287,17.0990121418)) ;
#3913=CARTESIAN_POINT('Control Point',(4.05224387001,8.03052579959,17.8288634375)) ;
#3914=CARTESIAN_POINT('Control Point',(3.91042249526,8.10208958144,17.6937644375)) ;
#3915=CARTESIAN_POINT('Control Point',(3.79771822226,8.1544713815,17.5167279012)) ;
#3916=CARTESIAN_POINT('Control Point',(3.7395,8.18084132287,17.3075797519)) ;
#3917=CARTESIAN_POINT('Control Point',(3.7395,8.18084132287,17.0990121418)) ;
#3918=CARTESIAN_POINT('Vertex',(4.05224387001,8.03052579959,17.8288634375)) ;
#3922=CARTESIAN_POINT('Control Point',(3.882944036,8.11373961951,18.114)) ;
#3923=CARTESIAN_POINT('Control Point',(3.93966258928,8.08659615935,18.0189534175)) ;
#3924=CARTESIAN_POINT('Control Point',(3.99610701737,8.05885273891,17.9239100199)) ;
#3925=CARTESIAN_POINT('Control Point',(4.05224387001,8.03052579959,17.8288634375)) ;
#3926=CARTESIAN_POINT('Vertex',(3.882944036,8.11373961951,18.114)) ;
#3929=CARTESIAN_POINT('Axis2P3D Location',(0.,0.,18.114)) ;
#3933=CARTESIAN_POINT('Vertex',(0.415087028657,8.98541750608,18.114)) ;
#3937=CARTESIAN_POINT('Control Point',(0.415087028657,8.98541750608,18.114)) ;
#3938=CARTESIAN_POINT('Control Point',(0.276786027607,8.99180640805,18.230048319)) ;
#3939=CARTESIAN_POINT('Control Point',(0.138387591272,8.995,18.3461783959)) ;
#3940=CARTESIAN_POINT('Control Point',(2.78497638575E-015,8.995,18.4622993727)) ;
#3941=CARTESIAN_POINT('Vertex',(5.21506789313E-015,8.995,18.4622993727)) ;
#3945=CARTESIAN_POINT('Control Point',(-0.415087028657,8.98541750608,18.114)) ;
#3946=CARTESIAN_POINT('Control Point',(-0.276786027607,8.99180640805,18.230048319)) ;
#3947=CARTESIAN_POINT('Control Point',(-0.138387591272,8.995,18.3461783959)) ;
#3948=CARTESIAN_POINT('Control Point',(2.74780198595E-015,8.995,18.4622993727)) ;
#3949=CARTESIAN_POINT('Vertex',(-0.415087028657,8.98541750608,18.114)) ;
#3952=CARTESIAN_POINT('Axis2P3D Location',(0.,0.,18.114)) ;
#3956=CARTESIAN_POINT('Vertex',(-3.882944036,8.11373961951,18.114)) ;
#3960=CARTESIAN_POINT('Control Point',(-4.05224387001,8.03052579959,17.8288634375)) ;
#3961=CARTESIAN_POINT('Control Point',(-3.99610701737,8.05885273891,17.9239100199)) ;
#3962=CARTESIAN_POINT('Control Point',(-3.93966258928,8.08659615935,18.0189534175)) ;
#3963=CARTESIAN_POINT('Control Point',(-3.882944036,8.11373961951,18.114)) ;
#3964=CARTESIAN_POINT('Vertex',(-4.05224387001,8.03052579959,17.8288634375)) ;
#3968=CARTESIAN_POINT('Control Point',(-3.7395,8.18084132287,17.0990121418)) ;
#3969=CARTESIAN_POINT('Control Point',(-3.7395,8.18084132287,17.307578691)) ;
#3970=CARTESIAN_POINT('Control Point',(-3.79771226298,8.15447420744,17.5167160759)) ;
#3971=CARTESIAN_POINT('Control Point',(-3.91042321664,8.10208921744,17.6937651247)) ;
#3972=CARTESIAN_POINT('Control Point',(-4.05224387001,8.03052579959,17.8288634375)) ;
#3973=CARTESIAN_POINT('Vertex',(-3.7395,8.18084132287,17.0990121418)) ;
#3976=CARTESIAN_POINT('Line Origine',(-3.7395,8.18084132287,16.5007499999)) ;
#3980=CARTESIAN_POINT('Vertex',(-3.7395,8.18084132287,15.342)) ;
#3984=CARTESIAN_POINT('Control Point',(-3.7395,8.18084132287,15.342)) ;
#3985=CARTESIAN_POINT('Control Point',(-3.7395,8.18084132287,15.2017945361)) ;
#3986=CARTESIAN_POINT('Control Point',(-3.65781955281,8.21881720966,15.0626550759)) ;
#3987=CARTESIAN_POINT('Control Point',(-3.5272835297,8.27574422933,15.)) ;
#3988=CARTESIAN_POINT('Control Point',(-3.3975,8.32868649608,15.)) ;
#3989=CARTESIAN_POINT('Vertex',(-3.3975,8.32868649608,15.)) ;
#3992=CARTESIAN_POINT('Axis2P3D Location',(0.,0.,15.)) ;
#3996=CARTESIAN_POINT('Vertex',(-0.665558975638,8.97034315118,15.)) ;
#4000=CARTESIAN_POINT('Control Point',(-1.3211653993E-014,8.995,14.7490305476)) ;
#4001=CARTESIAN_POINT('Control Point',(-0.182149925682,8.995,14.909171401)) ;
#4002=CARTESIAN_POINT('Control Point',(-0.423717156734,8.98828672263,15.)) ;
#4003=CARTESIAN_POINT('Control Point',(-0.665558975638,8.97034315118,15.)) ;
#4025=CARTESIAN_POINT('Line Origine',(5.3290705182E-015,-0.00199928307061,14.1044999998)) ;
#4030=CARTESIAN_POINT('Line Origine',(0.665558975638,-0.00199928307061,14.667)) ;
#4042=CARTESIAN_POINT('Line Origine',(-0.665558975638,-0.00199928307061,14.667)) ;
#4054=CARTESIAN_POINT('Line Origine',(-3.3975,8.33138637687,14.667)) ;
#4066=CARTESIAN_POINT('Line Origine',(-4.0725,-0.00199928307061,15.342)) ;
#4078=CARTESIAN_POINT('Line Origine',(-4.0725,8.02307599301,17.0990121418)) ;
#4090=CARTESIAN_POINT('Line Origine',(-4.5,-0.00199928307061,17.727)) ;
#4094=CARTESIAN_POINT('Vertex',(-4.5,7.78845459639,17.727)) ;
#4098=CARTESIAN_POINT('Control Point',(-4.31243271974,7.8938551442,17.6150949469)) ;
#4099=CARTESIAN_POINT('Control Point',(-4.36969191585,7.86257430281,17.6633655005)) ;
#4100=CARTESIAN_POINT('Control Point',(-4.43349584112,7.82687925577,17.7007896536)) ;
#4101=CARTESIAN_POINT('Control Point',(-4.5,7.78845459639,17.727)) ;
#4113=CARTESIAN_POINT('Control Point',(-4.5,7.78845459639,17.727)) ;
#4114=CARTESIAN_POINT('Control Point',(-4.43761289237,7.82450051293,17.8320730234)) ;
#4115=CARTESIAN_POINT('Control Point',(-4.37508626875,7.85962735439,17.9373810211)) ;
#4116=CARTESIAN_POINT('Control Point',(-4.31243271974,7.8938551442,18.0429027878)) ;
#4125=CARTESIAN_POINT('Line Origine',(-4.0725,8.02307599301,18.447)) ;
#4139=CARTESIAN_POINT('Line Origine',(-0.536289116667,8.98150322669,18.447)) ;
#4151=CARTESIAN_POINT('Line Origine',(1.19609836768E-014,8.9975,18.897)) ;
#4163=CARTESIAN_POINT('Line Origine',(0.536289116667,8.98150322669,18.447)) ;
#4175=CARTESIAN_POINT('Line Origine',(4.0725,8.02307599301,18.447)) ;
#4187=CARTESIAN_POINT('Line Origine',(4.5,7.79134161522,17.727)) ;
#4199=CARTESIAN_POINT('Line Origine',(4.0725,-0.00199928307061,17.0990121418)) ;
#4211=CARTESIAN_POINT('Line Origine',(4.0725,8.02307599301,15.342)) ;
#4223=CARTESIAN_POINT('Line Origine',(3.3975,-0.00199928307061,14.667)) ;
#4243=CARTESIAN_POINT('Control Point',(-6.37601083042E-013,9.,14.7490305476)) ;
#4244=CARTESIAN_POINT('Control Point',(0.182135672474,9.,14.90915887)) ;
#4245=CARTESIAN_POINT('Control Point',(0.423706042796,8.99329125916,15.)) ;
#4246=CARTESIAN_POINT('Control Point',(0.66555897564,8.97535688705,15.)) ;
#4247=CARTESIAN_POINT('Vertex',(5.66213742559E-015,9.,14.7490305476)) ;
#4249=CARTESIAN_POINT('Vertex',(0.665558975638,8.97535688705,15.)) ;
#4252=CARTESIAN_POINT('Line Origine',(0.665558975638,-0.00199928307061,15.)) ;
#4257=CARTESIAN_POINT('Line Origine',(5.66213742559E-015,-0.00199928307061,14.7490305476)) ;
#4269=CARTESIAN_POINT('Axis2P3D Location',(0.,0.,15.)) ;
#4273=CARTESIAN_POINT('Vertex',(3.3975,8.33408625765,15.)) ;
#4276=CARTESIAN_POINT('Line Origine',(3.3975,8.33138637687,15.)) ;
#4288=CARTESIAN_POINT('Line Origine',(3.7395,-0.00199928307061,15.342)) ;
#4292=CARTESIAN_POINT('Vertex',(3.7395,8.18633860465,15.342)) ;
#4296=CARTESIAN_POINT('Control Point',(3.7395,8.18633860465,15.342)) ;
#4297=CARTESIAN_POINT('Control Point',(3.7395,8.18633860465,15.2019432329)) ;
#4298=CARTESIAN_POINT('Control Point',(3.65763773555,8.22437318996,15.0622993119)) ;
#4299=CARTESIAN_POINT('Control Point',(3.52719390871,8.28121482805,15.)) ;
#4300=CARTESIAN_POINT('Control Point',(3.3975,8.33408625765,15.)) ;
#4309=CARTESIAN_POINT('Line Origine',(3.7395,8.18358996376,17.0990121418)) ;
#4313=CARTESIAN_POINT('Vertex',(3.7395,8.18633860465,17.0990121418)) ;
#4316=CARTESIAN_POINT('Line Origine',(3.7395,8.18633860465,16.2205060709)) ;
#4329=CARTESIAN_POINT('Control Point',(3.7395,8.18633860465,17.0990121418)) ;
#4330=CARTESIAN_POINT('Control Point',(3.7395,8.18633860465,17.3075598694)) ;
#4331=CARTESIAN_POINT('Control Point',(3.79769722974,8.1599957923,17.5166757892)) ;
#4332=CARTESIAN_POINT('Control Point',(3.91040150209,8.10765040585,17.6937444394)) ;
#4333=CARTESIAN_POINT('Control Point',(4.05224387001,8.03612590854,17.8288634375)) ;
#4334=CARTESIAN_POINT('Vertex',(4.05224387001,8.03612590854,17.8288634375)) ;
#4337=CARTESIAN_POINT('Line Origine',(4.05224387001,-0.00199928307061,17.8288634375)) ;
#4349=CARTESIAN_POINT('Line Origine',(3.882944036,8.11651097657,18.114)) ;
#4353=CARTESIAN_POINT('Vertex',(3.882944036,8.11928233363,18.114)) ;
#4357=CARTESIAN_POINT('Control Point',(4.05224387001,8.03612590854,17.8288634375)) ;
#4358=CARTESIAN_POINT('Control Point',(4.01843771578,8.053172777,17.8858001183)) ;
#4359=CARTESIAN_POINT('Control Point',(3.98460407752,8.07001053474,17.942783088)) ;
#4360=CARTESIAN_POINT('Control Point',(3.9507429761,8.08664079982,17.9998123114)) ;
#4361=CARTESIAN_POINT('Control Point',(3.91685630228,8.10306422141,18.0568846042)) ;
#4362=CARTESIAN_POINT('Control Point',(3.882944036,8.11928233363,18.114)) ;
#4371=CARTESIAN_POINT('Line Origine',(0.415087028657,8.98792017072,18.114)) ;
#4375=CARTESIAN_POINT('Vertex',(0.415087028657,8.99042283536,18.114)) ;
#4378=CARTESIAN_POINT('Axis2P3D Location',(0.,0.,18.114)) ;
#4390=CARTESIAN_POINT('Line Origine',(5.2971775115E-015,8.9975,18.4622993727)) ;
#4394=CARTESIAN_POINT('Vertex',(5.2971775115E-015,9.,18.4622993727)) ;
#4398=CARTESIAN_POINT('Control Point',(0.415087028657,8.99042283536,18.114)) ;
#4399=CARTESIAN_POINT('Control Point',(0.33210637985,8.99425404459,18.1836290318)) ;
#4400=CARTESIAN_POINT('Control Point',(0.249099771084,8.99712703347,18.2532798466)) ;
#4401=CARTESIAN_POINT('Control Point',(0.166065064796,8.99904244423,18.322954238)) ;
#4402=CARTESIAN_POINT('Control Point',(0.0830325332436,9.,18.3926268046)) ;
#4403=CARTESIAN_POINT('Control Point',(5.25759190206E-015,9.,18.4622993727)) ;
#4413=CARTESIAN_POINT('Control Point',(-0.415087028657,8.99042283536,18.114)) ;
#4414=CARTESIAN_POINT('Control Point',(-0.33210637985,8.99425404459,18.1836290318)) ;
#4415=CARTESIAN_POINT('Control Point',(-0.249099771084,8.99712703347,18.2532798466)) ;
#4416=CARTESIAN_POINT('Control Point',(-0.166065064796,8.99904244423,18.322954238)) ;
#4417=CARTESIAN_POINT('Control Point',(-0.0830325332436,9.,18.3926268046)) ;
#4418=CARTESIAN_POINT('Control Point',(5.44307314328E-015,9.,18.4622993727)) ;
#4419=CARTESIAN_POINT('Vertex',(-0.415087028657,8.99042283536,18.114)) ;
#4422=CARTESIAN_POINT('Line Origine',(-0.415087028657,8.98792017072,18.114)) ;
#4434=CARTESIAN_POINT('Line Origine',(-3.882944036,8.11651097657,18.114)) ;
#4438=CARTESIAN_POINT('Vertex',(-3.882944036,8.11928233363,18.114)) ;
#4441=CARTESIAN_POINT('Axis2P3D Location',(0.,0.,18.114)) ;
#4454=CARTESIAN_POINT('Control Point',(-4.05224387001,8.03612590854,17.8288634375)) ;
#4455=CARTESIAN_POINT('Control Point',(-4.01843771578,8.053172777,17.8858001183)) ;
#4456=CARTESIAN_POINT('Control Point',(-3.98460407752,8.07001053474,17.942783088)) ;
#4457=CARTESIAN_POINT('Control Point',(-3.9507429761,8.08664079982,17.9998123114)) ;
#4458=CARTESIAN_POINT('Control Point',(-3.91685630228,8.10306422141,18.0568846042)) ;
#4459=CARTESIAN_POINT('Control Point',(-3.882944036,8.11928233363,18.114)) ;
#4460=CARTESIAN_POINT('Vertex',(-4.05224387001,8.03612590854,17.8288634375)) ;
#4463=CARTESIAN_POINT('Line Origine',(-4.05224387001,8.03332585407,17.8288634375)) ;
#4476=CARTESIAN_POINT('Control Point',(-3.7395,8.18633860465,17.0990121418)) ;
#4477=CARTESIAN_POINT('Control Point',(-3.7395,8.18633860465,17.3075598694)) ;
#4478=CARTESIAN_POINT('Control Point',(-3.79769722974,8.15999579229,17.5166757893)) ;
#4479=CARTESIAN_POINT('Control Point',(-3.91040150211,8.10765040584,17.6937444394)) ;
#4480=CARTESIAN_POINT('Control Point',(-4.05224387002,8.03612590854,17.8288634375)) ;
#4481=CARTESIAN_POINT('Vertex',(-3.7395,8.18633860465,17.0990121418)) ;
#4484=CARTESIAN_POINT('Line Origine',(-3.7395,-0.00199928307061,17.0990121418)) ;
#4496=CARTESIAN_POINT('Line Origine',(-3.7395,8.18633860465,16.2205060709)) ;
#4500=CARTESIAN_POINT('Vertex',(-3.7395,8.18633860465,15.342)) ;
#4503=CARTESIAN_POINT('Line Origine',(-3.7395,8.18358996376,15.342)) ;
#4515=CARTESIAN_POINT('Line Origine',(-3.3975,-0.00199928307061,15.)) ;
#4519=CARTESIAN_POINT('Vertex',(-3.3975,8.33408625765,15.)) ;
#4523=CARTESIAN_POINT('Control Point',(-3.7395,8.18633860465,15.342)) ;
#4524=CARTESIAN_POINT('Control Point',(-3.7395,8.18633860465,15.2019432329)) ;
#4525=CARTESIAN_POINT('Control Point',(-3.65763773556,8.22437318996,15.0622993119)) ;
#4526=CARTESIAN_POINT('Control Point',(-3.52719390871,8.28121482805,15.)) ;
#4527=CARTESIAN_POINT('Control Point',(-3.3975,8.33408625765,15.)) ;
#4536=CARTESIAN_POINT('Axis2P3D Location',(0.,0.,15.)) ;
#4540=CARTESIAN_POINT('Vertex',(-0.665558975638,8.97535688705,15.)) ;
#4543=CARTESIAN_POINT('Line Origine',(-0.665558975638,8.97285001912,15.)) ;
#4556=CARTESIAN_POINT('Control Point',(-0.66555897564,8.97535688705,15.)) ;
#4557=CARTESIAN_POINT('Control Point',(-0.4237041304,8.99329140097,15.)) ;
#4558=CARTESIAN_POINT('Control Point',(-0.182137112669,9.,14.9091601362)) ;
#4559=CARTESIAN_POINT('Control Point',(1.73994152419E-012,9.,14.7490305476)) ;
#4596=CARTESIAN_POINT('NONE',(0.,0.,0.)) ;
#4597=CARTESIAN_POINT('NONE',(0.,0.,0.)) ;
#8=PRODUCT_RELATED_PRODUCT_CATEGORY('part',$,(#26,#136,#239)) ;
#11=PRODUCT_RELATED_PRODUCT_CATEGORY('part',$,(#5)) ;
#123=ITEM_DEFINED_TRANSFORMATION(' ',' ',#125,#124) ;
#226=ITEM_DEFINED_TRANSFORMATION(' ',' ',#228,#227) ;
#4593=ITEM_DEFINED_TRANSFORMATION(' ',' ',#4595,#4594) ;
#38=STYLED_ITEM(' ',(#37),#30) ;
#141=STYLED_ITEM(' ',(#37),#140) ;
#251=STYLED_ITEM(' ',(#250),#243) ;
#37=PRESENTATION_STYLE_ASSIGNMENT((#36)) ;
#250=PRESENTATION_STYLE_ASSIGNMENT((#249)) ;
#299=PRESENTATION_STYLE_ASSIGNMENT((#298)) ;
#1706=PRESENTATION_STYLE_ASSIGNMENT((#1705)) ;
#2472=PRESENTATION_STYLE_ASSIGNMENT((#2471)) ;
#36=SURFACE_STYLE_USAGE(.BOTH.,#35) ;
#249=SURFACE_STYLE_USAGE(.BOTH.,#248) ;
#298=SURFACE_STYLE_USAGE(.BOTH.,#297) ;
#1705=SURFACE_STYLE_USAGE(.BOTH.,#1704) ;
#2471=SURFACE_STYLE_USAGE(.BOTH.,#2470) ;
#35=SURFACE_SIDE_STYLE(' ',(#34)) ;
#248=SURFACE_SIDE_STYLE(' ',(#247)) ;
#297=SURFACE_SIDE_STYLE(' ',(#296)) ;
#1704=SURFACE_SIDE_STYLE(' ',(#1703)) ;
#2470=SURFACE_SIDE_STYLE(' ',(#2469)) ;
#34=SURFACE_STYLE_FILL_AREA(#33) ;
#247=SURFACE_STYLE_FILL_AREA(#246) ;
#296=SURFACE_STYLE_FILL_AREA(#295) ;
#1703=SURFACE_STYLE_FILL_AREA(#1702) ;
#2469=SURFACE_STYLE_FILL_AREA(#2468) ;
#33=FILL_AREA_STYLE(' ',(#32)) ;
#246=FILL_AREA_STYLE(' ',(#245)) ;
#295=FILL_AREA_STYLE(' ',(#294)) ;
#1702=FILL_AREA_STYLE(' ',(#1701)) ;
#2468=FILL_AREA_STYLE(' ',(#2467)) ;
#32=FILL_AREA_STYLE_COLOUR(' ',#31) ;
#245=FILL_AREA_STYLE_COLOUR(' ',#244) ;
#294=FILL_AREA_STYLE_COLOUR(' ',#293) ;
#1701=FILL_AREA_STYLE_COLOUR(' ',#1700) ;
#2467=FILL_AREA_STYLE_COLOUR(' ',#2466) ;
#56=VECTOR('Line Direction',#55,1.) ;
#70=VECTOR('Line Direction',#69,1.) ;
#159=VECTOR('Line Direction',#158,1.) ;
#173=VECTOR('Line Direction',#172,1.) ;
#260=VECTOR('Line Direction',#259,1.) ;
#276=VECTOR('Line Direction',#275,1.) ;
#308=VECTOR('Line Direction',#307,1.) ;
#358=VECTOR('Line Direction',#357,1.) ;
#372=VECTOR('Line Direction',#371,1.) ;
#392=VECTOR('Line Direction',#391,1.) ;
#422=VECTOR('Line Direction',#421,1.) ;
#458=VECTOR('Line Direction',#457,1.) ;
#519=VECTOR('Line Direction',#518,1.) ;
#576=VECTOR('Line Direction',#575,1.) ;
#583=VECTOR('Line Direction',#582,1.) ;
#626=VECTOR('Line Direction',#625,1.) ;
#640=VECTOR('Line Direction',#639,1.) ;
#669=VECTOR('Line Direction',#668,1.) ;
#676=VECTOR('Line Direction',#675,1.) ;
#712=VECTOR('Line Direction',#711,1.) ;
#719=VECTOR('Line Direction',#718,1.) ;
#744=VECTOR('Line Direction',#743,1.) ;
#751=VECTOR('Line Direction',#750,1.) ;
#769=VECTOR('Line Direction',#768,1.) ;
#789=VECTOR('Line Direction',#788,1.) ;
#814=VECTOR('Line Direction',#813,1.) ;
#834=VECTOR('Line Direction',#833,1.) ;
#852=VECTOR('Line Direction',#851,1.) ;
#859=VECTOR('Line Direction',#858,1.) ;
#884=VECTOR('Line Direction',#883,1.) ;
#891=VECTOR('Line Direction',#890,1.) ;
#909=VECTOR('Line Direction',#908,1.) ;
#952=VECTOR('Line Direction',#951,1.) ;
#966=VECTOR('Line Direction',#965,1.) ;
#997=VECTOR('Line Direction',#996,1.) ;
#1011=VECTOR('Line Direction',#1010,1.) ;
#1067=VECTOR('Line Direction',#1066,1.) ;
#1081=VECTOR('Line Direction',#1080,1.) ;
#1217=VECTOR('Line Direction',#1216,1.) ;
#1310=VECTOR('Line Direction',#1309,1.) ;
#1367=VECTOR('Line Direction',#1366,1.) ;
#1445=VECTOR('Line Direction',#1444,1.) ;
#1461=VECTOR('Line Direction',#1460,1.) ;
#1475=VECTOR('Line Direction',#1474,1.) ;
#1480=VECTOR('Line Direction',#1479,1.) ;
#1538=VECTOR('Line Direction',#1537,1.) ;
#1545=VECTOR('Line Direction',#1544,1.) ;
#1587=VECTOR('Line Direction',#1586,1.) ;
#1603=VECTOR('Line Direction',#1602,1.) ;
#1629=VECTOR('Line Direction',#1628,1.) ;
#1657=VECTOR('Line Direction',#1656,1.) ;
#1671=VECTOR('Line Direction',#1670,1.) ;
#1678=VECTOR('Line Direction',#1677,1.) ;
#1722=VECTOR('Line Direction',#1721,1.) ;
#1740=VECTOR('Line Direction',#1739,1.) ;
#1749=VECTOR('Line Direction',#1748,1.) ;
#1763=VECTOR('Line Direction',#1762,1.) ;
#1810=VECTOR('Line Direction',#1809,1.) ;
#1824=VECTOR('Line Direction',#1823,1.) ;
#1916=VECTOR('Line Direction',#1915,1.) ;
#1930=VECTOR('Line Direction',#1929,1.) ;
#2109=VECTOR('Line Direction',#2108,1.) ;
#2123=VECTOR('Line Direction',#2122,1.) ;
#2249=VECTOR('Line Direction',#2248,1.) ;
#2263=VECTOR('Line Direction',#2262,1.) ;
#2279=VECTOR('Line Direction',#2278,1.) ;
#2338=VECTOR('Line Direction',#2337,1.) ;
#2516=VECTOR('Line Direction',#2515,1.) ;
#2575=VECTOR('Line Direction',#2574,1.) ;
#2674=VECTOR('Line Direction',#2673,1.) ;
#2698=VECTOR('Line Direction',#2697,1.) ;
#2718=VECTOR('Line Direction',#2717,1.) ;
#2725=VECTOR('Line Direction',#2724,1.) ;
#2753=VECTOR('Line Direction',#2752,1.) ;
#2778=VECTOR('Line Direction',#2777,1.) ;
#2805=VECTOR('Line Direction',#2804,1.) ;
#2832=VECTOR('Line Direction',#2831,1.) ;
#2852=VECTOR('Line Direction',#2851,1.) ;
#2880=VECTOR('Line Direction',#2879,1.) ;
#2898=VECTOR('Line Direction',#2897,1.) ;
#2905=VECTOR('Line Direction',#2904,1.) ;
#2932=VECTOR('Line Direction',#2931,1.) ;
#2960=VECTOR('Line Direction',#2959,1.) ;
#2985=VECTOR('Line Direction',#2984,1.) ;
#3013=VECTOR('Line Direction',#3012,1.) ;
#3041=VECTOR('Line Direction',#3040,1.) ;
#3061=VECTOR('Line Direction',#3060,1.) ;
#3112=VECTOR('Line Direction',#3111,1.) ;
#3193=VECTOR('Line Direction',#3192,1.) ;
#3264=VECTOR('Line Direction',#3263,1.) ;
#3294=VECTOR('Line Direction',#3293,1.) ;
#3301=VECTOR('Line Direction',#3300,1.) ;
#3335=VECTOR('Line Direction',#3334,1.) ;
#3361=VECTOR('Line Direction',#3360,1.) ;
#3387=VECTOR('Line Direction',#3386,1.) ;
#3407=VECTOR('Line Direction',#3406,1.) ;
#3425=VECTOR('Line Direction',#3424,1.) ;
#3452=VECTOR('Line Direction',#3451,1.) ;
#3459=VECTOR('Line Direction',#3458,1.) ;
#3486=VECTOR('Line Direction',#3485,1.) ;
#3514=VECTOR('Line Direction',#3513,1.) ;
#3532=VECTOR('Line Direction',#3531,1.) ;
#3567=VECTOR('Line Direction',#3566,1.) ;
#3585=VECTOR('Line Direction',#3584,1.) ;
#3608=VECTOR('Line Direction',#3607,1.) ;
#3633=VECTOR('Line Direction',#3632,1.) ;
#3670=VECTOR('Line Direction',#3669,1.) ;
#3688=VECTOR('Line Direction',#3687,1.) ;
#3762=VECTOR('Line Direction',#3761,1.) ;
#3778=VECTOR('Line Direction',#3777,1.) ;
#3840=VECTOR('Line Direction',#3839,1.) ;
#3907=VECTOR('Line Direction',#3906,1.) ;
#3978=VECTOR('Line Direction',#3977,1.) ;
#4027=VECTOR('Line Direction',#4026,1.) ;
#4032=VECTOR('Line Direction',#4031,1.) ;
#4044=VECTOR('Line Direction',#4043,1.) ;
#4056=VECTOR('Line Direction',#4055,1.) ;
#4068=VECTOR('Line Direction',#4067,1.) ;
#4080=VECTOR('Line Direction',#4079,1.) ;
#4092=VECTOR('Line Direction',#4091,1.) ;
#4127=VECTOR('Line Direction',#4126,1.) ;
#4141=VECTOR('Line Direction',#4140,1.) ;
#4153=VECTOR('Line Direction',#4152,1.) ;
#4165=VECTOR('Line Direction',#4164,1.) ;
#4177=VECTOR('Line Direction',#4176,1.) ;
#4189=VECTOR('Line Direction',#4188,1.) ;
#4201=VECTOR('Line Direction',#4200,1.) ;
#4213=VECTOR('Line Direction',#4212,1.) ;
#4225=VECTOR('Line Direction',#4224,1.) ;
#4254=VECTOR('Line Direction',#4253,1.) ;
#4259=VECTOR('Line Direction',#4258,1.) ;
#4278=VECTOR('Line Direction',#4277,1.) ;
#4290=VECTOR('Line Direction',#4289,1.) ;
#4311=VECTOR('Line Direction',#4310,1.) ;
#4318=VECTOR('Line Direction',#4317,1.) ;
#4339=VECTOR('Line Direction',#4338,1.) ;
#4351=VECTOR('Line Direction',#4350,1.) ;
#4373=VECTOR('Line Direction',#4372,1.) ;
#4392=VECTOR('Line Direction',#4391,1.) ;
#4424=VECTOR('Line Direction',#4423,1.) ;
#4436=VECTOR('Line Direction',#4435,1.) ;
#4465=VECTOR('Line Direction',#4464,1.) ;
#4486=VECTOR('Line Direction',#4485,1.) ;
#4498=VECTOR('Line Direction',#4497,1.) ;
#4505=VECTOR('Line Direction',#4504,1.) ;
#4517=VECTOR('Line Direction',#4516,1.) ;
#4545=VECTOR('Line Direction',#4544,1.) ;
#41=DIRECTION('Axis2P3D Direction',(0.,0.,1.)) ;
#42=DIRECTION('Axis2P3D XDirection',(1.,0.,0.)) ;
#46=DIRECTION('Axis2P3D Direction',(0.,0.,1.)) ;
#55=DIRECTION('Vector Direction',(0.,0.,1.)) ;
#62=DIRECTION('Axis2P3D Direction',(0.,0.,1.)) ;
#69=DIRECTION('Vector Direction',(0.,0.,1.)) ;
#81=DIRECTION('Axis2P3D Direction',(0.,0.,1.)) ;
#86=DIRECTION('Axis2P3D Direction',(0.,0.,1.)) ;
#98=DIRECTION('Axis2P3D Direction',(0.,0.,1.)) ;
#99=DIRECTION('Axis2P3D XDirection',(1.,0.,0.)) ;
#108=DIRECTION('Axis2P3D Direction',(0.,0.,1.)) ;
#109=DIRECTION('Axis2P3D XDirection',(1.,0.,0.)) ;
#128=DIRECTION('NONE',(1.,0.,0.)) ;
#129=DIRECTION('NONE',(0.,0.,1.)) ;
#130=DIRECTION('NONE',(1.,0.,0.)) ;
#131=DIRECTION('NONE',(0.,0.,1.)) ;
#144=DIRECTION('Axis2P3D Direction',(0.,0.,1.)) ;
#145=DIRECTION('Axis2P3D XDirection',(1.,0.,0.)) ;
#149=DIRECTION('Axis2P3D Direction',(0.,0.,1.)) ;
#158=DIRECTION('Vector Direction',(0.,0.,1.)) ;
#165=DIRECTION('Axis2P3D Direction',(0.,0.,1.)) ;
#172=DIRECTION('Vector Direction',(0.,0.,1.)) ;
#184=DIRECTION('Axis2P3D Direction',(0.,0.,1.)) ;
#189=DIRECTION('Axis2P3D Direction',(0.,0.,1.)) ;
#201=DIRECTION('Axis2P3D Direction',(0.,0.,1.)) ;
#202=DIRECTION('Axis2P3D XDirection',(1.,0.,0.)) ;
#211=DIRECTION('Axis2P3D Direction',(0.,0.,1.)) ;
#212=DIRECTION('Axis2P3D XDirection',(1.,0.,0.)) ;
#231=DIRECTION('NONE',(1.,0.,0.)) ;
#232=DIRECTION('NONE',(0.,0.,1.)) ;
#233=DIRECTION('NONE',(1.,0.,0.)) ;
#234=DIRECTION('NONE',(0.,0.,1.)) ;
#254=DIRECTION('Axis2P3D Direction',(0.,0.,-1.)) ;
#255=DIRECTION('Axis2P3D XDirection',(-0.978057882859,0.208333333333,-0.)) ;
#259=DIRECTION('Vector Direction',(0.,0.,-1.)) ;
#268=DIRECTION('Axis2P3D Direction',(0.,0.,-1.)) ;
#275=DIRECTION('Vector Direction',(0.,0.,-1.)) ;
#282=DIRECTION('Axis2P3D Direction',(0.,0.,-1.)) ;
#302=DIRECTION('Axis2P3D Direction',(0.,0.,-1.)) ;
#303=DIRECTION('Axis2P3D XDirection',(-1.0120237981E-012,-1.,-0.)) ;
#307=DIRECTION('Vector Direction',(0.,0.,-1.)) ;
#316=DIRECTION('Axis2P3D Direction',(0.,0.,-1.)) ;
#321=DIRECTION('Axis2P3D Direction',(0.,0.,-1.)) ;
#334=DIRECTION('Axis2P3D Direction',(0.,0.,1.)) ;
#335=DIRECTION('Axis2P3D XDirection',(1.,0.,0.)) ;
#339=DIRECTION('Axis2P3D Direction',(0.,0.,1.)) ;
#348=DIRECTION('Axis2P3D Direction',(0.,0.,1.)) ;
#357=DIRECTION('Vector Direction',(1.,0.,0.)) ;
#364=DIRECTION('Axis2P3D Direction',(0.,0.,1.)) ;
#371=DIRECTION('Vector Direction',(0.,1.,0.)) ;
#378=DIRECTION('Axis2P3D Direction',(0.,0.,1.)) ;
#391=DIRECTION('Vector Direction',(1.,0.,0.)) ;
#400=DIRECTION('Axis2P3D Direction',(0.,0.,1.)) ;
#407=DIRECTION('Axis2P3D Direction',(0.,0.,1.)) ;
#414=DIRECTION('Axis2P3D Direction',(0.,0.,1.)) ;
#421=DIRECTION('Vector Direction',(0.,1.,0.)) ;
#428=DIRECTION('Axis2P3D Direction',(0.,0.,1.)) ;
#441=DIRECTION('Axis2P3D Direction',(0.,0.,1.)) ;
#450=DIRECTION('Axis2P3D Direction',(0.,0.,1.)) ;
#457=DIRECTION('Vector Direction',(1.,0.,0.)) ;
#464=DIRECTION('Axis2P3D Direction',(0.,0.,1.)) ;
#475=DIRECTION('Axis2P3D Direction',(0.,0.,1.)) ;
#484=DIRECTION('Axis2P3D Direction',(0.,0.,1.)) ;
#493=DIRECTION('Axis2P3D Direction',(0.,0.,1.)) ;
#502=DIRECTION('Axis2P3D Direction',(0.,0.,1.)) ;
#513=DIRECTION('Axis2P3D Direction',(0.,0.,-1.)) ;
#514=DIRECTION('Axis2P3D XDirection',(-0.227272727273,0.973831149347,-0.)) ;
#518=DIRECTION('Vector Direction',(0.,0.,-1.)) ;
#525=DIRECTION('Axis2P3D Direction',(0.,0.,-1.)) ;
#538=DIRECTION('Axis2P3D Direction',(0.,0.,-1.)) ;
#539=DIRECTION('Axis2P3D XDirection',(-0.948029709755,0.318181818182,0.)) ;
#543=DIRECTION('Axis2P3D Direction',(-0.318181818182,-0.948029709755,-0.)) ;
#550=DIRECTION('Axis2P3D Direction',(-0.973831149347,-0.227272727273,-0.)) ;
#557=DIRECTION('Axis2P3D Direction',(0.,0.,-1.)) ;
#570=DIRECTION('Axis2P3D Direction',(-0.,1.,0.)) ;
#571=DIRECTION('Axis2P3D XDirection',(1.,0.,0.)) ;
#575=DIRECTION('Vector Direction',(1.,0.,0.)) ;
#582=DIRECTION('Vector Direction',(0.,0.,-1.)) ;
#595=DIRECTION('Axis2P3D Direction',(0.,0.,-1.)) ;
#596=DIRECTION('Axis2P3D XDirection',(-1.0142997553E-012,-1.,0.)) ;
#600=DIRECTION('Axis2P3D Direction',(1.,-1.01074704162E-012,0.)) ;
#607=DIRECTION('Axis2P3D Direction',(0.,0.,-1.)) ;
#620=DIRECTION('Axis2P3D Direction',(0.,0.,1.)) ;
#621=DIRECTION('Axis2P3D XDirection',(-0.479425538604,0.87758256189,0.)) ;
#625=DIRECTION('Vector Direction',(0.,0.,1.)) ;
#632=DIRECTION('Axis2P3D Direction',(0.,0.,1.)) ;
#639=DIRECTION('Vector Direction',(0.,0.,1.)) ;
#651=DIRECTION('Axis2P3D Direction',(0.,0.,1.)) ;
#663=DIRECTION('Axis2P3D Direction',(-1.,0.,0.)) ;
#664=DIRECTION('Axis2P3D XDirection',(0.,1.,0.)) ;
#668=DIRECTION('Vector Direction',(0.,1.,0.)) ;
#675=DIRECTION('Vector Direction',(0.,0.,-1.)) ;
#688=DIRECTION('Axis2P3D Direction',(0.,0.,-1.)) ;
#689=DIRECTION('Axis2P3D XDirection',(1.,1.83697019872E-016,0.)) ;
#693=DIRECTION('Axis2P3D Direction',(0.,0.,-1.)) ;
#706=DIRECTION('Axis2P3D Direction',(0.,0.,-1.)) ;
#707=DIRECTION('Axis2P3D XDirection',(1.83697019872E-016,-1.,-0.)) ;
#711=DIRECTION('Vector Direction',(0.,0.,-1.)) ;
#718=DIRECTION('Vector Direction',(0.,0.,-1.)) ;
#725=DIRECTION('Axis2P3D Direction',(0.,0.,-1.)) ;
#738=DIRECTION('Axis2P3D Direction',(-1.,0.,0.)) ;
#739=DIRECTION('Axis2P3D XDirection',(0.,1.,0.)) ;
#743=DIRECTION('Vector Direction',(0.,0.,1.)) ;
#750=DIRECTION('Vector Direction',(0.,1.,0.)) ;
#763=DIRECTION('Axis2P3D Direction',(0.,-0.,1.)) ;
#764=DIRECTION('Axis2P3D XDirection',(0.227272727273,0.973831149347,0.)) ;
#768=DIRECTION('Vector Direction',(0.,0.,1.)) ;
#775=DIRECTION('Axis2P3D Direction',(0.,-0.,1.)) ;
#788=DIRECTION('Vector Direction',(0.,0.,-1.)) ;
#795=DIRECTION('Axis2P3D Direction',(0.,0.,-1.)) ;
#808=DIRECTION('Axis2P3D Direction',(0.,0.,-1.)) ;
#809=DIRECTION('Axis2P3D XDirection',(0.948029709755,0.318181818182,0.)) ;
#813=DIRECTION('Vector Direction',(0.,0.,-1.)) ;
#820=DIRECTION('Axis2P3D Direction',(0.,0.,-1.)) ;
#833=DIRECTION('Vector Direction',(1.,0.,0.)) ;
#846=DIRECTION('Axis2P3D Direction',(0.,-0.,1.)) ;
#847=DIRECTION('Axis2P3D XDirection',(0.,1.,0.)) ;
#851=DIRECTION('Vector Direction',(0.,0.,1.)) ;
#858=DIRECTION('Vector Direction',(0.,0.,1.)) ;
#865=DIRECTION('Axis2P3D Direction',(0.,-0.,1.)) ;
#878=DIRECTION('Axis2P3D Direction',(-0.,1.,0.)) ;
#879=DIRECTION('Axis2P3D XDirection',(1.,0.,0.)) ;
#883=DIRECTION('Vector Direction',(0.,0.,1.)) ;
#890=DIRECTION('Vector Direction',(1.,0.,0.)) ;
#903=DIRECTION('Axis2P3D Direction',(0.,0.,1.)) ;
#904=DIRECTION('Axis2P3D XDirection',(0.948029709755,-0.318181818182,0.)) ;
#908=DIRECTION('Vector Direction',(0.,0.,1.)) ;
#915=DIRECTION('Axis2P3D Direction',(0.,0.,1.)) ;
#928=DIRECTION('Axis2P3D Direction',(0.,0.,-1.)) ;
#929=DIRECTION('Axis2P3D XDirection',(0.978057882859,-0.208333333333,0.)) ;
#933=DIRECTION('Axis2P3D Direction',(0.,0.,-1.)) ;
#946=DIRECTION('Axis2P3D Direction',(0.,0.,1.)) ;
#947=DIRECTION('Axis2P3D XDirection',(1.,0.,0.)) ;
#951=DIRECTION('Vector Direction',(0.,0.,1.)) ;
#958=DIRECTION('Axis2P3D Direction',(0.,0.,1.)) ;
#965=DIRECTION('Vector Direction',(0.,0.,1.)) ;
#978=DIRECTION('Axis2P3D Direction',(0.,0.,1.)) ;
#991=DIRECTION('Axis2P3D Direction',(0.,0.,1.)) ;
#992=DIRECTION('Axis2P3D XDirection',(-1.,1.22464679915E-016,0.)) ;
#996=DIRECTION('Vector Direction',(0.,0.,1.)) ;
#1003=DIRECTION('Axis2P3D Direction',(0.,0.,1.)) ;
#1010=DIRECTION('Vector Direction',(0.,0.,1.)) ;
#1023=DIRECTION('Axis2P3D Direction',(0.,0.,1.)) ;
#1036=DIRECTION('Axis2P3D Direction',(0.,0.,-1.)) ;
#1037=DIRECTION('Axis2P3D XDirection',(-0.227272727273,0.973831149347,0.)) ;
#1041=DIRECTION('Axis2P3D Direction',(-8.32667268469E-016,1.,0.)) ;
#1048=DIRECTION('Axis2P3D Direction',(0.,0.,-1.)) ;
#1061=DIRECTION('Axis2P3D Direction',(0.,0.,-1.)) ;
#1062=DIRECTION('Axis2P3D XDirection',(1.,0.,0.)) ;
#1066=DIRECTION('Vector Direction',(0.,1.,0.)) ;
#1073=DIRECTION('Axis2P3D Direction',(0.,0.,-1.)) ;
#1080=DIRECTION('Vector Direction',(1.,0.,0.)) ;
#1095=DIRECTION('Axis2P3D Direction',(1.,0.,0.)) ;
#1096=DIRECTION('Axis2P3D XDirection',(0.,-1.,0.)) ;
#1100=DIRECTION('Axis2P3D Direction',(1.,0.,0.)) ;
#1113=DIRECTION('Axis2P3D Direction',(0.,0.,1.)) ;
#1114=DIRECTION('Axis2P3D XDirection',(1.,0.,0.)) ;
#1122=DIRECTION('Axis2P3D Direction',(0.,0.,1.)) ;
#1131=DIRECTION('Axis2P3D Direction',(0.,0.,1.)) ;
#1141=DIRECTION('Axis2P3D Direction',(-0.,1.,0.)) ;
#1142=DIRECTION('Axis2P3D XDirection',(1.,0.,0.)) ;
#1146=DIRECTION('Axis2P3D Direction',(-0.,1.,0.)) ;
#1159=DIRECTION('Axis2P3D Direction',(0.,-0.,-1.)) ;
#1160=DIRECTION('Axis2P3D XDirection',(1.,0.,0.)) ;
#1172=DIRECTION('Axis2P3D Direction',(0.,0.,-1.)) ;
#1173=DIRECTION('Axis2P3D XDirection',(-8.881784197E-016,-1.,0.)) ;
#1177=DIRECTION('Axis2P3D Direction',(1.,0.,0.)) ;
#1184=DIRECTION('Axis2P3D Direction',(7.27366154732E-016,-1.,0.)) ;
#1191=DIRECTION('Axis2P3D Direction',(0.,0.,-1.)) ;
#1204=DIRECTION('Axis2P3D Direction',(0.,1.,0.)) ;
#1205=DIRECTION('Axis2P3D XDirection',(1.83697019872E-016,0.,-1.)) ;
#1209=DIRECTION('Axis2P3D Direction',(0.,1.,0.)) ;
#1216=DIRECTION('Vector Direction',(0.,1.,0.)) ;
#1229=DIRECTION('Axis2P3D Direction',(0.,0.,-1.)) ;
#1230=DIRECTION('Axis2P3D XDirection',(-1.,4.26325641456E-014,0.)) ;
#1234=DIRECTION('Axis2P3D Direction',(-0.973831149347,0.227272727273,0.)) ;
#1241=DIRECTION('Axis2P3D Direction',(0.,0.,-1.)) ;
#1254=DIRECTION('Axis2P3D Direction',(-0.,0.,-1.)) ;
#1255=DIRECTION('Axis2P3D XDirection',(0.227272727273,0.973831149347,0.)) ;
#1259=DIRECTION('Axis2P3D Direction',(-0.318181818182,0.948029709755,0.)) ;
#1266=DIRECTION('Axis2P3D Direction',(-0.,0.,-1.)) ;
#1279=DIRECTION('Axis2P3D Direction',(0.,-0.,-1.)) ;
#1280=DIRECTION('Axis2P3D XDirection',(0.948029709755,0.318181818182,0.)) ;
#1284=DIRECTION('Axis2P3D Direction',(1.,-2.77555756156E-016,0.)) ;
#1291=DIRECTION('Axis2P3D Direction',(0.,-0.,-1.)) ;
#1304=DIRECTION('Axis2P3D Direction',(1.,0.,0.)) ;
#1305=DIRECTION('Axis2P3D XDirection',(0.,-1.,0.)) ;
#1309=DIRECTION('Vector Direction',(1.,0.,0.)) ;
#1322=DIRECTION('Axis2P3D Direction',(0.,0.,-1.)) ;
#1323=DIRECTION('Axis2P3D XDirection',(-0.948029709755,-0.318181818182,0.)) ;
#1327=DIRECTION('Axis2P3D Direction',(0.318181818182,-0.948029709755,0.)) ;
#1334=DIRECTION('Axis2P3D Direction',(-1.,-1.66533453694E-016,-0.)) ;
#1341=DIRECTION('Axis2P3D Direction',(0.,0.,-1.)) ;
#1354=DIRECTION('Axis2P3D Direction',(1.,0.,0.)) ;
#1355=DIRECTION('Axis2P3D XDirection',(-0.,-1.83697019872E-016,-1.)) ;
#1359=DIRECTION('Axis2P3D Direction',(1.,0.,0.)) ;
#1366=DIRECTION('Vector Direction',(1.,0.,0.)) ;
#1379=DIRECTION('Axis2P3D Direction',(0.,-0.,-1.)) ;
#1380=DIRECTION('Axis2P3D XDirection',(1.01074704162E-012,1.,0.)) ;
#1384=DIRECTION('Axis2P3D Direction',(0.318181818182,0.948029709755,0.)) ;
#1391=DIRECTION('Axis2P3D Direction',(0.,-0.,-1.)) ;
#1404=DIRECTION('Axis2P3D Direction',(0.,0.,-1.)) ;
#1405=DIRECTION('Axis2P3D XDirection',(0.948029709755,-0.318181818182,0.)) ;
#1409=DIRECTION('Axis2P3D Direction',(0.,0.,-1.)) ;
#1422=DIRECTION('Axis2P3D Direction',(0.,0.,1.)) ;
#1423=DIRECTION('Axis2P3D XDirection',(1.,0.,0.)) ;
#1439=DIRECTION('Axis2P3D Direction',(0.,0.,1.)) ;
#1440=DIRECTION('Axis2P3D XDirection',(-0.479425538604,0.87758256189,0.)) ;
#1444=DIRECTION('Vector Direction',(0.,0.,1.)) ;
#1453=DIRECTION('Axis2P3D Direction',(0.,0.,1.)) ;
#1460=DIRECTION('Vector Direction',(0.,0.,1.)) ;
#1467=DIRECTION('Axis2P3D Direction',(0.,0.,1.)) ;
#1474=DIRECTION('Vector Direction',(0.,0.,1.)) ;
#1479=DIRECTION('Vector Direction',(0.,0.,1.)) ;
#1486=DIRECTION('Axis2P3D Direction',(0.,0.,1.)) ;
#1502=DIRECTION('Axis2P3D Direction',(0.,0.,1.)) ;
#1532=DIRECTION('Axis2P3D Direction',(0.,0.,1.)) ;
#1533=DIRECTION('Axis2P3D XDirection',(1.,0.,0.)) ;
#1537=DIRECTION('Vector Direction',(0.923879532511,0.382683432365,0.)) ;
#1544=DIRECTION('Vector Direction',(0.923879532511,-0.382683432365,0.)) ;
#1551=DIRECTION('Axis2P3D Direction',(0.,0.,1.)) ;
#1558=DIRECTION('Axis2P3D Direction',(0.,0.,1.)) ;
#1565=DIRECTION('Axis2P3D Direction',(0.,0.,1.)) ;
#1581=DIRECTION('Axis2P3D Direction',(0.382683432365,0.923879532511,-0.)) ;
#1582=DIRECTION('Axis2P3D XDirection',(-0.923879532511,0.382683432365,0.)) ;
#1586=DIRECTION('Vector Direction',(-0.923879532511,0.382683432365,0.)) ;
#1595=DIRECTION('Axis2P3D Direction',(0.382683432365,0.923879532511,-0.)) ;
#1602=DIRECTION('Vector Direction',(0.,0.,-1.)) ;
#1609=DIRECTION('Axis2P3D Direction',(0.382683432365,0.923879532511,-0.)) ;
#1616=DIRECTION('Axis2P3D Direction',(0.382683432365,0.923879532511,-0.)) ;
#1623=DIRECTION('Axis2P3D Direction',(0.382683432365,0.923879532511,-0.)) ;
#1628=DIRECTION('Vector Direction',(-0.923879532511,0.382683432365,0.)) ;
#1635=DIRECTION('Axis2P3D Direction',(0.382683432365,0.923879532511,-0.)) ;
#1642=DIRECTION('Axis2P3D Direction',(0.382683432365,0.923879532511,-0.)) ;
#1649=DIRECTION('Axis2P3D Direction',(0.382683432365,0.923879532511,-0.)) ;
#1656=DIRECTION('Vector Direction',(0.,0.,1.)) ;
#1663=DIRECTION('Axis2P3D Direction',(0.382683432365,0.923879532511,-0.)) ;
#1670=DIRECTION('Vector Direction',(0.923879532511,-0.382683432365,0.)) ;
#1677=DIRECTION('Vector Direction',(0.,0.,1.)) ;
#1709=DIRECTION('Axis2P3D Direction',(0.,0.,1.)) ;
#1710=DIRECTION('Axis2P3D XDirection',(-0.923879532511,0.382683432365,0.)) ;
#1714=DIRECTION('Axis2P3D Direction',(0.,0.,1.)) ;
#1721=DIRECTION('Vector Direction',(-0.923879532511,-0.382683432365,0.)) ;
#1734=DIRECTION('Axis2P3D Direction',(-0.382683432365,0.923879532511,0.)) ;
#1735=DIRECTION('Axis2P3D XDirection',(-0.923879532511,-0.382683432365,0.)) ;
#1739=DIRECTION('Vector Direction',(0.,0.,1.)) ;
#1748=DIRECTION('Vector Direction',(0.923879532511,0.382683432365,0.)) ;
#1755=DIRECTION('Axis2P3D Direction',(-0.382683432365,0.923879532511,0.)) ;
#1762=DIRECTION('Vector Direction',(0.,0.,1.)) ;
#1769=DIRECTION('Axis2P3D Direction',(-0.382683432365,0.923879532511,0.)) ;
#1776=DIRECTION('Axis2P3D Direction',(-0.382683432365,0.923879532511,0.)) ;
#1783=DIRECTION('Axis2P3D Direction',(-0.382683432365,0.923879532511,0.)) ;
#1788=DIRECTION('Axis2P3D Direction',(-0.382683432365,0.923879532511,0.)) ;
#1795=DIRECTION('Axis2P3D Direction',(-0.382683432365,0.923879532511,0.)) ;
#1802=DIRECTION('Axis2P3D Direction',(-0.382683432365,0.923879532511,0.)) ;
#1809=DIRECTION('Vector Direction',(0.,0.,-1.)) ;
#1816=DIRECTION('Axis2P3D Direction',(-0.382683432365,0.923879532511,0.)) ;
#1823=DIRECTION('Vector Direction',(-0.923879532511,-0.382683432365,0.)) ;
#1848=DIRECTION('Axis2P3D Direction',(0.,0.,1.)) ;
#1849=DIRECTION('Axis2P3D XDirection',(-0.479425538604,0.87758256189,0.)) ;
#1853=DIRECTION('Axis2P3D Direction',(-0.87758256189,-0.479425538604,0.)) ;
#1860=DIRECTION('Axis2P3D Direction',(0.,0.,1.)) ;
#1872=DIRECTION('Axis2P3D Direction',(0.87758256189,0.479425538604,-0.)) ;
#1879=DIRECTION('Axis2P3D Direction',(0.,0.,1.)) ;
#1891=DIRECTION('Axis2P3D Direction',(0.,0.,1.)) ;
#1903=DIRECTION('Axis2P3D Direction',(0.,0.,1.)) ;
#1908=DIRECTION('Axis2P3D Direction',(0.,0.,1.)) ;
#1915=DIRECTION('Vector Direction',(0.,0.,1.)) ;
#1922=DIRECTION('Axis2P3D Direction',(0.,0.,1.)) ;
#1929=DIRECTION('Vector Direction',(0.,0.,1.)) ;
#1936=DIRECTION('Axis2P3D Direction',(0.,0.,1.)) ;
#1952=DIRECTION('Axis2P3D Direction',(0.,0.,1.)) ;
#1953=DIRECTION('Axis2P3D XDirection',(-0.923879532511,0.382683432365,0.)) ;
#1957=DIRECTION('Axis2P3D Direction',(0.,0.,1.)) ;
#1970=DIRECTION('Axis2P3D Direction',(0.,0.,1.)) ;
#1971=DIRECTION('Axis2P3D XDirection',(-0.923879532511,0.382683432365,0.)) ;
#1975=DIRECTION('Axis2P3D Direction',(0.,0.,1.)) ;
#1988=DIRECTION('Axis2P3D Direction',(0.,0.,1.)) ;
#1989=DIRECTION('Axis2P3D XDirection',(-0.923879532511,0.382683432365,0.)) ;
#1993=DIRECTION('Axis2P3D Direction',(0.,0.,1.)) ;
#2006=DIRECTION('Axis2P3D Direction',(0.,0.,1.)) ;
#2007=DIRECTION('Axis2P3D XDirection',(-0.923879532511,0.382683432365,0.)) ;
#2011=DIRECTION('Axis2P3D Direction',(0.,0.,1.)) ;
#2024=DIRECTION('Axis2P3D Direction',(0.,0.,1.)) ;
#2025=DIRECTION('Axis2P3D XDirection',(-0.923879532511,0.382683432365,0.)) ;
#2029=DIRECTION('Axis2P3D Direction',(0.,0.,1.)) ;
#2042=DIRECTION('Axis2P3D Direction',(0.,0.,1.)) ;
#2043=DIRECTION('Axis2P3D XDirection',(-0.923879532511,0.382683432365,0.)) ;
#2055=DIRECTION('Axis2P3D Direction',(0.,0.,1.)) ;
#2056=DIRECTION('Axis2P3D XDirection',(-0.479425538604,0.87758256189,0.)) ;
#2060=DIRECTION('Axis2P3D Direction',(0.,0.,1.)) ;
#2067=DIRECTION('Axis2P3D Direction',(0.87758256189,0.479425538604,-0.)) ;
#2079=DIRECTION('Axis2P3D Direction',(0.,0.,1.)) ;
#2080=DIRECTION('Axis2P3D XDirection',(-0.479425538604,0.87758256189,0.)) ;
#2084=DIRECTION('Axis2P3D Direction',(0.,0.,1.)) ;
#2091=DIRECTION('Axis2P3D Direction',(0.87758256189,0.479425538604,-0.)) ;
#2103=DIRECTION('Axis2P3D Direction',(0.,0.,1.)) ;
#2104=DIRECTION('Axis2P3D XDirection',(-0.479425538604,0.87758256189,0.)) ;
#2108=DIRECTION('Vector Direction',(0.,0.,1.)) ;
#2115=DIRECTION('Axis2P3D Direction',(0.,0.,1.)) ;
#2122=DIRECTION('Vector Direction',(0.,0.,1.)) ;
#2153=DIRECTION('Axis2P3D Direction',(0.,0.,1.)) ;
#2154=DIRECTION('Axis2P3D XDirection',(-0.479425538604,0.87758256189,0.)) ;
#2158=DIRECTION('Axis2P3D Direction',(0.,0.,1.)) ;
#2165=DIRECTION('Axis2P3D Direction',(0.87758256189,0.479425538604,-0.)) ;
#2177=DIRECTION('Axis2P3D Direction',(0.,0.,1.)) ;
#2178=DIRECTION('Axis2P3D XDirection',(1.,0.,0.)) ;
#2182=DIRECTION('Axis2P3D Direction',(0.,0.,1.)) ;
#2189=DIRECTION('Axis2P3D Direction',(0.,0.,1.)) ;
#2194=DIRECTION('Axis2P3D Direction',(0.,0.,1.)) ;
#2210=DIRECTION('Axis2P3D Direction',(-0.87758256189,-0.479425538604,0.)) ;
#2217=DIRECTION('Axis2P3D Direction',(0.,0.,1.)) ;
#2229=DIRECTION('Axis2P3D Direction',(-0.87758256189,-0.479425538604,0.)) ;
#2236=DIRECTION('Axis2P3D Direction',(0.,0.,1.)) ;
#2248=DIRECTION('Vector Direction',(0.,0.,1.)) ;
#2257=DIRECTION('Axis2P3D Direction',(0.,0.,1.)) ;
#2262=DIRECTION('Vector Direction',(0.,0.,1.)) ;
#2278=DIRECTION('Vector Direction',(0.,0.,1.)) ;
#2295=DIRECTION('Axis2P3D Direction',(0.,0.,1.)) ;
#2320=DIRECTION('Axis2P3D Direction',(0.,0.,1.)) ;
#2337=DIRECTION('Vector Direction',(0.,0.,1.)) ;
#2361=DIRECTION('Axis2P3D Direction',(0.,0.,1.)) ;
#2384=DIRECTION('Axis2P3D Direction',(0.,0.,1.)) ;
#2421=DIRECTION('Axis2P3D Direction',(-0.87758256189,-0.479425538604,0.)) ;
#2433=DIRECTION('Axis2P3D Direction',(0.,0.,1.)) ;
#2445=DIRECTION('Axis2P3D Direction',(0.,0.,1.)) ;
#2457=DIRECTION('Axis2P3D Direction',(0.,0.,1.)) ;
#2458=DIRECTION('Axis2P3D XDirection',(1.,0.,0.)) ;
#2475=DIRECTION('Axis2P3D Direction',(0.,0.,1.)) ;
#2487=DIRECTION('Axis2P3D Direction',(0.,0.,1.)) ;
#2515=DIRECTION('Vector Direction',(0.,0.,1.)) ;
#2532=DIRECTION('Axis2P3D Direction',(0.,0.,1.)) ;
#2557=DIRECTION('Axis2P3D Direction',(0.,0.,1.)) ;
#2574=DIRECTION('Vector Direction',(0.,0.,1.)) ;
#2598=DIRECTION('Axis2P3D Direction',(0.,0.,1.)) ;
#2621=DIRECTION('Axis2P3D Direction',(0.,0.,1.)) ;
#2668=DIRECTION('Axis2P3D Direction',(0.,1.,-0.)) ;
#2669=DIRECTION('Axis2P3D XDirection',(-1.,0.,0.)) ;
#2673=DIRECTION('Vector Direction',(0.,1.,0.)) ;
#2697=DIRECTION('Vector Direction',(0.,1.,0.)) ;
#2712=DIRECTION('Axis2P3D Direction',(1.,-0.,0.)) ;
#2713=DIRECTION('Axis2P3D XDirection',(0.,0.,-1.)) ;
#2717=DIRECTION('Vector Direction',(0.,0.,-1.)) ;
#2724=DIRECTION('Vector Direction',(0.,1.,0.)) ;
#2737=DIRECTION('Axis2P3D Direction',(0.,1.,-0.)) ;
#2738=DIRECTION('Axis2P3D XDirection',(1.,-0.,-1.00915871466E-014)) ;
#2752=DIRECTION('Vector Direction',(0.,1.,0.)) ;
#2765=DIRECTION('Axis2P3D Direction',(0.,0.,1.)) ;
#2766=DIRECTION('Axis2P3D XDirection',(1.,0.,0.)) ;
#2770=DIRECTION('Axis2P3D Direction',(0.,0.,1.)) ;
#2777=DIRECTION('Vector Direction',(0.,1.,0.)) ;
#2790=DIRECTION('Axis2P3D Direction',(0.,1.,-0.)) ;
#2791=DIRECTION('Axis2P3D XDirection',(-0.986013297185,0.,0.166666666657)) ;
#2804=DIRECTION('Vector Direction',(0.,1.,0.)) ;
#2817=DIRECTION('Axis2P3D Direction',(0.,1.,-0.)) ;
#2818=DIRECTION('Axis2P3D XDirection',(-6.12323399574E-017,0.,1.)) ;
#2831=DIRECTION('Vector Direction',(0.,1.,0.)) ;
#2844=DIRECTION('Axis2P3D Direction',(0.,0.,1.)) ;
#2851=DIRECTION('Vector Direction',(0.,1.,0.)) ;
#2864=DIRECTION('Axis2P3D Direction',(0.,1.,-0.)) ;
#2865=DIRECTION('Axis2P3D XDirection',(-8.69808717713E-015,0.,-1.)) ;
#2879=DIRECTION('Vector Direction',(0.,1.,0.)) ;
#2892=DIRECTION('Axis2P3D Direction',(1.,-0.,0.)) ;
#2893=DIRECTION('Axis2P3D XDirection',(0.,0.,-1.)) ;
#2897=DIRECTION('Vector Direction',(0.,0.,-1.)) ;
#2904=DIRECTION('Vector Direction',(0.,1.,0.)) ;
#2917=DIRECTION('Axis2P3D Direction',(0.,1.,-0.)) ;
#2918=DIRECTION('Axis2P3D XDirection',(0.366666666666,0.,0.930352382464)) ;
#2931=DIRECTION('Vector Direction',(0.,1.,0.)) ;
#2944=DIRECTION('Axis2P3D Direction',(0.859854743841,0.,-0.510538754155)) ;
#2945=DIRECTION('Axis2P3D XDirection',(-0.510538754155,0.,-0.859854743841)) ;
#2959=DIRECTION('Vector Direction',(0.,1.,0.)) ;
#2972=DIRECTION('Axis2P3D Direction',(0.,0.,1.)) ;
#2973=DIRECTION('Axis2P3D XDirection',(1.,0.,0.)) ;
#2977=DIRECTION('Axis2P3D Direction',(0.,0.,1.)) ;
#2984=DIRECTION('Vector Direction',(0.,1.,0.)) ;
#2997=DIRECTION('Axis2P3D Direction',(0.642787609687,0.,-0.766044443119)) ;
#2998=DIRECTION('Axis2P3D XDirection',(-0.766044443119,0.,-0.642787609687)) ;
#3012=DIRECTION('Vector Direction',(0.,1.,0.)) ;
#3025=DIRECTION('Axis2P3D Direction',(0.642787609687,-0.,0.766044443119)) ;
#3026=DIRECTION('Axis2P3D XDirection',(0.766044443119,0.,-0.642787609687)) ;
#3040=DIRECTION('Vector Direction',(0.,1.,0.)) ;
#3053=DIRECTION('Axis2P3D Direction',(0.,0.,1.)) ;
#3060=DIRECTION('Vector Direction',(0.,1.,0.)) ;
#3073=DIRECTION('Axis2P3D Direction',(0.859854743841,-0.,0.510538754155)) ;
#3074=DIRECTION('Axis2P3D XDirection',(0.510538754155,0.,-0.859854743841)) ;
#3106=DIRECTION('Axis2P3D Direction',(0.,0.,1.)) ;
#3107=DIRECTION('Axis2P3D XDirection',(-0.479425538604,0.87758256189,0.)) ;
#3111=DIRECTION('Vector Direction',(0.,0.,1.)) ;
#3153=DIRECTION('Axis2P3D Direction',(0.,0.,1.)) ;
#3176=DIRECTION('Axis2P3D Direction',(0.,0.,1.)) ;
#3192=DIRECTION('Vector Direction',(0.,0.,1.)) ;
#3216=DIRECTION('Axis2P3D Direction',(0.,0.,1.)) ;
#3239=DIRECTION('Axis2P3D Direction',(0.,0.,1.)) ;
#3263=DIRECTION('Vector Direction',(0.,0.,1.)) ;
#3288=DIRECTION('Axis2P3D Direction',(0.,1.,-0.)) ;
#3289=DIRECTION('Axis2P3D XDirection',(1.,0.,1.22464679915E-016)) ;
#3293=DIRECTION('Vector Direction',(0.,1.,0.)) ;
#3300=DIRECTION('Vector Direction',(0.,1.,0.)) ;
#3322=DIRECTION('Axis2P3D Direction',(0.,0.,1.)) ;
#3323=DIRECTION('Axis2P3D XDirection',(1.,0.,0.)) ;
#3327=DIRECTION('Axis2P3D Direction',(0.,0.,1.)) ;
#3334=DIRECTION('Vector Direction',(0.,1.,0.)) ;
#3347=DIRECTION('Axis2P3D Direction',(0.,1.,-0.)) ;
#3348=DIRECTION('Axis2P3D XDirection',(-0.660276761546,0.,0.751022368617)) ;
#3360=DIRECTION('Vector Direction',(0.,1.,0.)) ;
#3373=DIRECTION('Axis2P3D Direction',(0.,1.,-0.)) ;
#3374=DIRECTION('Axis2P3D XDirection',(-6.12323399574E-017,0.,1.)) ;
#3386=DIRECTION('Vector Direction',(0.,1.,0.)) ;
#3399=DIRECTION('Axis2P3D Direction',(0.,0.,1.)) ;
#3406=DIRECTION('Vector Direction',(0.,1.,0.)) ;
#3419=DIRECTION('Axis2P3D Direction',(0.,1.,-0.)) ;
#3420=DIRECTION('Axis2P3D XDirection',(-1.59265981953E-015,0.,-1.)) ;
#3424=DIRECTION('Vector Direction',(0.,1.,0.)) ;
#3446=DIRECTION('Axis2P3D Direction',(1.,-0.,0.)) ;
#3447=DIRECTION('Axis2P3D XDirection',(0.,0.,-1.)) ;
#3451=DIRECTION('Vector Direction',(0.,0.,-1.)) ;
#3458=DIRECTION('Vector Direction',(0.,1.,0.)) ;
#3471=DIRECTION('Axis2P3D Direction',(0.,1.,-0.)) ;
#3472=DIRECTION('Axis2P3D XDirection',(0.689738224193,0.,0.724058825019)) ;
#3485=DIRECTION('Vector Direction',(0.,1.,0.)) ;
#3498=DIRECTION('Axis2P3D Direction',(0.859854743841,0.,-0.510538754155)) ;
#3499=DIRECTION('Axis2P3D XDirection',(-0.510538754155,0.,-0.859854743841)) ;
#3513=DIRECTION('Vector Direction',(0.,1.,0.)) ;
#3526=DIRECTION('Axis2P3D Direction',(0.,0.,1.)) ;
#3527=DIRECTION('Axis2P3D XDirection',(1.,0.,0.)) ;
#3531=DIRECTION('Vector Direction',(0.,1.,0.)) ;
#3538=DIRECTION('Axis2P3D Direction',(0.,0.,1.)) ;
#3551=DIRECTION('Axis2P3D Direction',(0.642787609687,0.,-0.766044443119)) ;
#3552=DIRECTION('Axis2P3D XDirection',(-0.766044443119,0.,-0.642787609687)) ;
#3566=DIRECTION('Vector Direction',(0.,1.,0.)) ;
#3579=DIRECTION('Axis2P3D Direction',(0.642787609687,-0.,0.766044443119)) ;
#3580=DIRECTION('Axis2P3D XDirection',(0.766044443119,0.,-0.642787609687)) ;
#3584=DIRECTION('Vector Direction',(0.,1.,0.)) ;
#3607=DIRECTION('Vector Direction',(0.,1.,0.)) ;
#3614=DIRECTION('Axis2P3D Direction',(0.,0.,1.)) ;
#3627=DIRECTION('Axis2P3D Direction',(0.859854743841,-0.,0.510538754155)) ;
#3628=DIRECTION('Axis2P3D XDirection',(0.510538754155,0.,-0.859854743841)) ;
#3632=DIRECTION('Vector Direction',(0.,1.,0.)) ;
#3655=DIRECTION('Axis2P3D Direction',(0.,1.,-0.)) ;
#3656=DIRECTION('Axis2P3D XDirection',(-1.,0.,0.)) ;
#3669=DIRECTION('Vector Direction',(0.,1.,0.)) ;
#3682=DIRECTION('Axis2P3D Direction',(1.,-0.,0.)) ;
#3683=DIRECTION('Axis2P3D XDirection',(0.,0.,-1.)) ;
#3687=DIRECTION('Vector Direction',(0.,0.,-1.)) ;
#3719=DIRECTION('Axis2P3D Direction',(0.,0.,1.)) ;
#3720=DIRECTION('Axis2P3D XDirection',(-0.479425538604,0.87758256189,0.)) ;
#3744=DIRECTION('Axis2P3D Direction',(0.,0.,1.)) ;
#3761=DIRECTION('Vector Direction',(0.,0.,1.)) ;
#3777=DIRECTION('Vector Direction',(0.,0.,1.)) ;
#3792=DIRECTION('Axis2P3D Direction',(0.,0.,1.)) ;
#3815=DIRECTION('Axis2P3D Direction',(0.,0.,1.)) ;
#3839=DIRECTION('Vector Direction',(0.,0.,1.)) ;
#3856=DIRECTION('Axis2P3D Direction',(0.,0.,1.)) ;
#3890=DIRECTION('Axis2P3D Direction',(0.,0.,1.)) ;
#3906=DIRECTION('Vector Direction',(0.,0.,1.)) ;
#3930=DIRECTION('Axis2P3D Direction',(0.,0.,1.)) ;
#3953=DIRECTION('Axis2P3D Direction',(0.,0.,1.)) ;
#3977=DIRECTION('Vector Direction',(0.,0.,1.)) ;
#3993=DIRECTION('Axis2P3D Direction',(0.,0.,1.)) ;
#4026=DIRECTION('Vector Direction',(0.,1.,0.)) ;
#4031=DIRECTION('Vector Direction',(0.,1.,0.)) ;
#4043=DIRECTION('Vector Direction',(0.,1.,0.)) ;
#4055=DIRECTION('Vector Direction',(0.,-1.,0.)) ;
#4067=DIRECTION('Vector Direction',(0.,1.,0.)) ;
#4079=DIRECTION('Vector Direction',(0.,-1.,0.)) ;
#4091=DIRECTION('Vector Direction',(0.,1.,0.)) ;
#4126=DIRECTION('Vector Direction',(0.,1.,0.)) ;
#4140=DIRECTION('Vector Direction',(0.,1.,0.)) ;
#4152=DIRECTION('Vector Direction',(0.,1.,0.)) ;
#4164=DIRECTION('Vector Direction',(0.,1.,0.)) ;
#4176=DIRECTION('Vector Direction',(0.,1.,0.)) ;
#4188=DIRECTION('Vector Direction',(0.,1.,0.)) ;
#4200=DIRECTION('Vector Direction',(0.,1.,0.)) ;
#4212=DIRECTION('Vector Direction',(0.,-1.,0.)) ;
#4224=DIRECTION('Vector Direction',(0.,1.,0.)) ;
#4253=DIRECTION('Vector Direction',(0.,1.,0.)) ;
#4258=DIRECTION('Vector Direction',(0.,1.,0.)) ;
#4270=DIRECTION('Axis2P3D Direction',(0.,0.,1.)) ;
#4277=DIRECTION('Vector Direction',(0.,-1.,0.)) ;
#4289=DIRECTION('Vector Direction',(0.,1.,0.)) ;
#4310=DIRECTION('Vector Direction',(0.,-1.,0.)) ;
#4317=DIRECTION('Vector Direction',(0.,0.,-1.)) ;
#4338=DIRECTION('Vector Direction',(0.,1.,0.)) ;
#4350=DIRECTION('Vector Direction',(0.,1.,0.)) ;
#4372=DIRECTION('Vector Direction',(0.,1.,0.)) ;
#4379=DIRECTION('Axis2P3D Direction',(0.,0.,1.)) ;
#4391=DIRECTION('Vector Direction',(0.,1.,0.)) ;
#4423=DIRECTION('Vector Direction',(0.,1.,0.)) ;
#4435=DIRECTION('Vector Direction',(0.,1.,0.)) ;
#4442=DIRECTION('Axis2P3D Direction',(0.,0.,1.)) ;
#4464=DIRECTION('Vector Direction',(0.,1.,0.)) ;
#4485=DIRECTION('Vector Direction',(0.,1.,0.)) ;
#4497=DIRECTION('Vector Direction',(0.,0.,-1.)) ;
#4504=DIRECTION('Vector Direction',(0.,-1.,0.)) ;
#4516=DIRECTION('Vector Direction',(0.,1.,0.)) ;
#4537=DIRECTION('Axis2P3D Direction',(0.,0.,1.)) ;
#4544=DIRECTION('Vector Direction',(0.,-1.,0.)) ;
#4598=DIRECTION('NONE',(1.,0.,0.)) ;
#4599=DIRECTION('NONE',(0.,0.,1.)) ;
#4600=DIRECTION('NONE',(1.,0.,0.)) ;
#4601=DIRECTION('NONE',(0.,0.,1.)) ;
#20=UNCERTAINTY_MEASURE_WITH_UNIT(LENGTH_MEASURE(0.005),#17,'distance_accuracy_value','CONFUSED CURVE UNCERTAINTY') ;
#22=UNCERTAINTY_MEASURE_WITH_UNIT(LENGTH_MEASURE(0.005),#17,'distance_accuracy_value','CONFUSED CURVE UNCERTAINTY') ;
#132=UNCERTAINTY_MEASURE_WITH_UNIT(LENGTH_MEASURE(0.005),#17,'distance_accuracy_value','CONFUSED CURVE UNCERTAINTY') ;
#235=UNCERTAINTY_MEASURE_WITH_UNIT(LENGTH_MEASURE(0.005),#17,'distance_accuracy_value','CONFUSED CURVE UNCERTAINTY') ;
#43=AXIS2_PLACEMENT_3D('Cylinder Axis2P3D',#40,#41,#42) ;
#47=AXIS2_PLACEMENT_3D('Circle Axis2P3D',#45,#46,$) ;
#63=AXIS2_PLACEMENT_3D('Circle Axis2P3D',#61,#62,$) ;
#82=AXIS2_PLACEMENT_3D('Circle Axis2P3D',#80,#81,$) ;
#87=AXIS2_PLACEMENT_3D('Circle Axis2P3D',#85,#86,$) ;
#100=AXIS2_PLACEMENT_3D('Plane Axis2P3D',#97,#98,#99) ;
#110=AXIS2_PLACEMENT_3D('Plane Axis2P3D',#107,#108,#109) ;
#124=AXIS2_PLACEMENT_3D(' ',#127,#131,#130) ;
#125=AXIS2_PLACEMENT_3D(' ',#126,#129,#128) ;
#146=AXIS2_PLACEMENT_3D('Cylinder Axis2P3D',#143,#144,#145) ;
#150=AXIS2_PLACEMENT_3D('Circle Axis2P3D',#148,#149,$) ;
#166=AXIS2_PLACEMENT_3D('Circle Axis2P3D',#164,#165,$) ;
#185=AXIS2_PLACEMENT_3D('Circle Axis2P3D',#183,#184,$) ;
#190=AXIS2_PLACEMENT_3D('Circle Axis2P3D',#188,#189,$) ;
#203=AXIS2_PLACEMENT_3D('Plane Axis2P3D',#200,#201,#202) ;
#213=AXIS2_PLACEMENT_3D('Plane Axis2P3D',#210,#211,#212) ;
#227=AXIS2_PLACEMENT_3D(' ',#230,#234,#233) ;
#228=AXIS2_PLACEMENT_3D(' ',#229,#232,#231) ;
#256=AXIS2_PLACEMENT_3D('Cylinder Axis2P3D',#253,#254,#255) ;
#269=AXIS2_PLACEMENT_3D('Circle Axis2P3D',#267,#268,$) ;
#283=AXIS2_PLACEMENT_3D('Circle Axis2P3D',#281,#282,$) ;
#304=AXIS2_PLACEMENT_3D('Cylinder Axis2P3D',#301,#302,#303) ;
#317=AXIS2_PLACEMENT_3D('Circle Axis2P3D',#315,#316,$) ;
#322=AXIS2_PLACEMENT_3D('Circle Axis2P3D',#320,#321,$) ;
#336=AXIS2_PLACEMENT_3D('Plane Axis2P3D',#333,#334,#335) ;
#340=AXIS2_PLACEMENT_3D('Circle Axis2P3D',#338,#339,$) ;
#349=AXIS2_PLACEMENT_3D('Circle Axis2P3D',#347,#348,$) ;
#365=AXIS2_PLACEMENT_3D('Circle Axis2P3D',#363,#364,$) ;
#379=AXIS2_PLACEMENT_3D('Circle Axis2P3D',#377,#378,$) ;
#401=AXIS2_PLACEMENT_3D('Circle Axis2P3D',#399,#400,$) ;
#408=AXIS2_PLACEMENT_3D('Circle Axis2P3D',#406,#407,$) ;
#415=AXIS2_PLACEMENT_3D('Circle Axis2P3D',#413,#414,$) ;
#429=AXIS2_PLACEMENT_3D('Circle Axis2P3D',#427,#428,$) ;
#442=AXIS2_PLACEMENT_3D('Circle Axis2P3D',#440,#441,$) ;
#451=AXIS2_PLACEMENT_3D('Circle Axis2P3D',#449,#450,$) ;
#465=AXIS2_PLACEMENT_3D('Circle Axis2P3D',#463,#464,$) ;
#476=AXIS2_PLACEMENT_3D('Circle Axis2P3D',#474,#475,$) ;
#485=AXIS2_PLACEMENT_3D('Circle Axis2P3D',#483,#484,$) ;
#494=AXIS2_PLACEMENT_3D('Circle Axis2P3D',#492,#493,$) ;
#503=AXIS2_PLACEMENT_3D('Circle Axis2P3D',#501,#502,$) ;
#515=AXIS2_PLACEMENT_3D('Cylinder Axis2P3D',#512,#513,#514) ;
#526=AXIS2_PLACEMENT_3D('Circle Axis2P3D',#524,#525,$) ;
#540=AXIS2_PLACEMENT_3D('Torus Axis2P3D',#537,#538,#539) ;
#544=AXIS2_PLACEMENT_3D('Circle Axis2P3D',#542,#543,$) ;
#551=AXIS2_PLACEMENT_3D('Circle Axis2P3D',#549,#550,$) ;
#558=AXIS2_PLACEMENT_3D('Circle Axis2P3D',#556,#557,$) ;
#572=AXIS2_PLACEMENT_3D('Plane Axis2P3D',#569,#570,#571) ;
#597=AXIS2_PLACEMENT_3D('Torus Axis2P3D',#594,#595,#596) ;
#601=AXIS2_PLACEMENT_3D('Circle Axis2P3D',#599,#600,$) ;
#608=AXIS2_PLACEMENT_3D('Circle Axis2P3D',#606,#607,$) ;
#622=AXIS2_PLACEMENT_3D('Cylinder Axis2P3D',#619,#620,#621) ;
#633=AXIS2_PLACEMENT_3D('Circle Axis2P3D',#631,#632,$) ;
#652=AXIS2_PLACEMENT_3D('Circle Axis2P3D',#650,#651,$) ;
#665=AXIS2_PLACEMENT_3D('Plane Axis2P3D',#662,#663,#664) ;
#690=AXIS2_PLACEMENT_3D('Cylinder Axis2P3D',#687,#688,#689) ;
#694=AXIS2_PLACEMENT_3D('Circle Axis2P3D',#692,#693,$) ;
#708=AXIS2_PLACEMENT_3D('Cylinder Axis2P3D',#705,#706,#707) ;
#726=AXIS2_PLACEMENT_3D('Circle Axis2P3D',#724,#725,$) ;
#740=AXIS2_PLACEMENT_3D('Plane Axis2P3D',#737,#738,#739) ;
#765=AXIS2_PLACEMENT_3D('Cylinder Axis2P3D',#762,#763,#764) ;
#776=AXIS2_PLACEMENT_3D('Circle Axis2P3D',#774,#775,$) ;
#796=AXIS2_PLACEMENT_3D('Circle Axis2P3D',#794,#795,$) ;
#810=AXIS2_PLACEMENT_3D('Cylinder Axis2P3D',#807,#808,#809) ;
#821=AXIS2_PLACEMENT_3D('Circle Axis2P3D',#819,#820,$) ;
#848=AXIS2_PLACEMENT_3D('Cylinder Axis2P3D',#845,#846,#847) ;
#866=AXIS2_PLACEMENT_3D('Circle Axis2P3D',#864,#865,$) ;
#880=AXIS2_PLACEMENT_3D('Plane Axis2P3D',#877,#878,#879) ;
#905=AXIS2_PLACEMENT_3D('Cylinder Axis2P3D',#902,#903,#904) ;
#916=AXIS2_PLACEMENT_3D('Circle Axis2P3D',#914,#915,$) ;
#930=AXIS2_PLACEMENT_3D('Cylinder Axis2P3D',#927,#928,#929) ;
#934=AXIS2_PLACEMENT_3D('Circle Axis2P3D',#932,#933,$) ;
#948=AXIS2_PLACEMENT_3D('Cylinder Axis2P3D',#945,#946,#947) ;
#959=AXIS2_PLACEMENT_3D('Circle Axis2P3D',#957,#958,$) ;
#979=AXIS2_PLACEMENT_3D('Circle Axis2P3D',#977,#978,$) ;
#993=AXIS2_PLACEMENT_3D('Cylinder Axis2P3D',#990,#991,#992) ;
#1004=AXIS2_PLACEMENT_3D('Circle Axis2P3D',#1002,#1003,$) ;
#1024=AXIS2_PLACEMENT_3D('Circle Axis2P3D',#1022,#1023,$) ;
#1038=AXIS2_PLACEMENT_3D('Torus Axis2P3D',#1035,#1036,#1037) ;
#1042=AXIS2_PLACEMENT_3D('Circle Axis2P3D',#1040,#1041,$) ;
#1049=AXIS2_PLACEMENT_3D('Circle Axis2P3D',#1047,#1048,$) ;
#1063=AXIS2_PLACEMENT_3D('Plane Axis2P3D',#1060,#1061,#1062) ;
#1074=AXIS2_PLACEMENT_3D('Circle Axis2P3D',#1072,#1073,$) ;
#1097=AXIS2_PLACEMENT_3D('Cylinder Axis2P3D',#1094,#1095,#1096) ;
#1101=AXIS2_PLACEMENT_3D('Circle Axis2P3D',#1099,#1100,$) ;
#1115=AXIS2_PLACEMENT_3D('Plane Axis2P3D',#1112,#1113,#1114) ;
#1123=AXIS2_PLACEMENT_3D('Circle Axis2P3D',#1121,#1122,$) ;
#1132=AXIS2_PLACEMENT_3D('Circle Axis2P3D',#1130,#1131,$) ;
#1143=AXIS2_PLACEMENT_3D('Cylinder Axis2P3D',#1140,#1141,#1142) ;
#1147=AXIS2_PLACEMENT_3D('Circle Axis2P3D',#1145,#1146,$) ;
#1161=AXIS2_PLACEMENT_3D('Torus Axis2P3D',#1158,#1159,#1160) ;
#1174=AXIS2_PLACEMENT_3D('Torus Axis2P3D',#1171,#1172,#1173) ;
#1178=AXIS2_PLACEMENT_3D('Circle Axis2P3D',#1176,#1177,$) ;
#1185=AXIS2_PLACEMENT_3D('Circle Axis2P3D',#1183,#1184,$) ;
#1192=AXIS2_PLACEMENT_3D('Circle Axis2P3D',#1190,#1191,$) ;
#1206=AXIS2_PLACEMENT_3D('Cylinder Axis2P3D',#1203,#1204,#1205) ;
#1210=AXIS2_PLACEMENT_3D('Circle Axis2P3D',#1208,#1209,$) ;
#1231=AXIS2_PLACEMENT_3D('Torus Axis2P3D',#1228,#1229,#1230) ;
#1235=AXIS2_PLACEMENT_3D('Circle Axis2P3D',#1233,#1234,$) ;
#1242=AXIS2_PLACEMENT_3D('Circle Axis2P3D',#1240,#1241,$) ;
#1256=AXIS2_PLACEMENT_3D('Torus Axis2P3D',#1253,#1254,#1255) ;
#1260=AXIS2_PLACEMENT_3D('Circle Axis2P3D',#1258,#1259,$) ;
#1267=AXIS2_PLACEMENT_3D('Circle Axis2P3D',#1265,#1266,$) ;
#1281=AXIS2_PLACEMENT_3D('Torus Axis2P3D',#1278,#1279,#1280) ;
#1285=AXIS2_PLACEMENT_3D('Circle Axis2P3D',#1283,#1284,$) ;
#1292=AXIS2_PLACEMENT_3D('Circle Axis2P3D',#1290,#1291,$) ;
#1306=AXIS2_PLACEMENT_3D('Cylinder Axis2P3D',#1303,#1304,#1305) ;
#1324=AXIS2_PLACEMENT_3D('Torus Axis2P3D',#1321,#1322,#1323) ;
#1328=AXIS2_PLACEMENT_3D('Circle Axis2P3D',#1326,#1327,$) ;
#1335=AXIS2_PLACEMENT_3D('Circle Axis2P3D',#1333,#1334,$) ;
#1342=AXIS2_PLACEMENT_3D('Circle Axis2P3D',#1340,#1341,$) ;
#1356=AXIS2_PLACEMENT_3D('Cylinder Axis2P3D',#1353,#1354,#1355) ;
#1360=AXIS2_PLACEMENT_3D('Circle Axis2P3D',#1358,#1359,$) ;
#1381=AXIS2_PLACEMENT_3D('Torus Axis2P3D',#1378,#1379,#1380) ;
#1385=AXIS2_PLACEMENT_3D('Circle Axis2P3D',#1383,#1384,$) ;
#1392=AXIS2_PLACEMENT_3D('Circle Axis2P3D',#1390,#1391,$) ;
#1406=AXIS2_PLACEMENT_3D('Torus Axis2P3D',#1403,#1404,#1405) ;
#1410=AXIS2_PLACEMENT_3D('Circle Axis2P3D',#1408,#1409,$) ;
#1424=AXIS2_PLACEMENT_3D('Plane Axis2P3D',#1421,#1422,#1423) ;
#1441=AXIS2_PLACEMENT_3D('Cylinder Axis2P3D',#1438,#1439,#1440) ;
#1454=AXIS2_PLACEMENT_3D('Circle Axis2P3D',#1452,#1453,$) ;
#1468=AXIS2_PLACEMENT_3D('Circle Axis2P3D',#1466,#1467,$) ;
#1487=AXIS2_PLACEMENT_3D('Circle Axis2P3D',#1485,#1486,$) ;
#1503=AXIS2_PLACEMENT_3D('Circle Axis2P3D',#1501,#1502,$) ;
#1534=AXIS2_PLACEMENT_3D('Plane Axis2P3D',#1531,#1532,#1533) ;
#1552=AXIS2_PLACEMENT_3D('Circle Axis2P3D',#1550,#1551,$) ;
#1559=AXIS2_PLACEMENT_3D('Circle Axis2P3D',#1557,#1558,$) ;
#1566=AXIS2_PLACEMENT_3D('Circle Axis2P3D',#1564,#1565,$) ;
#1583=AXIS2_PLACEMENT_3D('Plane Axis2P3D',#1580,#1581,#1582) ;
#1596=AXIS2_PLACEMENT_3D('Circle Axis2P3D',#1594,#1595,$) ;
#1610=AXIS2_PLACEMENT_3D('Circle Axis2P3D',#1608,#1609,$) ;
#1617=AXIS2_PLACEMENT_3D('Circle Axis2P3D',#1615,#1616,$) ;
#1624=AXIS2_PLACEMENT_3D('Circle Axis2P3D',#1622,#1623,$) ;
#1636=AXIS2_PLACEMENT_3D('Circle Axis2P3D',#1634,#1635,$) ;
#1643=AXIS2_PLACEMENT_3D('Circle Axis2P3D',#1641,#1642,$) ;
#1650=AXIS2_PLACEMENT_3D('Circle Axis2P3D',#1648,#1649,$) ;
#1664=AXIS2_PLACEMENT_3D('Circle Axis2P3D',#1662,#1663,$) ;
#1711=AXIS2_PLACEMENT_3D('Plane Axis2P3D',#1708,#1709,#1710) ;
#1715=AXIS2_PLACEMENT_3D('Circle Axis2P3D',#1713,#1714,$) ;
#1736=AXIS2_PLACEMENT_3D('Plane Axis2P3D',#1733,#1734,#1735) ;
#1756=AXIS2_PLACEMENT_3D('Circle Axis2P3D',#1754,#1755,$) ;
#1770=AXIS2_PLACEMENT_3D('Circle Axis2P3D',#1768,#1769,$) ;
#1777=AXIS2_PLACEMENT_3D('Circle Axis2P3D',#1775,#1776,$) ;
#1784=AXIS2_PLACEMENT_3D('Circle Axis2P3D',#1782,#1783,$) ;
#1789=AXIS2_PLACEMENT_3D('Circle Axis2P3D',#1787,#1788,$) ;
#1796=AXIS2_PLACEMENT_3D('Circle Axis2P3D',#1794,#1795,$) ;
#1803=AXIS2_PLACEMENT_3D('Circle Axis2P3D',#1801,#1802,$) ;
#1817=AXIS2_PLACEMENT_3D('Circle Axis2P3D',#1815,#1816,$) ;
#1850=AXIS2_PLACEMENT_3D('Torus Axis2P3D',#1847,#1848,#1849) ;
#1854=AXIS2_PLACEMENT_3D('Circle Axis2P3D',#1852,#1853,$) ;
#1861=AXIS2_PLACEMENT_3D('Circle Axis2P3D',#1859,#1860,$) ;
#1873=AXIS2_PLACEMENT_3D('Circle Axis2P3D',#1871,#1872,$) ;
#1880=AXIS2_PLACEMENT_3D('Circle Axis2P3D',#1878,#1879,$) ;
#1892=AXIS2_PLACEMENT_3D('Circle Axis2P3D',#1890,#1891,$) ;
#1904=AXIS2_PLACEMENT_3D('Circle Axis2P3D',#1902,#1903,$) ;
#1909=AXIS2_PLACEMENT_3D('Circle Axis2P3D',#1907,#1908,$) ;
#1923=AXIS2_PLACEMENT_3D('Circle Axis2P3D',#1921,#1922,$) ;
#1937=AXIS2_PLACEMENT_3D('Circle Axis2P3D',#1935,#1936,$) ;
#1954=AXIS2_PLACEMENT_3D('Plane Axis2P3D',#1951,#1952,#1953) ;
#1958=AXIS2_PLACEMENT_3D('Circle Axis2P3D',#1956,#1957,$) ;
#1972=AXIS2_PLACEMENT_3D('Torus Axis2P3D',#1969,#1970,#1971) ;
#1976=AXIS2_PLACEMENT_3D('Circle Axis2P3D',#1974,#1975,$) ;
#1990=AXIS2_PLACEMENT_3D('Cylinder Axis2P3D',#1987,#1988,#1989) ;
#1994=AXIS2_PLACEMENT_3D('Circle Axis2P3D',#1992,#1993,$) ;
#2008=AXIS2_PLACEMENT_3D('Torus Axis2P3D',#2005,#2006,#2007) ;
#2012=AXIS2_PLACEMENT_3D('Circle Axis2P3D',#2010,#2011,$) ;
#2026=AXIS2_PLACEMENT_3D('Torus Axis2P3D',#2023,#2024,#2025) ;
#2030=AXIS2_PLACEMENT_3D('Circle Axis2P3D',#2028,#2029,$) ;
#2044=AXIS2_PLACEMENT_3D('Torus Axis2P3D',#2041,#2042,#2043) ;
#2057=AXIS2_PLACEMENT_3D('Torus Axis2P3D',#2054,#2055,#2056) ;
#2061=AXIS2_PLACEMENT_3D('Circle Axis2P3D',#2059,#2060,$) ;
#2068=AXIS2_PLACEMENT_3D('Circle Axis2P3D',#2066,#2067,$) ;
#2081=AXIS2_PLACEMENT_3D('Torus Axis2P3D',#2078,#2079,#2080) ;
#2085=AXIS2_PLACEMENT_3D('Circle Axis2P3D',#2083,#2084,$) ;
#2092=AXIS2_PLACEMENT_3D('Circle Axis2P3D',#2090,#2091,$) ;
#2105=AXIS2_PLACEMENT_3D('Cylinder Axis2P3D',#2102,#2103,#2104) ;
#2116=AXIS2_PLACEMENT_3D('Circle Axis2P3D',#2114,#2115,$) ;
#2155=AXIS2_PLACEMENT_3D('Torus Axis2P3D',#2152,#2153,#2154) ;
#2159=AXIS2_PLACEMENT_3D('Circle Axis2P3D',#2157,#2158,$) ;
#2166=AXIS2_PLACEMENT_3D('Circle Axis2P3D',#2164,#2165,$) ;
#2179=AXIS2_PLACEMENT_3D('Plane Axis2P3D',#2176,#2177,#2178) ;
#2183=AXIS2_PLACEMENT_3D('Circle Axis2P3D',#2181,#2182,$) ;
#2190=AXIS2_PLACEMENT_3D('Circle Axis2P3D',#2188,#2189,$) ;
#2195=AXIS2_PLACEMENT_3D('Circle Axis2P3D',#2193,#2194,$) ;
#2211=AXIS2_PLACEMENT_3D('Circle Axis2P3D',#2209,#2210,$) ;
#2218=AXIS2_PLACEMENT_3D('Circle Axis2P3D',#2216,#2217,$) ;
#2230=AXIS2_PLACEMENT_3D('Circle Axis2P3D',#2228,#2229,$) ;
#2237=AXIS2_PLACEMENT_3D('Circle Axis2P3D',#2235,#2236,$) ;
#2258=AXIS2_PLACEMENT_3D('Circle Axis2P3D',#2256,#2257,$) ;
#2296=AXIS2_PLACEMENT_3D('Circle Axis2P3D',#2294,#2295,$) ;
#2321=AXIS2_PLACEMENT_3D('Circle Axis2P3D',#2319,#2320,$) ;
#2362=AXIS2_PLACEMENT_3D('Circle Axis2P3D',#2360,#2361,$) ;
#2385=AXIS2_PLACEMENT_3D('Circle Axis2P3D',#2383,#2384,$) ;
#2422=AXIS2_PLACEMENT_3D('Circle Axis2P3D',#2420,#2421,$) ;
#2434=AXIS2_PLACEMENT_3D('Circle Axis2P3D',#2432,#2433,$) ;
#2446=AXIS2_PLACEMENT_3D('Circle Axis2P3D',#2444,#2445,$) ;
#2459=AXIS2_PLACEMENT_3D('Plane Axis2P3D',#2456,#2457,#2458) ;
#2476=AXIS2_PLACEMENT_3D('Circle Axis2P3D',#2474,#2475,$) ;
#2488=AXIS2_PLACEMENT_3D('Circle Axis2P3D',#2486,#2487,$) ;
#2533=AXIS2_PLACEMENT_3D('Circle Axis2P3D',#2531,#2532,$) ;
#2558=AXIS2_PLACEMENT_3D('Circle Axis2P3D',#2556,#2557,$) ;
#2599=AXIS2_PLACEMENT_3D('Circle Axis2P3D',#2597,#2598,$) ;
#2622=AXIS2_PLACEMENT_3D('Circle Axis2P3D',#2620,#2621,$) ;
#2670=AXIS2_PLACEMENT_3D('Cylinder Axis2P3D',#2667,#2668,#2669) ;
#2714=AXIS2_PLACEMENT_3D('Plane Axis2P3D',#2711,#2712,#2713) ;
#2739=AXIS2_PLACEMENT_3D('Cylinder Axis2P3D',#2736,#2737,#2738) ;
#2767=AXIS2_PLACEMENT_3D('Plane Axis2P3D',#2764,#2765,#2766) ;
#2771=AXIS2_PLACEMENT_3D('Circle Axis2P3D',#2769,#2770,$) ;
#2792=AXIS2_PLACEMENT_3D('Cylinder Axis2P3D',#2789,#2790,#2791) ;
#2819=AXIS2_PLACEMENT_3D('Cylinder Axis2P3D',#2816,#2817,#2818) ;
#2845=AXIS2_PLACEMENT_3D('Circle Axis2P3D',#2843,#2844,$) ;
#2866=AXIS2_PLACEMENT_3D('Cylinder Axis2P3D',#2863,#2864,#2865) ;
#2894=AXIS2_PLACEMENT_3D('Plane Axis2P3D',#2891,#2892,#2893) ;
#2919=AXIS2_PLACEMENT_3D('Cylinder Axis2P3D',#2916,#2917,#2918) ;
#2946=AXIS2_PLACEMENT_3D('Plane Axis2P3D',#2943,#2944,#2945) ;
#2974=AXIS2_PLACEMENT_3D('Plane Axis2P3D',#2971,#2972,#2973) ;
#2978=AXIS2_PLACEMENT_3D('Circle Axis2P3D',#2976,#2977,$) ;
#2999=AXIS2_PLACEMENT_3D('Plane Axis2P3D',#2996,#2997,#2998) ;
#3027=AXIS2_PLACEMENT_3D('Plane Axis2P3D',#3024,#3025,#3026) ;
#3054=AXIS2_PLACEMENT_3D('Circle Axis2P3D',#3052,#3053,$) ;
#3075=AXIS2_PLACEMENT_3D('Plane Axis2P3D',#3072,#3073,#3074) ;
#3108=AXIS2_PLACEMENT_3D('Cylinder Axis2P3D',#3105,#3106,#3107) ;
#3154=AXIS2_PLACEMENT_3D('Circle Axis2P3D',#3152,#3153,$) ;
#3177=AXIS2_PLACEMENT_3D('Circle Axis2P3D',#3175,#3176,$) ;
#3217=AXIS2_PLACEMENT_3D('Circle Axis2P3D',#3215,#3216,$) ;
#3240=AXIS2_PLACEMENT_3D('Circle Axis2P3D',#3238,#3239,$) ;
#3290=AXIS2_PLACEMENT_3D('Cylinder Axis2P3D',#3287,#3288,#3289) ;
#3324=AXIS2_PLACEMENT_3D('Plane Axis2P3D',#3321,#3322,#3323) ;
#3328=AXIS2_PLACEMENT_3D('Circle Axis2P3D',#3326,#3327,$) ;
#3349=AXIS2_PLACEMENT_3D('Cylinder Axis2P3D',#3346,#3347,#3348) ;
#3375=AXIS2_PLACEMENT_3D('Cylinder Axis2P3D',#3372,#3373,#3374) ;
#3400=AXIS2_PLACEMENT_3D('Circle Axis2P3D',#3398,#3399,$) ;
#3421=AXIS2_PLACEMENT_3D('Cylinder Axis2P3D',#3418,#3419,#3420) ;
#3448=AXIS2_PLACEMENT_3D('Plane Axis2P3D',#3445,#3446,#3447) ;
#3473=AXIS2_PLACEMENT_3D('Cylinder Axis2P3D',#3470,#3471,#3472) ;
#3500=AXIS2_PLACEMENT_3D('Plane Axis2P3D',#3497,#3498,#3499) ;
#3528=AXIS2_PLACEMENT_3D('Plane Axis2P3D',#3525,#3526,#3527) ;
#3539=AXIS2_PLACEMENT_3D('Circle Axis2P3D',#3537,#3538,$) ;
#3553=AXIS2_PLACEMENT_3D('Plane Axis2P3D',#3550,#3551,#3552) ;
#3581=AXIS2_PLACEMENT_3D('Plane Axis2P3D',#3578,#3579,#3580) ;
#3615=AXIS2_PLACEMENT_3D('Circle Axis2P3D',#3613,#3614,$) ;
#3629=AXIS2_PLACEMENT_3D('Plane Axis2P3D',#3626,#3627,#3628) ;
#3657=AXIS2_PLACEMENT_3D('Cylinder Axis2P3D',#3654,#3655,#3656) ;
#3684=AXIS2_PLACEMENT_3D('Plane Axis2P3D',#3681,#3682,#3683) ;
#3721=AXIS2_PLACEMENT_3D('Cylinder Axis2P3D',#3718,#3719,#3720) ;
#3745=AXIS2_PLACEMENT_3D('Circle Axis2P3D',#3743,#3744,$) ;
#3793=AXIS2_PLACEMENT_3D('Circle Axis2P3D',#3791,#3792,$) ;
#3816=AXIS2_PLACEMENT_3D('Circle Axis2P3D',#3814,#3815,$) ;
#3857=AXIS2_PLACEMENT_3D('Circle Axis2P3D',#3855,#3856,$) ;
#3891=AXIS2_PLACEMENT_3D('Circle Axis2P3D',#3889,#3890,$) ;
#3931=AXIS2_PLACEMENT_3D('Circle Axis2P3D',#3929,#3930,$) ;
#3954=AXIS2_PLACEMENT_3D('Circle Axis2P3D',#3952,#3953,$) ;
#3994=AXIS2_PLACEMENT_3D('Circle Axis2P3D',#3992,#3993,$) ;
#4271=AXIS2_PLACEMENT_3D('Circle Axis2P3D',#4269,#4270,$) ;
#4380=AXIS2_PLACEMENT_3D('Circle Axis2P3D',#4378,#4379,$) ;
#4443=AXIS2_PLACEMENT_3D('Circle Axis2P3D',#4441,#4442,$) ;
#4538=AXIS2_PLACEMENT_3D('Circle Axis2P3D',#4536,#4537,$) ;
#4594=AXIS2_PLACEMENT_3D(' ',#4597,#4601,#4600) ;
#4595=AXIS2_PLACEMENT_3D(' ',#4596,#4599,#4598) ;
#57=LINE('Line',#54,#56) ;
#71=LINE('Line',#68,#70) ;
#160=LINE('Line',#157,#159) ;
#174=LINE('Line',#171,#173) ;
#261=LINE('Line',#258,#260) ;
#277=LINE('Line',#274,#276) ;
#309=LINE('Line',#306,#308) ;
#359=LINE('Line',#356,#358) ;
#373=LINE('Line',#370,#372) ;
#393=LINE('Line',#390,#392) ;
#423=LINE('Line',#420,#422) ;
#459=LINE('Line',#456,#458) ;
#520=LINE('Line',#517,#519) ;
#577=LINE('Line',#574,#576) ;
#584=LINE('Line',#581,#583) ;
#627=LINE('Line',#624,#626) ;
#641=LINE('Line',#638,#640) ;
#670=LINE('Line',#667,#669) ;
#677=LINE('Line',#674,#676) ;
#713=LINE('Line',#710,#712) ;
#720=LINE('Line',#717,#719) ;
#745=LINE('Line',#742,#744) ;
#752=LINE('Line',#749,#751) ;
#770=LINE('Line',#767,#769) ;
#790=LINE('Line',#787,#789) ;
#815=LINE('Line',#812,#814) ;
#835=LINE('Line',#832,#834) ;
#853=LINE('Line',#850,#852) ;
#860=LINE('Line',#857,#859) ;
#885=LINE('Line',#882,#884) ;
#892=LINE('Line',#889,#891) ;
#910=LINE('Line',#907,#909) ;
#953=LINE('Line',#950,#952) ;
#967=LINE('Line',#964,#966) ;
#998=LINE('Line',#995,#997) ;
#1012=LINE('Line',#1009,#1011) ;
#1068=LINE('Line',#1065,#1067) ;
#1082=LINE('Line',#1079,#1081) ;
#1218=LINE('Line',#1215,#1217) ;
#1311=LINE('Line',#1308,#1310) ;
#1368=LINE('Line',#1365,#1367) ;
#1446=LINE('Line',#1443,#1445) ;
#1462=LINE('Line',#1459,#1461) ;
#1476=LINE('Line',#1473,#1475) ;
#1481=LINE('Line',#1478,#1480) ;
#1539=LINE('Line',#1536,#1538) ;
#1546=LINE('Line',#1543,#1545) ;
#1588=LINE('Line',#1585,#1587) ;
#1604=LINE('Line',#1601,#1603) ;
#1630=LINE('Line',#1627,#1629) ;
#1658=LINE('Line',#1655,#1657) ;
#1672=LINE('Line',#1669,#1671) ;
#1679=LINE('Line',#1676,#1678) ;
#1723=LINE('Line',#1720,#1722) ;
#1741=LINE('Line',#1738,#1740) ;
#1750=LINE('Line',#1747,#1749) ;
#1764=LINE('Line',#1761,#1763) ;
#1811=LINE('Line',#1808,#1810) ;
#1825=LINE('Line',#1822,#1824) ;
#1917=LINE('Line',#1914,#1916) ;
#1931=LINE('Line',#1928,#1930) ;
#2110=LINE('Line',#2107,#2109) ;
#2124=LINE('Line',#2121,#2123) ;
#2250=LINE('Line',#2247,#2249) ;
#2264=LINE('Line',#2261,#2263) ;
#2280=LINE('Line',#2277,#2279) ;
#2339=LINE('Line',#2336,#2338) ;
#2517=LINE('Line',#2514,#2516) ;
#2576=LINE('Line',#2573,#2575) ;
#2675=LINE('Line',#2672,#2674) ;
#2699=LINE('Line',#2696,#2698) ;
#2719=LINE('Line',#2716,#2718) ;
#2726=LINE('Line',#2723,#2725) ;
#2754=LINE('Line',#2751,#2753) ;
#2779=LINE('Line',#2776,#2778) ;
#2806=LINE('Line',#2803,#2805) ;
#2833=LINE('Line',#2830,#2832) ;
#2853=LINE('Line',#2850,#2852) ;
#2881=LINE('Line',#2878,#2880) ;
#2899=LINE('Line',#2896,#2898) ;
#2906=LINE('Line',#2903,#2905) ;
#2933=LINE('Line',#2930,#2932) ;
#2961=LINE('Line',#2958,#2960) ;
#2986=LINE('Line',#2983,#2985) ;
#3014=LINE('Line',#3011,#3013) ;
#3042=LINE('Line',#3039,#3041) ;
#3062=LINE('Line',#3059,#3061) ;
#3113=LINE('Line',#3110,#3112) ;
#3194=LINE('Line',#3191,#3193) ;
#3265=LINE('Line',#3262,#3264) ;
#3295=LINE('Line',#3292,#3294) ;
#3302=LINE('Line',#3299,#3301) ;
#3336=LINE('Line',#3333,#3335) ;
#3362=LINE('Line',#3359,#3361) ;
#3388=LINE('Line',#3385,#3387) ;
#3408=LINE('Line',#3405,#3407) ;
#3426=LINE('Line',#3423,#3425) ;
#3453=LINE('Line',#3450,#3452) ;
#3460=LINE('Line',#3457,#3459) ;
#3487=LINE('Line',#3484,#3486) ;
#3515=LINE('Line',#3512,#3514) ;
#3533=LINE('Line',#3530,#3532) ;
#3568=LINE('Line',#3565,#3567) ;
#3586=LINE('Line',#3583,#3585) ;
#3609=LINE('Line',#3606,#3608) ;
#3634=LINE('Line',#3631,#3633) ;
#3671=LINE('Line',#3668,#3670) ;
#3689=LINE('Line',#3686,#3688) ;
#3763=LINE('Line',#3760,#3762) ;
#3779=LINE('Line',#3776,#3778) ;
#3841=LINE('Line',#3838,#3840) ;
#3908=LINE('Line',#3905,#3907) ;
#3979=LINE('Line',#3976,#3978) ;
#4028=LINE('Line',#4025,#4027) ;
#4033=LINE('Line',#4030,#4032) ;
#4045=LINE('Line',#4042,#4044) ;
#4057=LINE('Line',#4054,#4056) ;
#4069=LINE('Line',#4066,#4068) ;
#4081=LINE('Line',#4078,#4080) ;
#4093=LINE('Line',#4090,#4092) ;
#4128=LINE('Line',#4125,#4127) ;
#4142=LINE('Line',#4139,#4141) ;
#4154=LINE('Line',#4151,#4153) ;
#4166=LINE('Line',#4163,#4165) ;
#4178=LINE('Line',#4175,#4177) ;
#4190=LINE('Line',#4187,#4189) ;
#4202=LINE('Line',#4199,#4201) ;
#4214=LINE('Line',#4211,#4213) ;
#4226=LINE('Line',#4223,#4225) ;
#4255=LINE('Line',#4252,#4254) ;
#4260=LINE('Line',#4257,#4259) ;
#4279=LINE('Line',#4276,#4278) ;
#4291=LINE('Line',#4288,#4290) ;
#4312=LINE('Line',#4309,#4311) ;
#4319=LINE('Line',#4316,#4318) ;
#4340=LINE('Line',#4337,#4339) ;
#4352=LINE('Line',#4349,#4351) ;
#4374=LINE('Line',#4371,#4373) ;
#4393=LINE('Line',#4390,#4392) ;
#4425=LINE('Line',#4422,#4424) ;
#4437=LINE('Line',#4434,#4436) ;
#4466=LINE('Line',#4463,#4465) ;
#4487=LINE('Line',#4484,#4486) ;
#4499=LINE('Line',#4496,#4498) ;
#4506=LINE('Line',#4503,#4505) ;
#4518=LINE('Line',#4515,#4517) ;
#4546=LINE('Line',#4543,#4545) ;
#48=CIRCLE('generated circle',#47,0.4) ;
#64=CIRCLE('generated circle',#63,0.4) ;
#83=CIRCLE('generated circle',#82,0.4) ;
#88=CIRCLE('generated circle',#87,0.4) ;
#151=CIRCLE('generated circle',#150,0.4) ;
#167=CIRCLE('generated circle',#166,0.4) ;
#186=CIRCLE('generated circle',#185,0.4) ;
#191=CIRCLE('generated circle',#190,0.4) ;
#270=CIRCLE('generated circle',#269,6.) ;
#284=CIRCLE('generated circle',#283,6.) ;
#318=CIRCLE('generated circle',#317,0.5) ;
#323=CIRCLE('generated circle',#322,0.5) ;
#341=CIRCLE('generated circle',#340,7.5) ;
#350=CIRCLE('generated circle',#349,7.5) ;
#366=CIRCLE('generated circle',#365,0.5) ;
#380=CIRCLE('generated circle',#379,0.5) ;
#402=CIRCLE('generated circle',#401,0.5) ;
#409=CIRCLE('generated circle',#408,6.) ;
#416=CIRCLE('generated circle',#415,0.5) ;
#430=CIRCLE('generated circle',#429,0.5) ;
#443=CIRCLE('generated circle',#442,6.) ;
#452=CIRCLE('generated circle',#451,0.5) ;
#466=CIRCLE('generated circle',#465,0.5) ;
#477=CIRCLE('generated circle',#476,0.4) ;
#486=CIRCLE('generated circle',#485,0.4) ;
#495=CIRCLE('generated circle',#494,0.4) ;
#504=CIRCLE('generated circle',#503,0.4) ;
#527=CIRCLE('generated circle',#526,0.5) ;
#545=CIRCLE('generated circle',#544,0.1) ;
#552=CIRCLE('generated circle',#551,0.1) ;
#559=CIRCLE('generated circle',#558,5.9) ;
#602=CIRCLE('generated circle',#601,0.1) ;
#609=CIRCLE('generated circle',#608,0.4) ;
#634=CIRCLE('generated circle',#633,7.5) ;
#653=CIRCLE('generated circle',#652,7.5) ;
#695=CIRCLE('generated circle',#694,0.5) ;
#727=CIRCLE('generated circle',#726,0.5) ;
#777=CIRCLE('generated circle',#776,0.5) ;
#797=CIRCLE('generated circle',#796,6.) ;
#822=CIRCLE('generated circle',#821,0.5) ;
#867=CIRCLE('generated circle',#866,0.5) ;
#917=CIRCLE('generated circle',#916,0.5) ;
#935=CIRCLE('generated circle',#934,6.) ;
#960=CIRCLE('generated circle',#959,0.4) ;
#980=CIRCLE('generated circle',#979,0.4) ;
#1005=CIRCLE('generated circle',#1004,0.4) ;
#1025=CIRCLE('generated circle',#1024,0.4) ;
#1043=CIRCLE('generated circle',#1042,0.1) ;
#1050=CIRCLE('generated circle',#1049,0.4) ;
#1075=CIRCLE('generated circle',#1074,0.4) ;
#1102=CIRCLE('generated circle',#1101,0.1) ;
#1124=CIRCLE('generated circle',#1123,7.) ;
#1133=CIRCLE('generated circle',#1132,7.) ;
#1148=CIRCLE('generated circle',#1147,0.1) ;
#1179=CIRCLE('generated circle',#1178,0.1) ;
#1186=CIRCLE('generated circle',#1185,0.1) ;
#1193=CIRCLE('generated circle',#1192,0.4) ;
#1211=CIRCLE('generated circle',#1210,0.1) ;
#1236=CIRCLE('generated circle',#1235,0.1) ;
#1243=CIRCLE('generated circle',#1242,0.4) ;
#1261=CIRCLE('generated circle',#1260,0.1) ;
#1268=CIRCLE('generated circle',#1267,5.9) ;
#1286=CIRCLE('generated circle',#1285,0.1) ;
#1293=CIRCLE('generated circle',#1292,0.4) ;
#1329=CIRCLE('generated circle',#1328,0.1) ;
#1336=CIRCLE('generated circle',#1335,0.1) ;
#1343=CIRCLE('generated circle',#1342,0.4) ;
#1361=CIRCLE('generated circle',#1360,0.1) ;
#1386=CIRCLE('generated circle',#1385,0.1) ;
#1393=CIRCLE('generated circle',#1392,0.4) ;
#1411=CIRCLE('generated circle',#1410,5.9) ;
#1455=CIRCLE('generated circle',#1454,7.) ;
#1469=CIRCLE('generated circle',#1468,7.) ;
#1488=CIRCLE('generated circle',#1487,7.) ;
#1504=CIRCLE('generated circle',#1503,7.) ;
#1553=CIRCLE('generated circle',#1552,7.95912222429) ;
#1560=CIRCLE('generated circle',#1559,7.95912222429) ;
#1567=CIRCLE('generated circle',#1566,7.95912222429) ;
#1597=CIRCLE('generated circle',#1596,1.25) ;
#1611=CIRCLE('generated circle',#1610,1.04087777413) ;
#1618=CIRCLE('generated circle',#1617,2.79244250272) ;
#1625=CIRCLE('generated circle',#1624,1.04087777569) ;
#1637=CIRCLE('generated circle',#1636,1.03587777569) ;
#1644=CIRCLE('generated circle',#1643,2.79744250272) ;
#1651=CIRCLE('generated circle',#1650,1.03587777413) ;
#1665=CIRCLE('generated circle',#1664,1.245) ;
#1716=CIRCLE('generated circle',#1715,7.95912296265) ;
#1757=CIRCLE('generated circle',#1756,1.245) ;
#1771=CIRCLE('generated circle',#1770,1.03587777413) ;
#1778=CIRCLE('generated circle',#1777,2.79744250272) ;
#1785=CIRCLE('generated circle',#1784,1.03587777569) ;
#1790=CIRCLE('generated circle',#1789,1.04087777569) ;
#1797=CIRCLE('generated circle',#1796,2.79244250272) ;
#1804=CIRCLE('generated circle',#1803,1.04087777413) ;
#1818=CIRCLE('generated circle',#1817,1.25) ;
#1855=CIRCLE('generated circle',#1854,1.04087777571) ;
#1862=CIRCLE('generated circle',#1861,8.83707944549) ;
#1874=CIRCLE('generated circle',#1873,1.04087777571) ;
#1881=CIRCLE('generated circle',#1880,8.83707944549) ;
#1893=CIRCLE('generated circle',#1892,8.83707944549) ;
#1905=CIRCLE('generated circle',#1904,7.) ;
#1910=CIRCLE('generated circle',#1909,7.) ;
#1924=CIRCLE('generated circle',#1923,7.) ;
#1938=CIRCLE('generated circle',#1937,7.) ;
#1959=CIRCLE('generated circle',#1958,7.74998998832) ;
#1977=CIRCLE('generated circle',#1976,8.99499999994) ;
#1995=CIRCLE('generated circle',#1994,8.995) ;
#2013=CIRCLE('generated circle',#2012,8.83285989468) ;
#2031=CIRCLE('generated circle',#2030,8.83286160926) ;
#2062=CIRCLE('generated circle',#2061,8.83707944549) ;
#2069=CIRCLE('generated circle',#2068,2.79244250312) ;
#2086=CIRCLE('generated circle',#2085,9.) ;
#2093=CIRCLE('generated circle',#2092,1.04087777571) ;
#2117=CIRCLE('generated circle',#2116,9.) ;
#2160=CIRCLE('generated circle',#2159,7.75) ;
#2167=CIRCLE('generated circle',#2166,1.25) ;
#2184=CIRCLE('generated circle',#2183,7.75) ;
#2191=CIRCLE('generated circle',#2190,7.75) ;
#2196=CIRCLE('generated circle',#2195,7.) ;
#2212=CIRCLE('generated circle',#2211,2.79244250312) ;
#2219=CIRCLE('generated circle',#2218,8.83707944549) ;
#2231=CIRCLE('generated circle',#2230,1.04087777571) ;
#2238=CIRCLE('generated circle',#2237,9.) ;
#2259=CIRCLE('generated circle',#2258,9.) ;
#2297=CIRCLE('generated circle',#2296,9.) ;
#2322=CIRCLE('generated circle',#2321,9.) ;
#2363=CIRCLE('generated circle',#2362,9.) ;
#2386=CIRCLE('generated circle',#2385,9.) ;
#2423=CIRCLE('generated circle',#2422,1.25) ;
#2435=CIRCLE('generated circle',#2434,8.83707944549) ;
#2447=CIRCLE('generated circle',#2446,7.) ;
#2477=CIRCLE('generated circle',#2476,9.) ;
#2489=CIRCLE('generated circle',#2488,9.) ;
#2534=CIRCLE('generated circle',#2533,9.) ;
#2559=CIRCLE('generated circle',#2558,9.) ;
#2600=CIRCLE('generated circle',#2599,9.) ;
#2623=CIRCLE('generated circle',#2622,9.) ;
#2772=CIRCLE('generated circle',#2771,8.995) ;
#2846=CIRCLE('generated circle',#2845,8.995) ;
#2979=CIRCLE('generated circle',#2978,8.995) ;
#3055=CIRCLE('generated circle',#3054,8.995) ;
#3155=CIRCLE('generated circle',#3154,8.995) ;
#3178=CIRCLE('generated circle',#3177,8.995) ;
#3218=CIRCLE('generated circle',#3217,8.995) ;
#3241=CIRCLE('generated circle',#3240,8.995) ;
#3329=CIRCLE('generated circle',#3328,9.) ;
#3401=CIRCLE('generated circle',#3400,9.) ;
#3540=CIRCLE('generated circle',#3539,9.) ;
#3616=CIRCLE('generated circle',#3615,9.) ;
#3746=CIRCLE('generated circle',#3745,8.995) ;
#3794=CIRCLE('generated circle',#3793,8.995) ;
#3817=CIRCLE('generated circle',#3816,8.995) ;
#3858=CIRCLE('generated circle',#3857,8.995) ;
#3892=CIRCLE('generated circle',#3891,8.995) ;
#3932=CIRCLE('generated circle',#3931,8.995) ;
#3955=CIRCLE('generated circle',#3954,8.995) ;
#3995=CIRCLE('generated circle',#3994,8.995) ;
#4272=CIRCLE('generated circle',#4271,9.) ;
#4381=CIRCLE('generated circle',#4380,9.) ;
#4444=CIRCLE('generated circle',#4443,9.) ;
#4539=CIRCLE('generated circle',#4538,9.) ;
#101=PLANE('',#100) ;
#111=PLANE('',#110) ;
#204=PLANE('',#203) ;
#214=PLANE('',#213) ;
#337=PLANE('',#336) ;
#573=PLANE('',#572) ;
#666=PLANE('',#665) ;
#741=PLANE('',#740) ;
#881=PLANE('',#880) ;
#1064=PLANE('',#1063) ;
#1116=PLANE('',#1115) ;
#1425=PLANE('',#1424) ;
#1535=PLANE('',#1534) ;
#1584=PLANE('',#1583) ;
#1712=PLANE('',#1711) ;
#1737=PLANE('',#1736) ;
#1955=PLANE('',#1954) ;
#2180=PLANE('',#2179) ;
#2460=PLANE('',#2459) ;
#2715=PLANE('',#2714) ;
#2768=PLANE('',#2767) ;
#2895=PLANE('',#2894) ;
#2947=PLANE('',#2946) ;
#2975=PLANE('',#2974) ;
#3000=PLANE('',#2999) ;
#3028=PLANE('',#3027) ;
#3076=PLANE('',#3075) ;
#3325=PLANE('',#3324) ;
#3449=PLANE('',#3448) ;
#3501=PLANE('',#3500) ;
#3529=PLANE('',#3528) ;
#3554=PLANE('',#3553) ;
#3582=PLANE('',#3581) ;
#3630=PLANE('',#3629) ;
#3685=PLANE('',#3684) ;
#44=CYLINDRICAL_SURFACE('generated cylinder',#43,0.4) ;
#147=CYLINDRICAL_SURFACE('generated cylinder',#146,0.4) ;
#257=CYLINDRICAL_SURFACE('generated cylinder',#256,6.) ;
#305=CYLINDRICAL_SURFACE('generated cylinder',#304,0.5) ;
#516=CYLINDRICAL_SURFACE('generated cylinder',#515,0.5) ;
#623=CYLINDRICAL_SURFACE('generated cylinder',#622,7.5) ;
#691=CYLINDRICAL_SURFACE('generated cylinder',#690,0.5) ;
#709=CYLINDRICAL_SURFACE('generated cylinder',#708,0.5) ;
#766=CYLINDRICAL_SURFACE('generated cylinder',#765,0.5) ;
#811=CYLINDRICAL_SURFACE('generated cylinder',#810,0.5) ;
#849=CYLINDRICAL_SURFACE('generated cylinder',#848,0.5) ;
#906=CYLINDRICAL_SURFACE('generated cylinder',#905,0.5) ;
#931=CYLINDRICAL_SURFACE('generated cylinder',#930,6.) ;
#949=CYLINDRICAL_SURFACE('generated cylinder',#948,0.4) ;
#994=CYLINDRICAL_SURFACE('generated cylinder',#993,0.4) ;
#1098=CYLINDRICAL_SURFACE('generated cylinder',#1097,0.1) ;
#1144=CYLINDRICAL_SURFACE('generated cylinder',#1143,0.1) ;
#1207=CYLINDRICAL_SURFACE('generated cylinder',#1206,0.1) ;
#1307=CYLINDRICAL_SURFACE('generated cylinder',#1306,0.1) ;
#1357=CYLINDRICAL_SURFACE('generated cylinder',#1356,0.1) ;
#1442=CYLINDRICAL_SURFACE('generated cylinder',#1441,7.) ;
#1991=CYLINDRICAL_SURFACE('generated cylinder',#1990,8.995) ;
#2106=CYLINDRICAL_SURFACE('generated cylinder',#2105,9.) ;
#2671=CYLINDRICAL_SURFACE('generated cylinder',#2670,0.675) ;
#2740=CYLINDRICAL_SURFACE('generated cylinder',#2739,0.675) ;
#2793=CYLINDRICAL_SURFACE('generated cylinder',#2792,0.675) ;
#2820=CYLINDRICAL_SURFACE('generated cylinder',#2819,0.675) ;
#2867=CYLINDRICAL_SURFACE('generated cylinder',#2866,0.675) ;
#2920=CYLINDRICAL_SURFACE('generated cylinder',#2919,0.675) ;
#3109=CYLINDRICAL_SURFACE('generated cylinder',#3108,8.995) ;
#3291=CYLINDRICAL_SURFACE('generated cylinder',#3290,0.342) ;
#3350=CYLINDRICAL_SURFACE('generated cylinder',#3349,1.008) ;
#3376=CYLINDRICAL_SURFACE('generated cylinder',#3375,1.008) ;
#3422=CYLINDRICAL_SURFACE('generated cylinder',#3421,0.342) ;
#3474=CYLINDRICAL_SURFACE('generated cylinder',#3473,1.008) ;
#3658=CYLINDRICAL_SURFACE('generated cylinder',#3657,1.008) ;
#3722=CYLINDRICAL_SURFACE('generated cylinder',#3721,8.995) ;
#541=TOROIDAL_SURFACE('homeo Torus',#540,5.9,0.1) ;
#598=TOROIDAL_SURFACE('homeo Torus',#597,0.4,0.1) ;
#1039=TOROIDAL_SURFACE('homeo Torus',#1038,0.4,0.1) ;
#1162=TOROIDAL_SURFACE('homeo Torus',#1161,0.4,0.1) ;
#1175=TOROIDAL_SURFACE('homeo Torus',#1174,0.4,0.1) ;
#1232=TOROIDAL_SURFACE('homeo Torus',#1231,0.4,0.1) ;
#1257=TOROIDAL_SURFACE('homeo Torus',#1256,5.9,0.1) ;
#1282=TOROIDAL_SURFACE('homeo Torus',#1281,0.4,0.1) ;
#1325=TOROIDAL_SURFACE('homeo Torus',#1324,0.4,0.1) ;
#1382=TOROIDAL_SURFACE('homeo Torus',#1381,0.4,0.1) ;
#1407=TOROIDAL_SURFACE('homeo Torus',#1406,5.9,0.1) ;
#1851=TOROIDAL_SURFACE('homeo Torus',#1850,7.95912222429,1.04087777571) ;
#1973=TOROIDAL_SURFACE('homeo Torus',#1972,7.75,1.245) ;
#2009=TOROIDAL_SURFACE('homeo Torus',#2008,7.95912222429,1.03587777413) ;
#2027=TOROIDAL_SURFACE('homeo Torus',#2026,11.1924425031,2.79744250272) ;
#2045=TOROIDAL_SURFACE('homeo Torus',#2044,7.95912222429,1.03587777569) ;
#2058=TOROIDAL_SURFACE('homeo Torus',#2057,11.1924425031,2.79244250312) ;
#2082=TOROIDAL_SURFACE('homeo Torus',#2081,7.95912222429,1.04087777571) ;
#2156=TOROIDAL_SURFACE('homeo Torus',#2155,7.75,1.25) ;
#389=FACE_BOUND('',#382,.T.) ;
#439=FACE_BOUND('',#432,.T.) ;
#473=FACE_BOUND('',#468,.T.) ;
#491=FACE_BOUND('',#488,.T.) ;
#509=FACE_BOUND('',#506,.T.) ;
#1138=FACE_BOUND('',#1135,.T.) ;
#3284=FACE_BOUND('',#3267,.T.) ;
#4022=FACE_BOUND('',#4005,.T.) ;
#53=EDGE_CURVE('',#50,#52,#48,.T.) ;
#60=EDGE_CURVE('',#59,#52,#57,.F.) ;
#67=EDGE_CURVE('',#66,#59,#64,.T.) ;
#72=EDGE_CURVE('',#66,#50,#71,.F.) ;
#84=EDGE_CURVE('',#52,#50,#83,.T.) ;
#89=EDGE_CURVE('',#59,#66,#88,.T.) ;
#156=EDGE_CURVE('',#153,#155,#151,.T.) ;
#163=EDGE_CURVE('',#162,#155,#160,.F.) ;
#170=EDGE_CURVE('',#169,#162,#167,.T.) ;
#175=EDGE_CURVE('',#169,#153,#174,.F.) ;
#187=EDGE_CURVE('',#155,#153,#186,.T.) ;
#192=EDGE_CURVE('',#162,#169,#191,.T.) ;
#266=EDGE_CURVE('',#263,#265,#261,.T.) ;
#273=EDGE_CURVE('',#263,#272,#270,.T.) ;
#280=EDGE_CURVE('',#272,#279,#277,.T.) ;
#285=EDGE_CURVE('',#265,#279,#284,.T.) ;
#314=EDGE_CURVE('',#311,#313,#309,.T.) ;
#319=EDGE_CURVE('',#311,#263,#318,.T.) ;
#324=EDGE_CURVE('',#313,#265,#323,.T.) ;
#346=EDGE_CURVE('',#343,#345,#341,.T.) ;
#351=EDGE_CURVE('',#345,#343,#350,.T.) ;
#362=EDGE_CURVE('',#361,#311,#359,.F.) ;
#369=EDGE_CURVE('',#368,#361,#366,.F.) ;
#376=EDGE_CURVE('',#375,#368,#373,.F.) ;
#381=EDGE_CURVE('',#272,#375,#380,.F.) ;
#398=EDGE_CURVE('',#395,#397,#393,.F.) ;
#405=EDGE_CURVE('',#404,#395,#402,.F.) ;
#412=EDGE_CURVE('',#411,#404,#409,.F.) ;
#419=EDGE_CURVE('',#418,#411,#416,.F.) ;
#426=EDGE_CURVE('',#425,#418,#423,.T.) ;
#431=EDGE_CURVE('',#397,#425,#430,.F.) ;
#448=EDGE_CURVE('',#445,#447,#443,.F.) ;
#455=EDGE_CURVE('',#454,#445,#452,.F.) ;
#462=EDGE_CURVE('',#461,#454,#459,.T.) ;
#467=EDGE_CURVE('',#447,#461,#466,.F.) ;
#482=EDGE_CURVE('',#479,#481,#477,.T.) ;
#487=EDGE_CURVE('',#481,#479,#486,.T.) ;
#500=EDGE_CURVE('',#497,#499,#495,.T.) ;
#505=EDGE_CURVE('',#499,#497,#504,.T.) ;
#523=EDGE_CURVE('',#375,#522,#520,.T.) ;
#528=EDGE_CURVE('',#279,#522,#527,.T.) ;
#548=EDGE_CURVE('',#547,#265,#545,.F.) ;
#555=EDGE_CURVE('',#554,#279,#552,.F.) ;
#560=EDGE_CURVE('',#547,#554,#559,.T.) ;
#580=EDGE_CURVE('',#579,#313,#577,.F.) ;
#585=EDGE_CURVE('',#361,#579,#584,.T.) ;
#605=EDGE_CURVE('',#604,#313,#602,.F.) ;
#610=EDGE_CURVE('',#604,#547,#609,.T.) ;
#630=EDGE_CURVE('',#343,#629,#627,.F.) ;
#637=EDGE_CURVE('',#636,#629,#634,.T.) ;
#642=EDGE_CURVE('',#345,#636,#641,.F.) ;
#654=EDGE_CURVE('',#629,#636,#653,.T.) ;
#673=EDGE_CURVE('',#522,#672,#670,.F.) ;
#678=EDGE_CURVE('',#368,#672,#677,.T.) ;
#696=EDGE_CURVE('',#672,#579,#695,.T.) ;
#716=EDGE_CURVE('',#397,#715,#713,.T.) ;
#723=EDGE_CURVE('',#425,#722,#720,.T.) ;
#728=EDGE_CURVE('',#715,#722,#727,.T.) ;
#748=EDGE_CURVE('',#418,#747,#745,.F.) ;
#753=EDGE_CURVE('',#722,#747,#752,.T.) ;
#773=EDGE_CURVE('',#411,#772,#770,.F.) ;
#778=EDGE_CURVE('',#747,#772,#777,.F.) ;
#793=EDGE_CURVE('',#404,#792,#790,.T.) ;
#798=EDGE_CURVE('',#772,#792,#797,.T.) ;
#818=EDGE_CURVE('',#395,#817,#815,.T.) ;
#823=EDGE_CURVE('',#792,#817,#822,.T.) ;
#836=EDGE_CURVE('',#817,#715,#835,.F.) ;
#856=EDGE_CURVE('',#447,#855,#853,.F.) ;
#863=EDGE_CURVE('',#461,#862,#860,.F.) ;
#868=EDGE_CURVE('',#855,#862,#867,.F.) ;
#888=EDGE_CURVE('',#454,#887,#885,.F.) ;
#893=EDGE_CURVE('',#862,#887,#892,.T.) ;
#913=EDGE_CURVE('',#445,#912,#910,.F.) ;
#918=EDGE_CURVE('',#887,#912,#917,.F.) ;
#936=EDGE_CURVE('',#912,#855,#935,.T.) ;
#956=EDGE_CURVE('',#481,#955,#953,.T.) ;
#963=EDGE_CURVE('',#955,#962,#960,.T.) ;
#968=EDGE_CURVE('',#479,#962,#967,.T.) ;
#981=EDGE_CURVE('',#962,#955,#980,.T.) ;
#1001=EDGE_CURVE('',#499,#1000,#998,.T.) ;
#1008=EDGE_CURVE('',#1000,#1007,#1005,.T.) ;
#1013=EDGE_CURVE('',#497,#1007,#1012,.T.) ;
#1026=EDGE_CURVE('',#1007,#1000,#1025,.T.) ;
#1046=EDGE_CURVE('',#1045,#522,#1043,.F.) ;
#1051=EDGE_CURVE('',#554,#1045,#1050,.T.) ;
#1071=EDGE_CURVE('',#1045,#1070,#1068,.F.) ;
#1078=EDGE_CURVE('',#1070,#1077,#1075,.T.) ;
#1083=EDGE_CURVE('',#1077,#604,#1082,.F.) ;
#1103=EDGE_CURVE('',#1077,#579,#1102,.F.) ;
#1129=EDGE_CURVE('',#1126,#1128,#1124,.T.) ;
#1134=EDGE_CURVE('',#1128,#1126,#1133,.T.) ;
#1149=EDGE_CURVE('',#1070,#672,#1148,.F.) ;
#1182=EDGE_CURVE('',#1181,#715,#1179,.F.) ;
#1189=EDGE_CURVE('',#1188,#722,#1186,.F.) ;
#1194=EDGE_CURVE('',#1181,#1188,#1193,.T.) ;
#1214=EDGE_CURVE('',#1213,#747,#1211,.T.) ;
#1219=EDGE_CURVE('',#1188,#1213,#1218,.T.) ;
#1239=EDGE_CURVE('',#1238,#772,#1236,.F.) ;
#1244=EDGE_CURVE('',#1213,#1238,#1243,.T.) ;
#1264=EDGE_CURVE('',#1263,#792,#1261,.F.) ;
#1269=EDGE_CURVE('',#1238,#1263,#1268,.T.) ;
#1289=EDGE_CURVE('',#1288,#817,#1286,.F.) ;
#1294=EDGE_CURVE('',#1263,#1288,#1293,.T.) ;
#1312=EDGE_CURVE('',#1288,#1181,#1311,.F.) ;
#1332=EDGE_CURVE('',#1331,#855,#1329,.F.) ;
#1339=EDGE_CURVE('',#1338,#862,#1336,.F.) ;
#1344=EDGE_CURVE('',#1331,#1338,#1343,.T.) ;
#1364=EDGE_CURVE('',#1363,#887,#1361,.T.) ;
#1369=EDGE_CURVE('',#1338,#1363,#1368,.T.) ;
#1389=EDGE_CURVE('',#1388,#912,#1386,.F.) ;
#1394=EDGE_CURVE('',#1363,#1388,#1393,.T.) ;
#1412=EDGE_CURVE('',#1388,#1331,#1411,.T.) ;
#1451=EDGE_CURVE('',#1448,#1450,#1446,.F.) ;
#1458=EDGE_CURVE('',#1457,#1448,#1455,.T.) ;
#1465=EDGE_CURVE('',#1457,#1464,#1462,.F.) ;
#1472=EDGE_CURVE('',#1471,#1464,#1469,.T.) ;
#1477=EDGE_CURVE('',#1126,#1471,#1476,.F.) ;
#1484=EDGE_CURVE('',#1128,#1483,#1481,.F.) ;
#1489=EDGE_CURVE('',#1450,#1483,#1488,.T.) ;
#1505=EDGE_CURVE('',#1483,#1471,#1504,.T.) ;
#1542=EDGE_CURVE('',#1450,#1541,#1539,.F.) ;
#1549=EDGE_CURVE('',#1464,#1548,#1546,.F.) ;
#1556=EDGE_CURVE('',#1555,#1548,#1553,.T.) ;
#1563=EDGE_CURVE('',#1562,#1555,#1560,.T.) ;
#1568=EDGE_CURVE('',#1541,#1562,#1567,.T.) ;
#1593=EDGE_CURVE('',#1590,#1592,#1588,.F.) ;
#1600=EDGE_CURVE('',#1599,#1590,#1597,.T.) ;
#1607=EDGE_CURVE('',#1606,#1599,#1604,.F.) ;
#1614=EDGE_CURVE('',#1613,#1606,#1611,.T.) ;
#1621=EDGE_CURVE('',#1613,#1620,#1618,.T.) ;
#1626=EDGE_CURVE('',#1548,#1620,#1625,.T.) ;
#1633=EDGE_CURVE('',#1632,#1457,#1630,.F.) ;
#1640=EDGE_CURVE('',#1639,#1632,#1637,.F.) ;
#1647=EDGE_CURVE('',#1646,#1639,#1644,.T.) ;
#1654=EDGE_CURVE('',#1653,#1646,#1651,.F.) ;
#1661=EDGE_CURVE('',#1660,#1653,#1658,.F.) ;
#1668=EDGE_CURVE('',#1667,#1660,#1665,.F.) ;
#1675=EDGE_CURVE('',#1674,#1667,#1672,.F.) ;
#1680=EDGE_CURVE('',#1592,#1674,#1679,.F.) ;
#1719=EDGE_CURVE('',#1632,#1718,#1716,.T.) ;
#1724=EDGE_CURVE('',#1718,#1448,#1723,.F.) ;
#1746=EDGE_CURVE('',#1743,#1745,#1741,.F.) ;
#1753=EDGE_CURVE('',#1745,#1752,#1750,.F.) ;
#1760=EDGE_CURVE('',#1752,#1759,#1757,.F.) ;
#1767=EDGE_CURVE('',#1759,#1766,#1764,.F.) ;
#1774=EDGE_CURVE('',#1766,#1773,#1771,.F.) ;
#1781=EDGE_CURVE('',#1773,#1780,#1778,.T.) ;
#1786=EDGE_CURVE('',#1780,#1718,#1785,.F.) ;
#1793=EDGE_CURVE('',#1541,#1792,#1790,.T.) ;
#1800=EDGE_CURVE('',#1799,#1792,#1797,.T.) ;
#1807=EDGE_CURVE('',#1799,#1806,#1804,.T.) ;
#1814=EDGE_CURVE('',#1806,#1813,#1811,.F.) ;
#1821=EDGE_CURVE('',#1813,#1820,#1818,.T.) ;
#1826=EDGE_CURVE('',#1820,#1743,#1825,.F.) ;
#1858=EDGE_CURVE('',#1562,#1857,#1855,.T.) ;
#1863=EDGE_CURVE('',#1792,#1857,#1862,.T.) ;
#1877=EDGE_CURVE('',#1555,#1876,#1874,.T.) ;
#1882=EDGE_CURVE('',#1857,#1876,#1881,.T.) ;
#1894=EDGE_CURVE('',#1876,#1620,#1893,.T.) ;
#1906=EDGE_CURVE('',#1674,#1745,#1905,.T.) ;
#1913=EDGE_CURVE('',#1743,#1912,#1910,.T.) ;
#1920=EDGE_CURVE('',#1912,#1919,#1917,.F.) ;
#1927=EDGE_CURVE('',#1926,#1919,#1924,.T.) ;
#1934=EDGE_CURVE('',#1933,#1926,#1931,.F.) ;
#1939=EDGE_CURVE('',#1933,#1592,#1938,.T.) ;
#1960=EDGE_CURVE('',#1667,#1752,#1959,.T.) ;
#1978=EDGE_CURVE('',#1660,#1759,#1977,.T.) ;
#1996=EDGE_CURVE('',#1653,#1766,#1995,.T.) ;
#2014=EDGE_CURVE('',#1646,#1773,#2013,.T.) ;
#2032=EDGE_CURVE('',#1639,#1780,#2031,.T.) ;
#2065=EDGE_CURVE('',#2064,#1613,#2062,.T.) ;
#2070=EDGE_CURVE('',#1876,#2064,#2069,.F.) ;
#2089=EDGE_CURVE('',#2088,#1606,#2086,.T.) ;
#2094=EDGE_CURVE('',#2064,#2088,#2093,.T.) ;
#2113=EDGE_CURVE('',#2088,#2112,#2110,.T.) ;
#2120=EDGE_CURVE('',#2119,#1599,#2117,.T.) ;
#2127=EDGE_CURVE('',#2126,#2119,#2124,.T.) ;
#2135=EDGE_CURVE('',#2134,#2126,#2128,.T.) ;
#2141=EDGE_CURVE('',#2112,#2134,#2136,.T.) ;
#2163=EDGE_CURVE('',#2162,#1590,#2160,.T.) ;
#2168=EDGE_CURVE('',#2119,#2162,#2167,.T.) ;
#2187=EDGE_CURVE('',#1820,#2186,#2184,.T.) ;
#2192=EDGE_CURVE('',#2186,#2162,#2191,.T.) ;
#2197=EDGE_CURVE('',#1912,#1933,#2196,.T.) ;
#2215=EDGE_CURVE('',#1857,#2214,#2212,.F.) ;
#2220=EDGE_CURVE('',#1799,#2214,#2219,.T.) ;
#2234=EDGE_CURVE('',#2214,#2233,#2231,.T.) ;
#2239=EDGE_CURVE('',#1806,#2233,#2238,.T.) ;
#2255=EDGE_CURVE('',#2252,#2254,#2250,.T.) ;
#2260=EDGE_CURVE('',#1813,#2254,#2259,.T.) ;
#2267=EDGE_CURVE('',#2233,#2266,#2264,.T.) ;
#2276=EDGE_CURVE('',#2275,#2266,#2268,.T.) ;
#2283=EDGE_CURVE('',#2275,#2282,#2280,.F.) ;
#2293=EDGE_CURVE('',#2282,#2292,#2284,.T.) ;
#2300=EDGE_CURVE('',#2299,#2292,#2297,.T.) ;
#2309=EDGE_CURVE('',#2308,#2299,#2301,.T.) ;
#2318=EDGE_CURVE('',#2317,#2308,#2310,.T.) ;
#2325=EDGE_CURVE('',#2324,#2317,#2322,.T.) ;
#2335=EDGE_CURVE('',#2334,#2324,#2326,.T.) ;
#2342=EDGE_CURVE('',#2341,#2334,#2339,.F.) ;
#2351=EDGE_CURVE('',#2341,#2350,#2343,.T.) ;
#2359=EDGE_CURVE('',#2350,#2358,#2352,.T.) ;
#2366=EDGE_CURVE('',#2358,#2365,#2363,.T.) ;
#2374=EDGE_CURVE('',#2365,#2373,#2367,.T.) ;
#2382=EDGE_CURVE('',#2381,#2373,#2375,.T.) ;
#2389=EDGE_CURVE('',#2381,#2388,#2386,.T.) ;
#2395=EDGE_CURVE('',#2252,#2388,#2390,.T.) ;
#2424=EDGE_CURVE('',#2254,#2186,#2423,.T.) ;
#2436=EDGE_CURVE('',#2214,#2064,#2435,.T.) ;
#2448=EDGE_CURVE('',#1919,#1926,#2447,.T.) ;
#2478=EDGE_CURVE('',#2233,#2088,#2477,.T.) ;
#2490=EDGE_CURVE('',#2254,#2119,#2489,.T.) ;
#2498=EDGE_CURVE('',#2497,#2252,#2491,.T.) ;
#2504=EDGE_CURVE('',#2266,#2497,#2499,.T.) ;
#2513=EDGE_CURVE('',#2512,#2112,#2505,.T.) ;
#2520=EDGE_CURVE('',#2512,#2519,#2517,.F.) ;
#2530=EDGE_CURVE('',#2519,#2529,#2521,.T.) ;
#2537=EDGE_CURVE('',#2536,#2529,#2534,.T.) ;
#2546=EDGE_CURVE('',#2536,#2545,#2538,.T.) ;
#2555=EDGE_CURVE('',#2545,#2554,#2547,.T.) ;
#2562=EDGE_CURVE('',#2561,#2554,#2559,.T.) ;
#2572=EDGE_CURVE('',#2571,#2561,#2563,.T.) ;
#2579=EDGE_CURVE('',#2578,#2571,#2576,.F.) ;
#2588=EDGE_CURVE('',#2578,#2587,#2580,.T.) ;
#2596=EDGE_CURVE('',#2587,#2595,#2589,.T.) ;
#2603=EDGE_CURVE('',#2595,#2602,#2600,.T.) ;
#2611=EDGE_CURVE('',#2602,#2610,#2604,.T.) ;
#2619=EDGE_CURVE('',#2618,#2610,#2612,.T.) ;
#2626=EDGE_CURVE('',#2618,#2625,#2623,.T.) ;
#2632=EDGE_CURVE('',#2126,#2625,#2627,.T.) ;
#2678=EDGE_CURVE('',#2497,#2677,#2675,.T.) ;
#2686=EDGE_CURVE('',#2685,#2677,#2679,.T.) ;
#2695=EDGE_CURVE('',#2694,#2685,#2687,.T.) ;
#2700=EDGE_CURVE('',#2275,#2694,#2699,.T.) ;
#2722=EDGE_CURVE('',#2694,#2721,#2719,.T.) ;
#2727=EDGE_CURVE('',#2282,#2721,#2726,.T.) ;
#2750=EDGE_CURVE('',#2721,#2749,#2741,.T.) ;
#2755=EDGE_CURVE('',#2292,#2749,#2754,.T.) ;
#2775=EDGE_CURVE('',#2774,#2749,#2772,.T.) ;
#2780=EDGE_CURVE('',#2299,#2774,#2779,.T.) ;
#2802=EDGE_CURVE('',#2801,#2774,#2794,.T.) ;
#2807=EDGE_CURVE('',#2308,#2801,#2806,.T.) ;
#2829=EDGE_CURVE('',#2828,#2801,#2821,.T.) ;
#2834=EDGE_CURVE('',#2317,#2828,#2833,.T.) ;
#2849=EDGE_CURVE('',#2848,#2828,#2846,.T.) ;
#2854=EDGE_CURVE('',#2324,#2848,#2853,.T.) ;
#2877=EDGE_CURVE('',#2848,#2876,#2868,.T.) ;
#2882=EDGE_CURVE('',#2334,#2876,#2881,.T.) ;
#2902=EDGE_CURVE('',#2901,#2876,#2899,.T.) ;
#2907=EDGE_CURVE('',#2341,#2901,#2906,.T.) ;
#2929=EDGE_CURVE('',#2928,#2901,#2921,.T.) ;
#2934=EDGE_CURVE('',#2350,#2928,#2933,.T.) ;
#2957=EDGE_CURVE('',#2956,#2928,#2948,.T.) ;
#2962=EDGE_CURVE('',#2358,#2956,#2961,.T.) ;
#2982=EDGE_CURVE('',#2956,#2981,#2979,.T.) ;
#2987=EDGE_CURVE('',#2365,#2981,#2986,.T.) ;
#3010=EDGE_CURVE('',#3009,#2981,#3001,.T.) ;
#3015=EDGE_CURVE('',#2373,#3009,#3014,.T.) ;
#3038=EDGE_CURVE('',#3009,#3037,#3029,.T.) ;
#3043=EDGE_CURVE('',#2381,#3037,#3042,.T.) ;
#3058=EDGE_CURVE('',#3037,#3057,#3055,.T.) ;
#3063=EDGE_CURVE('',#2388,#3057,#3062,.T.) ;
#3086=EDGE_CURVE('',#3057,#3085,#3077,.T.) ;
#3094=EDGE_CURVE('',#3085,#2677,#3087,.T.) ;
#3114=EDGE_CURVE('',#3085,#2685,#3113,.F.) ;
#3151=EDGE_CURVE('',#3148,#3150,#3141,.T.) ;
#3158=EDGE_CURVE('',#3157,#3150,#3155,.T.) ;
#3166=EDGE_CURVE('',#3165,#3157,#3159,.T.) ;
#3174=EDGE_CURVE('',#3173,#3165,#3167,.T.) ;
#3181=EDGE_CURVE('',#3180,#3173,#3178,.T.) ;
#3190=EDGE_CURVE('',#3180,#3189,#3182,.T.) ;
#3197=EDGE_CURVE('',#3196,#3189,#3194,.F.) ;
#3206=EDGE_CURVE('',#3205,#3196,#3198,.T.) ;
#3214=EDGE_CURVE('',#3213,#3205,#3207,.T.) ;
#3221=EDGE_CURVE('',#3213,#3220,#3218,.T.) ;
#3229=EDGE_CURVE('',#3228,#3220,#3222,.T.) ;
#3237=EDGE_CURVE('',#3228,#3236,#3230,.T.) ;
#3244=EDGE_CURVE('',#3236,#3243,#3241,.T.) ;
#3252=EDGE_CURVE('',#3251,#3243,#3245,.T.) ;
#3261=EDGE_CURVE('',#3260,#3251,#3253,.T.) ;
#3266=EDGE_CURVE('',#3260,#3148,#3265,.F.) ;
#3298=EDGE_CURVE('',#3297,#3150,#3295,.T.) ;
#3305=EDGE_CURVE('',#3304,#3148,#3302,.T.) ;
#3312=EDGE_CURVE('',#3304,#3297,#3306,.T.) ;
#3332=EDGE_CURVE('',#3331,#3297,#3329,.T.) ;
#3337=EDGE_CURVE('',#3331,#3157,#3336,.T.) ;
#3358=EDGE_CURVE('',#3357,#3331,#3351,.T.) ;
#3363=EDGE_CURVE('',#3357,#3165,#3362,.T.) ;
#3384=EDGE_CURVE('',#3383,#3357,#3377,.T.) ;
#3389=EDGE_CURVE('',#3383,#3173,#3388,.T.) ;
#3404=EDGE_CURVE('',#3403,#3383,#3401,.T.) ;
#3409=EDGE_CURVE('',#3403,#3180,#3408,.T.) ;
#3429=EDGE_CURVE('',#3428,#3189,#3426,.T.) ;
#3436=EDGE_CURVE('',#3428,#3403,#3430,.T.) ;
#3456=EDGE_CURVE('',#3455,#3428,#3453,.T.) ;
#3461=EDGE_CURVE('',#3455,#3196,#3460,.T.) ;
#3483=EDGE_CURVE('',#3455,#3482,#3475,.T.) ;
#3488=EDGE_CURVE('',#3482,#3205,#3487,.T.) ;
#3511=EDGE_CURVE('',#3482,#3510,#3502,.T.) ;
#3516=EDGE_CURVE('',#3510,#3213,#3515,.T.) ;
#3536=EDGE_CURVE('',#3535,#3220,#3533,.T.) ;
#3541=EDGE_CURVE('',#3510,#3535,#3540,.T.) ;
#3564=EDGE_CURVE('',#3535,#3563,#3555,.T.) ;
#3569=EDGE_CURVE('',#3563,#3228,#3568,.T.) ;
#3589=EDGE_CURVE('',#3588,#3236,#3586,.T.) ;
#3597=EDGE_CURVE('',#3588,#3563,#3590,.T.) ;
#3612=EDGE_CURVE('',#3611,#3243,#3609,.T.) ;
#3617=EDGE_CURVE('',#3588,#3611,#3616,.T.) ;
#3637=EDGE_CURVE('',#3636,#3251,#3634,.T.) ;
#3645=EDGE_CURVE('',#3636,#3611,#3638,.T.) ;
#3667=EDGE_CURVE('',#3666,#3636,#3659,.T.) ;
#3672=EDGE_CURVE('',#3666,#3260,#3671,.T.) ;
#3690=EDGE_CURVE('',#3666,#3304,#3689,.T.) ;
#3733=EDGE_CURVE('',#3730,#3732,#3723,.T.) ;
#3742=EDGE_CURVE('',#3732,#3741,#3734,.T.) ;
#3749=EDGE_CURVE('',#3741,#3748,#3746,.T.) ;
#3759=EDGE_CURVE('',#3758,#3748,#3750,.T.) ;
#3766=EDGE_CURVE('',#3758,#3765,#3763,.T.) ;
#3775=EDGE_CURVE('',#3765,#3774,#3767,.T.) ;
#3782=EDGE_CURVE('',#3781,#3774,#3779,.F.) ;
#3790=EDGE_CURVE('',#3781,#3789,#3783,.T.) ;
#3797=EDGE_CURVE('',#3796,#3789,#3794,.T.) ;
#3805=EDGE_CURVE('',#3796,#3804,#3798,.T.) ;
#3813=EDGE_CURVE('',#3812,#3804,#3806,.T.) ;
#3820=EDGE_CURVE('',#3819,#3812,#3817,.T.) ;
#3828=EDGE_CURVE('',#3827,#3819,#3821,.T.) ;
#3837=EDGE_CURVE('',#3827,#3836,#3829,.T.) ;
#3844=EDGE_CURVE('',#3836,#3843,#3841,.F.) ;
#3854=EDGE_CURVE('',#3853,#3843,#3845,.T.) ;
#3859=EDGE_CURVE('',#3853,#3730,#3858,.T.) ;
#3888=EDGE_CURVE('',#3885,#3887,#3879,.T.) ;
#3895=EDGE_CURVE('',#3894,#3885,#3892,.T.) ;
#3904=EDGE_CURVE('',#3894,#3903,#3896,.T.) ;
#3911=EDGE_CURVE('',#3910,#3903,#3908,.F.) ;
#3920=EDGE_CURVE('',#3919,#3910,#3912,.T.) ;
#3928=EDGE_CURVE('',#3927,#3919,#3921,.T.) ;
#3935=EDGE_CURVE('',#3927,#3934,#3932,.T.) ;
#3943=EDGE_CURVE('',#3934,#3942,#3936,.T.) ;
#3951=EDGE_CURVE('',#3950,#3942,#3944,.T.) ;
#3958=EDGE_CURVE('',#3950,#3957,#3955,.T.) ;
#3966=EDGE_CURVE('',#3965,#3957,#3959,.T.) ;
#3975=EDGE_CURVE('',#3974,#3965,#3967,.T.) ;
#3982=EDGE_CURVE('',#3981,#3974,#3979,.T.) ;
#3991=EDGE_CURVE('',#3981,#3990,#3983,.T.) ;
#3998=EDGE_CURVE('',#3997,#3990,#3995,.T.) ;
#4004=EDGE_CURVE('',#3887,#3997,#3999,.T.) ;
#4029=EDGE_CURVE('',#3732,#2545,#4028,.T.) ;
#4034=EDGE_CURVE('',#2554,#3730,#4033,.F.) ;
#4046=EDGE_CURVE('',#2536,#3741,#4045,.F.) ;
#4058=EDGE_CURVE('',#2529,#3748,#4057,.T.) ;
#4070=EDGE_CURVE('',#2519,#3758,#4069,.F.) ;
#4082=EDGE_CURVE('',#2512,#3765,#4081,.T.) ;
#4096=EDGE_CURVE('',#4095,#2134,#4093,.T.) ;
#4102=EDGE_CURVE('',#3774,#4095,#4097,.T.) ;
#4117=EDGE_CURVE('',#4095,#3781,#4112,.T.) ;
#4129=EDGE_CURVE('',#3789,#2625,#4128,.T.) ;
#4143=EDGE_CURVE('',#3796,#2618,#4142,.T.) ;
#4155=EDGE_CURVE('',#3804,#2610,#4154,.T.) ;
#4167=EDGE_CURVE('',#3812,#2602,#4166,.T.) ;
#4179=EDGE_CURVE('',#3819,#2595,#4178,.T.) ;
#4191=EDGE_CURVE('',#3827,#2587,#4190,.T.) ;
#4203=EDGE_CURVE('',#2578,#3836,#4202,.F.) ;
#4215=EDGE_CURVE('',#2571,#3843,#4214,.T.) ;
#4227=EDGE_CURVE('',#2561,#3853,#4226,.F.) ;
#4251=EDGE_CURVE('',#4248,#4250,#4242,.T.) ;
#4256=EDGE_CURVE('',#4250,#3885,#4255,.F.) ;
#4261=EDGE_CURVE('',#3887,#4248,#4260,.T.) ;
#4275=EDGE_CURVE('',#4274,#4250,#4272,.T.) ;
#4280=EDGE_CURVE('',#4274,#3894,#4279,.T.) ;
#4294=EDGE_CURVE('',#4293,#3903,#4291,.F.) ;
#4301=EDGE_CURVE('',#4293,#4274,#4295,.T.) ;
#4315=EDGE_CURVE('',#4314,#3910,#4312,.T.) ;
#4320=EDGE_CURVE('',#4314,#4293,#4319,.T.) ;
#4336=EDGE_CURVE('',#4314,#4335,#4328,.T.) ;
#4341=EDGE_CURVE('',#3919,#4335,#4340,.T.) ;
#4355=EDGE_CURVE('',#3927,#4354,#4352,.T.) ;
#4363=EDGE_CURVE('',#4335,#4354,#4356,.T.) ;
#4377=EDGE_CURVE('',#3934,#4376,#4374,.T.) ;
#4382=EDGE_CURVE('',#4354,#4376,#4381,.T.) ;
#4396=EDGE_CURVE('',#3942,#4395,#4393,.T.) ;
#4404=EDGE_CURVE('',#4376,#4395,#4397,.T.) ;
#4421=EDGE_CURVE('',#4420,#4395,#4412,.T.) ;
#4426=EDGE_CURVE('',#3950,#4420,#4425,.T.) ;
#4440=EDGE_CURVE('',#3957,#4439,#4437,.T.) ;
#4445=EDGE_CURVE('',#4420,#4439,#4444,.T.) ;
#4462=EDGE_CURVE('',#4461,#4439,#4453,.T.) ;
#4467=EDGE_CURVE('',#3965,#4461,#4466,.T.) ;
#4483=EDGE_CURVE('',#4482,#4461,#4475,.T.) ;
#4488=EDGE_CURVE('',#4482,#3974,#4487,.F.) ;
#4502=EDGE_CURVE('',#4482,#4501,#4499,.T.) ;
#4507=EDGE_CURVE('',#4501,#3981,#4506,.T.) ;
#4521=EDGE_CURVE('',#4520,#3990,#4518,.F.) ;
#4528=EDGE_CURVE('',#4501,#4520,#4522,.T.) ;
#4542=EDGE_CURVE('',#4541,#4520,#4539,.T.) ;
#4547=EDGE_CURVE('',#4541,#3997,#4546,.T.) ;
#4560=EDGE_CURVE('',#4541,#4248,#4555,.T.) ;
#39=CLOSED_SHELL('Closed Shell',(#79,#96,#106,#116)) ;
#142=CLOSED_SHELL('Closed Shell',(#182,#199,#209,#219)) ;
#252=CLOSED_SHELL('Closed Shell',(#292,#331,#510,#535,#567,#592,#617,#649,#661,#685,#703,#735,#760,#785,#805,#830,#843,#875,#900,#925,#943,#975,#988,#1020,#1033,#1058,#1092,#1110,#1139,#1156,#1169,#1201,#1226,#1251,#1276,#1301,#1319,#1351,#1376,#1401,#1419,#1430,#1436,#1500,#1512,#1521,#1529,#1579,#1699,#1731,#1845,#1870,#1889,#1901,#1950,#1967,#1985,#2003,#2021,#2039,#2052,#2077,#2101,#2151,#2175,#2208,#2227,#2246,#2419,#2431,#2443,#2455,#2465,#2485,#2659,#2666,#2709,#2734,#2762,#2787,#2814,#2841,#2861,#2889,#2914,#2941,#2969,#2994,#3022,#3050,#3070,#3103,#3120,#3285,#3319,#3344,#3370,#3396,#3416,#3443,#3468,#3495,#3523,#3548,#3576,#3604,#3624,#3652,#3679,#3697,#3717,#4023,#4041,#4053,#4065,#4077,#4089,#4111,#4123,#4138,#4150,#4162,#4174,#4186,#4198,#4210,#4222,#4234,#4241,#4268,#4287,#4308,#4327,#4348,#4370,#4389,#4411,#4433,#4452,#4474,#4495,#4514,#4535,#4554,#4567,#4586)) ;
#121=CONTEXT_DEPENDENT_SHAPE_REPRESENTATION(#122,#120) ;
#224=CONTEXT_DEPENDENT_SHAPE_REPRESENTATION(#225,#223) ;
#4591=CONTEXT_DEPENDENT_SHAPE_REPRESENTATION(#4592,#4590) ;
#118=SHAPE_REPRESENTATION_RELATIONSHIP(' ',' ',#24,#117) ;
#221=SHAPE_REPRESENTATION_RELATIONSHIP(' ',' ',#134,#220) ;
#4588=SHAPE_REPRESENTATION_RELATIONSHIP(' ',' ',#237,#4587) ;
#73=EDGE_LOOP('',(#74,#75,#76,#77)) ;
#90=EDGE_LOOP('',(#91,#92,#93,#94)) ;
#102=EDGE_LOOP('',(#103,#104)) ;
#112=EDGE_LOOP('',(#113,#114)) ;
#176=EDGE_LOOP('',(#177,#178,#179,#180)) ;
#193=EDGE_LOOP('',(#194,#195,#196,#197)) ;
#205=EDGE_LOOP('',(#206,#207)) ;
#215=EDGE_LOOP('',(#216,#217)) ;
#286=EDGE_LOOP('',(#287,#288,#289,#290)) ;
#325=EDGE_LOOP('',(#326,#327,#328,#329)) ;
#352=EDGE_LOOP('',(#353,#354)) ;
#382=EDGE_LOOP('',(#383,#384,#385,#386,#387,#388)) ;
#432=EDGE_LOOP('',(#433,#434,#435,#436,#437,#438)) ;
#468=EDGE_LOOP('',(#469,#470,#471,#472)) ;
#488=EDGE_LOOP('',(#489,#490)) ;
#506=EDGE_LOOP('',(#507,#508)) ;
#529=EDGE_LOOP('',(#530,#531,#532,#533)) ;
#561=EDGE_LOOP('',(#562,#563,#564,#565)) ;
#586=EDGE_LOOP('',(#587,#588,#589,#590)) ;
#611=EDGE_LOOP('',(#612,#613,#614,#615)) ;
#643=EDGE_LOOP('',(#644,#645,#646,#647)) ;
#655=EDGE_LOOP('',(#656,#657,#658,#659)) ;
#679=EDGE_LOOP('',(#680,#681,#682,#683)) ;
#697=EDGE_LOOP('',(#698,#699,#700,#701)) ;
#729=EDGE_LOOP('',(#730,#731,#732,#733)) ;
#754=EDGE_LOOP('',(#755,#756,#757,#758)) ;
#779=EDGE_LOOP('',(#780,#781,#782,#783)) ;
#799=EDGE_LOOP('',(#800,#801,#802,#803)) ;
#824=EDGE_LOOP('',(#825,#826,#827,#828)) ;
#837=EDGE_LOOP('',(#838,#839,#840,#841)) ;
#869=EDGE_LOOP('',(#870,#871,#872,#873)) ;
#894=EDGE_LOOP('',(#895,#896,#897,#898)) ;
#919=EDGE_LOOP('',(#920,#921,#922,#923)) ;
#937=EDGE_LOOP('',(#938,#939,#940,#941)) ;
#969=EDGE_LOOP('',(#970,#971,#972,#973)) ;
#982=EDGE_LOOP('',(#983,#984,#985,#986)) ;
#1014=EDGE_LOOP('',(#1015,#1016,#1017,#1018)) ;
#1027=EDGE_LOOP('',(#1028,#1029,#1030,#1031)) ;
#1052=EDGE_LOOP('',(#1053,#1054,#1055,#1056)) ;
#1084=EDGE_LOOP('',(#1085,#1086,#1087,#1088,#1089,#1090)) ;
#1104=EDGE_LOOP('',(#1105,#1106,#1107,#1108)) ;
#1117=EDGE_LOOP('',(#1118,#1119)) ;
#1135=EDGE_LOOP('',(#1136,#1137)) ;
#1150=EDGE_LOOP('',(#1151,#1152,#1153,#1154)) ;
#1163=EDGE_LOOP('',(#1164,#1165,#1166,#1167)) ;
#1195=EDGE_LOOP('',(#1196,#1197,#1198,#1199)) ;
#1220=EDGE_LOOP('',(#1221,#1222,#1223,#1224)) ;
#1245=EDGE_LOOP('',(#1246,#1247,#1248,#1249)) ;
#1270=EDGE_LOOP('',(#1271,#1272,#1273,#1274)) ;
#1295=EDGE_LOOP('',(#1296,#1297,#1298,#1299)) ;
#1313=EDGE_LOOP('',(#1314,#1315,#1316,#1317)) ;
#1345=EDGE_LOOP('',(#1346,#1347,#1348,#1349)) ;
#1370=EDGE_LOOP('',(#1371,#1372,#1373,#1374)) ;
#1395=EDGE_LOOP('',(#1396,#1397,#1398,#1399)) ;
#1413=EDGE_LOOP('',(#1414,#1415,#1416,#1417)) ;
#1426=EDGE_LOOP('',(#1427,#1428)) ;
#1432=EDGE_LOOP('',(#1433,#1434)) ;
#1490=EDGE_LOOP('',(#1491,#1492,#1493,#1494,#1495,#1496,#1497,#1498)) ;
#1506=EDGE_LOOP('',(#1507,#1508,#1509,#1510)) ;
#1513=EDGE_LOOP('',(#1514,#1515,#1516,#1517,#1518,#1519)) ;
#1523=EDGE_LOOP('',(#1524,#1525,#1526,#1527)) ;
#1569=EDGE_LOOP('',(#1570,#1571,#1572,#1573,#1574,#1575,#1576,#1577)) ;
#1681=EDGE_LOOP('',(#1682,#1683,#1684,#1685,#1686,#1687,#1688,#1689,#1690,#1691,#1692,#1693,#1694,#1695,#1696,#1697)) ;
#1725=EDGE_LOOP('',(#1726,#1727,#1728,#1729)) ;
#1827=EDGE_LOOP('',(#1828,#1829,#1830,#1831,#1832,#1833,#1834,#1835,#1836,#1837,#1838,#1839,#1840,#1841,#1842,#1843)) ;
#1864=EDGE_LOOP('',(#1865,#1866,#1867,#1868)) ;
#1883=EDGE_LOOP('',(#1884,#1885,#1886,#1887)) ;
#1895=EDGE_LOOP('',(#1896,#1897,#1898,#1899)) ;
#1940=EDGE_LOOP('',(#1941,#1942,#1943,#1944,#1945,#1946,#1947,#1948)) ;
#1961=EDGE_LOOP('',(#1962,#1963,#1964,#1965)) ;
#1979=EDGE_LOOP('',(#1980,#1981,#1982,#1983)) ;
#1997=EDGE_LOOP('',(#1998,#1999,#2000,#2001)) ;
#2015=EDGE_LOOP('',(#2016,#2017,#2018,#2019)) ;
#2033=EDGE_LOOP('',(#2034,#2035,#2036,#2037)) ;
#2046=EDGE_LOOP('',(#2047,#2048,#2049,#2050)) ;
#2071=EDGE_LOOP('',(#2072,#2073,#2074,#2075)) ;
#2095=EDGE_LOOP('',(#2096,#2097,#2098,#2099)) ;
#2142=EDGE_LOOP('',(#2143,#2144,#2145,#2146,#2147,#2148,#2149)) ;
#2169=EDGE_LOOP('',(#2170,#2171,#2172,#2173)) ;
#2198=EDGE_LOOP('',(#2199,#2200,#2201,#2202,#2203,#2204,#2205,#2206)) ;
#2221=EDGE_LOOP('',(#2222,#2223,#2224,#2225)) ;
#2240=EDGE_LOOP('',(#2241,#2242,#2243,#2244)) ;
#2396=EDGE_LOOP('',(#2397,#2398,#2399,#2400,#2401,#2402,#2403,#2404,#2405,#2406,#2407,#2408,#2409,#2410,#2411,#2412,#2413,#2414,#2415,#2416,#2417)) ;
#2425=EDGE_LOOP('',(#2426,#2427,#2428,#2429)) ;
#2437=EDGE_LOOP('',(#2438,#2439,#2440,#2441)) ;
#2449=EDGE_LOOP('',(#2450,#2451,#2452,#2453)) ;
#2461=EDGE_LOOP('',(#2462,#2463)) ;
#2479=EDGE_LOOP('',(#2480,#2481,#2482,#2483)) ;
#2633=EDGE_LOOP('',(#2634,#2635,#2636,#2637,#2638,#2639,#2640,#2641,#2642,#2643,#2644,#2645,#2646,#2647,#2648,#2649,#2650,#2651,#2652,#2653,#2654,#2655,#2656,#2657)) ;
#2660=EDGE_LOOP('',(#2661,#2662,#2663,#2664)) ;
#2701=EDGE_LOOP('',(#2702,#2703,#2704,#2705,#2706,#2707)) ;
#2728=EDGE_LOOP('',(#2729,#2730,#2731,#2732)) ;
#2756=EDGE_LOOP('',(#2757,#2758,#2759,#2760)) ;
#2781=EDGE_LOOP('',(#2782,#2783,#2784,#2785)) ;
#2808=EDGE_LOOP('',(#2809,#2810,#2811,#2812)) ;
#2835=EDGE_LOOP('',(#2836,#2837,#2838,#2839)) ;
#2855=EDGE_LOOP('',(#2856,#2857,#2858,#2859)) ;
#2883=EDGE_LOOP('',(#2884,#2885,#2886,#2887)) ;
#2908=EDGE_LOOP('',(#2909,#2910,#2911,#2912)) ;
#2935=EDGE_LOOP('',(#2936,#2937,#2938,#2939)) ;
#2963=EDGE_LOOP('',(#2964,#2965,#2966,#2967)) ;
#2988=EDGE_LOOP('',(#2989,#2990,#2991,#2992)) ;
#3016=EDGE_LOOP('',(#3017,#3018,#3019,#3020)) ;
#3044=EDGE_LOOP('',(#3045,#3046,#3047,#3048)) ;
#3064=EDGE_LOOP('',(#3065,#3066,#3067,#3068)) ;
#3095=EDGE_LOOP('',(#3096,#3097,#3098,#3099,#3100,#3101)) ;
#3115=EDGE_LOOP('',(#3116,#3117,#3118)) ;
#3122=EDGE_LOOP('',(#3123,#3124,#3125,#3126,#3127,#3128,#3129,#3130,#3131,#3132,#3133,#3134,#3135,#3136,#3137,#3138,#3139)) ;
#3267=EDGE_LOOP('',(#3268,#3269,#3270,#3271,#3272,#3273,#3274,#3275,#3276,#3277,#3278,#3279,#3280,#3281,#3282,#3283)) ;
#3313=EDGE_LOOP('',(#3314,#3315,#3316,#3317)) ;
#3338=EDGE_LOOP('',(#3339,#3340,#3341,#3342)) ;
#3364=EDGE_LOOP('',(#3365,#3366,#3367,#3368)) ;
#3390=EDGE_LOOP('',(#3391,#3392,#3393,#3394)) ;
#3410=EDGE_LOOP('',(#3411,#3412,#3413,#3414)) ;
#3437=EDGE_LOOP('',(#3438,#3439,#3440,#3441)) ;
#3462=EDGE_LOOP('',(#3463,#3464,#3465,#3466)) ;
#3489=EDGE_LOOP('',(#3490,#3491,#3492,#3493)) ;
#3517=EDGE_LOOP('',(#3518,#3519,#3520,#3521)) ;
#3542=EDGE_LOOP('',(#3543,#3544,#3545,#3546)) ;
#3570=EDGE_LOOP('',(#3571,#3572,#3573,#3574)) ;
#3598=EDGE_LOOP('',(#3599,#3600,#3601,#3602)) ;
#3618=EDGE_LOOP('',(#3619,#3620,#3621,#3622)) ;
#3646=EDGE_LOOP('',(#3647,#3648,#3649,#3650)) ;
#3673=EDGE_LOOP('',(#3674,#3675,#3676,#3677)) ;
#3691=EDGE_LOOP('',(#3692,#3693,#3694,#3695)) ;
#3699=EDGE_LOOP('',(#3700,#3701,#3702,#3703,#3704,#3705,#3706,#3707,#3708,#3709,#3710,#3711,#3712,#3713,#3714,#3715)) ;
#3860=EDGE_LOOP('',(#3861,#3862,#3863,#3864,#3865,#3866,#3867,#3868,#3869,#3870,#3871,#3872,#3873,#3874,#3875,#3876,#3877)) ;
#4005=EDGE_LOOP('',(#4006,#4007,#4008,#4009,#4010,#4011,#4012,#4013,#4014,#4015,#4016,#4017,#4018,#4019,#4020,#4021)) ;
#4035=EDGE_LOOP('',(#4036,#4037,#4038,#4039)) ;
#4047=EDGE_LOOP('',(#4048,#4049,#4050,#4051)) ;
#4059=EDGE_LOOP('',(#4060,#4061,#4062,#4063)) ;
#4071=EDGE_LOOP('',(#4072,#4073,#4074,#4075)) ;
#4083=EDGE_LOOP('',(#4084,#4085,#4086,#4087)) ;
#4103=EDGE_LOOP('',(#4104,#4105,#4106,#4107,#4108,#4109)) ;
#4118=EDGE_LOOP('',(#4119,#4120,#4121)) ;
#4130=EDGE_LOOP('',(#4131,#4132,#4133,#4134,#4135,#4136)) ;
#4144=EDGE_LOOP('',(#4145,#4146,#4147,#4148)) ;
#4156=EDGE_LOOP('',(#4157,#4158,#4159,#4160)) ;
#4168=EDGE_LOOP('',(#4169,#4170,#4171,#4172)) ;
#4180=EDGE_LOOP('',(#4181,#4182,#4183,#4184)) ;
#4192=EDGE_LOOP('',(#4193,#4194,#4195,#4196)) ;
#4204=EDGE_LOOP('',(#4205,#4206,#4207,#4208)) ;
#4216=EDGE_LOOP('',(#4217,#4218,#4219,#4220)) ;
#4228=EDGE_LOOP('',(#4229,#4230,#4231,#4232)) ;
#4235=EDGE_LOOP('',(#4236,#4237,#4238,#4239)) ;
#4262=EDGE_LOOP('',(#4263,#4264,#4265,#4266)) ;
#4281=EDGE_LOOP('',(#4282,#4283,#4284,#4285)) ;
#4302=EDGE_LOOP('',(#4303,#4304,#4305,#4306)) ;
#4321=EDGE_LOOP('',(#4322,#4323,#4324,#4325)) ;
#4342=EDGE_LOOP('',(#4343,#4344,#4345,#4346)) ;
#4364=EDGE_LOOP('',(#4365,#4366,#4367,#4368)) ;
#4383=EDGE_LOOP('',(#4384,#4385,#4386,#4387)) ;
#4405=EDGE_LOOP('',(#4406,#4407,#4408,#4409)) ;
#4427=EDGE_LOOP('',(#4428,#4429,#4430,#4431)) ;
#4446=EDGE_LOOP('',(#4447,#4448,#4449,#4450)) ;
#4468=EDGE_LOOP('',(#4469,#4470,#4471,#4472)) ;
#4489=EDGE_LOOP('',(#4490,#4491,#4492,#4493)) ;
#4508=EDGE_LOOP('',(#4509,#4510,#4511,#4512)) ;
#4529=EDGE_LOOP('',(#4530,#4531,#4532,#4533)) ;
#4548=EDGE_LOOP('',(#4549,#4550,#4551,#4552)) ;
#4561=EDGE_LOOP('',(#4562,#4563,#4564,#4565)) ;
#4568=EDGE_LOOP('',(#4569,#4570,#4571,#4572,#4573,#4574,#4575,#4576,#4577,#4578,#4579,#4580,#4581,#4582,#4583,#4584)) ;
#74=ORIENTED_EDGE('',*,*,#53,.T.) ;
#75=ORIENTED_EDGE('',*,*,#60,.F.) ;
#76=ORIENTED_EDGE('',*,*,#67,.F.) ;
#77=ORIENTED_EDGE('',*,*,#72,.T.) ;
#91=ORIENTED_EDGE('',*,*,#84,.T.) ;
#92=ORIENTED_EDGE('',*,*,#72,.F.) ;
#93=ORIENTED_EDGE('',*,*,#89,.F.) ;
#94=ORIENTED_EDGE('',*,*,#60,.T.) ;
#103=ORIENTED_EDGE('',*,*,#67,.T.) ;
#104=ORIENTED_EDGE('',*,*,#89,.T.) ;
#113=ORIENTED_EDGE('',*,*,#84,.F.) ;
#114=ORIENTED_EDGE('',*,*,#53,.F.) ;
#177=ORIENTED_EDGE('',*,*,#156,.T.) ;
#178=ORIENTED_EDGE('',*,*,#163,.F.) ;
#179=ORIENTED_EDGE('',*,*,#170,.F.) ;
#180=ORIENTED_EDGE('',*,*,#175,.T.) ;
#194=ORIENTED_EDGE('',*,*,#187,.T.) ;
#195=ORIENTED_EDGE('',*,*,#175,.F.) ;
#196=ORIENTED_EDGE('',*,*,#192,.F.) ;
#197=ORIENTED_EDGE('',*,*,#163,.T.) ;
#206=ORIENTED_EDGE('',*,*,#170,.T.) ;
#207=ORIENTED_EDGE('',*,*,#192,.T.) ;
#216=ORIENTED_EDGE('',*,*,#187,.F.) ;
#217=ORIENTED_EDGE('',*,*,#156,.F.) ;
#287=ORIENTED_EDGE('',*,*,#266,.F.) ;
#288=ORIENTED_EDGE('',*,*,#273,.T.) ;
#289=ORIENTED_EDGE('',*,*,#280,.T.) ;
#290=ORIENTED_EDGE('',*,*,#285,.F.) ;
#326=ORIENTED_EDGE('',*,*,#314,.F.) ;
#327=ORIENTED_EDGE('',*,*,#319,.T.) ;
#328=ORIENTED_EDGE('',*,*,#266,.T.) ;
#329=ORIENTED_EDGE('',*,*,#324,.F.) ;
#353=ORIENTED_EDGE('',*,*,#346,.F.) ;
#354=ORIENTED_EDGE('',*,*,#351,.F.) ;
#383=ORIENTED_EDGE('',*,*,#362,.F.) ;
#384=ORIENTED_EDGE('',*,*,#369,.F.) ;
#385=ORIENTED_EDGE('',*,*,#376,.F.) ;
#386=ORIENTED_EDGE('',*,*,#381,.F.) ;
#387=ORIENTED_EDGE('',*,*,#273,.F.) ;
#388=ORIENTED_EDGE('',*,*,#319,.F.) ;
#433=ORIENTED_EDGE('',*,*,#398,.F.) ;
#434=ORIENTED_EDGE('',*,*,#405,.F.) ;
#435=ORIENTED_EDGE('',*,*,#412,.F.) ;
#436=ORIENTED_EDGE('',*,*,#419,.F.) ;
#437=ORIENTED_EDGE('',*,*,#426,.F.) ;
#438=ORIENTED_EDGE('',*,*,#431,.F.) ;
#469=ORIENTED_EDGE('',*,*,#448,.F.) ;
#470=ORIENTED_EDGE('',*,*,#455,.F.) ;
#471=ORIENTED_EDGE('',*,*,#462,.F.) ;
#472=ORIENTED_EDGE('',*,*,#467,.F.) ;
#489=ORIENTED_EDGE('',*,*,#482,.T.) ;
#490=ORIENTED_EDGE('',*,*,#487,.T.) ;
#507=ORIENTED_EDGE('',*,*,#500,.T.) ;
#508=ORIENTED_EDGE('',*,*,#505,.T.) ;
#530=ORIENTED_EDGE('',*,*,#280,.F.) ;
#531=ORIENTED_EDGE('',*,*,#381,.T.) ;
#532=ORIENTED_EDGE('',*,*,#523,.T.) ;
#533=ORIENTED_EDGE('',*,*,#528,.F.) ;
#562=ORIENTED_EDGE('',*,*,#548,.T.) ;
#563=ORIENTED_EDGE('',*,*,#285,.T.) ;
#564=ORIENTED_EDGE('',*,*,#555,.F.) ;
#565=ORIENTED_EDGE('',*,*,#560,.F.) ;
#587=ORIENTED_EDGE('',*,*,#580,.F.) ;
#588=ORIENTED_EDGE('',*,*,#585,.F.) ;
#589=ORIENTED_EDGE('',*,*,#362,.T.) ;
#590=ORIENTED_EDGE('',*,*,#314,.T.) ;
#612=ORIENTED_EDGE('',*,*,#605,.T.) ;
#613=ORIENTED_EDGE('',*,*,#324,.T.) ;
#614=ORIENTED_EDGE('',*,*,#548,.F.) ;
#615=ORIENTED_EDGE('',*,*,#610,.F.) ;
#644=ORIENTED_EDGE('',*,*,#630,.T.) ;
#645=ORIENTED_EDGE('',*,*,#637,.F.) ;
#646=ORIENTED_EDGE('',*,*,#642,.F.) ;
#647=ORIENTED_EDGE('',*,*,#351,.T.) ;
#656=ORIENTED_EDGE('',*,*,#642,.T.) ;
#657=ORIENTED_EDGE('',*,*,#654,.F.) ;
#658=ORIENTED_EDGE('',*,*,#630,.F.) ;
#659=ORIENTED_EDGE('',*,*,#346,.T.) ;
#680=ORIENTED_EDGE('',*,*,#673,.F.) ;
#681=ORIENTED_EDGE('',*,*,#523,.F.) ;
#682=ORIENTED_EDGE('',*,*,#376,.T.) ;
#683=ORIENTED_EDGE('',*,*,#678,.T.) ;
#698=ORIENTED_EDGE('',*,*,#678,.F.) ;
#699=ORIENTED_EDGE('',*,*,#369,.T.) ;
#700=ORIENTED_EDGE('',*,*,#585,.T.) ;
#701=ORIENTED_EDGE('',*,*,#696,.F.) ;
#730=ORIENTED_EDGE('',*,*,#716,.F.) ;
#731=ORIENTED_EDGE('',*,*,#431,.T.) ;
#732=ORIENTED_EDGE('',*,*,#723,.T.) ;
#733=ORIENTED_EDGE('',*,*,#728,.F.) ;
#755=ORIENTED_EDGE('',*,*,#723,.F.) ;
#756=ORIENTED_EDGE('',*,*,#426,.T.) ;
#757=ORIENTED_EDGE('',*,*,#748,.T.) ;
#758=ORIENTED_EDGE('',*,*,#753,.F.) ;
#780=ORIENTED_EDGE('',*,*,#748,.F.) ;
#781=ORIENTED_EDGE('',*,*,#419,.T.) ;
#782=ORIENTED_EDGE('',*,*,#773,.T.) ;
#783=ORIENTED_EDGE('',*,*,#778,.F.) ;
#800=ORIENTED_EDGE('',*,*,#773,.F.) ;
#801=ORIENTED_EDGE('',*,*,#412,.T.) ;
#802=ORIENTED_EDGE('',*,*,#793,.T.) ;
#803=ORIENTED_EDGE('',*,*,#798,.F.) ;
#825=ORIENTED_EDGE('',*,*,#793,.F.) ;
#826=ORIENTED_EDGE('',*,*,#405,.T.) ;
#827=ORIENTED_EDGE('',*,*,#818,.T.) ;
#828=ORIENTED_EDGE('',*,*,#823,.F.) ;
#838=ORIENTED_EDGE('',*,*,#836,.F.) ;
#839=ORIENTED_EDGE('',*,*,#818,.F.) ;
#840=ORIENTED_EDGE('',*,*,#398,.T.) ;
#841=ORIENTED_EDGE('',*,*,#716,.T.) ;
#870=ORIENTED_EDGE('',*,*,#856,.F.) ;
#871=ORIENTED_EDGE('',*,*,#467,.T.) ;
#872=ORIENTED_EDGE('',*,*,#863,.T.) ;
#873=ORIENTED_EDGE('',*,*,#868,.F.) ;
#895=ORIENTED_EDGE('',*,*,#863,.F.) ;
#896=ORIENTED_EDGE('',*,*,#462,.T.) ;
#897=ORIENTED_EDGE('',*,*,#888,.T.) ;
#898=ORIENTED_EDGE('',*,*,#893,.F.) ;
#920=ORIENTED_EDGE('',*,*,#888,.F.) ;
#921=ORIENTED_EDGE('',*,*,#455,.T.) ;
#922=ORIENTED_EDGE('',*,*,#913,.T.) ;
#923=ORIENTED_EDGE('',*,*,#918,.F.) ;
#938=ORIENTED_EDGE('',*,*,#913,.F.) ;
#939=ORIENTED_EDGE('',*,*,#448,.T.) ;
#940=ORIENTED_EDGE('',*,*,#856,.T.) ;
#941=ORIENTED_EDGE('',*,*,#936,.F.) ;
#970=ORIENTED_EDGE('',*,*,#487,.F.) ;
#971=ORIENTED_EDGE('',*,*,#956,.T.) ;
#972=ORIENTED_EDGE('',*,*,#963,.T.) ;
#973=ORIENTED_EDGE('',*,*,#968,.F.) ;
#983=ORIENTED_EDGE('',*,*,#482,.F.) ;
#984=ORIENTED_EDGE('',*,*,#968,.T.) ;
#985=ORIENTED_EDGE('',*,*,#981,.T.) ;
#986=ORIENTED_EDGE('',*,*,#956,.F.) ;
#1015=ORIENTED_EDGE('',*,*,#505,.F.) ;
#1016=ORIENTED_EDGE('',*,*,#1001,.T.) ;
#1017=ORIENTED_EDGE('',*,*,#1008,.T.) ;
#1018=ORIENTED_EDGE('',*,*,#1013,.F.) ;
#1028=ORIENTED_EDGE('',*,*,#500,.F.) ;
#1029=ORIENTED_EDGE('',*,*,#1013,.T.) ;
#1030=ORIENTED_EDGE('',*,*,#1026,.T.) ;
#1031=ORIENTED_EDGE('',*,*,#1001,.F.) ;
#1053=ORIENTED_EDGE('',*,*,#555,.T.) ;
#1054=ORIENTED_EDGE('',*,*,#528,.T.) ;
#1055=ORIENTED_EDGE('',*,*,#1046,.F.) ;
#1056=ORIENTED_EDGE('',*,*,#1051,.F.) ;
#1085=ORIENTED_EDGE('',*,*,#560,.T.) ;
#1086=ORIENTED_EDGE('',*,*,#1051,.T.) ;
#1087=ORIENTED_EDGE('',*,*,#1071,.T.) ;
#1088=ORIENTED_EDGE('',*,*,#1078,.T.) ;
#1089=ORIENTED_EDGE('',*,*,#1083,.T.) ;
#1090=ORIENTED_EDGE('',*,*,#610,.T.) ;
#1105=ORIENTED_EDGE('',*,*,#1103,.T.) ;
#1106=ORIENTED_EDGE('',*,*,#580,.T.) ;
#1107=ORIENTED_EDGE('',*,*,#605,.F.) ;
#1108=ORIENTED_EDGE('',*,*,#1083,.F.) ;
#1118=ORIENTED_EDGE('',*,*,#654,.T.) ;
#1119=ORIENTED_EDGE('',*,*,#637,.T.) ;
#1136=ORIENTED_EDGE('',*,*,#1129,.F.) ;
#1137=ORIENTED_EDGE('',*,*,#1134,.F.) ;
#1151=ORIENTED_EDGE('',*,*,#1046,.T.) ;
#1152=ORIENTED_EDGE('',*,*,#673,.T.) ;
#1153=ORIENTED_EDGE('',*,*,#1149,.F.) ;
#1154=ORIENTED_EDGE('',*,*,#1071,.F.) ;
#1164=ORIENTED_EDGE('',*,*,#1149,.T.) ;
#1165=ORIENTED_EDGE('',*,*,#696,.T.) ;
#1166=ORIENTED_EDGE('',*,*,#1103,.F.) ;
#1167=ORIENTED_EDGE('',*,*,#1078,.F.) ;
#1196=ORIENTED_EDGE('',*,*,#1182,.T.) ;
#1197=ORIENTED_EDGE('',*,*,#728,.T.) ;
#1198=ORIENTED_EDGE('',*,*,#1189,.F.) ;
#1199=ORIENTED_EDGE('',*,*,#1194,.F.) ;
#1221=ORIENTED_EDGE('',*,*,#1189,.T.) ;
#1222=ORIENTED_EDGE('',*,*,#753,.T.) ;
#1223=ORIENTED_EDGE('',*,*,#1214,.F.) ;
#1224=ORIENTED_EDGE('',*,*,#1219,.F.) ;
#1246=ORIENTED_EDGE('',*,*,#1214,.T.) ;
#1247=ORIENTED_EDGE('',*,*,#778,.T.) ;
#1248=ORIENTED_EDGE('',*,*,#1239,.F.) ;
#1249=ORIENTED_EDGE('',*,*,#1244,.F.) ;
#1271=ORIENTED_EDGE('',*,*,#1239,.T.) ;
#1272=ORIENTED_EDGE('',*,*,#798,.T.) ;
#1273=ORIENTED_EDGE('',*,*,#1264,.F.) ;
#1274=ORIENTED_EDGE('',*,*,#1269,.F.) ;
#1296=ORIENTED_EDGE('',*,*,#1264,.T.) ;
#1297=ORIENTED_EDGE('',*,*,#823,.T.) ;
#1298=ORIENTED_EDGE('',*,*,#1289,.F.) ;
#1299=ORIENTED_EDGE('',*,*,#1294,.F.) ;
#1314=ORIENTED_EDGE('',*,*,#1289,.T.) ;
#1315=ORIENTED_EDGE('',*,*,#836,.T.) ;
#1316=ORIENTED_EDGE('',*,*,#1182,.F.) ;
#1317=ORIENTED_EDGE('',*,*,#1312,.F.) ;
#1346=ORIENTED_EDGE('',*,*,#1332,.T.) ;
#1347=ORIENTED_EDGE('',*,*,#868,.T.) ;
#1348=ORIENTED_EDGE('',*,*,#1339,.F.) ;
#1349=ORIENTED_EDGE('',*,*,#1344,.F.) ;
#1371=ORIENTED_EDGE('',*,*,#1339,.T.) ;
#1372=ORIENTED_EDGE('',*,*,#893,.T.) ;
#1373=ORIENTED_EDGE('',*,*,#1364,.F.) ;
#1374=ORIENTED_EDGE('',*,*,#1369,.F.) ;
#1396=ORIENTED_EDGE('',*,*,#1364,.T.) ;
#1397=ORIENTED_EDGE('',*,*,#918,.T.) ;
#1398=ORIENTED_EDGE('',*,*,#1389,.F.) ;
#1399=ORIENTED_EDGE('',*,*,#1394,.F.) ;
#1414=ORIENTED_EDGE('',*,*,#1389,.T.) ;
#1415=ORIENTED_EDGE('',*,*,#936,.T.) ;
#1416=ORIENTED_EDGE('',*,*,#1332,.F.) ;
#1417=ORIENTED_EDGE('',*,*,#1412,.F.) ;
#1427=ORIENTED_EDGE('',*,*,#981,.F.) ;
#1428=ORIENTED_EDGE('',*,*,#963,.F.) ;
#1433=ORIENTED_EDGE('',*,*,#1026,.F.) ;
#1434=ORIENTED_EDGE('',*,*,#1008,.F.) ;
#1491=ORIENTED_EDGE('',*,*,#1451,.F.) ;
#1492=ORIENTED_EDGE('',*,*,#1458,.F.) ;
#1493=ORIENTED_EDGE('',*,*,#1465,.T.) ;
#1494=ORIENTED_EDGE('',*,*,#1472,.F.) ;
#1495=ORIENTED_EDGE('',*,*,#1477,.F.) ;
#1496=ORIENTED_EDGE('',*,*,#1129,.T.) ;
#1497=ORIENTED_EDGE('',*,*,#1484,.T.) ;
#1498=ORIENTED_EDGE('',*,*,#1489,.F.) ;
#1507=ORIENTED_EDGE('',*,*,#1477,.T.) ;
#1508=ORIENTED_EDGE('',*,*,#1505,.F.) ;
#1509=ORIENTED_EDGE('',*,*,#1484,.F.) ;
#1510=ORIENTED_EDGE('',*,*,#1134,.T.) ;
#1514=ORIENTED_EDGE('',*,*,#1269,.T.) ;
#1515=ORIENTED_EDGE('',*,*,#1294,.T.) ;
#1516=ORIENTED_EDGE('',*,*,#1312,.T.) ;
#1517=ORIENTED_EDGE('',*,*,#1194,.T.) ;
#1518=ORIENTED_EDGE('',*,*,#1219,.T.) ;
#1519=ORIENTED_EDGE('',*,*,#1244,.T.) ;
#1524=ORIENTED_EDGE('',*,*,#1412,.T.) ;
#1525=ORIENTED_EDGE('',*,*,#1344,.T.) ;
#1526=ORIENTED_EDGE('',*,*,#1369,.T.) ;
#1527=ORIENTED_EDGE('',*,*,#1394,.T.) ;
#1570=ORIENTED_EDGE('',*,*,#1542,.F.) ;
#1571=ORIENTED_EDGE('',*,*,#1489,.T.) ;
#1572=ORIENTED_EDGE('',*,*,#1505,.T.) ;
#1573=ORIENTED_EDGE('',*,*,#1472,.T.) ;
#1574=ORIENTED_EDGE('',*,*,#1549,.T.) ;
#1575=ORIENTED_EDGE('',*,*,#1556,.F.) ;
#1576=ORIENTED_EDGE('',*,*,#1563,.F.) ;
#1577=ORIENTED_EDGE('',*,*,#1568,.F.) ;
#1682=ORIENTED_EDGE('',*,*,#1593,.F.) ;
#1683=ORIENTED_EDGE('',*,*,#1600,.F.) ;
#1684=ORIENTED_EDGE('',*,*,#1607,.F.) ;
#1685=ORIENTED_EDGE('',*,*,#1614,.F.) ;
#1686=ORIENTED_EDGE('',*,*,#1621,.T.) ;
#1687=ORIENTED_EDGE('',*,*,#1626,.F.) ;
#1688=ORIENTED_EDGE('',*,*,#1549,.F.) ;
#1689=ORIENTED_EDGE('',*,*,#1465,.F.) ;
#1690=ORIENTED_EDGE('',*,*,#1633,.F.) ;
#1691=ORIENTED_EDGE('',*,*,#1640,.F.) ;
#1692=ORIENTED_EDGE('',*,*,#1647,.F.) ;
#1693=ORIENTED_EDGE('',*,*,#1654,.F.) ;
#1694=ORIENTED_EDGE('',*,*,#1661,.F.) ;
#1695=ORIENTED_EDGE('',*,*,#1668,.F.) ;
#1696=ORIENTED_EDGE('',*,*,#1675,.F.) ;
#1697=ORIENTED_EDGE('',*,*,#1680,.F.) ;
#1726=ORIENTED_EDGE('',*,*,#1719,.F.) ;
#1727=ORIENTED_EDGE('',*,*,#1633,.T.) ;
#1728=ORIENTED_EDGE('',*,*,#1458,.T.) ;
#1729=ORIENTED_EDGE('',*,*,#1724,.F.) ;
#1828=ORIENTED_EDGE('',*,*,#1746,.T.) ;
#1829=ORIENTED_EDGE('',*,*,#1753,.T.) ;
#1830=ORIENTED_EDGE('',*,*,#1760,.T.) ;
#1831=ORIENTED_EDGE('',*,*,#1767,.T.) ;
#1832=ORIENTED_EDGE('',*,*,#1774,.T.) ;
#1833=ORIENTED_EDGE('',*,*,#1781,.T.) ;
#1834=ORIENTED_EDGE('',*,*,#1786,.T.) ;
#1835=ORIENTED_EDGE('',*,*,#1724,.T.) ;
#1836=ORIENTED_EDGE('',*,*,#1451,.T.) ;
#1837=ORIENTED_EDGE('',*,*,#1542,.T.) ;
#1838=ORIENTED_EDGE('',*,*,#1793,.T.) ;
#1839=ORIENTED_EDGE('',*,*,#1800,.F.) ;
#1840=ORIENTED_EDGE('',*,*,#1807,.T.) ;
#1841=ORIENTED_EDGE('',*,*,#1814,.T.) ;
#1842=ORIENTED_EDGE('',*,*,#1821,.T.) ;
#1843=ORIENTED_EDGE('',*,*,#1826,.T.) ;
#1865=ORIENTED_EDGE('',*,*,#1568,.T.) ;
#1866=ORIENTED_EDGE('',*,*,#1858,.T.) ;
#1867=ORIENTED_EDGE('',*,*,#1863,.F.) ;
#1868=ORIENTED_EDGE('',*,*,#1793,.F.) ;
#1884=ORIENTED_EDGE('',*,*,#1877,.T.) ;
#1885=ORIENTED_EDGE('',*,*,#1882,.F.) ;
#1886=ORIENTED_EDGE('',*,*,#1858,.F.) ;
#1887=ORIENTED_EDGE('',*,*,#1563,.T.) ;
#1896=ORIENTED_EDGE('',*,*,#1894,.F.) ;
#1897=ORIENTED_EDGE('',*,*,#1877,.F.) ;
#1898=ORIENTED_EDGE('',*,*,#1556,.T.) ;
#1899=ORIENTED_EDGE('',*,*,#1626,.T.) ;
#1941=ORIENTED_EDGE('',*,*,#1680,.T.) ;
#1942=ORIENTED_EDGE('',*,*,#1906,.T.) ;
#1943=ORIENTED_EDGE('',*,*,#1746,.F.) ;
#1944=ORIENTED_EDGE('',*,*,#1913,.T.) ;
#1945=ORIENTED_EDGE('',*,*,#1920,.T.) ;
#1946=ORIENTED_EDGE('',*,*,#1927,.F.) ;
#1947=ORIENTED_EDGE('',*,*,#1934,.F.) ;
#1948=ORIENTED_EDGE('',*,*,#1939,.T.) ;
#1962=ORIENTED_EDGE('',*,*,#1906,.F.) ;
#1963=ORIENTED_EDGE('',*,*,#1675,.T.) ;
#1964=ORIENTED_EDGE('',*,*,#1960,.T.) ;
#1965=ORIENTED_EDGE('',*,*,#1753,.F.) ;
#1980=ORIENTED_EDGE('',*,*,#1960,.F.) ;
#1981=ORIENTED_EDGE('',*,*,#1668,.T.) ;
#1982=ORIENTED_EDGE('',*,*,#1978,.T.) ;
#1983=ORIENTED_EDGE('',*,*,#1760,.F.) ;
#1998=ORIENTED_EDGE('',*,*,#1978,.F.) ;
#1999=ORIENTED_EDGE('',*,*,#1661,.T.) ;
#2000=ORIENTED_EDGE('',*,*,#1996,.T.) ;
#2001=ORIENTED_EDGE('',*,*,#1767,.F.) ;
#2016=ORIENTED_EDGE('',*,*,#1996,.F.) ;
#2017=ORIENTED_EDGE('',*,*,#1654,.T.) ;
#2018=ORIENTED_EDGE('',*,*,#2014,.T.) ;
#2019=ORIENTED_EDGE('',*,*,#1774,.F.) ;
#2034=ORIENTED_EDGE('',*,*,#2014,.F.) ;
#2035=ORIENTED_EDGE('',*,*,#1647,.T.) ;
#2036=ORIENTED_EDGE('',*,*,#2032,.T.) ;
#2037=ORIENTED_EDGE('',*,*,#1781,.F.) ;
#2047=ORIENTED_EDGE('',*,*,#2032,.F.) ;
#2048=ORIENTED_EDGE('',*,*,#1640,.T.) ;
#2049=ORIENTED_EDGE('',*,*,#1719,.T.) ;
#2050=ORIENTED_EDGE('',*,*,#1786,.F.) ;
#2072=ORIENTED_EDGE('',*,*,#1621,.F.) ;
#2073=ORIENTED_EDGE('',*,*,#2065,.F.) ;
#2074=ORIENTED_EDGE('',*,*,#2070,.F.) ;
#2075=ORIENTED_EDGE('',*,*,#1894,.T.) ;
#2096=ORIENTED_EDGE('',*,*,#2089,.F.) ;
#2097=ORIENTED_EDGE('',*,*,#2094,.F.) ;
#2098=ORIENTED_EDGE('',*,*,#2065,.T.) ;
#2099=ORIENTED_EDGE('',*,*,#1614,.T.) ;
#2143=ORIENTED_EDGE('',*,*,#2113,.F.) ;
#2144=ORIENTED_EDGE('',*,*,#2089,.T.) ;
#2145=ORIENTED_EDGE('',*,*,#1607,.T.) ;
#2146=ORIENTED_EDGE('',*,*,#2120,.F.) ;
#2147=ORIENTED_EDGE('',*,*,#2127,.F.) ;
#2148=ORIENTED_EDGE('',*,*,#2135,.F.) ;
#2149=ORIENTED_EDGE('',*,*,#2141,.F.) ;
#2170=ORIENTED_EDGE('',*,*,#2163,.F.) ;
#2171=ORIENTED_EDGE('',*,*,#2168,.F.) ;
#2172=ORIENTED_EDGE('',*,*,#2120,.T.) ;
#2173=ORIENTED_EDGE('',*,*,#1600,.T.) ;
#2199=ORIENTED_EDGE('',*,*,#2187,.T.) ;
#2200=ORIENTED_EDGE('',*,*,#2192,.T.) ;
#2201=ORIENTED_EDGE('',*,*,#2163,.T.) ;
#2202=ORIENTED_EDGE('',*,*,#1593,.T.) ;
#2203=ORIENTED_EDGE('',*,*,#1939,.F.) ;
#2204=ORIENTED_EDGE('',*,*,#2197,.F.) ;
#2205=ORIENTED_EDGE('',*,*,#1913,.F.) ;
#2206=ORIENTED_EDGE('',*,*,#1826,.F.) ;
#2222=ORIENTED_EDGE('',*,*,#1800,.T.) ;
#2223=ORIENTED_EDGE('',*,*,#1863,.T.) ;
#2224=ORIENTED_EDGE('',*,*,#2215,.T.) ;
#2225=ORIENTED_EDGE('',*,*,#2220,.F.) ;
#2241=ORIENTED_EDGE('',*,*,#2220,.T.) ;
#2242=ORIENTED_EDGE('',*,*,#2234,.T.) ;
#2243=ORIENTED_EDGE('',*,*,#2239,.F.) ;
#2244=ORIENTED_EDGE('',*,*,#1807,.F.) ;
#2397=ORIENTED_EDGE('',*,*,#2255,.T.) ;
#2398=ORIENTED_EDGE('',*,*,#2260,.F.) ;
#2399=ORIENTED_EDGE('',*,*,#1814,.F.) ;
#2400=ORIENTED_EDGE('',*,*,#2239,.T.) ;
#2401=ORIENTED_EDGE('',*,*,#2267,.T.) ;
#2402=ORIENTED_EDGE('',*,*,#2276,.F.) ;
#2403=ORIENTED_EDGE('',*,*,#2283,.T.) ;
#2404=ORIENTED_EDGE('',*,*,#2293,.T.) ;
#2405=ORIENTED_EDGE('',*,*,#2300,.F.) ;
#2406=ORIENTED_EDGE('',*,*,#2309,.F.) ;
#2407=ORIENTED_EDGE('',*,*,#2318,.F.) ;
#2408=ORIENTED_EDGE('',*,*,#2325,.F.) ;
#2409=ORIENTED_EDGE('',*,*,#2335,.F.) ;
#2410=ORIENTED_EDGE('',*,*,#2342,.F.) ;
#2411=ORIENTED_EDGE('',*,*,#2351,.T.) ;
#2412=ORIENTED_EDGE('',*,*,#2359,.T.) ;
#2413=ORIENTED_EDGE('',*,*,#2366,.T.) ;
#2414=ORIENTED_EDGE('',*,*,#2374,.T.) ;
#2415=ORIENTED_EDGE('',*,*,#2382,.F.) ;
#2416=ORIENTED_EDGE('',*,*,#2389,.T.) ;
#2417=ORIENTED_EDGE('',*,*,#2395,.F.) ;
#2426=ORIENTED_EDGE('',*,*,#2260,.T.) ;
#2427=ORIENTED_EDGE('',*,*,#2424,.T.) ;
#2428=ORIENTED_EDGE('',*,*,#2187,.F.) ;
#2429=ORIENTED_EDGE('',*,*,#1821,.F.) ;
#2438=ORIENTED_EDGE('',*,*,#2070,.T.) ;
#2439=ORIENTED_EDGE('',*,*,#2436,.F.) ;
#2440=ORIENTED_EDGE('',*,*,#2215,.F.) ;
#2441=ORIENTED_EDGE('',*,*,#1882,.T.) ;
#2450=ORIENTED_EDGE('',*,*,#1934,.T.) ;
#2451=ORIENTED_EDGE('',*,*,#2448,.F.) ;
#2452=ORIENTED_EDGE('',*,*,#1920,.F.) ;
#2453=ORIENTED_EDGE('',*,*,#2197,.T.) ;
#2462=ORIENTED_EDGE('',*,*,#2448,.T.) ;
#2463=ORIENTED_EDGE('',*,*,#1927,.T.) ;
#2480=ORIENTED_EDGE('',*,*,#2094,.T.) ;
#2481=ORIENTED_EDGE('',*,*,#2478,.F.) ;
#2482=ORIENTED_EDGE('',*,*,#2234,.F.) ;
#2483=ORIENTED_EDGE('',*,*,#2436,.T.) ;
#2634=ORIENTED_EDGE('',*,*,#2127,.T.) ;
#2635=ORIENTED_EDGE('',*,*,#2490,.F.) ;
#2636=ORIENTED_EDGE('',*,*,#2255,.F.) ;
#2637=ORIENTED_EDGE('',*,*,#2498,.F.) ;
#2638=ORIENTED_EDGE('',*,*,#2504,.F.) ;
#2639=ORIENTED_EDGE('',*,*,#2267,.F.) ;
#2640=ORIENTED_EDGE('',*,*,#2478,.T.) ;
#2641=ORIENTED_EDGE('',*,*,#2113,.T.) ;
#2642=ORIENTED_EDGE('',*,*,#2513,.F.) ;
#2643=ORIENTED_EDGE('',*,*,#2520,.T.) ;
#2644=ORIENTED_EDGE('',*,*,#2530,.T.) ;
#2645=ORIENTED_EDGE('',*,*,#2537,.F.) ;
#2646=ORIENTED_EDGE('',*,*,#2546,.T.) ;
#2647=ORIENTED_EDGE('',*,*,#2555,.T.) ;
#2648=ORIENTED_EDGE('',*,*,#2562,.F.) ;
#2649=ORIENTED_EDGE('',*,*,#2572,.F.) ;
#2650=ORIENTED_EDGE('',*,*,#2579,.F.) ;
#2651=ORIENTED_EDGE('',*,*,#2588,.T.) ;
#2652=ORIENTED_EDGE('',*,*,#2596,.T.) ;
#2653=ORIENTED_EDGE('',*,*,#2603,.T.) ;
#2654=ORIENTED_EDGE('',*,*,#2611,.T.) ;
#2655=ORIENTED_EDGE('',*,*,#2619,.F.) ;
#2656=ORIENTED_EDGE('',*,*,#2626,.T.) ;
#2657=ORIENTED_EDGE('',*,*,#2632,.F.) ;
#2661=ORIENTED_EDGE('',*,*,#2168,.T.) ;
#2662=ORIENTED_EDGE('',*,*,#2192,.F.) ;
#2663=ORIENTED_EDGE('',*,*,#2424,.F.) ;
#2664=ORIENTED_EDGE('',*,*,#2490,.T.) ;
#2702=ORIENTED_EDGE('',*,*,#2678,.T.) ;
#2703=ORIENTED_EDGE('',*,*,#2686,.F.) ;
#2704=ORIENTED_EDGE('',*,*,#2695,.F.) ;
#2705=ORIENTED_EDGE('',*,*,#2700,.F.) ;
#2706=ORIENTED_EDGE('',*,*,#2276,.T.) ;
#2707=ORIENTED_EDGE('',*,*,#2504,.T.) ;
#2729=ORIENTED_EDGE('',*,*,#2283,.F.) ;
#2730=ORIENTED_EDGE('',*,*,#2700,.T.) ;
#2731=ORIENTED_EDGE('',*,*,#2722,.T.) ;
#2732=ORIENTED_EDGE('',*,*,#2727,.F.) ;
#2757=ORIENTED_EDGE('',*,*,#2293,.F.) ;
#2758=ORIENTED_EDGE('',*,*,#2727,.T.) ;
#2759=ORIENTED_EDGE('',*,*,#2750,.T.) ;
#2760=ORIENTED_EDGE('',*,*,#2755,.F.) ;
#2782=ORIENTED_EDGE('',*,*,#2755,.T.) ;
#2783=ORIENTED_EDGE('',*,*,#2775,.F.) ;
#2784=ORIENTED_EDGE('',*,*,#2780,.F.) ;
#2785=ORIENTED_EDGE('',*,*,#2300,.T.) ;
#2809=ORIENTED_EDGE('',*,*,#2780,.T.) ;
#2810=ORIENTED_EDGE('',*,*,#2802,.F.) ;
#2811=ORIENTED_EDGE('',*,*,#2807,.F.) ;
#2812=ORIENTED_EDGE('',*,*,#2309,.T.) ;
#2836=ORIENTED_EDGE('',*,*,#2807,.T.) ;
#2837=ORIENTED_EDGE('',*,*,#2829,.F.) ;
#2838=ORIENTED_EDGE('',*,*,#2834,.F.) ;
#2839=ORIENTED_EDGE('',*,*,#2318,.T.) ;
#2856=ORIENTED_EDGE('',*,*,#2834,.T.) ;
#2857=ORIENTED_EDGE('',*,*,#2849,.F.) ;
#2858=ORIENTED_EDGE('',*,*,#2854,.F.) ;
#2859=ORIENTED_EDGE('',*,*,#2325,.T.) ;
#2884=ORIENTED_EDGE('',*,*,#2335,.T.) ;
#2885=ORIENTED_EDGE('',*,*,#2854,.T.) ;
#2886=ORIENTED_EDGE('',*,*,#2877,.T.) ;
#2887=ORIENTED_EDGE('',*,*,#2882,.F.) ;
#2909=ORIENTED_EDGE('',*,*,#2882,.T.) ;
#2910=ORIENTED_EDGE('',*,*,#2902,.F.) ;
#2911=ORIENTED_EDGE('',*,*,#2907,.F.) ;
#2912=ORIENTED_EDGE('',*,*,#2342,.T.) ;
#2936=ORIENTED_EDGE('',*,*,#2907,.T.) ;
#2937=ORIENTED_EDGE('',*,*,#2929,.F.) ;
#2938=ORIENTED_EDGE('',*,*,#2934,.F.) ;
#2939=ORIENTED_EDGE('',*,*,#2351,.F.) ;
#2964=ORIENTED_EDGE('',*,*,#2934,.T.) ;
#2965=ORIENTED_EDGE('',*,*,#2957,.F.) ;
#2966=ORIENTED_EDGE('',*,*,#2962,.F.) ;
#2967=ORIENTED_EDGE('',*,*,#2359,.F.) ;
#2989=ORIENTED_EDGE('',*,*,#2366,.F.) ;
#2990=ORIENTED_EDGE('',*,*,#2962,.T.) ;
#2991=ORIENTED_EDGE('',*,*,#2982,.T.) ;
#2992=ORIENTED_EDGE('',*,*,#2987,.F.) ;
#3017=ORIENTED_EDGE('',*,*,#2987,.T.) ;
#3018=ORIENTED_EDGE('',*,*,#3010,.F.) ;
#3019=ORIENTED_EDGE('',*,*,#3015,.F.) ;
#3020=ORIENTED_EDGE('',*,*,#2374,.F.) ;
#3045=ORIENTED_EDGE('',*,*,#2382,.T.) ;
#3046=ORIENTED_EDGE('',*,*,#3015,.T.) ;
#3047=ORIENTED_EDGE('',*,*,#3038,.T.) ;
#3048=ORIENTED_EDGE('',*,*,#3043,.F.) ;
#3065=ORIENTED_EDGE('',*,*,#2389,.F.) ;
#3066=ORIENTED_EDGE('',*,*,#3043,.T.) ;
#3067=ORIENTED_EDGE('',*,*,#3058,.T.) ;
#3068=ORIENTED_EDGE('',*,*,#3063,.F.) ;
#3096=ORIENTED_EDGE('',*,*,#2498,.T.) ;
#3097=ORIENTED_EDGE('',*,*,#2395,.T.) ;
#3098=ORIENTED_EDGE('',*,*,#3063,.T.) ;
#3099=ORIENTED_EDGE('',*,*,#3086,.T.) ;
#3100=ORIENTED_EDGE('',*,*,#3094,.T.) ;
#3101=ORIENTED_EDGE('',*,*,#2678,.F.) ;
#3116=ORIENTED_EDGE('',*,*,#2686,.T.) ;
#3117=ORIENTED_EDGE('',*,*,#3094,.F.) ;
#3118=ORIENTED_EDGE('',*,*,#3114,.T.) ;
#3123=ORIENTED_EDGE('',*,*,#3114,.F.) ;
#3124=ORIENTED_EDGE('',*,*,#3086,.F.) ;
#3125=ORIENTED_EDGE('',*,*,#3058,.F.) ;
#3126=ORIENTED_EDGE('',*,*,#3038,.F.) ;
#3127=ORIENTED_EDGE('',*,*,#3010,.T.) ;
#3128=ORIENTED_EDGE('',*,*,#2982,.F.) ;
#3129=ORIENTED_EDGE('',*,*,#2957,.T.) ;
#3130=ORIENTED_EDGE('',*,*,#2929,.T.) ;
#3131=ORIENTED_EDGE('',*,*,#2902,.T.) ;
#3132=ORIENTED_EDGE('',*,*,#2877,.F.) ;
#3133=ORIENTED_EDGE('',*,*,#2849,.T.) ;
#3134=ORIENTED_EDGE('',*,*,#2829,.T.) ;
#3135=ORIENTED_EDGE('',*,*,#2802,.T.) ;
#3136=ORIENTED_EDGE('',*,*,#2775,.T.) ;
#3137=ORIENTED_EDGE('',*,*,#2750,.F.) ;
#3138=ORIENTED_EDGE('',*,*,#2722,.F.) ;
#3139=ORIENTED_EDGE('',*,*,#2695,.T.) ;
#3268=ORIENTED_EDGE('',*,*,#3151,.T.) ;
#3269=ORIENTED_EDGE('',*,*,#3158,.F.) ;
#3270=ORIENTED_EDGE('',*,*,#3166,.F.) ;
#3271=ORIENTED_EDGE('',*,*,#3174,.F.) ;
#3272=ORIENTED_EDGE('',*,*,#3181,.F.) ;
#3273=ORIENTED_EDGE('',*,*,#3190,.T.) ;
#3274=ORIENTED_EDGE('',*,*,#3197,.F.) ;
#3275=ORIENTED_EDGE('',*,*,#3206,.F.) ;
#3276=ORIENTED_EDGE('',*,*,#3214,.F.) ;
#3277=ORIENTED_EDGE('',*,*,#3221,.T.) ;
#3278=ORIENTED_EDGE('',*,*,#3229,.F.) ;
#3279=ORIENTED_EDGE('',*,*,#3237,.T.) ;
#3280=ORIENTED_EDGE('',*,*,#3244,.T.) ;
#3281=ORIENTED_EDGE('',*,*,#3252,.F.) ;
#3282=ORIENTED_EDGE('',*,*,#3261,.F.) ;
#3283=ORIENTED_EDGE('',*,*,#3266,.T.) ;
#3314=ORIENTED_EDGE('',*,*,#3298,.T.) ;
#3315=ORIENTED_EDGE('',*,*,#3151,.F.) ;
#3316=ORIENTED_EDGE('',*,*,#3305,.F.) ;
#3317=ORIENTED_EDGE('',*,*,#3312,.T.) ;
#3339=ORIENTED_EDGE('',*,*,#3332,.F.) ;
#3340=ORIENTED_EDGE('',*,*,#3337,.T.) ;
#3341=ORIENTED_EDGE('',*,*,#3158,.T.) ;
#3342=ORIENTED_EDGE('',*,*,#3298,.F.) ;
#3365=ORIENTED_EDGE('',*,*,#3358,.F.) ;
#3366=ORIENTED_EDGE('',*,*,#3363,.T.) ;
#3367=ORIENTED_EDGE('',*,*,#3166,.T.) ;
#3368=ORIENTED_EDGE('',*,*,#3337,.F.) ;
#3391=ORIENTED_EDGE('',*,*,#3384,.F.) ;
#3392=ORIENTED_EDGE('',*,*,#3389,.T.) ;
#3393=ORIENTED_EDGE('',*,*,#3174,.T.) ;
#3394=ORIENTED_EDGE('',*,*,#3363,.F.) ;
#3411=ORIENTED_EDGE('',*,*,#3404,.F.) ;
#3412=ORIENTED_EDGE('',*,*,#3409,.T.) ;
#3413=ORIENTED_EDGE('',*,*,#3181,.T.) ;
#3414=ORIENTED_EDGE('',*,*,#3389,.F.) ;
#3438=ORIENTED_EDGE('',*,*,#3429,.T.) ;
#3439=ORIENTED_EDGE('',*,*,#3190,.F.) ;
#3440=ORIENTED_EDGE('',*,*,#3409,.F.) ;
#3441=ORIENTED_EDGE('',*,*,#3436,.F.) ;
#3463=ORIENTED_EDGE('',*,*,#3456,.F.) ;
#3464=ORIENTED_EDGE('',*,*,#3461,.T.) ;
#3465=ORIENTED_EDGE('',*,*,#3197,.T.) ;
#3466=ORIENTED_EDGE('',*,*,#3429,.F.) ;
#3490=ORIENTED_EDGE('',*,*,#3483,.T.) ;
#3491=ORIENTED_EDGE('',*,*,#3488,.T.) ;
#3492=ORIENTED_EDGE('',*,*,#3206,.T.) ;
#3493=ORIENTED_EDGE('',*,*,#3461,.F.) ;
#3518=ORIENTED_EDGE('',*,*,#3511,.T.) ;
#3519=ORIENTED_EDGE('',*,*,#3516,.T.) ;
#3520=ORIENTED_EDGE('',*,*,#3214,.T.) ;
#3521=ORIENTED_EDGE('',*,*,#3488,.F.) ;
#3543=ORIENTED_EDGE('',*,*,#3536,.T.) ;
#3544=ORIENTED_EDGE('',*,*,#3221,.F.) ;
#3545=ORIENTED_EDGE('',*,*,#3516,.F.) ;
#3546=ORIENTED_EDGE('',*,*,#3541,.T.) ;
#3571=ORIENTED_EDGE('',*,*,#3564,.T.) ;
#3572=ORIENTED_EDGE('',*,*,#3569,.T.) ;
#3573=ORIENTED_EDGE('',*,*,#3229,.T.) ;
#3574=ORIENTED_EDGE('',*,*,#3536,.F.) ;
#3599=ORIENTED_EDGE('',*,*,#3589,.T.) ;
#3600=ORIENTED_EDGE('',*,*,#3237,.F.) ;
#3601=ORIENTED_EDGE('',*,*,#3569,.F.) ;
#3602=ORIENTED_EDGE('',*,*,#3597,.F.) ;
#3619=ORIENTED_EDGE('',*,*,#3612,.T.) ;
#3620=ORIENTED_EDGE('',*,*,#3244,.F.) ;
#3621=ORIENTED_EDGE('',*,*,#3589,.F.) ;
#3622=ORIENTED_EDGE('',*,*,#3617,.T.) ;
#3647=ORIENTED_EDGE('',*,*,#3637,.T.) ;
#3648=ORIENTED_EDGE('',*,*,#3252,.T.) ;
#3649=ORIENTED_EDGE('',*,*,#3612,.F.) ;
#3650=ORIENTED_EDGE('',*,*,#3645,.F.) ;
#3674=ORIENTED_EDGE('',*,*,#3667,.F.) ;
#3675=ORIENTED_EDGE('',*,*,#3672,.T.) ;
#3676=ORIENTED_EDGE('',*,*,#3261,.T.) ;
#3677=ORIENTED_EDGE('',*,*,#3637,.F.) ;
#3692=ORIENTED_EDGE('',*,*,#3305,.T.) ;
#3693=ORIENTED_EDGE('',*,*,#3266,.F.) ;
#3694=ORIENTED_EDGE('',*,*,#3672,.F.) ;
#3695=ORIENTED_EDGE('',*,*,#3690,.T.) ;
#3700=ORIENTED_EDGE('',*,*,#3564,.F.) ;
#3701=ORIENTED_EDGE('',*,*,#3541,.F.) ;
#3702=ORIENTED_EDGE('',*,*,#3511,.F.) ;
#3703=ORIENTED_EDGE('',*,*,#3483,.F.) ;
#3704=ORIENTED_EDGE('',*,*,#3456,.T.) ;
#3705=ORIENTED_EDGE('',*,*,#3436,.T.) ;
#3706=ORIENTED_EDGE('',*,*,#3404,.T.) ;
#3707=ORIENTED_EDGE('',*,*,#3384,.T.) ;
#3708=ORIENTED_EDGE('',*,*,#3358,.T.) ;
#3709=ORIENTED_EDGE('',*,*,#3332,.T.) ;
#3710=ORIENTED_EDGE('',*,*,#3312,.F.) ;
#3711=ORIENTED_EDGE('',*,*,#3690,.F.) ;
#3712=ORIENTED_EDGE('',*,*,#3667,.T.) ;
#3713=ORIENTED_EDGE('',*,*,#3645,.T.) ;
#3714=ORIENTED_EDGE('',*,*,#3617,.F.) ;
#3715=ORIENTED_EDGE('',*,*,#3597,.T.) ;
#3861=ORIENTED_EDGE('',*,*,#3733,.T.) ;
#3862=ORIENTED_EDGE('',*,*,#3742,.T.) ;
#3863=ORIENTED_EDGE('',*,*,#3749,.T.) ;
#3864=ORIENTED_EDGE('',*,*,#3759,.F.) ;
#3865=ORIENTED_EDGE('',*,*,#3766,.T.) ;
#3866=ORIENTED_EDGE('',*,*,#3775,.T.) ;
#3867=ORIENTED_EDGE('',*,*,#3782,.F.) ;
#3868=ORIENTED_EDGE('',*,*,#3790,.T.) ;
#3869=ORIENTED_EDGE('',*,*,#3797,.F.) ;
#3870=ORIENTED_EDGE('',*,*,#3805,.T.) ;
#3871=ORIENTED_EDGE('',*,*,#3813,.F.) ;
#3872=ORIENTED_EDGE('',*,*,#3820,.F.) ;
#3873=ORIENTED_EDGE('',*,*,#3828,.F.) ;
#3874=ORIENTED_EDGE('',*,*,#3837,.T.) ;
#3875=ORIENTED_EDGE('',*,*,#3844,.T.) ;
#3876=ORIENTED_EDGE('',*,*,#3854,.F.) ;
#3877=ORIENTED_EDGE('',*,*,#3859,.T.) ;
#4006=ORIENTED_EDGE('',*,*,#3888,.F.) ;
#4007=ORIENTED_EDGE('',*,*,#3895,.F.) ;
#4008=ORIENTED_EDGE('',*,*,#3904,.T.) ;
#4009=ORIENTED_EDGE('',*,*,#3911,.F.) ;
#4010=ORIENTED_EDGE('',*,*,#3920,.F.) ;
#4011=ORIENTED_EDGE('',*,*,#3928,.F.) ;
#4012=ORIENTED_EDGE('',*,*,#3935,.T.) ;
#4013=ORIENTED_EDGE('',*,*,#3943,.T.) ;
#4014=ORIENTED_EDGE('',*,*,#3951,.F.) ;
#4015=ORIENTED_EDGE('',*,*,#3958,.T.) ;
#4016=ORIENTED_EDGE('',*,*,#3966,.F.) ;
#4017=ORIENTED_EDGE('',*,*,#3975,.F.) ;
#4018=ORIENTED_EDGE('',*,*,#3982,.F.) ;
#4019=ORIENTED_EDGE('',*,*,#3991,.T.) ;
#4020=ORIENTED_EDGE('',*,*,#3998,.F.) ;
#4021=ORIENTED_EDGE('',*,*,#4004,.F.) ;
#4036=ORIENTED_EDGE('',*,*,#4029,.F.) ;
#4037=ORIENTED_EDGE('',*,*,#3733,.F.) ;
#4038=ORIENTED_EDGE('',*,*,#4034,.F.) ;
#4039=ORIENTED_EDGE('',*,*,#2555,.F.) ;
#4048=ORIENTED_EDGE('',*,*,#4046,.T.) ;
#4049=ORIENTED_EDGE('',*,*,#3742,.F.) ;
#4050=ORIENTED_EDGE('',*,*,#4029,.T.) ;
#4051=ORIENTED_EDGE('',*,*,#2546,.F.) ;
#4060=ORIENTED_EDGE('',*,*,#4058,.T.) ;
#4061=ORIENTED_EDGE('',*,*,#3749,.F.) ;
#4062=ORIENTED_EDGE('',*,*,#4046,.F.) ;
#4063=ORIENTED_EDGE('',*,*,#2537,.T.) ;
#4072=ORIENTED_EDGE('',*,*,#2530,.F.) ;
#4073=ORIENTED_EDGE('',*,*,#4070,.T.) ;
#4074=ORIENTED_EDGE('',*,*,#3759,.T.) ;
#4075=ORIENTED_EDGE('',*,*,#4058,.F.) ;
#4084=ORIENTED_EDGE('',*,*,#4082,.T.) ;
#4085=ORIENTED_EDGE('',*,*,#3766,.F.) ;
#4086=ORIENTED_EDGE('',*,*,#4070,.F.) ;
#4087=ORIENTED_EDGE('',*,*,#2520,.F.) ;
#4104=ORIENTED_EDGE('',*,*,#4096,.F.) ;
#4105=ORIENTED_EDGE('',*,*,#4102,.F.) ;
#4106=ORIENTED_EDGE('',*,*,#3775,.F.) ;
#4107=ORIENTED_EDGE('',*,*,#4082,.F.) ;
#4108=ORIENTED_EDGE('',*,*,#2513,.T.) ;
#4109=ORIENTED_EDGE('',*,*,#2141,.T.) ;
#4119=ORIENTED_EDGE('',*,*,#4102,.T.) ;
#4120=ORIENTED_EDGE('',*,*,#4117,.T.) ;
#4121=ORIENTED_EDGE('',*,*,#3782,.T.) ;
#4131=ORIENTED_EDGE('',*,*,#4129,.F.) ;
#4132=ORIENTED_EDGE('',*,*,#3790,.F.) ;
#4133=ORIENTED_EDGE('',*,*,#4117,.F.) ;
#4134=ORIENTED_EDGE('',*,*,#4096,.T.) ;
#4135=ORIENTED_EDGE('',*,*,#2135,.T.) ;
#4136=ORIENTED_EDGE('',*,*,#2632,.T.) ;
#4145=ORIENTED_EDGE('',*,*,#2626,.F.) ;
#4146=ORIENTED_EDGE('',*,*,#4143,.F.) ;
#4147=ORIENTED_EDGE('',*,*,#3797,.T.) ;
#4148=ORIENTED_EDGE('',*,*,#4129,.T.) ;
#4157=ORIENTED_EDGE('',*,*,#4155,.F.) ;
#4158=ORIENTED_EDGE('',*,*,#3805,.F.) ;
#4159=ORIENTED_EDGE('',*,*,#4143,.T.) ;
#4160=ORIENTED_EDGE('',*,*,#2619,.T.) ;
#4169=ORIENTED_EDGE('',*,*,#2611,.F.) ;
#4170=ORIENTED_EDGE('',*,*,#4167,.F.) ;
#4171=ORIENTED_EDGE('',*,*,#3813,.T.) ;
#4172=ORIENTED_EDGE('',*,*,#4155,.T.) ;
#4181=ORIENTED_EDGE('',*,*,#2603,.F.) ;
#4182=ORIENTED_EDGE('',*,*,#4179,.F.) ;
#4183=ORIENTED_EDGE('',*,*,#3820,.T.) ;
#4184=ORIENTED_EDGE('',*,*,#4167,.T.) ;
#4193=ORIENTED_EDGE('',*,*,#2596,.F.) ;
#4194=ORIENTED_EDGE('',*,*,#4191,.F.) ;
#4195=ORIENTED_EDGE('',*,*,#3828,.T.) ;
#4196=ORIENTED_EDGE('',*,*,#4179,.T.) ;
#4205=ORIENTED_EDGE('',*,*,#4203,.T.) ;
#4206=ORIENTED_EDGE('',*,*,#3837,.F.) ;
#4207=ORIENTED_EDGE('',*,*,#4191,.T.) ;
#4208=ORIENTED_EDGE('',*,*,#2588,.F.) ;
#4217=ORIENTED_EDGE('',*,*,#2579,.T.) ;
#4218=ORIENTED_EDGE('',*,*,#4215,.T.) ;
#4219=ORIENTED_EDGE('',*,*,#3844,.F.) ;
#4220=ORIENTED_EDGE('',*,*,#4203,.F.) ;
#4229=ORIENTED_EDGE('',*,*,#2572,.T.) ;
#4230=ORIENTED_EDGE('',*,*,#4227,.T.) ;
#4231=ORIENTED_EDGE('',*,*,#3854,.T.) ;
#4232=ORIENTED_EDGE('',*,*,#4215,.F.) ;
#4236=ORIENTED_EDGE('',*,*,#4034,.T.) ;
#4237=ORIENTED_EDGE('',*,*,#3859,.F.) ;
#4238=ORIENTED_EDGE('',*,*,#4227,.F.) ;
#4239=ORIENTED_EDGE('',*,*,#2562,.T.) ;
#4263=ORIENTED_EDGE('',*,*,#4251,.T.) ;
#4264=ORIENTED_EDGE('',*,*,#4256,.T.) ;
#4265=ORIENTED_EDGE('',*,*,#3888,.T.) ;
#4266=ORIENTED_EDGE('',*,*,#4261,.T.) ;
#4282=ORIENTED_EDGE('',*,*,#4275,.F.) ;
#4283=ORIENTED_EDGE('',*,*,#4280,.T.) ;
#4284=ORIENTED_EDGE('',*,*,#3895,.T.) ;
#4285=ORIENTED_EDGE('',*,*,#4256,.F.) ;
#4303=ORIENTED_EDGE('',*,*,#4294,.T.) ;
#4304=ORIENTED_EDGE('',*,*,#3904,.F.) ;
#4305=ORIENTED_EDGE('',*,*,#4280,.F.) ;
#4306=ORIENTED_EDGE('',*,*,#4301,.F.) ;
#4322=ORIENTED_EDGE('',*,*,#4315,.T.) ;
#4323=ORIENTED_EDGE('',*,*,#3911,.T.) ;
#4324=ORIENTED_EDGE('',*,*,#4294,.F.) ;
#4325=ORIENTED_EDGE('',*,*,#4320,.F.) ;
#4343=ORIENTED_EDGE('',*,*,#4336,.T.) ;
#4344=ORIENTED_EDGE('',*,*,#4341,.F.) ;
#4345=ORIENTED_EDGE('',*,*,#3920,.T.) ;
#4346=ORIENTED_EDGE('',*,*,#4315,.F.) ;
#4365=ORIENTED_EDGE('',*,*,#4355,.F.) ;
#4366=ORIENTED_EDGE('',*,*,#3928,.T.) ;
#4367=ORIENTED_EDGE('',*,*,#4341,.T.) ;
#4368=ORIENTED_EDGE('',*,*,#4363,.T.) ;
#4384=ORIENTED_EDGE('',*,*,#4377,.F.) ;
#4385=ORIENTED_EDGE('',*,*,#3935,.F.) ;
#4386=ORIENTED_EDGE('',*,*,#4355,.T.) ;
#4387=ORIENTED_EDGE('',*,*,#4382,.T.) ;
#4406=ORIENTED_EDGE('',*,*,#4396,.F.) ;
#4407=ORIENTED_EDGE('',*,*,#3943,.F.) ;
#4408=ORIENTED_EDGE('',*,*,#4377,.T.) ;
#4409=ORIENTED_EDGE('',*,*,#4404,.T.) ;
#4428=ORIENTED_EDGE('',*,*,#4421,.F.) ;
#4429=ORIENTED_EDGE('',*,*,#4426,.F.) ;
#4430=ORIENTED_EDGE('',*,*,#3951,.T.) ;
#4431=ORIENTED_EDGE('',*,*,#4396,.T.) ;
#4447=ORIENTED_EDGE('',*,*,#4440,.F.) ;
#4448=ORIENTED_EDGE('',*,*,#3958,.F.) ;
#4449=ORIENTED_EDGE('',*,*,#4426,.T.) ;
#4450=ORIENTED_EDGE('',*,*,#4445,.T.) ;
#4469=ORIENTED_EDGE('',*,*,#4462,.F.) ;
#4470=ORIENTED_EDGE('',*,*,#4467,.F.) ;
#4471=ORIENTED_EDGE('',*,*,#3966,.T.) ;
#4472=ORIENTED_EDGE('',*,*,#4440,.T.) ;
#4490=ORIENTED_EDGE('',*,*,#4483,.F.) ;
#4491=ORIENTED_EDGE('',*,*,#4488,.T.) ;
#4492=ORIENTED_EDGE('',*,*,#3975,.T.) ;
#4493=ORIENTED_EDGE('',*,*,#4467,.T.) ;
#4509=ORIENTED_EDGE('',*,*,#4502,.T.) ;
#4510=ORIENTED_EDGE('',*,*,#4507,.T.) ;
#4511=ORIENTED_EDGE('',*,*,#3982,.T.) ;
#4512=ORIENTED_EDGE('',*,*,#4488,.F.) ;
#4530=ORIENTED_EDGE('',*,*,#4521,.T.) ;
#4531=ORIENTED_EDGE('',*,*,#3991,.F.) ;
#4532=ORIENTED_EDGE('',*,*,#4507,.F.) ;
#4533=ORIENTED_EDGE('',*,*,#4528,.T.) ;
#4549=ORIENTED_EDGE('',*,*,#4542,.F.) ;
#4550=ORIENTED_EDGE('',*,*,#4547,.T.) ;
#4551=ORIENTED_EDGE('',*,*,#3998,.T.) ;
#4552=ORIENTED_EDGE('',*,*,#4521,.F.) ;
#4562=ORIENTED_EDGE('',*,*,#4560,.T.) ;
#4563=ORIENTED_EDGE('',*,*,#4261,.F.) ;
#4564=ORIENTED_EDGE('',*,*,#4004,.T.) ;
#4565=ORIENTED_EDGE('',*,*,#4547,.F.) ;
#4569=ORIENTED_EDGE('',*,*,#4445,.F.) ;
#4570=ORIENTED_EDGE('',*,*,#4421,.T.) ;
#4571=ORIENTED_EDGE('',*,*,#4404,.F.) ;
#4572=ORIENTED_EDGE('',*,*,#4382,.F.) ;
#4573=ORIENTED_EDGE('',*,*,#4363,.F.) ;
#4574=ORIENTED_EDGE('',*,*,#4336,.F.) ;
#4575=ORIENTED_EDGE('',*,*,#4320,.T.) ;
#4576=ORIENTED_EDGE('',*,*,#4301,.T.) ;
#4577=ORIENTED_EDGE('',*,*,#4275,.T.) ;
#4578=ORIENTED_EDGE('',*,*,#4251,.F.) ;
#4579=ORIENTED_EDGE('',*,*,#4560,.F.) ;
#4580=ORIENTED_EDGE('',*,*,#4542,.T.) ;
#4581=ORIENTED_EDGE('',*,*,#4528,.F.) ;
#4582=ORIENTED_EDGE('',*,*,#4502,.F.) ;
#4583=ORIENTED_EDGE('',*,*,#4483,.T.) ;
#4584=ORIENTED_EDGE('',*,*,#4462,.T.) ;
#30=MANIFOLD_SOLID_BREP('\X2\FF8AFF9FFF70FF82\X0\ \X2\FF8EFF9EFF83FF9EFF68FF70\X0\',#39) ;
#140=MANIFOLD_SOLID_BREP('\X2\FF8AFF9FFF70FF82\X0\ \X2\FF8EFF9EFF83FF9EFF68FF70\X0\',#142) ;
#243=MANIFOLD_SOLID_BREP('\X2\FF8AFF9FFF70FF82\X0\ \X2\FF8EFF9EFF83FF9EFF68FF70\X0\',#252) ;
#50=VERTEX_POINT('',#49) ;
#52=VERTEX_POINT('',#51) ;
#59=VERTEX_POINT('',#58) ;
#66=VERTEX_POINT('',#65) ;
#153=VERTEX_POINT('',#152) ;
#155=VERTEX_POINT('',#154) ;
#162=VERTEX_POINT('',#161) ;
#169=VERTEX_POINT('',#168) ;
#263=VERTEX_POINT('',#262) ;
#265=VERTEX_POINT('',#264) ;
#272=VERTEX_POINT('',#271) ;
#279=VERTEX_POINT('',#278) ;
#311=VERTEX_POINT('',#310) ;
#313=VERTEX_POINT('',#312) ;
#343=VERTEX_POINT('',#342) ;
#345=VERTEX_POINT('',#344) ;
#361=VERTEX_POINT('',#360) ;
#368=VERTEX_POINT('',#367) ;
#375=VERTEX_POINT('',#374) ;
#395=VERTEX_POINT('',#394) ;
#397=VERTEX_POINT('',#396) ;
#404=VERTEX_POINT('',#403) ;
#411=VERTEX_POINT('',#410) ;
#418=VERTEX_POINT('',#417) ;
#425=VERTEX_POINT('',#424) ;
#445=VERTEX_POINT('',#444) ;
#447=VERTEX_POINT('',#446) ;
#454=VERTEX_POINT('',#453) ;
#461=VERTEX_POINT('',#460) ;
#479=VERTEX_POINT('',#478) ;
#481=VERTEX_POINT('',#480) ;
#497=VERTEX_POINT('',#496) ;
#499=VERTEX_POINT('',#498) ;
#522=VERTEX_POINT('',#521) ;
#547=VERTEX_POINT('',#546) ;
#554=VERTEX_POINT('',#553) ;
#579=VERTEX_POINT('',#578) ;
#604=VERTEX_POINT('',#603) ;
#629=VERTEX_POINT('',#628) ;
#636=VERTEX_POINT('',#635) ;
#672=VERTEX_POINT('',#671) ;
#715=VERTEX_POINT('',#714) ;
#722=VERTEX_POINT('',#721) ;
#747=VERTEX_POINT('',#746) ;
#772=VERTEX_POINT('',#771) ;
#792=VERTEX_POINT('',#791) ;
#817=VERTEX_POINT('',#816) ;
#855=VERTEX_POINT('',#854) ;
#862=VERTEX_POINT('',#861) ;
#887=VERTEX_POINT('',#886) ;
#912=VERTEX_POINT('',#911) ;
#955=VERTEX_POINT('',#954) ;
#962=VERTEX_POINT('',#961) ;
#1000=VERTEX_POINT('',#999) ;
#1007=VERTEX_POINT('',#1006) ;
#1045=VERTEX_POINT('',#1044) ;
#1070=VERTEX_POINT('',#1069) ;
#1077=VERTEX_POINT('',#1076) ;
#1126=VERTEX_POINT('',#1125) ;
#1128=VERTEX_POINT('',#1127) ;
#1181=VERTEX_POINT('',#1180) ;
#1188=VERTEX_POINT('',#1187) ;
#1213=VERTEX_POINT('',#1212) ;
#1238=VERTEX_POINT('',#1237) ;
#1263=VERTEX_POINT('',#1262) ;
#1288=VERTEX_POINT('',#1287) ;
#1331=VERTEX_POINT('',#1330) ;
#1338=VERTEX_POINT('',#1337) ;
#1363=VERTEX_POINT('',#1362) ;
#1388=VERTEX_POINT('',#1387) ;
#1448=VERTEX_POINT('',#1447) ;
#1450=VERTEX_POINT('',#1449) ;
#1457=VERTEX_POINT('',#1456) ;
#1464=VERTEX_POINT('',#1463) ;
#1471=VERTEX_POINT('',#1470) ;
#1483=VERTEX_POINT('',#1482) ;
#1541=VERTEX_POINT('',#1540) ;
#1548=VERTEX_POINT('',#1547) ;
#1555=VERTEX_POINT('',#1554) ;
#1562=VERTEX_POINT('',#1561) ;
#1590=VERTEX_POINT('',#1589) ;
#1592=VERTEX_POINT('',#1591) ;
#1599=VERTEX_POINT('',#1598) ;
#1606=VERTEX_POINT('',#1605) ;
#1613=VERTEX_POINT('',#1612) ;
#1620=VERTEX_POINT('',#1619) ;
#1632=VERTEX_POINT('',#1631) ;
#1639=VERTEX_POINT('',#1638) ;
#1646=VERTEX_POINT('',#1645) ;
#1653=VERTEX_POINT('',#1652) ;
#1660=VERTEX_POINT('',#1659) ;
#1667=VERTEX_POINT('',#1666) ;
#1674=VERTEX_POINT('',#1673) ;
#1718=VERTEX_POINT('',#1717) ;
#1743=VERTEX_POINT('',#1742) ;
#1745=VERTEX_POINT('',#1744) ;
#1752=VERTEX_POINT('',#1751) ;
#1759=VERTEX_POINT('',#1758) ;
#1766=VERTEX_POINT('',#1765) ;
#1773=VERTEX_POINT('',#1772) ;
#1780=VERTEX_POINT('',#1779) ;
#1792=VERTEX_POINT('',#1791) ;
#1799=VERTEX_POINT('',#1798) ;
#1806=VERTEX_POINT('',#1805) ;
#1813=VERTEX_POINT('',#1812) ;
#1820=VERTEX_POINT('',#1819) ;
#1857=VERTEX_POINT('',#1856) ;
#1876=VERTEX_POINT('',#1875) ;
#1912=VERTEX_POINT('',#1911) ;
#1919=VERTEX_POINT('',#1918) ;
#1926=VERTEX_POINT('',#1925) ;
#1933=VERTEX_POINT('',#1932) ;
#2064=VERTEX_POINT('',#2063) ;
#2088=VERTEX_POINT('',#2087) ;
#2112=VERTEX_POINT('',#2111) ;
#2119=VERTEX_POINT('',#2118) ;
#2126=VERTEX_POINT('',#2125) ;
#2134=VERTEX_POINT('',#2133) ;
#2162=VERTEX_POINT('',#2161) ;
#2186=VERTEX_POINT('',#2185) ;
#2214=VERTEX_POINT('',#2213) ;
#2233=VERTEX_POINT('',#2232) ;
#2252=VERTEX_POINT('',#2251) ;
#2254=VERTEX_POINT('',#2253) ;
#2266=VERTEX_POINT('',#2265) ;
#2275=VERTEX_POINT('',#2274) ;
#2282=VERTEX_POINT('',#2281) ;
#2292=VERTEX_POINT('',#2291) ;
#2299=VERTEX_POINT('',#2298) ;
#2308=VERTEX_POINT('',#2307) ;
#2317=VERTEX_POINT('',#2316) ;
#2324=VERTEX_POINT('',#2323) ;
#2334=VERTEX_POINT('',#2333) ;
#2341=VERTEX_POINT('',#2340) ;
#2350=VERTEX_POINT('',#2349) ;
#2358=VERTEX_POINT('',#2357) ;
#2365=VERTEX_POINT('',#2364) ;
#2373=VERTEX_POINT('',#2372) ;
#2381=VERTEX_POINT('',#2380) ;
#2388=VERTEX_POINT('',#2387) ;
#2497=VERTEX_POINT('',#2496) ;
#2512=VERTEX_POINT('',#2511) ;
#2519=VERTEX_POINT('',#2518) ;
#2529=VERTEX_POINT('',#2528) ;
#2536=VERTEX_POINT('',#2535) ;
#2545=VERTEX_POINT('',#2544) ;
#2554=VERTEX_POINT('',#2553) ;
#2561=VERTEX_POINT('',#2560) ;
#2571=VERTEX_POINT('',#2570) ;
#2578=VERTEX_POINT('',#2577) ;
#2587=VERTEX_POINT('',#2586) ;
#2595=VERTEX_POINT('',#2594) ;
#2602=VERTEX_POINT('',#2601) ;
#2610=VERTEX_POINT('',#2609) ;
#2618=VERTEX_POINT('',#2617) ;
#2625=VERTEX_POINT('',#2624) ;
#2677=VERTEX_POINT('',#2676) ;
#2685=VERTEX_POINT('',#2684) ;
#2694=VERTEX_POINT('',#2693) ;
#2721=VERTEX_POINT('',#2720) ;
#2749=VERTEX_POINT('',#2748) ;
#2774=VERTEX_POINT('',#2773) ;
#2801=VERTEX_POINT('',#2800) ;
#2828=VERTEX_POINT('',#2827) ;
#2848=VERTEX_POINT('',#2847) ;
#2876=VERTEX_POINT('',#2875) ;
#2901=VERTEX_POINT('',#2900) ;
#2928=VERTEX_POINT('',#2927) ;
#2956=VERTEX_POINT('',#2955) ;
#2981=VERTEX_POINT('',#2980) ;
#3009=VERTEX_POINT('',#3008) ;
#3037=VERTEX_POINT('',#3036) ;
#3057=VERTEX_POINT('',#3056) ;
#3085=VERTEX_POINT('',#3084) ;
#3148=VERTEX_POINT('',#3147) ;
#3150=VERTEX_POINT('',#3149) ;
#3157=VERTEX_POINT('',#3156) ;
#3165=VERTEX_POINT('',#3164) ;
#3173=VERTEX_POINT('',#3172) ;
#3180=VERTEX_POINT('',#3179) ;
#3189=VERTEX_POINT('',#3188) ;
#3196=VERTEX_POINT('',#3195) ;
#3205=VERTEX_POINT('',#3204) ;
#3213=VERTEX_POINT('',#3212) ;
#3220=VERTEX_POINT('',#3219) ;
#3228=VERTEX_POINT('',#3227) ;
#3236=VERTEX_POINT('',#3235) ;
#3243=VERTEX_POINT('',#3242) ;
#3251=VERTEX_POINT('',#3250) ;
#3260=VERTEX_POINT('',#3259) ;
#3297=VERTEX_POINT('',#3296) ;
#3304=VERTEX_POINT('',#3303) ;
#3331=VERTEX_POINT('',#3330) ;
#3357=VERTEX_POINT('',#3356) ;
#3383=VERTEX_POINT('',#3382) ;
#3403=VERTEX_POINT('',#3402) ;
#3428=VERTEX_POINT('',#3427) ;
#3455=VERTEX_POINT('',#3454) ;
#3482=VERTEX_POINT('',#3481) ;
#3510=VERTEX_POINT('',#3509) ;
#3535=VERTEX_POINT('',#3534) ;
#3563=VERTEX_POINT('',#3562) ;
#3588=VERTEX_POINT('',#3587) ;
#3611=VERTEX_POINT('',#3610) ;
#3636=VERTEX_POINT('',#3635) ;
#3666=VERTEX_POINT('',#3665) ;
#3730=VERTEX_POINT('',#3729) ;
#3732=VERTEX_POINT('',#3731) ;
#3741=VERTEX_POINT('',#3740) ;
#3748=VERTEX_POINT('',#3747) ;
#3758=VERTEX_POINT('',#3757) ;
#3765=VERTEX_POINT('',#3764) ;
#3774=VERTEX_POINT('',#3773) ;
#3781=VERTEX_POINT('',#3780) ;
#3789=VERTEX_POINT('',#3788) ;
#3796=VERTEX_POINT('',#3795) ;
#3804=VERTEX_POINT('',#3803) ;
#3812=VERTEX_POINT('',#3811) ;
#3819=VERTEX_POINT('',#3818) ;
#3827=VERTEX_POINT('',#3826) ;
#3836=VERTEX_POINT('',#3835) ;
#3843=VERTEX_POINT('',#3842) ;
#3853=VERTEX_POINT('',#3852) ;
#3885=VERTEX_POINT('',#3884) ;
#3887=VERTEX_POINT('',#3886) ;
#3894=VERTEX_POINT('',#3893) ;
#3903=VERTEX_POINT('',#3902) ;
#3910=VERTEX_POINT('',#3909) ;
#3919=VERTEX_POINT('',#3918) ;
#3927=VERTEX_POINT('',#3926) ;
#3934=VERTEX_POINT('',#3933) ;
#3942=VERTEX_POINT('',#3941) ;
#3950=VERTEX_POINT('',#3949) ;
#3957=VERTEX_POINT('',#3956) ;
#3965=VERTEX_POINT('',#3964) ;
#3974=VERTEX_POINT('',#3973) ;
#3981=VERTEX_POINT('',#3980) ;
#3990=VERTEX_POINT('',#3989) ;
#3997=VERTEX_POINT('',#3996) ;
#4095=VERTEX_POINT('',#4094) ;
#4248=VERTEX_POINT('',#4247) ;
#4250=VERTEX_POINT('',#4249) ;
#4274=VERTEX_POINT('',#4273) ;
#4293=VERTEX_POINT('',#4292) ;
#4314=VERTEX_POINT('',#4313) ;
#4335=VERTEX_POINT('',#4334) ;
#4354=VERTEX_POINT('',#4353) ;
#4376=VERTEX_POINT('',#4375) ;
#4395=VERTEX_POINT('',#4394) ;
#4420=VERTEX_POINT('',#4419) ;
#4439=VERTEX_POINT('',#4438) ;
#4461=VERTEX_POINT('',#4460) ;
#4482=VERTEX_POINT('',#4481) ;
#4501=VERTEX_POINT('',#4500) ;
#4520=VERTEX_POINT('',#4519) ;
#4541=VERTEX_POINT('',#4540) ;
#119=NEXT_ASSEMBLY_USAGE_OCCURRENCE('E-LEAD_D18_TERMINAL+.1','E-LEAD_D18_TERMINAL+.1','',#13,#28,'E-LEAD_D18_TERMINAL+.1') ;
#222=NEXT_ASSEMBLY_USAGE_OCCURRENCE('E-LEAD_D18_TERMINAL-.1','E-LEAD_D18_TERMINAL-.1','',#13,#138,'E-LEAD_D18_TERMINAL-.1') ;
#4589=NEXT_ASSEMBLY_USAGE_OCCURRENCE('E-LEAD_D18_L25_ELEMENT.1','E-LEAD_D18_L25_ELEMENT.1','',#13,#241,'E-LEAD_D18_L25_ELEMENT.1') ;
#117=ADVANCED_BREP_SHAPE_REPRESENTATION('NONE',(#30),#23) ;
#220=ADVANCED_BREP_SHAPE_REPRESENTATION('NONE',(#140),#133) ;
#4587=ADVANCED_BREP_SHAPE_REPRESENTATION('NONE',(#243),#236) ;
#79=ADVANCED_FACE('\X2\FF8AFF9FFF70FF82\X0\ \X2\FF8EFF9EFF83FF9EFF68FF70\X0\',(#78),#44,.T.) ;
#96=ADVANCED_FACE('\X2\FF8AFF9FFF70FF82\X0\ \X2\FF8EFF9EFF83FF9EFF68FF70\X0\',(#95),#44,.T.) ;
#106=ADVANCED_FACE('\X2\FF8AFF9FFF70FF82\X0\ \X2\FF8EFF9EFF83FF9EFF68FF70\X0\',(#105),#101,.T.) ;
#116=ADVANCED_FACE('\X2\FF8AFF9FFF70FF82\X0\ \X2\FF8EFF9EFF83FF9EFF68FF70\X0\',(#115),#111,.F.) ;
#182=ADVANCED_FACE('\X2\FF8AFF9FFF70FF82\X0\ \X2\FF8EFF9EFF83FF9EFF68FF70\X0\',(#181),#147,.T.) ;
#199=ADVANCED_FACE('\X2\FF8AFF9FFF70FF82\X0\ \X2\FF8EFF9EFF83FF9EFF68FF70\X0\',(#198),#147,.T.) ;
#209=ADVANCED_FACE('\X2\FF8AFF9FFF70FF82\X0\ \X2\FF8EFF9EFF83FF9EFF68FF70\X0\',(#208),#204,.T.) ;
#219=ADVANCED_FACE('\X2\FF8AFF9FFF70FF82\X0\ \X2\FF8EFF9EFF83FF9EFF68FF70\X0\',(#218),#214,.F.) ;
#292=ADVANCED_FACE('\X2\FF8AFF9FFF70FF82\X0\ \X2\FF8EFF9EFF83FF9EFF68FF70\X0\',(#291),#257,.T.) ;
#331=ADVANCED_FACE('\X2\FF8AFF9FFF70FF82\X0\ \X2\FF8EFF9EFF83FF9EFF68FF70\X0\',(#330),#305,.T.) ;
#510=ADVANCED_FACE('\X2\FF8AFF9FFF70FF82\X0\ \X2\FF8EFF9EFF83FF9EFF68FF70\X0\',(#355,#389,#439,#473,#491,#509),#337,.F.) ;
#535=ADVANCED_FACE('\X2\FF8AFF9FFF70FF82\X0\ \X2\FF8EFF9EFF83FF9EFF68FF70\X0\',(#534),#516,.T.) ;
#567=ADVANCED_FACE('\X2\FF8AFF9FFF70FF82\X0\ \X2\FF8EFF9EFF83FF9EFF68FF70\X0\',(#566),#541,.T.) ;
#592=ADVANCED_FACE('\X2\FF8AFF9FFF70FF82\X0\ \X2\FF8EFF9EFF83FF9EFF68FF70\X0\',(#591),#573,.F.) ;
#617=ADVANCED_FACE('\X2\FF8AFF9FFF70FF82\X0\ \X2\FF8EFF9EFF83FF9EFF68FF70\X0\',(#616),#598,.T.) ;
#649=ADVANCED_FACE('\X2\FF8AFF9FFF70FF82\X0\ \X2\FF8EFF9EFF83FF9EFF68FF70\X0\',(#648),#623,.F.) ;
#661=ADVANCED_FACE('\X2\FF8AFF9FFF70FF82\X0\ \X2\FF8EFF9EFF83FF9EFF68FF70\X0\',(#660),#623,.F.) ;
#685=ADVANCED_FACE('\X2\FF8AFF9FFF70FF82\X0\ \X2\FF8EFF9EFF83FF9EFF68FF70\X0\',(#684),#666,.F.) ;
#703=ADVANCED_FACE('\X2\FF8AFF9FFF70FF82\X0\ \X2\FF8EFF9EFF83FF9EFF68FF70\X0\',(#702),#691,.T.) ;
#735=ADVANCED_FACE('\X2\FF8AFF9FFF70FF82\X0\ \X2\FF8EFF9EFF83FF9EFF68FF70\X0\',(#734),#709,.T.) ;
#760=ADVANCED_FACE('\X2\FF8AFF9FFF70FF82\X0\ \X2\FF8EFF9EFF83FF9EFF68FF70\X0\',(#759),#741,.T.) ;
#785=ADVANCED_FACE('\X2\FF8AFF9FFF70FF82\X0\ \X2\FF8EFF9EFF83FF9EFF68FF70\X0\',(#784),#766,.T.) ;
#805=ADVANCED_FACE('\X2\FF8AFF9FFF70FF82\X0\ \X2\FF8EFF9EFF83FF9EFF68FF70\X0\',(#804),#257,.T.) ;
#830=ADVANCED_FACE('\X2\FF8AFF9FFF70FF82\X0\ \X2\FF8EFF9EFF83FF9EFF68FF70\X0\',(#829),#811,.T.) ;
#843=ADVANCED_FACE('\X2\FF8AFF9FFF70FF82\X0\ \X2\FF8EFF9EFF83FF9EFF68FF70\X0\',(#842),#573,.F.) ;
#875=ADVANCED_FACE('\X2\FF8AFF9FFF70FF82\X0\ \X2\FF8EFF9EFF83FF9EFF68FF70\X0\',(#874),#849,.T.) ;
#900=ADVANCED_FACE('\X2\FF8AFF9FFF70FF82\X0\ \X2\FF8EFF9EFF83FF9EFF68FF70\X0\',(#899),#881,.T.) ;
#925=ADVANCED_FACE('\X2\FF8AFF9FFF70FF82\X0\ \X2\FF8EFF9EFF83FF9EFF68FF70\X0\',(#924),#906,.T.) ;
#943=ADVANCED_FACE('\X2\FF8AFF9FFF70FF82\X0\ \X2\FF8EFF9EFF83FF9EFF68FF70\X0\',(#942),#931,.T.) ;
#975=ADVANCED_FACE('\X2\FF8AFF9FFF70FF82\X0\ \X2\FF8EFF9EFF83FF9EFF68FF70\X0\',(#974),#949,.F.) ;
#988=ADVANCED_FACE('\X2\FF8AFF9FFF70FF82\X0\ \X2\FF8EFF9EFF83FF9EFF68FF70\X0\',(#987),#949,.F.) ;
#1020=ADVANCED_FACE('\X2\FF8AFF9FFF70FF82\X0\ \X2\FF8EFF9EFF83FF9EFF68FF70\X0\',(#1019),#994,.F.) ;
#1033=ADVANCED_FACE('\X2\FF8AFF9FFF70FF82\X0\ \X2\FF8EFF9EFF83FF9EFF68FF70\X0\',(#1032),#994,.F.) ;
#1058=ADVANCED_FACE('\X2\FF8AFF9FFF70FF82\X0\ \X2\FF8EFF9EFF83FF9EFF68FF70\X0\',(#1057),#1039,.T.) ;
#1092=ADVANCED_FACE('\X2\FF8AFF9FFF70FF82\X0\ \X2\FF8EFF9EFF83FF9EFF68FF70\X0\',(#1091),#1064,.T.) ;
#1110=ADVANCED_FACE('\X2\FF8AFF9FFF70FF82\X0\ \X2\FF8EFF9EFF83FF9EFF68FF70\X0\',(#1109),#1098,.T.) ;
#1139=ADVANCED_FACE('\X2\FF8AFF9FFF70FF82\X0\ \X2\FF8EFF9EFF83FF9EFF68FF70\X0\',(#1120,#1138),#1116,.T.) ;
#1156=ADVANCED_FACE('\X2\FF8AFF9FFF70FF82\X0\ \X2\FF8EFF9EFF83FF9EFF68FF70\X0\',(#1155),#1144,.T.) ;
#1169=ADVANCED_FACE('\X2\FF8AFF9FFF70FF82\X0\ \X2\FF8EFF9EFF83FF9EFF68FF70\X0\',(#1168),#1162,.T.) ;
#1201=ADVANCED_FACE('\X2\FF8AFF9FFF70FF82\X0\ \X2\FF8EFF9EFF83FF9EFF68FF70\X0\',(#1200),#1175,.T.) ;
#1226=ADVANCED_FACE('\X2\FF8AFF9FFF70FF82\X0\ \X2\FF8EFF9EFF83FF9EFF68FF70\X0\',(#1225),#1207,.T.) ;
#1251=ADVANCED_FACE('\X2\FF8AFF9FFF70FF82\X0\ \X2\FF8EFF9EFF83FF9EFF68FF70\X0\',(#1250),#1232,.T.) ;
#1276=ADVANCED_FACE('\X2\FF8AFF9FFF70FF82\X0\ \X2\FF8EFF9EFF83FF9EFF68FF70\X0\',(#1275),#1257,.T.) ;
#1301=ADVANCED_FACE('\X2\FF8AFF9FFF70FF82\X0\ \X2\FF8EFF9EFF83FF9EFF68FF70\X0\',(#1300),#1282,.T.) ;
#1319=ADVANCED_FACE('\X2\FF8AFF9FFF70FF82\X0\ \X2\FF8EFF9EFF83FF9EFF68FF70\X0\',(#1318),#1307,.T.) ;
#1351=ADVANCED_FACE('\X2\FF8AFF9FFF70FF82\X0\ \X2\FF8EFF9EFF83FF9EFF68FF70\X0\',(#1350),#1325,.T.) ;
#1376=ADVANCED_FACE('\X2\FF8AFF9FFF70FF82\X0\ \X2\FF8EFF9EFF83FF9EFF68FF70\X0\',(#1375),#1357,.T.) ;
#1401=ADVANCED_FACE('\X2\FF8AFF9FFF70FF82\X0\ \X2\FF8EFF9EFF83FF9EFF68FF70\X0\',(#1400),#1382,.T.) ;
#1419=ADVANCED_FACE('\X2\FF8AFF9FFF70FF82\X0\ \X2\FF8EFF9EFF83FF9EFF68FF70\X0\',(#1418),#1407,.T.) ;
#1430=ADVANCED_FACE('\X2\FF8AFF9FFF70FF82\X0\ \X2\FF8EFF9EFF83FF9EFF68FF70\X0\',(#1429),#1425,.F.) ;
#1436=ADVANCED_FACE('\X2\FF8AFF9FFF70FF82\X0\ \X2\FF8EFF9EFF83FF9EFF68FF70\X0\',(#1435),#1425,.F.) ;
#1500=ADVANCED_FACE('\X2\FF8AFF9FFF70FF82\X0\ \X2\FF8EFF9EFF83FF9EFF68FF70\X0\',(#1499),#1442,.F.) ;
#1512=ADVANCED_FACE('\X2\FF8AFF9FFF70FF82\X0\ \X2\FF8EFF9EFF83FF9EFF68FF70\X0\',(#1511),#1442,.F.) ;
#1521=ADVANCED_FACE('\X2\FF8AFF9FFF70FF82\X0\ \X2\FF8EFF9EFF83FF9EFF68FF70\X0\',(#1520),#1064,.T.) ;
#1529=ADVANCED_FACE('\X2\FF8AFF9FFF70FF82\X0\ \X2\FF8EFF9EFF83FF9EFF68FF70\X0\',(#1528),#1064,.T.) ;
#1579=ADVANCED_FACE('\X2\FF8AFF9FFF70FF82\X0\ \X2\FF8EFF9EFF83FF9EFF68FF70\X0\',(#1578),#1535,.F.) ;
#1699=ADVANCED_FACE('\X2\FF8AFF9FFF70FF82\X0\ \X2\FF8EFF9EFF83FF9EFF68FF70\X0\',(#1698),#1584,.F.) ;
#1731=ADVANCED_FACE('\X2\FF8AFF9FFF70FF82\X0\ \X2\FF8EFF9EFF83FF9EFF68FF70\X0\',(#1730),#1712,.F.) ;
#1845=ADVANCED_FACE('\X2\FF8AFF9FFF70FF82\X0\ \X2\FF8EFF9EFF83FF9EFF68FF70\X0\',(#1844),#1737,.T.) ;
#1870=ADVANCED_FACE('\X2\FF8AFF9FFF70FF82\X0\ \X2\FF8EFF9EFF83FF9EFF68FF70\X0\',(#1869),#1851,.T.) ;
#1889=ADVANCED_FACE('\X2\FF8AFF9FFF70FF82\X0\ \X2\FF8EFF9EFF83FF9EFF68FF70\X0\',(#1888),#1851,.T.) ;
#1901=ADVANCED_FACE('\X2\FF8AFF9FFF70FF82\X0\ \X2\FF8EFF9EFF83FF9EFF68FF70\X0\',(#1900),#1851,.T.) ;
#1950=ADVANCED_FACE('\X2\FF8AFF9FFF70FF82\X0\ \X2\FF8EFF9EFF83FF9EFF68FF70\X0\',(#1949),#1442,.F.) ;
#1967=ADVANCED_FACE('\X2\FF8AFF9FFF70FF82\X0\ \X2\FF8EFF9EFF83FF9EFF68FF70\X0\',(#1966),#1955,.T.) ;
#1985=ADVANCED_FACE('\X2\FF8AFF9FFF70FF82\X0\ \X2\FF8EFF9EFF83FF9EFF68FF70\X0\',(#1984),#1973,.T.) ;
#2003=ADVANCED_FACE('\X2\FF8AFF9FFF70FF82\X0\ \X2\FF8EFF9EFF83FF9EFF68FF70\X0\',(#2002),#1991,.T.) ;
#2021=ADVANCED_FACE('\X2\FF8AFF9FFF70FF82\X0\ \X2\FF8EFF9EFF83FF9EFF68FF70\X0\',(#2020),#2009,.T.) ;
#2039=ADVANCED_FACE('\X2\FF8AFF9FFF70FF82\X0\ \X2\FF8EFF9EFF83FF9EFF68FF70\X0\',(#2038),#2027,.F.) ;
#2052=ADVANCED_FACE('\X2\FF8AFF9FFF70FF82\X0\ \X2\FF8EFF9EFF83FF9EFF68FF70\X0\',(#2051),#2045,.T.) ;
#2077=ADVANCED_FACE('\X2\FF8AFF9FFF70FF82\X0\ \X2\FF8EFF9EFF83FF9EFF68FF70\X0\',(#2076),#2058,.F.) ;
#2101=ADVANCED_FACE('\X2\FF8AFF9FFF70FF82\X0\ \X2\FF8EFF9EFF83FF9EFF68FF70\X0\',(#2100),#2082,.T.) ;
#2151=ADVANCED_FACE('\X2\FF8AFF9FFF70FF82\X0\ \X2\FF8EFF9EFF83FF9EFF68FF70\X0\',(#2150),#2106,.T.) ;
#2175=ADVANCED_FACE('\X2\FF8AFF9FFF70FF82\X0\ \X2\FF8EFF9EFF83FF9EFF68FF70\X0\',(#2174),#2156,.T.) ;
#2208=ADVANCED_FACE('\X2\FF8AFF9FFF70FF82\X0\ \X2\FF8EFF9EFF83FF9EFF68FF70\X0\',(#2207),#2180,.T.) ;
#2227=ADVANCED_FACE('\X2\FF8AFF9FFF70FF82\X0\ \X2\FF8EFF9EFF83FF9EFF68FF70\X0\',(#2226),#2058,.F.) ;
#2246=ADVANCED_FACE('\X2\FF8AFF9FFF70FF82\X0\ \X2\FF8EFF9EFF83FF9EFF68FF70\X0\',(#2245),#2082,.T.) ;
#2419=ADVANCED_FACE('\X2\FF8AFF9FFF70FF82\X0\ \X2\FF8EFF9EFF83FF9EFF68FF70\X0\',(#2418),#2106,.T.) ;
#2431=ADVANCED_FACE('\X2\FF8AFF9FFF70FF82\X0\ \X2\FF8EFF9EFF83FF9EFF68FF70\X0\',(#2430),#2156,.T.) ;
#2443=ADVANCED_FACE('\X2\FF8AFF9FFF70FF82\X0\ \X2\FF8EFF9EFF83FF9EFF68FF70\X0\',(#2442),#2058,.F.) ;
#2455=ADVANCED_FACE('\X2\FF8AFF9FFF70FF82\X0\ \X2\FF8EFF9EFF83FF9EFF68FF70\X0\',(#2454),#1442,.F.) ;
#2465=ADVANCED_FACE('\X2\FF8AFF9FFF70FF82\X0\ \X2\FF8EFF9EFF83FF9EFF68FF70\X0\',(#2464),#2460,.T.) ;
#2485=ADVANCED_FACE('\X2\FF8AFF9FFF70FF82\X0\ \X2\FF8EFF9EFF83FF9EFF68FF70\X0\',(#2484),#2082,.T.) ;
#2659=ADVANCED_FACE('\X2\FF8AFF9FFF70FF82\X0\ \X2\FF8EFF9EFF83FF9EFF68FF70\X0\',(#2658),#2106,.T.) ;
#2666=ADVANCED_FACE('\X2\FF8AFF9FFF70FF82\X0\ \X2\FF8EFF9EFF83FF9EFF68FF70\X0\',(#2665),#2156,.T.) ;
#2709=ADVANCED_FACE('\X2\FF8AFF9FFF70FF82\X0\ \X2\FF8EFF9EFF83FF9EFF68FF70\X0\',(#2708),#2671,.T.) ;
#2734=ADVANCED_FACE('\X2\FF8AFF9FFF70FF82\X0\ \X2\FF8EFF9EFF83FF9EFF68FF70\X0\',(#2733),#2715,.F.) ;
#2762=ADVANCED_FACE('\X2\FF8AFF9FFF70FF82\X0\ \X2\FF8EFF9EFF83FF9EFF68FF70\X0\',(#2761),#2740,.F.) ;
#2787=ADVANCED_FACE('\X2\FF8AFF9FFF70FF82\X0\ \X2\FF8EFF9EFF83FF9EFF68FF70\X0\',(#2786),#2768,.T.) ;
#2814=ADVANCED_FACE('\X2\FF8AFF9FFF70FF82\X0\ \X2\FF8EFF9EFF83FF9EFF68FF70\X0\',(#2813),#2793,.T.) ;
#2841=ADVANCED_FACE('\X2\FF8AFF9FFF70FF82\X0\ \X2\FF8EFF9EFF83FF9EFF68FF70\X0\',(#2840),#2820,.T.) ;
#2861=ADVANCED_FACE('\X2\FF8AFF9FFF70FF82\X0\ \X2\FF8EFF9EFF83FF9EFF68FF70\X0\',(#2860),#2768,.T.) ;
#2889=ADVANCED_FACE('\X2\FF8AFF9FFF70FF82\X0\ \X2\FF8EFF9EFF83FF9EFF68FF70\X0\',(#2888),#2867,.F.) ;
#2914=ADVANCED_FACE('\X2\FF8AFF9FFF70FF82\X0\ \X2\FF8EFF9EFF83FF9EFF68FF70\X0\',(#2913),#2895,.T.) ;
#2941=ADVANCED_FACE('\X2\FF8AFF9FFF70FF82\X0\ \X2\FF8EFF9EFF83FF9EFF68FF70\X0\',(#2940),#2920,.T.) ;
#2969=ADVANCED_FACE('\X2\FF8AFF9FFF70FF82\X0\ \X2\FF8EFF9EFF83FF9EFF68FF70\X0\',(#2968),#2947,.T.) ;
#2994=ADVANCED_FACE('\X2\FF8AFF9FFF70FF82\X0\ \X2\FF8EFF9EFF83FF9EFF68FF70\X0\',(#2993),#2975,.F.) ;
#3022=ADVANCED_FACE('\X2\FF8AFF9FFF70FF82\X0\ \X2\FF8EFF9EFF83FF9EFF68FF70\X0\',(#3021),#3000,.T.) ;
#3050=ADVANCED_FACE('\X2\FF8AFF9FFF70FF82\X0\ \X2\FF8EFF9EFF83FF9EFF68FF70\X0\',(#3049),#3028,.F.) ;
#3070=ADVANCED_FACE('\X2\FF8AFF9FFF70FF82\X0\ \X2\FF8EFF9EFF83FF9EFF68FF70\X0\',(#3069),#2975,.F.) ;
#3103=ADVANCED_FACE('\X2\FF8AFF9FFF70FF82\X0\ \X2\FF8EFF9EFF83FF9EFF68FF70\X0\',(#3102),#3076,.F.) ;
#3120=ADVANCED_FACE('\X2\FF8AFF9FFF70FF82\X0\ \X2\FF8EFF9EFF83FF9EFF68FF70\X0\',(#3119),#3109,.T.) ;
#3285=ADVANCED_FACE('\X2\FF8AFF9FFF70FF82\X0\ \X2\FF8EFF9EFF83FF9EFF68FF70\X0\',(#3140,#3284),#3109,.T.) ;
#3319=ADVANCED_FACE('\X2\FF8AFF9FFF70FF82\X0\ \X2\FF8EFF9EFF83FF9EFF68FF70\X0\',(#3318),#3291,.T.) ;
#3344=ADVANCED_FACE('\X2\FF8AFF9FFF70FF82\X0\ \X2\FF8EFF9EFF83FF9EFF68FF70\X0\',(#3343),#3325,.F.) ;
#3370=ADVANCED_FACE('\X2\FF8AFF9FFF70FF82\X0\ \X2\FF8EFF9EFF83FF9EFF68FF70\X0\',(#3369),#3350,.F.) ;
#3396=ADVANCED_FACE('\X2\FF8AFF9FFF70FF82\X0\ \X2\FF8EFF9EFF83FF9EFF68FF70\X0\',(#3395),#3376,.F.) ;
#3416=ADVANCED_FACE('\X2\FF8AFF9FFF70FF82\X0\ \X2\FF8EFF9EFF83FF9EFF68FF70\X0\',(#3415),#3325,.F.) ;
#3443=ADVANCED_FACE('\X2\FF8AFF9FFF70FF82\X0\ \X2\FF8EFF9EFF83FF9EFF68FF70\X0\',(#3442),#3422,.T.) ;
#3468=ADVANCED_FACE('\X2\FF8AFF9FFF70FF82\X0\ \X2\FF8EFF9EFF83FF9EFF68FF70\X0\',(#3467),#3449,.F.) ;
#3495=ADVANCED_FACE('\X2\FF8AFF9FFF70FF82\X0\ \X2\FF8EFF9EFF83FF9EFF68FF70\X0\',(#3494),#3474,.F.) ;
#3523=ADVANCED_FACE('\X2\FF8AFF9FFF70FF82\X0\ \X2\FF8EFF9EFF83FF9EFF68FF70\X0\',(#3522),#3501,.F.) ;
#3548=ADVANCED_FACE('\X2\FF8AFF9FFF70FF82\X0\ \X2\FF8EFF9EFF83FF9EFF68FF70\X0\',(#3547),#3529,.T.) ;
#3576=ADVANCED_FACE('\X2\FF8AFF9FFF70FF82\X0\ \X2\FF8EFF9EFF83FF9EFF68FF70\X0\',(#3575),#3554,.F.) ;
#3604=ADVANCED_FACE('\X2\FF8AFF9FFF70FF82\X0\ \X2\FF8EFF9EFF83FF9EFF68FF70\X0\',(#3603),#3582,.T.) ;
#3624=ADVANCED_FACE('\X2\FF8AFF9FFF70FF82\X0\ \X2\FF8EFF9EFF83FF9EFF68FF70\X0\',(#3623),#3529,.T.) ;
#3652=ADVANCED_FACE('\X2\FF8AFF9FFF70FF82\X0\ \X2\FF8EFF9EFF83FF9EFF68FF70\X0\',(#3651),#3630,.T.) ;
#3679=ADVANCED_FACE('\X2\FF8AFF9FFF70FF82\X0\ \X2\FF8EFF9EFF83FF9EFF68FF70\X0\',(#3678),#3658,.F.) ;
#3697=ADVANCED_FACE('\X2\FF8AFF9FFF70FF82\X0\ \X2\FF8EFF9EFF83FF9EFF68FF70\X0\',(#3696),#3685,.T.) ;
#3717=ADVANCED_FACE('\X2\FF8AFF9FFF70FF82\X0\ \X2\FF8EFF9EFF83FF9EFF68FF70\X0\',(#3716),#2106,.T.) ;
#4023=ADVANCED_FACE('\X2\FF8AFF9FFF70FF82\X0\ \X2\FF8EFF9EFF83FF9EFF68FF70\X0\',(#3878,#4022),#3722,.T.) ;
#4041=ADVANCED_FACE('\X2\FF8AFF9FFF70FF82\X0\ \X2\FF8EFF9EFF83FF9EFF68FF70\X0\',(#4040),#2793,.T.) ;
#4053=ADVANCED_FACE('\X2\FF8AFF9FFF70FF82\X0\ \X2\FF8EFF9EFF83FF9EFF68FF70\X0\',(#4052),#2820,.T.) ;
#4065=ADVANCED_FACE('\X2\FF8AFF9FFF70FF82\X0\ \X2\FF8EFF9EFF83FF9EFF68FF70\X0\',(#4064),#2768,.T.) ;
#4077=ADVANCED_FACE('\X2\FF8AFF9FFF70FF82\X0\ \X2\FF8EFF9EFF83FF9EFF68FF70\X0\',(#4076),#2867,.F.) ;
#4089=ADVANCED_FACE('\X2\FF8AFF9FFF70FF82\X0\ \X2\FF8EFF9EFF83FF9EFF68FF70\X0\',(#4088),#2895,.T.) ;
#4111=ADVANCED_FACE('\X2\FF8AFF9FFF70FF82\X0\ \X2\FF8EFF9EFF83FF9EFF68FF70\X0\',(#4110),#2920,.T.) ;
#4123=ADVANCED_FACE('\X2\FF8AFF9FFF70FF82\X0\ \X2\FF8EFF9EFF83FF9EFF68FF70\X0\',(#4122),#3722,.T.) ;
#4138=ADVANCED_FACE('\X2\FF8AFF9FFF70FF82\X0\ \X2\FF8EFF9EFF83FF9EFF68FF70\X0\',(#4137),#2947,.T.) ;
#4150=ADVANCED_FACE('\X2\FF8AFF9FFF70FF82\X0\ \X2\FF8EFF9EFF83FF9EFF68FF70\X0\',(#4149),#2975,.F.) ;
#4162=ADVANCED_FACE('\X2\FF8AFF9FFF70FF82\X0\ \X2\FF8EFF9EFF83FF9EFF68FF70\X0\',(#4161),#3000,.T.) ;
#4174=ADVANCED_FACE('\X2\FF8AFF9FFF70FF82\X0\ \X2\FF8EFF9EFF83FF9EFF68FF70\X0\',(#4173),#3028,.F.) ;
#4186=ADVANCED_FACE('\X2\FF8AFF9FFF70FF82\X0\ \X2\FF8EFF9EFF83FF9EFF68FF70\X0\',(#4185),#2975,.F.) ;
#4198=ADVANCED_FACE('\X2\FF8AFF9FFF70FF82\X0\ \X2\FF8EFF9EFF83FF9EFF68FF70\X0\',(#4197),#3076,.F.) ;
#4210=ADVANCED_FACE('\X2\FF8AFF9FFF70FF82\X0\ \X2\FF8EFF9EFF83FF9EFF68FF70\X0\',(#4209),#2671,.T.) ;
#4222=ADVANCED_FACE('\X2\FF8AFF9FFF70FF82\X0\ \X2\FF8EFF9EFF83FF9EFF68FF70\X0\',(#4221),#2715,.F.) ;
#4234=ADVANCED_FACE('\X2\FF8AFF9FFF70FF82\X0\ \X2\FF8EFF9EFF83FF9EFF68FF70\X0\',(#4233),#2740,.F.) ;
#4241=ADVANCED_FACE('\X2\FF8AFF9FFF70FF82\X0\ \X2\FF8EFF9EFF83FF9EFF68FF70\X0\',(#4240),#2768,.T.) ;
#4268=ADVANCED_FACE('\X2\FF8AFF9FFF70FF82\X0\ \X2\FF8EFF9EFF83FF9EFF68FF70\X0\',(#4267),#3350,.F.) ;
#4287=ADVANCED_FACE('\X2\FF8AFF9FFF70FF82\X0\ \X2\FF8EFF9EFF83FF9EFF68FF70\X0\',(#4286),#3325,.F.) ;
#4308=ADVANCED_FACE('\X2\FF8AFF9FFF70FF82\X0\ \X2\FF8EFF9EFF83FF9EFF68FF70\X0\',(#4307),#3291,.T.) ;
#4327=ADVANCED_FACE('\X2\FF8AFF9FFF70FF82\X0\ \X2\FF8EFF9EFF83FF9EFF68FF70\X0\',(#4326),#3685,.T.) ;
#4348=ADVANCED_FACE('\X2\FF8AFF9FFF70FF82\X0\ \X2\FF8EFF9EFF83FF9EFF68FF70\X0\',(#4347),#3658,.F.) ;
#4370=ADVANCED_FACE('\X2\FF8AFF9FFF70FF82\X0\ \X2\FF8EFF9EFF83FF9EFF68FF70\X0\',(#4369),#3630,.T.) ;
#4389=ADVANCED_FACE('\X2\FF8AFF9FFF70FF82\X0\ \X2\FF8EFF9EFF83FF9EFF68FF70\X0\',(#4388),#3529,.T.) ;
#4411=ADVANCED_FACE('\X2\FF8AFF9FFF70FF82\X0\ \X2\FF8EFF9EFF83FF9EFF68FF70\X0\',(#4410),#3582,.T.) ;
#4433=ADVANCED_FACE('\X2\FF8AFF9FFF70FF82\X0\ \X2\FF8EFF9EFF83FF9EFF68FF70\X0\',(#4432),#3554,.F.) ;
#4452=ADVANCED_FACE('\X2\FF8AFF9FFF70FF82\X0\ \X2\FF8EFF9EFF83FF9EFF68FF70\X0\',(#4451),#3529,.T.) ;
#4474=ADVANCED_FACE('\X2\FF8AFF9FFF70FF82\X0\ \X2\FF8EFF9EFF83FF9EFF68FF70\X0\',(#4473),#3501,.F.) ;
#4495=ADVANCED_FACE('\X2\FF8AFF9FFF70FF82\X0\ \X2\FF8EFF9EFF83FF9EFF68FF70\X0\',(#4494),#3474,.F.) ;
#4514=ADVANCED_FACE('\X2\FF8AFF9FFF70FF82\X0\ \X2\FF8EFF9EFF83FF9EFF68FF70\X0\',(#4513),#3449,.F.) ;
#4535=ADVANCED_FACE('\X2\FF8AFF9FFF70FF82\X0\ \X2\FF8EFF9EFF83FF9EFF68FF70\X0\',(#4534),#3422,.T.) ;
#4554=ADVANCED_FACE('\X2\FF8AFF9FFF70FF82\X0\ \X2\FF8EFF9EFF83FF9EFF68FF70\X0\',(#4553),#3325,.F.) ;
#4567=ADVANCED_FACE('\X2\FF8AFF9FFF70FF82\X0\ \X2\FF8EFF9EFF83FF9EFF68FF70\X0\',(#4566),#3376,.F.) ;
#4586=ADVANCED_FACE('\X2\FF8AFF9FFF70FF82\X0\ \X2\FF8EFF9EFF83FF9EFF68FF70\X0\',(#4585),#2106,.T.) ;
#4=APPLICATION_PROTOCOL_DEFINITION('international standard','ap242_managed_model_based_3d_engineering',2014,#1) ;
#2128=B_SPLINE_CURVE_WITH_KNOTS('',3,(#2129,#2130,#2131,#2132),.UNSPECIFIED.,.F.,.U.,(4,4),(0.,0.533606849499),.UNSPECIFIED.) ;
#2136=B_SPLINE_CURVE_WITH_KNOTS('',3,(#2137,#2138,#2139,#2140),.UNSPECIFIED.,.F.,.U.,(4,4),(0.,0.339483281685),.UNSPECIFIED.) ;
#2268=B_SPLINE_CURVE_WITH_KNOTS('',4,(#2269,#2270,#2271,#2272,#2273),.UNSPECIFIED.,.F.,.U.,(5,5),(0.,0.860349526293),.UNSPECIFIED.) ;
#2284=B_SPLINE_CURVE_WITH_KNOTS('',5,(#2285,#2286,#2287,#2288,#2289,#2290),.UNSPECIFIED.,.F.,.U.,(6,6),(0.,1.57264903965),.UNSPECIFIED.) ;
#2301=B_SPLINE_CURVE_WITH_KNOTS('',4,(#2302,#2303,#2304,#2305,#2306),.UNSPECIFIED.,.F.,.U.,(5,5),(0.,1.34043181729),.UNSPECIFIED.) ;
#2310=B_SPLINE_CURVE_WITH_KNOTS('',4,(#2311,#2312,#2313,#2314,#2315),.UNSPECIFIED.,.F.,.U.,(5,5),(0.,1.34043136663),.UNSPECIFIED.) ;
#2326=B_SPLINE_CURVE_WITH_KNOTS('',5,(#2327,#2328,#2329,#2330,#2331,#2332),.UNSPECIFIED.,.F.,.U.,(6,6),(0.,1.57264903971),.UNSPECIFIED.) ;
#2343=B_SPLINE_CURVE_WITH_KNOTS('',4,(#2344,#2345,#2346,#2347,#2348),.UNSPECIFIED.,.F.,.U.,(5,5),(0.,1.19983607815),.UNSPECIFIED.) ;
#2352=B_SPLINE_CURVE_WITH_KNOTS('',3,(#2353,#2354,#2355,#2356),.UNSPECIFIED.,.F.,.U.,(4,4),(0.,1.22869621514),.UNSPECIFIED.) ;
#2367=B_SPLINE_CURVE_WITH_KNOTS('',3,(#2368,#2369,#2370,#2371),.UNSPECIFIED.,.F.,.U.,(4,4),(0.,0.990357932169),.UNSPECIFIED.) ;
#2375=B_SPLINE_CURVE_WITH_KNOTS('',3,(#2376,#2377,#2378,#2379),.UNSPECIFIED.,.F.,.U.,(4,4),(0.,0.990357932169),.UNSPECIFIED.) ;
#2390=B_SPLINE_CURVE_WITH_KNOTS('',3,(#2391,#2392,#2393,#2394),.UNSPECIFIED.,.F.,.U.,(4,4),(0.533597289898,1.22869621514),.UNSPECIFIED.) ;
#2491=B_SPLINE_CURVE_WITH_KNOTS('',3,(#2492,#2493,#2494,#2495),.UNSPECIFIED.,.F.,.U.,(4,4),(0.,0.533597289898),.UNSPECIFIED.) ;
#2499=B_SPLINE_CURVE_WITH_KNOTS('',3,(#2500,#2501,#2502,#2503),.UNSPECIFIED.,.F.,.U.,(4,4),(0.860349526293,1.19983607808),.UNSPECIFIED.) ;
#2505=B_SPLINE_CURVE_WITH_KNOTS('',4,(#2506,#2507,#2508,#2509,#2510),.UNSPECIFIED.,.F.,.U.,(5,5),(0.,0.860366667409),.UNSPECIFIED.) ;
#2521=B_SPLINE_CURVE_WITH_KNOTS('',5,(#2522,#2523,#2524,#2525,#2526,#2527),.UNSPECIFIED.,.F.,.U.,(6,6),(0.,1.57264903974),.UNSPECIFIED.) ;
#2538=B_SPLINE_CURVE_WITH_KNOTS('',4,(#2539,#2540,#2541,#2542,#2543),.UNSPECIFIED.,.F.,.U.,(5,5),(0.,1.34043136663),.UNSPECIFIED.) ;
#2547=B_SPLINE_CURVE_WITH_KNOTS('',4,(#2548,#2549,#2550,#2551,#2552),.UNSPECIFIED.,.F.,.U.,(5,5),(0.,1.34043181731),.UNSPECIFIED.) ;
#2563=B_SPLINE_CURVE_WITH_KNOTS('',5,(#2564,#2565,#2566,#2567,#2568,#2569),.UNSPECIFIED.,.F.,.U.,(6,6),(0.,1.5726490396),.UNSPECIFIED.) ;
#2580=B_SPLINE_CURVE_WITH_KNOTS('',4,(#2581,#2582,#2583,#2584,#2585),.UNSPECIFIED.,.F.,.U.,(5,5),(0.,1.19983607808),.UNSPECIFIED.) ;
#2589=B_SPLINE_CURVE_WITH_KNOTS('',3,(#2590,#2591,#2592,#2593),.UNSPECIFIED.,.F.,.U.,(4,4),(0.,1.22869621514),.UNSPECIFIED.) ;
#2604=B_SPLINE_CURVE_WITH_KNOTS('',3,(#2605,#2606,#2607,#2608),.UNSPECIFIED.,.F.,.U.,(4,4),(0.,0.990357932169),.UNSPECIFIED.) ;
#2612=B_SPLINE_CURVE_WITH_KNOTS('',3,(#2613,#2614,#2615,#2616),.UNSPECIFIED.,.F.,.U.,(4,4),(0.,0.990357932169),.UNSPECIFIED.) ;
#2627=B_SPLINE_CURVE_WITH_KNOTS('',3,(#2628,#2629,#2630,#2631),.UNSPECIFIED.,.F.,.U.,(4,4),(0.,0.695113655554),.UNSPECIFIED.) ;
#2679=B_SPLINE_CURVE_WITH_KNOTS('',3,(#2680,#2681,#2682,#2683),.UNSPECIFIED.,.F.,.U.,(4,4),(0.855647306741,1.2000473056),.UNSPECIFIED.) ;
#2687=B_SPLINE_CURVE_WITH_KNOTS('',4,(#2688,#2689,#2690,#2691,#2692),.UNSPECIFIED.,.F.,.U.,(5,5),(0.,0.855647306741),.UNSPECIFIED.) ;
#2741=B_SPLINE_CURVE_WITH_KNOTS('',5,(#2742,#2743,#2744,#2745,#2746,#2747),.UNSPECIFIED.,.F.,.U.,(6,6),(0.,1.57292607829),.UNSPECIFIED.) ;
#2794=B_SPLINE_CURVE_WITH_KNOTS('',4,(#2795,#2796,#2797,#2798,#2799),.UNSPECIFIED.,.F.,.U.,(5,5),(0.,1.34063688904),.UNSPECIFIED.) ;
#2821=B_SPLINE_CURVE_WITH_KNOTS('',4,(#2822,#2823,#2824,#2825,#2826),.UNSPECIFIED.,.F.,.U.,(5,5),(0.,1.34064371911),.UNSPECIFIED.) ;
#2868=B_SPLINE_CURVE_WITH_KNOTS('',5,(#2869,#2870,#2871,#2872,#2873,#2874),.UNSPECIFIED.,.F.,.U.,(6,6),(0.,1.57291294641),.UNSPECIFIED.) ;
#2921=B_SPLINE_CURVE_WITH_KNOTS('',4,(#2922,#2923,#2924,#2925,#2926),.UNSPECIFIED.,.F.,.U.,(5,5),(0.,1.20000843211),.UNSPECIFIED.) ;
#2948=B_SPLINE_CURVE_WITH_KNOTS('',5,(#2949,#2950,#2951,#2952,#2953,#2954),.UNSPECIFIED.,.F.,.U.,(6,6),(0.,1.22886619954),.UNSPECIFIED.) ;
#3001=B_SPLINE_CURVE_WITH_KNOTS('',5,(#3002,#3003,#3004,#3005,#3006,#3007),.UNSPECIFIED.,.F.,.U.,(6,6),(0.,0.990519917578),.UNSPECIFIED.) ;
#3029=B_SPLINE_CURVE_WITH_KNOTS('',5,(#3030,#3031,#3032,#3033,#3034,#3035),.UNSPECIFIED.,.F.,.U.,(6,6),(0.,0.990519917578),.UNSPECIFIED.) ;
#3077=B_SPLINE_CURVE_WITH_KNOTS('',5,(#3078,#3079,#3080,#3081,#3082,#3083),.UNSPECIFIED.,.F.,.U.,(6,6),(0.,0.688312811908),.UNSPECIFIED.) ;
#3087=B_SPLINE_CURVE_WITH_KNOTS('',5,(#3088,#3089,#3090,#3091,#3092,#3093),.UNSPECIFIED.,.F.,.U.,(6,6),(0.688312811908,1.22889060427),.UNSPECIFIED.) ;
#3141=B_SPLINE_CURVE_WITH_KNOTS('',4,(#3142,#3143,#3144,#3145,#3146),.UNSPECIFIED.,.F.,.U.,(5,5),(0.,0.793121874038),.UNSPECIFIED.) ;
#3159=B_SPLINE_CURVE_WITH_KNOTS('',3,(#3160,#3161,#3162,#3163),.UNSPECIFIED.,.F.,.U.,(4,4),(0.,1.02915424165),.UNSPECIFIED.) ;
#3167=B_SPLINE_CURVE_WITH_KNOTS('',3,(#3168,#3169,#3170,#3171),.UNSPECIFIED.,.F.,.U.,(4,4),(0.,1.029163147),.UNSPECIFIED.) ;
#3182=B_SPLINE_CURVE_WITH_KNOTS('',4,(#3183,#3184,#3185,#3186,#3187),.UNSPECIFIED.,.F.,.U.,(5,5),(0.,0.793190864744),.UNSPECIFIED.) ;
#3198=B_SPLINE_CURVE_WITH_KNOTS('',4,(#3199,#3200,#3201,#3202,#3203),.UNSPECIFIED.,.F.,.U.,(5,5),(0.,1.17983657124),.UNSPECIFIED.) ;
#3207=B_SPLINE_CURVE_WITH_KNOTS('',3,(#3208,#3209,#3210,#3211),.UNSPECIFIED.,.F.,.U.,(4,4),(0.,0.483549941361),.UNSPECIFIED.) ;
#3222=B_SPLINE_CURVE_WITH_KNOTS('',3,(#3223,#3224,#3225,#3226),.UNSPECIFIED.,.F.,.U.,(4,4),(0.,0.766567277563),.UNSPECIFIED.) ;
#3230=B_SPLINE_CURVE_WITH_KNOTS('',3,(#3231,#3232,#3233,#3234),.UNSPECIFIED.,.F.,.U.,(4,4),(0.,0.766567277563),.UNSPECIFIED.) ;
#3245=B_SPLINE_CURVE_WITH_KNOTS('',3,(#3246,#3247,#3248,#3249),.UNSPECIFIED.,.F.,.U.,(4,4),(0.,0.483549941361),.UNSPECIFIED.) ;
#3253=B_SPLINE_CURVE_WITH_KNOTS('',4,(#3254,#3255,#3256,#3257,#3258),.UNSPECIFIED.,.F.,.U.,(5,5),(0.,1.17983057001),.UNSPECIFIED.) ;
#3306=B_SPLINE_CURVE_WITH_KNOTS('',4,(#3307,#3308,#3309,#3310,#3311),.UNSPECIFIED.,.F.,.U.,(5,5),(0.,0.792280718416),.UNSPECIFIED.) ;
#3351=B_SPLINE_CURVE_WITH_KNOTS('',3,(#3352,#3353,#3354,#3355),.UNSPECIFIED.,.F.,.U.,(4,4),(0.,1.0289123825),.UNSPECIFIED.) ;
#3377=B_SPLINE_CURVE_WITH_KNOTS('',3,(#3378,#3379,#3380,#3381),.UNSPECIFIED.,.F.,.U.,(4,4),(0.,1.02892051841),.UNSPECIFIED.) ;
#3430=B_SPLINE_CURVE_WITH_KNOTS('',4,(#3431,#3432,#3433,#3434,#3435),.UNSPECIFIED.,.F.,.U.,(5,5),(0.,0.79228071842),.UNSPECIFIED.) ;
#3475=B_SPLINE_CURVE_WITH_KNOTS('',4,(#3476,#3477,#3478,#3479,#3480),.UNSPECIFIED.,.F.,.U.,(5,5),(0.,1.17972409897),.UNSPECIFIED.) ;
#3502=B_SPLINE_CURVE_WITH_KNOTS('',5,(#3503,#3504,#3505,#3506,#3507,#3508),.UNSPECIFIED.,.F.,.U.,(6,6),(0.,0.483489266222),.UNSPECIFIED.) ;
#3555=B_SPLINE_CURVE_WITH_KNOTS('',5,(#3556,#3557,#3558,#3559,#3560,#3561),.UNSPECIFIED.,.F.,.U.,(6,6),(0.,0.766442049715),.UNSPECIFIED.) ;
#3590=B_SPLINE_CURVE_WITH_KNOTS('',5,(#3591,#3592,#3593,#3594,#3595,#3596),.UNSPECIFIED.,.F.,.U.,(6,6),(0.,0.766442049715),.UNSPECIFIED.) ;
#3638=B_SPLINE_CURVE_WITH_KNOTS('',5,(#3639,#3640,#3641,#3642,#3643,#3644),.UNSPECIFIED.,.F.,.U.,(6,6),(0.,0.483489266222),.UNSPECIFIED.) ;
#3659=B_SPLINE_CURVE_WITH_KNOTS('',4,(#3660,#3661,#3662,#3663,#3664),.UNSPECIFIED.,.F.,.U.,(5,5),(0.,1.17972409905),.UNSPECIFIED.) ;
#3723=B_SPLINE_CURVE_WITH_KNOTS('',4,(#3724,#3725,#3726,#3727,#3728),.UNSPECIFIED.,.F.,.U.,(5,5),(0.,1.34064357979),.UNSPECIFIED.) ;
#3734=B_SPLINE_CURVE_WITH_KNOTS('',4,(#3735,#3736,#3737,#3738,#3739),.UNSPECIFIED.,.F.,.U.,(5,5),(0.,1.3406401402),.UNSPECIFIED.) ;
#3750=B_SPLINE_CURVE_WITH_KNOTS('',5,(#3751,#3752,#3753,#3754,#3755,#3756),.UNSPECIFIED.,.F.,.U.,(6,6),(0.,1.57292980953),.UNSPECIFIED.) ;
#3767=B_SPLINE_CURVE_WITH_KNOTS('',4,(#3768,#3769,#3770,#3771,#3772),.UNSPECIFIED.,.F.,.U.,(5,5),(0.,0.855647992957),.UNSPECIFIED.) ;
#3783=B_SPLINE_CURVE_WITH_KNOTS('',3,(#3784,#3785,#3786,#3787),.UNSPECIFIED.,.F.,.U.,(4,4),(0.,0.688312811908),.UNSPECIFIED.) ;
#3798=B_SPLINE_CURVE_WITH_KNOTS('',3,(#3799,#3800,#3801,#3802),.UNSPECIFIED.,.F.,.U.,(4,4),(0.,0.990519917578),.UNSPECIFIED.) ;
#3806=B_SPLINE_CURVE_WITH_KNOTS('',3,(#3807,#3808,#3809,#3810),.UNSPECIFIED.,.F.,.U.,(4,4),(0.,0.990519917578),.UNSPECIFIED.) ;
#3821=B_SPLINE_CURVE_WITH_KNOTS('',3,(#3822,#3823,#3824,#3825),.UNSPECIFIED.,.F.,.U.,(4,4),(0.,1.22886619954),.UNSPECIFIED.) ;
#3829=B_SPLINE_CURVE_WITH_KNOTS('',4,(#3830,#3831,#3832,#3833,#3834),.UNSPECIFIED.,.F.,.U.,(5,5),(0.,1.19978309969),.UNSPECIFIED.) ;
#3845=B_SPLINE_CURVE_WITH_KNOTS('',5,(#3846,#3847,#3848,#3849,#3850,#3851),.UNSPECIFIED.,.F.,.U.,(6,6),(0.,1.57287762678),.UNSPECIFIED.) ;
#3879=B_SPLINE_CURVE_WITH_KNOTS('',3,(#3880,#3881,#3882,#3883),.UNSPECIFIED.,.F.,.U.,(4,4),(0.,1.02916314701),.UNSPECIFIED.) ;
#3896=B_SPLINE_CURVE_WITH_KNOTS('',4,(#3897,#3898,#3899,#3900,#3901),.UNSPECIFIED.,.F.,.U.,(5,5),(0.,0.793190864748),.UNSPECIFIED.) ;
#3912=B_SPLINE_CURVE_WITH_KNOTS('',4,(#3913,#3914,#3915,#3916,#3917),.UNSPECIFIED.,.F.,.U.,(5,5),(0.,1.17983657114),.UNSPECIFIED.) ;
#3921=B_SPLINE_CURVE_WITH_KNOTS('',3,(#3922,#3923,#3924,#3925),.UNSPECIFIED.,.F.,.U.,(4,4),(0.,0.483549941361),.UNSPECIFIED.) ;
#3936=B_SPLINE_CURVE_WITH_KNOTS('',3,(#3937,#3938,#3939,#3940),.UNSPECIFIED.,.F.,.U.,(4,4),(0.,0.766567277563),.UNSPECIFIED.) ;
#3944=B_SPLINE_CURVE_WITH_KNOTS('',3,(#3945,#3946,#3947,#3948),.UNSPECIFIED.,.F.,.U.,(4,4),(0.,0.766567277563),.UNSPECIFIED.) ;
#3959=B_SPLINE_CURVE_WITH_KNOTS('',3,(#3960,#3961,#3962,#3963),.UNSPECIFIED.,.F.,.U.,(4,4),(0.,0.483549941361),.UNSPECIFIED.) ;
#3967=B_SPLINE_CURVE_WITH_KNOTS('',4,(#3968,#3969,#3970,#3971,#3972),.UNSPECIFIED.,.F.,.U.,(5,5),(0.,1.17983056991),.UNSPECIFIED.) ;
#3983=B_SPLINE_CURVE_WITH_KNOTS('',4,(#3984,#3985,#3986,#3987,#3988),.UNSPECIFIED.,.F.,.U.,(5,5),(0.,0.793121874036),.UNSPECIFIED.) ;
#3999=B_SPLINE_CURVE_WITH_KNOTS('',3,(#4000,#4001,#4002,#4003),.UNSPECIFIED.,.F.,.U.,(4,4),(0.,1.02915424165),.UNSPECIFIED.) ;
#4097=B_SPLINE_CURVE_WITH_KNOTS('',3,(#4098,#4099,#4100,#4101),.UNSPECIFIED.,.F.,.U.,(4,4),(0.,0.344399998856),.UNSPECIFIED.) ;
#4112=B_SPLINE_CURVE_WITH_KNOTS('',3,(#4113,#4114,#4115,#4116),.UNSPECIFIED.,.F.,.U.,(4,4),(0.,0.540577792357),.UNSPECIFIED.) ;
#4242=B_SPLINE_CURVE_WITH_KNOTS('',3,(#4243,#4244,#4245,#4246),.UNSPECIFIED.,.F.,.U.,(4,4),(0.,1.02891238252),.UNSPECIFIED.) ;
#4295=B_SPLINE_CURVE_WITH_KNOTS('',4,(#4296,#4297,#4298,#4299,#4300),.UNSPECIFIED.,.F.,.U.,(5,5),(0.,0.792280718417),.UNSPECIFIED.) ;
#4328=B_SPLINE_CURVE_WITH_KNOTS('',4,(#4329,#4330,#4331,#4332,#4333),.UNSPECIFIED.,.F.,.U.,(5,5),(0.,1.1797240991),.UNSPECIFIED.) ;
#4356=B_SPLINE_CURVE_WITH_KNOTS('',5,(#4357,#4358,#4359,#4360,#4361,#4362),.UNSPECIFIED.,.F.,.U.,(6,6),(0.,0.483489266222),.UNSPECIFIED.) ;
#4397=B_SPLINE_CURVE_WITH_KNOTS('',5,(#4398,#4399,#4400,#4401,#4402,#4403),.UNSPECIFIED.,.F.,.U.,(6,6),(0.,0.766442049715),.UNSPECIFIED.) ;
#4412=B_SPLINE_CURVE_WITH_KNOTS('',5,(#4413,#4414,#4415,#4416,#4417,#4418),.UNSPECIFIED.,.F.,.U.,(6,6),(0.,0.766442049715),.UNSPECIFIED.) ;
#4453=B_SPLINE_CURVE_WITH_KNOTS('',5,(#4454,#4455,#4456,#4457,#4458,#4459),.UNSPECIFIED.,.F.,.U.,(6,6),(0.,0.483489266222),.UNSPECIFIED.) ;
#4475=B_SPLINE_CURVE_WITH_KNOTS('',4,(#4476,#4477,#4478,#4479,#4480),.UNSPECIFIED.,.F.,.U.,(5,5),(0.,1.17972409892),.UNSPECIFIED.) ;
#4522=B_SPLINE_CURVE_WITH_KNOTS('',4,(#4523,#4524,#4525,#4526,#4527),.UNSPECIFIED.,.F.,.U.,(5,5),(0.,0.792280718416),.UNSPECIFIED.) ;
#4555=B_SPLINE_CURVE_WITH_KNOTS('',3,(#4556,#4557,#4558,#4559),.UNSPECIFIED.,.F.,.U.,(4,4),(0.,1.02892051841),.UNSPECIFIED.) ;
#31=COLOUR_RGB('Colour',0.6,0.576470588235,0.749019607843) ;
#244=COLOUR_RGB('Colour',0.501960784314,0.,0.) ;
#293=COLOUR_RGB('Colour',0.282352941176,0.282352941176,0.282352941176) ;
#2466=COLOUR_RGB('Colour',0.811764705882,0.811764705882,0.811764705882) ;
#300=OVER_RIDING_STYLED_ITEM(' ',(#299),#292,#251) ;
#332=OVER_RIDING_STYLED_ITEM(' ',(#299),#331,#251) ;
#511=OVER_RIDING_STYLED_ITEM(' ',(#299),#510,#251) ;
#536=OVER_RIDING_STYLED_ITEM(' ',(#299),#535,#251) ;
#568=OVER_RIDING_STYLED_ITEM(' ',(#299),#567,#251) ;
#593=OVER_RIDING_STYLED_ITEM(' ',(#299),#592,#251) ;
#618=OVER_RIDING_STYLED_ITEM(' ',(#299),#617,#251) ;
#686=OVER_RIDING_STYLED_ITEM(' ',(#299),#685,#251) ;
#704=OVER_RIDING_STYLED_ITEM(' ',(#299),#703,#251) ;
#736=OVER_RIDING_STYLED_ITEM(' ',(#299),#735,#251) ;
#761=OVER_RIDING_STYLED_ITEM(' ',(#299),#760,#251) ;
#786=OVER_RIDING_STYLED_ITEM(' ',(#299),#785,#251) ;
#806=OVER_RIDING_STYLED_ITEM(' ',(#299),#805,#251) ;
#831=OVER_RIDING_STYLED_ITEM(' ',(#299),#830,#251) ;
#844=OVER_RIDING_STYLED_ITEM(' ',(#299),#843,#251) ;
#876=OVER_RIDING_STYLED_ITEM(' ',(#299),#875,#251) ;
#901=OVER_RIDING_STYLED_ITEM(' ',(#299),#900,#251) ;
#926=OVER_RIDING_STYLED_ITEM(' ',(#299),#925,#251) ;
#944=OVER_RIDING_STYLED_ITEM(' ',(#299),#943,#251) ;
#976=OVER_RIDING_STYLED_ITEM(' ',(#299),#975,#251) ;
#989=OVER_RIDING_STYLED_ITEM(' ',(#299),#988,#251) ;
#1021=OVER_RIDING_STYLED_ITEM(' ',(#299),#1020,#251) ;
#1034=OVER_RIDING_STYLED_ITEM(' ',(#299),#1033,#251) ;
#1059=OVER_RIDING_STYLED_ITEM(' ',(#299),#1058,#251) ;
#1093=OVER_RIDING_STYLED_ITEM(' ',(#299),#1092,#251) ;
#1111=OVER_RIDING_STYLED_ITEM(' ',(#299),#1110,#251) ;
#1157=OVER_RIDING_STYLED_ITEM(' ',(#299),#1156,#251) ;
#1170=OVER_RIDING_STYLED_ITEM(' ',(#299),#1169,#251) ;
#1202=OVER_RIDING_STYLED_ITEM(' ',(#299),#1201,#251) ;
#1227=OVER_RIDING_STYLED_ITEM(' ',(#299),#1226,#251) ;
#1252=OVER_RIDING_STYLED_ITEM(' ',(#299),#1251,#251) ;
#1277=OVER_RIDING_STYLED_ITEM(' ',(#299),#1276,#251) ;
#1302=OVER_RIDING_STYLED_ITEM(' ',(#299),#1301,#251) ;
#1320=OVER_RIDING_STYLED_ITEM(' ',(#299),#1319,#251) ;
#1352=OVER_RIDING_STYLED_ITEM(' ',(#299),#1351,#251) ;
#1377=OVER_RIDING_STYLED_ITEM(' ',(#299),#1376,#251) ;
#1402=OVER_RIDING_STYLED_ITEM(' ',(#299),#1401,#251) ;
#1420=OVER_RIDING_STYLED_ITEM(' ',(#299),#1419,#251) ;
#1431=OVER_RIDING_STYLED_ITEM(' ',(#299),#1430,#251) ;
#1437=OVER_RIDING_STYLED_ITEM(' ',(#299),#1436,#251) ;
#1522=OVER_RIDING_STYLED_ITEM(' ',(#299),#1521,#251) ;
#1530=OVER_RIDING_STYLED_ITEM(' ',(#299),#1529,#251) ;
#1707=OVER_RIDING_STYLED_ITEM(' ',(#1706),#1699,#251) ;
#1732=OVER_RIDING_STYLED_ITEM(' ',(#1706),#1731,#251) ;
#1846=OVER_RIDING_STYLED_ITEM(' ',(#1706),#1845,#251) ;
#1968=OVER_RIDING_STYLED_ITEM(' ',(#1706),#1967,#251) ;
#1986=OVER_RIDING_STYLED_ITEM(' ',(#1706),#1985,#251) ;
#2004=OVER_RIDING_STYLED_ITEM(' ',(#1706),#2003,#251) ;
#2022=OVER_RIDING_STYLED_ITEM(' ',(#1706),#2021,#251) ;
#2040=OVER_RIDING_STYLED_ITEM(' ',(#1706),#2039,#251) ;
#2053=OVER_RIDING_STYLED_ITEM(' ',(#1706),#2052,#251) ;
#2473=OVER_RIDING_STYLED_ITEM(' ',(#2472),#2465,#251) ;
#2710=OVER_RIDING_STYLED_ITEM(' ',(#1706),#2709,#251) ;
#2735=OVER_RIDING_STYLED_ITEM(' ',(#1706),#2734,#251) ;
#2763=OVER_RIDING_STYLED_ITEM(' ',(#1706),#2762,#251) ;
#2788=OVER_RIDING_STYLED_ITEM(' ',(#1706),#2787,#251) ;
#2815=OVER_RIDING_STYLED_ITEM(' ',(#1706),#2814,#251) ;
#2842=OVER_RIDING_STYLED_ITEM(' ',(#1706),#2841,#251) ;
#2862=OVER_RIDING_STYLED_ITEM(' ',(#1706),#2861,#251) ;
#2890=OVER_RIDING_STYLED_ITEM(' ',(#1706),#2889,#251) ;
#2915=OVER_RIDING_STYLED_ITEM(' ',(#1706),#2914,#251) ;
#2942=OVER_RIDING_STYLED_ITEM(' ',(#1706),#2941,#251) ;
#2970=OVER_RIDING_STYLED_ITEM(' ',(#1706),#2969,#251) ;
#2995=OVER_RIDING_STYLED_ITEM(' ',(#1706),#2994,#251) ;
#3023=OVER_RIDING_STYLED_ITEM(' ',(#1706),#3022,#251) ;
#3051=OVER_RIDING_STYLED_ITEM(' ',(#1706),#3050,#251) ;
#3071=OVER_RIDING_STYLED_ITEM(' ',(#1706),#3070,#251) ;
#3104=OVER_RIDING_STYLED_ITEM(' ',(#1706),#3103,#251) ;
#3121=OVER_RIDING_STYLED_ITEM(' ',(#1706),#3120,#251) ;
#3286=OVER_RIDING_STYLED_ITEM(' ',(#1706),#3285,#251) ;
#3320=OVER_RIDING_STYLED_ITEM(' ',(#1706),#3319,#251) ;
#3345=OVER_RIDING_STYLED_ITEM(' ',(#1706),#3344,#251) ;
#3371=OVER_RIDING_STYLED_ITEM(' ',(#1706),#3370,#251) ;
#3397=OVER_RIDING_STYLED_ITEM(' ',(#1706),#3396,#251) ;
#3417=OVER_RIDING_STYLED_ITEM(' ',(#1706),#3416,#251) ;
#3444=OVER_RIDING_STYLED_ITEM(' ',(#1706),#3443,#251) ;
#3469=OVER_RIDING_STYLED_ITEM(' ',(#1706),#3468,#251) ;
#3496=OVER_RIDING_STYLED_ITEM(' ',(#1706),#3495,#251) ;
#3524=OVER_RIDING_STYLED_ITEM(' ',(#1706),#3523,#251) ;
#3549=OVER_RIDING_STYLED_ITEM(' ',(#1706),#3548,#251) ;
#3577=OVER_RIDING_STYLED_ITEM(' ',(#1706),#3576,#251) ;
#3605=OVER_RIDING_STYLED_ITEM(' ',(#1706),#3604,#251) ;
#3625=OVER_RIDING_STYLED_ITEM(' ',(#1706),#3624,#251) ;
#3653=OVER_RIDING_STYLED_ITEM(' ',(#1706),#3652,#251) ;
#3680=OVER_RIDING_STYLED_ITEM(' ',(#1706),#3679,#251) ;
#3698=OVER_RIDING_STYLED_ITEM(' ',(#1706),#3697,#251) ;
#4024=OVER_RIDING_STYLED_ITEM(' ',(#1706),#4023,#251) ;
#4124=OVER_RIDING_STYLED_ITEM(' ',(#1706),#4123,#251) ;
#1700=DRAUGHTING_PRE_DEFINED_COLOUR('white') ;
#78=FACE_OUTER_BOUND('',#73,.T.) ;
#95=FACE_OUTER_BOUND('',#90,.T.) ;
#105=FACE_OUTER_BOUND('',#102,.T.) ;
#115=FACE_OUTER_BOUND('',#112,.T.) ;
#181=FACE_OUTER_BOUND('',#176,.T.) ;
#198=FACE_OUTER_BOUND('',#193,.T.) ;
#208=FACE_OUTER_BOUND('',#205,.T.) ;
#218=FACE_OUTER_BOUND('',#215,.T.) ;
#291=FACE_OUTER_BOUND('',#286,.T.) ;
#330=FACE_OUTER_BOUND('',#325,.T.) ;
#355=FACE_OUTER_BOUND('',#352,.T.) ;
#534=FACE_OUTER_BOUND('',#529,.T.) ;
#566=FACE_OUTER_BOUND('',#561,.T.) ;
#591=FACE_OUTER_BOUND('',#586,.T.) ;
#616=FACE_OUTER_BOUND('',#611,.T.) ;
#648=FACE_OUTER_BOUND('',#643,.T.) ;
#660=FACE_OUTER_BOUND('',#655,.T.) ;
#684=FACE_OUTER_BOUND('',#679,.T.) ;
#702=FACE_OUTER_BOUND('',#697,.T.) ;
#734=FACE_OUTER_BOUND('',#729,.T.) ;
#759=FACE_OUTER_BOUND('',#754,.T.) ;
#784=FACE_OUTER_BOUND('',#779,.T.) ;
#804=FACE_OUTER_BOUND('',#799,.T.) ;
#829=FACE_OUTER_BOUND('',#824,.T.) ;
#842=FACE_OUTER_BOUND('',#837,.T.) ;
#874=FACE_OUTER_BOUND('',#869,.T.) ;
#899=FACE_OUTER_BOUND('',#894,.T.) ;
#924=FACE_OUTER_BOUND('',#919,.T.) ;
#942=FACE_OUTER_BOUND('',#937,.T.) ;
#974=FACE_OUTER_BOUND('',#969,.T.) ;
#987=FACE_OUTER_BOUND('',#982,.T.) ;
#1019=FACE_OUTER_BOUND('',#1014,.T.) ;
#1032=FACE_OUTER_BOUND('',#1027,.T.) ;
#1057=FACE_OUTER_BOUND('',#1052,.T.) ;
#1091=FACE_OUTER_BOUND('',#1084,.T.) ;
#1109=FACE_OUTER_BOUND('',#1104,.T.) ;
#1120=FACE_OUTER_BOUND('',#1117,.T.) ;
#1155=FACE_OUTER_BOUND('',#1150,.T.) ;
#1168=FACE_OUTER_BOUND('',#1163,.T.) ;
#1200=FACE_OUTER_BOUND('',#1195,.T.) ;
#1225=FACE_OUTER_BOUND('',#1220,.T.) ;
#1250=FACE_OUTER_BOUND('',#1245,.T.) ;
#1275=FACE_OUTER_BOUND('',#1270,.T.) ;
#1300=FACE_OUTER_BOUND('',#1295,.T.) ;
#1318=FACE_OUTER_BOUND('',#1313,.T.) ;
#1350=FACE_OUTER_BOUND('',#1345,.T.) ;
#1375=FACE_OUTER_BOUND('',#1370,.T.) ;
#1400=FACE_OUTER_BOUND('',#1395,.T.) ;
#1418=FACE_OUTER_BOUND('',#1413,.T.) ;
#1429=FACE_OUTER_BOUND('',#1426,.T.) ;
#1435=FACE_OUTER_BOUND('',#1432,.T.) ;
#1499=FACE_OUTER_BOUND('',#1490,.T.) ;
#1511=FACE_OUTER_BOUND('',#1506,.T.) ;
#1520=FACE_OUTER_BOUND('',#1513,.T.) ;
#1528=FACE_OUTER_BOUND('',#1523,.T.) ;
#1578=FACE_OUTER_BOUND('',#1569,.T.) ;
#1698=FACE_OUTER_BOUND('',#1681,.T.) ;
#1730=FACE_OUTER_BOUND('',#1725,.T.) ;
#1844=FACE_OUTER_BOUND('',#1827,.T.) ;
#1869=FACE_OUTER_BOUND('',#1864,.T.) ;
#1888=FACE_OUTER_BOUND('',#1883,.T.) ;
#1900=FACE_OUTER_BOUND('',#1895,.T.) ;
#1949=FACE_OUTER_BOUND('',#1940,.T.) ;
#1966=FACE_OUTER_BOUND('',#1961,.T.) ;
#1984=FACE_OUTER_BOUND('',#1979,.T.) ;
#2002=FACE_OUTER_BOUND('',#1997,.T.) ;
#2020=FACE_OUTER_BOUND('',#2015,.T.) ;
#2038=FACE_OUTER_BOUND('',#2033,.T.) ;
#2051=FACE_OUTER_BOUND('',#2046,.T.) ;
#2076=FACE_OUTER_BOUND('',#2071,.T.) ;
#2100=FACE_OUTER_BOUND('',#2095,.T.) ;
#2150=FACE_OUTER_BOUND('',#2142,.T.) ;
#2174=FACE_OUTER_BOUND('',#2169,.T.) ;
#2207=FACE_OUTER_BOUND('',#2198,.T.) ;
#2226=FACE_OUTER_BOUND('',#2221,.T.) ;
#2245=FACE_OUTER_BOUND('',#2240,.T.) ;
#2418=FACE_OUTER_BOUND('',#2396,.T.) ;
#2430=FACE_OUTER_BOUND('',#2425,.T.) ;
#2442=FACE_OUTER_BOUND('',#2437,.T.) ;
#2454=FACE_OUTER_BOUND('',#2449,.T.) ;
#2464=FACE_OUTER_BOUND('',#2461,.T.) ;
#2484=FACE_OUTER_BOUND('',#2479,.T.) ;
#2658=FACE_OUTER_BOUND('',#2633,.T.) ;
#2665=FACE_OUTER_BOUND('',#2660,.T.) ;
#2708=FACE_OUTER_BOUND('',#2701,.T.) ;
#2733=FACE_OUTER_BOUND('',#2728,.T.) ;
#2761=FACE_OUTER_BOUND('',#2756,.T.) ;
#2786=FACE_OUTER_BOUND('',#2781,.T.) ;
#2813=FACE_OUTER_BOUND('',#2808,.T.) ;
#2840=FACE_OUTER_BOUND('',#2835,.T.) ;
#2860=FACE_OUTER_BOUND('',#2855,.T.) ;
#2888=FACE_OUTER_BOUND('',#2883,.T.) ;
#2913=FACE_OUTER_BOUND('',#2908,.T.) ;
#2940=FACE_OUTER_BOUND('',#2935,.T.) ;
#2968=FACE_OUTER_BOUND('',#2963,.T.) ;
#2993=FACE_OUTER_BOUND('',#2988,.T.) ;
#3021=FACE_OUTER_BOUND('',#3016,.T.) ;
#3049=FACE_OUTER_BOUND('',#3044,.T.) ;
#3069=FACE_OUTER_BOUND('',#3064,.T.) ;
#3102=FACE_OUTER_BOUND('',#3095,.T.) ;
#3119=FACE_OUTER_BOUND('',#3115,.T.) ;
#3140=FACE_OUTER_BOUND('',#3122,.T.) ;
#3318=FACE_OUTER_BOUND('',#3313,.T.) ;
#3343=FACE_OUTER_BOUND('',#3338,.T.) ;
#3369=FACE_OUTER_BOUND('',#3364,.T.) ;
#3395=FACE_OUTER_BOUND('',#3390,.T.) ;
#3415=FACE_OUTER_BOUND('',#3410,.T.) ;
#3442=FACE_OUTER_BOUND('',#3437,.T.) ;
#3467=FACE_OUTER_BOUND('',#3462,.T.) ;
#3494=FACE_OUTER_BOUND('',#3489,.T.) ;
#3522=FACE_OUTER_BOUND('',#3517,.T.) ;
#3547=FACE_OUTER_BOUND('',#3542,.T.) ;
#3575=FACE_OUTER_BOUND('',#3570,.T.) ;
#3603=FACE_OUTER_BOUND('',#3598,.T.) ;
#3623=FACE_OUTER_BOUND('',#3618,.T.) ;
#3651=FACE_OUTER_BOUND('',#3646,.T.) ;
#3678=FACE_OUTER_BOUND('',#3673,.T.) ;
#3696=FACE_OUTER_BOUND('',#3691,.T.) ;
#3716=FACE_OUTER_BOUND('',#3699,.T.) ;
#3878=FACE_OUTER_BOUND('',#3860,.T.) ;
#4040=FACE_OUTER_BOUND('',#4035,.T.) ;
#4052=FACE_OUTER_BOUND('',#4047,.T.) ;
#4064=FACE_OUTER_BOUND('',#4059,.T.) ;
#4076=FACE_OUTER_BOUND('',#4071,.T.) ;
#4088=FACE_OUTER_BOUND('',#4083,.T.) ;
#4110=FACE_OUTER_BOUND('',#4103,.T.) ;
#4122=FACE_OUTER_BOUND('',#4118,.T.) ;
#4137=FACE_OUTER_BOUND('',#4130,.T.) ;
#4149=FACE_OUTER_BOUND('',#4144,.T.) ;
#4161=FACE_OUTER_BOUND('',#4156,.T.) ;
#4173=FACE_OUTER_BOUND('',#4168,.T.) ;
#4185=FACE_OUTER_BOUND('',#4180,.T.) ;
#4197=FACE_OUTER_BOUND('',#4192,.T.) ;
#4209=FACE_OUTER_BOUND('',#4204,.T.) ;
#4221=FACE_OUTER_BOUND('',#4216,.T.) ;
#4233=FACE_OUTER_BOUND('',#4228,.T.) ;
#4240=FACE_OUTER_BOUND('',#4235,.T.) ;
#4267=FACE_OUTER_BOUND('',#4262,.T.) ;
#4286=FACE_OUTER_BOUND('',#4281,.T.) ;
#4307=FACE_OUTER_BOUND('',#4302,.T.) ;
#4326=FACE_OUTER_BOUND('',#4321,.T.) ;
#4347=FACE_OUTER_BOUND('',#4342,.T.) ;
#4369=FACE_OUTER_BOUND('',#4364,.T.) ;
#4388=FACE_OUTER_BOUND('',#4383,.T.) ;
#4410=FACE_OUTER_BOUND('',#4405,.T.) ;
#4432=FACE_OUTER_BOUND('',#4427,.T.) ;
#4451=FACE_OUTER_BOUND('',#4446,.T.) ;
#4473=FACE_OUTER_BOUND('',#4468,.T.) ;
#4494=FACE_OUTER_BOUND('',#4489,.T.) ;
#4513=FACE_OUTER_BOUND('',#4508,.T.) ;
#4534=FACE_OUTER_BOUND('',#4529,.T.) ;
#4553=FACE_OUTER_BOUND('',#4548,.T.) ;
#4566=FACE_OUTER_BOUND('',#4561,.T.) ;
#4585=FACE_OUTER_BOUND('',#4568,.T.) ;
#9=PRODUCT_CATEGORY_RELATIONSHIP(' ',' ',#7,#8) ;
#12=PRODUCT_CATEGORY_RELATIONSHIP(' ',' ',#10,#11) ;
#6=PRODUCT_DEFINITION_FORMATION_WITH_SPECIFIED_SOURCE('',' ',#5,.NOT_KNOWN.) ;
#27=PRODUCT_DEFINITION_FORMATION_WITH_SPECIFIED_SOURCE('',' ',#26,.NOT_KNOWN.) ;
#137=PRODUCT_DEFINITION_FORMATION_WITH_SPECIFIED_SOURCE('',' ',#136,.NOT_KNOWN.) ;
#240=PRODUCT_DEFINITION_FORMATION_WITH_SPECIFIED_SOURCE('',' ',#239,.NOT_KNOWN.) ;
#14=SHAPE_DEFINITION_REPRESENTATION(#16,#15) ;
#25=SHAPE_DEFINITION_REPRESENTATION(#29,#24) ;
#135=SHAPE_DEFINITION_REPRESENTATION(#139,#134) ;
#238=SHAPE_DEFINITION_REPRESENTATION(#242,#237) ;
#17=(LENGTH_UNIT()NAMED_UNIT(*)SI_UNIT(.MILLI.,.METRE.)) ;
#18=(NAMED_UNIT(*)PLANE_ANGLE_UNIT()SI_UNIT($,.RADIAN.)) ;
#19=(NAMED_UNIT(*)SI_UNIT($,.STERADIAN.)SOLID_ANGLE_UNIT()) ;
#21=(GEOMETRIC_REPRESENTATION_CONTEXT(3)GLOBAL_UNCERTAINTY_ASSIGNED_CONTEXT((#20))GLOBAL_UNIT_ASSIGNED_CONTEXT((#17,#18,#19))REPRESENTATION_CONTEXT(' ',' ')) ;
#23=(GEOMETRIC_REPRESENTATION_CONTEXT(3)GLOBAL_UNCERTAINTY_ASSIGNED_CONTEXT((#22))GLOBAL_UNIT_ASSIGNED_CONTEXT((#17,#18,#19))REPRESENTATION_CONTEXT(' ',' ')) ;
#133=(GEOMETRIC_REPRESENTATION_CONTEXT(3)GLOBAL_UNCERTAINTY_ASSIGNED_CONTEXT((#132))GLOBAL_UNIT_ASSIGNED_CONTEXT((#17,#18,#19))REPRESENTATION_CONTEXT(' ',' ')) ;
#236=(GEOMETRIC_REPRESENTATION_CONTEXT(3)GLOBAL_UNCERTAINTY_ASSIGNED_CONTEXT((#235))GLOBAL_UNIT_ASSIGNED_CONTEXT((#17,#18,#19))REPRESENTATION_CONTEXT(' ',' ')) ;
#122=(REPRESENTATION_RELATIONSHIP(' ',' ',#24,#15)REPRESENTATION_RELATIONSHIP_WITH_TRANSFORMATION(#123)SHAPE_REPRESENTATION_RELATIONSHIP()) ;
#225=(REPRESENTATION_RELATIONSHIP(' ',' ',#134,#15)REPRESENTATION_RELATIONSHIP_WITH_TRANSFORMATION(#226)SHAPE_REPRESENTATION_RELATIONSHIP()) ;
#4592=(REPRESENTATION_RELATIONSHIP(' ',' ',#237,#15)REPRESENTATION_RELATIONSHIP_WITH_TRANSFORMATION(#4593)SHAPE_REPRESENTATION_RELATIONSHIP()) ;
ENDSEC;
END-ISO-10303-21;
