ISO-10303-21;
HEADER;
FILE_DESCRIPTION (( 'STEP AP214' ),
    '1' );
FILE_NAME ('ISM6HG256XTR.STEP',
    '2026-01-02T05:18:31',
    ( '' ),
    ( '' ),
    'SwSTEP 2.0',
    'SolidWorks 2024',
    '' );
FILE_SCHEMA (( 'AUTOMOTIVE_DESIGN' ));
ENDSEC;

DATA;
#1 = SURFACE_SIDE_STYLE ('',( #2443 ) ) ;
#2 = DIRECTION ( 'NONE',  ( 0.000000000000000000, 0.000000000000000000, 1.000000000000000000 ) ) ;
#3 = DIRECTION ( 'NONE',  ( 0.000000000000000000, -1.000000000000000000, 0.000000000000000000 ) ) ;
#4 = COLOUR_RGB ( '',0.1019607843137254888, 0.1019607843137254888, 0.1019607843137254888 ) ;
#5 = PLANE ( 'NONE',  #2927 ) ;
#6 = ORIENTED_EDGE ( 'NONE', *, *, #2350, .F. ) ;
#7 = CARTESIAN_POINT ( 'NONE',  ( 0.7299999999999999822, -1.150000000000000133, -0.3750000000000003331 ) ) ;
#8 = SURFACE_SIDE_STYLE ('',( #5298 ) ) ;
#9 = FILL_AREA_STYLE ('',( #2448 ) ) ;
#10 = CARTESIAN_POINT ( 'NONE',  ( 0.5300000000000000266, -0.6750000000000002665, -0.6250000000000003331 ) ) ;
#11 = ORIENTED_EDGE ( 'NONE', *, *, #4835, .T. ) ;
#12 = SURFACE_STYLE_USAGE ( .BOTH. , #4263 ) ;
#13 = CARTESIAN_POINT ( 'NONE',  ( 0.7299999999999999822, -0.6250000000000001110, -1.400000000000000577 ) ) ;
#14 = AXIS2_PLACEMENT_3D ( 'NONE', #5201, #853, #3855 ) ;
#15 =( NAMED_UNIT ( * ) SI_UNIT ( $, .STERADIAN. ) SOLID_ANGLE_UNIT ( ) );
#16 = DIRECTION ( 'NONE',  ( -1.000000000000000000, -0.000000000000000000, -0.000000000000000000 ) ) ;
#17 = ADVANCED_FACE ( 'NONE', ( #359 ), #2744, .F. ) ;
#18 = FACE_OUTER_BOUND ( 'NONE', #2651, .T. ) ;
#19 = VECTOR ( 'NONE', #6224, 1000.000000000000000 ) ;
#20 = DIRECTION ( 'NONE',  ( -1.000000000000000000, 0.000000000000000000, -0.000000000000000000 ) ) ;
#21 = VERTEX_POINT ( 'NONE', #2268 ) ;
#22 = COLOUR_RGB ( '',0.1019607843137254888, 0.1019607843137254888, 0.1019607843137254888 ) ;
#23 = EDGE_CURVE ( 'NONE', #4474, #243, #4706, .T. ) ;
#24 = VECTOR ( 'NONE', #2534, 1000.000000000000000 ) ;
#25 = CARTESIAN_POINT ( 'NONE',  ( 0.7299999999999999822, 0.000000000000000000, 0.000000000000000000 ) ) ;
#26 = LINE ( 'NONE', #3057, #1192 ) ;
#27 = CARTESIAN_POINT ( 'NONE',  ( 0.7299999999999999822, 0.3749999999999998890, 1.400000000000000133 ) ) ;
#28 = COLOUR_RGB ( '',0.7921568627450980005, 0.8196078431372548767, 0.9333333333333333481 ) ;
#29 = ORIENTED_EDGE ( 'NONE', *, *, #5337, .T. ) ;
#30 = ORIENTED_EDGE ( 'NONE', *, *, #194, .F. ) ;
#31 = UNCERTAINTY_MEASURE_WITH_UNIT (LENGTH_MEASURE( 1.000000000000000082E-05 ), #4377, 'distance_accuracy_value', 'NONE');
#32 = CARTESIAN_POINT ( 'NONE',  ( 0.5300000000000000266, 0.6249999999999998890, 1.400000000000000133 ) ) ;
#33 = DIRECTION ( 'NONE',  ( -0.000000000000000000, 1.000000000000000000, -0.000000000000000000 ) ) ;
#35 = STYLED_ITEM ( 'NONE', ( #3804 ), #5599 ) ;
#34 = FILL_AREA_STYLE ('',( #4407 ) ) ;
#36 = DIRECTION ( 'NONE',  ( 1.000000000000000000, -0.000000000000000000, -0.000000000000000000 ) ) ;
#37 = CLOSED_SHELL ( 'NONE', ( #4886, #4472, #3895, #2397, #1492, #5395 ) ) ;
#38 = ORIENTED_EDGE ( 'NONE', *, *, #661, .T. ) ;
#39 = CARTESIAN_POINT ( 'NONE',  ( 0.5300000000000000266, -0.6250000000000001110, -0.9250000000000007105 ) ) ;
#40 = EDGE_CURVE ( 'NONE', #5028, #4733, #1227, .T. ) ;
#41 = PLANE ( 'NONE',  #832 ) ;
#42 = AXIS2_PLACEMENT_3D ( 'NONE', #518, #5212, #6245 ) ;
#43 =( NAMED_UNIT ( * ) SI_UNIT ( $, .STERADIAN. ) SOLID_ANGLE_UNIT ( ) );
#44 = ORIENTED_EDGE ( 'NONE', *, *, #1256, .F. ) ;
#45 = SURFACE_SIDE_STYLE ('',( #4009 ) ) ;
#46 = AXIS2_PLACEMENT_3D ( 'NONE', #511, #4123, #6040 ) ;
#47 = SURFACE_STYLE_USAGE ( .BOTH. , #4482 ) ;
#48 =( NAMED_UNIT ( * ) PLANE_ANGLE_UNIT ( ) SI_UNIT ( $, .RADIAN. ) );
#49 = CARTESIAN_POINT ( 'NONE',  ( 0.5300000000000000266, -0.6750000000000002665, 0.3749999999999996669 ) ) ;
#50 = MECHANICAL_DESIGN_GEOMETRIC_PRESENTATION_REPRESENTATION (  '', ( #3320 ), #3924 ) ;
#51 = LINE ( 'NONE', #614, #6125 ) ;
#52 = SURFACE_STYLE_FILL_AREA ( #4963 ) ;
#53 = CARTESIAN_POINT ( 'NONE',  ( 0.7299999999999999822, 0.1249999999999998890, 1.400000000000000133 ) ) ;
#54 =( GEOMETRIC_REPRESENTATION_CONTEXT ( 3 ) GLOBAL_UNCERTAINTY_ASSIGNED_CONTEXT ( ( #4003 ) ) GLOBAL_UNIT_ASSIGNED_CONTEXT ( ( #5881, #1929, #2380 ) ) REPRESENTATION_CONTEXT ( 'NONE', 'WORKASPACE' ) );
#55 = EDGE_LOOP ( 'NONE', ( #560, #2660, #221, #685 ) ) ;
#56 = MANIFOLD_SOLID_BREP ( 'Boss-Extrude3[14]', #4211 ) ;
#57 =( LENGTH_UNIT ( ) NAMED_UNIT ( * ) SI_UNIT ( .MILLI., .METRE. ) );
#58 =( GEOMETRIC_REPRESENTATION_CONTEXT ( 3 ) GLOBAL_UNCERTAINTY_ASSIGNED_CONTEXT ( ( #1591 ) ) GLOBAL_UNIT_ASSIGNED_CONTEXT ( ( #3490, #4861, #513 ) ) REPRESENTATION_CONTEXT ( 'NONE', 'WORKASPACE' ) );
#59 = LINE ( 'NONE', #3479, #1073 ) ;
#60 = CARTESIAN_POINT ( 'NONE',  ( 0.5300000000000000266, -0.8750000000000001110, -0.9250000000000007105 ) ) ;
#61 = COLOUR_RGB ( '',0.1019607843137254888, 0.1019607843137254888, 0.1019607843137254888 ) ;
#62 = LINE ( 'NONE', #2016, #1087 ) ;
#63 = CARTESIAN_POINT ( 'NONE',  ( 0.5300000000000000266, -0.1250000000000001110, -1.400000000000000577 ) ) ;
#64 = ORIENTED_EDGE ( 'NONE', *, *, #5308, .F. ) ;
#65 = AXIS2_PLACEMENT_3D ( 'NONE', #2579, #1556, #2984 ) ;
#66 = ADVANCED_FACE ( 'NONE', ( #3611 ), #5066, .F. ) ;
#67 = VECTOR ( 'NONE', #5104, 1000.000000000000000 ) ;
#68 = VERTEX_POINT ( 'NONE', #6041 ) ;
#69 = VECTOR ( 'NONE', #3003, 1000.000000000000000 ) ;
#70 = MECHANICAL_DESIGN_GEOMETRIC_PRESENTATION_REPRESENTATION (  '', ( #292 ), #3853 ) ;
#71 = MANIFOLD_SOLID_BREP ( 'Boss-Extrude3[9]', #4418 ) ;
#72 = CARTESIAN_POINT ( 'NONE',  ( 0.5300000000000000266, 0.6750000000000002665, 0.3749999999999996669 ) ) ;
#73 = FACE_OUTER_BOUND ( 'NONE', #1523, .T. ) ;
#74 = EDGE_LOOP ( 'NONE', ( #940, #390, #2417, #1714 ) ) ;
#75 = AXIS2_PLACEMENT_3D ( 'NONE', #436, #4253, #5766 ) ;
#76 =( NAMED_UNIT ( * ) PLANE_ANGLE_UNIT ( ) SI_UNIT ( $, .RADIAN. ) );
#77 = DIRECTION ( 'NONE',  ( -0.000000000000000000, 0.000000000000000000, -1.000000000000000000 ) ) ;
#78 = FACE_BOUND ( 'NONE', #5390, .T. ) ;
#79 = FILL_AREA_STYLE_COLOUR ( '', #6032 ) ;
#80 = VERTEX_POINT ( 'NONE', #5895 ) ;
#81 = SURFACE_STYLE_FILL_AREA ( #5918 ) ;
#82 = EDGE_CURVE ( 'NONE', #1700, #861, #5569, .T. ) ;
#83 = PLANE ( 'NONE',  #2523 ) ;
#84 = EDGE_CURVE ( 'NONE', #5276, #5551, #51, .T. ) ;
#85 = UNCERTAINTY_MEASURE_WITH_UNIT (LENGTH_MEASURE( 1.000000000000000082E-05 ), #3883, 'distance_accuracy_value', 'NONE');
#86 = FILL_AREA_STYLE_COLOUR ( '', #3207 ) ;
#87 = LINE ( 'NONE', #2956, #2078 ) ;
#88 = DIRECTION ( 'NONE',  ( -1.000000000000000000, -0.000000000000000000, -0.000000000000000000 ) ) ;
#89 = CARTESIAN_POINT ( 'NONE',  ( 0.7299999999999999822, 0.8749999999999998890, -1.025000000000000799 ) ) ;
#90 = ORIENTED_EDGE ( 'NONE', *, *, #3155, .F. ) ;
#91 = CARTESIAN_POINT ( 'NONE',  ( 0.5300000000000000266, -0.3750000000000001110, -0.9250000000000007105 ) ) ;
#92 = DIRECTION ( 'NONE',  ( 0.000000000000000000, 0.000000000000000000, -1.000000000000000000 ) ) ;
#93 = SURFACE_SIDE_STYLE ('',( #459 ) ) ;
#94 = AXIS2_PLACEMENT_3D ( 'NONE', #3808, #5225, #2856 ) ;
#95 = ORIENTED_EDGE ( 'NONE', *, *, #1822, .T. ) ;
#96 = VERTEX_POINT ( 'NONE', #3469 ) ;
#97 = DIRECTION ( 'NONE',  ( 0.000000000000000000, 0.000000000000000000, -1.000000000000000000 ) ) ;
#98 = DIRECTION ( 'NONE',  ( 0.000000000000000000, -1.000000000000000000, -0.000000000000000000 ) ) ;
#99 = PLANE ( 'NONE',  #3497 ) ;
#100 = LINE ( 'NONE', #2630, #4336 ) ;
#101 = CARTESIAN_POINT ( 'NONE',  ( 0.5300000000000000266, 0.000000000000000000, 0.000000000000000000 ) ) ;
#102 = DIRECTION ( 'NONE',  ( 1.000000000000000000, -0.000000000000000000, 0.000000000000000000 ) ) ;
#103 = VERTEX_POINT ( 'NONE', #1500 ) ;
#104 = UNCERTAINTY_MEASURE_WITH_UNIT (LENGTH_MEASURE( 1.000000000000000082E-05 ), #2203, 'distance_accuracy_value', 'NONE');
#105 = FACE_BOUND ( 'NONE', #6106, .T. ) ;
#106 =( LENGTH_UNIT ( ) NAMED_UNIT ( * ) SI_UNIT ( .MILLI., .METRE. ) );
#107 = VECTOR ( 'NONE', #5132, 1000.000000000000000 ) ;
#108 = ADVANCED_FACE ( 'NONE', ( #1046 ), #1348, .F. ) ;
#109 = ORIENTED_EDGE ( 'NONE', *, *, #4761, .T. ) ;
#110 = UNCERTAINTY_MEASURE_WITH_UNIT (LENGTH_MEASURE( 1.000000000000000082E-05 ), #2139, 'distance_accuracy_value', 'NONE');
#111 =( NAMED_UNIT ( * ) PLANE_ANGLE_UNIT ( ) SI_UNIT ( $, .RADIAN. ) );
#112 =( LENGTH_UNIT ( ) NAMED_UNIT ( * ) SI_UNIT ( .MILLI., .METRE. ) );
#113 = EDGE_CURVE ( 'NONE', #3660, #5674, #1016, .T. ) ;
#114 =( NAMED_UNIT ( * ) SI_UNIT ( $, .STERADIAN. ) SOLID_ANGLE_UNIT ( ) );
#115 = CARTESIAN_POINT ( 'NONE',  ( 0.7299999999999999822, 0.6750000000000002665, 0.6249999999999996669 ) ) ;
#116 = FACE_OUTER_BOUND ( 'NONE', #5899, .T. ) ;
#117 = LINE ( 'NONE', #188, #386 ) ;
#118 = LINE ( 'NONE', #3022, #5644 ) ;
#119 = ORIENTED_EDGE ( 'NONE', *, *, #2662, .T. ) ;
#120 = ADVANCED_FACE ( 'NONE', ( #2931 ), #5219, .T. ) ;
#121 = EDGE_CURVE ( 'NONE', #2498, #1808, #87, .T. ) ;
#122 = DIRECTION ( 'NONE',  ( -1.000000000000000000, -0.000000000000000000, -0.000000000000000000 ) ) ;
#123 = LINE ( 'NONE', #4399, #5581 ) ;
#124 = ORIENTED_EDGE ( 'NONE', *, *, #5142, .T. ) ;
#125 = ORIENTED_EDGE ( 'NONE', *, *, #4620, .F. ) ;
#126 = COLOUR_RGB ( '',0.7921568627450980005, 0.8196078431372548767, 0.9333333333333333481 ) ;
#127 = DIRECTION ( 'NONE',  ( -1.000000000000000000, 0.000000000000000000, 0.000000000000000000 ) ) ;
#128 = SURFACE_STYLE_USAGE ( .BOTH. , #2143 ) ;
#129 = PRESENTATION_LAYER_ASSIGNMENT (  '', '', ( #3399 ) ) ;
#130 = LINE ( 'NONE', #5571, #549 ) ;
#131 = LINE ( 'NONE', #2452, #280 ) ;
#132 = EDGE_LOOP ( 'NONE', ( #2068, #3311, #3767, #5817 ) ) ;
#133 = EDGE_CURVE ( 'NONE', #241, #392, #4868, .T. ) ;
#134 = LINE ( 'NONE', #3586, #2760 ) ;
#135 = PLANE ( 'NONE',  #585 ) ;
#136 = CARTESIAN_POINT ( 'NONE',  ( 0.7299999999999999822, -0.1250000000000001110, -1.400000000000000577 ) ) ;
#137 = EDGE_LOOP ( 'NONE', ( #5713, #1868, #5974, #2780 ) ) ;
#138 = DIRECTION ( 'NONE',  ( 1.000000000000000000, 0.000000000000000000, -0.000000000000000000 ) ) ;
#139 = LINE ( 'NONE', #703, #3850 ) ;
#140 = VECTOR ( 'NONE', #5184, 1000.000000000000000 ) ;
#141 = EDGE_CURVE ( 'NONE', #6110, #1737, #2525, .T. ) ;
#142 = PLANE ( 'NONE',  #5926 ) ;
#143 = DIRECTION ( 'NONE',  ( -1.000000000000000000, 0.000000000000000000, -0.000000000000000000 ) ) ;
#144 = DIRECTION ( 'NONE',  ( -0.000000000000000000, 1.000000000000000000, 0.000000000000000000 ) ) ;
#145 = PLANE ( 'NONE',  #2689 ) ;
#146 = FACE_OUTER_BOUND ( 'NONE', #5826, .T. ) ;
#147 = MECHANICAL_DESIGN_GEOMETRIC_PRESENTATION_REPRESENTATION (  '', ( #868 ), #5828 ) ;
#148 = UNCERTAINTY_MEASURE_WITH_UNIT (LENGTH_MEASURE( 1.000000000000000082E-05 ), #4527, 'distance_accuracy_value', 'NONE');
#149 = MECHANICAL_DESIGN_GEOMETRIC_PRESENTATION_REPRESENTATION (  '', ( #1179 ), #2600 ) ;
#150 =( NAMED_UNIT ( * ) SI_UNIT ( $, .STERADIAN. ) SOLID_ANGLE_UNIT ( ) );
#151 = ORIENTED_EDGE ( 'NONE', *, *, #133, .F. ) ;
#152 = VECTOR ( 'NONE', #1173, 1000.000000000000000 ) ;
#153 = VECTOR ( 'NONE', #1489, 1000.000000000000000 ) ;
#154 =( NAMED_UNIT ( * ) PLANE_ANGLE_UNIT ( ) SI_UNIT ( $, .RADIAN. ) );
#155 = EDGE_CURVE ( 'NONE', #425, #4996, #3889, .T. ) ;
#156 = PLANE ( 'NONE',  #2211 ) ;
#157 = AXIS2_PLACEMENT_3D ( 'NONE', #4179, #2649, #4586 ) ;
#158 = AXIS2_PLACEMENT_3D ( 'NONE', #4158, #1319, #3229 ) ;
#159 = ORIENTED_EDGE ( 'NONE', *, *, #4441, .T. ) ;
#160 = VERTEX_POINT ( 'NONE', #5425 ) ;
#161 = MECHANICAL_DESIGN_GEOMETRIC_PRESENTATION_REPRESENTATION (  '', ( #1497 ), #2303 ) ;
#162 = VECTOR ( 'NONE', #4994, 1000.000000000000000 ) ;
#163 = ADVANCED_FACE ( 'NONE', ( #18 ), #5868, .F. ) ;
#164 = CARTESIAN_POINT ( 'NONE',  ( 0.7299999999999999822, 1.250000000000000000, -1.500000000000000222 ) ) ;
#165 = LINE ( 'NONE', #2656, #3633 ) ;
#166 =( GEOMETRIC_REPRESENTATION_CONTEXT ( 3 ) GLOBAL_UNCERTAINTY_ASSIGNED_CONTEXT ( ( #3979 ) ) GLOBAL_UNIT_ASSIGNED_CONTEXT ( ( #1117, #1560, #2042 ) ) REPRESENTATION_CONTEXT ( 'NONE', 'WORKASPACE' ) );
#167 = CARTESIAN_POINT ( 'NONE',  ( 0.7299999999999999822, 0.6750000000000002665, 0.6249999999999996669 ) ) ;
#168 =( GEOMETRIC_REPRESENTATION_CONTEXT ( 3 ) GLOBAL_UNCERTAINTY_ASSIGNED_CONTEXT ( ( #646 ) ) GLOBAL_UNIT_ASSIGNED_CONTEXT ( ( #3857, #3400, #3882 ) ) REPRESENTATION_CONTEXT ( 'NONE', 'WORKASPACE' ) );
#169 = DIRECTION ( 'NONE',  ( -1.000000000000000000, -0.000000000000000000, -0.000000000000000000 ) ) ;
#170 = ORIENTED_EDGE ( 'NONE', *, *, #1716, .T. ) ;
#171 = UNCERTAINTY_MEASURE_WITH_UNIT (LENGTH_MEASURE( 1.000000000000000082E-05 ), #112, 'distance_accuracy_value', 'NONE');
#172 = PLANE ( 'NONE',  #1132 ) ;
#173 = COLOUR_RGB ( '',0.7921568627450980005, 0.8196078431372548767, 0.9333333333333333481 ) ;
#174 = CARTESIAN_POINT ( 'NONE',  ( 0.7299999999999999822, 0.1249999999999998890, -1.400000000000000577 ) ) ;
#175 = LINE ( 'NONE', #1709, #4628 ) ;
#177 = VECTOR ( 'NONE', #3138, 1000.000000000000000 ) ;
#176 = CARTESIAN_POINT ( 'NONE',  ( 0.5300000000000000266, 0.1249999999999998890, -1.400000000000000577 ) ) ;
#178 = ORIENTED_EDGE ( 'NONE', *, *, #1459, .T. ) ;
#179 = SURFACE_STYLE_USAGE ( .BOTH. , #45 ) ;
#180 = DIRECTION ( 'NONE',  ( -1.000000000000000000, 0.000000000000000000, -0.000000000000000000 ) ) ;
#181 = AXIS2_PLACEMENT_3D ( 'NONE', #4854, #2506, #4911 ) ;
#182 = ORIENTED_EDGE ( 'NONE', *, *, #2263, .F. ) ;
#183 = ADVANCED_FACE ( 'NONE', ( #4550 ), #187, .T. ) ;
#184 = DIRECTION ( 'NONE',  ( -0.000000000000000000, 0.000000000000000000, -1.000000000000000000 ) ) ;
#185 =( LENGTH_UNIT ( ) NAMED_UNIT ( * ) SI_UNIT ( .MILLI., .METRE. ) );
#186 =( NAMED_UNIT ( * ) SI_UNIT ( $, .STERADIAN. ) SOLID_ANGLE_UNIT ( ) );
#187 = CYLINDRICAL_SURFACE ( 'NONE', #3820, 0.1750560047594175161 ) ;
#188 = CARTESIAN_POINT ( 'NONE',  ( 0.000000000000000000, -1.250000000000000000, 1.499999999999999778 ) ) ;
#189 = DIRECTION ( 'NONE',  ( 1.000000000000000000, -0.000000000000000000, -0.000000000000000000 ) ) ;
#190 = ORIENTED_EDGE ( 'NONE', *, *, #564, .F. ) ;
#191 = PLANE ( 'NONE',  #2018 ) ;
#192 = DIRECTION ( 'NONE',  ( 0.000000000000000000, 0.000000000000000000, 1.000000000000000000 ) ) ;
#193 = FACE_OUTER_BOUND ( 'NONE', #3140, .T. ) ;
#194 = EDGE_CURVE ( 'NONE', #3244, #6166, #2612, .T. ) ;
#195 = PLANE ( 'NONE',  #3835 ) ;
#196 = ORIENTED_EDGE ( 'NONE', *, *, #3047, .T. ) ;
#197 = EDGE_LOOP ( 'NONE', ( #893, #4255, #5494, #6030 ) ) ;
#198 = LINE ( 'NONE', #2142, #871 ) ;
#199 = ADVANCED_FACE ( 'NONE', ( #1588 ), #4609, .F. ) ;
#200 = CARTESIAN_POINT ( 'NONE',  ( 0.7299999999999999822, -0.3750000000000001110, 0.9250000000000002665 ) ) ;
#201 = CARTESIAN_POINT ( 'NONE',  ( 0.5300000000000000266, 0.7749999999999999112, -0.9250000000000007105 ) ) ;
#202 = CARTESIAN_POINT ( 'NONE',  ( 0.5300000000000000266, 0.000000000000000000, 0.000000000000000000 ) ) ;
#203 = CARTESIAN_POINT ( 'NONE',  ( 0.5300000000000000266, 0.1249999999999998890, 1.400000000000000133 ) ) ;
#204 = ORIENTED_EDGE ( 'NONE', *, *, #4198, .F. ) ;
#205 = PRESENTATION_STYLE_ASSIGNMENT (( #5885 ) ) ;
#206 = CARTESIAN_POINT ( 'NONE',  ( 0.1000000000000000056, 0.8556308804057267681, -1.128932602121957007 ) ) ;
#207 = CARTESIAN_POINT ( 'NONE',  ( 0.5300000000000000266, 0.1249999999999998890, 1.400000000000000133 ) ) ;
#208 = LINE ( 'NONE', #3144, #3083 ) ;
#209 = ORIENTED_EDGE ( 'NONE', *, *, #834, .F. ) ;
#210 =( LENGTH_UNIT ( ) NAMED_UNIT ( * ) SI_UNIT ( .MILLI., .METRE. ) );
#211 = CARTESIAN_POINT ( 'NONE',  ( 0.5300000000000000266, 0.1249999999999998890, -1.400000000000000577 ) ) ;
#212 = VERTEX_POINT ( 'NONE', #763 ) ;
#213 = STYLED_ITEM ( 'NONE', ( #3420 ), #1961 ) ;
#214 =( LENGTH_UNIT ( ) NAMED_UNIT ( * ) SI_UNIT ( .MILLI., .METRE. ) );
#215 = DIRECTION ( 'NONE',  ( 0.000000000000000000, 1.000000000000000000, 0.000000000000000000 ) ) ;
#216 = FILL_AREA_STYLE ('',( #5081 ) ) ;
#217 =( NAMED_UNIT ( * ) PLANE_ANGLE_UNIT ( ) SI_UNIT ( $, .RADIAN. ) );
#218 = DIRECTION ( 'NONE',  ( 0.000000000000000000, 1.000000000000000000, 0.000000000000000000 ) ) ;
#219 = VECTOR ( 'NONE', #215, 1000.000000000000000 ) ;
#220 = FACE_OUTER_BOUND ( 'NONE', #1933, .T. ) ;
#221 = ORIENTED_EDGE ( 'NONE', *, *, #84, .T. ) ;
#222 = ADVANCED_FACE ( 'NONE', ( #116 ), #145, .F. ) ;
#223 = SURFACE_STYLE_USAGE ( .BOTH. , #2137 ) ;
#224 = CARTESIAN_POINT ( 'NONE',  ( 0.5300000000000000266, -0.6750000000000002665, 0.6249999999999996669 ) ) ;
#225 = DIRECTION ( 'NONE',  ( -0.000000000000000000, 1.000000000000000000, 0.000000000000000000 ) ) ;
#226 = ORIENTED_EDGE ( 'NONE', *, *, #4522, .T. ) ;
#227 = AXIS2_PLACEMENT_3D ( 'NONE', #1810, #1771, #2354 ) ;
#228 = ORIENTED_EDGE ( 'NONE', *, *, #5927, .F. ) ;
#229 = EDGE_CURVE ( 'NONE', #1658, #3865, #1215, .T. ) ;
#230 = ADVANCED_FACE ( 'NONE', ( #5015 ), #6026, .F. ) ;
#231 = PRESENTATION_STYLE_ASSIGNMENT (( #2114 ) ) ;
#232 = DIRECTION ( 'NONE',  ( -0.000000000000000000, 1.000000000000000000, 0.000000000000000000 ) ) ;
#233 = DIRECTION ( 'NONE',  ( 0.000000000000000000, 0.000000000000000000, 1.000000000000000000 ) ) ;
#234 = FACE_OUTER_BOUND ( 'NONE', #439, .T. ) ;
#235 = CARTESIAN_POINT ( 'NONE',  ( 0.7299999999999999822, -0.6750000000000002665, -0.1250000000000003331 ) ) ;
#236 =( GEOMETRIC_REPRESENTATION_CONTEXT ( 3 ) GLOBAL_UNCERTAINTY_ASSIGNED_CONTEXT ( ( #4373 ) ) GLOBAL_UNIT_ASSIGNED_CONTEXT ( ( #4969, #3994, #622 ) ) REPRESENTATION_CONTEXT ( 'NONE', 'WORKASPACE' ) );
#237 = ORIENTED_EDGE ( 'NONE', *, *, #2250, .T. ) ;
#238 = SURFACE_STYLE_USAGE ( .BOTH. , #3563 ) ;
#239 = DIRECTION ( 'NONE',  ( -1.000000000000000000, -0.000000000000000000, -0.000000000000000000 ) ) ;
#240 = CARTESIAN_POINT ( 'NONE',  ( 0.7299999999999999822, 0.6249999999999998890, -0.9250000000000007105 ) ) ;
#241 = VERTEX_POINT ( 'NONE', #1622 ) ;
#242 = PLANE ( 'NONE',  #2013 ) ;
#243 = VERTEX_POINT ( 'NONE', #3080 ) ;
#244 = MECHANICAL_DESIGN_GEOMETRIC_PRESENTATION_REPRESENTATION (  '', ( #954 ), #5416 ) ;
#245 = FACE_OUTER_BOUND ( 'NONE', #3929, .T. ) ;
#246 = CARTESIAN_POINT ( 'NONE',  ( 0.5300000000000000266, -1.150000000000000133, -0.3750000000000003331 ) ) ;
#247 = CARTESIAN_POINT ( 'NONE',  ( 0.5300000000000000266, 1.150000000000000133, -0.6250000000000003331 ) ) ;
#248 = EDGE_CURVE ( 'NONE', #4213, #559, #5053, .T. ) ;
#249 = SURFACE_SIDE_STYLE ('',( #4143 ) ) ;
#250 = AXIS2_PLACEMENT_3D ( 'NONE', #2700, #3152, #5924 ) ;
#251 = CARTESIAN_POINT ( 'NONE',  ( 0.5300000000000000266, 0.6249999999999998890, 0.9250000000000002665 ) ) ;
#252 = ORIENTED_EDGE ( 'NONE', *, *, #4584, .T. ) ;
#253 = MECHANICAL_DESIGN_GEOMETRIC_PRESENTATION_REPRESENTATION (  '', ( #2084 ), #4826 ) ;
#254 = AXIS2_PLACEMENT_3D ( 'NONE', #1715, #1680, #4668 ) ;
#255 =( NAMED_UNIT ( * ) PLANE_ANGLE_UNIT ( ) SI_UNIT ( $, .RADIAN. ) );
#256 = SURFACE_STYLE_USAGE ( .BOTH. , #6212 ) ;
#257 = CARTESIAN_POINT ( 'NONE',  ( 0.5300000000000000266, 0.3749999999999998890, 1.400000000000000133 ) ) ;
#258 = COLOUR_RGB ( '',0.1019607843137254888, 0.1019607843137254888, 0.1019607843137254888 ) ;
#259 = UNCERTAINTY_MEASURE_WITH_UNIT (LENGTH_MEASURE( 1.000000000000000082E-05 ), #360, 'distance_accuracy_value', 'NONE');
#260 = MECHANICAL_DESIGN_GEOMETRIC_PRESENTATION_REPRESENTATION (  '', ( #1988 ), #2091 ) ;
#261 = EDGE_LOOP ( 'NONE', ( #2228, #5167, #95, #4419 ) ) ;
#262 = AXIS2_PLACEMENT_3D ( 'NONE', #6082, #3692, #4188 ) ;
#263 = ADVANCED_FACE ( 'NONE', ( #3634 ), #4867, .F. ) ;
#264 = PLANE ( 'NONE',  #1391 ) ;
#265 = ORIENTED_EDGE ( 'NONE', *, *, #620, .T. ) ;
#266 = MECHANICAL_DESIGN_GEOMETRIC_PRESENTATION_REPRESENTATION (  '', ( #1182 ), #2910 ) ;
#267 =( LENGTH_UNIT ( ) NAMED_UNIT ( * ) SI_UNIT ( .MILLI., .METRE. ) );
#268 = LINE ( 'NONE', #5186, #1186 ) ;
#269 = EDGE_CURVE ( 'NONE', #3865, #4041, #4829, .T. ) ;
#270 = DIRECTION ( 'NONE',  ( -0.000000000000000000, -0.000000000000000000, 1.000000000000000000 ) ) ;
#271 = ORIENTED_EDGE ( 'NONE', *, *, #3867, .T. ) ;
#272 = AXIS2_PLACEMENT_3D ( 'NONE', #3473, #2101, #4054 ) ;
#273 = LINE ( 'NONE', #1668, #324 ) ;
#274 = LINE ( 'NONE', #174, #2828 ) ;
#275 = LINE ( 'NONE', #3169, #2407 ) ;
#276 =( NAMED_UNIT ( * ) SI_UNIT ( $, .STERADIAN. ) SOLID_ANGLE_UNIT ( ) );
#277 = VERTEX_POINT ( 'NONE', #1849 ) ;
#278 = PRESENTATION_LAYER_ASSIGNMENT (  '', '', ( #5843 ) ) ;
#279 = DIRECTION ( 'NONE',  ( 0.000000000000000000, 0.000000000000000000, -1.000000000000000000 ) ) ;
#280 = VECTOR ( 'NONE', #2080, 1000.000000000000000 ) ;
#281 = COLOUR_RGB ( '',0.1098039215686274495, 0.1098039215686274495, 0.1098039215686274495 ) ;
#282 = ORIENTED_EDGE ( 'NONE', *, *, #113, .F. ) ;
#283 =( GEOMETRIC_REPRESENTATION_CONTEXT ( 3 ) GLOBAL_UNCERTAINTY_ASSIGNED_CONTEXT ( ( #611 ) ) GLOBAL_UNIT_ASSIGNED_CONTEXT ( ( #6065, #4643, #5705 ) ) REPRESENTATION_CONTEXT ( 'NONE', 'WORKASPACE' ) );
#284 = MECHANICAL_DESIGN_GEOMETRIC_PRESENTATION_REPRESENTATION (  '', ( #2218 ), #3894 ) ;
#285 = CARTESIAN_POINT ( 'NONE',  ( -0.1000000000000000056, -1.250000000000000000, -1.500000000000000222 ) ) ;
#286 = PRESENTATION_LAYER_ASSIGNMENT (  '', '', ( #5356 ) ) ;
#287 = EDGE_CURVE ( 'NONE', #5372, #3965, #484, .T. ) ;
#288 =( NAMED_UNIT ( * ) SI_UNIT ( $, .STERADIAN. ) SOLID_ANGLE_UNIT ( ) );
#289 = EDGE_CURVE ( 'NONE', #417, #1742, #2431, .T. ) ;
#290 = VERTEX_POINT ( 'NONE', #901 ) ;
#291 = SURFACE_STYLE_FILL_AREA ( #4144 ) ;
#292 = STYLED_ITEM ( 'NONE', ( #2479 ), #4205 ) ;
#293 = PRESENTATION_STYLE_ASSIGNMENT (( #5613 ) ) ;
#294 = EDGE_LOOP ( 'NONE', ( #2633, #3351, #2110, #5934 ) ) ;
#295 = DIRECTION ( 'NONE',  ( -1.000000000000000000, -0.000000000000000000, -0.000000000000000000 ) ) ;
#296 = UNCERTAINTY_MEASURE_WITH_UNIT (LENGTH_MEASURE( 1.000000000000000082E-05 ), #3622, 'distance_accuracy_value', 'NONE');
#297 = EDGE_LOOP ( 'NONE', ( #1948, #3608, #5266, #5407 ) ) ;
#298 = SURFACE_SIDE_STYLE ('',( #6191 ) ) ;
#299 = FILL_AREA_STYLE_COLOUR ( '', #5122 ) ;
#300 = LINE ( 'NONE', #5594, #1260 ) ;
#301 = CARTESIAN_POINT ( 'NONE',  ( 0.5300000000000000266, -1.150000000000000133, -0.3750000000000003331 ) ) ;
#302 = FACE_OUTER_BOUND ( 'NONE', #4839, .T. ) ;
#303 = ORIENTED_EDGE ( 'NONE', *, *, #2774, .F. ) ;
#304 = ORIENTED_EDGE ( 'NONE', *, *, #1952, .F. ) ;
#305 = EDGE_CURVE ( 'NONE', #5816, #2376, #3796, .T. ) ;
#306 = LINE ( 'NONE', #812, #2242 ) ;
#307 = CARTESIAN_POINT ( 'NONE',  ( 0.5300000000000000266, -0.6250000000000001110, -0.9250000000000007105 ) ) ;
#308 = FACE_OUTER_BOUND ( 'NONE', #2086, .T. ) ;
#309 = SURFACE_STYLE_USAGE ( .BOTH. , #943 ) ;
#310 = ORIENTED_EDGE ( 'NONE', *, *, #3669, .T. ) ;
#311 = DIRECTION ( 'NONE',  ( 0.000000000000000000, -1.000000000000000000, -0.000000000000000000 ) ) ;
#312 = SURFACE_STYLE_FILL_AREA ( #5729 ) ;
#313 = EDGE_LOOP ( 'NONE', ( #2272, #3374, #6162, #1673 ) ) ;
#314 = EDGE_CURVE ( 'NONE', #3248, #2235, #5304, .T. ) ;
#315 = SURFACE_SIDE_STYLE ('',( #4548 ) ) ;
#316 = EDGE_LOOP ( 'NONE', ( #2408, #4275, #3368, #5012 ) ) ;
#317 = DIRECTION ( 'NONE',  ( -1.000000000000000000, 0.000000000000000000, -0.000000000000000000 ) ) ;
#318 =( GEOMETRIC_REPRESENTATION_CONTEXT ( 3 ) GLOBAL_UNCERTAINTY_ASSIGNED_CONTEXT ( ( #2133 ) ) GLOBAL_UNIT_ASSIGNED_CONTEXT ( ( #5382, #4909, #1539 ) ) REPRESENTATION_CONTEXT ( 'NONE', 'WORKASPACE' ) );
#319 = PLANE ( 'NONE',  #5440 ) ;
#320 = EDGE_LOOP ( 'NONE', ( #1322, #479, #1573, #624 ) ) ;
#321 = PRESENTATION_STYLE_ASSIGNMENT (( #1276 ) ) ;
#322 = MECHANICAL_DESIGN_GEOMETRIC_PRESENTATION_REPRESENTATION (  '', ( #3058 ), #1128 ) ;
#323 = DIRECTION ( 'NONE',  ( 0.000000000000000000, 1.000000000000000000, 0.000000000000000000 ) ) ;
#324 = VECTOR ( 'NONE', #666, 1000.000000000000000 ) ;
#325 = EDGE_CURVE ( 'NONE', #4757, #3030, #4328, .T. ) ;
#326 = LINE ( 'NONE', #6075, #1684 ) ;
#327 = ORIENTED_EDGE ( 'NONE', *, *, #2532, .T. ) ;
#328 = SURFACE_SIDE_STYLE ('',( #1758 ) ) ;
#329 = PLANE ( 'NONE',  #5145 ) ;
#330 = DIRECTION ( 'NONE',  ( 0.000000000000000000, 1.000000000000000000, 0.000000000000000000 ) ) ;
#331 = VECTOR ( 'NONE', #3819, 1000.000000000000000 ) ;
#332 = VERTEX_POINT ( 'NONE', #5741 ) ;
#333 = ORIENTED_EDGE ( 'NONE', *, *, #2680, .T. ) ;
#334 = FILL_AREA_STYLE_COLOUR ( '', #1436 ) ;
#335 = CARTESIAN_POINT ( 'NONE',  ( 0.5300000000000000266, -0.8750000000000001110, -1.400000000000000577 ) ) ;
#336 = CARTESIAN_POINT ( 'NONE',  ( 0.7299999999999999822, -0.8750000000000001110, -1.400000000000000577 ) ) ;
#337 = CARTESIAN_POINT ( 'NONE',  ( 0.5300000000000000266, 0.6249999999999998890, 0.9250000000000002665 ) ) ;
#338 = ORIENTED_EDGE ( 'NONE', *, *, #5150, .T. ) ;
#339 = LINE ( 'NONE', #2252, #1204 ) ;
#340 = VECTOR ( 'NONE', #1858, 1000.000000000000000 ) ;
#341 = PRESENTATION_STYLE_ASSIGNMENT (( #4692 ) ) ;
#342 = EDGE_LOOP ( 'NONE', ( #2768, #1705, #3806, #2189 ) ) ;
#343 = LINE ( 'NONE', #5798, #2198 ) ;
#344 = CARTESIAN_POINT ( 'NONE',  ( 0.5300000000000000266, 0.6750000000000002665, -0.6250000000000003331 ) ) ;
#345 =( GEOMETRIC_REPRESENTATION_CONTEXT ( 3 ) GLOBAL_UNCERTAINTY_ASSIGNED_CONTEXT ( ( #1223 ) ) GLOBAL_UNIT_ASSIGNED_CONTEXT ( ( #2754, #815, #4660 ) ) REPRESENTATION_CONTEXT ( 'NONE', 'WORKASPACE' ) );
#346 = VECTOR ( 'NONE', #1561, 1000.000000000000000 ) ;
#347 = SURFACE_SIDE_STYLE ('',( #6025 ) ) ;
#348 = ORIENTED_EDGE ( 'NONE', *, *, #2549, .T. ) ;
#349 = ADVANCED_FACE ( 'NONE', ( #5246 ), #3377, .F. ) ;
#350 = ORIENTED_EDGE ( 'NONE', *, *, #4644, .F. ) ;
#351 = ORIENTED_EDGE ( 'NONE', *, *, #314, .F. ) ;
#352 = FACE_OUTER_BOUND ( 'NONE', #5710, .T. ) ;
#353 = VECTOR ( 'NONE', #787, 1000.000000000000000 ) ;
#354 = DIRECTION ( 'NONE',  ( 0.000000000000000000, -0.000000000000000000, 1.000000000000000000 ) ) ;
#355 = ORIENTED_EDGE ( 'NONE', *, *, #2801, .F. ) ;
#356 = SURFACE_SIDE_STYLE ('',( #4704 ) ) ;
#357 = VECTOR ( 'NONE', #6023, 1000.000000000000000 ) ;
#358 = EDGE_CURVE ( 'NONE', #1983, #5661, #6185, .T. ) ;
#359 = FACE_OUTER_BOUND ( 'NONE', #5727, .T. ) ;
#360 =( LENGTH_UNIT ( ) NAMED_UNIT ( * ) SI_UNIT ( .MILLI., .METRE. ) );
#361 = LINE ( 'NONE', #2305, #5149 ) ;
#362 = FILL_AREA_STYLE_COLOUR ( '', #667 ) ;
#363 = ADVANCED_FACE ( 'NONE', ( #1619 ), #2954, .F. ) ;
#364 = MECHANICAL_DESIGN_GEOMETRIC_PRESENTATION_REPRESENTATION (  '', ( #767 ), #4326 ) ;
#365 = ORIENTED_EDGE ( 'NONE', *, *, #1569, .F. ) ;
#366 = ORIENTED_EDGE ( 'NONE', *, *, #2154, .T. ) ;
#367 = CARTESIAN_POINT ( 'NONE',  ( 0.5300000000000000266, -1.150000000000000133, 0.3749999999999996669 ) ) ;
#368 = COLOUR_RGB ( '',0.1019607843137254888, 0.1019607843137254888, 0.1019607843137254888 ) ;
#369 = PRESENTATION_STYLE_ASSIGNMENT (( #4714 ) ) ;
#370 = LINE ( 'NONE', #2753, #1211 ) ;
#371 = CARTESIAN_POINT ( 'NONE',  ( 0.7299999999999999822, -1.150000000000000133, 0.6249999999999996669 ) ) ;
#372 = ORIENTED_EDGE ( 'NONE', *, *, #5021, .F. ) ;
#373 = LINE ( 'NONE', #3756, #2832 ) ;
#374 = DIRECTION ( 'NONE',  ( 1.000000000000000000, -0.000000000000000000, -0.000000000000000000 ) ) ;
#375 = COLOUR_RGB ( '',0.1019607843137254888, 0.1019607843137254888, 0.1019607843137254888 ) ;
#376 = EDGE_LOOP ( 'NONE', ( #4199, #6285, #6218, #1565 ) ) ;
#377 = PRESENTATION_LAYER_ASSIGNMENT (  '', '', ( #3116 ) ) ;
#378 = FACE_OUTER_BOUND ( 'NONE', #5840, .T. ) ;
#379 = DIRECTION ( 'NONE',  ( 0.000000000000000000, 0.000000000000000000, 1.000000000000000000 ) ) ;
#380 = LINE ( 'NONE', #947, #1191 ) ;
#381 = FACE_OUTER_BOUND ( 'NONE', #3687, .T. ) ;
#382 =( GEOMETRIC_REPRESENTATION_CONTEXT ( 3 ) GLOBAL_UNCERTAINTY_ASSIGNED_CONTEXT ( ( #5994 ) ) GLOBAL_UNIT_ASSIGNED_CONTEXT ( ( #621, #5932, #2536 ) ) REPRESENTATION_CONTEXT ( 'NONE', 'WORKASPACE' ) );
#383 = EDGE_LOOP ( 'NONE', ( #1751, #30, #4455, #2370 ) ) ;
#384 =( NAMED_UNIT ( * ) SI_UNIT ( $, .STERADIAN. ) SOLID_ANGLE_UNIT ( ) );
#385 =( NAMED_UNIT ( * ) SI_UNIT ( $, .STERADIAN. ) SOLID_ANGLE_UNIT ( ) );
#386 = VECTOR ( 'NONE', #4081, 1000.000000000000000 ) ;
#387 = ADVANCED_FACE ( 'NONE', ( #4046 ), #2093, .F. ) ;
#388 =( NAMED_UNIT ( * ) SI_UNIT ( $, .STERADIAN. ) SOLID_ANGLE_UNIT ( ) );
#389 = VECTOR ( 'NONE', #844, 1000.000000000000000 ) ;
#390 = ORIENTED_EDGE ( 'NONE', *, *, #4352, .F. ) ;
#391 = FILL_AREA_STYLE ('',( #1412 ) ) ;
#392 = VERTEX_POINT ( 'NONE', #3499 ) ;
#393 = DIRECTION ( 'NONE',  ( 0.000000000000000000, 1.000000000000000000, 0.000000000000000000 ) ) ;
#394 = ORIENTED_EDGE ( 'NONE', *, *, #1525, .T. ) ;
#395 = CARTESIAN_POINT ( 'NONE',  ( 0.7299999999999999822, 0.3749999999999998890, -0.9250000000000007105 ) ) ;
#396 = VECTOR ( 'NONE', #1356, 1000.000000000000000 ) ;
#397 = DIRECTION ( 'NONE',  ( -1.000000000000000000, -0.000000000000000000, -0.000000000000000000 ) ) ;
#398 = EDGE_CURVE ( 'NONE', #2446, #6133, #1014, .T. ) ;
#399 = CARTESIAN_POINT ( 'NONE',  ( 0.7299999999999999822, -0.6750000000000002665, -0.1250000000000003331 ) ) ;
#400 = SURFACE_STYLE_USAGE ( .BOTH. , #4184 ) ;
#401 = EDGE_LOOP ( 'NONE', ( #6197, #5523, #2969, #5721 ) ) ;
#402 = VERTEX_POINT ( 'NONE', #4012 ) ;
#403 = CARTESIAN_POINT ( 'NONE',  ( 0.7299999999999999822, 1.150000000000000133, 0.1249999999999996808 ) ) ;
#404 = CARTESIAN_POINT ( 'NONE',  ( 0.5300000000000000266, -0.3750000000000001110, 0.9250000000000002665 ) ) ;
#405 = CARTESIAN_POINT ( 'NONE',  ( 0.5300000000000000266, -0.8750000000000001110, -1.400000000000000577 ) ) ;
#406 = CARTESIAN_POINT ( 'NONE',  ( 0.7299999999999999822, 0.6750000000000002665, -0.3750000000000003331 ) ) ;
#407 = ORIENTED_EDGE ( 'NONE', *, *, #141, .T. ) ;
#408 = ORIENTED_EDGE ( 'NONE', *, *, #3415, .F. ) ;
#409 = EDGE_CURVE ( 'NONE', #5029, #5873, #3467, .T. ) ;
#410 = FACE_OUTER_BOUND ( 'NONE', #2357, .T. ) ;
#411 = DIRECTION ( 'NONE',  ( 0.000000000000000000, -1.000000000000000000, 0.000000000000000000 ) ) ;
#412 = CARTESIAN_POINT ( 'NONE',  ( 0.5300000000000000266, -0.1250000000000001110, -1.400000000000000577 ) ) ;
#413 = VERTEX_POINT ( 'NONE', #5013 ) ;
#414 = CARTESIAN_POINT ( 'NONE',  ( 0.5300000000000000266, 0.3749999999999998890, -1.400000000000000577 ) ) ;
#415 = SURFACE_SIDE_STYLE ('',( #895 ) ) ;
#416 = CARTESIAN_POINT ( 'NONE',  ( 0.5300000000000000266, -1.150000000000000133, -0.1250000000000003331 ) ) ;
#417 = VERTEX_POINT ( 'NONE', #5396 ) ;
#418 = ORIENTED_EDGE ( 'NONE', *, *, #113, .T. ) ;
#419 = CARTESIAN_POINT ( 'NONE',  ( 0.5300000000000000266, 1.150000000000000133, 0.6249999999999996669 ) ) ;
#420 = DIRECTION ( 'NONE',  ( -1.000000000000000000, 0.000000000000000000, -0.000000000000000000 ) ) ;
#421 = ORIENTED_EDGE ( 'NONE', *, *, #4309, .F. ) ;
#422 = CARTESIAN_POINT ( 'NONE',  ( 0.7299999999999999822, -1.150000000000000133, 0.6249999999999996669 ) ) ;
#423 = EDGE_CURVE ( 'NONE', #4401, #5240, #4457, .T. ) ;
#424 = STYLED_ITEM ( 'NONE', ( #5214 ), #2051 ) ;
#425 = VERTEX_POINT ( 'NONE', #1496 ) ;
#426 = CARTESIAN_POINT ( 'NONE',  ( 0.7299999999999999822, -1.150000000000000133, -0.3750000000000003331 ) ) ;
#427 = AXIS2_PLACEMENT_3D ( 'NONE', #4515, #1554, #4549 ) ;
#428 = CARTESIAN_POINT ( 'NONE',  ( 0.1000000000000000056, 0.8556308804057267681, -1.128932602121957007 ) ) ;
#429 = DIRECTION ( 'NONE',  ( 0.000000000000000000, -1.000000000000000000, 0.000000000000000000 ) ) ;
#430 = CARTESIAN_POINT ( 'NONE',  ( 0.5300000000000000266, 0.6750000000000002665, -0.1250000000000003331 ) ) ;
#431 = ORIENTED_EDGE ( 'NONE', *, *, #4501, .T. ) ;
#432 = EDGE_CURVE ( 'NONE', #3512, #1818, #2551, .T. ) ;
#433 = ORIENTED_EDGE ( 'NONE', *, *, #4794, .F. ) ;
#434 = CARTESIAN_POINT ( 'NONE',  ( 0.7299999999999999822, 0.8749999999999998890, 1.400000000000000133 ) ) ;
#435 = FILL_AREA_STYLE_COLOUR ( '', #4347 ) ;
#436 = CARTESIAN_POINT ( 'NONE',  ( 0.7299999999999999822, -1.150000000000000133, -0.6250000000000003331 ) ) ;
#437 = PLANE ( 'NONE',  #5611 ) ;
#438 = CARTESIAN_POINT ( 'NONE',  ( 0.7299999999999999822, -0.8750000000000001110, -1.400000000000000577 ) ) ;
#439 = EDGE_LOOP ( 'NONE', ( #2310, #3417, #2389, #5071 ) ) ;
#440 = FILL_AREA_STYLE_COLOUR ( '', #2294 ) ;
#441 = PLANE ( 'NONE',  #2471 ) ;
#442 = CARTESIAN_POINT ( 'NONE',  ( 0.5300000000000000266, 0.1249999999999998890, -1.400000000000000577 ) ) ;
#443 = ORIENTED_EDGE ( 'NONE', *, *, #906, .F. ) ;
#444 = SURFACE_STYLE_USAGE ( .BOTH. , #978 ) ;
#445 = FILL_AREA_STYLE ('',( #2675 ) ) ;
#446 = LINE ( 'NONE', #416, #5234 ) ;
#447 = MECHANICAL_DESIGN_GEOMETRIC_PRESENTATION_REPRESENTATION (  '', ( #1365 ), #1151 ) ;
#448 =( LENGTH_UNIT ( ) NAMED_UNIT ( * ) SI_UNIT ( .MILLI., .METRE. ) );
#449 = ORIENTED_EDGE ( 'NONE', *, *, #5628, .T. ) ;
#450 = EDGE_CURVE ( 'NONE', #6117, #5666, #1552, .T. ) ;
#451 = FILL_AREA_STYLE ('',( #903 ) ) ;
#452 = DIRECTION ( 'NONE',  ( -0.000000000000000000, 1.000000000000000000, -0.000000000000000000 ) ) ;
#453 = DIRECTION ( 'NONE',  ( 1.000000000000000000, 0.000000000000000000, -0.000000000000000000 ) ) ;
#454 = ORIENTED_EDGE ( 'NONE', *, *, #1685, .T. ) ;
#455 = STYLED_ITEM ( 'NONE', ( #4873 ), #6254 ) ;
#456 = CARTESIAN_POINT ( 'NONE',  ( 0.5300000000000000266, -0.3750000000000001110, 1.400000000000000133 ) ) ;
#457 = LINE ( 'NONE', #60, #5914 ) ;
#458 = CARTESIAN_POINT ( 'NONE',  ( 0.5300000000000000266, 0.6249999999999998890, 1.400000000000000133 ) ) ;
#459 = SURFACE_STYLE_FILL_AREA ( #939 ) ;
#460 = MECHANICAL_DESIGN_GEOMETRIC_PRESENTATION_REPRESENTATION (  '', ( #4715 ), #1171 ) ;
#461 = AXIS2_PLACEMENT_3D ( 'NONE', #2654, #232, #3655 ) ;
#462 = ORIENTED_EDGE ( 'NONE', *, *, #801, .F. ) ;
#463 = EDGE_CURVE ( 'NONE', #3266, #4535, #4892, .T. ) ;
#464 = ORIENTED_EDGE ( 'NONE', *, *, #5439, .T. ) ;
#465 = DIRECTION ( 'NONE',  ( 0.000000000000000000, 0.000000000000000000, 1.000000000000000000 ) ) ;
#466 = DIRECTION ( 'NONE',  ( -1.000000000000000000, 0.000000000000000000, 0.000000000000000000 ) ) ;
#467 = VECTOR ( 'NONE', #982, 1000.000000000000000 ) ;
#468 = SURFACE_SIDE_STYLE ('',( #4815 ) ) ;
#469 = ADVANCED_FACE ( 'NONE', ( #544 ), #2481, .T. ) ;
#470 = STYLED_ITEM ( 'NONE', ( #1813 ), #3280 ) ;
#471 =( NAMED_UNIT ( * ) PLANE_ANGLE_UNIT ( ) SI_UNIT ( $, .RADIAN. ) );
#472 = ORIENTED_EDGE ( 'NONE', *, *, #121, .F. ) ;
#473 =( GEOMETRIC_REPRESENTATION_CONTEXT ( 3 ) GLOBAL_UNCERTAINTY_ASSIGNED_CONTEXT ( ( #6012 ) ) GLOBAL_UNIT_ASSIGNED_CONTEXT ( ( #3091, #76, #537 ) ) REPRESENTATION_CONTEXT ( 'NONE', 'WORKASPACE' ) );
#474 = VECTOR ( 'NONE', #5507, 1000.000000000000000 ) ;
#475 = CARTESIAN_POINT ( 'NONE',  ( 0.5300000000000000266, 0.1249999999999998890, 0.9250000000000002665 ) ) ;
#476 = PRESENTATION_STYLE_ASSIGNMENT (( #5237 ) ) ;
#477 = CARTESIAN_POINT ( 'NONE',  ( 0.5300000000000000266, 1.150000000000000133, -0.3750000000000003331 ) ) ;
#478 = FILL_AREA_STYLE_COLOUR ( '', #1785 ) ;
#479 = ORIENTED_EDGE ( 'NONE', *, *, #4456, .F. ) ;
#480 = SURFACE_STYLE_FILL_AREA ( #5330 ) ;
#481 = VECTOR ( 'NONE', #691, 1000.000000000000000 ) ;
#482 =( LENGTH_UNIT ( ) NAMED_UNIT ( * ) SI_UNIT ( .MILLI., .METRE. ) );
#483 = EDGE_CURVE ( 'NONE', #5850, #3248, #1583, .T. ) ;
#484 = LINE ( 'NONE', #2453, #3616 ) ;
#485 = VECTOR ( 'NONE', #5871, 1000.000000000000114 ) ;
#486 = ADVANCED_FACE ( 'NONE', ( #1108 ), #142, .F. ) ;
#487 = AXIS2_PLACEMENT_3D ( 'NONE', #2427, #3307, #6034 ) ;
#488 = DIRECTION ( 'NONE',  ( 0.000000000000000000, -1.000000000000000000, 0.000000000000000000 ) ) ;
#489 =( NAMED_UNIT ( * ) SI_UNIT ( $, .STERADIAN. ) SOLID_ANGLE_UNIT ( ) );
#490 = DIRECTION ( 'NONE',  ( -1.000000000000000000, 0.000000000000000000, 0.000000000000000000 ) ) ;
#491 = MECHANICAL_DESIGN_GEOMETRIC_PRESENTATION_REPRESENTATION (  '', ( #4146 ), #2002 ) ;
#492 = COLOUR_RGB ( '',0.1019607843137254888, 0.1019607843137254888, 0.1019607843137254888 ) ;
#493 = FACE_OUTER_BOUND ( 'NONE', #5101, .T. ) ;
#494 = STYLED_ITEM ( 'NONE', ( #1646 ), #5202 ) ;
#495 = VERTEX_POINT ( 'NONE', #1744 ) ;
#496 = MECHANICAL_DESIGN_GEOMETRIC_PRESENTATION_REPRESENTATION (  '', ( #5257 ), #4150 ) ;
#497 = DIRECTION ( 'NONE',  ( 0.000000000000000000, 0.000000000000000000, 1.000000000000000000 ) ) ;
#498 = COLOUR_RGB ( '',0.1019607843137254888, 0.1019607843137254888, 0.1019607843137254888 ) ;
#499 = PRESENTATION_STYLE_ASSIGNMENT (( #2015 ) ) ;
#500 = DIRECTION ( 'NONE',  ( -0.000000000000000000, 0.000000000000000000, -1.000000000000000000 ) ) ;
#501 = CARTESIAN_POINT ( 'NONE',  ( 0.7299999999999999822, -1.250000000000000000, -1.500000000000000222 ) ) ;
#502 = VERTEX_POINT ( 'NONE', #2732 ) ;
#503 = VERTEX_POINT ( 'NONE', #4667 ) ;
#504 = UNCERTAINTY_MEASURE_WITH_UNIT (LENGTH_MEASURE( 1.000000000000000082E-05 ), #4246, 'distance_accuracy_value', 'NONE');
#505 = CARTESIAN_POINT ( 'NONE',  ( -0.1000000000000000056, 1.250000000000000000, -1.500000000000000222 ) ) ;
#506 = LINE ( 'NONE', #2541, #4889 ) ;
#507 =( NAMED_UNIT ( * ) PLANE_ANGLE_UNIT ( ) SI_UNIT ( $, .RADIAN. ) );
#508 = CARTESIAN_POINT ( 'NONE',  ( 0.7299999999999999822, -0.3750000000000001110, 0.9250000000000002665 ) ) ;
#509 = ORIENTED_EDGE ( 'NONE', *, *, #4959, .T. ) ;
#510 = ADVANCED_FACE ( 'NONE', ( #5049 ), #707, .F. ) ;
#511 = CARTESIAN_POINT ( 'NONE',  ( 0.7299999999999999822, -0.6750000000000002665, 0.6249999999999996669 ) ) ;
#512 = PRESENTATION_STYLE_ASSIGNMENT (( #4005 ) ) ;
#513 =( NAMED_UNIT ( * ) SI_UNIT ( $, .STERADIAN. ) SOLID_ANGLE_UNIT ( ) );
#514 = DIRECTION ( 'NONE',  ( 0.000000000000000000, 0.000000000000000000, 1.000000000000000000 ) ) ;
#515 = ORIENTED_EDGE ( 'NONE', *, *, #1720, .T. ) ;
#516 = LINE ( 'NONE', #4503, #5548 ) ;
#517 = EDGE_CURVE ( 'NONE', #21, #4017, #2161, .T. ) ;
#518 = CARTESIAN_POINT ( 'NONE',  ( 0.5300000000000000266, 0.6750000000000002665, -0.3750000000000003331 ) ) ;
#519 = PLANE ( 'NONE',  #3329 ) ;
#520 = CARTESIAN_POINT ( 'NONE',  ( 0.5300000000000000266, -0.1250000000000001110, -1.400000000000000577 ) ) ;
#521 = ORIENTED_EDGE ( 'NONE', *, *, #5761, .F. ) ;
#522 =( NAMED_UNIT ( * ) SI_UNIT ( $, .STERADIAN. ) SOLID_ANGLE_UNIT ( ) );
#523 =( NAMED_UNIT ( * ) SI_UNIT ( $, .STERADIAN. ) SOLID_ANGLE_UNIT ( ) );
#524 = LINE ( 'NONE', #458, #1693 ) ;
#525 = SURFACE_SIDE_STYLE ('',( #2495 ) ) ;
#526 = LINE ( 'NONE', #2990, #5503 ) ;
#527 = EDGE_CURVE ( 'NONE', #917, #3275, #4195, .T. ) ;
#528 = EDGE_LOOP ( 'NONE', ( #4557, #462, #5318, #3560 ) ) ;
#529 = ORIENTED_EDGE ( 'NONE', *, *, #5142, .F. ) ;
#530 = STYLED_ITEM ( 'NONE', ( #2912 ), #2644 ) ;
#531 = FILL_AREA_STYLE ('',( #4879 ) ) ;
#532 = STYLED_ITEM ( 'NONE', ( #1015 ), #2132 ) ;
#533 = SURFACE_STYLE_USAGE ( .BOTH. , #468 ) ;
#534 = LINE ( 'NONE', #4376, #5249 ) ;
#535 = LINE ( 'NONE', #2473, #69 ) ;
#536 = ORIENTED_EDGE ( 'NONE', *, *, #1525, .F. ) ;
#537 =( NAMED_UNIT ( * ) SI_UNIT ( $, .STERADIAN. ) SOLID_ANGLE_UNIT ( ) );
#538 = DIRECTION ( 'NONE',  ( 0.000000000000000000, -1.000000000000000000, 0.000000000000000000 ) ) ;
#539 = DIRECTION ( 'NONE',  ( 1.000000000000000000, -0.000000000000000000, 0.000000000000000000 ) ) ;
#540 = FILL_AREA_STYLE_COLOUR ( '', #6039 ) ;
#541 = EDGE_LOOP ( 'NONE', ( #2837, #5602, #5782, #1450 ) ) ;
#542 = FILL_AREA_STYLE_COLOUR ( '', #3951 ) ;
#543 = AXIS2_PLACEMENT_3D ( 'NONE', #4476, #3526, #3006 ) ;
#544 = FACE_OUTER_BOUND ( 'NONE', #3059, .T. ) ;
#545 = PLANE ( 'NONE',  #1577 ) ;
#546 = DIRECTION ( 'NONE',  ( -0.000000000000000000, -0.000000000000000000, 1.000000000000000000 ) ) ;
#547 = CARTESIAN_POINT ( 'NONE',  ( 0.7299999999999999822, -0.6250000000000001110, 1.400000000000000133 ) ) ;
#548 = ADVANCED_FACE ( 'NONE', ( #245 ), #5554, .F. ) ;
#549 = VECTOR ( 'NONE', #3065, 1000.000000000000000 ) ;
#550 = CARTESIAN_POINT ( 'NONE',  ( 0.5300000000000000266, 0.1249999999999998890, 1.400000000000000133 ) ) ;
#551 = ORIENTED_EDGE ( 'NONE', *, *, #483, .T. ) ;
#552 = DIRECTION ( 'NONE',  ( 0.000000000000000000, 0.000000000000000000, -1.000000000000000000 ) ) ;
#553 =( GEOMETRIC_REPRESENTATION_CONTEXT ( 3 ) GLOBAL_UNCERTAINTY_ASSIGNED_CONTEXT ( ( #5094 ) ) GLOBAL_UNIT_ASSIGNED_CONTEXT ( ( #1060, #600, #4853 ) ) REPRESENTATION_CONTEXT ( 'NONE', 'WORKASPACE' ) );
#554 = DIRECTION ( 'NONE',  ( -0.000000000000000000, -1.000000000000000000, -0.000000000000000000 ) ) ;
#555 = PRESENTATION_STYLE_ASSIGNMENT (( #2373 ) ) ;
#556 = FILL_AREA_STYLE ('',( #592 ) ) ;
#557 = CARTESIAN_POINT ( 'NONE',  ( 0.7299999999999999822, 1.150000000000000133, -0.1250000000000003331 ) ) ;
#558 =( GEOMETRIC_REPRESENTATION_CONTEXT ( 3 ) GLOBAL_UNCERTAINTY_ASSIGNED_CONTEXT ( ( #2677 ) ) GLOBAL_UNIT_ASSIGNED_CONTEXT ( ( #1250, #2241, #6163 ) ) REPRESENTATION_CONTEXT ( 'NONE', 'WORKASPACE' ) );
#559 = VERTEX_POINT ( 'NONE', #5516 ) ;
#560 = ORIENTED_EDGE ( 'NONE', *, *, #6090, .T. ) ;
#561 = EDGE_CURVE ( 'NONE', #4972, #917, #2696, .T. ) ;
#562 = CARTESIAN_POINT ( 'NONE',  ( 0.7299999999999999822, -0.6750000000000002665, 0.3749999999999996669 ) ) ;
#563 = DIRECTION ( 'NONE',  ( 1.000000000000000000, -0.000000000000000000, -0.000000000000000000 ) ) ;
#564 = EDGE_CURVE ( 'NONE', #332, #4262, #3111, .T. ) ;
#565 = EDGE_LOOP ( 'NONE', ( #5545, #2112, #3341, #2827 ) ) ;
#566 = PLANE ( 'NONE',  #3282 ) ;
#567 = VECTOR ( 'NONE', #4732, 1000.000000000000000 ) ;
#568 = PRESENTATION_LAYER_ASSIGNMENT (  '', '', ( #3308 ) ) ;
#569 = PLANE ( 'NONE',  #785 ) ;
#570 = FACE_OUTER_BOUND ( 'NONE', #5968, .T. ) ;
#571 = ORIENTED_EDGE ( 'NONE', *, *, #829, .T. ) ;
#572 = CARTESIAN_POINT ( 'NONE',  ( 0.5300000000000000266, -1.150000000000000133, 0.1249999999999996808 ) ) ;
#573 =( GEOMETRIC_REPRESENTATION_CONTEXT ( 3 ) GLOBAL_UNCERTAINTY_ASSIGNED_CONTEXT ( ( #1579 ) ) GLOBAL_UNIT_ASSIGNED_CONTEXT ( ( #2766, #4730, #388 ) ) REPRESENTATION_CONTEXT ( 'NONE', 'WORKASPACE' ) );
#574 = COLOUR_RGB ( '',0.1019607843137254888, 0.1019607843137254888, 0.1019607843137254888 ) ;
#575 = AXIS2_PLACEMENT_3D ( 'NONE', #3199, #2688, #4135 ) ;
#576 = CARTESIAN_POINT ( 'NONE',  ( 0.5300000000000000266, 0.6750000000000002665, -0.6250000000000003331 ) ) ;
#577 = CARTESIAN_POINT ( 'NONE',  ( 0.7299999999999999822, 0.6750000000000002665, 0.6249999999999996669 ) ) ;
#578 = PRESENTATION_LAYER_ASSIGNMENT (  '', '', ( #4837 ) ) ;
#579 = PRESENTATION_STYLE_ASSIGNMENT (( #1555 ) ) ;
#580 = CARTESIAN_POINT ( 'NONE',  ( 0.5300000000000000266, 1.150000000000000133, -0.1250000000000003331 ) ) ;
#581 =( LENGTH_UNIT ( ) NAMED_UNIT ( * ) SI_UNIT ( .MILLI., .METRE. ) );
#582 = STYLED_ITEM ( 'NONE', ( #1180 ), #1334 ) ;
#583 = ORIENTED_EDGE ( 'NONE', *, *, #4276, .F. ) ;
#584 = MECHANICAL_DESIGN_GEOMETRIC_PRESENTATION_REPRESENTATION (  '', ( #692 ), #1189 ) ;
#585 = AXIS2_PLACEMENT_3D ( 'NONE', #975, #3944, #3433 ) ;
#586 = LINE ( 'NONE', #91, #2839 ) ;
#587 = ADVANCED_FACE ( 'NONE', ( #5607 ), #794, .F. ) ;
#588 = VECTOR ( 'NONE', #1846, 1000.000000000000000 ) ;
#589 = DIRECTION ( 'NONE',  ( 0.000000000000000000, 0.000000000000000000, 1.000000000000000000 ) ) ;
#590 = PRESENTATION_LAYER_ASSIGNMENT (  '', '', ( #984 ) ) ;
#591 =( NAMED_UNIT ( * ) SI_UNIT ( $, .STERADIAN. ) SOLID_ANGLE_UNIT ( ) );
#592 = FILL_AREA_STYLE_COLOUR ( '', #258 ) ;
#593 = CARTESIAN_POINT ( 'NONE',  ( 0.7299999999999999822, 0.6750000000000002665, -0.6250000000000003331 ) ) ;
#594 = ORIENTED_EDGE ( 'NONE', *, *, #1422, .T. ) ;
#595 = STYLED_ITEM ( 'NONE', ( #2344 ), #2583 ) ;
#596 = ORIENTED_EDGE ( 'NONE', *, *, #4170, .T. ) ;
#597 = VECTOR ( 'NONE', #1235, 1000.000000000000000 ) ;
#598 = CARTESIAN_POINT ( 'NONE',  ( -0.1000000000000000056, 0.8556308804057267681, -1.303988606881374412 ) ) ;
#599 = VECTOR ( 'NONE', #848, 1000.000000000000000 ) ;
#600 =( NAMED_UNIT ( * ) PLANE_ANGLE_UNIT ( ) SI_UNIT ( $, .RADIAN. ) );
#601 = DIRECTION ( 'NONE',  ( -0.000000000000000000, -0.000000000000000000, 1.000000000000000000 ) ) ;
#602 =( NAMED_UNIT ( * ) PLANE_ANGLE_UNIT ( ) SI_UNIT ( $, .RADIAN. ) );
#603 = EDGE_LOOP ( 'NONE', ( #4652, #1362, #5041, #4449 ) ) ;
#604 = EDGE_CURVE ( 'NONE', #1930, #103, #2792, .T. ) ;
#605 = FACE_OUTER_BOUND ( 'NONE', #2363, .T. ) ;
#606 = ORIENTED_EDGE ( 'NONE', *, *, #5317, .T. ) ;
#607 = PLANE ( 'NONE',  #4558 ) ;
#608 = CARTESIAN_POINT ( 'NONE',  ( 0.5300000000000000266, -1.150000000000000133, -0.6250000000000003331 ) ) ;
#609 = EDGE_CURVE ( 'NONE', #1667, #2924, #6271, .T. ) ;
#610 = ADVANCED_FACE ( 'NONE', ( #378 ), #2323, .F. ) ;
#611 = UNCERTAINTY_MEASURE_WITH_UNIT (LENGTH_MEASURE( 1.000000000000000082E-05 ), #6065, 'distance_accuracy_value', 'NONE');
#612 = SURFACE_STYLE_FILL_AREA ( #5866 ) ;
#613 = DIRECTION ( 'NONE',  ( 0.000000000000000000, -0.000000000000000000, 1.000000000000000000 ) ) ;
#614 = CARTESIAN_POINT ( 'NONE',  ( 0.5300000000000000266, -0.3750000000000001110, -0.9250000000000007105 ) ) ;
#615 = PRESENTATION_STYLE_ASSIGNMENT (( #4461 ) ) ;
#616 = VERTEX_POINT ( 'NONE', #475 ) ;
#617 = SURFACE_SIDE_STYLE ('',( #3575 ) ) ;
#618 = DIRECTION ( 'NONE',  ( 0.000000000000000000, 0.000000000000000000, 1.000000000000000000 ) ) ;
#619 = DIRECTION ( 'NONE',  ( 1.000000000000000000, -0.000000000000000000, 0.000000000000000000 ) ) ;
#620 = EDGE_CURVE ( 'NONE', #5878, #5816, #343, .T. ) ;
#621 =( LENGTH_UNIT ( ) NAMED_UNIT ( * ) SI_UNIT ( .MILLI., .METRE. ) );
#622 =( NAMED_UNIT ( * ) SI_UNIT ( $, .STERADIAN. ) SOLID_ANGLE_UNIT ( ) );
#623 = VECTOR ( 'NONE', #4215, 1000.000000000000000 ) ;
#624 = ORIENTED_EDGE ( 'NONE', *, *, #2967, .T. ) ;
#625 = VERTEX_POINT ( 'NONE', #6144 ) ;
#626 = CARTESIAN_POINT ( 'NONE',  ( 0.5300000000000000266, -1.150000000000000133, -0.3750000000000003331 ) ) ;
#627 = FILL_AREA_STYLE ('',( #4157 ) ) ;
#628 = LINE ( 'NONE', #5908, #481 ) ;
#629 = EDGE_CURVE ( 'NONE', #3580, #5230, #3342, .T. ) ;
#630 = LINE ( 'NONE', #662, #5017 ) ;
#631 = DIRECTION ( 'NONE',  ( 0.000000000000000000, 0.000000000000000000, 1.000000000000000000 ) ) ;
#632 = ORIENTED_EDGE ( 'NONE', *, *, #5612, .F. ) ;
#633 = UNCERTAINTY_MEASURE_WITH_UNIT (LENGTH_MEASURE( 1.000000000000000082E-05 ), #4987, 'distance_accuracy_value', 'NONE');
#634 = LINE ( 'NONE', #3942, #5402 ) ;
#635 = FILL_AREA_STYLE ('',( #1521 ) ) ;
#636 = VECTOR ( 'NONE', #2571, 1000.000000000000000 ) ;
#637 = EDGE_LOOP ( 'NONE', ( #3211, #2245, #1638, #2322 ) ) ;
#638 = UNCERTAINTY_MEASURE_WITH_UNIT (LENGTH_MEASURE( 1.000000000000000082E-05 ), #5083, 'distance_accuracy_value', 'NONE');
#639 = FILL_AREA_STYLE ('',( #542 ) ) ;
#640 = DIRECTION ( 'NONE',  ( 0.000000000000000000, -1.000000000000000000, -0.000000000000000000 ) ) ;
#641 = PRESENTATION_STYLE_ASSIGNMENT (( #47 ) ) ;
#642 = EDGE_CURVE ( 'NONE', #3110, #5531, #3818, .T. ) ;
#643 = DIRECTION ( 'NONE',  ( -0.000000000000000000, 1.000000000000000000, 0.000000000000000000 ) ) ;
#644 = DIRECTION ( 'NONE',  ( 0.000000000000000000, 0.000000000000000000, -1.000000000000000000 ) ) ;
#645 = FILL_AREA_STYLE_COLOUR ( '', #3746 ) ;
#646 = UNCERTAINTY_MEASURE_WITH_UNIT (LENGTH_MEASURE( 1.000000000000000082E-05 ), #3857, 'distance_accuracy_value', 'NONE');
#647 = LINE ( 'NONE', #1471, #1691 ) ;
#648 = ADVANCED_FACE ( 'NONE', ( #410 ), #1931, .F. ) ;
#649 = EDGE_LOOP ( 'NONE', ( #5510, #4287, #2231, #5889 ) ) ;
#650 = DIRECTION ( 'NONE',  ( 0.000000000000000000, -1.000000000000000000, 0.000000000000000000 ) ) ;
#651 = CARTESIAN_POINT ( 'NONE',  ( 0.7299999999999999822, -0.6750000000000002665, -0.6250000000000003331 ) ) ;
#652 = FACE_OUTER_BOUND ( 'NONE', #5670, .T. ) ;
#653 = ORIENTED_EDGE ( 'NONE', *, *, #5465, .T. ) ;
#654 = EDGE_LOOP ( 'NONE', ( #2326, #2123, #3725, #3506 ) ) ;
#655 = STYLED_ITEM ( 'NONE', ( #2913 ), #6053 ) ;
#656 = DIRECTION ( 'NONE',  ( 0.000000000000000000, 0.000000000000000000, 1.000000000000000000 ) ) ;
#657 = CARTESIAN_POINT ( 'NONE',  ( 0.7299999999999999822, 0.3749999999999998890, 1.400000000000000133 ) ) ;
#658 = CARTESIAN_POINT ( 'NONE',  ( 0.5300000000000000266, 0.000000000000000000, 0.000000000000000000 ) ) ;
#659 = DIRECTION ( 'NONE',  ( 0.000000000000000000, -1.000000000000000000, 0.000000000000000000 ) ) ;
#660 = MECHANICAL_DESIGN_GEOMETRIC_PRESENTATION_REPRESENTATION (  '', ( #3811 ), #756 ) ;
#661 = EDGE_CURVE ( 'NONE', #999, #5635, #5497, .T. ) ;
#662 = CARTESIAN_POINT ( 'NONE',  ( 0.7299999999999999822, 0.6750000000000002665, 0.3749999999999996669 ) ) ;
#663 = PLANE ( 'NONE',  #1698 ) ;
#664 = CLOSED_SHELL ( 'NONE', ( #3096, #3764, #5084, #4654, #1551, #4986 ) ) ;
#665 = EDGE_LOOP ( 'NONE', ( #3240, #348, #6038, #2934 ) ) ;
#666 = DIRECTION ( 'NONE',  ( -1.000000000000000000, -0.000000000000000000, -0.000000000000000000 ) ) ;
#667 = COLOUR_RGB ( '',0.1019607843137254888, 0.1019607843137254888, 0.1019607843137254888 ) ;
#668 = LINE ( 'NONE', #1522, #2500 ) ;
#669 =( GEOMETRIC_REPRESENTATION_CONTEXT ( 3 ) GLOBAL_UNCERTAINTY_ASSIGNED_CONTEXT ( ( #3100 ) ) GLOBAL_UNIT_ASSIGNED_CONTEXT ( ( #5687, #5340, #489 ) ) REPRESENTATION_CONTEXT ( 'NONE', 'WORKASPACE' ) );
#670 = SURFACE_SIDE_STYLE ('',( #5137 ) ) ;
#671 = ORIENTED_EDGE ( 'NONE', *, *, #5365, .F. ) ;
#672 =( NAMED_UNIT ( * ) SI_UNIT ( $, .STERADIAN. ) SOLID_ANGLE_UNIT ( ) );
#673 = FILL_AREA_STYLE ('',( #3074 ) ) ;
#674 = EDGE_LOOP ( 'NONE', ( #5742, #2802, #4317, #1247 ) ) ;
#675 = FILL_AREA_STYLE ('',( #3439 ) ) ;
#676 = FILL_AREA_STYLE_COLOUR ( '', #4489 ) ;
#677 = CARTESIAN_POINT ( 'NONE',  ( -0.1000000000000000056, 0.8556308804057267681, -1.128932602121957007 ) ) ;
#678 = DIRECTION ( 'NONE',  ( 1.000000000000000000, -0.000000000000000000, -0.000000000000000000 ) ) ;
#679 = UNCERTAINTY_MEASURE_WITH_UNIT (LENGTH_MEASURE( 1.000000000000000082E-05 ), #3333, 'distance_accuracy_value', 'NONE');
#680 = EDGE_CURVE ( 'NONE', #4223, #1782, #1994, .T. ) ;
#681 = VERTEX_POINT ( 'NONE', #5860 ) ;
#682 = CARTESIAN_POINT ( 'NONE',  ( 0.7299999999999999822, -0.8750000000000001110, 1.400000000000000133 ) ) ;
#683 = MECHANICAL_DESIGN_GEOMETRIC_PRESENTATION_REPRESENTATION (  '', ( #5143 ), #5032 ) ;
#684 = VECTOR ( 'NONE', #1793, 1000.000000000000000 ) ;
#685 = ORIENTED_EDGE ( 'NONE', *, *, #4634, .T. ) ;
#686 = VERTEX_POINT ( 'NONE', #1226 ) ;
#687 = CARTESIAN_POINT ( 'NONE',  ( 0.5300000000000000266, 0.8749999999999998890, 1.400000000000000133 ) ) ;
#688 =( NAMED_UNIT ( * ) PLANE_ANGLE_UNIT ( ) SI_UNIT ( $, .RADIAN. ) );
#689 =( GEOMETRIC_REPRESENTATION_CONTEXT ( 3 ) GLOBAL_UNCERTAINTY_ASSIGNED_CONTEXT ( ( #638 ) ) GLOBAL_UNIT_ASSIGNED_CONTEXT ( ( #5083, #1241, #3571 ) ) REPRESENTATION_CONTEXT ( 'NONE', 'WORKASPACE' ) );
#690 =( GEOMETRIC_REPRESENTATION_CONTEXT ( 3 ) GLOBAL_UNCERTAINTY_ASSIGNED_CONTEXT ( ( #4878 ) ) GLOBAL_UNIT_ASSIGNED_CONTEXT ( ( #3012, #2001, #2550 ) ) REPRESENTATION_CONTEXT ( 'NONE', 'WORKASPACE' ) );
#691 = DIRECTION ( 'NONE',  ( 1.000000000000000000, -0.000000000000000000, -0.000000000000000000 ) ) ;
#692 = STYLED_ITEM ( 'NONE', ( #3918 ), #3888 ) ;
#693 = CARTESIAN_POINT ( 'NONE',  ( 0.7299999999999999822, -0.6750000000000002665, -0.3750000000000003331 ) ) ;
#694 = DIRECTION ( 'NONE',  ( 0.000000000000000000, 0.000000000000000000, -1.000000000000000000 ) ) ;
#695 = ORIENTED_EDGE ( 'NONE', *, *, #932, .T. ) ;
#696 = MECHANICAL_DESIGN_GEOMETRIC_PRESENTATION_REPRESENTATION (  '', ( #4349 ), #3647 ) ;
#697 = UNCERTAINTY_MEASURE_WITH_UNIT (LENGTH_MEASURE( 1.000000000000000082E-05 ), #928, 'distance_accuracy_value', 'NONE');
#698 = CARTESIAN_POINT ( 'NONE',  ( 0.5300000000000000266, 0.1249999999999998890, 1.400000000000000133 ) ) ;
#699 = DIRECTION ( 'NONE',  ( -1.000000000000000000, -0.000000000000000000, -0.000000000000000000 ) ) ;
#700 = DIRECTION ( 'NONE',  ( -0.000000000000000000, 1.000000000000000000, 0.000000000000000000 ) ) ;
#701 = CARTESIAN_POINT ( 'NONE',  ( 0.5300000000000000266, 0.6750000000000002665, -0.6250000000000003331 ) ) ;
#702 = ORIENTED_EDGE ( 'NONE', *, *, #865, .T. ) ;
#703 = CARTESIAN_POINT ( 'NONE',  ( 0.5300000000000000266, -0.1250000000000001110, -1.400000000000000577 ) ) ;
#704 = EDGE_CURVE ( 'NONE', #861, #778, #2508, .T. ) ;
#705 = PRESENTATION_LAYER_ASSIGNMENT (  '', '', ( #6159 ) ) ;
#706 = ORIENTED_EDGE ( 'NONE', *, *, #4053, .T. ) ;
#707 = PLANE ( 'NONE',  #3095 ) ;
#708 = LINE ( 'NONE', #2162, #219 ) ;
#709 = PLANE ( 'NONE',  #5231 ) ;
#710 = CARTESIAN_POINT ( 'NONE',  ( 0.7299999999999999822, 0.1249999999999998890, 0.9250000000000002665 ) ) ;
#711 = LINE ( 'NONE', #3958, #2216 ) ;
#712 = EDGE_CURVE ( 'NONE', #2587, #625, #5065, .T. ) ;
#713 = EDGE_LOOP ( 'NONE', ( #4035, #5166, #3253, #4186 ) ) ;
#714 = CARTESIAN_POINT ( 'NONE',  ( 0.7299999999999999822, 0.6750000000000002665, -0.1250000000000003331 ) ) ;
#715 = CARTESIAN_POINT ( 'NONE',  ( 0.5300000000000000266, -0.1250000000000001110, 1.400000000000000133 ) ) ;
#716 = ORIENTED_EDGE ( 'NONE', *, *, #829, .F. ) ;
#717 = EDGE_LOOP ( 'NONE', ( #3651, #4749, #3259, #2938 ) ) ;
#718 = CARTESIAN_POINT ( 'NONE',  ( 0.5300000000000000266, -1.150000000000000133, 0.6249999999999996669 ) ) ;
#719 = SURFACE_SIDE_STYLE ('',( #4621 ) ) ;
#720 = PRESENTATION_STYLE_ASSIGNMENT (( #128 ) ) ;
#721 = LINE ( 'NONE', #5971, #2814 ) ;
#722 = ADVANCED_FACE ( 'NONE', ( #1634 ), #4413, .F. ) ;
#723 = DIRECTION ( 'NONE',  ( -0.000000000000000000, -1.000000000000000000, -0.000000000000000000 ) ) ;
#724 = ORIENTED_EDGE ( 'NONE', *, *, #4671, .T. ) ;
#725 = ADVANCED_FACE ( 'NONE', ( #4379 ), #3133, .F. ) ;
#726 = DIRECTION ( 'NONE',  ( 0.000000000000000000, 0.000000000000000000, -1.000000000000000000 ) ) ;
#727 = PLANE ( 'NONE',  #575 ) ;
#728 = VERTEX_POINT ( 'NONE', #3654 ) ;
#729 =( NAMED_UNIT ( * ) PLANE_ANGLE_UNIT ( ) SI_UNIT ( $, .RADIAN. ) );
#730 = VERTEX_POINT ( 'NONE', #7 ) ;
#731 = MECHANICAL_DESIGN_GEOMETRIC_PRESENTATION_REPRESENTATION (  '', ( #4583 ), #6291 ) ;
#732 = CARTESIAN_POINT ( 'NONE',  ( 0.5300000000000000266, -0.8750000000000001110, 1.400000000000000133 ) ) ;
#733 = CIRCLE ( 'NONE', #2958, 0.1750560047594175161 ) ;
#734 = PLANE ( 'NONE',  #3015 ) ;
#735 = DIRECTION ( 'NONE',  ( 1.000000000000000000, 0.000000000000000000, -0.000000000000000000 ) ) ;
#736 = EDGE_CURVE ( 'NONE', #4492, #5449, #1959, .T. ) ;
#737 =( LENGTH_UNIT ( ) NAMED_UNIT ( * ) SI_UNIT ( .MILLI., .METRE. ) );
#738 = ORIENTED_EDGE ( 'NONE', *, *, #5870, .F. ) ;
#739 = EDGE_CURVE ( 'NONE', #3697, #4474, #1488, .T. ) ;
#740 = SURFACE_SIDE_STYLE ('',( #1753 ) ) ;
#741 = PRODUCT_CONTEXT ( 'NONE', #1860, 'mechanical' ) ;
#742 = PLANE ( 'NONE',  #5549 ) ;
#743 = VERTEX_POINT ( 'NONE', #3430 ) ;
#744 = VECTOR ( 'NONE', #3343, 1000.000000000000000 ) ;
#745 = CARTESIAN_POINT ( 'NONE',  ( 0.5300000000000000266, -0.6750000000000002665, -0.6250000000000003331 ) ) ;
#746 = ORIENTED_EDGE ( 'NONE', *, *, #1531, .F. ) ;
#747 = PRESENTATION_STYLE_ASSIGNMENT (( #5939 ) ) ;
#748 = LINE ( 'NONE', #4273, #3933 ) ;
#749 =( NAMED_UNIT ( * ) PLANE_ANGLE_UNIT ( ) SI_UNIT ( $, .RADIAN. ) );
#750 = AXIS2_PLACEMENT_3D ( 'NONE', #240, #1672, #6084 ) ;
#751 = ORIENTED_EDGE ( 'NONE', *, *, #680, .T. ) ;
#752 = EDGE_CURVE ( 'NONE', #3318, #681, #5361, .T. ) ;
#753 =( NAMED_UNIT ( * ) SI_UNIT ( $, .STERADIAN. ) SOLID_ANGLE_UNIT ( ) );
#754 = DIRECTION ( 'NONE',  ( -0.000000000000000000, -1.000000000000000000, -0.000000000000000000 ) ) ;
#755 = DIRECTION ( 'NONE',  ( 0.000000000000000000, -0.7071067811865474617, 0.7071067811865474617 ) ) ;
#756 =( GEOMETRIC_REPRESENTATION_CONTEXT ( 3 ) GLOBAL_UNCERTAINTY_ASSIGNED_CONTEXT ( ( #3650 ) ) GLOBAL_UNIT_ASSIGNED_CONTEXT ( ( #2049, #4975, #3613 ) ) REPRESENTATION_CONTEXT ( 'NONE', 'WORKASPACE' ) );
#757 = ORIENTED_EDGE ( 'NONE', *, *, #141, .F. ) ;
#758 = DIRECTION ( 'NONE',  ( 1.000000000000000000, -0.000000000000000000, -0.000000000000000000 ) ) ;
#759 = VERTEX_POINT ( 'NONE', #687 ) ;
#760 = DIRECTION ( 'NONE',  ( 0.000000000000000000, 0.000000000000000000, 1.000000000000000000 ) ) ;
#761 = PLANE ( 'NONE',  #3475 ) ;
#762 = PRESENTATION_STYLE_ASSIGNMENT (( #1774 ) ) ;
#763 = CARTESIAN_POINT ( 'NONE',  ( 0.7299999999999999822, -0.6750000000000002665, -0.6250000000000003331 ) ) ;
#764 = MECHANICAL_DESIGN_GEOMETRIC_PRESENTATION_REPRESENTATION (  '', ( #3719 ), #669 ) ;
#765 = VERTEX_POINT ( 'NONE', #2628 ) ;
#766 = AXIS2_PLACEMENT_3D ( 'NONE', #952, #4363, #6281 ) ;
#767 = STYLED_ITEM ( 'NONE', ( #4639 ), #3222 ) ;
#768 = FILL_AREA_STYLE ('',( #3217 ) ) ;
#769 = UNCERTAINTY_MEASURE_WITH_UNIT (LENGTH_MEASURE( 1.000000000000000082E-05 ), #5089, 'distance_accuracy_value', 'NONE');
#770 = VECTOR ( 'NONE', #5568, 1000.000000000000000 ) ;
#771 = ORIENTED_EDGE ( 'NONE', *, *, #6042, .T. ) ;
#772 = VECTOR ( 'NONE', #755, 1000.000000000000114 ) ;
#773 = LINE ( 'NONE', #745, #4931 ) ;
#774 = EDGE_LOOP ( 'NONE', ( #3801, #1478, #3195, #4793 ) ) ;
#775 = PRESENTATION_LAYER_ASSIGNMENT (  '', '', ( #1182 ) ) ;
#776 = PLANE ( 'NONE',  #4916 ) ;
#777 = LINE ( 'NONE', #5623, #4641 ) ;
#778 = VERTEX_POINT ( 'NONE', #4564 ) ;
#779 = EDGE_CURVE ( 'NONE', #1997, #3186, #198, .T. ) ;
#780 = EDGE_LOOP ( 'NONE', ( #119, #1254, #3356, #2141 ) ) ;
#781 = VECTOR ( 'NONE', #3773, 1000.000000000000000 ) ;
#782 =( NAMED_UNIT ( * ) SI_UNIT ( $, .STERADIAN. ) SOLID_ANGLE_UNIT ( ) );
#783 = LINE ( 'NONE', #136, #3601 ) ;
#784 = ORIENTED_EDGE ( 'NONE', *, *, #5797, .T. ) ;
#785 = AXIS2_PLACEMENT_3D ( 'NONE', #6108, #1257, #1230 ) ;
#786 = DIRECTION ( 'NONE',  ( 1.000000000000000000, -0.000000000000000000, -0.000000000000000000 ) ) ;
#787 = DIRECTION ( 'NONE',  ( 0.000000000000000000, 1.000000000000000000, 0.000000000000000000 ) ) ;
#788 = AXIS2_PLACEMENT_3D ( 'NONE', #203, #5911, #5447 ) ;
#789 = VECTOR ( 'NONE', #1338, 1000.000000000000000 ) ;
#790 = FILL_AREA_STYLE_COLOUR ( '', #3545 ) ;
#791 = ORIENTED_EDGE ( 'NONE', *, *, #1275, .F. ) ;
#792 = STYLED_ITEM ( 'NONE', ( #1435 ), #4126 ) ;
#793 = VECTOR ( 'NONE', #2414, 1000.000000000000000 ) ;
#794 = CYLINDRICAL_SURFACE ( 'NONE', #2998, 0.1750560047594175161 ) ;
#795 = VECTOR ( 'NONE', #1299, 1000.000000000000000 ) ;
#796 =( NAMED_UNIT ( * ) SI_UNIT ( $, .STERADIAN. ) SOLID_ANGLE_UNIT ( ) );
#797 = FILL_AREA_STYLE ('',( #86 ) ) ;
#798 = EDGE_LOOP ( 'NONE', ( #2976, #6226, #1828, #3202 ) ) ;
#799 = ADVANCED_FACE ( 'NONE', ( #3610 ), #5533, .F. ) ;
#800 = VECTOR ( 'NONE', #4138, 1000.000000000000000 ) ;
#801 = EDGE_CURVE ( 'NONE', #964, #4699, #326, .T. ) ;
#802 = EDGE_LOOP ( 'NONE', ( #4024, #1993, #1233, #3171 ) ) ;
#803 = FILL_AREA_STYLE_COLOUR ( '', #3778 ) ;
#804 = SURFACE_STYLE_FILL_AREA ( #768 ) ;
#805 = UNCERTAINTY_MEASURE_WITH_UNIT (LENGTH_MEASURE( 1.000000000000000082E-05 ), #3238, 'distance_accuracy_value', 'NONE');
#806 = DIRECTION ( 'NONE',  ( 0.000000000000000000, 0.000000000000000000, -1.000000000000000000 ) ) ;
#807 = ORIENTED_EDGE ( 'NONE', *, *, #894, .T. ) ;
#808 = DIRECTION ( 'NONE',  ( -1.000000000000000000, -0.000000000000000000, -0.000000000000000000 ) ) ;
#809 = DIRECTION ( 'NONE',  ( 0.000000000000000000, 0.000000000000000000, -1.000000000000000000 ) ) ;
#810 = ORIENTED_EDGE ( 'NONE', *, *, #4738, .T. ) ;
#811 = ORIENTED_EDGE ( 'NONE', *, *, #2864, .T. ) ;
#812 = CARTESIAN_POINT ( 'NONE',  ( 0.7299999999999999822, 1.150000000000000133, 0.3749999999999996669 ) ) ;
#813 = DIRECTION ( 'NONE',  ( 1.000000000000000000, -0.000000000000000000, 0.000000000000000000 ) ) ;
#814 = DIRECTION ( 'NONE',  ( 1.000000000000000000, -0.000000000000000000, -0.000000000000000000 ) ) ;
#815 =( NAMED_UNIT ( * ) PLANE_ANGLE_UNIT ( ) SI_UNIT ( $, .RADIAN. ) );
#816 = EDGE_CURVE ( 'NONE', #1167, #2201, #4705, .T. ) ;
#817 = EDGE_LOOP ( 'NONE', ( #5858, #2786, #3132, #907 ) ) ;
#818 = SURFACE_SIDE_STYLE ('',( #5636 ) ) ;
#819 = CARTESIAN_POINT ( 'NONE',  ( 0.5300000000000000266, 0.8749999999999998890, -1.025000000000000799 ) ) ;
#820 = EDGE_LOOP ( 'NONE', ( #3666, #6129, #4819, #1511 ) ) ;
#821 = SURFACE_SIDE_STYLE ('',( #4694 ) ) ;
#822 = LINE ( 'NONE', #2866, #1454 ) ;
#823 = FILL_AREA_STYLE ('',( #3209 ) ) ;
#824 = LINE ( 'NONE', #247, #4432 ) ;
#825 = ORIENTED_EDGE ( 'NONE', *, *, #2573, .T. ) ;
#826 = VECTOR ( 'NONE', #5338, 1000.000000000000000 ) ;
#827 =( NAMED_UNIT ( * ) SI_UNIT ( $, .STERADIAN. ) SOLID_ANGLE_UNIT ( ) );
#828 = ORIENTED_EDGE ( 'NONE', *, *, #4279, .F. ) ;
#829 = EDGE_CURVE ( 'NONE', #3284, #5674, #2337, .T. ) ;
#830 = EDGE_LOOP ( 'NONE', ( #4970, #4877, #1149, #1814 ) ) ;
#831 = PRESENTATION_LAYER_ASSIGNMENT (  '', '', ( #5093 ) ) ;
#832 = AXIS2_PLACEMENT_3D ( 'NONE', #4627, #3198, #5007 ) ;
#833 = FILL_AREA_STYLE ('',( #5182 ) ) ;
#834 = EDGE_CURVE ( 'NONE', #2574, #4474, #2809, .T. ) ;
#835 =( LENGTH_UNIT ( ) NAMED_UNIT ( * ) SI_UNIT ( .MILLI., .METRE. ) );
#836 = ORIENTED_EDGE ( 'NONE', *, *, #5612, .T. ) ;
#837 = DIRECTION ( 'NONE',  ( -0.000000000000000000, -0.000000000000000000, -1.000000000000000000 ) ) ;
#838 = FILL_AREA_STYLE_COLOUR ( '', #864 ) ;
#839 = AXIS2_PLACEMENT_3D ( 'NONE', #2759, #5734, #1840 ) ;
#840 = EDGE_LOOP ( 'NONE', ( #3402, #3807, #3134, #1558 ) ) ;
#841 = ORIENTED_EDGE ( 'NONE', *, *, #5809, .T. ) ;
#842 = AXIS2_PLACEMENT_3D ( 'NONE', #876, #2823, #4751 ) ;
#843 = FILL_AREA_STYLE ('',( #334 ) ) ;
#844 = DIRECTION ( 'NONE',  ( -1.000000000000000000, -0.000000000000000000, -0.000000000000000000 ) ) ;
#845 = CARTESIAN_POINT ( 'NONE',  ( 0.7299999999999999822, -0.1250000000000001110, 0.9250000000000002665 ) ) ;
#846 = EDGE_CURVE ( 'NONE', #5661, #3331, #773, .T. ) ;
#847 = ORIENTED_EDGE ( 'NONE', *, *, #4971, .F. ) ;
#848 = DIRECTION ( 'NONE',  ( -1.000000000000000000, -0.000000000000000000, -0.000000000000000000 ) ) ;
#849 = DIRECTION ( 'NONE',  ( 0.000000000000000000, 1.000000000000000000, 0.000000000000000000 ) ) ;
#850 = VECTOR ( 'NONE', #1510, 1000.000000000000000 ) ;
#851 = EDGE_LOOP ( 'NONE', ( #6079, #6152, #3817, #6073 ) ) ;
#852 = CARTESIAN_POINT ( 'NONE',  ( 0.7299999999999999822, -1.150000000000000133, 0.3749999999999996669 ) ) ;
#853 = DIRECTION ( 'NONE',  ( 0.000000000000000000, -1.000000000000000000, 0.000000000000000000 ) ) ;
#854 = AXIS2_PLACEMENT_3D ( 'NONE', #1263, #3782, #1395 ) ;
#855 =( NAMED_UNIT ( * ) SI_UNIT ( $, .STERADIAN. ) SOLID_ANGLE_UNIT ( ) );
#856 = EDGE_LOOP ( 'NONE', ( #4603, #914, #3713, #5905 ) ) ;
#857 = DIRECTION ( 'NONE',  ( 0.000000000000000000, 0.000000000000000000, -1.000000000000000000 ) ) ;
#858 = MECHANICAL_DESIGN_GEOMETRIC_PRESENTATION_REPRESENTATION (  '', ( #5315 ), #4202 ) ;
#859 = ORIENTED_EDGE ( 'NONE', *, *, #3704, .F. ) ;
#860 = CARTESIAN_POINT ( 'NONE',  ( 0.7299999999999999822, -0.6250000000000001110, 1.400000000000000133 ) ) ;
#861 = VERTEX_POINT ( 'NONE', #3224 ) ;
#862 = ADVANCED_FACE ( 'NONE', ( #6161 ), #264, .F. ) ;
#863 =( NAMED_UNIT ( * ) SI_UNIT ( $, .STERADIAN. ) SOLID_ANGLE_UNIT ( ) );
#864 = COLOUR_RGB ( '',0.1019607843137254888, 0.1019607843137254888, 0.1019607843137254888 ) ;
#865 = EDGE_CURVE ( 'NONE', #616, #861, #2266, .T. ) ;
#866 = VERTEX_POINT ( 'NONE', #2681 ) ;
#867 = VECTOR ( 'NONE', #3027, 1000.000000000000000 ) ;
#868 = STYLED_ITEM ( 'NONE', ( #1466 ), #349 ) ;
#869 = LINE ( 'NONE', #4244, #781 ) ;
#870 = ADVANCED_FACE ( 'NONE', ( #3286 ), #1316, .F. ) ;
#871 = VECTOR ( 'NONE', #6004, 1000.000000000000000 ) ;
#872 = CARTESIAN_POINT ( 'NONE',  ( 0.7299999999999999822, 0.1249999999999998890, -0.9250000000000007105 ) ) ;
#873 = VECTOR ( 'NONE', #6275, 1000.000000000000000 ) ;
#874 = EDGE_LOOP ( 'NONE', ( #6189, #1835, #4662, #5144 ) ) ;
#875 = VERTEX_POINT ( 'NONE', #1474 ) ;
#876 = CARTESIAN_POINT ( 'NONE',  ( 0.7299999999999999822, -1.150000000000000133, 0.1249999999999996808 ) ) ;
#877 = VECTOR ( 'NONE', #4302, 1000.000000000000000 ) ;
#878 = SURFACE_SIDE_STYLE ('',( #6169 ) ) ;
#879 = CARTESIAN_POINT ( 'NONE',  ( 0.5300000000000000266, 0.6750000000000002665, 0.3749999999999996669 ) ) ;
#880 = DIRECTION ( 'NONE',  ( -1.000000000000000000, -0.000000000000000000, -0.000000000000000000 ) ) ;
#881 = ORIENTED_EDGE ( 'NONE', *, *, #3676, .T. ) ;
#882 = LINE ( 'NONE', #4721, #3492 ) ;
#883 =( LENGTH_UNIT ( ) NAMED_UNIT ( * ) SI_UNIT ( .MILLI., .METRE. ) );
#884 =( GEOMETRIC_REPRESENTATION_CONTEXT ( 3 ) GLOBAL_UNCERTAINTY_ASSIGNED_CONTEXT ( ( #1071 ) ) GLOBAL_UNIT_ASSIGNED_CONTEXT ( ( #5217, #933, #2808 ) ) REPRESENTATION_CONTEXT ( 'NONE', 'WORKASPACE' ) );
#885 = EDGE_LOOP ( 'NONE', ( #1288, #1434, #4265, #4154 ) ) ;
#886 = VECTOR ( 'NONE', #837, 1000.000000000000000 ) ;
#887 = DIRECTION ( 'NONE',  ( 0.000000000000000000, 0.000000000000000000, 1.000000000000000000 ) ) ;
#888 = CARTESIAN_POINT ( 'NONE',  ( 0.7299999999999999822, -0.3750000000000001110, 1.400000000000000133 ) ) ;
#889 = VECTOR ( 'NONE', #1416, 1000.000000000000000 ) ;
#890 = CARTESIAN_POINT ( 'NONE',  ( 0.5300000000000000266, 0.000000000000000000, 0.000000000000000000 ) ) ;
#891 = CARTESIAN_POINT ( 'NONE',  ( 0.7299999999999999822, -0.1250000000000001110, -0.9250000000000007105 ) ) ;
#892 = STYLED_ITEM ( 'NONE', ( #3029 ), #1725 ) ;
#893 = ORIENTED_EDGE ( 'NONE', *, *, #314, .T. ) ;
#894 = EDGE_CURVE ( 'NONE', #6167, #1700, #4806, .T. ) ;
#895 = SURFACE_STYLE_FILL_AREA ( #5564 ) ;
#896 = STYLED_ITEM ( 'NONE', ( #1240 ), #4066 ) ;
#897 = FACE_OUTER_BOUND ( 'NONE', #4802, .T. ) ;
#898 = AXIS2_PLACEMENT_3D ( 'NONE', #5765, #813, #2752 ) ;
#899 = VERTEX_POINT ( 'NONE', #958 ) ;
#900 =( GEOMETRIC_REPRESENTATION_CONTEXT ( 3 ) GLOBAL_UNCERTAINTY_ASSIGNED_CONTEXT ( ( #3930 ) ) GLOBAL_UNIT_ASSIGNED_CONTEXT ( ( #1169, #729, #1713 ) ) REPRESENTATION_CONTEXT ( 'NONE', 'WORKASPACE' ) );
#901 = CARTESIAN_POINT ( 'NONE',  ( 0.5300000000000000266, -0.1250000000000001110, 0.9250000000000002665 ) ) ;
#902 = EDGE_LOOP ( 'NONE', ( #515, #3873, #4539, #2040 ) ) ;
#903 = FILL_AREA_STYLE_COLOUR ( '', #4587 ) ;
#904 = AXIS2_PLACEMENT_3D ( 'NONE', #3010, #3465, #3948 ) ;
#905 = DIRECTION ( 'NONE',  ( 0.000000000000000000, -0.000000000000000000, -1.000000000000000000 ) ) ;
#906 = EDGE_CURVE ( 'NONE', #3681, #3546, #2096, .T. ) ;
#907 = ORIENTED_EDGE ( 'NONE', *, *, #289, .T. ) ;
#908 = VECTOR ( 'NONE', #554, 1000.000000000000000 ) ;
#909 = EDGE_LOOP ( 'NONE', ( #3447, #5247, #5707, #1150 ) ) ;
#910 = PLANE ( 'NONE',  #5241 ) ;
#911 = DIRECTION ( 'NONE',  ( -1.000000000000000000, -0.000000000000000000, -0.000000000000000000 ) ) ;
#912 = DIRECTION ( 'NONE',  ( 0.000000000000000000, -1.000000000000000000, 0.000000000000000000 ) ) ;
#913 = EDGE_LOOP ( 'NONE', ( #1427, #1789, #1626, #5265 ) ) ;
#914 = ORIENTED_EDGE ( 'NONE', *, *, #6042, .F. ) ;
#915 = DIRECTION ( 'NONE',  ( 1.000000000000000000, 0.000000000000000000, 0.000000000000000000 ) ) ;
#916 = LINE ( 'NONE', #5725, #3213 ) ;
#917 = VERTEX_POINT ( 'NONE', #3322 ) ;
#918 = SURFACE_STYLE_USAGE ( .BOTH. , #2348 ) ;
#919 =( LENGTH_UNIT ( ) NAMED_UNIT ( * ) SI_UNIT ( .MILLI., .METRE. ) );
#920 = ORIENTED_EDGE ( 'NONE', *, *, #4957, .T. ) ;
#921 = ADVANCED_FACE ( 'NONE', ( #2876 ), #2437, .F. ) ;
#922 =( LENGTH_UNIT ( ) NAMED_UNIT ( * ) SI_UNIT ( .MILLI., .METRE. ) );
#923 = FACE_OUTER_BOUND ( 'NONE', #4783, .T. ) ;
#924 = DIRECTION ( 'NONE',  ( -1.000000000000000000, -0.000000000000000000, -0.000000000000000000 ) ) ;
#925 = ORIENTED_EDGE ( 'NONE', *, *, #2410, .T. ) ;
#926 = MECHANICAL_DESIGN_GEOMETRIC_PRESENTATION_REPRESENTATION (  '', ( #3674 ), #5206 ) ;
#927 = LINE ( 'NONE', #3349, #588 ) ;
#928 =( LENGTH_UNIT ( ) NAMED_UNIT ( * ) SI_UNIT ( .MILLI., .METRE. ) );
#929 = ORIENTED_EDGE ( 'NONE', *, *, #1727, .T. ) ;
#930 = PRESENTATION_STYLE_ASSIGNMENT (( #5277 ) ) ;
#931 = PLANE ( 'NONE',  #4737 ) ;
#932 = EDGE_CURVE ( 'NONE', #728, #2512, #4367, .T. ) ;
#933 =( NAMED_UNIT ( * ) PLANE_ANGLE_UNIT ( ) SI_UNIT ( $, .RADIAN. ) );
#934 = EDGE_LOOP ( 'NONE', ( #2425, #2330, #5736, #109 ) ) ;
#935 = EDGE_CURVE ( 'NONE', #1265, #5280, #1920, .T. ) ;
#936 = CARTESIAN_POINT ( 'NONE',  ( 0.7299999999999999822, 0.1249999999999998890, 1.400000000000000133 ) ) ;
#937 = AXIS2_PLACEMENT_3D ( 'NONE', #2955, #3468, #2037 ) ;
#938 = CARTESIAN_POINT ( 'NONE',  ( 0.7299999999999999822, -0.3750000000000001110, 1.400000000000000133 ) ) ;
#939 = FILL_AREA_STYLE ('',( #1053 ) ) ;
#940 = ORIENTED_EDGE ( 'NONE', *, *, #3715, .T. ) ;
#941 = ORIENTED_EDGE ( 'NONE', *, *, #1315, .T. ) ;
#942 = CARTESIAN_POINT ( 'NONE',  ( 0.7299999999999999822, -0.8750000000000001110, 1.400000000000000133 ) ) ;
#943 = SURFACE_SIDE_STYLE ('',( #5291 ) ) ;
#944 = EDGE_CURVE ( 'NONE', #4657, #4321, #3384, .T. ) ;
#945 = ORIENTED_EDGE ( 'NONE', *, *, #3370, .F. ) ;
#946 = ADVANCED_FACE ( 'NONE', ( #4395 ), #910, .T. ) ;
#947 = CARTESIAN_POINT ( 'NONE',  ( 0.5300000000000000266, 0.8749999999999998890, 1.400000000000000133 ) ) ;
#948 = CARTESIAN_POINT ( 'NONE',  ( 0.7299999999999999822, -0.6250000000000001110, -0.9250000000000007105 ) ) ;
#949 = ORIENTED_EDGE ( 'NONE', *, *, #3676, .F. ) ;
#950 = DIRECTION ( 'NONE',  ( 0.000000000000000000, 0.000000000000000000, 1.000000000000000000 ) ) ;
#951 =( GEOMETRIC_REPRESENTATION_CONTEXT ( 3 ) GLOBAL_UNCERTAINTY_ASSIGNED_CONTEXT ( ( #6036 ) ) GLOBAL_UNIT_ASSIGNED_CONTEXT ( ( #5726, #4756, #4218 ) ) REPRESENTATION_CONTEXT ( 'NONE', 'WORKASPACE' ) );
#952 = CARTESIAN_POINT ( 'NONE',  ( 0.5300000000000000266, 0.3749999999999998890, 1.400000000000000133 ) ) ;
#953 = LINE ( 'NONE', #4804, #4943 ) ;
#954 = STYLED_ITEM ( 'NONE', ( #1318 ), #6216 ) ;
#955 = DIRECTION ( 'NONE',  ( 0.000000000000000000, 0.000000000000000000, 1.000000000000000000 ) ) ;
#956 = VERTEX_POINT ( 'NONE', #5281 ) ;
#957 = VECTOR ( 'NONE', #3897, 1000.000000000000000 ) ;
#958 = CARTESIAN_POINT ( 'NONE',  ( 0.7299999999999999822, 0.8749999999999998890, 0.9250000000000002665 ) ) ;
#959 = PLANE ( 'NONE',  #5512 ) ;
#960 = LINE ( 'NONE', #1424, #2709 ) ;
#961 = ADVANCED_FACE ( 'NONE', ( #5841 ), #2624, .F. ) ;
#962 = CARTESIAN_POINT ( 'NONE',  ( 0.7299999999999999822, 0.6249999999999998890, 0.9250000000000002665 ) ) ;
#963 = CLOSED_SHELL ( 'NONE', ( #610, #4985, #6228, #1440, #1582, #2352 ) ) ;
#964 = VERTEX_POINT ( 'NONE', #1222 ) ;
#965 = ORIENTED_EDGE ( 'NONE', *, *, #229, .F. ) ;
#966 =( NAMED_UNIT ( * ) PLANE_ANGLE_UNIT ( ) SI_UNIT ( $, .RADIAN. ) );
#967 = MECHANICAL_DESIGN_GEOMETRIC_PRESENTATION_REPRESENTATION (  '', ( #1772 ), #1576 ) ;
#968 = DIRECTION ( 'NONE',  ( 0.000000000000000000, -0.000000000000000000, -1.000000000000000000 ) ) ;
#969 = EDGE_CURVE ( 'NONE', #1388, #2347, #5655, .T. ) ;
#970 = CARTESIAN_POINT ( 'NONE',  ( 0.5300000000000000266, 0.000000000000000000, 0.000000000000000000 ) ) ;
#971 = ORIENTED_EDGE ( 'NONE', *, *, #3521, .F. ) ;
#972 = VECTOR ( 'NONE', #6091, 1000.000000000000000 ) ;
#973 =( NAMED_UNIT ( * ) SI_UNIT ( $, .STERADIAN. ) SOLID_ANGLE_UNIT ( ) );
#974 = LINE ( 'NONE', #4859, #6206 ) ;
#975 = CARTESIAN_POINT ( 'NONE',  ( 0.7299999999999999822, 0.000000000000000000, 0.000000000000000000 ) ) ;
#976 = DIRECTION ( 'NONE',  ( -1.000000000000000000, 0.000000000000000000, 0.000000000000000000 ) ) ;
#977 = ORIENTED_EDGE ( 'NONE', *, *, #6260, .T. ) ;
#978 = SURFACE_SIDE_STYLE ('',( #480 ) ) ;
#979 = VECTOR ( 'NONE', #4747, 1000.000000000000000 ) ;
#980 = DIRECTION ( 'NONE',  ( 0.000000000000000000, -1.000000000000000000, 0.000000000000000000 ) ) ;
#981 = CARTESIAN_POINT ( 'NONE',  ( 0.7299999999999999822, 0.3749999999999998890, 0.9250000000000002665 ) ) ;
#982 = DIRECTION ( 'NONE',  ( -1.000000000000000000, -0.000000000000000000, -0.000000000000000000 ) ) ;
#983 = PRESENTATION_LAYER_ASSIGNMENT (  '', '', ( #6147 ) ) ;
#984 = STYLED_ITEM ( 'NONE', ( #1549 ), #5091 ) ;
#985 =( NAMED_UNIT ( * ) PLANE_ANGLE_UNIT ( ) SI_UNIT ( $, .RADIAN. ) );
#986 = CARTESIAN_POINT ( 'NONE',  ( 0.7299999999999999822, 0.3749999999999998890, 0.9250000000000002665 ) ) ;
#987 = CARTESIAN_POINT ( 'NONE',  ( 0.1000000000000000056, 0.8556308804057267681, -1.128932602121957007 ) ) ;
#988 = EDGE_CURVE ( 'NONE', #2944, #4213, #3184, .T. ) ;
#989 = AXIS2_PLACEMENT_3D ( 'NONE', #3645, #323, #354 ) ;
#990 = AXIS2_PLACEMENT_3D ( 'NONE', #4078, #5112, #3112 ) ;
#991 = CARTESIAN_POINT ( 'NONE',  ( 0.7299999999999999822, -1.150000000000000133, -0.3750000000000003331 ) ) ;
#992 =( GEOMETRIC_REPRESENTATION_CONTEXT ( 3 ) GLOBAL_UNCERTAINTY_ASSIGNED_CONTEXT ( ( #31 ) ) GLOBAL_UNIT_ASSIGNED_CONTEXT ( ( #4377, #602, #4350 ) ) REPRESENTATION_CONTEXT ( 'NONE', 'WORKASPACE' ) );
#993 = ORIENTED_EDGE ( 'NONE', *, *, #4554, .F. ) ;
#994 = DIRECTION ( 'NONE',  ( 0.000000000000000000, 1.000000000000000000, 0.000000000000000000 ) ) ;
#995 = AXIS2_PLACEMENT_3D ( 'NONE', #202, #4977, #2686 ) ;
#996 = PLANE ( 'NONE',  #2413 ) ;
#997 = VECTOR ( 'NONE', #758, 1000.000000000000000 ) ;
#998 = LINE ( 'NONE', #962, #850 ) ;
#999 = VERTEX_POINT ( 'NONE', #4561 ) ;
#1000 = ORIENTED_EDGE ( 'NONE', *, *, #4688, .T. ) ;
#1001 = UNCERTAINTY_MEASURE_WITH_UNIT (LENGTH_MEASURE( 1.000000000000000082E-05 ), #919, 'distance_accuracy_value', 'NONE');
#1002 = DIRECTION ( 'NONE',  ( 0.000000000000000000, 0.000000000000000000, 1.000000000000000000 ) ) ;
#1003 = CYLINDRICAL_SURFACE ( 'NONE', #2069, 0.1750560047594175161 ) ;
#1004 = DIRECTION ( 'NONE',  ( 0.000000000000000000, 0.000000000000000000, 1.000000000000000000 ) ) ;
#1005 = ORIENTED_EDGE ( 'NONE', *, *, #6083, .T. ) ;
#1006 = DIRECTION ( 'NONE',  ( 1.000000000000000000, -0.000000000000000000, -0.000000000000000000 ) ) ;
#1007 = FACE_OUTER_BOUND ( 'NONE', #1710, .T. ) ;
#1008 = ADVANCED_FACE ( 'NONE', ( #4617 ), #195, .F. ) ;
#1009 = FACE_OUTER_BOUND ( 'NONE', #4206, .T. ) ;
#1010 = CARTESIAN_POINT ( 'NONE',  ( 0.7299999999999999822, 0.6249999999999998890, -0.9250000000000007105 ) ) ;
#1011 = ORIENTED_EDGE ( 'NONE', *, *, #3064, .T. ) ;
#1012 = DIRECTION ( 'NONE',  ( 0.000000000000000000, 0.000000000000000000, 1.000000000000000000 ) ) ;
#1013 = FILL_AREA_STYLE_COLOUR ( '', #1498 ) ;
#1014 = LINE ( 'NONE', #3978, #1784 ) ;
#1015 = PRESENTATION_STYLE_ASSIGNMENT (( #1044 ) ) ;
#1016 = LINE ( 'NONE', #2433, #5823 ) ;
#1017 = DIRECTION ( 'NONE',  ( 0.000000000000000000, -1.000000000000000000, 0.000000000000000000 ) ) ;
#1018 = LINE ( 'NONE', #4870, #5346 ) ;
#1019 = ADVANCED_FACE ( 'NONE', ( #1278 ), #6000, .F. ) ;
#1020 = ORIENTED_EDGE ( 'NONE', *, *, #1911, .T. ) ;
#1021 = SURFACE_STYLE_USAGE ( .BOTH. , #5373 ) ;
#1022 = EDGE_CURVE ( 'NONE', #778, #5280, #2676, .T. ) ;
#1023 = LINE ( 'NONE', #4901, #908 ) ;
#1024 = FACE_OUTER_BOUND ( 'NONE', #1370, .T. ) ;
#1025 = SURFACE_SIDE_STYLE ('',( #3358 ) ) ;
#1026 = PLANE ( 'NONE',  #3939 ) ;
#1027 = CARTESIAN_POINT ( 'NONE',  ( 0.5300000000000000266, -1.150000000000000133, -0.1250000000000003331 ) ) ;
#1028 =( GEOMETRIC_REPRESENTATION_CONTEXT ( 3 ) GLOBAL_UNCERTAINTY_ASSIGNED_CONTEXT ( ( #3542 ) ) GLOBAL_UNIT_ASSIGNED_CONTEXT ( ( #2940, #688, #1783 ) ) REPRESENTATION_CONTEXT ( 'NONE', 'WORKASPACE' ) );
#1029 = ORIENTED_EDGE ( 'NONE', *, *, #4871, .T. ) ;
#1030 = ORIENTED_EDGE ( 'NONE', *, *, #4230, .F. ) ;
#1031 = PRESENTATION_LAYER_ASSIGNMENT (  '', '', ( #3783 ) ) ;
#1032 = DIRECTION ( 'NONE',  ( -1.000000000000000000, -0.000000000000000000, -0.000000000000000000 ) ) ;
#1033 = PRESENTATION_LAYER_ASSIGNMENT (  '', '', ( #3058 ) ) ;
#1034 = FACE_OUTER_BOUND ( 'NONE', #2939, .T. ) ;
#1035 = EDGE_LOOP ( 'NONE', ( #941, #5316, #304, #1594 ) ) ;
#1036 = CARTESIAN_POINT ( 'NONE',  ( 0.7299999999999999822, -0.6750000000000002665, 0.3749999999999996669 ) ) ;
#1037 = FACE_BOUND ( 'NONE', #2691, .T. ) ;
#1038 = ORIENTED_EDGE ( 'NONE', *, *, #5882, .F. ) ;
#1039 = PLANE ( 'NONE',  #4857 ) ;
#1040 = FILL_AREA_STYLE ('',( #1013 ) ) ;
#1041 = AXIS2_PLACEMENT_3D ( 'NONE', #2048, #1032, #1002 ) ;
#1042 = DIRECTION ( 'NONE',  ( 0.000000000000000000, 0.000000000000000000, 1.000000000000000000 ) ) ;
#1043 = UNCERTAINTY_MEASURE_WITH_UNIT (LENGTH_MEASURE( 1.000000000000000082E-05 ), #5951, 'distance_accuracy_value', 'NONE');
#1044 = SURFACE_STYLE_USAGE ( .BOTH. , #5368 ) ;
#1045 = DIRECTION ( 'NONE',  ( 0.000000000000000000, -0.000000000000000000, 1.000000000000000000 ) ) ;
#1046 = FACE_OUTER_BOUND ( 'NONE', #5233, .T. ) ;
#1047 = LINE ( 'NONE', #3118, #1809 ) ;
#1048 = VECTOR ( 'NONE', #2306, 1000.000000000000000 ) ;
#1049 = EDGE_CURVE ( 'NONE', #4766, #2331, #1246, .T. ) ;
#1050 = ORIENTED_EDGE ( 'NONE', *, *, #1779, .T. ) ;
#1051 = STYLED_ITEM ( 'NONE', ( #4254 ), #5979 ) ;
#1052 = DIRECTION ( 'NONE',  ( -1.000000000000000000, 0.000000000000000000, -0.000000000000000000 ) ) ;
#1053 = FILL_AREA_STYLE_COLOUR ( '', #4421 ) ;
#1054 =( GEOMETRIC_REPRESENTATION_CONTEXT ( 3 ) GLOBAL_UNCERTAINTY_ASSIGNED_CONTEXT ( ( #4651 ) ) GLOBAL_UNIT_ASSIGNED_CONTEXT ( ( #3455, #507, #3998 ) ) REPRESENTATION_CONTEXT ( 'NONE', 'WORKASPACE' ) );
#1055 = ORIENTED_EDGE ( 'NONE', *, *, #2517, .F. ) ;
#1056 = ORIENTED_EDGE ( 'NONE', *, *, #1300, .F. ) ;
#1057 = FACE_OUTER_BOUND ( 'NONE', #2950, .T. ) ;
#1058 = CARTESIAN_POINT ( 'NONE',  ( 0.7299999999999999822, 0.6249999999999998890, 1.400000000000000133 ) ) ;
#1059 = EDGE_CURVE ( 'NONE', #2212, #402, #1786, .T. ) ;
#1060 =( LENGTH_UNIT ( ) NAMED_UNIT ( * ) SI_UNIT ( .MILLI., .METRE. ) );
#1061 =( LENGTH_UNIT ( ) NAMED_UNIT ( * ) SI_UNIT ( .MILLI., .METRE. ) );
#1062 = COLOUR_RGB ( '',0.1019607843137254888, 0.1019607843137254888, 0.1019607843137254888 ) ;
#1063 = DIRECTION ( 'NONE',  ( 0.000000000000000000, 0.000000000000000000, -1.000000000000000000 ) ) ;
#1064 = ORIENTED_EDGE ( 'NONE', *, *, #4999, .F. ) ;
#1065 = UNCERTAINTY_MEASURE_WITH_UNIT (LENGTH_MEASURE( 1.000000000000000082E-05 ), #1061, 'distance_accuracy_value', 'NONE');
#1066 =( GEOMETRIC_REPRESENTATION_CONTEXT ( 3 ) GLOBAL_UNCERTAINTY_ASSIGNED_CONTEXT ( ( #171 ) ) GLOBAL_UNIT_ASSIGNED_CONTEXT ( ( #112, #5459, #5423 ) ) REPRESENTATION_CONTEXT ( 'NONE', 'WORKASPACE' ) );
#1067 = MECHANICAL_DESIGN_GEOMETRIC_PRESENTATION_REPRESENTATION (  '', ( #2993 ), #3103 ) ;
#1068 =( NAMED_UNIT ( * ) SI_UNIT ( $, .STERADIAN. ) SOLID_ANGLE_UNIT ( ) );
#1069 = SURFACE_STYLE_FILL_AREA ( #2978 ) ;
#1070 = ORIENTED_EDGE ( 'NONE', *, *, #1116, .T. ) ;
#1071 = UNCERTAINTY_MEASURE_WITH_UNIT (LENGTH_MEASURE( 1.000000000000000082E-05 ), #5217, 'distance_accuracy_value', 'NONE');
#1072 = VECTOR ( 'NONE', #3941, 1000.000000000000000 ) ;
#1073 = VECTOR ( 'NONE', #2825, 1000.000000000000000 ) ;
#1074 = CARTESIAN_POINT ( 'NONE',  ( 0.7299999999999999822, -0.3750000000000001110, 0.9250000000000002665 ) ) ;
#1075 = CARTESIAN_POINT ( 'NONE',  ( 0.7299999999999999822, -0.6750000000000002665, 0.3749999999999996669 ) ) ;
#1076 = ADVANCED_FACE ( 'NONE', ( #3220 ), #4675, .F. ) ;
#1077 = PRESENTATION_LAYER_ASSIGNMENT (  '', '', ( #3320 ) ) ;
#1078 = LINE ( 'NONE', #2555, #4552 ) ;
#1079 = CARTESIAN_POINT ( 'NONE',  ( 0.5300000000000000266, -1.150000000000000133, 0.6249999999999996669 ) ) ;
#1080 = VECTOR ( 'NONE', #5371, 1000.000000000000000 ) ;
#1081 = VECTOR ( 'NONE', #3999, 1000.000000000000000 ) ;
#1082 = ORIENTED_EDGE ( 'NONE', *, *, #4456, .T. ) ;
#1083 = EDGE_CURVE ( 'NONE', #5531, #2499, #1854, .T. ) ;
#1084 = STYLED_ITEM ( 'NONE', ( #3910 ), #2388 ) ;
#1085 = DIRECTION ( 'NONE',  ( 0.000000000000000000, 0.000000000000000000, 1.000000000000000000 ) ) ;
#1086 = VECTOR ( 'NONE', #1159, 1000.000000000000000 ) ;
#1087 = VECTOR ( 'NONE', #911, 1000.000000000000000 ) ;
#1088 = CARTESIAN_POINT ( 'NONE',  ( 0.7299999999999999822, 0.3749999999999998890, -1.400000000000000577 ) ) ;
#1089 = PRESENTATION_STYLE_ASSIGNMENT (( #1563 ) ) ;
#1090 = ORIENTED_EDGE ( 'NONE', *, *, #1941, .T. ) ;
#1091 = PRESENTATION_LAYER_ASSIGNMENT (  '', '', ( #4245 ) ) ;
#1092 = PRESENTATION_LAYER_ASSIGNMENT (  '', '', ( #595 ) ) ;
#1093 = ORIENTED_EDGE ( 'NONE', *, *, #5708, .F. ) ;
#1094 = LINE ( 'NONE', #3423, #1340 ) ;
#1095 = AXIS2_PLACEMENT_3D ( 'NONE', #1548, #2088, #1524 ) ;
#1096 = CARTESIAN_POINT ( 'NONE',  ( 0.5300000000000000266, 0.6750000000000002665, -0.3750000000000003331 ) ) ;
#1097 = DIRECTION ( 'NONE',  ( -1.000000000000000000, -0.000000000000000000, -0.000000000000000000 ) ) ;
#1098 = DIRECTION ( 'NONE',  ( 0.000000000000000000, 0.000000000000000000, 1.000000000000000000 ) ) ;
#1099 = ORIENTED_EDGE ( 'NONE', *, *, #1867, .T. ) ;
#1100 = ADVANCED_FACE ( 'NONE', ( #1821 ), #3770, .F. ) ;
#1101 = PLANE ( 'NONE',  #1550 ) ;
#1102 = FACE_BOUND ( 'NONE', #5877, .T. ) ;
#1103 = SURFACE_STYLE_USAGE ( .BOTH. , #1131 ) ;
#1104 = ORIENTED_EDGE ( 'NONE', *, *, #2256, .T. ) ;
#1105 = FILL_AREA_STYLE_COLOUR ( '', #5859 ) ;
#1107 = EDGE_CURVE ( 'NONE', #1321, #4657, #6252, .T. ) ;
#1106 = PLANE ( 'NONE',  #5044 ) ;
#1108 = FACE_OUTER_BOUND ( 'NONE', #2023, .T. ) ;
#1109 = LINE ( 'NONE', #1075, #1344 ) ;
#1110 = CARTESIAN_POINT ( 'NONE',  ( 0.5300000000000000266, 0.6750000000000002665, -0.3750000000000003331 ) ) ;
#1111 =( LENGTH_UNIT ( ) NAMED_UNIT ( * ) SI_UNIT ( .MILLI., .METRE. ) );
#1112 = SURFACE_SIDE_STYLE ('',( #52 ) ) ;
#1113 = UNCERTAINTY_MEASURE_WITH_UNIT (LENGTH_MEASURE( 1.000000000000000082E-05 ), #4177, 'distance_accuracy_value', 'NONE');
#1114 = CARTESIAN_POINT ( 'NONE',  ( -0.1000000000000000056, -1.250000000000000000, 1.499999999999999778 ) ) ;
#1115 = ORIENTED_EDGE ( 'NONE', *, *, #432, .T. ) ;
#1116 = EDGE_CURVE ( 'NONE', #1818, #6022, #1917, .T. ) ;
#1117 =( LENGTH_UNIT ( ) NAMED_UNIT ( * ) SI_UNIT ( .MILLI., .METRE. ) );
#1118 = DIRECTION ( 'NONE',  ( -0.000000000000000000, -0.000000000000000000, 1.000000000000000000 ) ) ;
#1119 = STYLED_ITEM ( 'NONE', ( #1148 ), #1750 ) ;
#1120 = VERTEX_POINT ( 'NONE', #4743 ) ;
#1121 = EDGE_CURVE ( 'NONE', #417, #4908, #1418, .T. ) ;
#1122 = ORIENTED_EDGE ( 'NONE', *, *, #739, .T. ) ;
#1123 = DIRECTION ( 'NONE',  ( 1.000000000000000000, -0.000000000000000000, -0.000000000000000000 ) ) ;
#1124 = CARTESIAN_POINT ( 'NONE',  ( -0.1000000000000000056, -1.250000000000000000, 1.499999999999999778 ) ) ;
#1125 =( LENGTH_UNIT ( ) NAMED_UNIT ( * ) SI_UNIT ( .MILLI., .METRE. ) );
#1126 = CARTESIAN_POINT ( 'NONE',  ( 0.5300000000000000266, 1.150000000000000133, 0.3749999999999996669 ) ) ;
#1127 = VERTEX_POINT ( 'NONE', #5749 ) ;
#1128 =( GEOMETRIC_REPRESENTATION_CONTEXT ( 3 ) GLOBAL_UNCERTAINTY_ASSIGNED_CONTEXT ( ( #5487 ) ) GLOBAL_UNIT_ASSIGNED_CONTEXT ( ( #3019, #4424, #5460 ) ) REPRESENTATION_CONTEXT ( 'NONE', 'WORKASPACE' ) );
#1129 = FACE_OUTER_BOUND ( 'NONE', #2749, .T. ) ;
#1130 = CARTESIAN_POINT ( 'NONE',  ( 0.5300000000000000266, 0.000000000000000000, 0.000000000000000000 ) ) ;
#1131 = SURFACE_SIDE_STYLE ('',( #1069 ) ) ;
#1132 = AXIS2_PLACEMENT_3D ( 'NONE', #4161, #5573, #1640 ) ;
#1133 = ORIENTED_EDGE ( 'NONE', *, *, #4330, .F. ) ;
#1134 = DIRECTION ( 'NONE',  ( 1.000000000000000000, 0.000000000000000000, -0.000000000000000000 ) ) ;
#1135 = EDGE_CURVE ( 'NONE', #4666, #1374, #1346, .T. ) ;
#1136 = EDGE_CURVE ( 'NONE', #1167, #4632, #5780, .T. ) ;
#1137 = FACE_OUTER_BOUND ( 'NONE', #2727, .T. ) ;
#1138 = CARTESIAN_POINT ( 'NONE',  ( 0.7299999999999999822, 0.6750000000000002665, -0.6250000000000003331 ) ) ;
#1139 = DIRECTION ( 'NONE',  ( 0.000000000000000000, 0.000000000000000000, -1.000000000000000000 ) ) ;
#1140 = SURFACE_STYLE_USAGE ( .BOTH. , #1585 ) ;
#1141 = SURFACE_STYLE_USAGE ( .BOTH. , #249 ) ;
#1142 = COLOUR_RGB ( '',0.1019607843137254888, 0.1019607843137254888, 0.1019607843137254888 ) ;
#1143 = CARTESIAN_POINT ( 'NONE',  ( 0.5300000000000000266, 0.7749999999999999112, -0.9250000000000007105 ) ) ;
#1144 = ORIENTED_EDGE ( 'NONE', *, *, #432, .F. ) ;
#1145 = CARTESIAN_POINT ( 'NONE',  ( 0.5300000000000000266, 0.6750000000000002665, 0.3749999999999996669 ) ) ;
#1146 = STYLED_ITEM ( 'NONE', ( #6105 ), #5615 ) ;
#1147 = DIRECTION ( 'NONE',  ( 0.000000000000000000, -0.000000000000000000, 1.000000000000000000 ) ) ;
#1148 = PRESENTATION_STYLE_ASSIGNMENT (( #4995 ) ) ;
#1149 = ORIENTED_EDGE ( 'NONE', *, *, #287, .F. ) ;
#1150 = ORIENTED_EDGE ( 'NONE', *, *, #1678, .T. ) ;
#1151 =( GEOMETRIC_REPRESENTATION_CONTEXT ( 3 ) GLOBAL_UNCERTAINTY_ASSIGNED_CONTEXT ( ( #1951 ) ) GLOBAL_UNIT_ASSIGNED_CONTEXT ( ( #4191, #3339, #4538 ) ) REPRESENTATION_CONTEXT ( 'NONE', 'WORKASPACE' ) );
#1152 = CARTESIAN_POINT ( 'NONE',  ( 0.5300000000000000266, -0.8750000000000001110, -0.9250000000000007105 ) ) ;
#1153 = LINE ( 'NONE', #2366, #5684 ) ;
#1154 = EDGE_CURVE ( 'NONE', #4002, #103, #3285, .T. ) ;
#1155 =( NAMED_UNIT ( * ) SI_UNIT ( $, .STERADIAN. ) SOLID_ANGLE_UNIT ( ) );
#1156 = DIRECTION ( 'NONE',  ( -1.000000000000000000, -0.000000000000000000, -0.000000000000000000 ) ) ;
#1157 = COLOUR_RGB ( '',0.1019607843137254888, 0.1019607843137254888, 0.1019607843137254888 ) ;
#1158 = CARTESIAN_POINT ( 'NONE',  ( 0.7299999999999999822, 0.8749999999999998890, -1.400000000000000577 ) ) ;
#1159 = DIRECTION ( 'NONE',  ( 0.000000000000000000, -1.000000000000000000, 0.000000000000000000 ) ) ;
#1160 = CLOSED_SHELL ( 'NONE', ( #183, #6074, #469, #6177 ) ) ;
#1161 = ORIENTED_EDGE ( 'NONE', *, *, #2421, .T. ) ;
#1162 = AXIS2_PLACEMENT_3D ( 'NONE', #4257, #5668, #3814 ) ;
#1163 = DIRECTION ( 'NONE',  ( -1.000000000000000000, -0.000000000000000000, -0.000000000000000000 ) ) ;
#1164 = LINE ( 'NONE', #1231, #3001 ) ;
#1165 = ADVANCED_FACE ( 'NONE', ( #5811, #493 ), #3254, .F. ) ;
#1166 = DIRECTION ( 'NONE',  ( 0.000000000000000000, -0.000000000000000000, -1.000000000000000000 ) ) ;
#1167 = VERTEX_POINT ( 'NONE', #991 ) ;
#1168 = LINE ( 'NONE', #3108, #4748 ) ;
#1169 =( LENGTH_UNIT ( ) NAMED_UNIT ( * ) SI_UNIT ( .MILLI., .METRE. ) );
#1170 = EDGE_LOOP ( 'NONE', ( #1631, #1943, #3451, #2442 ) ) ;
#1171 =( GEOMETRIC_REPRESENTATION_CONTEXT ( 3 ) GLOBAL_UNCERTAINTY_ASSIGNED_CONTEXT ( ( #5590 ) ) GLOBAL_UNIT_ASSIGNED_CONTEXT ( ( #6288, #5059, #4525 ) ) REPRESENTATION_CONTEXT ( 'NONE', 'WORKASPACE' ) );
#1172 = VECTOR ( 'NONE', #3915, 1000.000000000000000 ) ;
#1173 = DIRECTION ( 'NONE',  ( 0.000000000000000000, 1.000000000000000000, 0.000000000000000000 ) ) ;
#1174 = PRESENTATION_STYLE_ASSIGNMENT (( #5518 ) ) ;
#1175 = FILL_AREA_STYLE ('',( #5643 ) ) ;
#1176 = DIRECTION ( 'NONE',  ( 0.000000000000000000, -0.000000000000000000, 1.000000000000000000 ) ) ;
#1177 = DIRECTION ( 'NONE',  ( -0.000000000000000000, -0.000000000000000000, 1.000000000000000000 ) ) ;
#1178 =( GEOMETRIC_REPRESENTATION_CONTEXT ( 3 ) GLOBAL_UNCERTAINTY_ASSIGNED_CONTEXT ( ( #2151 ) ) GLOBAL_UNIT_ASSIGNED_CONTEXT ( ( #922, #3854, #4318 ) ) REPRESENTATION_CONTEXT ( 'NONE', 'WORKASPACE' ) );
#1179 = STYLED_ITEM ( 'NONE', ( #6240 ), #3283 ) ;
#1180 = PRESENTATION_STYLE_ASSIGNMENT (( #2614 ) ) ;
#1181 = ORIENTED_EDGE ( 'NONE', *, *, #4874, .T. ) ;
#1182 = STYLED_ITEM ( 'NONE', ( #4899 ), #961 ) ;
#1183 = EDGE_CURVE ( 'NONE', #4700, #3697, #3505, .T. ) ;
#1184 = APPLICATION_PROTOCOL_DEFINITION ( 'draft international standard', 'automotive_design', 1998, #1860 ) ;
#1185 = VECTOR ( 'NONE', #3864, 1000.000000000000000 ) ;
#1186 = VECTOR ( 'NONE', #3289, 1000.000000000000000 ) ;
#1187 = ORIENTED_EDGE ( 'NONE', *, *, #906, .T. ) ;
#1188 = ORIENTED_EDGE ( 'NONE', *, *, #5676, .F. ) ;
#1189 =( GEOMETRIC_REPRESENTATION_CONTEXT ( 3 ) GLOBAL_UNCERTAINTY_ASSIGNED_CONTEXT ( ( #2521 ) ) GLOBAL_UNIT_ASSIGNED_CONTEXT ( ( #3379, #1501, #3799 ) ) REPRESENTATION_CONTEXT ( 'NONE', 'WORKASPACE' ) );
#1190 = DIRECTION ( 'NONE',  ( 1.000000000000000000, -0.000000000000000000, -0.000000000000000000 ) ) ;
#1191 = VECTOR ( 'NONE', #5771, 1000.000000000000000 ) ;
#1192 = VECTOR ( 'NONE', #4467, 1000.000000000000000 ) ;
#1193 = AXIS2_PLACEMENT_3D ( 'NONE', #4151, #1909, #1722 ) ;
#1194 = DIRECTION ( 'NONE',  ( 0.000000000000000000, -1.000000000000000000, 0.000000000000000000 ) ) ;
#1195 = DIRECTION ( 'NONE',  ( -1.000000000000000000, 0.000000000000000000, -0.000000000000000000 ) ) ;
#1196 = DIRECTION ( 'NONE',  ( 1.000000000000000000, -0.000000000000000000, -0.000000000000000000 ) ) ;
#1197 = VECTOR ( 'NONE', #3984, 1000.000000000000000 ) ;
#1198 = AXIS2_PLACEMENT_3D ( 'NONE', #206, #2663, #4601 ) ;
#1199 = LINE ( 'NONE', #1666, #3018 ) ;
#1200 = ORIENTED_EDGE ( 'NONE', *, *, #4011, .T. ) ;
#1201 = CIRCLE ( 'NONE', #4746, 0.1750560047594175161 ) ;
#1202 = UNCERTAINTY_MEASURE_WITH_UNIT (LENGTH_MEASURE( 1.000000000000000082E-05 ), #5125, 'distance_accuracy_value', 'NONE');
#1203 = DIRECTION ( 'NONE',  ( 0.000000000000000000, 1.000000000000000000, 0.000000000000000000 ) ) ;
#1204 = VECTOR ( 'NONE', #786, 1000.000000000000000 ) ;
#1205 = FACE_OUTER_BOUND ( 'NONE', #1893, .T. ) ;
#1206 = CARTESIAN_POINT ( 'NONE',  ( 0.5300000000000000266, 0.6750000000000002665, -0.1250000000000003331 ) ) ;
#1207 = DIRECTION ( 'NONE',  ( 0.000000000000000000, 0.000000000000000000, 1.000000000000000000 ) ) ;
#1208 = ORIENTED_EDGE ( 'NONE', *, *, #5997, .F. ) ;
#1209 = LINE ( 'NONE', #6055, #2432 ) ;
#1210 =( NAMED_UNIT ( * ) PLANE_ANGLE_UNIT ( ) SI_UNIT ( $, .RADIAN. ) );
#1211 = VECTOR ( 'NONE', #4313, 1000.000000000000000 ) ;
#1212 = VERTEX_POINT ( 'NONE', #1504 ) ;
#1213 = EDGE_CURVE ( 'NONE', #6270, #2298, #5429, .T. ) ;
#1214 = FILL_AREA_STYLE_COLOUR ( '', #1676 ) ;
#1215 = LINE ( 'NONE', #4579, #3507 ) ;
#1216 =( NAMED_UNIT ( * ) PLANE_ANGLE_UNIT ( ) SI_UNIT ( $, .RADIAN. ) );
#1217 = VERTEX_POINT ( 'NONE', #3959 ) ;
#1218 = DIRECTION ( 'NONE',  ( -1.000000000000000000, -0.000000000000000000, -0.000000000000000000 ) ) ;
#1219 = CARTESIAN_POINT ( 'NONE',  ( 0.000000000000000000, 0.000000000000000000, 0.000000000000000000 ) ) ;
#1220 = EDGE_CURVE ( 'NONE', #4700, #2574, #647, .T. ) ;
#1221 = PLANE ( 'NONE',  #5255 ) ;
#1222 = CARTESIAN_POINT ( 'NONE',  ( 0.7299999999999999822, -0.3750000000000001110, 1.400000000000000133 ) ) ;
#1223 = UNCERTAINTY_MEASURE_WITH_UNIT (LENGTH_MEASURE( 1.000000000000000082E-05 ), #2754, 'distance_accuracy_value', 'NONE');
#1224 = ORIENTED_EDGE ( 'NONE', *, *, #2237, .F. ) ;
#1225 = EDGE_CURVE ( 'NONE', #5674, #4689, #3410, .T. ) ;
#1226 = CARTESIAN_POINT ( 'NONE',  ( 0.7299999999999999822, -1.150000000000000133, -0.1250000000000003331 ) ) ;
#1227 = LINE ( 'NONE', #3256, #140 ) ;
#1228 = PRESENTATION_STYLE_ASSIGNMENT (( #3658 ) ) ;
#1229 = VERTEX_POINT ( 'NONE', #2486 ) ;
#1230 = DIRECTION ( 'NONE',  ( 0.000000000000000000, 0.000000000000000000, -1.000000000000000000 ) ) ;
#1231 = CARTESIAN_POINT ( 'NONE',  ( 0.5300000000000000266, -0.1250000000000001110, 0.9250000000000002665 ) ) ;
#1232 = FACE_OUTER_BOUND ( 'NONE', #55, .T. ) ;
#1233 = ORIENTED_EDGE ( 'NONE', *, *, #6099, .F. ) ;
#1234 =( NAMED_UNIT ( * ) SI_UNIT ( $, .STERADIAN. ) SOLID_ANGLE_UNIT ( ) );
#1235 = DIRECTION ( 'NONE',  ( -1.000000000000000000, -0.000000000000000000, -0.000000000000000000 ) ) ;
#1236 = ORIENTED_EDGE ( 'NONE', *, *, #2849, .T. ) ;
#1237 = MECHANICAL_DESIGN_GEOMETRIC_PRESENTATION_REPRESENTATION (  '', ( #424 ), #3578 ) ;
#1238 = DIRECTION ( 'NONE',  ( 0.000000000000000000, -1.000000000000000000, -0.000000000000000000 ) ) ;
#1239 = AXIS2_PLACEMENT_3D ( 'NONE', #2483, #144, #613 ) ;
#1240 = PRESENTATION_STYLE_ASSIGNMENT (( #3249 ) ) ;
#1241 =( NAMED_UNIT ( * ) PLANE_ANGLE_UNIT ( ) SI_UNIT ( $, .RADIAN. ) );
#1242 = ORIENTED_EDGE ( 'NONE', *, *, #3370, .T. ) ;
#1243 = CARTESIAN_POINT ( 'NONE',  ( 0.1000000000000000056, 0.8556308804057267681, -1.128932602121957007 ) ) ;
#1244 = EDGE_CURVE ( 'NONE', #6133, #2498, #1018, .T. ) ;
#1245 = UNCERTAINTY_MEASURE_WITH_UNIT (LENGTH_MEASURE( 1.000000000000000082E-05 ), #4375, 'distance_accuracy_value', 'NONE');
#1246 = LINE ( 'NONE', #2206, #4333 ) ;
#1247 = ORIENTED_EDGE ( 'NONE', *, *, #5870, .T. ) ;
#1248 = CARTESIAN_POINT ( 'NONE',  ( 0.7299999999999999822, 0.1249999999999998890, -1.400000000000000577 ) ) ;
#1249 = EDGE_CURVE ( 'NONE', #5230, #4223, #3544, .T. ) ;
#1250 =( LENGTH_UNIT ( ) NAMED_UNIT ( * ) SI_UNIT ( .MILLI., .METRE. ) );
#1251 = CARTESIAN_POINT ( 'NONE',  ( 0.7299999999999999822, 1.150000000000000133, 0.6249999999999996669 ) ) ;
#1252 = CARTESIAN_POINT ( 'NONE',  ( 0.5300000000000000266, 0.1249999999999998890, 1.400000000000000133 ) ) ;
#1253 = ORIENTED_EDGE ( 'NONE', *, *, #969, .T. ) ;
#1254 = ORIENTED_EDGE ( 'NONE', *, *, #1567, .F. ) ;
#1255 =( NAMED_UNIT ( * ) PLANE_ANGLE_UNIT ( ) SI_UNIT ( $, .RADIAN. ) );
#1256 = EDGE_CURVE ( 'NONE', #3512, #4248, #2959, .T. ) ;
#1257 = DIRECTION ( 'NONE',  ( 1.000000000000000000, 0.000000000000000000, 0.000000000000000000 ) ) ;
#1258 = EDGE_CURVE ( 'NONE', #4171, #1927, #5463, .T. ) ;
#1259 = DIRECTION ( 'NONE',  ( 0.000000000000000000, 1.000000000000000000, 0.000000000000000000 ) ) ;
#1260 = VECTOR ( 'NONE', #5220, 1000.000000000000000 ) ;
#1261 = EDGE_LOOP ( 'NONE', ( #2072, #3043, #791, #1242 ) ) ;
#1262 = CARTESIAN_POINT ( 'NONE',  ( 0.000000000000000000, -1.250000000000000000, 1.499999999999999778 ) ) ;
#1263 = CARTESIAN_POINT ( 'NONE',  ( 0.7299999999999999822, -1.250000000000000000, 1.499999999999999778 ) ) ;
#1264 = FILL_AREA_STYLE_COLOUR ( '', #5651 ) ;
#1265 = VERTEX_POINT ( 'NONE', #53 ) ;
#1266 = PRESENTATION_LAYER_ASSIGNMENT (  '', '', ( #4015 ) ) ;
#1267 =( NAMED_UNIT ( * ) PLANE_ANGLE_UNIT ( ) SI_UNIT ( $, .RADIAN. ) );
#1268 = DIRECTION ( 'NONE',  ( 0.000000000000000000, 0.000000000000000000, -1.000000000000000000 ) ) ;
#1269 = LINE ( 'NONE', #3727, #2402 ) ;
#1270 = ORIENTED_EDGE ( 'NONE', *, *, #4004, .T. ) ;
#1271 =( NAMED_UNIT ( * ) SI_UNIT ( $, .STERADIAN. ) SOLID_ANGLE_UNIT ( ) );
#1272 = AXIS2_PLACEMENT_3D ( 'NONE', #2240, #5657, #5621 ) ;
#1273 = CARTESIAN_POINT ( 'NONE',  ( 0.5300000000000000266, -0.3750000000000001110, 0.9250000000000002665 ) ) ;
#1274 = ORIENTED_EDGE ( 'NONE', *, *, #2816, .T. ) ;
#1275 = EDGE_CURVE ( 'NONE', #4937, #3609, #4490, .T. ) ;
#1276 = SURFACE_STYLE_USAGE ( .BOTH. , #3514 ) ;
#1277 = DIRECTION ( 'NONE',  ( 0.000000000000000000, -1.000000000000000000, -0.000000000000000000 ) ) ;
#1278 = FACE_OUTER_BOUND ( 'NONE', #840, .T. ) ;
#1279 = AXIS2_PLACEMENT_3D ( 'NONE', #4071, #5575, #5633 ) ;
#1280 = EDGE_CURVE ( 'NONE', #2720, #4733, #118, .T. ) ;
#1281 = CARTESIAN_POINT ( 'NONE',  ( 0.7299999999999999822, -1.150000000000000133, -0.3750000000000003331 ) ) ;
#1282 = FILL_AREA_STYLE ('',( #4679 ) ) ;
#1283 = VECTOR ( 'NONE', #1443, 1000.000000000000000 ) ;
#1284 = FILL_AREA_STYLE_COLOUR ( '', #5909 ) ;
#1285 = VECTOR ( 'NONE', #6131, 1000.000000000000000 ) ;
#1286 = CARTESIAN_POINT ( 'NONE',  ( 0.7299999999999999822, 1.150000000000000133, 0.1249999999999996808 ) ) ;
#1287 = ORIENTED_EDGE ( 'NONE', *, *, #620, .F. ) ;
#1288 = ORIENTED_EDGE ( 'NONE', *, *, #4871, .F. ) ;
#1289 = VECTOR ( 'NONE', #1529, 1000.000000000000000 ) ;
#1290 = MECHANICAL_DESIGN_GEOMETRIC_PRESENTATION_REPRESENTATION (  '', ( #2715 ), #3332 ) ;
#1291 = CARTESIAN_POINT ( 'NONE',  ( 0.5300000000000000266, 0.1249999999999998890, -1.400000000000000577 ) ) ;
#1292 = SURFACE_STYLE_USAGE ( .BOTH. , #878 ) ;
#1293 = LINE ( 'NONE', #1765, #5432 ) ;
#1294 = ORIENTED_EDGE ( 'NONE', *, *, #3669, .F. ) ;
#1295 = VECTOR ( 'NONE', #754, 1000.000000000000000 ) ;
#1296 = LINE ( 'NONE', #6019, #997 ) ;
#1297 = DIRECTION ( 'NONE',  ( 1.000000000000000000, -0.000000000000000000, -0.000000000000000000 ) ) ;
#1298 = VECTOR ( 'NONE', #5109, 1000.000000000000000 ) ;
#1299 = DIRECTION ( 'NONE',  ( -0.000000000000000000, -0.000000000000000000, -1.000000000000000000 ) ) ;
#1300 = EDGE_CURVE ( 'NONE', #4017, #80, #4964, .T. ) ;
#1301 = ORIENTED_EDGE ( 'NONE', *, *, #4004, .F. ) ;
#1302 = SURFACE_STYLE_USAGE ( .BOTH. , #821 ) ;
#1303 = CARTESIAN_POINT ( 'NONE',  ( 0.7299999999999999822, -0.6750000000000002665, -0.1250000000000003331 ) ) ;
#1304 = FACE_OUTER_BOUND ( 'NONE', #6214, .T. ) ;
#1305 = FACE_OUTER_BOUND ( 'NONE', #5929, .T. ) ;
#1306 = ADVANCED_FACE ( 'NONE', ( #4393 ), #4429, .F. ) ;
#1307 = ORIENTED_EDGE ( 'NONE', *, *, #2639, .F. ) ;
#1308 = SURFACE_SIDE_STYLE ('',( #1776 ) ) ;
#1309 = MECHANICAL_DESIGN_GEOMETRIC_PRESENTATION_REPRESENTATION (  '', ( #4057 ), #2930 ) ;
#1310 = SURFACE_SIDE_STYLE ('',( #2895 ) ) ;
#1311 = VERTEX_POINT ( 'NONE', #1975 ) ;
#1312 = ORIENTED_EDGE ( 'NONE', *, *, #4484, .T. ) ;
#1313 = DIRECTION ( 'NONE',  ( 0.000000000000000000, -1.000000000000000000, 0.000000000000000000 ) ) ;
#1314 =( NAMED_UNIT ( * ) PLANE_ANGLE_UNIT ( ) SI_UNIT ( $, .RADIAN. ) );
#1315 = EDGE_CURVE ( 'NONE', #4544, #3797, #3920, .T. ) ;
#1316 = PLANE ( 'NONE',  #4935 ) ;
#1317 = ORIENTED_EDGE ( 'NONE', *, *, #2680, .F. ) ;
#1318 = PRESENTATION_STYLE_ASSIGNMENT (( #4272 ) ) ;
#1319 = DIRECTION ( 'NONE',  ( 0.000000000000000000, 0.000000000000000000, -1.000000000000000000 ) ) ;
#1320 = SURFACE_STYLE_USAGE ( .BOTH. , #5690 ) ;
#1321 = VERTEX_POINT ( 'NONE', #4016 ) ;
#1322 = ORIENTED_EDGE ( 'NONE', *, *, #1244, .T. ) ;
#1323 = PLANE ( 'NONE',  #94 ) ;
#1324 = PLANE ( 'NONE',  #5389 ) ;
#1325 = FACE_OUTER_BOUND ( 'NONE', #297, .T. ) ;
#1326 = LINE ( 'NONE', #337, #2064 ) ;
#1327 = VERTEX_POINT ( 'NONE', #550 ) ;
#1328 = LINE ( 'NONE', #6173, #599 ) ;
#1329 = FACE_OUTER_BOUND ( 'NONE', #1775, .T. ) ;
#1330 = FACE_BOUND ( 'NONE', #4384, .T. ) ;
#1331 = ORIENTED_EDGE ( 'NONE', *, *, #517, .F. ) ;
#1332 = SURFACE_STYLE_USAGE ( .BOTH. , #3787 ) ;
#1333 = DIRECTION ( 'NONE',  ( 1.000000000000000000, -0.000000000000000000, -0.000000000000000000 ) ) ;
#1334 = ADVANCED_FACE ( 'NONE', ( #220 ), #319, .F. ) ;
#1335 = CARTESIAN_POINT ( 'NONE',  ( 0.5300000000000000266, 0.3749999999999998890, -1.400000000000000577 ) ) ;
#1336 = ORIENTED_EDGE ( 'NONE', *, *, #4910, .T. ) ;
#1337 = LINE ( 'NONE', #1748, #5452 ) ;
#1338 = DIRECTION ( 'NONE',  ( -1.000000000000000000, -0.000000000000000000, -0.000000000000000000 ) ) ;
#1339 = FACE_OUTER_BOUND ( 'NONE', #565, .T. ) ;
#1340 = VECTOR ( 'NONE', #5907, 1000.000000000000000 ) ;
#1341 = EDGE_LOOP ( 'NONE', ( #3395, #3721, #1880, #1653 ) ) ;
#1342 = EDGE_LOOP ( 'NONE', ( #11, #5309, #1862, #6068 ) ) ;
#1343 = DIRECTION ( 'NONE',  ( -0.000000000000000000, 1.000000000000000000, 0.000000000000000000 ) ) ;
#1344 = VECTOR ( 'NONE', #3954, 1000.000000000000000 ) ;
#1345 = LINE ( 'NONE', #5563, #1803 ) ;
#1346 = LINE ( 'NONE', #2873, #1185 ) ;
#1347 = PRESENTATION_STYLE_ASSIGNMENT (( #1855 ) ) ;
#1348 = PLANE ( 'NONE',  #6225 ) ;
#1349 = DIRECTION ( 'NONE',  ( 1.000000000000000000, -0.000000000000000000, 0.000000000000000000 ) ) ;
#1350 = DIRECTION ( 'NONE',  ( -0.000000000000000000, 1.000000000000000000, -0.000000000000000000 ) ) ;
#1351 = VECTOR ( 'NONE', #2590, 1000.000000000000000 ) ;
#1352 = ORIENTED_EDGE ( 'NONE', *, *, #4966, .F. ) ;
#1353 = ORIENTED_EDGE ( 'NONE', *, *, #40, .F. ) ;
#1354 = FACE_OUTER_BOUND ( 'NONE', #4523, .T. ) ;
#1355 = LINE ( 'NONE', #5632, #1704 ) ;
#1356 = DIRECTION ( 'NONE',  ( 0.000000000000000000, 0.000000000000000000, -1.000000000000000000 ) ) ;
#1357 = CARTESIAN_POINT ( 'NONE',  ( 0.7299999999999999822, -0.6750000000000002665, 0.6249999999999996669 ) ) ;
#1358 = VERTEX_POINT ( 'NONE', #1687 ) ;
#1359 = FILL_AREA_STYLE ('',( #2320 ) ) ;
#1360 = VECTOR ( 'NONE', #2340, 1000.000000000000000 ) ;
#1361 = DIRECTION ( 'NONE',  ( 0.000000000000000000, 0.000000000000000000, 1.000000000000000000 ) ) ;
#1362 = ORIENTED_EDGE ( 'NONE', *, *, #4792, .F. ) ;
#1363 = DIRECTION ( 'NONE',  ( 0.000000000000000000, -0.000000000000000000, 1.000000000000000000 ) ) ;
#1364 = LINE ( 'NONE', #2834, #1954 ) ;
#1365 = STYLED_ITEM ( 'NONE', ( #4789 ), #5872 ) ;
#1366 = EDGE_CURVE ( 'NONE', #5287, #4120, #3120, .T. ) ;
#1367 = ADVANCED_FACE ( 'NONE', ( #4647 ), #5962, .F. ) ;
#1368 = CARTESIAN_POINT ( 'NONE',  ( 0.7299999999999999822, 0.1249999999999998890, -0.9250000000000007105 ) ) ;
#1369 = FILL_AREA_STYLE ('',( #1842 ) ) ;
#1370 = EDGE_LOOP ( 'NONE', ( #6134, #1200, #2638, #6255 ) ) ;
#1371 = PRESENTATION_STYLE_ASSIGNMENT (( #256 ) ) ;
#1372 = PLANE ( 'NONE',  #4148 ) ;
#1373 = ORIENTED_EDGE ( 'NONE', *, *, #1517, .T. ) ;
#1374 = VERTEX_POINT ( 'NONE', #4610 ) ;
#1375 = CARTESIAN_POINT ( 'NONE',  ( 0.5300000000000000266, -0.6750000000000002665, -0.3750000000000003331 ) ) ;
#1376 =( GEOMETRIC_REPRESENTATION_CONTEXT ( 3 ) GLOBAL_UNCERTAINTY_ASSIGNED_CONTEXT ( ( #1514 ) ) GLOBAL_UNIT_ASSIGNED_CONTEXT ( ( #1732, #3231, #5350 ) ) REPRESENTATION_CONTEXT ( 'NONE', 'WORKASPACE' ) );
#1377 = FILL_AREA_STYLE_COLOUR ( '', #3432 ) ;
#1378 = VECTOR ( 'NONE', #3443, 1000.000000000000000 ) ;
#1379 = ORIENTED_EDGE ( 'NONE', *, *, #4600, .F. ) ;
#1380 = ORIENTED_EDGE ( 'NONE', *, *, #3949, .T. ) ;
#1381 = VECTOR ( 'NONE', #2520, 1000.000000000000000 ) ;
#1382 = DIRECTION ( 'NONE',  ( 0.000000000000000000, 0.000000000000000000, -1.000000000000000000 ) ) ;
#1383 = EDGE_CURVE ( 'NONE', #3546, #5585, #5019, .T. ) ;
#1384 = FACE_OUTER_BOUND ( 'NONE', #6204, .T. ) ;
#1385 = AXIS2_PLACEMENT_3D ( 'NONE', #3251, #2800, #2361 ) ;
#1386 = CARTESIAN_POINT ( 'NONE',  ( -0.1000000000000000056, 0.8556308804057267681, -1.303988606881374412 ) ) ;
#1387 = VECTOR ( 'NONE', #5136, 1000.000000000000000 ) ;
#1388 = VERTEX_POINT ( 'NONE', #251 ) ;
#1389 = ORIENTED_EDGE ( 'NONE', *, *, #3567, .F. ) ;
#1390 = SURFACE_STYLE_USAGE ( .BOTH. , #4311 ) ;
#1391 = AXIS2_PLACEMENT_3D ( 'NONE', #1728, #3772, #2713 ) ;
#1392 = DIRECTION ( 'NONE',  ( 1.000000000000000000, -0.000000000000000000, 0.000000000000000000 ) ) ;
#1393 = CARTESIAN_POINT ( 'NONE',  ( 0.5300000000000000266, 0.1249999999999998890, -0.9250000000000007105 ) ) ;
#1394 = VERTEX_POINT ( 'NONE', #2200 ) ;
#1395 = DIRECTION ( 'NONE',  ( 0.000000000000000000, -0.000000000000000000, 1.000000000000000000 ) ) ;
#1396 = VECTOR ( 'NONE', #2772, 1000.000000000000000 ) ;
#1397 = ORIENTED_EDGE ( 'NONE', *, *, #423, .T. ) ;
#1398 = AXIS2_PLACEMENT_3D ( 'NONE', #6223, #1980, #3449 ) ;
#1399 = LINE ( 'NONE', #2324, #331 ) ;
#1400 = PRESENTATION_LAYER_ASSIGNMENT (  '', '', ( #692 ) ) ;
#1401 = EDGE_CURVE ( 'NONE', #1374, #2944, #3179, .T. ) ;
#1402 = CIRCLE ( 'NONE', #3225, 0.1750560047594175161 ) ;
#1403 = CARTESIAN_POINT ( 'NONE',  ( 0.5300000000000000266, 0.6750000000000002665, -0.1250000000000003331 ) ) ;
#1404 = DIRECTION ( 'NONE',  ( 0.000000000000000000, 0.000000000000000000, 1.000000000000000000 ) ) ;
#1405 = COLOUR_RGB ( '',0.1019607843137254888, 0.1019607843137254888, 0.1019607843137254888 ) ;
#1406 = VECTOR ( 'NONE', #5434, 1000.000000000000000 ) ;
#1407 = ORIENTED_EDGE ( 'NONE', *, *, #5517, .F. ) ;
#1408 = PRESENTATION_LAYER_ASSIGNMENT (  '', '', ( #896 ) ) ;
#1409 = EDGE_CURVE ( 'NONE', #3180, #4185, #4173, .T. ) ;
#1410 = MECHANICAL_DESIGN_GEOMETRIC_PRESENTATION_REPRESENTATION (  '', ( #3644 ), #2009 ) ;
#1411 = AXIS2_PLACEMENT_3D ( 'NONE', #438, #1361, #2382 ) ;
#1412 = FILL_AREA_STYLE_COLOUR ( '', #2901 ) ;
#1413 = ORIENTED_EDGE ( 'NONE', *, *, #5711, .T. ) ;
#1414 = SURFACE_SIDE_STYLE ('',( #5777 ) ) ;
#1415 = COLOUR_RGB ( '',0.1098039215686274495, 0.1098039215686274495, 0.1098039215686274495 ) ;
#1416 = DIRECTION ( 'NONE',  ( 0.000000000000000000, -1.000000000000000000, 0.000000000000000000 ) ) ;
#1417 = EDGE_LOOP ( 'NONE', ( #2487, #5188, #5830, #3872 ) ) ;
#1418 = LINE ( 'NONE', #395, #2205 ) ;
#1419 = ORIENTED_EDGE ( 'NONE', *, *, #121, .T. ) ;
#1420 = CARTESIAN_POINT ( 'NONE',  ( 0.7299999999999999822, 1.250000000000000000, 1.499999999999999778 ) ) ;
#1421 = ADVANCED_FACE ( 'NONE', ( #4082 ), #5995, .F. ) ;
#1422 = EDGE_CURVE ( 'NONE', #5639, #1265, #927, .T. ) ;
#1423 =( NAMED_UNIT ( * ) PLANE_ANGLE_UNIT ( ) SI_UNIT ( $, .RADIAN. ) );
#1424 = CARTESIAN_POINT ( 'NONE',  ( 0.7299999999999999822, -0.6750000000000002665, -0.3750000000000003331 ) ) ;
#1425 = DIRECTION ( 'NONE',  ( 0.000000000000000000, -1.000000000000000000, 0.000000000000000000 ) ) ;
#1426 = ORIENTED_EDGE ( 'NONE', *, *, #2653, .T. ) ;
#1427 = ORIENTED_EDGE ( 'NONE', *, *, #2718, .F. ) ;
#1428 = CARTESIAN_POINT ( 'NONE',  ( 0.7299999999999999822, 0.000000000000000000, 0.000000000000000000 ) ) ;
#1429 = LINE ( 'NONE', #4687, #4331 ) ;
#1430 = SURFACE_SIDE_STYLE ('',( #2472 ) ) ;
#1431 = ORIENTED_EDGE ( 'NONE', *, *, #1256, .T. ) ;
#1432 = DIRECTION ( 'NONE',  ( 1.000000000000000000, -0.000000000000000000, -0.000000000000000000 ) ) ;
#1433 = LINE ( 'NONE', #1368, #5048 ) ;
#1434 = ORIENTED_EDGE ( 'NONE', *, *, #1022, .F. ) ;
#1435 = PRESENTATION_STYLE_ASSIGNMENT (( #12 ) ) ;
#1436 = COLOUR_RGB ( '',0.1019607843137254888, 0.1019607843137254888, 0.1019607843137254888 ) ;
#1437 = SURFACE_STYLE_USAGE ( .BOTH. , #415 ) ;
#1438 = FILL_AREA_STYLE_COLOUR ( '', #1405 ) ;
#1439 =( NAMED_UNIT ( * ) PLANE_ANGLE_UNIT ( ) SI_UNIT ( $, .RADIAN. ) );
#1440 = ADVANCED_FACE ( 'NONE', ( #6183 ), #5677, .F. ) ;
#1441 = VECTOR ( 'NONE', #465, 1000.000000000000000 ) ;
#1442 = ORIENTED_EDGE ( 'NONE', *, *, #3977, .T. ) ;
#1443 = DIRECTION ( 'NONE',  ( -1.000000000000000000, -0.000000000000000000, -0.000000000000000000 ) ) ;
#1444 =( GEOMETRIC_REPRESENTATION_CONTEXT ( 3 ) GLOBAL_UNCERTAINTY_ASSIGNED_CONTEXT ( ( #2707 ) ) GLOBAL_UNIT_ASSIGNED_CONTEXT ( ( #2634, #5976, #753 ) ) REPRESENTATION_CONTEXT ( 'NONE', 'WORKASPACE' ) );
#1445 = ADVANCED_FACE ( 'NONE', ( #2290 ), #2870, .F. ) ;
#1446 = LINE ( 'NONE', #5844, #24 ) ;
#1447 = CARTESIAN_POINT ( 'NONE',  ( 0.5300000000000000266, -0.1250000000000001110, -0.9250000000000007105 ) ) ;
#1448 = CARTESIAN_POINT ( 'NONE',  ( 0.7299999999999999822, -0.6750000000000002665, -0.3750000000000003331 ) ) ;
#1449 = ORIENTED_EDGE ( 'NONE', *, *, #5517, .T. ) ;
#1450 = ORIENTED_EDGE ( 'NONE', *, *, #5676, .T. ) ;
#1451 = CARTESIAN_POINT ( 'NONE',  ( 0.5300000000000000266, -0.8750000000000001110, -1.400000000000000577 ) ) ;
#1452 = SURFACE_SIDE_STYLE ('',( #3515 ) ) ;
#1453 = PRESENTATION_STYLE_ASSIGNMENT (( #533 ) ) ;
#1454 = VECTOR ( 'NONE', #1432, 1000.000000000000000 ) ;
#1455 = DIRECTION ( 'NONE',  ( 0.000000000000000000, 0.000000000000000000, -1.000000000000000000 ) ) ;
#1456 = PRESENTATION_STYLE_ASSIGNMENT (( #5795 ) ) ;
#1457 = EDGE_LOOP ( 'NONE', ( #1104, #1005, #3004, #2987 ) ) ;
#1458 = DIRECTION ( 'NONE',  ( -1.000000000000000000, -0.000000000000000000, -0.000000000000000000 ) ) ;
#1459 = EDGE_CURVE ( 'NONE', #743, #4996, #4264, .T. ) ;
#1460 = FILL_AREA_STYLE ('',( #1874 ) ) ;
#1461 = LINE ( 'NONE', #2868, #5030 ) ;
#1462 = ORIENTED_EDGE ( 'NONE', *, *, #2100, .F. ) ;
#1463 = FILL_AREA_STYLE_COLOUR ( '', #61 ) ;
#1464 = LINE ( 'NONE', #3405, #2522 ) ;
#1465 = MECHANICAL_DESIGN_GEOMETRIC_PRESENTATION_REPRESENTATION (  '', ( #1669 ), #6213 ) ;
#1466 = PRESENTATION_STYLE_ASSIGNMENT (( #5336 ) ) ;
#1467 = DIRECTION ( 'NONE',  ( 1.000000000000000000, -0.000000000000000000, -0.000000000000000000 ) ) ;
#1468 = SURFACE_STYLE_USAGE ( .BOTH. , #5808 ) ;
#1469 = VECTOR ( 'NONE', #2269, 1000.000000000000000 ) ;
#1470 = CLOSED_SHELL ( 'NONE', ( #2438, #5091, #4568, #4392, #5047, #5260, #6254, #3771 ) ) ;
#1471 = CARTESIAN_POINT ( 'NONE',  ( 0.7299999999999999822, 0.8749999999999998890, -1.025000000000000799 ) ) ;
#1472 = ORIENTED_EDGE ( 'NONE', *, *, #752, .T. ) ;
#1473 = VECTOR ( 'NONE', #4437, 1000.000000000000000 ) ;
#1474 = CARTESIAN_POINT ( 'NONE',  ( 0.5300000000000000266, -0.6750000000000002665, 0.1249999999999996808 ) ) ;
#1475 = CLOSED_SHELL ( 'NONE', ( #1445, #5190, #921, #3679, #4762, #4182 ) ) ;
#1476 =( NAMED_UNIT ( * ) PLANE_ANGLE_UNIT ( ) SI_UNIT ( $, .RADIAN. ) );
#1477 = DIRECTION ( 'NONE',  ( 0.000000000000000000, 0.000000000000000000, 1.000000000000000000 ) ) ;
#1478 = ORIENTED_EDGE ( 'NONE', *, *, #5063, .F. ) ;
#1479 = EDGE_CURVE ( 'NONE', #5762, #4002, #446, .T. ) ;
#1480 = VERTEX_POINT ( 'NONE', #5209 ) ;
#1481 =( NAMED_UNIT ( * ) SI_UNIT ( $, .STERADIAN. ) SOLID_ANGLE_UNIT ( ) );
#1482 = VECTOR ( 'NONE', #1190, 1000.000000000000000 ) ;
#1483 = CARTESIAN_POINT ( 'NONE',  ( 0.7299999999999999822, -0.3750000000000001110, -1.400000000000000577 ) ) ;
#1484 = AXIS2_PLACEMENT_3D ( 'NONE', #1963, #4952, #2949 ) ;
#1485 = PRESENTATION_STYLE_ASSIGNMENT (( #4444 ) ) ;
#1486 = VERTEX_POINT ( 'NONE', #2393 ) ;
#1487 = PRESENTATION_LAYER_ASSIGNMENT (  '', '', ( #4636 ) ) ;
#1488 = LINE ( 'NONE', #5969, #3315 ) ;
#1489 = DIRECTION ( 'NONE',  ( 0.000000000000000000, 0.000000000000000000, -1.000000000000000000 ) ) ;
#1490 = ORIENTED_EDGE ( 'NONE', *, *, #3461, .T. ) ;
#1491 = PRESENTATION_STYLE_ASSIGNMENT (( #444 ) ) ;
#1492 = ADVANCED_FACE ( 'NONE', ( #1339 ), #1372, .T. ) ;
#1493 = AXIS2_PLACEMENT_3D ( 'NONE', #3891, #955, #453 ) ;
#1494 = VECTOR ( 'NONE', #2439, 1000.000000000000000 ) ;
#1495 = SURFACE_STYLE_USAGE ( .BOTH. , #5457 ) ;
#1496 = CARTESIAN_POINT ( 'NONE',  ( 0.7299999999999999822, -0.6750000000000002665, 0.3749999999999996669 ) ) ;
#1497 = STYLED_ITEM ( 'NONE', ( #293 ), #1367 ) ;
#1498 = COLOUR_RGB ( '',0.1098039215686274495, 0.1098039215686274495, 0.1098039215686274495 ) ;
#1499 = LINE ( 'NONE', #5642, #2152 ) ;
#1500 = CARTESIAN_POINT ( 'NONE',  ( 0.5300000000000000266, -0.6750000000000002665, 0.1249999999999996808 ) ) ;
#1501 =( NAMED_UNIT ( * ) PLANE_ANGLE_UNIT ( ) SI_UNIT ( $, .RADIAN. ) );
#1502 = PRESENTATION_LAYER_ASSIGNMENT (  '', '', ( #792 ) ) ;
#1503 = MECHANICAL_DESIGN_GEOMETRIC_PRESENTATION_REPRESENTATION (  '', ( #3638 ), #2714 ) ;
#1504 = CARTESIAN_POINT ( 'NONE',  ( 0.7299999999999999822, -0.1250000000000001110, 0.9250000000000002665 ) ) ;
#1505 = ORIENTED_EDGE ( 'NONE', *, *, #5656, .T. ) ;
#1506 = CARTESIAN_POINT ( 'NONE',  ( 0.5300000000000000266, -0.8750000000000001110, -0.9250000000000007105 ) ) ;
#1507 = LINE ( 'NONE', #5785, #2207 ) ;
#1508 = VECTOR ( 'NONE', #6277, 1000.000000000000000 ) ;
#1509 = DIRECTION ( 'NONE',  ( 1.000000000000000000, -0.000000000000000000, -0.000000000000000000 ) ) ;
#1510 = DIRECTION ( 'NONE',  ( 0.000000000000000000, 1.000000000000000000, 0.000000000000000000 ) ) ;
#1511 = ORIENTED_EDGE ( 'NONE', *, *, #517, .T. ) ;
#1512 = ADVANCED_FACE ( 'NONE', ( #897 ), #3278, .F. ) ;
#1513 = ORIENTED_EDGE ( 'NONE', *, *, #4794, .T. ) ;
#1514 = UNCERTAINTY_MEASURE_WITH_UNIT (LENGTH_MEASURE( 1.000000000000000082E-05 ), #1732, 'distance_accuracy_value', 'NONE');
#1515 = CARTESIAN_POINT ( 'NONE',  ( 0.5300000000000000266, -0.3750000000000001110, -1.400000000000000577 ) ) ;
#1516 = LINE ( 'NONE', #2975, #1807 ) ;
#1517 = EDGE_CURVE ( 'NONE', #2961, #5635, #2595, .T. ) ;
#1518 = ORIENTED_EDGE ( 'NONE', *, *, #4270, .T. ) ;
#1519 = SURFACE_SIDE_STYLE ('',( #4590 ) ) ;
#1520 = FILL_AREA_STYLE ('',( #1995 ) ) ;
#1521 = FILL_AREA_STYLE_COLOUR ( '', #492 ) ;
#1522 = CARTESIAN_POINT ( 'NONE',  ( 0.7299999999999999822, 0.3749999999999998890, 0.9250000000000002665 ) ) ;
#1523 = EDGE_LOOP ( 'NONE', ( #2307, #3428, #394, #1603 ) ) ;
#1524 = DIRECTION ( 'NONE',  ( -1.000000000000000000, 0.000000000000000000, 0.000000000000000000 ) ) ;
#1525 = EDGE_CURVE ( 'NONE', #3660, #5469, #1199, .T. ) ;
#1526 = LINE ( 'NONE', #5045, #3435 ) ;
#1527 = FILL_AREA_STYLE_COLOUR ( '', #1062 ) ;
#1528 = DIRECTION ( 'NONE',  ( 0.000000000000000000, -1.000000000000000000, 0.000000000000000000 ) ) ;
#1529 = DIRECTION ( 'NONE',  ( 0.000000000000000000, 0.000000000000000000, -1.000000000000000000 ) ) ;
#1530 = ORIENTED_EDGE ( 'NONE', *, *, #1879, .F. ) ;
#1531 = EDGE_CURVE ( 'NONE', #5747, #4171, #2569, .T. ) ;
#1532 =( NAMED_UNIT ( * ) PLANE_ANGLE_UNIT ( ) SI_UNIT ( $, .RADIAN. ) );
#1533 = CARTESIAN_POINT ( 'NONE',  ( 0.5300000000000000266, -1.150000000000000133, -0.1250000000000003331 ) ) ;
#1534 = SURFACE_STYLE_FILL_AREA ( #2877 ) ;
#1535 = FILL_AREA_STYLE ('',( #2109 ) ) ;
#1536 = LINE ( 'NONE', #63, #2488 ) ;
#1537 = ORIENTED_EDGE ( 'NONE', *, *, #1727, .F. ) ;
#1538 = ORIENTED_EDGE ( 'NONE', *, *, #3856, .F. ) ;
#1539 =( NAMED_UNIT ( * ) SI_UNIT ( $, .STERADIAN. ) SOLID_ANGLE_UNIT ( ) );
#1540 = CARTESIAN_POINT ( 'NONE',  ( 0.7299999999999999822, 0.1249999999999998890, 1.400000000000000133 ) ) ;
#1541 = AXIS2_PLACEMENT_3D ( 'NONE', #419, #393, #2897 ) ;
#1542 = SURFACE_STYLE_USAGE ( .BOTH. , #5880 ) ;
#1543 = FILL_AREA_STYLE_COLOUR ( '', #1415 ) ;
#1544 = LINE ( 'NONE', #508, #2011 ) ;
#1545 = VERTEX_POINT ( 'NONE', #1572 ) ;
#1546 =( NAMED_UNIT ( * ) PLANE_ANGLE_UNIT ( ) SI_UNIT ( $, .RADIAN. ) );
#1547 = ORIENTED_EDGE ( 'NONE', *, *, #6072, .T. ) ;
#1548 = CARTESIAN_POINT ( 'NONE',  ( 0.5300000000000000266, -0.6750000000000002665, -0.1250000000000003331 ) ) ;
#1549 = PRESENTATION_STYLE_ASSIGNMENT (( #5891 ) ) ;
#1550 = AXIS2_PLACEMENT_3D ( 'NONE', #3489, #1932, #77 ) ;
#1551 = ADVANCED_FACE ( 'NONE', ( #5945 ), #4001, .T. ) ;
#1552 = LINE ( 'NONE', #1074, #5127 ) ;
#1553 = UNCERTAINTY_MEASURE_WITH_UNIT (LENGTH_MEASURE( 1.000000000000000082E-05 ), #5058, 'distance_accuracy_value', 'NONE');
#1554 = DIRECTION ( 'NONE',  ( 0.000000000000000000, 0.000000000000000000, -1.000000000000000000 ) ) ;
#1555 = SURFACE_STYLE_USAGE ( .BOTH. , #4924 ) ;
#1556 = DIRECTION ( 'NONE',  ( 0.000000000000000000, -0.000000000000000000, 1.000000000000000000 ) ) ;
#1557 = STYLED_ITEM ( 'NONE', ( #3336 ), #5964 ) ;
#1558 = ORIENTED_EDGE ( 'NONE', *, *, #3624, .T. ) ;
#1559 = PRESENTATION_LAYER_ASSIGNMENT (  '', '', ( #5315 ) ) ;
#1560 =( NAMED_UNIT ( * ) PLANE_ANGLE_UNIT ( ) SI_UNIT ( $, .RADIAN. ) );
#1561 = DIRECTION ( 'NONE',  ( -1.000000000000000000, -0.000000000000000000, -0.000000000000000000 ) ) ;
#1562 = SURFACE_STYLE_FILL_AREA ( #1535 ) ;
#1563 = SURFACE_STYLE_USAGE ( .BOTH. , #93 ) ;
#1564 = ORIENTED_EDGE ( 'NONE', *, *, #5941, .F. ) ;
#1565 = ORIENTED_EDGE ( 'NONE', *, *, #5660, .T. ) ;
#1566 = FILL_AREA_STYLE_COLOUR ( '', #2360 ) ;
#1567 = EDGE_CURVE ( 'NONE', #1733, #425, #516, .T. ) ;
#1568 = FILL_AREA_STYLE_COLOUR ( '', #2458 ) ;
#1569 = EDGE_CURVE ( 'NONE', #2924, #3800, #4978, .T. ) ;
#1570 = MECHANICAL_DESIGN_GEOMETRIC_PRESENTATION_REPRESENTATION (  '', ( #5018 ), #2284 ) ;
#1571 = DIRECTION ( 'NONE',  ( -1.000000000000000000, 0.000000000000000000, 0.000000000000000000 ) ) ;
#1572 = CARTESIAN_POINT ( 'NONE',  ( 0.000000000000000000, -1.250000000000000000, 1.499999999999999778 ) ) ;
#1573 = ORIENTED_EDGE ( 'NONE', *, *, #2067, .F. ) ;
#1574 = UNCERTAINTY_MEASURE_WITH_UNIT (LENGTH_MEASURE( 1.000000000000000082E-05 ), #2925, 'distance_accuracy_value', 'NONE');
#1575 = FACE_OUTER_BOUND ( 'NONE', #4469, .T. ) ;
#1576 =( GEOMETRIC_REPRESENTATION_CONTEXT ( 3 ) GLOBAL_UNCERTAINTY_ASSIGNED_CONTEXT ( ( #2597 ) ) GLOBAL_UNIT_ASSIGNED_CONTEXT ( ( #1111, #217, #3051 ) ) REPRESENTATION_CONTEXT ( 'NONE', 'WORKASPACE' ) );
#1577 = AXIS2_PLACEMENT_3D ( 'NONE', #49, #3982, #2552 ) ;
#1578 = ORIENTED_EDGE ( 'NONE', *, *, #4249, .F. ) ;
#1579 = UNCERTAINTY_MEASURE_WITH_UNIT (LENGTH_MEASURE( 1.000000000000000082E-05 ), #2766, 'distance_accuracy_value', 'NONE');
#1580 =( LENGTH_UNIT ( ) NAMED_UNIT ( * ) SI_UNIT ( .MILLI., .METRE. ) );
#1581 = PRESENTATION_LAYER_ASSIGNMENT (  '', '', ( #6235 ) ) ;
#1582 = ADVANCED_FACE ( 'NONE', ( #5502 ), #663, .T. ) ;
#1583 = LINE ( 'NONE', #576, #2593 ) ;
#1584 = FILL_AREA_STYLE_COLOUR ( '', #6194 ) ;
#1585 = SURFACE_SIDE_STYLE ('',( #2061 ) ) ;
#1586 = COLOUR_RGB ( '',0.1019607843137254888, 0.1019607843137254888, 0.1019607843137254888 ) ;
#1587 = MECHANICAL_DESIGN_GEOMETRIC_PRESENTATION_REPRESENTATION (  '', ( #3116 ), #3735 ) ;
#1588 = FACE_OUTER_BOUND ( 'NONE', #2603, .T. ) ;
#1589 = LINE ( 'NONE', #3052, #1197 ) ;
#1590 = EDGE_CURVE ( 'NONE', #5652, #5028, #131, .T. ) ;
#1591 = UNCERTAINTY_MEASURE_WITH_UNIT (LENGTH_MEASURE( 1.000000000000000082E-05 ), #3490, 'distance_accuracy_value', 'NONE');
#1592 =( NAMED_UNIT ( * ) PLANE_ANGLE_UNIT ( ) SI_UNIT ( $, .RADIAN. ) );
#1593 = VECTOR ( 'NONE', #233, 1000.000000000000000 ) ;
#1594 = ORIENTED_EDGE ( 'NONE', *, *, #4645, .T. ) ;
#1595 = PRESENTATION_LAYER_ASSIGNMENT (  '', '', ( #2105 ) ) ;
#1596 = VECTOR ( 'NONE', #1163, 1000.000000000000000 ) ;
#1597 = LINE ( 'NONE', #1145, #3656 ) ;
#1598 = CARTESIAN_POINT ( 'NONE',  ( 0.7299999999999999822, -0.1250000000000001110, -0.9250000000000007105 ) ) ;
#1599 = PLANE ( 'NONE',  #4475 ) ;
#1600 = ORIENTED_EDGE ( 'NONE', *, *, #2017, .F. ) ;
#1601 = COLOUR_RGB ( '',0.7921568627450980005, 0.8196078431372548767, 0.9333333333333333481 ) ;
#1602 = PRESENTATION_LAYER_ASSIGNMENT (  '', '', ( #3644 ) ) ;
#1603 = ORIENTED_EDGE ( 'NONE', *, *, #4491, .T. ) ;
#1604 = PRESENTATION_LAYER_ASSIGNMENT (  '', '', ( #4349 ) ) ;
#1605 = EDGE_CURVE ( 'NONE', #1667, #1782, #2147, .T. ) ;
#1606 = SURFACE_SIDE_STYLE ('',( #2740 ) ) ;
#1607 = EDGE_CURVE ( 'NONE', #332, #5747, #4034, .T. ) ;
#1608 = FILL_AREA_STYLE_COLOUR ( '', #1142 ) ;
#1609 = AXIS2_PLACEMENT_3D ( 'NONE', #5511, #4633, #3146 ) ;
#1610 = PLANE ( 'NONE',  #4734 ) ;
#1611 = CARTESIAN_POINT ( 'NONE',  ( 0.5300000000000000266, 0.6750000000000002665, 0.6249999999999996669 ) ) ;
#1612 = CARTESIAN_POINT ( 'NONE',  ( -0.1000000000000000056, -1.250000000000000000, -1.500000000000000222 ) ) ;
#1613 = ORIENTED_EDGE ( 'NONE', *, *, #2622, .T. ) ;
#1614 = CARTESIAN_POINT ( 'NONE',  ( 0.5300000000000000266, -1.150000000000000133, -0.6250000000000003331 ) ) ;
#1615 = FACE_OUTER_BOUND ( 'NONE', #3733, .T. ) ;
#1616 =( NAMED_UNIT ( * ) SI_UNIT ( $, .STERADIAN. ) SOLID_ANGLE_UNIT ( ) );
#1617 = ORIENTED_EDGE ( 'NONE', *, *, #4688, .F. ) ;
#1618 = DIRECTION ( 'NONE',  ( 1.000000000000000000, -0.000000000000000000, -0.000000000000000000 ) ) ;
#1619 = FACE_OUTER_BOUND ( 'NONE', #5967, .T. ) ;
#1620 = CARTESIAN_POINT ( 'NONE',  ( 0.7299999999999999822, -1.150000000000000133, -0.6250000000000003331 ) ) ;
#1621 = PLANE ( 'NONE',  #3887 ) ;
#1622 = CARTESIAN_POINT ( 'NONE',  ( 0.7299999999999999822, 0.6750000000000002665, -0.1250000000000003331 ) ) ;
#1623 = LINE ( 'NONE', #3540, #3014 ) ;
#1624 = UNCERTAINTY_MEASURE_WITH_UNIT (LENGTH_MEASURE( 1.000000000000000082E-05 ), #4458, 'distance_accuracy_value', 'NONE');
#1625 = DIRECTION ( 'NONE',  ( -1.000000000000000000, 0.000000000000000000, -0.000000000000000000 ) ) ;
#1626 = ORIENTED_EDGE ( 'NONE', *, *, #4298, .T. ) ;
#1627 = EDGE_CURVE ( 'NONE', #2376, #2409, #5070, .T. ) ;
#1628 = CYLINDRICAL_SURFACE ( 'NONE', #4043, 0.1750560047594175161 ) ;
#1629 = CARTESIAN_POINT ( 'NONE',  ( 0.5300000000000000266, 0.000000000000000000, 0.000000000000000000 ) ) ;
#1630 = DIRECTION ( 'NONE',  ( 0.000000000000000000, 0.000000000000000000, 1.000000000000000000 ) ) ;
#1631 = ORIENTED_EDGE ( 'NONE', *, *, #2350, .T. ) ;
#1632 = ORIENTED_EDGE ( 'NONE', *, *, #4634, .F. ) ;
#1633 = EDGE_CURVE ( 'NONE', #4657, #5850, #4387, .T. ) ;
#1634 = FACE_OUTER_BOUND ( 'NONE', #5408, .T. ) ;
#1635 = FILL_AREA_STYLE ('',( #803 ) ) ;
#1636 =( NAMED_UNIT ( * ) SI_UNIT ( $, .STERADIAN. ) SOLID_ANGLE_UNIT ( ) );
#1637 = DIRECTION ( 'NONE',  ( 0.000000000000000000, 1.000000000000000000, 0.000000000000000000 ) ) ;
#1638 = ORIENTED_EDGE ( 'NONE', *, *, #3498, .F. ) ;
#1639 = COLOUR_RGB ( '',0.7921568627450980005, 0.8196078431372548767, 0.9333333333333333481 ) ;
#1640 = DIRECTION ( 'NONE',  ( 0.000000000000000000, 0.000000000000000000, -1.000000000000000000 ) ) ;
#1641 = LINE ( 'NONE', #3104, #4847 ) ;
#1642 = LINE ( 'NONE', #3589, #474 ) ;
#1643 = PRESENTATION_STYLE_ASSIGNMENT (( #3625 ) ) ;
#1644 = ORIENTED_EDGE ( 'NONE', *, *, #3415, .T. ) ;
#1645 = FACE_OUTER_BOUND ( 'NONE', #3627, .T. ) ;
#1646 = PRESENTATION_STYLE_ASSIGNMENT (( #2667 ) ) ;
#1647 = ORIENTED_EDGE ( 'NONE', *, *, #2548, .F. ) ;
#1648 = EDGE_CURVE ( 'NONE', #502, #964, #5003, .T. ) ;
#1649 = CARTESIAN_POINT ( 'NONE',  ( 0.5300000000000000266, 0.000000000000000000, 0.000000000000000000 ) ) ;
#1650 = DIRECTION ( 'NONE',  ( 0.000000000000000000, 0.000000000000000000, 1.000000000000000000 ) ) ;
#1651 =( NAMED_UNIT ( * ) SI_UNIT ( $, .STERADIAN. ) SOLID_ANGLE_UNIT ( ) );
#1652 = LINE ( 'NONE', #2613, #5654 ) ;
#1653 = ORIENTED_EDGE ( 'NONE', *, *, #1220, .T. ) ;
#1654 = DIRECTION ( 'NONE',  ( 0.000000000000000000, 1.000000000000000000, 0.000000000000000000 ) ) ;
#1655 = AXIS2_PLACEMENT_3D ( 'NONE', #1158, #3097, #2177 ) ;
#1656 = CARTESIAN_POINT ( 'NONE',  ( 0.7299999999999999822, 0.1249999999999998890, -0.9250000000000007105 ) ) ;
#1657 = CARTESIAN_POINT ( 'NONE',  ( 0.7299999999999999822, 0.6750000000000002665, 0.3749999999999996669 ) ) ;
#1658 = VERTEX_POINT ( 'NONE', #4067 ) ;
#1659 = ORIENTED_EDGE ( 'NONE', *, *, #3369, .T. ) ;
#1660 = COLOUR_RGB ( '',0.1019607843137254888, 0.1019607843137254888, 0.1019607843137254888 ) ;
#1661 = CARTESIAN_POINT ( 'NONE',  ( 0.5300000000000000266, -0.6750000000000002665, -0.3750000000000003331 ) ) ;
#1662 = CARTESIAN_POINT ( 'NONE',  ( 0.5300000000000000266, 0.8749999999999998890, -1.400000000000000577 ) ) ;
#1663 = MECHANICAL_DESIGN_GEOMETRIC_PRESENTATION_REPRESENTATION (  '', ( #3187 ), #558 ) ;
#1664 = EDGE_CURVE ( 'NONE', #3130, #3110, #5973, .T. ) ;
#1665 = LINE ( 'NONE', #5972, #5321 ) ;
#1666 = CARTESIAN_POINT ( 'NONE',  ( 0.5300000000000000266, -0.6750000000000002665, -0.1250000000000003331 ) ) ;
#1667 = VERTEX_POINT ( 'NONE', #4096 ) ;
#1668 = CARTESIAN_POINT ( 'NONE',  ( 0.7299999999999999822, -0.6750000000000002665, -0.6250000000000003331 ) ) ;
#1669 = STYLED_ITEM ( 'NONE', ( #5699 ), #5856 ) ;
#1670 = CARTESIAN_POINT ( 'NONE',  ( 0.7299999999999999822, -0.6750000000000002665, -0.3750000000000003331 ) ) ;
#1671 =( NAMED_UNIT ( * ) SI_UNIT ( $, .STERADIAN. ) SOLID_ANGLE_UNIT ( ) );
#1672 = DIRECTION ( 'NONE',  ( -0.000000000000000000, 1.000000000000000000, 0.000000000000000000 ) ) ;
#1673 = ORIENTED_EDGE ( 'NONE', *, *, #4370, .T. ) ;
#1674 = DIRECTION ( 'NONE',  ( -1.000000000000000000, -0.000000000000000000, -0.000000000000000000 ) ) ;
#1675 = ORIENTED_EDGE ( 'NONE', *, *, #5660, .F. ) ;
#1676 = COLOUR_RGB ( '',0.1019607843137254888, 0.1019607843137254888, 0.1019607843137254888 ) ;
#1677 =( GEOMETRIC_REPRESENTATION_CONTEXT ( 3 ) GLOBAL_UNCERTAINTY_ASSIGNED_CONTEXT ( ( #3678 ) ) GLOBAL_UNIT_ASSIGNED_CONTEXT ( ( #2763, #4110, #1651 ) ) REPRESENTATION_CONTEXT ( 'NONE', 'WORKASPACE' ) );
#1678 = EDGE_CURVE ( 'NONE', #5816, #1358, #4361, .T. ) ;
#1679 = CARTESIAN_POINT ( 'NONE',  ( 0.5300000000000000266, -0.3750000000000001110, -1.400000000000000577 ) ) ;
#1680 = DIRECTION ( 'NONE',  ( 0.000000000000000000, 1.000000000000000000, 0.000000000000000000 ) ) ;
#1681 =( NAMED_UNIT ( * ) SI_UNIT ( $, .STERADIAN. ) SOLID_ANGLE_UNIT ( ) );
#1682 = FACE_OUTER_BOUND ( 'NONE', #2507, .T. ) ;
#1683 = VECTOR ( 'NONE', #2429, 1000.000000000000000 ) ;
#1684 = VECTOR ( 'NONE', #397, 1000.000000000000000 ) ;
#1685 = EDGE_CURVE ( 'NONE', #103, #5085, #1464, .T. ) ;
#1686 = AXIS2_PLACEMENT_3D ( 'NONE', #5543, #5874, #3263 ) ;
#1687 = CARTESIAN_POINT ( 'NONE',  ( 0.5300000000000000266, -0.6250000000000001110, -1.400000000000000577 ) ) ;
#1688 = ORIENTED_EDGE ( 'NONE', *, *, #2396, .F. ) ;
#1689 = DIRECTION ( 'NONE',  ( 0.000000000000000000, -0.000000000000000000, -1.000000000000000000 ) ) ;
#1690 = PLANE ( 'NONE',  #1193 ) ;
#1691 = VECTOR ( 'NONE', #5400, 1000.000000000000000 ) ;
#1692 = SURFACE_STYLE_FILL_AREA ( #5565 ) ;
#1693 = VECTOR ( 'NONE', #2404, 1000.000000000000000 ) ;
#1694 = EDGE_LOOP ( 'NONE', ( #5985, #945, #1294, #3060 ) ) ;
#1695 = AXIS2_PLACEMENT_3D ( 'NONE', #6033, #3126, #2619 ) ;
#1696 = CARTESIAN_POINT ( 'NONE',  ( 0.7299999999999999822, 1.150000000000000133, 0.6249999999999996669 ) ) ;
#1697 = COLOUR_RGB ( '',0.1019607843137254888, 0.1019607843137254888, 0.1019607843137254888 ) ;
#1698 = AXIS2_PLACEMENT_3D ( 'NONE', #5804, #102, #694 ) ;
#1699 = VECTOR ( 'NONE', #92, 1000.000000000000000 ) ;
#1700 = VERTEX_POINT ( 'NONE', #981 ) ;
#1701 = FILL_AREA_STYLE ('',( #4622 ) ) ;
#1702 = LINE ( 'NONE', #4471, #2611 ) ;
#1703 =( NAMED_UNIT ( * ) SI_UNIT ( $, .STERADIAN. ) SOLID_ANGLE_UNIT ( ) );
#1704 = VECTOR ( 'NONE', #3294, 1000.000000000000000 ) ;
#1705 = ORIENTED_EDGE ( 'NONE', *, *, #5244, .F. ) ;
#1706 = PRESENTATION_LAYER_ASSIGNMENT (  '', '', ( #494 ) ) ;
#1707 = AXIS2_PLACEMENT_3D ( 'NONE', #5172, #311, #4574 ) ;
#1708 = LINE ( 'NONE', #1670, #67 ) ;
#1709 = CARTESIAN_POINT ( 'NONE',  ( 0.7299999999999999822, -0.6750000000000002665, 0.1249999999999996808 ) ) ;
#1710 = EDGE_LOOP ( 'NONE', ( #4196, #5646, #3411, #5268 ) ) ;
#1711 = CARTESIAN_POINT ( 'NONE',  ( 0.7299999999999999822, 0.6249999999999998890, 0.9250000000000002665 ) ) ;
#1712 = EDGE_CURVE ( 'NONE', #3275, #3858, #2926, .T. ) ;
#1713 =( NAMED_UNIT ( * ) SI_UNIT ( $, .STERADIAN. ) SOLID_ANGLE_UNIT ( ) );
#1714 = ORIENTED_EDGE ( 'NONE', *, *, #5441, .T. ) ;
#1715 = CARTESIAN_POINT ( 'NONE',  ( 0.5300000000000000266, -0.6250000000000001110, 1.400000000000000133 ) ) ;
#1716 = EDGE_CURVE ( 'NONE', #1217, #4002, #2178, .T. ) ;
#1717 = SURFACE_SIDE_STYLE ('',( #6064 ) ) ;
#1718 = FILL_AREA_STYLE ('',( #3635 ) ) ;
#1719 = DIRECTION ( 'NONE',  ( 0.000000000000000000, -1.000000000000000000, -0.000000000000000000 ) ) ;
#1720 = EDGE_CURVE ( 'NONE', #5211, #4401, #2659, .T. ) ;
#1721 = ORIENTED_EDGE ( 'NONE', *, *, #4434, .T. ) ;
#1722 = DIRECTION ( 'NONE',  ( 1.000000000000000000, 0.000000000000000000, -0.000000000000000000 ) ) ;
#1723 = DIRECTION ( 'NONE',  ( 0.000000000000000000, 1.000000000000000000, 0.000000000000000000 ) ) ;
#1724 = UNCERTAINTY_MEASURE_WITH_UNIT (LENGTH_MEASURE( 1.000000000000000082E-05 ), #3838, 'distance_accuracy_value', 'NONE');
#1725 = ADVANCED_FACE ( 'NONE', ( #4968 ), #1026, .F. ) ;
#1726 = VERTEX_POINT ( 'NONE', #5468 ) ;
#1727 = EDGE_CURVE ( 'NONE', #3279, #1886, #26, .T. ) ;
#1728 = CARTESIAN_POINT ( 'NONE',  ( 0.5300000000000000266, 0.000000000000000000, 0.000000000000000000 ) ) ;
#1729 = ORIENTED_EDGE ( 'NONE', *, *, #2699, .F. ) ;
#1730 =( NAMED_UNIT ( * ) PLANE_ANGLE_UNIT ( ) SI_UNIT ( $, .RADIAN. ) );
#1731 = CARTESIAN_POINT ( 'NONE',  ( 0.5300000000000000266, -1.150000000000000133, 0.3749999999999996669 ) ) ;
#1732 =( LENGTH_UNIT ( ) NAMED_UNIT ( * ) SI_UNIT ( .MILLI., .METRE. ) );
#1733 = VERTEX_POINT ( 'NONE', #3577 ) ;
#1734 = CARTESIAN_POINT ( 'NONE',  ( 0.5300000000000000266, 0.000000000000000000, 0.000000000000000000 ) ) ;
#1735 = CARTESIAN_POINT ( 'NONE',  ( 0.000000000000000000, 1.250000000000000000, -1.500000000000000222 ) ) ;
#1736 = CARTESIAN_POINT ( 'NONE',  ( 0.7299999999999999822, -1.150000000000000133, 0.1249999999999996808 ) ) ;
#1737 = VERTEX_POINT ( 'NONE', #5493 ) ;
#1738 = DIRECTION ( 'NONE',  ( 1.000000000000000000, 0.000000000000000000, -0.000000000000000000 ) ) ;
#1739 = CARTESIAN_POINT ( 'NONE',  ( 0.7299999999999999822, -0.6250000000000001110, -1.400000000000000577 ) ) ;
#1740 = FILL_AREA_STYLE ('',( #1264 ) ) ;
#1741 = EDGE_CURVE ( 'NONE', #559, #1374, #2989, .T. ) ;
#1742 = VERTEX_POINT ( 'NONE', #4436 ) ;
#1743 = VECTOR ( 'NONE', #4531, 1000.000000000000000 ) ;
#1744 = CARTESIAN_POINT ( 'NONE',  ( 0.7299999999999999822, 0.6750000000000002665, -0.6250000000000003331 ) ) ;
#1745 = PRESENTATION_LAYER_ASSIGNMENT (  '', '', ( #5587 ) ) ;
#1746 = LINE ( 'NONE', #4109, #5393 ) ;
#1747 = ORIENTED_EDGE ( 'NONE', *, *, #4084, .F. ) ;
#1748 = CARTESIAN_POINT ( 'NONE',  ( 0.000000000000000000, -1.250000000000000000, -1.500000000000000222 ) ) ;
#1749 =( NAMED_UNIT ( * ) PLANE_ANGLE_UNIT ( ) SI_UNIT ( $, .RADIAN. ) );
#1750 = ADVANCED_FACE ( 'NONE', ( #652 ), #1599, .F. ) ;
#1751 = ORIENTED_EDGE ( 'NONE', *, *, #5317, .F. ) ;
#1752 =( NAMED_UNIT ( * ) PLANE_ANGLE_UNIT ( ) SI_UNIT ( $, .RADIAN. ) );
#1753 = SURFACE_STYLE_FILL_AREA ( #6157 ) ;
#1754 = UNCERTAINTY_MEASURE_WITH_UNIT (LENGTH_MEASURE( 1.000000000000000082E-05 ), #4941, 'distance_accuracy_value', 'NONE');
#1755 = DIRECTION ( 'NONE',  ( 0.000000000000000000, 1.000000000000000000, 0.000000000000000000 ) ) ;
#1756 = EDGE_CURVE ( 'NONE', #2831, #5028, #123, .T. ) ;
#1757 = VERTEX_POINT ( 'NONE', #3510 ) ;
#1758 = SURFACE_STYLE_FILL_AREA ( #3190 ) ;
#1759 = DIRECTION ( 'NONE',  ( -1.000000000000000000, 0.000000000000000000, -0.000000000000000000 ) ) ;
#1760 = EDGE_LOOP ( 'NONE', ( #606, #4438, #6, #1020 ) ) ;
#1761 = ORIENTED_EDGE ( 'NONE', *, *, #2928, .T. ) ;
#1762 = EDGE_CURVE ( 'NONE', #4061, #2331, #5436, .T. ) ;
#1763 = PRODUCT_DEFINITION_CONTEXT ( 'detailed design', #5942, 'design' ) ;
#1764 = FACE_OUTER_BOUND ( 'NONE', #2278, .T. ) ;
#1765 = CARTESIAN_POINT ( 'NONE',  ( 0.5300000000000000266, 1.150000000000000133, -0.1250000000000003331 ) ) ;
#1766 = ORIENTED_EDGE ( 'NONE', *, *, #4064, .F. ) ;
#1767 = CARTESIAN_POINT ( 'NONE',  ( 0.5300000000000000266, 0.000000000000000000, 0.000000000000000000 ) ) ;
#1768 = DIRECTION ( 'NONE',  ( -1.000000000000000000, 0.000000000000000000, 0.000000000000000000 ) ) ;
#1769 = VERTEX_POINT ( 'NONE', #2848 ) ;
#1770 = VECTOR ( 'NONE', #3522, 1000.000000000000000 ) ;
#1771 = DIRECTION ( 'NONE',  ( 0.000000000000000000, -1.000000000000000000, 0.000000000000000000 ) ) ;
#1772 = STYLED_ITEM ( 'NONE', ( #3600 ), #230 ) ;
#1773 = PLANE ( 'NONE',  #6151 ) ;
#1774 = SURFACE_STYLE_USAGE ( .BOTH. , #347 ) ;
#1775 = EDGE_LOOP ( 'NONE', ( #1336, #1675, #4351, #771 ) ) ;
#1776 = SURFACE_STYLE_FILL_AREA ( #1718 ) ;
#1777 = MECHANICAL_DESIGN_GEOMETRIC_PRESENTATION_REPRESENTATION (  '', ( #455 ), #3615 ) ;
#1778 = VECTOR ( 'NONE', #5114, 1000.000000000000000 ) ;
#1779 = EDGE_CURVE ( 'NONE', #402, #999, #306, .T. ) ;
#1780 = SURFACE_STYLE_FILL_AREA ( #1817 ) ;
#1781 = EDGE_LOOP ( 'NONE', ( #4589, #1984, #5107, #3673 ) ) ;
#1782 = VERTEX_POINT ( 'NONE', #367 ) ;
#1783 =( NAMED_UNIT ( * ) SI_UNIT ( $, .STERADIAN. ) SOLID_ANGLE_UNIT ( ) );
#1784 = VECTOR ( 'NONE', #5483, 1000.000000000000000 ) ;
#1785 = COLOUR_RGB ( '',0.1019607843137254888, 0.1019607843137254888, 0.1019607843137254888 ) ;
#1786 = LINE ( 'NONE', #6071, #3421 ) ;
#1787 =( GEOMETRIC_REPRESENTATION_CONTEXT ( 3 ) GLOBAL_UNCERTAINTY_ASSIGNED_CONTEXT ( ( #4069 ) ) GLOBAL_UNIT_ASSIGNED_CONTEXT ( ( #2919, #3397, #973 ) ) REPRESENTATION_CONTEXT ( 'NONE', 'WORKASPACE' ) );
#1788 = FILL_AREA_STYLE_COLOUR ( '', #368 ) ;
#1789 = ORIENTED_EDGE ( 'NONE', *, *, #1383, .T. ) ;
#1790 = MECHANICAL_DESIGN_GEOMETRIC_PRESENTATION_REPRESENTATION (  '', ( #4636 ), #5342 ) ;
#1791 = FACE_OUTER_BOUND ( 'NONE', #3281, .T. ) ;
#1792 = AXIS2_PLACEMENT_3D ( 'NONE', #5284, #3325, #4368 ) ;
#1793 = DIRECTION ( 'NONE',  ( 0.000000000000000000, 1.000000000000000000, 0.000000000000000000 ) ) ;
#1794 = LINE ( 'NONE', #3747, #3900 ) ;
#1795 = ORIENTED_EDGE ( 'NONE', *, *, #1867, .F. ) ;
#1796 = EDGE_LOOP ( 'NONE', ( #1513, #3482, #4056, #1181 ) ) ;
#1797 = EDGE_CURVE ( 'NONE', #1927, #1545, #2274, .T. ) ;
#1798 = PRESENTATION_LAYER_ASSIGNMENT (  '', '', ( #2102 ) ) ;
#1799 = STYLED_ITEM ( 'NONE', ( #2329 ), #5010 ) ;
#1800 = SURFACE_STYLE_FILL_AREA ( #843 ) ;
#1801 = PLANE ( 'NONE',  #4951 ) ;
#1802 = DIRECTION ( 'NONE',  ( 0.000000000000000000, -1.000000000000000000, 0.000000000000000000 ) ) ;
#1803 = VECTOR ( 'NONE', #4773, 1000.000000000000000 ) ;
#1804 = ORIENTED_EDGE ( 'NONE', *, *, #4362, .T. ) ;
#1805 = DIRECTION ( 'NONE',  ( 1.000000000000000000, -0.000000000000000000, -0.000000000000000000 ) ) ;
#1806 = LINE ( 'NONE', #5197, #4113 ) ;
#1807 = VECTOR ( 'NONE', #4882, 1000.000000000000000 ) ;
#1808 = VERTEX_POINT ( 'NONE', #5168 ) ;
#1809 = VECTOR ( 'NONE', #5054, 1000.000000000000000 ) ;
#1810 = CARTESIAN_POINT ( 'NONE',  ( 0.5300000000000000266, 0.6249999999999998890, -1.400000000000000577 ) ) ;
#1811 = STYLED_ITEM ( 'NONE', ( #1456 ), #5367 ) ;
#1812 = DIRECTION ( 'NONE',  ( 1.000000000000000000, -0.000000000000000000, 0.000000000000000000 ) ) ;
#1813 = PRESENTATION_STYLE_ASSIGNMENT (( #5204 ) ) ;
#1814 = ORIENTED_EDGE ( 'NONE', *, *, #4020, .T. ) ;
#1815 =( NAMED_UNIT ( * ) SI_UNIT ( $, .STERADIAN. ) SOLID_ANGLE_UNIT ( ) );
#1816 = AXIS2_PLACEMENT_3D ( 'NONE', #1767, #4104, #2728 ) ;
#1817 = FILL_AREA_STYLE ('',( #5274 ) ) ;
#1818 = VERTEX_POINT ( 'NONE', #2782 ) ;
#1819 = ORIENTED_EDGE ( 'NONE', *, *, #3038, .F. ) ;
#1820 = SURFACE_STYLE_FILL_AREA ( #4772 ) ;
#1821 = FACE_OUTER_BOUND ( 'NONE', #5704, .T. ) ;
#1822 = EDGE_CURVE ( 'NONE', #1311, #1667, #5723, .T. ) ;
#1823 =( NAMED_UNIT ( * ) PLANE_ANGLE_UNIT ( ) SI_UNIT ( $, .RADIAN. ) );
#1824 =( LENGTH_UNIT ( ) NAMED_UNIT ( * ) SI_UNIT ( .MILLI., .METRE. ) );
#1825 =( NAMED_UNIT ( * ) SI_UNIT ( $, .STERADIAN. ) SOLID_ANGLE_UNIT ( ) );
#1826 = CARTESIAN_POINT ( 'NONE',  ( 0.5300000000000000266, -0.6750000000000002665, 0.3749999999999996669 ) ) ;
#1827 = CARTESIAN_POINT ( 'NONE',  ( 0.7299999999999999822, 0.3749999999999998890, -1.400000000000000577 ) ) ;
#1828 = ORIENTED_EDGE ( 'NONE', *, *, #2490, .F. ) ;
#1829 = EDGE_CURVE ( 'NONE', #2820, #5364, #6198, .T. ) ;
#1830 = ORIENTED_EDGE ( 'NONE', *, *, #4543, .T. ) ;
#1831 = LINE ( 'NONE', #3777, #1958 ) ;
#1832 = CARTESIAN_POINT ( 'NONE',  ( 0.7299999999999999822, 0.3749999999999998890, -1.400000000000000577 ) ) ;
#1833 = LINE ( 'NONE', #5193, #1891 ) ;
#1834 = DIRECTION ( 'NONE',  ( 1.000000000000000000, -0.000000000000000000, -0.000000000000000000 ) ) ;
#1835 = ORIENTED_EDGE ( 'NONE', *, *, #1135, .F. ) ;
#1836 = SURFACE_SIDE_STYLE ('',( #3268 ) ) ;
#1837 = DIRECTION ( 'NONE',  ( 1.000000000000000000, -0.000000000000000000, -0.000000000000000000 ) ) ;
#1838 = ORIENTED_EDGE ( 'NONE', *, *, #1154, .T. ) ;
#1839 = CARTESIAN_POINT ( 'NONE',  ( 0.7299999999999999822, -0.3750000000000001110, -0.9250000000000007105 ) ) ;
#1840 = DIRECTION ( 'NONE',  ( 0.000000000000000000, 0.000000000000000000, -1.000000000000000000 ) ) ;
#1841 = DIRECTION ( 'NONE',  ( -1.000000000000000000, -0.000000000000000000, -0.000000000000000000 ) ) ;
#1842 = FILL_AREA_STYLE_COLOUR ( '', #2903 ) ;
#1843 = ORIENTED_EDGE ( 'NONE', *, *, #4127, .T. ) ;
#1844 = CARTESIAN_POINT ( 'NONE',  ( 0.5300000000000000266, -0.8750000000000001110, 1.400000000000000133 ) ) ;
#1845 = EDGE_CURVE ( 'NONE', #3292, #4700, #3363, .T. ) ;
#1846 = DIRECTION ( 'NONE',  ( 0.000000000000000000, -1.000000000000000000, 0.000000000000000000 ) ) ;
#1847 = COLOUR_RGB ( '',0.1019607843137254888, 0.1019607843137254888, 0.1019607843137254888 ) ;
#1848 = ORIENTED_EDGE ( 'NONE', *, *, #935, .T. ) ;
#1849 = CARTESIAN_POINT ( 'NONE',  ( 0.5300000000000000266, 1.150000000000000133, -0.6250000000000003331 ) ) ;
#1850 = ORIENTED_EDGE ( 'NONE', *, *, #5975, .T. ) ;
#1851 = ADVANCED_FACE ( 'NONE', ( #2751 ), #1323, .F. ) ;
#1852 = DIRECTION ( 'NONE',  ( -0.000000000000000000, -1.000000000000000000, -0.000000000000000000 ) ) ;
#1853 = ORIENTED_EDGE ( 'NONE', *, *, #4327, .F. ) ;
#1854 = LINE ( 'NONE', #1942, #3109 ) ;
#1855 = SURFACE_STYLE_USAGE ( .BOTH. , #298 ) ;
#1856 = CARTESIAN_POINT ( 'NONE',  ( 0.7299999999999999822, 0.1249999999999998890, -1.400000000000000577 ) ) ;
#1857 = CARTESIAN_POINT ( 'NONE',  ( 0.7299999999999999822, 0.8749999999999998890, -1.400000000000000577 ) ) ;
#1858 = DIRECTION ( 'NONE',  ( 0.000000000000000000, 0.000000000000000000, -1.000000000000000000 ) ) ;
#1859 =( GEOMETRIC_REPRESENTATION_CONTEXT ( 3 ) GLOBAL_UNCERTAINTY_ASSIGNED_CONTEXT ( ( #5119 ) ) GLOBAL_UNIT_ASSIGNED_CONTEXT ( ( #2055, #1546, #3040 ) ) REPRESENTATION_CONTEXT ( 'NONE', 'WORKASPACE' ) );
#1860 = APPLICATION_CONTEXT ( 'automotive_design' ) ;
#1861 = ORIENTED_EDGE ( 'NONE', *, *, #3474, .T. ) ;
#1862 = ORIENTED_EDGE ( 'NONE', *, *, #4491, .F. ) ;
#1863 = DIRECTION ( 'NONE',  ( 0.000000000000000000, 0.000000000000000000, 1.000000000000000000 ) ) ;
#1864 = CARTESIAN_POINT ( 'NONE',  ( 0.7299999999999999822, 0.6750000000000002665, 0.6249999999999996669 ) ) ;
#1865 = LINE ( 'NONE', #3754, #3135 ) ;
#1866 = SURFACE_STYLE_USAGE ( .BOTH. , #6201 ) ;
#1867 = EDGE_CURVE ( 'NONE', #899, #2854, #3261, .T. ) ;
#1868 = ORIENTED_EDGE ( 'NONE', *, *, #289, .F. ) ;
#1869 = AXIS2_PLACEMENT_3D ( 'NONE', #5170, #5767, #4189 ) ;
#1870 = CARTESIAN_POINT ( 'NONE',  ( 0.7299999999999999822, 0.6249999999999998890, 1.400000000000000133 ) ) ;
#1871 = EDGE_LOOP ( 'NONE', ( #4504, #5189, #4775, #1914 ) ) ;
#1872 = PRESENTATION_STYLE_ASSIGNMENT (( #6207 ) ) ;
#1873 = LINE ( 'NONE', #3246, #5088 ) ;
#1874 = FILL_AREA_STYLE_COLOUR ( '', #4447 ) ;
#1875 = EDGE_LOOP ( 'NONE', ( #1373, #6076, #5056, #3488 ) ) ;
#1876 = PRESENTATION_STYLE_ASSIGNMENT (( #4827 ) ) ;
#1877 = CLOSED_SHELL ( 'NONE', ( #2039, #799, #2810, #4897, #2539, #4902 ) ) ;
#1878 = ORIENTED_EDGE ( 'NONE', *, *, #5164, .T. ) ;
#1879 = EDGE_CURVE ( 'NONE', #2831, #2720, #4686, .T. ) ;
#1880 = ORIENTED_EDGE ( 'NONE', *, *, #1183, .F. ) ;
#1881 = SURFACE_SIDE_STYLE ('',( #3768 ) ) ;
#1882 = ADVANCED_FACE ( 'NONE', ( #5191 ), #5630, .F. ) ;
#1883 = CARTESIAN_POINT ( 'NONE',  ( 0.7299999999999999822, -1.150000000000000133, 0.6249999999999996669 ) ) ;
#1884 = CLOSED_SHELL ( 'NONE', ( #3121, #1008, #3759, #3907, #4145, #108 ) ) ;
#1885 = DIRECTION ( 'NONE',  ( 0.000000000000000000, 0.000000000000000000, -1.000000000000000000 ) ) ;
#1886 = VERTEX_POINT ( 'NONE', #6168 ) ;
#1887 = FILL_AREA_STYLE ('',( #4335 ) ) ;
#1888 = FILL_AREA_STYLE ('',( #6222 ) ) ;
#1889 = CARTESIAN_POINT ( 'NONE',  ( 0.7299999999999999822, -0.6750000000000002665, 0.1249999999999996808 ) ) ;
#1890 = DIRECTION ( 'NONE',  ( 0.000000000000000000, 0.000000000000000000, 1.000000000000000000 ) ) ;
#1891 = VECTOR ( 'NONE', #4217, 1000.000000000000000 ) ;
#1892 = VERTEX_POINT ( 'NONE', #2343 ) ;
#1893 = EDGE_LOOP ( 'NONE', ( #2341, #2169, #5863, #4824 ) ) ;
#1894 = DIRECTION ( 'NONE',  ( -0.000000000000000000, -1.000000000000000000, -0.000000000000000000 ) ) ;
#1895 = DIRECTION ( 'NONE',  ( 0.000000000000000000, 0.000000000000000000, -1.000000000000000000 ) ) ;
#1896 = CARTESIAN_POINT ( 'NONE',  ( 0.5300000000000000266, 0.6249999999999998890, -1.400000000000000577 ) ) ;
#1897 = FILL_AREA_STYLE_COLOUR ( '', #1660 ) ;
#1898 =( NAMED_UNIT ( * ) PLANE_ANGLE_UNIT ( ) SI_UNIT ( $, .RADIAN. ) );
#1899 = DIRECTION ( 'NONE',  ( 0.000000000000000000, 1.000000000000000000, 0.000000000000000000 ) ) ;
#1900 = COLOUR_RGB ( '',0.1019607843137254888, 0.1019607843137254888, 0.1019607843137254888 ) ;
#1901 = EDGE_LOOP ( 'NONE', ( #920, #3743, #2682, #5455 ) ) ;
#1902 =( NAMED_UNIT ( * ) PLANE_ANGLE_UNIT ( ) SI_UNIT ( $, .RADIAN. ) );
#1903 = DIRECTION ( 'NONE',  ( 0.000000000000000000, 0.000000000000000000, -1.000000000000000000 ) ) ;
#1904 =( NAMED_UNIT ( * ) PLANE_ANGLE_UNIT ( ) SI_UNIT ( $, .RADIAN. ) );
#1905 = AXIS2_PLACEMENT_3D ( 'NONE', #2840, #5739, #5648 ) ;
#1906 =( GEOMETRIC_REPRESENTATION_CONTEXT ( 3 ) GLOBAL_UNCERTAINTY_ASSIGNED_CONTEXT ( ( #2545 ) ) GLOBAL_UNIT_ASSIGNED_CONTEXT ( ( #4825, #4768, #5774 ) ) REPRESENTATION_CONTEXT ( 'NONE', 'WORKASPACE' ) );
#1907 = EDGE_LOOP ( 'NONE', ( #1613, #1064, #965, #1878 ) ) ;
#1908 =( LENGTH_UNIT ( ) NAMED_UNIT ( * ) SI_UNIT ( .MILLI., .METRE. ) );
#1909 = DIRECTION ( 'NONE',  ( 0.000000000000000000, 0.000000000000000000, 1.000000000000000000 ) ) ;
#1910 = DIRECTION ( 'NONE',  ( 1.000000000000000000, -0.000000000000000000, 0.000000000000000000 ) ) ;
#1911 = EDGE_CURVE ( 'NONE', #5151, #6166, #1831, .T. ) ;
#1912 = AXIS2_PLACEMENT_3D ( 'NONE', #4759, #5198, #2281 ) ;
#1913 = CARTESIAN_POINT ( 'NONE',  ( 0.7299999999999999822, 0.3749999999999998890, -0.9250000000000007105 ) ) ;
#1914 = ORIENTED_EDGE ( 'NONE', *, *, #4728, .F. ) ;
#1915 = DIRECTION ( 'NONE',  ( 0.000000000000000000, -0.000000000000000000, 1.000000000000000000 ) ) ;
#1916 = FACE_OUTER_BOUND ( 'NONE', #1907, .T. ) ;
#1917 = LINE ( 'NONE', #422, #3837 ) ;
#1918 = ADVANCED_FACE ( 'NONE', ( #1354 ), #3293, .F. ) ;
#1919 = VERTEX_POINT ( 'NONE', #403 ) ;
#1920 = LINE ( 'NONE', #936, #1283 ) ;
#1921 = CARTESIAN_POINT ( 'NONE',  ( 0.7299999999999999822, -0.1250000000000001110, -1.400000000000000577 ) ) ;
#1922 = DIRECTION ( 'NONE',  ( -1.000000000000000000, 0.000000000000000000, -0.000000000000000000 ) ) ;
#1923 = EDGE_CURVE ( 'NONE', #3595, #4913, #4280, .T. ) ;
#1924 = LINE ( 'NONE', #3871, #1964 ) ;
#1925 = ADVANCED_FACE ( 'NONE', ( #1057 ), #2883, .F. ) ;
#1926 = EDGE_LOOP ( 'NONE', ( #2251, #2165, #2991, #3037 ) ) ;
#1927 = VERTEX_POINT ( 'NONE', #3453 ) ;
#1928 = DIRECTION ( 'NONE',  ( 0.000000000000000000, 1.000000000000000000, 0.000000000000000000 ) ) ;
#1929 =( NAMED_UNIT ( * ) PLANE_ANGLE_UNIT ( ) SI_UNIT ( $, .RADIAN. ) );
#1930 = VERTEX_POINT ( 'NONE', #3931 ) ;
#1931 = PLANE ( 'NONE',  #3517 ) ;
#1932 = DIRECTION ( 'NONE',  ( 1.000000000000000000, 0.000000000000000000, -0.000000000000000000 ) ) ;
#1933 = EDGE_LOOP ( 'NONE', ( #4946, #4992, #5095, #4194 ) ) ;
#1934 = DIRECTION ( 'NONE',  ( 0.000000000000000000, 0.000000000000000000, -1.000000000000000000 ) ) ;
#1935 = PRESENTATION_LAYER_ASSIGNMENT (  '', '', ( #1119 ) ) ;
#1936 = CARTESIAN_POINT ( 'NONE',  ( 0.7299999999999999822, -0.6750000000000002665, 0.3749999999999996669 ) ) ;
#1937 =( LENGTH_UNIT ( ) NAMED_UNIT ( * ) SI_UNIT ( .MILLI., .METRE. ) );
#1938 = DIRECTION ( 'NONE',  ( 0.000000000000000000, 0.000000000000000000, -1.000000000000000000 ) ) ;
#1939 = FILL_AREA_STYLE ('',( #1377 ) ) ;
#1940 =( GEOMETRIC_REPRESENTATION_CONTEXT ( 3 ) GLOBAL_UNCERTAINTY_ASSIGNED_CONTEXT ( ( #4553 ) ) GLOBAL_UNIT_ASSIGNED_CONTEXT ( ( #5031, #4973, #5472 ) ) REPRESENTATION_CONTEXT ( 'NONE', 'WORKASPACE' ) );
#1941 = EDGE_CURVE ( 'NONE', #4120, #4535, #4405, .T. ) ;
#1942 = CARTESIAN_POINT ( 'NONE',  ( 0.5300000000000000266, 0.6750000000000002665, -0.1250000000000003331 ) ) ;
#1943 = ORIENTED_EDGE ( 'NONE', *, *, #4971, .T. ) ;
#1944 =( GEOMETRIC_REPRESENTATION_CONTEXT ( 3 ) GLOBAL_UNCERTAINTY_ASSIGNED_CONTEXT ( ( #4674 ) ) GLOBAL_UNIT_ASSIGNED_CONTEXT ( ( #2083, #1255, #5541 ) ) REPRESENTATION_CONTEXT ( 'NONE', 'WORKASPACE' ) );
#1945 = SURFACE_SIDE_STYLE ('',( #5375 ) ) ;
#1946 = FILL_AREA_STYLE ('',( #4843 ) ) ;
#1947 = CARTESIAN_POINT ( 'NONE',  ( 0.7299999999999999822, -1.150000000000000133, -0.1250000000000003331 ) ) ;
#1948 = ORIENTED_EDGE ( 'NONE', *, *, #5063, .T. ) ;
#1949 = MANIFOLD_SOLID_BREP ( 'Boss-Extrude3[1]', #1884 ) ;
#1950 = ORIENTED_EDGE ( 'NONE', *, *, #5465, .F. ) ;
#1951 = UNCERTAINTY_MEASURE_WITH_UNIT (LENGTH_MEASURE( 1.000000000000000082E-05 ), #4191, 'distance_accuracy_value', 'NONE');
#1952 = EDGE_CURVE ( 'NONE', #3604, #502, #4850, .T. ) ;
#1953 = DIRECTION ( 'NONE',  ( 0.000000000000000000, 0.000000000000000000, 1.000000000000000000 ) ) ;
#1954 = VECTOR ( 'NONE', #3762, 1000.000000000000000 ) ;
#1955 = DIRECTION ( 'NONE',  ( 0.000000000000000000, 0.000000000000000000, -1.000000000000000000 ) ) ;
#1956 = ORIENTED_EDGE ( 'NONE', *, *, #3574, .T. ) ;
#1957 = EDGE_CURVE ( 'NONE', #5747, #4122, #2411, .T. ) ;
#1958 = VECTOR ( 'NONE', #5693, 1000.000000000000000 ) ;
#1959 = LINE ( 'NONE', #39, #3620 ) ;
#1960 = DIRECTION ( 'NONE',  ( 1.000000000000000000, 0.000000000000000000, -0.000000000000000000 ) ) ;
#1961 = MANIFOLD_SOLID_BREP ( 'Boss-Extrude3[2]', #664 ) ;
#1962 = SURFACE_SIDE_STYLE ('',( #3462 ) ) ;
#1963 = CARTESIAN_POINT ( 'NONE',  ( 0.5300000000000000266, 1.150000000000000133, 0.1249999999999996808 ) ) ;
#1964 = VECTOR ( 'NONE', #5406, 1000.000000000000000 ) ;
#1965 = EDGE_LOOP ( 'NONE', ( #4741, #828, #3173, #5802 ) ) ;
#1966 = DIRECTION ( 'NONE',  ( 0.000000000000000000, -0.000000000000000000, -1.000000000000000000 ) ) ;
#1967 =( GEOMETRIC_REPRESENTATION_CONTEXT ( 3 ) GLOBAL_UNCERTAINTY_ASSIGNED_CONTEXT ( ( #5818 ) ) GLOBAL_UNIT_ASSIGNED_CONTEXT ( ( #2664, #5075, #276 ) ) REPRESENTATION_CONTEXT ( 'NONE', 'WORKASPACE' ) );
#1968 = DIRECTION ( 'NONE',  ( 0.000000000000000000, -1.000000000000000000, 0.000000000000000000 ) ) ;
#1969 = LINE ( 'NONE', #5397, #4682 ) ;
#1970 = DIRECTION ( 'NONE',  ( 1.000000000000000000, -0.000000000000000000, 0.000000000000000000 ) ) ;
#1971 = CARTESIAN_POINT ( 'NONE',  ( 0.7299999999999999822, -0.3750000000000001110, -0.9250000000000007105 ) ) ;
#1972 = EDGE_CURVE ( 'NONE', #3800, #1311, #5653, .T. ) ;
#1973 = MANIFOLD_SOLID_BREP ( 'Boss-Extrude3[11]', #37 ) ;
#1974 = CLOSED_SHELL ( 'NONE', ( #3166, #4739, #387, #2180, #2855, #2435 ) ) ;
#1975 = CARTESIAN_POINT ( 'NONE',  ( 0.7299999999999999822, -1.150000000000000133, 0.6249999999999996669 ) ) ;
#1976 = ORIENTED_EDGE ( 'NONE', *, *, #5244, .T. ) ;
#1977 = VECTOR ( 'NONE', #4664, 1000.000000000000000 ) ;
#1978 = DIRECTION ( 'NONE',  ( 1.000000000000000000, 0.000000000000000000, 0.000000000000000000 ) ) ;
#1979 = EDGE_CURVE ( 'NONE', #2201, #3067, #6266, .T. ) ;
#1980 = DIRECTION ( 'NONE',  ( 1.000000000000000000, 0.000000000000000000, 0.000000000000000000 ) ) ;
#1981 = CARTESIAN_POINT ( 'NONE',  ( 0.7299999999999999822, -0.6750000000000002665, 0.1249999999999996808 ) ) ;
#1982 = AXIS2_PLACEMENT_3D ( 'NONE', #3568, #4514, #5958 ) ;
#1983 = VERTEX_POINT ( 'NONE', #4701 ) ;
#1984 = ORIENTED_EDGE ( 'NONE', *, *, #988, .F. ) ;
#1985 = FILL_AREA_STYLE_COLOUR ( '', #5986 ) ;
#1986 = ADVANCED_FACE ( 'NONE', ( #352 ), #2564, .F. ) ;
#1987 = LINE ( 'NONE', #4851, #3486 ) ;
#1988 = STYLED_ITEM ( 'NONE', ( #5987 ), #548 ) ;
#1989 = LINE ( 'NONE', #2504, #5815 ) ;
#1990 = MECHANICAL_DESIGN_GEOMETRIC_PRESENTATION_REPRESENTATION (  '', ( #470 ), #5833 ) ;
#1991 = LINE ( 'NONE', #3936, #2911 ) ;
#1992 = ADVANCED_FACE ( 'NONE', ( #6124 ), #2075, .F. ) ;
#1993 = ORIENTED_EDGE ( 'NONE', *, *, #1756, .F. ) ;
#1994 = LINE ( 'NONE', #718, #770 ) ;
#1995 = FILL_AREA_STYLE_COLOUR ( '', #1847 ) ;
#1996 = CARTESIAN_POINT ( 'NONE',  ( 0.7299999999999999822, -0.6250000000000001110, -0.9250000000000007105 ) ) ;
#1997 = VERTEX_POINT ( 'NONE', #3582 ) ;
#1998 = CARTESIAN_POINT ( 'NONE',  ( 0.7299999999999999822, 0.1249999999999998890, 0.9250000000000002665 ) ) ;
#1999 = VECTOR ( 'NONE', #4462, 1000.000000000000000 ) ;
#2000 = AXIS2_PLACEMENT_3D ( 'NONE', #3162, #6006, #5570 ) ;
#2001 =( NAMED_UNIT ( * ) PLANE_ANGLE_UNIT ( ) SI_UNIT ( $, .RADIAN. ) );
#2002 =( GEOMETRIC_REPRESENTATION_CONTEXT ( 3 ) GLOBAL_UNCERTAINTY_ASSIGNED_CONTEXT ( ( #1553 ) ) GLOBAL_UNIT_ASSIGNED_CONTEXT ( ( #5058, #255, #2333 ) ) REPRESENTATION_CONTEXT ( 'NONE', 'WORKASPACE' ) );
#2003 = CARTESIAN_POINT ( 'NONE',  ( 0.7299999999999999822, 0.8749999999999998890, -1.400000000000000577 ) ) ;
#2004 = VECTOR ( 'NONE', #3480, 1000.000000000000000 ) ;
#2005 = VECTOR ( 'NONE', #2558, 1000.000000000000000 ) ;
#2006 = CARTESIAN_POINT ( 'NONE',  ( 0.7299999999999999822, -0.3750000000000001110, 1.400000000000000133 ) ) ;
#2007 = DIRECTION ( 'NONE',  ( 1.000000000000000000, 0.000000000000000000, -0.000000000000000000 ) ) ;
#2008 = COLOUR_RGB ( '',0.1019607843137254888, 0.1019607843137254888, 0.1019607843137254888 ) ;
#2009 =( GEOMETRIC_REPRESENTATION_CONTEXT ( 3 ) GLOBAL_UNCERTAINTY_ASSIGNED_CONTEXT ( ( #296 ) ) GLOBAL_UNIT_ASSIGNED_CONTEXT ( ( #3622, #3588, #782 ) ) REPRESENTATION_CONTEXT ( 'NONE', 'WORKASPACE' ) );
#2010 = CARTESIAN_POINT ( 'NONE',  ( 0.5300000000000000266, -0.6750000000000002665, 0.6249999999999996669 ) ) ;
#2011 = VECTOR ( 'NONE', #3487, 1000.000000000000000 ) ;
#2012 = VERTEX_POINT ( 'NONE', #2629 ) ;
#2013 = AXIS2_PLACEMENT_3D ( 'NONE', #1711, #6086, #1738 ) ;
#2014 = DIRECTION ( 'NONE',  ( 0.000000000000000000, 1.000000000000000000, 0.000000000000000000 ) ) ;
#2015 = SURFACE_STYLE_USAGE ( .BOTH. , #2493 ) ;
#2016 = CARTESIAN_POINT ( 'NONE',  ( 0.7299999999999999822, 0.1249999999999998890, 0.9250000000000002665 ) ) ;
#2017 = EDGE_CURVE ( 'NONE', #3186, #4760, #1153, .T. ) ;
#2018 = AXIS2_PLACEMENT_3D ( 'NONE', #4524, #5930, #4993 ) ;
#2019 = SURFACE_STYLE_FILL_AREA ( #4060 ) ;
#2020 = LINE ( 'NONE', #501, #957 ) ;
#2021 = ORIENTED_EDGE ( 'NONE', *, *, #4441, .F. ) ;
#2022 = MANIFOLD_SOLID_BREP ( 'Boss-Extrude3[3]', #4614 ) ;
#2023 = EDGE_LOOP ( 'NONE', ( #551, #2807, #3360, #2668 ) ) ;
#2024 =( NAMED_UNIT ( * ) SI_UNIT ( $, .STERADIAN. ) SOLID_ANGLE_UNIT ( ) );
#2025 = DIRECTION ( 'NONE',  ( 0.000000000000000000, 1.000000000000000000, 0.000000000000000000 ) ) ;
#2026 = PLANE ( 'NONE',  #181 ) ;
#2027 = EDGE_CURVE ( 'NONE', #2478, #4972, #4830, .T. ) ;
#2028 = LINE ( 'NONE', #3457, #3946 ) ;
#2029 = ORIENTED_EDGE ( 'NONE', *, *, #3056, .T. ) ;
#2030 = DIRECTION ( 'NONE',  ( 0.000000000000000000, 1.000000000000000000, 0.000000000000000000 ) ) ;
#2031 = FACE_BOUND ( 'NONE', #1871, .T. ) ;
#2032 = PLANE ( 'NONE',  #2505 ) ;
#2033 = ORIENTED_EDGE ( 'NONE', *, *, #4466, .F. ) ;
#2034 = LINE ( 'NONE', #608, #4344 ) ;
#2035 = CARTESIAN_POINT ( 'NONE',  ( 0.5300000000000000266, -0.6750000000000002665, -0.6250000000000003331 ) ) ;
#2036 =( NAMED_UNIT ( * ) SI_UNIT ( $, .STERADIAN. ) SOLID_ANGLE_UNIT ( ) );
#2037 = DIRECTION ( 'NONE',  ( 0.000000000000000000, 0.000000000000000000, 1.000000000000000000 ) ) ;
#2038 = DIRECTION ( 'NONE',  ( -0.000000000000000000, 0.000000000000000000, -1.000000000000000000 ) ) ;
#2039 = ADVANCED_FACE ( 'NONE', ( #4299 ), #4803, .F. ) ;
#2040 = ORIENTED_EDGE ( 'NONE', *, *, #2297, .T. ) ;
#2041 = EDGE_CURVE ( 'NONE', #1120, #2201, #5745, .T. ) ;
#2042 =( NAMED_UNIT ( * ) SI_UNIT ( $, .STERADIAN. ) SOLID_ANGLE_UNIT ( ) );
#2043 = LINE ( 'NONE', #5404, #5751 ) ;
#2044 = ORIENTED_EDGE ( 'NONE', *, *, #3785, .F. ) ;
#2045 = ORIENTED_EDGE ( 'NONE', *, *, #84, .F. ) ;
#2046 = CIRCLE ( 'NONE', #937, 0.1750560047594175161 ) ;
#2047 = PRESENTATION_STYLE_ASSIGNMENT (( #3997 ) ) ;
#2048 = CARTESIAN_POINT ( 'NONE',  ( 0.1000000000000000056, 0.8556308804057267681, -1.128932602121957007 ) ) ;
#2049 =( LENGTH_UNIT ( ) NAMED_UNIT ( * ) SI_UNIT ( .MILLI., .METRE. ) );
#2050 = DIRECTION ( 'NONE',  ( -0.000000000000000000, -0.000000000000000000, 1.000000000000000000 ) ) ;
#2051 = ADVANCED_FACE ( 'NONE', ( #5807 ), #2805, .F. ) ;
#2052 = DIRECTION ( 'NONE',  ( 1.000000000000000000, 0.000000000000000000, 0.000000000000000000 ) ) ;
#2053 = DIRECTION ( 'NONE',  ( -0.000000000000000000, 1.000000000000000000, -0.000000000000000000 ) ) ;
#2054 = ORIENTED_EDGE ( 'NONE', *, *, #5331, .F. ) ;
#2055 =( LENGTH_UNIT ( ) NAMED_UNIT ( * ) SI_UNIT ( .MILLI., .METRE. ) );
#2056 = ADVANCED_FACE ( 'NONE', ( #2332 ), #5250, .F. ) ;
#2057 = FACE_BOUND ( 'NONE', #383, .T. ) ;
#2058 = ORIENTED_EDGE ( 'NONE', *, *, #2653, .F. ) ;
#2059 = DIRECTION ( 'NONE',  ( 0.000000000000000000, 0.000000000000000000, -1.000000000000000000 ) ) ;
#2060 = UNCERTAINTY_MEASURE_WITH_UNIT (LENGTH_MEASURE( 1.000000000000000082E-05 ), #6188, 'distance_accuracy_value', 'NONE');
#2061 = SURFACE_STYLE_FILL_AREA ( #3079 ) ;
#2062 = CARTESIAN_POINT ( 'NONE',  ( 0.7299999999999999822, 0.1249999999999998890, 0.9250000000000002665 ) ) ;
#2063 =( NAMED_UNIT ( * ) PLANE_ANGLE_UNIT ( ) SI_UNIT ( $, .RADIAN. ) );
#2064 = VECTOR ( 'NONE', #4315, 1000.000000000000000 ) ;
#2065 = DIRECTION ( 'NONE',  ( 0.000000000000000000, 0.000000000000000000, -1.000000000000000000 ) ) ;
#2066 = EDGE_CURVE ( 'NONE', #2298, #1358, #5894, .T. ) ;
#2067 = EDGE_CURVE ( 'NONE', #4041, #3194, #3049, .T. ) ;
#2068 = ORIENTED_EDGE ( 'NONE', *, *, #4174, .T. ) ;
#2069 = AXIS2_PLACEMENT_3D ( 'NONE', #5820, #563, #4443 ) ;
#2070 = CARTESIAN_POINT ( 'NONE',  ( 0.7299999999999999822, -0.1250000000000001110, 1.400000000000000133 ) ) ;
#2071 = DIRECTION ( 'NONE',  ( -1.000000000000000000, -0.000000000000000000, -0.000000000000000000 ) ) ;
#2072 = ORIENTED_EDGE ( 'NONE', *, *, #2517, .T. ) ;
#2073 = MANIFOLD_SOLID_BREP ( 'Boss-Extrude3[5]', #1877 ) ;
#2074 = ORIENTED_EDGE ( 'NONE', *, *, #155, .F. ) ;
#2075 = PLANE ( 'NONE',  #5787 ) ;
#2076 = CARTESIAN_POINT ( 'NONE',  ( 0.5300000000000000266, 1.150000000000000133, -0.3750000000000003331 ) ) ;
#2077 =( NAMED_UNIT ( * ) SI_UNIT ( $, .STERADIAN. ) SOLID_ANGLE_UNIT ( ) );
#2078 = VECTOR ( 'NONE', #3983, 1000.000000000000000 ) ;
#2079 = LINE ( 'NONE', #4095, #3710 ) ;
#2080 = DIRECTION ( 'NONE',  ( 0.000000000000000000, 1.000000000000000000, 0.000000000000000000 ) ) ;
#2081 = EDGE_LOOP ( 'NONE', ( #6093, #5996 ) ) ;
#2082 = UNCERTAINTY_MEASURE_WITH_UNIT (LENGTH_MEASURE( 1.000000000000000082E-05 ), #2936, 'distance_accuracy_value', 'NONE');
#2083 =( LENGTH_UNIT ( ) NAMED_UNIT ( * ) SI_UNIT ( .MILLI., .METRE. ) );
#2084 = STYLED_ITEM ( 'NONE', ( #5275 ), #263 ) ;
#2085 = PRESENTATION_STYLE_ASSIGNMENT (( #4039 ) ) ;
#2086 = EDGE_LOOP ( 'NONE', ( #454, #2186, #3964, #3309 ) ) ;
#2087 = UNCERTAINTY_MEASURE_WITH_UNIT (LENGTH_MEASURE( 1.000000000000000082E-05 ), #57, 'distance_accuracy_value', 'NONE');
#2088 = DIRECTION ( 'NONE',  ( -0.000000000000000000, 0.000000000000000000, -1.000000000000000000 ) ) ;
#2089 = DIRECTION ( 'NONE',  ( 1.000000000000000000, -0.000000000000000000, -0.000000000000000000 ) ) ;
#2090 = EDGE_CURVE ( 'NONE', #4632, #3067, #5959, .T. ) ;
#2091 =( GEOMETRIC_REPRESENTATION_CONTEXT ( 3 ) GLOBAL_UNCERTAINTY_ASSIGNED_CONTEXT ( ( #4572 ) ) GLOBAL_UNIT_ASSIGNED_CONTEXT ( ( #214, #3208, #5146 ) ) REPRESENTATION_CONTEXT ( 'NONE', 'WORKASPACE' ) );
#2092 = VECTOR ( 'NONE', #6199, 1000.000000000000000 ) ;
#2093 = PLANE ( 'NONE',  #1982 ) ;
#2094 = CARTESIAN_POINT ( 'NONE',  ( 0.5300000000000000266, 0.6249999999999998890, -1.400000000000000577 ) ) ;
#2095 = CARTESIAN_POINT ( 'NONE',  ( 0.1000000000000000056, 0.8556308804057267681, -1.303988606881374412 ) ) ;
#2096 = CIRCLE ( 'NONE', #4435, 0.1750560047594175161 ) ;
#2097 =( GEOMETRIC_REPRESENTATION_CONTEXT ( 3 ) GLOBAL_UNCERTAINTY_ASSIGNED_CONTEXT ( ( #2082 ) ) GLOBAL_UNIT_ASSIGNED_CONTEXT ( ( #2936, #2964, #4305 ) ) REPRESENTATION_CONTEXT ( 'NONE', 'WORKASPACE' ) );
#2098 = LINE ( 'NONE', #5992, #4950 ) ;
#2099 = UNCERTAINTY_MEASURE_WITH_UNIT (LENGTH_MEASURE( 1.000000000000000082E-05 ), #185, 'distance_accuracy_value', 'NONE');
#2100 = EDGE_CURVE ( 'NONE', #2924, #3580, #1109, .T. ) ;
#2101 = DIRECTION ( 'NONE',  ( 1.000000000000000000, -0.000000000000000000, 0.000000000000000000 ) ) ;
#2102 = STYLED_ITEM ( 'NONE', ( #3794 ), #1421 ) ;
#2103 = MECHANICAL_DESIGN_GEOMETRIC_PRESENTATION_REPRESENTATION (  '', ( #1799 ), #1906 ) ;
#2104 = EDGE_LOOP ( 'NONE', ( #2317, #355, #5650, #5577 ) ) ;
#2105 = STYLED_ITEM ( 'NONE', ( #2533 ), #3740 ) ;
#2106 = AXIS2_PLACEMENT_3D ( 'NONE', #1130, #2155, #5008 ) ;
#2107 = FACE_OUTER_BOUND ( 'NONE', #6018, .T. ) ;
#2108 = VECTOR ( 'NONE', #1837, 1000.000000000000000 ) ;
#2109 = FILL_AREA_STYLE_COLOUR ( '', #2312 ) ;
#2110 = ORIENTED_EDGE ( 'NONE', *, *, #5410, .T. ) ;
#2111 = VECTOR ( 'NONE', #2287, 1000.000000000000000 ) ;
#2112 = ORIENTED_EDGE ( 'NONE', *, *, #4644, .T. ) ;
#2113 =( GEOMETRIC_REPRESENTATION_CONTEXT ( 3 ) GLOBAL_UNCERTAINTY_ASSIGNED_CONTEXT ( ( #2970 ) ) GLOBAL_UNIT_ASSIGNED_CONTEXT ( ( #1125, #749, #1703 ) ) REPRESENTATION_CONTEXT ( 'NONE', 'WORKASPACE' ) );
#2114 = SURFACE_STYLE_USAGE ( .BOTH. , #1519 ) ;
#2115 = CARTESIAN_POINT ( 'NONE',  ( 0.7299999999999999822, 0.6249999999999998890, -0.9250000000000007105 ) ) ;
#2116 = EDGE_CURVE ( 'NONE', #5360, #3388, #1969, .T. ) ;
#2117 = CARTESIAN_POINT ( 'NONE',  ( 0.7299999999999999822, -0.1250000000000001110, 1.400000000000000133 ) ) ;
#2118 = ORIENTED_EDGE ( 'NONE', *, *, #1590, .F. ) ;
#2119 = LINE ( 'NONE', #6013, #636 ) ;
#2120 = CARTESIAN_POINT ( 'NONE',  ( 0.5300000000000000266, 1.150000000000000133, -0.1250000000000003331 ) ) ;
#2121 = LINE ( 'NONE', #4163, #2199 ) ;
#2122 = FILL_AREA_STYLE_COLOUR ( '', #4303 ) ;
#2123 = ORIENTED_EDGE ( 'NONE', *, *, #1664, .F. ) ;
#2124 = FACE_OUTER_BOUND ( 'NONE', #774, .T. ) ;
#2125 = SURFACE_STYLE_USAGE ( .BOTH. , #2159 ) ;
#2126 = ORIENTED_EDGE ( 'NONE', *, *, #3980, .F. ) ;
#2127 = PRESENTATION_STYLE_ASSIGNMENT (( #1302 ) ) ;
#2128 = PLANE ( 'NONE',  #990 ) ;
#2129 = CARTESIAN_POINT ( 'NONE',  ( 0.5300000000000000266, 1.150000000000000133, 0.1249999999999996808 ) ) ;
#2130 = DIRECTION ( 'NONE',  ( 0.000000000000000000, 0.000000000000000000, 1.000000000000000000 ) ) ;
#2131 = CARTESIAN_POINT ( 'NONE',  ( 0.5300000000000000266, 0.6249999999999998890, -1.400000000000000577 ) ) ;
#2132 = MANIFOLD_SOLID_BREP ( 'Boss-Extrude3[7]', #4204 ) ;
#2133 = UNCERTAINTY_MEASURE_WITH_UNIT (LENGTH_MEASURE( 1.000000000000000082E-05 ), #5382, 'distance_accuracy_value', 'NONE');
#2134 = SURFACE_SIDE_STYLE ('',( #5152 ) ) ;
#2135 = ORIENTED_EDGE ( 'NONE', *, *, #4999, .T. ) ;
#2136 = EDGE_CURVE ( 'NONE', #4171, #2637, #1499, .T. ) ;
#2137 = SURFACE_SIDE_STYLE ('',( #5526 ) ) ;
#2138 = FACE_OUTER_BOUND ( 'NONE', #3813, .T. ) ;
#2139 =( LENGTH_UNIT ( ) NAMED_UNIT ( * ) SI_UNIT ( .MILLI., .METRE. ) );
#2140 = ORIENTED_EDGE ( 'NONE', *, *, #3821, .T. ) ;
#2141 = ORIENTED_EDGE ( 'NONE', *, *, #5941, .T. ) ;
#2142 = CARTESIAN_POINT ( 'NONE',  ( 0.5300000000000000266, -0.1250000000000001110, 1.400000000000000133 ) ) ;
#2143 = SURFACE_SIDE_STYLE ('',( #3657 ) ) ;
#2144 = DIRECTION ( 'NONE',  ( -0.000000000000000000, 0.000000000000000000, -1.000000000000000000 ) ) ;
#2145 = STYLED_ITEM ( 'NONE', ( #321 ), #1986 ) ;
#2146 = CARTESIAN_POINT ( 'NONE',  ( 0.5300000000000000266, 0.6249999999999998890, -0.9250000000000007105 ) ) ;
#2147 = LINE ( 'NONE', #5537, #3845 ) ;
#2148 = ORIENTED_EDGE ( 'NONE', *, *, #5656, .F. ) ;
#2149 = VECTOR ( 'NONE', #1123, 1000.000000000000000 ) ;
#2150 = EDGE_CURVE ( 'NONE', #3830, #4329, #708, .T. ) ;
#2151 = UNCERTAINTY_MEASURE_WITH_UNIT (LENGTH_MEASURE( 1.000000000000000082E-05 ), #922, 'distance_accuracy_value', 'NONE');
#2152 = VECTOR ( 'NONE', #5080, 1000.000000000000000 ) ;
#2153 = DIRECTION ( 'NONE',  ( 1.000000000000000000, -0.000000000000000000, 0.000000000000000000 ) ) ;
#2154 = EDGE_CURVE ( 'NONE', #5256, #5873, #1746, .T. ) ;
#2155 = DIRECTION ( 'NONE',  ( 1.000000000000000000, -0.000000000000000000, 0.000000000000000000 ) ) ;
#2156 = DIRECTION ( 'NONE',  ( 1.000000000000000000, -0.000000000000000000, -0.000000000000000000 ) ) ;
#2157 = DIRECTION ( 'NONE',  ( -1.000000000000000000, -0.000000000000000000, -0.000000000000000000 ) ) ;
#2158 = ORIENTED_EDGE ( 'NONE', *, *, #4645, .F. ) ;
#2159 = SURFACE_SIDE_STYLE ('',( #5141 ) ) ;
#2160 = ORIENTED_EDGE ( 'NONE', *, *, #4933, .F. ) ;
#2161 = LINE ( 'NONE', #4077, #357 ) ;
#2162 = CARTESIAN_POINT ( 'NONE',  ( 0.5300000000000000266, 0.1249999999999998890, 0.9250000000000002665 ) ) ;
#2163 = PRESENTATION_STYLE_ASSIGNMENT (( #5675 ) ) ;
#2164 = AXIS2_PLACEMENT_3D ( 'NONE', #4355, #538, #5326 ) ;
#2165 = ORIENTED_EDGE ( 'NONE', *, *, #1459, .F. ) ;
#2166 = PLANE ( 'NONE',  #1695 ) ;
#2167 = PRESENTATION_STYLE_ASSIGNMENT (( #5902 ) ) ;
#2168 = CARTESIAN_POINT ( 'NONE',  ( 0.7299999999999999822, 0.1249999999999998890, 1.400000000000000133 ) ) ;
#2169 = ORIENTED_EDGE ( 'NONE', *, *, #5394, .F. ) ;
#2170 = VERTEX_POINT ( 'NONE', #1679 ) ;
#2171 = PRESENTATION_LAYER_ASSIGNMENT (  '', '', ( #5409 ) ) ;
#2172 = DIRECTION ( 'NONE',  ( 0.000000000000000000, 0.000000000000000000, -1.000000000000000000 ) ) ;
#2173 = ADVANCED_FACE ( 'NONE', ( #1304 ), #761, .F. ) ;
#2174 =( NAMED_UNIT ( * ) PLANE_ANGLE_UNIT ( ) SI_UNIT ( $, .RADIAN. ) );
#2175 = CARTESIAN_POINT ( 'NONE',  ( 0.5300000000000000266, -0.1250000000000001110, 0.9250000000000002665 ) ) ;
#2176 = COLOUR_RGB ( '',0.1019607843137254888, 0.1019607843137254888, 0.1019607843137254888 ) ;
#2177 = DIRECTION ( 'NONE',  ( 0.000000000000000000, -0.000000000000000000, -1.000000000000000000 ) ) ;
#2178 = LINE ( 'NONE', #235, #6056 ) ;
#2179 = VERTEX_POINT ( 'NONE', #5177 ) ;
#2180 = ADVANCED_FACE ( 'NONE', ( #2257 ), #1773, .F. ) ;
#2181 = PRESENTATION_STYLE_ASSIGNMENT (( #238 ) ) ;
#2182 = CARTESIAN_POINT ( 'NONE',  ( 0.7299999999999999822, 0.6750000000000002665, 0.1249999999999996808 ) ) ;
#2183 = DIRECTION ( 'NONE',  ( 1.000000000000000000, -0.000000000000000000, -0.000000000000000000 ) ) ;
#2184 = STYLED_ITEM ( 'NONE', ( #579 ), #163 ) ;
#2185 = CARTESIAN_POINT ( 'NONE',  ( 0.5300000000000000266, 0.1249999999999998890, -1.400000000000000577 ) ) ;
#2186 = ORIENTED_EDGE ( 'NONE', *, *, #2234, .F. ) ;
#2187 = CARTESIAN_POINT ( 'NONE',  ( 0.7299999999999999822, -0.6250000000000001110, 0.9250000000000002665 ) ) ;
#2188 = DIRECTION ( 'NONE',  ( 0.000000000000000000, 0.000000000000000000, -1.000000000000000000 ) ) ;
#2189 = ORIENTED_EDGE ( 'NONE', *, *, #527, .F. ) ;
#2190 = PRESENTATION_LAYER_ASSIGNMENT (  '', '', ( #868 ) ) ;
#2191 = SURFACE_SIDE_STYLE ('',( #3245 ) ) ;
#2192 = PRESENTATION_STYLE_ASSIGNMENT (( #3630 ) ) ;
#2193 = CARTESIAN_POINT ( 'NONE',  ( 0.7299999999999999822, -0.8750000000000001110, 0.9250000000000002665 ) ) ;
#2194 = FILL_AREA_STYLE ('',( #2671 ) ) ;
#2195 = SURFACE_SIDE_STYLE ('',( #291 ) ) ;
#2196 = VECTOR ( 'NONE', #4294, 1000.000000000000000 ) ;
#2197 = ADVANCED_FACE ( 'NONE', ( #2640 ), #2128, .F. ) ;
#2198 = VECTOR ( 'NONE', #3302, 1000.000000000000000 ) ;
#2199 = VECTOR ( 'NONE', #239, 1000.000000000000000 ) ;
#2200 = CARTESIAN_POINT ( 'NONE',  ( 0.5300000000000000266, -0.6750000000000002665, -0.6250000000000003331 ) ) ;
#2201 = VERTEX_POINT ( 'NONE', #246 ) ;
#2202 = VECTOR ( 'NONE', #4119, 1000.000000000000000 ) ;
#2203 =( LENGTH_UNIT ( ) NAMED_UNIT ( * ) SI_UNIT ( .MILLI., .METRE. ) );
#2204 = UNCERTAINTY_MEASURE_WITH_UNIT (LENGTH_MEASURE( 1.000000000000000082E-05 ), #2670, 'distance_accuracy_value', 'NONE');
#2205 = VECTOR ( 'NONE', #2335, 1000.000000000000000 ) ;
#2206 = CARTESIAN_POINT ( 'NONE',  ( 0.5300000000000000266, 0.1249999999999998890, -1.400000000000000577 ) ) ;
#2207 = VECTOR ( 'NONE', #4781, 1000.000000000000000 ) ;
#2208 = ORIENTED_EDGE ( 'NONE', *, *, #2874, .T. ) ;
#2209 = MECHANICAL_DESIGN_GEOMETRIC_PRESENTATION_REPRESENTATION (  '', ( #3739 ), #5842 ) ;
#2210 = PRESENTATION_LAYER_ASSIGNMENT (  '', '', ( #2502 ) ) ;
#2211 = AXIS2_PLACEMENT_3D ( 'NONE', #1629, #619, #3550 ) ;
#2212 = VERTEX_POINT ( 'NONE', #3150 ) ;
#2213 = ADVANCED_FACE ( 'NONE', ( #5989 ), #734, .F. ) ;
#2214 = CARTESIAN_POINT ( 'NONE',  ( 0.5300000000000000266, 0.6750000000000002665, -0.3750000000000003331 ) ) ;
#2215 = DIRECTION ( 'NONE',  ( 0.000000000000000000, 0.000000000000000000, -1.000000000000000000 ) ) ;
#2216 = VECTOR ( 'NONE', #1528, 1000.000000000000000 ) ;
#2217 = PLANE ( 'NONE',  #995 ) ;
#2218 = STYLED_ITEM ( 'NONE', ( #369 ), #2607 ) ;
#2219 = ORIENTED_EDGE ( 'NONE', *, *, #6083, .F. ) ;
#2220 = LINE ( 'NONE', #3101, #2362 ) ;
#2221 = MANIFOLD_SOLID_BREP ( 'Boss-Extrude3[13]', #5617 ) ;
#2222 = CARTESIAN_POINT ( 'NONE',  ( 0.5300000000000000266, 0.6750000000000002665, 0.1249999999999996808 ) ) ;
#2223 = LINE ( 'NONE', #3663, #3731 ) ;
#2224 = LINE ( 'NONE', #3106, #5906 ) ;
#2225 = EDGE_CURVE ( 'NONE', #2347, #2820, #380, .T. ) ;
#2226 = ORIENTED_EDGE ( 'NONE', *, *, #3715, .F. ) ;
#2227 = FACE_OUTER_BOUND ( 'NONE', #3235, .T. ) ;
#2228 = ORIENTED_EDGE ( 'NONE', *, *, #1569, .T. ) ;
#2229 = FILL_AREA_STYLE_COLOUR ( '', #2799 ) ;
#2230 =( NAMED_UNIT ( * ) SI_UNIT ( $, .STERADIAN. ) SOLID_ANGLE_UNIT ( ) );
#2231 = ORIENTED_EDGE ( 'NONE', *, *, #3167, .F. ) ;
#2232 = SURFACE_SIDE_STYLE ('',( #2701 ) ) ;
#2233 = DIRECTION ( 'NONE',  ( -0.000000000000000000, -1.000000000000000000, -0.000000000000000000 ) ) ;
#2234 = EDGE_CURVE ( 'NONE', #5380, #5085, #3344, .T. ) ;
#2235 = VERTEX_POINT ( 'NONE', #477 ) ;
#2236 = DIRECTION ( 'NONE',  ( 0.000000000000000000, -1.000000000000000000, 0.000000000000000000 ) ) ;
#2237 = EDGE_CURVE ( 'NONE', #1769, #241, #2325, .T. ) ;
#2238 = UNCERTAINTY_MEASURE_WITH_UNIT (LENGTH_MEASURE( 1.000000000000000082E-05 ), #267, 'distance_accuracy_value', 'NONE');
#2239 = ORIENTED_EDGE ( 'NONE', *, *, #2712, .F. ) ;
#2240 = CARTESIAN_POINT ( 'NONE',  ( 0.7299999999999999822, 0.3749999999999998890, 0.9250000000000002665 ) ) ;
#2241 =( NAMED_UNIT ( * ) PLANE_ANGLE_UNIT ( ) SI_UNIT ( $, .RADIAN. ) );
#2242 = VECTOR ( 'NONE', #3236, 1000.000000000000000 ) ;
#2243 = DIRECTION ( 'NONE',  ( 1.000000000000000000, -0.000000000000000000, -0.000000000000000000 ) ) ;
#2244 = FACE_OUTER_BOUND ( 'NONE', #132, .T. ) ;
#2245 = ORIENTED_EDGE ( 'NONE', *, *, #4493, .F. ) ;
#2246 = ORIENTED_EDGE ( 'NONE', *, *, #3304, .T. ) ;
#2247 = LINE ( 'NONE', #2222, #1295 ) ;
#2248 =( GEOMETRIC_REPRESENTATION_CONTEXT ( 3 ) GLOBAL_UNCERTAINTY_ASSIGNED_CONTEXT ( ( #1113 ) ) GLOBAL_UNIT_ASSIGNED_CONTEXT ( ( #4177, #1752, #3092 ) ) REPRESENTATION_CONTEXT ( 'NONE', 'WORKASPACE' ) );
#2249 = DIRECTION ( 'NONE',  ( 0.000000000000000000, -1.000000000000000000, 0.000000000000000000 ) ) ;
#2250 = EDGE_CURVE ( 'NONE', #4908, #5933, #1433, .T. ) ;
#2251 = ORIENTED_EDGE ( 'NONE', *, *, #155, .T. ) ;
#2252 = CARTESIAN_POINT ( 'NONE',  ( 0.5300000000000000266, 1.150000000000000133, 0.1249999999999996808 ) ) ;
#2253 = LINE ( 'NONE', #4791, #2108 ) ;
#2254 = ORIENTED_EDGE ( 'NONE', *, *, #944, .T. ) ;
#2255 = PRESENTATION_LAYER_ASSIGNMENT (  '', '', ( #3471 ) ) ;
#2256 = EDGE_CURVE ( 'NONE', #2892, #6148, #4822, .T. ) ;
#2257 = FACE_OUTER_BOUND ( 'NONE', #528, .T. ) ;
#2258 = ORIENTED_EDGE ( 'NONE', *, *, #5264, .F. ) ;
#2259 =( LENGTH_UNIT ( ) NAMED_UNIT ( * ) SI_UNIT ( .MILLI., .METRE. ) );
#2260 = ORIENTED_EDGE ( 'NONE', *, *, #3115, .T. ) ;
#2261 = VECTOR ( 'NONE', #2996, 1000.000000000000000 ) ;
#2262 = SURFACE_STYLE_USAGE ( .BOTH. , #2741 ) ;
#2263 = EDGE_CURVE ( 'NONE', #5796, #3099, #1402, .T. ) ;
#2264 = EDGE_CURVE ( 'NONE', #290, #1997, #6209, .T. ) ;
#2265 =( NAMED_UNIT ( * ) PLANE_ANGLE_UNIT ( ) SI_UNIT ( $, .RADIAN. ) );
#2266 = LINE ( 'NONE', #5096, #5534 ) ;
#2267 = VECTOR ( 'NONE', #809, 1000.000000000000000 ) ;
#2268 = CARTESIAN_POINT ( 'NONE',  ( 0.7299999999999999822, -0.1250000000000001110, -1.400000000000000577 ) ) ;
#2269 = DIRECTION ( 'NONE',  ( 0.000000000000000000, 1.000000000000000000, 0.000000000000000000 ) ) ;
#2270 = DIRECTION ( 'NONE',  ( 1.000000000000000000, 0.000000000000000000, -0.000000000000000000 ) ) ;
#2271 = CARTESIAN_POINT ( 'NONE',  ( 0.7299999999999999822, 1.150000000000000133, 0.1249999999999996808 ) ) ;
#2272 = ORIENTED_EDGE ( 'NONE', *, *, #5422, .T. ) ;
#2273 = ORIENTED_EDGE ( 'NONE', *, *, #5566, .T. ) ;
#2274 = LINE ( 'NONE', #4784, #2746 ) ;
#2275 = FACE_OUTER_BOUND ( 'NONE', #2755, .T. ) ;
#2276 = CARTESIAN_POINT ( 'NONE',  ( 0.5300000000000000266, -1.150000000000000133, 0.6249999999999996669 ) ) ;
#2277 = COLOUR_RGB ( '',0.1019607843137254888, 0.1019607843137254888, 0.1019607843137254888 ) ;
#2278 = EDGE_LOOP ( 'NONE', ( #4181, #5678, #3712, #2135 ) ) ;
#2279 = CARTESIAN_POINT ( 'NONE',  ( 0.5300000000000000266, -0.3750000000000001110, -0.9250000000000007105 ) ) ;
#2280 = CARTESIAN_POINT ( 'NONE',  ( 0.1000000000000000056, 0.8556308804057267681, -0.9538765973625393801 ) ) ;
#2281 = DIRECTION ( 'NONE',  ( -1.000000000000000000, 0.000000000000000000, -0.000000000000000000 ) ) ;
#2282 = ORIENTED_EDGE ( 'NONE', *, *, #1022, .T. ) ;
#2283 = CARTESIAN_POINT ( 'NONE',  ( 0.5300000000000000266, -0.6750000000000002665, 0.3749999999999996669 ) ) ;
#2284 =( GEOMETRIC_REPRESENTATION_CONTEXT ( 3 ) GLOBAL_UNCERTAINTY_ASSIGNED_CONTEXT ( ( #1202 ) ) GLOBAL_UNIT_ASSIGNED_CONTEXT ( ( #5125, #2302, #5593 ) ) REPRESENTATION_CONTEXT ( 'NONE', 'WORKASPACE' ) );
#2285 = CARTESIAN_POINT ( 'NONE',  ( 0.5300000000000000266, -0.1250000000000001110, 1.400000000000000133 ) ) ;
#2286 = ORIENTED_EDGE ( 'NONE', *, *, #2662, .F. ) ;
#2287 = DIRECTION ( 'NONE',  ( 0.000000000000000000, 0.000000000000000000, -1.000000000000000000 ) ) ;
#2288 = ADVANCED_FACE ( 'NONE', ( #4227 ), #6145, .F. ) ;
#2289 =( GEOMETRIC_REPRESENTATION_CONTEXT ( 3 ) GLOBAL_UNCERTAINTY_ASSIGNED_CONTEXT ( ( #5505 ) ) GLOBAL_UNIT_ASSIGNED_CONTEXT ( ( #6114, #1267, #2669 ) ) REPRESENTATION_CONTEXT ( 'NONE', 'WORKASPACE' ) );
#2290 = FACE_OUTER_BOUND ( 'NONE', #3829, .T. ) ;
#2291 = ORIENTED_EDGE ( 'NONE', *, *, #4484, .F. ) ;
#2292 = ORIENTED_EDGE ( 'NONE', *, *, #1083, .T. ) ;
#2293 = SURFACE_STYLE_USAGE ( .BOTH. , #1606 ) ;
#2294 = COLOUR_RGB ( '',0.1019607843137254888, 0.1019607843137254888, 0.1019607843137254888 ) ;
#2295 = COLOUR_RGB ( '',0.1019607843137254888, 0.1019607843137254888, 0.1019607843137254888 ) ;
#2296 = SURFACE_STYLE_USAGE ( .BOTH. , #740 ) ;
#2297 = EDGE_CURVE ( 'NONE', #1892, #5211, #6274, .T. ) ;
#2298 = VERTEX_POINT ( 'NONE', #3763 ) ;
#2299 = SURFACE_STYLE_USAGE ( .BOTH. , #356 ) ;
#2300 = AXIS2_PLACEMENT_3D ( 'NONE', #3355, #5714, #2398 ) ;
#2301 = FILL_AREA_STYLE_COLOUR ( '', #5732 ) ;
#2302 =( NAMED_UNIT ( * ) PLANE_ANGLE_UNIT ( ) SI_UNIT ( $, .RADIAN. ) );
#2303 =( GEOMETRIC_REPRESENTATION_CONTEXT ( 3 ) GLOBAL_UNCERTAINTY_ASSIGNED_CONTEXT ( ( #4511 ) ) GLOBAL_UNIT_ASSIGNED_CONTEXT ( ( #737, #1749, #5489 ) ) REPRESENTATION_CONTEXT ( 'NONE', 'WORKASPACE' ) );
#2304 = VECTOR ( 'NONE', #2050, 1000.000000000000000 ) ;
#2305 = CARTESIAN_POINT ( 'NONE',  ( 0.5300000000000000266, -0.6750000000000002665, -0.1250000000000003331 ) ) ;
#2306 = DIRECTION ( 'NONE',  ( -0.000000000000000000, -1.000000000000000000, -0.000000000000000000 ) ) ;
#2307 = ORIENTED_EDGE ( 'NONE', *, *, #4044, .T. ) ;
#2308 = AXIS2_PLACEMENT_3D ( 'NONE', #5616, #1277, #5215 ) ;
#2309 = PRESENTATION_LAYER_ASSIGNMENT (  '', '', ( #5851 ) ) ;
#2310 = ORIENTED_EDGE ( 'NONE', *, *, #2648, .T. ) ;
#2311 = PRESENTATION_LAYER_ASSIGNMENT (  '', '', ( #892 ) ) ;
#2312 = COLOUR_RGB ( '',0.1019607843137254888, 0.1019607843137254888, 0.1019607843137254888 ) ;
#2313 = EDGE_CURVE ( 'NONE', #5680, #3284, #5672, .T. ) ;
#2314 = DIRECTION ( 'NONE',  ( 1.000000000000000000, -0.000000000000000000, -0.000000000000000000 ) ) ;
#2315 = MECHANICAL_DESIGN_GEOMETRIC_PRESENTATION_REPRESENTATION (  '', ( #792 ), #3230 ) ;
#2316 = LINE ( 'NONE', #1393, #2580 ) ;
#2317 = ORIENTED_EDGE ( 'NONE', *, *, #4279, .T. ) ;
#2318 = AXIS2_PLACEMENT_3D ( 'NONE', #890, #1812, #4356 ) ;
#2319 = DIRECTION ( 'NONE',  ( 0.000000000000000000, 0.000000000000000000, -1.000000000000000000 ) ) ;
#2320 = FILL_AREA_STYLE_COLOUR ( '', #2981 ) ;
#2321 = FACE_OUTER_BOUND ( 'NONE', #5682, .T. ) ;
#2322 = ORIENTED_EDGE ( 'NONE', *, *, #779, .T. ) ;
#2323 = PLANE ( 'NONE',  #3102 ) ;
#2324 = CARTESIAN_POINT ( 'NONE',  ( 0.1000000000000000056, 0.8556308804057267681, -0.9538765973625393801 ) ) ;
#2325 = LINE ( 'NONE', #5327, #3330 ) ;
#2326 = ORIENTED_EDGE ( 'NONE', *, *, #642, .F. ) ;
#2327 = DIRECTION ( 'NONE',  ( 0.000000000000000000, -0.000000000000000000, 1.000000000000000000 ) ) ;
#2328 = MECHANICAL_DESIGN_GEOMETRIC_PRESENTATION_REPRESENTATION (  '', ( #6159 ), #54 ) ;
#2329 = PRESENTATION_STYLE_ASSIGNMENT (( #1437 ) ) ;
#2330 = ORIENTED_EDGE ( 'NONE', *, *, #6011, .F. ) ;
#2331 = VERTEX_POINT ( 'NONE', #1335 ) ;
#2332 = FACE_OUTER_BOUND ( 'NONE', #2625, .T. ) ;
#2333 =( NAMED_UNIT ( * ) SI_UNIT ( $, .STERADIAN. ) SOLID_ANGLE_UNIT ( ) );
#2334 = EDGE_LOOP ( 'NONE', ( #4510, #5904, #671, #1270 ) ) ;
#2335 = DIRECTION ( 'NONE',  ( 0.000000000000000000, -1.000000000000000000, 0.000000000000000000 ) ) ;
#2336 = EDGE_CURVE ( 'NONE', #1321, #3107, #3274, .T. ) ;
#2337 = LINE ( 'NONE', #3188, #2503 ) ;
#2338 = PLANE ( 'NONE',  #2685 ) ;
#2339 = CARTESIAN_POINT ( 'NONE',  ( 0.7299999999999999822, 0.8749999999999998890, -1.025000000000000799 ) ) ;
#2340 = DIRECTION ( 'NONE',  ( -1.000000000000000000, -0.000000000000000000, -0.000000000000000000 ) ) ;
#2341 = ORIENTED_EDGE ( 'NONE', *, *, #4957, .F. ) ;
#2342 = ORIENTED_EDGE ( 'NONE', *, *, #4738, .F. ) ;
#2343 = CARTESIAN_POINT ( 'NONE',  ( 0.5300000000000000266, 0.6750000000000002665, -0.1250000000000003331 ) ) ;
#2344 = PRESENTATION_STYLE_ASSIGNMENT (( #1292 ) ) ;
#2345 = DIRECTION ( 'NONE',  ( -0.000000000000000000, -1.000000000000000000, -0.000000000000000000 ) ) ;
#2346 = FACE_OUTER_BOUND ( 'NONE', #376, .T. ) ;
#2347 = VERTEX_POINT ( 'NONE', #2355 ) ;
#2348 = SURFACE_SIDE_STYLE ('',( #5269 ) ) ;
#2349 = CARTESIAN_POINT ( 'NONE',  ( 0.7299999999999999822, 0.6750000000000002665, -0.1250000000000003331 ) ) ;
#2350 = EDGE_CURVE ( 'NONE', #5151, #3321, #4797, .T. ) ;
#2351 = ORIENTED_EDGE ( 'NONE', *, *, #846, .F. ) ;
#2352 = ADVANCED_FACE ( 'NONE', ( #1009 ), #5950, .F. ) ;
#2353 = FILL_AREA_STYLE ('',( #440 ) ) ;
#2354 = DIRECTION ( 'NONE',  ( 0.000000000000000000, -0.000000000000000000, -1.000000000000000000 ) ) ;
#2355 = CARTESIAN_POINT ( 'NONE',  ( 0.5300000000000000266, 0.8749999999999998890, 0.9250000000000002665 ) ) ;
#2356 = PLANE ( 'NONE',  #1484 ) ;
#2357 = EDGE_LOOP ( 'NONE', ( #4247, #1093, #3668, #5064 ) ) ;
#2358 = PLANE ( 'NONE',  #3025 ) ;
#2359 = CARTESIAN_POINT ( 'NONE',  ( 0.7299999999999999822, 0.8749999999999998890, -1.400000000000000577 ) ) ;
#2360 = COLOUR_RGB ( '',0.7921568627450980005, 0.8196078431372548767, 0.9333333333333333481 ) ;
#2361 = DIRECTION ( 'NONE',  ( 0.000000000000000000, -0.000000000000000000, -1.000000000000000000 ) ) ;
#2362 = VECTOR ( 'NONE', #3068, 1000.000000000000000 ) ;
#2363 = EDGE_LOOP ( 'NONE', ( #252, #1462, #5701, #4236 ) ) ;
#2364 = CARTESIAN_POINT ( 'NONE',  ( 0.7299999999999999822, -0.6250000000000001110, -1.400000000000000577 ) ) ;
#2365 = VERTEX_POINT ( 'NONE', #2572 ) ;
#2366 = CARTESIAN_POINT ( 'NONE',  ( 0.7299999999999999822, -0.3750000000000001110, 1.400000000000000133 ) ) ;
#2367 = LINE ( 'NONE', #6217, #889 ) ;
#2368 = ORIENTED_EDGE ( 'NONE', *, *, #3970, .F. ) ;
#2369 = PRESENTATION_STYLE_ASSIGNMENT (( #5254 ) ) ;
#2370 = ORIENTED_EDGE ( 'NONE', *, *, #5150, .F. ) ;
#2371 = DIRECTION ( 'NONE',  ( -1.000000000000000000, 0.000000000000000000, 0.000000000000000000 ) ) ;
#2372 = PLANE ( 'NONE',  #2392 ) ;
#2373 = SURFACE_STYLE_USAGE ( .BOTH. , #1025 ) ;
#2374 = LINE ( 'NONE', #1252, #340 ) ;
#2375 = ORIENTED_EDGE ( 'NONE', *, *, #1383, .F. ) ;
#2376 = VERTEX_POINT ( 'NONE', #1996 ) ;
#2377 = DIRECTION ( 'NONE',  ( -0.000000000000000000, -0.000000000000000000, 1.000000000000000000 ) ) ;
#2378 = SURFACE_STYLE_FILL_AREA ( #5192 ) ;
#2379 = DIRECTION ( 'NONE',  ( 0.000000000000000000, 0.000000000000000000, -1.000000000000000000 ) ) ;
#2380 =( NAMED_UNIT ( * ) SI_UNIT ( $, .STERADIAN. ) SOLID_ANGLE_UNIT ( ) );
#2381 = ADVANCED_FACE ( 'NONE', ( #4453, #1102, #5915, #4508, #3527, #78, #2031, #3973, #1037, #105, #3041, #2057, #4887, #2948, #1615 ), #135, .T. ) ;
#2382 = DIRECTION ( 'NONE',  ( 1.000000000000000000, 0.000000000000000000, -0.000000000000000000 ) ) ;
#2383 = ORIENTED_EDGE ( 'NONE', *, *, #1911, .F. ) ;
#2384 = FILL_AREA_STYLE_COLOUR ( '', #5495 ) ;
#2385 = AXIS2_PLACEMENT_3D ( 'NONE', #4207, #1349, #4304 ) ;
#2386 = CARTESIAN_POINT ( 'NONE',  ( 0.7299999999999999822, -0.6750000000000002665, 0.1249999999999996808 ) ) ;
#2387 = DIRECTION ( 'NONE',  ( 0.000000000000000000, 1.000000000000000000, -0.000000000000000000 ) ) ;
#2388 = ADVANCED_FACE ( 'NONE', ( #5887 ), #569, .T. ) ;
#2389 = ORIENTED_EDGE ( 'NONE', *, *, #1845, .F. ) ;
#2390 =( NAMED_UNIT ( * ) SI_UNIT ( $, .STERADIAN. ) SOLID_ANGLE_UNIT ( ) );
#2391 = CARTESIAN_POINT ( 'NONE',  ( 0.7299999999999999822, -0.6250000000000001110, 1.400000000000000133 ) ) ;
#2392 = AXIS2_PLACEMENT_3D ( 'NONE', #1921, #3357, #5347 ) ;
#2393 = CARTESIAN_POINT ( 'NONE',  ( 0.5300000000000000266, -0.8750000000000001110, 0.9250000000000002665 ) ) ;
#2394 = VERTEX_POINT ( 'NONE', #4629 ) ;
#2395 =( NAMED_UNIT ( * ) SI_UNIT ( $, .STERADIAN. ) SOLID_ANGLE_UNIT ( ) );
#2396 = EDGE_CURVE ( 'NONE', #1769, #3110, #4070, .T. ) ;
#2397 = ADVANCED_FACE ( 'NONE', ( #1764 ), #3662, .F. ) ;
#2398 = DIRECTION ( 'NONE',  ( 1.000000000000000000, 0.000000000000000000, -0.000000000000000000 ) ) ;
#2399 = ORIENTED_EDGE ( 'NONE', *, *, #398, .F. ) ;
#2400 = PRESENTATION_LAYER_ASSIGNMENT (  '', '', ( #6127 ) ) ;
#2401 = SURFACE_STYLE_FILL_AREA ( #2902 ) ;
#2402 = VECTOR ( 'NONE', #6063, 1000.000000000000000 ) ;
#2403 = DIRECTION ( 'NONE',  ( -0.000000000000000000, -1.000000000000000000, -0.000000000000000000 ) ) ;
#2404 = DIRECTION ( 'NONE',  ( 0.000000000000000000, 0.000000000000000000, -1.000000000000000000 ) ) ;
#2405 = PRESENTATION_LAYER_ASSIGNMENT (  '', '', ( #1988 ) ) ;
#2406 = CARTESIAN_POINT ( 'NONE',  ( 0.5300000000000000266, 0.6249999999999998890, -0.9250000000000007105 ) ) ;
#2407 = VECTOR ( 'NONE', #2183, 1000.000000000000000 ) ;
#2408 = ORIENTED_EDGE ( 'NONE', *, *, #2774, .T. ) ;
#2409 = VERTEX_POINT ( 'NONE', #307 ) ;
#2410 = EDGE_CURVE ( 'NONE', #3271, #2179, #2247, .T. ) ;
#2411 = LINE ( 'NONE', #505, #4786 ) ;
#2412 = PRESENTATION_LAYER_ASSIGNMENT (  '', '', ( #5143 ) ) ;
#2413 = AXIS2_PLACEMENT_3D ( 'NONE', #25, #2851, #500 ) ;
#2414 = DIRECTION ( 'NONE',  ( 0.000000000000000000, 0.000000000000000000, -1.000000000000000000 ) ) ;
#2415 = SURFACE_STYLE_FILL_AREA ( #4446 ) ;
#2416 = AXIS2_PLACEMENT_3D ( 'NONE', #1273, #3672, #1625 ) ;
#2417 = ORIENTED_EDGE ( 'NONE', *, *, #1059, .F. ) ;
#2418 = STYLED_ITEM ( 'NONE', ( #3466 ), #5060 ) ;
#2419 = LINE ( 'NONE', #344, #6002 ) ;
#2420 = AXIS2_PLACEMENT_3D ( 'NONE', #2584, #650, #1689 ) ;
#2421 = EDGE_CURVE ( 'NONE', #5796, #5598, #1641, .T. ) ;
#2422 = AXIS2_PLACEMENT_3D ( 'NONE', #5600, #726, #5479 ) ;
#2423 = DIRECTION ( 'NONE',  ( -1.000000000000000000, 0.000000000000000000, 0.000000000000000000 ) ) ;
#2424 =( LENGTH_UNIT ( ) NAMED_UNIT ( * ) SI_UNIT ( .MILLI., .METRE. ) );
#2425 = ORIENTED_EDGE ( 'NONE', *, *, #1249, .T. ) ;
#2426 = DIRECTION ( 'NONE',  ( 1.000000000000000000, 0.000000000000000000, -0.000000000000000000 ) ) ;
#2427 = CARTESIAN_POINT ( 'NONE',  ( 0.5300000000000000266, 0.000000000000000000, 0.000000000000000000 ) ) ;
#2428 = AXIS2_PLACEMENT_3D ( 'NONE', #1844, #2327, #2426 ) ;
#2429 = DIRECTION ( 'NONE',  ( -1.000000000000000000, -0.000000000000000000, -0.000000000000000000 ) ) ;
#2430 = VECTOR ( 'NONE', #4222, 1000.000000000000000 ) ;
#2431 = LINE ( 'NONE', #1913, #467 ) ;
#2432 = VECTOR ( 'NONE', #279, 1000.000000000000000 ) ;
#2433 = CARTESIAN_POINT ( 'NONE',  ( 0.5300000000000000266, -1.150000000000000133, -0.1250000000000003331 ) ) ;
#2434 = CARTESIAN_POINT ( 'NONE',  ( -0.1000000000000000056, 0.8556308804057267681, -1.128932602121957007 ) ) ;
#2435 = ADVANCED_FACE ( 'NONE', ( #1205 ), #4187, .F. ) ;
#2436 = ORIENTED_EDGE ( 'NONE', *, *, #4661, .F. ) ;
#2437 = PLANE ( 'NONE',  #6243 ) ;
#2438 = ADVANCED_FACE ( 'NONE', ( #5977 ), #3168, .F. ) ;
#2439 = DIRECTION ( 'NONE',  ( -1.000000000000000000, -0.000000000000000000, -0.000000000000000000 ) ) ;
#2440 = LINE ( 'NONE', #1448, #2477 ) ;
#2441 = EDGE_LOOP ( 'NONE', ( #4190, #2474, #204, #3483 ) ) ;
#2442 = ORIENTED_EDGE ( 'NONE', *, *, #5898, .T. ) ;
#2443 = SURFACE_STYLE_FILL_AREA ( #5791 ) ;
#2444 = DIRECTION ( 'NONE',  ( 0.000000000000000000, -1.000000000000000000, 0.000000000000000000 ) ) ;
#2445 = LINE ( 'NONE', #2943, #2829 ) ;
#2446 = VERTEX_POINT ( 'NONE', #5542 ) ;
#2447 = EDGE_CURVE ( 'NONE', #5580, #3591, #3142, .T. ) ;
#2448 = FILL_AREA_STYLE_COLOUR ( '', #3938 ) ;
#2449 =( NAMED_UNIT ( * ) SI_UNIT ( $, .STERADIAN. ) SOLID_ANGLE_UNIT ( ) );
#2450 = ORIENTED_EDGE ( 'NONE', *, *, #5761, .T. ) ;
#2451 = CARTESIAN_POINT ( 'NONE',  ( 0.7299999999999999822, 1.150000000000000133, -0.1250000000000003331 ) ) ;
#2452 = CARTESIAN_POINT ( 'NONE',  ( 0.7299999999999999822, 0.6750000000000002665, 0.3749999999999996669 ) ) ;
#2453 = CARTESIAN_POINT ( 'NONE',  ( 0.5300000000000000266, 0.6249999999999998890, -1.400000000000000577 ) ) ;
#2454 =( NAMED_UNIT ( * ) PLANE_ANGLE_UNIT ( ) SI_UNIT ( $, .RADIAN. ) );
#2455 = DIRECTION ( 'NONE',  ( 0.000000000000000000, 0.000000000000000000, 1.000000000000000000 ) ) ;
#2456 = DIRECTION ( 'NONE',  ( 0.000000000000000000, 0.000000000000000000, -1.000000000000000000 ) ) ;
#2457 = AXIS2_PLACEMENT_3D ( 'NONE', #1515, #3874, #4374 ) ;
#2458 = COLOUR_RGB ( '',0.1019607843137254888, 0.1019607843137254888, 0.1019607843137254888 ) ;
#2459 = ORIENTED_EDGE ( 'NONE', *, *, #736, .T. ) ;
#2460 = CARTESIAN_POINT ( 'NONE',  ( 0.5300000000000000266, 0.000000000000000000, 0.000000000000000000 ) ) ;
#2461 = EDGE_CURVE ( 'NONE', #243, #3279, #6014, .T. ) ;
#2462 = PLANE ( 'NONE',  #3603 ) ;
#2463 = CARTESIAN_POINT ( 'NONE',  ( 0.5300000000000000266, -0.3750000000000001110, -1.400000000000000577 ) ) ;
#2464 = CARTESIAN_POINT ( 'NONE',  ( 0.7299999999999999822, -1.250000000000000000, 1.499999999999999778 ) ) ;
#2465 = ORIENTED_EDGE ( 'NONE', *, *, #3380, .T. ) ;
#2466 = EDGE_LOOP ( 'NONE', ( #5270, #2399, #2678, #472 ) ) ;
#2467 = UNCERTAINTY_MEASURE_WITH_UNIT (LENGTH_MEASURE( 1.000000000000000082E-05 ), #883, 'distance_accuracy_value', 'NONE');
#2468 = SURFACE_STYLE_FILL_AREA ( #531 ) ;
#2469 = LINE ( 'NONE', #3390, #5805 ) ;
#2470 = DIRECTION ( 'NONE',  ( 0.000000000000000000, 1.000000000000000000, 0.000000000000000000 ) ) ;
#2471 = AXIS2_PLACEMENT_3D ( 'NONE', #4915, #2030, #2546 ) ;
#2472 = SURFACE_STYLE_FILL_AREA ( #5359 ) ;
#2473 = CARTESIAN_POINT ( 'NONE',  ( 0.5300000000000000266, 0.1249999999999998890, -0.9250000000000007105 ) ) ;
#2474 = ORIENTED_EDGE ( 'NONE', *, *, #5123, .F. ) ;
#2475 = CARTESIAN_POINT ( 'NONE',  ( 0.7299999999999999822, 0.6750000000000002665, 0.6249999999999996669 ) ) ;
#2476 = FILL_AREA_STYLE ('',( #540 ) ) ;
#2477 = VECTOR ( 'NONE', #3481, 1000.000000000000000 ) ;
#2478 = VERTEX_POINT ( 'NONE', #2601 ) ;
#2479 = PRESENTATION_STYLE_ASSIGNMENT (( #5419 ) ) ;
#2480 = SURFACE_SIDE_STYLE ('',( #4360 ) ) ;
#2481 = PLANE ( 'NONE',  #6232 ) ;
#2482 = EDGE_CURVE ( 'NONE', #5490, #1167, #1708, .T. ) ;
#2483 = CARTESIAN_POINT ( 'NONE',  ( 0.7299999999999999822, 0.6750000000000002665, 0.1249999999999996808 ) ) ;
#2484 = PRESENTATION_STYLE_ASSIGNMENT (( #4390 ) ) ;
#2485 = VECTOR ( 'NONE', #4566, 1000.000000000000000 ) ;
#2486 = CARTESIAN_POINT ( 'NONE',  ( 0.7299999999999999822, 0.6249999999999998890, -0.9250000000000007105 ) ) ;
#2487 = ORIENTED_EDGE ( 'NONE', *, *, #4027, .F. ) ;
#2488 = VECTOR ( 'NONE', #1890, 1000.000000000000000 ) ;
#2489 = VECTOR ( 'NONE', #546, 1000.000000000000000 ) ;
#2490 = EDGE_CURVE ( 'NONE', #5418, #4061, #274, .T. ) ;
#2491 = EDGE_CURVE ( 'NONE', #2499, #3130, #3691, .T. ) ;
#2492 = DIRECTION ( 'NONE',  ( 1.000000000000000000, -0.000000000000000000, -0.000000000000000000 ) ) ;
#2493 = SURFACE_SIDE_STYLE ('',( #4903 ) ) ;
#2494 = LINE ( 'NONE', #1889, #5640 ) ;
#2495 = SURFACE_STYLE_FILL_AREA ( #556 ) ;
#2496 = DIRECTION ( 'NONE',  ( 0.000000000000000000, 0.000000000000000000, 1.000000000000000000 ) ) ;
#2497 = AXIS2_PLACEMENT_3D ( 'NONE', #2035, #184, #2576 ) ;
#2498 = VERTEX_POINT ( 'NONE', #6230 ) ;
#2499 = VERTEX_POINT ( 'NONE', #2824 ) ;
#2500 = VECTOR ( 'NONE', #3528, 1000.000000000000000 ) ;
#2501 =( NAMED_UNIT ( * ) SI_UNIT ( $, .STERADIAN. ) SOLID_ANGLE_UNIT ( ) );
#2502 = STYLED_ITEM ( 'NONE', ( #1876 ), #1512 ) ;
#2503 = VECTOR ( 'NONE', #3682, 1000.000000000000000 ) ;
#2504 = CARTESIAN_POINT ( 'NONE',  ( 0.7299999999999999822, -0.3750000000000001110, 1.400000000000000133 ) ) ;
#2505 = AXIS2_PLACEMENT_3D ( 'NONE', #4040, #4478, #5888 ) ;
#2506 = DIRECTION ( 'NONE',  ( 0.000000000000000000, 0.000000000000000000, 1.000000000000000000 ) ) ;
#2507 = EDGE_LOOP ( 'NONE', ( #3086, #2368, #3148, #3776 ) ) ;
#2508 = LINE ( 'NONE', #2946, #3730 ) ;
#2509 = SURFACE_SIDE_STYLE ('',( #3460 ) ) ;
#2510 =( NAMED_UNIT ( * ) PLANE_ANGLE_UNIT ( ) SI_UNIT ( $, .RADIAN. ) );
#2511 =( NAMED_UNIT ( * ) PLANE_ANGLE_UNIT ( ) SI_UNIT ( $, .RADIAN. ) );
#2512 = VERTEX_POINT ( 'NONE', #404 ) ;
#2513 = PRESENTATION_STYLE_ASSIGNMENT (( #179 ) ) ;
#2514 = VECTOR ( 'NONE', #2933, 1000.000000000000000 ) ;
#2515 = STYLED_ITEM ( 'NONE', ( #555 ), #4831 ) ;
#2517 = EDGE_CURVE ( 'NONE', #2992, #5652, #5724, .T. ) ;
#2516 = FACE_OUTER_BOUND ( 'NONE', #3382, .T. ) ;
#2518 = AXIS2_PLACEMENT_3D ( 'NONE', #5306, #1017, #905 ) ;
#2519 = COLOUR_RGB ( '',0.1019607843137254888, 0.1019607843137254888, 0.1019607843137254888 ) ;
#2520 = DIRECTION ( 'NONE',  ( -1.000000000000000000, -0.000000000000000000, -0.000000000000000000 ) ) ;
#2521 = UNCERTAINTY_MEASURE_WITH_UNIT (LENGTH_MEASURE( 1.000000000000000082E-05 ), #3379, 'distance_accuracy_value', 'NONE');
#2522 = VECTOR ( 'NONE', #5334, 1000.000000000000000 ) ;
#2523 = AXIS2_PLACEMENT_3D ( 'NONE', #3046, #640, #5831 ) ;
#2524 = DIRECTION ( 'NONE',  ( 0.000000000000000000, 0.000000000000000000, -1.000000000000000000 ) ) ;
#2525 = LINE ( 'NONE', #3501, #4018 ) ;
#2526 = PRESENTATION_LAYER_ASSIGNMENT (  '', '', ( #3541 ) ) ;
#2527 =( GEOMETRIC_REPRESENTATION_CONTEXT ( 3 ) GLOBAL_UNCERTAINTY_ASSIGNED_CONTEXT ( ( #805 ) ) GLOBAL_UNIT_ASSIGNED_CONTEXT ( ( #3238, #3716, #3334 ) ) REPRESENTATION_CONTEXT ( 'NONE', 'WORKASPACE' ) );
#2528 = CARTESIAN_POINT ( 'NONE',  ( 0.7299999999999999822, 0.7749999999999999112, -0.9250000000000007105 ) ) ;
#2529 = COLOUR_RGB ( '',0.1098039215686274495, 0.1098039215686274495, 0.1098039215686274495 ) ;
#2530 = ORIENTED_EDGE ( 'NONE', *, *, #4501, .F. ) ;
#2531 = AXIS2_PLACEMENT_3D ( 'NONE', #414, #3885, #3912 ) ;
#2532 = EDGE_CURVE ( 'NONE', #1480, #5585, #4745, .T. ) ;
#2533 = PRESENTATION_STYLE_ASSIGNMENT (( #223 ) ) ;
#2534 = DIRECTION ( 'NONE',  ( 0.000000000000000000, -1.000000000000000000, 0.000000000000000000 ) ) ;
#2535 = LINE ( 'NONE', #4465, #1699 ) ;
#2536 =( NAMED_UNIT ( * ) SI_UNIT ( $, .STERADIAN. ) SOLID_ANGLE_UNIT ( ) );
#2537 = CARTESIAN_POINT ( 'NONE',  ( 0.7299999999999999822, 0.3749999999999998890, -0.9250000000000007105 ) ) ;
#2538 = EDGE_LOOP ( 'NONE', ( #3145, #2158, #2909, #5385 ) ) ;
#2539 = ADVANCED_FACE ( 'NONE', ( #5289 ), #5694, .T. ) ;
#2540 = ORIENTED_EDGE ( 'NONE', *, *, #5898, .F. ) ;
#2541 = CARTESIAN_POINT ( 'NONE',  ( 0.7299999999999999822, 0.8749999999999998890, 1.400000000000000133 ) ) ;
#2542 = FACE_OUTER_BOUND ( 'NONE', #902, .T. ) ;
#2543 = FACE_OUTER_BOUND ( 'NONE', #1694, .T. ) ;
#2544 = EDGE_LOOP ( 'NONE', ( #3760, #2436, #536, #418 ) ) ;
#2545 = UNCERTAINTY_MEASURE_WITH_UNIT (LENGTH_MEASURE( 1.000000000000000082E-05 ), #4825, 'distance_accuracy_value', 'NONE');
#2546 = DIRECTION ( 'NONE',  ( 0.000000000000000000, -0.000000000000000000, 1.000000000000000000 ) ) ;
#2547 = ORIENTED_EDGE ( 'NONE', *, *, #1923, .F. ) ;
#2548 = EDGE_CURVE ( 'NONE', #1229, #243, #4312, .T. ) ;
#2549 = EDGE_CURVE ( 'NONE', #4329, #4666, #1355, .T. ) ;
#2550 =( NAMED_UNIT ( * ) SI_UNIT ( $, .STERADIAN. ) SOLID_ANGLE_UNIT ( ) );
#2551 = LINE ( 'NONE', #2982, #2695 ) ;
#2552 = DIRECTION ( 'NONE',  ( -1.000000000000000000, 0.000000000000000000, 0.000000000000000000 ) ) ;
#2553 = VECTOR ( 'NONE', #2377, 1000.000000000000000 ) ;
#2554 = CARTESIAN_POINT ( 'NONE',  ( 0.7299999999999999822, 0.6750000000000002665, -0.1250000000000003331 ) ) ;
#2555 = CARTESIAN_POINT ( 'NONE',  ( 0.5300000000000000266, 0.3749999999999998890, -0.9250000000000007105 ) ) ;
#2556 = ORIENTED_EDGE ( 'NONE', *, *, #3394, .T. ) ;
#2557 = FACE_OUTER_BOUND ( 'NONE', #1342, .T. ) ;
#2558 = DIRECTION ( 'NONE',  ( 0.000000000000000000, -1.000000000000000000, 0.000000000000000000 ) ) ;
#2559 = DIRECTION ( 'NONE',  ( 0.000000000000000000, 1.000000000000000000, -0.000000000000000000 ) ) ;
#2560 = VECTOR ( 'NONE', #97, 1000.000000000000000 ) ;
#2561 = ORIENTED_EDGE ( 'NONE', *, *, #3000, .T. ) ;
#2562 = VERTEX_POINT ( 'NONE', #1832 ) ;
#2563 = MECHANICAL_DESIGN_GEOMETRIC_PRESENTATION_REPRESENTATION (  '', ( #5587 ), #5794 ) ;
#2564 = PLANE ( 'NONE',  #3375 ) ;
#2565 = DIRECTION ( 'NONE',  ( 0.000000000000000000, 0.000000000000000000, 1.000000000000000000 ) ) ;
#2566 = ADVANCED_FACE ( 'NONE', ( #3753 ), #3809, .T. ) ;
#2567 = PLANE ( 'NONE',  #5839 ) ;
#2568 = CARTESIAN_POINT ( 'NONE',  ( 0.5300000000000000266, -0.1250000000000001110, 1.400000000000000133 ) ) ;
#2569 = LINE ( 'NONE', #3617, #2997 ) ;
#2570 = EDGE_LOOP ( 'NONE', ( #4310, #3765, #1379, #3189 ) ) ;
#2571 = DIRECTION ( 'NONE',  ( 0.000000000000000000, 1.000000000000000000, 0.000000000000000000 ) ) ;
#2572 = CARTESIAN_POINT ( 'NONE',  ( 0.7299999999999999822, 1.150000000000000133, -0.3750000000000003331 ) ) ;
#2573 = EDGE_CURVE ( 'NONE', #68, #413, #4252, .T. ) ;
#2574 = VERTEX_POINT ( 'NONE', #6267 ) ;
#2575 = SURFACE_SIDE_STYLE ('',( #81 ) ) ;
#2576 = DIRECTION ( 'NONE',  ( -1.000000000000000000, 0.000000000000000000, 0.000000000000000000 ) ) ;
#2577 = SURFACE_STYLE_FILL_AREA ( #3440 ) ;
#2578 = LINE ( 'NONE', #577, #4828 ) ;
#2579 = CARTESIAN_POINT ( 'NONE',  ( 0.5300000000000000266, -0.8750000000000001110, -0.9250000000000007105 ) ) ;
#2580 = VECTOR ( 'NONE', #1834, 1000.000000000000000 ) ;
#2581 = CARTESIAN_POINT ( 'NONE',  ( 0.5300000000000000266, 0.6750000000000002665, 0.6249999999999996669 ) ) ;
#2582 = ORIENTED_EDGE ( 'NONE', *, *, #3516, .T. ) ;
#2583 = ADVANCED_FACE ( 'NONE', ( #2275 ), #1801, .F. ) ;
#2584 = CARTESIAN_POINT ( 'NONE',  ( 0.7299999999999999822, 1.150000000000000133, 0.3749999999999996669 ) ) ;
#2585 = DIRECTION ( 'NONE',  ( 0.000000000000000000, -0.000000000000000000, 1.000000000000000000 ) ) ;
#2586 = CARTESIAN_POINT ( 'NONE',  ( 0.7299999999999999822, 0.3749999999999998890, 1.400000000000000133 ) ) ;
#2587 = VERTEX_POINT ( 'NONE', #4785 ) ;
#2588 =( GEOMETRIC_REPRESENTATION_CONTEXT ( 3 ) GLOBAL_UNCERTAINTY_ASSIGNED_CONTEXT ( ( #504 ) ) GLOBAL_UNIT_ASSIGNED_CONTEXT ( ( #4246, #3258, #5719 ) ) REPRESENTATION_CONTEXT ( 'NONE', 'WORKASPACE' ) );
#2589 = ORIENTED_EDGE ( 'NONE', *, *, #5975, .F. ) ;
#2590 = DIRECTION ( 'NONE',  ( -1.000000000000000000, -0.000000000000000000, -0.000000000000000000 ) ) ;
#2591 = DIRECTION ( 'NONE',  ( 1.000000000000000000, -0.000000000000000000, 0.000000000000000000 ) ) ;
#2592 = LINE ( 'NONE', #2115, #1081 ) ;
#2593 = VECTOR ( 'NONE', #3535, 1000.000000000000000 ) ;
#2594 = LINE ( 'NONE', #5069, #4108 ) ;
#2595 = LINE ( 'NONE', #1126, #6251 ) ;
#2596 = EDGE_LOOP ( 'NONE', ( #3291, #2737, #3252, #716 ) ) ;
#2597 = UNCERTAINTY_MEASURE_WITH_UNIT (LENGTH_MEASURE( 1.000000000000000082E-05 ), #1111, 'distance_accuracy_value', 'NONE');
#2598 = FILL_AREA_STYLE ('',( #4598 ) ) ;
#2599 = COLOUR_RGB ( '',0.1019607843137254888, 0.1019607843137254888, 0.1019607843137254888 ) ;
#2600 =( GEOMETRIC_REPRESENTATION_CONTEXT ( 3 ) GLOBAL_UNCERTAINTY_ASSIGNED_CONTEXT ( ( #1043 ) ) GLOBAL_UNIT_ASSIGNED_CONTEXT ( ( #5951, #3042, #1616 ) ) REPRESENTATION_CONTEXT ( 'NONE', 'WORKASPACE' ) );
#2601 = CARTESIAN_POINT ( 'NONE',  ( 0.5300000000000000266, -0.3750000000000001110, -1.400000000000000577 ) ) ;
#2602 = CARTESIAN_POINT ( 'NONE',  ( 0.5300000000000000266, 0.8749999999999998890, -1.025000000000000799 ) ) ;
#2603 = EDGE_LOOP ( 'NONE', ( #4669, #6176, #4876, #6186 ) ) ;
#2604 =( NAMED_UNIT ( * ) SI_UNIT ( $, .STERADIAN. ) SOLID_ANGLE_UNIT ( ) );
#2605 = AXIS2_PLACEMENT_3D ( 'NONE', #1649, #3596, #760 ) ;
#2606 = ORIENTED_EDGE ( 'NONE', *, *, #325, .F. ) ;
#2607 = ADVANCED_FACE ( 'NONE', ( #5663 ), #1324, .F. ) ;
#2608 = SURFACE_STYLE_FILL_AREA ( #675 ) ;
#2609 = DIRECTION ( 'NONE',  ( 0.000000000000000000, 1.000000000000000000, 0.000000000000000000 ) ) ;
#2610 = COLOUR_RGB ( '',0.1019607843137254888, 0.1019607843137254888, 0.1019607843137254888 ) ;
#2611 = VECTOR ( 'NONE', #4094, 1000.000000000000000 ) ;
#2612 = LINE ( 'NONE', #5485, #1778 ) ;
#2613 = CARTESIAN_POINT ( 'NONE',  ( 0.5300000000000000266, 0.6249999999999998890, -0.9250000000000007105 ) ) ;
#2614 = SURFACE_STYLE_USAGE ( .BOTH. , #2134 ) ;
#2615 = VECTOR ( 'NONE', #5683, 1000.000000000000000 ) ;
#2616 = ORIENTED_EDGE ( 'NONE', *, *, #3445, .T. ) ;
#2617 = PRESENTATION_LAYER_ASSIGNMENT (  '', '', ( #3739 ) ) ;
#2618 = VECTOR ( 'NONE', #4982, 1000.000000000000000 ) ;
#2619 = DIRECTION ( 'NONE',  ( 0.000000000000000000, -0.000000000000000000, 1.000000000000000000 ) ) ;
#2620 = LINE ( 'NONE', #3157, #346 ) ;
#2621 = VECTOR ( 'NONE', #2089, 1000.000000000000000 ) ;
#2622 = EDGE_CURVE ( 'NONE', #1808, #2446, #2469, .T. ) ;
#2623 = SURFACE_SIDE_STYLE ('',( #1562 ) ) ;
#2624 = PLANE ( 'NONE',  #157 ) ;
#2625 = EDGE_LOOP ( 'NONE', ( #2561, #738, #5789, #3529 ) ) ;
#2626 = MECHANICAL_DESIGN_GEOMETRIC_PRESENTATION_REPRESENTATION (  '', ( #896 ), #5155 ) ;
#2627 = VERTEX_POINT ( 'NONE', #3033 ) ;
#2628 = CARTESIAN_POINT ( 'NONE',  ( 0.1000000000000000056, 0.8556308804057267681, -0.9538765973625393801 ) ) ;
#2629 = CARTESIAN_POINT ( 'NONE',  ( 0.7299999999999999822, -0.1250000000000001110, -0.9250000000000007105 ) ) ;
#2630 = CARTESIAN_POINT ( 'NONE',  ( 0.5300000000000000266, 0.6249999999999998890, -0.9250000000000007105 ) ) ;
#2631 = LINE ( 'NONE', #3290, #6028 ) ;
#2632 = DIRECTION ( 'NONE',  ( 0.000000000000000000, -1.000000000000000000, 0.000000000000000000 ) ) ;
#2633 = ORIENTED_EDGE ( 'NONE', *, *, #4277, .T. ) ;
#2634 =( LENGTH_UNIT ( ) NAMED_UNIT ( * ) SI_UNIT ( .MILLI., .METRE. ) );
#2635 = DIRECTION ( 'NONE',  ( 0.000000000000000000, -0.000000000000000000, 1.000000000000000000 ) ) ;
#2636 = CARTESIAN_POINT ( 'NONE',  ( 0.7299999999999999822, -0.8750000000000001110, -1.400000000000000577 ) ) ;
#2637 = VERTEX_POINT ( 'NONE', #5383 ) ;
#2638 = ORIENTED_EDGE ( 'NONE', *, *, #4027, .T. ) ;
#2639 = EDGE_CURVE ( 'NONE', #277, #96, #1094, .T. ) ;
#2640 = FACE_OUTER_BOUND ( 'NONE', #674, .T. ) ;
#2641 = DIRECTION ( 'NONE',  ( 0.000000000000000000, -1.000000000000000000, -0.000000000000000000 ) ) ;
#2642 = DIRECTION ( 'NONE',  ( 0.000000000000000000, 0.000000000000000000, 1.000000000000000000 ) ) ;
#2643 = FILL_AREA_STYLE_COLOUR ( '', #6247 ) ;
#2644 = ADVANCED_FACE ( 'NONE', ( #5357 ), #3966, .F. ) ;
#2645 = EDGE_LOOP ( 'NONE', ( #3769, #4727, #993, #2917 ) ) ;
#2646 = FILL_AREA_STYLE ('',( #5998 ) ) ;
#2647 = DIRECTION ( 'NONE',  ( 0.000000000000000000, 1.000000000000000000, 0.000000000000000000 ) ) ;
#2648 = EDGE_CURVE ( 'NONE', #1886, #2574, #1987, .T. ) ;
#2649 = DIRECTION ( 'NONE',  ( 0.000000000000000000, 0.000000000000000000, -1.000000000000000000 ) ) ;
#2650 = VERTEX_POINT ( 'NONE', #4499 ) ;
#2651 = EDGE_LOOP ( 'NONE', ( #3618, #3701, #4083, #6181 ) ) ;
#2652 = FILL_AREA_STYLE ('',( #4858 ) ) ;
#2653 = EDGE_CURVE ( 'NONE', #3030, #5287, #506, .T. ) ;
#2654 = CARTESIAN_POINT ( 'NONE',  ( 0.7299999999999999822, -0.8750000000000001110, -0.9250000000000007105 ) ) ;
#2655 = CARTESIAN_POINT ( 'NONE',  ( 0.5300000000000000266, 0.6750000000000002665, -0.1250000000000003331 ) ) ;
#2656 = CARTESIAN_POINT ( 'NONE',  ( 0.5300000000000000266, -0.6250000000000001110, 1.400000000000000133 ) ) ;
#2657 = MECHANICAL_DESIGN_GEOMETRIC_PRESENTATION_REPRESENTATION (  '', ( #2773 ), #4380 ) ;
#2658 = CARTESIAN_POINT ( 'NONE',  ( 0.7299999999999999822, -1.150000000000000133, 0.1249999999999996808 ) ) ;
#2659 = LINE ( 'NONE', #4595, #2004 ) ;
#2660 = ORIENTED_EDGE ( 'NONE', *, *, #5629, .T. ) ;
#2661 = STYLED_ITEM ( 'NONE', ( #205 ), #2985 ) ;
#2662 = EDGE_CURVE ( 'NONE', #6022, #425, #5879, .T. ) ;
#2663 = DIRECTION ( 'NONE',  ( -1.000000000000000000, -0.000000000000000000, -0.000000000000000000 ) ) ;
#2664 =( LENGTH_UNIT ( ) NAMED_UNIT ( * ) SI_UNIT ( .MILLI., .METRE. ) );
#2665 = EDGE_LOOP ( 'NONE', ( #4090, #3552, #5329, #3734 ) ) ;
#2666 = DIRECTION ( 'NONE',  ( 0.000000000000000000, 0.000000000000000000, 1.000000000000000000 ) ) ;
#2667 = SURFACE_STYLE_USAGE ( .BOTH. , #5078 ) ;
#2668 = ORIENTED_EDGE ( 'NONE', *, *, #1633, .T. ) ;
#2669 =( NAMED_UNIT ( * ) SI_UNIT ( $, .STERADIAN. ) SOLID_ANGLE_UNIT ( ) );
#2670 =( LENGTH_UNIT ( ) NAMED_UNIT ( * ) SI_UNIT ( .MILLI., .METRE. ) );
#2671 = FILL_AREA_STYLE_COLOUR ( '', #2599 ) ;
#2672 = VECTOR ( 'NONE', #5861, 1000.000000000000000 ) ;
#2673 = VERTEX_POINT ( 'NONE', #2941 ) ;
#2674 = FILL_AREA_STYLE_COLOUR ( '', #2818 ) ;
#2675 = FILL_AREA_STYLE_COLOUR ( '', #281 ) ;
#2676 = LINE ( 'NONE', #257, #2705 ) ;
#2677 = UNCERTAINTY_MEASURE_WITH_UNIT (LENGTH_MEASURE( 1.000000000000000082E-05 ), #1250, 'distance_accuracy_value', 'NONE');
#2678 = ORIENTED_EDGE ( 'NONE', *, *, #2622, .F. ) ;
#2679 = PRESENTATION_LAYER_ASSIGNMENT (  '', '', ( #3811 ) ) ;
#2680 = EDGE_CURVE ( 'NONE', #1265, #6167, #3454, .T. ) ;
#2681 = CARTESIAN_POINT ( 'NONE',  ( 0.5300000000000000266, 0.3749999999999998890, -0.9250000000000007105 ) ) ;
#2682 = ORIENTED_EDGE ( 'NONE', *, *, #2864, .F. ) ;
#2683 = CARTESIAN_POINT ( 'NONE',  ( 0.7299999999999999822, 0.000000000000000000, 0.000000000000000000 ) ) ;
#2684 = DIRECTION ( 'NONE',  ( 0.000000000000000000, 0.000000000000000000, -1.000000000000000000 ) ) ;
#2685 = AXIS2_PLACEMENT_3D ( 'NONE', #5717, #2850, #4780 ) ;
#2686 = DIRECTION ( 'NONE',  ( 0.000000000000000000, 0.000000000000000000, -1.000000000000000000 ) ) ;
#2687 = EDGE_LOOP ( 'NONE', ( #1187, #5740 ) ) ;
#2688 = DIRECTION ( 'NONE',  ( 0.000000000000000000, 0.000000000000000000, -1.000000000000000000 ) ) ;
#2689 = AXIS2_PLACEMENT_3D ( 'NONE', #2062, #2642, #735 ) ;
#2690 = DIRECTION ( 'NONE',  ( 1.000000000000000000, -0.000000000000000000, -0.000000000000000000 ) ) ;
#2691 = EDGE_LOOP ( 'NONE', ( #583, #90, #5591, #303 ) ) ;
#2692 = CARTESIAN_POINT ( 'NONE',  ( 0.5300000000000000266, 0.6750000000000002665, -0.6250000000000003331 ) ) ;
#2693 = LINE ( 'NONE', #5579, #1298 ) ;
#2694 = ORIENTED_EDGE ( 'NONE', *, *, #4522, .F. ) ;
#2695 = VECTOR ( 'NONE', #3953, 1000.000000000000000 ) ;
#2696 = LINE ( 'NONE', #4638, #152 ) ;
#2697 =( NAMED_UNIT ( * ) PLANE_ANGLE_UNIT ( ) SI_UNIT ( $, .RADIAN. ) );
#2698 = SURFACE_STYLE_USAGE ( .BOTH. , #3176 ) ;
#2699 = EDGE_CURVE ( 'NONE', #5287, #3266, #5411, .T. ) ;
#2700 = CARTESIAN_POINT ( 'NONE',  ( 0.5300000000000000266, -0.6750000000000002665, 0.1249999999999996808 ) ) ;
#2701 = SURFACE_STYLE_FILL_AREA ( #2765 ) ;
#2702 = VECTOR ( 'NONE', #4203, 1000.000000000000114 ) ;
#2703 = DIRECTION ( 'NONE',  ( -1.000000000000000000, -0.000000000000000000, -0.000000000000000000 ) ) ;
#2704 = VERTEX_POINT ( 'NONE', #598 ) ;
#2705 = VECTOR ( 'NONE', #2236, 1000.000000000000000 ) ;
#2706 =( NAMED_UNIT ( * ) PLANE_ANGLE_UNIT ( ) SI_UNIT ( $, .RADIAN. ) );
#2707 = UNCERTAINTY_MEASURE_WITH_UNIT (LENGTH_MEASURE( 1.000000000000000082E-05 ), #2634, 'distance_accuracy_value', 'NONE');
#2708 = VECTOR ( 'NONE', #4555, 1000.000000000000000 ) ;
#2709 = VECTOR ( 'NONE', #4337, 1000.000000000000000 ) ;
#2710 = ORIENTED_EDGE ( 'NONE', *, *, #6175, .T. ) ;
#2711 = VECTOR ( 'NONE', #4019, 1000.000000000000000 ) ;
#2712 = EDGE_CURVE ( 'NONE', #5639, #778, #4470, .T. ) ;
#2713 = DIRECTION ( 'NONE',  ( 0.000000000000000000, 0.000000000000000000, 1.000000000000000000 ) ) ;
#2714 =( GEOMETRIC_REPRESENTATION_CONTEXT ( 3 ) GLOBAL_UNCERTAINTY_ASSIGNED_CONTEXT ( ( #2099 ) ) GLOBAL_UNIT_ASSIGNED_CONTEXT ( ( #185, #5556, #796 ) ) REPRESENTATION_CONTEXT ( 'NONE', 'WORKASPACE' ) );
#2715 = STYLED_ITEM ( 'NONE', ( #1371 ), #5047 ) ;
#2716 = LINE ( 'NONE', #1731, #979 ) ;
#2717 = COLOUR_RGB ( '',0.1019607843137254888, 0.1019607843137254888, 0.1019607843137254888 ) ;
#2718 = EDGE_CURVE ( 'NONE', #3546, #3681, #733, .T. ) ;
#2719 = VECTOR ( 'NONE', #4753, 1000.000000000000000 ) ;
#2720 = VERTEX_POINT ( 'NONE', #3555 ) ;
#2721 = ORIENTED_EDGE ( 'NONE', *, *, #1605, .F. ) ;
#2722 =( NAMED_UNIT ( * ) PLANE_ANGLE_UNIT ( ) SI_UNIT ( $, .RADIAN. ) );
#2723 = COLOUR_RGB ( '',0.1019607843137254888, 0.1019607843137254888, 0.1019607843137254888 ) ;
#2724 = FILL_AREA_STYLE ('',( #3070 ) ) ;
#2725 = DIRECTION ( 'NONE',  ( 1.000000000000000000, -0.000000000000000000, -0.000000000000000000 ) ) ;
#2726 = CARTESIAN_POINT ( 'NONE',  ( 0.7299999999999999822, 1.250000000000000000, 1.499999999999999778 ) ) ;
#2727 = EDGE_LOOP ( 'NONE', ( #449, #4301, #4782, #4259 ) ) ;
#2728 = DIRECTION ( 'NONE',  ( 0.000000000000000000, 0.000000000000000000, 1.000000000000000000 ) ) ;
#2729 = DIRECTION ( 'NONE',  ( 0.000000000000000000, 0.000000000000000000, -1.000000000000000000 ) ) ;
#2730 = FACE_OUTER_BOUND ( 'NONE', #4439, .T. ) ;
#2731 = ORIENTED_EDGE ( 'NONE', *, *, #3970, .T. ) ;
#2732 = CARTESIAN_POINT ( 'NONE',  ( 0.7299999999999999822, -0.1250000000000001110, 1.400000000000000133 ) ) ;
#2733 = EDGE_CURVE ( 'NONE', #96, #2365, #5937, .T. ) ;
#2734 = DIRECTION ( 'NONE',  ( 1.000000000000000000, 0.000000000000000000, -0.000000000000000000 ) ) ;
#2735 = CARTESIAN_POINT ( 'NONE',  ( 0.5300000000000000266, 0.6750000000000002665, -0.3750000000000003331 ) ) ;
#2736 = ADVANCED_FACE ( 'NONE', ( #4028 ), #3061, .F. ) ;
#2737 = ORIENTED_EDGE ( 'NONE', *, *, #4835, .F. ) ;
#2738 = DIRECTION ( 'NONE',  ( 0.000000000000000000, 0.000000000000000000, -1.000000000000000000 ) ) ;
#2739 = ORIENTED_EDGE ( 'NONE', *, *, #4174, .F. ) ;
#2740 = SURFACE_STYLE_FILL_AREA ( #3554 ) ;
#2741 = SURFACE_SIDE_STYLE ('',( #804 ) ) ;
#2742 = DIRECTION ( 'NONE',  ( -1.000000000000000000, 0.000000000000000000, -0.000000000000000000 ) ) ;
#2743 = DIRECTION ( 'NONE',  ( -0.000000000000000000, 1.000000000000000000, -0.000000000000000000 ) ) ;
#2744 = PLANE ( 'NONE',  #1272 ) ;
#2745 = CARTESIAN_POINT ( 'NONE',  ( 0.5300000000000000266, -0.8750000000000001110, 0.9250000000000002665 ) ) ;
#2746 = VECTOR ( 'NONE', #915, 1000.000000000000000 ) ;
#2747 = DIRECTION ( 'NONE',  ( -1.000000000000000000, -0.000000000000000000, -0.000000000000000000 ) ) ;
#2748 = ORIENTED_EDGE ( 'NONE', *, *, #2490, .T. ) ;
#2749 = EDGE_LOOP ( 'NONE', ( #4685, #2254, #3436, #1721 ) ) ;
#2750 = EDGE_CURVE ( 'NONE', #5437, #5692, #1364, .T. ) ;
#2751 = FACE_OUTER_BOUND ( 'NONE', #6215, .T. ) ;
#2752 = DIRECTION ( 'NONE',  ( 0.000000000000000000, 0.000000000000000000, -1.000000000000000000 ) ) ;
#2753 = CARTESIAN_POINT ( 'NONE',  ( 0.7299999999999999822, -0.1250000000000001110, 1.400000000000000133 ) ) ;
#2754 =( LENGTH_UNIT ( ) NAMED_UNIT ( * ) SI_UNIT ( .MILLI., .METRE. ) );
#2755 = EDGE_LOOP ( 'NONE', ( #5496, #971, #5286, #1472 ) ) ;
#2756 = FACE_OUTER_BOUND ( 'NONE', #294, .T. ) ;
#2757 = ORIENTED_EDGE ( 'NONE', *, *, #2532, .F. ) ;
#2758 = VECTOR ( 'NONE', #1139, 1000.000000000000000 ) ;
#2759 = CARTESIAN_POINT ( 'NONE',  ( 0.7299999999999999822, 0.000000000000000000, 0.000000000000000000 ) ) ;
#2760 = VECTOR ( 'NONE', #5506, 1000.000000000000000 ) ;
#2761 = EDGE_CURVE ( 'NONE', #3965, #3388, #4796, .T. ) ;
#2762 = DIRECTION ( 'NONE',  ( -1.000000000000000000, -0.000000000000000000, -0.000000000000000000 ) ) ;
#2763 =( LENGTH_UNIT ( ) NAMED_UNIT ( * ) SI_UNIT ( .MILLI., .METRE. ) );
#2764 = ORIENTED_EDGE ( 'NONE', *, *, #3348, .T. ) ;
#2765 = FILL_AREA_STYLE ('',( #5179 ) ) ;
#2766 =( LENGTH_UNIT ( ) NAMED_UNIT ( * ) SI_UNIT ( .MILLI., .METRE. ) );
#2767 = VERTEX_POINT ( 'NONE', #4726 ) ;
#2768 = ORIENTED_EDGE ( 'NONE', *, *, #561, .F. ) ;
#2769 = PRESENTATION_STYLE_ASSIGNMENT (( #2293 ) ) ;
#2770 = PRESENTATION_LAYER_ASSIGNMENT (  '', '', ( #5686 ) ) ;
#2771 = FACE_OUTER_BOUND ( 'NONE', #5005, .T. ) ;
#2772 = DIRECTION ( 'NONE',  ( 0.000000000000000000, 0.000000000000000000, -1.000000000000000000 ) ) ;
#2773 = STYLED_ITEM ( 'NONE', ( #5854 ), #1925 ) ;
#2774 = EDGE_CURVE ( 'NONE', #2673, #5449, #1873, .T. ) ;
#2775 = VECTOR ( 'NONE', #4033, 1000.000000000000000 ) ;
#2776 = LINE ( 'NONE', #2745, #1469 ) ;
#2777 = FACE_OUTER_BOUND ( 'NONE', #4130, .T. ) ;
#2778 = LINE ( 'NONE', #872, #2267 ) ;
#2779 = VERTEX_POINT ( 'NONE', #5671 ) ;
#2780 = ORIENTED_EDGE ( 'NONE', *, *, #1762, .T. ) ;
#2781 = PRODUCT_DEFINITION_FORMATION_WITH_SPECIFIED_SOURCE ( 'ANY', '', #5893, .NOT_KNOWN. ) ;
#2782 = CARTESIAN_POINT ( 'NONE',  ( 0.7299999999999999822, -1.150000000000000133, 0.6249999999999996669 ) ) ;
#2783 = SURFACE_SIDE_STYLE ('',( #2378 ) ) ;
#2784 = CARTESIAN_POINT ( 'NONE',  ( 0.5300000000000000266, -0.8750000000000001110, 0.9250000000000002665 ) ) ;
#2785 = AXIS2_PLACEMENT_3D ( 'NONE', #2683, #2591, #4533 ) ;
#2786 = ORIENTED_EDGE ( 'NONE', *, *, #2250, .F. ) ;
#2787 = CARTESIAN_POINT ( 'NONE',  ( 0.5300000000000000266, 0.3749999999999998890, 0.9250000000000002665 ) ) ;
#2788 =( NAMED_UNIT ( * ) SI_UNIT ( $, .STERADIAN. ) SOLID_ANGLE_UNIT ( ) );
#2789 =( NAMED_UNIT ( * ) SI_UNIT ( $, .STERADIAN. ) SOLID_ANGLE_UNIT ( ) );
#2790 = EDGE_LOOP ( 'NONE', ( #4097, #4769, #6202, #3300 ) ) ;
#2791 = MECHANICAL_DESIGN_GEOMETRIC_PRESENTATION_REPRESENTATION (  '', ( #1146 ), #1376 ) ;
#2792 = LINE ( 'NONE', #3272, #3922 ) ;
#2793 = CARTESIAN_POINT ( 'NONE',  ( 0.5300000000000000266, 0.6249999999999998890, -1.400000000000000577 ) ) ;
#2794 = CARTESIAN_POINT ( 'NONE',  ( 0.7299999999999999822, 0.6750000000000002665, -0.3750000000000003331 ) ) ;
#2795 = ORIENTED_EDGE ( 'NONE', *, *, #1121, .T. ) ;
#2796 =( NAMED_UNIT ( * ) PLANE_ANGLE_UNIT ( ) SI_UNIT ( $, .RADIAN. ) );
#2797 =( NAMED_UNIT ( * ) PLANE_ANGLE_UNIT ( ) SI_UNIT ( $, .RADIAN. ) );
#2798 = AXIS2_PLACEMENT_3D ( 'NONE', #1219, #618, #5527 ) ;
#2799 = COLOUR_RGB ( '',0.1019607843137254888, 0.1019607843137254888, 0.1019607843137254888 ) ;
#2800 = DIRECTION ( 'NONE',  ( 0.000000000000000000, -1.000000000000000000, 0.000000000000000000 ) ) ;
#2801 = EDGE_CURVE ( 'NONE', #5917, #495, #2419, .T. ) ;
#2802 = ORIENTED_EDGE ( 'NONE', *, *, #2154, .F. ) ;
#2803 =( NAMED_UNIT ( * ) PLANE_ANGLE_UNIT ( ) SI_UNIT ( $, .RADIAN. ) );
#2804 = EDGE_LOOP ( 'NONE', ( #2582, #1830, #1490, #431, #4997 ) ) ;
#2805 = PLANE ( 'NONE',  #1541 ) ;
#2806 = PRESENTATION_LAYER_ASSIGNMENT (  '', '', ( #4832 ) ) ;
#2807 = ORIENTED_EDGE ( 'NONE', *, *, #3593, .F. ) ;
#2808 =( NAMED_UNIT ( * ) SI_UNIT ( $, .STERADIAN. ) SOLID_ANGLE_UNIT ( ) );
#2809 = LINE ( 'NONE', #5685, #2702 ) ;
#2810 = ADVANCED_FACE ( 'NONE', ( #3726 ), #5641, .F. ) ;
#2811 =( NAMED_UNIT ( * ) PLANE_ANGLE_UNIT ( ) SI_UNIT ( $, .RADIAN. ) );
#2812 = COLOUR_RGB ( '',0.1019607843137254888, 0.1019607843137254888, 0.1019607843137254888 ) ;
#2813 = SURFACE_STYLE_FILL_AREA ( #6130 ) ;
#2814 = VECTOR ( 'NONE', #1156, 1000.000000000000000 ) ;
#2815 = PLANE ( 'NONE',  #158 ) ;
#2816 = EDGE_CURVE ( 'NONE', #1217, #1930, #5770, .T. ) ;
#2817 = ORIENTED_EDGE ( 'NONE', *, *, #2237, .T. ) ;
#2818 = COLOUR_RGB ( '',0.1019607843137254888, 0.1019607843137254888, 0.1019607843137254888 ) ;
#2819 =( GEOMETRIC_REPRESENTATION_CONTEXT ( 3 ) GLOBAL_UNCERTAINTY_ASSIGNED_CONTEXT ( ( #6070 ) ) GLOBAL_UNIT_ASSIGNED_CONTEXT ( ( #4416, #2510, #1068 ) ) REPRESENTATION_CONTEXT ( 'NONE', 'WORKASPACE' ) );
#2820 = VERTEX_POINT ( 'NONE', #4319 ) ;
#2821 = VECTOR ( 'NONE', #3925, 1000.000000000000000 ) ;
#2822 = PRESENTATION_LAYER_ASSIGNMENT (  '', '', ( #4649 ) ) ;
#2823 = DIRECTION ( 'NONE',  ( -0.000000000000000000, 1.000000000000000000, 0.000000000000000000 ) ) ;
#2824 = CARTESIAN_POINT ( 'NONE',  ( 0.5300000000000000266, 1.150000000000000133, -0.1250000000000003331 ) ) ;
#2825 = DIRECTION ( 'NONE',  ( 0.000000000000000000, 0.000000000000000000, 1.000000000000000000 ) ) ;
#2826 = LINE ( 'NONE', #1357, #6115 ) ;
#2827 = ORIENTED_EDGE ( 'NONE', *, *, #269, .T. ) ;
#2828 = VECTOR ( 'NONE', #4162, 1000.000000000000000 ) ;
#2829 = VECTOR ( 'NONE', #6269, 1000.000000000000000 ) ;
#2830 = PRESENTATION_STYLE_ASSIGNMENT (( #3724 ) ) ;
#2831 = VERTEX_POINT ( 'NONE', #4764 ) ;
#2832 = VECTOR ( 'NONE', #5667, 1000.000000000000000 ) ;
#2833 = CARTESIAN_POINT ( 'NONE',  ( 0.5300000000000000266, 0.6750000000000002665, 0.1249999999999996808 ) ) ;
#2834 = CARTESIAN_POINT ( 'NONE',  ( 0.7299999999999999822, 0.6750000000000002665, 0.6249999999999996669 ) ) ;
#2835 = DIRECTION ( 'NONE',  ( 1.000000000000000000, -0.000000000000000000, -0.000000000000000000 ) ) ;
#2836 = SURFACE_STYLE_FILL_AREA ( #1369 ) ;
#2837 = ORIENTED_EDGE ( 'NONE', *, *, #2041, .T. ) ;
#2838 = FILL_AREA_STYLE ('',( #4322 ) ) ;
#2839 = VECTOR ( 'NONE', #5024, 1000.000000000000000 ) ;
#2840 = CARTESIAN_POINT ( 'NONE',  ( 0.5300000000000000266, 0.000000000000000000, 0.000000000000000000 ) ) ;
#2841 = ORIENTED_EDGE ( 'NONE', *, *, #3178, .T. ) ;
#2842 = ORIENTED_EDGE ( 'NONE', *, *, #4703, .F. ) ;
#2843 = SURFACE_STYLE_USAGE ( .BOTH. , #1881 ) ;
#2844 = PLANE ( 'NONE',  #3636 ) ;
#2845 = EDGE_CURVE ( 'NONE', #5364, #4007, #822, .T. ) ;
#2846 = SURFACE_STYLE_FILL_AREA ( #5279 ) ;
#2847 = ORIENTED_EDGE ( 'NONE', *, *, #4170, .F. ) ;
#2848 = CARTESIAN_POINT ( 'NONE',  ( 0.7299999999999999822, 0.6750000000000002665, 0.1249999999999996808 ) ) ;
#2849 = EDGE_CURVE ( 'NONE', #3681, #1480, #1399, .T. ) ;
#2850 = DIRECTION ( 'NONE',  ( 0.000000000000000000, -1.000000000000000000, 0.000000000000000000 ) ) ;
#2851 = DIRECTION ( 'NONE',  ( 1.000000000000000000, 0.000000000000000000, -0.000000000000000000 ) ) ;
#2852 = DIRECTION ( 'NONE',  ( 0.000000000000000000, -0.000000000000000000, 1.000000000000000000 ) ) ;
#2853 = ORIENTED_EDGE ( 'NONE', *, *, #4198, .T. ) ;
#2854 = VERTEX_POINT ( 'NONE', #4260 ) ;
#2855 = ADVANCED_FACE ( 'NONE', ( #923 ), #6179, .T. ) ;
#2856 = DIRECTION ( 'NONE',  ( 0.000000000000000000, -0.000000000000000000, -1.000000000000000000 ) ) ;
#2857 = VECTOR ( 'NONE', #2071, 1000.000000000000000 ) ;
#2858 = FILL_AREA_STYLE_COLOUR ( '', #5553 ) ;
#2859 = PLANE ( 'NONE',  #75 ) ;
#2860 = LINE ( 'NONE', #5665, #4509 ) ;
#2861 = CARTESIAN_POINT ( 'NONE',  ( 0.5300000000000000266, -0.6750000000000002665, 0.6249999999999996669 ) ) ;
#2862 = CARTESIAN_POINT ( 'NONE',  ( 0.5300000000000000266, -0.1250000000000001110, -0.9250000000000007105 ) ) ;
#2863 = ORIENTED_EDGE ( 'NONE', *, *, #712, .F. ) ;
#2864 = EDGE_CURVE ( 'NONE', #964, #6117, #3788, .T. ) ;
#2865 = ADVANCED_FACE ( 'NONE', ( #5271 ), #441, .F. ) ;
#2866 = CARTESIAN_POINT ( 'NONE',  ( 0.5300000000000000266, 0.6249999999999998890, 1.400000000000000133 ) ) ;
#2867 = DIRECTION ( 'NONE',  ( 0.000000000000000000, 0.000000000000000000, -1.000000000000000000 ) ) ;
#2868 = CARTESIAN_POINT ( 'NONE',  ( 0.7299999999999999822, -1.250000000000000000, -1.500000000000000222 ) ) ;
#2869 = ORIENTED_EDGE ( 'NONE', *, *, #1422, .F. ) ;
#2870 = PLANE ( 'NONE',  #1385 ) ;
#2871 = ORIENTED_EDGE ( 'NONE', *, *, #6099, .T. ) ;
#2872 = FACE_OUTER_BOUND ( 'NONE', #3088, .T. ) ;
#2873 = CARTESIAN_POINT ( 'NONE',  ( 0.5300000000000000266, 0.3749999999999998890, 1.400000000000000133 ) ) ;
#2874 = EDGE_CURVE ( 'NONE', #3318, #3595, #634, .T. ) ;
#2875 = ORIENTED_EDGE ( 'NONE', *, *, #2234, .T. ) ;
#2876 = FACE_OUTER_BOUND ( 'NONE', #2665, .T. ) ;
#2877 = FILL_AREA_STYLE ('',( #3385 ) ) ;
#2878 = DIRECTION ( 'NONE',  ( 0.000000000000000000, 0.000000000000000000, -1.000000000000000000 ) ) ;
#2879 = DIRECTION ( 'NONE',  ( 1.000000000000000000, 0.000000000000000000, -0.000000000000000000 ) ) ;
#2880 = ORIENTED_EDGE ( 'NONE', *, *, #2712, .T. ) ;
#2881 = ADVANCED_FACE ( 'NONE', ( #605 ), #566, .F. ) ;
#2882 = EDGE_LOOP ( 'NONE', ( #1274, #1861, #5963, #4165 ) ) ;
#2883 = PLANE ( 'NONE',  #2457 ) ;
#2884 = FILL_AREA_STYLE ('',( #2858 ) ) ;
#2885 = CARTESIAN_POINT ( 'NONE',  ( 0.5300000000000000266, 0.000000000000000000, 0.000000000000000000 ) ) ;
#2886 = CARTESIAN_POINT ( 'NONE',  ( 0.7299999999999999822, 0.6249999999999998890, -0.9250000000000007105 ) ) ;
#2887 = ORIENTED_EDGE ( 'NONE', *, *, #704, .T. ) ;
#2888 = FILL_AREA_STYLE_COLOUR ( '', #4532 ) ;
#2889 = MECHANICAL_DESIGN_GEOMETRIC_PRESENTATION_REPRESENTATION (  '', ( #3605 ), #1054 ) ;
#2890 = DIRECTION ( 'NONE',  ( 1.000000000000000000, 0.000000000000000000, -0.000000000000000000 ) ) ;
#2891 = FILL_AREA_STYLE ('',( #478 ) ) ;
#2892 = VERTEX_POINT ( 'NONE', #5362 ) ;
#2893 = LINE ( 'NONE', #3825, #1508 ) ;
#2894 = ADVANCED_FACE ( 'NONE', ( #1007 ), #1101, .F. ) ;
#2895 = SURFACE_STYLE_FILL_AREA ( #3376 ) ;
#2896 = EDGE_CURVE ( 'NONE', #2012, #2892, #5913, .T. ) ;
#2897 = DIRECTION ( 'NONE',  ( 0.000000000000000000, -0.000000000000000000, 1.000000000000000000 ) ) ;
#2898 = CARTESIAN_POINT ( 'NONE',  ( 0.5300000000000000266, 0.1249999999999998890, 0.9250000000000002665 ) ) ;
#2899 = COLOUR_RGB ( '',0.1019607843137254888, 0.1019607843137254888, 0.1019607843137254888 ) ;
#2900 = EDGE_LOOP ( 'NONE', ( #1000, #5912, #521, #5626 ) ) ;
#2901 = COLOUR_RGB ( '',0.1019607843137254888, 0.1019607843137254888, 0.1019607843137254888 ) ;
#2902 = FILL_AREA_STYLE ('',( #3961 ) ) ;
#2903 = COLOUR_RGB ( '',0.1019607843137254888, 0.1019607843137254888, 0.1019607843137254888 ) ;
#2904 = FILL_AREA_STYLE_COLOUR ( '', #5022 ) ;
#2905 = CARTESIAN_POINT ( 'NONE',  ( 0.7299999999999999822, -0.6750000000000002665, 0.6249999999999996669 ) ) ;
#2906 = VECTOR ( 'NONE', #1259, 1000.000000000000000 ) ;
#2907 = ORIENTED_EDGE ( 'NONE', *, *, #4554, .T. ) ;
#2908 = ADVANCED_FACE ( 'NONE', ( #1575 ), #3908, .F. ) ;
#2909 = ORIENTED_EDGE ( 'NONE', *, *, #5337, .F. ) ;
#2910 =( GEOMETRIC_REPRESENTATION_CONTEXT ( 3 ) GLOBAL_UNCERTAINTY_ASSIGNED_CONTEXT ( ( #2087 ) ) GLOBAL_UNIT_ASSIGNED_CONTEXT ( ( #57, #1532, #3477 ) ) REPRESENTATION_CONTEXT ( 'NONE', 'WORKASPACE' ) );
#2911 = VECTOR ( 'NONE', #5855, 1000.000000000000000 ) ;
#2912 = PRESENTATION_STYLE_ASSIGNMENT (( #4406 ) ) ;
#2913 = PRESENTATION_STYLE_ASSIGNMENT (( #309 ) ) ;
#2914 = CARTESIAN_POINT ( 'NONE',  ( 0.7299999999999999822, 0.6249999999999998890, 0.9250000000000002665 ) ) ;
#2915 = DIRECTION ( 'NONE',  ( 1.000000000000000000, -0.000000000000000000, 0.000000000000000000 ) ) ;
#2916 = MECHANICAL_DESIGN_GEOMETRIC_PRESENTATION_REPRESENTATION (  '', ( #6147 ), #3219 ) ;
#2917 = ORIENTED_EDGE ( 'NONE', *, *, #2548, .T. ) ;
#2918 = AXIS2_PLACEMENT_3D ( 'NONE', #2451, #5392, #5919 ) ;
#2919 =( LENGTH_UNIT ( ) NAMED_UNIT ( * ) SI_UNIT ( .MILLI., .METRE. ) );
#2920 = CARTESIAN_POINT ( 'NONE',  ( 0.7299999999999999822, -1.150000000000000133, 0.3749999999999996669 ) ) ;
#2921 = COLOUR_RGB ( '',0.1019607843137254888, 0.1019607843137254888, 0.1019607843137254888 ) ;
#2922 = CARTESIAN_POINT ( 'NONE',  ( 0.5300000000000000266, 1.150000000000000133, 0.1249999999999996808 ) ) ;
#2923 = PRESENTATION_LAYER_ASSIGNMENT (  '', '', ( #4047 ) ) ;
#2924 = VERTEX_POINT ( 'NONE', #1036 ) ;
#2925 =( LENGTH_UNIT ( ) NAMED_UNIT ( * ) SI_UNIT ( .MILLI., .METRE. ) );
#2926 = LINE ( 'NONE', #4866, #5731 ) ;
#2927 = AXIS2_PLACEMENT_3D ( 'NONE', #1611, #4569, #5100 ) ;
#2928 = EDGE_CURVE ( 'NONE', #4913, #4492, #4885, .T. ) ;
#2929 = CARTESIAN_POINT ( 'NONE',  ( 0.5300000000000000266, 1.150000000000000133, -0.6250000000000003331 ) ) ;
#2930 =( GEOMETRIC_REPRESENTATION_CONTEXT ( 3 ) GLOBAL_UNCERTAINTY_ASSIGNED_CONTEXT ( ( #1065 ) ) GLOBAL_UNIT_ASSIGNED_CONTEXT ( ( #1061, #1898, #3425 ) ) REPRESENTATION_CONTEXT ( 'NONE', 'WORKASPACE' ) );
#2931 = FACE_OUTER_BOUND ( 'NONE', #261, .T. ) ;
#2932 = CARTESIAN_POINT ( 'NONE',  ( 0.7299999999999999822, 1.250000000000000000, 1.499999999999999778 ) ) ;
#2933 = DIRECTION ( 'NONE',  ( -0.000000000000000000, 1.000000000000000000, -0.000000000000000000 ) ) ;
#2934 = ORIENTED_EDGE ( 'NONE', *, *, #5522, .T. ) ;
#2935 =( LENGTH_UNIT ( ) NAMED_UNIT ( * ) SI_UNIT ( .MILLI., .METRE. ) );
#2936 =( LENGTH_UNIT ( ) NAMED_UNIT ( * ) SI_UNIT ( .MILLI., .METRE. ) );
#2937 = CARTESIAN_POINT ( 'NONE',  ( 0.7299999999999999822, 0.6750000000000002665, 0.3749999999999996669 ) ) ;
#2938 = ORIENTED_EDGE ( 'NONE', *, *, #3038, .T. ) ;
#2939 = EDGE_LOOP ( 'NONE', ( #1505, #1431, #3337, #4848 ) ) ;
#2940 =( LENGTH_UNIT ( ) NAMED_UNIT ( * ) SI_UNIT ( .MILLI., .METRE. ) );
#2941 = CARTESIAN_POINT ( 'NONE',  ( 0.7299999999999999822, -0.6250000000000001110, -1.400000000000000577 ) ) ;
#2942 = DIRECTION ( 'NONE',  ( 0.000000000000000000, 1.000000000000000000, 0.000000000000000000 ) ) ;
#2943 = CARTESIAN_POINT ( 'NONE',  ( 0.5300000000000000266, 0.1249999999999998890, -0.9250000000000007105 ) ) ;
#2944 = VERTEX_POINT ( 'NONE', #5415 ) ;
#2945 = PRODUCT_DEFINITION ( 'UNKNOWN', '', #2781, #1763 ) ;
#2946 = CARTESIAN_POINT ( 'NONE',  ( 0.5300000000000000266, 0.3749999999999998890, 0.9250000000000002665 ) ) ;
#2947 = DIRECTION ( 'NONE',  ( -0.000000000000000000, -0.000000000000000000, -1.000000000000000000 ) ) ;
#2948 = FACE_BOUND ( 'NONE', #5131, .T. ) ;
#2949 = DIRECTION ( 'NONE',  ( 0.000000000000000000, -0.000000000000000000, 1.000000000000000000 ) ) ;
#2950 = EDGE_LOOP ( 'NONE', ( #1976, #4719, #1632, #1518 ) ) ;
#2951 =( LENGTH_UNIT ( ) NAMED_UNIT ( * ) SI_UNIT ( .MILLI., .METRE. ) );
#2952 = CARTESIAN_POINT ( 'NONE',  ( -0.1000000000000000056, 1.250000000000000000, 1.499999999999999778 ) ) ;
#2953 = ADVANCED_FACE ( 'NONE', ( #5799 ), #4981, .F. ) ;
#2954 = PLANE ( 'NONE',  #2497 ) ;
#2955 = CARTESIAN_POINT ( 'NONE',  ( 0.1000000000000000056, 0.8556308804057267681, -1.128932602121957007 ) ) ;
#2956 = CARTESIAN_POINT ( 'NONE',  ( 0.5300000000000000266, -0.8750000000000001110, 0.9250000000000002665 ) ) ;
#2957 = DIRECTION ( 'NONE',  ( 1.000000000000000000, 0.000000000000000000, -0.000000000000000000 ) ) ;
#2958 = AXIS2_PLACEMENT_3D ( 'NONE', #4998, #127, #5473 ) ;
#2959 = LINE ( 'NONE', #1079, #1999 ) ;
#2960 = VECTOR ( 'NONE', #16, 1000.000000000000000 ) ;
#2961 = VERTEX_POINT ( 'NONE', #6272 ) ;
#2962 =( NAMED_UNIT ( * ) PLANE_ANGLE_UNIT ( ) SI_UNIT ( $, .RADIAN. ) );
#2963 = LINE ( 'NONE', #4716, #396 ) ;
#2964 =( NAMED_UNIT ( * ) PLANE_ANGLE_UNIT ( ) SI_UNIT ( $, .RADIAN. ) );
#2965 = CARTESIAN_POINT ( 'NONE',  ( 0.5300000000000000266, -0.6250000000000001110, -1.400000000000000577 ) ) ;
#2966 = LINE ( 'NONE', #5378, #1473 ) ;
#2967 = EDGE_CURVE ( 'NONE', #4041, #6133, #974, .T. ) ;
#2968 = ORIENTED_EDGE ( 'NONE', *, *, #935, .F. ) ;
#2969 = ORIENTED_EDGE ( 'NONE', *, *, #5410, .F. ) ;
#2970 = UNCERTAINTY_MEASURE_WITH_UNIT (LENGTH_MEASURE( 1.000000000000000082E-05 ), #1125, 'distance_accuracy_value', 'NONE');
#2971 = EDGE_CURVE ( 'NONE', #4733, #2992, #2977, .T. ) ;
#2972 = FILL_AREA_STYLE ('',( #1568 ) ) ;
#2973 = MECHANICAL_DESIGN_GEOMETRIC_PRESENTATION_REPRESENTATION (  '', ( #5686 ), #4285 ) ;
#2974 = FACE_OUTER_BOUND ( 'NONE', #1417, .T. ) ;
#2975 = CARTESIAN_POINT ( 'NONE',  ( 0.7299999999999999822, 0.6249999999999998890, 0.9250000000000002665 ) ) ;
#2976 = ORIENTED_EDGE ( 'NONE', *, *, #1049, .T. ) ;
#2977 = LINE ( 'NONE', #2475, #5988 ) ;
#2978 = FILL_AREA_STYLE ('',( #79 ) ) ;
#2979 = EDGE_LOOP ( 'NONE', ( #3452, #3862, #3579, #6154 ) ) ;
#2980 = CARTESIAN_POINT ( 'NONE',  ( 0.7299999999999999822, -0.8750000000000001110, -0.9250000000000007105 ) ) ;
#2981 = COLOUR_RGB ( '',0.1019607843137254888, 0.1019607843137254888, 0.1019607843137254888 ) ;
#2982 = CARTESIAN_POINT ( 'NONE',  ( 0.5300000000000000266, -1.150000000000000133, 0.6249999999999996669 ) ) ;
#2983 = PRESENTATION_STYLE_ASSIGNMENT (( #1140 ) ) ;
#2984 = DIRECTION ( 'NONE',  ( 1.000000000000000000, 0.000000000000000000, -0.000000000000000000 ) ) ;
#2985 = ADVANCED_FACE ( 'NONE', ( #3972 ), #41, .F. ) ;
#2986 = DIRECTION ( 'NONE',  ( 0.000000000000000000, 0.000000000000000000, 1.000000000000000000 ) ) ;
#2987 = ORIENTED_EDGE ( 'NONE', *, *, #2896, .T. ) ;
#2988 = CARTESIAN_POINT ( 'NONE',  ( 0.000000000000000000, -1.250000000000000000, 1.499999999999999778 ) ) ;
#2989 = LINE ( 'NONE', #2586, #2821 ) ;
#2990 = CARTESIAN_POINT ( 'NONE',  ( 0.7299999999999999822, 0.8749999999999998890, 0.9250000000000002665 ) ) ;
#2991 = ORIENTED_EDGE ( 'NONE', *, *, #5428, .F. ) ;
#2992 = VERTEX_POINT ( 'NONE', #3141 ) ;
#2993 = STYLED_ITEM ( 'NONE', ( #3670 ), #3181 ) ;
#2994 = ADVANCED_FACE ( 'NONE', ( #1129 ), #172, .T. ) ;
#2995 = SURFACE_SIDE_STYLE ('',( #2468 ) ) ;
#2996 = DIRECTION ( 'NONE',  ( 0.000000000000000000, 0.000000000000000000, -1.000000000000000000 ) ) ;
#2997 = VECTOR ( 'NONE', #3584, 1000.000000000000000 ) ;
#2998 = AXIS2_PLACEMENT_3D ( 'NONE', #5200, #1458, #4354 ) ;
#2999 = FILL_AREA_STYLE_COLOUR ( '', #6120 ) ;
#3000 = EDGE_CURVE ( 'NONE', #3388, #5029, #4506, .T. ) ;
#3001 = VECTOR ( 'NONE', #3718, 1000.000000000000000 ) ;
#3002 = SURFACE_STYLE_FILL_AREA ( #3877 ) ;
#3003 = DIRECTION ( 'NONE',  ( -0.000000000000000000, -1.000000000000000000, -0.000000000000000000 ) ) ;
#3004 = ORIENTED_EDGE ( 'NONE', *, *, #5897, .T. ) ;
#3005 = MECHANICAL_DESIGN_GEOMETRIC_PRESENTATION_REPRESENTATION (  '', ( #4837 ), #5835 ) ;
#3006 = DIRECTION ( 'NONE',  ( 0.000000000000000000, -0.000000000000000000, 1.000000000000000000 ) ) ;
#3007 = SURFACE_SIDE_STYLE ('',( #4382 ) ) ;
#3008 = SURFACE_SIDE_STYLE ('',( #5417 ) ) ;
#3009 = ORIENTED_EDGE ( 'NONE', *, *, #305, .T. ) ;
#3010 = CARTESIAN_POINT ( 'NONE',  ( 0.7299999999999999822, 0.000000000000000000, 0.000000000000000000 ) ) ;
#3011 = VECTOR ( 'NONE', #429, 1000.000000000000000 ) ;
#3012 =( LENGTH_UNIT ( ) NAMED_UNIT ( * ) SI_UNIT ( .MILLI., .METRE. ) );
#3013 = ADVANCED_BREP_SHAPE_REPRESENTATION ( 'ISM6HG256XTR', ( #1949, #1961, #2022, #6221, #2073, #6067, #2132, #5979, #71, #4086, #1973, #6200, #2221, #56, #6139, #4126, #4066, #2798 ), #5524 ) ;
#3014 = VECTOR ( 'NONE', #5426, 1000.000000000000000 ) ;
#3015 = AXIS2_PLACEMENT_3D ( 'NONE', #4261, #3373, #2890 ) ;
#3016 = CARTESIAN_POINT ( 'NONE',  ( 0.7299999999999999822, 0.6249999999999998890, 0.9250000000000002665 ) ) ;
#3017 = UNCERTAINTY_MEASURE_WITH_UNIT (LENGTH_MEASURE( 1.000000000000000082E-05 ), #4580, 'distance_accuracy_value', 'NONE');
#3018 = VECTOR ( 'NONE', #2053, 1000.000000000000000 ) ;
#3019 =( LENGTH_UNIT ( ) NAMED_UNIT ( * ) SI_UNIT ( .MILLI., .METRE. ) );
#3020 = PLANE ( 'NONE',  #1239 ) ;
#3021 = MECHANICAL_DESIGN_GEOMETRIC_PRESENTATION_REPRESENTATION (  '', ( #6256 ), #283 ) ;
#3022 = CARTESIAN_POINT ( 'NONE',  ( 0.5300000000000000266, 1.150000000000000133, 0.6249999999999996669 ) ) ;
#3023 = AXIS2_PLACEMENT_3D ( 'NONE', #4513, #4168, #5956 ) ;
#3024 = ORIENTED_EDGE ( 'NONE', *, *, #5629, .F. ) ;
#3025 = AXIS2_PLACEMENT_3D ( 'NONE', #6242, #4292, #6211 ) ;
#3026 = DIRECTION ( 'NONE',  ( 1.000000000000000000, 0.000000000000000000, -0.000000000000000000 ) ) ;
#3027 = DIRECTION ( 'NONE',  ( -0.000000000000000000, -0.000000000000000000, 1.000000000000000000 ) ) ;
#3028 = LINE ( 'NONE', #4967, #2005 ) ;
#3029 = PRESENTATION_STYLE_ASSIGNMENT (( #3551 ) ) ;
#3030 = VERTEX_POINT ( 'NONE', #4038 ) ;
#3031 = ORIENTED_EDGE ( 'NONE', *, *, #642, .T. ) ;
#3032 = ADVANCED_FACE ( 'NONE', ( #3661 ), #5072, .F. ) ;
#3033 = CARTESIAN_POINT ( 'NONE',  ( 0.000000000000000000, 0.8556308804057267681, -1.303988606881374412 ) ) ;
#3034 = DIRECTION ( 'NONE',  ( -1.000000000000000000, 0.000000000000000000, 0.000000000000000000 ) ) ;
#3035 = LINE ( 'NONE', #3557, #3216 ) ;
#3036 = LINE ( 'NONE', #2568, #177 ) ;
#3037 = ORIENTED_EDGE ( 'NONE', *, *, #1567, .T. ) ;
#3038 = EDGE_CURVE ( 'NONE', #1327, #2944, #5102, .T. ) ;
#3039 = UNCERTAINTY_MEASURE_WITH_UNIT (LENGTH_MEASURE( 1.000000000000000082E-05 ), #2951, 'distance_accuracy_value', 'NONE');
#3040 =( NAMED_UNIT ( * ) SI_UNIT ( $, .STERADIAN. ) SOLID_ANGLE_UNIT ( ) );
#3041 = FACE_BOUND ( 'NONE', #4658, .T. ) ;
#3042 =( NAMED_UNIT ( * ) PLANE_ANGLE_UNIT ( ) SI_UNIT ( $, .RADIAN. ) );
#3043 = ORIENTED_EDGE ( 'NONE', *, *, #5825, .F. ) ;
#3044 = UNCERTAINTY_MEASURE_WITH_UNIT (LENGTH_MEASURE( 1.000000000000000082E-05 ), #482, 'distance_accuracy_value', 'NONE');
#3045 = CARTESIAN_POINT ( 'NONE',  ( 0.7299999999999999822, 0.6249999999999998890, 1.400000000000000133 ) ) ;
#3046 = CARTESIAN_POINT ( 'NONE',  ( 0.5300000000000000266, -0.3750000000000001110, 1.400000000000000133 ) ) ;
#3047 = EDGE_CURVE ( 'NONE', #3697, #1229, #134, .T. ) ;
#3048 = EDGE_CURVE ( 'NONE', #3836, #5580, #2119, .T. ) ;
#3049 = LINE ( 'NONE', #3078, #2758 ) ;
#3050 =( NAMED_UNIT ( * ) PLANE_ANGLE_UNIT ( ) SI_UNIT ( $, .RADIAN. ) );
#3051 =( NAMED_UNIT ( * ) SI_UNIT ( $, .STERADIAN. ) SOLID_ANGLE_UNIT ( ) );
#3052 = CARTESIAN_POINT ( 'NONE',  ( 0.5300000000000000266, -0.6750000000000002665, -0.3750000000000003331 ) ) ;
#3053 = DIRECTION ( 'NONE',  ( 1.000000000000000000, -0.000000000000000000, -0.000000000000000000 ) ) ;
#3054 = EDGE_LOOP ( 'NONE', ( #5351, #4890, #1050, #596 ) ) ;
#3055 = CARTESIAN_POINT ( 'NONE',  ( 0.7299999999999999822, 1.150000000000000133, -0.3750000000000003331 ) ) ;
#3056 = EDGE_CURVE ( 'NONE', #212, #1394, #273, .T. ) ;
#3057 = CARTESIAN_POINT ( 'NONE',  ( 0.5300000000000000266, 0.6249999999999998890, -1.400000000000000577 ) ) ;
#3058 = STYLED_ITEM ( 'NONE', ( #3537 ), #2073 ) ;
#3059 = EDGE_LOOP ( 'NONE', ( #3775, #841 ) ) ;
#3060 = ORIENTED_EDGE ( 'NONE', *, *, #1280, .T. ) ;
#3061 = PLANE ( 'NONE',  #227 ) ;
#3062 = DIRECTION ( 'NONE',  ( 0.000000000000000000, 0.000000000000000000, -1.000000000000000000 ) ) ;
#3063 = DIRECTION ( 'NONE',  ( 0.000000000000000000, -0.000000000000000000, -1.000000000000000000 ) ) ;
#3064 = EDGE_CURVE ( 'NONE', #241, #5531, #2220, .T. ) ;
#3065 = DIRECTION ( 'NONE',  ( -0.000000000000000000, -1.000000000000000000, -0.000000000000000000 ) ) ;
#3066 = DIRECTION ( 'NONE',  ( 0.000000000000000000, 1.000000000000000000, 0.000000000000000000 ) ) ;
#3067 = VERTEX_POINT ( 'NONE', #1614 ) ;
#3068 = DIRECTION ( 'NONE',  ( -1.000000000000000000, -0.000000000000000000, -0.000000000000000000 ) ) ;
#3069 = PRESENTATION_LAYER_ASSIGNMENT (  '', '', ( #530 ) ) ;
#3070 = FILL_AREA_STYLE_COLOUR ( '', #3543 ) ;
#3071 = PRESENTATION_STYLE_ASSIGNMENT (( #1103 ) ) ;
#3072 = FILL_AREA_STYLE_COLOUR ( '', #22 ) ;
#3073 = ORIENTED_EDGE ( 'NONE', *, *, #4778, .F. ) ;
#3074 = FILL_AREA_STYLE_COLOUR ( '', #4241 ) ;
#3075 = DIRECTION ( 'NONE',  ( 1.000000000000000000, 0.000000000000000000, -0.000000000000000000 ) ) ;
#3076 = AXIS2_PLACEMENT_3D ( 'NONE', #4306, #2852, #3327 ) ;
#3077 = ADVANCED_FACE ( 'NONE', ( #6048 ), #3955, .F. ) ;
#3078 = CARTESIAN_POINT ( 'NONE',  ( 0.7299999999999999822, -0.8750000000000001110, 1.400000000000000133 ) ) ;
#3079 = FILL_AREA_STYLE ('',( #676 ) ) ;
#3080 = CARTESIAN_POINT ( 'NONE',  ( 0.5300000000000000266, 0.6249999999999998890, -0.9250000000000007105 ) ) ;
#3081 =( LENGTH_UNIT ( ) NAMED_UNIT ( * ) SI_UNIT ( .MILLI., .METRE. ) );
#3082 = UNCERTAINTY_MEASURE_WITH_UNIT (LENGTH_MEASURE( 1.000000000000000082E-05 ), #5819, 'distance_accuracy_value', 'NONE');
#3083 = VECTOR ( 'NONE', #3590, 1000.000000000000114 ) ;
#3084 = CARTESIAN_POINT ( 'NONE',  ( 0.7299999999999999822, 0.6249999999999998890, 1.400000000000000133 ) ) ;
#3085 = EDGE_CURVE ( 'NONE', #2820, #2854, #5867, .T. ) ;
#3086 = ORIENTED_EDGE ( 'NONE', *, *, #3649, .T. ) ;
#3087 = VECTOR ( 'NONE', #2025, 1000.000000000000000 ) ;
#3088 = EDGE_LOOP ( 'NONE', ( #4219, #3458, #2847, #38 ) ) ;
#3089 = MECHANICAL_DESIGN_GEOMETRIC_PRESENTATION_REPRESENTATION (  '', ( #6009 ), #236 ) ;
#3090 = ORIENTED_EDGE ( 'NONE', *, *, #1845, .T. ) ;
#3091 =( LENGTH_UNIT ( ) NAMED_UNIT ( * ) SI_UNIT ( .MILLI., .METRE. ) );
#3092 =( NAMED_UNIT ( * ) SI_UNIT ( $, .STERADIAN. ) SOLID_ANGLE_UNIT ( ) );
#3093 = FILL_AREA_STYLE_COLOUR ( '', #4940 ) ;
#3094 = PRESENTATION_LAYER_ASSIGNMENT (  '', '', ( #4715 ) ) ;
#3095 = AXIS2_PLACEMENT_3D ( 'NONE', #732, #1238, #4577 ) ;
#3096 = ADVANCED_FACE ( 'NONE', ( #4923 ), #3020, .F. ) ;
#3097 = DIRECTION ( 'NONE',  ( 0.000000000000000000, -1.000000000000000000, 0.000000000000000000 ) ) ;
#3098 = CARTESIAN_POINT ( 'NONE',  ( 0.7299999999999999822, 0.000000000000000000, 0.000000000000000000 ) ) ;
#3099 = VERTEX_POINT ( 'NONE', #2095 ) ;
#3100 = UNCERTAINTY_MEASURE_WITH_UNIT (LENGTH_MEASURE( 1.000000000000000082E-05 ), #5687, 'distance_accuracy_value', 'NONE');
#3101 = CARTESIAN_POINT ( 'NONE',  ( 0.7299999999999999822, 0.6750000000000002665, -0.1250000000000003331 ) ) ;
#3102 = AXIS2_PLACEMENT_3D ( 'NONE', #1839, #5702, #1363 ) ;
#3103 =( GEOMETRIC_REPRESENTATION_CONTEXT ( 3 ) GLOBAL_UNCERTAINTY_ASSIGNED_CONTEXT ( ( #2204 ) ) GLOBAL_UNIT_ASSIGNED_CONTEXT ( ( #2670, #4228, #288 ) ) REPRESENTATION_CONTEXT ( 'NONE', 'WORKASPACE' ) );
#3104 = CARTESIAN_POINT ( 'NONE',  ( 0.1000000000000000056, 0.8556308804057267681, -0.9538765973625393801 ) ) ;
#3105 = PLANE ( 'NONE',  #4833 ) ;
#3106 = CARTESIAN_POINT ( 'NONE',  ( 0.5300000000000000266, -1.150000000000000133, 0.3749999999999996669 ) ) ;
#3107 = VERTEX_POINT ( 'NONE', #1110 ) ;
#3108 = CARTESIAN_POINT ( 'NONE',  ( 0.5300000000000000266, 0.3749999999999998890, -1.400000000000000577 ) ) ;
#3109 = VECTOR ( 'NONE', #6219, 1000.000000000000000 ) ;
#3110 = VERTEX_POINT ( 'NONE', #4486 ) ;
#3111 = LINE ( 'NONE', #285, #972 ) ;
#3112 = DIRECTION ( 'NONE',  ( 0.000000000000000000, 0.000000000000000000, 1.000000000000000000 ) ) ;
#3113 = DIRECTION ( 'NONE',  ( 0.000000000000000000, 0.000000000000000000, -1.000000000000000000 ) ) ;
#3114 = VECTOR ( 'NONE', #2986, 1000.000000000000000 ) ;
#3115 = EDGE_CURVE ( 'NONE', #765, #160, #2046, .T. ) ;
#3116 = STYLED_ITEM ( 'NONE', ( #1228 ), #4568 ) ;
#3117 = DIRECTION ( 'NONE',  ( 0.000000000000000000, 0.000000000000000000, -1.000000000000000000 ) ) ;
#3118 = CARTESIAN_POINT ( 'NONE',  ( 0.5300000000000000266, -0.6750000000000002665, 0.1249999999999996808 ) ) ;
#3119 = VECTOR ( 'NONE', #4391, 1000.000000000000000 ) ;
#3120 = LINE ( 'NONE', #3084, #2708 ) ;
#3121 = ADVANCED_FACE ( 'NONE', ( #4049 ), #1621, .F. ) ;
#3122 = COLOUR_RGB ( '',0.1019607843137254888, 0.1019607843137254888, 0.1019607843137254888 ) ;
#3123 = EDGE_LOOP ( 'NONE', ( #2907, #784, #3090, #5154, #196 ) ) ;
#3124 = VECTOR ( 'NONE', #1934, 1000.000000000000000 ) ;
#3125 = VECTOR ( 'NONE', #6049, 1000.000000000000000 ) ;
#3126 = DIRECTION ( 'NONE',  ( 0.000000000000000000, 1.000000000000000000, 0.000000000000000000 ) ) ;
#3127 = APPLICATION_PROTOCOL_DEFINITION ( 'draft international standard', 'automotive_design', 1998, #5942 ) ;
#3128 = MECHANICAL_DESIGN_GEOMETRIC_PRESENTATION_REPRESENTATION (  '', ( #4047 ), #992 ) ;
#3129 =( NAMED_UNIT ( * ) SI_UNIT ( $, .STERADIAN. ) SOLID_ANGLE_UNIT ( ) );
#3130 = VERTEX_POINT ( 'NONE', #2129 ) ;
#3131 = VECTOR ( 'NONE', #4984, 1000.000000000000000 ) ;
#3132 = ORIENTED_EDGE ( 'NONE', *, *, #1121, .F. ) ;
#3133 = PLANE ( 'NONE',  #46 ) ;
#3134 = ORIENTED_EDGE ( 'NONE', *, *, #6175, .F. ) ;
#3135 = VECTOR ( 'NONE', #2345, 1000.000000000000000 ) ;
#3136 = DIRECTION ( 'NONE',  ( 0.000000000000000000, 0.000000000000000000, 1.000000000000000000 ) ) ;
#3137 = DIRECTION ( 'NONE',  ( 1.000000000000000000, 0.000000000000000000, -0.000000000000000000 ) ) ;
#3138 = DIRECTION ( 'NONE',  ( 0.000000000000000000, -1.000000000000000000, 0.000000000000000000 ) ) ;
#3139 = DIRECTION ( 'NONE',  ( 1.000000000000000000, -0.000000000000000000, 0.000000000000000000 ) ) ;
#3140 = EDGE_LOOP ( 'NONE', ( #6276, #5115, #6107, #1644 ) ) ;
#3141 = CARTESIAN_POINT ( 'NONE',  ( 0.7299999999999999822, 0.6750000000000002665, 0.6249999999999996669 ) ) ;
#3142 = LINE ( 'NONE', #1735, #6060 ) ;
#3143 = CARTESIAN_POINT ( 'NONE',  ( 0.5300000000000000266, 0.6750000000000002665, 0.6249999999999996669 ) ) ;
#3144 = CARTESIAN_POINT ( 'NONE',  ( 0.7299999999999999822, 0.8749999999999998890, -1.025000000000000799 ) ) ;
#3145 = ORIENTED_EDGE ( 'NONE', *, *, #5471, .T. ) ;
#3146 = DIRECTION ( 'NONE',  ( 0.000000000000000000, 0.000000000000000000, 1.000000000000000000 ) ) ;
#3147 = LINE ( 'NONE', #3204, #597 ) ;
#3148 = ORIENTED_EDGE ( 'NONE', *, *, #5758, .F. ) ;
#3149 = FILL_AREA_STYLE ('',( #1214 ) ) ;
#3150 = CARTESIAN_POINT ( 'NONE',  ( 0.7299999999999999822, 0.6750000000000002665, 0.3749999999999996669 ) ) ;
#3151 = FACE_OUTER_BOUND ( 'NONE', #2081, .T. ) ;
#3152 = DIRECTION ( 'NONE',  ( 0.000000000000000000, 0.000000000000000000, 1.000000000000000000 ) ) ;
#3153 = SURFACE_STYLE_USAGE ( .BOTH. , #1308 ) ;
#3154 = ADVANCED_FACE ( 'NONE', ( #3500 ), #545, .F. ) ;
#3155 = EDGE_CURVE ( 'NONE', #681, #3565, #3539, .T. ) ;
#3156 = EDGE_LOOP ( 'NONE', ( #5076, #2021, #3024, #4291 ) ) ;
#3157 = CARTESIAN_POINT ( 'NONE',  ( 0.7299999999999999822, 1.150000000000000133, -0.1250000000000003331 ) ) ;
#3158 = DIRECTION ( 'NONE',  ( 0.000000000000000000, 0.000000000000000000, -1.000000000000000000 ) ) ;
#3159 = PRESENTATION_STYLE_ASSIGNMENT (( #5619 ) ) ;
#3160 = ORIENTED_EDGE ( 'NONE', *, *, #3562, .F. ) ;
#3161 = ORIENTED_EDGE ( 'NONE', *, *, #5697, .T. ) ;
#3162 = CARTESIAN_POINT ( 'NONE',  ( 0.7299999999999999822, -0.8750000000000001110, 0.9250000000000002665 ) ) ;
#3163 = COLOUR_RGB ( '',0.1019607843137254888, 0.1019607843137254888, 0.1019607843137254888 ) ;
#3164 = CARTESIAN_POINT ( 'NONE',  ( 0.5300000000000000266, -1.150000000000000133, 0.1249999999999996808 ) ) ;
#3165 = EDGE_LOOP ( 'NONE', ( #1099, #4371, #4137, #2140 ) ) ;
#3166 = ADVANCED_FACE ( 'NONE', ( #4079 ), #5923, .F. ) ;
#3167 = EDGE_CURVE ( 'NONE', #5437, #2212, #2578, .T. ) ;
#3168 = CYLINDRICAL_SURFACE ( 'NONE', #1198, 0.1750560047594175161 ) ;
#3169 = CARTESIAN_POINT ( 'NONE',  ( 0.5300000000000000266, -1.150000000000000133, 0.1249999999999996808 ) ) ;
#3170 = PLANE ( 'NONE',  #5009 ) ;
#3171 = ORIENTED_EDGE ( 'NONE', *, *, #5825, .T. ) ;
#3172 = ADVANCED_FACE ( 'NONE', ( #4459 ), #3569, .F. ) ;
#3173 = ORIENTED_EDGE ( 'NONE', *, *, #6027, .F. ) ;
#3174 = FILL_AREA_STYLE ('',( #2229 ) ) ;
#3175 = FILL_AREA_STYLE ('',( #3598 ) ) ;
#3176 = SURFACE_SIDE_STYLE ('',( #4608 ) ) ;
#3177 = DIRECTION ( 'NONE',  ( 1.000000000000000000, -0.000000000000000000, 0.000000000000000000 ) ) ;
#3178 = EDGE_CURVE ( 'NONE', #5449, #681, #1269, .T. ) ;
#3179 = LINE ( 'NONE', #4581, #5936 ) ;
#3180 = VERTEX_POINT ( 'NONE', #5052 ) ;
#3181 = ADVANCED_FACE ( 'NONE', ( #1305 ), #709, .F. ) ;
#3182 =( NAMED_UNIT ( * ) PLANE_ANGLE_UNIT ( ) SI_UNIT ( $, .RADIAN. ) );
#3183 = MECHANICAL_DESIGN_GEOMETRIC_PRESENTATION_REPRESENTATION (  '', ( #5409 ), #1967 ) ;
#3184 = LINE ( 'NONE', #2168, #2202 ) ;
#3185 = UNCERTAINTY_MEASURE_WITH_UNIT (LENGTH_MEASURE( 1.000000000000000082E-05 ), #5970, 'distance_accuracy_value', 'NONE');
#3186 = VERTEX_POINT ( 'NONE', #4578 ) ;
#3187 = STYLED_ITEM ( 'NONE', ( #5162 ), #6200 ) ;
#3188 = CARTESIAN_POINT ( 'NONE',  ( 0.7299999999999999822, -1.150000000000000133, 0.1249999999999996808 ) ) ;
#3189 = ORIENTED_EDGE ( 'NONE', *, *, #4466, .T. ) ;
#3190 = FILL_AREA_STYLE ('',( #1284 ) ) ;
#3191 = LINE ( 'NONE', #301, #1285 ) ;
#3192 = COLOUR_RGB ( '',0.1098039215686274495, 0.1098039215686274495, 0.1098039215686274495 ) ;
#3193 = LINE ( 'NONE', #1827, #3301 ) ;
#3194 = VERTEX_POINT ( 'NONE', #2193 ) ;
#3195 = ORIENTED_EDGE ( 'NONE', *, *, #1979, .F. ) ;
#3196 = EDGE_CURVE ( 'NONE', #277, #2650, #824, .T. ) ;
#3197 = EDGE_CURVE ( 'NONE', #6122, #6123, #5582, .T. ) ;
#3198 = DIRECTION ( 'NONE',  ( 0.000000000000000000, -1.000000000000000000, -0.000000000000000000 ) ) ;
#3199 = CARTESIAN_POINT ( 'NONE',  ( 0.7299999999999999822, -0.6750000000000002665, 0.1249999999999996808 ) ) ;
#3200 = PRESENTATION_LAYER_ASSIGNMENT (  '', '', ( #5018 ) ) ;
#3201 = PLANE ( 'NONE',  #1869 ) ;
#3202 = ORIENTED_EDGE ( 'NONE', *, *, #4703, .T. ) ;
#3203 = FILL_AREA_STYLE_COLOUR ( '', #2723 ) ;
#3204 = CARTESIAN_POINT ( 'NONE',  ( 0.7299999999999999822, -0.6250000000000001110, 0.9250000000000002665 ) ) ;
#3205 = ORIENTED_EDGE ( 'NONE', *, *, #3704, .T. ) ;
#3206 = PRESENTATION_LAYER_ASSIGNMENT (  '', '', ( #1772 ) ) ;
#3207 = COLOUR_RGB ( '',0.1019607843137254888, 0.1019607843137254888, 0.1019607843137254888 ) ;
#3208 =( NAMED_UNIT ( * ) PLANE_ANGLE_UNIT ( ) SI_UNIT ( $, .RADIAN. ) );
#3209 = FILL_AREA_STYLE_COLOUR ( '', #2519 ) ;
#3210 = SURFACE_STYLE_FILL_AREA ( #1175 ) ;
#3211 = ORIENTED_EDGE ( 'NONE', *, *, #2017, .T. ) ;
#3212 = MECHANICAL_DESIGN_GEOMETRIC_PRESENTATION_REPRESENTATION (  '', ( #4832 ), #1178 ) ;
#3213 = VECTOR ( 'NONE', #5227, 1000.000000000000000 ) ;
#3214 = CARTESIAN_POINT ( 'NONE',  ( 0.1000000000000000056, 0.8556308804057267681, -1.303988606881374412 ) ) ;
#3215 = ORIENTED_EDGE ( 'NONE', *, *, #2648, .F. ) ;
#3216 = VECTOR ( 'NONE', #1196, 1000.000000000000000 ) ;
#3217 = FILL_AREA_STYLE_COLOUR ( '', #2921 ) ;
#3218 = UNCERTAINTY_MEASURE_WITH_UNIT (LENGTH_MEASURE( 1.000000000000000082E-05 ), #2424, 'distance_accuracy_value', 'NONE');
#3219 =( GEOMETRIC_REPRESENTATION_CONTEXT ( 3 ) GLOBAL_UNCERTAINTY_ASSIGNED_CONTEXT ( ( #4955 ) ) GLOBAL_UNIT_ASSIGNED_CONTEXT ( ( #581, #1592, #150 ) ) REPRESENTATION_CONTEXT ( 'NONE', 'WORKASPACE' ) );
#3220 = FACE_OUTER_BOUND ( 'NONE', #637, .T. ) ;
#3221 = PRESENTATION_LAYER_ASSIGNMENT (  '', '', ( #1799 ) ) ;
#3222 = ADVANCED_FACE ( 'NONE', ( #3151 ), #5519, .T. ) ;
#3223 = PRESENTATION_LAYER_ASSIGNMENT (  '', '', ( #4146 ) ) ;
#3224 = CARTESIAN_POINT ( 'NONE',  ( 0.5300000000000000266, 0.3749999999999998890, 0.9250000000000002665 ) ) ;
#3225 = AXIS2_PLACEMENT_3D ( 'NONE', #4695, #2423, #5238 ) ;
#3226 = AXIS2_PLACEMENT_3D ( 'NONE', #6021, #2188, #180 ) ;
#3227 = SURFACE_STYLE_FILL_AREA ( #6103 ) ;
#3228 = CARTESIAN_POINT ( 'NONE',  ( 0.7299999999999999822, 0.1249999999999998890, 0.9250000000000002665 ) ) ;
#3229 = DIRECTION ( 'NONE',  ( -1.000000000000000000, 0.000000000000000000, -0.000000000000000000 ) ) ;
#3230 =( GEOMETRIC_REPRESENTATION_CONTEXT ( 3 ) GLOBAL_UNCERTAINTY_ASSIGNED_CONTEXT ( ( #1574 ) ) GLOBAL_UNIT_ASSIGNED_CONTEXT ( ( #2925, #6182, #384 ) ) REPRESENTATION_CONTEXT ( 'NONE', 'WORKASPACE' ) );
#3231 =( NAMED_UNIT ( * ) PLANE_ANGLE_UNIT ( ) SI_UNIT ( $, .RADIAN. ) );
#3232 = ORIENTED_EDGE ( 'NONE', *, *, #3989, .T. ) ;
#3233 = EDGE_CURVE ( 'NONE', #5715, #6110, #1461, .T. ) ;
#3234 =( GEOMETRIC_REPRESENTATION_CONTEXT ( 3 ) GLOBAL_UNCERTAINTY_ASSIGNED_CONTEXT ( ( #3419 ) ) GLOBAL_UNIT_ASSIGNED_CONTEXT ( ( #4542, #1210, #2604 ) ) REPRESENTATION_CONTEXT ( 'NONE', 'WORKASPACE' ) );
#3235 = EDGE_LOOP ( 'NONE', ( #3905, #4412, #4979, #366 ) ) ;
#3236 = DIRECTION ( 'NONE',  ( 0.000000000000000000, 0.000000000000000000, 1.000000000000000000 ) ) ;
#3237 = VECTOR ( 'NONE', #2319, 1000.000000000000000 ) ;
#3238 =( LENGTH_UNIT ( ) NAMED_UNIT ( * ) SI_UNIT ( .MILLI., .METRE. ) );
#3239 = LINE ( 'NONE', #2602, #772 ) ;
#3240 = ORIENTED_EDGE ( 'NONE', *, *, #2150, .T. ) ;
#3241 = CARTESIAN_POINT ( 'NONE',  ( 0.000000000000000000, -1.250000000000000000, -1.500000000000000222 ) ) ;
#3242 = FILL_AREA_STYLE_COLOUR ( '', #5521 ) ;
#3243 = SURFACE_STYLE_FILL_AREA ( #3340 ) ;
#3244 = VERTEX_POINT ( 'NONE', #5239 ) ;
#3245 = SURFACE_STYLE_FILL_AREA ( #3174 ) ;
#3246 = CARTESIAN_POINT ( 'NONE',  ( 0.7299999999999999822, -0.6250000000000001110, -1.400000000000000577 ) ) ;
#3247 = DIRECTION ( 'NONE',  ( -1.000000000000000000, 0.000000000000000000, -0.000000000000000000 ) ) ;
#3248 = VERTEX_POINT ( 'NONE', #5300 ) ;
#3249 = SURFACE_STYLE_USAGE ( .BOTH. , #2195 ) ;
#3250 = ADVANCED_FACE ( 'NONE', ( #381 ), #5673, .F. ) ;
#3251 = CARTESIAN_POINT ( 'NONE',  ( 0.7299999999999999822, -0.6750000000000002665, -0.6250000000000003331 ) ) ;
#3252 = ORIENTED_EDGE ( 'NONE', *, *, #1225, .F. ) ;
#3253 = ORIENTED_EDGE ( 'NONE', *, *, #3642, .F. ) ;
#3254 = PLANE ( 'NONE',  #272 ) ;
#3255 = SURFACE_SIDE_STYLE ('',( #3706 ) ) ;
#3256 = CARTESIAN_POINT ( 'NONE',  ( 0.7299999999999999822, 1.150000000000000133, 0.6249999999999996669 ) ) ;
#3257 = PLANE ( 'NONE',  #6248 ) ;
#3258 =( NAMED_UNIT ( * ) PLANE_ANGLE_UNIT ( ) SI_UNIT ( $, .RADIAN. ) );
#3259 = ORIENTED_EDGE ( 'NONE', *, *, #5522, .F. ) ;
#3260 = ORIENTED_EDGE ( 'NONE', *, *, #1258, .F. ) ;
#3261 = LINE ( 'NONE', #434, #3875 ) ;
#3262 = CARTESIAN_POINT ( 'NONE',  ( 0.7299999999999999822, 0.6249999999999998890, -0.9250000000000007105 ) ) ;
#3263 = DIRECTION ( 'NONE',  ( 0.000000000000000000, -0.000000000000000000, -1.000000000000000000 ) ) ;
#3264 = DIRECTION ( 'NONE',  ( 1.000000000000000000, -0.000000000000000000, -0.000000000000000000 ) ) ;
#3265 = EDGE_CURVE ( 'NONE', #2376, #1757, #6180, .T. ) ;
#3266 = VERTEX_POINT ( 'NONE', #3791 ) ;
#3267 = LINE ( 'NONE', #6080, #5057 ) ;
#3268 = SURFACE_STYLE_FILL_AREA ( #6174 ) ;
#3269 = VECTOR ( 'NONE', #33, 1000.000000000000000 ) ;
#3270 = CARTESIAN_POINT ( 'NONE',  ( 0.7299999999999999822, -0.3750000000000001110, -1.400000000000000577 ) ) ;
#3271 = VERTEX_POINT ( 'NONE', #2922 ) ;
#3272 = CARTESIAN_POINT ( 'NONE',  ( 0.7299999999999999822, -0.6750000000000002665, 0.1249999999999996808 ) ) ;
#3273 = DIRECTION ( 'NONE',  ( 1.000000000000000000, -0.000000000000000000, -0.000000000000000000 ) ) ;
#3274 = LINE ( 'NONE', #2794, #5354 ) ;
#3275 = VERTEX_POINT ( 'NONE', #891 ) ;
#3276 = LINE ( 'NONE', #6094, #4852 ) ;
#3277 = CARTESIAN_POINT ( 'NONE',  ( 0.5300000000000000266, 0.000000000000000000, 0.000000000000000000 ) ) ;
#3278 = PLANE ( 'NONE',  #788 ) ;
#3279 = VERTEX_POINT ( 'NONE', #3401 ) ;
#3280 = ADVANCED_FACE ( 'NONE', ( #4862 ), #3345, .F. ) ;
#3281 = EDGE_LOOP ( 'NONE', ( #1538, #6140 ) ) ;
#3282 = AXIS2_PLACEMENT_3D ( 'NONE', #2920, #3431, #1960 ) ;
#3283 = ADVANCED_FACE ( 'NONE', ( #3823 ), #2356, .F. ) ;
#3284 = VERTEX_POINT ( 'NONE', #4417 ) ;
#3285 = LINE ( 'NONE', #4269, #5248 ) ;
#3286 = FACE_OUTER_BOUND ( 'NONE', #856, .T. ) ;
#3287 = PRESENTATION_LAYER_ASSIGNMENT (  '', '', ( #6009 ) ) ;
#3288 = FILL_AREA_STYLE_COLOUR ( '', #2277 ) ;
#3289 = DIRECTION ( 'NONE',  ( 0.000000000000000000, 1.000000000000000000, 0.000000000000000000 ) ) ;
#3290 = CARTESIAN_POINT ( 'NONE',  ( 0.5300000000000000266, 0.8749999999999998890, 1.400000000000000133 ) ) ;
#3291 = ORIENTED_EDGE ( 'NONE', *, *, #2313, .F. ) ;
#3292 = VERTEX_POINT ( 'NONE', #4888 ) ;
#3293 = PLANE ( 'NONE',  #842 ) ;
#3294 = DIRECTION ( 'NONE',  ( -0.000000000000000000, -0.000000000000000000, 1.000000000000000000 ) ) ;
#3295 = CARTESIAN_POINT ( 'NONE',  ( 0.000000000000000000, 0.8556308804057267681, -1.303988606881374412 ) ) ;
#3296 = AXIS2_PLACEMENT_3D ( 'NONE', #658, #3034, #3136 ) ;
#3297 = DIRECTION ( 'NONE',  ( -0.000000000000000000, -1.000000000000000000, -0.000000000000000000 ) ) ;
#3298 = ORIENTED_EDGE ( 'NONE', *, *, #3562, .T. ) ;
#3299 = PLANE ( 'NONE',  #1411 ) ;
#3300 = ORIENTED_EDGE ( 'NONE', *, *, #2421, .F. ) ;
#3301 = VECTOR ( 'NONE', #6195, 1000.000000000000000 ) ;
#3302 = DIRECTION ( 'NONE',  ( 0.000000000000000000, 1.000000000000000000, 0.000000000000000000 ) ) ;
#3303 = DIRECTION ( 'NONE',  ( 0.000000000000000000, 0.000000000000000000, 1.000000000000000000 ) ) ;
#3304 = EDGE_CURVE ( 'NONE', #1700, #5639, #668, .T. ) ;
#3305 = ORIENTED_EDGE ( 'NONE', *, *, #1756, .T. ) ;
#3306 = FILL_AREA_STYLE_COLOUR ( '', #2008 ) ;
#3307 = DIRECTION ( 'NONE',  ( 1.000000000000000000, -0.000000000000000000, 0.000000000000000000 ) ) ;
#3308 = STYLED_ITEM ( 'NONE', ( #3071 ), #3312 ) ;
#3309 = ORIENTED_EDGE ( 'NONE', *, *, #604, .T. ) ;
#3310 = DIRECTION ( 'NONE',  ( 0.000000000000000000, 0.000000000000000000, -1.000000000000000000 ) ) ;
#3311 = ORIENTED_EDGE ( 'NONE', *, *, #2845, .F. ) ;
#3312 = ADVANCED_FACE ( 'NONE', ( #570 ), #2032, .F. ) ;
#3313 = SURFACE_SIDE_STYLE ('',( #1820 ) ) ;
#3314 = VECTOR ( 'NONE', #2632, 1000.000000000000000 ) ;
#3315 = VECTOR ( 'NONE', #3581, 1000.000000000000000 ) ;
#3316 = STYLED_ITEM ( 'NONE', ( #5388 ), #3354 ) ;
#3317 = DIRECTION ( 'NONE',  ( -0.000000000000000000, 1.000000000000000000, 0.000000000000000000 ) ) ;
#3318 = VERTEX_POINT ( 'NONE', #5480 ) ;
#3319 = FILL_AREA_STYLE_COLOUR ( '', #1900 ) ;
#3320 = STYLED_ITEM ( 'NONE', ( #4744 ), #870 ) ;
#3321 = VERTEX_POINT ( 'NONE', #3974 ) ;
#3322 = CARTESIAN_POINT ( 'NONE',  ( 0.7299999999999999822, -0.1250000000000001110, -1.400000000000000577 ) ) ;
#3323 = AXIS2_PLACEMENT_3D ( 'NONE', #2528, #4991, #20 ) ;
#3324 = PRESENTATION_LAYER_ASSIGNMENT (  '', '', ( #2515 ) ) ;
#3325 = DIRECTION ( 'NONE',  ( 0.000000000000000000, -0.7071067811865475727, -0.7071067811865475727 ) ) ;
#3326 = EDGE_CURVE ( 'NONE', #4185, #5360, #3945, .T. ) ;
#3327 = DIRECTION ( 'NONE',  ( 1.000000000000000000, 0.000000000000000000, -0.000000000000000000 ) ) ;
#3328 = EDGE_LOOP ( 'NONE', ( #4672, #3755, #5772, #5295 ) ) ;
#3329 = AXIS2_PLACEMENT_3D ( 'NONE', #3834, #3353, #2456 ) ;
#3330 = VECTOR ( 'NONE', #1903, 1000.000000000000000 ) ;
#3331 = VERTEX_POINT ( 'NONE', #10 ) ;
#3332 =( GEOMETRIC_REPRESENTATION_CONTEXT ( 3 ) GLOBAL_UNCERTAINTY_ASSIGNED_CONTEXT ( ( #104 ) ) GLOBAL_UNIT_ASSIGNED_CONTEXT ( ( #2203, #2797, #385 ) ) REPRESENTATION_CONTEXT ( 'NONE', 'WORKASPACE' ) );
#3333 =( LENGTH_UNIT ( ) NAMED_UNIT ( * ) SI_UNIT ( .MILLI., .METRE. ) );
#3334 =( NAMED_UNIT ( * ) SI_UNIT ( $, .STERADIAN. ) SOLID_ANGLE_UNIT ( ) );
#3335 = LINE ( 'NONE', #4433, #3956 ) ;
#3336 = PRESENTATION_STYLE_ASSIGNMENT (( #6109 ) ) ;
#3337 = ORIENTED_EDGE ( 'NONE', *, *, #4597, .T. ) ;
#3338 = MECHANICAL_DESIGN_GEOMETRIC_PRESENTATION_REPRESENTATION (  '', ( #595 ), #2527 ) ;
#3339 =( NAMED_UNIT ( * ) PLANE_ANGLE_UNIT ( ) SI_UNIT ( $, .RADIAN. ) );
#3340 = FILL_AREA_STYLE ('',( #4258 ) ) ;
#3341 = ORIENTED_EDGE ( 'NONE', *, *, #229, .T. ) ;
#3342 = LINE ( 'NONE', #2283, #4132 ) ;
#3343 = DIRECTION ( 'NONE',  ( 0.000000000000000000, 0.000000000000000000, -1.000000000000000000 ) ) ;
#3344 = LINE ( 'NONE', #5800, #3534 ) ;
#3345 = PLANE ( 'NONE',  #5728 ) ;
#3346 = ORIENTED_EDGE ( 'NONE', *, *, #2264, .T. ) ;
#3347 = CARTESIAN_POINT ( 'NONE',  ( -0.1000000000000000056, 1.250000000000000000, 1.499999999999999778 ) ) ;
#3348 = EDGE_CURVE ( 'NONE', #3750, #1486, #3491, .T. ) ;
#3349 = CARTESIAN_POINT ( 'NONE',  ( 0.7299999999999999822, 0.3749999999999998890, 1.400000000000000133 ) ) ;
#3350 = SURFACE_STYLE_FILL_AREA ( #391 ) ;
#3351 = ORIENTED_EDGE ( 'NONE', *, *, #2639, .T. ) ;
#3352 =( LENGTH_UNIT ( ) NAMED_UNIT ( * ) SI_UNIT ( .MILLI., .METRE. ) );
#3353 = DIRECTION ( 'NONE',  ( 1.000000000000000000, -0.000000000000000000, 0.000000000000000000 ) ) ;
#3354 = ADVANCED_FACE ( 'NONE', ( #3434 ), #5363, .F. ) ;
#3355 = CARTESIAN_POINT ( 'NONE',  ( 0.5300000000000000266, -0.3750000000000001110, 1.400000000000000133 ) ) ;
#3356 = ORIENTED_EDGE ( 'NONE', *, *, #4597, .F. ) ;
#3357 = DIRECTION ( 'NONE',  ( 0.000000000000000000, -1.000000000000000000, 0.000000000000000000 ) ) ;
#3358 = SURFACE_STYLE_FILL_AREA ( #1946 ) ;
#3359 = CARTESIAN_POINT ( 'NONE',  ( 0.5300000000000000266, -0.6250000000000001110, -1.400000000000000577 ) ) ;
#3360 = ORIENTED_EDGE ( 'NONE', *, *, #944, .F. ) ;
#3361 = ORIENTED_EDGE ( 'NONE', *, *, #4728, .T. ) ;
#3362 = EDGE_CURVE ( 'NONE', #5380, #686, #5074, .T. ) ;
#3363 = LINE ( 'NONE', #6135, #5781 ) ;
#3364 =( GEOMETRIC_REPRESENTATION_CONTEXT ( 3 ) GLOBAL_UNCERTAINTY_ASSIGNED_CONTEXT ( ( #148 ) ) GLOBAL_UNIT_ASSIGNED_CONTEXT ( ( #4527, #5848, #5405 ) ) REPRESENTATION_CONTEXT ( 'NONE', 'WORKASPACE' ) );
#3365 = DIRECTION ( 'NONE',  ( 0.000000000000000000, 0.000000000000000000, 1.000000000000000000 ) ) ;
#3366 = CARTESIAN_POINT ( 'NONE',  ( -0.1000000000000000056, 0.8556308804057267681, -0.9538765973625393801 ) ) ;
#3367 = FILL_AREA_STYLE ('',( #1897 ) ) ;
#3368 = ORIENTED_EDGE ( 'NONE', *, *, #2928, .F. ) ;
#3369 = EDGE_CURVE ( 'NONE', #3971, #4401, #1293, .T. ) ;
#3370 = EDGE_CURVE ( 'NONE', #4937, #2992, #4630, .T. ) ;
#3371 = DIRECTION ( 'NONE',  ( 0.000000000000000000, 0.000000000000000000, -1.000000000000000000 ) ) ;
#3372 = FILL_AREA_STYLE ('',( #2384 ) ) ;
#3373 = DIRECTION ( 'NONE',  ( 0.000000000000000000, -0.000000000000000000, 1.000000000000000000 ) ) ;
#3374 = ORIENTED_EDGE ( 'NONE', *, *, #5218, .F. ) ;
#3375 = AXIS2_PLACEMENT_3D ( 'NONE', #4498, #4200, #656 ) ;
#3376 = FILL_AREA_STYLE ('',( #1438 ) ) ;
#3377 = PLANE ( 'NONE',  #766 ) ;
#3378 = PRESENTATION_STYLE_ASSIGNMENT (( #2843 ) ) ;
#3379 =( LENGTH_UNIT ( ) NAMED_UNIT ( * ) SI_UNIT ( .MILLI., .METRE. ) );
#3380 = EDGE_CURVE ( 'NONE', #1892, #3971, #4602, .T. ) ;
#3381 = SURFACE_SIDE_STYLE ('',( #2846 ) ) ;
#3382 = EDGE_LOOP ( 'NONE', ( #5609, #190, #3824, #4479 ) ) ;
#3383 = ADVANCED_FACE ( 'NONE', ( #308 ), #727, .F. ) ;
#3384 = LINE ( 'NONE', #5310, #4036 ) ;
#3385 = FILL_AREA_STYLE_COLOUR ( '', #3192 ) ;
#3386 = LINE ( 'NONE', #1447, #3011 ) ;
#3387 = ORIENTED_EDGE ( 'NONE', *, *, #6238, .T. ) ;
#3388 = VERTEX_POINT ( 'NONE', #6050 ) ;
#3389 = SURFACE_SIDE_STYLE ('',( #4440 ) ) ;
#3390 = CARTESIAN_POINT ( 'NONE',  ( 0.5300000000000000266, -0.6250000000000001110, 0.9250000000000002665 ) ) ;
#3391 = CARTESIAN_POINT ( 'NONE',  ( 0.5300000000000000266, -0.3750000000000001110, -1.400000000000000577 ) ) ;
#3392 = CARTESIAN_POINT ( 'NONE',  ( 0.7299999999999999822, -0.6750000000000002665, -0.1250000000000003331 ) ) ;
#3393 = VECTOR ( 'NONE', #880, 1000.000000000000000 ) ;
#3394 = EDGE_CURVE ( 'NONE', #2892, #4711, #2121, .T. ) ;
#3395 = ORIENTED_EDGE ( 'NONE', *, *, #834, .T. ) ;
#3396 = EDGE_CURVE ( 'NONE', #4666, #1327, #4659, .T. ) ;
#3397 =( NAMED_UNIT ( * ) PLANE_ANGLE_UNIT ( ) SI_UNIT ( $, .RADIAN. ) );
#3398 = CARTESIAN_POINT ( 'NONE',  ( 0.7299999999999999822, -0.1250000000000001110, -0.9250000000000007105 ) ) ;
#3399 = STYLED_ITEM ( 'NONE', ( #720 ), #6126 ) ;
#3400 =( NAMED_UNIT ( * ) PLANE_ANGLE_UNIT ( ) SI_UNIT ( $, .RADIAN. ) );
#3401 = CARTESIAN_POINT ( 'NONE',  ( 0.5300000000000000266, 0.6249999999999998890, -1.400000000000000577 ) ) ;
#3402 = ORIENTED_EDGE ( 'NONE', *, *, #5779, .T. ) ;
#3403 = CARTESIAN_POINT ( 'NONE',  ( 0.000000000000000000, 1.250000000000000000, -1.500000000000000222 ) ) ;
#3404 = PLANE ( 'NONE',  #2918 ) ;
#3405 = CARTESIAN_POINT ( 'NONE',  ( 0.5300000000000000266, -0.6750000000000002665, 0.1249999999999996808 ) ) ;
#3406 = VECTOR ( 'NONE', #3408, 1000.000000000000000 ) ;
#3407 =( NAMED_UNIT ( * ) SI_UNIT ( $, .STERADIAN. ) SOLID_ANGLE_UNIT ( ) );
#3408 = DIRECTION ( 'NONE',  ( 0.000000000000000000, 1.000000000000000000, 0.000000000000000000 ) ) ;
#3409 = CARTESIAN_POINT ( 'NONE',  ( 0.000000000000000000, -1.250000000000000000, -1.500000000000000222 ) ) ;
#3410 = LINE ( 'NONE', #3446, #2514 ) ;
#3411 = ORIENTED_EDGE ( 'NONE', *, *, #680, .F. ) ;
#3412 = VECTOR ( 'NONE', #1006, 1000.000000000000000 ) ;
#3413 = DIRECTION ( 'NONE',  ( -0.000000000000000000, 1.000000000000000000, 0.000000000000000000 ) ) ;
#3414 = LINE ( 'NONE', #2905, #1494 ) ;
#3415 = EDGE_CURVE ( 'NONE', #290, #1212, #1164, .T. ) ;
#3416 = PRESENTATION_LAYER_ASSIGNMENT (  '', '', ( #4029 ) ) ;
#3417 = ORIENTED_EDGE ( 'NONE', *, *, #1220, .F. ) ;
#3418 = ORIENTED_EDGE ( 'NONE', *, *, #604, .F. ) ;
#3419 = UNCERTAINTY_MEASURE_WITH_UNIT (LENGTH_MEASURE( 1.000000000000000082E-05 ), #4542, 'distance_accuracy_value', 'NONE');
#3420 = PRESENTATION_STYLE_ASSIGNMENT (( #3901 ) ) ;
#3421 = VECTOR ( 'NONE', #1723, 1000.000000000000000 ) ;
#3422 = VECTOR ( 'NONE', #2747, 1000.000000000000000 ) ;
#3423 = CARTESIAN_POINT ( 'NONE',  ( 0.5300000000000000266, 1.150000000000000133, -0.3750000000000003331 ) ) ;
#3424 = FILL_AREA_STYLE ('',( #2999 ) ) ;
#3425 =( NAMED_UNIT ( * ) SI_UNIT ( $, .STERADIAN. ) SOLID_ANGLE_UNIT ( ) );
#3426 = EDGE_CURVE ( 'NONE', #5379, #3284, #275, .T. ) ;
#3427 = VECTOR ( 'NONE', #5928, 1000.000000000000000 ) ;
#3428 = ORIENTED_EDGE ( 'NONE', *, *, #3567, .T. ) ;
#3429 = PRESENTATION_LAYER_ASSIGNMENT (  '', '', ( #2418 ) ) ;
#3430 = CARTESIAN_POINT ( 'NONE',  ( 0.5300000000000000266, -0.6750000000000002665, 0.6249999999999996669 ) ) ;
#3431 = DIRECTION ( 'NONE',  ( 0.000000000000000000, 0.000000000000000000, 1.000000000000000000 ) ) ;
#3432 = COLOUR_RGB ( '',0.1019607843137254888, 0.1019607843137254888, 0.1019607843137254888 ) ;
#3433 = DIRECTION ( 'NONE',  ( 0.000000000000000000, 0.000000000000000000, -1.000000000000000000 ) ) ;
#3434 = FACE_OUTER_BOUND ( 'NONE', #3629, .T. ) ;
#3435 = VECTOR ( 'NONE', #4042, 1000.000000000000000 ) ;
#3436 = ORIENTED_EDGE ( 'NONE', *, *, #5386, .T. ) ;
#3437 =( NAMED_UNIT ( * ) PLANE_ANGLE_UNIT ( ) SI_UNIT ( $, .RADIAN. ) );
#3438 =( GEOMETRIC_REPRESENTATION_CONTEXT ( 3 ) GLOBAL_UNCERTAINTY_ASSIGNED_CONTEXT ( ( #5424 ) ) GLOBAL_UNIT_ASSIGNED_CONTEXT ( ( #3081, #2063, #5896 ) ) REPRESENTATION_CONTEXT ( 'NONE', 'WORKASPACE' ) );
#3439 = FILL_AREA_STYLE_COLOUR ( '', #5427 ) ;
#3440 = FILL_AREA_STYLE ('',( #1584 ) ) ;
#3441 = DIRECTION ( 'NONE',  ( 1.000000000000000000, -0.000000000000000000, -0.000000000000000000 ) ) ;
#3442 = VECTOR ( 'NONE', #4166, 1000.000000000000000 ) ;
#3443 = DIRECTION ( 'NONE',  ( -1.000000000000000000, -0.000000000000000000, -0.000000000000000000 ) ) ;
#3444 = DIRECTION ( 'NONE',  ( 0.000000000000000000, -0.000000000000000000, 1.000000000000000000 ) ) ;
#3445 = EDGE_CURVE ( 'NONE', #2170, #4017, #2223, .T. ) ;
#3446 = CARTESIAN_POINT ( 'NONE',  ( 0.7299999999999999822, -0.6750000000000002665, -0.1250000000000003331 ) ) ;
#3447 = ORIENTED_EDGE ( 'NONE', *, *, #5773, .T. ) ;
#3448 = SURFACE_STYLE_FILL_AREA ( #1887 ) ;
#3449 = DIRECTION ( 'NONE',  ( 0.000000000000000000, 0.000000000000000000, -1.000000000000000000 ) ) ;
#3450 = LINE ( 'NONE', #3359, #4403 ) ;
#3451 = ORIENTED_EDGE ( 'NONE', *, *, #5365, .T. ) ;
#3452 = ORIENTED_EDGE ( 'NONE', *, *, #5779, .F. ) ;
#3453 = CARTESIAN_POINT ( 'NONE',  ( -0.1000000000000000056, -1.250000000000000000, 1.499999999999999778 ) ) ;
#3454 = LINE ( 'NONE', #1540, #4300 ) ;
#3455 =( LENGTH_UNIT ( ) NAMED_UNIT ( * ) SI_UNIT ( .MILLI., .METRE. ) );
#3456 = SURFACE_SIDE_STYLE ('',( #3002 ) ) ;
#3457 = CARTESIAN_POINT ( 'NONE',  ( 0.7299999999999999822, 0.1249999999999998890, -1.400000000000000577 ) ) ;
#3458 = ORIENTED_EDGE ( 'NONE', *, *, #2750, .F. ) ;
#3459 = DIRECTION ( 'NONE',  ( -1.000000000000000000, 0.000000000000000000, -0.000000000000000000 ) ) ;
#3460 = SURFACE_STYLE_FILL_AREA ( #1520 ) ;
#3461 = EDGE_CURVE ( 'NONE', #5256, #3180, #3239, .T. ) ;
#3462 = SURFACE_STYLE_FILL_AREA ( #9 ) ;
#3463 = SURFACE_STYLE_USAGE ( .BOTH. , #3008 ) ;
#3464 = ORIENTED_EDGE ( 'NONE', *, *, #194, .T. ) ;
#3465 = DIRECTION ( 'NONE',  ( 1.000000000000000000, -0.000000000000000000, 0.000000000000000000 ) ) ;
#3466 = PRESENTATION_STYLE_ASSIGNMENT (( #1495 ) ) ;
#3467 = LINE ( 'NONE', #2003, #1172 ) ;
#3468 = DIRECTION ( 'NONE',  ( -1.000000000000000000, 0.000000000000000000, 0.000000000000000000 ) ) ;
#3469 = CARTESIAN_POINT ( 'NONE',  ( 0.5300000000000000266, 1.150000000000000133, -0.3750000000000003331 ) ) ;
#3470 = CARTESIAN_POINT ( 'NONE',  ( 0.7299999999999999822, 0.3749999999999998890, -1.400000000000000577 ) ) ;
#3471 = STYLED_ITEM ( 'NONE', ( #2769 ), #1973 ) ;
#3472 =( GEOMETRIC_REPRESENTATION_CONTEXT ( 3 ) GLOBAL_UNCERTAINTY_ASSIGNED_CONTEXT ( ( #1754 ) ) GLOBAL_UNIT_ASSIGNED_CONTEXT ( ( #4941, #3934, #1481 ) ) REPRESENTATION_CONTEXT ( 'NONE', 'WORKASPACE' ) );
#3473 = CARTESIAN_POINT ( 'NONE',  ( 0.000000000000000000, 0.000000000000000000, 0.000000000000000000 ) ) ;
#3474 = EDGE_CURVE ( 'NONE', #1930, #5380, #175, .T. ) ;
#3475 = AXIS2_PLACEMENT_3D ( 'NONE', #5147, #1650, #2734 ) ;
#3476 = ORIENTED_EDGE ( 'NONE', *, *, #1648, .T. ) ;
#3477 =( NAMED_UNIT ( * ) SI_UNIT ( $, .STERADIAN. ) SOLID_ANGLE_UNIT ( ) );
#3478 = ADVANCED_FACE ( 'NONE', ( #5978 ), #5105, .F. ) ;
#3479 = CARTESIAN_POINT ( 'NONE',  ( 0.5300000000000000266, 0.8749999999999998890, 0.9250000000000002665 ) ) ;
#3480 = DIRECTION ( 'NONE',  ( 0.000000000000000000, 1.000000000000000000, 0.000000000000000000 ) ) ;
#3481 = DIRECTION ( 'NONE',  ( -1.000000000000000000, -0.000000000000000000, -0.000000000000000000 ) ) ;
#3482 = ORIENTED_EDGE ( 'NONE', *, *, #3394, .F. ) ;
#3483 = ORIENTED_EDGE ( 'NONE', *, *, #4792, .T. ) ;
#3484 = DIRECTION ( 'NONE',  ( 0.000000000000000000, 0.000000000000000000, -1.000000000000000000 ) ) ;
#3485 = PRESENTATION_STYLE_ASSIGNMENT (( #1542 ) ) ;
#3486 = VECTOR ( 'NONE', #2565, 1000.000000000000000 ) ;
#3487 = DIRECTION ( 'NONE',  ( 0.000000000000000000, 1.000000000000000000, 0.000000000000000000 ) ) ;
#3488 = ORIENTED_EDGE ( 'NONE', *, *, #4352, .T. ) ;
#3489 = CARTESIAN_POINT ( 'NONE',  ( 0.5300000000000000266, 0.000000000000000000, 0.000000000000000000 ) ) ;
#3490 =( LENGTH_UNIT ( ) NAMED_UNIT ( * ) SI_UNIT ( .MILLI., .METRE. ) );
#3491 = LINE ( 'NONE', #5829, #153 ) ;
#3492 = VECTOR ( 'NONE', #374, 1000.000000000000000 ) ;
#3493 = ORIENTED_EDGE ( 'NONE', *, *, #2699, .T. ) ;
#3494 = UNCERTAINTY_MEASURE_WITH_UNIT (LENGTH_MEASURE( 1.000000000000000082E-05 ), #835, 'distance_accuracy_value', 'NONE');
#3495 = LINE ( 'NONE', #2980, #3652 ) ;
#3496 = DIRECTION ( 'NONE',  ( -0.000000000000000000, 1.000000000000000000, 0.000000000000000000 ) ) ;
#3497 = AXIS2_PLACEMENT_3D ( 'NONE', #2655, #3062, #1195 ) ;
#3498 = EDGE_CURVE ( 'NONE', #1997, #728, #1642, .T. ) ;
#3499 = CARTESIAN_POINT ( 'NONE',  ( 0.7299999999999999822, 1.150000000000000133, -0.1250000000000003331 ) ) ;
#3500 = FACE_OUTER_BOUND ( 'NONE', #780, .T. ) ;
#3501 = CARTESIAN_POINT ( 'NONE',  ( 0.7299999999999999822, 1.250000000000000000, -1.500000000000000222 ) ) ;
#3502 = CARTESIAN_POINT ( 'NONE',  ( 0.5300000000000000266, -0.6750000000000002665, -0.1250000000000003331 ) ) ;
#3503 = MECHANICAL_DESIGN_GEOMETRIC_PRESENTATION_REPRESENTATION (  '', ( #4015 ), #5117 ) ;
#3504 = ADVANCED_FACE ( 'NONE', ( #6015 ), #3105, .F. ) ;
#3505 = LINE ( 'NONE', #89, #485 ) ;
#3506 = ORIENTED_EDGE ( 'NONE', *, *, #1083, .F. ) ;
#3507 = VECTOR ( 'NONE', #2130, 1000.000000000000000 ) ;
#3508 = ADVANCED_FACE ( 'NONE', ( #4101 ), #3623, .F. ) ;
#3509 = LINE ( 'NONE', #2988, #162 ) ;
#3510 = CARTESIAN_POINT ( 'NONE',  ( 0.7299999999999999822, -0.8750000000000001110, -0.9250000000000007105 ) ) ;
#3511 = ORIENTED_EDGE ( 'NONE', *, *, #1107, .F. ) ;
#3512 = VERTEX_POINT ( 'NONE', #2276 ) ;
#3513 =( GEOMETRIC_REPRESENTATION_CONTEXT ( 3 ) GLOBAL_UNCERTAINTY_ASSIGNED_CONTEXT ( ( #5921 ) ) GLOBAL_UNIT_ASSIGNED_CONTEXT ( ( #5454, #2511, #43 ) ) REPRESENTATION_CONTEXT ( 'NONE', 'WORKASPACE' ) );
#3514 = SURFACE_SIDE_STYLE ('',( #3702 ) ) ;
#3515 = SURFACE_STYLE_FILL_AREA ( #2972 ) ;
#3516 = EDGE_CURVE ( 'NONE', #3965, #4062, #6231, .T. ) ;
#3517 = AXIS2_PLACEMENT_3D ( 'NONE', #3880, #4451, #3459 ) ;
#3518 = CARTESIAN_POINT ( 'NONE',  ( 0.7299999999999999822, -1.250000000000000000, -1.500000000000000222 ) ) ;
#3519 = MECHANICAL_DESIGN_GEOMETRIC_PRESENTATION_REPRESENTATION (  '', ( #3316 ), #5733 ) ;
#3520 =( LENGTH_UNIT ( ) NAMED_UNIT ( * ) SI_UNIT ( .MILLI., .METRE. ) );
#3521 = EDGE_CURVE ( 'NONE', #3595, #3565, #1429, .T. ) ;
#3522 = DIRECTION ( 'NONE',  ( -0.000000000000000000, -0.000000000000000000, 1.000000000000000000 ) ) ;
#3523 = DIRECTION ( 'NONE',  ( 0.000000000000000000, 0.000000000000000000, -1.000000000000000000 ) ) ;
#3524 = EDGE_LOOP ( 'NONE', ( #1766, #2258, #351, #3879 ) ) ;
#3525 = VECTOR ( 'NONE', #3866, 1000.000000000000000 ) ;
#3526 = DIRECTION ( 'NONE',  ( -0.000000000000000000, 1.000000000000000000, 0.000000000000000000 ) ) ;
#3527 = FACE_BOUND ( 'NONE', #1781, .T. ) ;
#3528 = DIRECTION ( 'NONE',  ( 0.000000000000000000, 0.000000000000000000, 1.000000000000000000 ) ) ;
#3529 = ORIENTED_EDGE ( 'NONE', *, *, #2761, .T. ) ;
#3530 = LINE ( 'NONE', #3045, #3131 ) ;
#3531 = VECTOR ( 'NONE', #36, 1000.000000000000000 ) ;
#3532 = FACE_OUTER_BOUND ( 'NONE', #909, .T. ) ;
#3533 = MECHANICAL_DESIGN_GEOMETRIC_PRESENTATION_REPRESENTATION (  '', ( #4340 ), #4846 ) ;
#3534 = VECTOR ( 'NONE', #1841, 1000.000000000000000 ) ;
#3535 = DIRECTION ( 'NONE',  ( 0.000000000000000000, 1.000000000000000000, 0.000000000000000000 ) ) ;
#3536 = UNCERTAINTY_MEASURE_WITH_UNIT (LENGTH_MEASURE( 1.000000000000000082E-05 ), #4673, 'distance_accuracy_value', 'NONE');
#3537 = PRESENTATION_STYLE_ASSIGNMENT (( #5014 ) ) ;
#3538 = EDGE_CURVE ( 'NONE', #5627, #3244, #916, .T. ) ;
#3539 = LINE ( 'NONE', #4013, #5532 ) ;
#3540 = CARTESIAN_POINT ( 'NONE',  ( 0.5300000000000000266, -0.8750000000000001110, 1.400000000000000133 ) ) ;
#3541 = STYLED_ITEM ( 'NONE', ( #2163 ), #4086 ) ;
#3542 = UNCERTAINTY_MEASURE_WITH_UNIT (LENGTH_MEASURE( 1.000000000000000082E-05 ), #2940, 'distance_accuracy_value', 'NONE');
#3543 = COLOUR_RGB ( '',0.1019607843137254888, 0.1019607843137254888, 0.1019607843137254888 ) ;
#3544 = LINE ( 'NONE', #2010, #1080 ) ;
#3545 = COLOUR_RGB ( '',0.1019607843137254888, 0.1019607843137254888, 0.1019607843137254888 ) ;
#3546 = VERTEX_POINT ( 'NONE', #3295 ) ;
#3547 = VECTOR ( 'NONE', #1805, 1000.000000000000000 ) ;
#3548 = EDGE_CURVE ( 'NONE', #956, #759, #59, .T. ) ;
#3549 = LINE ( 'NONE', #5466, #2711 ) ;
#3550 = DIRECTION ( 'NONE',  ( 0.000000000000000000, 0.000000000000000000, -1.000000000000000000 ) ) ;
#3551 = SURFACE_STYLE_USAGE ( .BOTH. , #525 ) ;
#3552 = ORIENTED_EDGE ( 'NONE', *, *, #2090, .F. ) ;
#3553 = ORIENTED_EDGE ( 'NONE', *, *, #4064, .T. ) ;
#3554 = FILL_AREA_STYLE ('',( #6155 ) ) ;
#3555 = CARTESIAN_POINT ( 'NONE',  ( 0.5300000000000000266, 1.150000000000000133, 0.6249999999999996669 ) ) ;
#3556 = CARTESIAN_POINT ( 'NONE',  ( 0.7299999999999999822, 0.6750000000000002665, -0.3750000000000003331 ) ) ;
#3557 = CARTESIAN_POINT ( 'NONE',  ( 0.5300000000000000266, -0.6750000000000002665, -0.6250000000000003331 ) ) ;
#3558 = FACE_OUTER_BOUND ( 'NONE', #2466, .T. ) ;
#3559 = CARTESIAN_POINT ( 'NONE',  ( 0.7299999999999999822, -0.6250000000000001110, -0.9250000000000007105 ) ) ;
#3560 = ORIENTED_EDGE ( 'NONE', *, *, #3664, .T. ) ;
#3561 = UNCERTAINTY_MEASURE_WITH_UNIT (LENGTH_MEASURE( 1.000000000000000082E-05 ), #1908, 'distance_accuracy_value', 'NONE');
#3562 = EDGE_CURVE ( 'NONE', #3911, #765, #4787, .T. ) ;
#3563 = SURFACE_SIDE_STYLE ('',( #5037 ) ) ;
#3564 = CARTESIAN_POINT ( 'NONE',  ( 0.5300000000000000266, 0.000000000000000000, 0.000000000000000000 ) ) ;
#3565 = VERTEX_POINT ( 'NONE', #336 ) ;
#3567 = EDGE_CURVE ( 'NONE', #5379, #3660, #1833, .T. ) ;
#3566 = PLANE ( 'NONE',  #3226 ) ;
#3568 = CARTESIAN_POINT ( 'NONE',  ( 0.7299999999999999822, -0.1250000000000001110, 0.9250000000000002665 ) ) ;
#3569 = PLANE ( 'NONE',  #254 ) ;
#3570 = LINE ( 'NONE', #5961, #6156 ) ;
#3571 =( NAMED_UNIT ( * ) SI_UNIT ( $, .STERADIAN. ) SOLID_ANGLE_UNIT ( ) );
#3572 = ORIENTED_EDGE ( 'NONE', *, *, #2027, .T. ) ;
#3573 = MECHANICAL_DESIGN_GEOMETRIC_PRESENTATION_REPRESENTATION (  '', ( #2145 ), #1940 ) ;
#3574 = EDGE_CURVE ( 'NONE', #5598, #2627, #5134, .T. ) ;
#3575 = SURFACE_STYLE_FILL_AREA ( #4087 ) ;
#3576 = CARTESIAN_POINT ( 'NONE',  ( 0.5300000000000000266, 0.1249999999999998890, 1.400000000000000133 ) ) ;
#3577 = CARTESIAN_POINT ( 'NONE',  ( 0.5300000000000000266, -0.6750000000000002665, 0.3749999999999996669 ) ) ;
#3578 =( GEOMETRIC_REPRESENTATION_CONTEXT ( 3 ) GLOBAL_UNCERTAINTY_ASSIGNED_CONTEXT ( ( #4990 ) ) GLOBAL_UNIT_ASSIGNED_CONTEXT ( ( #3352, #2454, #863 ) ) REPRESENTATION_CONTEXT ( 'NONE', 'WORKASPACE' ) );
#3579 = ORIENTED_EDGE ( 'NONE', *, *, #3649, .F. ) ;
#3580 = VERTEX_POINT ( 'NONE', #4755 ) ;
#3581 = DIRECTION ( 'NONE',  ( -1.000000000000000000, -0.000000000000000000, -0.000000000000000000 ) ) ;
#3582 = CARTESIAN_POINT ( 'NONE',  ( 0.5300000000000000266, -0.1250000000000001110, 1.400000000000000133 ) ) ;
#3583 = PLANE ( 'NONE',  #1655 ) ;
#3584 = DIRECTION ( 'NONE',  ( -0.000000000000000000, -0.000000000000000000, 1.000000000000000000 ) ) ;
#3585 = ORIENTED_EDGE ( 'NONE', *, *, #2410, .F. ) ;
#3586 = CARTESIAN_POINT ( 'NONE',  ( 0.7299999999999999822, 0.7749999999999999112, -0.9250000000000007105 ) ) ;
#3587 = MECHANICAL_DESIGN_GEOMETRIC_PRESENTATION_REPRESENTATION (  '', ( #3783 ), #1859 ) ;
#3588 =( NAMED_UNIT ( * ) PLANE_ANGLE_UNIT ( ) SI_UNIT ( $, .RADIAN. ) );
#3589 = CARTESIAN_POINT ( 'NONE',  ( 0.5300000000000000266, -0.3750000000000001110, 1.400000000000000133 ) ) ;
#3590 = DIRECTION ( 'NONE',  ( 0.000000000000000000, -0.7071067811865474617, 0.7071067811865474617 ) ) ;
#3591 = VERTEX_POINT ( 'NONE', #6138 ) ;
#3592 = FACE_OUTER_BOUND ( 'NONE', #2570, .T. ) ;
#3593 = EDGE_CURVE ( 'NONE', #4321, #3248, #3779, .T. ) ;
#3594 = VECTOR ( 'NONE', #1928, 1000.000000000000000 ) ;
#3595 = VERTEX_POINT ( 'NONE', #405 ) ;
#3596 = DIRECTION ( 'NONE',  ( -1.000000000000000000, 0.000000000000000000, 0.000000000000000000 ) ) ;
#3597 = VECTOR ( 'NONE', #3840, 1000.000000000000000 ) ;
#3598 = FILL_AREA_STYLE_COLOUR ( '', #1697 ) ;
#3599 = DIRECTION ( 'NONE',  ( 1.000000000000000000, -0.000000000000000000, -0.000000000000000000 ) ) ;
#3600 = PRESENTATION_STYLE_ASSIGNMENT (( #1141 ) ) ;
#3601 = VECTOR ( 'NONE', #1207, 1000.000000000000000 ) ;
#3602 = FILL_AREA_STYLE ('',( #2643 ) ) ;
#3603 = AXIS2_PLACEMENT_3D ( 'NONE', #5784, #3923, #589 ) ;
#3604 = VERTEX_POINT ( 'NONE', #845 ) ;
#3605 = STYLED_ITEM ( 'NONE', ( #1453 ), #6067 ) ;
#3606 = PRESENTATION_STYLE_ASSIGNMENT (( #5491 ) ) ;
#3607 = SURFACE_STYLE_FILL_AREA ( #6101 ) ;
#3608 = ORIENTED_EDGE ( 'NONE', *, *, #3056, .F. ) ;
#3609 = VERTEX_POINT ( 'NONE', #879 ) ;
#3610 = FACE_OUTER_BOUND ( 'NONE', #798, .T. ) ;
#3611 = FACE_OUTER_BOUND ( 'NONE', #2441, .T. ) ;
#3612 = PRODUCT_RELATED_PRODUCT_CATEGORY ( 'part', '', ( #5893 ) ) ;
#3613 =( NAMED_UNIT ( * ) SI_UNIT ( $, .STERADIAN. ) SOLID_ANGLE_UNIT ( ) );
#3614 = SURFACE_STYLE_FILL_AREA ( #4032 ) ;
#3615 =( GEOMETRIC_REPRESENTATION_CONTEXT ( 3 ) GLOBAL_UNCERTAINTY_ASSIGNED_CONTEXT ( ( #1724 ) ) GLOBAL_UNIT_ASSIGNED_CONTEXT ( ( #3838, #1423, #523 ) ) REPRESENTATION_CONTEXT ( 'NONE', 'WORKASPACE' ) );
#3616 = VECTOR ( 'NONE', #4389, 1000.000000000000000 ) ;
#3617 = CARTESIAN_POINT ( 'NONE',  ( -0.1000000000000000056, 1.250000000000000000, 1.499999999999999778 ) ) ;
#3618 = ORIENTED_EDGE ( 'NONE', *, *, #2313, .T. ) ;
#3619 = UNCERTAINTY_MEASURE_WITH_UNIT (LENGTH_MEASURE( 1.000000000000000082E-05 ), #448, 'distance_accuracy_value', 'NONE');
#3620 = VECTOR ( 'NONE', #3906, 1000.000000000000000 ) ;
#3621 = STYLED_ITEM ( 'NONE', ( #762 ), #3172 ) ;
#3622 =( LENGTH_UNIT ( ) NAMED_UNIT ( * ) SI_UNIT ( .MILLI., .METRE. ) );
#3623 = PLANE ( 'NONE',  #1686 ) ;
#3624 = EDGE_CURVE ( 'NONE', #1486, #413, #5695, .T. ) ;
#3625 = SURFACE_STYLE_USAGE ( .BOTH. , #6017 ) ;
#3626 = EDGE_CURVE ( 'NONE', #875, #5680, #5267, .T. ) ;
#3627 = EDGE_LOOP ( 'NONE', ( #333, #807, #2246, #594 ) ) ;
#3628 = PLANE ( 'NONE',  #1912 ) ;
#3629 = EDGE_LOOP ( 'NONE', ( #3844, #2863, #3689, #1312 ) ) ;
#3630 = SURFACE_STYLE_USAGE ( .BOTH. , #315 ) ;
#3631 = SURFACE_STYLE_USAGE ( .BOTH. , #5113 ) ;
#3632 = PRESENTATION_LAYER_ASSIGNMENT (  '', '', ( #5043 ) ) ;
#3633 = VECTOR ( 'NONE', #601, 1000.000000000000000 ) ;
#3634 = FACE_OUTER_BOUND ( 'NONE', #2104, .T. ) ;
#3635 = FILL_AREA_STYLE_COLOUR ( '', #2717 ) ;
#3636 = AXIS2_PLACEMENT_3D ( 'NONE', #4426, #3890, #420 ) ;
#3637 = SURFACE_STYLE_FILL_AREA ( #3602 ) ;
#3638 = STYLED_ITEM ( 'NONE', ( #2192 ), #2197 ) ;
#3639 = COLOUR_RGB ( '',0.1019607843137254888, 0.1019607843137254888, 0.1019607843137254888 ) ;
#3640 = MECHANICAL_DESIGN_GEOMETRIC_PRESENTATION_REPRESENTATION (  '', ( #2418 ), #5645 ) ;
#3641 = ORIENTED_EDGE ( 'NONE', *, *, #6238, .F. ) ;
#3642 = EDGE_CURVE ( 'NONE', #5085, #5762, #2963, .T. ) ;
#3643 = AXIS2_PLACEMENT_3D ( 'NONE', #5207, #857, #317 ) ;
#3644 = STYLED_ITEM ( 'NONE', ( #6081 ), #2438 ) ;
#3645 = CARTESIAN_POINT ( 'NONE',  ( 0.5300000000000000266, 1.150000000000000133, -0.3750000000000003331 ) ) ;
#3646 = LINE ( 'NONE', #3055, #867 ) ;
#3647 =( GEOMETRIC_REPRESENTATION_CONTEXT ( 3 ) GLOBAL_UNCERTAINTY_ASSIGNED_CONTEXT ( ( #2467 ) ) GLOBAL_UNIT_ASSIGNED_CONTEXT ( ( #883, #471, #5910 ) ) REPRESENTATION_CONTEXT ( 'NONE', 'WORKASPACE' ) );
#3648 = SURFACE_SIDE_STYLE ('',( #1692 ) ) ;
#3649 = EDGE_CURVE ( 'NONE', #3792, #68, #1023, .T. ) ;
#3650 = UNCERTAINTY_MEASURE_WITH_UNIT (LENGTH_MEASURE( 1.000000000000000082E-05 ), #2049, 'distance_accuracy_value', 'NONE');
#3651 = ORIENTED_EDGE ( 'NONE', *, *, #988, .T. ) ;
#3652 = VECTOR ( 'NONE', #3976, 1000.000000000000000 ) ;
#3653 = EDGE_CURVE ( 'NONE', #5635, #5692, #3335, .T. ) ;
#3654 = CARTESIAN_POINT ( 'NONE',  ( 0.5300000000000000266, -0.3750000000000001110, 1.400000000000000133 ) ) ;
#3655 = DIRECTION ( 'NONE',  ( 0.000000000000000000, -0.000000000000000000, 1.000000000000000000 ) ) ;
#3656 = VECTOR ( 'NONE', #1654, 1000.000000000000000 ) ;
#3657 = SURFACE_STYLE_FILL_AREA ( #627 ) ;
#3658 = SURFACE_STYLE_USAGE ( .BOTH. , #4124 ) ;
#3659 = CARTESIAN_POINT ( 'NONE',  ( 0.7299999999999999822, 1.150000000000000133, -0.6250000000000003331 ) ) ;
#3660 = VERTEX_POINT ( 'NONE', #1533 ) ;
#3661 = FACE_OUTER_BOUND ( 'NONE', #3524, .T. ) ;
#3662 = PLANE ( 'NONE',  #2422 ) ;
#3663 = CARTESIAN_POINT ( 'NONE',  ( 0.5300000000000000266, -0.3750000000000001110, -1.400000000000000577 ) ) ;
#3664 = EDGE_CURVE ( 'NONE', #502, #3797, #370, .T. ) ;
#3665 = PLANE ( 'NONE',  #4607 ) ;
#3666 = ORIENTED_EDGE ( 'NONE', *, *, #1300, .T. ) ;
#3667 = SURFACE_STYLE_USAGE ( .BOTH. , #818 ) ;
#3668 = ORIENTED_EDGE ( 'NONE', *, *, #2150, .F. ) ;
#3669 = EDGE_CURVE ( 'NONE', #2720, #4937, #1865, .T. ) ;
#3670 = PRESENTATION_STYLE_ASSIGNMENT (( #3631 ) ) ;
#3671 = SURFACE_STYLE_USAGE ( .BOTH. , #1717 ) ;
#3672 = DIRECTION ( 'NONE',  ( 0.000000000000000000, 0.000000000000000000, -1.000000000000000000 ) ) ;
#3673 = ORIENTED_EDGE ( 'NONE', *, *, #1741, .F. ) ;
#3674 = STYLED_ITEM ( 'NONE', ( #5764 ), #1882 ) ;
#3675 = FACE_OUTER_BOUND ( 'NONE', #5698, .T. ) ;
#3676 = EDGE_CURVE ( 'NONE', #4007, #4430, #5664, .T. ) ;
#3677 = PLANE ( 'NONE',  #487 ) ;
#3678 = UNCERTAINTY_MEASURE_WITH_UNIT (LENGTH_MEASURE( 1.000000000000000082E-05 ), #2763, 'distance_accuracy_value', 'NONE');
#3679 = ADVANCED_FACE ( 'NONE', ( #1325 ), #2859, .F. ) ;
#3680 = FILL_AREA_STYLE_COLOUR ( '', #1586 ) ;
#3681 = VERTEX_POINT ( 'NONE', #4559 ) ;
#3682 = DIRECTION ( 'NONE',  ( 0.000000000000000000, 0.000000000000000000, -1.000000000000000000 ) ) ;
#3683 = SURFACE_STYLE_USAGE ( .BOTH. , #719 ) ;
#3684 = CARTESIAN_POINT ( 'NONE',  ( 0.5300000000000000266, -0.3750000000000001110, 1.400000000000000133 ) ) ;
#3685 = MECHANICAL_DESIGN_GEOMETRIC_PRESENTATION_REPRESENTATION (  '', ( #6190 ), #318 ) ;
#3686 = LINE ( 'NONE', #5596, #1048 ) ;
#3687 = EDGE_LOOP ( 'NONE', ( #4103, #6234, #209, #3215, #1537 ) ) ;
#3688 = MECHANICAL_DESIGN_GEOMETRIC_PRESENTATION_REPRESENTATION (  '', ( #4684 ), #1444 ) ;
#3689 = ORIENTED_EDGE ( 'NONE', *, *, #3977, .F. ) ;
#3690 = CARTESIAN_POINT ( 'NONE',  ( 0.7299999999999999822, 0.6249999999999998890, -1.400000000000000577 ) ) ;
#3691 = LINE ( 'NONE', #2120, #2719 ) ;
#3692 = DIRECTION ( 'NONE',  ( -0.000000000000000000, 1.000000000000000000, 0.000000000000000000 ) ) ;
#3693 = FACE_OUTER_BOUND ( 'NONE', #2645, .T. ) ;
#3694 = VERTEX_POINT ( 'NONE', #5403 ) ;
#3695 = CARTESIAN_POINT ( 'NONE',  ( 0.7299999999999999822, 1.150000000000000133, -0.6250000000000003331 ) ) ;
#3696 = EDGE_LOOP ( 'NONE', ( #1449, #372, #3585, #5561 ) ) ;
#3697 = VERTEX_POINT ( 'NONE', #4464 ) ;
#3698 =( NAMED_UNIT ( * ) PLANE_ANGLE_UNIT ( ) SI_UNIT ( $, .RADIAN. ) );
#3699 = ADVANCED_FACE ( 'NONE', ( #4934 ), #191, .F. ) ;
#3700 = CARTESIAN_POINT ( 'NONE',  ( 0.5300000000000000266, 0.6750000000000002665, 0.1249999999999996808 ) ) ;
#3701 = ORIENTED_EDGE ( 'NONE', *, *, #3426, .F. ) ;
#3702 = SURFACE_STYLE_FILL_AREA ( #1635 ) ;
#3703 = PLANE ( 'NONE',  #2308 ) ;
#3704 = EDGE_CURVE ( 'NONE', #4711, #2170, #586, .T. ) ;
#3705 = DIRECTION ( 'NONE',  ( 1.000000000000000000, 0.000000000000000000, -0.000000000000000000 ) ) ;
#3706 = SURFACE_STYLE_FILL_AREA ( #5183 ) ;
#3707 = CARTESIAN_POINT ( 'NONE',  ( 0.5300000000000000266, 0.7749999999999999112, -0.9250000000000007105 ) ) ;
#3708 = SURFACE_STYLE_USAGE ( .BOTH. , #328 ) ;
#3709 = DIRECTION ( 'NONE',  ( 0.000000000000000000, 0.000000000000000000, 1.000000000000000000 ) ) ;
#3710 = VECTOR ( 'NONE', #270, 1000.000000000000000 ) ;
#3711 = LINE ( 'NONE', #2271, #1360 ) ;
#3712 = ORIENTED_EDGE ( 'NONE', *, *, #269, .F. ) ;
#3713 = ORIENTED_EDGE ( 'NONE', *, *, #3867, .F. ) ;
#3714 = CARTESIAN_POINT ( 'NONE',  ( 0.5300000000000000266, 1.150000000000000133, 0.6249999999999996669 ) ) ;
#3715 = EDGE_CURVE ( 'NONE', #3694, #2961, #1597, .T. ) ;
#3716 =( NAMED_UNIT ( * ) PLANE_ANGLE_UNIT ( ) SI_UNIT ( $, .RADIAN. ) );
#3717 = EDGE_CURVE ( 'NONE', #2409, #6270, #3549, .T. ) ;
#3718 = DIRECTION ( 'NONE',  ( 1.000000000000000000, -0.000000000000000000, -0.000000000000000000 ) ) ;
#3719 = STYLED_ITEM ( 'NONE', ( #2484 ), #71 ) ;
#3720 = FILL_AREA_STYLE_COLOUR ( '', #126 ) ;
#3721 = ORIENTED_EDGE ( 'NONE', *, *, #739, .F. ) ;
#3722 = CARTESIAN_POINT ( 'NONE',  ( 0.5300000000000000266, -1.150000000000000133, 0.3749999999999996669 ) ) ;
#3723 = CARTESIAN_POINT ( 'NONE',  ( 0.5300000000000000266, 0.6750000000000002665, 0.3749999999999996669 ) ) ;
#3724 = SURFACE_STYLE_USAGE ( .BOTH. , #4286 ) ;
#3725 = ORIENTED_EDGE ( 'NONE', *, *, #2491, .F. ) ;
#3726 = FACE_OUTER_BOUND ( 'NONE', #137, .T. ) ;
#3727 = CARTESIAN_POINT ( 'NONE',  ( 0.7299999999999999822, -0.8750000000000001110, -0.9250000000000007105 ) ) ;
#3728 = ORIENTED_EDGE ( 'NONE', *, *, #2225, .T. ) ;
#3729 = LINE ( 'NONE', #4197, #2111 ) ;
#3730 = VECTOR ( 'NONE', #4914, 1000.000000000000000 ) ;
#3731 = VECTOR ( 'NONE', #5169, 1000.000000000000000 ) ;
#3732 = SURFACE_SIDE_STYLE ('',( #1780 ) ) ;
#3733 = EDGE_LOOP ( 'NONE', ( #1843, #5812, #407, #271 ) ) ;
#3734 = ORIENTED_EDGE ( 'NONE', *, *, #816, .T. ) ;
#3735 =( GEOMETRIC_REPRESENTATION_CONTEXT ( 3 ) GLOBAL_UNCERTAINTY_ASSIGNED_CONTEXT ( ( #5451 ) ) GLOBAL_UNIT_ASSIGNED_CONTEXT ( ( #3520, #4976, #1636 ) ) REPRESENTATION_CONTEXT ( 'NONE', 'WORKASPACE' ) );
#3736 = CARTESIAN_POINT ( 'NONE',  ( 0.7299999999999999822, 0.8749999999999998890, 1.400000000000000133 ) ) ;
#3737 = MECHANICAL_DESIGN_GEOMETRIC_PRESENTATION_REPRESENTATION (  '', ( #5043 ), #884 ) ;
#3738 = MECHANICAL_DESIGN_GEOMETRIC_PRESENTATION_REPRESENTATION (  '', ( #4649 ), #5845 ) ;
#3739 = STYLED_ITEM ( 'NONE', ( #4267 ), #3798 ) ;
#3740 = ADVANCED_FACE ( 'NONE', ( #2557 ), #2166, .F. ) ;
#3741 = SURFACE_STYLE_USAGE ( .BOTH. , #3255 ) ;
#3742 = VECTOR ( 'NONE', #2835, 1000.000000000000000 ) ;
#3743 = ORIENTED_EDGE ( 'NONE', *, *, #450, .F. ) ;
#3744 = SURFACE_SIDE_STYLE ('',( #2813 ) ) ;
#3745 = FACE_OUTER_BOUND ( 'NONE', #603, .T. ) ;
#3746 = COLOUR_RGB ( '',0.1019607843137254888, 0.1019607843137254888, 0.1019607843137254888 ) ;
#3747 = CARTESIAN_POINT ( 'NONE',  ( 0.7299999999999999822, -0.3750000000000001110, 0.9250000000000002665 ) ) ;
#3748 = ORIENTED_EDGE ( 'NONE', *, *, #2816, .F. ) ;
#3749 = VECTOR ( 'NONE', #6007, 1000.000000000000000 ) ;
#3750 = VERTEX_POINT ( 'NONE', #5433 ) ;
#3751 = CARTESIAN_POINT ( 'NONE',  ( 0.7299999999999999822, -1.150000000000000133, 0.6249999999999996669 ) ) ;
#3752 = COLOUR_RGB ( '',0.1019607843137254888, 0.1019607843137254888, 0.1019607843137254888 ) ;
#3753 = FACE_OUTER_BOUND ( 'NONE', #4618, .T. ) ;
#3754 = CARTESIAN_POINT ( 'NONE',  ( 0.5300000000000000266, 0.6750000000000002665, 0.6249999999999996669 ) ) ;
#3755 = ORIENTED_EDGE ( 'NONE', *, *, #1957, .F. ) ;
#3756 = CARTESIAN_POINT ( 'NONE',  ( 0.5300000000000000266, -0.6750000000000002665, -0.6250000000000003331 ) ) ;
#3757 = FACE_OUTER_BOUND ( 'NONE', #401, .T. ) ;
#3758 = CARTESIAN_POINT ( 'NONE',  ( 0.5300000000000000266, -0.6750000000000002665, 0.6249999999999996669 ) ) ;
#3759 = ADVANCED_FACE ( 'NONE', ( #3991 ), #5900, .F. ) ;
#3760 = ORIENTED_EDGE ( 'NONE', *, *, #1225, .T. ) ;
#3761 = SURFACE_STYLE_FILL_AREA ( #2353 ) ;
#3762 = DIRECTION ( 'NONE',  ( -1.000000000000000000, -0.000000000000000000, -0.000000000000000000 ) ) ;
#3763 = CARTESIAN_POINT ( 'NONE',  ( 0.5300000000000000266, -0.8750000000000001110, -1.400000000000000577 ) ) ;
#3764 = ADVANCED_FACE ( 'NONE', ( #2107 ), #4058, .F. ) ;
#3765 = ORIENTED_EDGE ( 'NONE', *, *, #1716, .F. ) ;
#3766 = ORIENTED_EDGE ( 'NONE', *, *, #4020, .F. ) ;
#3767 = ORIENTED_EDGE ( 'NONE', *, *, #1829, .F. ) ;
#3768 = SURFACE_STYLE_FILL_AREA ( #4364 ) ;
#3769 = ORIENTED_EDGE ( 'NONE', *, *, #2461, .T. ) ;
#3770 = PLANE ( 'NONE',  #1493 ) ;
#3771 = ADVANCED_FACE ( 'NONE', ( #5965 ), #1628, .F. ) ;
#3772 = DIRECTION ( 'NONE',  ( -1.000000000000000000, 0.000000000000000000, 0.000000000000000000 ) ) ;
#3773 = DIRECTION ( 'NONE',  ( 0.000000000000000000, 1.000000000000000000, 0.000000000000000000 ) ) ;
#3774 = FILL_AREA_STYLE ('',( #838 ) ) ;
#3775 = ORIENTED_EDGE ( 'NONE', *, *, #3839, .T. ) ;
#3776 = ORIENTED_EDGE ( 'NONE', *, *, #5218, .T. ) ;
#3777 = CARTESIAN_POINT ( 'NONE',  ( 0.5300000000000000266, 0.1249999999999998890, -1.400000000000000577 ) ) ;
#3778 = COLOUR_RGB ( '',0.1019607843137254888, 0.1019607843137254888, 0.1019607843137254888 ) ;
#3779 = LINE ( 'NONE', #3962, #2092 ) ;
#3780 = CARTESIAN_POINT ( 'NONE',  ( 0.7299999999999999822, -1.150000000000000133, 0.3749999999999996669 ) ) ;
#3781 = ORIENTED_EDGE ( 'NONE', *, *, #5412, .T. ) ;
#3782 = DIRECTION ( 'NONE',  ( -0.000000000000000000, 1.000000000000000000, 0.000000000000000000 ) ) ;
#3783 = STYLED_ITEM ( 'NONE', ( #512 ), #2865 ) ;
#3784 = ORIENTED_EDGE ( 'NONE', *, *, #5584, .F. ) ;
#3785 = EDGE_CURVE ( 'NONE', #3030, #759, #5087, .T. ) ;
#3786 = PRESENTATION_LAYER_ASSIGNMENT (  '', '', ( #532 ) ) ;
#3787 = SURFACE_SIDE_STYLE ('',( #4763 ) ) ;
#3788 = LINE ( 'NONE', #888, #744 ) ;
#3789 = ADVANCED_FACE ( 'NONE', ( #3675 ), #3703, .F. ) ;
#3790 = DIRECTION ( 'NONE',  ( -0.000000000000000000, -0.000000000000000000, 1.000000000000000000 ) ) ;
#3791 = CARTESIAN_POINT ( 'NONE',  ( 0.7299999999999999822, 0.6249999999999998890, 0.9250000000000002665 ) ) ;
#3792 = VERTEX_POINT ( 'NONE', #5156 ) ;
#3793 = FACE_OUTER_BOUND ( 'NONE', #5438, .T. ) ;
#3794 = PRESENTATION_STYLE_ASSIGNMENT (( #6150 ) ) ;
#3795 = ORIENTED_EDGE ( 'NONE', *, *, #3624, .F. ) ;
#3796 = LINE ( 'NONE', #2364, #4324 ) ;
#3797 = VERTEX_POINT ( 'NONE', #5118 ) ;
#3798 = ADVANCED_FACE ( 'NONE', ( #2771 ), #4702, .F. ) ;
#3799 =( NAMED_UNIT ( * ) SI_UNIT ( $, .STERADIAN. ) SOLID_ANGLE_UNIT ( ) );
#3800 = VERTEX_POINT ( 'NONE', #4235 ) ;
#3801 = ORIENTED_EDGE ( 'NONE', *, *, #4362, .F. ) ;
#3802 = AXIS2_PLACEMENT_3D ( 'NONE', #2861, #849, #5604 ) ;
#3803 = LINE ( 'NONE', #5718, #3422 ) ;
#3804 = PRESENTATION_STYLE_ASSIGNMENT (( #1320 ) ) ;
#3805 = MECHANICAL_DESIGN_GEOMETRIC_PRESENTATION_REPRESENTATION (  '', ( #1557 ), #345 ) ;
#3806 = ORIENTED_EDGE ( 'NONE', *, *, #1712, .F. ) ;
#3807 = ORIENTED_EDGE ( 'NONE', *, *, #4370, .F. ) ;
#3808 = CARTESIAN_POINT ( 'NONE',  ( 0.7299999999999999822, -0.6750000000000002665, 0.3749999999999996669 ) ) ;
#3809 = PLANE ( 'NONE',  #5258 ) ;
#3810 = CARTESIAN_POINT ( 'NONE',  ( 0.7299999999999999822, 0.6249999999999998890, 1.400000000000000133 ) ) ;
#3811 = STYLED_ITEM ( 'NONE', ( #3485 ), #6100 ) ;
#3812 = DIRECTION ( 'NONE',  ( -1.000000000000000000, -0.000000000000000000, -0.000000000000000000 ) ) ;
#3813 = EDGE_LOOP ( 'NONE', ( #5597, #5344, #421, #4139 ) ) ;
#3814 = DIRECTION ( 'NONE',  ( 0.000000000000000000, 0.000000000000000000, 1.000000000000000000 ) ) ;
#3815 = CLOSED_SHELL ( 'NONE', ( #1851, #725, #3868, #2881, #120, #2894 ) ) ;
#3816 = CARTESIAN_POINT ( 'NONE',  ( 0.7299999999999999822, -1.150000000000000133, -0.6250000000000003331 ) ) ;
#3817 = ORIENTED_EDGE ( 'NONE', *, *, #5711, .F. ) ;
#3818 = LINE ( 'NONE', #2833, #5339 ) ;
#3819 = DIRECTION ( 'NONE',  ( -1.000000000000000000, -0.000000000000000000, -0.000000000000000000 ) ) ;
#3820 = AXIS2_PLACEMENT_3D ( 'NONE', #677, #4988, #644 ) ;
#3821 = EDGE_CURVE ( 'NONE', #2347, #899, #1345, .T. ) ;
#3822 = CARTESIAN_POINT ( 'NONE',  ( 0.7299999999999999822, -0.3750000000000001110, -0.9250000000000007105 ) ) ;
#3823 = FACE_OUTER_BOUND ( 'NONE', #5614, .T. ) ;
#3824 = ORIENTED_EDGE ( 'NONE', *, *, #1607, .T. ) ;
#3825 = CARTESIAN_POINT ( 'NONE',  ( 0.7299999999999999822, 1.150000000000000133, 0.6249999999999996669 ) ) ;
#3826 = LINE ( 'NONE', #2391, #789 ) ;
#3827 = VECTOR ( 'NONE', #1968, 1000.000000000000000 ) ;
#3828 = PRESENTATION_LAYER_ASSIGNMENT (  '', '', ( #2993 ) ) ;
#3829 = EDGE_LOOP ( 'NONE', ( #1804, #1188, #2126, #2029 ) ) ;
#3830 = VERTEX_POINT ( 'NONE', #2898 ) ;
#3831 = FILL_AREA_STYLE_COLOUR ( '', #5290 ) ;
#3832 = STYLED_ITEM ( 'NONE', ( #4795 ), #587 ) ;
#3833 = VECTOR ( 'NONE', #2014, 1000.000000000000000 ) ;
#3834 = CARTESIAN_POINT ( 'NONE',  ( 0.7299999999999999822, 0.000000000000000000, 0.000000000000000000 ) ) ;
#3835 = AXIS2_PLACEMENT_3D ( 'NONE', #1657, #5026, #3705 ) ;
#3836 = VERTEX_POINT ( 'NONE', #3409 ) ;
#3837 = VECTOR ( 'NONE', #1885, 1000.000000000000000 ) ;
#3838 =( LENGTH_UNIT ( ) NAMED_UNIT ( * ) SI_UNIT ( .MILLI., .METRE. ) );
#3839 = EDGE_CURVE ( 'NONE', #2704, #3911, #5039, .T. ) ;
#3840 = DIRECTION ( 'NONE',  ( -0.000000000000000000, -1.000000000000000000, -0.000000000000000000 ) ) ;
#3841 = ORIENTED_EDGE ( 'NONE', *, *, #3653, .F. ) ;
#3842 = VECTOR ( 'NONE', #1218, 1000.000000000000000 ) ;
#3843 = VECTOR ( 'NONE', #2867, 1000.000000000000000 ) ;
#3844 = ORIENTED_EDGE ( 'NONE', *, *, #4810, .T. ) ;
#3845 = VECTOR ( 'NONE', #6008, 1000.000000000000000 ) ;
#3846 = DIRECTION ( 'NONE',  ( -0.000000000000000000, -0.000000000000000000, 1.000000000000000000 ) ) ;
#3847 = CARTESIAN_POINT ( 'NONE',  ( -0.1000000000000000056, 0.8556308804057267681, -1.128932602121957007 ) ) ;
#3848 = CARTESIAN_POINT ( 'NONE',  ( 0.000000000000000000, 0.8556308804057267681, -1.128932602121957007 ) ) ;
#3849 = PRESENTATION_STYLE_ASSIGNMENT (( #3968 ) ) ;
#3850 = VECTOR ( 'NONE', #1618, 1000.000000000000000 ) ;
#3851 = PLANE ( 'NONE',  #5050 ) ;
#3852 = ORIENTED_EDGE ( 'NONE', *, *, #5500, .F. ) ;
#3853 =( GEOMETRIC_REPRESENTATION_CONTEXT ( 3 ) GLOBAL_UNCERTAINTY_ASSIGNED_CONTEXT ( ( #3039 ) ) GLOBAL_UNIT_ASSIGNED_CONTEXT ( ( #2951, #111, #4918 ) ) REPRESENTATION_CONTEXT ( 'NONE', 'WORKASPACE' ) );
#3854 =( NAMED_UNIT ( * ) PLANE_ANGLE_UNIT ( ) SI_UNIT ( $, .RADIAN. ) );
#3855 = DIRECTION ( 'NONE',  ( 0.000000000000000000, -0.000000000000000000, -1.000000000000000000 ) ) ;
#3856 = EDGE_CURVE ( 'NONE', #160, #765, #5352, .T. ) ;
#3857 =( LENGTH_UNIT ( ) NAMED_UNIT ( * ) SI_UNIT ( .MILLI., .METRE. ) );
#3858 = VERTEX_POINT ( 'NONE', #1971 ) ;
#3859 = CARTESIAN_POINT ( 'NONE',  ( 0.7299999999999999822, -0.6750000000000002665, 0.6249999999999996669 ) ) ;
#3860 = DIRECTION ( 'NONE',  ( 0.000000000000000000, 0.000000000000000000, -1.000000000000000000 ) ) ;
#3861 = ADVANCED_FACE ( 'NONE', ( #5778 ), #519, .T. ) ;
#3862 = ORIENTED_EDGE ( 'NONE', *, *, #2573, .F. ) ;
#3863 = PLANE ( 'NONE',  #6149 ) ;
#3864 = DIRECTION ( 'NONE',  ( 1.000000000000000000, -0.000000000000000000, -0.000000000000000000 ) ) ;
#3865 = VERTEX_POINT ( 'NONE', #547 ) ;
#3866 = DIRECTION ( 'NONE',  ( 0.000000000000000000, 0.000000000000000000, -1.000000000000000000 ) ) ;
#3867 = EDGE_CURVE ( 'NONE', #1737, #5769, #4895, .T. ) ;
#3868 = ADVANCED_FACE ( 'NONE', ( #4834 ), #3863, .F. ) ;
#3869 = SURFACE_SIDE_STYLE ('',( #1534 ) ) ;
#3870 = FACE_OUTER_BOUND ( 'NONE', #1341, .T. ) ;
#3871 = CARTESIAN_POINT ( 'NONE',  ( 0.5300000000000000266, 0.3749999999999998890, -1.400000000000000577 ) ) ;
#3872 = ORIENTED_EDGE ( 'NONE', *, *, #1797, .T. ) ;
#3873 = ORIENTED_EDGE ( 'NONE', *, *, #3369, .F. ) ;
#3874 = DIRECTION ( 'NONE',  ( 0.000000000000000000, -1.000000000000000000, 0.000000000000000000 ) ) ;
#3875 = VECTOR ( 'NONE', #3846, 1000.000000000000000 ) ;
#3876 = LINE ( 'NONE', #1483, #3087 ) ;
#3877 = FILL_AREA_STYLE ('',( #1543 ) ) ;
#3878 = SURFACE_SIDE_STYLE ('',( #4818 ) ) ;
#3879 = ORIENTED_EDGE ( 'NONE', *, *, #483, .F. ) ;
#3880 = CARTESIAN_POINT ( 'NONE',  ( 0.5300000000000000266, 0.1249999999999998890, 0.9250000000000002665 ) ) ;
#3881 = PRESENTATION_LAYER_ASSIGNMENT (  '', '', ( #213 ) ) ;
#3882 =( NAMED_UNIT ( * ) SI_UNIT ( $, .STERADIAN. ) SOLID_ANGLE_UNIT ( ) );
#3883 =( LENGTH_UNIT ( ) NAMED_UNIT ( * ) SI_UNIT ( .MILLI., .METRE. ) );
#3884 = ORIENTED_EDGE ( 'NONE', *, *, #2066, .T. ) ;
#3885 = DIRECTION ( 'NONE',  ( 0.000000000000000000, 1.000000000000000000, -0.000000000000000000 ) ) ;
#3886 = DIRECTION ( 'NONE',  ( -1.000000000000000000, -0.000000000000000000, -0.000000000000000000 ) ) ;
#3887 = AXIS2_PLACEMENT_3D ( 'NONE', #115, #4962, #4425 ) ;
#3888 = ADVANCED_FACE ( 'NONE', ( #6284 ), #931, .F. ) ;
#3889 = LINE ( 'NONE', #3917, #2489 ) ;
#3890 = DIRECTION ( 'NONE',  ( 0.000000000000000000, 0.000000000000000000, -1.000000000000000000 ) ) ;
#3891 = CARTESIAN_POINT ( 'NONE',  ( 0.5300000000000000266, -0.6750000000000002665, -0.3750000000000003331 ) ) ;
#3892 = ORIENTED_EDGE ( 'NONE', *, *, #2256, .F. ) ;
#3893 = DIRECTION ( 'NONE',  ( -1.000000000000000000, 0.000000000000000000, -0.000000000000000000 ) ) ;
#3894 =( GEOMETRIC_REPRESENTATION_CONTEXT ( 3 ) GLOBAL_UNCERTAINTY_ASSIGNED_CONTEXT ( ( #1245 ) ) GLOBAL_UNIT_ASSIGNED_CONTEXT ( ( #4375, #4880, #2501 ) ) REPRESENTATION_CONTEXT ( 'NONE', 'WORKASPACE' ) );
#3895 = ADVANCED_FACE ( 'NONE', ( #1916 ), #5370, .F. ) ;
#3896 = PRESENTATION_STYLE_ASSIGNMENT (( #5283 ) ) ;
#3897 = DIRECTION ( 'NONE',  ( -1.000000000000000000, -0.000000000000000000, -0.000000000000000000 ) ) ;
#3898 = ORIENTED_EDGE ( 'NONE', *, *, #5308, .T. ) ;
#3899 = ORIENTED_EDGE ( 'NONE', *, *, #4053, .F. ) ;
#3900 = VECTOR ( 'NONE', #330, 1000.000000000000000 ) ;
#3901 = SURFACE_STYLE_USAGE ( .BOTH. , #1 ) ;
#3902 = FACE_OUTER_BOUND ( 'NONE', #4169, .T. ) ;
#3903 = LINE ( 'NONE', #5822, #3531 ) ;
#3904 = PRESENTATION_LAYER_ASSIGNMENT (  '', '', ( #1051 ) ) ;
#3905 = ORIENTED_EDGE ( 'NONE', *, *, #5927, .T. ) ;
#3906 = DIRECTION ( 'NONE',  ( 1.000000000000000000, -0.000000000000000000, -0.000000000000000000 ) ) ;
#3907 = ADVANCED_FACE ( 'NONE', ( #2872 ), #2844, .F. ) ;
#3908 = PLANE ( 'NONE',  #543 ) ;
#3909 = MECHANICAL_DESIGN_GEOMETRIC_PRESENTATION_REPRESENTATION (  '', ( #3399 ), #4307 ) ;
#3910 = PRESENTATION_STYLE_ASSIGNMENT (( #4477 ) ) ;
#3911 = VERTEX_POINT ( 'NONE', #4869 ) ;
#3912 = DIRECTION ( 'NONE',  ( 0.000000000000000000, 0.000000000000000000, 1.000000000000000000 ) ) ;
#3913 = CIRCLE ( 'NONE', #1162, 0.1750560047594175161 ) ;
#3914 = PRESENTATION_LAYER_ASSIGNMENT (  '', '', ( #2184 ) ) ;
#3915 = DIRECTION ( 'NONE',  ( 0.000000000000000000, 0.000000000000000000, 1.000000000000000000 ) ) ;
#3916 = DIRECTION ( 'NONE',  ( -0.000000000000000000, -0.000000000000000000, -1.000000000000000000 ) ) ;
#3917 = CARTESIAN_POINT ( 'NONE',  ( 0.7299999999999999822, -0.6750000000000002665, 0.6249999999999996669 ) ) ;
#3918 = PRESENTATION_STYLE_ASSIGNMENT (( #1468 ) ) ;
#3919 = VECTOR ( 'NONE', #6061, 1000.000000000000000 ) ;
#3920 = LINE ( 'NONE', #4896, #3427 ) ;
#3921 = ORIENTED_EDGE ( 'NONE', *, *, #5123, .T. ) ;
#3922 = VECTOR ( 'NONE', #6178, 1000.000000000000000 ) ;
#3923 = DIRECTION ( 'NONE',  ( -1.000000000000000000, 0.000000000000000000, 0.000000000000000000 ) ) ;
#3924 =( GEOMETRIC_REPRESENTATION_CONTEXT ( 3 ) GLOBAL_UNCERTAINTY_ASSIGNED_CONTEXT ( ( #3494 ) ) GLOBAL_UNIT_ASSIGNED_CONTEXT ( ( #835, #4155, #6102 ) ) REPRESENTATION_CONTEXT ( 'NONE', 'WORKASPACE' ) );
#3925 = DIRECTION ( 'NONE',  ( -0.000000000000000000, -0.000000000000000000, 1.000000000000000000 ) ) ;
#3926 = LINE ( 'NONE', #557, #5004 ) ;
#3927 = ORIENTED_EDGE ( 'NONE', *, *, #4507, .T. ) ;
#3928 = EDGE_CURVE ( 'NONE', #1742, #5933, #2367, .T. ) ;
#3929 = EDGE_LOOP ( 'NONE', ( #653, #3346, #5205, #695 ) ) ;
#3930 = UNCERTAINTY_MEASURE_WITH_UNIT (LENGTH_MEASURE( 1.000000000000000082E-05 ), #1169, 'distance_accuracy_value', 'NONE');
#3931 = CARTESIAN_POINT ( 'NONE',  ( 0.7299999999999999822, -0.6750000000000002665, 0.1249999999999996808 ) ) ;
#3932 = MECHANICAL_DESIGN_GEOMETRIC_PRESENTATION_REPRESENTATION (  '', ( #2102 ), #573 ) ;
#3933 = VECTOR ( 'NONE', #4655, 1000.000000000000000 ) ;
#3934 =( NAMED_UNIT ( * ) PLANE_ANGLE_UNIT ( ) SI_UNIT ( $, .RADIAN. ) );
#3935 = DIRECTION ( 'NONE',  ( 1.000000000000000000, 0.000000000000000000, -0.000000000000000000 ) ) ;
#3936 = CARTESIAN_POINT ( 'NONE',  ( 0.7299999999999999822, -0.8750000000000001110, 0.9250000000000002665 ) ) ;
#3937 = FILL_AREA_STYLE_COLOUR ( '', #498 ) ;
#3938 = COLOUR_RGB ( '',0.1019607843137254888, 0.1019607843137254888, 0.1019607843137254888 ) ;
#3939 = AXIS2_PLACEMENT_3D ( 'NONE', #2965, #2559, #1630 ) ;
#3940 = ORIENTED_EDGE ( 'NONE', *, *, #40, .T. ) ;
#3941 = DIRECTION ( 'NONE',  ( -1.000000000000000000, -0.000000000000000000, -0.000000000000000000 ) ) ;
#3942 = CARTESIAN_POINT ( 'NONE',  ( 0.5300000000000000266, -0.8750000000000001110, -1.400000000000000577 ) ) ;
#3943 =( GEOMETRIC_REPRESENTATION_CONTEXT ( 3 ) GLOBAL_UNCERTAINTY_ASSIGNED_CONTEXT ( ( #3017 ) ) GLOBAL_UNIT_ASSIGNED_CONTEXT ( ( #4580, #1216, #1815 ) ) REPRESENTATION_CONTEXT ( 'NONE', 'WORKASPACE' ) );
#3944 = DIRECTION ( 'NONE',  ( 1.000000000000000000, -0.000000000000000000, 0.000000000000000000 ) ) ;
#3945 = LINE ( 'NONE', #1010, #4932 ) ;
#3946 = VECTOR ( 'NONE', #3969, 1000.000000000000000 ) ;
#3947 = ORIENTED_EDGE ( 'NONE', *, *, #3980, .T. ) ;
#3948 = DIRECTION ( 'NONE',  ( 0.000000000000000000, 0.000000000000000000, -1.000000000000000000 ) ) ;
#3949 = EDGE_CURVE ( 'NONE', #2394, #4872, #953, .T. ) ;
#3950 = PLANE ( 'NONE',  #4238 ) ;
#3951 = COLOUR_RGB ( '',0.1019607843137254888, 0.1019607843137254888, 0.1019607843137254888 ) ;
#3952 = EDGE_CURVE ( 'NONE', #5953, #3279, #5486, .T. ) ;
#3953 = DIRECTION ( 'NONE',  ( 1.000000000000000000, -0.000000000000000000, -0.000000000000000000 ) ) ;
#3954 = DIRECTION ( 'NONE',  ( -1.000000000000000000, -0.000000000000000000, -0.000000000000000000 ) ) ;
#3955 = PLANE ( 'NONE',  #427 ) ;
#3956 = VECTOR ( 'NONE', #1802, 1000.000000000000000 ) ;
#3957 = CARTESIAN_POINT ( 'NONE',  ( 0.7299999999999999822, 0.000000000000000000, 0.000000000000000000 ) ) ;
#3958 = CARTESIAN_POINT ( 'NONE',  ( 0.7299999999999999822, 1.150000000000000133, 0.1249999999999996808 ) ) ;
#3959 = CARTESIAN_POINT ( 'NONE',  ( 0.7299999999999999822, -0.6750000000000002665, -0.1250000000000003331 ) ) ;
#3960 = EDGE_LOOP ( 'NONE', ( #4573, #1761, #3387, #2208 ) ) ;
#3961 = FILL_AREA_STYLE_COLOUR ( '', #4729 ) ;
#3962 = CARTESIAN_POINT ( 'NONE',  ( 0.7299999999999999822, 1.150000000000000133, -0.6250000000000003331 ) ) ;
#3963 = PLANE ( 'NONE',  #3802 ) ;
#3964 = ORIENTED_EDGE ( 'NONE', *, *, #3474, .F. ) ;
#3965 = VERTEX_POINT ( 'NONE', #2131 ) ;
#3966 = CYLINDRICAL_SURFACE ( 'NONE', #1041, 0.1750560047594175161 ) ;
#3967 = SURFACE_STYLE_FILL_AREA ( #34 ) ;
#3968 = SURFACE_STYLE_USAGE ( .BOTH. , #1430 ) ;
#3969 = DIRECTION ( 'NONE',  ( 0.000000000000000000, 1.000000000000000000, 0.000000000000000000 ) ) ;
#3970 = EDGE_CURVE ( 'NONE', #3750, #68, #1623, .T. ) ;
#3971 = VERTEX_POINT ( 'NONE', #580 ) ;
#3972 = FACE_OUTER_BOUND ( 'NONE', #717, .T. ) ;
#3973 = FACE_BOUND ( 'NONE', #2979, .T. ) ;
#3974 = CARTESIAN_POINT ( 'NONE',  ( 0.5300000000000000266, 0.3749999999999998890, -1.400000000000000577 ) ) ;
#3975 = EDGE_LOOP ( 'NONE', ( #1419, #5301, #350, #1082 ) ) ;
#3976 = DIRECTION ( 'NONE',  ( 0.000000000000000000, 0.000000000000000000, -1.000000000000000000 ) ) ;
#3977 = EDGE_CURVE ( 'NONE', #3331, #2587, #1589, .T. ) ;
#3978 = CARTESIAN_POINT ( 'NONE',  ( 0.5300000000000000266, -0.6250000000000001110, 1.400000000000000133 ) ) ;
#3979 = UNCERTAINTY_MEASURE_WITH_UNIT (LENGTH_MEASURE( 1.000000000000000082E-05 ), #1117, 'distance_accuracy_value', 'NONE');
#3980 = EDGE_CURVE ( 'NONE', #212, #5490, #3570, .T. ) ;
#3981 = DIRECTION ( 'NONE',  ( 0.000000000000000000, 0.000000000000000000, -1.000000000000000000 ) ) ;
#3982 = DIRECTION ( 'NONE',  ( -0.000000000000000000, 0.000000000000000000, -1.000000000000000000 ) ) ;
#3983 = DIRECTION ( 'NONE',  ( 0.000000000000000000, 1.000000000000000000, 0.000000000000000000 ) ) ;
#3984 = DIRECTION ( 'NONE',  ( -0.000000000000000000, -0.000000000000000000, 1.000000000000000000 ) ) ;
#3985 = PRESENTATION_LAYER_ASSIGNMENT (  '', '', ( #424 ) ) ;
#3986 = MECHANICAL_DESIGN_GEOMETRIC_PRESENTATION_REPRESENTATION (  '', ( #2661 ), #1944 ) ;
#3987 = CARTESIAN_POINT ( 'NONE',  ( 0.5300000000000000266, -0.8750000000000001110, -0.9250000000000007105 ) ) ;
#3988 = ORIENTED_EDGE ( 'NONE', *, *, #358, .F. ) ;
#3989 = EDGE_CURVE ( 'NONE', #1726, #2235, #2098, .T. ) ;
#3990 = ADVANCED_FACE ( 'NONE', ( #146 ), #5925, .F. ) ;
#3991 = FACE_OUTER_BOUND ( 'NONE', #1875, .T. ) ;
#3992 = CARTESIAN_POINT ( 'NONE',  ( 0.5300000000000000266, 0.6750000000000002665, 0.6249999999999996669 ) ) ;
#3993 = DIRECTION ( 'NONE',  ( 0.000000000000000000, 0.000000000000000000, -1.000000000000000000 ) ) ;
#3994 =( NAMED_UNIT ( * ) PLANE_ANGLE_UNIT ( ) SI_UNIT ( $, .RADIAN. ) );
#3995 = ORIENTED_EDGE ( 'NONE', *, *, #752, .F. ) ;
#3996 = EDGE_LOOP ( 'NONE', ( #751, #2721, #4339, #4863 ) ) ;
#3997 = SURFACE_STYLE_USAGE ( .BOTH. , #3389 ) ;
#3998 =( NAMED_UNIT ( * ) SI_UNIT ( $, .STERADIAN. ) SOLID_ANGLE_UNIT ( ) );
#3999 = DIRECTION ( 'NONE',  ( 0.000000000000000000, 0.000000000000000000, -1.000000000000000000 ) ) ;
#4000 = FILL_AREA_STYLE ('',( #4473 ) ) ;
#4001 = PLANE ( 'NONE',  #4648 ) ;
#4002 = VERTEX_POINT ( 'NONE', #3502 ) ;
#4003 = UNCERTAINTY_MEASURE_WITH_UNIT (LENGTH_MEASURE( 1.000000000000000082E-05 ), #5881, 'distance_accuracy_value', 'NONE');
#4004 = EDGE_CURVE ( 'NONE', #866, #5627, #1078, .T. ) ;
#4005 = SURFACE_STYLE_USAGE ( .BOTH. , #8 ) ;
#4006 = MECHANICAL_DESIGN_GEOMETRIC_PRESENTATION_REPRESENTATION (  '', ( #1051 ), #951 ) ;
#4007 = VERTEX_POINT ( 'NONE', #5399 ) ;
#4008 = UNCERTAINTY_MEASURE_WITH_UNIT (LENGTH_MEASURE( 1.000000000000000082E-05 ), #5813, 'distance_accuracy_value', 'NONE');
#4009 = SURFACE_STYLE_FILL_AREA ( #639 ) ;
#4010 = DIRECTION ( 'NONE',  ( -1.000000000000000000, 0.000000000000000000, -0.000000000000000000 ) ) ;
#4011 = EDGE_CURVE ( 'NONE', #4122, #2637, #4551, .T. ) ;
#4012 = CARTESIAN_POINT ( 'NONE',  ( 0.7299999999999999822, 1.150000000000000133, 0.3749999999999996669 ) ) ;
#4013 = CARTESIAN_POINT ( 'NONE',  ( 0.7299999999999999822, -0.8750000000000001110, -1.400000000000000577 ) ) ;
#4014 = FILL_AREA_STYLE ('',( #5991 ) ) ;
#4015 = STYLED_ITEM ( 'NONE', ( #3896 ), #6221 ) ;
#4016 = CARTESIAN_POINT ( 'NONE',  ( 0.7299999999999999822, 0.6750000000000002665, -0.3750000000000003331 ) ) ;
#4017 = VERTEX_POINT ( 'NONE', #5016 ) ;
#4018 = VECTOR ( 'NONE', #2455, 1000.000000000000000 ) ;
#4019 = DIRECTION ( 'NONE',  ( 0.000000000000000000, -1.000000000000000000, 0.000000000000000000 ) ) ;
#4020 = EDGE_CURVE ( 'NONE', #5372, #5360, #1652, .T. ) ;
#4021 = PLANE ( 'NONE',  #6057 ) ;
#4022 = MECHANICAL_DESIGN_GEOMETRIC_PRESENTATION_REPRESENTATION (  '', ( #4926 ), #2289 ) ;
#4023 = ORIENTED_EDGE ( 'NONE', *, *, #1952, .T. ) ;
#4024 = ORIENTED_EDGE ( 'NONE', *, *, #1590, .T. ) ;
#4025 = PRESENTATION_LAYER_ASSIGNMENT (  '', '', ( #470 ) ) ;
#4026 = CARTESIAN_POINT ( 'NONE',  ( 0.7299999999999999822, 0.8749999999999998890, 1.400000000000000133 ) ) ;
#4027 = EDGE_CURVE ( 'NONE', #2637, #1545, #117, .T. ) ;
#4028 = FACE_OUTER_BOUND ( 'NONE', #830, .T. ) ;
#4029 = STYLED_ITEM ( 'NONE', ( #231 ), #722 ) ;
#4030 = SURFACE_STYLE_FILL_AREA ( #1701 ) ;
#4031 = AXIS2_PLACEMENT_3D ( 'NONE', #3848, #1392, #2379 ) ;
#4032 = FILL_AREA_STYLE ('',( #3093 ) ) ;
#4033 = DIRECTION ( 'NONE',  ( -0.000000000000000000, -0.000000000000000000, 1.000000000000000000 ) ) ;
#4034 = LINE ( 'NONE', #1612, #4929 ) ;
#4035 = ORIENTED_EDGE ( 'NONE', *, *, #1154, .F. ) ;
#4036 = VECTOR ( 'NONE', #994, 1000.000000000000000 ) ;
#4037 = VECTOR ( 'NONE', #1350, 1000.000000000000000 ) ;
#4038 = CARTESIAN_POINT ( 'NONE',  ( 0.7299999999999999822, 0.8749999999999998890, 1.400000000000000133 ) ) ;
#4039 = SURFACE_STYLE_USAGE ( .BOTH. , #3007 ) ;
#4040 = CARTESIAN_POINT ( 'NONE',  ( 0.5300000000000000266, -0.8750000000000001110, -1.400000000000000577 ) ) ;
#4041 = VERTEX_POINT ( 'NONE', #5520 ) ;
#4042 = DIRECTION ( 'NONE',  ( 0.000000000000000000, 0.000000000000000000, -1.000000000000000000 ) ) ;
#4043 = AXIS2_PLACEMENT_3D ( 'NONE', #1243, #295, #6097 ) ;
#4044 = EDGE_CURVE ( 'NONE', #875, #5379, #1047, .T. ) ;
#4045 = VECTOR ( 'NONE', #411, 1000.000000000000000 ) ;
#4046 = FACE_OUTER_BOUND ( 'NONE', #1035, .T. ) ;
#4047 = STYLED_ITEM ( 'NONE', ( #5294 ), #5297 ) ;
#4048 = CARTESIAN_POINT ( 'NONE',  ( 0.5300000000000000266, -0.8750000000000001110, -1.400000000000000577 ) ) ;
#4049 = FACE_OUTER_BOUND ( 'NONE', #649, .T. ) ;
#4050 = CARTESIAN_POINT ( 'NONE',  ( 0.5300000000000000266, 0.000000000000000000, 0.000000000000000000 ) ) ;
#4051 = DIRECTION ( 'NONE',  ( -1.000000000000000000, -0.000000000000000000, -0.000000000000000000 ) ) ;
#4052 = UNCERTAINTY_MEASURE_WITH_UNIT (LENGTH_MEASURE( 1.000000000000000082E-05 ), #1937, 'distance_accuracy_value', 'NONE');
#4053 = EDGE_CURVE ( 'NONE', #1919, #1769, #711, .T. ) ;
#4054 = DIRECTION ( 'NONE',  ( 0.000000000000000000, 0.000000000000000000, -1.000000000000000000 ) ) ;
#4055 = PRESENTATION_LAYER_ASSIGNMENT (  '', '', ( #1811 ) ) ;
#4056 = ORIENTED_EDGE ( 'NONE', *, *, #2896, .F. ) ;
#4057 = STYLED_ITEM ( 'NONE', ( #1485 ), #4392 ) ;
#4058 = PLANE ( 'NONE',  #6249 ) ;
#4059 = LINE ( 'NONE', #5966, #5153 ) ;
#4060 = FILL_AREA_STYLE ('',( #4905 ) ) ;
#4061 = VERTEX_POINT ( 'NONE', #3470 ) ;
#4062 = VERTEX_POINT ( 'NONE', #4925 ) ;
#4063 = CARTESIAN_POINT ( 'NONE',  ( 0.5300000000000000266, -1.150000000000000133, 0.6249999999999996669 ) ) ;
#4064 = EDGE_CURVE ( 'NONE', #3107, #5850, #3276, .T. ) ;
#4065 = DIRECTION ( 'NONE',  ( -1.000000000000000000, 0.000000000000000000, -0.000000000000000000 ) ) ;
#4066 = MANIFOLD_SOLID_BREP ( 'Boss-Extrude4', #1160 ) ;
#4067 = CARTESIAN_POINT ( 'NONE',  ( 0.7299999999999999822, -0.6250000000000001110, 0.9250000000000002665 ) ) ;
#4068 = ORIENTED_EDGE ( 'NONE', *, *, #5558, .T. ) ;
#4069 = UNCERTAINTY_MEASURE_WITH_UNIT (LENGTH_MEASURE( 1.000000000000000082E-05 ), #2919, 'distance_accuracy_value', 'NONE');
#4070 = LINE ( 'NONE', #2182, #1596 ) ;
#4071 = CARTESIAN_POINT ( 'NONE',  ( 0.5300000000000000266, -0.6750000000000002665, -0.3750000000000003331 ) ) ;
#4072 = FILL_AREA_STYLE ('',( #2122 ) ) ;
#4073 = ORIENTED_EDGE ( 'NONE', *, *, #2116, .F. ) ;
#4074 = CARTESIAN_POINT ( 'NONE',  ( 0.7299999999999999822, 0.7749999999999999112, -0.9250000000000007105 ) ) ;
#4075 = SURFACE_STYLE_FILL_AREA ( #673 ) ;
#4076 = ORIENTED_EDGE ( 'NONE', *, *, #23, .T. ) ;
#4077 = CARTESIAN_POINT ( 'NONE',  ( 0.7299999999999999822, -0.1250000000000001110, -1.400000000000000577 ) ) ;
#4078 = CARTESIAN_POINT ( 'NONE',  ( 0.5300000000000000266, 0.8749999999999998890, -1.400000000000000577 ) ) ;
#4079 = FACE_OUTER_BOUND ( 'NONE', #1901, .T. ) ;
#4080 = CARTESIAN_POINT ( 'NONE',  ( 0.5300000000000000266, 0.1249999999999998890, -0.9250000000000007105 ) ) ;
#4081 = DIRECTION ( 'NONE',  ( -0.000000000000000000, -1.000000000000000000, -0.000000000000000000 ) ) ;
#4082 = FACE_OUTER_BOUND ( 'NONE', #665, .T. ) ;
#4083 = ORIENTED_EDGE ( 'NONE', *, *, #4044, .F. ) ;
#4084 = EDGE_CURVE ( 'NONE', #2779, #5211, #3729, .T. ) ;
#4085 = PRESENTATION_LAYER_ASSIGNMENT (  '', '', ( #2773 ) ) ;
#4086 = MANIFOLD_SOLID_BREP ( 'Boss-Extrude3[10]', #3815 ) ;
#4087 = FILL_AREA_STYLE ('',( #4494 ) ) ;
#4088 = PLANE ( 'NONE',  #4947 ) ;
#4089 = VECTOR ( 'NONE', #2609, 1000.000000000000000 ) ;
#4090 = ORIENTED_EDGE ( 'NONE', *, *, #1979, .T. ) ;
#4091 = EDGE_LOOP ( 'NONE', ( #1029, #5245, #1317, #1848 ) ) ;
#4092 = EDGE_CURVE ( 'NONE', #4262, #4122, #1337, .T. ) ;
#4093 = CARTESIAN_POINT ( 'NONE',  ( 0.5300000000000000266, -0.8750000000000001110, 1.400000000000000133 ) ) ;
#4094 = DIRECTION ( 'NONE',  ( -1.000000000000000000, -0.000000000000000000, -0.000000000000000000 ) ) ;
#4095 = CARTESIAN_POINT ( 'NONE',  ( 0.5300000000000000266, 1.150000000000000133, 0.1249999999999996808 ) ) ;
#4096 = CARTESIAN_POINT ( 'NONE',  ( 0.7299999999999999822, -1.150000000000000133, 0.3749999999999996669 ) ) ;
#4097 = ORIENTED_EDGE ( 'NONE', *, *, #4817, .F. ) ;
#4098 = DIRECTION ( 'NONE',  ( 0.000000000000000000, 0.000000000000000000, -1.000000000000000000 ) ) ;
#4099 = VECTOR ( 'NONE', #4949, 1000.000000000000000 ) ;
#4100 = DIRECTION ( 'NONE',  ( 0.000000000000000000, 0.000000000000000000, 1.000000000000000000 ) ) ;
#4101 = FACE_OUTER_BOUND ( 'NONE', #197, .T. ) ;
#4102 = LINE ( 'NONE', #176, #4912 ) ;
#4103 = ORIENTED_EDGE ( 'NONE', *, *, #2461, .F. ) ;
#4104 = DIRECTION ( 'NONE',  ( -1.000000000000000000, 0.000000000000000000, 0.000000000000000000 ) ) ;
#4105 = PRESENTATION_STYLE_ASSIGNMENT (( #2125 ) ) ;
#4106 = ORIENTED_EDGE ( 'NONE', *, *, #1366, .F. ) ;
#4107 = ADVANCED_FACE ( 'NONE', ( #4670 ), #5610, .F. ) ;
#4108 = VECTOR ( 'NONE', #4534, 1000.000000000000000 ) ;
#4109 = CARTESIAN_POINT ( 'NONE',  ( 0.5300000000000000266, 0.8749999999999998890, -1.025000000000000799 ) ) ;
#4110 =( NAMED_UNIT ( * ) PLANE_ANGLE_UNIT ( ) SI_UNIT ( $, .RADIAN. ) );
#4111 = ADVANCED_FACE ( 'NONE', ( #1682 ), #6118, .F. ) ;
#4112 = DIRECTION ( 'NONE',  ( 0.000000000000000000, 1.000000000000000000, 0.000000000000000000 ) ) ;
#4113 = VECTOR ( 'NONE', #2729, 1000.000000000000000 ) ;
#4114 = FILL_AREA_STYLE_COLOUR ( '', #2812 ) ;
#4115 = ORIENTED_EDGE ( 'NONE', *, *, #1607, .F. ) ;
#4116 = PRESENTATION_LAYER_ASSIGNMENT (  '', '', ( #954 ) ) ;
#4117 = DIRECTION ( 'NONE',  ( 1.000000000000000000, 0.000000000000000000, -0.000000000000000000 ) ) ;
#4118 = PLANE ( 'NONE',  #4541 ) ;
#4119 = DIRECTION ( 'NONE',  ( 0.000000000000000000, 0.000000000000000000, -1.000000000000000000 ) ) ;
#4120 = VERTEX_POINT ( 'NONE', #5273 ) ;
#4121 = PRESENTATION_LAYER_ASSIGNMENT (  '', '', ( #35 ) ) ;
#4122 = VERTEX_POINT ( 'NONE', #3403 ) ;
#4123 = DIRECTION ( 'NONE',  ( 0.000000000000000000, 0.000000000000000000, -1.000000000000000000 ) ) ;
#4124 = SURFACE_SIDE_STYLE ('',( #3614 ) ) ;
#4125 = VECTOR ( 'NONE', #5834, 1000.000000000000000 ) ;
#4126 = MANIFOLD_SOLID_BREP ( 'Cut-Extrude2[2]', #5323 ) ;
#4127 = EDGE_CURVE ( 'NONE', #5769, #5715, #4767, .T. ) ;
#4128 = MECHANICAL_DESIGN_GEOMETRIC_PRESENTATION_REPRESENTATION (  '', ( #3308 ), #3513 ) ;
#4129 = DIRECTION ( 'NONE',  ( -1.000000000000000000, -0.000000000000000000, -0.000000000000000000 ) ) ;
#4130 = EDGE_LOOP ( 'NONE', ( #5981, #1688, #3899, #4068 ) ) ;
#4131 = AXIS2_PLACEMENT_3D ( 'NONE', #4801, #4325, #5303 ) ;
#4132 = VECTOR ( 'NONE', #887, 1000.000000000000000 ) ;
#4133 = VECTOR ( 'NONE', #4537, 1000.000000000000000 ) ;
#4134 = SURFACE_SIDE_STYLE ('',( #5135 ) ) ;
#4135 = DIRECTION ( 'NONE',  ( -1.000000000000000000, 0.000000000000000000, -0.000000000000000000 ) ) ;
#4136 = DIRECTION ( 'NONE',  ( 0.000000000000000000, -1.000000000000000000, 0.000000000000000000 ) ) ;
#4137 = ORIENTED_EDGE ( 'NONE', *, *, #2225, .F. ) ;
#4138 = DIRECTION ( 'NONE',  ( 0.000000000000000000, 1.000000000000000000, 0.000000000000000000 ) ) ;
#4139 = ORIENTED_EDGE ( 'NONE', *, *, #1049, .F. ) ;
#4140 = ADVANCED_FACE ( 'NONE', ( #3793 ), #5737, .F. ) ;
#4141 = PRESENTATION_LAYER_ASSIGNMENT (  '', '', ( #582 ) ) ;
#4142 = COLOUR_RGB ( '',0.1019607843137254888, 0.1019607843137254888, 0.1019607843137254888 ) ;
#4143 = SURFACE_STYLE_FILL_AREA ( #4014 ) ;
#4144 = FILL_AREA_STYLE ('',( #4172 ) ) ;
#4145 = ADVANCED_FACE ( 'NONE', ( #4359 ), #2358, .T. ) ;
#4146 = STYLED_ITEM ( 'NONE', ( #3606 ), #3771 ) ;
#4147 = MECHANICAL_DESIGN_GEOMETRIC_PRESENTATION_REPRESENTATION (  '', ( #5649 ), #4945 ) ;
#4148 = AXIS2_PLACEMENT_3D ( 'NONE', #5243, #1910, #3860 ) ;
#4149 = ORIENTED_EDGE ( 'NONE', *, *, #463, .F. ) ;
#4150 =( GEOMETRIC_REPRESENTATION_CONTEXT ( 3 ) GLOBAL_UNCERTAINTY_ASSIGNED_CONTEXT ( ( #3561 ) ) GLOBAL_UNIT_ASSIGNED_CONTEXT ( ( #1908, #2796, #2390 ) ) REPRESENTATION_CONTEXT ( 'NONE', 'WORKASPACE' ) );
#4151 = CARTESIAN_POINT ( 'NONE',  ( 0.7299999999999999822, -0.3750000000000001110, -1.400000000000000577 ) ) ;
#4152 = DIRECTION ( 'NONE',  ( 0.000000000000000000, 1.000000000000000000, 0.000000000000000000 ) ) ;
#4153 = UNCERTAINTY_MEASURE_WITH_UNIT (LENGTH_MEASURE( 1.000000000000000082E-05 ), #2935, 'distance_accuracy_value', 'NONE');
#4154 = ORIENTED_EDGE ( 'NONE', *, *, #865, .F. ) ;
#4155 =( NAMED_UNIT ( * ) PLANE_ANGLE_UNIT ( ) SI_UNIT ( $, .RADIAN. ) );
#4156 = ORIENTED_EDGE ( 'NONE', *, *, #6260, .F. ) ;
#4157 = FILL_AREA_STYLE_COLOUR ( '', #2176 ) ;
#4158 = CARTESIAN_POINT ( 'NONE',  ( 0.7299999999999999822, 1.150000000000000133, -0.3750000000000003331 ) ) ;
#4159 = CARTESIAN_POINT ( 'NONE',  ( 0.7299999999999999822, -0.6250000000000001110, 1.400000000000000133 ) ) ;
#4160 = ORIENTED_EDGE ( 'NONE', *, *, #5857, .T. ) ;
#4161 = CARTESIAN_POINT ( 'NONE',  ( 0.7299999999999999822, 0.000000000000000000, 0.000000000000000000 ) ) ;
#4162 = DIRECTION ( 'NONE',  ( 0.000000000000000000, 1.000000000000000000, 0.000000000000000000 ) ) ;
#4163 = CARTESIAN_POINT ( 'NONE',  ( 0.7299999999999999822, -0.3750000000000001110, -0.9250000000000007105 ) ) ;
#4164 = FACE_OUTER_BOUND ( 'NONE', #6085, .T. ) ;
#4165 = ORIENTED_EDGE ( 'NONE', *, *, #4600, .T. ) ;
#4166 = DIRECTION ( 'NONE',  ( 0.000000000000000000, 1.000000000000000000, 0.000000000000000000 ) ) ;
#4167 = CARTESIAN_POINT ( 'NONE',  ( 0.5300000000000000266, 0.6750000000000002665, -0.6250000000000003331 ) ) ;
#4168 = DIRECTION ( 'NONE',  ( 0.000000000000000000, 0.7071067811865475727, 0.7071067811865475727 ) ) ;
#4169 = EDGE_LOOP ( 'NONE', ( #3160, #4983, #124, #4693 ) ) ;
#4170 = EDGE_CURVE ( 'NONE', #999, #5437, #2893, .T. ) ;
#4171 = VERTEX_POINT ( 'NONE', #3347 ) ;
#4172 = FILL_AREA_STYLE_COLOUR ( '', #1601 ) ;
#4173 = LINE ( 'NONE', #1143, #4841 ) ;
#4174 = EDGE_CURVE ( 'NONE', #2854, #4007, #3530, .T. ) ;
#4175 = ORIENTED_EDGE ( 'NONE', *, *, #2845, .T. ) ;
#4176 = MECHANICAL_DESIGN_GEOMETRIC_PRESENTATION_REPRESENTATION (  '', ( #1119 ), #3364 ) ;
#4177 =( LENGTH_UNIT ( ) NAMED_UNIT ( * ) SI_UNIT ( .MILLI., .METRE. ) );
#4178 = UNCERTAINTY_MEASURE_WITH_UNIT (LENGTH_MEASURE( 1.000000000000000082E-05 ), #6208, 'distance_accuracy_value', 'NONE');
#4179 = CARTESIAN_POINT ( 'NONE',  ( 0.5300000000000000266, 0.6750000000000002665, 0.3749999999999996669 ) ) ;
#4180 = ADVANCED_FACE ( 'NONE', ( #1645 ), #4956, .T. ) ;
#4181 = ORIENTED_EDGE ( 'NONE', *, *, #398, .T. ) ;
#4182 = ADVANCED_FACE ( 'NONE', ( #2124 ), #1039, .F. ) ;
#4183 = FACE_OUTER_BOUND ( 'NONE', #2538, .T. ) ;
#4184 = SURFACE_SIDE_STYLE ('',( #4274 ) ) ;
#4185 = VERTEX_POINT ( 'NONE', #4074 ) ;
#4186 = ORIENTED_EDGE ( 'NONE', *, *, #1685, .F. ) ;
#4187 = PLANE ( 'NONE',  #2106 ) ;
#4188 = DIRECTION ( 'NONE',  ( 0.000000000000000000, -0.000000000000000000, 1.000000000000000000 ) ) ;
#4189 = DIRECTION ( 'NONE',  ( 0.000000000000000000, 0.000000000000000000, -1.000000000000000000 ) ) ;
#4190 = ORIENTED_EDGE ( 'NONE', *, *, #1213, .T. ) ;
#4191 =( LENGTH_UNIT ( ) NAMED_UNIT ( * ) SI_UNIT ( .MILLI., .METRE. ) );
#4192 = LINE ( 'NONE', #6112, #2430 ) ;
#4193 = ADVANCED_FACE ( 'NONE', ( #3592 ), #607, .F. ) ;
#4194 = ORIENTED_EDGE ( 'NONE', *, *, #5021, .T. ) ;
#4195 = LINE ( 'NONE', #4606, #3919 ) ;
#4196 = ORIENTED_EDGE ( 'NONE', *, *, #629, .F. ) ;
#4197 = CARTESIAN_POINT ( 'NONE',  ( 0.7299999999999999822, 0.6750000000000002665, 0.1249999999999996808 ) ) ;
#4198 = EDGE_CURVE ( 'NONE', #1757, #5878, #3495, .T. ) ;
#4199 = ORIENTED_EDGE ( 'NONE', *, *, #3048, .T. ) ;
#4200 = DIRECTION ( 'NONE',  ( -1.000000000000000000, 0.000000000000000000, 0.000000000000000000 ) ) ;
#4201 = PRESENTATION_LAYER_ASSIGNMENT (  '', '', ( #655 ) ) ;
#4202 =( GEOMETRIC_REPRESENTATION_CONTEXT ( 3 ) GLOBAL_UNCERTAINTY_ASSIGNED_CONTEXT ( ( #2238 ) ) GLOBAL_UNIT_ASSIGNED_CONTEXT ( ( #267, #1730, #1155 ) ) REPRESENTATION_CONTEXT ( 'NONE', 'WORKASPACE' ) );
#4203 = DIRECTION ( 'NONE',  ( 0.000000000000000000, -0.7071067811865474617, 0.7071067811865474617 ) ) ;
#4204 = CLOSED_SHELL ( 'NONE', ( #66, #5282, #5103, #4754, #3861, #199 ) ) ;
#4205 = ADVANCED_FACE ( 'NONE', ( #4480 ), #4420, .F. ) ;
#4206 = EDGE_LOOP ( 'NONE', ( #859, #433, #1056, #5572 ) ) ;
#4207 = CARTESIAN_POINT ( 'NONE',  ( 0.5300000000000000266, 0.000000000000000000, 0.000000000000000000 ) ) ;
#4208 = CARTESIAN_POINT ( 'NONE',  ( 0.7299999999999999822, -1.150000000000000133, -0.6250000000000003331 ) ) ;
#4209 = VECTOR ( 'NONE', #1425, 1000.000000000000000 ) ;
#4210 = SURFACE_STYLE_FILL_AREA ( #3774 ) ;
#4211 = CLOSED_SHELL ( 'NONE', ( #3504, #4316, #2953, #1992, #2566, #2288 ) ) ;
#4212 = ORIENTED_EDGE ( 'NONE', *, *, #1409, .T. ) ;
#4213 = VERTEX_POINT ( 'NONE', #1998 ) ;
#4214 = ADVANCED_FACE ( 'NONE', ( #5864 ), #4512, .F. ) ;
#4215 = DIRECTION ( 'NONE',  ( 0.000000000000000000, 0.000000000000000000, -1.000000000000000000 ) ) ;
#4216 = DIRECTION ( 'NONE',  ( 0.000000000000000000, -1.000000000000000000, 0.000000000000000000 ) ) ;
#4217 = DIRECTION ( 'NONE',  ( 0.000000000000000000, 0.000000000000000000, -1.000000000000000000 ) ) ;
#4218 =( NAMED_UNIT ( * ) SI_UNIT ( $, .STERADIAN. ) SOLID_ANGLE_UNIT ( ) );
#4219 = ORIENTED_EDGE ( 'NONE', *, *, #3653, .T. ) ;
#4220 = CARTESIAN_POINT ( 'NONE',  ( 0.7299999999999999822, -0.8750000000000001110, -1.400000000000000577 ) ) ;
#4221 = SURFACE_STYLE_USAGE ( .BOTH. , #1836 ) ;
#4222 = DIRECTION ( 'NONE',  ( 0.000000000000000000, -1.000000000000000000, 0.000000000000000000 ) ) ;
#4223 = VERTEX_POINT ( 'NONE', #5042 ) ;
#4224 = VECTOR ( 'NONE', #4820, 1000.000000000000000 ) ;
#4225 = AXIS2_PLACEMENT_3D ( 'NONE', #5801, #976, #1404 ) ;
#4226 = FILL_AREA_STYLE ('',( #1608 ) ) ;
#4227 = FACE_OUTER_BOUND ( 'NONE', #4496, .T. ) ;
#4228 =( NAMED_UNIT ( * ) PLANE_ANGLE_UNIT ( ) SI_UNIT ( $, .RADIAN. ) );
#4229 = ORIENTED_EDGE ( 'NONE', *, *, #2971, .F. ) ;
#4230 = EDGE_CURVE ( 'NONE', #3271, #5240, #339, .T. ) ;
#4231 = ORIENTED_EDGE ( 'NONE', *, *, #3265, .T. ) ;
#4232 = EDGE_LOOP ( 'NONE', ( #2465, #3781, #925, #4160 ) ) ;
#4233 =( GEOMETRIC_REPRESENTATION_CONTEXT ( 3 ) GLOBAL_UNCERTAINTY_ASSIGNED_CONTEXT ( ( #5954 ) ) GLOBAL_UNIT_ASSIGNED_CONTEXT ( ( #5124, #1823, #4678 ) ) REPRESENTATION_CONTEXT ( 'NONE', 'WORKASPACE' ) );
#4234 = VECTOR ( 'NONE', #2215, 1000.000000000000000 ) ;
#4235 = CARTESIAN_POINT ( 'NONE',  ( 0.7299999999999999822, -0.6750000000000002665, 0.6249999999999996669 ) ) ;
#4236 = ORIENTED_EDGE ( 'NONE', *, *, #1605, .T. ) ;
#4237 = PRESENTATION_STYLE_ASSIGNMENT (( #2299 ) ) ;
#4238 = AXIS2_PLACEMENT_3D ( 'NONE', #5865, #2059, #4010 ) ;
#4239 = DIRECTION ( 'NONE',  ( 0.000000000000000000, 0.000000000000000000, 1.000000000000000000 ) ) ;
#4240 = AXIS2_PLACEMENT_3D ( 'NONE', #3564, #539, #5862 ) ;
#4241 = COLOUR_RGB ( '',0.1019607843137254888, 0.1019607843137254888, 0.1019607843137254888 ) ;
#4242 = ADVANCED_FACE ( 'NONE', ( #5077 ), #4690, .F. ) ;
#4243 =( NAMED_UNIT ( * ) PLANE_ANGLE_UNIT ( ) SI_UNIT ( $, .RADIAN. ) );
#4244 = CARTESIAN_POINT ( 'NONE',  ( 0.7299999999999999822, -0.8750000000000001110, 0.9250000000000002665 ) ) ;
#4245 = STYLED_ITEM ( 'NONE', ( #615 ), #3990 ) ;
#4246 =( LENGTH_UNIT ( ) NAMED_UNIT ( * ) SI_UNIT ( .MILLI., .METRE. ) );
#4247 = ORIENTED_EDGE ( 'NONE', *, *, #248, .T. ) ;
#4248 = VERTEX_POINT ( 'NONE', #3722 ) ;
#4249 = EDGE_CURVE ( 'NONE', #4913, #2673, #1296, .T. ) ;
#4250 = DIRECTION ( 'NONE',  ( -1.000000000000000000, 0.000000000000000000, -0.000000000000000000 ) ) ;
#4251 = MECHANICAL_DESIGN_GEOMETRIC_PRESENTATION_REPRESENTATION (  '', ( #4653 ), #5458 ) ;
#4252 = LINE ( 'NONE', #942, #793 ) ;
#4253 = DIRECTION ( 'NONE',  ( 0.000000000000000000, 0.000000000000000000, 1.000000000000000000 ) ) ;
#4254 = PRESENTATION_STYLE_ASSIGNMENT (( #1866 ) ) ;
#4255 = ORIENTED_EDGE ( 'NONE', *, *, #3989, .F. ) ;
#4256 = CARTESIAN_POINT ( 'NONE',  ( 0.1000000000000000056, 0.8556308804057267681, -1.303988606881374412 ) ) ;
#4257 = CARTESIAN_POINT ( 'NONE',  ( -0.1000000000000000056, 0.8556308804057267681, -1.128932602121957007 ) ) ;
#4258 = FILL_AREA_STYLE_COLOUR ( '', #2529 ) ;
#4259 = ORIENTED_EDGE ( 'NONE', *, *, #2801, .T. ) ;
#4260 = CARTESIAN_POINT ( 'NONE',  ( 0.7299999999999999822, 0.8749999999999998890, 1.400000000000000133 ) ) ;
#4261 = CARTESIAN_POINT ( 'NONE',  ( 0.5300000000000000266, 0.6750000000000002665, 0.1249999999999996808 ) ) ;
#4262 = VERTEX_POINT ( 'NONE', #3241 ) ;
#4263 = SURFACE_SIDE_STYLE ('',( #4864 ) ) ;
#4264 = LINE ( 'NONE', #5706, #2196 ) ;
#4265 = ORIENTED_EDGE ( 'NONE', *, *, #704, .F. ) ;
#4266 = EDGE_LOOP ( 'NONE', ( #6058, #3298, #2260, #529 ) ) ;
#4267 = PRESENTATION_STYLE_ASSIGNMENT (( #2262 ) ) ;
#4268 = VERTEX_POINT ( 'NONE', #2187 ) ;
#4269 = CARTESIAN_POINT ( 'NONE',  ( 0.5300000000000000266, -0.6750000000000002665, -0.1250000000000003331 ) ) ;
#4270 = EDGE_CURVE ( 'NONE', #5551, #3858, #5108, .T. ) ;
#4271 = FILL_AREA_STYLE ('',( #2301 ) ) ;
#4272 = SURFACE_STYLE_USAGE ( .BOTH. , #3744 ) ;
#4273 = CARTESIAN_POINT ( 'NONE',  ( 0.7299999999999999822, 0.1249999999999998890, -1.400000000000000577 ) ) ;
#4274 = SURFACE_STYLE_FILL_AREA ( #5187 ) ;
#4275 = ORIENTED_EDGE ( 'NONE', *, *, #736, .F. ) ;
#4276 = EDGE_CURVE ( 'NONE', #3565, #2673, #5547, .T. ) ;
#4277 = EDGE_CURVE ( 'NONE', #5917, #277, #6141, .T. ) ;
#4278 = ORIENTED_EDGE ( 'NONE', *, *, #3304, .F. ) ;
#4279 = EDGE_CURVE ( 'NONE', #6123, #495, #1209, .T. ) ;
#4280 = LINE ( 'NONE', #1451, #3594 ) ;
#4281 = PRESENTATION_LAYER_ASSIGNMENT (  '', '', ( #4583 ) ) ;
#4282 = DIRECTION ( 'NONE',  ( 0.000000000000000000, 0.000000000000000000, -1.000000000000000000 ) ) ;
#4283 = ORIENTED_EDGE ( 'NONE', *, *, #3821, .F. ) ;
#4284 =( NAMED_UNIT ( * ) PLANE_ANGLE_UNIT ( ) SI_UNIT ( $, .RADIAN. ) );
#4285 =( GEOMETRIC_REPRESENTATION_CONTEXT ( 3 ) GLOBAL_UNCERTAINTY_ASSIGNED_CONTEXT ( ( #4178 ) ) GLOBAL_UNIT_ASSIGNED_CONTEXT ( ( #6208, #1902, #5175 ) ) REPRESENTATION_CONTEXT ( 'NONE', 'WORKASPACE' ) );
#4286 = SURFACE_SIDE_STYLE ('',( #3243 ) ) ;
#4287 = ORIENTED_EDGE ( 'NONE', *, *, #5441, .F. ) ;
#4288 = AXIS2_PLACEMENT_3D ( 'NONE', #2094, #3981, #143 ) ;
#4289 = SURFACE_SIDE_STYLE ('',( #3761 ) ) ;
#4290 = SURFACE_SIDE_STYLE ('',( #2836 ) ) ;
#4291 = ORIENTED_EDGE ( 'NONE', *, *, #5176, .T. ) ;
#4292 = DIRECTION ( 'NONE',  ( 1.000000000000000000, -0.000000000000000000, 0.000000000000000000 ) ) ;
#4293 = FACE_OUTER_BOUND ( 'NONE', #3328, .T. ) ;
#4294 = DIRECTION ( 'NONE',  ( 1.000000000000000000, -0.000000000000000000, -0.000000000000000000 ) ) ;
#4295 = ORIENTED_EDGE ( 'NONE', *, *, #82, .T. ) ;
#4296 = CARTESIAN_POINT ( 'NONE',  ( 0.7299999999999999822, 0.8749999999999998890, 0.9250000000000002665 ) ) ;
#4297 = ORIENTED_EDGE ( 'NONE', *, *, #1280, .F. ) ;
#4298 = EDGE_CURVE ( 'NONE', #5585, #1480, #5957, .T. ) ;
#4299 = FACE_OUTER_BOUND ( 'NONE', #5481, .T. ) ;
#4300 = VECTOR ( 'NONE', #3484, 1000.000000000000000 ) ;
#4301 = ORIENTED_EDGE ( 'NONE', *, *, #3196, .F. ) ;
#4302 = DIRECTION ( 'NONE',  ( 0.000000000000000000, 1.000000000000000000, 0.000000000000000000 ) ) ;
#4303 = COLOUR_RGB ( '',0.1019607843137254888, 0.1019607843137254888, 0.1019607843137254888 ) ;
#4304 = DIRECTION ( 'NONE',  ( 0.000000000000000000, 0.000000000000000000, -1.000000000000000000 ) ) ;
#4305 =( NAMED_UNIT ( * ) SI_UNIT ( $, .STERADIAN. ) SOLID_ANGLE_UNIT ( ) );
#4306 = CARTESIAN_POINT ( 'NONE',  ( 0.5300000000000000266, 0.6249999999999998890, 1.400000000000000133 ) ) ;
#4307 =( GEOMETRIC_REPRESENTATION_CONTEXT ( 3 ) GLOBAL_UNCERTAINTY_ASSIGNED_CONTEXT ( ( #3185 ) ) GLOBAL_UNIT_ASSIGNED_CONTEXT ( ( #5970, #2174, #2077 ) ) REPRESENTATION_CONTEXT ( 'NONE', 'WORKASPACE' ) );
#4308 = EDGE_LOOP ( 'NONE', ( #825, #3795, #5730, #2731 ) ) ;
#4309 = EDGE_CURVE ( 'NONE', #2331, #1742, #1168, .T. ) ;
#4310 = ORIENTED_EDGE ( 'NONE', *, *, #1479, .T. ) ;
#4311 = SURFACE_SIDE_STYLE ('',( #1800 ) ) ;
#4312 = LINE ( 'NONE', #3262, #389 ) ;
#4313 = DIRECTION ( 'NONE',  ( -1.000000000000000000, -0.000000000000000000, -0.000000000000000000 ) ) ;
#4314 = COLOUR_RGB ( '',0.7921568627450980005, 0.8196078431372548767, 0.9333333333333333481 ) ;
#4315 = DIRECTION ( 'NONE',  ( 1.000000000000000000, -0.000000000000000000, -0.000000000000000000 ) ) ;
#4316 = ADVANCED_FACE ( 'NONE', ( #4604 ), #242, .F. ) ;
#4317 = ORIENTED_EDGE ( 'NONE', *, *, #4543, .F. ) ;
#4318 =( NAMED_UNIT ( * ) SI_UNIT ( $, .STERADIAN. ) SOLID_ANGLE_UNIT ( ) );
#4319 = CARTESIAN_POINT ( 'NONE',  ( 0.5300000000000000266, 0.8749999999999998890, 1.400000000000000133 ) ) ;
#4320 = SURFACE_STYLE_USAGE ( .BOTH. , #4290 ) ;
#4321 = VERTEX_POINT ( 'NONE', #3695 ) ;
#4322 = FILL_AREA_STYLE_COLOUR ( '', #173 ) ;
#4323 = CARTESIAN_POINT ( 'NONE',  ( 0.7299999999999999822, 1.150000000000000133, 0.3749999999999996669 ) ) ;
#4324 = VECTOR ( 'NONE', #4770, 1000.000000000000000 ) ;
#4325 = DIRECTION ( 'NONE',  ( 0.000000000000000000, 0.000000000000000000, -1.000000000000000000 ) ) ;
#4326 =( GEOMETRIC_REPRESENTATION_CONTEXT ( 3 ) GLOBAL_UNCERTAINTY_ASSIGNED_CONTEXT ( ( #3218 ) ) GLOBAL_UNIT_ASSIGNED_CONTEXT ( ( #2424, #1904, #2449 ) ) REPRESENTATION_CONTEXT ( 'NONE', 'WORKASPACE' ) );
#4327 = EDGE_CURVE ( 'NONE', #1545, #4262, #5603, .T. ) ;
#4328 = LINE ( 'NONE', #4296, #567 ) ;
#4329 = VERTEX_POINT ( 'NONE', #2787 ) ;
#4330 = EDGE_CURVE ( 'NONE', #3099, #2627, #4720, .T. ) ;
#4331 = VECTOR ( 'NONE', #6170, 1000.000000000000000 ) ;
#4332 = DIRECTION ( 'NONE',  ( -1.000000000000000000, 0.000000000000000000, 0.000000000000000000 ) ) ;
#4333 = VECTOR ( 'NONE', #4152, 1000.000000000000000 ) ;
#4334 = EDGE_LOOP ( 'NONE', ( #3940, #4297, #1530, #3305 ) ) ;
#4335 = FILL_AREA_STYLE_COLOUR ( '', #6043 ) ;
#4336 = VECTOR ( 'NONE', #6045, 1000.000000000000000 ) ;
#4337 = DIRECTION ( 'NONE',  ( -0.000000000000000000, -0.000000000000000000, 1.000000000000000000 ) ) ;
#4338 = DIRECTION ( 'NONE',  ( 0.000000000000000000, -0.000000000000000000, 1.000000000000000000 ) ) ;
#4339 = ORIENTED_EDGE ( 'NONE', *, *, #1822, .F. ) ;
#4340 = STYLED_ITEM ( 'NONE', ( #4613 ), #3789 ) ;
#4341 = MECHANICAL_DESIGN_GEOMETRIC_PRESENTATION_REPRESENTATION (  '', ( #5843 ), #168 ) ;
#4342 = ORIENTED_EDGE ( 'NONE', *, *, #4270, .F. ) ;
#4343 = MECHANICAL_DESIGN_GEOMETRIC_PRESENTATION_REPRESENTATION (  '', ( #2502 ), #5748 ) ;
#4344 = VECTOR ( 'NONE', #5366, 1000.000000000000000 ) ;
#4345 = DIRECTION ( 'NONE',  ( 1.000000000000000000, 0.000000000000000000, 0.000000000000000000 ) ) ;
#4346 = DIRECTION ( 'NONE',  ( 0.000000000000000000, 0.000000000000000000, -1.000000000000000000 ) ) ;
#4347 = COLOUR_RGB ( '',0.1019607843137254888, 0.1019607843137254888, 0.1019607843137254888 ) ;
#4348 = DIRECTION ( 'NONE',  ( 1.000000000000000000, 0.000000000000000000, 0.000000000000000000 ) ) ;
#4349 = STYLED_ITEM ( 'NONE', ( #341 ), #5296 ) ;
#4350 =( NAMED_UNIT ( * ) SI_UNIT ( $, .STERADIAN. ) SOLID_ANGLE_UNIT ( ) );
#4351 = ORIENTED_EDGE ( 'NONE', *, *, #4127, .F. ) ;
#4352 = EDGE_CURVE ( 'NONE', #402, #2961, #1328, .T. ) ;
#4353 = PRESENTATION_LAYER_ASSIGNMENT (  '', '', ( #5560 ) ) ;
#4354 = DIRECTION ( 'NONE',  ( 0.000000000000000000, 0.000000000000000000, 1.000000000000000000 ) ) ;
#4355 = CARTESIAN_POINT ( 'NONE',  ( 0.7299999999999999822, 0.8749999999999998890, 0.9250000000000002665 ) ) ;
#4356 = DIRECTION ( 'NONE',  ( 0.000000000000000000, 0.000000000000000000, -1.000000000000000000 ) ) ;
#4357 =( NAMED_UNIT ( * ) PLANE_ANGLE_UNIT ( ) SI_UNIT ( $, .RADIAN. ) );
#4358 = ORIENTED_EDGE ( 'NONE', *, *, #3952, .T. ) ;
#4359 = FACE_OUTER_BOUND ( 'NONE', #3054, .T. ) ;
#4360 = SURFACE_STYLE_FILL_AREA ( #1040 ) ;
#4361 = LINE ( 'NONE', #6279, #5253 ) ;
#4362 = EDGE_CURVE ( 'NONE', #1394, #1120, #373, .T. ) ;
#4363 = DIRECTION ( 'NONE',  ( 0.000000000000000000, 1.000000000000000000, 0.000000000000000000 ) ) ;
#4364 = FILL_AREA_STYLE ('',( #3831 ) ) ;
#4365 = DIRECTION ( 'NONE',  ( 0.000000000000000000, -0.000000000000000000, 1.000000000000000000 ) ) ;
#4366 = ORIENTED_EDGE ( 'NONE', *, *, #564, .T. ) ;
#4367 = LINE ( 'NONE', #456, #3525 ) ;
#4368 = DIRECTION ( 'NONE',  ( 0.000000000000000000, 0.7071067811865474617, -0.7071067811865474617 ) ) ;
#4369 = CARTESIAN_POINT ( 'NONE',  ( 0.5300000000000000266, 0.6750000000000002665, 0.6249999999999996669 ) ) ;
#4370 = EDGE_CURVE ( 'NONE', #5401, #4268, #3267, .T. ) ;
#4371 = ORIENTED_EDGE ( 'NONE', *, *, #3085, .F. ) ;
#4372 = VERTEX_POINT ( 'NONE', #4816 ) ;
#4373 = UNCERTAINTY_MEASURE_WITH_UNIT (LENGTH_MEASURE( 1.000000000000000082E-05 ), #4969, 'distance_accuracy_value', 'NONE');
#4374 = DIRECTION ( 'NONE',  ( 0.000000000000000000, -0.000000000000000000, -1.000000000000000000 ) ) ;
#4375 =( LENGTH_UNIT ( ) NAMED_UNIT ( * ) SI_UNIT ( .MILLI., .METRE. ) );
#4376 = CARTESIAN_POINT ( 'NONE',  ( 0.7299999999999999822, 1.150000000000000133, -0.3750000000000003331 ) ) ;
#4377 =( LENGTH_UNIT ( ) NAMED_UNIT ( * ) SI_UNIT ( .MILLI., .METRE. ) );
#4378 = ORIENTED_EDGE ( 'NONE', *, *, #1829, .T. ) ;
#4379 = FACE_OUTER_BOUND ( 'NONE', #934, .T. ) ;
#4380 =( GEOMETRIC_REPRESENTATION_CONTEXT ( 3 ) GLOBAL_UNCERTAINTY_ASSIGNED_CONTEXT ( ( #3082 ) ) GLOBAL_UNIT_ASSIGNED_CONTEXT ( ( #5819, #966, #2024 ) ) REPRESENTATION_CONTEXT ( 'NONE', 'WORKASPACE' ) );
#4381 = CARTESIAN_POINT ( 'NONE',  ( 0.5300000000000000266, -0.6250000000000001110, -1.400000000000000577 ) ) ;
#4382 = SURFACE_STYLE_FILL_AREA ( #635 ) ;
#4383 = DIRECTION ( 'NONE',  ( -0.000000000000000000, -1.000000000000000000, -0.000000000000000000 ) ) ;
#4384 = EDGE_LOOP ( 'NONE', ( #2757, #5788 ) ) ;
#4385 = CARTESIAN_POINT ( 'NONE',  ( 0.7299999999999999822, -1.250000000000000000, 1.499999999999999778 ) ) ;
#4386 =( GEOMETRIC_REPRESENTATION_CONTEXT ( 3 ) GLOBAL_UNCERTAINTY_ASSIGNED_CONTEXT ( ( #1624 ) ) GLOBAL_UNIT_ASSIGNED_CONTEXT ( ( #4458, #48, #2036 ) ) REPRESENTATION_CONTEXT ( 'NONE', 'WORKASPACE' ) );
#4387 = LINE ( 'NONE', #5477, #4448 ) ;
#4388 = AXIS2_PLACEMENT_3D ( 'NONE', #1734, #2153, #4098 ) ;
#4389 = DIRECTION ( 'NONE',  ( -0.000000000000000000, -0.000000000000000000, -1.000000000000000000 ) ) ;
#4390 = SURFACE_STYLE_USAGE ( .BOTH. , #5161 ) ;
#4391 = DIRECTION ( 'NONE',  ( 0.000000000000000000, -1.000000000000000000, 0.000000000000000000 ) ) ;
#4392 = ADVANCED_FACE ( 'NONE', ( #2974 ), #2026, .T. ) ;
#4393 = FACE_OUTER_BOUND ( 'NONE', #5036, .T. ) ;
#4394 = ORIENTED_EDGE ( 'NONE', *, *, #358, .T. ) ;
#4395 = FACE_OUTER_BOUND ( 'NONE', #2804, .T. ) ;
#4396 = MECHANICAL_DESIGN_GEOMETRIC_PRESENTATION_REPRESENTATION (  '', ( #530 ), #3472 ) ;
#4397 = FACE_BOUND ( 'NONE', #2687, .T. ) ;
#4398 = CARTESIAN_POINT ( 'NONE',  ( 0.1000000000000000056, 0.8556308804057267681, -1.128932602121957007 ) ) ;
#4399 = CARTESIAN_POINT ( 'NONE',  ( 0.5300000000000000266, 1.150000000000000133, 0.3749999999999996669 ) ) ;
#4400 = CARTESIAN_POINT ( 'NONE',  ( 0.5300000000000000266, -0.6750000000000002665, 0.6249999999999996669 ) ) ;
#4401 = VERTEX_POINT ( 'NONE', #5793 ) ;
#4402 = EDGE_LOOP ( 'NONE', ( #1547, #5046, #6095, #4576 ) ) ;
#4403 = VECTOR ( 'NONE', #2496, 1000.000000000000000 ) ;
#4404 = ADVANCED_FACE ( 'NONE', ( #73 ), #4881, .T. ) ;
#4405 = LINE ( 'NONE', #32, #2560 ) ;
#4406 = SURFACE_STYLE_USAGE ( .BOTH. , #1452 ) ;
#4407 = FILL_AREA_STYLE_COLOUR ( '', #1157 ) ;
#4408 = ADVANCED_FACE ( 'NONE', ( #6268 ), #4409, .F. ) ;
#4409 = PLANE ( 'NONE',  #5540 ) ;
#4410 = VECTOR ( 'NONE', #3297, 1000.000000000000000 ) ;
#4411 = SURFACE_SIDE_STYLE ('',( #2415 ) ) ;
#4412 = ORIENTED_EDGE ( 'NONE', *, *, #1409, .F. ) ;
#4413 = PLANE ( 'NONE',  #5832 ) ;
#4414 = DIRECTION ( 'NONE',  ( -0.000000000000000000, -1.000000000000000000, -0.000000000000000000 ) ) ;
#4415 = PRESENTATION_LAYER_ASSIGNMENT (  '', '', ( #3187 ) ) ;
#4416 =( LENGTH_UNIT ( ) NAMED_UNIT ( * ) SI_UNIT ( .MILLI., .METRE. ) );
#4417 = CARTESIAN_POINT ( 'NONE',  ( 0.7299999999999999822, -1.150000000000000133, 0.1249999999999996808 ) ) ;
#4418 = CLOSED_SHELL ( 'NONE', ( #4408, #3383, #1918, #4193, #4521, #3699 ) ) ;
#4419 = ORIENTED_EDGE ( 'NONE', *, *, #609, .T. ) ;
#4420 = PLANE ( 'NONE',  #1095 ) ;
#4421 = COLOUR_RGB ( '',0.1019607843137254888, 0.1019607843137254888, 0.1019607843137254888 ) ;
#4422 = VECTOR ( 'NONE', #1194, 1000.000000000000000 ) ;
#4423 = DIRECTION ( 'NONE',  ( 0.000000000000000000, 0.000000000000000000, 1.000000000000000000 ) ) ;
#4424 =( NAMED_UNIT ( * ) PLANE_ANGLE_UNIT ( ) SI_UNIT ( $, .RADIAN. ) );
#4425 = DIRECTION ( 'NONE',  ( 0.000000000000000000, -0.000000000000000000, 1.000000000000000000 ) ) ;
#4426 = CARTESIAN_POINT ( 'NONE',  ( 0.7299999999999999822, 1.150000000000000133, 0.6249999999999996669 ) ) ;
#4427 = PRESENTATION_LAYER_ASSIGNMENT (  '', '', ( #455 ) ) ;
#4428 = MECHANICAL_DESIGN_GEOMETRIC_PRESENTATION_REPRESENTATION (  '', ( #3621 ), #1677 ) ;
#4429 = PLANE ( 'NONE',  #3323 ) ;
#4430 = VERTEX_POINT ( 'NONE', #2914 ) ;
#4431 = AXIS2_PLACEMENT_3D ( 'NONE', #1248, #4239, #5620 ) ;
#4432 = VECTOR ( 'NONE', #5557, 1000.000000000000000 ) ;
#4433 = CARTESIAN_POINT ( 'NONE',  ( 0.5300000000000000266, 1.150000000000000133, 0.6249999999999996669 ) ) ;
#4434 = EDGE_CURVE ( 'NONE', #1726, #1321, #534, .T. ) ;
#4435 = AXIS2_PLACEMENT_3D ( 'NONE', #5783, #2371, #497 ) ;
#4436 = CARTESIAN_POINT ( 'NONE',  ( 0.5300000000000000266, 0.3749999999999998890, -0.9250000000000007105 ) ) ;
#4437 = DIRECTION ( 'NONE',  ( 0.000000000000000000, 1.000000000000000000, 0.000000000000000000 ) ) ;
#4438 = ORIENTED_EDGE ( 'NONE', *, *, #5697, .F. ) ;
#4439 = EDGE_LOOP ( 'NONE', ( #3884, #4611, #1287, #3921 ) ) ;
#4440 = SURFACE_STYLE_FILL_AREA ( #5319 ) ;
#4441 = EDGE_CURVE ( 'NONE', #5276, #3275, #3903, .T. ) ;
#4442 = AXIS2_PLACEMENT_3D ( 'NONE', #2885, #4348, #1455 ) ;
#4443 = DIRECTION ( 'NONE',  ( 0.000000000000000000, 0.000000000000000000, -1.000000000000000000 ) ) ;
#4444 = SURFACE_STYLE_USAGE ( .BOTH. , #3456 ) ;
#4445 = MECHANICAL_DESIGN_GEOMETRIC_PRESENTATION_REPRESENTATION (  '', ( #2105 ), #166 ) ;
#4446 = FILL_AREA_STYLE ('',( #3937 ) ) ;
#4447 = COLOUR_RGB ( '',0.7921568627450980005, 0.8196078431372548767, 0.9333333333333333481 ) ;
#4448 = VECTOR ( 'NONE', #169, 1000.000000000000000 ) ;
#4449 = ORIENTED_EDGE ( 'NONE', *, *, #1627, .T. ) ;
#4450 = VECTOR ( 'NONE', #122, 1000.000000000000000 ) ;
#4451 = DIRECTION ( 'NONE',  ( 0.000000000000000000, 0.000000000000000000, -1.000000000000000000 ) ) ;
#4452 = MECHANICAL_DESIGN_GEOMETRIC_PRESENTATION_REPRESENTATION (  '', ( #4245 ), #3438 ) ;
#4453 = FACE_BOUND ( 'NONE', #4529, .T. ) ;
#4454 = PRESENTATION_LAYER_ASSIGNMENT (  '', '', ( #5853 ) ) ;
#4455 = ORIENTED_EDGE ( 'NONE', *, *, #3538, .F. ) ;
#4456 = EDGE_CURVE ( 'NONE', #3194, #2498, #1991, .T. ) ;
#4457 = LINE ( 'NONE', #5892, #4125 ) ;
#4458 =( LENGTH_UNIT ( ) NAMED_UNIT ( * ) SI_UNIT ( .MILLI., .METRE. ) );
#4459 = FACE_OUTER_BOUND ( 'NONE', #313, .T. ) ;
#4460 = VECTOR ( 'NONE', #814, 1000.000000000000000 ) ;
#4461 = SURFACE_STYLE_USAGE ( .BOTH. , #1112 ) ;
#4462 = DIRECTION ( 'NONE',  ( 0.000000000000000000, 0.000000000000000000, -1.000000000000000000 ) ) ;
#4463 = EDGE_LOOP ( 'NONE', ( #836, #408, #1950, #6264 ) ) ;
#4464 = CARTESIAN_POINT ( 'NONE',  ( 0.7299999999999999822, 0.7749999999999999112, -0.9250000000000007105 ) ) ;
#4465 = CARTESIAN_POINT ( 'NONE',  ( 0.5300000000000000266, -0.3750000000000001110, 1.400000000000000133 ) ) ;
#4466 = EDGE_CURVE ( 'NONE', #686, #5762, #721, .T. ) ;
#4467 = DIRECTION ( 'NONE',  ( 0.000000000000000000, 1.000000000000000000, 0.000000000000000000 ) ) ;
#4468 = ORIENTED_EDGE ( 'NONE', *, *, #3326, .F. ) ;
#4469 = EDGE_LOOP ( 'NONE', ( #3553, #5776, #3511, #5130 ) ) ;
#4470 = LINE ( 'NONE', #657, #1351 ) ;
#4471 = CARTESIAN_POINT ( 'NONE',  ( 0.7299999999999999822, -0.3750000000000001110, -1.400000000000000577 ) ) ;
#4472 = ADVANCED_FACE ( 'NONE', ( #4593 ), #5475, .F. ) ;
#4473 = FILL_AREA_STYLE_COLOUR ( '', #4556 ) ;
#4474 = VERTEX_POINT ( 'NONE', #201 ) ;
#4475 = AXIS2_PLACEMENT_3D ( 'NONE', #2463, #3993, #5903 ) ;
#4476 = CARTESIAN_POINT ( 'NONE',  ( 0.7299999999999999822, 0.6750000000000002665, -0.3750000000000003331 ) ) ;
#4477 = SURFACE_STYLE_USAGE ( .BOTH. , #1962 ) ;
#4478 = DIRECTION ( 'NONE',  ( 0.000000000000000000, 0.000000000000000000, -1.000000000000000000 ) ) ;
#4479 = ORIENTED_EDGE ( 'NONE', *, *, #1957, .T. ) ;
#4480 = FACE_OUTER_BOUND ( 'NONE', #2544, .T. ) ;
#4481 = SURFACE_STYLE_FILL_AREA ( #5803 ) ;
#4482 = SURFACE_SIDE_STYLE ('',( #2608 ) ) ;
#4483 = UNCERTAINTY_MEASURE_WITH_UNIT (LENGTH_MEASURE( 1.000000000000000082E-05 ), #2259, 'distance_accuracy_value', 'NONE');
#4484 = EDGE_CURVE ( 'NONE', #3331, #4872, #3035, .T. ) ;
#4485 =( NAMED_UNIT ( * ) PLANE_ANGLE_UNIT ( ) SI_UNIT ( $, .RADIAN. ) );
#4486 = CARTESIAN_POINT ( 'NONE',  ( 0.5300000000000000266, 0.6750000000000002665, 0.1249999999999996808 ) ) ;
#4487 = DIRECTION ( 'NONE',  ( 1.000000000000000000, -0.000000000000000000, -0.000000000000000000 ) ) ;
#4488 = MECHANICAL_DESIGN_GEOMETRIC_PRESENTATION_REPRESENTATION (  '', ( #3471 ), #2248 ) ;
#4489 = COLOUR_RGB ( '',0.1019607843137254888, 0.1019607843137254888, 0.1019607843137254888 ) ;
#4490 = LINE ( 'NONE', #2581, #6047 ) ;
#4491 = EDGE_CURVE ( 'NONE', #5469, #875, #5499, .T. ) ;
#4492 = VERTEX_POINT ( 'NONE', #5068 ) ;
#4493 = EDGE_CURVE ( 'NONE', #728, #4760, #628, .T. ) ;
#4494 = FILL_AREA_STYLE_COLOUR ( '', #5943 ) ;
#4495 = LINE ( 'NONE', #2070, #5947 ) ;
#4496 = EDGE_LOOP ( 'NONE', ( #5178, #3852, #5883, #1617 ) ) ;
#4497 = EDGE_LOOP ( 'NONE', ( #1956, #5252 ) ) ;
#4498 = CARTESIAN_POINT ( 'NONE',  ( 0.5300000000000000266, 0.000000000000000000, 0.000000000000000000 ) ) ;
#4499 = CARTESIAN_POINT ( 'NONE',  ( 0.7299999999999999822, 1.150000000000000133, -0.6250000000000003331 ) ) ;
#4500 = LINE ( 'NONE', #1662, #1593 ) ;
#4501 = EDGE_CURVE ( 'NONE', #3180, #5372, #100, .T. ) ;
#4502 = CARTESIAN_POINT ( 'NONE',  ( 0.5300000000000000266, -0.6750000000000002665, 0.6249999999999996669 ) ) ;
#4503 = CARTESIAN_POINT ( 'NONE',  ( 0.5300000000000000266, -0.6750000000000002665, 0.3749999999999996669 ) ) ;
#4504 = ORIENTED_EDGE ( 'NONE', *, *, #4959, .F. ) ;
#4505 = UNCERTAINTY_MEASURE_WITH_UNIT (LENGTH_MEASURE( 1.000000000000000082E-05 ), #1580, 'distance_accuracy_value', 'NONE');
#4506 = LINE ( 'NONE', #3690, #5488 ) ;
#4507 = EDGE_CURVE ( 'NONE', #5401, #1127, #165, .T. ) ;
#4508 = FACE_BOUND ( 'NONE', #2596, .T. ) ;
#4509 = VECTOR ( 'NONE', #3264, 1000.000000000000000 ) ;
#4510 = ORIENTED_EDGE ( 'NONE', *, *, #3538, .T. ) ;
#4511 = UNCERTAINTY_MEASURE_WITH_UNIT (LENGTH_MEASURE( 1.000000000000000082E-05 ), #737, 'distance_accuracy_value', 'NONE');
#4512 = PLANE ( 'NONE',  #1707 ) ;
#4513 = CARTESIAN_POINT ( 'NONE',  ( 0.5300000000000000266, 0.8749999999999998890, -1.025000000000000799 ) ) ;
#4514 = DIRECTION ( 'NONE',  ( 0.000000000000000000, -1.000000000000000000, 0.000000000000000000 ) ) ;
#4515 = CARTESIAN_POINT ( 'NONE',  ( 0.5300000000000000266, 0.6249999999999998890, 0.9250000000000002665 ) ) ;
#4516 = CARTESIAN_POINT ( 'NONE',  ( 0.000000000000000000, 1.250000000000000000, 1.499999999999999778 ) ) ;
#4517 = AXIS2_PLACEMENT_3D ( 'NONE', #2406, #4338, #2879 ) ;
#4518 = UNCERTAINTY_MEASURE_WITH_UNIT (LENGTH_MEASURE( 1.000000000000000082E-05 ), #4893, 'distance_accuracy_value', 'NONE');
#4519 = COLOUR_RGB ( '',0.7921568627450980005, 0.8196078431372548767, 0.9333333333333333481 ) ;
#4520 = DIRECTION ( 'NONE',  ( 0.000000000000000000, 0.000000000000000000, -1.000000000000000000 ) ) ;
#4521 = ADVANCED_FACE ( 'NONE', ( #4567 ), #2567, .T. ) ;
#4522 = EDGE_CURVE ( 'NONE', #6148, #2170, #1702, .T. ) ;
#4523 = EDGE_LOOP ( 'NONE', ( #6292, #2033, #5079, #2875 ) ) ;
#4524 = CARTESIAN_POINT ( 'NONE',  ( 0.5300000000000000266, 0.000000000000000000, 0.000000000000000000 ) ) ;
#4525 =( NAMED_UNIT ( * ) SI_UNIT ( $, .STERADIAN. ) SOLID_ANGLE_UNIT ( ) );
#4526 = FACE_OUTER_BOUND ( 'NONE', #320, .T. ) ;
#4527 =( LENGTH_UNIT ( ) NAMED_UNIT ( * ) SI_UNIT ( .MILLI., .METRE. ) );
#4528 = ORIENTED_EDGE ( 'NONE', *, *, #2447, .T. ) ;
#4529 = EDGE_LOOP ( 'NONE', ( #64, #949, #2739, #1795 ) ) ;
#4530 = AXIS2_PLACEMENT_3D ( 'NONE', #4798, #5328, #5735 ) ;
#4531 = DIRECTION ( 'NONE',  ( 0.000000000000000000, 0.000000000000000000, -1.000000000000000000 ) ) ;
#4532 = COLOUR_RGB ( '',0.1019607843137254888, 0.1019607843137254888, 0.1019607843137254888 ) ;
#4533 = DIRECTION ( 'NONE',  ( 0.000000000000000000, 0.000000000000000000, -1.000000000000000000 ) ) ;
#4534 = DIRECTION ( 'NONE',  ( 0.000000000000000000, 1.000000000000000000, 0.000000000000000000 ) ) ;
#4535 = VERTEX_POINT ( 'NONE', #5535 ) ;
#4536 = VECTOR ( 'NONE', #1755, 1000.000000000000000 ) ;
#4537 = DIRECTION ( 'NONE',  ( 0.000000000000000000, 0.000000000000000000, -1.000000000000000000 ) ) ;
#4538 =( NAMED_UNIT ( * ) SI_UNIT ( $, .STERADIAN. ) SOLID_ANGLE_UNIT ( ) );
#4539 = ORIENTED_EDGE ( 'NONE', *, *, #3380, .F. ) ;
#4540 = PRESENTATION_LAYER_ASSIGNMENT (  '', '', ( #1497 ) ) ;
#4541 = AXIS2_PLACEMENT_3D ( 'NONE', #682, #225, #2585 ) ;
#4542 =( LENGTH_UNIT ( ) NAMED_UNIT ( * ) SI_UNIT ( .MILLI., .METRE. ) );
#4543 = EDGE_CURVE ( 'NONE', #4062, #5256, #4500, .T. ) ;
#4544 = VERTEX_POINT ( 'NONE', #2175 ) ;
#4545 = PRESENTATION_LAYER_ASSIGNMENT (  '', '', ( #3638 ) ) ;
#4546 = AXIS2_PLACEMENT_3D ( 'NONE', #6203, #1768, #4722 ) ;
#4547 = PRODUCT_DEFINITION_SHAPE ( 'NONE', 'NONE',  #2945 ) ;
#4548 = SURFACE_STYLE_FILL_AREA ( #823 ) ;
#4549 = DIRECTION ( 'NONE',  ( -1.000000000000000000, 0.000000000000000000, -0.000000000000000000 ) ) ;
#4550 = FACE_OUTER_BOUND ( 'NONE', #4266, .T. ) ;
#4551 = LINE ( 'NONE', #4516, #5949 ) ;
#4552 = VECTOR ( 'NONE', #678, 1000.000000000000000 ) ;
#4553 = UNCERTAINTY_MEASURE_WITH_UNIT (LENGTH_MEASURE( 1.000000000000000082E-05 ), #5031, 'distance_accuracy_value', 'NONE');
#4554 = EDGE_CURVE ( 'NONE', #1229, #5953, #2592, .T. ) ;
#4555 = DIRECTION ( 'NONE',  ( -1.000000000000000000, -0.000000000000000000, -0.000000000000000000 ) ) ;
#4556 = COLOUR_RGB ( '',0.1019607843137254888, 0.1019607843137254888, 0.1019607843137254888 ) ;
#4557 = ORIENTED_EDGE ( 'NONE', *, *, #5394, .T. ) ;
#4558 = AXIS2_PLACEMENT_3D ( 'NONE', #5890, #1012, #138 ) ;
#4559 = CARTESIAN_POINT ( 'NONE',  ( 0.000000000000000000, 0.8556308804057267681, -0.9538765973625393801 ) ) ;
#4560 = DIRECTION ( 'NONE',  ( 0.000000000000000000, 0.000000000000000000, -1.000000000000000000 ) ) ;
#4561 = CARTESIAN_POINT ( 'NONE',  ( 0.7299999999999999822, 1.150000000000000133, 0.6249999999999996669 ) ) ;
#4562 = EDGE_LOOP ( 'NONE', ( #977, #4394, #6184, #1442 ) ) ;
#4563 = ORIENTED_EDGE ( 'NONE', *, *, #3196, .T. ) ;
#4564 = CARTESIAN_POINT ( 'NONE',  ( 0.5300000000000000266, 0.3749999999999998890, 1.400000000000000133 ) ) ;
#4565 = CARTESIAN_POINT ( 'NONE',  ( 0.7299999999999999822, -0.6750000000000002665, 0.6249999999999996669 ) ) ;
#4566 = DIRECTION ( 'NONE',  ( 0.000000000000000000, 0.000000000000000000, -1.000000000000000000 ) ) ;
#4567 = FACE_OUTER_BOUND ( 'NONE', #2882, .T. ) ;
#4568 = ADVANCED_FACE ( 'NONE', ( #5033 ), #1610, .T. ) ;
#4569 = DIRECTION ( 'NONE',  ( 0.000000000000000000, -0.000000000000000000, 1.000000000000000000 ) ) ;
#4570 = DIRECTION ( 'NONE',  ( 1.000000000000000000, -0.000000000000000000, -0.000000000000000000 ) ) ;
#4571 = ORIENTED_EDGE ( 'NONE', *, *, #5176, .F. ) ;
#4572 = UNCERTAINTY_MEASURE_WITH_UNIT (LENGTH_MEASURE( 1.000000000000000082E-05 ), #214, 'distance_accuracy_value', 'NONE');
#4573 = ORIENTED_EDGE ( 'NONE', *, *, #1923, .T. ) ;
#4574 = DIRECTION ( 'NONE',  ( 0.000000000000000000, 0.000000000000000000, -1.000000000000000000 ) ) ;
#4575 = LINE ( 'NONE', #4635, #2621 ) ;
#4576 = ORIENTED_EDGE ( 'NONE', *, *, #4493, .T. ) ;
#4577 = DIRECTION ( 'NONE',  ( 0.000000000000000000, 0.000000000000000000, -1.000000000000000000 ) ) ;
#4578 = CARTESIAN_POINT ( 'NONE',  ( 0.7299999999999999822, -0.1250000000000001110, 1.400000000000000133 ) ) ;
#4579 = CARTESIAN_POINT ( 'NONE',  ( 0.7299999999999999822, -0.6250000000000001110, 0.9250000000000002665 ) ) ;
#4580 =( LENGTH_UNIT ( ) NAMED_UNIT ( * ) SI_UNIT ( .MILLI., .METRE. ) );
#4581 = CARTESIAN_POINT ( 'NONE',  ( 0.7299999999999999822, 0.1249999999999998890, 1.400000000000000133 ) ) ;
#4582 = ORIENTED_EDGE ( 'NONE', *, *, #4860, .T. ) ;
#4583 = STYLED_ITEM ( 'NONE', ( #3378 ), #2022 ) ;
#4584 = EDGE_CURVE ( 'NONE', #1782, #3580, #2716, .T. ) ;
#4585 = FACE_OUTER_BOUND ( 'NONE', #817, .T. ) ;
#4586 = DIRECTION ( 'NONE',  ( -1.000000000000000000, 0.000000000000000000, -0.000000000000000000 ) ) ;
#4587 = COLOUR_RGB ( '',0.1019607843137254888, 0.1019607843137254888, 0.1019607843137254888 ) ;
#4588 = EDGE_LOOP ( 'NONE', ( #1090, #4149, #1729, #6054 ) ) ;
#4589 = ORIENTED_EDGE ( 'NONE', *, *, #248, .F. ) ;
#4590 = SURFACE_STYLE_FILL_AREA ( #2652 ) ;
#4591 = ORIENTED_EDGE ( 'NONE', *, *, #5288, .T. ) ;
#4592 = LINE ( 'NONE', #1096, #2485 ) ;
#4593 = FACE_OUTER_BOUND ( 'NONE', #3975, .T. ) ;
#4594 = LINE ( 'NONE', #5445, #4698 ) ;
#4595 = CARTESIAN_POINT ( 'NONE',  ( 0.7299999999999999822, 0.6750000000000002665, -0.1250000000000003331 ) ) ;
#4596 = ORIENTED_EDGE ( 'NONE', *, *, #3326, .T. ) ;
#4597 = EDGE_CURVE ( 'NONE', #4248, #1733, #5221, .T. ) ;
#4598 = FILL_AREA_STYLE_COLOUR ( '', #4 ) ;
#4599 = VECTOR ( 'NONE', #379, 1000.000000000000000 ) ;
#4600 = EDGE_CURVE ( 'NONE', #686, #1217, #268, .T. ) ;
#4601 = DIRECTION ( 'NONE',  ( 0.000000000000000000, 0.000000000000000000, 1.000000000000000000 ) ) ;
#4602 = LINE ( 'NONE', #1206, #2906 ) ;
#4603 = ORIENTED_EDGE ( 'NONE', *, *, #4933, .T. ) ;
#4604 = FACE_OUTER_BOUND ( 'NONE', #2900, .T. ) ;
#4605 = ORIENTED_EDGE ( 'NONE', *, *, #2447, .F. ) ;
#4606 = CARTESIAN_POINT ( 'NONE',  ( 0.7299999999999999822, -0.1250000000000001110, -1.400000000000000577 ) ) ;
#4607 = AXIS2_PLACEMENT_3D ( 'NONE', #2185, #4136, #1166 ) ;
#4608 = SURFACE_STYLE_FILL_AREA ( #216 ) ;
#4609 = PLANE ( 'NONE',  #5421 ) ;
#4610 = CARTESIAN_POINT ( 'NONE',  ( 0.7299999999999999822, 0.3749999999999998890, 1.400000000000000133 ) ) ;
#4611 = ORIENTED_EDGE ( 'NONE', *, *, #1678, .F. ) ;
#4612 = VECTOR ( 'NONE', #2942, 1000.000000000000000 ) ;
#4613 = PRESENTATION_STYLE_ASSIGNMENT (( #2296 ) ) ;
#4614 = CLOSED_SHELL ( 'NONE', ( #2908, #486, #3508, #4676, #2994, #3032 ) ) ;
#4615 = SHAPE_DEFINITION_REPRESENTATION ( #4547, #3013 ) ;
#4616 = SURFACE_STYLE_FILL_AREA ( #445 ) ;
#4617 = FACE_OUTER_BOUND ( 'NONE', #74, .T. ) ;
#4618 = EDGE_LOOP ( 'NONE', ( #3493, #2450, #4898, #1426 ) ) ;
#4619 = PRESENTATION_LAYER_ASSIGNMENT (  '', '', ( #3719 ) ) ;
#4620 = EDGE_CURVE ( 'NONE', #3292, #1886, #6193, .T. ) ;
#4621 = SURFACE_STYLE_FILL_AREA ( #1282 ) ;
#4622 = FILL_AREA_STYLE_COLOUR ( '', #28 ) ;
#4623 = CARTESIAN_POINT ( 'NONE',  ( 0.7299999999999999822, 0.6750000000000002665, -0.6250000000000003331 ) ) ;
#4624 = CARTESIAN_POINT ( 'NONE',  ( 0.5300000000000000266, -0.6250000000000001110, 0.9250000000000002665 ) ) ;
#4625 = PRESENTATION_LAYER_ASSIGNMENT (  '', '', ( #767 ) ) ;
#4626 = ORIENTED_EDGE ( 'NONE', *, *, #1135, .T. ) ;
#4627 = CARTESIAN_POINT ( 'NONE',  ( 0.5300000000000000266, 0.1249999999999998890, 1.400000000000000133 ) ) ;
#4628 = VECTOR ( 'NONE', #2249, 1000.000000000000000 ) ;
#4629 = CARTESIAN_POINT ( 'NONE',  ( 0.7299999999999999822, -1.150000000000000133, -0.6250000000000003331 ) ) ;
#4630 = LINE ( 'NONE', #3143, #6236 ) ;
#4631 = CARTESIAN_POINT ( 'NONE',  ( 0.5300000000000000266, 0.1249999999999998890, -0.9250000000000007105 ) ) ;
#4632 = VERTEX_POINT ( 'NONE', #4208 ) ;
#4633 = DIRECTION ( 'NONE',  ( -1.000000000000000000, 0.000000000000000000, 0.000000000000000000 ) ) ;
#4634 = EDGE_CURVE ( 'NONE', #5551, #2478, #4708, .T. ) ;
#4635 = CARTESIAN_POINT ( 'NONE',  ( -0.1000000000000000056, 0.8556308804057267681, -1.303988606881374412 ) ) ;
#4636 = STYLED_ITEM ( 'NONE', ( #3159 ), #1019 ) ;
#4637 = ORIENTED_EDGE ( 'NONE', *, *, #3000, .F. ) ;
#4638 = CARTESIAN_POINT ( 'NONE',  ( 0.7299999999999999822, -0.3750000000000001110, -1.400000000000000577 ) ) ;
#4639 = PRESENTATION_STYLE_ASSIGNMENT (( #2698 ) ) ;
#4640 = MECHANICAL_DESIGN_GEOMETRIC_PRESENTATION_REPRESENTATION (  '', ( #582 ), #689 ) ;
#4641 = VECTOR ( 'NONE', #5595, 1000.000000000000000 ) ;
#4642 = ORIENTED_EDGE ( 'NONE', *, *, #1275, .T. ) ;
#4643 =( NAMED_UNIT ( * ) PLANE_ANGLE_UNIT ( ) SI_UNIT ( $, .RADIAN. ) );
#4644 = EDGE_CURVE ( 'NONE', #3194, #1658, #869, .T. ) ;
#4645 = EDGE_CURVE ( 'NONE', #3604, #4544, #3803, .T. ) ;
#4646 = AXIS2_PLACEMENT_3D ( 'NONE', #2434, #4332, #5712 ) ;
#4647 = FACE_OUTER_BOUND ( 'NONE', #4463, .T. ) ;
#4648 = AXIS2_PLACEMENT_3D ( 'NONE', #3098, #3139, #3523 ) ;
#4649 = STYLED_ITEM ( 'NONE', ( #2167 ), #4922 ) ;
#4650 = ORIENTED_EDGE ( 'NONE', *, *, #6280, .T. ) ;
#4651 = UNCERTAINTY_MEASURE_WITH_UNIT (LENGTH_MEASURE( 1.000000000000000082E-05 ), #3455, 'distance_accuracy_value', 'NONE');
#4652 = ORIENTED_EDGE ( 'NONE', *, *, #3717, .T. ) ;
#4653 = STYLED_ITEM ( 'NONE', ( #2513 ), #4214 ) ;
#4654 = ADVANCED_FACE ( 'NONE', ( #2777 ), #5658, .F. ) ;
#4655 = DIRECTION ( 'NONE',  ( -1.000000000000000000, -0.000000000000000000, -0.000000000000000000 ) ) ;
#4656 = PLANE ( 'NONE',  #3076 ) ;
#4657 = VERTEX_POINT ( 'NONE', #4623 ) ;
#4658 = EDGE_LOOP ( 'NONE', ( #4637, #4073, #4468, #228, #5538 ) ) ;
#4659 = LINE ( 'NONE', #207, #1387 ) ;
#4660 =( NAMED_UNIT ( * ) SI_UNIT ( $, .STERADIAN. ) SOLID_ANGLE_UNIT ( ) );
#4661 = EDGE_CURVE ( 'NONE', #5469, #4689, #361, .T. ) ;
#4662 = ORIENTED_EDGE ( 'NONE', *, *, #2549, .F. ) ;
#4663 =( NAMED_UNIT ( * ) PLANE_ANGLE_UNIT ( ) SI_UNIT ( $, .RADIAN. ) );
#4664 = DIRECTION ( 'NONE',  ( 1.000000000000000000, -0.000000000000000000, -0.000000000000000000 ) ) ;
#4665 = PLANE ( 'NONE',  #4546 ) ;
#4666 = VERTEX_POINT ( 'NONE', #5099 ) ;
#4667 = CARTESIAN_POINT ( 'NONE',  ( 0.5300000000000000266, -0.1250000000000001110, -1.400000000000000577 ) ) ;
#4668 = DIRECTION ( 'NONE',  ( 0.000000000000000000, -0.000000000000000000, 1.000000000000000000 ) ) ;
#4669 = ORIENTED_EDGE ( 'NONE', *, *, #1213, .F. ) ;
#4670 = FACE_OUTER_BOUND ( 'NONE', #6220, .T. ) ;
#4671 = EDGE_CURVE ( 'NONE', #1927, #332, #6164, .T. ) ;
#4672 = ORIENTED_EDGE ( 'NONE', *, *, #4011, .F. ) ;
#4673 =( LENGTH_UNIT ( ) NAMED_UNIT ( * ) SI_UNIT ( .MILLI., .METRE. ) );
#4674 = UNCERTAINTY_MEASURE_WITH_UNIT (LENGTH_MEASURE( 1.000000000000000082E-05 ), #2083, 'distance_accuracy_value', 'NONE');
#4675 = PLANE ( 'NONE',  #2300 ) ;
#4676 = ADVANCED_FACE ( 'NONE', ( #1384 ), #2815, .F. ) ;
#4677 = PRESENTATION_LAYER_ASSIGNMENT (  '', '', ( #2145 ) ) ;
#4678 =( NAMED_UNIT ( * ) SI_UNIT ( $, .STERADIAN. ) SOLID_ANGLE_UNIT ( ) );
#4679 = FILL_AREA_STYLE_COLOUR ( '', #4519 ) ;
#4680 = DIRECTION ( 'NONE',  ( 0.000000000000000000, 0.000000000000000000, 1.000000000000000000 ) ) ;
#4681 = CARTESIAN_POINT ( 'NONE',  ( 0.5300000000000000266, -0.3750000000000001110, -1.400000000000000577 ) ) ;
#4682 = VECTOR ( 'NONE', #3916, 1000.000000000000000 ) ;
#4683 = ORIENTED_EDGE ( 'NONE', *, *, #6020, .T. ) ;
#4684 = STYLED_ITEM ( 'NONE', ( #2181 ), #3077 ) ;
#4685 = ORIENTED_EDGE ( 'NONE', *, *, #1107, .T. ) ;
#4686 = LINE ( 'NONE', #3714, #2553 ) ;
#4687 = CARTESIAN_POINT ( 'NONE',  ( 0.5300000000000000266, -0.8750000000000001110, -1.400000000000000577 ) ) ;
#4688 = EDGE_CURVE ( 'NONE', #4535, #956, #5688, .T. ) ;
#4689 = VERTEX_POINT ( 'NONE', #399 ) ;
#4690 = PLANE ( 'NONE',  #1816 ) ;
#4691 = LINE ( 'NONE', #6087, #353 ) ;
#4692 = SURFACE_STYLE_USAGE ( .BOTH. , #5638 ) ;
#4693 = ORIENTED_EDGE ( 'NONE', *, *, #3856, .T. ) ;
#4694 = SURFACE_STYLE_FILL_AREA ( #3149 ) ;
#4695 = CARTESIAN_POINT ( 'NONE',  ( 0.1000000000000000056, 0.8556308804057267681, -1.128932602121957007 ) ) ;
#4696 = ORIENTED_EDGE ( 'NONE', *, *, #5264, .T. ) ;
#4697 = AXIS2_PLACEMENT_3D ( 'NONE', #1291, #4713, #4250 ) ;
#4698 = VECTOR ( 'NONE', #1097, 1000.000000000000000 ) ;
#4699 = VERTEX_POINT ( 'NONE', #3684 ) ;
#4700 = VERTEX_POINT ( 'NONE', #2339 ) ;
#4701 = CARTESIAN_POINT ( 'NONE',  ( 0.5300000000000000266, -1.150000000000000133, -0.3750000000000003331 ) ) ;
#4702 = PLANE ( 'NONE',  #989 ) ;
#4703 = EDGE_CURVE ( 'NONE', #5418, #4766, #748, .T. ) ;
#4704 = SURFACE_STYLE_FILL_AREA ( #833 ) ;
#4705 = LINE ( 'NONE', #1281, #5235 ) ;
#4706 = LINE ( 'NONE', #3707, #4422 ) ;
#4707 = DIRECTION ( 'NONE',  ( -1.000000000000000000, 0.000000000000000000, 0.000000000000000000 ) ) ;
#4708 = LINE ( 'NONE', #4681, #886 ) ;
#4709 = VECTOR ( 'NONE', #1297, 1000.000000000000000 ) ;
#4710 = CLOSED_SHELL ( 'NONE', ( #5886, #2173, #5482, #4774, #1306, #6137, #3250 ) ) ;
#4711 = VERTEX_POINT ( 'NONE', #6077 ) ;
#4712 = EDGE_LOOP ( 'NONE', ( #5763, #4106, #2058, #5464 ) ) ;
#4713 = DIRECTION ( 'NONE',  ( 0.000000000000000000, 0.000000000000000000, -1.000000000000000000 ) ) ;
#4714 = SURFACE_STYLE_USAGE ( .BOTH. , #2783 ) ;
#4715 = STYLED_ITEM ( 'NONE', ( #499 ), #6273 ) ;
#4716 = CARTESIAN_POINT ( 'NONE',  ( 0.5300000000000000266, -1.150000000000000133, 0.1249999999999996808 ) ) ;
#4717 = MECHANICAL_DESIGN_GEOMETRIC_PRESENTATION_REPRESENTATION (  '', ( #6127 ), #1066 ) ;
#4718 = LINE ( 'NONE', #371, #5311 ) ;
#4719 = ORIENTED_EDGE ( 'NONE', *, *, #2027, .F. ) ;
#4720 = LINE ( 'NONE', #4256, #5159 ) ;
#4721 = CARTESIAN_POINT ( 'NONE',  ( 0.5300000000000000266, 0.8749999999999998890, -1.400000000000000577 ) ) ;
#4722 = DIRECTION ( 'NONE',  ( 0.000000000000000000, 0.000000000000000000, 1.000000000000000000 ) ) ;
#4723 = ORIENTED_EDGE ( 'NONE', *, *, #3048, .F. ) ;
#4724 = COLOUR_RGB ( '',0.1019607843137254888, 0.1019607843137254888, 0.1019607843137254888 ) ;
#4725 = FILL_AREA_STYLE ('',( #2888 ) ) ;
#4726 = CARTESIAN_POINT ( 'NONE',  ( 0.000000000000000000, -1.250000000000000000, 1.499999999999999778 ) ) ;
#4727 = ORIENTED_EDGE ( 'NONE', *, *, #3952, .F. ) ;
#4728 = EDGE_CURVE ( 'NONE', #730, #2394, #777, .T. ) ;
#4729 = COLOUR_RGB ( '',0.1019607843137254888, 0.1019607843137254888, 0.1019607843137254888 ) ;
#4730 =( NAMED_UNIT ( * ) PLANE_ANGLE_UNIT ( ) SI_UNIT ( $, .RADIAN. ) );
#4731 = EDGE_LOOP ( 'NONE', ( #5174, #1144, #2148, #178 ) ) ;
#4732 = DIRECTION ( 'NONE',  ( 0.000000000000000000, 0.000000000000000000, 1.000000000000000000 ) ) ;
#4733 = VERTEX_POINT ( 'NONE', #1251 ) ;
#4734 = AXIS2_PLACEMENT_3D ( 'NONE', #1124, #659, #3063 ) ;
#4735 = FILL_AREA_STYLE_COLOUR ( '', #3163 ) ;
#4736 =( NAMED_UNIT ( * ) SI_UNIT ( $, .STERADIAN. ) SOLID_ANGLE_UNIT ( ) );
#4737 = AXIS2_PLACEMENT_3D ( 'NONE', #5837, #3444, #2957 ) ;
#4738 = EDGE_CURVE ( 'NONE', #1983, #730, #3191, .T. ) ;
#4739 = ADVANCED_FACE ( 'NONE', ( #4183 ), #329, .F. ) ;
#4740 = PRESENTATION_LAYER_ASSIGNMENT (  '', '', ( #1084 ) ) ;
#4741 = ORIENTED_EDGE ( 'NONE', *, *, #5628, .F. ) ;
#4742 = VECTOR ( 'NONE', #1098, 1000.000000000000000 ) ;
#4743 = CARTESIAN_POINT ( 'NONE',  ( 0.5300000000000000266, -0.6750000000000002665, -0.3750000000000003331 ) ) ;
#4744 = PRESENTATION_STYLE_ASSIGNMENT (( #3741 ) ) ;
#4745 = CIRCLE ( 'NONE', #5453, 0.1750560047594175161 ) ;
#4746 = AXIS2_PLACEMENT_3D ( 'NONE', #5324, #2915, #1955 ) ;
#4747 = DIRECTION ( 'NONE',  ( 0.000000000000000000, 1.000000000000000000, 0.000000000000000000 ) ) ;
#4748 = VECTOR ( 'NONE', #2666, 1000.000000000000000 ) ;
#4749 = ORIENTED_EDGE ( 'NONE', *, *, #6205, .F. ) ;
#4750 = ORIENTED_EDGE ( 'NONE', *, *, #5797, .F. ) ;
#4751 = DIRECTION ( 'NONE',  ( 0.000000000000000000, -0.000000000000000000, 1.000000000000000000 ) ) ;
#4752 = VECTOR ( 'NONE', #4282, 1000.000000000000000 ) ;
#4753 = DIRECTION ( 'NONE',  ( 0.000000000000000000, 0.000000000000000000, 1.000000000000000000 ) ) ;
#4754 = ADVANCED_FACE ( 'NONE', ( #3745 ), #3257, .F. ) ;
#4755 = CARTESIAN_POINT ( 'NONE',  ( 0.5300000000000000266, -0.6750000000000002665, 0.3749999999999996669 ) ) ;
#4756 =( NAMED_UNIT ( * ) PLANE_ANGLE_UNIT ( ) SI_UNIT ( $, .RADIAN. ) );
#4757 = VERTEX_POINT ( 'NONE', #5846 ) ;
#4758 = LINE ( 'NONE', #3723, #4709 ) ;
#4759 = CARTESIAN_POINT ( 'NONE',  ( 0.5300000000000000266, 0.6750000000000002665, -0.6250000000000003331 ) ) ;
#4760 = VERTEX_POINT ( 'NONE', #938 ) ;
#4761 = EDGE_CURVE ( 'NONE', #3800, #5230, #3414, .T. ) ;
#4762 = ADVANCED_FACE ( 'NONE', ( #5262 ), #996, .T. ) ;
#4763 = SURFACE_STYLE_FILL_AREA ( #4725 ) ;
#4764 = CARTESIAN_POINT ( 'NONE',  ( 0.5300000000000000266, 1.150000000000000133, 0.3749999999999996669 ) ) ;
#4765 = SURFACE_STYLE_USAGE ( .BOTH. , #5203 ) ;
#4766 = VERTEX_POINT ( 'NONE', #4809 ) ;
#4767 = LINE ( 'NONE', #4385, #3124 ) ;
#4768 =( NAMED_UNIT ( * ) PLANE_ANGLE_UNIT ( ) SI_UNIT ( $, .RADIAN. ) );
#4769 = ORIENTED_EDGE ( 'NONE', *, *, #4330, .T. ) ;
#4770 = DIRECTION ( 'NONE',  ( 0.000000000000000000, 0.000000000000000000, 1.000000000000000000 ) ) ;
#4771 = ORIENTED_EDGE ( 'NONE', *, *, #2733, .F. ) ;
#4772 = FILL_AREA_STYLE ('',( #4735 ) ) ;
#4773 = DIRECTION ( 'NONE',  ( 1.000000000000000000, -0.000000000000000000, -0.000000000000000000 ) ) ;
#4774 = ADVANCED_FACE ( 'NONE', ( #3870 ), #5376, .F. ) ;
#4775 = ORIENTED_EDGE ( 'NONE', *, *, #3949, .F. ) ;
#4776 = CARTESIAN_POINT ( 'NONE',  ( 0.7299999999999999822, 0.6750000000000002665, -0.3750000000000003331 ) ) ;
#4777 = EDGE_LOOP ( 'NONE', ( #5181, #2044, #2606, #5355 ) ) ;
#4778 = EDGE_CURVE ( 'NONE', #5364, #1388, #524, .T. ) ;
#4779 = CARTESIAN_POINT ( 'NONE',  ( 0.7299999999999999822, 0.1249999999999998890, 0.9250000000000002665 ) ) ;
#4780 = DIRECTION ( 'NONE',  ( 0.000000000000000000, -0.000000000000000000, -1.000000000000000000 ) ) ;
#4781 = DIRECTION ( 'NONE',  ( -1.000000000000000000, -0.000000000000000000, -0.000000000000000000 ) ) ;
#4782 = ORIENTED_EDGE ( 'NONE', *, *, #4277, .F. ) ;
#4783 = EDGE_LOOP ( 'NONE', ( #811, #29, #4023, #3476 ) ) ;
#4784 = CARTESIAN_POINT ( 'NONE',  ( -0.1000000000000000056, -1.250000000000000000, 1.499999999999999778 ) ) ;
#4785 = CARTESIAN_POINT ( 'NONE',  ( 0.5300000000000000266, -0.6750000000000002665, -0.3750000000000003331 ) ) ;
#4786 = VECTOR ( 'NONE', #4345, 1000.000000000000000 ) ;
#4787 = LINE ( 'NONE', #3366, #5236 ) ;
#4788 = LINE ( 'NONE', #5229, #3393 ) ;
#4789 = PRESENTATION_STYLE_ASSIGNMENT (( #918 ) ) ;
#4790 = PRESENTATION_LAYER_ASSIGNMENT (  '', '', ( #4684 ) ) ;
#4791 = CARTESIAN_POINT ( 'NONE',  ( 0.5300000000000000266, -0.6250000000000001110, 1.400000000000000133 ) ) ;
#4792 = EDGE_CURVE ( 'NONE', #1757, #6270, #1507, .T. ) ;
#4793 = ORIENTED_EDGE ( 'NONE', *, *, #2041, .F. ) ;
#4794 = EDGE_CURVE ( 'NONE', #80, #4711, #3386, .T. ) ;
#4795 = PRESENTATION_STYLE_ASSIGNMENT (( #1332 ) ) ;
#4796 = LINE ( 'NONE', #2793, #4900 ) ;
#4797 = LINE ( 'NONE', #442, #2618 ) ;
#4798 = CARTESIAN_POINT ( 'NONE',  ( 0.5300000000000000266, 0.000000000000000000, 0.000000000000000000 ) ) ;
#4799 = ORIENTED_EDGE ( 'NONE', *, *, #5847, .T. ) ;
#4800 = LINE ( 'NONE', #5090, #5450 ) ;
#4801 = CARTESIAN_POINT ( 'NONE',  ( 0.7299999999999999822, -0.1250000000000001110, -0.9250000000000007105 ) ) ;
#4802 = EDGE_LOOP ( 'NONE', ( #6241, #1819, #5224, #4626 ) ) ;
#4803 = PLANE ( 'NONE',  #4884 ) ;
#4804 = CARTESIAN_POINT ( 'NONE',  ( 0.7299999999999999822, -0.6750000000000002665, -0.6250000000000003331 ) ) ;
#4805 = ORIENTED_EDGE ( 'NONE', *, *, #4761, .F. ) ;
#4806 = LINE ( 'NONE', #4779, #877 ) ;
#4807 = VECTOR ( 'NONE', #2157, 1000.000000000000000 ) ;
#4808 = SURFACE_STYLE_USAGE ( .BOTH. , #3869 ) ;
#4809 = CARTESIAN_POINT ( 'NONE',  ( 0.5300000000000000266, 0.1249999999999998890, -1.400000000000000577 ) ) ;
#4810 = EDGE_CURVE ( 'NONE', #4872, #625, #960, .T. ) ;
#4811 = LINE ( 'NONE', #5849, #19 ) ;
#4812 = EDGE_LOOP ( 'NONE', ( #1838, #3418, #3748, #170 ) ) ;
#4813 = ORIENTED_EDGE ( 'NONE', *, *, #1517, .F. ) ;
#4814 = CARTESIAN_POINT ( 'NONE',  ( 0.7299999999999999822, -0.1250000000000001110, 0.9250000000000002665 ) ) ;
#4815 = SURFACE_STYLE_FILL_AREA ( #3424 ) ;
#4816 = CARTESIAN_POINT ( 'NONE',  ( 0.7299999999999999822, -0.3750000000000001110, 0.9250000000000002665 ) ) ;
#4817 = EDGE_CURVE ( 'NONE', #3099, #5796, #5343, .T. ) ;
#4818 = SURFACE_STYLE_FILL_AREA ( #4000 ) ;
#4819 = ORIENTED_EDGE ( 'NONE', *, *, #5897, .F. ) ;
#4820 = DIRECTION ( 'NONE',  ( 0.000000000000000000, 1.000000000000000000, 0.000000000000000000 ) ) ;
#4821 = SURFACE_STYLE_FILL_AREA ( #4226 ) ;
#4822 = LINE ( 'NONE', #3822, #3843 ) ;
#4823 = SURFACE_STYLE_FILL_AREA ( #2891 ) ;
#4824 = ORIENTED_EDGE ( 'NONE', *, *, #5471, .F. ) ;
#4825 =( LENGTH_UNIT ( ) NAMED_UNIT ( * ) SI_UNIT ( .MILLI., .METRE. ) );
#4826 =( GEOMETRIC_REPRESENTATION_CONTEXT ( 3 ) GLOBAL_UNCERTAINTY_ASSIGNED_CONTEXT ( ( #3619 ) ) GLOBAL_UNIT_ASSIGNED_CONTEXT ( ( #448, #2803, #3407 ) ) REPRESENTATION_CONTEXT ( 'NONE', 'WORKASPACE' ) );
#4827 = SURFACE_STYLE_USAGE ( .BOTH. , #1310 ) ;
#4828 = VECTOR ( 'NONE', #2524, 1000.000000000000000 ) ;
#4829 = LINE ( 'NONE', #860, #3827 ) ;
#4830 = LINE ( 'NONE', #6282, #826 ) ;
#4831 = ADVANCED_FACE ( 'NONE', ( #5349 ), #4904, .T. ) ;
#4832 = STYLED_ITEM ( 'NONE', ( #1872 ), #648 ) ;
#4833 = AXIS2_PLACEMENT_3D ( 'NONE', #5038, #700, #2635 ) ;
#4834 = FACE_OUTER_BOUND ( 'NONE', #3996, .T. ) ;
#4835 = EDGE_CURVE ( 'NONE', #4689, #5680, #2494, .T. ) ;
#4836 = DIRECTION ( 'NONE',  ( 0.000000000000000000, 0.000000000000000000, 1.000000000000000000 ) ) ;
#4837 = STYLED_ITEM ( 'NONE', ( #6286 ), #946 ) ;
#4838 = AXIS2_PLACEMENT_3D ( 'NONE', #4398, #6289, #5313 ) ;
#4839 = EDGE_LOOP ( 'NONE', ( #4596, #3766, #2530, #4212 ) ) ;
#4840 = SURFACE_SIDE_STYLE ('',( #2401 ) ) ;
#4841 = VECTOR ( 'NONE', #189, 1000.000000000000000 ) ;
#4842 = FILL_AREA_STYLE ('',( #2904 ) ) ;
#4843 = FILL_AREA_STYLE_COLOUR ( '', #4142 ) ;
#4844 = LINE ( 'NONE', #5760, #3597 ) ;
#4845 = EDGE_LOOP ( 'NONE', ( #2616, #1331, #2219, #226 ) ) ;
#4846 =( GEOMETRIC_REPRESENTATION_CONTEXT ( 3 ) GLOBAL_UNCERTAINTY_ASSIGNED_CONTEXT ( ( #3536 ) ) GLOBAL_UNIT_ASSIGNED_CONTEXT ( ( #4673, #3182, #4736 ) ) REPRESENTATION_CONTEXT ( 'NONE', 'WORKASPACE' ) );
#4847 = VECTOR ( 'NONE', #699, 1000.000000000000000 ) ;
#4848 = ORIENTED_EDGE ( 'NONE', *, *, #5428, .T. ) ;
#4849 = VECTOR ( 'NONE', #1674, 1000.000000000000000 ) ;
#4850 = LINE ( 'NONE', #4814, #1441 ) ;
#4851 = CARTESIAN_POINT ( 'NONE',  ( 0.5300000000000000266, 0.8749999999999998890, -1.400000000000000577 ) ) ;
#4852 = VECTOR ( 'NONE', #5559, 1000.000000000000000 ) ;
#4853 =( NAMED_UNIT ( * ) SI_UNIT ( $, .STERADIAN. ) SOLID_ANGLE_UNIT ( ) );
#4854 = CARTESIAN_POINT ( 'NONE',  ( -0.1000000000000000056, -1.250000000000000000, 1.499999999999999778 ) ) ;
#4855 = MECHANICAL_DESIGN_GEOMETRIC_PRESENTATION_REPRESENTATION (  '', ( #1811 ), #2113 ) ;
#4856 = ORIENTED_EDGE ( 'NONE', *, *, #3064, .F. ) ;
#4857 = AXIS2_PLACEMENT_3D ( 'NONE', #5391, #1134, #5982 ) ;
#4858 = FILL_AREA_STYLE_COLOUR ( '', #574 ) ;
#4859 = CARTESIAN_POINT ( 'NONE',  ( 0.7299999999999999822, -0.8750000000000001110, 1.400000000000000133 ) ) ;
#4860 = EDGE_CURVE ( 'NONE', #6167, #616, #62, .T. ) ;
#4861 =( NAMED_UNIT ( * ) PLANE_ANGLE_UNIT ( ) SI_UNIT ( $, .RADIAN. ) );
#4862 = FACE_OUTER_BOUND ( 'NONE', #3156, .T. ) ;
#4863 = ORIENTED_EDGE ( 'NONE', *, *, #6011, .T. ) ;
#4864 = SURFACE_STYLE_FILL_AREA ( #2838 ) ;
#4865 = DIRECTION ( 'NONE',  ( 0.000000000000000000, -0.000000000000000000, 1.000000000000000000 ) ) ;
#4866 = CARTESIAN_POINT ( 'NONE',  ( 0.7299999999999999822, -0.3750000000000001110, -0.9250000000000007105 ) ) ;
#4867 = PLANE ( 'NONE',  #42 ) ;
#4868 = LINE ( 'NONE', #2554, #3406 ) ;
#4869 = CARTESIAN_POINT ( 'NONE',  ( -0.1000000000000000056, 0.8556308804057267681, -0.9538765973625393801 ) ) ;
#4870 = CARTESIAN_POINT ( 'NONE',  ( 0.5300000000000000266, -0.8750000000000001110, 1.400000000000000133 ) ) ;
#4871 = EDGE_CURVE ( 'NONE', #5280, #616, #5757, .T. ) ;
#4872 = VERTEX_POINT ( 'NONE', #651 ) ;
#4873 = PRESENTATION_STYLE_ASSIGNMENT (( #4808 ) ) ;
#4874 = EDGE_CURVE ( 'NONE', #2012, #80, #5931, .T. ) ;
#4875 = CARTESIAN_POINT ( 'NONE',  ( 0.5300000000000000266, -0.3750000000000001110, 0.9250000000000002665 ) ) ;
#4876 = ORIENTED_EDGE ( 'NONE', *, *, #5773, .F. ) ;
#4877 = ORIENTED_EDGE ( 'NONE', *, *, #2761, .F. ) ;
#4878 = UNCERTAINTY_MEASURE_WITH_UNIT (LENGTH_MEASURE( 1.000000000000000082E-05 ), #3012, 'distance_accuracy_value', 'NONE');
#4879 = FILL_AREA_STYLE_COLOUR ( '', #5498 ) ;
#4880 =( NAMED_UNIT ( * ) PLANE_ANGLE_UNIT ( ) SI_UNIT ( $, .RADIAN. ) );
#4881 = PLANE ( 'NONE',  #4442 ) ;
#4882 = DIRECTION ( 'NONE',  ( 0.000000000000000000, 1.000000000000000000, 0.000000000000000000 ) ) ;
#4883 = ORIENTED_EDGE ( 'NONE', *, *, #4778, .T. ) ;
#4884 = AXIS2_PLACEMENT_3D ( 'NONE', #6187, #1343, #1915 ) ;
#4885 = LINE ( 'NONE', #4381, #4099 ) ;
#4886 = ADVANCED_FACE ( 'NONE', ( #4526 ), #4118, .F. ) ;
#4887 = FACE_BOUND ( 'NONE', #342, .T. ) ;
#4888 = CARTESIAN_POINT ( 'NONE',  ( 0.7299999999999999822, 0.8749999999999998890, -1.400000000000000577 ) ) ;
#4889 = VECTOR ( 'NONE', #2444, 1000.000000000000000 ) ;
#4890 = ORIENTED_EDGE ( 'NONE', *, *, #1059, .T. ) ;
#4891 =( GEOMETRIC_REPRESENTATION_CONTEXT ( 3 ) GLOBAL_UNCERTAINTY_ASSIGNED_CONTEXT ( ( #4518 ) ) GLOBAL_UNIT_ASSIGNED_CONTEXT ( ( #4893, #4485, #114 ) ) REPRESENTATION_CONTEXT ( 'NONE', 'WORKASPACE' ) );
#4892 = LINE ( 'NONE', #3016, #1381 ) ;
#4893 =( LENGTH_UNIT ( ) NAMED_UNIT ( * ) SI_UNIT ( .MILLI., .METRE. ) );
#4894 =( LENGTH_UNIT ( ) NAMED_UNIT ( * ) SI_UNIT ( .MILLI., .METRE. ) );
#4895 = LINE ( 'NONE', #2932, #3119 ) ;
#4896 = CARTESIAN_POINT ( 'NONE',  ( 0.5300000000000000266, -0.1250000000000001110, 0.9250000000000002665 ) ) ;
#4897 = ADVANCED_FACE ( 'NONE', ( #4585 ), #4088, .F. ) ;
#4898 = ORIENTED_EDGE ( 'NONE', *, *, #325, .T. ) ;
#4899 = PRESENTATION_STYLE_ASSIGNMENT (( #1021 ) ) ;
#4900 = VECTOR ( 'NONE', #1333, 1000.000000000000000 ) ;
#4901 = CARTESIAN_POINT ( 'NONE',  ( 0.7299999999999999822, -0.8750000000000001110, 1.400000000000000133 ) ) ;
#4902 = ADVANCED_FACE ( 'NONE', ( #2138 ), #156, .F. ) ;
#4903 = SURFACE_STYLE_FILL_AREA ( #4842 ) ;
#4904 = PLANE ( 'NONE',  #1398 ) ;
#4905 = FILL_AREA_STYLE_COLOUR ( '', #3639 ) ;
#4906 = DIRECTION ( 'NONE',  ( -1.000000000000000000, -0.000000000000000000, -0.000000000000000000 ) ) ;
#4907 = ORIENTED_EDGE ( 'NONE', *, *, #5847, .F. ) ;
#4908 = VERTEX_POINT ( 'NONE', #1656 ) ;
#4909 =( NAMED_UNIT ( * ) PLANE_ANGLE_UNIT ( ) SI_UNIT ( $, .RADIAN. ) );
#4910 = EDGE_CURVE ( 'NONE', #2767, #3836, #3509, .T. ) ;
#4911 = DIRECTION ( 'NONE',  ( 1.000000000000000000, 0.000000000000000000, -0.000000000000000000 ) ) ;
#4912 = VECTOR ( 'NONE', #5980, 1000.000000000000000 ) ;
#4913 = VERTEX_POINT ( 'NONE', #5025 ) ;
#4914 = DIRECTION ( 'NONE',  ( 0.000000000000000000, 0.000000000000000000, 1.000000000000000000 ) ) ;
#4915 = CARTESIAN_POINT ( 'NONE',  ( 0.5300000000000000266, 0.8749999999999998890, 1.400000000000000133 ) ) ;
#4916 = AXIS2_PLACEMENT_3D ( 'NONE', #428, #4707, #4680 ) ;
#4917 = EDGE_LOOP ( 'NONE', ( #2853, #265, #3009, #4231 ) ) ;
#4918 =( NAMED_UNIT ( * ) SI_UNIT ( $, .STERADIAN. ) SOLID_ANGLE_UNIT ( ) );
#4919 = AXIS2_PLACEMENT_3D ( 'NONE', #3957, #2007, #2038 ) ;
#4920 = CARTESIAN_POINT ( 'NONE',  ( -0.1000000000000000056, 0.8556308804057267681, -1.128932602121957007 ) ) ;
#4921 = UNCERTAINTY_MEASURE_WITH_UNIT (LENGTH_MEASURE( 1.000000000000000082E-05 ), #106, 'distance_accuracy_value', 'NONE');
#4922 = ADVANCED_FACE ( 'NONE', ( #193 ), #4021, .F. ) ;
#4923 = FACE_OUTER_BOUND ( 'NONE', #6001, .T. ) ;
#4924 = SURFACE_SIDE_STYLE ('',( #5398 ) ) ;
#4925 = CARTESIAN_POINT ( 'NONE',  ( 0.5300000000000000266, 0.8749999999999998890, -1.400000000000000577 ) ) ;
#4926 = STYLED_ITEM ( 'NONE', ( #2127 ), #510 ) ;
#4927 = VECTOR ( 'NONE', #3599, 1000.000000000000000 ) ;
#4928 = DIRECTION ( 'NONE',  ( -0.000000000000000000, -1.000000000000000000, -0.000000000000000000 ) ) ;
#4929 = VECTOR ( 'NONE', #3066, 1000.000000000000000 ) ;
#4930 = ORIENTED_EDGE ( 'NONE', *, *, #1116, .F. ) ;
#4931 = VECTOR ( 'NONE', #2743, 1000.000000000000000 ) ;
#4932 = VECTOR ( 'NONE', #4383, 1000.000000000000000 ) ;
#4933 = EDGE_CURVE ( 'NONE', #3591, #2767, #2043, .T. ) ;
#4934 = FACE_OUTER_BOUND ( 'NONE', #713, .T. ) ;
#4935 = AXIS2_PLACEMENT_3D ( 'NONE', #1420, #1382, #3893 ) ;
#4936 = CARTESIAN_POINT ( 'NONE',  ( 0.5300000000000000266, -1.150000000000000133, -0.6250000000000003331 ) ) ;
#4937 = VERTEX_POINT ( 'NONE', #3992 ) ;
#4938 = EDGE_LOOP ( 'NONE', ( #3898, #4283, #5180, #1850 ) ) ;
#4939 = SURFACE_STYLE_USAGE ( .BOTH. , #2995 ) ;
#4940 = COLOUR_RGB ( '',0.1098039215686274495, 0.1098039215686274495, 0.1098039215686274495 ) ;
#4941 =( LENGTH_UNIT ( ) NAMED_UNIT ( * ) SI_UNIT ( .MILLI., .METRE. ) );
#4942 = FILL_AREA_STYLE_COLOUR ( '', #3752 ) ;
#4943 = VECTOR ( 'NONE', #452, 1000.000000000000000 ) ;
#4944 = SURFACE_STYLE_USAGE ( .BOTH. , #4411 ) ;
#4945 =( GEOMETRIC_REPRESENTATION_CONTEXT ( 3 ) GLOBAL_UNCERTAINTY_ASSIGNED_CONTEXT ( ( #5462 ) ) GLOBAL_UNIT_ASSIGNED_CONTEXT ( ( #6062, #2697, #2230 ) ) REPRESENTATION_CONTEXT ( 'NONE', 'WORKASPACE' ) );
#4946 = ORIENTED_EDGE ( 'NONE', *, *, #4084, .T. ) ;
#4947 = AXIS2_PLACEMENT_3D ( 'NONE', #5492, #4560, #1052 ) ;
#4948 = UNCERTAINTY_MEASURE_WITH_UNIT (LENGTH_MEASURE( 1.000000000000000082E-05 ), #210, 'distance_accuracy_value', 'NONE');
#4949 = DIRECTION ( 'NONE',  ( 0.000000000000000000, 0.000000000000000000, 1.000000000000000000 ) ) ;
#4950 = VECTOR ( 'NONE', #4051, 1000.000000000000000 ) ;
#4951 = AXIS2_PLACEMENT_3D ( 'NONE', #335, #4216, #6136 ) ;
#4952 = DIRECTION ( 'NONE',  ( 0.000000000000000000, 1.000000000000000000, 0.000000000000000000 ) ) ;
#4953 =( GEOMETRIC_REPRESENTATION_CONTEXT ( 3 ) GLOBAL_UNCERTAINTY_ASSIGNED_CONTEXT ( ( #1001 ) ) GLOBAL_UNIT_ASSIGNED_CONTEXT ( ( #919, #6233, #2789 ) ) REPRESENTATION_CONTEXT ( 'NONE', 'WORKASPACE' ) );
#4954 = EDGE_LOOP ( 'NONE', ( #2710, #3927, #5470, #2764 ) ) ;
#4955 = UNCERTAINTY_MEASURE_WITH_UNIT (LENGTH_MEASURE( 1.000000000000000082E-05 ), #581, 'distance_accuracy_value', 'NONE');
#4956 = PLANE ( 'NONE',  #904 ) ;
#4957 = EDGE_CURVE ( 'NONE', #4699, #5666, #2535, .T. ) ;
#4958 = PRESENTATION_LAYER_ASSIGNMENT (  '', '', ( #292 ) ) ;
#4959 = EDGE_CURVE ( 'NONE', #625, #730, #3028, .T. ) ;
#4960 = DIRECTION ( 'NONE',  ( -1.000000000000000000, 0.000000000000000000, 0.000000000000000000 ) ) ;
#4961 = FILL_AREA_STYLE_COLOUR ( '', #1639 ) ;
#4962 = DIRECTION ( 'NONE',  ( -0.000000000000000000, 1.000000000000000000, 0.000000000000000000 ) ) ;
#4963 = FILL_AREA_STYLE ('',( #645 ) ) ;
#4964 = LINE ( 'NONE', #520, #3114 ) ;
#4965 = ORIENTED_EDGE ( 'NONE', *, *, #5353, .T. ) ;
#4966 = EDGE_CURVE ( 'NONE', #1212, #3186, #4495, .T. ) ;
#4967 = CARTESIAN_POINT ( 'NONE',  ( 0.7299999999999999822, -0.6750000000000002665, -0.3750000000000003331 ) ) ;
#4968 = FACE_OUTER_BOUND ( 'NONE', #316, .T. ) ;
#4969 =( LENGTH_UNIT ( ) NAMED_UNIT ( * ) SI_UNIT ( .MILLI., .METRE. ) );
#4970 = ORIENTED_EDGE ( 'NONE', *, *, #2116, .T. ) ;
#4971 = EDGE_CURVE ( 'NONE', #3321, #866, #4059, .T. ) ;
#4972 = VERTEX_POINT ( 'NONE', #6244 ) ;
#4973 =( NAMED_UNIT ( * ) PLANE_ANGLE_UNIT ( ) SI_UNIT ( $, .RADIAN. ) );
#4974 = DIRECTION ( 'NONE',  ( 0.000000000000000000, 0.000000000000000000, -1.000000000000000000 ) ) ;
#4975 =( NAMED_UNIT ( * ) PLANE_ANGLE_UNIT ( ) SI_UNIT ( $, .RADIAN. ) );
#4976 =( NAMED_UNIT ( * ) PLANE_ANGLE_UNIT ( ) SI_UNIT ( $, .RADIAN. ) );
#4977 = DIRECTION ( 'NONE',  ( 1.000000000000000000, -0.000000000000000000, 0.000000000000000000 ) ) ;
#4978 = LINE ( 'NONE', #1936, #4742 ) ;
#4979 = ORIENTED_EDGE ( 'NONE', *, *, #3461, .F. ) ;
#4980 = PRESENTATION_LAYER_ASSIGNMENT (  '', '', ( #3674 ) ) ;
#4981 = PLANE ( 'NONE',  #2164 ) ;
#4982 = DIRECTION ( 'NONE',  ( 0.000000000000000000, 1.000000000000000000, 0.000000000000000000 ) ) ;
#4983 = ORIENTED_EDGE ( 'NONE', *, *, #3839, .F. ) ;
#4984 = DIRECTION ( 'NONE',  ( -0.000000000000000000, -1.000000000000000000, -0.000000000000000000 ) ) ;
#4985 = ADVANCED_FACE ( 'NONE', ( #5588 ), #1690, .F. ) ;
#4986 = ADVANCED_FACE ( 'NONE', ( #5302 ), #3677, .F. ) ;
#4987 =( LENGTH_UNIT ( ) NAMED_UNIT ( * ) SI_UNIT ( .MILLI., .METRE. ) );
#4988 = DIRECTION ( 'NONE',  ( 1.000000000000000000, -0.000000000000000000, -0.000000000000000000 ) ) ;
#4989 = PRESENTATION_LAYER_ASSIGNMENT (  '', '', ( #6190 ) ) ;
#4990 = UNCERTAINTY_MEASURE_WITH_UNIT (LENGTH_MEASURE( 1.000000000000000082E-05 ), #3352, 'distance_accuracy_value', 'NONE');
#4991 = DIRECTION ( 'NONE',  ( 0.000000000000000000, 0.000000000000000000, -1.000000000000000000 ) ) ;
#4992 = ORIENTED_EDGE ( 'NONE', *, *, #2297, .F. ) ;
#4993 = DIRECTION ( 'NONE',  ( -0.000000000000000000, 0.000000000000000000, -1.000000000000000000 ) ) ;
#4994 = DIRECTION ( 'NONE',  ( 0.000000000000000000, 0.000000000000000000, -1.000000000000000000 ) ) ;
#4995 = SURFACE_STYLE_USAGE ( .BOTH. , #5377 ) ;
#4996 = VERTEX_POINT ( 'NONE', #3859 ) ;
#4997 = ORIENTED_EDGE ( 'NONE', *, *, #287, .T. ) ;
#4998 = CARTESIAN_POINT ( 'NONE',  ( 0.000000000000000000, 0.8556308804057267681, -1.128932602121957007 ) ) ;
#4999 = EDGE_CURVE ( 'NONE', #3865, #2446, #3826, .T. ) ;
#5000 = FACE_OUTER_BOUND ( 'NONE', #4232, .T. ) ;
#5001 = CARTESIAN_POINT ( 'NONE',  ( 0.7299999999999999822, 0.000000000000000000, 0.000000000000000000 ) ) ;
#5002 = CARTESIAN_POINT ( 'NONE',  ( 0.7299999999999999822, -0.6250000000000001110, -0.9250000000000007105 ) ) ;
#5003 = LINE ( 'NONE', #2117, #1086 ) ;
#5004 = VECTOR ( 'NONE', #1477, 1000.000000000000000 ) ;
#5005 = EDGE_LOOP ( 'NONE', ( #4650, #4771, #1307, #4563 ) ) ;
#5006 = UNCERTAINTY_MEASURE_WITH_UNIT (LENGTH_MEASURE( 1.000000000000000082E-05 ), #1824, 'distance_accuracy_value', 'NONE');
#5007 = DIRECTION ( 'NONE',  ( 0.000000000000000000, 0.000000000000000000, -1.000000000000000000 ) ) ;
#5008 = DIRECTION ( 'NONE',  ( 0.000000000000000000, 0.000000000000000000, -1.000000000000000000 ) ) ;
#5009 = AXIS2_PLACEMENT_3D ( 'NONE', #6052, #5544, #5952 ) ;
#5010 = ADVANCED_FACE ( 'NONE', ( #5242 ), #1221, .T. ) ;
#5011 = FILL_AREA_STYLE ('',( #3072 ) ) ;
#5012 = ORIENTED_EDGE ( 'NONE', *, *, #4249, .T. ) ;
#5013 = CARTESIAN_POINT ( 'NONE',  ( 0.7299999999999999822, -0.8750000000000001110, 0.9250000000000002665 ) ) ;
#5014 = SURFACE_STYLE_USAGE ( .BOTH. , #5922 ) ;
#5015 = FACE_OUTER_BOUND ( 'NONE', #2334, .T. ) ;
#5016 = CARTESIAN_POINT ( 'NONE',  ( 0.5300000000000000266, -0.1250000000000001110, -1.400000000000000577 ) ) ;
#5017 = VECTOR ( 'NONE', #5944, 1000.000000000000000 ) ;
#5018 = STYLED_ITEM ( 'NONE', ( #5097 ), #56 ) ;
#5019 = LINE ( 'NONE', #3214, #5838 ) ;
#5020 = ORIENTED_EDGE ( 'NONE', *, *, #2482, .T. ) ;
#5021 = EDGE_CURVE ( 'NONE', #2179, #2779, #4800, .T. ) ;
#5022 = COLOUR_RGB ( '',0.1019607843137254888, 0.1019607843137254888, 0.1019607843137254888 ) ;
#5023 = VECTOR ( 'NONE', #5709, 1000.000000000000000 ) ;
#5024 = DIRECTION ( 'NONE',  ( 0.000000000000000000, 0.000000000000000000, -1.000000000000000000 ) ) ;
#5025 = CARTESIAN_POINT ( 'NONE',  ( 0.5300000000000000266, -0.6250000000000001110, -1.400000000000000577 ) ) ;
#5026 = DIRECTION ( 'NONE',  ( 0.000000000000000000, 0.000000000000000000, 1.000000000000000000 ) ) ;
#5027 = MECHANICAL_DESIGN_GEOMETRIC_PRESENTATION_REPRESENTATION (  '', ( #4029 ), #473 ) ;
#5028 = VERTEX_POINT ( 'NONE', #4323 ) ;
#5029 = VERTEX_POINT ( 'NONE', #2359 ) ;
#5030 = VECTOR ( 'NONE', #5703, 1000.000000000000000 ) ;
#5031 =( LENGTH_UNIT ( ) NAMED_UNIT ( * ) SI_UNIT ( .MILLI., .METRE. ) );
#5032 =( GEOMETRIC_REPRESENTATION_CONTEXT ( 3 ) GLOBAL_UNCERTAINTY_ASSIGNED_CONTEXT ( ( #5456 ) ) GLOBAL_UNIT_ASSIGNED_CONTEXT ( ( #5158, #1314, #6158 ) ) REPRESENTATION_CONTEXT ( 'NONE', 'WORKASPACE' ) );
#5033 = FACE_OUTER_BOUND ( 'NONE', #5430, .T. ) ;
#5034 = LINE ( 'NONE', #4159, #2775 ) ;
#5035 = CARTESIAN_POINT ( 'NONE',  ( 0.5300000000000000266, 1.150000000000000133, 0.1249999999999996808 ) ) ;
#5036 = EDGE_LOOP ( 'NONE', ( #4076, #1647, #5752, #1122 ) ) ;
#5037 = SURFACE_STYLE_FILL_AREA ( #2598 ) ;
#5038 = CARTESIAN_POINT ( 'NONE',  ( 0.7299999999999999822, 0.6249999999999998890, 1.400000000000000133 ) ) ;
#5039 = CIRCLE ( 'NONE', #4646, 0.1750560047594175161 ) ;
#5040 = CARTESIAN_POINT ( 'NONE',  ( 0.7299999999999999822, 0.8749999999999998890, -1.025000000000000799 ) ) ;
#5041 = ORIENTED_EDGE ( 'NONE', *, *, #3265, .F. ) ;
#5042 = CARTESIAN_POINT ( 'NONE',  ( 0.5300000000000000266, -1.150000000000000133, 0.6249999999999996669 ) ) ;
#5043 = STYLED_ITEM ( 'NONE', ( #2369 ), #1100 ) ;
#5044 = AXIS2_PLACEMENT_3D ( 'NONE', #13, #980, #1966 ) ;
#5045 = CARTESIAN_POINT ( 'NONE',  ( 0.5300000000000000266, 0.6750000000000002665, 0.6249999999999996669 ) ) ;
#5046 = ORIENTED_EDGE ( 'NONE', *, *, #5984, .F. ) ;
#5047 = ADVANCED_FACE ( 'NONE', ( #4293 ), #742, .T. ) ;
#5048 = VECTOR ( 'NONE', #2762, 1000.000000000000000 ) ;
#5049 = FACE_OUTER_BOUND ( 'NONE', #4308, .T. ) ;
#5050 = AXIS2_PLACEMENT_3D ( 'NONE', #970, #1571, #1004 ) ;
#5051 = SURFACE_STYLE_FILL_AREA ( #3175 ) ;
#5052 = CARTESIAN_POINT ( 'NONE',  ( 0.5300000000000000266, 0.7749999999999999112, -0.9250000000000007105 ) ) ;
#5053 = LINE ( 'NONE', #710, #6031 ) ;
#5054 = DIRECTION ( 'NONE',  ( 0.000000000000000000, -1.000000000000000000, 0.000000000000000000 ) ) ;
#5055 = SURFACE_SIDE_STYLE ('',( #3637 ) ) ;
#5056 = ORIENTED_EDGE ( 'NONE', *, *, #1779, .F. ) ;
#5057 = VECTOR ( 'NONE', #5292, 1000.000000000000000 ) ;
#5058 =( LENGTH_UNIT ( ) NAMED_UNIT ( * ) SI_UNIT ( .MILLI., .METRE. ) );
#5059 =( NAMED_UNIT ( * ) PLANE_ANGLE_UNIT ( ) SI_UNIT ( $, .RADIAN. ) );
#5060 = ADVANCED_FACE ( 'NONE', ( #6278 ), #83, .F. ) ;
#5061 = CARTESIAN_POINT ( 'NONE',  ( 0.5300000000000000266, -0.8750000000000001110, 0.9250000000000002665 ) ) ;
#5062 = ORIENTED_EDGE ( 'NONE', *, *, #2396, .T. ) ;
#5063 = EDGE_CURVE ( 'NONE', #3067, #1394, #2034, .T. ) ;
#5064 = ORIENTED_EDGE ( 'NONE', *, *, #6205, .T. ) ;
#5065 = LINE ( 'NONE', #1661, #1482 ) ;
#5066 = PLANE ( 'NONE',  #461 ) ;
#5067 = PLANE ( 'NONE',  #2785 ) ;
#5068 = CARTESIAN_POINT ( 'NONE',  ( 0.5300000000000000266, -0.6250000000000001110, -0.9250000000000007105 ) ) ;
#5069 = CARTESIAN_POINT ( 'NONE',  ( 0.5300000000000000266, -0.3750000000000001110, 0.9250000000000002665 ) ) ;
#5070 = LINE ( 'NONE', #3559, #1683 ) ;
#5071 = ORIENTED_EDGE ( 'NONE', *, *, #4620, .T. ) ;
#5072 = PLANE ( 'NONE',  #4388 ) ;
#5073 = CARTESIAN_POINT ( 'NONE',  ( 0.5300000000000000266, 0.6249999999999998890, -0.9250000000000007105 ) ) ;
#5074 = LINE ( 'NONE', #1736, #4133 ) ;
#5075 =( NAMED_UNIT ( * ) PLANE_ANGLE_UNIT ( ) SI_UNIT ( $, .RADIAN. ) );
#5076 = ORIENTED_EDGE ( 'NONE', *, *, #527, .T. ) ;
#5077 = FACE_OUTER_BOUND ( 'NONE', #4954, .T. ) ;
#5078 = SURFACE_SIDE_STYLE ('',( #4075 ) ) ;
#5079 = ORIENTED_EDGE ( 'NONE', *, *, #3362, .F. ) ;
#5080 = DIRECTION ( 'NONE',  ( 1.000000000000000000, 0.000000000000000000, 0.000000000000000000 ) ) ;
#5081 = FILL_AREA_STYLE_COLOUR ( '', #4724 ) ;
#5082 = PRESENTATION_STYLE_ASSIGNMENT (( #3153 ) ) ;
#5083 =( LENGTH_UNIT ( ) NAMED_UNIT ( * ) SI_UNIT ( .MILLI., .METRE. ) );
#5084 = ADVANCED_FACE ( 'NONE', ( #5332 ), #3404, .F. ) ;
#5085 = VERTEX_POINT ( 'NONE', #572 ) ;
#5086 = VECTOR ( 'NONE', #488, 1000.000000000000000 ) ;
#5087 = LINE ( 'NONE', #3736, #3842 ) ;
#5088 = VECTOR ( 'NONE', #3303, 1000.000000000000000 ) ;
#5089 =( LENGTH_UNIT ( ) NAMED_UNIT ( * ) SI_UNIT ( .MILLI., .METRE. ) );
#5090 = CARTESIAN_POINT ( 'NONE',  ( 0.5300000000000000266, 0.6750000000000002665, 0.1249999999999996808 ) ) ;
#5091 = ADVANCED_FACE ( 'NONE', ( #2516 ), #3950, .T. ) ;
#5092 = CARTESIAN_POINT ( 'NONE',  ( 0.5300000000000000266, 0.6249999999999998890, 0.9250000000000002665 ) ) ;
#5093 = STYLED_ITEM ( 'NONE', ( #930 ), #2056 ) ;
#5094 = UNCERTAINTY_MEASURE_WITH_UNIT (LENGTH_MEASURE( 1.000000000000000082E-05 ), #1060, 'distance_accuracy_value', 'NONE');
#5095 = ORIENTED_EDGE ( 'NONE', *, *, #5857, .F. ) ;
#5096 = CARTESIAN_POINT ( 'NONE',  ( 0.5300000000000000266, 0.1249999999999998890, 0.9250000000000002665 ) ) ;
#5097 = PRESENTATION_STYLE_ASSIGNMENT (( #3683 ) ) ;
#5098 = SURFACE_SIDE_STYLE ('',( #4030 ) ) ;
#5099 = CARTESIAN_POINT ( 'NONE',  ( 0.5300000000000000266, 0.3749999999999998890, 1.400000000000000133 ) ) ;
#5100 = DIRECTION ( 'NONE',  ( 1.000000000000000000, 0.000000000000000000, -0.000000000000000000 ) ) ;
#5101 = EDGE_LOOP ( 'NONE', ( #6246, #2160, #4605, #4723 ) ) ;
#5102 = LINE ( 'NONE', #698, #107 ) ;
#5103 = ADVANCED_FACE ( 'NONE', ( #3532 ), #1106, .F. ) ;
#5104 = DIRECTION ( 'NONE',  ( 0.000000000000000000, -1.000000000000000000, 0.000000000000000000 ) ) ;
#5105 = PLANE ( 'NONE',  #262 ) ;
#5106 = PLANE ( 'NONE',  #750 ) ;
#5107 = ORIENTED_EDGE ( 'NONE', *, *, #1401, .F. ) ;
#5108 = LINE ( 'NONE', #2279, #3547 ) ;
#5109 = DIRECTION ( 'NONE',  ( 0.000000000000000000, 0.000000000000000000, 1.000000000000000000 ) ) ;
#5110 = EDGE_LOOP ( 'NONE', ( #4528, #1038, #757, #464 ) ) ;
#5111 = SURFACE_STYLE_USAGE ( .BOTH. , #2191 ) ;
#5112 = DIRECTION ( 'NONE',  ( 0.000000000000000000, 1.000000000000000000, -0.000000000000000000 ) ) ;
#5113 = SURFACE_SIDE_STYLE ('',( #3210 ) ) ;
#5114 = DIRECTION ( 'NONE',  ( -0.000000000000000000, -0.000000000000000000, -1.000000000000000000 ) ) ;
#5115 = ORIENTED_EDGE ( 'NONE', *, *, #779, .F. ) ;
#5116 = EDGE_CURVE ( 'NONE', #5692, #3694, #1526, .T. ) ;
#5117 =( GEOMETRIC_REPRESENTATION_CONTEXT ( 3 ) GLOBAL_UNCERTAINTY_ASSIGNED_CONTEXT ( ( #4153 ) ) GLOBAL_UNIT_ASSIGNED_CONTEXT ( ( #2935, #1476, #5756 ) ) REPRESENTATION_CONTEXT ( 'NONE', 'WORKASPACE' ) );
#5118 = CARTESIAN_POINT ( 'NONE',  ( 0.5300000000000000266, -0.1250000000000001110, 1.400000000000000133 ) ) ;
#5119 = UNCERTAINTY_MEASURE_WITH_UNIT (LENGTH_MEASURE( 1.000000000000000082E-05 ), #2055, 'distance_accuracy_value', 'NONE');
#5120 = PRESENTATION_STYLE_ASSIGNMENT (( #5529 ) ) ;
#5121 = ORIENTED_EDGE ( 'NONE', *, *, #5116, .F. ) ;
#5122 = COLOUR_RGB ( '',0.7921568627450980005, 0.8196078431372548767, 0.9333333333333333481 ) ;
#5123 = EDGE_CURVE ( 'NONE', #5878, #2298, #5983, .T. ) ;
#5124 =( LENGTH_UNIT ( ) NAMED_UNIT ( * ) SI_UNIT ( .MILLI., .METRE. ) );
#5125 =( LENGTH_UNIT ( ) NAMED_UNIT ( * ) SI_UNIT ( .MILLI., .METRE. ) );
#5126 = CARTESIAN_POINT ( 'NONE',  ( -0.1000000000000000056, -1.250000000000000000, 1.499999999999999778 ) ) ;
#5127 = VECTOR ( 'NONE', #5920, 1000.000000000000000 ) ;
#5128 = CARTESIAN_POINT ( 'NONE',  ( 0.000000000000000000, 0.8556308804057267681, -0.9538765973625393801 ) ) ;
#5129 = AXIS2_PLACEMENT_3D ( 'NONE', #2006, #643, #1045 ) ;
#5130 = ORIENTED_EDGE ( 'NONE', *, *, #2336, .T. ) ;
#5131 = EDGE_LOOP ( 'NONE', ( #2118, #1055, #4229, #1353 ) ) ;
#5132 = DIRECTION ( 'NONE',  ( 1.000000000000000000, -0.000000000000000000, -0.000000000000000000 ) ) ;
#5133 = MECHANICAL_DESIGN_GEOMETRIC_PRESENTATION_REPRESENTATION (  '', ( #6235 ), #4233 ) ;
#5134 = CIRCLE ( 'NONE', #4031, 0.1750560047594175161 ) ;
#5135 = SURFACE_STYLE_FILL_AREA ( #2724 ) ;
#5136 = DIRECTION ( 'NONE',  ( -0.000000000000000000, -1.000000000000000000, -0.000000000000000000 ) ) ;
#5137 = SURFACE_STYLE_FILL_AREA ( #5011 ) ;
#5138 = ORIENTED_EDGE ( 'NONE', *, *, #6072, .F. ) ;
#5139 = FILL_AREA_STYLE ('',( #3203 ) ) ;
#5140 = PLANE ( 'NONE',  #854 ) ;
#5141 = SURFACE_STYLE_FILL_AREA ( #1740 ) ;
#5142 = EDGE_CURVE ( 'NONE', #2704, #160, #4575, .T. ) ;
#5143 = STYLED_ITEM ( 'NONE', ( #5120 ), #1076 ) ;
#5144 = ORIENTED_EDGE ( 'NONE', *, *, #5708, .T. ) ;
#5145 = AXIS2_PLACEMENT_3D ( 'NONE', #6104, #3709, #2270 ) ;
#5146 =( NAMED_UNIT ( * ) SI_UNIT ( $, .STERADIAN. ) SOLID_ANGLE_UNIT ( ) );
#5147 = CARTESIAN_POINT ( 'NONE',  ( 0.7299999999999999822, 0.6249999999999998890, -1.400000000000000577 ) ) ;
#5148 = CARTESIAN_POINT ( 'NONE',  ( 0.5300000000000000266, -1.150000000000000133, 0.1249999999999996808 ) ) ;
#5149 = VECTOR ( 'NONE', #2243, 1000.000000000000000 ) ;
#5150 = EDGE_CURVE ( 'NONE', #2562, #5627, #2693, .T. ) ;
#5151 = VERTEX_POINT ( 'NONE', #211 ) ;
#5152 = SURFACE_STYLE_FILL_AREA ( #5583 ) ;
#5153 = VECTOR ( 'NONE', #950, 1000.000000000000000 ) ;
#5154 = ORIENTED_EDGE ( 'NONE', *, *, #1183, .T. ) ;
#5155 =( GEOMETRIC_REPRESENTATION_CONTEXT ( 3 ) GLOBAL_UNCERTAINTY_ASSIGNED_CONTEXT ( ( #4483 ) ) GLOBAL_UNIT_ASSIGNED_CONTEXT ( ( #2259, #3698, #1271 ) ) REPRESENTATION_CONTEXT ( 'NONE', 'WORKASPACE' ) );
#5156 = CARTESIAN_POINT ( 'NONE',  ( 0.7299999999999999822, -0.6250000000000001110, 1.400000000000000133 ) ) ;
#5157 = MECHANICAL_DESIGN_GEOMETRIC_PRESENTATION_REPRESENTATION (  '', ( #5853 ), #3234 ) ;
#5158 =( LENGTH_UNIT ( ) NAMED_UNIT ( * ) SI_UNIT ( .MILLI., .METRE. ) );
#5159 = VECTOR ( 'NONE', #5196, 1000.000000000000000 ) ;
#5160 = ADVANCED_FACE ( 'NONE', ( #2227 ), #5605, .F. ) ;
#5161 = SURFACE_SIDE_STYLE ('',( #3227 ) ) ;
#5162 = PRESENTATION_STYLE_ASSIGNMENT (( #3708 ) ) ;
#5163 = CARTESIAN_POINT ( 'NONE',  ( 0.5300000000000000266, 0.6249999999999998890, 0.9250000000000002665 ) ) ;
#5164 = EDGE_CURVE ( 'NONE', #1658, #1808, #3147, .T. ) ;
#5165 = CARTESIAN_POINT ( 'NONE',  ( 0.5300000000000000266, -0.3750000000000001110, -0.9250000000000007105 ) ) ;
#5166 = ORIENTED_EDGE ( 'NONE', *, *, #1479, .F. ) ;
#5167 = ORIENTED_EDGE ( 'NONE', *, *, #1972, .T. ) ;
#5168 = CARTESIAN_POINT ( 'NONE',  ( 0.5300000000000000266, -0.6250000000000001110, 0.9250000000000002665 ) ) ;
#5169 = DIRECTION ( 'NONE',  ( 0.000000000000000000, 1.000000000000000000, 0.000000000000000000 ) ) ;
#5170 = CARTESIAN_POINT ( 'NONE',  ( 0.5300000000000000266, 0.000000000000000000, 0.000000000000000000 ) ) ;
#5171 = EDGE_LOOP ( 'NONE', ( #5213, #4342, #2045, #159 ) ) ;
#5172 = CARTESIAN_POINT ( 'NONE',  ( 0.5300000000000000266, 0.6750000000000002665, 0.6249999999999996669 ) ) ;
#5173 =( LENGTH_UNIT ( ) NAMED_UNIT ( * ) SI_UNIT ( .MILLI., .METRE. ) );
#5174 = ORIENTED_EDGE ( 'NONE', *, *, #5997, .T. ) ;
#5175 =( NAMED_UNIT ( * ) SI_UNIT ( $, .STERADIAN. ) SOLID_ANGLE_UNIT ( ) );
#5176 = EDGE_CURVE ( 'NONE', #503, #917, #139, .T. ) ;
#5177 = CARTESIAN_POINT ( 'NONE',  ( 0.5300000000000000266, 0.6750000000000002665, 0.1249999999999996808 ) ) ;
#5178 = ORIENTED_EDGE ( 'NONE', *, *, #1941, .F. ) ;
#5179 = FILL_AREA_STYLE_COLOUR ( '', #5753 ) ;
#5180 = ORIENTED_EDGE ( 'NONE', *, *, #969, .F. ) ;
#5181 = ORIENTED_EDGE ( 'NONE', *, *, #3548, .T. ) ;
#5182 = FILL_AREA_STYLE_COLOUR ( '', #5743 ) ;
#5183 = FILL_AREA_STYLE ('',( #1788 ) ) ;
#5184 = DIRECTION ( 'NONE',  ( -0.000000000000000000, -0.000000000000000000, 1.000000000000000000 ) ) ;
#5185 = FACE_OUTER_BOUND ( 'NONE', #5110, .T. ) ;
#5186 = CARTESIAN_POINT ( 'NONE',  ( 0.7299999999999999822, -1.150000000000000133, -0.1250000000000003331 ) ) ;
#5187 = FILL_AREA_STYLE ('',( #362 ) ) ;
#5188 = ORIENTED_EDGE ( 'NONE', *, *, #2136, .F. ) ;
#5189 = ORIENTED_EDGE ( 'NONE', *, *, #4810, .F. ) ;
#5190 = ADVANCED_FACE ( 'NONE', ( #5513 ), #3566, .F. ) ;
#5191 = FACE_OUTER_BOUND ( 'NONE', #1760, .T. ) ;
#5192 = FILL_AREA_STYLE ('',( #435 ) ) ;
#5193 = CARTESIAN_POINT ( 'NONE',  ( 0.5300000000000000266, -1.150000000000000133, 0.1249999999999996808 ) ) ;
#5194 = DIRECTION ( 'NONE',  ( 0.000000000000000000, -1.000000000000000000, 0.000000000000000000 ) ) ;
#5195 = EDGE_LOOP ( 'NONE', ( #5691, #2748, #2273, #2795 ) ) ;
#5196 = DIRECTION ( 'NONE',  ( -1.000000000000000000, -0.000000000000000000, -0.000000000000000000 ) ) ;
#5197 = CARTESIAN_POINT ( 'NONE',  ( 0.5300000000000000266, 0.6750000000000002665, 0.1249999999999996808 ) ) ;
#5198 = DIRECTION ( 'NONE',  ( 0.000000000000000000, 0.000000000000000000, -1.000000000000000000 ) ) ;
#5199 = ORIENTED_EDGE ( 'NONE', *, *, #423, .F. ) ;
#5200 = CARTESIAN_POINT ( 'NONE',  ( 0.1000000000000000056, 0.8556308804057267681, -1.128932602121957007 ) ) ;
#5201 = CARTESIAN_POINT ( 'NONE',  ( 0.7299999999999999822, 0.3749999999999998890, -1.400000000000000577 ) ) ;
#5202 = ADVANCED_FACE ( 'NONE', ( #1137 ), #3628, .F. ) ;
#5203 = SURFACE_SIDE_STYLE ('',( #6239 ) ) ;
#5204 = SURFACE_STYLE_USAGE ( .BOTH. , #6146 ) ;
#5205 = ORIENTED_EDGE ( 'NONE', *, *, #3498, .T. ) ;
#5206 =( GEOMETRIC_REPRESENTATION_CONTEXT ( 3 ) GLOBAL_UNCERTAINTY_ASSIGNED_CONTEXT ( ( #679 ) ) GLOBAL_UNIT_ASSIGNED_CONTEXT ( ( #3333, #2722, #5662 ) ) REPRESENTATION_CONTEXT ( 'NONE', 'WORKASPACE' ) );
#5207 = CARTESIAN_POINT ( 'NONE',  ( 0.7299999999999999822, 0.3749999999999998890, 1.400000000000000133 ) ) ;
#5208 = DIRECTION ( 'NONE',  ( 1.000000000000000000, -0.000000000000000000, -0.000000000000000000 ) ) ;
#5209 = CARTESIAN_POINT ( 'NONE',  ( -0.1000000000000000056, 0.8556308804057267681, -0.9538765973625393801 ) ) ;
#5210 = VECTOR ( 'NONE', #5786, 1000.000000000000000 ) ;
#5211 = VERTEX_POINT ( 'NONE', #2349 ) ;
#5212 = DIRECTION ( 'NONE',  ( 0.000000000000000000, -1.000000000000000000, -0.000000000000000000 ) ) ;
#5213 = ORIENTED_EDGE ( 'NONE', *, *, #1712, .T. ) ;
#5214 = PRESENTATION_STYLE_ASSIGNMENT (( #5305 ) ) ;
#5215 = DIRECTION ( 'NONE',  ( 0.000000000000000000, 0.000000000000000000, -1.000000000000000000 ) ) ;
#5216 = EDGE_LOOP ( 'NONE', ( #2871, #6113, #310, #4642 ) ) ;
#5217 =( LENGTH_UNIT ( ) NAMED_UNIT ( * ) SI_UNIT ( .MILLI., .METRE. ) );
#5218 = EDGE_CURVE ( 'NONE', #1127, #3792, #2253, .T. ) ;
#5219 = PLANE ( 'NONE',  #4919 ) ;
#5220 = DIRECTION ( 'NONE',  ( 1.000000000000000000, -0.000000000000000000, -0.000000000000000000 ) ) ;
#5221 = LINE ( 'NONE', #1826, #4037 ) ;
#5222 = PRESENTATION_LAYER_ASSIGNMENT (  '', '', ( #1669 ) ) ;
#5223 = ORIENTED_EDGE ( 'NONE', *, *, #133, .T. ) ;
#5224 = ORIENTED_EDGE ( 'NONE', *, *, #3396, .F. ) ;
#5225 = DIRECTION ( 'NONE',  ( 0.000000000000000000, -1.000000000000000000, 0.000000000000000000 ) ) ;
#5226 = DIRECTION ( 'NONE',  ( 1.000000000000000000, -0.000000000000000000, 0.000000000000000000 ) ) ;
#5227 = DIRECTION ( 'NONE',  ( -0.000000000000000000, -1.000000000000000000, -0.000000000000000000 ) ) ;
#5228 = VECTOR ( 'NONE', #3310, 1000.000000000000000 ) ;
#5229 = CARTESIAN_POINT ( 'NONE',  ( 0.7299999999999999822, -1.250000000000000000, 1.499999999999999778 ) ) ;
#5230 = VERTEX_POINT ( 'NONE', #3758 ) ;
#5231 = AXIS2_PLACEMENT_3D ( 'NONE', #5148, #2641, #3113 ) ;
#5232 = LINE ( 'NONE', #3816, #5555 ) ;
#5233 = EDGE_LOOP ( 'NONE', ( #5121, #3841, #4813, #2226 ) ) ;
#5234 = VECTOR ( 'NONE', #5775, 1000.000000000000000 ) ;
#5235 = VECTOR ( 'NONE', #5592, 1000.000000000000000 ) ;
#5236 = VECTOR ( 'NONE', #2314, 1000.000000000000000 ) ;
#5237 = SURFACE_STYLE_USAGE ( .BOTH. , #6237 ) ;
#5238 = DIRECTION ( 'NONE',  ( 0.000000000000000000, 0.000000000000000000, 1.000000000000000000 ) ) ;
#5239 = CARTESIAN_POINT ( 'NONE',  ( 0.7299999999999999822, 0.1249999999999998890, -0.9250000000000007105 ) ) ;
#5240 = VERTEX_POINT ( 'NONE', #5768 ) ;
#5241 = AXIS2_PLACEMENT_3D ( 'NONE', #2460, #1978, #552 ) ;
#5242 = FACE_OUTER_BOUND ( 'NONE', #4562, .T. ) ;
#5243 = CARTESIAN_POINT ( 'NONE',  ( 0.7299999999999999822, 0.000000000000000000, 0.000000000000000000 ) ) ;
#5244 = EDGE_CURVE ( 'NONE', #3858, #4972, #5669, .T. ) ;
#5245 = ORIENTED_EDGE ( 'NONE', *, *, #4860, .F. ) ;
#5246 = FACE_OUTER_BOUND ( 'NONE', #874, .T. ) ;
#5247 = ORIENTED_EDGE ( 'NONE', *, *, #1627, .F. ) ;
#5248 = VECTOR ( 'NONE', #4836, 1000.000000000000000 ) ;
#5249 = VECTOR ( 'NONE', #3, 1000.000000000000000 ) ;
#5250 = PLANE ( 'NONE',  #4288 ) ;
#5251 = MECHANICAL_DESIGN_GEOMETRIC_PRESENTATION_REPRESENTATION (  '', ( #5851 ), #58 ) ;
#5252 = ORIENTED_EDGE ( 'NONE', *, *, #5331, .T. ) ;
#5253 = VECTOR ( 'NONE', #3886, 1000.000000000000000 ) ;
#5254 = SURFACE_STYLE_USAGE ( .BOTH. , #3381 ) ;
#5255 = AXIS2_PLACEMENT_3D ( 'NONE', #3277, #5738, #3158 ) ;
#5256 = VERTEX_POINT ( 'NONE', #819 ) ;
#5257 = STYLED_ITEM ( 'NONE', ( #1491 ), #4140 ) ;
#5258 = AXIS2_PLACEMENT_3D ( 'NONE', #1428, #5226, #4346 ) ;
#5259 = AXIS2_PLACEMENT_3D ( 'NONE', #101, #2052, #1063 ) ;
#5260 = ADVANCED_FACE ( 'NONE', ( #1330, #2321 ), #4665, .T. ) ;
#5261 = CARTESIAN_POINT ( 'NONE',  ( 0.7299999999999999822, -0.3750000000000001110, -1.400000000000000577 ) ) ;
#5262 = FACE_OUTER_BOUND ( 'NONE', #5659, .T. ) ;
#5263 = MECHANICAL_DESIGN_GEOMETRIC_PRESENTATION_REPRESENTATION (  '', ( #5560 ), #6262 ) ;
#5264 = EDGE_CURVE ( 'NONE', #2235, #3107, #4192, .T. ) ;
#5265 = ORIENTED_EDGE ( 'NONE', *, *, #2849, .F. ) ;
#5266 = ORIENTED_EDGE ( 'NONE', *, *, #5288, .F. ) ;
#5267 = LINE ( 'NONE', #5374, #4460 ) ;
#5268 = ORIENTED_EDGE ( 'NONE', *, *, #1249, .F. ) ;
#5269 = SURFACE_STYLE_FILL_AREA ( #1359 ) ;
#5270 = ORIENTED_EDGE ( 'NONE', *, *, #1244, .F. ) ;
#5271 = FACE_OUTER_BOUND ( 'NONE', #3165, .T. ) ;
#5272 = EDGE_LOOP ( 'NONE', ( #881, #2589, #3073, #4175 ) ) ;
#5273 = CARTESIAN_POINT ( 'NONE',  ( 0.5300000000000000266, 0.6249999999999998890, 1.400000000000000133 ) ) ;
#5274 = FILL_AREA_STYLE_COLOUR ( '', #375 ) ;
#5275 = PRESENTATION_STYLE_ASSIGNMENT (( #3671 ) ) ;
#5276 = VERTEX_POINT ( 'NONE', #2862 ) ;
#5277 = SURFACE_STYLE_USAGE ( .BOTH. , #1414 ) ;
#5278 = SURFACE_STYLE_FILL_AREA ( #1939 ) ;
#5279 = FILL_AREA_STYLE ('',( #3319 ) ) ;
#5280 = VERTEX_POINT ( 'NONE', #5700 ) ;
#5281 = CARTESIAN_POINT ( 'NONE',  ( 0.5300000000000000266, 0.8749999999999998890, 0.9250000000000002665 ) ) ;
#5282 = ADVANCED_FACE ( 'NONE', ( #2730 ), #3299, .F. ) ;
#5283 = SURFACE_STYLE_USAGE ( .BOTH. , #1945 ) ;
#5284 = CARTESIAN_POINT ( 'NONE',  ( 0.7299999999999999822, 0.8749999999999998890, -1.025000000000000799 ) ) ;
#5285 = FACE_OUTER_BOUND ( 'NONE', #1926, .T. ) ;
#5286 = ORIENTED_EDGE ( 'NONE', *, *, #2874, .F. ) ;
#5287 = VERTEX_POINT ( 'NONE', #1870 ) ;
#5288 = EDGE_CURVE ( 'NONE', #4632, #212, #5232, .T. ) ;
#5289 = FACE_OUTER_BOUND ( 'NONE', #5195, .T. ) ;
#5290 = COLOUR_RGB ( '',0.7921568627450980005, 0.8196078431372548767, 0.9333333333333333481 ) ;
#5291 = SURFACE_STYLE_FILL_AREA ( #3367 ) ;
#5292 = DIRECTION ( 'NONE',  ( 1.000000000000000000, -0.000000000000000000, -0.000000000000000000 ) ) ;
#5293 = PRESENTATION_LAYER_ASSIGNMENT (  '', '', ( #2661 ) ) ;
#5294 = PRESENTATION_STYLE_ASSIGNMENT (( #4944 ) ) ;
#5295 = ORIENTED_EDGE ( 'NONE', *, *, #2136, .T. ) ;
#5296 = ADVANCED_FACE ( 'NONE', ( #2756 ), #3851, .F. ) ;
#5297 = ADVANCED_FACE ( 'NONE', ( #1034 ), #5824, .T. ) ;
#5298 = SURFACE_STYLE_FILL_AREA ( #3372 ) ;
#5299 = PRESENTATION_STYLE_ASSIGNMENT (( #4765 ) ) ;
#5300 = CARTESIAN_POINT ( 'NONE',  ( 0.5300000000000000266, 1.150000000000000133, -0.6250000000000003331 ) ) ;
#5301 = ORIENTED_EDGE ( 'NONE', *, *, #5164, .F. ) ;
#5302 = FACE_OUTER_BOUND ( 'NONE', #654, .T. ) ;
#5303 = DIRECTION ( 'NONE',  ( -1.000000000000000000, 0.000000000000000000, -0.000000000000000000 ) ) ;
#5304 = LINE ( 'NONE', #2929, #5023 ) ;
#5305 = SURFACE_STYLE_USAGE ( .BOTH. , #3313 ) ;
#5306 = CARTESIAN_POINT ( 'NONE',  ( 0.7299999999999999822, -0.6250000000000001110, 0.9250000000000002665 ) ) ;
#5307 = CARTESIAN_POINT ( 'NONE',  ( 0.7299999999999999822, -1.150000000000000133, -0.3750000000000003331 ) ) ;
#5308 = EDGE_CURVE ( 'NONE', #4430, #899, #1516, .T. ) ;
#5309 = ORIENTED_EDGE ( 'NONE', *, *, #3626, .F. ) ;
#5310 = CARTESIAN_POINT ( 'NONE',  ( 0.7299999999999999822, 0.6750000000000002665, -0.6250000000000003331 ) ) ;
#5311 = VECTOR ( 'NONE', #3812, 1000.000000000000000 ) ;
#5312 = FACE_OUTER_BOUND ( 'NONE', #4731, .T. ) ;
#5313 = DIRECTION ( 'NONE',  ( 0.000000000000000000, 0.000000000000000000, 1.000000000000000000 ) ) ;
#5314 = CARTESIAN_POINT ( 'NONE',  ( -0.1000000000000000056, 1.250000000000000000, -1.500000000000000222 ) ) ;
#5315 = STYLED_ITEM ( 'NONE', ( #747 ), #6139 ) ;
#5316 = ORIENTED_EDGE ( 'NONE', *, *, #3664, .F. ) ;
#5317 = EDGE_CURVE ( 'NONE', #6166, #2562, #2028, .T. ) ;
#5318 = ORIENTED_EDGE ( 'NONE', *, *, #1648, .F. ) ;
#5319 = FILL_AREA_STYLE ('',( #1566 ) ) ;
#5320 = CARTESIAN_POINT ( 'NONE',  ( 0.5300000000000000266, 0.6249999999999998890, 1.400000000000000133 ) ) ;
#5321 = VECTOR ( 'NONE', #1637, 1000.000000000000000 ) ;
#5322 = DIRECTION ( 'NONE',  ( 0.000000000000000000, -1.000000000000000000, 0.000000000000000000 ) ) ;
#5323 = CLOSED_SHELL ( 'NONE', ( #587, #5856, #6053, #6216, #870, #2381, #1165, #961, #4214, #5367, #2051, #862, #1750, #1925, #3888, #3280, #5964, #1882, #5938, #230, #4140, #4831, #2056, #2736, #5615, #5160, #2197, #946, #6273, #5790, #3154, #722, #5297, #3312, #2583, #3990, #1725, #2388, #1019, #510, #4111, #3172, #4242, #1100, #3354, #363, #3789, #5010, #1367, #5060, #1076, #4922, #548, #648, #2985, #1512, #349, #1421, #163, #3740, #4205, #3181, #4404, #5202, #263, #5872, #3798, #5296, #6100, #1334, #2213, #3283, #6126, #3077, #2607, #5599, #2865, #1986, #2644, #3222 ) ) ;
#5324 = CARTESIAN_POINT ( 'NONE',  ( 0.000000000000000000, 0.8556308804057267681, -1.128932602121957007 ) ) ;
#5325 = ORIENTED_EDGE ( 'NONE', *, *, #561, .T. ) ;
#5326 = DIRECTION ( 'NONE',  ( 0.000000000000000000, -0.000000000000000000, -1.000000000000000000 ) ) ;
#5327 = CARTESIAN_POINT ( 'NONE',  ( 0.7299999999999999822, 0.6750000000000002665, 0.1249999999999996808 ) ) ;
#5328 = DIRECTION ( 'NONE',  ( 1.000000000000000000, -0.000000000000000000, 0.000000000000000000 ) ) ;
#5329 = ORIENTED_EDGE ( 'NONE', *, *, #1136, .F. ) ;
#5330 = FILL_AREA_STYLE ('',( #3306 ) ) ;
#5331 = EDGE_CURVE ( 'NONE', #2627, #5598, #1201, .T. ) ;
#5332 = FACE_OUTER_BOUND ( 'NONE', #851, .T. ) ;
#5333 = AXIS2_PLACEMENT_3D ( 'NONE', #4080, #1176, #5960 ) ;
#5334 = DIRECTION ( 'NONE',  ( 0.000000000000000000, -1.000000000000000000, 0.000000000000000000 ) ) ;
#5335 = PRESENTATION_LAYER_ASSIGNMENT (  '', '', ( #1179 ) ) ;
#5336 = SURFACE_STYLE_USAGE ( .BOTH. , #5679 ) ;
#5337 = EDGE_CURVE ( 'NONE', #6117, #3604, #1544, .T. ) ;
#5338 = DIRECTION ( 'NONE',  ( 1.000000000000000000, -0.000000000000000000, -0.000000000000000000 ) ) ;
#5339 = VECTOR ( 'NONE', #3371, 1000.000000000000000 ) ;
#5340 =( NAMED_UNIT ( * ) PLANE_ANGLE_UNIT ( ) SI_UNIT ( $, .RADIAN. ) );
#5341 = DIRECTION ( 'NONE',  ( 0.000000000000000000, 0.000000000000000000, 1.000000000000000000 ) ) ;
#5342 =( GEOMETRIC_REPRESENTATION_CONTEXT ( 3 ) GLOBAL_UNCERTAINTY_ASSIGNED_CONTEXT ( ( #110 ) ) GLOBAL_UNIT_ASSIGNED_CONTEXT ( ( #2139, #2265, #3129 ) ) REPRESENTATION_CONTEXT ( 'NONE', 'WORKASPACE' ) );
#5343 = CIRCLE ( 'NONE', #4838, 0.1750560047594175161 ) ;
#5344 = ORIENTED_EDGE ( 'NONE', *, *, #3928, .F. ) ;
#5345 = DIRECTION ( 'NONE',  ( 0.000000000000000000, -0.000000000000000000, 1.000000000000000000 ) ) ;
#5346 = VECTOR ( 'NONE', #2065, 1000.000000000000000 ) ;
#5347 = DIRECTION ( 'NONE',  ( 0.000000000000000000, -0.000000000000000000, -1.000000000000000000 ) ) ;
#5348 = MECHANICAL_DESIGN_GEOMETRIC_PRESENTATION_REPRESENTATION (  '', ( #984 ), #690 ) ;
#5349 = FACE_OUTER_BOUND ( 'NONE', #1170, .T. ) ;
#5350 =( NAMED_UNIT ( * ) SI_UNIT ( $, .STERADIAN. ) SOLID_ANGLE_UNIT ( ) );
#5351 = ORIENTED_EDGE ( 'NONE', *, *, #3167, .T. ) ;
#5352 = CIRCLE ( 'NONE', #5444, 0.1750560047594175161 ) ;
#5353 = EDGE_CURVE ( 'NONE', #5933, #4766, #2445, .T. ) ;
#5354 = VECTOR ( 'NONE', #924, 1000.000000000000000 ) ;
#5355 = ORIENTED_EDGE ( 'NONE', *, *, #5750, .T. ) ;
#5356 = STYLED_ITEM ( 'NONE', ( #2830 ), #5260 ) ;
#5357 = FACE_OUTER_BOUND ( 'NONE', #6010, .T. ) ;
#5358 = MECHANICAL_DESIGN_GEOMETRIC_PRESENTATION_REPRESENTATION (  '', ( #3541 ), #3943 ) ;
#5359 = FILL_AREA_STYLE ('',( #4942 ) ) ;
#5360 = VERTEX_POINT ( 'NONE', #2886 ) ;
#5361 = LINE ( 'NONE', #1152, #3412 ) ;
#5362 = CARTESIAN_POINT ( 'NONE',  ( 0.7299999999999999822, -0.3750000000000001110, -0.9250000000000007105 ) ) ;
#5363 = PLANE ( 'NONE',  #1279 ) ;
#5364 = VERTEX_POINT ( 'NONE', #5413 ) ;
#5365 = EDGE_CURVE ( 'NONE', #866, #6172, #535, .T. ) ;
#5366 = DIRECTION ( 'NONE',  ( 0.000000000000000000, 1.000000000000000000, 0.000000000000000000 ) ) ;
#5367 = ADVANCED_FACE ( 'NONE', ( #2543 ), #5, .F. ) ;
#5368 = SURFACE_SIDE_STYLE ('',( #612 ) ) ;
#5369 = CARTESIAN_POINT ( 'NONE',  ( 0.5300000000000000266, 0.000000000000000000, 0.000000000000000000 ) ) ;
#5370 = PLANE ( 'NONE',  #2518 ) ;
#5371 = DIRECTION ( 'NONE',  ( 0.000000000000000000, -1.000000000000000000, 0.000000000000000000 ) ) ;
#5372 = VERTEX_POINT ( 'NONE', #2146 ) ;
#5373 = SURFACE_SIDE_STYLE ('',( #3448 ) ) ;
#5374 = CARTESIAN_POINT ( 'NONE',  ( 0.5300000000000000266, -0.6750000000000002665, 0.1249999999999996808 ) ) ;
#5375 = SURFACE_STYLE_FILL_AREA ( #1888 ) ;
#5376 = PLANE ( 'NONE',  #1792 ) ;
#5377 = SURFACE_SIDE_STYLE ('',( #2019 ) ) ;
#5378 = CARTESIAN_POINT ( 'NONE',  ( 0.7299999999999999822, -0.8750000000000001110, 0.9250000000000002665 ) ) ;
#5379 = VERTEX_POINT ( 'NONE', #3164 ) ;
#5380 = VERTEX_POINT ( 'NONE', #2658 ) ;
#5381 = UNCERTAINTY_MEASURE_WITH_UNIT (LENGTH_MEASURE( 1.000000000000000082E-05 ), #5173, 'distance_accuracy_value', 'NONE');
#5382 =( LENGTH_UNIT ( ) NAMED_UNIT ( * ) SI_UNIT ( .MILLI., .METRE. ) );
#5383 = CARTESIAN_POINT ( 'NONE',  ( 0.000000000000000000, 1.250000000000000000, 1.499999999999999778 ) ) ;
#5384 = LINE ( 'NONE', #72, #5515 ) ;
#5385 = ORIENTED_EDGE ( 'NONE', *, *, #450, .T. ) ;
#5386 = EDGE_CURVE ( 'NONE', #4321, #1726, #5476, .T. ) ;
#5387 = DIRECTION ( 'NONE',  ( 0.000000000000000000, -1.000000000000000000, -0.000000000000000000 ) ) ;
#5388 = PRESENTATION_STYLE_ASSIGNMENT (( #3463 ) ) ;
#5389 = AXIS2_PLACEMENT_3D ( 'NONE', #5320, #98, #4974 ) ;
#5390 = EDGE_LOOP ( 'NONE', ( #632, #5138, #1600, #1352 ) ) ;
#5391 = CARTESIAN_POINT ( 'NONE',  ( 0.5300000000000000266, 0.000000000000000000, 0.000000000000000000 ) ) ;
#5392 = DIRECTION ( 'NONE',  ( 0.000000000000000000, -1.000000000000000000, 0.000000000000000000 ) ) ;
#5393 = VECTOR ( 'NONE', #6024, 1000.000000000000000 ) ;
#5394 = EDGE_CURVE ( 'NONE', #3797, #4699, #3036, .T. ) ;
#5395 = ADVANCED_FACE ( 'NONE', ( #3558 ), #2217, .F. ) ;
#5396 = CARTESIAN_POINT ( 'NONE',  ( 0.7299999999999999822, 0.3749999999999998890, -0.9250000000000007105 ) ) ;
#5397 = CARTESIAN_POINT ( 'NONE',  ( 0.7299999999999999822, 0.6249999999999998890, -1.400000000000000577 ) ) ;
#5398 = SURFACE_STYLE_FILL_AREA ( #5836 ) ;
#5399 = CARTESIAN_POINT ( 'NONE',  ( 0.7299999999999999822, 0.6249999999999998890, 1.400000000000000133 ) ) ;
#5400 = DIRECTION ( 'NONE',  ( -1.000000000000000000, -0.000000000000000000, -0.000000000000000000 ) ) ;
#5401 = VERTEX_POINT ( 'NONE', #4624 ) ;
#5402 = VECTOR ( 'NONE', #2947, 1000.000000000000000 ) ;
#5403 = CARTESIAN_POINT ( 'NONE',  ( 0.5300000000000000266, 0.6750000000000002665, 0.3749999999999996669 ) ) ;
#5404 = CARTESIAN_POINT ( 'NONE',  ( 0.000000000000000000, 1.250000000000000000, 1.499999999999999778 ) ) ;
#5405 =( NAMED_UNIT ( * ) SI_UNIT ( $, .STERADIAN. ) SOLID_ANGLE_UNIT ( ) );
#5406 = DIRECTION ( 'NONE',  ( 1.000000000000000000, -0.000000000000000000, -0.000000000000000000 ) ) ;
#5407 = ORIENTED_EDGE ( 'NONE', *, *, #2090, .T. ) ;
#5408 = EDGE_LOOP ( 'NONE', ( #1070, #1564, #44, #1115 ) ) ;
#5409 = STYLED_ITEM ( 'NONE', ( #1643 ), #5938 ) ;
#5410 = EDGE_CURVE ( 'NONE', #96, #6122, #130, .T. ) ;
#5411 = LINE ( 'NONE', #1058, #2261 ) ;
#5412 = EDGE_CURVE ( 'NONE', #3971, #3271, #2079, .T. ) ;
#5413 = CARTESIAN_POINT ( 'NONE',  ( 0.5300000000000000266, 0.6249999999999998890, 1.400000000000000133 ) ) ;
#5414 = ORIENTED_EDGE ( 'NONE', *, *, #3521, .T. ) ;
#5415 = CARTESIAN_POINT ( 'NONE',  ( 0.7299999999999999822, 0.1249999999999998890, 1.400000000000000133 ) ) ;
#5416 =( GEOMETRIC_REPRESENTATION_CONTEXT ( 3 ) GLOBAL_UNCERTAINTY_ASSIGNED_CONTEXT ( ( #259 ) ) GLOBAL_UNIT_ASSIGNED_CONTEXT ( ( #360, #4243, #1825 ) ) REPRESENTATION_CONTEXT ( 'NONE', 'WORKASPACE' ) );
#5417 = SURFACE_STYLE_FILL_AREA ( #2476 ) ;
#5418 = VERTEX_POINT ( 'NONE', #6078 ) ;
#5419 = SURFACE_STYLE_USAGE ( .BOTH. , #2575 ) ;
#5420 =( NAMED_UNIT ( * ) SI_UNIT ( $, .STERADIAN. ) SOLID_ANGLE_UNIT ( ) );
#5421 = AXIS2_PLACEMENT_3D ( 'NONE', #4050, #3177, #3117 ) ;
#5422 = EDGE_CURVE ( 'NONE', #4268, #3792, #5034, .T. ) ;
#5423 =( NAMED_UNIT ( * ) SI_UNIT ( $, .STERADIAN. ) SOLID_ANGLE_UNIT ( ) );
#5424 = UNCERTAINTY_MEASURE_WITH_UNIT (LENGTH_MEASURE( 1.000000000000000082E-05 ), #3081, 'distance_accuracy_value', 'NONE');
#5425 = CARTESIAN_POINT ( 'NONE',  ( 0.1000000000000000056, 0.8556308804057267681, -1.303988606881374412 ) ) ;
#5426 = DIRECTION ( 'NONE',  ( 1.000000000000000000, -0.000000000000000000, -0.000000000000000000 ) ) ;
#5427 = COLOUR_RGB ( '',0.1019607843137254888, 0.1019607843137254888, 0.1019607843137254888 ) ;
#5428 = EDGE_CURVE ( 'NONE', #1733, #743, #5536, .T. ) ;
#5429 = LINE ( 'NONE', #3987, #1289 ) ;
#5430 = EDGE_LOOP ( 'NONE', ( #1853, #5722, #724, #4366 ) ) ;
#5431 = PRESENTATION_LAYER_ASSIGNMENT (  '', '', ( #3832 ) ) ;
#5432 = VECTOR ( 'NONE', #2156, 1000.000000000000000 ) ;
#5433 = CARTESIAN_POINT ( 'NONE',  ( 0.5300000000000000266, -0.8750000000000001110, 1.400000000000000133 ) ) ;
#5434 = DIRECTION ( 'NONE',  ( 0.000000000000000000, 0.000000000000000000, -1.000000000000000000 ) ) ;
#5435 = AXIS2_PLACEMENT_3D ( 'NONE', #5061, #806, #2742 ) ;
#5436 = LINE ( 'NONE', #1088, #2857 ) ;
#5437 = VERTEX_POINT ( 'NONE', #167 ) ;
#5438 = EDGE_LOOP ( 'NONE', ( #338, #1301, #847, #3161 ) ) ;
#5439 = EDGE_CURVE ( 'NONE', #6110, #5580, #4594, .T. ) ;
#5440 = AXIS2_PLACEMENT_3D ( 'NONE', #3700, #1719, #2738 ) ;
#5441 = EDGE_CURVE ( 'NONE', #2212, #3694, #630, .T. ) ;
#5442 = AXIS2_PLACEMENT_3D ( 'NONE', #1286, #2684, #1759 ) ;
#5443 = DIRECTION ( 'NONE',  ( 0.000000000000000000, 0.000000000000000000, -1.000000000000000000 ) ) ;
#5444 = AXIS2_PLACEMENT_3D ( 'NONE', #987, #490, #5341 ) ;
#5445 = CARTESIAN_POINT ( 'NONE',  ( 0.7299999999999999822, 1.250000000000000000, -1.500000000000000222 ) ) ;
#5446 = PRESENTATION_LAYER_ASSIGNMENT (  '', '', ( #5649 ) ) ;
#5447 = DIRECTION ( 'NONE',  ( 1.000000000000000000, 0.000000000000000000, -0.000000000000000000 ) ) ;
#5448 = MECHANICAL_DESIGN_GEOMETRIC_PRESENTATION_REPRESENTATION (  '', ( #892 ), #382 ) ;
#5449 = VERTEX_POINT ( 'NONE', #5002 ) ;
#5450 = VECTOR ( 'NONE', #5208, 1000.000000000000000 ) ;
#5451 = UNCERTAINTY_MEASURE_WITH_UNIT (LENGTH_MEASURE( 1.000000000000000082E-05 ), #3520, 'distance_accuracy_value', 'NONE');
#5452 = VECTOR ( 'NONE', #218, 1000.000000000000000 ) ;
#5453 = AXIS2_PLACEMENT_3D ( 'NONE', #3847, #466, #3365 ) ;
#5454 =( LENGTH_UNIT ( ) NAMED_UNIT ( * ) SI_UNIT ( .MILLI., .METRE. ) );
#5455 = ORIENTED_EDGE ( 'NONE', *, *, #801, .T. ) ;
#5456 = UNCERTAINTY_MEASURE_WITH_UNIT (LENGTH_MEASURE( 1.000000000000000082E-05 ), #5158, 'distance_accuracy_value', 'NONE');
#5457 = SURFACE_SIDE_STYLE ('',( #4481 ) ) ;
#5458 =( GEOMETRIC_REPRESENTATION_CONTEXT ( 3 ) GLOBAL_UNCERTAINTY_ASSIGNED_CONTEXT ( ( #4505 ) ) GLOBAL_UNIT_ASSIGNED_CONTEXT ( ( #1580, #5955, #672 ) ) REPRESENTATION_CONTEXT ( 'NONE', 'WORKASPACE' ) );
#5459 =( NAMED_UNIT ( * ) PLANE_ANGLE_UNIT ( ) SI_UNIT ( $, .RADIAN. ) );
#5460 =( NAMED_UNIT ( * ) SI_UNIT ( $, .STERADIAN. ) SOLID_ANGLE_UNIT ( ) );
#5461 = DIRECTION ( 'NONE',  ( 0.000000000000000000, 0.000000000000000000, 1.000000000000000000 ) ) ;
#5462 = UNCERTAINTY_MEASURE_WITH_UNIT (LENGTH_MEASURE( 1.000000000000000082E-05 ), #6062, 'distance_accuracy_value', 'NONE');
#5463 = LINE ( 'NONE', #1114, #5539 ) ;
#5464 = ORIENTED_EDGE ( 'NONE', *, *, #3785, .T. ) ;
#5465 = EDGE_CURVE ( 'NONE', #2512, #290, #2594, .T. ) ;
#5466 = CARTESIAN_POINT ( 'NONE',  ( 0.5300000000000000266, -0.6250000000000001110, -0.9250000000000007105 ) ) ;
#5467 = DIRECTION ( 'NONE',  ( 0.000000000000000000, -1.000000000000000000, 0.000000000000000000 ) ) ;
#5468 = CARTESIAN_POINT ( 'NONE',  ( 0.7299999999999999822, 1.150000000000000133, -0.3750000000000003331 ) ) ;
#5469 = VERTEX_POINT ( 'NONE', #5501 ) ;
#5470 = ORIENTED_EDGE ( 'NONE', *, *, #5758, .T. ) ;
#5471 = EDGE_CURVE ( 'NONE', #5666, #4544, #1665, .T. ) ;
#5472 =( NAMED_UNIT ( * ) SI_UNIT ( $, .STERADIAN. ) SOLID_ANGLE_UNIT ( ) );
#5473 = DIRECTION ( 'NONE',  ( 0.000000000000000000, 0.000000000000000000, 1.000000000000000000 ) ) ;
#5474 = PLANE ( 'NONE',  #3296 ) ;
#5475 = PLANE ( 'NONE',  #2000 ) ;
#5476 = LINE ( 'NONE', #3659, #3749 ) ;
#5477 = CARTESIAN_POINT ( 'NONE',  ( 0.7299999999999999822, 0.6750000000000002665, -0.6250000000000003331 ) ) ;
#5478 = ORIENTED_EDGE ( 'NONE', *, *, #2336, .F. ) ;
#5479 = DIRECTION ( 'NONE',  ( -1.000000000000000000, 0.000000000000000000, -0.000000000000000000 ) ) ;
#5480 = CARTESIAN_POINT ( 'NONE',  ( 0.5300000000000000266, -0.8750000000000001110, -0.9250000000000007105 ) ) ;
#5481 = EDGE_LOOP ( 'NONE', ( #4965, #2842, #3784, #237 ) ) ;
#5482 = ADVANCED_FACE ( 'NONE', ( #234 ), #3583, .F. ) ;
#5483 = DIRECTION ( 'NONE',  ( 0.000000000000000000, -1.000000000000000000, 0.000000000000000000 ) ) ;
#5484 = CARTESIAN_POINT ( 'NONE',  ( 0.5300000000000000266, 0.8749999999999998890, 1.400000000000000133 ) ) ;
#5485 = CARTESIAN_POINT ( 'NONE',  ( 0.7299999999999999822, 0.1249999999999998890, -1.400000000000000577 ) ) ;
#5486 = LINE ( 'NONE', #5869, #5746 ) ;
#5487 = UNCERTAINTY_MEASURE_WITH_UNIT (LENGTH_MEASURE( 1.000000000000000082E-05 ), #3019, 'distance_accuracy_value', 'NONE');
#5488 = VECTOR ( 'NONE', #1203, 1000.000000000000000 ) ;
#5489 =( NAMED_UNIT ( * ) SI_UNIT ( $, .STERADIAN. ) SOLID_ANGLE_UNIT ( ) );
#5490 = VERTEX_POINT ( 'NONE', #693 ) ;
#5491 = SURFACE_STYLE_USAGE ( .BOTH. , #617 ) ;
#5492 = CARTESIAN_POINT ( 'NONE',  ( 0.7299999999999999822, 0.3749999999999998890, -0.9250000000000007105 ) ) ;
#5493 = CARTESIAN_POINT ( 'NONE',  ( 0.7299999999999999822, 1.250000000000000000, 1.499999999999999778 ) ) ;
#5494 = ORIENTED_EDGE ( 'NONE', *, *, #5386, .F. ) ;
#5495 = COLOUR_RGB ( '',0.1019607843137254888, 0.1019607843137254888, 0.1019607843137254888 ) ;
#5496 = ORIENTED_EDGE ( 'NONE', *, *, #3155, .T. ) ;
#5497 = LINE ( 'NONE', #1696, #1072 ) ;
#5498 = COLOUR_RGB ( '',0.1019607843137254888, 0.1019607843137254888, 0.1019607843137254888 ) ;
#5499 = LINE ( 'NONE', #5940, #2304 ) ;
#5500 = EDGE_CURVE ( 'NONE', #759, #4120, #2631, .T. ) ;
#5501 = CARTESIAN_POINT ( 'NONE',  ( 0.5300000000000000266, -0.6750000000000002665, -0.1250000000000003331 ) ) ;
#5502 = FACE_OUTER_BOUND ( 'NONE', #1457, .T. ) ;
#5503 = VECTOR ( 'NONE', #4906, 1000.000000000000000 ) ;
#5504 = ORIENTED_EDGE ( 'NONE', *, *, #712, .T. ) ;
#5505 = UNCERTAINTY_MEASURE_WITH_UNIT (LENGTH_MEASURE( 1.000000000000000082E-05 ), #6114, 'distance_accuracy_value', 'NONE');
#5506 = DIRECTION ( 'NONE',  ( 0.000000000000000000, -1.000000000000000000, 0.000000000000000000 ) ) ;
#5507 = DIRECTION ( 'NONE',  ( -0.000000000000000000, -1.000000000000000000, -0.000000000000000000 ) ) ;
#5508 = PRESENTATION_LAYER_ASSIGNMENT (  '', '', ( #1557 ) ) ;
#5509 = SURFACE_STYLE_FILL_AREA ( #4072 ) ;
#5510 = ORIENTED_EDGE ( 'NONE', *, *, #5116, .T. ) ;
#5511 = CARTESIAN_POINT ( 'NONE',  ( -0.1000000000000000056, 0.8556308804057267681, -1.128932602121957007 ) ) ;
#5512 = AXIS2_PLACEMENT_3D ( 'NONE', #224, #192, #4117 ) ;
#5513 = FACE_OUTER_BOUND ( 'NONE', #541, .T. ) ;
#5514 = EDGE_LOOP ( 'NONE', ( #2375, #443, #1236, #327 ) ) ;
#5515 = VECTOR ( 'NONE', #2470, 1000.000000000000000 ) ;
#5516 = CARTESIAN_POINT ( 'NONE',  ( 0.7299999999999999822, 0.3749999999999998890, 0.9250000000000002665 ) ) ;
#5517 = EDGE_CURVE ( 'NONE', #5240, #2779, #3686, .T. ) ;
#5518 = SURFACE_STYLE_USAGE ( .BOTH. , #6116 ) ;
#5519 = PLANE ( 'NONE',  #4225 ) ;
#5520 = CARTESIAN_POINT ( 'NONE',  ( 0.7299999999999999822, -0.8750000000000001110, 1.400000000000000133 ) ) ;
#5521 = COLOUR_RGB ( '',0.1019607843137254888, 0.1019607843137254888, 0.1019607843137254888 ) ;
#5522 = EDGE_CURVE ( 'NONE', #1327, #3830, #2374, .T. ) ;
#5523 = ORIENTED_EDGE ( 'NONE', *, *, #3197, .F. ) ;
#5524 =( GEOMETRIC_REPRESENTATION_CONTEXT ( 3 ) GLOBAL_UNCERTAINTY_ASSIGNED_CONTEXT ( ( #769 ) ) GLOBAL_UNIT_ASSIGNED_CONTEXT ( ( #5089, #154, #5901 ) ) REPRESENTATION_CONTEXT ( 'NONE', 'WORKASPACE' ) );
#5525 = PRESENTATION_LAYER_ASSIGNMENT (  '', '', ( #4926 ) ) ;
#5526 = SURFACE_STYLE_FILL_AREA ( #2646 ) ;
#5527 = DIRECTION ( 'NONE',  ( 1.000000000000000000, 0.000000000000000000, 0.000000000000000000 ) ) ;
#5528 =( NAMED_UNIT ( * ) PLANE_ANGLE_UNIT ( ) SI_UNIT ( $, .RADIAN. ) );
#5529 = SURFACE_STYLE_USAGE ( .BOTH. , #5589 ) ;
#5530 = ORIENTED_EDGE ( 'NONE', *, *, #4276, .T. ) ;
#5531 = VERTEX_POINT ( 'NONE', #430 ) ;
#5532 = VECTOR ( 'NONE', #5990, 1000.000000000000000 ) ;
#5533 = PLANE ( 'NONE',  #4431 ) ;
#5534 = VECTOR ( 'NONE', #6128, 1000.000000000000000 ) ;
#5535 = CARTESIAN_POINT ( 'NONE',  ( 0.5300000000000000266, 0.6249999999999998890, 0.9250000000000002665 ) ) ;
#5536 = LINE ( 'NONE', #4502, #1770 ) ;
#5537 = CARTESIAN_POINT ( 'NONE',  ( 0.7299999999999999822, -1.150000000000000133, 0.3749999999999996669 ) ) ;
#5538 = ORIENTED_EDGE ( 'NONE', *, *, #409, .F. ) ;
#5539 = VECTOR ( 'NONE', #4928, 1000.000000000000000 ) ;
#5540 = AXIS2_PLACEMENT_3D ( 'NONE', #3392, #5322, #968 ) ;
#5541 =( NAMED_UNIT ( * ) SI_UNIT ( $, .STERADIAN. ) SOLID_ANGLE_UNIT ( ) );
#5542 = CARTESIAN_POINT ( 'NONE',  ( 0.5300000000000000266, -0.6250000000000001110, 1.400000000000000133 ) ) ;
#5543 = CARTESIAN_POINT ( 'NONE',  ( 0.7299999999999999822, 1.150000000000000133, -0.6250000000000003331 ) ) ;
#5544 = DIRECTION ( 'NONE',  ( 0.000000000000000000, -0.000000000000000000, 1.000000000000000000 ) ) ;
#5545 = ORIENTED_EDGE ( 'NONE', *, *, #2067, .T. ) ;
#5546 = MECHANICAL_DESIGN_GEOMETRIC_PRESENTATION_REPRESENTATION (  '', ( #1084 ), #2819 ) ;
#5547 = LINE ( 'NONE', #4220, #3442 ) ;
#5548 = VECTOR ( 'NONE', #4570, 1000.000000000000000 ) ;
#5549 = AXIS2_PLACEMENT_3D ( 'NONE', #2952, #3496, #4865 ) ;
#5550 = CARTESIAN_POINT ( 'NONE',  ( 0.7299999999999999822, -0.8750000000000001110, -1.400000000000000577 ) ) ;
#5551 = VERTEX_POINT ( 'NONE', #5165 ) ;
#5552 = PRESENTATION_LAYER_ASSIGNMENT (  '', '', ( #5257 ) ) ;
#5553 = COLOUR_RGB ( '',0.1019607843137254888, 0.1019607843137254888, 0.1019607843137254888 ) ;
#5554 = PLANE ( 'NONE',  #2605 ) ;
#5555 = VECTOR ( 'NONE', #1899, 1000.000000000000000 ) ;
#5556 =( NAMED_UNIT ( * ) PLANE_ANGLE_UNIT ( ) SI_UNIT ( $, .RADIAN. ) );
#5557 = DIRECTION ( 'NONE',  ( 1.000000000000000000, -0.000000000000000000, -0.000000000000000000 ) ) ;
#5558 = EDGE_CURVE ( 'NONE', #1919, #3130, #3711, .T. ) ;
#5559 = DIRECTION ( 'NONE',  ( 0.000000000000000000, 0.000000000000000000, -1.000000000000000000 ) ) ;
#5560 = STYLED_ITEM ( 'NONE', ( #5578 ), #4242 ) ;
#5561 = ORIENTED_EDGE ( 'NONE', *, *, #4230, .T. ) ;
#5562 = VECTOR ( 'NONE', #2492, 1000.000000000000000 ) ;
#5563 = CARTESIAN_POINT ( 'NONE',  ( 0.5300000000000000266, 0.8749999999999998890, 0.9250000000000002665 ) ) ;
#5564 = FILL_AREA_STYLE ('',( #6069 ) ) ;
#5565 = FILL_AREA_STYLE ('',( #6035 ) ) ;
#5566 = EDGE_CURVE ( 'NONE', #4061, #417, #3193, .T. ) ;
#5567 = ORIENTED_EDGE ( 'NONE', *, *, #3426, .T. ) ;
#5568 = DIRECTION ( 'NONE',  ( 0.000000000000000000, 0.000000000000000000, -1.000000000000000000 ) ) ;
#5569 = LINE ( 'NONE', #986, #1378 ) ;
#5570 = DIRECTION ( 'NONE',  ( 1.000000000000000000, 0.000000000000000000, -0.000000000000000000 ) ) ;
#5571 = CARTESIAN_POINT ( 'NONE',  ( 0.5300000000000000266, 0.6750000000000002665, -0.3750000000000003331 ) ) ;
#5572 = ORIENTED_EDGE ( 'NONE', *, *, #3445, .F. ) ;
#5573 = DIRECTION ( 'NONE',  ( 1.000000000000000000, -0.000000000000000000, 0.000000000000000000 ) ) ;
#5574 = SURFACE_STYLE_USAGE ( .BOTH. , #4134 ) ;
#5575 = DIRECTION ( 'NONE',  ( 0.000000000000000000, 1.000000000000000000, 0.000000000000000000 ) ) ;
#5576 = CARTESIAN_POINT ( 'NONE',  ( 0.7299999999999999822, 0.6249999999999998890, -1.400000000000000577 ) ) ;
#5577 = ORIENTED_EDGE ( 'NONE', *, *, #3197, .T. ) ;
#5578 = PRESENTATION_STYLE_ASSIGNMENT (( #3667 ) ) ;
#5579 = CARTESIAN_POINT ( 'NONE',  ( 0.7299999999999999822, 0.3749999999999998890, -1.400000000000000577 ) ) ;
#5580 = VERTEX_POINT ( 'NONE', #5625 ) ;
#5581 = VECTOR ( 'NONE', #1509, 1000.000000000000000 ) ;
#5582 = LINE ( 'NONE', #2735, #4927 ) ;
#5583 = FILL_AREA_STYLE ('',( #4114 ) ) ;
#5584 = EDGE_CURVE ( 'NONE', #4908, #5418, #2778, .T. ) ;
#5585 = VERTEX_POINT ( 'NONE', #1386 ) ;
#5586 = MECHANICAL_DESIGN_GEOMETRIC_PRESENTATION_REPRESENTATION (  '', ( #213 ), #1028 ) ;
#5587 = STYLED_ITEM ( 'NONE', ( #2983 ), #3154 ) ;
#5588 = FACE_OUTER_BOUND ( 'NONE', #4845, .T. ) ;
#5589 = SURFACE_SIDE_STYLE ('',( #3607 ) ) ;
#5590 = UNCERTAINTY_MEASURE_WITH_UNIT (LENGTH_MEASURE( 1.000000000000000082E-05 ), #6288, 'distance_accuracy_value', 'NONE');
#5591 = ORIENTED_EDGE ( 'NONE', *, *, #3178, .F. ) ;
#5592 = DIRECTION ( 'NONE',  ( -1.000000000000000000, -0.000000000000000000, -0.000000000000000000 ) ) ;
#5593 =( NAMED_UNIT ( * ) SI_UNIT ( $, .STERADIAN. ) SOLID_ANGLE_UNIT ( ) );
#5594 = CARTESIAN_POINT ( 'NONE',  ( 0.5300000000000000266, 0.1249999999999998890, 0.9250000000000002665 ) ) ;
#5595 = DIRECTION ( 'NONE',  ( 0.000000000000000000, 0.000000000000000000, -1.000000000000000000 ) ) ;
#5596 = CARTESIAN_POINT ( 'NONE',  ( 0.7299999999999999822, 0.6750000000000002665, 0.1249999999999996808 ) ) ;
#5597 = ORIENTED_EDGE ( 'NONE', *, *, #5353, .F. ) ;
#5598 = VERTEX_POINT ( 'NONE', #5128 ) ;
#5599 = ADVANCED_FACE ( 'NONE', ( #2244 ), #4656, .F. ) ;
#5600 = CARTESIAN_POINT ( 'NONE',  ( 0.7299999999999999822, -0.6250000000000001110, 1.400000000000000133 ) ) ;
#5601 = LINE ( 'NONE', #2726, #4807 ) ;
#5602 = ORIENTED_EDGE ( 'NONE', *, *, #816, .F. ) ;
#5603 = LINE ( 'NONE', #1262, #3237 ) ;
#5604 = DIRECTION ( 'NONE',  ( 0.000000000000000000, -0.000000000000000000, 1.000000000000000000 ) ) ;
#5605 = PLANE ( 'NONE',  #3023 ) ;
#5606 = ORIENTED_EDGE ( 'NONE', *, *, #5412, .F. ) ;
#5607 = FACE_OUTER_BOUND ( 'NONE', #2790, .T. ) ;
#5608 = PRESENTATION_LAYER_ASSIGNMENT (  '', '', ( #1365 ) ) ;
#5609 = ORIENTED_EDGE ( 'NONE', *, *, #4092, .F. ) ;
#5610 = PLANE ( 'NONE',  #3643 ) ;
#5611 = AXIS2_PLACEMENT_3D ( 'NONE', #3518, #2, #3935 ) ;
#5612 = EDGE_CURVE ( 'NONE', #4372, #1212, #1794, .T. ) ;
#5613 = SURFACE_STYLE_USAGE ( .BOTH. , #5055 ) ;
#5614 = EDGE_LOOP ( 'NONE', ( #1397, #1030, #5606, #1659 ) ) ;
#5615 = ADVANCED_FACE ( 'NONE', ( #302 ), #6165, .F. ) ;
#5616 = CARTESIAN_POINT ( 'NONE',  ( 0.5300000000000000266, -1.150000000000000133, -0.3750000000000003331 ) ) ;
#5617 = CLOSED_SHELL ( 'NONE', ( #3478, #222, #17, #4107, #4180, #6160 ) ) ;
#5618 = UNCERTAINTY_MEASURE_WITH_UNIT (LENGTH_MEASURE( 1.000000000000000082E-05 ), #4894, 'distance_accuracy_value', 'NONE');
#5619 = SURFACE_STYLE_USAGE ( .BOTH. , #3648 ) ;
#5620 = DIRECTION ( 'NONE',  ( 1.000000000000000000, 0.000000000000000000, -0.000000000000000000 ) ) ;
#5621 = DIRECTION ( 'NONE',  ( 0.000000000000000000, -0.000000000000000000, -1.000000000000000000 ) ) ;
#5622 = PLANE ( 'NONE',  #2385 ) ;
#5623 = CARTESIAN_POINT ( 'NONE',  ( 0.7299999999999999822, -1.150000000000000133, -0.3750000000000003331 ) ) ;
#5624 = PRESENTATION_LAYER_ASSIGNMENT (  '', '', ( #2084 ) ) ;
#5625 = CARTESIAN_POINT ( 'NONE',  ( 0.000000000000000000, 1.250000000000000000, -1.500000000000000222 ) ) ;
#5626 = ORIENTED_EDGE ( 'NONE', *, *, #463, .T. ) ;
#5627 = VERTEX_POINT ( 'NONE', #2537 ) ;
#5628 = EDGE_CURVE ( 'NONE', #495, #2650, #5876, .T. ) ;
#5629 = EDGE_CURVE ( 'NONE', #503, #5276, #1536, .T. ) ;
#5630 = PLANE ( 'NONE',  #4697 ) ;
#5631 = PRESENTATION_LAYER_ASSIGNMENT (  '', '', ( #3316 ) ) ;
#5632 = CARTESIAN_POINT ( 'NONE',  ( 0.5300000000000000266, 0.3749999999999998890, 1.400000000000000133 ) ) ;
#5633 = DIRECTION ( 'NONE',  ( 0.000000000000000000, -0.000000000000000000, 1.000000000000000000 ) ) ;
#5634 = FILL_AREA_STYLE ('',( #3720 ) ) ;
#5635 = VERTEX_POINT ( 'NONE', #6263 ) ;
#5636 = SURFACE_STYLE_FILL_AREA ( #5139 ) ;
#5637 = LINE ( 'NONE', #6111, #1977 ) ;
#5638 = SURFACE_SIDE_STYLE ('',( #312 ) ) ;
#5639 = VERTEX_POINT ( 'NONE', #27 ) ;
#5640 = VECTOR ( 'NONE', #6261, 1000.000000000000000 ) ;
#5641 = PLANE ( 'NONE',  #14 ) ;
#5642 = CARTESIAN_POINT ( 'NONE',  ( -0.1000000000000000056, 1.250000000000000000, 1.499999999999999778 ) ) ;
#5643 = FILL_AREA_STYLE_COLOUR ( '', #2295 ) ;
#5644 = VECTOR ( 'NONE', #3053, 1000.000000000000000 ) ;
#5645 =( GEOMETRIC_REPRESENTATION_CONTEXT ( 3 ) GLOBAL_UNCERTAINTY_ASSIGNED_CONTEXT ( ( #633 ) ) GLOBAL_UNIT_ASSIGNED_CONTEXT ( ( #4987, #3437, #5420 ) ) REPRESENTATION_CONTEXT ( 'NONE', 'WORKASPACE' ) );
#5646 = ORIENTED_EDGE ( 'NONE', *, *, #4584, .F. ) ;
#5647 = PRESENTATION_LAYER_ASSIGNMENT (  '', '', ( #4340 ) ) ;
#5648 = DIRECTION ( 'NONE',  ( 0.000000000000000000, 0.000000000000000000, 1.000000000000000000 ) ) ;
#5649 = STYLED_ITEM ( 'NONE', ( #1174 ), #2213 ) ;
#5650 = ORIENTED_EDGE ( 'NONE', *, *, #6119, .F. ) ;
#5651 = COLOUR_RGB ( '',0.1019607843137254888, 0.1019607843137254888, 0.1019607843137254888 ) ;
#5652 = VERTEX_POINT ( 'NONE', #2937 ) ;
#5653 = LINE ( 'NONE', #4565, #6096 ) ;
#5654 = VECTOR ( 'NONE', #4487, 1000.000000000000000 ) ;
#5655 = LINE ( 'NONE', #5092, #4536 ) ;
#5656 = EDGE_CURVE ( 'NONE', #743, #3512, #6290, .T. ) ;
#5657 = DIRECTION ( 'NONE',  ( 0.000000000000000000, -1.000000000000000000, 0.000000000000000000 ) ) ;
#5658 = PLANE ( 'NONE',  #5442 ) ;
#5659 = EDGE_LOOP ( 'NONE', ( #3947, #5020, #6210, #4591 ) ) ;
#5660 = EDGE_CURVE ( 'NONE', #5715, #3836, #2020, .T. ) ;
#5661 = VERTEX_POINT ( 'NONE', #4936 ) ;
#5662 =( NAMED_UNIT ( * ) SI_UNIT ( $, .STERADIAN. ) SOLID_ANGLE_UNIT ( ) );
#5663 = FACE_OUTER_BOUND ( 'NONE', #5272, .T. ) ;
#5664 = LINE ( 'NONE', #3810, #4752 ) ;
#5665 = CARTESIAN_POINT ( 'NONE',  ( 0.5300000000000000266, -0.3750000000000001110, 0.9250000000000002665 ) ) ;
#5666 = VERTEX_POINT ( 'NONE', #4875 ) ;
#5667 = DIRECTION ( 'NONE',  ( 0.000000000000000000, 0.000000000000000000, 1.000000000000000000 ) ) ;
#5668 = DIRECTION ( 'NONE',  ( -1.000000000000000000, 0.000000000000000000, 0.000000000000000000 ) ) ;
#5669 = LINE ( 'NONE', #3270, #795 ) ;
#5670 = EDGE_LOOP ( 'NONE', ( #5325, #4571, #6046, #3572 ) ) ;
#5671 = CARTESIAN_POINT ( 'NONE',  ( 0.7299999999999999822, 0.6750000000000002665, 0.1249999999999996808 ) ) ;
#5672 = LINE ( 'NONE', #2386, #4045 ) ;
#5673 = PLANE ( 'NONE',  #4530 ) ;
#5674 = VERTEX_POINT ( 'NONE', #1947 ) ;
#5675 = SURFACE_STYLE_USAGE ( .BOTH. , #2232 ) ;
#5676 = EDGE_CURVE ( 'NONE', #5490, #1120, #2440, .T. ) ;
#5677 = PLANE ( 'NONE',  #4131 ) ;
#5678 = ORIENTED_EDGE ( 'NONE', *, *, #2967, .F. ) ;
#5679 = SURFACE_SIDE_STYLE ('',( #3350 ) ) ;
#5680 = VERTEX_POINT ( 'NONE', #1981 ) ;
#5681 =( NAMED_UNIT ( * ) SI_UNIT ( $, .STERADIAN. ) SOLID_ANGLE_UNIT ( ) );
#5682 = EDGE_LOOP ( 'NONE', ( #4115, #6265, #3260, #746 ) ) ;
#5683 = DIRECTION ( 'NONE',  ( 0.000000000000000000, 0.000000000000000000, -1.000000000000000000 ) ) ;
#5684 = VECTOR ( 'NONE', #1852, 1000.000000000000000 ) ;
#5685 = CARTESIAN_POINT ( 'NONE',  ( 0.5300000000000000266, 0.8749999999999998890, -1.025000000000000799 ) ) ;
#5686 = STYLED_ITEM ( 'NONE', ( #476 ), #2736 ) ;
#5687 =( LENGTH_UNIT ( ) NAMED_UNIT ( * ) SI_UNIT ( .MILLI., .METRE. ) );
#5688 = LINE ( 'NONE', #5163, #684 ) ;
#5689 = MECHANICAL_DESIGN_GEOMETRIC_PRESENTATION_REPRESENTATION (  '', ( #5093 ), #4386 ) ;
#5690 = SURFACE_SIDE_STYLE ('',( #4210 ) ) ;
#5691 = ORIENTED_EDGE ( 'NONE', *, *, #5584, .T. ) ;
#5692 = VERTEX_POINT ( 'NONE', #4369 ) ;
#5693 = DIRECTION ( 'NONE',  ( 1.000000000000000000, -0.000000000000000000, -0.000000000000000000 ) ) ;
#5694 = PLANE ( 'NONE',  #898 ) ;
#5695 = LINE ( 'NONE', #2784, #5562 ) ;
#5696 = LINE ( 'NONE', #406, #4410 ) ;
#5697 = EDGE_CURVE ( 'NONE', #3321, #2562, #1924, .T. ) ;
#5698 = EDGE_LOOP ( 'NONE', ( #3361, #4907, #3988, #810 ) ) ;
#5699 = PRESENTATION_STYLE_ASSIGNMENT (( #4221 ) ) ;
#5700 = CARTESIAN_POINT ( 'NONE',  ( 0.5300000000000000266, 0.1249999999999998890, 1.400000000000000133 ) ) ;
#5701 = ORIENTED_EDGE ( 'NONE', *, *, #609, .F. ) ;
#5702 = DIRECTION ( 'NONE',  ( -0.000000000000000000, 1.000000000000000000, 0.000000000000000000 ) ) ;
#5703 = DIRECTION ( 'NONE',  ( 0.000000000000000000, 1.000000000000000000, 0.000000000000000000 ) ) ;
#5704 = EDGE_LOOP ( 'NONE', ( #509, #2342, #4156, #5504 ) ) ;
#5705 =( NAMED_UNIT ( * ) SI_UNIT ( $, .STERADIAN. ) SOLID_ANGLE_UNIT ( ) );
#5706 = CARTESIAN_POINT ( 'NONE',  ( 0.5300000000000000266, -0.6750000000000002665, 0.6249999999999996669 ) ) ;
#5707 = ORIENTED_EDGE ( 'NONE', *, *, #305, .F. ) ;
#5708 = EDGE_CURVE ( 'NONE', #4329, #559, #4811, .T. ) ;
#5709 = DIRECTION ( 'NONE',  ( 0.000000000000000000, 0.000000000000000000, 1.000000000000000000 ) ) ;
#5710 = EDGE_LOOP ( 'NONE', ( #1253, #3728, #4378, #4883 ) ) ;
#5711 = EDGE_CURVE ( 'NONE', #392, #1919, #3926, .T. ) ;
#5712 = DIRECTION ( 'NONE',  ( 0.000000000000000000, 0.000000000000000000, 1.000000000000000000 ) ) ;
#5713 = ORIENTED_EDGE ( 'NONE', *, *, #4309, .T. ) ;
#5714 = DIRECTION ( 'NONE',  ( 0.000000000000000000, -0.000000000000000000, 1.000000000000000000 ) ) ;
#5715 = VERTEX_POINT ( 'NONE', #5814 ) ;
#5716 = PRESENTATION_LAYER_ASSIGNMENT (  '', '', ( #3605 ) ) ;
#5717 = CARTESIAN_POINT ( 'NONE',  ( 0.7299999999999999822, 1.250000000000000000, -1.500000000000000222 ) ) ;
#5718 = CARTESIAN_POINT ( 'NONE',  ( 0.7299999999999999822, -0.1250000000000001110, 0.9250000000000002665 ) ) ;
#5719 =( NAMED_UNIT ( * ) SI_UNIT ( $, .STERADIAN. ) SOLID_ANGLE_UNIT ( ) );
#5720 =( GEOMETRIC_REPRESENTATION_CONTEXT ( 3 ) GLOBAL_UNCERTAINTY_ASSIGNED_CONTEXT ( ( #5006 ) ) GLOBAL_UNIT_ASSIGNED_CONTEXT ( ( #1824, #2811, #1681 ) ) REPRESENTATION_CONTEXT ( 'NONE', 'WORKASPACE' ) );
#5721 = ORIENTED_EDGE ( 'NONE', *, *, #2733, .T. ) ;
#5722 = ORIENTED_EDGE ( 'NONE', *, *, #1797, .F. ) ;
#5723 = LINE ( 'NONE', #3751, #623 ) ;
#5724 = LINE ( 'NONE', #1864, #6258 ) ;
#5725 = CARTESIAN_POINT ( 'NONE',  ( 0.7299999999999999822, 0.1249999999999998890, -0.9250000000000007105 ) ) ;
#5726 =( LENGTH_UNIT ( ) NAMED_UNIT ( * ) SI_UNIT ( .MILLI., .METRE. ) );
#5727 = EDGE_LOOP ( 'NONE', ( #2887, #2239, #4278, #4295 ) ) ;
#5728 = AXIS2_PLACEMENT_3D ( 'NONE', #412, #2387, #514 ) ;
#5729 = FILL_AREA_STYLE ('',( #790 ) ) ;
#5730 = ORIENTED_EDGE ( 'NONE', *, *, #3348, .F. ) ;
#5731 = VECTOR ( 'NONE', #723, 1000.000000000000000 ) ;
#5732 = COLOUR_RGB ( '',0.1019607843137254888, 0.1019607843137254888, 0.1019607843137254888 ) ;
#5733 =( GEOMETRIC_REPRESENTATION_CONTEXT ( 3 ) GLOBAL_UNCERTAINTY_ASSIGNED_CONTEXT ( ( #4921 ) ) GLOBAL_UNIT_ASSIGNED_CONTEXT ( ( #106, #5916, #1671 ) ) REPRESENTATION_CONTEXT ( 'NONE', 'WORKASPACE' ) );
#5734 = DIRECTION ( 'NONE',  ( 1.000000000000000000, -0.000000000000000000, 0.000000000000000000 ) ) ;
#5735 = DIRECTION ( 'NONE',  ( 0.000000000000000000, 0.000000000000000000, -1.000000000000000000 ) ) ;
#5736 = ORIENTED_EDGE ( 'NONE', *, *, #1972, .F. ) ;
#5737 = PLANE ( 'NONE',  #2531 ) ;
#5738 = DIRECTION ( 'NONE',  ( 1.000000000000000000, 0.000000000000000000, 0.000000000000000000 ) ) ;
#5739 = DIRECTION ( 'NONE',  ( -1.000000000000000000, 0.000000000000000000, 0.000000000000000000 ) ) ;
#5740 = ORIENTED_EDGE ( 'NONE', *, *, #2718, .T. ) ;
#5741 = CARTESIAN_POINT ( 'NONE',  ( -0.1000000000000000056, -1.250000000000000000, -1.500000000000000222 ) ) ;
#5742 = ORIENTED_EDGE ( 'NONE', *, *, #409, .T. ) ;
#5743 = COLOUR_RGB ( '',0.1019607843137254888, 0.1019607843137254888, 0.1019607843137254888 ) ;
#5744 = MECHANICAL_DESIGN_GEOMETRIC_PRESENTATION_REPRESENTATION (  '', ( #2515 ), #2097 ) ;
#5745 = LINE ( 'NONE', #1375, #5086 ) ;
#5746 = VECTOR ( 'NONE', #88, 1000.000000000000000 ) ;
#5747 = VERTEX_POINT ( 'NONE', #5314 ) ;
#5748 =( GEOMETRIC_REPRESENTATION_CONTEXT ( 3 ) GLOBAL_UNCERTAINTY_ASSIGNED_CONTEXT ( ( #3044 ) ) GLOBAL_UNIT_ASSIGNED_CONTEXT ( ( #482, #6121, #827 ) ) REPRESENTATION_CONTEXT ( 'NONE', 'WORKASPACE' ) );
#5749 = CARTESIAN_POINT ( 'NONE',  ( 0.5300000000000000266, -0.6250000000000001110, 1.400000000000000133 ) ) ;
#5750 = EDGE_CURVE ( 'NONE', #4757, #956, #526, .T. ) ;
#5751 = VECTOR ( 'NONE', #5467, 1000.000000000000000 ) ;
#5752 = ORIENTED_EDGE ( 'NONE', *, *, #3047, .F. ) ;
#5753 = COLOUR_RGB ( '',0.7921568627450980005, 0.8196078431372548767, 0.9333333333333333481 ) ;
#5754 = PRESENTATION_LAYER_ASSIGNMENT (  '', '', ( #2218 ) ) ;
#5755 = MECHANICAL_DESIGN_GEOMETRIC_PRESENTATION_REPRESENTATION (  '', ( #494 ), #900 ) ;
#5756 =( NAMED_UNIT ( * ) SI_UNIT ( $, .STERADIAN. ) SOLID_ANGLE_UNIT ( ) );
#5757 = LINE ( 'NONE', #3576, #1406 ) ;
#5758 = EDGE_CURVE ( 'NONE', #1127, #3750, #4844, .T. ) ;
#5759 = PRESENTATION_LAYER_ASSIGNMENT (  '', '', ( #4057 ) ) ;
#5760 = CARTESIAN_POINT ( 'NONE',  ( 0.5300000000000000266, -0.8750000000000001110, 1.400000000000000133 ) ) ;
#5761 = EDGE_CURVE ( 'NONE', #3266, #4757, #998, .T. ) ;
#5762 = VERTEX_POINT ( 'NONE', #1027 ) ;
#5763 = ORIENTED_EDGE ( 'NONE', *, *, #5500, .T. ) ;
#5764 = PRESENTATION_STYLE_ASSIGNMENT (( #1390 ) ) ;
#5765 = CARTESIAN_POINT ( 'NONE',  ( 0.7299999999999999822, 0.000000000000000000, 0.000000000000000000 ) ) ;
#5766 = DIRECTION ( 'NONE',  ( 1.000000000000000000, 0.000000000000000000, -0.000000000000000000 ) ) ;
#5767 = DIRECTION ( 'NONE',  ( 1.000000000000000000, 0.000000000000000000, 0.000000000000000000 ) ) ;
#5768 = CARTESIAN_POINT ( 'NONE',  ( 0.7299999999999999822, 1.150000000000000133, 0.1249999999999996808 ) ) ;
#5769 = VERTEX_POINT ( 'NONE', #2464 ) ;
#5770 = LINE ( 'NONE', #1303, #4599 ) ;
#5771 = DIRECTION ( 'NONE',  ( -0.000000000000000000, -0.000000000000000000, 1.000000000000000000 ) ) ;
#5772 = ORIENTED_EDGE ( 'NONE', *, *, #1531, .T. ) ;
#5773 = EDGE_CURVE ( 'NONE', #1358, #2409, #3450, .T. ) ;
#5774 =( NAMED_UNIT ( * ) SI_UNIT ( $, .STERADIAN. ) SOLID_ANGLE_UNIT ( ) );
#5775 = DIRECTION ( 'NONE',  ( 0.000000000000000000, 1.000000000000000000, 0.000000000000000000 ) ) ;
#5776 = ORIENTED_EDGE ( 'NONE', *, *, #1633, .F. ) ;
#5777 = SURFACE_STYLE_FILL_AREA ( #451 ) ;
#5778 = FACE_OUTER_BOUND ( 'NONE', #4917, .T. ) ;
#5779 = EDGE_CURVE ( 'NONE', #413, #4268, #2966, .T. ) ;
#5780 = LINE ( 'NONE', #5307, #1396 ) ;
#5781 = VECTOR ( 'NONE', #1863, 1000.000000000000000 ) ;
#5782 = ORIENTED_EDGE ( 'NONE', *, *, #2482, .F. ) ;
#5783 = CARTESIAN_POINT ( 'NONE',  ( 0.000000000000000000, 0.8556308804057267681, -1.128932602121957007 ) ) ;
#5784 = CARTESIAN_POINT ( 'NONE',  ( 0.000000000000000000, 0.000000000000000000, 0.000000000000000000 ) ) ;
#5785 = CARTESIAN_POINT ( 'NONE',  ( 0.7299999999999999822, -0.8750000000000001110, -0.9250000000000007105 ) ) ;
#5786 = DIRECTION ( 'NONE',  ( 0.000000000000000000, 1.000000000000000000, 0.000000000000000000 ) ) ;
#5787 = AXIS2_PLACEMENT_3D ( 'NONE', #4026, #5935, #4065 ) ;
#5788 = ORIENTED_EDGE ( 'NONE', *, *, #4298, .F. ) ;
#5789 = ORIENTED_EDGE ( 'NONE', *, *, #3516, .F. ) ;
#5790 = ADVANCED_FACE ( 'NONE', ( #5285 ), #3963, .F. ) ;
#5791 = FILL_AREA_STYLE ('',( #1985 ) ) ;
#5792 = LINE ( 'NONE', #3391, #4612 ) ;
#5793 = CARTESIAN_POINT ( 'NONE',  ( 0.7299999999999999822, 1.150000000000000133, -0.1250000000000003331 ) ) ;
#5794 =( GEOMETRIC_REPRESENTATION_CONTEXT ( 3 ) GLOBAL_UNCERTAINTY_ASSIGNED_CONTEXT ( ( #5618 ) ) GLOBAL_UNIT_ASSIGNED_CONTEXT ( ( #4894, #3050, #186 ) ) REPRESENTATION_CONTEXT ( 'NONE', 'WORKASPACE' ) );
#5795 = SURFACE_STYLE_USAGE ( .BOTH. , #3878 ) ;
#5796 = VERTEX_POINT ( 'NONE', #2280 ) ;
#5797 = EDGE_CURVE ( 'NONE', #5953, #3292, #4691, .T. ) ;
#5798 = CARTESIAN_POINT ( 'NONE',  ( 0.7299999999999999822, -0.8750000000000001110, -1.400000000000000577 ) ) ;
#5799 = FACE_OUTER_BOUND ( 'NONE', #4777, .T. ) ;
#5800 = CARTESIAN_POINT ( 'NONE',  ( 0.7299999999999999822, -1.150000000000000133, 0.1249999999999996808 ) ) ;
#5801 = CARTESIAN_POINT ( 'NONE',  ( 0.1000000000000000056, 0.8556308804057267681, -1.128932602121957007 ) ) ;
#5802 = ORIENTED_EDGE ( 'NONE', *, *, #6280, .F. ) ;
#5803 = FILL_AREA_STYLE ('',( #1463 ) ) ;
#5804 = CARTESIAN_POINT ( 'NONE',  ( 0.7299999999999999822, 0.000000000000000000, 0.000000000000000000 ) ) ;
#5805 = VECTOR ( 'NONE', #1953, 1000.000000000000000 ) ;
#5806 = CARTESIAN_POINT ( 'NONE',  ( 0.5300000000000000266, -1.150000000000000133, -0.3750000000000003331 ) ) ;
#5807 = FACE_OUTER_BOUND ( 'NONE', #4334, .T. ) ;
#5808 = SURFACE_SIDE_STYLE ('',( #5278 ) ) ;
#5809 = EDGE_CURVE ( 'NONE', #3911, #2704, #3913, .T. ) ;
#5810 = MECHANICAL_DESIGN_GEOMETRIC_PRESENTATION_REPRESENTATION (  '', ( #35 ), #2588 ) ;
#5811 = FACE_BOUND ( 'NONE', #4497, .T. ) ;
#5812 = ORIENTED_EDGE ( 'NONE', *, *, #3233, .T. ) ;
#5813 =( LENGTH_UNIT ( ) NAMED_UNIT ( * ) SI_UNIT ( .MILLI., .METRE. ) );
#5814 = CARTESIAN_POINT ( 'NONE',  ( 0.7299999999999999822, -1.250000000000000000, -1.500000000000000222 ) ) ;
#5815 = VECTOR ( 'NONE', #5443, 1000.000000000000000 ) ;
#5816 = VERTEX_POINT ( 'NONE', #1739 ) ;
#5817 = ORIENTED_EDGE ( 'NONE', *, *, #3085, .T. ) ;
#5818 = UNCERTAINTY_MEASURE_WITH_UNIT (LENGTH_MEASURE( 1.000000000000000082E-05 ), #2664, 'distance_accuracy_value', 'NONE');
#5819 =( LENGTH_UNIT ( ) NAMED_UNIT ( * ) SI_UNIT ( .MILLI., .METRE. ) );
#5821 = PRESENTATION_LAYER_ASSIGNMENT (  '', '', ( #1146 ) ) ;
#5820 = CARTESIAN_POINT ( 'NONE',  ( -0.1000000000000000056, 0.8556308804057267681, -1.128932602121957007 ) ) ;
#5822 = CARTESIAN_POINT ( 'NONE',  ( 0.5300000000000000266, -0.1250000000000001110, -0.9250000000000007105 ) ) ;
#5823 = VECTOR ( 'NONE', #1467, 1000.000000000000000 ) ;
#5824 = PLANE ( 'NONE',  #5259 ) ;
#5825 = EDGE_CURVE ( 'NONE', #3609, #5652, #4758, .T. ) ;
#5826 = EDGE_LOOP ( 'NONE', ( #2841, #3995, #3641, #2459 ) ) ;
#5827 = DIRECTION ( 'NONE',  ( -1.000000000000000000, -0.000000000000000000, -0.000000000000000000 ) ) ;
#5828 =( GEOMETRIC_REPRESENTATION_CONTEXT ( 3 ) GLOBAL_UNCERTAINTY_ASSIGNED_CONTEXT ( ( #697 ) ) GLOBAL_UNIT_ASSIGNED_CONTEXT ( ( #928, #1439, #15 ) ) REPRESENTATION_CONTEXT ( 'NONE', 'WORKASPACE' ) );
#5829 = CARTESIAN_POINT ( 'NONE',  ( 0.5300000000000000266, -0.8750000000000001110, 1.400000000000000133 ) ) ;
#5830 = ORIENTED_EDGE ( 'NONE', *, *, #1258, .T. ) ;
#5831 = DIRECTION ( 'NONE',  ( 0.000000000000000000, 0.000000000000000000, -1.000000000000000000 ) ) ;
#5832 = AXIS2_PLACEMENT_3D ( 'NONE', #4063, #5387, #2172 ) ;
#5833 =( GEOMETRIC_REPRESENTATION_CONTEXT ( 3 ) GLOBAL_UNCERTAINTY_ASSIGNED_CONTEXT ( ( #85 ) ) GLOBAL_UNIT_ASSIGNED_CONTEXT ( ( #3883, #4357, #855 ) ) REPRESENTATION_CONTEXT ( 'NONE', 'WORKASPACE' ) );
#5834 = DIRECTION ( 'NONE',  ( -0.000000000000000000, -0.000000000000000000, 1.000000000000000000 ) ) ;
#5835 =( GEOMETRIC_REPRESENTATION_CONTEXT ( 3 ) GLOBAL_UNCERTAINTY_ASSIGNED_CONTEXT ( ( #4008 ) ) GLOBAL_UNIT_ASSIGNED_CONTEXT ( ( #5813, #2962, #522 ) ) REPRESENTATION_CONTEXT ( 'NONE', 'WORKASPACE' ) );
#5836 = FILL_AREA_STYLE ('',( #1527 ) ) ;
#5837 = CARTESIAN_POINT ( 'NONE',  ( 0.5300000000000000266, -0.3750000000000001110, -0.9250000000000007105 ) ) ;
#5838 = VECTOR ( 'NONE', #2703, 1000.000000000000000 ) ;
#5839 = AXIS2_PLACEMENT_3D ( 'NONE', #5001, #3137, #2144 ) ;
#5840 = EDGE_LOOP ( 'NONE', ( #3205, #2694, #3892, #2556 ) ) ;
#5841 = FACE_OUTER_BOUND ( 'NONE', #802, .T. ) ;
#5842 =( GEOMETRIC_REPRESENTATION_CONTEXT ( 3 ) GLOBAL_UNCERTAINTY_ASSIGNED_CONTEXT ( ( #2060 ) ) GLOBAL_UNIT_ASSIGNED_CONTEXT ( ( #6188, #2706, #5681 ) ) REPRESENTATION_CONTEXT ( 'NONE', 'WORKASPACE' ) );
#5843 = STYLED_ITEM ( 'NONE', ( #5299 ), #2221 ) ;
#5844 = CARTESIAN_POINT ( 'NONE',  ( 0.5300000000000000266, -0.6750000000000002665, -0.3750000000000003331 ) ) ;
#5845 =( GEOMETRIC_REPRESENTATION_CONTEXT ( 3 ) GLOBAL_UNCERTAINTY_ASSIGNED_CONTEXT ( ( #5948 ) ) GLOBAL_UNIT_ASSIGNED_CONTEXT ( ( #5999, #5528, #591 ) ) REPRESENTATION_CONTEXT ( 'NONE', 'WORKASPACE' ) );
#5846 = CARTESIAN_POINT ( 'NONE',  ( 0.7299999999999999822, 0.8749999999999998890, 0.9250000000000002665 ) ) ;
#5847 = EDGE_CURVE ( 'NONE', #5661, #2394, #5637, .T. ) ;
#5848 =( NAMED_UNIT ( * ) PLANE_ANGLE_UNIT ( ) SI_UNIT ( $, .RADIAN. ) );
#5849 = CARTESIAN_POINT ( 'NONE',  ( 0.5300000000000000266, 0.3749999999999998890, 0.9250000000000002665 ) ) ;
#5850 = VERTEX_POINT ( 'NONE', #4167 ) ;
#5851 = STYLED_ITEM ( 'NONE', ( #2085 ), #2381 ) ;
#5852 = EDGE_LOOP ( 'NONE', ( #2817, #5223, #1413, #706 ) ) ;
#5853 = STYLED_ITEM ( 'NONE', ( #4105 ), #5160 ) ;
#5854 = PRESENTATION_STYLE_ASSIGNMENT (( #4939 ) ) ;
#5855 = DIRECTION ( 'NONE',  ( -1.000000000000000000, -0.000000000000000000, -0.000000000000000000 ) ) ;
#5856 = ADVANCED_FACE ( 'NONE', ( #1329 ), #5140, .F. ) ;
#5857 = EDGE_CURVE ( 'NONE', #2179, #1892, #1806, .T. ) ;
#5858 = ORIENTED_EDGE ( 'NONE', *, *, #3928, .T. ) ;
#5859 = COLOUR_RGB ( '',0.1019607843137254888, 0.1019607843137254888, 0.1019607843137254888 ) ;
#5860 = CARTESIAN_POINT ( 'NONE',  ( 0.7299999999999999822, -0.8750000000000001110, -0.9250000000000007105 ) ) ;
#5861 = DIRECTION ( 'NONE',  ( 0.000000000000000000, -1.000000000000000000, 0.000000000000000000 ) ) ;
#5862 = DIRECTION ( 'NONE',  ( 0.000000000000000000, 0.000000000000000000, -1.000000000000000000 ) ) ;
#5863 = ORIENTED_EDGE ( 'NONE', *, *, #1315, .F. ) ;
#5864 = FACE_OUTER_BOUND ( 'NONE', #1261, .T. ) ;
#5865 = CARTESIAN_POINT ( 'NONE',  ( -0.1000000000000000056, -1.250000000000000000, -1.500000000000000222 ) ) ;
#5866 = FILL_AREA_STYLE ('',( #4961 ) ) ;
#5867 = LINE ( 'NONE', #5484, #6098 ) ;
#5868 = PLANE ( 'NONE',  #250 ) ;
#5869 = CARTESIAN_POINT ( 'NONE',  ( 0.7299999999999999822, 0.6249999999999998890, -1.400000000000000577 ) ) ;
#5870 = EDGE_CURVE ( 'NONE', #4062, #5029, #882, .T. ) ;
#5871 = DIRECTION ( 'NONE',  ( 0.000000000000000000, -0.7071067811865474617, 0.7071067811865474617 ) ) ;
#5872 = ADVANCED_FACE ( 'NONE', ( #3757 ), #3170, .F. ) ;
#5873 = VERTEX_POINT ( 'NONE', #5040 ) ;
#5874 = DIRECTION ( 'NONE',  ( 0.000000000000000000, -1.000000000000000000, 0.000000000000000000 ) ) ;
#5875 = CARTESIAN_POINT ( 'NONE',  ( 0.7299999999999999822, -0.6250000000000001110, -0.9250000000000007105 ) ) ;
#5876 = LINE ( 'NONE', #593, #5210 ) ;
#5877 = EDGE_LOOP ( 'NONE', ( #6196, #1747, #1407, #5199 ) ) ;
#5878 = VERTEX_POINT ( 'NONE', #2636 ) ;
#5879 = LINE ( 'NONE', #562, #3269 ) ;
#5880 = SURFACE_SIDE_STYLE ('',( #3967 ) ) ;
#5881 =( LENGTH_UNIT ( ) NAMED_UNIT ( * ) SI_UNIT ( .MILLI., .METRE. ) );
#5882 = EDGE_CURVE ( 'NONE', #1737, #3591, #5601, .T. ) ;
#5883 = ORIENTED_EDGE ( 'NONE', *, *, #3548, .F. ) ;
#5884 = COLOUR_RGB ( '',0.7921568627450980005, 0.8196078431372548767, 0.9333333333333333481 ) ;
#5885 = SURFACE_STYLE_USAGE ( .BOTH. , #2509 ) ;
#5886 = ADVANCED_FACE ( 'NONE', ( #3693 ), #5106, .F. ) ;
#5887 = FACE_OUTER_BOUND ( 'NONE', #3960, .T. ) ;
#5888 = DIRECTION ( 'NONE',  ( -1.000000000000000000, 0.000000000000000000, -0.000000000000000000 ) ) ;
#5889 = ORIENTED_EDGE ( 'NONE', *, *, #2750, .T. ) ;
#5890 = CARTESIAN_POINT ( 'NONE',  ( 0.7299999999999999822, -1.150000000000000133, -0.1250000000000003331 ) ) ;
#5891 = SURFACE_STYLE_USAGE ( .BOTH. , #2480 ) ;
#5892 = CARTESIAN_POINT ( 'NONE',  ( 0.7299999999999999822, 1.150000000000000133, 0.1249999999999996808 ) ) ;
#5893 = PRODUCT ( 'ISM6HG256XTR', 'ISM6HG256XTR', '', ( #741 ) ) ;
#5894 = LINE ( 'NONE', #4048, #4089 ) ;
#5895 = CARTESIAN_POINT ( 'NONE',  ( 0.5300000000000000266, -0.1250000000000001110, -0.9250000000000007105 ) ) ;
#5896 =( NAMED_UNIT ( * ) SI_UNIT ( $, .STERADIAN. ) SOLID_ANGLE_UNIT ( ) );
#5897 = EDGE_CURVE ( 'NONE', #21, #2012, #783, .T. ) ;
#5898 = EDGE_CURVE ( 'NONE', #6172, #5151, #4102, .T. ) ;
#5899 = EDGE_LOOP ( 'NONE', ( #702, #5946, #6227, #4582 ) ) ;
#5900 = PLANE ( 'NONE',  #2420 ) ;
#5901 =( NAMED_UNIT ( * ) SI_UNIT ( $, .STERADIAN. ) SOLID_ANGLE_UNIT ( ) );
#5902 = SURFACE_STYLE_USAGE ( .BOTH. , #2623 ) ;
#5903 = DIRECTION ( 'NONE',  ( -1.000000000000000000, 0.000000000000000000, -0.000000000000000000 ) ) ;
#5904 = ORIENTED_EDGE ( 'NONE', *, *, #6020, .F. ) ;
#5905 = ORIENTED_EDGE ( 'NONE', *, *, #5882, .T. ) ;
#5906 = VECTOR ( 'NONE', #2690, 1000.000000000000000 ) ;
#5907 = DIRECTION ( 'NONE',  ( -0.000000000000000000, -0.000000000000000000, 1.000000000000000000 ) ) ;
#5908 = CARTESIAN_POINT ( 'NONE',  ( 0.5300000000000000266, -0.3750000000000001110, 1.400000000000000133 ) ) ;
#5909 = COLOUR_RGB ( '',0.7921568627450980005, 0.8196078431372548767, 0.9333333333333333481 ) ;
#5910 =( NAMED_UNIT ( * ) SI_UNIT ( $, .STERADIAN. ) SOLID_ANGLE_UNIT ( ) );
#5911 = DIRECTION ( 'NONE',  ( 0.000000000000000000, -0.000000000000000000, 1.000000000000000000 ) ) ;
#5912 = ORIENTED_EDGE ( 'NONE', *, *, #5750, .F. ) ;
#5913 = LINE ( 'NONE', #3398, #2672 ) ;
#5914 = VECTOR ( 'NONE', #2403, 1000.000000000000000 ) ;
#5915 = FACE_BOUND ( 'NONE', #1965, .T. ) ;
#5916 =( NAMED_UNIT ( * ) PLANE_ANGLE_UNIT ( ) SI_UNIT ( $, .RADIAN. ) );
#5917 = VERTEX_POINT ( 'NONE', #701 ) ;
#5918 = FILL_AREA_STYLE ('',( #1105 ) ) ;
#5919 = DIRECTION ( 'NONE',  ( 0.000000000000000000, -0.000000000000000000, -1.000000000000000000 ) ) ;
#5920 = DIRECTION ( 'NONE',  ( -1.000000000000000000, -0.000000000000000000, -0.000000000000000000 ) ) ;
#5921 = UNCERTAINTY_MEASURE_WITH_UNIT (LENGTH_MEASURE( 1.000000000000000082E-05 ), #5454, 'distance_accuracy_value', 'NONE');
#5922 = SURFACE_SIDE_STYLE ('',( #2577 ) ) ;
#5923 = PLANE ( 'NONE',  #5129 ) ;
#5924 = DIRECTION ( 'NONE',  ( 1.000000000000000000, 0.000000000000000000, -0.000000000000000000 ) ) ;
#5925 = PLANE ( 'NONE',  #65 ) ;
#5926 = AXIS2_PLACEMENT_3D ( 'NONE', #1138, #4423, #3075 ) ;
#5927 = EDGE_CURVE ( 'NONE', #5873, #4185, #208, .T. ) ;
#5928 = DIRECTION ( 'NONE',  ( 0.000000000000000000, 0.000000000000000000, 1.000000000000000000 ) ) ;
#5929 = EDGE_LOOP ( 'NONE', ( #571, #282, #1389, #5567 ) ) ;
#5930 = DIRECTION ( 'NONE',  ( 1.000000000000000000, 0.000000000000000000, -0.000000000000000000 ) ) ;
#5931 = LINE ( 'NONE', #1598, #4450 ) ;
#5932 =( NAMED_UNIT ( * ) PLANE_ANGLE_UNIT ( ) SI_UNIT ( $, .RADIAN. ) );
#5933 = VERTEX_POINT ( 'NONE', #4631 ) ;
#5934 = ORIENTED_EDGE ( 'NONE', *, *, #6119, .T. ) ;
#5935 = DIRECTION ( 'NONE',  ( 0.000000000000000000, 0.000000000000000000, -1.000000000000000000 ) ) ;
#5936 = VECTOR ( 'NONE', #2233, 1000.000000000000000 ) ;
#5937 = LINE ( 'NONE', #2076, #2149 ) ;
#5938 = ADVANCED_FACE ( 'NONE', ( #4164 ), #3665, .F. ) ;
#5939 = SURFACE_STYLE_USAGE ( .BOTH. , #5098 ) ;
#5940 = CARTESIAN_POINT ( 'NONE',  ( 0.5300000000000000266, -0.6750000000000002665, 0.1249999999999996808 ) ) ;
#5941 = EDGE_CURVE ( 'NONE', #4248, #6022, #2224, .T. ) ;
#5942 = APPLICATION_CONTEXT ( 'automotive_design' ) ;
#5943 = COLOUR_RGB ( '',0.1019607843137254888, 0.1019607843137254888, 0.1019607843137254888 ) ;
#5944 = DIRECTION ( 'NONE',  ( -1.000000000000000000, -0.000000000000000000, -0.000000000000000000 ) ) ;
#5945 = FACE_OUTER_BOUND ( 'NONE', #5852, .T. ) ;
#5946 = ORIENTED_EDGE ( 'NONE', *, *, #82, .F. ) ;
#5947 = VECTOR ( 'NONE', #1118, 1000.000000000000000 ) ;
#5948 = UNCERTAINTY_MEASURE_WITH_UNIT (LENGTH_MEASURE( 1.000000000000000082E-05 ), #5999, 'distance_accuracy_value', 'NONE');
#5949 = VECTOR ( 'NONE', #1177, 1000.000000000000000 ) ;
#5950 = PLANE ( 'NONE',  #4240 ) ;
#5951 =( LENGTH_UNIT ( ) NAMED_UNIT ( * ) SI_UNIT ( .MILLI., .METRE. ) );
#5952 = DIRECTION ( 'NONE',  ( 1.000000000000000000, 0.000000000000000000, -0.000000000000000000 ) ) ;
#5953 = VERTEX_POINT ( 'NONE', #5576 ) ;
#5954 = UNCERTAINTY_MEASURE_WITH_UNIT (LENGTH_MEASURE( 1.000000000000000082E-05 ), #5124, 'distance_accuracy_value', 'NONE');
#5955 =( NAMED_UNIT ( * ) PLANE_ANGLE_UNIT ( ) SI_UNIT ( $, .RADIAN. ) );
#5956 = DIRECTION ( 'NONE',  ( 0.000000000000000000, -0.7071067811865474617, 0.7071067811865474617 ) ) ;
#5957 = CIRCLE ( 'NONE', #1609, 0.1750560047594175161 ) ;
#5958 = DIRECTION ( 'NONE',  ( 0.000000000000000000, -0.000000000000000000, -1.000000000000000000 ) ) ;
#5959 = LINE ( 'NONE', #1620, #2960 ) ;
#5960 = DIRECTION ( 'NONE',  ( 1.000000000000000000, 0.000000000000000000, -0.000000000000000000 ) ) ;
#5961 = CARTESIAN_POINT ( 'NONE',  ( 0.7299999999999999822, -0.6750000000000002665, -0.6250000000000003331 ) ) ;
#5962 = PLANE ( 'NONE',  #2416 ) ;
#5963 = ORIENTED_EDGE ( 'NONE', *, *, #3362, .T. ) ;
#5964 = ADVANCED_FACE ( 'NONE', ( #1232 ), #3201, .T. ) ;
#5965 = FACE_OUTER_BOUND ( 'NONE', #5514, .T. ) ;
#5966 = CARTESIAN_POINT ( 'NONE',  ( 0.5300000000000000266, 0.3749999999999998890, -1.400000000000000577 ) ) ;
#5967 = EDGE_LOOP ( 'NONE', ( #1380, #2291, #2351, #4799 ) ) ;
#5968 = EDGE_LOOP ( 'NONE', ( #5530, #1578, #2547, #5414 ) ) ;
#5969 = CARTESIAN_POINT ( 'NONE',  ( 0.7299999999999999822, 0.7749999999999999112, -0.9250000000000007105 ) ) ;
#5970 =( LENGTH_UNIT ( ) NAMED_UNIT ( * ) SI_UNIT ( .MILLI., .METRE. ) );
#5971 = CARTESIAN_POINT ( 'NONE',  ( 0.7299999999999999822, -1.150000000000000133, -0.1250000000000003331 ) ) ;
#5972 = CARTESIAN_POINT ( 'NONE',  ( 0.5300000000000000266, -0.3750000000000001110, 0.9250000000000002665 ) ) ;
#5973 = LINE ( 'NONE', #5035, #3314 ) ;
#5974 = ORIENTED_EDGE ( 'NONE', *, *, #5566, .F. ) ;
#5975 = EDGE_CURVE ( 'NONE', #1388, #4430, #1326, .T. ) ;
#5976 =( NAMED_UNIT ( * ) PLANE_ANGLE_UNIT ( ) SI_UNIT ( $, .RADIAN. ) );
#5977 = FACE_OUTER_BOUND ( 'NONE', #913, .T. ) ;
#5978 = FACE_OUTER_BOUND ( 'NONE', #4091, .T. ) ;
#5979 = MANIFOLD_SOLID_BREP ( 'Boss-Extrude3[8]', #1475 ) ;
#5980 = DIRECTION ( 'NONE',  ( -0.000000000000000000, -0.000000000000000000, -1.000000000000000000 ) ) ;
#5981 = ORIENTED_EDGE ( 'NONE', *, *, #1664, .T. ) ;
#5982 = DIRECTION ( 'NONE',  ( -0.000000000000000000, 0.000000000000000000, -1.000000000000000000 ) ) ;
#5984 = EDGE_CURVE ( 'NONE', #2512, #4372, #2860, .T. ) ;
#5983 = LINE ( 'NONE', #5550, #4849 ) ;
#5985 = ORIENTED_EDGE ( 'NONE', *, *, #2971, .T. ) ;
#5986 = COLOUR_RGB ( '',0.7921568627450980005, 0.8196078431372548767, 0.9333333333333333481 ) ;
#5987 = PRESENTATION_STYLE_ASSIGNMENT (( #5111 ) ) ;
#5988 = VECTOR ( 'NONE', #4414, 1000.000000000000000 ) ;
#5989 = FACE_OUTER_BOUND ( 'NONE', #3696, .T. ) ;
#5990 = DIRECTION ( 'NONE',  ( -0.000000000000000000, -0.000000000000000000, -1.000000000000000000 ) ) ;
#5991 = FILL_AREA_STYLE_COLOUR ( '', #2899 ) ;
#5992 = CARTESIAN_POINT ( 'NONE',  ( 0.7299999999999999822, 1.150000000000000133, -0.3750000000000003331 ) ) ;
#5993 = MECHANICAL_DESIGN_GEOMETRIC_PRESENTATION_REPRESENTATION (  '', ( #532 ), #4891 ) ;
#5994 = UNCERTAINTY_MEASURE_WITH_UNIT (LENGTH_MEASURE( 1.000000000000000082E-05 ), #621, 'distance_accuracy_value', 'NONE');
#5995 = PLANE ( 'NONE',  #1905 ) ;
#5996 = ORIENTED_EDGE ( 'NONE', *, *, #4817, .T. ) ;
#5997 = EDGE_CURVE ( 'NONE', #4996, #1818, #2826, .T. ) ;
#5998 = FILL_AREA_STYLE_COLOUR ( '', #6051 ) ;
#5999 =( LENGTH_UNIT ( ) NAMED_UNIT ( * ) SI_UNIT ( .MILLI., .METRE. ) );
#6000 = PLANE ( 'NONE',  #5435 ) ;
#6001 = EDGE_LOOP ( 'NONE', ( #3031, #4856, #1224, #5062 ) ) ;
#6002 = VECTOR ( 'NONE', #3273, 1000.000000000000000 ) ;
#6003 = ORIENTED_EDGE ( 'NONE', *, *, #6287, .F. ) ;
#6004 = DIRECTION ( 'NONE',  ( 1.000000000000000000, -0.000000000000000000, -0.000000000000000000 ) ) ;
#6005 = FACE_OUTER_BOUND ( 'NONE', #3123, .T. ) ;
#6006 = DIRECTION ( 'NONE',  ( 0.000000000000000000, 0.000000000000000000, 1.000000000000000000 ) ) ;
#6007 = DIRECTION ( 'NONE',  ( 0.000000000000000000, 0.000000000000000000, 1.000000000000000000 ) ) ;
#6008 = DIRECTION ( 'NONE',  ( -1.000000000000000000, -0.000000000000000000, -0.000000000000000000 ) ) ;
#6009 = STYLED_ITEM ( 'NONE', ( #1089 ), #5790 ) ;
#6010 = EDGE_LOOP ( 'NONE', ( #1133, #182, #1161, #2054 ) ) ;
#6011 = EDGE_CURVE ( 'NONE', #1311, #4223, #4718, .T. ) ;
#6012 = UNCERTAINTY_MEASURE_WITH_UNIT (LENGTH_MEASURE( 1.000000000000000082E-05 ), #3091, 'distance_accuracy_value', 'NONE');
#6013 = CARTESIAN_POINT ( 'NONE',  ( 0.000000000000000000, -1.250000000000000000, -1.500000000000000222 ) ) ;
#6014 = LINE ( 'NONE', #5073, #3125 ) ;
#6015 = FACE_OUTER_BOUND ( 'NONE', #4588, .T. ) ;
#6016 = MECHANICAL_DESIGN_GEOMETRIC_PRESENTATION_REPRESENTATION (  '', ( #655 ), #553 ) ;
#6017 = SURFACE_SIDE_STYLE ('',( #5509 ) ) ;
#6018 = EDGE_LOOP ( 'NONE', ( #2292, #6003, #151, #1011 ) ) ;
#6019 = CARTESIAN_POINT ( 'NONE',  ( 0.5300000000000000266, -0.6250000000000001110, -1.400000000000000577 ) ) ;
#6020 = EDGE_CURVE ( 'NONE', #6172, #3244, #2316, .T. ) ;
#6021 = CARTESIAN_POINT ( 'NONE',  ( 0.7299999999999999822, -0.6750000000000002665, -0.3750000000000003331 ) ) ;
#6022 = VERTEX_POINT ( 'NONE', #3780 ) ;
#6023 = DIRECTION ( 'NONE',  ( -1.000000000000000000, -0.000000000000000000, -0.000000000000000000 ) ) ;
#6024 = DIRECTION ( 'NONE',  ( 1.000000000000000000, -0.000000000000000000, -0.000000000000000000 ) ) ;
#6025 = SURFACE_STYLE_FILL_AREA ( #797 ) ;
#6026 = PLANE ( 'NONE',  #5333 ) ;
#6027 = EDGE_CURVE ( 'NONE', #2365, #6123, #5696, .T. ) ;
#6028 = VECTOR ( 'NONE', #912, 1000.000000000000000 ) ;
#6029 = MECHANICAL_DESIGN_GEOMETRIC_PRESENTATION_REPRESENTATION (  '', ( #2184 ), #5720 ) ;
#6030 = ORIENTED_EDGE ( 'NONE', *, *, #3593, .T. ) ;
#6031 = VECTOR ( 'NONE', #4112, 1000.000000000000000 ) ;
#6032 = COLOUR_RGB ( '',0.1019607843137254888, 0.1019607843137254888, 0.1019607843137254888 ) ;
#6033 = CARTESIAN_POINT ( 'NONE',  ( 0.5300000000000000266, -0.6750000000000002665, 0.1249999999999996808 ) ) ;
#6034 = DIRECTION ( 'NONE',  ( 0.000000000000000000, 0.000000000000000000, -1.000000000000000000 ) ) ;
#6035 = FILL_AREA_STYLE_COLOUR ( '', #2610 ) ;
#6036 = UNCERTAINTY_MEASURE_WITH_UNIT (LENGTH_MEASURE( 1.000000000000000082E-05 ), #5726, 'distance_accuracy_value', 'NONE');
#6037 = MECHANICAL_DESIGN_GEOMETRIC_PRESENTATION_REPRESENTATION (  '', ( #3832 ), #1787 ) ;
#6038 = ORIENTED_EDGE ( 'NONE', *, *, #3396, .T. ) ;
#6039 = COLOUR_RGB ( '',0.1019607843137254888, 0.1019607843137254888, 0.1019607843137254888 ) ;
#6040 = DIRECTION ( 'NONE',  ( -1.000000000000000000, 0.000000000000000000, -0.000000000000000000 ) ) ;
#6041 = CARTESIAN_POINT ( 'NONE',  ( 0.7299999999999999822, -0.8750000000000001110, 1.400000000000000133 ) ) ;
#6042 = EDGE_CURVE ( 'NONE', #5769, #2767, #4788, .T. ) ;
#6043 = COLOUR_RGB ( '',0.1019607843137254888, 0.1019607843137254888, 0.1019607843137254888 ) ;
#6044 = FACE_OUTER_BOUND ( 'NONE', #885, .T. ) ;
#6045 = DIRECTION ( 'NONE',  ( -0.000000000000000000, -1.000000000000000000, -0.000000000000000000 ) ) ;
#6046 = ORIENTED_EDGE ( 'NONE', *, *, #6090, .F. ) ;
#6047 = VECTOR ( 'NONE', #4520, 1000.000000000000000 ) ;
#6048 = FACE_OUTER_BOUND ( 'NONE', #4938, .T. ) ;
#6049 = DIRECTION ( 'NONE',  ( 0.000000000000000000, 0.000000000000000000, -1.000000000000000000 ) ) ;
#6050 = CARTESIAN_POINT ( 'NONE',  ( 0.7299999999999999822, 0.6249999999999998890, -1.400000000000000577 ) ) ;
#6051 = COLOUR_RGB ( '',0.1019607843137254888, 0.1019607843137254888, 0.1019607843137254888 ) ;
#6052 = CARTESIAN_POINT ( 'NONE',  ( 0.5300000000000000266, 0.6750000000000002665, -0.3750000000000003331 ) ) ;
#6053 = ADVANCED_FACE ( 'NONE', ( #2346 ), #437, .F. ) ;
#6054 = ORIENTED_EDGE ( 'NONE', *, *, #1366, .T. ) ;
#6055 = CARTESIAN_POINT ( 'NONE',  ( 0.7299999999999999822, 0.6750000000000002665, -0.3750000000000003331 ) ) ;
#6056 = VECTOR ( 'NONE', #4129, 1000.000000000000000 ) ;
#6057 = AXIS2_PLACEMENT_3D ( 'NONE', #715, #2647, #1147 ) ;
#6058 = ORIENTED_EDGE ( 'NONE', *, *, #5809, .F. ) ;
#6059 = PRESENTATION_LAYER_ASSIGNMENT (  '', '', ( #6256 ) ) ;
#6060 = VECTOR ( 'NONE', #4100, 1000.000000000000000 ) ;
#6061 = DIRECTION ( 'NONE',  ( 0.000000000000000000, 0.000000000000000000, 1.000000000000000000 ) ) ;
#6062 =( LENGTH_UNIT ( ) NAMED_UNIT ( * ) SI_UNIT ( .MILLI., .METRE. ) );
#6063 = DIRECTION ( 'NONE',  ( -0.000000000000000000, -1.000000000000000000, -0.000000000000000000 ) ) ;
#6064 = SURFACE_STYLE_FILL_AREA ( #2194 ) ;
#6065 =( LENGTH_UNIT ( ) NAMED_UNIT ( * ) SI_UNIT ( .MILLI., .METRE. ) );
#6066 = PRESENTATION_LAYER_ASSIGNMENT (  '', '', ( #4653 ) ) ;
#6067 = MANIFOLD_SOLID_BREP ( 'Boss-Extrude3[6]', #963 ) ;
#6068 = ORIENTED_EDGE ( 'NONE', *, *, #4661, .T. ) ;
#6069 = FILL_AREA_STYLE_COLOUR ( '', #3122 ) ;
#6070 = UNCERTAINTY_MEASURE_WITH_UNIT (LENGTH_MEASURE( 1.000000000000000082E-05 ), #4416, 'distance_accuracy_value', 'NONE');
#6071 = CARTESIAN_POINT ( 'NONE',  ( 0.7299999999999999822, 0.6750000000000002665, 0.3749999999999996669 ) ) ;
#6072 = EDGE_CURVE ( 'NONE', #4760, #4372, #1989, .T. ) ;
#6073 = ORIENTED_EDGE ( 'NONE', *, *, #6287, .T. ) ;
#6074 = ADVANCED_FACE ( 'NONE', ( #3902 ), #1003, .T. ) ;
#6075 = CARTESIAN_POINT ( 'NONE',  ( 0.7299999999999999822, -0.3750000000000001110, 1.400000000000000133 ) ) ;
#6076 = ORIENTED_EDGE ( 'NONE', *, *, #661, .F. ) ;
#6077 = CARTESIAN_POINT ( 'NONE',  ( 0.5300000000000000266, -0.3750000000000001110, -0.9250000000000007105 ) ) ;
#6078 = CARTESIAN_POINT ( 'NONE',  ( 0.7299999999999999822, 0.1249999999999998890, -1.400000000000000577 ) ) ;
#6079 = ORIENTED_EDGE ( 'NONE', *, *, #2491, .T. ) ;
#6080 = CARTESIAN_POINT ( 'NONE',  ( 0.5300000000000000266, -0.6250000000000001110, 0.9250000000000002665 ) ) ;
#6081 = PRESENTATION_STYLE_ASSIGNMENT (( #5574 ) ) ;
#6082 = CARTESIAN_POINT ( 'NONE',  ( 0.7299999999999999822, 0.1249999999999998890, 1.400000000000000133 ) ) ;
#6083 = EDGE_CURVE ( 'NONE', #6148, #21, #3876, .T. ) ;
#6084 = DIRECTION ( 'NONE',  ( 0.000000000000000000, -0.000000000000000000, 1.000000000000000000 ) ) ;
#6085 = EDGE_LOOP ( 'NONE', ( #3464, #2383, #2540, #4683 ) ) ;
#6086 = DIRECTION ( 'NONE',  ( 0.000000000000000000, 0.000000000000000000, 1.000000000000000000 ) ) ;
#6087 = CARTESIAN_POINT ( 'NONE',  ( 0.7299999999999999822, 0.6249999999999998890, -1.400000000000000577 ) ) ;
#6088 = ORIENTED_EDGE ( 'NONE', *, *, #629, .T. ) ;
#6089 = VECTOR ( 'NONE', #1894, 1000.000000000000000 ) ;
#6090 = EDGE_CURVE ( 'NONE', #2478, #503, #5792, .T. ) ;
#6091 = DIRECTION ( 'NONE',  ( 1.000000000000000000, 0.000000000000000000, 0.000000000000000000 ) ) ;
#6092 = CARTESIAN_POINT ( 'NONE',  ( 0.7299999999999999822, -0.1250000000000001110, 1.400000000000000133 ) ) ;
#6093 = ORIENTED_EDGE ( 'NONE', *, *, #2263, .T. ) ;
#6094 = CARTESIAN_POINT ( 'NONE',  ( 0.5300000000000000266, 0.6750000000000002665, -0.3750000000000003331 ) ) ;
#6095 = ORIENTED_EDGE ( 'NONE', *, *, #932, .F. ) ;
#6096 = VECTOR ( 'NONE', #1313, 1000.000000000000000 ) ;
#6097 = DIRECTION ( 'NONE',  ( 0.000000000000000000, 0.000000000000000000, 1.000000000000000000 ) ) ;
#6098 = VECTOR ( 'NONE', #3441, 1000.000000000000000 ) ;
#6099 = EDGE_CURVE ( 'NONE', #3609, #2831, #5384, .T. ) ;
#6100 = ADVANCED_FACE ( 'NONE', ( #2542 ), #99, .F. ) ;
#6101 = FILL_AREA_STYLE ('',( #3680 ) ) ;
#6102 =( NAMED_UNIT ( * ) SI_UNIT ( $, .STERADIAN. ) SOLID_ANGLE_UNIT ( ) );
#6103 = FILL_AREA_STYLE ('',( #299 ) ) ;
#6104 = CARTESIAN_POINT ( 'NONE',  ( 0.7299999999999999822, -0.3750000000000001110, 0.9250000000000002665 ) ) ;
#6105 = PRESENTATION_STYLE_ASSIGNMENT (( #400 ) ) ;
#6106 = EDGE_LOOP ( 'NONE', ( #1208, #2074, #2286, #4930 ) ) ;
#6107 = ORIENTED_EDGE ( 'NONE', *, *, #2264, .F. ) ;
#6108 = CARTESIAN_POINT ( 'NONE',  ( 0.5300000000000000266, 0.000000000000000000, 0.000000000000000000 ) ) ;
#6109 = SURFACE_STYLE_USAGE ( .BOTH. , #670 ) ;
#6110 = VERTEX_POINT ( 'NONE', #164 ) ;
#6111 = CARTESIAN_POINT ( 'NONE',  ( 0.5300000000000000266, -1.150000000000000133, -0.6250000000000003331 ) ) ;
#6112 = CARTESIAN_POINT ( 'NONE',  ( 0.5300000000000000266, 1.150000000000000133, -0.3750000000000003331 ) ) ;
#6113 = ORIENTED_EDGE ( 'NONE', *, *, #1879, .T. ) ;
#6114 =( LENGTH_UNIT ( ) NAMED_UNIT ( * ) SI_UNIT ( .MILLI., .METRE. ) );
#6115 = VECTOR ( 'NONE', #5194, 1000.000000000000000 ) ;
#6116 = SURFACE_SIDE_STYLE ('',( #5051 ) ) ;
#6117 = VERTEX_POINT ( 'NONE', #200 ) ;
#6118 = PLANE ( 'NONE',  #2428 ) ;
#6119 = EDGE_CURVE ( 'NONE', #6122, #5917, #4592, .T. ) ;
#6120 = COLOUR_RGB ( '',0.7921568627450980005, 0.8196078431372548767, 0.9333333333333333481 ) ;
#6121 =( NAMED_UNIT ( * ) PLANE_ANGLE_UNIT ( ) SI_UNIT ( $, .RADIAN. ) );
#6122 = VERTEX_POINT ( 'NONE', #2214 ) ;
#6123 = VERTEX_POINT ( 'NONE', #3556 ) ;
#6124 = FACE_OUTER_BOUND ( 'NONE', #4712, .T. ) ;
#6125 = VECTOR ( 'NONE', #6283, 1000.000000000000000 ) ;
#6126 = ADVANCED_FACE ( 'NONE', ( #5000 ), #5474, .F. ) ;
#6127 = STYLED_ITEM ( 'NONE', ( #641 ), #363 ) ;
#6128 = DIRECTION ( 'NONE',  ( 0.000000000000000000, 1.000000000000000000, 0.000000000000000000 ) ) ;
#6129 = ORIENTED_EDGE ( 'NONE', *, *, #4874, .F. ) ;
#6130 = FILL_AREA_STYLE ('',( #3288 ) ) ;
#6131 = DIRECTION ( 'NONE',  ( 1.000000000000000000, -0.000000000000000000, -0.000000000000000000 ) ) ;
#6132 = PRESENTATION_LAYER_ASSIGNMENT (  '', '', ( #3621 ) ) ;
#6133 = VERTEX_POINT ( 'NONE', #4093 ) ;
#6134 = ORIENTED_EDGE ( 'NONE', *, *, #4092, .T. ) ;
#6135 = CARTESIAN_POINT ( 'NONE',  ( 0.7299999999999999822, 0.8749999999999998890, -1.400000000000000577 ) ) ;
#6136 = DIRECTION ( 'NONE',  ( 0.000000000000000000, -0.000000000000000000, -1.000000000000000000 ) ) ;
#6137 = ADVANCED_FACE ( 'NONE', ( #6005 ), #5067, .T. ) ;
#6138 = CARTESIAN_POINT ( 'NONE',  ( 0.000000000000000000, 1.250000000000000000, 1.499999999999999778 ) ) ;
#6139 = MANIFOLD_SOLID_BREP ( 'Cut-Extrude2[1]', #1470 ) ;
#6140 = ORIENTED_EDGE ( 'NONE', *, *, #3115, .F. ) ;
#6141 = LINE ( 'NONE', #2692, #800 ) ;
#6142 = ORIENTED_EDGE ( 'NONE', *, *, #4434, .F. ) ;
#6143 = VECTOR ( 'NONE', #808, 1000.000000000000000 ) ;
#6144 = CARTESIAN_POINT ( 'NONE',  ( 0.7299999999999999822, -0.6750000000000002665, -0.3750000000000003331 ) ) ;
#6145 = PLANE ( 'NONE',  #2318 ) ;
#6146 = SURFACE_SIDE_STYLE ('',( #4823 ) ) ;
#6147 = STYLED_ITEM ( 'NONE', ( #4237 ), #1165 ) ;
#6148 = VERTEX_POINT ( 'NONE', #5261 ) ;
#6149 = AXIS2_PLACEMENT_3D ( 'NONE', #1883, #3317, #4365 ) ;
#6150 = SURFACE_STYLE_USAGE ( .BOTH. , #3732 ) ;
#6151 = AXIS2_PLACEMENT_3D ( 'NONE', #6092, #1268, #3247 ) ;
#6152 = ORIENTED_EDGE ( 'NONE', *, *, #5558, .F. ) ;
#6153 = MECHANICAL_DESIGN_GEOMETRIC_PRESENTATION_REPRESENTATION (  '', ( #5356 ), #4953 ) ;
#6154 = ORIENTED_EDGE ( 'NONE', *, *, #5422, .F. ) ;
#6155 = FILL_AREA_STYLE_COLOUR ( '', #5884 ) ;
#6156 = VECTOR ( 'NONE', #5461, 1000.000000000000000 ) ;
#6157 = FILL_AREA_STYLE ('',( #2674 ) ) ;
#6158 =( NAMED_UNIT ( * ) SI_UNIT ( $, .STERADIAN. ) SOLID_ANGLE_UNIT ( ) );
#6159 = STYLED_ITEM ( 'NONE', ( #3849 ), #4404 ) ;
#6160 = ADVANCED_FACE ( 'NONE', ( #6044 ), #5622, .F. ) ;
#6161 = FACE_OUTER_BOUND ( 'NONE', #5216, .T. ) ;
#6162 = ORIENTED_EDGE ( 'NONE', *, *, #4507, .F. ) ;
#6163 =( NAMED_UNIT ( * ) SI_UNIT ( $, .STERADIAN. ) SOLID_ANGLE_UNIT ( ) );
#6164 = LINE ( 'NONE', #5126, #4234 ) ;
#6165 = PLANE ( 'NONE',  #4517 ) ;
#6166 = VERTEX_POINT ( 'NONE', #1856 ) ;
#6167 = VERTEX_POINT ( 'NONE', #3228 ) ;
#6168 = CARTESIAN_POINT ( 'NONE',  ( 0.5300000000000000266, 0.8749999999999998890, -1.400000000000000577 ) ) ;
#6169 = SURFACE_STYLE_FILL_AREA ( #2884 ) ;
#6170 = DIRECTION ( 'NONE',  ( 1.000000000000000000, -0.000000000000000000, -0.000000000000000000 ) ) ;
#6171 = SURFACE_STYLE_FILL_AREA ( #5634 ) ;
#6172 = VERTEX_POINT ( 'NONE', #6192 ) ;
#6173 = CARTESIAN_POINT ( 'NONE',  ( 0.7299999999999999822, 1.150000000000000133, 0.3749999999999996669 ) ) ;
#6174 = FILL_AREA_STYLE ('',( #3242 ) ) ;
#6175 = EDGE_CURVE ( 'NONE', #1486, #5401, #2776, .T. ) ;
#6176 = ORIENTED_EDGE ( 'NONE', *, *, #3717, .F. ) ;
#6177 = ADVANCED_FACE ( 'NONE', ( #1791 ), #776, .F. ) ;
#6178 = DIRECTION ( 'NONE',  ( -1.000000000000000000, -0.000000000000000000, -0.000000000000000000 ) ) ;
#6179 = PLANE ( 'NONE',  #839 ) ;
#6180 = LINE ( 'NONE', #948, #873 ) ;
#6181 = ORIENTED_EDGE ( 'NONE', *, *, #3626, .T. ) ;
#6182 =( NAMED_UNIT ( * ) PLANE_ANGLE_UNIT ( ) SI_UNIT ( $, .RADIAN. ) );
#6183 = FACE_OUTER_BOUND ( 'NONE', #1796, .T. ) ;
#6184 = ORIENTED_EDGE ( 'NONE', *, *, #846, .T. ) ;
#6185 = LINE ( 'NONE', #5806, #5228 ) ;
#6186 = ORIENTED_EDGE ( 'NONE', *, *, #2066, .F. ) ;
#6187 = CARTESIAN_POINT ( 'NONE',  ( 0.7299999999999999822, 0.1249999999999998890, -0.9250000000000007105 ) ) ;
#6188 =( LENGTH_UNIT ( ) NAMED_UNIT ( * ) SI_UNIT ( .MILLI., .METRE. ) );
#6189 = ORIENTED_EDGE ( 'NONE', *, *, #1741, .T. ) ;
#6190 = STYLED_ITEM ( 'NONE', ( #2047 ), #1949 ) ;
#6191 = SURFACE_STYLE_FILL_AREA ( #4271 ) ;
#6192 = CARTESIAN_POINT ( 'NONE',  ( 0.5300000000000000266, 0.1249999999999998890, -0.9250000000000007105 ) ) ;
#6193 = LINE ( 'NONE', #1857, #6143 ) ;
#6194 = COLOUR_RGB ( '',0.7921568627450980005, 0.8196078431372548767, 0.9333333333333333481 ) ;
#6195 = DIRECTION ( 'NONE',  ( 0.000000000000000000, 0.000000000000000000, 1.000000000000000000 ) ) ;
#6196 = ORIENTED_EDGE ( 'NONE', *, *, #1720, .F. ) ;
#6197 = ORIENTED_EDGE ( 'NONE', *, *, #6027, .T. ) ;
#6198 = LINE ( 'NONE', #6229, #6089 ) ;
#6199 = DIRECTION ( 'NONE',  ( -1.000000000000000000, -0.000000000000000000, -0.000000000000000000 ) ) ;
#6200 = MANIFOLD_SOLID_BREP ( 'Boss-Extrude3[12]', #1974 ) ;
#6201 = SURFACE_SIDE_STYLE ('',( #6171 ) ) ;
#6202 = ORIENTED_EDGE ( 'NONE', *, *, #3574, .F. ) ;
#6203 = CARTESIAN_POINT ( 'NONE',  ( -0.1000000000000000056, 0.000000000000000000, 0.000000000000000000 ) ) ;
#6204 = EDGE_LOOP ( 'NONE', ( #4696, #5478, #6142, #3232 ) ) ;
#6205 = EDGE_CURVE ( 'NONE', #3830, #4213, #300, .T. ) ;
#6206 = VECTOR ( 'NONE', #5827, 1000.000000000000000 ) ;
#6207 = SURFACE_STYLE_USAGE ( .BOTH. , #4289 ) ;
#6208 =( LENGTH_UNIT ( ) NAMED_UNIT ( * ) SI_UNIT ( .MILLI., .METRE. ) );
#6209 = LINE ( 'NONE', #2285, #6250 ) ;
#6210 = ORIENTED_EDGE ( 'NONE', *, *, #1136, .T. ) ;
#6211 = DIRECTION ( 'NONE',  ( 0.000000000000000000, 0.000000000000000000, -1.000000000000000000 ) ) ;
#6212 = SURFACE_SIDE_STYLE ('',( #4616 ) ) ;
#6213 =( GEOMETRIC_REPRESENTATION_CONTEXT ( 3 ) GLOBAL_UNCERTAINTY_ASSIGNED_CONTEXT ( ( #5381 ) ) GLOBAL_UNIT_ASSIGNED_CONTEXT ( ( #5173, #4284, #2788 ) ) REPRESENTATION_CONTEXT ( 'NONE', 'WORKASPACE' ) );
#6214 = EDGE_LOOP ( 'NONE', ( #929, #125, #4750, #4358 ) ) ;
#6215 = EDGE_LOOP ( 'NONE', ( #6088, #4805, #365, #6293 ) ) ;
#6216 = ADVANCED_FACE ( 'NONE', ( #5185 ), #2338, .F. ) ;
#6217 = CARTESIAN_POINT ( 'NONE',  ( 0.5300000000000000266, 0.3749999999999998890, -0.9250000000000007105 ) ) ;
#6218 = ORIENTED_EDGE ( 'NONE', *, *, #3233, .F. ) ;
#6219 = DIRECTION ( 'NONE',  ( 0.000000000000000000, 1.000000000000000000, 0.000000000000000000 ) ) ;
#6220 = EDGE_LOOP ( 'NONE', ( #2282, #2968, #2869, #2880 ) ) ;
#6221 = MANIFOLD_SOLID_BREP ( 'Boss-Extrude3[4]', #4710 ) ;
#6222 = FILL_AREA_STYLE_COLOUR ( '', #4314 ) ;
#6223 = CARTESIAN_POINT ( 'NONE',  ( 0.5300000000000000266, 0.000000000000000000, 0.000000000000000000 ) ) ;
#6224 = DIRECTION ( 'NONE',  ( 1.000000000000000000, -0.000000000000000000, -0.000000000000000000 ) ) ;
#6225 = AXIS2_PLACEMENT_3D ( 'NONE', #5369, #1970, #1938 ) ;
#6226 = ORIENTED_EDGE ( 'NONE', *, *, #1762, .F. ) ;
#6227 = ORIENTED_EDGE ( 'NONE', *, *, #894, .F. ) ;
#6228 = ADVANCED_FACE ( 'NONE', ( #6259 ), #2372, .F. ) ;
#6229 = CARTESIAN_POINT ( 'NONE',  ( 0.5300000000000000266, 0.6249999999999998890, 1.400000000000000133 ) ) ;
#6230 = CARTESIAN_POINT ( 'NONE',  ( 0.5300000000000000266, -0.8750000000000001110, 0.9250000000000002665 ) ) ;
#6231 = LINE ( 'NONE', #1896, #3833 ) ;
#6232 = AXIS2_PLACEMENT_3D ( 'NONE', #4920, #4960, #1042 ) ;
#6233 =( NAMED_UNIT ( * ) PLANE_ANGLE_UNIT ( ) SI_UNIT ( $, .RADIAN. ) );
#6234 = ORIENTED_EDGE ( 'NONE', *, *, #23, .F. ) ;
#6235 = STYLED_ITEM ( 'NONE', ( #1347 ), #862 ) ;
#6236 = VECTOR ( 'NONE', #2725, 1000.000000000000000 ) ;
#6237 = SURFACE_SIDE_STYLE ('',( #4821 ) ) ;
#6238 = EDGE_CURVE ( 'NONE', #4492, #3318, #457, .T. ) ;
#6239 = SURFACE_STYLE_FILL_AREA ( #1460 ) ;
#6240 = PRESENTATION_STYLE_ASSIGNMENT (( #4320 ) ) ;
#6241 = ORIENTED_EDGE ( 'NONE', *, *, #1401, .T. ) ;
#6242 = CARTESIAN_POINT ( 'NONE',  ( 0.7299999999999999822, 0.000000000000000000, 0.000000000000000000 ) ) ;
#6243 = AXIS2_PLACEMENT_3D ( 'NONE', #426, #3413, #5345 ) ;
#6244 = CARTESIAN_POINT ( 'NONE',  ( 0.7299999999999999822, -0.3750000000000001110, -1.400000000000000577 ) ) ;
#6245 = DIRECTION ( 'NONE',  ( 0.000000000000000000, 0.000000000000000000, -1.000000000000000000 ) ) ;
#6246 = ORIENTED_EDGE ( 'NONE', *, *, #4910, .F. ) ;
#6247 = COLOUR_RGB ( '',0.1019607843137254888, 0.1019607843137254888, 0.1019607843137254888 ) ;
#6248 = AXIS2_PLACEMENT_3D ( 'NONE', #5875, #2878, #1922 ) ;
#6249 = AXIS2_PLACEMENT_3D ( 'NONE', #714, #1085, #3026 ) ;
#6250 = VECTOR ( 'NONE', #3790, 1000.000000000000000 ) ;
#6251 = VECTOR ( 'NONE', #631, 1000.000000000000000 ) ;
#6252 = LINE ( 'NONE', #4776, #2615 ) ;
#6253 = PRESENTATION_LAYER_ASSIGNMENT (  '', '', ( #2715 ) ) ;
#6254 = ADVANCED_FACE ( 'NONE', ( #4397, #1024 ), #2462, .F. ) ;
#6255 = ORIENTED_EDGE ( 'NONE', *, *, #4327, .T. ) ;
#6256 = STYLED_ITEM ( 'NONE', ( #5082 ), #4111 ) ;
#6257 = SURFACE_STYLE_USAGE ( .BOTH. , #4840 ) ;
#6258 = VECTOR ( 'NONE', #1895, 1000.000000000000000 ) ;
#6259 = FACE_OUTER_BOUND ( 'NONE', #820, .T. ) ;
#6260 = EDGE_CURVE ( 'NONE', #2587, #1983, #1446, .T. ) ;
#6261 = DIRECTION ( 'NONE',  ( -0.000000000000000000, -0.000000000000000000, 1.000000000000000000 ) ) ;
#6262 =( GEOMETRIC_REPRESENTATION_CONTEXT ( 3 ) GLOBAL_UNCERTAINTY_ASSIGNED_CONTEXT ( ( #4948 ) ) GLOBAL_UNIT_ASSIGNED_CONTEXT ( ( #210, #4663, #1234 ) ) REPRESENTATION_CONTEXT ( 'NONE', 'WORKASPACE' ) );
#6263 = CARTESIAN_POINT ( 'NONE',  ( 0.5300000000000000266, 1.150000000000000133, 0.6249999999999996669 ) ) ;
#6264 = ORIENTED_EDGE ( 'NONE', *, *, #5984, .T. ) ;
#6265 = ORIENTED_EDGE ( 'NONE', *, *, #4671, .F. ) ;
#6266 = LINE ( 'NONE', #626, #1743 ) ;
#6267 = CARTESIAN_POINT ( 'NONE',  ( 0.5300000000000000266, 0.8749999999999998890, -1.025000000000000799 ) ) ;
#6268 = FACE_OUTER_BOUND ( 'NONE', #4812, .T. ) ;
#6269 = DIRECTION ( 'NONE',  ( 0.000000000000000000, 0.000000000000000000, -1.000000000000000000 ) ) ;
#6270 = VERTEX_POINT ( 'NONE', #1506 ) ;
#6271 = LINE ( 'NONE', #852, #4224 ) ;
#6272 = CARTESIAN_POINT ( 'NONE',  ( 0.5300000000000000266, 1.150000000000000133, 0.3749999999999996669 ) ) ;
#6273 = ADVANCED_FACE ( 'NONE', ( #5312 ), #959, .F. ) ;
#6274 = LINE ( 'NONE', #1403, #3742 ) ;
#6275 = DIRECTION ( 'NONE',  ( 0.000000000000000000, -1.000000000000000000, 0.000000000000000000 ) ) ;
#6276 = ORIENTED_EDGE ( 'NONE', *, *, #4966, .T. ) ;
#6277 = DIRECTION ( 'NONE',  ( 0.000000000000000000, -1.000000000000000000, 0.000000000000000000 ) ) ;
#6278 = FACE_OUTER_BOUND ( 'NONE', #4402, .T. ) ;
#6279 = CARTESIAN_POINT ( 'NONE',  ( 0.7299999999999999822, -0.6250000000000001110, -1.400000000000000577 ) ) ;
#6280 = EDGE_CURVE ( 'NONE', #2650, #2365, #3646, .T. ) ;
#6281 = DIRECTION ( 'NONE',  ( 0.000000000000000000, -0.000000000000000000, 1.000000000000000000 ) ) ;
#6282 = CARTESIAN_POINT ( 'NONE',  ( 0.5300000000000000266, -0.3750000000000001110, -1.400000000000000577 ) ) ;
#6283 = DIRECTION ( 'NONE',  ( -0.000000000000000000, -1.000000000000000000, -0.000000000000000000 ) ) ;
#6284 = FACE_OUTER_BOUND ( 'NONE', #5171, .T. ) ;
#6285 = ORIENTED_EDGE ( 'NONE', *, *, #5439, .F. ) ;
#6286 = PRESENTATION_STYLE_ASSIGNMENT (( #6257 ) ) ;
#6287 = EDGE_CURVE ( 'NONE', #392, #2499, #2620, .T. ) ;
#6288 =( LENGTH_UNIT ( ) NAMED_UNIT ( * ) SI_UNIT ( .MILLI., .METRE. ) );
#6289 = DIRECTION ( 'NONE',  ( -1.000000000000000000, 0.000000000000000000, 0.000000000000000000 ) ) ;
#6290 = LINE ( 'NONE', #4400, #4209 ) ;
#6291 =( GEOMETRIC_REPRESENTATION_CONTEXT ( 3 ) GLOBAL_UNCERTAINTY_ASSIGNED_CONTEXT ( ( #4052 ) ) GLOBAL_UNIT_ASSIGNED_CONTEXT ( ( #1937, #985, #2395 ) ) REPRESENTATION_CONTEXT ( 'NONE', 'WORKASPACE' ) );
#6292 = ORIENTED_EDGE ( 'NONE', *, *, #3642, .T. ) ;
#6293 = ORIENTED_EDGE ( 'NONE', *, *, #2100, .T. ) ;
ENDSEC;
END-ISO-10303-21;
