ISO-10303-21;
HEADER;
FILE_DESCRIPTION(('Open CASCADE Model'),'2;1');
FILE_NAME('Open CASCADE Shape Model','2026-10-02T09:16:35',('Author'),(
    'Open CASCADE'),'Open CASCADE STEP processor 7.8','Open CASCADE 7.8'
  ,'Unknown');
FILE_SCHEMA(('AUTOMOTIVE_DESIGN { 1 0 10303 214 1 1 1 1 }'));
ENDSEC;
DATA;
#1 = APPLICATION_PROTOCOL_DEFINITION('international standard',
  'automotive_design',2000,#2);
#2 = APPLICATION_CONTEXT(
  'core data for automotive mechanical design processes');
#3 = SHAPE_DEFINITION_REPRESENTATION(#4,#10);
#4 = PRODUCT_DEFINITION_SHAPE('','',#5);
#5 = PRODUCT_DEFINITION('design','',#6,#9);
#6 = PRODUCT_DEFINITION_FORMATION('','',#7);
#7 = PRODUCT('TQFN-28_5x5','TQFN-28_5x5','',(#8));
#8 = PRODUCT_CONTEXT('',#2,'mechanical');
#9 = PRODUCT_DEFINITION_CONTEXT('part definition',#2,'design');
#10 = SHAPE_REPRESENTATION('',(#11,#15,#19,#23,#27,#31,#35,#39,#43,#47,
    #51,#55,#59,#63,#67,#71,#75,#79,#83,#87,#91,#95,#99,#103,#107,#111,
    #115,#119,#123,#127,#131,#135),#139);
#11 = AXIS2_PLACEMENT_3D('',#12,#13,#14);
#12 = CARTESIAN_POINT('',(0.,0.,0.));
#13 = DIRECTION('',(0.,0.,1.));
#14 = DIRECTION('',(1.,0.,-0.));
#15 = AXIS2_PLACEMENT_3D('',#16,#17,#18);
#16 = CARTESIAN_POINT('',(0.,0.,0.));
#17 = DIRECTION('',(0.,0.,1.));
#18 = DIRECTION('',(1.,0.,-0.));
#19 = AXIS2_PLACEMENT_3D('',#20,#21,#22);
#20 = CARTESIAN_POINT('',(0.,0.,0.));
#21 = DIRECTION('',(0.,0.,1.));
#22 = DIRECTION('',(1.,0.,-0.));
#23 = AXIS2_PLACEMENT_3D('',#24,#25,#26);
#24 = CARTESIAN_POINT('',(0.,0.,0.));
#25 = DIRECTION('',(0.,0.,1.));
#26 = DIRECTION('',(1.,0.,-0.));
#27 = AXIS2_PLACEMENT_3D('',#28,#29,#30);
#28 = CARTESIAN_POINT('',(0.,0.,0.));
#29 = DIRECTION('',(0.,0.,1.));
#30 = DIRECTION('',(1.,0.,-0.));
#31 = AXIS2_PLACEMENT_3D('',#32,#33,#34);
#32 = CARTESIAN_POINT('',(0.,0.,0.));
#33 = DIRECTION('',(0.,0.,1.));
#34 = DIRECTION('',(1.,0.,-0.));
#35 = AXIS2_PLACEMENT_3D('',#36,#37,#38);
#36 = CARTESIAN_POINT('',(0.,0.,0.));
#37 = DIRECTION('',(0.,0.,1.));
#38 = DIRECTION('',(1.,0.,-0.));
#39 = AXIS2_PLACEMENT_3D('',#40,#41,#42);
#40 = CARTESIAN_POINT('',(0.,0.,0.));
#41 = DIRECTION('',(0.,0.,1.));
#42 = DIRECTION('',(1.,0.,-0.));
#43 = AXIS2_PLACEMENT_3D('',#44,#45,#46);
#44 = CARTESIAN_POINT('',(0.,0.,0.));
#45 = DIRECTION('',(0.,0.,1.));
#46 = DIRECTION('',(1.,0.,-0.));
#47 = AXIS2_PLACEMENT_3D('',#48,#49,#50);
#48 = CARTESIAN_POINT('',(0.,0.,0.));
#49 = DIRECTION('',(0.,0.,1.));
#50 = DIRECTION('',(1.,0.,-0.));
#51 = AXIS2_PLACEMENT_3D('',#52,#53,#54);
#52 = CARTESIAN_POINT('',(0.,0.,0.));
#53 = DIRECTION('',(0.,0.,1.));
#54 = DIRECTION('',(1.,0.,-0.));
#55 = AXIS2_PLACEMENT_3D('',#56,#57,#58);
#56 = CARTESIAN_POINT('',(0.,0.,0.));
#57 = DIRECTION('',(0.,0.,1.));
#58 = DIRECTION('',(1.,0.,-0.));
#59 = AXIS2_PLACEMENT_3D('',#60,#61,#62);
#60 = CARTESIAN_POINT('',(0.,0.,0.));
#61 = DIRECTION('',(0.,0.,1.));
#62 = DIRECTION('',(1.,0.,-0.));
#63 = AXIS2_PLACEMENT_3D('',#64,#65,#66);
#64 = CARTESIAN_POINT('',(0.,0.,0.));
#65 = DIRECTION('',(0.,0.,1.));
#66 = DIRECTION('',(1.,0.,-0.));
#67 = AXIS2_PLACEMENT_3D('',#68,#69,#70);
#68 = CARTESIAN_POINT('',(0.,0.,0.));
#69 = DIRECTION('',(0.,0.,1.));
#70 = DIRECTION('',(1.,0.,-0.));
#71 = AXIS2_PLACEMENT_3D('',#72,#73,#74);
#72 = CARTESIAN_POINT('',(0.,0.,0.));
#73 = DIRECTION('',(0.,0.,1.));
#74 = DIRECTION('',(1.,0.,-0.));
#75 = AXIS2_PLACEMENT_3D('',#76,#77,#78);
#76 = CARTESIAN_POINT('',(0.,0.,0.));
#77 = DIRECTION('',(0.,0.,1.));
#78 = DIRECTION('',(1.,0.,-0.));
#79 = AXIS2_PLACEMENT_3D('',#80,#81,#82);
#80 = CARTESIAN_POINT('',(0.,0.,0.));
#81 = DIRECTION('',(0.,0.,1.));
#82 = DIRECTION('',(1.,0.,-0.));
#83 = AXIS2_PLACEMENT_3D('',#84,#85,#86);
#84 = CARTESIAN_POINT('',(0.,0.,0.));
#85 = DIRECTION('',(0.,0.,1.));
#86 = DIRECTION('',(1.,0.,-0.));
#87 = AXIS2_PLACEMENT_3D('',#88,#89,#90);
#88 = CARTESIAN_POINT('',(0.,0.,0.));
#89 = DIRECTION('',(0.,0.,1.));
#90 = DIRECTION('',(1.,0.,-0.));
#91 = AXIS2_PLACEMENT_3D('',#92,#93,#94);
#92 = CARTESIAN_POINT('',(0.,0.,0.));
#93 = DIRECTION('',(0.,0.,1.));
#94 = DIRECTION('',(1.,0.,-0.));
#95 = AXIS2_PLACEMENT_3D('',#96,#97,#98);
#96 = CARTESIAN_POINT('',(0.,0.,0.));
#97 = DIRECTION('',(0.,0.,1.));
#98 = DIRECTION('',(1.,0.,-0.));
#99 = AXIS2_PLACEMENT_3D('',#100,#101,#102);
#100 = CARTESIAN_POINT('',(0.,0.,0.));
#101 = DIRECTION('',(0.,0.,1.));
#102 = DIRECTION('',(1.,0.,-0.));
#103 = AXIS2_PLACEMENT_3D('',#104,#105,#106);
#104 = CARTESIAN_POINT('',(0.,0.,0.));
#105 = DIRECTION('',(0.,0.,1.));
#106 = DIRECTION('',(1.,0.,-0.));
#107 = AXIS2_PLACEMENT_3D('',#108,#109,#110);
#108 = CARTESIAN_POINT('',(0.,0.,0.));
#109 = DIRECTION('',(0.,0.,1.));
#110 = DIRECTION('',(1.,0.,-0.));
#111 = AXIS2_PLACEMENT_3D('',#112,#113,#114);
#112 = CARTESIAN_POINT('',(0.,0.,0.));
#113 = DIRECTION('',(0.,0.,1.));
#114 = DIRECTION('',(1.,0.,-0.));
#115 = AXIS2_PLACEMENT_3D('',#116,#117,#118);
#116 = CARTESIAN_POINT('',(0.,0.,0.));
#117 = DIRECTION('',(0.,0.,1.));
#118 = DIRECTION('',(1.,0.,-0.));
#119 = AXIS2_PLACEMENT_3D('',#120,#121,#122);
#120 = CARTESIAN_POINT('',(0.,0.,0.));
#121 = DIRECTION('',(0.,0.,1.));
#122 = DIRECTION('',(1.,0.,-0.));
#123 = AXIS2_PLACEMENT_3D('',#124,#125,#126);
#124 = CARTESIAN_POINT('',(0.,0.,0.));
#125 = DIRECTION('',(0.,0.,1.));
#126 = DIRECTION('',(1.,0.,-0.));
#127 = AXIS2_PLACEMENT_3D('',#128,#129,#130);
#128 = CARTESIAN_POINT('',(0.,0.,0.));
#129 = DIRECTION('',(0.,0.,1.));
#130 = DIRECTION('',(1.,0.,-0.));
#131 = AXIS2_PLACEMENT_3D('',#132,#133,#134);
#132 = CARTESIAN_POINT('',(0.,0.,0.));
#133 = DIRECTION('',(0.,0.,1.));
#134 = DIRECTION('',(1.,0.,-0.));
#135 = AXIS2_PLACEMENT_3D('',#136,#137,#138);
#136 = CARTESIAN_POINT('',(0.,0.,0.));
#137 = DIRECTION('',(0.,0.,1.));
#138 = DIRECTION('',(1.,0.,-0.));
#139 = ( GEOMETRIC_REPRESENTATION_CONTEXT(3) 
GLOBAL_UNCERTAINTY_ASSIGNED_CONTEXT((#143)) GLOBAL_UNIT_ASSIGNED_CONTEXT
((#140,#141,#142)) REPRESENTATION_CONTEXT('Context #1',
  '3D Context with UNIT and UNCERTAINTY') );
#140 = ( LENGTH_UNIT() NAMED_UNIT(*) SI_UNIT(.MILLI.,.METRE.) );
#141 = ( NAMED_UNIT(*) PLANE_ANGLE_UNIT() SI_UNIT($,.RADIAN.) );
#142 = ( NAMED_UNIT(*) SI_UNIT($,.STERADIAN.) SOLID_ANGLE_UNIT() );
#143 = UNCERTAINTY_MEASURE_WITH_UNIT(LENGTH_MEASURE(1.E-07),#140,
  'distance_accuracy_value','confusion accuracy');
#144 = PRODUCT_RELATED_PRODUCT_CATEGORY('part',$,(#7));
#145 = SHAPE_DEFINITION_REPRESENTATION(#146,#152);
#146 = PRODUCT_DEFINITION_SHAPE('','',#147);
#147 = PRODUCT_DEFINITION('design','',#148,#151);
#148 = PRODUCT_DEFINITION_FORMATION('','',#149);
#149 = PRODUCT('body','body','',(#150));
#150 = PRODUCT_CONTEXT('',#2,'mechanical');
#151 = PRODUCT_DEFINITION_CONTEXT('part definition',#2,'design');
#152 = ADVANCED_BREP_SHAPE_REPRESENTATION('',(#11,#153),#9051);
#153 = MANIFOLD_SOLID_BREP('',#154);
#154 = CLOSED_SHELL('',(#155,#1024,#3690,#3739,#3788,#3815,#3864,#3913,
    #3940,#3989,#4038,#4065,#4114,#4163,#4190,#4239,#4288,#4315,#4364,
    #4413,#4440,#4489,#4538,#4565,#5125,#5174,#5712,#5761,#5810,#5859,
    #5886,#5935,#5984,#6011,#6060,#6109,#6136,#6654,#6703,#6752,#6779,
    #6828,#6877,#6904,#6953,#7002,#7029,#7078,#7127,#7154,#7203,#7252,
    #7279,#7328,#7377,#7404,#7453,#7502,#7529,#7578,#7627,#7654,#7703,
    #7752,#7779,#7828,#7877,#7904,#7953,#8002,#8029,#8078,#8127,#8154,
    #8203,#8252,#8279,#8328,#8377,#8404,#8411,#8418,#8425,#8432,#8439,
    #8446,#8453,#8502,#8551,#8578,#8627,#8676,#8703,#8752,#8801,#8828,
    #8877,#8904,#8911,#8918,#8925,#8932,#8939,#8946,#8953,#8960,#8967,
    #8974,#8981,#8988,#8995,#9002,#9009,#9016,#9023,#9030,#9037,#9044));
#155 = ADVANCED_FACE('',(#156),#170,.F.);
#156 = FACE_BOUND('',#157,.F.);
#157 = EDGE_LOOP('',(#158,#193,#221,#249,#277,#300,#328,#356,#384,#407,
    #435,#463,#491,#514,#542,#570,#598,#621,#649,#677,#705,#728,#756,
    #784,#812,#835,#863,#891,#919,#942,#970,#998));
#158 = ORIENTED_EDGE('',*,*,#159,.F.);
#159 = EDGE_CURVE('',#160,#162,#164,.T.);
#160 = VERTEX_POINT('',#161);
#161 = CARTESIAN_POINT('',(-2.5,-2.5,2.E-02));
#162 = VERTEX_POINT('',#163);
#163 = CARTESIAN_POINT('',(-1.625,-2.5,2.E-02));
#164 = SURFACE_CURVE('',#165,(#169,#181),.PCURVE_S1.);
#165 = LINE('',#166,#167);
#166 = CARTESIAN_POINT('',(-2.5,-2.5,2.E-02));
#167 = VECTOR('',#168,1.);
#168 = DIRECTION('',(1.,0.,0.));
#169 = PCURVE('',#170,#175);
#170 = PLANE('',#171);
#171 = AXIS2_PLACEMENT_3D('',#172,#173,#174);
#172 = CARTESIAN_POINT('',(-2.5,-2.5,2.E-02));
#173 = DIRECTION('',(0.,1.,0.));
#174 = DIRECTION('',(1.,0.,0.));
#175 = DEFINITIONAL_REPRESENTATION('',(#176),#180);
#176 = LINE('',#177,#178);
#177 = CARTESIAN_POINT('',(0.,0.));
#178 = VECTOR('',#179,1.);
#179 = DIRECTION('',(1.,0.));
#180 = ( GEOMETRIC_REPRESENTATION_CONTEXT(2) 
PARAMETRIC_REPRESENTATION_CONTEXT() REPRESENTATION_CONTEXT('2D SPACE',''
  ) );
#181 = PCURVE('',#182,#187);
#182 = PLANE('',#183);
#183 = AXIS2_PLACEMENT_3D('',#184,#185,#186);
#184 = CARTESIAN_POINT('',(0.,0.,2.E-02));
#185 = DIRECTION('',(0.,0.,1.));
#186 = DIRECTION('',(1.,0.,-0.));
#187 = DEFINITIONAL_REPRESENTATION('',(#188),#192);
#188 = LINE('',#189,#190);
#189 = CARTESIAN_POINT('',(-2.5,-2.5));
#190 = VECTOR('',#191,1.);
#191 = DIRECTION('',(1.,0.));
#192 = ( GEOMETRIC_REPRESENTATION_CONTEXT(2) 
PARAMETRIC_REPRESENTATION_CONTEXT() REPRESENTATION_CONTEXT('2D SPACE',''
  ) );
#193 = ORIENTED_EDGE('',*,*,#194,.T.);
#194 = EDGE_CURVE('',#160,#195,#197,.T.);
#195 = VERTEX_POINT('',#196);
#196 = CARTESIAN_POINT('',(-2.5,-2.5,0.75));
#197 = SURFACE_CURVE('',#198,(#202,#209),.PCURVE_S1.);
#198 = LINE('',#199,#200);
#199 = CARTESIAN_POINT('',(-2.5,-2.5,2.E-02));
#200 = VECTOR('',#201,1.);
#201 = DIRECTION('',(0.,0.,1.));
#202 = PCURVE('',#170,#203);
#203 = DEFINITIONAL_REPRESENTATION('',(#204),#208);
#204 = LINE('',#205,#206);
#205 = CARTESIAN_POINT('',(0.,0.));
#206 = VECTOR('',#207,1.);
#207 = DIRECTION('',(0.,-1.));
#208 = ( GEOMETRIC_REPRESENTATION_CONTEXT(2) 
PARAMETRIC_REPRESENTATION_CONTEXT() REPRESENTATION_CONTEXT('2D SPACE',''
  ) );
#209 = PCURVE('',#210,#215);
#210 = PLANE('',#211);
#211 = AXIS2_PLACEMENT_3D('',#212,#213,#214);
#212 = CARTESIAN_POINT('',(-2.5,2.5,2.E-02));
#213 = DIRECTION('',(1.,0.,-0.));
#214 = DIRECTION('',(0.,-1.,0.));
#215 = DEFINITIONAL_REPRESENTATION('',(#216),#220);
#216 = LINE('',#217,#218);
#217 = CARTESIAN_POINT('',(5.,0.));
#218 = VECTOR('',#219,1.);
#219 = DIRECTION('',(0.,-1.));
#220 = ( GEOMETRIC_REPRESENTATION_CONTEXT(2) 
PARAMETRIC_REPRESENTATION_CONTEXT() REPRESENTATION_CONTEXT('2D SPACE',''
  ) );
#221 = ORIENTED_EDGE('',*,*,#222,.T.);
#222 = EDGE_CURVE('',#195,#223,#225,.T.);
#223 = VERTEX_POINT('',#224);
#224 = CARTESIAN_POINT('',(2.5,-2.5,0.75));
#225 = SURFACE_CURVE('',#226,(#230,#237),.PCURVE_S1.);
#226 = LINE('',#227,#228);
#227 = CARTESIAN_POINT('',(-2.5,-2.5,0.75));
#228 = VECTOR('',#229,1.);
#229 = DIRECTION('',(1.,0.,0.));
#230 = PCURVE('',#170,#231);
#231 = DEFINITIONAL_REPRESENTATION('',(#232),#236);
#232 = LINE('',#233,#234);
#233 = CARTESIAN_POINT('',(0.,-0.73));
#234 = VECTOR('',#235,1.);
#235 = DIRECTION('',(1.,0.));
#236 = ( GEOMETRIC_REPRESENTATION_CONTEXT(2) 
PARAMETRIC_REPRESENTATION_CONTEXT() REPRESENTATION_CONTEXT('2D SPACE',''
  ) );
#237 = PCURVE('',#238,#243);
#238 = PLANE('',#239);
#239 = AXIS2_PLACEMENT_3D('',#240,#241,#242);
#240 = CARTESIAN_POINT('',(0.,0.,0.75));
#241 = DIRECTION('',(0.,0.,1.));
#242 = DIRECTION('',(1.,0.,-0.));
#243 = DEFINITIONAL_REPRESENTATION('',(#244),#248);
#244 = LINE('',#245,#246);
#245 = CARTESIAN_POINT('',(-2.5,-2.5));
#246 = VECTOR('',#247,1.);
#247 = DIRECTION('',(1.,0.));
#248 = ( GEOMETRIC_REPRESENTATION_CONTEXT(2) 
PARAMETRIC_REPRESENTATION_CONTEXT() REPRESENTATION_CONTEXT('2D SPACE',''
  ) );
#249 = ORIENTED_EDGE('',*,*,#250,.F.);
#250 = EDGE_CURVE('',#251,#223,#253,.T.);
#251 = VERTEX_POINT('',#252);
#252 = CARTESIAN_POINT('',(2.5,-2.5,2.E-02));
#253 = SURFACE_CURVE('',#254,(#258,#265),.PCURVE_S1.);
#254 = LINE('',#255,#256);
#255 = CARTESIAN_POINT('',(2.5,-2.5,2.E-02));
#256 = VECTOR('',#257,1.);
#257 = DIRECTION('',(0.,0.,1.));
#258 = PCURVE('',#170,#259);
#259 = DEFINITIONAL_REPRESENTATION('',(#260),#264);
#260 = LINE('',#261,#262);
#261 = CARTESIAN_POINT('',(5.,0.));
#262 = VECTOR('',#263,1.);
#263 = DIRECTION('',(0.,-1.));
#264 = ( GEOMETRIC_REPRESENTATION_CONTEXT(2) 
PARAMETRIC_REPRESENTATION_CONTEXT() REPRESENTATION_CONTEXT('2D SPACE',''
  ) );
#265 = PCURVE('',#266,#271);
#266 = PLANE('',#267);
#267 = AXIS2_PLACEMENT_3D('',#268,#269,#270);
#268 = CARTESIAN_POINT('',(2.5,-2.5,2.E-02));
#269 = DIRECTION('',(-1.,0.,0.));
#270 = DIRECTION('',(0.,1.,0.));
#271 = DEFINITIONAL_REPRESENTATION('',(#272),#276);
#272 = LINE('',#273,#274);
#273 = CARTESIAN_POINT('',(0.,0.));
#274 = VECTOR('',#275,1.);
#275 = DIRECTION('',(0.,-1.));
#276 = ( GEOMETRIC_REPRESENTATION_CONTEXT(2) 
PARAMETRIC_REPRESENTATION_CONTEXT() REPRESENTATION_CONTEXT('2D SPACE',''
  ) );
#277 = ORIENTED_EDGE('',*,*,#278,.F.);
#278 = EDGE_CURVE('',#279,#251,#281,.T.);
#279 = VERTEX_POINT('',#280);
#280 = CARTESIAN_POINT('',(1.625,-2.5,2.E-02));
#281 = SURFACE_CURVE('',#282,(#286,#293),.PCURVE_S1.);
#282 = LINE('',#283,#284);
#283 = CARTESIAN_POINT('',(-2.5,-2.5,2.E-02));
#284 = VECTOR('',#285,1.);
#285 = DIRECTION('',(1.,0.,0.));
#286 = PCURVE('',#170,#287);
#287 = DEFINITIONAL_REPRESENTATION('',(#288),#292);
#288 = LINE('',#289,#290);
#289 = CARTESIAN_POINT('',(0.,0.));
#290 = VECTOR('',#291,1.);
#291 = DIRECTION('',(1.,0.));
#292 = ( GEOMETRIC_REPRESENTATION_CONTEXT(2) 
PARAMETRIC_REPRESENTATION_CONTEXT() REPRESENTATION_CONTEXT('2D SPACE',''
  ) );
#293 = PCURVE('',#182,#294);
#294 = DEFINITIONAL_REPRESENTATION('',(#295),#299);
#295 = LINE('',#296,#297);
#296 = CARTESIAN_POINT('',(-2.5,-2.5));
#297 = VECTOR('',#298,1.);
#298 = DIRECTION('',(1.,0.));
#299 = ( GEOMETRIC_REPRESENTATION_CONTEXT(2) 
PARAMETRIC_REPRESENTATION_CONTEXT() REPRESENTATION_CONTEXT('2D SPACE',''
  ) );
#300 = ORIENTED_EDGE('',*,*,#301,.T.);
#301 = EDGE_CURVE('',#279,#302,#304,.T.);
#302 = VERTEX_POINT('',#303);
#303 = CARTESIAN_POINT('',(1.625,-2.5,0.2));
#304 = SURFACE_CURVE('',#305,(#309,#316),.PCURVE_S1.);
#305 = LINE('',#306,#307);
#306 = CARTESIAN_POINT('',(1.625,-2.5,0.));
#307 = VECTOR('',#308,1.);
#308 = DIRECTION('',(0.,0.,1.));
#309 = PCURVE('',#170,#310);
#310 = DEFINITIONAL_REPRESENTATION('',(#311),#315);
#311 = LINE('',#312,#313);
#312 = CARTESIAN_POINT('',(4.125,2.E-02));
#313 = VECTOR('',#314,1.);
#314 = DIRECTION('',(0.,-1.));
#315 = ( GEOMETRIC_REPRESENTATION_CONTEXT(2) 
PARAMETRIC_REPRESENTATION_CONTEXT() REPRESENTATION_CONTEXT('2D SPACE',''
  ) );
#316 = PCURVE('',#317,#322);
#317 = PLANE('',#318);
#318 = AXIS2_PLACEMENT_3D('',#319,#320,#321);
#319 = CARTESIAN_POINT('',(1.625,-2.5,0.));
#320 = DIRECTION('',(-1.,0.,0.));
#321 = DIRECTION('',(0.,1.,0.));
#322 = DEFINITIONAL_REPRESENTATION('',(#323),#327);
#323 = LINE('',#324,#325);
#324 = CARTESIAN_POINT('',(0.,0.));
#325 = VECTOR('',#326,1.);
#326 = DIRECTION('',(0.,-1.));
#327 = ( GEOMETRIC_REPRESENTATION_CONTEXT(2) 
PARAMETRIC_REPRESENTATION_CONTEXT() REPRESENTATION_CONTEXT('2D SPACE',''
  ) );
#328 = ORIENTED_EDGE('',*,*,#329,.F.);
#329 = EDGE_CURVE('',#330,#302,#332,.T.);
#330 = VERTEX_POINT('',#331);
#331 = CARTESIAN_POINT('',(1.375,-2.5,0.2));
#332 = SURFACE_CURVE('',#333,(#337,#344),.PCURVE_S1.);
#333 = LINE('',#334,#335);
#334 = CARTESIAN_POINT('',(1.375,-2.5,0.2));
#335 = VECTOR('',#336,1.);
#336 = DIRECTION('',(1.,0.,0.));
#337 = PCURVE('',#170,#338);
#338 = DEFINITIONAL_REPRESENTATION('',(#339),#343);
#339 = LINE('',#340,#341);
#340 = CARTESIAN_POINT('',(3.875,-0.18));
#341 = VECTOR('',#342,1.);
#342 = DIRECTION('',(1.,0.));
#343 = ( GEOMETRIC_REPRESENTATION_CONTEXT(2) 
PARAMETRIC_REPRESENTATION_CONTEXT() REPRESENTATION_CONTEXT('2D SPACE',''
  ) );
#344 = PCURVE('',#345,#350);
#345 = PLANE('',#346);
#346 = AXIS2_PLACEMENT_3D('',#347,#348,#349);
#347 = CARTESIAN_POINT('',(1.5,-2.3,0.2));
#348 = DIRECTION('',(0.,0.,1.));
#349 = DIRECTION('',(1.,0.,-0.));
#350 = DEFINITIONAL_REPRESENTATION('',(#351),#355);
#351 = LINE('',#352,#353);
#352 = CARTESIAN_POINT('',(-0.125,-0.2));
#353 = VECTOR('',#354,1.);
#354 = DIRECTION('',(1.,0.));
#355 = ( GEOMETRIC_REPRESENTATION_CONTEXT(2) 
PARAMETRIC_REPRESENTATION_CONTEXT() REPRESENTATION_CONTEXT('2D SPACE',''
  ) );
#356 = ORIENTED_EDGE('',*,*,#357,.F.);
#357 = EDGE_CURVE('',#358,#330,#360,.T.);
#358 = VERTEX_POINT('',#359);
#359 = CARTESIAN_POINT('',(1.375,-2.5,2.E-02));
#360 = SURFACE_CURVE('',#361,(#365,#372),.PCURVE_S1.);
#361 = LINE('',#362,#363);
#362 = CARTESIAN_POINT('',(1.375,-2.5,0.));
#363 = VECTOR('',#364,1.);
#364 = DIRECTION('',(0.,0.,1.));
#365 = PCURVE('',#170,#366);
#366 = DEFINITIONAL_REPRESENTATION('',(#367),#371);
#367 = LINE('',#368,#369);
#368 = CARTESIAN_POINT('',(3.875,2.E-02));
#369 = VECTOR('',#370,1.);
#370 = DIRECTION('',(0.,-1.));
#371 = ( GEOMETRIC_REPRESENTATION_CONTEXT(2) 
PARAMETRIC_REPRESENTATION_CONTEXT() REPRESENTATION_CONTEXT('2D SPACE',''
  ) );
#372 = PCURVE('',#373,#378);
#373 = PLANE('',#374);
#374 = AXIS2_PLACEMENT_3D('',#375,#376,#377);
#375 = CARTESIAN_POINT('',(1.375,-2.1,0.));
#376 = DIRECTION('',(1.,0.,-0.));
#377 = DIRECTION('',(0.,-1.,0.));
#378 = DEFINITIONAL_REPRESENTATION('',(#379),#383);
#379 = LINE('',#380,#381);
#380 = CARTESIAN_POINT('',(0.4,0.));
#381 = VECTOR('',#382,1.);
#382 = DIRECTION('',(0.,-1.));
#383 = ( GEOMETRIC_REPRESENTATION_CONTEXT(2) 
PARAMETRIC_REPRESENTATION_CONTEXT() REPRESENTATION_CONTEXT('2D SPACE',''
  ) );
#384 = ORIENTED_EDGE('',*,*,#385,.F.);
#385 = EDGE_CURVE('',#386,#358,#388,.T.);
#386 = VERTEX_POINT('',#387);
#387 = CARTESIAN_POINT('',(1.125,-2.5,2.E-02));
#388 = SURFACE_CURVE('',#389,(#393,#400),.PCURVE_S1.);
#389 = LINE('',#390,#391);
#390 = CARTESIAN_POINT('',(-2.5,-2.5,2.E-02));
#391 = VECTOR('',#392,1.);
#392 = DIRECTION('',(1.,0.,0.));
#393 = PCURVE('',#170,#394);
#394 = DEFINITIONAL_REPRESENTATION('',(#395),#399);
#395 = LINE('',#396,#397);
#396 = CARTESIAN_POINT('',(0.,0.));
#397 = VECTOR('',#398,1.);
#398 = DIRECTION('',(1.,0.));
#399 = ( GEOMETRIC_REPRESENTATION_CONTEXT(2) 
PARAMETRIC_REPRESENTATION_CONTEXT() REPRESENTATION_CONTEXT('2D SPACE',''
  ) );
#400 = PCURVE('',#182,#401);
#401 = DEFINITIONAL_REPRESENTATION('',(#402),#406);
#402 = LINE('',#403,#404);
#403 = CARTESIAN_POINT('',(-2.5,-2.5));
#404 = VECTOR('',#405,1.);
#405 = DIRECTION('',(1.,0.));
#406 = ( GEOMETRIC_REPRESENTATION_CONTEXT(2) 
PARAMETRIC_REPRESENTATION_CONTEXT() REPRESENTATION_CONTEXT('2D SPACE',''
  ) );
#407 = ORIENTED_EDGE('',*,*,#408,.T.);
#408 = EDGE_CURVE('',#386,#409,#411,.T.);
#409 = VERTEX_POINT('',#410);
#410 = CARTESIAN_POINT('',(1.125,-2.5,0.2));
#411 = SURFACE_CURVE('',#412,(#416,#423),.PCURVE_S1.);
#412 = LINE('',#413,#414);
#413 = CARTESIAN_POINT('',(1.125,-2.5,0.));
#414 = VECTOR('',#415,1.);
#415 = DIRECTION('',(0.,0.,1.));
#416 = PCURVE('',#170,#417);
#417 = DEFINITIONAL_REPRESENTATION('',(#418),#422);
#418 = LINE('',#419,#420);
#419 = CARTESIAN_POINT('',(3.625,2.E-02));
#420 = VECTOR('',#421,1.);
#421 = DIRECTION('',(0.,-1.));
#422 = ( GEOMETRIC_REPRESENTATION_CONTEXT(2) 
PARAMETRIC_REPRESENTATION_CONTEXT() REPRESENTATION_CONTEXT('2D SPACE',''
  ) );
#423 = PCURVE('',#424,#429);
#424 = PLANE('',#425);
#425 = AXIS2_PLACEMENT_3D('',#426,#427,#428);
#426 = CARTESIAN_POINT('',(1.125,-2.5,0.));
#427 = DIRECTION('',(-1.,0.,0.));
#428 = DIRECTION('',(0.,1.,0.));
#429 = DEFINITIONAL_REPRESENTATION('',(#430),#434);
#430 = LINE('',#431,#432);
#431 = CARTESIAN_POINT('',(0.,0.));
#432 = VECTOR('',#433,1.);
#433 = DIRECTION('',(0.,-1.));
#434 = ( GEOMETRIC_REPRESENTATION_CONTEXT(2) 
PARAMETRIC_REPRESENTATION_CONTEXT() REPRESENTATION_CONTEXT('2D SPACE',''
  ) );
#435 = ORIENTED_EDGE('',*,*,#436,.F.);
#436 = EDGE_CURVE('',#437,#409,#439,.T.);
#437 = VERTEX_POINT('',#438);
#438 = CARTESIAN_POINT('',(0.875,-2.5,0.2));
#439 = SURFACE_CURVE('',#440,(#444,#451),.PCURVE_S1.);
#440 = LINE('',#441,#442);
#441 = CARTESIAN_POINT('',(0.875,-2.5,0.2));
#442 = VECTOR('',#443,1.);
#443 = DIRECTION('',(1.,0.,0.));
#444 = PCURVE('',#170,#445);
#445 = DEFINITIONAL_REPRESENTATION('',(#446),#450);
#446 = LINE('',#447,#448);
#447 = CARTESIAN_POINT('',(3.375,-0.18));
#448 = VECTOR('',#449,1.);
#449 = DIRECTION('',(1.,0.));
#450 = ( GEOMETRIC_REPRESENTATION_CONTEXT(2) 
PARAMETRIC_REPRESENTATION_CONTEXT() REPRESENTATION_CONTEXT('2D SPACE',''
  ) );
#451 = PCURVE('',#452,#457);
#452 = PLANE('',#453);
#453 = AXIS2_PLACEMENT_3D('',#454,#455,#456);
#454 = CARTESIAN_POINT('',(1.,-2.3,0.2));
#455 = DIRECTION('',(0.,0.,1.));
#456 = DIRECTION('',(1.,0.,-0.));
#457 = DEFINITIONAL_REPRESENTATION('',(#458),#462);
#458 = LINE('',#459,#460);
#459 = CARTESIAN_POINT('',(-0.125,-0.2));
#460 = VECTOR('',#461,1.);
#461 = DIRECTION('',(1.,0.));
#462 = ( GEOMETRIC_REPRESENTATION_CONTEXT(2) 
PARAMETRIC_REPRESENTATION_CONTEXT() REPRESENTATION_CONTEXT('2D SPACE',''
  ) );
#463 = ORIENTED_EDGE('',*,*,#464,.F.);
#464 = EDGE_CURVE('',#465,#437,#467,.T.);
#465 = VERTEX_POINT('',#466);
#466 = CARTESIAN_POINT('',(0.875,-2.5,2.E-02));
#467 = SURFACE_CURVE('',#468,(#472,#479),.PCURVE_S1.);
#468 = LINE('',#469,#470);
#469 = CARTESIAN_POINT('',(0.875,-2.5,0.));
#470 = VECTOR('',#471,1.);
#471 = DIRECTION('',(0.,0.,1.));
#472 = PCURVE('',#170,#473);
#473 = DEFINITIONAL_REPRESENTATION('',(#474),#478);
#474 = LINE('',#475,#476);
#475 = CARTESIAN_POINT('',(3.375,2.E-02));
#476 = VECTOR('',#477,1.);
#477 = DIRECTION('',(0.,-1.));
#478 = ( GEOMETRIC_REPRESENTATION_CONTEXT(2) 
PARAMETRIC_REPRESENTATION_CONTEXT() REPRESENTATION_CONTEXT('2D SPACE',''
  ) );
#479 = PCURVE('',#480,#485);
#480 = PLANE('',#481);
#481 = AXIS2_PLACEMENT_3D('',#482,#483,#484);
#482 = CARTESIAN_POINT('',(0.875,-2.1,0.));
#483 = DIRECTION('',(1.,0.,-0.));
#484 = DIRECTION('',(0.,-1.,0.));
#485 = DEFINITIONAL_REPRESENTATION('',(#486),#490);
#486 = LINE('',#487,#488);
#487 = CARTESIAN_POINT('',(0.4,0.));
#488 = VECTOR('',#489,1.);
#489 = DIRECTION('',(0.,-1.));
#490 = ( GEOMETRIC_REPRESENTATION_CONTEXT(2) 
PARAMETRIC_REPRESENTATION_CONTEXT() REPRESENTATION_CONTEXT('2D SPACE',''
  ) );
#491 = ORIENTED_EDGE('',*,*,#492,.F.);
#492 = EDGE_CURVE('',#493,#465,#495,.T.);
#493 = VERTEX_POINT('',#494);
#494 = CARTESIAN_POINT('',(0.625,-2.5,2.E-02));
#495 = SURFACE_CURVE('',#496,(#500,#507),.PCURVE_S1.);
#496 = LINE('',#497,#498);
#497 = CARTESIAN_POINT('',(-2.5,-2.5,2.E-02));
#498 = VECTOR('',#499,1.);
#499 = DIRECTION('',(1.,0.,0.));
#500 = PCURVE('',#170,#501);
#501 = DEFINITIONAL_REPRESENTATION('',(#502),#506);
#502 = LINE('',#503,#504);
#503 = CARTESIAN_POINT('',(0.,0.));
#504 = VECTOR('',#505,1.);
#505 = DIRECTION('',(1.,0.));
#506 = ( GEOMETRIC_REPRESENTATION_CONTEXT(2) 
PARAMETRIC_REPRESENTATION_CONTEXT() REPRESENTATION_CONTEXT('2D SPACE',''
  ) );
#507 = PCURVE('',#182,#508);
#508 = DEFINITIONAL_REPRESENTATION('',(#509),#513);
#509 = LINE('',#510,#511);
#510 = CARTESIAN_POINT('',(-2.5,-2.5));
#511 = VECTOR('',#512,1.);
#512 = DIRECTION('',(1.,0.));
#513 = ( GEOMETRIC_REPRESENTATION_CONTEXT(2) 
PARAMETRIC_REPRESENTATION_CONTEXT() REPRESENTATION_CONTEXT('2D SPACE',''
  ) );
#514 = ORIENTED_EDGE('',*,*,#515,.T.);
#515 = EDGE_CURVE('',#493,#516,#518,.T.);
#516 = VERTEX_POINT('',#517);
#517 = CARTESIAN_POINT('',(0.625,-2.5,0.2));
#518 = SURFACE_CURVE('',#519,(#523,#530),.PCURVE_S1.);
#519 = LINE('',#520,#521);
#520 = CARTESIAN_POINT('',(0.625,-2.5,0.));
#521 = VECTOR('',#522,1.);
#522 = DIRECTION('',(0.,0.,1.));
#523 = PCURVE('',#170,#524);
#524 = DEFINITIONAL_REPRESENTATION('',(#525),#529);
#525 = LINE('',#526,#527);
#526 = CARTESIAN_POINT('',(3.125,2.E-02));
#527 = VECTOR('',#528,1.);
#528 = DIRECTION('',(0.,-1.));
#529 = ( GEOMETRIC_REPRESENTATION_CONTEXT(2) 
PARAMETRIC_REPRESENTATION_CONTEXT() REPRESENTATION_CONTEXT('2D SPACE',''
  ) );
#530 = PCURVE('',#531,#536);
#531 = PLANE('',#532);
#532 = AXIS2_PLACEMENT_3D('',#533,#534,#535);
#533 = CARTESIAN_POINT('',(0.625,-2.5,0.));
#534 = DIRECTION('',(-1.,0.,0.));
#535 = DIRECTION('',(0.,1.,0.));
#536 = DEFINITIONAL_REPRESENTATION('',(#537),#541);
#537 = LINE('',#538,#539);
#538 = CARTESIAN_POINT('',(0.,0.));
#539 = VECTOR('',#540,1.);
#540 = DIRECTION('',(0.,-1.));
#541 = ( GEOMETRIC_REPRESENTATION_CONTEXT(2) 
PARAMETRIC_REPRESENTATION_CONTEXT() REPRESENTATION_CONTEXT('2D SPACE',''
  ) );
#542 = ORIENTED_EDGE('',*,*,#543,.F.);
#543 = EDGE_CURVE('',#544,#516,#546,.T.);
#544 = VERTEX_POINT('',#545);
#545 = CARTESIAN_POINT('',(0.375,-2.5,0.2));
#546 = SURFACE_CURVE('',#547,(#551,#558),.PCURVE_S1.);
#547 = LINE('',#548,#549);
#548 = CARTESIAN_POINT('',(0.375,-2.5,0.2));
#549 = VECTOR('',#550,1.);
#550 = DIRECTION('',(1.,0.,0.));
#551 = PCURVE('',#170,#552);
#552 = DEFINITIONAL_REPRESENTATION('',(#553),#557);
#553 = LINE('',#554,#555);
#554 = CARTESIAN_POINT('',(2.875,-0.18));
#555 = VECTOR('',#556,1.);
#556 = DIRECTION('',(1.,0.));
#557 = ( GEOMETRIC_REPRESENTATION_CONTEXT(2) 
PARAMETRIC_REPRESENTATION_CONTEXT() REPRESENTATION_CONTEXT('2D SPACE',''
  ) );
#558 = PCURVE('',#559,#564);
#559 = PLANE('',#560);
#560 = AXIS2_PLACEMENT_3D('',#561,#562,#563);
#561 = CARTESIAN_POINT('',(0.5,-2.3,0.2));
#562 = DIRECTION('',(0.,0.,1.));
#563 = DIRECTION('',(1.,0.,-0.));
#564 = DEFINITIONAL_REPRESENTATION('',(#565),#569);
#565 = LINE('',#566,#567);
#566 = CARTESIAN_POINT('',(-0.125,-0.2));
#567 = VECTOR('',#568,1.);
#568 = DIRECTION('',(1.,0.));
#569 = ( GEOMETRIC_REPRESENTATION_CONTEXT(2) 
PARAMETRIC_REPRESENTATION_CONTEXT() REPRESENTATION_CONTEXT('2D SPACE',''
  ) );
#570 = ORIENTED_EDGE('',*,*,#571,.F.);
#571 = EDGE_CURVE('',#572,#544,#574,.T.);
#572 = VERTEX_POINT('',#573);
#573 = CARTESIAN_POINT('',(0.375,-2.5,2.E-02));
#574 = SURFACE_CURVE('',#575,(#579,#586),.PCURVE_S1.);
#575 = LINE('',#576,#577);
#576 = CARTESIAN_POINT('',(0.375,-2.5,0.));
#577 = VECTOR('',#578,1.);
#578 = DIRECTION('',(0.,0.,1.));
#579 = PCURVE('',#170,#580);
#580 = DEFINITIONAL_REPRESENTATION('',(#581),#585);
#581 = LINE('',#582,#583);
#582 = CARTESIAN_POINT('',(2.875,2.E-02));
#583 = VECTOR('',#584,1.);
#584 = DIRECTION('',(0.,-1.));
#585 = ( GEOMETRIC_REPRESENTATION_CONTEXT(2) 
PARAMETRIC_REPRESENTATION_CONTEXT() REPRESENTATION_CONTEXT('2D SPACE',''
  ) );
#586 = PCURVE('',#587,#592);
#587 = PLANE('',#588);
#588 = AXIS2_PLACEMENT_3D('',#589,#590,#591);
#589 = CARTESIAN_POINT('',(0.375,-2.1,0.));
#590 = DIRECTION('',(1.,0.,-0.));
#591 = DIRECTION('',(0.,-1.,0.));
#592 = DEFINITIONAL_REPRESENTATION('',(#593),#597);
#593 = LINE('',#594,#595);
#594 = CARTESIAN_POINT('',(0.4,0.));
#595 = VECTOR('',#596,1.);
#596 = DIRECTION('',(0.,-1.));
#597 = ( GEOMETRIC_REPRESENTATION_CONTEXT(2) 
PARAMETRIC_REPRESENTATION_CONTEXT() REPRESENTATION_CONTEXT('2D SPACE',''
  ) );
#598 = ORIENTED_EDGE('',*,*,#599,.F.);
#599 = EDGE_CURVE('',#600,#572,#602,.T.);
#600 = VERTEX_POINT('',#601);
#601 = CARTESIAN_POINT('',(0.125,-2.5,2.E-02));
#602 = SURFACE_CURVE('',#603,(#607,#614),.PCURVE_S1.);
#603 = LINE('',#604,#605);
#604 = CARTESIAN_POINT('',(-2.5,-2.5,2.E-02));
#605 = VECTOR('',#606,1.);
#606 = DIRECTION('',(1.,0.,0.));
#607 = PCURVE('',#170,#608);
#608 = DEFINITIONAL_REPRESENTATION('',(#609),#613);
#609 = LINE('',#610,#611);
#610 = CARTESIAN_POINT('',(0.,0.));
#611 = VECTOR('',#612,1.);
#612 = DIRECTION('',(1.,0.));
#613 = ( GEOMETRIC_REPRESENTATION_CONTEXT(2) 
PARAMETRIC_REPRESENTATION_CONTEXT() REPRESENTATION_CONTEXT('2D SPACE',''
  ) );
#614 = PCURVE('',#182,#615);
#615 = DEFINITIONAL_REPRESENTATION('',(#616),#620);
#616 = LINE('',#617,#618);
#617 = CARTESIAN_POINT('',(-2.5,-2.5));
#618 = VECTOR('',#619,1.);
#619 = DIRECTION('',(1.,0.));
#620 = ( GEOMETRIC_REPRESENTATION_CONTEXT(2) 
PARAMETRIC_REPRESENTATION_CONTEXT() REPRESENTATION_CONTEXT('2D SPACE',''
  ) );
#621 = ORIENTED_EDGE('',*,*,#622,.T.);
#622 = EDGE_CURVE('',#600,#623,#625,.T.);
#623 = VERTEX_POINT('',#624);
#624 = CARTESIAN_POINT('',(0.125,-2.5,0.2));
#625 = SURFACE_CURVE('',#626,(#630,#637),.PCURVE_S1.);
#626 = LINE('',#627,#628);
#627 = CARTESIAN_POINT('',(0.125,-2.5,0.));
#628 = VECTOR('',#629,1.);
#629 = DIRECTION('',(0.,0.,1.));
#630 = PCURVE('',#170,#631);
#631 = DEFINITIONAL_REPRESENTATION('',(#632),#636);
#632 = LINE('',#633,#634);
#633 = CARTESIAN_POINT('',(2.625,2.E-02));
#634 = VECTOR('',#635,1.);
#635 = DIRECTION('',(0.,-1.));
#636 = ( GEOMETRIC_REPRESENTATION_CONTEXT(2) 
PARAMETRIC_REPRESENTATION_CONTEXT() REPRESENTATION_CONTEXT('2D SPACE',''
  ) );
#637 = PCURVE('',#638,#643);
#638 = PLANE('',#639);
#639 = AXIS2_PLACEMENT_3D('',#640,#641,#642);
#640 = CARTESIAN_POINT('',(0.125,-2.5,0.));
#641 = DIRECTION('',(-1.,0.,0.));
#642 = DIRECTION('',(0.,1.,0.));
#643 = DEFINITIONAL_REPRESENTATION('',(#644),#648);
#644 = LINE('',#645,#646);
#645 = CARTESIAN_POINT('',(0.,0.));
#646 = VECTOR('',#647,1.);
#647 = DIRECTION('',(0.,-1.));
#648 = ( GEOMETRIC_REPRESENTATION_CONTEXT(2) 
PARAMETRIC_REPRESENTATION_CONTEXT() REPRESENTATION_CONTEXT('2D SPACE',''
  ) );
#649 = ORIENTED_EDGE('',*,*,#650,.F.);
#650 = EDGE_CURVE('',#651,#623,#653,.T.);
#651 = VERTEX_POINT('',#652);
#652 = CARTESIAN_POINT('',(-0.125,-2.5,0.2));
#653 = SURFACE_CURVE('',#654,(#658,#665),.PCURVE_S1.);
#654 = LINE('',#655,#656);
#655 = CARTESIAN_POINT('',(-0.125,-2.5,0.2));
#656 = VECTOR('',#657,1.);
#657 = DIRECTION('',(1.,0.,0.));
#658 = PCURVE('',#170,#659);
#659 = DEFINITIONAL_REPRESENTATION('',(#660),#664);
#660 = LINE('',#661,#662);
#661 = CARTESIAN_POINT('',(2.375,-0.18));
#662 = VECTOR('',#663,1.);
#663 = DIRECTION('',(1.,0.));
#664 = ( GEOMETRIC_REPRESENTATION_CONTEXT(2) 
PARAMETRIC_REPRESENTATION_CONTEXT() REPRESENTATION_CONTEXT('2D SPACE',''
  ) );
#665 = PCURVE('',#666,#671);
#666 = PLANE('',#667);
#667 = AXIS2_PLACEMENT_3D('',#668,#669,#670);
#668 = CARTESIAN_POINT('',(0.,-2.3,0.2));
#669 = DIRECTION('',(0.,0.,1.));
#670 = DIRECTION('',(1.,0.,-0.));
#671 = DEFINITIONAL_REPRESENTATION('',(#672),#676);
#672 = LINE('',#673,#674);
#673 = CARTESIAN_POINT('',(-0.125,-0.2));
#674 = VECTOR('',#675,1.);
#675 = DIRECTION('',(1.,0.));
#676 = ( GEOMETRIC_REPRESENTATION_CONTEXT(2) 
PARAMETRIC_REPRESENTATION_CONTEXT() REPRESENTATION_CONTEXT('2D SPACE',''
  ) );
#677 = ORIENTED_EDGE('',*,*,#678,.F.);
#678 = EDGE_CURVE('',#679,#651,#681,.T.);
#679 = VERTEX_POINT('',#680);
#680 = CARTESIAN_POINT('',(-0.125,-2.5,2.E-02));
#681 = SURFACE_CURVE('',#682,(#686,#693),.PCURVE_S1.);
#682 = LINE('',#683,#684);
#683 = CARTESIAN_POINT('',(-0.125,-2.5,0.));
#684 = VECTOR('',#685,1.);
#685 = DIRECTION('',(0.,0.,1.));
#686 = PCURVE('',#170,#687);
#687 = DEFINITIONAL_REPRESENTATION('',(#688),#692);
#688 = LINE('',#689,#690);
#689 = CARTESIAN_POINT('',(2.375,2.E-02));
#690 = VECTOR('',#691,1.);
#691 = DIRECTION('',(0.,-1.));
#692 = ( GEOMETRIC_REPRESENTATION_CONTEXT(2) 
PARAMETRIC_REPRESENTATION_CONTEXT() REPRESENTATION_CONTEXT('2D SPACE',''
  ) );
#693 = PCURVE('',#694,#699);
#694 = PLANE('',#695);
#695 = AXIS2_PLACEMENT_3D('',#696,#697,#698);
#696 = CARTESIAN_POINT('',(-0.125,-2.1,0.));
#697 = DIRECTION('',(1.,0.,-0.));
#698 = DIRECTION('',(0.,-1.,0.));
#699 = DEFINITIONAL_REPRESENTATION('',(#700),#704);
#700 = LINE('',#701,#702);
#701 = CARTESIAN_POINT('',(0.4,0.));
#702 = VECTOR('',#703,1.);
#703 = DIRECTION('',(0.,-1.));
#704 = ( GEOMETRIC_REPRESENTATION_CONTEXT(2) 
PARAMETRIC_REPRESENTATION_CONTEXT() REPRESENTATION_CONTEXT('2D SPACE',''
  ) );
#705 = ORIENTED_EDGE('',*,*,#706,.F.);
#706 = EDGE_CURVE('',#707,#679,#709,.T.);
#707 = VERTEX_POINT('',#708);
#708 = CARTESIAN_POINT('',(-0.375,-2.5,2.E-02));
#709 = SURFACE_CURVE('',#710,(#714,#721),.PCURVE_S1.);
#710 = LINE('',#711,#712);
#711 = CARTESIAN_POINT('',(-2.5,-2.5,2.E-02));
#712 = VECTOR('',#713,1.);
#713 = DIRECTION('',(1.,0.,0.));
#714 = PCURVE('',#170,#715);
#715 = DEFINITIONAL_REPRESENTATION('',(#716),#720);
#716 = LINE('',#717,#718);
#717 = CARTESIAN_POINT('',(0.,0.));
#718 = VECTOR('',#719,1.);
#719 = DIRECTION('',(1.,0.));
#720 = ( GEOMETRIC_REPRESENTATION_CONTEXT(2) 
PARAMETRIC_REPRESENTATION_CONTEXT() REPRESENTATION_CONTEXT('2D SPACE',''
  ) );
#721 = PCURVE('',#182,#722);
#722 = DEFINITIONAL_REPRESENTATION('',(#723),#727);
#723 = LINE('',#724,#725);
#724 = CARTESIAN_POINT('',(-2.5,-2.5));
#725 = VECTOR('',#726,1.);
#726 = DIRECTION('',(1.,0.));
#727 = ( GEOMETRIC_REPRESENTATION_CONTEXT(2) 
PARAMETRIC_REPRESENTATION_CONTEXT() REPRESENTATION_CONTEXT('2D SPACE',''
  ) );
#728 = ORIENTED_EDGE('',*,*,#729,.T.);
#729 = EDGE_CURVE('',#707,#730,#732,.T.);
#730 = VERTEX_POINT('',#731);
#731 = CARTESIAN_POINT('',(-0.375,-2.5,0.2));
#732 = SURFACE_CURVE('',#733,(#737,#744),.PCURVE_S1.);
#733 = LINE('',#734,#735);
#734 = CARTESIAN_POINT('',(-0.375,-2.5,0.));
#735 = VECTOR('',#736,1.);
#736 = DIRECTION('',(0.,0.,1.));
#737 = PCURVE('',#170,#738);
#738 = DEFINITIONAL_REPRESENTATION('',(#739),#743);
#739 = LINE('',#740,#741);
#740 = CARTESIAN_POINT('',(2.125,2.E-02));
#741 = VECTOR('',#742,1.);
#742 = DIRECTION('',(0.,-1.));
#743 = ( GEOMETRIC_REPRESENTATION_CONTEXT(2) 
PARAMETRIC_REPRESENTATION_CONTEXT() REPRESENTATION_CONTEXT('2D SPACE',''
  ) );
#744 = PCURVE('',#745,#750);
#745 = PLANE('',#746);
#746 = AXIS2_PLACEMENT_3D('',#747,#748,#749);
#747 = CARTESIAN_POINT('',(-0.375,-2.5,0.));
#748 = DIRECTION('',(-1.,0.,0.));
#749 = DIRECTION('',(0.,1.,0.));
#750 = DEFINITIONAL_REPRESENTATION('',(#751),#755);
#751 = LINE('',#752,#753);
#752 = CARTESIAN_POINT('',(0.,0.));
#753 = VECTOR('',#754,1.);
#754 = DIRECTION('',(0.,-1.));
#755 = ( GEOMETRIC_REPRESENTATION_CONTEXT(2) 
PARAMETRIC_REPRESENTATION_CONTEXT() REPRESENTATION_CONTEXT('2D SPACE',''
  ) );
#756 = ORIENTED_EDGE('',*,*,#757,.F.);
#757 = EDGE_CURVE('',#758,#730,#760,.T.);
#758 = VERTEX_POINT('',#759);
#759 = CARTESIAN_POINT('',(-0.625,-2.5,0.2));
#760 = SURFACE_CURVE('',#761,(#765,#772),.PCURVE_S1.);
#761 = LINE('',#762,#763);
#762 = CARTESIAN_POINT('',(-0.625,-2.5,0.2));
#763 = VECTOR('',#764,1.);
#764 = DIRECTION('',(1.,0.,0.));
#765 = PCURVE('',#170,#766);
#766 = DEFINITIONAL_REPRESENTATION('',(#767),#771);
#767 = LINE('',#768,#769);
#768 = CARTESIAN_POINT('',(1.875,-0.18));
#769 = VECTOR('',#770,1.);
#770 = DIRECTION('',(1.,0.));
#771 = ( GEOMETRIC_REPRESENTATION_CONTEXT(2) 
PARAMETRIC_REPRESENTATION_CONTEXT() REPRESENTATION_CONTEXT('2D SPACE',''
  ) );
#772 = PCURVE('',#773,#778);
#773 = PLANE('',#774);
#774 = AXIS2_PLACEMENT_3D('',#775,#776,#777);
#775 = CARTESIAN_POINT('',(-0.5,-2.3,0.2));
#776 = DIRECTION('',(0.,0.,1.));
#777 = DIRECTION('',(1.,0.,-0.));
#778 = DEFINITIONAL_REPRESENTATION('',(#779),#783);
#779 = LINE('',#780,#781);
#780 = CARTESIAN_POINT('',(-0.125,-0.2));
#781 = VECTOR('',#782,1.);
#782 = DIRECTION('',(1.,0.));
#783 = ( GEOMETRIC_REPRESENTATION_CONTEXT(2) 
PARAMETRIC_REPRESENTATION_CONTEXT() REPRESENTATION_CONTEXT('2D SPACE',''
  ) );
#784 = ORIENTED_EDGE('',*,*,#785,.F.);
#785 = EDGE_CURVE('',#786,#758,#788,.T.);
#786 = VERTEX_POINT('',#787);
#787 = CARTESIAN_POINT('',(-0.625,-2.5,2.E-02));
#788 = SURFACE_CURVE('',#789,(#793,#800),.PCURVE_S1.);
#789 = LINE('',#790,#791);
#790 = CARTESIAN_POINT('',(-0.625,-2.5,0.));
#791 = VECTOR('',#792,1.);
#792 = DIRECTION('',(0.,0.,1.));
#793 = PCURVE('',#170,#794);
#794 = DEFINITIONAL_REPRESENTATION('',(#795),#799);
#795 = LINE('',#796,#797);
#796 = CARTESIAN_POINT('',(1.875,2.E-02));
#797 = VECTOR('',#798,1.);
#798 = DIRECTION('',(0.,-1.));
#799 = ( GEOMETRIC_REPRESENTATION_CONTEXT(2) 
PARAMETRIC_REPRESENTATION_CONTEXT() REPRESENTATION_CONTEXT('2D SPACE',''
  ) );
#800 = PCURVE('',#801,#806);
#801 = PLANE('',#802);
#802 = AXIS2_PLACEMENT_3D('',#803,#804,#805);
#803 = CARTESIAN_POINT('',(-0.625,-2.1,0.));
#804 = DIRECTION('',(1.,0.,-0.));
#805 = DIRECTION('',(0.,-1.,0.));
#806 = DEFINITIONAL_REPRESENTATION('',(#807),#811);
#807 = LINE('',#808,#809);
#808 = CARTESIAN_POINT('',(0.4,0.));
#809 = VECTOR('',#810,1.);
#810 = DIRECTION('',(0.,-1.));
#811 = ( GEOMETRIC_REPRESENTATION_CONTEXT(2) 
PARAMETRIC_REPRESENTATION_CONTEXT() REPRESENTATION_CONTEXT('2D SPACE',''
  ) );
#812 = ORIENTED_EDGE('',*,*,#813,.F.);
#813 = EDGE_CURVE('',#814,#786,#816,.T.);
#814 = VERTEX_POINT('',#815);
#815 = CARTESIAN_POINT('',(-0.875,-2.5,2.E-02));
#816 = SURFACE_CURVE('',#817,(#821,#828),.PCURVE_S1.);
#817 = LINE('',#818,#819);
#818 = CARTESIAN_POINT('',(-2.5,-2.5,2.E-02));
#819 = VECTOR('',#820,1.);
#820 = DIRECTION('',(1.,0.,0.));
#821 = PCURVE('',#170,#822);
#822 = DEFINITIONAL_REPRESENTATION('',(#823),#827);
#823 = LINE('',#824,#825);
#824 = CARTESIAN_POINT('',(0.,0.));
#825 = VECTOR('',#826,1.);
#826 = DIRECTION('',(1.,0.));
#827 = ( GEOMETRIC_REPRESENTATION_CONTEXT(2) 
PARAMETRIC_REPRESENTATION_CONTEXT() REPRESENTATION_CONTEXT('2D SPACE',''
  ) );
#828 = PCURVE('',#182,#829);
#829 = DEFINITIONAL_REPRESENTATION('',(#830),#834);
#830 = LINE('',#831,#832);
#831 = CARTESIAN_POINT('',(-2.5,-2.5));
#832 = VECTOR('',#833,1.);
#833 = DIRECTION('',(1.,0.));
#834 = ( GEOMETRIC_REPRESENTATION_CONTEXT(2) 
PARAMETRIC_REPRESENTATION_CONTEXT() REPRESENTATION_CONTEXT('2D SPACE',''
  ) );
#835 = ORIENTED_EDGE('',*,*,#836,.T.);
#836 = EDGE_CURVE('',#814,#837,#839,.T.);
#837 = VERTEX_POINT('',#838);
#838 = CARTESIAN_POINT('',(-0.875,-2.5,0.2));
#839 = SURFACE_CURVE('',#840,(#844,#851),.PCURVE_S1.);
#840 = LINE('',#841,#842);
#841 = CARTESIAN_POINT('',(-0.875,-2.5,0.));
#842 = VECTOR('',#843,1.);
#843 = DIRECTION('',(0.,0.,1.));
#844 = PCURVE('',#170,#845);
#845 = DEFINITIONAL_REPRESENTATION('',(#846),#850);
#846 = LINE('',#847,#848);
#847 = CARTESIAN_POINT('',(1.625,2.E-02));
#848 = VECTOR('',#849,1.);
#849 = DIRECTION('',(0.,-1.));
#850 = ( GEOMETRIC_REPRESENTATION_CONTEXT(2) 
PARAMETRIC_REPRESENTATION_CONTEXT() REPRESENTATION_CONTEXT('2D SPACE',''
  ) );
#851 = PCURVE('',#852,#857);
#852 = PLANE('',#853);
#853 = AXIS2_PLACEMENT_3D('',#854,#855,#856);
#854 = CARTESIAN_POINT('',(-0.875,-2.5,0.));
#855 = DIRECTION('',(-1.,0.,0.));
#856 = DIRECTION('',(0.,1.,0.));
#857 = DEFINITIONAL_REPRESENTATION('',(#858),#862);
#858 = LINE('',#859,#860);
#859 = CARTESIAN_POINT('',(0.,0.));
#860 = VECTOR('',#861,1.);
#861 = DIRECTION('',(0.,-1.));
#862 = ( GEOMETRIC_REPRESENTATION_CONTEXT(2) 
PARAMETRIC_REPRESENTATION_CONTEXT() REPRESENTATION_CONTEXT('2D SPACE',''
  ) );
#863 = ORIENTED_EDGE('',*,*,#864,.F.);
#864 = EDGE_CURVE('',#865,#837,#867,.T.);
#865 = VERTEX_POINT('',#866);
#866 = CARTESIAN_POINT('',(-1.125,-2.5,0.2));
#867 = SURFACE_CURVE('',#868,(#872,#879),.PCURVE_S1.);
#868 = LINE('',#869,#870);
#869 = CARTESIAN_POINT('',(-1.125,-2.5,0.2));
#870 = VECTOR('',#871,1.);
#871 = DIRECTION('',(1.,0.,0.));
#872 = PCURVE('',#170,#873);
#873 = DEFINITIONAL_REPRESENTATION('',(#874),#878);
#874 = LINE('',#875,#876);
#875 = CARTESIAN_POINT('',(1.375,-0.18));
#876 = VECTOR('',#877,1.);
#877 = DIRECTION('',(1.,0.));
#878 = ( GEOMETRIC_REPRESENTATION_CONTEXT(2) 
PARAMETRIC_REPRESENTATION_CONTEXT() REPRESENTATION_CONTEXT('2D SPACE',''
  ) );
#879 = PCURVE('',#880,#885);
#880 = PLANE('',#881);
#881 = AXIS2_PLACEMENT_3D('',#882,#883,#884);
#882 = CARTESIAN_POINT('',(-1.,-2.3,0.2));
#883 = DIRECTION('',(0.,0.,1.));
#884 = DIRECTION('',(1.,0.,-0.));
#885 = DEFINITIONAL_REPRESENTATION('',(#886),#890);
#886 = LINE('',#887,#888);
#887 = CARTESIAN_POINT('',(-0.125,-0.2));
#888 = VECTOR('',#889,1.);
#889 = DIRECTION('',(1.,0.));
#890 = ( GEOMETRIC_REPRESENTATION_CONTEXT(2) 
PARAMETRIC_REPRESENTATION_CONTEXT() REPRESENTATION_CONTEXT('2D SPACE',''
  ) );
#891 = ORIENTED_EDGE('',*,*,#892,.F.);
#892 = EDGE_CURVE('',#893,#865,#895,.T.);
#893 = VERTEX_POINT('',#894);
#894 = CARTESIAN_POINT('',(-1.125,-2.5,2.E-02));
#895 = SURFACE_CURVE('',#896,(#900,#907),.PCURVE_S1.);
#896 = LINE('',#897,#898);
#897 = CARTESIAN_POINT('',(-1.125,-2.5,0.));
#898 = VECTOR('',#899,1.);
#899 = DIRECTION('',(0.,0.,1.));
#900 = PCURVE('',#170,#901);
#901 = DEFINITIONAL_REPRESENTATION('',(#902),#906);
#902 = LINE('',#903,#904);
#903 = CARTESIAN_POINT('',(1.375,2.E-02));
#904 = VECTOR('',#905,1.);
#905 = DIRECTION('',(0.,-1.));
#906 = ( GEOMETRIC_REPRESENTATION_CONTEXT(2) 
PARAMETRIC_REPRESENTATION_CONTEXT() REPRESENTATION_CONTEXT('2D SPACE',''
  ) );
#907 = PCURVE('',#908,#913);
#908 = PLANE('',#909);
#909 = AXIS2_PLACEMENT_3D('',#910,#911,#912);
#910 = CARTESIAN_POINT('',(-1.125,-2.1,0.));
#911 = DIRECTION('',(1.,0.,-0.));
#912 = DIRECTION('',(0.,-1.,0.));
#913 = DEFINITIONAL_REPRESENTATION('',(#914),#918);
#914 = LINE('',#915,#916);
#915 = CARTESIAN_POINT('',(0.4,0.));
#916 = VECTOR('',#917,1.);
#917 = DIRECTION('',(0.,-1.));
#918 = ( GEOMETRIC_REPRESENTATION_CONTEXT(2) 
PARAMETRIC_REPRESENTATION_CONTEXT() REPRESENTATION_CONTEXT('2D SPACE',''
  ) );
#919 = ORIENTED_EDGE('',*,*,#920,.F.);
#920 = EDGE_CURVE('',#921,#893,#923,.T.);
#921 = VERTEX_POINT('',#922);
#922 = CARTESIAN_POINT('',(-1.375,-2.5,2.E-02));
#923 = SURFACE_CURVE('',#924,(#928,#935),.PCURVE_S1.);
#924 = LINE('',#925,#926);
#925 = CARTESIAN_POINT('',(-2.5,-2.5,2.E-02));
#926 = VECTOR('',#927,1.);
#927 = DIRECTION('',(1.,0.,0.));
#928 = PCURVE('',#170,#929);
#929 = DEFINITIONAL_REPRESENTATION('',(#930),#934);
#930 = LINE('',#931,#932);
#931 = CARTESIAN_POINT('',(0.,0.));
#932 = VECTOR('',#933,1.);
#933 = DIRECTION('',(1.,0.));
#934 = ( GEOMETRIC_REPRESENTATION_CONTEXT(2) 
PARAMETRIC_REPRESENTATION_CONTEXT() REPRESENTATION_CONTEXT('2D SPACE',''
  ) );
#935 = PCURVE('',#182,#936);
#936 = DEFINITIONAL_REPRESENTATION('',(#937),#941);
#937 = LINE('',#938,#939);
#938 = CARTESIAN_POINT('',(-2.5,-2.5));
#939 = VECTOR('',#940,1.);
#940 = DIRECTION('',(1.,0.));
#941 = ( GEOMETRIC_REPRESENTATION_CONTEXT(2) 
PARAMETRIC_REPRESENTATION_CONTEXT() REPRESENTATION_CONTEXT('2D SPACE',''
  ) );
#942 = ORIENTED_EDGE('',*,*,#943,.T.);
#943 = EDGE_CURVE('',#921,#944,#946,.T.);
#944 = VERTEX_POINT('',#945);
#945 = CARTESIAN_POINT('',(-1.375,-2.5,0.2));
#946 = SURFACE_CURVE('',#947,(#951,#958),.PCURVE_S1.);
#947 = LINE('',#948,#949);
#948 = CARTESIAN_POINT('',(-1.375,-2.5,0.));
#949 = VECTOR('',#950,1.);
#950 = DIRECTION('',(0.,0.,1.));
#951 = PCURVE('',#170,#952);
#952 = DEFINITIONAL_REPRESENTATION('',(#953),#957);
#953 = LINE('',#954,#955);
#954 = CARTESIAN_POINT('',(1.125,2.E-02));
#955 = VECTOR('',#956,1.);
#956 = DIRECTION('',(0.,-1.));
#957 = ( GEOMETRIC_REPRESENTATION_CONTEXT(2) 
PARAMETRIC_REPRESENTATION_CONTEXT() REPRESENTATION_CONTEXT('2D SPACE',''
  ) );
#958 = PCURVE('',#959,#964);
#959 = PLANE('',#960);
#960 = AXIS2_PLACEMENT_3D('',#961,#962,#963);
#961 = CARTESIAN_POINT('',(-1.375,-2.5,0.));
#962 = DIRECTION('',(-1.,0.,0.));
#963 = DIRECTION('',(0.,1.,0.));
#964 = DEFINITIONAL_REPRESENTATION('',(#965),#969);
#965 = LINE('',#966,#967);
#966 = CARTESIAN_POINT('',(0.,0.));
#967 = VECTOR('',#968,1.);
#968 = DIRECTION('',(0.,-1.));
#969 = ( GEOMETRIC_REPRESENTATION_CONTEXT(2) 
PARAMETRIC_REPRESENTATION_CONTEXT() REPRESENTATION_CONTEXT('2D SPACE',''
  ) );
#970 = ORIENTED_EDGE('',*,*,#971,.F.);
#971 = EDGE_CURVE('',#972,#944,#974,.T.);
#972 = VERTEX_POINT('',#973);
#973 = CARTESIAN_POINT('',(-1.625,-2.5,0.2));
#974 = SURFACE_CURVE('',#975,(#979,#986),.PCURVE_S1.);
#975 = LINE('',#976,#977);
#976 = CARTESIAN_POINT('',(-1.625,-2.5,0.2));
#977 = VECTOR('',#978,1.);
#978 = DIRECTION('',(1.,0.,0.));
#979 = PCURVE('',#170,#980);
#980 = DEFINITIONAL_REPRESENTATION('',(#981),#985);
#981 = LINE('',#982,#983);
#982 = CARTESIAN_POINT('',(0.875,-0.18));
#983 = VECTOR('',#984,1.);
#984 = DIRECTION('',(1.,0.));
#985 = ( GEOMETRIC_REPRESENTATION_CONTEXT(2) 
PARAMETRIC_REPRESENTATION_CONTEXT() REPRESENTATION_CONTEXT('2D SPACE',''
  ) );
#986 = PCURVE('',#987,#992);
#987 = PLANE('',#988);
#988 = AXIS2_PLACEMENT_3D('',#989,#990,#991);
#989 = CARTESIAN_POINT('',(-1.5,-2.3,0.2));
#990 = DIRECTION('',(0.,0.,1.));
#991 = DIRECTION('',(1.,0.,-0.));
#992 = DEFINITIONAL_REPRESENTATION('',(#993),#997);
#993 = LINE('',#994,#995);
#994 = CARTESIAN_POINT('',(-0.125,-0.2));
#995 = VECTOR('',#996,1.);
#996 = DIRECTION('',(1.,0.));
#997 = ( GEOMETRIC_REPRESENTATION_CONTEXT(2) 
PARAMETRIC_REPRESENTATION_CONTEXT() REPRESENTATION_CONTEXT('2D SPACE',''
  ) );
#998 = ORIENTED_EDGE('',*,*,#999,.F.);
#999 = EDGE_CURVE('',#162,#972,#1000,.T.);
#1000 = SURFACE_CURVE('',#1001,(#1005,#1012),.PCURVE_S1.);
#1001 = LINE('',#1002,#1003);
#1002 = CARTESIAN_POINT('',(-1.625,-2.5,0.));
#1003 = VECTOR('',#1004,1.);
#1004 = DIRECTION('',(0.,0.,1.));
#1005 = PCURVE('',#170,#1006);
#1006 = DEFINITIONAL_REPRESENTATION('',(#1007),#1011);
#1007 = LINE('',#1008,#1009);
#1008 = CARTESIAN_POINT('',(0.875,2.E-02));
#1009 = VECTOR('',#1010,1.);
#1010 = DIRECTION('',(0.,-1.));
#1011 = ( GEOMETRIC_REPRESENTATION_CONTEXT(2) 
PARAMETRIC_REPRESENTATION_CONTEXT() REPRESENTATION_CONTEXT('2D SPACE',''
  ) );
#1012 = PCURVE('',#1013,#1018);
#1013 = PLANE('',#1014);
#1014 = AXIS2_PLACEMENT_3D('',#1015,#1016,#1017);
#1015 = CARTESIAN_POINT('',(-1.625,-2.1,0.));
#1016 = DIRECTION('',(1.,0.,-0.));
#1017 = DIRECTION('',(0.,-1.,0.));
#1018 = DEFINITIONAL_REPRESENTATION('',(#1019),#1023);
#1019 = LINE('',#1020,#1021);
#1020 = CARTESIAN_POINT('',(0.4,0.));
#1021 = VECTOR('',#1022,1.);
#1022 = DIRECTION('',(0.,-1.));
#1023 = ( GEOMETRIC_REPRESENTATION_CONTEXT(2) 
PARAMETRIC_REPRESENTATION_CONTEXT() REPRESENTATION_CONTEXT('2D SPACE',''
  ) );
#1024 = ADVANCED_FACE('',(#1025),#182,.F.);
#1025 = FACE_BOUND('',#1026,.F.);
#1026 = EDGE_LOOP('',(#1027,#1055,#1081,#1107,#1130,#1156,#1182,#1208,
    #1231,#1257,#1283,#1309,#1332,#1358,#1384,#1410,#1431,#1432,#1453,
    #1479,#1498,#1499,#1520,#1546,#1565,#1566,#1587,#1613,#1632,#1633,
    #1654,#1680,#1699,#1700,#1721,#1747,#1766,#1767,#1788,#1814,#1833,
    #1834,#1855,#1881,#1900,#1901,#1924,#1950,#1976,#2002,#2025,#2051,
    #2077,#2103,#2126,#2152,#2178,#2204,#2227,#2253,#2279,#2305,#2328,
    #2354,#2380,#2406,#2429,#2455,#2481,#2507,#2530,#2556,#2582,#2608,
    #2631,#2659,#2685,#2711,#2737,#2760,#2786,#2812,#2838,#2861,#2887,
    #2913,#2939,#2962,#2988,#3014,#3040,#3063,#3089,#3115,#3141,#3164,
    #3190,#3216,#3242,#3265,#3291,#3317,#3343,#3366,#3389,#3415,#3441,
    #3467,#3490,#3516,#3542,#3568,#3591,#3617,#3643,#3669));
#1027 = ORIENTED_EDGE('',*,*,#1028,.T.);
#1028 = EDGE_CURVE('',#1029,#1031,#1033,.T.);
#1029 = VERTEX_POINT('',#1030);
#1030 = CARTESIAN_POINT('',(-2.5,0.125,2.E-02));
#1031 = VERTEX_POINT('',#1032);
#1032 = CARTESIAN_POINT('',(-2.1,0.125,2.E-02));
#1033 = SURFACE_CURVE('',#1034,(#1038,#1044),.PCURVE_S1.);
#1034 = LINE('',#1035,#1036);
#1035 = CARTESIAN_POINT('',(-1.05,0.125,2.E-02));
#1036 = VECTOR('',#1037,1.);
#1037 = DIRECTION('',(1.,0.,-0.));
#1038 = PCURVE('',#182,#1039);
#1039 = DEFINITIONAL_REPRESENTATION('',(#1040),#1043);
#1040 = B_SPLINE_CURVE_WITH_KNOTS('',1,(#1041,#1042),.UNSPECIFIED.,.F.,
  .F.,(2,2),(-1.45,-1.05),.PIECEWISE_BEZIER_KNOTS.);
#1041 = CARTESIAN_POINT('',(-2.5,0.125));
#1042 = CARTESIAN_POINT('',(-2.1,0.125));
#1043 = ( GEOMETRIC_REPRESENTATION_CONTEXT(2) 
PARAMETRIC_REPRESENTATION_CONTEXT() REPRESENTATION_CONTEXT('2D SPACE',''
  ) );
#1044 = PCURVE('',#1045,#1050);
#1045 = PLANE('',#1046);
#1046 = AXIS2_PLACEMENT_3D('',#1047,#1048,#1049);
#1047 = CARTESIAN_POINT('',(-2.1,0.125,0.));
#1048 = DIRECTION('',(0.,-1.,0.));
#1049 = DIRECTION('',(-1.,0.,0.));
#1050 = DEFINITIONAL_REPRESENTATION('',(#1051),#1054);
#1051 = B_SPLINE_CURVE_WITH_KNOTS('',1,(#1052,#1053),.UNSPECIFIED.,.F.,
  .F.,(2,2),(-1.45,-1.05),.PIECEWISE_BEZIER_KNOTS.);
#1052 = CARTESIAN_POINT('',(0.4,-2.E-02));
#1053 = CARTESIAN_POINT('',(0.,-2.E-02));
#1054 = ( GEOMETRIC_REPRESENTATION_CONTEXT(2) 
PARAMETRIC_REPRESENTATION_CONTEXT() REPRESENTATION_CONTEXT('2D SPACE',''
  ) );
#1055 = ORIENTED_EDGE('',*,*,#1056,.T.);
#1056 = EDGE_CURVE('',#1031,#1057,#1059,.T.);
#1057 = VERTEX_POINT('',#1058);
#1058 = CARTESIAN_POINT('',(-2.1,-0.125,2.E-02));
#1059 = SURFACE_CURVE('',#1060,(#1064,#1070),.PCURVE_S1.);
#1060 = LINE('',#1061,#1062);
#1061 = CARTESIAN_POINT('',(-2.1,-6.25E-02,2.E-02));
#1062 = VECTOR('',#1063,1.);
#1063 = DIRECTION('',(0.,-1.,0.));
#1064 = PCURVE('',#182,#1065);
#1065 = DEFINITIONAL_REPRESENTATION('',(#1066),#1069);
#1066 = B_SPLINE_CURVE_WITH_KNOTS('',1,(#1067,#1068),.UNSPECIFIED.,.F.,
  .F.,(2,2),(-0.1875,6.25E-02),.PIECEWISE_BEZIER_KNOTS.);
#1067 = CARTESIAN_POINT('',(-2.1,0.125));
#1068 = CARTESIAN_POINT('',(-2.1,-0.125));
#1069 = ( GEOMETRIC_REPRESENTATION_CONTEXT(2) 
PARAMETRIC_REPRESENTATION_CONTEXT() REPRESENTATION_CONTEXT('2D SPACE',''
  ) );
#1070 = PCURVE('',#1071,#1076);
#1071 = PLANE('',#1072);
#1072 = AXIS2_PLACEMENT_3D('',#1073,#1074,#1075);
#1073 = CARTESIAN_POINT('',(-2.1,-0.125,0.));
#1074 = DIRECTION('',(-1.,0.,0.));
#1075 = DIRECTION('',(0.,1.,0.));
#1076 = DEFINITIONAL_REPRESENTATION('',(#1077),#1080);
#1077 = B_SPLINE_CURVE_WITH_KNOTS('',1,(#1078,#1079),.UNSPECIFIED.,.F.,
  .F.,(2,2),(-0.1875,6.25E-02),.PIECEWISE_BEZIER_KNOTS.);
#1078 = CARTESIAN_POINT('',(0.25,-2.E-02));
#1079 = CARTESIAN_POINT('',(0.,-2.E-02));
#1080 = ( GEOMETRIC_REPRESENTATION_CONTEXT(2) 
PARAMETRIC_REPRESENTATION_CONTEXT() REPRESENTATION_CONTEXT('2D SPACE',''
  ) );
#1081 = ORIENTED_EDGE('',*,*,#1082,.T.);
#1082 = EDGE_CURVE('',#1057,#1083,#1085,.T.);
#1083 = VERTEX_POINT('',#1084);
#1084 = CARTESIAN_POINT('',(-2.5,-0.125,2.E-02));
#1085 = SURFACE_CURVE('',#1086,(#1090,#1096),.PCURVE_S1.);
#1086 = LINE('',#1087,#1088);
#1087 = CARTESIAN_POINT('',(-1.25,-0.125,2.E-02));
#1088 = VECTOR('',#1089,1.);
#1089 = DIRECTION('',(-1.,0.,0.));
#1090 = PCURVE('',#182,#1091);
#1091 = DEFINITIONAL_REPRESENTATION('',(#1092),#1095);
#1092 = B_SPLINE_CURVE_WITH_KNOTS('',1,(#1093,#1094),.UNSPECIFIED.,.F.,
  .F.,(2,2),(0.85,1.25),.PIECEWISE_BEZIER_KNOTS.);
#1093 = CARTESIAN_POINT('',(-2.1,-0.125));
#1094 = CARTESIAN_POINT('',(-2.5,-0.125));
#1095 = ( GEOMETRIC_REPRESENTATION_CONTEXT(2) 
PARAMETRIC_REPRESENTATION_CONTEXT() REPRESENTATION_CONTEXT('2D SPACE',''
  ) );
#1096 = PCURVE('',#1097,#1102);
#1097 = PLANE('',#1098);
#1098 = AXIS2_PLACEMENT_3D('',#1099,#1100,#1101);
#1099 = CARTESIAN_POINT('',(-2.5,-0.125,0.));
#1100 = DIRECTION('',(0.,1.,0.));
#1101 = DIRECTION('',(1.,0.,0.));
#1102 = DEFINITIONAL_REPRESENTATION('',(#1103),#1106);
#1103 = B_SPLINE_CURVE_WITH_KNOTS('',1,(#1104,#1105),.UNSPECIFIED.,.F.,
  .F.,(2,2),(0.85,1.25),.PIECEWISE_BEZIER_KNOTS.);
#1104 = CARTESIAN_POINT('',(0.4,-2.E-02));
#1105 = CARTESIAN_POINT('',(0.,-2.E-02));
#1106 = ( GEOMETRIC_REPRESENTATION_CONTEXT(2) 
PARAMETRIC_REPRESENTATION_CONTEXT() REPRESENTATION_CONTEXT('2D SPACE',''
  ) );
#1107 = ORIENTED_EDGE('',*,*,#1108,.T.);
#1108 = EDGE_CURVE('',#1083,#1109,#1111,.T.);
#1109 = VERTEX_POINT('',#1110);
#1110 = CARTESIAN_POINT('',(-2.5,-0.375,2.E-02));
#1111 = SURFACE_CURVE('',#1112,(#1116,#1123),.PCURVE_S1.);
#1112 = LINE('',#1113,#1114);
#1113 = CARTESIAN_POINT('',(-2.5,2.5,2.E-02));
#1114 = VECTOR('',#1115,1.);
#1115 = DIRECTION('',(0.,-1.,0.));
#1116 = PCURVE('',#182,#1117);
#1117 = DEFINITIONAL_REPRESENTATION('',(#1118),#1122);
#1118 = LINE('',#1119,#1120);
#1119 = CARTESIAN_POINT('',(-2.5,2.5));
#1120 = VECTOR('',#1121,1.);
#1121 = DIRECTION('',(0.,-1.));
#1122 = ( GEOMETRIC_REPRESENTATION_CONTEXT(2) 
PARAMETRIC_REPRESENTATION_CONTEXT() REPRESENTATION_CONTEXT('2D SPACE',''
  ) );
#1123 = PCURVE('',#210,#1124);
#1124 = DEFINITIONAL_REPRESENTATION('',(#1125),#1129);
#1125 = LINE('',#1126,#1127);
#1126 = CARTESIAN_POINT('',(0.,0.));
#1127 = VECTOR('',#1128,1.);
#1128 = DIRECTION('',(1.,0.));
#1129 = ( GEOMETRIC_REPRESENTATION_CONTEXT(2) 
PARAMETRIC_REPRESENTATION_CONTEXT() REPRESENTATION_CONTEXT('2D SPACE',''
  ) );
#1130 = ORIENTED_EDGE('',*,*,#1131,.T.);
#1131 = EDGE_CURVE('',#1109,#1132,#1134,.T.);
#1132 = VERTEX_POINT('',#1133);
#1133 = CARTESIAN_POINT('',(-2.1,-0.375,2.E-02));
#1134 = SURFACE_CURVE('',#1135,(#1139,#1145),.PCURVE_S1.);
#1135 = LINE('',#1136,#1137);
#1136 = CARTESIAN_POINT('',(-1.05,-0.375,2.E-02));
#1137 = VECTOR('',#1138,1.);
#1138 = DIRECTION('',(1.,0.,-0.));
#1139 = PCURVE('',#182,#1140);
#1140 = DEFINITIONAL_REPRESENTATION('',(#1141),#1144);
#1141 = B_SPLINE_CURVE_WITH_KNOTS('',1,(#1142,#1143),.UNSPECIFIED.,.F.,
  .F.,(2,2),(-1.45,-1.05),.PIECEWISE_BEZIER_KNOTS.);
#1142 = CARTESIAN_POINT('',(-2.5,-0.375));
#1143 = CARTESIAN_POINT('',(-2.1,-0.375));
#1144 = ( GEOMETRIC_REPRESENTATION_CONTEXT(2) 
PARAMETRIC_REPRESENTATION_CONTEXT() REPRESENTATION_CONTEXT('2D SPACE',''
  ) );
#1145 = PCURVE('',#1146,#1151);
#1146 = PLANE('',#1147);
#1147 = AXIS2_PLACEMENT_3D('',#1148,#1149,#1150);
#1148 = CARTESIAN_POINT('',(-2.1,-0.375,0.));
#1149 = DIRECTION('',(0.,-1.,0.));
#1150 = DIRECTION('',(-1.,0.,0.));
#1151 = DEFINITIONAL_REPRESENTATION('',(#1152),#1155);
#1152 = B_SPLINE_CURVE_WITH_KNOTS('',1,(#1153,#1154),.UNSPECIFIED.,.F.,
  .F.,(2,2),(-1.45,-1.05),.PIECEWISE_BEZIER_KNOTS.);
#1153 = CARTESIAN_POINT('',(0.4,-2.E-02));
#1154 = CARTESIAN_POINT('',(0.,-2.E-02));
#1155 = ( GEOMETRIC_REPRESENTATION_CONTEXT(2) 
PARAMETRIC_REPRESENTATION_CONTEXT() REPRESENTATION_CONTEXT('2D SPACE',''
  ) );
#1156 = ORIENTED_EDGE('',*,*,#1157,.T.);
#1157 = EDGE_CURVE('',#1132,#1158,#1160,.T.);
#1158 = VERTEX_POINT('',#1159);
#1159 = CARTESIAN_POINT('',(-2.1,-0.625,2.E-02));
#1160 = SURFACE_CURVE('',#1161,(#1165,#1171),.PCURVE_S1.);
#1161 = LINE('',#1162,#1163);
#1162 = CARTESIAN_POINT('',(-2.1,-0.3125,2.E-02));
#1163 = VECTOR('',#1164,1.);
#1164 = DIRECTION('',(0.,-1.,0.));
#1165 = PCURVE('',#182,#1166);
#1166 = DEFINITIONAL_REPRESENTATION('',(#1167),#1170);
#1167 = B_SPLINE_CURVE_WITH_KNOTS('',1,(#1168,#1169),.UNSPECIFIED.,.F.,
  .F.,(2,2),(6.25E-02,0.3125),.PIECEWISE_BEZIER_KNOTS.);
#1168 = CARTESIAN_POINT('',(-2.1,-0.375));
#1169 = CARTESIAN_POINT('',(-2.1,-0.625));
#1170 = ( GEOMETRIC_REPRESENTATION_CONTEXT(2) 
PARAMETRIC_REPRESENTATION_CONTEXT() REPRESENTATION_CONTEXT('2D SPACE',''
  ) );
#1171 = PCURVE('',#1172,#1177);
#1172 = PLANE('',#1173);
#1173 = AXIS2_PLACEMENT_3D('',#1174,#1175,#1176);
#1174 = CARTESIAN_POINT('',(-2.1,-0.625,0.));
#1175 = DIRECTION('',(-1.,0.,0.));
#1176 = DIRECTION('',(0.,1.,0.));
#1177 = DEFINITIONAL_REPRESENTATION('',(#1178),#1181);
#1178 = B_SPLINE_CURVE_WITH_KNOTS('',1,(#1179,#1180),.UNSPECIFIED.,.F.,
  .F.,(2,2),(6.25E-02,0.3125),.PIECEWISE_BEZIER_KNOTS.);
#1179 = CARTESIAN_POINT('',(0.25,-2.E-02));
#1180 = CARTESIAN_POINT('',(0.,-2.E-02));
#1181 = ( GEOMETRIC_REPRESENTATION_CONTEXT(2) 
PARAMETRIC_REPRESENTATION_CONTEXT() REPRESENTATION_CONTEXT('2D SPACE',''
  ) );
#1182 = ORIENTED_EDGE('',*,*,#1183,.T.);
#1183 = EDGE_CURVE('',#1158,#1184,#1186,.T.);
#1184 = VERTEX_POINT('',#1185);
#1185 = CARTESIAN_POINT('',(-2.5,-0.625,2.E-02));
#1186 = SURFACE_CURVE('',#1187,(#1191,#1197),.PCURVE_S1.);
#1187 = LINE('',#1188,#1189);
#1188 = CARTESIAN_POINT('',(-1.25,-0.625,2.E-02));
#1189 = VECTOR('',#1190,1.);
#1190 = DIRECTION('',(-1.,0.,0.));
#1191 = PCURVE('',#182,#1192);
#1192 = DEFINITIONAL_REPRESENTATION('',(#1193),#1196);
#1193 = B_SPLINE_CURVE_WITH_KNOTS('',1,(#1194,#1195),.UNSPECIFIED.,.F.,
  .F.,(2,2),(0.85,1.25),.PIECEWISE_BEZIER_KNOTS.);
#1194 = CARTESIAN_POINT('',(-2.1,-0.625));
#1195 = CARTESIAN_POINT('',(-2.5,-0.625));
#1196 = ( GEOMETRIC_REPRESENTATION_CONTEXT(2) 
PARAMETRIC_REPRESENTATION_CONTEXT() REPRESENTATION_CONTEXT('2D SPACE',''
  ) );
#1197 = PCURVE('',#1198,#1203);
#1198 = PLANE('',#1199);
#1199 = AXIS2_PLACEMENT_3D('',#1200,#1201,#1202);
#1200 = CARTESIAN_POINT('',(-2.5,-0.625,0.));
#1201 = DIRECTION('',(0.,1.,0.));
#1202 = DIRECTION('',(1.,0.,0.));
#1203 = DEFINITIONAL_REPRESENTATION('',(#1204),#1207);
#1204 = B_SPLINE_CURVE_WITH_KNOTS('',1,(#1205,#1206),.UNSPECIFIED.,.F.,
  .F.,(2,2),(0.85,1.25),.PIECEWISE_BEZIER_KNOTS.);
#1205 = CARTESIAN_POINT('',(0.4,-2.E-02));
#1206 = CARTESIAN_POINT('',(0.,-2.E-02));
#1207 = ( GEOMETRIC_REPRESENTATION_CONTEXT(2) 
PARAMETRIC_REPRESENTATION_CONTEXT() REPRESENTATION_CONTEXT('2D SPACE',''
  ) );
#1208 = ORIENTED_EDGE('',*,*,#1209,.T.);
#1209 = EDGE_CURVE('',#1184,#1210,#1212,.T.);
#1210 = VERTEX_POINT('',#1211);
#1211 = CARTESIAN_POINT('',(-2.5,-0.875,2.E-02));
#1212 = SURFACE_CURVE('',#1213,(#1217,#1224),.PCURVE_S1.);
#1213 = LINE('',#1214,#1215);
#1214 = CARTESIAN_POINT('',(-2.5,2.5,2.E-02));
#1215 = VECTOR('',#1216,1.);
#1216 = DIRECTION('',(0.,-1.,0.));
#1217 = PCURVE('',#182,#1218);
#1218 = DEFINITIONAL_REPRESENTATION('',(#1219),#1223);
#1219 = LINE('',#1220,#1221);
#1220 = CARTESIAN_POINT('',(-2.5,2.5));
#1221 = VECTOR('',#1222,1.);
#1222 = DIRECTION('',(0.,-1.));
#1223 = ( GEOMETRIC_REPRESENTATION_CONTEXT(2) 
PARAMETRIC_REPRESENTATION_CONTEXT() REPRESENTATION_CONTEXT('2D SPACE',''
  ) );
#1224 = PCURVE('',#210,#1225);
#1225 = DEFINITIONAL_REPRESENTATION('',(#1226),#1230);
#1226 = LINE('',#1227,#1228);
#1227 = CARTESIAN_POINT('',(0.,0.));
#1228 = VECTOR('',#1229,1.);
#1229 = DIRECTION('',(1.,0.));
#1230 = ( GEOMETRIC_REPRESENTATION_CONTEXT(2) 
PARAMETRIC_REPRESENTATION_CONTEXT() REPRESENTATION_CONTEXT('2D SPACE',''
  ) );
#1231 = ORIENTED_EDGE('',*,*,#1232,.T.);
#1232 = EDGE_CURVE('',#1210,#1233,#1235,.T.);
#1233 = VERTEX_POINT('',#1234);
#1234 = CARTESIAN_POINT('',(-2.1,-0.875,2.E-02));
#1235 = SURFACE_CURVE('',#1236,(#1240,#1246),.PCURVE_S1.);
#1236 = LINE('',#1237,#1238);
#1237 = CARTESIAN_POINT('',(-1.05,-0.875,2.E-02));
#1238 = VECTOR('',#1239,1.);
#1239 = DIRECTION('',(1.,0.,-0.));
#1240 = PCURVE('',#182,#1241);
#1241 = DEFINITIONAL_REPRESENTATION('',(#1242),#1245);
#1242 = B_SPLINE_CURVE_WITH_KNOTS('',1,(#1243,#1244),.UNSPECIFIED.,.F.,
  .F.,(2,2),(-1.45,-1.05),.PIECEWISE_BEZIER_KNOTS.);
#1243 = CARTESIAN_POINT('',(-2.5,-0.875));
#1244 = CARTESIAN_POINT('',(-2.1,-0.875));
#1245 = ( GEOMETRIC_REPRESENTATION_CONTEXT(2) 
PARAMETRIC_REPRESENTATION_CONTEXT() REPRESENTATION_CONTEXT('2D SPACE',''
  ) );
#1246 = PCURVE('',#1247,#1252);
#1247 = PLANE('',#1248);
#1248 = AXIS2_PLACEMENT_3D('',#1249,#1250,#1251);
#1249 = CARTESIAN_POINT('',(-2.1,-0.875,0.));
#1250 = DIRECTION('',(0.,-1.,0.));
#1251 = DIRECTION('',(-1.,0.,0.));
#1252 = DEFINITIONAL_REPRESENTATION('',(#1253),#1256);
#1253 = B_SPLINE_CURVE_WITH_KNOTS('',1,(#1254,#1255),.UNSPECIFIED.,.F.,
  .F.,(2,2),(-1.45,-1.05),.PIECEWISE_BEZIER_KNOTS.);
#1254 = CARTESIAN_POINT('',(0.4,-2.E-02));
#1255 = CARTESIAN_POINT('',(0.,-2.E-02));
#1256 = ( GEOMETRIC_REPRESENTATION_CONTEXT(2) 
PARAMETRIC_REPRESENTATION_CONTEXT() REPRESENTATION_CONTEXT('2D SPACE',''
  ) );
#1257 = ORIENTED_EDGE('',*,*,#1258,.T.);
#1258 = EDGE_CURVE('',#1233,#1259,#1261,.T.);
#1259 = VERTEX_POINT('',#1260);
#1260 = CARTESIAN_POINT('',(-2.1,-1.125,2.E-02));
#1261 = SURFACE_CURVE('',#1262,(#1266,#1272),.PCURVE_S1.);
#1262 = LINE('',#1263,#1264);
#1263 = CARTESIAN_POINT('',(-2.1,-0.5625,2.E-02));
#1264 = VECTOR('',#1265,1.);
#1265 = DIRECTION('',(0.,-1.,0.));
#1266 = PCURVE('',#182,#1267);
#1267 = DEFINITIONAL_REPRESENTATION('',(#1268),#1271);
#1268 = B_SPLINE_CURVE_WITH_KNOTS('',1,(#1269,#1270),.UNSPECIFIED.,.F.,
  .F.,(2,2),(0.3125,0.5625),.PIECEWISE_BEZIER_KNOTS.);
#1269 = CARTESIAN_POINT('',(-2.1,-0.875));
#1270 = CARTESIAN_POINT('',(-2.1,-1.125));
#1271 = ( GEOMETRIC_REPRESENTATION_CONTEXT(2) 
PARAMETRIC_REPRESENTATION_CONTEXT() REPRESENTATION_CONTEXT('2D SPACE',''
  ) );
#1272 = PCURVE('',#1273,#1278);
#1273 = PLANE('',#1274);
#1274 = AXIS2_PLACEMENT_3D('',#1275,#1276,#1277);
#1275 = CARTESIAN_POINT('',(-2.1,-1.125,0.));
#1276 = DIRECTION('',(-1.,0.,0.));
#1277 = DIRECTION('',(0.,1.,0.));
#1278 = DEFINITIONAL_REPRESENTATION('',(#1279),#1282);
#1279 = B_SPLINE_CURVE_WITH_KNOTS('',1,(#1280,#1281),.UNSPECIFIED.,.F.,
  .F.,(2,2),(0.3125,0.5625),.PIECEWISE_BEZIER_KNOTS.);
#1280 = CARTESIAN_POINT('',(0.25,-2.E-02));
#1281 = CARTESIAN_POINT('',(0.,-2.E-02));
#1282 = ( GEOMETRIC_REPRESENTATION_CONTEXT(2) 
PARAMETRIC_REPRESENTATION_CONTEXT() REPRESENTATION_CONTEXT('2D SPACE',''
  ) );
#1283 = ORIENTED_EDGE('',*,*,#1284,.T.);
#1284 = EDGE_CURVE('',#1259,#1285,#1287,.T.);
#1285 = VERTEX_POINT('',#1286);
#1286 = CARTESIAN_POINT('',(-2.5,-1.125,2.E-02));
#1287 = SURFACE_CURVE('',#1288,(#1292,#1298),.PCURVE_S1.);
#1288 = LINE('',#1289,#1290);
#1289 = CARTESIAN_POINT('',(-1.25,-1.125,2.E-02));
#1290 = VECTOR('',#1291,1.);
#1291 = DIRECTION('',(-1.,0.,0.));
#1292 = PCURVE('',#182,#1293);
#1293 = DEFINITIONAL_REPRESENTATION('',(#1294),#1297);
#1294 = B_SPLINE_CURVE_WITH_KNOTS('',1,(#1295,#1296),.UNSPECIFIED.,.F.,
  .F.,(2,2),(0.85,1.25),.PIECEWISE_BEZIER_KNOTS.);
#1295 = CARTESIAN_POINT('',(-2.1,-1.125));
#1296 = CARTESIAN_POINT('',(-2.5,-1.125));
#1297 = ( GEOMETRIC_REPRESENTATION_CONTEXT(2) 
PARAMETRIC_REPRESENTATION_CONTEXT() REPRESENTATION_CONTEXT('2D SPACE',''
  ) );
#1298 = PCURVE('',#1299,#1304);
#1299 = PLANE('',#1300);
#1300 = AXIS2_PLACEMENT_3D('',#1301,#1302,#1303);
#1301 = CARTESIAN_POINT('',(-2.5,-1.125,0.));
#1302 = DIRECTION('',(0.,1.,0.));
#1303 = DIRECTION('',(1.,0.,0.));
#1304 = DEFINITIONAL_REPRESENTATION('',(#1305),#1308);
#1305 = B_SPLINE_CURVE_WITH_KNOTS('',1,(#1306,#1307),.UNSPECIFIED.,.F.,
  .F.,(2,2),(0.85,1.25),.PIECEWISE_BEZIER_KNOTS.);
#1306 = CARTESIAN_POINT('',(0.4,-2.E-02));
#1307 = CARTESIAN_POINT('',(0.,-2.E-02));
#1308 = ( GEOMETRIC_REPRESENTATION_CONTEXT(2) 
PARAMETRIC_REPRESENTATION_CONTEXT() REPRESENTATION_CONTEXT('2D SPACE',''
  ) );
#1309 = ORIENTED_EDGE('',*,*,#1310,.T.);
#1310 = EDGE_CURVE('',#1285,#1311,#1313,.T.);
#1311 = VERTEX_POINT('',#1312);
#1312 = CARTESIAN_POINT('',(-2.5,-1.375,2.E-02));
#1313 = SURFACE_CURVE('',#1314,(#1318,#1325),.PCURVE_S1.);
#1314 = LINE('',#1315,#1316);
#1315 = CARTESIAN_POINT('',(-2.5,2.5,2.E-02));
#1316 = VECTOR('',#1317,1.);
#1317 = DIRECTION('',(0.,-1.,0.));
#1318 = PCURVE('',#182,#1319);
#1319 = DEFINITIONAL_REPRESENTATION('',(#1320),#1324);
#1320 = LINE('',#1321,#1322);
#1321 = CARTESIAN_POINT('',(-2.5,2.5));
#1322 = VECTOR('',#1323,1.);
#1323 = DIRECTION('',(0.,-1.));
#1324 = ( GEOMETRIC_REPRESENTATION_CONTEXT(2) 
PARAMETRIC_REPRESENTATION_CONTEXT() REPRESENTATION_CONTEXT('2D SPACE',''
  ) );
#1325 = PCURVE('',#210,#1326);
#1326 = DEFINITIONAL_REPRESENTATION('',(#1327),#1331);
#1327 = LINE('',#1328,#1329);
#1328 = CARTESIAN_POINT('',(0.,0.));
#1329 = VECTOR('',#1330,1.);
#1330 = DIRECTION('',(1.,0.));
#1331 = ( GEOMETRIC_REPRESENTATION_CONTEXT(2) 
PARAMETRIC_REPRESENTATION_CONTEXT() REPRESENTATION_CONTEXT('2D SPACE',''
  ) );
#1332 = ORIENTED_EDGE('',*,*,#1333,.T.);
#1333 = EDGE_CURVE('',#1311,#1334,#1336,.T.);
#1334 = VERTEX_POINT('',#1335);
#1335 = CARTESIAN_POINT('',(-2.1,-1.375,2.E-02));
#1336 = SURFACE_CURVE('',#1337,(#1341,#1347),.PCURVE_S1.);
#1337 = LINE('',#1338,#1339);
#1338 = CARTESIAN_POINT('',(-1.05,-1.375,2.E-02));
#1339 = VECTOR('',#1340,1.);
#1340 = DIRECTION('',(1.,0.,-0.));
#1341 = PCURVE('',#182,#1342);
#1342 = DEFINITIONAL_REPRESENTATION('',(#1343),#1346);
#1343 = B_SPLINE_CURVE_WITH_KNOTS('',1,(#1344,#1345),.UNSPECIFIED.,.F.,
  .F.,(2,2),(-1.45,-1.05),.PIECEWISE_BEZIER_KNOTS.);
#1344 = CARTESIAN_POINT('',(-2.5,-1.375));
#1345 = CARTESIAN_POINT('',(-2.1,-1.375));
#1346 = ( GEOMETRIC_REPRESENTATION_CONTEXT(2) 
PARAMETRIC_REPRESENTATION_CONTEXT() REPRESENTATION_CONTEXT('2D SPACE',''
  ) );
#1347 = PCURVE('',#1348,#1353);
#1348 = PLANE('',#1349);
#1349 = AXIS2_PLACEMENT_3D('',#1350,#1351,#1352);
#1350 = CARTESIAN_POINT('',(-2.1,-1.375,0.));
#1351 = DIRECTION('',(0.,-1.,0.));
#1352 = DIRECTION('',(-1.,0.,0.));
#1353 = DEFINITIONAL_REPRESENTATION('',(#1354),#1357);
#1354 = B_SPLINE_CURVE_WITH_KNOTS('',1,(#1355,#1356),.UNSPECIFIED.,.F.,
  .F.,(2,2),(-1.45,-1.05),.PIECEWISE_BEZIER_KNOTS.);
#1355 = CARTESIAN_POINT('',(0.4,-2.E-02));
#1356 = CARTESIAN_POINT('',(0.,-2.E-02));
#1357 = ( GEOMETRIC_REPRESENTATION_CONTEXT(2) 
PARAMETRIC_REPRESENTATION_CONTEXT() REPRESENTATION_CONTEXT('2D SPACE',''
  ) );
#1358 = ORIENTED_EDGE('',*,*,#1359,.T.);
#1359 = EDGE_CURVE('',#1334,#1360,#1362,.T.);
#1360 = VERTEX_POINT('',#1361);
#1361 = CARTESIAN_POINT('',(-2.1,-1.625,2.E-02));
#1362 = SURFACE_CURVE('',#1363,(#1367,#1373),.PCURVE_S1.);
#1363 = LINE('',#1364,#1365);
#1364 = CARTESIAN_POINT('',(-2.1,-0.8125,2.E-02));
#1365 = VECTOR('',#1366,1.);
#1366 = DIRECTION('',(0.,-1.,0.));
#1367 = PCURVE('',#182,#1368);
#1368 = DEFINITIONAL_REPRESENTATION('',(#1369),#1372);
#1369 = B_SPLINE_CURVE_WITH_KNOTS('',1,(#1370,#1371),.UNSPECIFIED.,.F.,
  .F.,(2,2),(0.5625,0.8125),.PIECEWISE_BEZIER_KNOTS.);
#1370 = CARTESIAN_POINT('',(-2.1,-1.375));
#1371 = CARTESIAN_POINT('',(-2.1,-1.625));
#1372 = ( GEOMETRIC_REPRESENTATION_CONTEXT(2) 
PARAMETRIC_REPRESENTATION_CONTEXT() REPRESENTATION_CONTEXT('2D SPACE',''
  ) );
#1373 = PCURVE('',#1374,#1379);
#1374 = PLANE('',#1375);
#1375 = AXIS2_PLACEMENT_3D('',#1376,#1377,#1378);
#1376 = CARTESIAN_POINT('',(-2.1,-1.625,0.));
#1377 = DIRECTION('',(-1.,0.,0.));
#1378 = DIRECTION('',(0.,1.,0.));
#1379 = DEFINITIONAL_REPRESENTATION('',(#1380),#1383);
#1380 = B_SPLINE_CURVE_WITH_KNOTS('',1,(#1381,#1382),.UNSPECIFIED.,.F.,
  .F.,(2,2),(0.5625,0.8125),.PIECEWISE_BEZIER_KNOTS.);
#1381 = CARTESIAN_POINT('',(0.25,-2.E-02));
#1382 = CARTESIAN_POINT('',(0.,-2.E-02));
#1383 = ( GEOMETRIC_REPRESENTATION_CONTEXT(2) 
PARAMETRIC_REPRESENTATION_CONTEXT() REPRESENTATION_CONTEXT('2D SPACE',''
  ) );
#1384 = ORIENTED_EDGE('',*,*,#1385,.T.);
#1385 = EDGE_CURVE('',#1360,#1386,#1388,.T.);
#1386 = VERTEX_POINT('',#1387);
#1387 = CARTESIAN_POINT('',(-2.5,-1.625,2.E-02));
#1388 = SURFACE_CURVE('',#1389,(#1393,#1399),.PCURVE_S1.);
#1389 = LINE('',#1390,#1391);
#1390 = CARTESIAN_POINT('',(-1.25,-1.625,2.E-02));
#1391 = VECTOR('',#1392,1.);
#1392 = DIRECTION('',(-1.,0.,0.));
#1393 = PCURVE('',#182,#1394);
#1394 = DEFINITIONAL_REPRESENTATION('',(#1395),#1398);
#1395 = B_SPLINE_CURVE_WITH_KNOTS('',1,(#1396,#1397),.UNSPECIFIED.,.F.,
  .F.,(2,2),(0.85,1.25),.PIECEWISE_BEZIER_KNOTS.);
#1396 = CARTESIAN_POINT('',(-2.1,-1.625));
#1397 = CARTESIAN_POINT('',(-2.5,-1.625));
#1398 = ( GEOMETRIC_REPRESENTATION_CONTEXT(2) 
PARAMETRIC_REPRESENTATION_CONTEXT() REPRESENTATION_CONTEXT('2D SPACE',''
  ) );
#1399 = PCURVE('',#1400,#1405);
#1400 = PLANE('',#1401);
#1401 = AXIS2_PLACEMENT_3D('',#1402,#1403,#1404);
#1402 = CARTESIAN_POINT('',(-2.5,-1.625,0.));
#1403 = DIRECTION('',(0.,1.,0.));
#1404 = DIRECTION('',(1.,0.,0.));
#1405 = DEFINITIONAL_REPRESENTATION('',(#1406),#1409);
#1406 = B_SPLINE_CURVE_WITH_KNOTS('',1,(#1407,#1408),.UNSPECIFIED.,.F.,
  .F.,(2,2),(0.85,1.25),.PIECEWISE_BEZIER_KNOTS.);
#1407 = CARTESIAN_POINT('',(0.4,-2.E-02));
#1408 = CARTESIAN_POINT('',(0.,-2.E-02));
#1409 = ( GEOMETRIC_REPRESENTATION_CONTEXT(2) 
PARAMETRIC_REPRESENTATION_CONTEXT() REPRESENTATION_CONTEXT('2D SPACE',''
  ) );
#1410 = ORIENTED_EDGE('',*,*,#1411,.T.);
#1411 = EDGE_CURVE('',#1386,#160,#1412,.T.);
#1412 = SURFACE_CURVE('',#1413,(#1417,#1424),.PCURVE_S1.);
#1413 = LINE('',#1414,#1415);
#1414 = CARTESIAN_POINT('',(-2.5,2.5,2.E-02));
#1415 = VECTOR('',#1416,1.);
#1416 = DIRECTION('',(0.,-1.,0.));
#1417 = PCURVE('',#182,#1418);
#1418 = DEFINITIONAL_REPRESENTATION('',(#1419),#1423);
#1419 = LINE('',#1420,#1421);
#1420 = CARTESIAN_POINT('',(-2.5,2.5));
#1421 = VECTOR('',#1422,1.);
#1422 = DIRECTION('',(0.,-1.));
#1423 = ( GEOMETRIC_REPRESENTATION_CONTEXT(2) 
PARAMETRIC_REPRESENTATION_CONTEXT() REPRESENTATION_CONTEXT('2D SPACE',''
  ) );
#1424 = PCURVE('',#210,#1425);
#1425 = DEFINITIONAL_REPRESENTATION('',(#1426),#1430);
#1426 = LINE('',#1427,#1428);
#1427 = CARTESIAN_POINT('',(0.,0.));
#1428 = VECTOR('',#1429,1.);
#1429 = DIRECTION('',(1.,0.));
#1430 = ( GEOMETRIC_REPRESENTATION_CONTEXT(2) 
PARAMETRIC_REPRESENTATION_CONTEXT() REPRESENTATION_CONTEXT('2D SPACE',''
  ) );
#1431 = ORIENTED_EDGE('',*,*,#159,.T.);
#1432 = ORIENTED_EDGE('',*,*,#1433,.T.);
#1433 = EDGE_CURVE('',#162,#1434,#1436,.T.);
#1434 = VERTEX_POINT('',#1435);
#1435 = CARTESIAN_POINT('',(-1.625,-2.1,2.E-02));
#1436 = SURFACE_CURVE('',#1437,(#1441,#1447),.PCURVE_S1.);
#1437 = LINE('',#1438,#1439);
#1438 = CARTESIAN_POINT('',(-1.625,-1.05,2.E-02));
#1439 = VECTOR('',#1440,1.);
#1440 = DIRECTION('',(-0.,1.,0.));
#1441 = PCURVE('',#182,#1442);
#1442 = DEFINITIONAL_REPRESENTATION('',(#1443),#1446);
#1443 = B_SPLINE_CURVE_WITH_KNOTS('',1,(#1444,#1445),.UNSPECIFIED.,.F.,
  .F.,(2,2),(-1.45,-1.05),.PIECEWISE_BEZIER_KNOTS.);
#1444 = CARTESIAN_POINT('',(-1.625,-2.5));
#1445 = CARTESIAN_POINT('',(-1.625,-2.1));
#1446 = ( GEOMETRIC_REPRESENTATION_CONTEXT(2) 
PARAMETRIC_REPRESENTATION_CONTEXT() REPRESENTATION_CONTEXT('2D SPACE',''
  ) );
#1447 = PCURVE('',#1013,#1448);
#1448 = DEFINITIONAL_REPRESENTATION('',(#1449),#1452);
#1449 = B_SPLINE_CURVE_WITH_KNOTS('',1,(#1450,#1451),.UNSPECIFIED.,.F.,
  .F.,(2,2),(-1.45,-1.05),.PIECEWISE_BEZIER_KNOTS.);
#1450 = CARTESIAN_POINT('',(0.4,-2.E-02));
#1451 = CARTESIAN_POINT('',(0.,-2.E-02));
#1452 = ( GEOMETRIC_REPRESENTATION_CONTEXT(2) 
PARAMETRIC_REPRESENTATION_CONTEXT() REPRESENTATION_CONTEXT('2D SPACE',''
  ) );
#1453 = ORIENTED_EDGE('',*,*,#1454,.T.);
#1454 = EDGE_CURVE('',#1434,#1455,#1457,.T.);
#1455 = VERTEX_POINT('',#1456);
#1456 = CARTESIAN_POINT('',(-1.375,-2.1,2.E-02));
#1457 = SURFACE_CURVE('',#1458,(#1462,#1468),.PCURVE_S1.);
#1458 = LINE('',#1459,#1460);
#1459 = CARTESIAN_POINT('',(-0.6875,-2.1,2.E-02));
#1460 = VECTOR('',#1461,1.);
#1461 = DIRECTION('',(1.,0.,-0.));
#1462 = PCURVE('',#182,#1463);
#1463 = DEFINITIONAL_REPRESENTATION('',(#1464),#1467);
#1464 = B_SPLINE_CURVE_WITH_KNOTS('',1,(#1465,#1466),.UNSPECIFIED.,.F.,
  .F.,(2,2),(-0.9375,-0.6875),.PIECEWISE_BEZIER_KNOTS.);
#1465 = CARTESIAN_POINT('',(-1.625,-2.1));
#1466 = CARTESIAN_POINT('',(-1.375,-2.1));
#1467 = ( GEOMETRIC_REPRESENTATION_CONTEXT(2) 
PARAMETRIC_REPRESENTATION_CONTEXT() REPRESENTATION_CONTEXT('2D SPACE',''
  ) );
#1468 = PCURVE('',#1469,#1474);
#1469 = PLANE('',#1470);
#1470 = AXIS2_PLACEMENT_3D('',#1471,#1472,#1473);
#1471 = CARTESIAN_POINT('',(-1.375,-2.1,0.));
#1472 = DIRECTION('',(0.,-1.,0.));
#1473 = DIRECTION('',(-1.,0.,0.));
#1474 = DEFINITIONAL_REPRESENTATION('',(#1475),#1478);
#1475 = B_SPLINE_CURVE_WITH_KNOTS('',1,(#1476,#1477),.UNSPECIFIED.,.F.,
  .F.,(2,2),(-0.9375,-0.6875),.PIECEWISE_BEZIER_KNOTS.);
#1476 = CARTESIAN_POINT('',(0.25,-2.E-02));
#1477 = CARTESIAN_POINT('',(0.,-2.E-02));
#1478 = ( GEOMETRIC_REPRESENTATION_CONTEXT(2) 
PARAMETRIC_REPRESENTATION_CONTEXT() REPRESENTATION_CONTEXT('2D SPACE',''
  ) );
#1479 = ORIENTED_EDGE('',*,*,#1480,.T.);
#1480 = EDGE_CURVE('',#1455,#921,#1481,.T.);
#1481 = SURFACE_CURVE('',#1482,(#1486,#1492),.PCURVE_S1.);
#1482 = LINE('',#1483,#1484);
#1483 = CARTESIAN_POINT('',(-1.375,-1.25,2.E-02));
#1484 = VECTOR('',#1485,1.);
#1485 = DIRECTION('',(0.,-1.,0.));
#1486 = PCURVE('',#182,#1487);
#1487 = DEFINITIONAL_REPRESENTATION('',(#1488),#1491);
#1488 = B_SPLINE_CURVE_WITH_KNOTS('',1,(#1489,#1490),.UNSPECIFIED.,.F.,
  .F.,(2,2),(0.85,1.25),.PIECEWISE_BEZIER_KNOTS.);
#1489 = CARTESIAN_POINT('',(-1.375,-2.1));
#1490 = CARTESIAN_POINT('',(-1.375,-2.5));
#1491 = ( GEOMETRIC_REPRESENTATION_CONTEXT(2) 
PARAMETRIC_REPRESENTATION_CONTEXT() REPRESENTATION_CONTEXT('2D SPACE',''
  ) );
#1492 = PCURVE('',#959,#1493);
#1493 = DEFINITIONAL_REPRESENTATION('',(#1494),#1497);
#1494 = B_SPLINE_CURVE_WITH_KNOTS('',1,(#1495,#1496),.UNSPECIFIED.,.F.,
  .F.,(2,2),(0.85,1.25),.PIECEWISE_BEZIER_KNOTS.);
#1495 = CARTESIAN_POINT('',(0.4,-2.E-02));
#1496 = CARTESIAN_POINT('',(0.,-2.E-02));
#1497 = ( GEOMETRIC_REPRESENTATION_CONTEXT(2) 
PARAMETRIC_REPRESENTATION_CONTEXT() REPRESENTATION_CONTEXT('2D SPACE',''
  ) );
#1498 = ORIENTED_EDGE('',*,*,#920,.T.);
#1499 = ORIENTED_EDGE('',*,*,#1500,.T.);
#1500 = EDGE_CURVE('',#893,#1501,#1503,.T.);
#1501 = VERTEX_POINT('',#1502);
#1502 = CARTESIAN_POINT('',(-1.125,-2.1,2.E-02));
#1503 = SURFACE_CURVE('',#1504,(#1508,#1514),.PCURVE_S1.);
#1504 = LINE('',#1505,#1506);
#1505 = CARTESIAN_POINT('',(-1.125,-1.05,2.E-02));
#1506 = VECTOR('',#1507,1.);
#1507 = DIRECTION('',(-0.,1.,0.));
#1508 = PCURVE('',#182,#1509);
#1509 = DEFINITIONAL_REPRESENTATION('',(#1510),#1513);
#1510 = B_SPLINE_CURVE_WITH_KNOTS('',1,(#1511,#1512),.UNSPECIFIED.,.F.,
  .F.,(2,2),(-1.45,-1.05),.PIECEWISE_BEZIER_KNOTS.);
#1511 = CARTESIAN_POINT('',(-1.125,-2.5));
#1512 = CARTESIAN_POINT('',(-1.125,-2.1));
#1513 = ( GEOMETRIC_REPRESENTATION_CONTEXT(2) 
PARAMETRIC_REPRESENTATION_CONTEXT() REPRESENTATION_CONTEXT('2D SPACE',''
  ) );
#1514 = PCURVE('',#908,#1515);
#1515 = DEFINITIONAL_REPRESENTATION('',(#1516),#1519);
#1516 = B_SPLINE_CURVE_WITH_KNOTS('',1,(#1517,#1518),.UNSPECIFIED.,.F.,
  .F.,(2,2),(-1.45,-1.05),.PIECEWISE_BEZIER_KNOTS.);
#1517 = CARTESIAN_POINT('',(0.4,-2.E-02));
#1518 = CARTESIAN_POINT('',(0.,-2.E-02));
#1519 = ( GEOMETRIC_REPRESENTATION_CONTEXT(2) 
PARAMETRIC_REPRESENTATION_CONTEXT() REPRESENTATION_CONTEXT('2D SPACE',''
  ) );
#1520 = ORIENTED_EDGE('',*,*,#1521,.T.);
#1521 = EDGE_CURVE('',#1501,#1522,#1524,.T.);
#1522 = VERTEX_POINT('',#1523);
#1523 = CARTESIAN_POINT('',(-0.875,-2.1,2.E-02));
#1524 = SURFACE_CURVE('',#1525,(#1529,#1535),.PCURVE_S1.);
#1525 = LINE('',#1526,#1527);
#1526 = CARTESIAN_POINT('',(-0.4375,-2.1,2.E-02));
#1527 = VECTOR('',#1528,1.);
#1528 = DIRECTION('',(1.,0.,-0.));
#1529 = PCURVE('',#182,#1530);
#1530 = DEFINITIONAL_REPRESENTATION('',(#1531),#1534);
#1531 = B_SPLINE_CURVE_WITH_KNOTS('',1,(#1532,#1533),.UNSPECIFIED.,.F.,
  .F.,(2,2),(-0.6875,-0.4375),.PIECEWISE_BEZIER_KNOTS.);
#1532 = CARTESIAN_POINT('',(-1.125,-2.1));
#1533 = CARTESIAN_POINT('',(-0.875,-2.1));
#1534 = ( GEOMETRIC_REPRESENTATION_CONTEXT(2) 
PARAMETRIC_REPRESENTATION_CONTEXT() REPRESENTATION_CONTEXT('2D SPACE',''
  ) );
#1535 = PCURVE('',#1536,#1541);
#1536 = PLANE('',#1537);
#1537 = AXIS2_PLACEMENT_3D('',#1538,#1539,#1540);
#1538 = CARTESIAN_POINT('',(-0.875,-2.1,0.));
#1539 = DIRECTION('',(0.,-1.,0.));
#1540 = DIRECTION('',(-1.,0.,0.));
#1541 = DEFINITIONAL_REPRESENTATION('',(#1542),#1545);
#1542 = B_SPLINE_CURVE_WITH_KNOTS('',1,(#1543,#1544),.UNSPECIFIED.,.F.,
  .F.,(2,2),(-0.6875,-0.4375),.PIECEWISE_BEZIER_KNOTS.);
#1543 = CARTESIAN_POINT('',(0.25,-2.E-02));
#1544 = CARTESIAN_POINT('',(0.,-2.E-02));
#1545 = ( GEOMETRIC_REPRESENTATION_CONTEXT(2) 
PARAMETRIC_REPRESENTATION_CONTEXT() REPRESENTATION_CONTEXT('2D SPACE',''
  ) );
#1546 = ORIENTED_EDGE('',*,*,#1547,.T.);
#1547 = EDGE_CURVE('',#1522,#814,#1548,.T.);
#1548 = SURFACE_CURVE('',#1549,(#1553,#1559),.PCURVE_S1.);
#1549 = LINE('',#1550,#1551);
#1550 = CARTESIAN_POINT('',(-0.875,-1.25,2.E-02));
#1551 = VECTOR('',#1552,1.);
#1552 = DIRECTION('',(0.,-1.,0.));
#1553 = PCURVE('',#182,#1554);
#1554 = DEFINITIONAL_REPRESENTATION('',(#1555),#1558);
#1555 = B_SPLINE_CURVE_WITH_KNOTS('',1,(#1556,#1557),.UNSPECIFIED.,.F.,
  .F.,(2,2),(0.85,1.25),.PIECEWISE_BEZIER_KNOTS.);
#1556 = CARTESIAN_POINT('',(-0.875,-2.1));
#1557 = CARTESIAN_POINT('',(-0.875,-2.5));
#1558 = ( GEOMETRIC_REPRESENTATION_CONTEXT(2) 
PARAMETRIC_REPRESENTATION_CONTEXT() REPRESENTATION_CONTEXT('2D SPACE',''
  ) );
#1559 = PCURVE('',#852,#1560);
#1560 = DEFINITIONAL_REPRESENTATION('',(#1561),#1564);
#1561 = B_SPLINE_CURVE_WITH_KNOTS('',1,(#1562,#1563),.UNSPECIFIED.,.F.,
  .F.,(2,2),(0.85,1.25),.PIECEWISE_BEZIER_KNOTS.);
#1562 = CARTESIAN_POINT('',(0.4,-2.E-02));
#1563 = CARTESIAN_POINT('',(0.,-2.E-02));
#1564 = ( GEOMETRIC_REPRESENTATION_CONTEXT(2) 
PARAMETRIC_REPRESENTATION_CONTEXT() REPRESENTATION_CONTEXT('2D SPACE',''
  ) );
#1565 = ORIENTED_EDGE('',*,*,#813,.T.);
#1566 = ORIENTED_EDGE('',*,*,#1567,.T.);
#1567 = EDGE_CURVE('',#786,#1568,#1570,.T.);
#1568 = VERTEX_POINT('',#1569);
#1569 = CARTESIAN_POINT('',(-0.625,-2.1,2.E-02));
#1570 = SURFACE_CURVE('',#1571,(#1575,#1581),.PCURVE_S1.);
#1571 = LINE('',#1572,#1573);
#1572 = CARTESIAN_POINT('',(-0.625,-1.05,2.E-02));
#1573 = VECTOR('',#1574,1.);
#1574 = DIRECTION('',(-0.,1.,0.));
#1575 = PCURVE('',#182,#1576);
#1576 = DEFINITIONAL_REPRESENTATION('',(#1577),#1580);
#1577 = B_SPLINE_CURVE_WITH_KNOTS('',1,(#1578,#1579),.UNSPECIFIED.,.F.,
  .F.,(2,2),(-1.45,-1.05),.PIECEWISE_BEZIER_KNOTS.);
#1578 = CARTESIAN_POINT('',(-0.625,-2.5));
#1579 = CARTESIAN_POINT('',(-0.625,-2.1));
#1580 = ( GEOMETRIC_REPRESENTATION_CONTEXT(2) 
PARAMETRIC_REPRESENTATION_CONTEXT() REPRESENTATION_CONTEXT('2D SPACE',''
  ) );
#1581 = PCURVE('',#801,#1582);
#1582 = DEFINITIONAL_REPRESENTATION('',(#1583),#1586);
#1583 = B_SPLINE_CURVE_WITH_KNOTS('',1,(#1584,#1585),.UNSPECIFIED.,.F.,
  .F.,(2,2),(-1.45,-1.05),.PIECEWISE_BEZIER_KNOTS.);
#1584 = CARTESIAN_POINT('',(0.4,-2.E-02));
#1585 = CARTESIAN_POINT('',(0.,-2.E-02));
#1586 = ( GEOMETRIC_REPRESENTATION_CONTEXT(2) 
PARAMETRIC_REPRESENTATION_CONTEXT() REPRESENTATION_CONTEXT('2D SPACE',''
  ) );
#1587 = ORIENTED_EDGE('',*,*,#1588,.T.);
#1588 = EDGE_CURVE('',#1568,#1589,#1591,.T.);
#1589 = VERTEX_POINT('',#1590);
#1590 = CARTESIAN_POINT('',(-0.375,-2.1,2.E-02));
#1591 = SURFACE_CURVE('',#1592,(#1596,#1602),.PCURVE_S1.);
#1592 = LINE('',#1593,#1594);
#1593 = CARTESIAN_POINT('',(-0.1875,-2.1,2.E-02));
#1594 = VECTOR('',#1595,1.);
#1595 = DIRECTION('',(1.,0.,-0.));
#1596 = PCURVE('',#182,#1597);
#1597 = DEFINITIONAL_REPRESENTATION('',(#1598),#1601);
#1598 = B_SPLINE_CURVE_WITH_KNOTS('',1,(#1599,#1600),.UNSPECIFIED.,.F.,
  .F.,(2,2),(-0.4375,-0.1875),.PIECEWISE_BEZIER_KNOTS.);
#1599 = CARTESIAN_POINT('',(-0.625,-2.1));
#1600 = CARTESIAN_POINT('',(-0.375,-2.1));
#1601 = ( GEOMETRIC_REPRESENTATION_CONTEXT(2) 
PARAMETRIC_REPRESENTATION_CONTEXT() REPRESENTATION_CONTEXT('2D SPACE',''
  ) );
#1602 = PCURVE('',#1603,#1608);
#1603 = PLANE('',#1604);
#1604 = AXIS2_PLACEMENT_3D('',#1605,#1606,#1607);
#1605 = CARTESIAN_POINT('',(-0.375,-2.1,0.));
#1606 = DIRECTION('',(0.,-1.,0.));
#1607 = DIRECTION('',(-1.,0.,0.));
#1608 = DEFINITIONAL_REPRESENTATION('',(#1609),#1612);
#1609 = B_SPLINE_CURVE_WITH_KNOTS('',1,(#1610,#1611),.UNSPECIFIED.,.F.,
  .F.,(2,2),(-0.4375,-0.1875),.PIECEWISE_BEZIER_KNOTS.);
#1610 = CARTESIAN_POINT('',(0.25,-2.E-02));
#1611 = CARTESIAN_POINT('',(0.,-2.E-02));
#1612 = ( GEOMETRIC_REPRESENTATION_CONTEXT(2) 
PARAMETRIC_REPRESENTATION_CONTEXT() REPRESENTATION_CONTEXT('2D SPACE',''
  ) );
#1613 = ORIENTED_EDGE('',*,*,#1614,.T.);
#1614 = EDGE_CURVE('',#1589,#707,#1615,.T.);
#1615 = SURFACE_CURVE('',#1616,(#1620,#1626),.PCURVE_S1.);
#1616 = LINE('',#1617,#1618);
#1617 = CARTESIAN_POINT('',(-0.375,-1.25,2.E-02));
#1618 = VECTOR('',#1619,1.);
#1619 = DIRECTION('',(0.,-1.,0.));
#1620 = PCURVE('',#182,#1621);
#1621 = DEFINITIONAL_REPRESENTATION('',(#1622),#1625);
#1622 = B_SPLINE_CURVE_WITH_KNOTS('',1,(#1623,#1624),.UNSPECIFIED.,.F.,
  .F.,(2,2),(0.85,1.25),.PIECEWISE_BEZIER_KNOTS.);
#1623 = CARTESIAN_POINT('',(-0.375,-2.1));
#1624 = CARTESIAN_POINT('',(-0.375,-2.5));
#1625 = ( GEOMETRIC_REPRESENTATION_CONTEXT(2) 
PARAMETRIC_REPRESENTATION_CONTEXT() REPRESENTATION_CONTEXT('2D SPACE',''
  ) );
#1626 = PCURVE('',#745,#1627);
#1627 = DEFINITIONAL_REPRESENTATION('',(#1628),#1631);
#1628 = B_SPLINE_CURVE_WITH_KNOTS('',1,(#1629,#1630),.UNSPECIFIED.,.F.,
  .F.,(2,2),(0.85,1.25),.PIECEWISE_BEZIER_KNOTS.);
#1629 = CARTESIAN_POINT('',(0.4,-2.E-02));
#1630 = CARTESIAN_POINT('',(0.,-2.E-02));
#1631 = ( GEOMETRIC_REPRESENTATION_CONTEXT(2) 
PARAMETRIC_REPRESENTATION_CONTEXT() REPRESENTATION_CONTEXT('2D SPACE',''
  ) );
#1632 = ORIENTED_EDGE('',*,*,#706,.T.);
#1633 = ORIENTED_EDGE('',*,*,#1634,.T.);
#1634 = EDGE_CURVE('',#679,#1635,#1637,.T.);
#1635 = VERTEX_POINT('',#1636);
#1636 = CARTESIAN_POINT('',(-0.125,-2.1,2.E-02));
#1637 = SURFACE_CURVE('',#1638,(#1642,#1648),.PCURVE_S1.);
#1638 = LINE('',#1639,#1640);
#1639 = CARTESIAN_POINT('',(-0.125,-1.05,2.E-02));
#1640 = VECTOR('',#1641,1.);
#1641 = DIRECTION('',(-0.,1.,0.));
#1642 = PCURVE('',#182,#1643);
#1643 = DEFINITIONAL_REPRESENTATION('',(#1644),#1647);
#1644 = B_SPLINE_CURVE_WITH_KNOTS('',1,(#1645,#1646),.UNSPECIFIED.,.F.,
  .F.,(2,2),(-1.45,-1.05),.PIECEWISE_BEZIER_KNOTS.);
#1645 = CARTESIAN_POINT('',(-0.125,-2.5));
#1646 = CARTESIAN_POINT('',(-0.125,-2.1));
#1647 = ( GEOMETRIC_REPRESENTATION_CONTEXT(2) 
PARAMETRIC_REPRESENTATION_CONTEXT() REPRESENTATION_CONTEXT('2D SPACE',''
  ) );
#1648 = PCURVE('',#694,#1649);
#1649 = DEFINITIONAL_REPRESENTATION('',(#1650),#1653);
#1650 = B_SPLINE_CURVE_WITH_KNOTS('',1,(#1651,#1652),.UNSPECIFIED.,.F.,
  .F.,(2,2),(-1.45,-1.05),.PIECEWISE_BEZIER_KNOTS.);
#1651 = CARTESIAN_POINT('',(0.4,-2.E-02));
#1652 = CARTESIAN_POINT('',(0.,-2.E-02));
#1653 = ( GEOMETRIC_REPRESENTATION_CONTEXT(2) 
PARAMETRIC_REPRESENTATION_CONTEXT() REPRESENTATION_CONTEXT('2D SPACE',''
  ) );
#1654 = ORIENTED_EDGE('',*,*,#1655,.T.);
#1655 = EDGE_CURVE('',#1635,#1656,#1658,.T.);
#1656 = VERTEX_POINT('',#1657);
#1657 = CARTESIAN_POINT('',(0.125,-2.1,2.E-02));
#1658 = SURFACE_CURVE('',#1659,(#1663,#1669),.PCURVE_S1.);
#1659 = LINE('',#1660,#1661);
#1660 = CARTESIAN_POINT('',(6.25E-02,-2.1,2.E-02));
#1661 = VECTOR('',#1662,1.);
#1662 = DIRECTION('',(1.,0.,-0.));
#1663 = PCURVE('',#182,#1664);
#1664 = DEFINITIONAL_REPRESENTATION('',(#1665),#1668);
#1665 = B_SPLINE_CURVE_WITH_KNOTS('',1,(#1666,#1667),.UNSPECIFIED.,.F.,
  .F.,(2,2),(-0.1875,6.25E-02),.PIECEWISE_BEZIER_KNOTS.);
#1666 = CARTESIAN_POINT('',(-0.125,-2.1));
#1667 = CARTESIAN_POINT('',(0.125,-2.1));
#1668 = ( GEOMETRIC_REPRESENTATION_CONTEXT(2) 
PARAMETRIC_REPRESENTATION_CONTEXT() REPRESENTATION_CONTEXT('2D SPACE',''
  ) );
#1669 = PCURVE('',#1670,#1675);
#1670 = PLANE('',#1671);
#1671 = AXIS2_PLACEMENT_3D('',#1672,#1673,#1674);
#1672 = CARTESIAN_POINT('',(0.125,-2.1,0.));
#1673 = DIRECTION('',(0.,-1.,0.));
#1674 = DIRECTION('',(-1.,0.,0.));
#1675 = DEFINITIONAL_REPRESENTATION('',(#1676),#1679);
#1676 = B_SPLINE_CURVE_WITH_KNOTS('',1,(#1677,#1678),.UNSPECIFIED.,.F.,
  .F.,(2,2),(-0.1875,6.25E-02),.PIECEWISE_BEZIER_KNOTS.);
#1677 = CARTESIAN_POINT('',(0.25,-2.E-02));
#1678 = CARTESIAN_POINT('',(0.,-2.E-02));
#1679 = ( GEOMETRIC_REPRESENTATION_CONTEXT(2) 
PARAMETRIC_REPRESENTATION_CONTEXT() REPRESENTATION_CONTEXT('2D SPACE',''
  ) );
#1680 = ORIENTED_EDGE('',*,*,#1681,.T.);
#1681 = EDGE_CURVE('',#1656,#600,#1682,.T.);
#1682 = SURFACE_CURVE('',#1683,(#1687,#1693),.PCURVE_S1.);
#1683 = LINE('',#1684,#1685);
#1684 = CARTESIAN_POINT('',(0.125,-1.25,2.E-02));
#1685 = VECTOR('',#1686,1.);
#1686 = DIRECTION('',(0.,-1.,0.));
#1687 = PCURVE('',#182,#1688);
#1688 = DEFINITIONAL_REPRESENTATION('',(#1689),#1692);
#1689 = B_SPLINE_CURVE_WITH_KNOTS('',1,(#1690,#1691),.UNSPECIFIED.,.F.,
  .F.,(2,2),(0.85,1.25),.PIECEWISE_BEZIER_KNOTS.);
#1690 = CARTESIAN_POINT('',(0.125,-2.1));
#1691 = CARTESIAN_POINT('',(0.125,-2.5));
#1692 = ( GEOMETRIC_REPRESENTATION_CONTEXT(2) 
PARAMETRIC_REPRESENTATION_CONTEXT() REPRESENTATION_CONTEXT('2D SPACE',''
  ) );
#1693 = PCURVE('',#638,#1694);
#1694 = DEFINITIONAL_REPRESENTATION('',(#1695),#1698);
#1695 = B_SPLINE_CURVE_WITH_KNOTS('',1,(#1696,#1697),.UNSPECIFIED.,.F.,
  .F.,(2,2),(0.85,1.25),.PIECEWISE_BEZIER_KNOTS.);
#1696 = CARTESIAN_POINT('',(0.4,-2.E-02));
#1697 = CARTESIAN_POINT('',(0.,-2.E-02));
#1698 = ( GEOMETRIC_REPRESENTATION_CONTEXT(2) 
PARAMETRIC_REPRESENTATION_CONTEXT() REPRESENTATION_CONTEXT('2D SPACE',''
  ) );
#1699 = ORIENTED_EDGE('',*,*,#599,.T.);
#1700 = ORIENTED_EDGE('',*,*,#1701,.T.);
#1701 = EDGE_CURVE('',#572,#1702,#1704,.T.);
#1702 = VERTEX_POINT('',#1703);
#1703 = CARTESIAN_POINT('',(0.375,-2.1,2.E-02));
#1704 = SURFACE_CURVE('',#1705,(#1709,#1715),.PCURVE_S1.);
#1705 = LINE('',#1706,#1707);
#1706 = CARTESIAN_POINT('',(0.375,-1.05,2.E-02));
#1707 = VECTOR('',#1708,1.);
#1708 = DIRECTION('',(-0.,1.,0.));
#1709 = PCURVE('',#182,#1710);
#1710 = DEFINITIONAL_REPRESENTATION('',(#1711),#1714);
#1711 = B_SPLINE_CURVE_WITH_KNOTS('',1,(#1712,#1713),.UNSPECIFIED.,.F.,
  .F.,(2,2),(-1.45,-1.05),.PIECEWISE_BEZIER_KNOTS.);
#1712 = CARTESIAN_POINT('',(0.375,-2.5));
#1713 = CARTESIAN_POINT('',(0.375,-2.1));
#1714 = ( GEOMETRIC_REPRESENTATION_CONTEXT(2) 
PARAMETRIC_REPRESENTATION_CONTEXT() REPRESENTATION_CONTEXT('2D SPACE',''
  ) );
#1715 = PCURVE('',#587,#1716);
#1716 = DEFINITIONAL_REPRESENTATION('',(#1717),#1720);
#1717 = B_SPLINE_CURVE_WITH_KNOTS('',1,(#1718,#1719),.UNSPECIFIED.,.F.,
  .F.,(2,2),(-1.45,-1.05),.PIECEWISE_BEZIER_KNOTS.);
#1718 = CARTESIAN_POINT('',(0.4,-2.E-02));
#1719 = CARTESIAN_POINT('',(0.,-2.E-02));
#1720 = ( GEOMETRIC_REPRESENTATION_CONTEXT(2) 
PARAMETRIC_REPRESENTATION_CONTEXT() REPRESENTATION_CONTEXT('2D SPACE',''
  ) );
#1721 = ORIENTED_EDGE('',*,*,#1722,.T.);
#1722 = EDGE_CURVE('',#1702,#1723,#1725,.T.);
#1723 = VERTEX_POINT('',#1724);
#1724 = CARTESIAN_POINT('',(0.625,-2.1,2.E-02));
#1725 = SURFACE_CURVE('',#1726,(#1730,#1736),.PCURVE_S1.);
#1726 = LINE('',#1727,#1728);
#1727 = CARTESIAN_POINT('',(0.3125,-2.1,2.E-02));
#1728 = VECTOR('',#1729,1.);
#1729 = DIRECTION('',(1.,0.,-0.));
#1730 = PCURVE('',#182,#1731);
#1731 = DEFINITIONAL_REPRESENTATION('',(#1732),#1735);
#1732 = B_SPLINE_CURVE_WITH_KNOTS('',1,(#1733,#1734),.UNSPECIFIED.,.F.,
  .F.,(2,2),(6.25E-02,0.3125),.PIECEWISE_BEZIER_KNOTS.);
#1733 = CARTESIAN_POINT('',(0.375,-2.1));
#1734 = CARTESIAN_POINT('',(0.625,-2.1));
#1735 = ( GEOMETRIC_REPRESENTATION_CONTEXT(2) 
PARAMETRIC_REPRESENTATION_CONTEXT() REPRESENTATION_CONTEXT('2D SPACE',''
  ) );
#1736 = PCURVE('',#1737,#1742);
#1737 = PLANE('',#1738);
#1738 = AXIS2_PLACEMENT_3D('',#1739,#1740,#1741);
#1739 = CARTESIAN_POINT('',(0.625,-2.1,0.));
#1740 = DIRECTION('',(0.,-1.,0.));
#1741 = DIRECTION('',(-1.,0.,0.));
#1742 = DEFINITIONAL_REPRESENTATION('',(#1743),#1746);
#1743 = B_SPLINE_CURVE_WITH_KNOTS('',1,(#1744,#1745),.UNSPECIFIED.,.F.,
  .F.,(2,2),(6.25E-02,0.3125),.PIECEWISE_BEZIER_KNOTS.);
#1744 = CARTESIAN_POINT('',(0.25,-2.E-02));
#1745 = CARTESIAN_POINT('',(0.,-2.E-02));
#1746 = ( GEOMETRIC_REPRESENTATION_CONTEXT(2) 
PARAMETRIC_REPRESENTATION_CONTEXT() REPRESENTATION_CONTEXT('2D SPACE',''
  ) );
#1747 = ORIENTED_EDGE('',*,*,#1748,.T.);
#1748 = EDGE_CURVE('',#1723,#493,#1749,.T.);
#1749 = SURFACE_CURVE('',#1750,(#1754,#1760),.PCURVE_S1.);
#1750 = LINE('',#1751,#1752);
#1751 = CARTESIAN_POINT('',(0.625,-1.25,2.E-02));
#1752 = VECTOR('',#1753,1.);
#1753 = DIRECTION('',(0.,-1.,0.));
#1754 = PCURVE('',#182,#1755);
#1755 = DEFINITIONAL_REPRESENTATION('',(#1756),#1759);
#1756 = B_SPLINE_CURVE_WITH_KNOTS('',1,(#1757,#1758),.UNSPECIFIED.,.F.,
  .F.,(2,2),(0.85,1.25),.PIECEWISE_BEZIER_KNOTS.);
#1757 = CARTESIAN_POINT('',(0.625,-2.1));
#1758 = CARTESIAN_POINT('',(0.625,-2.5));
#1759 = ( GEOMETRIC_REPRESENTATION_CONTEXT(2) 
PARAMETRIC_REPRESENTATION_CONTEXT() REPRESENTATION_CONTEXT('2D SPACE',''
  ) );
#1760 = PCURVE('',#531,#1761);
#1761 = DEFINITIONAL_REPRESENTATION('',(#1762),#1765);
#1762 = B_SPLINE_CURVE_WITH_KNOTS('',1,(#1763,#1764),.UNSPECIFIED.,.F.,
  .F.,(2,2),(0.85,1.25),.PIECEWISE_BEZIER_KNOTS.);
#1763 = CARTESIAN_POINT('',(0.4,-2.E-02));
#1764 = CARTESIAN_POINT('',(0.,-2.E-02));
#1765 = ( GEOMETRIC_REPRESENTATION_CONTEXT(2) 
PARAMETRIC_REPRESENTATION_CONTEXT() REPRESENTATION_CONTEXT('2D SPACE',''
  ) );
#1766 = ORIENTED_EDGE('',*,*,#492,.T.);
#1767 = ORIENTED_EDGE('',*,*,#1768,.T.);
#1768 = EDGE_CURVE('',#465,#1769,#1771,.T.);
#1769 = VERTEX_POINT('',#1770);
#1770 = CARTESIAN_POINT('',(0.875,-2.1,2.E-02));
#1771 = SURFACE_CURVE('',#1772,(#1776,#1782),.PCURVE_S1.);
#1772 = LINE('',#1773,#1774);
#1773 = CARTESIAN_POINT('',(0.875,-1.05,2.E-02));
#1774 = VECTOR('',#1775,1.);
#1775 = DIRECTION('',(-0.,1.,0.));
#1776 = PCURVE('',#182,#1777);
#1777 = DEFINITIONAL_REPRESENTATION('',(#1778),#1781);
#1778 = B_SPLINE_CURVE_WITH_KNOTS('',1,(#1779,#1780),.UNSPECIFIED.,.F.,
  .F.,(2,2),(-1.45,-1.05),.PIECEWISE_BEZIER_KNOTS.);
#1779 = CARTESIAN_POINT('',(0.875,-2.5));
#1780 = CARTESIAN_POINT('',(0.875,-2.1));
#1781 = ( GEOMETRIC_REPRESENTATION_CONTEXT(2) 
PARAMETRIC_REPRESENTATION_CONTEXT() REPRESENTATION_CONTEXT('2D SPACE',''
  ) );
#1782 = PCURVE('',#480,#1783);
#1783 = DEFINITIONAL_REPRESENTATION('',(#1784),#1787);
#1784 = B_SPLINE_CURVE_WITH_KNOTS('',1,(#1785,#1786),.UNSPECIFIED.,.F.,
  .F.,(2,2),(-1.45,-1.05),.PIECEWISE_BEZIER_KNOTS.);
#1785 = CARTESIAN_POINT('',(0.4,-2.E-02));
#1786 = CARTESIAN_POINT('',(0.,-2.E-02));
#1787 = ( GEOMETRIC_REPRESENTATION_CONTEXT(2) 
PARAMETRIC_REPRESENTATION_CONTEXT() REPRESENTATION_CONTEXT('2D SPACE',''
  ) );
#1788 = ORIENTED_EDGE('',*,*,#1789,.T.);
#1789 = EDGE_CURVE('',#1769,#1790,#1792,.T.);
#1790 = VERTEX_POINT('',#1791);
#1791 = CARTESIAN_POINT('',(1.125,-2.1,2.E-02));
#1792 = SURFACE_CURVE('',#1793,(#1797,#1803),.PCURVE_S1.);
#1793 = LINE('',#1794,#1795);
#1794 = CARTESIAN_POINT('',(0.5625,-2.1,2.E-02));
#1795 = VECTOR('',#1796,1.);
#1796 = DIRECTION('',(1.,0.,-0.));
#1797 = PCURVE('',#182,#1798);
#1798 = DEFINITIONAL_REPRESENTATION('',(#1799),#1802);
#1799 = B_SPLINE_CURVE_WITH_KNOTS('',1,(#1800,#1801),.UNSPECIFIED.,.F.,
  .F.,(2,2),(0.3125,0.5625),.PIECEWISE_BEZIER_KNOTS.);
#1800 = CARTESIAN_POINT('',(0.875,-2.1));
#1801 = CARTESIAN_POINT('',(1.125,-2.1));
#1802 = ( GEOMETRIC_REPRESENTATION_CONTEXT(2) 
PARAMETRIC_REPRESENTATION_CONTEXT() REPRESENTATION_CONTEXT('2D SPACE',''
  ) );
#1803 = PCURVE('',#1804,#1809);
#1804 = PLANE('',#1805);
#1805 = AXIS2_PLACEMENT_3D('',#1806,#1807,#1808);
#1806 = CARTESIAN_POINT('',(1.125,-2.1,0.));
#1807 = DIRECTION('',(0.,-1.,0.));
#1808 = DIRECTION('',(-1.,0.,0.));
#1809 = DEFINITIONAL_REPRESENTATION('',(#1810),#1813);
#1810 = B_SPLINE_CURVE_WITH_KNOTS('',1,(#1811,#1812),.UNSPECIFIED.,.F.,
  .F.,(2,2),(0.3125,0.5625),.PIECEWISE_BEZIER_KNOTS.);
#1811 = CARTESIAN_POINT('',(0.25,-2.E-02));
#1812 = CARTESIAN_POINT('',(0.,-2.E-02));
#1813 = ( GEOMETRIC_REPRESENTATION_CONTEXT(2) 
PARAMETRIC_REPRESENTATION_CONTEXT() REPRESENTATION_CONTEXT('2D SPACE',''
  ) );
#1814 = ORIENTED_EDGE('',*,*,#1815,.T.);
#1815 = EDGE_CURVE('',#1790,#386,#1816,.T.);
#1816 = SURFACE_CURVE('',#1817,(#1821,#1827),.PCURVE_S1.);
#1817 = LINE('',#1818,#1819);
#1818 = CARTESIAN_POINT('',(1.125,-1.25,2.E-02));
#1819 = VECTOR('',#1820,1.);
#1820 = DIRECTION('',(0.,-1.,0.));
#1821 = PCURVE('',#182,#1822);
#1822 = DEFINITIONAL_REPRESENTATION('',(#1823),#1826);
#1823 = B_SPLINE_CURVE_WITH_KNOTS('',1,(#1824,#1825),.UNSPECIFIED.,.F.,
  .F.,(2,2),(0.85,1.25),.PIECEWISE_BEZIER_KNOTS.);
#1824 = CARTESIAN_POINT('',(1.125,-2.1));
#1825 = CARTESIAN_POINT('',(1.125,-2.5));
#1826 = ( GEOMETRIC_REPRESENTATION_CONTEXT(2) 
PARAMETRIC_REPRESENTATION_CONTEXT() REPRESENTATION_CONTEXT('2D SPACE',''
  ) );
#1827 = PCURVE('',#424,#1828);
#1828 = DEFINITIONAL_REPRESENTATION('',(#1829),#1832);
#1829 = B_SPLINE_CURVE_WITH_KNOTS('',1,(#1830,#1831),.UNSPECIFIED.,.F.,
  .F.,(2,2),(0.85,1.25),.PIECEWISE_BEZIER_KNOTS.);
#1830 = CARTESIAN_POINT('',(0.4,-2.E-02));
#1831 = CARTESIAN_POINT('',(0.,-2.E-02));
#1832 = ( GEOMETRIC_REPRESENTATION_CONTEXT(2) 
PARAMETRIC_REPRESENTATION_CONTEXT() REPRESENTATION_CONTEXT('2D SPACE',''
  ) );
#1833 = ORIENTED_EDGE('',*,*,#385,.T.);
#1834 = ORIENTED_EDGE('',*,*,#1835,.T.);
#1835 = EDGE_CURVE('',#358,#1836,#1838,.T.);
#1836 = VERTEX_POINT('',#1837);
#1837 = CARTESIAN_POINT('',(1.375,-2.1,2.E-02));
#1838 = SURFACE_CURVE('',#1839,(#1843,#1849),.PCURVE_S1.);
#1839 = LINE('',#1840,#1841);
#1840 = CARTESIAN_POINT('',(1.375,-1.05,2.E-02));
#1841 = VECTOR('',#1842,1.);
#1842 = DIRECTION('',(-0.,1.,0.));
#1843 = PCURVE('',#182,#1844);
#1844 = DEFINITIONAL_REPRESENTATION('',(#1845),#1848);
#1845 = B_SPLINE_CURVE_WITH_KNOTS('',1,(#1846,#1847),.UNSPECIFIED.,.F.,
  .F.,(2,2),(-1.45,-1.05),.PIECEWISE_BEZIER_KNOTS.);
#1846 = CARTESIAN_POINT('',(1.375,-2.5));
#1847 = CARTESIAN_POINT('',(1.375,-2.1));
#1848 = ( GEOMETRIC_REPRESENTATION_CONTEXT(2) 
PARAMETRIC_REPRESENTATION_CONTEXT() REPRESENTATION_CONTEXT('2D SPACE',''
  ) );
#1849 = PCURVE('',#373,#1850);
#1850 = DEFINITIONAL_REPRESENTATION('',(#1851),#1854);
#1851 = B_SPLINE_CURVE_WITH_KNOTS('',1,(#1852,#1853),.UNSPECIFIED.,.F.,
  .F.,(2,2),(-1.45,-1.05),.PIECEWISE_BEZIER_KNOTS.);
#1852 = CARTESIAN_POINT('',(0.4,-2.E-02));
#1853 = CARTESIAN_POINT('',(0.,-2.E-02));
#1854 = ( GEOMETRIC_REPRESENTATION_CONTEXT(2) 
PARAMETRIC_REPRESENTATION_CONTEXT() REPRESENTATION_CONTEXT('2D SPACE',''
  ) );
#1855 = ORIENTED_EDGE('',*,*,#1856,.T.);
#1856 = EDGE_CURVE('',#1836,#1857,#1859,.T.);
#1857 = VERTEX_POINT('',#1858);
#1858 = CARTESIAN_POINT('',(1.625,-2.1,2.E-02));
#1859 = SURFACE_CURVE('',#1860,(#1864,#1870),.PCURVE_S1.);
#1860 = LINE('',#1861,#1862);
#1861 = CARTESIAN_POINT('',(0.8125,-2.1,2.E-02));
#1862 = VECTOR('',#1863,1.);
#1863 = DIRECTION('',(1.,0.,-0.));
#1864 = PCURVE('',#182,#1865);
#1865 = DEFINITIONAL_REPRESENTATION('',(#1866),#1869);
#1866 = B_SPLINE_CURVE_WITH_KNOTS('',1,(#1867,#1868),.UNSPECIFIED.,.F.,
  .F.,(2,2),(0.5625,0.8125),.PIECEWISE_BEZIER_KNOTS.);
#1867 = CARTESIAN_POINT('',(1.375,-2.1));
#1868 = CARTESIAN_POINT('',(1.625,-2.1));
#1869 = ( GEOMETRIC_REPRESENTATION_CONTEXT(2) 
PARAMETRIC_REPRESENTATION_CONTEXT() REPRESENTATION_CONTEXT('2D SPACE',''
  ) );
#1870 = PCURVE('',#1871,#1876);
#1871 = PLANE('',#1872);
#1872 = AXIS2_PLACEMENT_3D('',#1873,#1874,#1875);
#1873 = CARTESIAN_POINT('',(1.625,-2.1,0.));
#1874 = DIRECTION('',(0.,-1.,0.));
#1875 = DIRECTION('',(-1.,0.,0.));
#1876 = DEFINITIONAL_REPRESENTATION('',(#1877),#1880);
#1877 = B_SPLINE_CURVE_WITH_KNOTS('',1,(#1878,#1879),.UNSPECIFIED.,.F.,
  .F.,(2,2),(0.5625,0.8125),.PIECEWISE_BEZIER_KNOTS.);
#1878 = CARTESIAN_POINT('',(0.25,-2.E-02));
#1879 = CARTESIAN_POINT('',(0.,-2.E-02));
#1880 = ( GEOMETRIC_REPRESENTATION_CONTEXT(2) 
PARAMETRIC_REPRESENTATION_CONTEXT() REPRESENTATION_CONTEXT('2D SPACE',''
  ) );
#1881 = ORIENTED_EDGE('',*,*,#1882,.T.);
#1882 = EDGE_CURVE('',#1857,#279,#1883,.T.);
#1883 = SURFACE_CURVE('',#1884,(#1888,#1894),.PCURVE_S1.);
#1884 = LINE('',#1885,#1886);
#1885 = CARTESIAN_POINT('',(1.625,-1.25,2.E-02));
#1886 = VECTOR('',#1887,1.);
#1887 = DIRECTION('',(0.,-1.,0.));
#1888 = PCURVE('',#182,#1889);
#1889 = DEFINITIONAL_REPRESENTATION('',(#1890),#1893);
#1890 = B_SPLINE_CURVE_WITH_KNOTS('',1,(#1891,#1892),.UNSPECIFIED.,.F.,
  .F.,(2,2),(0.85,1.25),.PIECEWISE_BEZIER_KNOTS.);
#1891 = CARTESIAN_POINT('',(1.625,-2.1));
#1892 = CARTESIAN_POINT('',(1.625,-2.5));
#1893 = ( GEOMETRIC_REPRESENTATION_CONTEXT(2) 
PARAMETRIC_REPRESENTATION_CONTEXT() REPRESENTATION_CONTEXT('2D SPACE',''
  ) );
#1894 = PCURVE('',#317,#1895);
#1895 = DEFINITIONAL_REPRESENTATION('',(#1896),#1899);
#1896 = B_SPLINE_CURVE_WITH_KNOTS('',1,(#1897,#1898),.UNSPECIFIED.,.F.,
  .F.,(2,2),(0.85,1.25),.PIECEWISE_BEZIER_KNOTS.);
#1897 = CARTESIAN_POINT('',(0.4,-2.E-02));
#1898 = CARTESIAN_POINT('',(0.,-2.E-02));
#1899 = ( GEOMETRIC_REPRESENTATION_CONTEXT(2) 
PARAMETRIC_REPRESENTATION_CONTEXT() REPRESENTATION_CONTEXT('2D SPACE',''
  ) );
#1900 = ORIENTED_EDGE('',*,*,#278,.T.);
#1901 = ORIENTED_EDGE('',*,*,#1902,.T.);
#1902 = EDGE_CURVE('',#251,#1903,#1905,.T.);
#1903 = VERTEX_POINT('',#1904);
#1904 = CARTESIAN_POINT('',(2.5,-1.625,2.E-02));
#1905 = SURFACE_CURVE('',#1906,(#1910,#1917),.PCURVE_S1.);
#1906 = LINE('',#1907,#1908);
#1907 = CARTESIAN_POINT('',(2.5,-2.5,2.E-02));
#1908 = VECTOR('',#1909,1.);
#1909 = DIRECTION('',(0.,1.,0.));
#1910 = PCURVE('',#182,#1911);
#1911 = DEFINITIONAL_REPRESENTATION('',(#1912),#1916);
#1912 = LINE('',#1913,#1914);
#1913 = CARTESIAN_POINT('',(2.5,-2.5));
#1914 = VECTOR('',#1915,1.);
#1915 = DIRECTION('',(0.,1.));
#1916 = ( GEOMETRIC_REPRESENTATION_CONTEXT(2) 
PARAMETRIC_REPRESENTATION_CONTEXT() REPRESENTATION_CONTEXT('2D SPACE',''
  ) );
#1917 = PCURVE('',#266,#1918);
#1918 = DEFINITIONAL_REPRESENTATION('',(#1919),#1923);
#1919 = LINE('',#1920,#1921);
#1920 = CARTESIAN_POINT('',(0.,0.));
#1921 = VECTOR('',#1922,1.);
#1922 = DIRECTION('',(1.,0.));
#1923 = ( GEOMETRIC_REPRESENTATION_CONTEXT(2) 
PARAMETRIC_REPRESENTATION_CONTEXT() REPRESENTATION_CONTEXT('2D SPACE',''
  ) );
#1924 = ORIENTED_EDGE('',*,*,#1925,.T.);
#1925 = EDGE_CURVE('',#1903,#1926,#1928,.T.);
#1926 = VERTEX_POINT('',#1927);
#1927 = CARTESIAN_POINT('',(2.1,-1.625,2.E-02));
#1928 = SURFACE_CURVE('',#1929,(#1933,#1939),.PCURVE_S1.);
#1929 = LINE('',#1930,#1931);
#1930 = CARTESIAN_POINT('',(1.05,-1.625,2.E-02));
#1931 = VECTOR('',#1932,1.);
#1932 = DIRECTION('',(-1.,0.,0.));
#1933 = PCURVE('',#182,#1934);
#1934 = DEFINITIONAL_REPRESENTATION('',(#1935),#1938);
#1935 = B_SPLINE_CURVE_WITH_KNOTS('',1,(#1936,#1937),.UNSPECIFIED.,.F.,
  .F.,(2,2),(-1.45,-1.05),.PIECEWISE_BEZIER_KNOTS.);
#1936 = CARTESIAN_POINT('',(2.5,-1.625));
#1937 = CARTESIAN_POINT('',(2.1,-1.625));
#1938 = ( GEOMETRIC_REPRESENTATION_CONTEXT(2) 
PARAMETRIC_REPRESENTATION_CONTEXT() REPRESENTATION_CONTEXT('2D SPACE',''
  ) );
#1939 = PCURVE('',#1940,#1945);
#1940 = PLANE('',#1941);
#1941 = AXIS2_PLACEMENT_3D('',#1942,#1943,#1944);
#1942 = CARTESIAN_POINT('',(2.1,-1.625,0.));
#1943 = DIRECTION('',(0.,1.,0.));
#1944 = DIRECTION('',(1.,0.,0.));
#1945 = DEFINITIONAL_REPRESENTATION('',(#1946),#1949);
#1946 = B_SPLINE_CURVE_WITH_KNOTS('',1,(#1947,#1948),.UNSPECIFIED.,.F.,
  .F.,(2,2),(-1.45,-1.05),.PIECEWISE_BEZIER_KNOTS.);
#1947 = CARTESIAN_POINT('',(0.4,-2.E-02));
#1948 = CARTESIAN_POINT('',(0.,-2.E-02));
#1949 = ( GEOMETRIC_REPRESENTATION_CONTEXT(2) 
PARAMETRIC_REPRESENTATION_CONTEXT() REPRESENTATION_CONTEXT('2D SPACE',''
  ) );
#1950 = ORIENTED_EDGE('',*,*,#1951,.T.);
#1951 = EDGE_CURVE('',#1926,#1952,#1954,.T.);
#1952 = VERTEX_POINT('',#1953);
#1953 = CARTESIAN_POINT('',(2.1,-1.375,2.E-02));
#1954 = SURFACE_CURVE('',#1955,(#1959,#1965),.PCURVE_S1.);
#1955 = LINE('',#1956,#1957);
#1956 = CARTESIAN_POINT('',(2.1,-0.6875,2.E-02));
#1957 = VECTOR('',#1958,1.);
#1958 = DIRECTION('',(-0.,1.,0.));
#1959 = PCURVE('',#182,#1960);
#1960 = DEFINITIONAL_REPRESENTATION('',(#1961),#1964);
#1961 = B_SPLINE_CURVE_WITH_KNOTS('',1,(#1962,#1963),.UNSPECIFIED.,.F.,
  .F.,(2,2),(-0.9375,-0.6875),.PIECEWISE_BEZIER_KNOTS.);
#1962 = CARTESIAN_POINT('',(2.1,-1.625));
#1963 = CARTESIAN_POINT('',(2.1,-1.375));
#1964 = ( GEOMETRIC_REPRESENTATION_CONTEXT(2) 
PARAMETRIC_REPRESENTATION_CONTEXT() REPRESENTATION_CONTEXT('2D SPACE',''
  ) );
#1965 = PCURVE('',#1966,#1971);
#1966 = PLANE('',#1967);
#1967 = AXIS2_PLACEMENT_3D('',#1968,#1969,#1970);
#1968 = CARTESIAN_POINT('',(2.1,-1.375,0.));
#1969 = DIRECTION('',(1.,0.,-0.));
#1970 = DIRECTION('',(0.,-1.,0.));
#1971 = DEFINITIONAL_REPRESENTATION('',(#1972),#1975);
#1972 = B_SPLINE_CURVE_WITH_KNOTS('',1,(#1973,#1974),.UNSPECIFIED.,.F.,
  .F.,(2,2),(-0.9375,-0.6875),.PIECEWISE_BEZIER_KNOTS.);
#1973 = CARTESIAN_POINT('',(0.25,-2.E-02));
#1974 = CARTESIAN_POINT('',(0.,-2.E-02));
#1975 = ( GEOMETRIC_REPRESENTATION_CONTEXT(2) 
PARAMETRIC_REPRESENTATION_CONTEXT() REPRESENTATION_CONTEXT('2D SPACE',''
  ) );
#1976 = ORIENTED_EDGE('',*,*,#1977,.T.);
#1977 = EDGE_CURVE('',#1952,#1978,#1980,.T.);
#1978 = VERTEX_POINT('',#1979);
#1979 = CARTESIAN_POINT('',(2.5,-1.375,2.E-02));
#1980 = SURFACE_CURVE('',#1981,(#1985,#1991),.PCURVE_S1.);
#1981 = LINE('',#1982,#1983);
#1982 = CARTESIAN_POINT('',(1.25,-1.375,2.E-02));
#1983 = VECTOR('',#1984,1.);
#1984 = DIRECTION('',(1.,0.,-0.));
#1985 = PCURVE('',#182,#1986);
#1986 = DEFINITIONAL_REPRESENTATION('',(#1987),#1990);
#1987 = B_SPLINE_CURVE_WITH_KNOTS('',1,(#1988,#1989),.UNSPECIFIED.,.F.,
  .F.,(2,2),(0.85,1.25),.PIECEWISE_BEZIER_KNOTS.);
#1988 = CARTESIAN_POINT('',(2.1,-1.375));
#1989 = CARTESIAN_POINT('',(2.5,-1.375));
#1990 = ( GEOMETRIC_REPRESENTATION_CONTEXT(2) 
PARAMETRIC_REPRESENTATION_CONTEXT() REPRESENTATION_CONTEXT('2D SPACE',''
  ) );
#1991 = PCURVE('',#1992,#1997);
#1992 = PLANE('',#1993);
#1993 = AXIS2_PLACEMENT_3D('',#1994,#1995,#1996);
#1994 = CARTESIAN_POINT('',(2.5,-1.375,0.));
#1995 = DIRECTION('',(0.,-1.,0.));
#1996 = DIRECTION('',(-1.,0.,0.));
#1997 = DEFINITIONAL_REPRESENTATION('',(#1998),#2001);
#1998 = B_SPLINE_CURVE_WITH_KNOTS('',1,(#1999,#2000),.UNSPECIFIED.,.F.,
  .F.,(2,2),(0.85,1.25),.PIECEWISE_BEZIER_KNOTS.);
#1999 = CARTESIAN_POINT('',(0.4,-2.E-02));
#2000 = CARTESIAN_POINT('',(0.,-2.E-02));
#2001 = ( GEOMETRIC_REPRESENTATION_CONTEXT(2) 
PARAMETRIC_REPRESENTATION_CONTEXT() REPRESENTATION_CONTEXT('2D SPACE',''
  ) );
#2002 = ORIENTED_EDGE('',*,*,#2003,.T.);
#2003 = EDGE_CURVE('',#1978,#2004,#2006,.T.);
#2004 = VERTEX_POINT('',#2005);
#2005 = CARTESIAN_POINT('',(2.5,-1.125,2.E-02));
#2006 = SURFACE_CURVE('',#2007,(#2011,#2018),.PCURVE_S1.);
#2007 = LINE('',#2008,#2009);
#2008 = CARTESIAN_POINT('',(2.5,-2.5,2.E-02));
#2009 = VECTOR('',#2010,1.);
#2010 = DIRECTION('',(0.,1.,0.));
#2011 = PCURVE('',#182,#2012);
#2012 = DEFINITIONAL_REPRESENTATION('',(#2013),#2017);
#2013 = LINE('',#2014,#2015);
#2014 = CARTESIAN_POINT('',(2.5,-2.5));
#2015 = VECTOR('',#2016,1.);
#2016 = DIRECTION('',(0.,1.));
#2017 = ( GEOMETRIC_REPRESENTATION_CONTEXT(2) 
PARAMETRIC_REPRESENTATION_CONTEXT() REPRESENTATION_CONTEXT('2D SPACE',''
  ) );
#2018 = PCURVE('',#266,#2019);
#2019 = DEFINITIONAL_REPRESENTATION('',(#2020),#2024);
#2020 = LINE('',#2021,#2022);
#2021 = CARTESIAN_POINT('',(0.,0.));
#2022 = VECTOR('',#2023,1.);
#2023 = DIRECTION('',(1.,0.));
#2024 = ( GEOMETRIC_REPRESENTATION_CONTEXT(2) 
PARAMETRIC_REPRESENTATION_CONTEXT() REPRESENTATION_CONTEXT('2D SPACE',''
  ) );
#2025 = ORIENTED_EDGE('',*,*,#2026,.T.);
#2026 = EDGE_CURVE('',#2004,#2027,#2029,.T.);
#2027 = VERTEX_POINT('',#2028);
#2028 = CARTESIAN_POINT('',(2.1,-1.125,2.E-02));
#2029 = SURFACE_CURVE('',#2030,(#2034,#2040),.PCURVE_S1.);
#2030 = LINE('',#2031,#2032);
#2031 = CARTESIAN_POINT('',(1.05,-1.125,2.E-02));
#2032 = VECTOR('',#2033,1.);
#2033 = DIRECTION('',(-1.,0.,0.));
#2034 = PCURVE('',#182,#2035);
#2035 = DEFINITIONAL_REPRESENTATION('',(#2036),#2039);
#2036 = B_SPLINE_CURVE_WITH_KNOTS('',1,(#2037,#2038),.UNSPECIFIED.,.F.,
  .F.,(2,2),(-1.45,-1.05),.PIECEWISE_BEZIER_KNOTS.);
#2037 = CARTESIAN_POINT('',(2.5,-1.125));
#2038 = CARTESIAN_POINT('',(2.1,-1.125));
#2039 = ( GEOMETRIC_REPRESENTATION_CONTEXT(2) 
PARAMETRIC_REPRESENTATION_CONTEXT() REPRESENTATION_CONTEXT('2D SPACE',''
  ) );
#2040 = PCURVE('',#2041,#2046);
#2041 = PLANE('',#2042);
#2042 = AXIS2_PLACEMENT_3D('',#2043,#2044,#2045);
#2043 = CARTESIAN_POINT('',(2.1,-1.125,0.));
#2044 = DIRECTION('',(0.,1.,0.));
#2045 = DIRECTION('',(1.,0.,0.));
#2046 = DEFINITIONAL_REPRESENTATION('',(#2047),#2050);
#2047 = B_SPLINE_CURVE_WITH_KNOTS('',1,(#2048,#2049),.UNSPECIFIED.,.F.,
  .F.,(2,2),(-1.45,-1.05),.PIECEWISE_BEZIER_KNOTS.);
#2048 = CARTESIAN_POINT('',(0.4,-2.E-02));
#2049 = CARTESIAN_POINT('',(0.,-2.E-02));
#2050 = ( GEOMETRIC_REPRESENTATION_CONTEXT(2) 
PARAMETRIC_REPRESENTATION_CONTEXT() REPRESENTATION_CONTEXT('2D SPACE',''
  ) );
#2051 = ORIENTED_EDGE('',*,*,#2052,.T.);
#2052 = EDGE_CURVE('',#2027,#2053,#2055,.T.);
#2053 = VERTEX_POINT('',#2054);
#2054 = CARTESIAN_POINT('',(2.1,-0.875,2.E-02));
#2055 = SURFACE_CURVE('',#2056,(#2060,#2066),.PCURVE_S1.);
#2056 = LINE('',#2057,#2058);
#2057 = CARTESIAN_POINT('',(2.1,-0.4375,2.E-02));
#2058 = VECTOR('',#2059,1.);
#2059 = DIRECTION('',(-0.,1.,0.));
#2060 = PCURVE('',#182,#2061);
#2061 = DEFINITIONAL_REPRESENTATION('',(#2062),#2065);
#2062 = B_SPLINE_CURVE_WITH_KNOTS('',1,(#2063,#2064),.UNSPECIFIED.,.F.,
  .F.,(2,2),(-0.6875,-0.4375),.PIECEWISE_BEZIER_KNOTS.);
#2063 = CARTESIAN_POINT('',(2.1,-1.125));
#2064 = CARTESIAN_POINT('',(2.1,-0.875));
#2065 = ( GEOMETRIC_REPRESENTATION_CONTEXT(2) 
PARAMETRIC_REPRESENTATION_CONTEXT() REPRESENTATION_CONTEXT('2D SPACE',''
  ) );
#2066 = PCURVE('',#2067,#2072);
#2067 = PLANE('',#2068);
#2068 = AXIS2_PLACEMENT_3D('',#2069,#2070,#2071);
#2069 = CARTESIAN_POINT('',(2.1,-0.875,0.));
#2070 = DIRECTION('',(1.,0.,-0.));
#2071 = DIRECTION('',(0.,-1.,0.));
#2072 = DEFINITIONAL_REPRESENTATION('',(#2073),#2076);
#2073 = B_SPLINE_CURVE_WITH_KNOTS('',1,(#2074,#2075),.UNSPECIFIED.,.F.,
  .F.,(2,2),(-0.6875,-0.4375),.PIECEWISE_BEZIER_KNOTS.);
#2074 = CARTESIAN_POINT('',(0.25,-2.E-02));
#2075 = CARTESIAN_POINT('',(0.,-2.E-02));
#2076 = ( GEOMETRIC_REPRESENTATION_CONTEXT(2) 
PARAMETRIC_REPRESENTATION_CONTEXT() REPRESENTATION_CONTEXT('2D SPACE',''
  ) );
#2077 = ORIENTED_EDGE('',*,*,#2078,.T.);
#2078 = EDGE_CURVE('',#2053,#2079,#2081,.T.);
#2079 = VERTEX_POINT('',#2080);
#2080 = CARTESIAN_POINT('',(2.5,-0.875,2.E-02));
#2081 = SURFACE_CURVE('',#2082,(#2086,#2092),.PCURVE_S1.);
#2082 = LINE('',#2083,#2084);
#2083 = CARTESIAN_POINT('',(1.25,-0.875,2.E-02));
#2084 = VECTOR('',#2085,1.);
#2085 = DIRECTION('',(1.,0.,-0.));
#2086 = PCURVE('',#182,#2087);
#2087 = DEFINITIONAL_REPRESENTATION('',(#2088),#2091);
#2088 = B_SPLINE_CURVE_WITH_KNOTS('',1,(#2089,#2090),.UNSPECIFIED.,.F.,
  .F.,(2,2),(0.85,1.25),.PIECEWISE_BEZIER_KNOTS.);
#2089 = CARTESIAN_POINT('',(2.1,-0.875));
#2090 = CARTESIAN_POINT('',(2.5,-0.875));
#2091 = ( GEOMETRIC_REPRESENTATION_CONTEXT(2) 
PARAMETRIC_REPRESENTATION_CONTEXT() REPRESENTATION_CONTEXT('2D SPACE',''
  ) );
#2092 = PCURVE('',#2093,#2098);
#2093 = PLANE('',#2094);
#2094 = AXIS2_PLACEMENT_3D('',#2095,#2096,#2097);
#2095 = CARTESIAN_POINT('',(2.5,-0.875,0.));
#2096 = DIRECTION('',(0.,-1.,0.));
#2097 = DIRECTION('',(-1.,0.,0.));
#2098 = DEFINITIONAL_REPRESENTATION('',(#2099),#2102);
#2099 = B_SPLINE_CURVE_WITH_KNOTS('',1,(#2100,#2101),.UNSPECIFIED.,.F.,
  .F.,(2,2),(0.85,1.25),.PIECEWISE_BEZIER_KNOTS.);
#2100 = CARTESIAN_POINT('',(0.4,-2.E-02));
#2101 = CARTESIAN_POINT('',(0.,-2.E-02));
#2102 = ( GEOMETRIC_REPRESENTATION_CONTEXT(2) 
PARAMETRIC_REPRESENTATION_CONTEXT() REPRESENTATION_CONTEXT('2D SPACE',''
  ) );
#2103 = ORIENTED_EDGE('',*,*,#2104,.T.);
#2104 = EDGE_CURVE('',#2079,#2105,#2107,.T.);
#2105 = VERTEX_POINT('',#2106);
#2106 = CARTESIAN_POINT('',(2.5,-0.625,2.E-02));
#2107 = SURFACE_CURVE('',#2108,(#2112,#2119),.PCURVE_S1.);
#2108 = LINE('',#2109,#2110);
#2109 = CARTESIAN_POINT('',(2.5,-2.5,2.E-02));
#2110 = VECTOR('',#2111,1.);
#2111 = DIRECTION('',(0.,1.,0.));
#2112 = PCURVE('',#182,#2113);
#2113 = DEFINITIONAL_REPRESENTATION('',(#2114),#2118);
#2114 = LINE('',#2115,#2116);
#2115 = CARTESIAN_POINT('',(2.5,-2.5));
#2116 = VECTOR('',#2117,1.);
#2117 = DIRECTION('',(0.,1.));
#2118 = ( GEOMETRIC_REPRESENTATION_CONTEXT(2) 
PARAMETRIC_REPRESENTATION_CONTEXT() REPRESENTATION_CONTEXT('2D SPACE',''
  ) );
#2119 = PCURVE('',#266,#2120);
#2120 = DEFINITIONAL_REPRESENTATION('',(#2121),#2125);
#2121 = LINE('',#2122,#2123);
#2122 = CARTESIAN_POINT('',(0.,0.));
#2123 = VECTOR('',#2124,1.);
#2124 = DIRECTION('',(1.,0.));
#2125 = ( GEOMETRIC_REPRESENTATION_CONTEXT(2) 
PARAMETRIC_REPRESENTATION_CONTEXT() REPRESENTATION_CONTEXT('2D SPACE',''
  ) );
#2126 = ORIENTED_EDGE('',*,*,#2127,.T.);
#2127 = EDGE_CURVE('',#2105,#2128,#2130,.T.);
#2128 = VERTEX_POINT('',#2129);
#2129 = CARTESIAN_POINT('',(2.1,-0.625,2.E-02));
#2130 = SURFACE_CURVE('',#2131,(#2135,#2141),.PCURVE_S1.);
#2131 = LINE('',#2132,#2133);
#2132 = CARTESIAN_POINT('',(1.05,-0.625,2.E-02));
#2133 = VECTOR('',#2134,1.);
#2134 = DIRECTION('',(-1.,0.,0.));
#2135 = PCURVE('',#182,#2136);
#2136 = DEFINITIONAL_REPRESENTATION('',(#2137),#2140);
#2137 = B_SPLINE_CURVE_WITH_KNOTS('',1,(#2138,#2139),.UNSPECIFIED.,.F.,
  .F.,(2,2),(-1.45,-1.05),.PIECEWISE_BEZIER_KNOTS.);
#2138 = CARTESIAN_POINT('',(2.5,-0.625));
#2139 = CARTESIAN_POINT('',(2.1,-0.625));
#2140 = ( GEOMETRIC_REPRESENTATION_CONTEXT(2) 
PARAMETRIC_REPRESENTATION_CONTEXT() REPRESENTATION_CONTEXT('2D SPACE',''
  ) );
#2141 = PCURVE('',#2142,#2147);
#2142 = PLANE('',#2143);
#2143 = AXIS2_PLACEMENT_3D('',#2144,#2145,#2146);
#2144 = CARTESIAN_POINT('',(2.1,-0.625,0.));
#2145 = DIRECTION('',(0.,1.,0.));
#2146 = DIRECTION('',(1.,0.,0.));
#2147 = DEFINITIONAL_REPRESENTATION('',(#2148),#2151);
#2148 = B_SPLINE_CURVE_WITH_KNOTS('',1,(#2149,#2150),.UNSPECIFIED.,.F.,
  .F.,(2,2),(-1.45,-1.05),.PIECEWISE_BEZIER_KNOTS.);
#2149 = CARTESIAN_POINT('',(0.4,-2.E-02));
#2150 = CARTESIAN_POINT('',(0.,-2.E-02));
#2151 = ( GEOMETRIC_REPRESENTATION_CONTEXT(2) 
PARAMETRIC_REPRESENTATION_CONTEXT() REPRESENTATION_CONTEXT('2D SPACE',''
  ) );
#2152 = ORIENTED_EDGE('',*,*,#2153,.T.);
#2153 = EDGE_CURVE('',#2128,#2154,#2156,.T.);
#2154 = VERTEX_POINT('',#2155);
#2155 = CARTESIAN_POINT('',(2.1,-0.375,2.E-02));
#2156 = SURFACE_CURVE('',#2157,(#2161,#2167),.PCURVE_S1.);
#2157 = LINE('',#2158,#2159);
#2158 = CARTESIAN_POINT('',(2.1,-0.1875,2.E-02));
#2159 = VECTOR('',#2160,1.);
#2160 = DIRECTION('',(-0.,1.,0.));
#2161 = PCURVE('',#182,#2162);
#2162 = DEFINITIONAL_REPRESENTATION('',(#2163),#2166);
#2163 = B_SPLINE_CURVE_WITH_KNOTS('',1,(#2164,#2165),.UNSPECIFIED.,.F.,
  .F.,(2,2),(-0.4375,-0.1875),.PIECEWISE_BEZIER_KNOTS.);
#2164 = CARTESIAN_POINT('',(2.1,-0.625));
#2165 = CARTESIAN_POINT('',(2.1,-0.375));
#2166 = ( GEOMETRIC_REPRESENTATION_CONTEXT(2) 
PARAMETRIC_REPRESENTATION_CONTEXT() REPRESENTATION_CONTEXT('2D SPACE',''
  ) );
#2167 = PCURVE('',#2168,#2173);
#2168 = PLANE('',#2169);
#2169 = AXIS2_PLACEMENT_3D('',#2170,#2171,#2172);
#2170 = CARTESIAN_POINT('',(2.1,-0.375,0.));
#2171 = DIRECTION('',(1.,0.,-0.));
#2172 = DIRECTION('',(0.,-1.,0.));
#2173 = DEFINITIONAL_REPRESENTATION('',(#2174),#2177);
#2174 = B_SPLINE_CURVE_WITH_KNOTS('',1,(#2175,#2176),.UNSPECIFIED.,.F.,
  .F.,(2,2),(-0.4375,-0.1875),.PIECEWISE_BEZIER_KNOTS.);
#2175 = CARTESIAN_POINT('',(0.25,-2.E-02));
#2176 = CARTESIAN_POINT('',(0.,-2.E-02));
#2177 = ( GEOMETRIC_REPRESENTATION_CONTEXT(2) 
PARAMETRIC_REPRESENTATION_CONTEXT() REPRESENTATION_CONTEXT('2D SPACE',''
  ) );
#2178 = ORIENTED_EDGE('',*,*,#2179,.T.);
#2179 = EDGE_CURVE('',#2154,#2180,#2182,.T.);
#2180 = VERTEX_POINT('',#2181);
#2181 = CARTESIAN_POINT('',(2.5,-0.375,2.E-02));
#2182 = SURFACE_CURVE('',#2183,(#2187,#2193),.PCURVE_S1.);
#2183 = LINE('',#2184,#2185);
#2184 = CARTESIAN_POINT('',(1.25,-0.375,2.E-02));
#2185 = VECTOR('',#2186,1.);
#2186 = DIRECTION('',(1.,0.,-0.));
#2187 = PCURVE('',#182,#2188);
#2188 = DEFINITIONAL_REPRESENTATION('',(#2189),#2192);
#2189 = B_SPLINE_CURVE_WITH_KNOTS('',1,(#2190,#2191),.UNSPECIFIED.,.F.,
  .F.,(2,2),(0.85,1.25),.PIECEWISE_BEZIER_KNOTS.);
#2190 = CARTESIAN_POINT('',(2.1,-0.375));
#2191 = CARTESIAN_POINT('',(2.5,-0.375));
#2192 = ( GEOMETRIC_REPRESENTATION_CONTEXT(2) 
PARAMETRIC_REPRESENTATION_CONTEXT() REPRESENTATION_CONTEXT('2D SPACE',''
  ) );
#2193 = PCURVE('',#2194,#2199);
#2194 = PLANE('',#2195);
#2195 = AXIS2_PLACEMENT_3D('',#2196,#2197,#2198);
#2196 = CARTESIAN_POINT('',(2.5,-0.375,0.));
#2197 = DIRECTION('',(0.,-1.,0.));
#2198 = DIRECTION('',(-1.,0.,0.));
#2199 = DEFINITIONAL_REPRESENTATION('',(#2200),#2203);
#2200 = B_SPLINE_CURVE_WITH_KNOTS('',1,(#2201,#2202),.UNSPECIFIED.,.F.,
  .F.,(2,2),(0.85,1.25),.PIECEWISE_BEZIER_KNOTS.);
#2201 = CARTESIAN_POINT('',(0.4,-2.E-02));
#2202 = CARTESIAN_POINT('',(0.,-2.E-02));
#2203 = ( GEOMETRIC_REPRESENTATION_CONTEXT(2) 
PARAMETRIC_REPRESENTATION_CONTEXT() REPRESENTATION_CONTEXT('2D SPACE',''
  ) );
#2204 = ORIENTED_EDGE('',*,*,#2205,.T.);
#2205 = EDGE_CURVE('',#2180,#2206,#2208,.T.);
#2206 = VERTEX_POINT('',#2207);
#2207 = CARTESIAN_POINT('',(2.5,-0.125,2.E-02));
#2208 = SURFACE_CURVE('',#2209,(#2213,#2220),.PCURVE_S1.);
#2209 = LINE('',#2210,#2211);
#2210 = CARTESIAN_POINT('',(2.5,-2.5,2.E-02));
#2211 = VECTOR('',#2212,1.);
#2212 = DIRECTION('',(0.,1.,0.));
#2213 = PCURVE('',#182,#2214);
#2214 = DEFINITIONAL_REPRESENTATION('',(#2215),#2219);
#2215 = LINE('',#2216,#2217);
#2216 = CARTESIAN_POINT('',(2.5,-2.5));
#2217 = VECTOR('',#2218,1.);
#2218 = DIRECTION('',(0.,1.));
#2219 = ( GEOMETRIC_REPRESENTATION_CONTEXT(2) 
PARAMETRIC_REPRESENTATION_CONTEXT() REPRESENTATION_CONTEXT('2D SPACE',''
  ) );
#2220 = PCURVE('',#266,#2221);
#2221 = DEFINITIONAL_REPRESENTATION('',(#2222),#2226);
#2222 = LINE('',#2223,#2224);
#2223 = CARTESIAN_POINT('',(0.,0.));
#2224 = VECTOR('',#2225,1.);
#2225 = DIRECTION('',(1.,0.));
#2226 = ( GEOMETRIC_REPRESENTATION_CONTEXT(2) 
PARAMETRIC_REPRESENTATION_CONTEXT() REPRESENTATION_CONTEXT('2D SPACE',''
  ) );
#2227 = ORIENTED_EDGE('',*,*,#2228,.T.);
#2228 = EDGE_CURVE('',#2206,#2229,#2231,.T.);
#2229 = VERTEX_POINT('',#2230);
#2230 = CARTESIAN_POINT('',(2.1,-0.125,2.E-02));
#2231 = SURFACE_CURVE('',#2232,(#2236,#2242),.PCURVE_S1.);
#2232 = LINE('',#2233,#2234);
#2233 = CARTESIAN_POINT('',(1.05,-0.125,2.E-02));
#2234 = VECTOR('',#2235,1.);
#2235 = DIRECTION('',(-1.,0.,0.));
#2236 = PCURVE('',#182,#2237);
#2237 = DEFINITIONAL_REPRESENTATION('',(#2238),#2241);
#2238 = B_SPLINE_CURVE_WITH_KNOTS('',1,(#2239,#2240),.UNSPECIFIED.,.F.,
  .F.,(2,2),(-1.45,-1.05),.PIECEWISE_BEZIER_KNOTS.);
#2239 = CARTESIAN_POINT('',(2.5,-0.125));
#2240 = CARTESIAN_POINT('',(2.1,-0.125));
#2241 = ( GEOMETRIC_REPRESENTATION_CONTEXT(2) 
PARAMETRIC_REPRESENTATION_CONTEXT() REPRESENTATION_CONTEXT('2D SPACE',''
  ) );
#2242 = PCURVE('',#2243,#2248);
#2243 = PLANE('',#2244);
#2244 = AXIS2_PLACEMENT_3D('',#2245,#2246,#2247);
#2245 = CARTESIAN_POINT('',(2.1,-0.125,0.));
#2246 = DIRECTION('',(0.,1.,0.));
#2247 = DIRECTION('',(1.,0.,0.));
#2248 = DEFINITIONAL_REPRESENTATION('',(#2249),#2252);
#2249 = B_SPLINE_CURVE_WITH_KNOTS('',1,(#2250,#2251),.UNSPECIFIED.,.F.,
  .F.,(2,2),(-1.45,-1.05),.PIECEWISE_BEZIER_KNOTS.);
#2250 = CARTESIAN_POINT('',(0.4,-2.E-02));
#2251 = CARTESIAN_POINT('',(0.,-2.E-02));
#2252 = ( GEOMETRIC_REPRESENTATION_CONTEXT(2) 
PARAMETRIC_REPRESENTATION_CONTEXT() REPRESENTATION_CONTEXT('2D SPACE',''
  ) );
#2253 = ORIENTED_EDGE('',*,*,#2254,.T.);
#2254 = EDGE_CURVE('',#2229,#2255,#2257,.T.);
#2255 = VERTEX_POINT('',#2256);
#2256 = CARTESIAN_POINT('',(2.1,0.125,2.E-02));
#2257 = SURFACE_CURVE('',#2258,(#2262,#2268),.PCURVE_S1.);
#2258 = LINE('',#2259,#2260);
#2259 = CARTESIAN_POINT('',(2.1,6.25E-02,2.E-02));
#2260 = VECTOR('',#2261,1.);
#2261 = DIRECTION('',(-0.,1.,0.));
#2262 = PCURVE('',#182,#2263);
#2263 = DEFINITIONAL_REPRESENTATION('',(#2264),#2267);
#2264 = B_SPLINE_CURVE_WITH_KNOTS('',1,(#2265,#2266),.UNSPECIFIED.,.F.,
  .F.,(2,2),(-0.1875,6.25E-02),.PIECEWISE_BEZIER_KNOTS.);
#2265 = CARTESIAN_POINT('',(2.1,-0.125));
#2266 = CARTESIAN_POINT('',(2.1,0.125));
#2267 = ( GEOMETRIC_REPRESENTATION_CONTEXT(2) 
PARAMETRIC_REPRESENTATION_CONTEXT() REPRESENTATION_CONTEXT('2D SPACE',''
  ) );
#2268 = PCURVE('',#2269,#2274);
#2269 = PLANE('',#2270);
#2270 = AXIS2_PLACEMENT_3D('',#2271,#2272,#2273);
#2271 = CARTESIAN_POINT('',(2.1,0.125,0.));
#2272 = DIRECTION('',(1.,0.,-0.));
#2273 = DIRECTION('',(0.,-1.,0.));
#2274 = DEFINITIONAL_REPRESENTATION('',(#2275),#2278);
#2275 = B_SPLINE_CURVE_WITH_KNOTS('',1,(#2276,#2277),.UNSPECIFIED.,.F.,
  .F.,(2,2),(-0.1875,6.25E-02),.PIECEWISE_BEZIER_KNOTS.);
#2276 = CARTESIAN_POINT('',(0.25,-2.E-02));
#2277 = CARTESIAN_POINT('',(0.,-2.E-02));
#2278 = ( GEOMETRIC_REPRESENTATION_CONTEXT(2) 
PARAMETRIC_REPRESENTATION_CONTEXT() REPRESENTATION_CONTEXT('2D SPACE',''
  ) );
#2279 = ORIENTED_EDGE('',*,*,#2280,.T.);
#2280 = EDGE_CURVE('',#2255,#2281,#2283,.T.);
#2281 = VERTEX_POINT('',#2282);
#2282 = CARTESIAN_POINT('',(2.5,0.125,2.E-02));
#2283 = SURFACE_CURVE('',#2284,(#2288,#2294),.PCURVE_S1.);
#2284 = LINE('',#2285,#2286);
#2285 = CARTESIAN_POINT('',(1.25,0.125,2.E-02));
#2286 = VECTOR('',#2287,1.);
#2287 = DIRECTION('',(1.,0.,-0.));
#2288 = PCURVE('',#182,#2289);
#2289 = DEFINITIONAL_REPRESENTATION('',(#2290),#2293);
#2290 = B_SPLINE_CURVE_WITH_KNOTS('',1,(#2291,#2292),.UNSPECIFIED.,.F.,
  .F.,(2,2),(0.85,1.25),.PIECEWISE_BEZIER_KNOTS.);
#2291 = CARTESIAN_POINT('',(2.1,0.125));
#2292 = CARTESIAN_POINT('',(2.5,0.125));
#2293 = ( GEOMETRIC_REPRESENTATION_CONTEXT(2) 
PARAMETRIC_REPRESENTATION_CONTEXT() REPRESENTATION_CONTEXT('2D SPACE',''
  ) );
#2294 = PCURVE('',#2295,#2300);
#2295 = PLANE('',#2296);
#2296 = AXIS2_PLACEMENT_3D('',#2297,#2298,#2299);
#2297 = CARTESIAN_POINT('',(2.5,0.125,0.));
#2298 = DIRECTION('',(0.,-1.,0.));
#2299 = DIRECTION('',(-1.,0.,0.));
#2300 = DEFINITIONAL_REPRESENTATION('',(#2301),#2304);
#2301 = B_SPLINE_CURVE_WITH_KNOTS('',1,(#2302,#2303),.UNSPECIFIED.,.F.,
  .F.,(2,2),(0.85,1.25),.PIECEWISE_BEZIER_KNOTS.);
#2302 = CARTESIAN_POINT('',(0.4,-2.E-02));
#2303 = CARTESIAN_POINT('',(0.,-2.E-02));
#2304 = ( GEOMETRIC_REPRESENTATION_CONTEXT(2) 
PARAMETRIC_REPRESENTATION_CONTEXT() REPRESENTATION_CONTEXT('2D SPACE',''
  ) );
#2305 = ORIENTED_EDGE('',*,*,#2306,.T.);
#2306 = EDGE_CURVE('',#2281,#2307,#2309,.T.);
#2307 = VERTEX_POINT('',#2308);
#2308 = CARTESIAN_POINT('',(2.5,0.375,2.E-02));
#2309 = SURFACE_CURVE('',#2310,(#2314,#2321),.PCURVE_S1.);
#2310 = LINE('',#2311,#2312);
#2311 = CARTESIAN_POINT('',(2.5,-2.5,2.E-02));
#2312 = VECTOR('',#2313,1.);
#2313 = DIRECTION('',(0.,1.,0.));
#2314 = PCURVE('',#182,#2315);
#2315 = DEFINITIONAL_REPRESENTATION('',(#2316),#2320);
#2316 = LINE('',#2317,#2318);
#2317 = CARTESIAN_POINT('',(2.5,-2.5));
#2318 = VECTOR('',#2319,1.);
#2319 = DIRECTION('',(0.,1.));
#2320 = ( GEOMETRIC_REPRESENTATION_CONTEXT(2) 
PARAMETRIC_REPRESENTATION_CONTEXT() REPRESENTATION_CONTEXT('2D SPACE',''
  ) );
#2321 = PCURVE('',#266,#2322);
#2322 = DEFINITIONAL_REPRESENTATION('',(#2323),#2327);
#2323 = LINE('',#2324,#2325);
#2324 = CARTESIAN_POINT('',(0.,0.));
#2325 = VECTOR('',#2326,1.);
#2326 = DIRECTION('',(1.,0.));
#2327 = ( GEOMETRIC_REPRESENTATION_CONTEXT(2) 
PARAMETRIC_REPRESENTATION_CONTEXT() REPRESENTATION_CONTEXT('2D SPACE',''
  ) );
#2328 = ORIENTED_EDGE('',*,*,#2329,.T.);
#2329 = EDGE_CURVE('',#2307,#2330,#2332,.T.);
#2330 = VERTEX_POINT('',#2331);
#2331 = CARTESIAN_POINT('',(2.1,0.375,2.E-02));
#2332 = SURFACE_CURVE('',#2333,(#2337,#2343),.PCURVE_S1.);
#2333 = LINE('',#2334,#2335);
#2334 = CARTESIAN_POINT('',(1.05,0.375,2.E-02));
#2335 = VECTOR('',#2336,1.);
#2336 = DIRECTION('',(-1.,0.,0.));
#2337 = PCURVE('',#182,#2338);
#2338 = DEFINITIONAL_REPRESENTATION('',(#2339),#2342);
#2339 = B_SPLINE_CURVE_WITH_KNOTS('',1,(#2340,#2341),.UNSPECIFIED.,.F.,
  .F.,(2,2),(-1.45,-1.05),.PIECEWISE_BEZIER_KNOTS.);
#2340 = CARTESIAN_POINT('',(2.5,0.375));
#2341 = CARTESIAN_POINT('',(2.1,0.375));
#2342 = ( GEOMETRIC_REPRESENTATION_CONTEXT(2) 
PARAMETRIC_REPRESENTATION_CONTEXT() REPRESENTATION_CONTEXT('2D SPACE',''
  ) );
#2343 = PCURVE('',#2344,#2349);
#2344 = PLANE('',#2345);
#2345 = AXIS2_PLACEMENT_3D('',#2346,#2347,#2348);
#2346 = CARTESIAN_POINT('',(2.1,0.375,0.));
#2347 = DIRECTION('',(0.,1.,0.));
#2348 = DIRECTION('',(1.,0.,0.));
#2349 = DEFINITIONAL_REPRESENTATION('',(#2350),#2353);
#2350 = B_SPLINE_CURVE_WITH_KNOTS('',1,(#2351,#2352),.UNSPECIFIED.,.F.,
  .F.,(2,2),(-1.45,-1.05),.PIECEWISE_BEZIER_KNOTS.);
#2351 = CARTESIAN_POINT('',(0.4,-2.E-02));
#2352 = CARTESIAN_POINT('',(0.,-2.E-02));
#2353 = ( GEOMETRIC_REPRESENTATION_CONTEXT(2) 
PARAMETRIC_REPRESENTATION_CONTEXT() REPRESENTATION_CONTEXT('2D SPACE',''
  ) );
#2354 = ORIENTED_EDGE('',*,*,#2355,.T.);
#2355 = EDGE_CURVE('',#2330,#2356,#2358,.T.);
#2356 = VERTEX_POINT('',#2357);
#2357 = CARTESIAN_POINT('',(2.1,0.625,2.E-02));
#2358 = SURFACE_CURVE('',#2359,(#2363,#2369),.PCURVE_S1.);
#2359 = LINE('',#2360,#2361);
#2360 = CARTESIAN_POINT('',(2.1,0.3125,2.E-02));
#2361 = VECTOR('',#2362,1.);
#2362 = DIRECTION('',(-0.,1.,0.));
#2363 = PCURVE('',#182,#2364);
#2364 = DEFINITIONAL_REPRESENTATION('',(#2365),#2368);
#2365 = B_SPLINE_CURVE_WITH_KNOTS('',1,(#2366,#2367),.UNSPECIFIED.,.F.,
  .F.,(2,2),(6.25E-02,0.3125),.PIECEWISE_BEZIER_KNOTS.);
#2366 = CARTESIAN_POINT('',(2.1,0.375));
#2367 = CARTESIAN_POINT('',(2.1,0.625));
#2368 = ( GEOMETRIC_REPRESENTATION_CONTEXT(2) 
PARAMETRIC_REPRESENTATION_CONTEXT() REPRESENTATION_CONTEXT('2D SPACE',''
  ) );
#2369 = PCURVE('',#2370,#2375);
#2370 = PLANE('',#2371);
#2371 = AXIS2_PLACEMENT_3D('',#2372,#2373,#2374);
#2372 = CARTESIAN_POINT('',(2.1,0.625,0.));
#2373 = DIRECTION('',(1.,0.,-0.));
#2374 = DIRECTION('',(0.,-1.,0.));
#2375 = DEFINITIONAL_REPRESENTATION('',(#2376),#2379);
#2376 = B_SPLINE_CURVE_WITH_KNOTS('',1,(#2377,#2378),.UNSPECIFIED.,.F.,
  .F.,(2,2),(6.25E-02,0.3125),.PIECEWISE_BEZIER_KNOTS.);
#2377 = CARTESIAN_POINT('',(0.25,-2.E-02));
#2378 = CARTESIAN_POINT('',(0.,-2.E-02));
#2379 = ( GEOMETRIC_REPRESENTATION_CONTEXT(2) 
PARAMETRIC_REPRESENTATION_CONTEXT() REPRESENTATION_CONTEXT('2D SPACE',''
  ) );
#2380 = ORIENTED_EDGE('',*,*,#2381,.T.);
#2381 = EDGE_CURVE('',#2356,#2382,#2384,.T.);
#2382 = VERTEX_POINT('',#2383);
#2383 = CARTESIAN_POINT('',(2.5,0.625,2.E-02));
#2384 = SURFACE_CURVE('',#2385,(#2389,#2395),.PCURVE_S1.);
#2385 = LINE('',#2386,#2387);
#2386 = CARTESIAN_POINT('',(1.25,0.625,2.E-02));
#2387 = VECTOR('',#2388,1.);
#2388 = DIRECTION('',(1.,0.,-0.));
#2389 = PCURVE('',#182,#2390);
#2390 = DEFINITIONAL_REPRESENTATION('',(#2391),#2394);
#2391 = B_SPLINE_CURVE_WITH_KNOTS('',1,(#2392,#2393),.UNSPECIFIED.,.F.,
  .F.,(2,2),(0.85,1.25),.PIECEWISE_BEZIER_KNOTS.);
#2392 = CARTESIAN_POINT('',(2.1,0.625));
#2393 = CARTESIAN_POINT('',(2.5,0.625));
#2394 = ( GEOMETRIC_REPRESENTATION_CONTEXT(2) 
PARAMETRIC_REPRESENTATION_CONTEXT() REPRESENTATION_CONTEXT('2D SPACE',''
  ) );
#2395 = PCURVE('',#2396,#2401);
#2396 = PLANE('',#2397);
#2397 = AXIS2_PLACEMENT_3D('',#2398,#2399,#2400);
#2398 = CARTESIAN_POINT('',(2.5,0.625,0.));
#2399 = DIRECTION('',(0.,-1.,0.));
#2400 = DIRECTION('',(-1.,0.,0.));
#2401 = DEFINITIONAL_REPRESENTATION('',(#2402),#2405);
#2402 = B_SPLINE_CURVE_WITH_KNOTS('',1,(#2403,#2404),.UNSPECIFIED.,.F.,
  .F.,(2,2),(0.85,1.25),.PIECEWISE_BEZIER_KNOTS.);
#2403 = CARTESIAN_POINT('',(0.4,-2.E-02));
#2404 = CARTESIAN_POINT('',(0.,-2.E-02));
#2405 = ( GEOMETRIC_REPRESENTATION_CONTEXT(2) 
PARAMETRIC_REPRESENTATION_CONTEXT() REPRESENTATION_CONTEXT('2D SPACE',''
  ) );
#2406 = ORIENTED_EDGE('',*,*,#2407,.T.);
#2407 = EDGE_CURVE('',#2382,#2408,#2410,.T.);
#2408 = VERTEX_POINT('',#2409);
#2409 = CARTESIAN_POINT('',(2.5,0.875,2.E-02));
#2410 = SURFACE_CURVE('',#2411,(#2415,#2422),.PCURVE_S1.);
#2411 = LINE('',#2412,#2413);
#2412 = CARTESIAN_POINT('',(2.5,-2.5,2.E-02));
#2413 = VECTOR('',#2414,1.);
#2414 = DIRECTION('',(0.,1.,0.));
#2415 = PCURVE('',#182,#2416);
#2416 = DEFINITIONAL_REPRESENTATION('',(#2417),#2421);
#2417 = LINE('',#2418,#2419);
#2418 = CARTESIAN_POINT('',(2.5,-2.5));
#2419 = VECTOR('',#2420,1.);
#2420 = DIRECTION('',(0.,1.));
#2421 = ( GEOMETRIC_REPRESENTATION_CONTEXT(2) 
PARAMETRIC_REPRESENTATION_CONTEXT() REPRESENTATION_CONTEXT('2D SPACE',''
  ) );
#2422 = PCURVE('',#266,#2423);
#2423 = DEFINITIONAL_REPRESENTATION('',(#2424),#2428);
#2424 = LINE('',#2425,#2426);
#2425 = CARTESIAN_POINT('',(0.,0.));
#2426 = VECTOR('',#2427,1.);
#2427 = DIRECTION('',(1.,0.));
#2428 = ( GEOMETRIC_REPRESENTATION_CONTEXT(2) 
PARAMETRIC_REPRESENTATION_CONTEXT() REPRESENTATION_CONTEXT('2D SPACE',''
  ) );
#2429 = ORIENTED_EDGE('',*,*,#2430,.T.);
#2430 = EDGE_CURVE('',#2408,#2431,#2433,.T.);
#2431 = VERTEX_POINT('',#2432);
#2432 = CARTESIAN_POINT('',(2.1,0.875,2.E-02));
#2433 = SURFACE_CURVE('',#2434,(#2438,#2444),.PCURVE_S1.);
#2434 = LINE('',#2435,#2436);
#2435 = CARTESIAN_POINT('',(1.05,0.875,2.E-02));
#2436 = VECTOR('',#2437,1.);
#2437 = DIRECTION('',(-1.,0.,0.));
#2438 = PCURVE('',#182,#2439);
#2439 = DEFINITIONAL_REPRESENTATION('',(#2440),#2443);
#2440 = B_SPLINE_CURVE_WITH_KNOTS('',1,(#2441,#2442),.UNSPECIFIED.,.F.,
  .F.,(2,2),(-1.45,-1.05),.PIECEWISE_BEZIER_KNOTS.);
#2441 = CARTESIAN_POINT('',(2.5,0.875));
#2442 = CARTESIAN_POINT('',(2.1,0.875));
#2443 = ( GEOMETRIC_REPRESENTATION_CONTEXT(2) 
PARAMETRIC_REPRESENTATION_CONTEXT() REPRESENTATION_CONTEXT('2D SPACE',''
  ) );
#2444 = PCURVE('',#2445,#2450);
#2445 = PLANE('',#2446);
#2446 = AXIS2_PLACEMENT_3D('',#2447,#2448,#2449);
#2447 = CARTESIAN_POINT('',(2.1,0.875,0.));
#2448 = DIRECTION('',(0.,1.,0.));
#2449 = DIRECTION('',(1.,0.,0.));
#2450 = DEFINITIONAL_REPRESENTATION('',(#2451),#2454);
#2451 = B_SPLINE_CURVE_WITH_KNOTS('',1,(#2452,#2453),.UNSPECIFIED.,.F.,
  .F.,(2,2),(-1.45,-1.05),.PIECEWISE_BEZIER_KNOTS.);
#2452 = CARTESIAN_POINT('',(0.4,-2.E-02));
#2453 = CARTESIAN_POINT('',(0.,-2.E-02));
#2454 = ( GEOMETRIC_REPRESENTATION_CONTEXT(2) 
PARAMETRIC_REPRESENTATION_CONTEXT() REPRESENTATION_CONTEXT('2D SPACE',''
  ) );
#2455 = ORIENTED_EDGE('',*,*,#2456,.T.);
#2456 = EDGE_CURVE('',#2431,#2457,#2459,.T.);
#2457 = VERTEX_POINT('',#2458);
#2458 = CARTESIAN_POINT('',(2.1,1.125,2.E-02));
#2459 = SURFACE_CURVE('',#2460,(#2464,#2470),.PCURVE_S1.);
#2460 = LINE('',#2461,#2462);
#2461 = CARTESIAN_POINT('',(2.1,0.5625,2.E-02));
#2462 = VECTOR('',#2463,1.);
#2463 = DIRECTION('',(-0.,1.,0.));
#2464 = PCURVE('',#182,#2465);
#2465 = DEFINITIONAL_REPRESENTATION('',(#2466),#2469);
#2466 = B_SPLINE_CURVE_WITH_KNOTS('',1,(#2467,#2468),.UNSPECIFIED.,.F.,
  .F.,(2,2),(0.3125,0.5625),.PIECEWISE_BEZIER_KNOTS.);
#2467 = CARTESIAN_POINT('',(2.1,0.875));
#2468 = CARTESIAN_POINT('',(2.1,1.125));
#2469 = ( GEOMETRIC_REPRESENTATION_CONTEXT(2) 
PARAMETRIC_REPRESENTATION_CONTEXT() REPRESENTATION_CONTEXT('2D SPACE',''
  ) );
#2470 = PCURVE('',#2471,#2476);
#2471 = PLANE('',#2472);
#2472 = AXIS2_PLACEMENT_3D('',#2473,#2474,#2475);
#2473 = CARTESIAN_POINT('',(2.1,1.125,0.));
#2474 = DIRECTION('',(1.,0.,-0.));
#2475 = DIRECTION('',(0.,-1.,0.));
#2476 = DEFINITIONAL_REPRESENTATION('',(#2477),#2480);
#2477 = B_SPLINE_CURVE_WITH_KNOTS('',1,(#2478,#2479),.UNSPECIFIED.,.F.,
  .F.,(2,2),(0.3125,0.5625),.PIECEWISE_BEZIER_KNOTS.);
#2478 = CARTESIAN_POINT('',(0.25,-2.E-02));
#2479 = CARTESIAN_POINT('',(0.,-2.E-02));
#2480 = ( GEOMETRIC_REPRESENTATION_CONTEXT(2) 
PARAMETRIC_REPRESENTATION_CONTEXT() REPRESENTATION_CONTEXT('2D SPACE',''
  ) );
#2481 = ORIENTED_EDGE('',*,*,#2482,.T.);
#2482 = EDGE_CURVE('',#2457,#2483,#2485,.T.);
#2483 = VERTEX_POINT('',#2484);
#2484 = CARTESIAN_POINT('',(2.5,1.125,2.E-02));
#2485 = SURFACE_CURVE('',#2486,(#2490,#2496),.PCURVE_S1.);
#2486 = LINE('',#2487,#2488);
#2487 = CARTESIAN_POINT('',(1.25,1.125,2.E-02));
#2488 = VECTOR('',#2489,1.);
#2489 = DIRECTION('',(1.,0.,-0.));
#2490 = PCURVE('',#182,#2491);
#2491 = DEFINITIONAL_REPRESENTATION('',(#2492),#2495);
#2492 = B_SPLINE_CURVE_WITH_KNOTS('',1,(#2493,#2494),.UNSPECIFIED.,.F.,
  .F.,(2,2),(0.85,1.25),.PIECEWISE_BEZIER_KNOTS.);
#2493 = CARTESIAN_POINT('',(2.1,1.125));
#2494 = CARTESIAN_POINT('',(2.5,1.125));
#2495 = ( GEOMETRIC_REPRESENTATION_CONTEXT(2) 
PARAMETRIC_REPRESENTATION_CONTEXT() REPRESENTATION_CONTEXT('2D SPACE',''
  ) );
#2496 = PCURVE('',#2497,#2502);
#2497 = PLANE('',#2498);
#2498 = AXIS2_PLACEMENT_3D('',#2499,#2500,#2501);
#2499 = CARTESIAN_POINT('',(2.5,1.125,0.));
#2500 = DIRECTION('',(0.,-1.,0.));
#2501 = DIRECTION('',(-1.,0.,0.));
#2502 = DEFINITIONAL_REPRESENTATION('',(#2503),#2506);
#2503 = B_SPLINE_CURVE_WITH_KNOTS('',1,(#2504,#2505),.UNSPECIFIED.,.F.,
  .F.,(2,2),(0.85,1.25),.PIECEWISE_BEZIER_KNOTS.);
#2504 = CARTESIAN_POINT('',(0.4,-2.E-02));
#2505 = CARTESIAN_POINT('',(0.,-2.E-02));
#2506 = ( GEOMETRIC_REPRESENTATION_CONTEXT(2) 
PARAMETRIC_REPRESENTATION_CONTEXT() REPRESENTATION_CONTEXT('2D SPACE',''
  ) );
#2507 = ORIENTED_EDGE('',*,*,#2508,.T.);
#2508 = EDGE_CURVE('',#2483,#2509,#2511,.T.);
#2509 = VERTEX_POINT('',#2510);
#2510 = CARTESIAN_POINT('',(2.5,1.375,2.E-02));
#2511 = SURFACE_CURVE('',#2512,(#2516,#2523),.PCURVE_S1.);
#2512 = LINE('',#2513,#2514);
#2513 = CARTESIAN_POINT('',(2.5,-2.5,2.E-02));
#2514 = VECTOR('',#2515,1.);
#2515 = DIRECTION('',(0.,1.,0.));
#2516 = PCURVE('',#182,#2517);
#2517 = DEFINITIONAL_REPRESENTATION('',(#2518),#2522);
#2518 = LINE('',#2519,#2520);
#2519 = CARTESIAN_POINT('',(2.5,-2.5));
#2520 = VECTOR('',#2521,1.);
#2521 = DIRECTION('',(0.,1.));
#2522 = ( GEOMETRIC_REPRESENTATION_CONTEXT(2) 
PARAMETRIC_REPRESENTATION_CONTEXT() REPRESENTATION_CONTEXT('2D SPACE',''
  ) );
#2523 = PCURVE('',#266,#2524);
#2524 = DEFINITIONAL_REPRESENTATION('',(#2525),#2529);
#2525 = LINE('',#2526,#2527);
#2526 = CARTESIAN_POINT('',(0.,0.));
#2527 = VECTOR('',#2528,1.);
#2528 = DIRECTION('',(1.,0.));
#2529 = ( GEOMETRIC_REPRESENTATION_CONTEXT(2) 
PARAMETRIC_REPRESENTATION_CONTEXT() REPRESENTATION_CONTEXT('2D SPACE',''
  ) );
#2530 = ORIENTED_EDGE('',*,*,#2531,.T.);
#2531 = EDGE_CURVE('',#2509,#2532,#2534,.T.);
#2532 = VERTEX_POINT('',#2533);
#2533 = CARTESIAN_POINT('',(2.1,1.375,2.E-02));
#2534 = SURFACE_CURVE('',#2535,(#2539,#2545),.PCURVE_S1.);
#2535 = LINE('',#2536,#2537);
#2536 = CARTESIAN_POINT('',(1.05,1.375,2.E-02));
#2537 = VECTOR('',#2538,1.);
#2538 = DIRECTION('',(-1.,0.,0.));
#2539 = PCURVE('',#182,#2540);
#2540 = DEFINITIONAL_REPRESENTATION('',(#2541),#2544);
#2541 = B_SPLINE_CURVE_WITH_KNOTS('',1,(#2542,#2543),.UNSPECIFIED.,.F.,
  .F.,(2,2),(-1.45,-1.05),.PIECEWISE_BEZIER_KNOTS.);
#2542 = CARTESIAN_POINT('',(2.5,1.375));
#2543 = CARTESIAN_POINT('',(2.1,1.375));
#2544 = ( GEOMETRIC_REPRESENTATION_CONTEXT(2) 
PARAMETRIC_REPRESENTATION_CONTEXT() REPRESENTATION_CONTEXT('2D SPACE',''
  ) );
#2545 = PCURVE('',#2546,#2551);
#2546 = PLANE('',#2547);
#2547 = AXIS2_PLACEMENT_3D('',#2548,#2549,#2550);
#2548 = CARTESIAN_POINT('',(2.1,1.375,0.));
#2549 = DIRECTION('',(0.,1.,0.));
#2550 = DIRECTION('',(1.,0.,0.));
#2551 = DEFINITIONAL_REPRESENTATION('',(#2552),#2555);
#2552 = B_SPLINE_CURVE_WITH_KNOTS('',1,(#2553,#2554),.UNSPECIFIED.,.F.,
  .F.,(2,2),(-1.45,-1.05),.PIECEWISE_BEZIER_KNOTS.);
#2553 = CARTESIAN_POINT('',(0.4,-2.E-02));
#2554 = CARTESIAN_POINT('',(0.,-2.E-02));
#2555 = ( GEOMETRIC_REPRESENTATION_CONTEXT(2) 
PARAMETRIC_REPRESENTATION_CONTEXT() REPRESENTATION_CONTEXT('2D SPACE',''
  ) );
#2556 = ORIENTED_EDGE('',*,*,#2557,.T.);
#2557 = EDGE_CURVE('',#2532,#2558,#2560,.T.);
#2558 = VERTEX_POINT('',#2559);
#2559 = CARTESIAN_POINT('',(2.1,1.625,2.E-02));
#2560 = SURFACE_CURVE('',#2561,(#2565,#2571),.PCURVE_S1.);
#2561 = LINE('',#2562,#2563);
#2562 = CARTESIAN_POINT('',(2.1,0.8125,2.E-02));
#2563 = VECTOR('',#2564,1.);
#2564 = DIRECTION('',(-0.,1.,0.));
#2565 = PCURVE('',#182,#2566);
#2566 = DEFINITIONAL_REPRESENTATION('',(#2567),#2570);
#2567 = B_SPLINE_CURVE_WITH_KNOTS('',1,(#2568,#2569),.UNSPECIFIED.,.F.,
  .F.,(2,2),(0.5625,0.8125),.PIECEWISE_BEZIER_KNOTS.);
#2568 = CARTESIAN_POINT('',(2.1,1.375));
#2569 = CARTESIAN_POINT('',(2.1,1.625));
#2570 = ( GEOMETRIC_REPRESENTATION_CONTEXT(2) 
PARAMETRIC_REPRESENTATION_CONTEXT() REPRESENTATION_CONTEXT('2D SPACE',''
  ) );
#2571 = PCURVE('',#2572,#2577);
#2572 = PLANE('',#2573);
#2573 = AXIS2_PLACEMENT_3D('',#2574,#2575,#2576);
#2574 = CARTESIAN_POINT('',(2.1,1.625,0.));
#2575 = DIRECTION('',(1.,0.,-0.));
#2576 = DIRECTION('',(0.,-1.,0.));
#2577 = DEFINITIONAL_REPRESENTATION('',(#2578),#2581);
#2578 = B_SPLINE_CURVE_WITH_KNOTS('',1,(#2579,#2580),.UNSPECIFIED.,.F.,
  .F.,(2,2),(0.5625,0.8125),.PIECEWISE_BEZIER_KNOTS.);
#2579 = CARTESIAN_POINT('',(0.25,-2.E-02));
#2580 = CARTESIAN_POINT('',(0.,-2.E-02));
#2581 = ( GEOMETRIC_REPRESENTATION_CONTEXT(2) 
PARAMETRIC_REPRESENTATION_CONTEXT() REPRESENTATION_CONTEXT('2D SPACE',''
  ) );
#2582 = ORIENTED_EDGE('',*,*,#2583,.T.);
#2583 = EDGE_CURVE('',#2558,#2584,#2586,.T.);
#2584 = VERTEX_POINT('',#2585);
#2585 = CARTESIAN_POINT('',(2.5,1.625,2.E-02));
#2586 = SURFACE_CURVE('',#2587,(#2591,#2597),.PCURVE_S1.);
#2587 = LINE('',#2588,#2589);
#2588 = CARTESIAN_POINT('',(1.25,1.625,2.E-02));
#2589 = VECTOR('',#2590,1.);
#2590 = DIRECTION('',(1.,0.,-0.));
#2591 = PCURVE('',#182,#2592);
#2592 = DEFINITIONAL_REPRESENTATION('',(#2593),#2596);
#2593 = B_SPLINE_CURVE_WITH_KNOTS('',1,(#2594,#2595),.UNSPECIFIED.,.F.,
  .F.,(2,2),(0.85,1.25),.PIECEWISE_BEZIER_KNOTS.);
#2594 = CARTESIAN_POINT('',(2.1,1.625));
#2595 = CARTESIAN_POINT('',(2.5,1.625));
#2596 = ( GEOMETRIC_REPRESENTATION_CONTEXT(2) 
PARAMETRIC_REPRESENTATION_CONTEXT() REPRESENTATION_CONTEXT('2D SPACE',''
  ) );
#2597 = PCURVE('',#2598,#2603);
#2598 = PLANE('',#2599);
#2599 = AXIS2_PLACEMENT_3D('',#2600,#2601,#2602);
#2600 = CARTESIAN_POINT('',(2.5,1.625,0.));
#2601 = DIRECTION('',(0.,-1.,0.));
#2602 = DIRECTION('',(-1.,0.,0.));
#2603 = DEFINITIONAL_REPRESENTATION('',(#2604),#2607);
#2604 = B_SPLINE_CURVE_WITH_KNOTS('',1,(#2605,#2606),.UNSPECIFIED.,.F.,
  .F.,(2,2),(0.85,1.25),.PIECEWISE_BEZIER_KNOTS.);
#2605 = CARTESIAN_POINT('',(0.4,-2.E-02));
#2606 = CARTESIAN_POINT('',(0.,-2.E-02));
#2607 = ( GEOMETRIC_REPRESENTATION_CONTEXT(2) 
PARAMETRIC_REPRESENTATION_CONTEXT() REPRESENTATION_CONTEXT('2D SPACE',''
  ) );
#2608 = ORIENTED_EDGE('',*,*,#2609,.T.);
#2609 = EDGE_CURVE('',#2584,#2610,#2612,.T.);
#2610 = VERTEX_POINT('',#2611);
#2611 = CARTESIAN_POINT('',(2.5,2.5,2.E-02));
#2612 = SURFACE_CURVE('',#2613,(#2617,#2624),.PCURVE_S1.);
#2613 = LINE('',#2614,#2615);
#2614 = CARTESIAN_POINT('',(2.5,-2.5,2.E-02));
#2615 = VECTOR('',#2616,1.);
#2616 = DIRECTION('',(0.,1.,0.));
#2617 = PCURVE('',#182,#2618);
#2618 = DEFINITIONAL_REPRESENTATION('',(#2619),#2623);
#2619 = LINE('',#2620,#2621);
#2620 = CARTESIAN_POINT('',(2.5,-2.5));
#2621 = VECTOR('',#2622,1.);
#2622 = DIRECTION('',(0.,1.));
#2623 = ( GEOMETRIC_REPRESENTATION_CONTEXT(2) 
PARAMETRIC_REPRESENTATION_CONTEXT() REPRESENTATION_CONTEXT('2D SPACE',''
  ) );
#2624 = PCURVE('',#266,#2625);
#2625 = DEFINITIONAL_REPRESENTATION('',(#2626),#2630);
#2626 = LINE('',#2627,#2628);
#2627 = CARTESIAN_POINT('',(0.,0.));
#2628 = VECTOR('',#2629,1.);
#2629 = DIRECTION('',(1.,0.));
#2630 = ( GEOMETRIC_REPRESENTATION_CONTEXT(2) 
PARAMETRIC_REPRESENTATION_CONTEXT() REPRESENTATION_CONTEXT('2D SPACE',''
  ) );
#2631 = ORIENTED_EDGE('',*,*,#2632,.T.);
#2632 = EDGE_CURVE('',#2610,#2633,#2635,.T.);
#2633 = VERTEX_POINT('',#2634);
#2634 = CARTESIAN_POINT('',(1.625,2.5,2.E-02));
#2635 = SURFACE_CURVE('',#2636,(#2640,#2647),.PCURVE_S1.);
#2636 = LINE('',#2637,#2638);
#2637 = CARTESIAN_POINT('',(2.5,2.5,2.E-02));
#2638 = VECTOR('',#2639,1.);
#2639 = DIRECTION('',(-1.,0.,0.));
#2640 = PCURVE('',#182,#2641);
#2641 = DEFINITIONAL_REPRESENTATION('',(#2642),#2646);
#2642 = LINE('',#2643,#2644);
#2643 = CARTESIAN_POINT('',(2.5,2.5));
#2644 = VECTOR('',#2645,1.);
#2645 = DIRECTION('',(-1.,0.));
#2646 = ( GEOMETRIC_REPRESENTATION_CONTEXT(2) 
PARAMETRIC_REPRESENTATION_CONTEXT() REPRESENTATION_CONTEXT('2D SPACE',''
  ) );
#2647 = PCURVE('',#2648,#2653);
#2648 = PLANE('',#2649);
#2649 = AXIS2_PLACEMENT_3D('',#2650,#2651,#2652);
#2650 = CARTESIAN_POINT('',(2.5,2.5,2.E-02));
#2651 = DIRECTION('',(0.,-1.,0.));
#2652 = DIRECTION('',(-1.,0.,0.));
#2653 = DEFINITIONAL_REPRESENTATION('',(#2654),#2658);
#2654 = LINE('',#2655,#2656);
#2655 = CARTESIAN_POINT('',(0.,-0.));
#2656 = VECTOR('',#2657,1.);
#2657 = DIRECTION('',(1.,0.));
#2658 = ( GEOMETRIC_REPRESENTATION_CONTEXT(2) 
PARAMETRIC_REPRESENTATION_CONTEXT() REPRESENTATION_CONTEXT('2D SPACE',''
  ) );
#2659 = ORIENTED_EDGE('',*,*,#2660,.T.);
#2660 = EDGE_CURVE('',#2633,#2661,#2663,.T.);
#2661 = VERTEX_POINT('',#2662);
#2662 = CARTESIAN_POINT('',(1.625,2.1,2.E-02));
#2663 = SURFACE_CURVE('',#2664,(#2668,#2674),.PCURVE_S1.);
#2664 = LINE('',#2665,#2666);
#2665 = CARTESIAN_POINT('',(1.625,1.05,2.E-02));
#2666 = VECTOR('',#2667,1.);
#2667 = DIRECTION('',(0.,-1.,0.));
#2668 = PCURVE('',#182,#2669);
#2669 = DEFINITIONAL_REPRESENTATION('',(#2670),#2673);
#2670 = B_SPLINE_CURVE_WITH_KNOTS('',1,(#2671,#2672),.UNSPECIFIED.,.F.,
  .F.,(2,2),(-1.45,-1.05),.PIECEWISE_BEZIER_KNOTS.);
#2671 = CARTESIAN_POINT('',(1.625,2.5));
#2672 = CARTESIAN_POINT('',(1.625,2.1));
#2673 = ( GEOMETRIC_REPRESENTATION_CONTEXT(2) 
PARAMETRIC_REPRESENTATION_CONTEXT() REPRESENTATION_CONTEXT('2D SPACE',''
  ) );
#2674 = PCURVE('',#2675,#2680);
#2675 = PLANE('',#2676);
#2676 = AXIS2_PLACEMENT_3D('',#2677,#2678,#2679);
#2677 = CARTESIAN_POINT('',(1.625,2.1,0.));
#2678 = DIRECTION('',(-1.,0.,0.));
#2679 = DIRECTION('',(0.,1.,0.));
#2680 = DEFINITIONAL_REPRESENTATION('',(#2681),#2684);
#2681 = B_SPLINE_CURVE_WITH_KNOTS('',1,(#2682,#2683),.UNSPECIFIED.,.F.,
  .F.,(2,2),(-1.45,-1.05),.PIECEWISE_BEZIER_KNOTS.);
#2682 = CARTESIAN_POINT('',(0.4,-2.E-02));
#2683 = CARTESIAN_POINT('',(0.,-2.E-02));
#2684 = ( GEOMETRIC_REPRESENTATION_CONTEXT(2) 
PARAMETRIC_REPRESENTATION_CONTEXT() REPRESENTATION_CONTEXT('2D SPACE',''
  ) );
#2685 = ORIENTED_EDGE('',*,*,#2686,.T.);
#2686 = EDGE_CURVE('',#2661,#2687,#2689,.T.);
#2687 = VERTEX_POINT('',#2688);
#2688 = CARTESIAN_POINT('',(1.375,2.1,2.E-02));
#2689 = SURFACE_CURVE('',#2690,(#2694,#2700),.PCURVE_S1.);
#2690 = LINE('',#2691,#2692);
#2691 = CARTESIAN_POINT('',(0.6875,2.1,2.E-02));
#2692 = VECTOR('',#2693,1.);
#2693 = DIRECTION('',(-1.,0.,0.));
#2694 = PCURVE('',#182,#2695);
#2695 = DEFINITIONAL_REPRESENTATION('',(#2696),#2699);
#2696 = B_SPLINE_CURVE_WITH_KNOTS('',1,(#2697,#2698),.UNSPECIFIED.,.F.,
  .F.,(2,2),(-0.9375,-0.6875),.PIECEWISE_BEZIER_KNOTS.);
#2697 = CARTESIAN_POINT('',(1.625,2.1));
#2698 = CARTESIAN_POINT('',(1.375,2.1));
#2699 = ( GEOMETRIC_REPRESENTATION_CONTEXT(2) 
PARAMETRIC_REPRESENTATION_CONTEXT() REPRESENTATION_CONTEXT('2D SPACE',''
  ) );
#2700 = PCURVE('',#2701,#2706);
#2701 = PLANE('',#2702);
#2702 = AXIS2_PLACEMENT_3D('',#2703,#2704,#2705);
#2703 = CARTESIAN_POINT('',(1.375,2.1,0.));
#2704 = DIRECTION('',(0.,1.,0.));
#2705 = DIRECTION('',(1.,0.,0.));
#2706 = DEFINITIONAL_REPRESENTATION('',(#2707),#2710);
#2707 = B_SPLINE_CURVE_WITH_KNOTS('',1,(#2708,#2709),.UNSPECIFIED.,.F.,
  .F.,(2,2),(-0.9375,-0.6875),.PIECEWISE_BEZIER_KNOTS.);
#2708 = CARTESIAN_POINT('',(0.25,-2.E-02));
#2709 = CARTESIAN_POINT('',(0.,-2.E-02));
#2710 = ( GEOMETRIC_REPRESENTATION_CONTEXT(2) 
PARAMETRIC_REPRESENTATION_CONTEXT() REPRESENTATION_CONTEXT('2D SPACE',''
  ) );
#2711 = ORIENTED_EDGE('',*,*,#2712,.T.);
#2712 = EDGE_CURVE('',#2687,#2713,#2715,.T.);
#2713 = VERTEX_POINT('',#2714);
#2714 = CARTESIAN_POINT('',(1.375,2.5,2.E-02));
#2715 = SURFACE_CURVE('',#2716,(#2720,#2726),.PCURVE_S1.);
#2716 = LINE('',#2717,#2718);
#2717 = CARTESIAN_POINT('',(1.375,1.25,2.E-02));
#2718 = VECTOR('',#2719,1.);
#2719 = DIRECTION('',(-0.,1.,0.));
#2720 = PCURVE('',#182,#2721);
#2721 = DEFINITIONAL_REPRESENTATION('',(#2722),#2725);
#2722 = B_SPLINE_CURVE_WITH_KNOTS('',1,(#2723,#2724),.UNSPECIFIED.,.F.,
  .F.,(2,2),(0.85,1.25),.PIECEWISE_BEZIER_KNOTS.);
#2723 = CARTESIAN_POINT('',(1.375,2.1));
#2724 = CARTESIAN_POINT('',(1.375,2.5));
#2725 = ( GEOMETRIC_REPRESENTATION_CONTEXT(2) 
PARAMETRIC_REPRESENTATION_CONTEXT() REPRESENTATION_CONTEXT('2D SPACE',''
  ) );
#2726 = PCURVE('',#2727,#2732);
#2727 = PLANE('',#2728);
#2728 = AXIS2_PLACEMENT_3D('',#2729,#2730,#2731);
#2729 = CARTESIAN_POINT('',(1.375,2.5,0.));
#2730 = DIRECTION('',(1.,0.,-0.));
#2731 = DIRECTION('',(0.,-1.,0.));
#2732 = DEFINITIONAL_REPRESENTATION('',(#2733),#2736);
#2733 = B_SPLINE_CURVE_WITH_KNOTS('',1,(#2734,#2735),.UNSPECIFIED.,.F.,
  .F.,(2,2),(0.85,1.25),.PIECEWISE_BEZIER_KNOTS.);
#2734 = CARTESIAN_POINT('',(0.4,-2.E-02));
#2735 = CARTESIAN_POINT('',(0.,-2.E-02));
#2736 = ( GEOMETRIC_REPRESENTATION_CONTEXT(2) 
PARAMETRIC_REPRESENTATION_CONTEXT() REPRESENTATION_CONTEXT('2D SPACE',''
  ) );
#2737 = ORIENTED_EDGE('',*,*,#2738,.T.);
#2738 = EDGE_CURVE('',#2713,#2739,#2741,.T.);
#2739 = VERTEX_POINT('',#2740);
#2740 = CARTESIAN_POINT('',(1.125,2.5,2.E-02));
#2741 = SURFACE_CURVE('',#2742,(#2746,#2753),.PCURVE_S1.);
#2742 = LINE('',#2743,#2744);
#2743 = CARTESIAN_POINT('',(2.5,2.5,2.E-02));
#2744 = VECTOR('',#2745,1.);
#2745 = DIRECTION('',(-1.,0.,0.));
#2746 = PCURVE('',#182,#2747);
#2747 = DEFINITIONAL_REPRESENTATION('',(#2748),#2752);
#2748 = LINE('',#2749,#2750);
#2749 = CARTESIAN_POINT('',(2.5,2.5));
#2750 = VECTOR('',#2751,1.);
#2751 = DIRECTION('',(-1.,0.));
#2752 = ( GEOMETRIC_REPRESENTATION_CONTEXT(2) 
PARAMETRIC_REPRESENTATION_CONTEXT() REPRESENTATION_CONTEXT('2D SPACE',''
  ) );
#2753 = PCURVE('',#2648,#2754);
#2754 = DEFINITIONAL_REPRESENTATION('',(#2755),#2759);
#2755 = LINE('',#2756,#2757);
#2756 = CARTESIAN_POINT('',(0.,-0.));
#2757 = VECTOR('',#2758,1.);
#2758 = DIRECTION('',(1.,0.));
#2759 = ( GEOMETRIC_REPRESENTATION_CONTEXT(2) 
PARAMETRIC_REPRESENTATION_CONTEXT() REPRESENTATION_CONTEXT('2D SPACE',''
  ) );
#2760 = ORIENTED_EDGE('',*,*,#2761,.T.);
#2761 = EDGE_CURVE('',#2739,#2762,#2764,.T.);
#2762 = VERTEX_POINT('',#2763);
#2763 = CARTESIAN_POINT('',(1.125,2.1,2.E-02));
#2764 = SURFACE_CURVE('',#2765,(#2769,#2775),.PCURVE_S1.);
#2765 = LINE('',#2766,#2767);
#2766 = CARTESIAN_POINT('',(1.125,1.05,2.E-02));
#2767 = VECTOR('',#2768,1.);
#2768 = DIRECTION('',(0.,-1.,0.));
#2769 = PCURVE('',#182,#2770);
#2770 = DEFINITIONAL_REPRESENTATION('',(#2771),#2774);
#2771 = B_SPLINE_CURVE_WITH_KNOTS('',1,(#2772,#2773),.UNSPECIFIED.,.F.,
  .F.,(2,2),(-1.45,-1.05),.PIECEWISE_BEZIER_KNOTS.);
#2772 = CARTESIAN_POINT('',(1.125,2.5));
#2773 = CARTESIAN_POINT('',(1.125,2.1));
#2774 = ( GEOMETRIC_REPRESENTATION_CONTEXT(2) 
PARAMETRIC_REPRESENTATION_CONTEXT() REPRESENTATION_CONTEXT('2D SPACE',''
  ) );
#2775 = PCURVE('',#2776,#2781);
#2776 = PLANE('',#2777);
#2777 = AXIS2_PLACEMENT_3D('',#2778,#2779,#2780);
#2778 = CARTESIAN_POINT('',(1.125,2.1,0.));
#2779 = DIRECTION('',(-1.,0.,0.));
#2780 = DIRECTION('',(0.,1.,0.));
#2781 = DEFINITIONAL_REPRESENTATION('',(#2782),#2785);
#2782 = B_SPLINE_CURVE_WITH_KNOTS('',1,(#2783,#2784),.UNSPECIFIED.,.F.,
  .F.,(2,2),(-1.45,-1.05),.PIECEWISE_BEZIER_KNOTS.);
#2783 = CARTESIAN_POINT('',(0.4,-2.E-02));
#2784 = CARTESIAN_POINT('',(0.,-2.E-02));
#2785 = ( GEOMETRIC_REPRESENTATION_CONTEXT(2) 
PARAMETRIC_REPRESENTATION_CONTEXT() REPRESENTATION_CONTEXT('2D SPACE',''
  ) );
#2786 = ORIENTED_EDGE('',*,*,#2787,.T.);
#2787 = EDGE_CURVE('',#2762,#2788,#2790,.T.);
#2788 = VERTEX_POINT('',#2789);
#2789 = CARTESIAN_POINT('',(0.875,2.1,2.E-02));
#2790 = SURFACE_CURVE('',#2791,(#2795,#2801),.PCURVE_S1.);
#2791 = LINE('',#2792,#2793);
#2792 = CARTESIAN_POINT('',(0.4375,2.1,2.E-02));
#2793 = VECTOR('',#2794,1.);
#2794 = DIRECTION('',(-1.,0.,0.));
#2795 = PCURVE('',#182,#2796);
#2796 = DEFINITIONAL_REPRESENTATION('',(#2797),#2800);
#2797 = B_SPLINE_CURVE_WITH_KNOTS('',1,(#2798,#2799),.UNSPECIFIED.,.F.,
  .F.,(2,2),(-0.6875,-0.4375),.PIECEWISE_BEZIER_KNOTS.);
#2798 = CARTESIAN_POINT('',(1.125,2.1));
#2799 = CARTESIAN_POINT('',(0.875,2.1));
#2800 = ( GEOMETRIC_REPRESENTATION_CONTEXT(2) 
PARAMETRIC_REPRESENTATION_CONTEXT() REPRESENTATION_CONTEXT('2D SPACE',''
  ) );
#2801 = PCURVE('',#2802,#2807);
#2802 = PLANE('',#2803);
#2803 = AXIS2_PLACEMENT_3D('',#2804,#2805,#2806);
#2804 = CARTESIAN_POINT('',(0.875,2.1,0.));
#2805 = DIRECTION('',(0.,1.,0.));
#2806 = DIRECTION('',(1.,0.,0.));
#2807 = DEFINITIONAL_REPRESENTATION('',(#2808),#2811);
#2808 = B_SPLINE_CURVE_WITH_KNOTS('',1,(#2809,#2810),.UNSPECIFIED.,.F.,
  .F.,(2,2),(-0.6875,-0.4375),.PIECEWISE_BEZIER_KNOTS.);
#2809 = CARTESIAN_POINT('',(0.25,-2.E-02));
#2810 = CARTESIAN_POINT('',(0.,-2.E-02));
#2811 = ( GEOMETRIC_REPRESENTATION_CONTEXT(2) 
PARAMETRIC_REPRESENTATION_CONTEXT() REPRESENTATION_CONTEXT('2D SPACE',''
  ) );
#2812 = ORIENTED_EDGE('',*,*,#2813,.T.);
#2813 = EDGE_CURVE('',#2788,#2814,#2816,.T.);
#2814 = VERTEX_POINT('',#2815);
#2815 = CARTESIAN_POINT('',(0.875,2.5,2.E-02));
#2816 = SURFACE_CURVE('',#2817,(#2821,#2827),.PCURVE_S1.);
#2817 = LINE('',#2818,#2819);
#2818 = CARTESIAN_POINT('',(0.875,1.25,2.E-02));
#2819 = VECTOR('',#2820,1.);
#2820 = DIRECTION('',(-0.,1.,0.));
#2821 = PCURVE('',#182,#2822);
#2822 = DEFINITIONAL_REPRESENTATION('',(#2823),#2826);
#2823 = B_SPLINE_CURVE_WITH_KNOTS('',1,(#2824,#2825),.UNSPECIFIED.,.F.,
  .F.,(2,2),(0.85,1.25),.PIECEWISE_BEZIER_KNOTS.);
#2824 = CARTESIAN_POINT('',(0.875,2.1));
#2825 = CARTESIAN_POINT('',(0.875,2.5));
#2826 = ( GEOMETRIC_REPRESENTATION_CONTEXT(2) 
PARAMETRIC_REPRESENTATION_CONTEXT() REPRESENTATION_CONTEXT('2D SPACE',''
  ) );
#2827 = PCURVE('',#2828,#2833);
#2828 = PLANE('',#2829);
#2829 = AXIS2_PLACEMENT_3D('',#2830,#2831,#2832);
#2830 = CARTESIAN_POINT('',(0.875,2.5,0.));
#2831 = DIRECTION('',(1.,0.,-0.));
#2832 = DIRECTION('',(0.,-1.,0.));
#2833 = DEFINITIONAL_REPRESENTATION('',(#2834),#2837);
#2834 = B_SPLINE_CURVE_WITH_KNOTS('',1,(#2835,#2836),.UNSPECIFIED.,.F.,
  .F.,(2,2),(0.85,1.25),.PIECEWISE_BEZIER_KNOTS.);
#2835 = CARTESIAN_POINT('',(0.4,-2.E-02));
#2836 = CARTESIAN_POINT('',(0.,-2.E-02));
#2837 = ( GEOMETRIC_REPRESENTATION_CONTEXT(2) 
PARAMETRIC_REPRESENTATION_CONTEXT() REPRESENTATION_CONTEXT('2D SPACE',''
  ) );
#2838 = ORIENTED_EDGE('',*,*,#2839,.T.);
#2839 = EDGE_CURVE('',#2814,#2840,#2842,.T.);
#2840 = VERTEX_POINT('',#2841);
#2841 = CARTESIAN_POINT('',(0.625,2.5,2.E-02));
#2842 = SURFACE_CURVE('',#2843,(#2847,#2854),.PCURVE_S1.);
#2843 = LINE('',#2844,#2845);
#2844 = CARTESIAN_POINT('',(2.5,2.5,2.E-02));
#2845 = VECTOR('',#2846,1.);
#2846 = DIRECTION('',(-1.,0.,0.));
#2847 = PCURVE('',#182,#2848);
#2848 = DEFINITIONAL_REPRESENTATION('',(#2849),#2853);
#2849 = LINE('',#2850,#2851);
#2850 = CARTESIAN_POINT('',(2.5,2.5));
#2851 = VECTOR('',#2852,1.);
#2852 = DIRECTION('',(-1.,0.));
#2853 = ( GEOMETRIC_REPRESENTATION_CONTEXT(2) 
PARAMETRIC_REPRESENTATION_CONTEXT() REPRESENTATION_CONTEXT('2D SPACE',''
  ) );
#2854 = PCURVE('',#2648,#2855);
#2855 = DEFINITIONAL_REPRESENTATION('',(#2856),#2860);
#2856 = LINE('',#2857,#2858);
#2857 = CARTESIAN_POINT('',(0.,-0.));
#2858 = VECTOR('',#2859,1.);
#2859 = DIRECTION('',(1.,0.));
#2860 = ( GEOMETRIC_REPRESENTATION_CONTEXT(2) 
PARAMETRIC_REPRESENTATION_CONTEXT() REPRESENTATION_CONTEXT('2D SPACE',''
  ) );
#2861 = ORIENTED_EDGE('',*,*,#2862,.T.);
#2862 = EDGE_CURVE('',#2840,#2863,#2865,.T.);
#2863 = VERTEX_POINT('',#2864);
#2864 = CARTESIAN_POINT('',(0.625,2.1,2.E-02));
#2865 = SURFACE_CURVE('',#2866,(#2870,#2876),.PCURVE_S1.);
#2866 = LINE('',#2867,#2868);
#2867 = CARTESIAN_POINT('',(0.625,1.05,2.E-02));
#2868 = VECTOR('',#2869,1.);
#2869 = DIRECTION('',(0.,-1.,0.));
#2870 = PCURVE('',#182,#2871);
#2871 = DEFINITIONAL_REPRESENTATION('',(#2872),#2875);
#2872 = B_SPLINE_CURVE_WITH_KNOTS('',1,(#2873,#2874),.UNSPECIFIED.,.F.,
  .F.,(2,2),(-1.45,-1.05),.PIECEWISE_BEZIER_KNOTS.);
#2873 = CARTESIAN_POINT('',(0.625,2.5));
#2874 = CARTESIAN_POINT('',(0.625,2.1));
#2875 = ( GEOMETRIC_REPRESENTATION_CONTEXT(2) 
PARAMETRIC_REPRESENTATION_CONTEXT() REPRESENTATION_CONTEXT('2D SPACE',''
  ) );
#2876 = PCURVE('',#2877,#2882);
#2877 = PLANE('',#2878);
#2878 = AXIS2_PLACEMENT_3D('',#2879,#2880,#2881);
#2879 = CARTESIAN_POINT('',(0.625,2.1,0.));
#2880 = DIRECTION('',(-1.,0.,0.));
#2881 = DIRECTION('',(0.,1.,0.));
#2882 = DEFINITIONAL_REPRESENTATION('',(#2883),#2886);
#2883 = B_SPLINE_CURVE_WITH_KNOTS('',1,(#2884,#2885),.UNSPECIFIED.,.F.,
  .F.,(2,2),(-1.45,-1.05),.PIECEWISE_BEZIER_KNOTS.);
#2884 = CARTESIAN_POINT('',(0.4,-2.E-02));
#2885 = CARTESIAN_POINT('',(0.,-2.E-02));
#2886 = ( GEOMETRIC_REPRESENTATION_CONTEXT(2) 
PARAMETRIC_REPRESENTATION_CONTEXT() REPRESENTATION_CONTEXT('2D SPACE',''
  ) );
#2887 = ORIENTED_EDGE('',*,*,#2888,.T.);
#2888 = EDGE_CURVE('',#2863,#2889,#2891,.T.);
#2889 = VERTEX_POINT('',#2890);
#2890 = CARTESIAN_POINT('',(0.375,2.1,2.E-02));
#2891 = SURFACE_CURVE('',#2892,(#2896,#2902),.PCURVE_S1.);
#2892 = LINE('',#2893,#2894);
#2893 = CARTESIAN_POINT('',(0.1875,2.1,2.E-02));
#2894 = VECTOR('',#2895,1.);
#2895 = DIRECTION('',(-1.,0.,0.));
#2896 = PCURVE('',#182,#2897);
#2897 = DEFINITIONAL_REPRESENTATION('',(#2898),#2901);
#2898 = B_SPLINE_CURVE_WITH_KNOTS('',1,(#2899,#2900),.UNSPECIFIED.,.F.,
  .F.,(2,2),(-0.4375,-0.1875),.PIECEWISE_BEZIER_KNOTS.);
#2899 = CARTESIAN_POINT('',(0.625,2.1));
#2900 = CARTESIAN_POINT('',(0.375,2.1));
#2901 = ( GEOMETRIC_REPRESENTATION_CONTEXT(2) 
PARAMETRIC_REPRESENTATION_CONTEXT() REPRESENTATION_CONTEXT('2D SPACE',''
  ) );
#2902 = PCURVE('',#2903,#2908);
#2903 = PLANE('',#2904);
#2904 = AXIS2_PLACEMENT_3D('',#2905,#2906,#2907);
#2905 = CARTESIAN_POINT('',(0.375,2.1,0.));
#2906 = DIRECTION('',(0.,1.,0.));
#2907 = DIRECTION('',(1.,0.,0.));
#2908 = DEFINITIONAL_REPRESENTATION('',(#2909),#2912);
#2909 = B_SPLINE_CURVE_WITH_KNOTS('',1,(#2910,#2911),.UNSPECIFIED.,.F.,
  .F.,(2,2),(-0.4375,-0.1875),.PIECEWISE_BEZIER_KNOTS.);
#2910 = CARTESIAN_POINT('',(0.25,-2.E-02));
#2911 = CARTESIAN_POINT('',(0.,-2.E-02));
#2912 = ( GEOMETRIC_REPRESENTATION_CONTEXT(2) 
PARAMETRIC_REPRESENTATION_CONTEXT() REPRESENTATION_CONTEXT('2D SPACE',''
  ) );
#2913 = ORIENTED_EDGE('',*,*,#2914,.T.);
#2914 = EDGE_CURVE('',#2889,#2915,#2917,.T.);
#2915 = VERTEX_POINT('',#2916);
#2916 = CARTESIAN_POINT('',(0.375,2.5,2.E-02));
#2917 = SURFACE_CURVE('',#2918,(#2922,#2928),.PCURVE_S1.);
#2918 = LINE('',#2919,#2920);
#2919 = CARTESIAN_POINT('',(0.375,1.25,2.E-02));
#2920 = VECTOR('',#2921,1.);
#2921 = DIRECTION('',(-0.,1.,0.));
#2922 = PCURVE('',#182,#2923);
#2923 = DEFINITIONAL_REPRESENTATION('',(#2924),#2927);
#2924 = B_SPLINE_CURVE_WITH_KNOTS('',1,(#2925,#2926),.UNSPECIFIED.,.F.,
  .F.,(2,2),(0.85,1.25),.PIECEWISE_BEZIER_KNOTS.);
#2925 = CARTESIAN_POINT('',(0.375,2.1));
#2926 = CARTESIAN_POINT('',(0.375,2.5));
#2927 = ( GEOMETRIC_REPRESENTATION_CONTEXT(2) 
PARAMETRIC_REPRESENTATION_CONTEXT() REPRESENTATION_CONTEXT('2D SPACE',''
  ) );
#2928 = PCURVE('',#2929,#2934);
#2929 = PLANE('',#2930);
#2930 = AXIS2_PLACEMENT_3D('',#2931,#2932,#2933);
#2931 = CARTESIAN_POINT('',(0.375,2.5,0.));
#2932 = DIRECTION('',(1.,0.,-0.));
#2933 = DIRECTION('',(0.,-1.,0.));
#2934 = DEFINITIONAL_REPRESENTATION('',(#2935),#2938);
#2935 = B_SPLINE_CURVE_WITH_KNOTS('',1,(#2936,#2937),.UNSPECIFIED.,.F.,
  .F.,(2,2),(0.85,1.25),.PIECEWISE_BEZIER_KNOTS.);
#2936 = CARTESIAN_POINT('',(0.4,-2.E-02));
#2937 = CARTESIAN_POINT('',(0.,-2.E-02));
#2938 = ( GEOMETRIC_REPRESENTATION_CONTEXT(2) 
PARAMETRIC_REPRESENTATION_CONTEXT() REPRESENTATION_CONTEXT('2D SPACE',''
  ) );
#2939 = ORIENTED_EDGE('',*,*,#2940,.T.);
#2940 = EDGE_CURVE('',#2915,#2941,#2943,.T.);
#2941 = VERTEX_POINT('',#2942);
#2942 = CARTESIAN_POINT('',(0.125,2.5,2.E-02));
#2943 = SURFACE_CURVE('',#2944,(#2948,#2955),.PCURVE_S1.);
#2944 = LINE('',#2945,#2946);
#2945 = CARTESIAN_POINT('',(2.5,2.5,2.E-02));
#2946 = VECTOR('',#2947,1.);
#2947 = DIRECTION('',(-1.,0.,0.));
#2948 = PCURVE('',#182,#2949);
#2949 = DEFINITIONAL_REPRESENTATION('',(#2950),#2954);
#2950 = LINE('',#2951,#2952);
#2951 = CARTESIAN_POINT('',(2.5,2.5));
#2952 = VECTOR('',#2953,1.);
#2953 = DIRECTION('',(-1.,0.));
#2954 = ( GEOMETRIC_REPRESENTATION_CONTEXT(2) 
PARAMETRIC_REPRESENTATION_CONTEXT() REPRESENTATION_CONTEXT('2D SPACE',''
  ) );
#2955 = PCURVE('',#2648,#2956);
#2956 = DEFINITIONAL_REPRESENTATION('',(#2957),#2961);
#2957 = LINE('',#2958,#2959);
#2958 = CARTESIAN_POINT('',(0.,-0.));
#2959 = VECTOR('',#2960,1.);
#2960 = DIRECTION('',(1.,0.));
#2961 = ( GEOMETRIC_REPRESENTATION_CONTEXT(2) 
PARAMETRIC_REPRESENTATION_CONTEXT() REPRESENTATION_CONTEXT('2D SPACE',''
  ) );
#2962 = ORIENTED_EDGE('',*,*,#2963,.T.);
#2963 = EDGE_CURVE('',#2941,#2964,#2966,.T.);
#2964 = VERTEX_POINT('',#2965);
#2965 = CARTESIAN_POINT('',(0.125,2.1,2.E-02));
#2966 = SURFACE_CURVE('',#2967,(#2971,#2977),.PCURVE_S1.);
#2967 = LINE('',#2968,#2969);
#2968 = CARTESIAN_POINT('',(0.125,1.05,2.E-02));
#2969 = VECTOR('',#2970,1.);
#2970 = DIRECTION('',(0.,-1.,0.));
#2971 = PCURVE('',#182,#2972);
#2972 = DEFINITIONAL_REPRESENTATION('',(#2973),#2976);
#2973 = B_SPLINE_CURVE_WITH_KNOTS('',1,(#2974,#2975),.UNSPECIFIED.,.F.,
  .F.,(2,2),(-1.45,-1.05),.PIECEWISE_BEZIER_KNOTS.);
#2974 = CARTESIAN_POINT('',(0.125,2.5));
#2975 = CARTESIAN_POINT('',(0.125,2.1));
#2976 = ( GEOMETRIC_REPRESENTATION_CONTEXT(2) 
PARAMETRIC_REPRESENTATION_CONTEXT() REPRESENTATION_CONTEXT('2D SPACE',''
  ) );
#2977 = PCURVE('',#2978,#2983);
#2978 = PLANE('',#2979);
#2979 = AXIS2_PLACEMENT_3D('',#2980,#2981,#2982);
#2980 = CARTESIAN_POINT('',(0.125,2.1,0.));
#2981 = DIRECTION('',(-1.,0.,0.));
#2982 = DIRECTION('',(0.,1.,0.));
#2983 = DEFINITIONAL_REPRESENTATION('',(#2984),#2987);
#2984 = B_SPLINE_CURVE_WITH_KNOTS('',1,(#2985,#2986),.UNSPECIFIED.,.F.,
  .F.,(2,2),(-1.45,-1.05),.PIECEWISE_BEZIER_KNOTS.);
#2985 = CARTESIAN_POINT('',(0.4,-2.E-02));
#2986 = CARTESIAN_POINT('',(0.,-2.E-02));
#2987 = ( GEOMETRIC_REPRESENTATION_CONTEXT(2) 
PARAMETRIC_REPRESENTATION_CONTEXT() REPRESENTATION_CONTEXT('2D SPACE',''
  ) );
#2988 = ORIENTED_EDGE('',*,*,#2989,.T.);
#2989 = EDGE_CURVE('',#2964,#2990,#2992,.T.);
#2990 = VERTEX_POINT('',#2991);
#2991 = CARTESIAN_POINT('',(-0.125,2.1,2.E-02));
#2992 = SURFACE_CURVE('',#2993,(#2997,#3003),.PCURVE_S1.);
#2993 = LINE('',#2994,#2995);
#2994 = CARTESIAN_POINT('',(-6.25E-02,2.1,2.E-02));
#2995 = VECTOR('',#2996,1.);
#2996 = DIRECTION('',(-1.,0.,0.));
#2997 = PCURVE('',#182,#2998);
#2998 = DEFINITIONAL_REPRESENTATION('',(#2999),#3002);
#2999 = B_SPLINE_CURVE_WITH_KNOTS('',1,(#3000,#3001),.UNSPECIFIED.,.F.,
  .F.,(2,2),(-0.1875,6.25E-02),.PIECEWISE_BEZIER_KNOTS.);
#3000 = CARTESIAN_POINT('',(0.125,2.1));
#3001 = CARTESIAN_POINT('',(-0.125,2.1));
#3002 = ( GEOMETRIC_REPRESENTATION_CONTEXT(2) 
PARAMETRIC_REPRESENTATION_CONTEXT() REPRESENTATION_CONTEXT('2D SPACE',''
  ) );
#3003 = PCURVE('',#3004,#3009);
#3004 = PLANE('',#3005);
#3005 = AXIS2_PLACEMENT_3D('',#3006,#3007,#3008);
#3006 = CARTESIAN_POINT('',(-0.125,2.1,0.));
#3007 = DIRECTION('',(0.,1.,0.));
#3008 = DIRECTION('',(1.,0.,0.));
#3009 = DEFINITIONAL_REPRESENTATION('',(#3010),#3013);
#3010 = B_SPLINE_CURVE_WITH_KNOTS('',1,(#3011,#3012),.UNSPECIFIED.,.F.,
  .F.,(2,2),(-0.1875,6.25E-02),.PIECEWISE_BEZIER_KNOTS.);
#3011 = CARTESIAN_POINT('',(0.25,-2.E-02));
#3012 = CARTESIAN_POINT('',(0.,-2.E-02));
#3013 = ( GEOMETRIC_REPRESENTATION_CONTEXT(2) 
PARAMETRIC_REPRESENTATION_CONTEXT() REPRESENTATION_CONTEXT('2D SPACE',''
  ) );
#3014 = ORIENTED_EDGE('',*,*,#3015,.T.);
#3015 = EDGE_CURVE('',#2990,#3016,#3018,.T.);
#3016 = VERTEX_POINT('',#3017);
#3017 = CARTESIAN_POINT('',(-0.125,2.5,2.E-02));
#3018 = SURFACE_CURVE('',#3019,(#3023,#3029),.PCURVE_S1.);
#3019 = LINE('',#3020,#3021);
#3020 = CARTESIAN_POINT('',(-0.125,1.25,2.E-02));
#3021 = VECTOR('',#3022,1.);
#3022 = DIRECTION('',(-0.,1.,0.));
#3023 = PCURVE('',#182,#3024);
#3024 = DEFINITIONAL_REPRESENTATION('',(#3025),#3028);
#3025 = B_SPLINE_CURVE_WITH_KNOTS('',1,(#3026,#3027),.UNSPECIFIED.,.F.,
  .F.,(2,2),(0.85,1.25),.PIECEWISE_BEZIER_KNOTS.);
#3026 = CARTESIAN_POINT('',(-0.125,2.1));
#3027 = CARTESIAN_POINT('',(-0.125,2.5));
#3028 = ( GEOMETRIC_REPRESENTATION_CONTEXT(2) 
PARAMETRIC_REPRESENTATION_CONTEXT() REPRESENTATION_CONTEXT('2D SPACE',''
  ) );
#3029 = PCURVE('',#3030,#3035);
#3030 = PLANE('',#3031);
#3031 = AXIS2_PLACEMENT_3D('',#3032,#3033,#3034);
#3032 = CARTESIAN_POINT('',(-0.125,2.5,0.));
#3033 = DIRECTION('',(1.,0.,-0.));
#3034 = DIRECTION('',(0.,-1.,0.));
#3035 = DEFINITIONAL_REPRESENTATION('',(#3036),#3039);
#3036 = B_SPLINE_CURVE_WITH_KNOTS('',1,(#3037,#3038),.UNSPECIFIED.,.F.,
  .F.,(2,2),(0.85,1.25),.PIECEWISE_BEZIER_KNOTS.);
#3037 = CARTESIAN_POINT('',(0.4,-2.E-02));
#3038 = CARTESIAN_POINT('',(0.,-2.E-02));
#3039 = ( GEOMETRIC_REPRESENTATION_CONTEXT(2) 
PARAMETRIC_REPRESENTATION_CONTEXT() REPRESENTATION_CONTEXT('2D SPACE',''
  ) );
#3040 = ORIENTED_EDGE('',*,*,#3041,.T.);
#3041 = EDGE_CURVE('',#3016,#3042,#3044,.T.);
#3042 = VERTEX_POINT('',#3043);
#3043 = CARTESIAN_POINT('',(-0.375,2.5,2.E-02));
#3044 = SURFACE_CURVE('',#3045,(#3049,#3056),.PCURVE_S1.);
#3045 = LINE('',#3046,#3047);
#3046 = CARTESIAN_POINT('',(2.5,2.5,2.E-02));
#3047 = VECTOR('',#3048,1.);
#3048 = DIRECTION('',(-1.,0.,0.));
#3049 = PCURVE('',#182,#3050);
#3050 = DEFINITIONAL_REPRESENTATION('',(#3051),#3055);
#3051 = LINE('',#3052,#3053);
#3052 = CARTESIAN_POINT('',(2.5,2.5));
#3053 = VECTOR('',#3054,1.);
#3054 = DIRECTION('',(-1.,0.));
#3055 = ( GEOMETRIC_REPRESENTATION_CONTEXT(2) 
PARAMETRIC_REPRESENTATION_CONTEXT() REPRESENTATION_CONTEXT('2D SPACE',''
  ) );
#3056 = PCURVE('',#2648,#3057);
#3057 = DEFINITIONAL_REPRESENTATION('',(#3058),#3062);
#3058 = LINE('',#3059,#3060);
#3059 = CARTESIAN_POINT('',(0.,-0.));
#3060 = VECTOR('',#3061,1.);
#3061 = DIRECTION('',(1.,0.));
#3062 = ( GEOMETRIC_REPRESENTATION_CONTEXT(2) 
PARAMETRIC_REPRESENTATION_CONTEXT() REPRESENTATION_CONTEXT('2D SPACE',''
  ) );
#3063 = ORIENTED_EDGE('',*,*,#3064,.T.);
#3064 = EDGE_CURVE('',#3042,#3065,#3067,.T.);
#3065 = VERTEX_POINT('',#3066);
#3066 = CARTESIAN_POINT('',(-0.375,2.1,2.E-02));
#3067 = SURFACE_CURVE('',#3068,(#3072,#3078),.PCURVE_S1.);
#3068 = LINE('',#3069,#3070);
#3069 = CARTESIAN_POINT('',(-0.375,1.05,2.E-02));
#3070 = VECTOR('',#3071,1.);
#3071 = DIRECTION('',(0.,-1.,0.));
#3072 = PCURVE('',#182,#3073);
#3073 = DEFINITIONAL_REPRESENTATION('',(#3074),#3077);
#3074 = B_SPLINE_CURVE_WITH_KNOTS('',1,(#3075,#3076),.UNSPECIFIED.,.F.,
  .F.,(2,2),(-1.45,-1.05),.PIECEWISE_BEZIER_KNOTS.);
#3075 = CARTESIAN_POINT('',(-0.375,2.5));
#3076 = CARTESIAN_POINT('',(-0.375,2.1));
#3077 = ( GEOMETRIC_REPRESENTATION_CONTEXT(2) 
PARAMETRIC_REPRESENTATION_CONTEXT() REPRESENTATION_CONTEXT('2D SPACE',''
  ) );
#3078 = PCURVE('',#3079,#3084);
#3079 = PLANE('',#3080);
#3080 = AXIS2_PLACEMENT_3D('',#3081,#3082,#3083);
#3081 = CARTESIAN_POINT('',(-0.375,2.1,0.));
#3082 = DIRECTION('',(-1.,0.,0.));
#3083 = DIRECTION('',(0.,1.,0.));
#3084 = DEFINITIONAL_REPRESENTATION('',(#3085),#3088);
#3085 = B_SPLINE_CURVE_WITH_KNOTS('',1,(#3086,#3087),.UNSPECIFIED.,.F.,
  .F.,(2,2),(-1.45,-1.05),.PIECEWISE_BEZIER_KNOTS.);
#3086 = CARTESIAN_POINT('',(0.4,-2.E-02));
#3087 = CARTESIAN_POINT('',(0.,-2.E-02));
#3088 = ( GEOMETRIC_REPRESENTATION_CONTEXT(2) 
PARAMETRIC_REPRESENTATION_CONTEXT() REPRESENTATION_CONTEXT('2D SPACE',''
  ) );
#3089 = ORIENTED_EDGE('',*,*,#3090,.T.);
#3090 = EDGE_CURVE('',#3065,#3091,#3093,.T.);
#3091 = VERTEX_POINT('',#3092);
#3092 = CARTESIAN_POINT('',(-0.625,2.1,2.E-02));
#3093 = SURFACE_CURVE('',#3094,(#3098,#3104),.PCURVE_S1.);
#3094 = LINE('',#3095,#3096);
#3095 = CARTESIAN_POINT('',(-0.3125,2.1,2.E-02));
#3096 = VECTOR('',#3097,1.);
#3097 = DIRECTION('',(-1.,0.,0.));
#3098 = PCURVE('',#182,#3099);
#3099 = DEFINITIONAL_REPRESENTATION('',(#3100),#3103);
#3100 = B_SPLINE_CURVE_WITH_KNOTS('',1,(#3101,#3102),.UNSPECIFIED.,.F.,
  .F.,(2,2),(6.25E-02,0.3125),.PIECEWISE_BEZIER_KNOTS.);
#3101 = CARTESIAN_POINT('',(-0.375,2.1));
#3102 = CARTESIAN_POINT('',(-0.625,2.1));
#3103 = ( GEOMETRIC_REPRESENTATION_CONTEXT(2) 
PARAMETRIC_REPRESENTATION_CONTEXT() REPRESENTATION_CONTEXT('2D SPACE',''
  ) );
#3104 = PCURVE('',#3105,#3110);
#3105 = PLANE('',#3106);
#3106 = AXIS2_PLACEMENT_3D('',#3107,#3108,#3109);
#3107 = CARTESIAN_POINT('',(-0.625,2.1,0.));
#3108 = DIRECTION('',(0.,1.,0.));
#3109 = DIRECTION('',(1.,0.,0.));
#3110 = DEFINITIONAL_REPRESENTATION('',(#3111),#3114);
#3111 = B_SPLINE_CURVE_WITH_KNOTS('',1,(#3112,#3113),.UNSPECIFIED.,.F.,
  .F.,(2,2),(6.25E-02,0.3125),.PIECEWISE_BEZIER_KNOTS.);
#3112 = CARTESIAN_POINT('',(0.25,-2.E-02));
#3113 = CARTESIAN_POINT('',(0.,-2.E-02));
#3114 = ( GEOMETRIC_REPRESENTATION_CONTEXT(2) 
PARAMETRIC_REPRESENTATION_CONTEXT() REPRESENTATION_CONTEXT('2D SPACE',''
  ) );
#3115 = ORIENTED_EDGE('',*,*,#3116,.T.);
#3116 = EDGE_CURVE('',#3091,#3117,#3119,.T.);
#3117 = VERTEX_POINT('',#3118);
#3118 = CARTESIAN_POINT('',(-0.625,2.5,2.E-02));
#3119 = SURFACE_CURVE('',#3120,(#3124,#3130),.PCURVE_S1.);
#3120 = LINE('',#3121,#3122);
#3121 = CARTESIAN_POINT('',(-0.625,1.25,2.E-02));
#3122 = VECTOR('',#3123,1.);
#3123 = DIRECTION('',(-0.,1.,0.));
#3124 = PCURVE('',#182,#3125);
#3125 = DEFINITIONAL_REPRESENTATION('',(#3126),#3129);
#3126 = B_SPLINE_CURVE_WITH_KNOTS('',1,(#3127,#3128),.UNSPECIFIED.,.F.,
  .F.,(2,2),(0.85,1.25),.PIECEWISE_BEZIER_KNOTS.);
#3127 = CARTESIAN_POINT('',(-0.625,2.1));
#3128 = CARTESIAN_POINT('',(-0.625,2.5));
#3129 = ( GEOMETRIC_REPRESENTATION_CONTEXT(2) 
PARAMETRIC_REPRESENTATION_CONTEXT() REPRESENTATION_CONTEXT('2D SPACE',''
  ) );
#3130 = PCURVE('',#3131,#3136);
#3131 = PLANE('',#3132);
#3132 = AXIS2_PLACEMENT_3D('',#3133,#3134,#3135);
#3133 = CARTESIAN_POINT('',(-0.625,2.5,0.));
#3134 = DIRECTION('',(1.,0.,-0.));
#3135 = DIRECTION('',(0.,-1.,0.));
#3136 = DEFINITIONAL_REPRESENTATION('',(#3137),#3140);
#3137 = B_SPLINE_CURVE_WITH_KNOTS('',1,(#3138,#3139),.UNSPECIFIED.,.F.,
  .F.,(2,2),(0.85,1.25),.PIECEWISE_BEZIER_KNOTS.);
#3138 = CARTESIAN_POINT('',(0.4,-2.E-02));
#3139 = CARTESIAN_POINT('',(0.,-2.E-02));
#3140 = ( GEOMETRIC_REPRESENTATION_CONTEXT(2) 
PARAMETRIC_REPRESENTATION_CONTEXT() REPRESENTATION_CONTEXT('2D SPACE',''
  ) );
#3141 = ORIENTED_EDGE('',*,*,#3142,.T.);
#3142 = EDGE_CURVE('',#3117,#3143,#3145,.T.);
#3143 = VERTEX_POINT('',#3144);
#3144 = CARTESIAN_POINT('',(-0.875,2.5,2.E-02));
#3145 = SURFACE_CURVE('',#3146,(#3150,#3157),.PCURVE_S1.);
#3146 = LINE('',#3147,#3148);
#3147 = CARTESIAN_POINT('',(2.5,2.5,2.E-02));
#3148 = VECTOR('',#3149,1.);
#3149 = DIRECTION('',(-1.,0.,0.));
#3150 = PCURVE('',#182,#3151);
#3151 = DEFINITIONAL_REPRESENTATION('',(#3152),#3156);
#3152 = LINE('',#3153,#3154);
#3153 = CARTESIAN_POINT('',(2.5,2.5));
#3154 = VECTOR('',#3155,1.);
#3155 = DIRECTION('',(-1.,0.));
#3156 = ( GEOMETRIC_REPRESENTATION_CONTEXT(2) 
PARAMETRIC_REPRESENTATION_CONTEXT() REPRESENTATION_CONTEXT('2D SPACE',''
  ) );
#3157 = PCURVE('',#2648,#3158);
#3158 = DEFINITIONAL_REPRESENTATION('',(#3159),#3163);
#3159 = LINE('',#3160,#3161);
#3160 = CARTESIAN_POINT('',(0.,-0.));
#3161 = VECTOR('',#3162,1.);
#3162 = DIRECTION('',(1.,0.));
#3163 = ( GEOMETRIC_REPRESENTATION_CONTEXT(2) 
PARAMETRIC_REPRESENTATION_CONTEXT() REPRESENTATION_CONTEXT('2D SPACE',''
  ) );
#3164 = ORIENTED_EDGE('',*,*,#3165,.T.);
#3165 = EDGE_CURVE('',#3143,#3166,#3168,.T.);
#3166 = VERTEX_POINT('',#3167);
#3167 = CARTESIAN_POINT('',(-0.875,2.1,2.E-02));
#3168 = SURFACE_CURVE('',#3169,(#3173,#3179),.PCURVE_S1.);
#3169 = LINE('',#3170,#3171);
#3170 = CARTESIAN_POINT('',(-0.875,1.05,2.E-02));
#3171 = VECTOR('',#3172,1.);
#3172 = DIRECTION('',(0.,-1.,0.));
#3173 = PCURVE('',#182,#3174);
#3174 = DEFINITIONAL_REPRESENTATION('',(#3175),#3178);
#3175 = B_SPLINE_CURVE_WITH_KNOTS('',1,(#3176,#3177),.UNSPECIFIED.,.F.,
  .F.,(2,2),(-1.45,-1.05),.PIECEWISE_BEZIER_KNOTS.);
#3176 = CARTESIAN_POINT('',(-0.875,2.5));
#3177 = CARTESIAN_POINT('',(-0.875,2.1));
#3178 = ( GEOMETRIC_REPRESENTATION_CONTEXT(2) 
PARAMETRIC_REPRESENTATION_CONTEXT() REPRESENTATION_CONTEXT('2D SPACE',''
  ) );
#3179 = PCURVE('',#3180,#3185);
#3180 = PLANE('',#3181);
#3181 = AXIS2_PLACEMENT_3D('',#3182,#3183,#3184);
#3182 = CARTESIAN_POINT('',(-0.875,2.1,0.));
#3183 = DIRECTION('',(-1.,0.,0.));
#3184 = DIRECTION('',(0.,1.,0.));
#3185 = DEFINITIONAL_REPRESENTATION('',(#3186),#3189);
#3186 = B_SPLINE_CURVE_WITH_KNOTS('',1,(#3187,#3188),.UNSPECIFIED.,.F.,
  .F.,(2,2),(-1.45,-1.05),.PIECEWISE_BEZIER_KNOTS.);
#3187 = CARTESIAN_POINT('',(0.4,-2.E-02));
#3188 = CARTESIAN_POINT('',(0.,-2.E-02));
#3189 = ( GEOMETRIC_REPRESENTATION_CONTEXT(2) 
PARAMETRIC_REPRESENTATION_CONTEXT() REPRESENTATION_CONTEXT('2D SPACE',''
  ) );
#3190 = ORIENTED_EDGE('',*,*,#3191,.T.);
#3191 = EDGE_CURVE('',#3166,#3192,#3194,.T.);
#3192 = VERTEX_POINT('',#3193);
#3193 = CARTESIAN_POINT('',(-1.125,2.1,2.E-02));
#3194 = SURFACE_CURVE('',#3195,(#3199,#3205),.PCURVE_S1.);
#3195 = LINE('',#3196,#3197);
#3196 = CARTESIAN_POINT('',(-0.5625,2.1,2.E-02));
#3197 = VECTOR('',#3198,1.);
#3198 = DIRECTION('',(-1.,0.,0.));
#3199 = PCURVE('',#182,#3200);
#3200 = DEFINITIONAL_REPRESENTATION('',(#3201),#3204);
#3201 = B_SPLINE_CURVE_WITH_KNOTS('',1,(#3202,#3203),.UNSPECIFIED.,.F.,
  .F.,(2,2),(0.3125,0.5625),.PIECEWISE_BEZIER_KNOTS.);
#3202 = CARTESIAN_POINT('',(-0.875,2.1));
#3203 = CARTESIAN_POINT('',(-1.125,2.1));
#3204 = ( GEOMETRIC_REPRESENTATION_CONTEXT(2) 
PARAMETRIC_REPRESENTATION_CONTEXT() REPRESENTATION_CONTEXT('2D SPACE',''
  ) );
#3205 = PCURVE('',#3206,#3211);
#3206 = PLANE('',#3207);
#3207 = AXIS2_PLACEMENT_3D('',#3208,#3209,#3210);
#3208 = CARTESIAN_POINT('',(-1.125,2.1,0.));
#3209 = DIRECTION('',(0.,1.,0.));
#3210 = DIRECTION('',(1.,0.,0.));
#3211 = DEFINITIONAL_REPRESENTATION('',(#3212),#3215);
#3212 = B_SPLINE_CURVE_WITH_KNOTS('',1,(#3213,#3214),.UNSPECIFIED.,.F.,
  .F.,(2,2),(0.3125,0.5625),.PIECEWISE_BEZIER_KNOTS.);
#3213 = CARTESIAN_POINT('',(0.25,-2.E-02));
#3214 = CARTESIAN_POINT('',(0.,-2.E-02));
#3215 = ( GEOMETRIC_REPRESENTATION_CONTEXT(2) 
PARAMETRIC_REPRESENTATION_CONTEXT() REPRESENTATION_CONTEXT('2D SPACE',''
  ) );
#3216 = ORIENTED_EDGE('',*,*,#3217,.T.);
#3217 = EDGE_CURVE('',#3192,#3218,#3220,.T.);
#3218 = VERTEX_POINT('',#3219);
#3219 = CARTESIAN_POINT('',(-1.125,2.5,2.E-02));
#3220 = SURFACE_CURVE('',#3221,(#3225,#3231),.PCURVE_S1.);
#3221 = LINE('',#3222,#3223);
#3222 = CARTESIAN_POINT('',(-1.125,1.25,2.E-02));
#3223 = VECTOR('',#3224,1.);
#3224 = DIRECTION('',(-0.,1.,0.));
#3225 = PCURVE('',#182,#3226);
#3226 = DEFINITIONAL_REPRESENTATION('',(#3227),#3230);
#3227 = B_SPLINE_CURVE_WITH_KNOTS('',1,(#3228,#3229),.UNSPECIFIED.,.F.,
  .F.,(2,2),(0.85,1.25),.PIECEWISE_BEZIER_KNOTS.);
#3228 = CARTESIAN_POINT('',(-1.125,2.1));
#3229 = CARTESIAN_POINT('',(-1.125,2.5));
#3230 = ( GEOMETRIC_REPRESENTATION_CONTEXT(2) 
PARAMETRIC_REPRESENTATION_CONTEXT() REPRESENTATION_CONTEXT('2D SPACE',''
  ) );
#3231 = PCURVE('',#3232,#3237);
#3232 = PLANE('',#3233);
#3233 = AXIS2_PLACEMENT_3D('',#3234,#3235,#3236);
#3234 = CARTESIAN_POINT('',(-1.125,2.5,0.));
#3235 = DIRECTION('',(1.,0.,-0.));
#3236 = DIRECTION('',(0.,-1.,0.));
#3237 = DEFINITIONAL_REPRESENTATION('',(#3238),#3241);
#3238 = B_SPLINE_CURVE_WITH_KNOTS('',1,(#3239,#3240),.UNSPECIFIED.,.F.,
  .F.,(2,2),(0.85,1.25),.PIECEWISE_BEZIER_KNOTS.);
#3239 = CARTESIAN_POINT('',(0.4,-2.E-02));
#3240 = CARTESIAN_POINT('',(0.,-2.E-02));
#3241 = ( GEOMETRIC_REPRESENTATION_CONTEXT(2) 
PARAMETRIC_REPRESENTATION_CONTEXT() REPRESENTATION_CONTEXT('2D SPACE',''
  ) );
#3242 = ORIENTED_EDGE('',*,*,#3243,.T.);
#3243 = EDGE_CURVE('',#3218,#3244,#3246,.T.);
#3244 = VERTEX_POINT('',#3245);
#3245 = CARTESIAN_POINT('',(-1.375,2.5,2.E-02));
#3246 = SURFACE_CURVE('',#3247,(#3251,#3258),.PCURVE_S1.);
#3247 = LINE('',#3248,#3249);
#3248 = CARTESIAN_POINT('',(2.5,2.5,2.E-02));
#3249 = VECTOR('',#3250,1.);
#3250 = DIRECTION('',(-1.,0.,0.));
#3251 = PCURVE('',#182,#3252);
#3252 = DEFINITIONAL_REPRESENTATION('',(#3253),#3257);
#3253 = LINE('',#3254,#3255);
#3254 = CARTESIAN_POINT('',(2.5,2.5));
#3255 = VECTOR('',#3256,1.);
#3256 = DIRECTION('',(-1.,0.));
#3257 = ( GEOMETRIC_REPRESENTATION_CONTEXT(2) 
PARAMETRIC_REPRESENTATION_CONTEXT() REPRESENTATION_CONTEXT('2D SPACE',''
  ) );
#3258 = PCURVE('',#2648,#3259);
#3259 = DEFINITIONAL_REPRESENTATION('',(#3260),#3264);
#3260 = LINE('',#3261,#3262);
#3261 = CARTESIAN_POINT('',(0.,-0.));
#3262 = VECTOR('',#3263,1.);
#3263 = DIRECTION('',(1.,0.));
#3264 = ( GEOMETRIC_REPRESENTATION_CONTEXT(2) 
PARAMETRIC_REPRESENTATION_CONTEXT() REPRESENTATION_CONTEXT('2D SPACE',''
  ) );
#3265 = ORIENTED_EDGE('',*,*,#3266,.T.);
#3266 = EDGE_CURVE('',#3244,#3267,#3269,.T.);
#3267 = VERTEX_POINT('',#3268);
#3268 = CARTESIAN_POINT('',(-1.375,2.1,2.E-02));
#3269 = SURFACE_CURVE('',#3270,(#3274,#3280),.PCURVE_S1.);
#3270 = LINE('',#3271,#3272);
#3271 = CARTESIAN_POINT('',(-1.375,1.05,2.E-02));
#3272 = VECTOR('',#3273,1.);
#3273 = DIRECTION('',(0.,-1.,0.));
#3274 = PCURVE('',#182,#3275);
#3275 = DEFINITIONAL_REPRESENTATION('',(#3276),#3279);
#3276 = B_SPLINE_CURVE_WITH_KNOTS('',1,(#3277,#3278),.UNSPECIFIED.,.F.,
  .F.,(2,2),(-1.45,-1.05),.PIECEWISE_BEZIER_KNOTS.);
#3277 = CARTESIAN_POINT('',(-1.375,2.5));
#3278 = CARTESIAN_POINT('',(-1.375,2.1));
#3279 = ( GEOMETRIC_REPRESENTATION_CONTEXT(2) 
PARAMETRIC_REPRESENTATION_CONTEXT() REPRESENTATION_CONTEXT('2D SPACE',''
  ) );
#3280 = PCURVE('',#3281,#3286);
#3281 = PLANE('',#3282);
#3282 = AXIS2_PLACEMENT_3D('',#3283,#3284,#3285);
#3283 = CARTESIAN_POINT('',(-1.375,2.1,0.));
#3284 = DIRECTION('',(-1.,0.,0.));
#3285 = DIRECTION('',(0.,1.,0.));
#3286 = DEFINITIONAL_REPRESENTATION('',(#3287),#3290);
#3287 = B_SPLINE_CURVE_WITH_KNOTS('',1,(#3288,#3289),.UNSPECIFIED.,.F.,
  .F.,(2,2),(-1.45,-1.05),.PIECEWISE_BEZIER_KNOTS.);
#3288 = CARTESIAN_POINT('',(0.4,-2.E-02));
#3289 = CARTESIAN_POINT('',(0.,-2.E-02));
#3290 = ( GEOMETRIC_REPRESENTATION_CONTEXT(2) 
PARAMETRIC_REPRESENTATION_CONTEXT() REPRESENTATION_CONTEXT('2D SPACE',''
  ) );
#3291 = ORIENTED_EDGE('',*,*,#3292,.T.);
#3292 = EDGE_CURVE('',#3267,#3293,#3295,.T.);
#3293 = VERTEX_POINT('',#3294);
#3294 = CARTESIAN_POINT('',(-1.625,2.1,2.E-02));
#3295 = SURFACE_CURVE('',#3296,(#3300,#3306),.PCURVE_S1.);
#3296 = LINE('',#3297,#3298);
#3297 = CARTESIAN_POINT('',(-0.8125,2.1,2.E-02));
#3298 = VECTOR('',#3299,1.);
#3299 = DIRECTION('',(-1.,0.,0.));
#3300 = PCURVE('',#182,#3301);
#3301 = DEFINITIONAL_REPRESENTATION('',(#3302),#3305);
#3302 = B_SPLINE_CURVE_WITH_KNOTS('',1,(#3303,#3304),.UNSPECIFIED.,.F.,
  .F.,(2,2),(0.5625,0.8125),.PIECEWISE_BEZIER_KNOTS.);
#3303 = CARTESIAN_POINT('',(-1.375,2.1));
#3304 = CARTESIAN_POINT('',(-1.625,2.1));
#3305 = ( GEOMETRIC_REPRESENTATION_CONTEXT(2) 
PARAMETRIC_REPRESENTATION_CONTEXT() REPRESENTATION_CONTEXT('2D SPACE',''
  ) );
#3306 = PCURVE('',#3307,#3312);
#3307 = PLANE('',#3308);
#3308 = AXIS2_PLACEMENT_3D('',#3309,#3310,#3311);
#3309 = CARTESIAN_POINT('',(-1.625,2.1,0.));
#3310 = DIRECTION('',(0.,1.,0.));
#3311 = DIRECTION('',(1.,0.,0.));
#3312 = DEFINITIONAL_REPRESENTATION('',(#3313),#3316);
#3313 = B_SPLINE_CURVE_WITH_KNOTS('',1,(#3314,#3315),.UNSPECIFIED.,.F.,
  .F.,(2,2),(0.5625,0.8125),.PIECEWISE_BEZIER_KNOTS.);
#3314 = CARTESIAN_POINT('',(0.25,-2.E-02));
#3315 = CARTESIAN_POINT('',(0.,-2.E-02));
#3316 = ( GEOMETRIC_REPRESENTATION_CONTEXT(2) 
PARAMETRIC_REPRESENTATION_CONTEXT() REPRESENTATION_CONTEXT('2D SPACE',''
  ) );
#3317 = ORIENTED_EDGE('',*,*,#3318,.T.);
#3318 = EDGE_CURVE('',#3293,#3319,#3321,.T.);
#3319 = VERTEX_POINT('',#3320);
#3320 = CARTESIAN_POINT('',(-1.625,2.5,2.E-02));
#3321 = SURFACE_CURVE('',#3322,(#3326,#3332),.PCURVE_S1.);
#3322 = LINE('',#3323,#3324);
#3323 = CARTESIAN_POINT('',(-1.625,1.25,2.E-02));
#3324 = VECTOR('',#3325,1.);
#3325 = DIRECTION('',(-0.,1.,0.));
#3326 = PCURVE('',#182,#3327);
#3327 = DEFINITIONAL_REPRESENTATION('',(#3328),#3331);
#3328 = B_SPLINE_CURVE_WITH_KNOTS('',1,(#3329,#3330),.UNSPECIFIED.,.F.,
  .F.,(2,2),(0.85,1.25),.PIECEWISE_BEZIER_KNOTS.);
#3329 = CARTESIAN_POINT('',(-1.625,2.1));
#3330 = CARTESIAN_POINT('',(-1.625,2.5));
#3331 = ( GEOMETRIC_REPRESENTATION_CONTEXT(2) 
PARAMETRIC_REPRESENTATION_CONTEXT() REPRESENTATION_CONTEXT('2D SPACE',''
  ) );
#3332 = PCURVE('',#3333,#3338);
#3333 = PLANE('',#3334);
#3334 = AXIS2_PLACEMENT_3D('',#3335,#3336,#3337);
#3335 = CARTESIAN_POINT('',(-1.625,2.5,0.));
#3336 = DIRECTION('',(1.,0.,-0.));
#3337 = DIRECTION('',(0.,-1.,0.));
#3338 = DEFINITIONAL_REPRESENTATION('',(#3339),#3342);
#3339 = B_SPLINE_CURVE_WITH_KNOTS('',1,(#3340,#3341),.UNSPECIFIED.,.F.,
  .F.,(2,2),(0.85,1.25),.PIECEWISE_BEZIER_KNOTS.);
#3340 = CARTESIAN_POINT('',(0.4,-2.E-02));
#3341 = CARTESIAN_POINT('',(0.,-2.E-02));
#3342 = ( GEOMETRIC_REPRESENTATION_CONTEXT(2) 
PARAMETRIC_REPRESENTATION_CONTEXT() REPRESENTATION_CONTEXT('2D SPACE',''
  ) );
#3343 = ORIENTED_EDGE('',*,*,#3344,.T.);
#3344 = EDGE_CURVE('',#3319,#3345,#3347,.T.);
#3345 = VERTEX_POINT('',#3346);
#3346 = CARTESIAN_POINT('',(-2.5,2.5,2.E-02));
#3347 = SURFACE_CURVE('',#3348,(#3352,#3359),.PCURVE_S1.);
#3348 = LINE('',#3349,#3350);
#3349 = CARTESIAN_POINT('',(2.5,2.5,2.E-02));
#3350 = VECTOR('',#3351,1.);
#3351 = DIRECTION('',(-1.,0.,0.));
#3352 = PCURVE('',#182,#3353);
#3353 = DEFINITIONAL_REPRESENTATION('',(#3354),#3358);
#3354 = LINE('',#3355,#3356);
#3355 = CARTESIAN_POINT('',(2.5,2.5));
#3356 = VECTOR('',#3357,1.);
#3357 = DIRECTION('',(-1.,0.));
#3358 = ( GEOMETRIC_REPRESENTATION_CONTEXT(2) 
PARAMETRIC_REPRESENTATION_CONTEXT() REPRESENTATION_CONTEXT('2D SPACE',''
  ) );
#3359 = PCURVE('',#2648,#3360);
#3360 = DEFINITIONAL_REPRESENTATION('',(#3361),#3365);
#3361 = LINE('',#3362,#3363);
#3362 = CARTESIAN_POINT('',(0.,-0.));
#3363 = VECTOR('',#3364,1.);
#3364 = DIRECTION('',(1.,0.));
#3365 = ( GEOMETRIC_REPRESENTATION_CONTEXT(2) 
PARAMETRIC_REPRESENTATION_CONTEXT() REPRESENTATION_CONTEXT('2D SPACE',''
  ) );
#3366 = ORIENTED_EDGE('',*,*,#3367,.T.);
#3367 = EDGE_CURVE('',#3345,#3368,#3370,.T.);
#3368 = VERTEX_POINT('',#3369);
#3369 = CARTESIAN_POINT('',(-2.5,1.625,2.E-02));
#3370 = SURFACE_CURVE('',#3371,(#3375,#3382),.PCURVE_S1.);
#3371 = LINE('',#3372,#3373);
#3372 = CARTESIAN_POINT('',(-2.5,2.5,2.E-02));
#3373 = VECTOR('',#3374,1.);
#3374 = DIRECTION('',(0.,-1.,0.));
#3375 = PCURVE('',#182,#3376);
#3376 = DEFINITIONAL_REPRESENTATION('',(#3377),#3381);
#3377 = LINE('',#3378,#3379);
#3378 = CARTESIAN_POINT('',(-2.5,2.5));
#3379 = VECTOR('',#3380,1.);
#3380 = DIRECTION('',(0.,-1.));
#3381 = ( GEOMETRIC_REPRESENTATION_CONTEXT(2) 
PARAMETRIC_REPRESENTATION_CONTEXT() REPRESENTATION_CONTEXT('2D SPACE',''
  ) );
#3382 = PCURVE('',#210,#3383);
#3383 = DEFINITIONAL_REPRESENTATION('',(#3384),#3388);
#3384 = LINE('',#3385,#3386);
#3385 = CARTESIAN_POINT('',(0.,0.));
#3386 = VECTOR('',#3387,1.);
#3387 = DIRECTION('',(1.,0.));
#3388 = ( GEOMETRIC_REPRESENTATION_CONTEXT(2) 
PARAMETRIC_REPRESENTATION_CONTEXT() REPRESENTATION_CONTEXT('2D SPACE',''
  ) );
#3389 = ORIENTED_EDGE('',*,*,#3390,.T.);
#3390 = EDGE_CURVE('',#3368,#3391,#3393,.T.);
#3391 = VERTEX_POINT('',#3392);
#3392 = CARTESIAN_POINT('',(-2.1,1.625,2.E-02));
#3393 = SURFACE_CURVE('',#3394,(#3398,#3404),.PCURVE_S1.);
#3394 = LINE('',#3395,#3396);
#3395 = CARTESIAN_POINT('',(-1.05,1.625,2.E-02));
#3396 = VECTOR('',#3397,1.);
#3397 = DIRECTION('',(1.,0.,-0.));
#3398 = PCURVE('',#182,#3399);
#3399 = DEFINITIONAL_REPRESENTATION('',(#3400),#3403);
#3400 = B_SPLINE_CURVE_WITH_KNOTS('',1,(#3401,#3402),.UNSPECIFIED.,.F.,
  .F.,(2,2),(-1.45,-1.05),.PIECEWISE_BEZIER_KNOTS.);
#3401 = CARTESIAN_POINT('',(-2.5,1.625));
#3402 = CARTESIAN_POINT('',(-2.1,1.625));
#3403 = ( GEOMETRIC_REPRESENTATION_CONTEXT(2) 
PARAMETRIC_REPRESENTATION_CONTEXT() REPRESENTATION_CONTEXT('2D SPACE',''
  ) );
#3404 = PCURVE('',#3405,#3410);
#3405 = PLANE('',#3406);
#3406 = AXIS2_PLACEMENT_3D('',#3407,#3408,#3409);
#3407 = CARTESIAN_POINT('',(-2.1,1.625,0.));
#3408 = DIRECTION('',(0.,-1.,0.));
#3409 = DIRECTION('',(-1.,0.,0.));
#3410 = DEFINITIONAL_REPRESENTATION('',(#3411),#3414);
#3411 = B_SPLINE_CURVE_WITH_KNOTS('',1,(#3412,#3413),.UNSPECIFIED.,.F.,
  .F.,(2,2),(-1.45,-1.05),.PIECEWISE_BEZIER_KNOTS.);
#3412 = CARTESIAN_POINT('',(0.4,-2.E-02));
#3413 = CARTESIAN_POINT('',(0.,-2.E-02));
#3414 = ( GEOMETRIC_REPRESENTATION_CONTEXT(2) 
PARAMETRIC_REPRESENTATION_CONTEXT() REPRESENTATION_CONTEXT('2D SPACE',''
  ) );
#3415 = ORIENTED_EDGE('',*,*,#3416,.T.);
#3416 = EDGE_CURVE('',#3391,#3417,#3419,.T.);
#3417 = VERTEX_POINT('',#3418);
#3418 = CARTESIAN_POINT('',(-2.1,1.375,2.E-02));
#3419 = SURFACE_CURVE('',#3420,(#3424,#3430),.PCURVE_S1.);
#3420 = LINE('',#3421,#3422);
#3421 = CARTESIAN_POINT('',(-2.1,0.6875,2.E-02));
#3422 = VECTOR('',#3423,1.);
#3423 = DIRECTION('',(0.,-1.,0.));
#3424 = PCURVE('',#182,#3425);
#3425 = DEFINITIONAL_REPRESENTATION('',(#3426),#3429);
#3426 = B_SPLINE_CURVE_WITH_KNOTS('',1,(#3427,#3428),.UNSPECIFIED.,.F.,
  .F.,(2,2),(-0.9375,-0.6875),.PIECEWISE_BEZIER_KNOTS.);
#3427 = CARTESIAN_POINT('',(-2.1,1.625));
#3428 = CARTESIAN_POINT('',(-2.1,1.375));
#3429 = ( GEOMETRIC_REPRESENTATION_CONTEXT(2) 
PARAMETRIC_REPRESENTATION_CONTEXT() REPRESENTATION_CONTEXT('2D SPACE',''
  ) );
#3430 = PCURVE('',#3431,#3436);
#3431 = PLANE('',#3432);
#3432 = AXIS2_PLACEMENT_3D('',#3433,#3434,#3435);
#3433 = CARTESIAN_POINT('',(-2.1,1.375,0.));
#3434 = DIRECTION('',(-1.,0.,0.));
#3435 = DIRECTION('',(0.,1.,0.));
#3436 = DEFINITIONAL_REPRESENTATION('',(#3437),#3440);
#3437 = B_SPLINE_CURVE_WITH_KNOTS('',1,(#3438,#3439),.UNSPECIFIED.,.F.,
  .F.,(2,2),(-0.9375,-0.6875),.PIECEWISE_BEZIER_KNOTS.);
#3438 = CARTESIAN_POINT('',(0.25,-2.E-02));
#3439 = CARTESIAN_POINT('',(0.,-2.E-02));
#3440 = ( GEOMETRIC_REPRESENTATION_CONTEXT(2) 
PARAMETRIC_REPRESENTATION_CONTEXT() REPRESENTATION_CONTEXT('2D SPACE',''
  ) );
#3441 = ORIENTED_EDGE('',*,*,#3442,.T.);
#3442 = EDGE_CURVE('',#3417,#3443,#3445,.T.);
#3443 = VERTEX_POINT('',#3444);
#3444 = CARTESIAN_POINT('',(-2.5,1.375,2.E-02));
#3445 = SURFACE_CURVE('',#3446,(#3450,#3456),.PCURVE_S1.);
#3446 = LINE('',#3447,#3448);
#3447 = CARTESIAN_POINT('',(-1.25,1.375,2.E-02));
#3448 = VECTOR('',#3449,1.);
#3449 = DIRECTION('',(-1.,0.,0.));
#3450 = PCURVE('',#182,#3451);
#3451 = DEFINITIONAL_REPRESENTATION('',(#3452),#3455);
#3452 = B_SPLINE_CURVE_WITH_KNOTS('',1,(#3453,#3454),.UNSPECIFIED.,.F.,
  .F.,(2,2),(0.85,1.25),.PIECEWISE_BEZIER_KNOTS.);
#3453 = CARTESIAN_POINT('',(-2.1,1.375));
#3454 = CARTESIAN_POINT('',(-2.5,1.375));
#3455 = ( GEOMETRIC_REPRESENTATION_CONTEXT(2) 
PARAMETRIC_REPRESENTATION_CONTEXT() REPRESENTATION_CONTEXT('2D SPACE',''
  ) );
#3456 = PCURVE('',#3457,#3462);
#3457 = PLANE('',#3458);
#3458 = AXIS2_PLACEMENT_3D('',#3459,#3460,#3461);
#3459 = CARTESIAN_POINT('',(-2.5,1.375,0.));
#3460 = DIRECTION('',(0.,1.,0.));
#3461 = DIRECTION('',(1.,0.,0.));
#3462 = DEFINITIONAL_REPRESENTATION('',(#3463),#3466);
#3463 = B_SPLINE_CURVE_WITH_KNOTS('',1,(#3464,#3465),.UNSPECIFIED.,.F.,
  .F.,(2,2),(0.85,1.25),.PIECEWISE_BEZIER_KNOTS.);
#3464 = CARTESIAN_POINT('',(0.4,-2.E-02));
#3465 = CARTESIAN_POINT('',(0.,-2.E-02));
#3466 = ( GEOMETRIC_REPRESENTATION_CONTEXT(2) 
PARAMETRIC_REPRESENTATION_CONTEXT() REPRESENTATION_CONTEXT('2D SPACE',''
  ) );
#3467 = ORIENTED_EDGE('',*,*,#3468,.T.);
#3468 = EDGE_CURVE('',#3443,#3469,#3471,.T.);
#3469 = VERTEX_POINT('',#3470);
#3470 = CARTESIAN_POINT('',(-2.5,1.125,2.E-02));
#3471 = SURFACE_CURVE('',#3472,(#3476,#3483),.PCURVE_S1.);
#3472 = LINE('',#3473,#3474);
#3473 = CARTESIAN_POINT('',(-2.5,2.5,2.E-02));
#3474 = VECTOR('',#3475,1.);
#3475 = DIRECTION('',(0.,-1.,0.));
#3476 = PCURVE('',#182,#3477);
#3477 = DEFINITIONAL_REPRESENTATION('',(#3478),#3482);
#3478 = LINE('',#3479,#3480);
#3479 = CARTESIAN_POINT('',(-2.5,2.5));
#3480 = VECTOR('',#3481,1.);
#3481 = DIRECTION('',(0.,-1.));
#3482 = ( GEOMETRIC_REPRESENTATION_CONTEXT(2) 
PARAMETRIC_REPRESENTATION_CONTEXT() REPRESENTATION_CONTEXT('2D SPACE',''
  ) );
#3483 = PCURVE('',#210,#3484);
#3484 = DEFINITIONAL_REPRESENTATION('',(#3485),#3489);
#3485 = LINE('',#3486,#3487);
#3486 = CARTESIAN_POINT('',(0.,0.));
#3487 = VECTOR('',#3488,1.);
#3488 = DIRECTION('',(1.,0.));
#3489 = ( GEOMETRIC_REPRESENTATION_CONTEXT(2) 
PARAMETRIC_REPRESENTATION_CONTEXT() REPRESENTATION_CONTEXT('2D SPACE',''
  ) );
#3490 = ORIENTED_EDGE('',*,*,#3491,.T.);
#3491 = EDGE_CURVE('',#3469,#3492,#3494,.T.);
#3492 = VERTEX_POINT('',#3493);
#3493 = CARTESIAN_POINT('',(-2.1,1.125,2.E-02));
#3494 = SURFACE_CURVE('',#3495,(#3499,#3505),.PCURVE_S1.);
#3495 = LINE('',#3496,#3497);
#3496 = CARTESIAN_POINT('',(-1.05,1.125,2.E-02));
#3497 = VECTOR('',#3498,1.);
#3498 = DIRECTION('',(1.,0.,-0.));
#3499 = PCURVE('',#182,#3500);
#3500 = DEFINITIONAL_REPRESENTATION('',(#3501),#3504);
#3501 = B_SPLINE_CURVE_WITH_KNOTS('',1,(#3502,#3503),.UNSPECIFIED.,.F.,
  .F.,(2,2),(-1.45,-1.05),.PIECEWISE_BEZIER_KNOTS.);
#3502 = CARTESIAN_POINT('',(-2.5,1.125));
#3503 = CARTESIAN_POINT('',(-2.1,1.125));
#3504 = ( GEOMETRIC_REPRESENTATION_CONTEXT(2) 
PARAMETRIC_REPRESENTATION_CONTEXT() REPRESENTATION_CONTEXT('2D SPACE',''
  ) );
#3505 = PCURVE('',#3506,#3511);
#3506 = PLANE('',#3507);
#3507 = AXIS2_PLACEMENT_3D('',#3508,#3509,#3510);
#3508 = CARTESIAN_POINT('',(-2.1,1.125,0.));
#3509 = DIRECTION('',(0.,-1.,0.));
#3510 = DIRECTION('',(-1.,0.,0.));
#3511 = DEFINITIONAL_REPRESENTATION('',(#3512),#3515);
#3512 = B_SPLINE_CURVE_WITH_KNOTS('',1,(#3513,#3514),.UNSPECIFIED.,.F.,
  .F.,(2,2),(-1.45,-1.05),.PIECEWISE_BEZIER_KNOTS.);
#3513 = CARTESIAN_POINT('',(0.4,-2.E-02));
#3514 = CARTESIAN_POINT('',(0.,-2.E-02));
#3515 = ( GEOMETRIC_REPRESENTATION_CONTEXT(2) 
PARAMETRIC_REPRESENTATION_CONTEXT() REPRESENTATION_CONTEXT('2D SPACE',''
  ) );
#3516 = ORIENTED_EDGE('',*,*,#3517,.T.);
#3517 = EDGE_CURVE('',#3492,#3518,#3520,.T.);
#3518 = VERTEX_POINT('',#3519);
#3519 = CARTESIAN_POINT('',(-2.1,0.875,2.E-02));
#3520 = SURFACE_CURVE('',#3521,(#3525,#3531),.PCURVE_S1.);
#3521 = LINE('',#3522,#3523);
#3522 = CARTESIAN_POINT('',(-2.1,0.4375,2.E-02));
#3523 = VECTOR('',#3524,1.);
#3524 = DIRECTION('',(0.,-1.,0.));
#3525 = PCURVE('',#182,#3526);
#3526 = DEFINITIONAL_REPRESENTATION('',(#3527),#3530);
#3527 = B_SPLINE_CURVE_WITH_KNOTS('',1,(#3528,#3529),.UNSPECIFIED.,.F.,
  .F.,(2,2),(-0.6875,-0.4375),.PIECEWISE_BEZIER_KNOTS.);
#3528 = CARTESIAN_POINT('',(-2.1,1.125));
#3529 = CARTESIAN_POINT('',(-2.1,0.875));
#3530 = ( GEOMETRIC_REPRESENTATION_CONTEXT(2) 
PARAMETRIC_REPRESENTATION_CONTEXT() REPRESENTATION_CONTEXT('2D SPACE',''
  ) );
#3531 = PCURVE('',#3532,#3537);
#3532 = PLANE('',#3533);
#3533 = AXIS2_PLACEMENT_3D('',#3534,#3535,#3536);
#3534 = CARTESIAN_POINT('',(-2.1,0.875,0.));
#3535 = DIRECTION('',(-1.,0.,0.));
#3536 = DIRECTION('',(0.,1.,0.));
#3537 = DEFINITIONAL_REPRESENTATION('',(#3538),#3541);
#3538 = B_SPLINE_CURVE_WITH_KNOTS('',1,(#3539,#3540),.UNSPECIFIED.,.F.,
  .F.,(2,2),(-0.6875,-0.4375),.PIECEWISE_BEZIER_KNOTS.);
#3539 = CARTESIAN_POINT('',(0.25,-2.E-02));
#3540 = CARTESIAN_POINT('',(0.,-2.E-02));
#3541 = ( GEOMETRIC_REPRESENTATION_CONTEXT(2) 
PARAMETRIC_REPRESENTATION_CONTEXT() REPRESENTATION_CONTEXT('2D SPACE',''
  ) );
#3542 = ORIENTED_EDGE('',*,*,#3543,.T.);
#3543 = EDGE_CURVE('',#3518,#3544,#3546,.T.);
#3544 = VERTEX_POINT('',#3545);
#3545 = CARTESIAN_POINT('',(-2.5,0.875,2.E-02));
#3546 = SURFACE_CURVE('',#3547,(#3551,#3557),.PCURVE_S1.);
#3547 = LINE('',#3548,#3549);
#3548 = CARTESIAN_POINT('',(-1.25,0.875,2.E-02));
#3549 = VECTOR('',#3550,1.);
#3550 = DIRECTION('',(-1.,0.,0.));
#3551 = PCURVE('',#182,#3552);
#3552 = DEFINITIONAL_REPRESENTATION('',(#3553),#3556);
#3553 = B_SPLINE_CURVE_WITH_KNOTS('',1,(#3554,#3555),.UNSPECIFIED.,.F.,
  .F.,(2,2),(0.85,1.25),.PIECEWISE_BEZIER_KNOTS.);
#3554 = CARTESIAN_POINT('',(-2.1,0.875));
#3555 = CARTESIAN_POINT('',(-2.5,0.875));
#3556 = ( GEOMETRIC_REPRESENTATION_CONTEXT(2) 
PARAMETRIC_REPRESENTATION_CONTEXT() REPRESENTATION_CONTEXT('2D SPACE',''
  ) );
#3557 = PCURVE('',#3558,#3563);
#3558 = PLANE('',#3559);
#3559 = AXIS2_PLACEMENT_3D('',#3560,#3561,#3562);
#3560 = CARTESIAN_POINT('',(-2.5,0.875,0.));
#3561 = DIRECTION('',(0.,1.,0.));
#3562 = DIRECTION('',(1.,0.,0.));
#3563 = DEFINITIONAL_REPRESENTATION('',(#3564),#3567);
#3564 = B_SPLINE_CURVE_WITH_KNOTS('',1,(#3565,#3566),.UNSPECIFIED.,.F.,
  .F.,(2,2),(0.85,1.25),.PIECEWISE_BEZIER_KNOTS.);
#3565 = CARTESIAN_POINT('',(0.4,-2.E-02));
#3566 = CARTESIAN_POINT('',(0.,-2.E-02));
#3567 = ( GEOMETRIC_REPRESENTATION_CONTEXT(2) 
PARAMETRIC_REPRESENTATION_CONTEXT() REPRESENTATION_CONTEXT('2D SPACE',''
  ) );
#3568 = ORIENTED_EDGE('',*,*,#3569,.T.);
#3569 = EDGE_CURVE('',#3544,#3570,#3572,.T.);
#3570 = VERTEX_POINT('',#3571);
#3571 = CARTESIAN_POINT('',(-2.5,0.625,2.E-02));
#3572 = SURFACE_CURVE('',#3573,(#3577,#3584),.PCURVE_S1.);
#3573 = LINE('',#3574,#3575);
#3574 = CARTESIAN_POINT('',(-2.5,2.5,2.E-02));
#3575 = VECTOR('',#3576,1.);
#3576 = DIRECTION('',(0.,-1.,0.));
#3577 = PCURVE('',#182,#3578);
#3578 = DEFINITIONAL_REPRESENTATION('',(#3579),#3583);
#3579 = LINE('',#3580,#3581);
#3580 = CARTESIAN_POINT('',(-2.5,2.5));
#3581 = VECTOR('',#3582,1.);
#3582 = DIRECTION('',(0.,-1.));
#3583 = ( GEOMETRIC_REPRESENTATION_CONTEXT(2) 
PARAMETRIC_REPRESENTATION_CONTEXT() REPRESENTATION_CONTEXT('2D SPACE',''
  ) );
#3584 = PCURVE('',#210,#3585);
#3585 = DEFINITIONAL_REPRESENTATION('',(#3586),#3590);
#3586 = LINE('',#3587,#3588);
#3587 = CARTESIAN_POINT('',(0.,0.));
#3588 = VECTOR('',#3589,1.);
#3589 = DIRECTION('',(1.,0.));
#3590 = ( GEOMETRIC_REPRESENTATION_CONTEXT(2) 
PARAMETRIC_REPRESENTATION_CONTEXT() REPRESENTATION_CONTEXT('2D SPACE',''
  ) );
#3591 = ORIENTED_EDGE('',*,*,#3592,.T.);
#3592 = EDGE_CURVE('',#3570,#3593,#3595,.T.);
#3593 = VERTEX_POINT('',#3594);
#3594 = CARTESIAN_POINT('',(-2.1,0.625,2.E-02));
#3595 = SURFACE_CURVE('',#3596,(#3600,#3606),.PCURVE_S1.);
#3596 = LINE('',#3597,#3598);
#3597 = CARTESIAN_POINT('',(-1.05,0.625,2.E-02));
#3598 = VECTOR('',#3599,1.);
#3599 = DIRECTION('',(1.,0.,-0.));
#3600 = PCURVE('',#182,#3601);
#3601 = DEFINITIONAL_REPRESENTATION('',(#3602),#3605);
#3602 = B_SPLINE_CURVE_WITH_KNOTS('',1,(#3603,#3604),.UNSPECIFIED.,.F.,
  .F.,(2,2),(-1.45,-1.05),.PIECEWISE_BEZIER_KNOTS.);
#3603 = CARTESIAN_POINT('',(-2.5,0.625));
#3604 = CARTESIAN_POINT('',(-2.1,0.625));
#3605 = ( GEOMETRIC_REPRESENTATION_CONTEXT(2) 
PARAMETRIC_REPRESENTATION_CONTEXT() REPRESENTATION_CONTEXT('2D SPACE',''
  ) );
#3606 = PCURVE('',#3607,#3612);
#3607 = PLANE('',#3608);
#3608 = AXIS2_PLACEMENT_3D('',#3609,#3610,#3611);
#3609 = CARTESIAN_POINT('',(-2.1,0.625,0.));
#3610 = DIRECTION('',(0.,-1.,0.));
#3611 = DIRECTION('',(-1.,0.,0.));
#3612 = DEFINITIONAL_REPRESENTATION('',(#3613),#3616);
#3613 = B_SPLINE_CURVE_WITH_KNOTS('',1,(#3614,#3615),.UNSPECIFIED.,.F.,
  .F.,(2,2),(-1.45,-1.05),.PIECEWISE_BEZIER_KNOTS.);
#3614 = CARTESIAN_POINT('',(0.4,-2.E-02));
#3615 = CARTESIAN_POINT('',(0.,-2.E-02));
#3616 = ( GEOMETRIC_REPRESENTATION_CONTEXT(2) 
PARAMETRIC_REPRESENTATION_CONTEXT() REPRESENTATION_CONTEXT('2D SPACE',''
  ) );
#3617 = ORIENTED_EDGE('',*,*,#3618,.T.);
#3618 = EDGE_CURVE('',#3593,#3619,#3621,.T.);
#3619 = VERTEX_POINT('',#3620);
#3620 = CARTESIAN_POINT('',(-2.1,0.375,2.E-02));
#3621 = SURFACE_CURVE('',#3622,(#3626,#3632),.PCURVE_S1.);
#3622 = LINE('',#3623,#3624);
#3623 = CARTESIAN_POINT('',(-2.1,0.1875,2.E-02));
#3624 = VECTOR('',#3625,1.);
#3625 = DIRECTION('',(0.,-1.,0.));
#3626 = PCURVE('',#182,#3627);
#3627 = DEFINITIONAL_REPRESENTATION('',(#3628),#3631);
#3628 = B_SPLINE_CURVE_WITH_KNOTS('',1,(#3629,#3630),.UNSPECIFIED.,.F.,
  .F.,(2,2),(-0.4375,-0.1875),.PIECEWISE_BEZIER_KNOTS.);
#3629 = CARTESIAN_POINT('',(-2.1,0.625));
#3630 = CARTESIAN_POINT('',(-2.1,0.375));
#3631 = ( GEOMETRIC_REPRESENTATION_CONTEXT(2) 
PARAMETRIC_REPRESENTATION_CONTEXT() REPRESENTATION_CONTEXT('2D SPACE',''
  ) );
#3632 = PCURVE('',#3633,#3638);
#3633 = PLANE('',#3634);
#3634 = AXIS2_PLACEMENT_3D('',#3635,#3636,#3637);
#3635 = CARTESIAN_POINT('',(-2.1,0.375,0.));
#3636 = DIRECTION('',(-1.,0.,0.));
#3637 = DIRECTION('',(0.,1.,0.));
#3638 = DEFINITIONAL_REPRESENTATION('',(#3639),#3642);
#3639 = B_SPLINE_CURVE_WITH_KNOTS('',1,(#3640,#3641),.UNSPECIFIED.,.F.,
  .F.,(2,2),(-0.4375,-0.1875),.PIECEWISE_BEZIER_KNOTS.);
#3640 = CARTESIAN_POINT('',(0.25,-2.E-02));
#3641 = CARTESIAN_POINT('',(0.,-2.E-02));
#3642 = ( GEOMETRIC_REPRESENTATION_CONTEXT(2) 
PARAMETRIC_REPRESENTATION_CONTEXT() REPRESENTATION_CONTEXT('2D SPACE',''
  ) );
#3643 = ORIENTED_EDGE('',*,*,#3644,.T.);
#3644 = EDGE_CURVE('',#3619,#3645,#3647,.T.);
#3645 = VERTEX_POINT('',#3646);
#3646 = CARTESIAN_POINT('',(-2.5,0.375,2.E-02));
#3647 = SURFACE_CURVE('',#3648,(#3652,#3658),.PCURVE_S1.);
#3648 = LINE('',#3649,#3650);
#3649 = CARTESIAN_POINT('',(-1.25,0.375,2.E-02));
#3650 = VECTOR('',#3651,1.);
#3651 = DIRECTION('',(-1.,0.,0.));
#3652 = PCURVE('',#182,#3653);
#3653 = DEFINITIONAL_REPRESENTATION('',(#3654),#3657);
#3654 = B_SPLINE_CURVE_WITH_KNOTS('',1,(#3655,#3656),.UNSPECIFIED.,.F.,
  .F.,(2,2),(0.85,1.25),.PIECEWISE_BEZIER_KNOTS.);
#3655 = CARTESIAN_POINT('',(-2.1,0.375));
#3656 = CARTESIAN_POINT('',(-2.5,0.375));
#3657 = ( GEOMETRIC_REPRESENTATION_CONTEXT(2) 
PARAMETRIC_REPRESENTATION_CONTEXT() REPRESENTATION_CONTEXT('2D SPACE',''
  ) );
#3658 = PCURVE('',#3659,#3664);
#3659 = PLANE('',#3660);
#3660 = AXIS2_PLACEMENT_3D('',#3661,#3662,#3663);
#3661 = CARTESIAN_POINT('',(-2.5,0.375,0.));
#3662 = DIRECTION('',(0.,1.,0.));
#3663 = DIRECTION('',(1.,0.,0.));
#3664 = DEFINITIONAL_REPRESENTATION('',(#3665),#3668);
#3665 = B_SPLINE_CURVE_WITH_KNOTS('',1,(#3666,#3667),.UNSPECIFIED.,.F.,
  .F.,(2,2),(0.85,1.25),.PIECEWISE_BEZIER_KNOTS.);
#3666 = CARTESIAN_POINT('',(0.4,-2.E-02));
#3667 = CARTESIAN_POINT('',(0.,-2.E-02));
#3668 = ( GEOMETRIC_REPRESENTATION_CONTEXT(2) 
PARAMETRIC_REPRESENTATION_CONTEXT() REPRESENTATION_CONTEXT('2D SPACE',''
  ) );
#3669 = ORIENTED_EDGE('',*,*,#3670,.T.);
#3670 = EDGE_CURVE('',#3645,#1029,#3671,.T.);
#3671 = SURFACE_CURVE('',#3672,(#3676,#3683),.PCURVE_S1.);
#3672 = LINE('',#3673,#3674);
#3673 = CARTESIAN_POINT('',(-2.5,2.5,2.E-02));
#3674 = VECTOR('',#3675,1.);
#3675 = DIRECTION('',(0.,-1.,0.));
#3676 = PCURVE('',#182,#3677);
#3677 = DEFINITIONAL_REPRESENTATION('',(#3678),#3682);
#3678 = LINE('',#3679,#3680);
#3679 = CARTESIAN_POINT('',(-2.5,2.5));
#3680 = VECTOR('',#3681,1.);
#3681 = DIRECTION('',(0.,-1.));
#3682 = ( GEOMETRIC_REPRESENTATION_CONTEXT(2) 
PARAMETRIC_REPRESENTATION_CONTEXT() REPRESENTATION_CONTEXT('2D SPACE',''
  ) );
#3683 = PCURVE('',#210,#3684);
#3684 = DEFINITIONAL_REPRESENTATION('',(#3685),#3689);
#3685 = LINE('',#3686,#3687);
#3686 = CARTESIAN_POINT('',(0.,0.));
#3687 = VECTOR('',#3688,1.);
#3688 = DIRECTION('',(1.,0.));
#3689 = ( GEOMETRIC_REPRESENTATION_CONTEXT(2) 
PARAMETRIC_REPRESENTATION_CONTEXT() REPRESENTATION_CONTEXT('2D SPACE',''
  ) );
#3690 = ADVANCED_FACE('',(#3691),#1013,.T.);
#3691 = FACE_BOUND('',#3692,.T.);
#3692 = EDGE_LOOP('',(#3693,#3694,#3717,#3738));
#3693 = ORIENTED_EDGE('',*,*,#1433,.T.);
#3694 = ORIENTED_EDGE('',*,*,#3695,.T.);
#3695 = EDGE_CURVE('',#1434,#3696,#3698,.T.);
#3696 = VERTEX_POINT('',#3697);
#3697 = CARTESIAN_POINT('',(-1.625,-2.1,0.2));
#3698 = SURFACE_CURVE('',#3699,(#3703,#3710),.PCURVE_S1.);
#3699 = LINE('',#3700,#3701);
#3700 = CARTESIAN_POINT('',(-1.625,-2.1,0.));
#3701 = VECTOR('',#3702,1.);
#3702 = DIRECTION('',(0.,0.,1.));
#3703 = PCURVE('',#1013,#3704);
#3704 = DEFINITIONAL_REPRESENTATION('',(#3705),#3709);
#3705 = LINE('',#3706,#3707);
#3706 = CARTESIAN_POINT('',(0.,0.));
#3707 = VECTOR('',#3708,1.);
#3708 = DIRECTION('',(0.,-1.));
#3709 = ( GEOMETRIC_REPRESENTATION_CONTEXT(2) 
PARAMETRIC_REPRESENTATION_CONTEXT() REPRESENTATION_CONTEXT('2D SPACE',''
  ) );
#3710 = PCURVE('',#1469,#3711);
#3711 = DEFINITIONAL_REPRESENTATION('',(#3712),#3716);
#3712 = LINE('',#3713,#3714);
#3713 = CARTESIAN_POINT('',(0.25,0.));
#3714 = VECTOR('',#3715,1.);
#3715 = DIRECTION('',(0.,-1.));
#3716 = ( GEOMETRIC_REPRESENTATION_CONTEXT(2) 
PARAMETRIC_REPRESENTATION_CONTEXT() REPRESENTATION_CONTEXT('2D SPACE',''
  ) );
#3717 = ORIENTED_EDGE('',*,*,#3718,.T.);
#3718 = EDGE_CURVE('',#3696,#972,#3719,.T.);
#3719 = SURFACE_CURVE('',#3720,(#3724,#3731),.PCURVE_S1.);
#3720 = LINE('',#3721,#3722);
#3721 = CARTESIAN_POINT('',(-1.625,-2.1,0.2));
#3722 = VECTOR('',#3723,1.);
#3723 = DIRECTION('',(0.,-1.,0.));
#3724 = PCURVE('',#1013,#3725);
#3725 = DEFINITIONAL_REPRESENTATION('',(#3726),#3730);
#3726 = LINE('',#3727,#3728);
#3727 = CARTESIAN_POINT('',(0.,-0.2));
#3728 = VECTOR('',#3729,1.);
#3729 = DIRECTION('',(1.,0.));
#3730 = ( GEOMETRIC_REPRESENTATION_CONTEXT(2) 
PARAMETRIC_REPRESENTATION_CONTEXT() REPRESENTATION_CONTEXT('2D SPACE',''
  ) );
#3731 = PCURVE('',#987,#3732);
#3732 = DEFINITIONAL_REPRESENTATION('',(#3733),#3737);
#3733 = LINE('',#3734,#3735);
#3734 = CARTESIAN_POINT('',(-0.125,0.2));
#3735 = VECTOR('',#3736,1.);
#3736 = DIRECTION('',(0.,-1.));
#3737 = ( GEOMETRIC_REPRESENTATION_CONTEXT(2) 
PARAMETRIC_REPRESENTATION_CONTEXT() REPRESENTATION_CONTEXT('2D SPACE',''
  ) );
#3738 = ORIENTED_EDGE('',*,*,#999,.F.);
#3739 = ADVANCED_FACE('',(#3740),#987,.F.);
#3740 = FACE_BOUND('',#3741,.F.);
#3741 = EDGE_LOOP('',(#3742,#3743,#3766,#3787));
#3742 = ORIENTED_EDGE('',*,*,#971,.T.);
#3743 = ORIENTED_EDGE('',*,*,#3744,.T.);
#3744 = EDGE_CURVE('',#944,#3745,#3747,.T.);
#3745 = VERTEX_POINT('',#3746);
#3746 = CARTESIAN_POINT('',(-1.375,-2.1,0.2));
#3747 = SURFACE_CURVE('',#3748,(#3752,#3759),.PCURVE_S1.);
#3748 = LINE('',#3749,#3750);
#3749 = CARTESIAN_POINT('',(-1.375,-2.5,0.2));
#3750 = VECTOR('',#3751,1.);
#3751 = DIRECTION('',(0.,1.,0.));
#3752 = PCURVE('',#987,#3753);
#3753 = DEFINITIONAL_REPRESENTATION('',(#3754),#3758);
#3754 = LINE('',#3755,#3756);
#3755 = CARTESIAN_POINT('',(0.125,-0.2));
#3756 = VECTOR('',#3757,1.);
#3757 = DIRECTION('',(0.,1.));
#3758 = ( GEOMETRIC_REPRESENTATION_CONTEXT(2) 
PARAMETRIC_REPRESENTATION_CONTEXT() REPRESENTATION_CONTEXT('2D SPACE',''
  ) );
#3759 = PCURVE('',#959,#3760);
#3760 = DEFINITIONAL_REPRESENTATION('',(#3761),#3765);
#3761 = LINE('',#3762,#3763);
#3762 = CARTESIAN_POINT('',(0.,-0.2));
#3763 = VECTOR('',#3764,1.);
#3764 = DIRECTION('',(1.,0.));
#3765 = ( GEOMETRIC_REPRESENTATION_CONTEXT(2) 
PARAMETRIC_REPRESENTATION_CONTEXT() REPRESENTATION_CONTEXT('2D SPACE',''
  ) );
#3766 = ORIENTED_EDGE('',*,*,#3767,.T.);
#3767 = EDGE_CURVE('',#3745,#3696,#3768,.T.);
#3768 = SURFACE_CURVE('',#3769,(#3773,#3780),.PCURVE_S1.);
#3769 = LINE('',#3770,#3771);
#3770 = CARTESIAN_POINT('',(-1.375,-2.1,0.2));
#3771 = VECTOR('',#3772,1.);
#3772 = DIRECTION('',(-1.,0.,0.));
#3773 = PCURVE('',#987,#3774);
#3774 = DEFINITIONAL_REPRESENTATION('',(#3775),#3779);
#3775 = LINE('',#3776,#3777);
#3776 = CARTESIAN_POINT('',(0.125,0.2));
#3777 = VECTOR('',#3778,1.);
#3778 = DIRECTION('',(-1.,0.));
#3779 = ( GEOMETRIC_REPRESENTATION_CONTEXT(2) 
PARAMETRIC_REPRESENTATION_CONTEXT() REPRESENTATION_CONTEXT('2D SPACE',''
  ) );
#3780 = PCURVE('',#1469,#3781);
#3781 = DEFINITIONAL_REPRESENTATION('',(#3782),#3786);
#3782 = LINE('',#3783,#3784);
#3783 = CARTESIAN_POINT('',(0.,-0.2));
#3784 = VECTOR('',#3785,1.);
#3785 = DIRECTION('',(1.,0.));
#3786 = ( GEOMETRIC_REPRESENTATION_CONTEXT(2) 
PARAMETRIC_REPRESENTATION_CONTEXT() REPRESENTATION_CONTEXT('2D SPACE',''
  ) );
#3787 = ORIENTED_EDGE('',*,*,#3718,.T.);
#3788 = ADVANCED_FACE('',(#3789),#959,.T.);
#3789 = FACE_BOUND('',#3790,.T.);
#3790 = EDGE_LOOP('',(#3791,#3792,#3793,#3794));
#3791 = ORIENTED_EDGE('',*,*,#1480,.T.);
#3792 = ORIENTED_EDGE('',*,*,#943,.T.);
#3793 = ORIENTED_EDGE('',*,*,#3744,.T.);
#3794 = ORIENTED_EDGE('',*,*,#3795,.F.);
#3795 = EDGE_CURVE('',#1455,#3745,#3796,.T.);
#3796 = SURFACE_CURVE('',#3797,(#3801,#3808),.PCURVE_S1.);
#3797 = LINE('',#3798,#3799);
#3798 = CARTESIAN_POINT('',(-1.375,-2.1,0.));
#3799 = VECTOR('',#3800,1.);
#3800 = DIRECTION('',(0.,0.,1.));
#3801 = PCURVE('',#959,#3802);
#3802 = DEFINITIONAL_REPRESENTATION('',(#3803),#3807);
#3803 = LINE('',#3804,#3805);
#3804 = CARTESIAN_POINT('',(0.4,0.));
#3805 = VECTOR('',#3806,1.);
#3806 = DIRECTION('',(0.,-1.));
#3807 = ( GEOMETRIC_REPRESENTATION_CONTEXT(2) 
PARAMETRIC_REPRESENTATION_CONTEXT() REPRESENTATION_CONTEXT('2D SPACE',''
  ) );
#3808 = PCURVE('',#1469,#3809);
#3809 = DEFINITIONAL_REPRESENTATION('',(#3810),#3814);
#3810 = LINE('',#3811,#3812);
#3811 = CARTESIAN_POINT('',(0.,-0.));
#3812 = VECTOR('',#3813,1.);
#3813 = DIRECTION('',(0.,-1.));
#3814 = ( GEOMETRIC_REPRESENTATION_CONTEXT(2) 
PARAMETRIC_REPRESENTATION_CONTEXT() REPRESENTATION_CONTEXT('2D SPACE',''
  ) );
#3815 = ADVANCED_FACE('',(#3816),#908,.T.);
#3816 = FACE_BOUND('',#3817,.T.);
#3817 = EDGE_LOOP('',(#3818,#3819,#3842,#3863));
#3818 = ORIENTED_EDGE('',*,*,#1500,.T.);
#3819 = ORIENTED_EDGE('',*,*,#3820,.T.);
#3820 = EDGE_CURVE('',#1501,#3821,#3823,.T.);
#3821 = VERTEX_POINT('',#3822);
#3822 = CARTESIAN_POINT('',(-1.125,-2.1,0.2));
#3823 = SURFACE_CURVE('',#3824,(#3828,#3835),.PCURVE_S1.);
#3824 = LINE('',#3825,#3826);
#3825 = CARTESIAN_POINT('',(-1.125,-2.1,0.));
#3826 = VECTOR('',#3827,1.);
#3827 = DIRECTION('',(0.,0.,1.));
#3828 = PCURVE('',#908,#3829);
#3829 = DEFINITIONAL_REPRESENTATION('',(#3830),#3834);
#3830 = LINE('',#3831,#3832);
#3831 = CARTESIAN_POINT('',(0.,0.));
#3832 = VECTOR('',#3833,1.);
#3833 = DIRECTION('',(0.,-1.));
#3834 = ( GEOMETRIC_REPRESENTATION_CONTEXT(2) 
PARAMETRIC_REPRESENTATION_CONTEXT() REPRESENTATION_CONTEXT('2D SPACE',''
  ) );
#3835 = PCURVE('',#1536,#3836);
#3836 = DEFINITIONAL_REPRESENTATION('',(#3837),#3841);
#3837 = LINE('',#3838,#3839);
#3838 = CARTESIAN_POINT('',(0.25,0.));
#3839 = VECTOR('',#3840,1.);
#3840 = DIRECTION('',(0.,-1.));
#3841 = ( GEOMETRIC_REPRESENTATION_CONTEXT(2) 
PARAMETRIC_REPRESENTATION_CONTEXT() REPRESENTATION_CONTEXT('2D SPACE',''
  ) );
#3842 = ORIENTED_EDGE('',*,*,#3843,.T.);
#3843 = EDGE_CURVE('',#3821,#865,#3844,.T.);
#3844 = SURFACE_CURVE('',#3845,(#3849,#3856),.PCURVE_S1.);
#3845 = LINE('',#3846,#3847);
#3846 = CARTESIAN_POINT('',(-1.125,-2.1,0.2));
#3847 = VECTOR('',#3848,1.);
#3848 = DIRECTION('',(0.,-1.,0.));
#3849 = PCURVE('',#908,#3850);
#3850 = DEFINITIONAL_REPRESENTATION('',(#3851),#3855);
#3851 = LINE('',#3852,#3853);
#3852 = CARTESIAN_POINT('',(0.,-0.2));
#3853 = VECTOR('',#3854,1.);
#3854 = DIRECTION('',(1.,0.));
#3855 = ( GEOMETRIC_REPRESENTATION_CONTEXT(2) 
PARAMETRIC_REPRESENTATION_CONTEXT() REPRESENTATION_CONTEXT('2D SPACE',''
  ) );
#3856 = PCURVE('',#880,#3857);
#3857 = DEFINITIONAL_REPRESENTATION('',(#3858),#3862);
#3858 = LINE('',#3859,#3860);
#3859 = CARTESIAN_POINT('',(-0.125,0.2));
#3860 = VECTOR('',#3861,1.);
#3861 = DIRECTION('',(0.,-1.));
#3862 = ( GEOMETRIC_REPRESENTATION_CONTEXT(2) 
PARAMETRIC_REPRESENTATION_CONTEXT() REPRESENTATION_CONTEXT('2D SPACE',''
  ) );
#3863 = ORIENTED_EDGE('',*,*,#892,.F.);
#3864 = ADVANCED_FACE('',(#3865),#880,.F.);
#3865 = FACE_BOUND('',#3866,.F.);
#3866 = EDGE_LOOP('',(#3867,#3868,#3891,#3912));
#3867 = ORIENTED_EDGE('',*,*,#864,.T.);
#3868 = ORIENTED_EDGE('',*,*,#3869,.T.);
#3869 = EDGE_CURVE('',#837,#3870,#3872,.T.);
#3870 = VERTEX_POINT('',#3871);
#3871 = CARTESIAN_POINT('',(-0.875,-2.1,0.2));
#3872 = SURFACE_CURVE('',#3873,(#3877,#3884),.PCURVE_S1.);
#3873 = LINE('',#3874,#3875);
#3874 = CARTESIAN_POINT('',(-0.875,-2.5,0.2));
#3875 = VECTOR('',#3876,1.);
#3876 = DIRECTION('',(0.,1.,0.));
#3877 = PCURVE('',#880,#3878);
#3878 = DEFINITIONAL_REPRESENTATION('',(#3879),#3883);
#3879 = LINE('',#3880,#3881);
#3880 = CARTESIAN_POINT('',(0.125,-0.2));
#3881 = VECTOR('',#3882,1.);
#3882 = DIRECTION('',(0.,1.));
#3883 = ( GEOMETRIC_REPRESENTATION_CONTEXT(2) 
PARAMETRIC_REPRESENTATION_CONTEXT() REPRESENTATION_CONTEXT('2D SPACE',''
  ) );
#3884 = PCURVE('',#852,#3885);
#3885 = DEFINITIONAL_REPRESENTATION('',(#3886),#3890);
#3886 = LINE('',#3887,#3888);
#3887 = CARTESIAN_POINT('',(0.,-0.2));
#3888 = VECTOR('',#3889,1.);
#3889 = DIRECTION('',(1.,0.));
#3890 = ( GEOMETRIC_REPRESENTATION_CONTEXT(2) 
PARAMETRIC_REPRESENTATION_CONTEXT() REPRESENTATION_CONTEXT('2D SPACE',''
  ) );
#3891 = ORIENTED_EDGE('',*,*,#3892,.T.);
#3892 = EDGE_CURVE('',#3870,#3821,#3893,.T.);
#3893 = SURFACE_CURVE('',#3894,(#3898,#3905),.PCURVE_S1.);
#3894 = LINE('',#3895,#3896);
#3895 = CARTESIAN_POINT('',(-0.875,-2.1,0.2));
#3896 = VECTOR('',#3897,1.);
#3897 = DIRECTION('',(-1.,0.,0.));
#3898 = PCURVE('',#880,#3899);
#3899 = DEFINITIONAL_REPRESENTATION('',(#3900),#3904);
#3900 = LINE('',#3901,#3902);
#3901 = CARTESIAN_POINT('',(0.125,0.2));
#3902 = VECTOR('',#3903,1.);
#3903 = DIRECTION('',(-1.,0.));
#3904 = ( GEOMETRIC_REPRESENTATION_CONTEXT(2) 
PARAMETRIC_REPRESENTATION_CONTEXT() REPRESENTATION_CONTEXT('2D SPACE',''
  ) );
#3905 = PCURVE('',#1536,#3906);
#3906 = DEFINITIONAL_REPRESENTATION('',(#3907),#3911);
#3907 = LINE('',#3908,#3909);
#3908 = CARTESIAN_POINT('',(0.,-0.2));
#3909 = VECTOR('',#3910,1.);
#3910 = DIRECTION('',(1.,0.));
#3911 = ( GEOMETRIC_REPRESENTATION_CONTEXT(2) 
PARAMETRIC_REPRESENTATION_CONTEXT() REPRESENTATION_CONTEXT('2D SPACE',''
  ) );
#3912 = ORIENTED_EDGE('',*,*,#3843,.T.);
#3913 = ADVANCED_FACE('',(#3914),#852,.T.);
#3914 = FACE_BOUND('',#3915,.T.);
#3915 = EDGE_LOOP('',(#3916,#3917,#3918,#3919));
#3916 = ORIENTED_EDGE('',*,*,#1547,.T.);
#3917 = ORIENTED_EDGE('',*,*,#836,.T.);
#3918 = ORIENTED_EDGE('',*,*,#3869,.T.);
#3919 = ORIENTED_EDGE('',*,*,#3920,.F.);
#3920 = EDGE_CURVE('',#1522,#3870,#3921,.T.);
#3921 = SURFACE_CURVE('',#3922,(#3926,#3933),.PCURVE_S1.);
#3922 = LINE('',#3923,#3924);
#3923 = CARTESIAN_POINT('',(-0.875,-2.1,0.));
#3924 = VECTOR('',#3925,1.);
#3925 = DIRECTION('',(0.,0.,1.));
#3926 = PCURVE('',#852,#3927);
#3927 = DEFINITIONAL_REPRESENTATION('',(#3928),#3932);
#3928 = LINE('',#3929,#3930);
#3929 = CARTESIAN_POINT('',(0.4,0.));
#3930 = VECTOR('',#3931,1.);
#3931 = DIRECTION('',(0.,-1.));
#3932 = ( GEOMETRIC_REPRESENTATION_CONTEXT(2) 
PARAMETRIC_REPRESENTATION_CONTEXT() REPRESENTATION_CONTEXT('2D SPACE',''
  ) );
#3933 = PCURVE('',#1536,#3934);
#3934 = DEFINITIONAL_REPRESENTATION('',(#3935),#3939);
#3935 = LINE('',#3936,#3937);
#3936 = CARTESIAN_POINT('',(0.,-0.));
#3937 = VECTOR('',#3938,1.);
#3938 = DIRECTION('',(0.,-1.));
#3939 = ( GEOMETRIC_REPRESENTATION_CONTEXT(2) 
PARAMETRIC_REPRESENTATION_CONTEXT() REPRESENTATION_CONTEXT('2D SPACE',''
  ) );
#3940 = ADVANCED_FACE('',(#3941),#801,.T.);
#3941 = FACE_BOUND('',#3942,.T.);
#3942 = EDGE_LOOP('',(#3943,#3944,#3967,#3988));
#3943 = ORIENTED_EDGE('',*,*,#1567,.T.);
#3944 = ORIENTED_EDGE('',*,*,#3945,.T.);
#3945 = EDGE_CURVE('',#1568,#3946,#3948,.T.);
#3946 = VERTEX_POINT('',#3947);
#3947 = CARTESIAN_POINT('',(-0.625,-2.1,0.2));
#3948 = SURFACE_CURVE('',#3949,(#3953,#3960),.PCURVE_S1.);
#3949 = LINE('',#3950,#3951);
#3950 = CARTESIAN_POINT('',(-0.625,-2.1,0.));
#3951 = VECTOR('',#3952,1.);
#3952 = DIRECTION('',(0.,0.,1.));
#3953 = PCURVE('',#801,#3954);
#3954 = DEFINITIONAL_REPRESENTATION('',(#3955),#3959);
#3955 = LINE('',#3956,#3957);
#3956 = CARTESIAN_POINT('',(0.,0.));
#3957 = VECTOR('',#3958,1.);
#3958 = DIRECTION('',(0.,-1.));
#3959 = ( GEOMETRIC_REPRESENTATION_CONTEXT(2) 
PARAMETRIC_REPRESENTATION_CONTEXT() REPRESENTATION_CONTEXT('2D SPACE',''
  ) );
#3960 = PCURVE('',#1603,#3961);
#3961 = DEFINITIONAL_REPRESENTATION('',(#3962),#3966);
#3962 = LINE('',#3963,#3964);
#3963 = CARTESIAN_POINT('',(0.25,0.));
#3964 = VECTOR('',#3965,1.);
#3965 = DIRECTION('',(0.,-1.));
#3966 = ( GEOMETRIC_REPRESENTATION_CONTEXT(2) 
PARAMETRIC_REPRESENTATION_CONTEXT() REPRESENTATION_CONTEXT('2D SPACE',''
  ) );
#3967 = ORIENTED_EDGE('',*,*,#3968,.T.);
#3968 = EDGE_CURVE('',#3946,#758,#3969,.T.);
#3969 = SURFACE_CURVE('',#3970,(#3974,#3981),.PCURVE_S1.);
#3970 = LINE('',#3971,#3972);
#3971 = CARTESIAN_POINT('',(-0.625,-2.1,0.2));
#3972 = VECTOR('',#3973,1.);
#3973 = DIRECTION('',(0.,-1.,0.));
#3974 = PCURVE('',#801,#3975);
#3975 = DEFINITIONAL_REPRESENTATION('',(#3976),#3980);
#3976 = LINE('',#3977,#3978);
#3977 = CARTESIAN_POINT('',(0.,-0.2));
#3978 = VECTOR('',#3979,1.);
#3979 = DIRECTION('',(1.,0.));
#3980 = ( GEOMETRIC_REPRESENTATION_CONTEXT(2) 
PARAMETRIC_REPRESENTATION_CONTEXT() REPRESENTATION_CONTEXT('2D SPACE',''
  ) );
#3981 = PCURVE('',#773,#3982);
#3982 = DEFINITIONAL_REPRESENTATION('',(#3983),#3987);
#3983 = LINE('',#3984,#3985);
#3984 = CARTESIAN_POINT('',(-0.125,0.2));
#3985 = VECTOR('',#3986,1.);
#3986 = DIRECTION('',(0.,-1.));
#3987 = ( GEOMETRIC_REPRESENTATION_CONTEXT(2) 
PARAMETRIC_REPRESENTATION_CONTEXT() REPRESENTATION_CONTEXT('2D SPACE',''
  ) );
#3988 = ORIENTED_EDGE('',*,*,#785,.F.);
#3989 = ADVANCED_FACE('',(#3990),#773,.F.);
#3990 = FACE_BOUND('',#3991,.F.);
#3991 = EDGE_LOOP('',(#3992,#3993,#4016,#4037));
#3992 = ORIENTED_EDGE('',*,*,#757,.T.);
#3993 = ORIENTED_EDGE('',*,*,#3994,.T.);
#3994 = EDGE_CURVE('',#730,#3995,#3997,.T.);
#3995 = VERTEX_POINT('',#3996);
#3996 = CARTESIAN_POINT('',(-0.375,-2.1,0.2));
#3997 = SURFACE_CURVE('',#3998,(#4002,#4009),.PCURVE_S1.);
#3998 = LINE('',#3999,#4000);
#3999 = CARTESIAN_POINT('',(-0.375,-2.5,0.2));
#4000 = VECTOR('',#4001,1.);
#4001 = DIRECTION('',(0.,1.,0.));
#4002 = PCURVE('',#773,#4003);
#4003 = DEFINITIONAL_REPRESENTATION('',(#4004),#4008);
#4004 = LINE('',#4005,#4006);
#4005 = CARTESIAN_POINT('',(0.125,-0.2));
#4006 = VECTOR('',#4007,1.);
#4007 = DIRECTION('',(0.,1.));
#4008 = ( GEOMETRIC_REPRESENTATION_CONTEXT(2) 
PARAMETRIC_REPRESENTATION_CONTEXT() REPRESENTATION_CONTEXT('2D SPACE',''
  ) );
#4009 = PCURVE('',#745,#4010);
#4010 = DEFINITIONAL_REPRESENTATION('',(#4011),#4015);
#4011 = LINE('',#4012,#4013);
#4012 = CARTESIAN_POINT('',(0.,-0.2));
#4013 = VECTOR('',#4014,1.);
#4014 = DIRECTION('',(1.,0.));
#4015 = ( GEOMETRIC_REPRESENTATION_CONTEXT(2) 
PARAMETRIC_REPRESENTATION_CONTEXT() REPRESENTATION_CONTEXT('2D SPACE',''
  ) );
#4016 = ORIENTED_EDGE('',*,*,#4017,.T.);
#4017 = EDGE_CURVE('',#3995,#3946,#4018,.T.);
#4018 = SURFACE_CURVE('',#4019,(#4023,#4030),.PCURVE_S1.);
#4019 = LINE('',#4020,#4021);
#4020 = CARTESIAN_POINT('',(-0.375,-2.1,0.2));
#4021 = VECTOR('',#4022,1.);
#4022 = DIRECTION('',(-1.,0.,0.));
#4023 = PCURVE('',#773,#4024);
#4024 = DEFINITIONAL_REPRESENTATION('',(#4025),#4029);
#4025 = LINE('',#4026,#4027);
#4026 = CARTESIAN_POINT('',(0.125,0.2));
#4027 = VECTOR('',#4028,1.);
#4028 = DIRECTION('',(-1.,0.));
#4029 = ( GEOMETRIC_REPRESENTATION_CONTEXT(2) 
PARAMETRIC_REPRESENTATION_CONTEXT() REPRESENTATION_CONTEXT('2D SPACE',''
  ) );
#4030 = PCURVE('',#1603,#4031);
#4031 = DEFINITIONAL_REPRESENTATION('',(#4032),#4036);
#4032 = LINE('',#4033,#4034);
#4033 = CARTESIAN_POINT('',(0.,-0.2));
#4034 = VECTOR('',#4035,1.);
#4035 = DIRECTION('',(1.,0.));
#4036 = ( GEOMETRIC_REPRESENTATION_CONTEXT(2) 
PARAMETRIC_REPRESENTATION_CONTEXT() REPRESENTATION_CONTEXT('2D SPACE',''
  ) );
#4037 = ORIENTED_EDGE('',*,*,#3968,.T.);
#4038 = ADVANCED_FACE('',(#4039),#745,.T.);
#4039 = FACE_BOUND('',#4040,.T.);
#4040 = EDGE_LOOP('',(#4041,#4042,#4043,#4044));
#4041 = ORIENTED_EDGE('',*,*,#1614,.T.);
#4042 = ORIENTED_EDGE('',*,*,#729,.T.);
#4043 = ORIENTED_EDGE('',*,*,#3994,.T.);
#4044 = ORIENTED_EDGE('',*,*,#4045,.F.);
#4045 = EDGE_CURVE('',#1589,#3995,#4046,.T.);
#4046 = SURFACE_CURVE('',#4047,(#4051,#4058),.PCURVE_S1.);
#4047 = LINE('',#4048,#4049);
#4048 = CARTESIAN_POINT('',(-0.375,-2.1,0.));
#4049 = VECTOR('',#4050,1.);
#4050 = DIRECTION('',(0.,0.,1.));
#4051 = PCURVE('',#745,#4052);
#4052 = DEFINITIONAL_REPRESENTATION('',(#4053),#4057);
#4053 = LINE('',#4054,#4055);
#4054 = CARTESIAN_POINT('',(0.4,0.));
#4055 = VECTOR('',#4056,1.);
#4056 = DIRECTION('',(0.,-1.));
#4057 = ( GEOMETRIC_REPRESENTATION_CONTEXT(2) 
PARAMETRIC_REPRESENTATION_CONTEXT() REPRESENTATION_CONTEXT('2D SPACE',''
  ) );
#4058 = PCURVE('',#1603,#4059);
#4059 = DEFINITIONAL_REPRESENTATION('',(#4060),#4064);
#4060 = LINE('',#4061,#4062);
#4061 = CARTESIAN_POINT('',(0.,-0.));
#4062 = VECTOR('',#4063,1.);
#4063 = DIRECTION('',(0.,-1.));
#4064 = ( GEOMETRIC_REPRESENTATION_CONTEXT(2) 
PARAMETRIC_REPRESENTATION_CONTEXT() REPRESENTATION_CONTEXT('2D SPACE',''
  ) );
#4065 = ADVANCED_FACE('',(#4066),#694,.T.);
#4066 = FACE_BOUND('',#4067,.T.);
#4067 = EDGE_LOOP('',(#4068,#4069,#4092,#4113));
#4068 = ORIENTED_EDGE('',*,*,#1634,.T.);
#4069 = ORIENTED_EDGE('',*,*,#4070,.T.);
#4070 = EDGE_CURVE('',#1635,#4071,#4073,.T.);
#4071 = VERTEX_POINT('',#4072);
#4072 = CARTESIAN_POINT('',(-0.125,-2.1,0.2));
#4073 = SURFACE_CURVE('',#4074,(#4078,#4085),.PCURVE_S1.);
#4074 = LINE('',#4075,#4076);
#4075 = CARTESIAN_POINT('',(-0.125,-2.1,0.));
#4076 = VECTOR('',#4077,1.);
#4077 = DIRECTION('',(0.,0.,1.));
#4078 = PCURVE('',#694,#4079);
#4079 = DEFINITIONAL_REPRESENTATION('',(#4080),#4084);
#4080 = LINE('',#4081,#4082);
#4081 = CARTESIAN_POINT('',(0.,0.));
#4082 = VECTOR('',#4083,1.);
#4083 = DIRECTION('',(0.,-1.));
#4084 = ( GEOMETRIC_REPRESENTATION_CONTEXT(2) 
PARAMETRIC_REPRESENTATION_CONTEXT() REPRESENTATION_CONTEXT('2D SPACE',''
  ) );
#4085 = PCURVE('',#1670,#4086);
#4086 = DEFINITIONAL_REPRESENTATION('',(#4087),#4091);
#4087 = LINE('',#4088,#4089);
#4088 = CARTESIAN_POINT('',(0.25,0.));
#4089 = VECTOR('',#4090,1.);
#4090 = DIRECTION('',(0.,-1.));
#4091 = ( GEOMETRIC_REPRESENTATION_CONTEXT(2) 
PARAMETRIC_REPRESENTATION_CONTEXT() REPRESENTATION_CONTEXT('2D SPACE',''
  ) );
#4092 = ORIENTED_EDGE('',*,*,#4093,.T.);
#4093 = EDGE_CURVE('',#4071,#651,#4094,.T.);
#4094 = SURFACE_CURVE('',#4095,(#4099,#4106),.PCURVE_S1.);
#4095 = LINE('',#4096,#4097);
#4096 = CARTESIAN_POINT('',(-0.125,-2.1,0.2));
#4097 = VECTOR('',#4098,1.);
#4098 = DIRECTION('',(0.,-1.,0.));
#4099 = PCURVE('',#694,#4100);
#4100 = DEFINITIONAL_REPRESENTATION('',(#4101),#4105);
#4101 = LINE('',#4102,#4103);
#4102 = CARTESIAN_POINT('',(0.,-0.2));
#4103 = VECTOR('',#4104,1.);
#4104 = DIRECTION('',(1.,0.));
#4105 = ( GEOMETRIC_REPRESENTATION_CONTEXT(2) 
PARAMETRIC_REPRESENTATION_CONTEXT() REPRESENTATION_CONTEXT('2D SPACE',''
  ) );
#4106 = PCURVE('',#666,#4107);
#4107 = DEFINITIONAL_REPRESENTATION('',(#4108),#4112);
#4108 = LINE('',#4109,#4110);
#4109 = CARTESIAN_POINT('',(-0.125,0.2));
#4110 = VECTOR('',#4111,1.);
#4111 = DIRECTION('',(0.,-1.));
#4112 = ( GEOMETRIC_REPRESENTATION_CONTEXT(2) 
PARAMETRIC_REPRESENTATION_CONTEXT() REPRESENTATION_CONTEXT('2D SPACE',''
  ) );
#4113 = ORIENTED_EDGE('',*,*,#678,.F.);
#4114 = ADVANCED_FACE('',(#4115),#666,.F.);
#4115 = FACE_BOUND('',#4116,.F.);
#4116 = EDGE_LOOP('',(#4117,#4118,#4141,#4162));
#4117 = ORIENTED_EDGE('',*,*,#650,.T.);
#4118 = ORIENTED_EDGE('',*,*,#4119,.T.);
#4119 = EDGE_CURVE('',#623,#4120,#4122,.T.);
#4120 = VERTEX_POINT('',#4121);
#4121 = CARTESIAN_POINT('',(0.125,-2.1,0.2));
#4122 = SURFACE_CURVE('',#4123,(#4127,#4134),.PCURVE_S1.);
#4123 = LINE('',#4124,#4125);
#4124 = CARTESIAN_POINT('',(0.125,-2.5,0.2));
#4125 = VECTOR('',#4126,1.);
#4126 = DIRECTION('',(0.,1.,0.));
#4127 = PCURVE('',#666,#4128);
#4128 = DEFINITIONAL_REPRESENTATION('',(#4129),#4133);
#4129 = LINE('',#4130,#4131);
#4130 = CARTESIAN_POINT('',(0.125,-0.2));
#4131 = VECTOR('',#4132,1.);
#4132 = DIRECTION('',(0.,1.));
#4133 = ( GEOMETRIC_REPRESENTATION_CONTEXT(2) 
PARAMETRIC_REPRESENTATION_CONTEXT() REPRESENTATION_CONTEXT('2D SPACE',''
  ) );
#4134 = PCURVE('',#638,#4135);
#4135 = DEFINITIONAL_REPRESENTATION('',(#4136),#4140);
#4136 = LINE('',#4137,#4138);
#4137 = CARTESIAN_POINT('',(0.,-0.2));
#4138 = VECTOR('',#4139,1.);
#4139 = DIRECTION('',(1.,0.));
#4140 = ( GEOMETRIC_REPRESENTATION_CONTEXT(2) 
PARAMETRIC_REPRESENTATION_CONTEXT() REPRESENTATION_CONTEXT('2D SPACE',''
  ) );
#4141 = ORIENTED_EDGE('',*,*,#4142,.T.);
#4142 = EDGE_CURVE('',#4120,#4071,#4143,.T.);
#4143 = SURFACE_CURVE('',#4144,(#4148,#4155),.PCURVE_S1.);
#4144 = LINE('',#4145,#4146);
#4145 = CARTESIAN_POINT('',(0.125,-2.1,0.2));
#4146 = VECTOR('',#4147,1.);
#4147 = DIRECTION('',(-1.,0.,0.));
#4148 = PCURVE('',#666,#4149);
#4149 = DEFINITIONAL_REPRESENTATION('',(#4150),#4154);
#4150 = LINE('',#4151,#4152);
#4151 = CARTESIAN_POINT('',(0.125,0.2));
#4152 = VECTOR('',#4153,1.);
#4153 = DIRECTION('',(-1.,0.));
#4154 = ( GEOMETRIC_REPRESENTATION_CONTEXT(2) 
PARAMETRIC_REPRESENTATION_CONTEXT() REPRESENTATION_CONTEXT('2D SPACE',''
  ) );
#4155 = PCURVE('',#1670,#4156);
#4156 = DEFINITIONAL_REPRESENTATION('',(#4157),#4161);
#4157 = LINE('',#4158,#4159);
#4158 = CARTESIAN_POINT('',(0.,-0.2));
#4159 = VECTOR('',#4160,1.);
#4160 = DIRECTION('',(1.,0.));
#4161 = ( GEOMETRIC_REPRESENTATION_CONTEXT(2) 
PARAMETRIC_REPRESENTATION_CONTEXT() REPRESENTATION_CONTEXT('2D SPACE',''
  ) );
#4162 = ORIENTED_EDGE('',*,*,#4093,.T.);
#4163 = ADVANCED_FACE('',(#4164),#638,.T.);
#4164 = FACE_BOUND('',#4165,.T.);
#4165 = EDGE_LOOP('',(#4166,#4167,#4168,#4169));
#4166 = ORIENTED_EDGE('',*,*,#1681,.T.);
#4167 = ORIENTED_EDGE('',*,*,#622,.T.);
#4168 = ORIENTED_EDGE('',*,*,#4119,.T.);
#4169 = ORIENTED_EDGE('',*,*,#4170,.F.);
#4170 = EDGE_CURVE('',#1656,#4120,#4171,.T.);
#4171 = SURFACE_CURVE('',#4172,(#4176,#4183),.PCURVE_S1.);
#4172 = LINE('',#4173,#4174);
#4173 = CARTESIAN_POINT('',(0.125,-2.1,0.));
#4174 = VECTOR('',#4175,1.);
#4175 = DIRECTION('',(0.,0.,1.));
#4176 = PCURVE('',#638,#4177);
#4177 = DEFINITIONAL_REPRESENTATION('',(#4178),#4182);
#4178 = LINE('',#4179,#4180);
#4179 = CARTESIAN_POINT('',(0.4,0.));
#4180 = VECTOR('',#4181,1.);
#4181 = DIRECTION('',(0.,-1.));
#4182 = ( GEOMETRIC_REPRESENTATION_CONTEXT(2) 
PARAMETRIC_REPRESENTATION_CONTEXT() REPRESENTATION_CONTEXT('2D SPACE',''
  ) );
#4183 = PCURVE('',#1670,#4184);
#4184 = DEFINITIONAL_REPRESENTATION('',(#4185),#4189);
#4185 = LINE('',#4186,#4187);
#4186 = CARTESIAN_POINT('',(0.,-0.));
#4187 = VECTOR('',#4188,1.);
#4188 = DIRECTION('',(0.,-1.));
#4189 = ( GEOMETRIC_REPRESENTATION_CONTEXT(2) 
PARAMETRIC_REPRESENTATION_CONTEXT() REPRESENTATION_CONTEXT('2D SPACE',''
  ) );
#4190 = ADVANCED_FACE('',(#4191),#587,.T.);
#4191 = FACE_BOUND('',#4192,.T.);
#4192 = EDGE_LOOP('',(#4193,#4194,#4217,#4238));
#4193 = ORIENTED_EDGE('',*,*,#1701,.T.);
#4194 = ORIENTED_EDGE('',*,*,#4195,.T.);
#4195 = EDGE_CURVE('',#1702,#4196,#4198,.T.);
#4196 = VERTEX_POINT('',#4197);
#4197 = CARTESIAN_POINT('',(0.375,-2.1,0.2));
#4198 = SURFACE_CURVE('',#4199,(#4203,#4210),.PCURVE_S1.);
#4199 = LINE('',#4200,#4201);
#4200 = CARTESIAN_POINT('',(0.375,-2.1,0.));
#4201 = VECTOR('',#4202,1.);
#4202 = DIRECTION('',(0.,0.,1.));
#4203 = PCURVE('',#587,#4204);
#4204 = DEFINITIONAL_REPRESENTATION('',(#4205),#4209);
#4205 = LINE('',#4206,#4207);
#4206 = CARTESIAN_POINT('',(0.,0.));
#4207 = VECTOR('',#4208,1.);
#4208 = DIRECTION('',(0.,-1.));
#4209 = ( GEOMETRIC_REPRESENTATION_CONTEXT(2) 
PARAMETRIC_REPRESENTATION_CONTEXT() REPRESENTATION_CONTEXT('2D SPACE',''
  ) );
#4210 = PCURVE('',#1737,#4211);
#4211 = DEFINITIONAL_REPRESENTATION('',(#4212),#4216);
#4212 = LINE('',#4213,#4214);
#4213 = CARTESIAN_POINT('',(0.25,0.));
#4214 = VECTOR('',#4215,1.);
#4215 = DIRECTION('',(0.,-1.));
#4216 = ( GEOMETRIC_REPRESENTATION_CONTEXT(2) 
PARAMETRIC_REPRESENTATION_CONTEXT() REPRESENTATION_CONTEXT('2D SPACE',''
  ) );
#4217 = ORIENTED_EDGE('',*,*,#4218,.T.);
#4218 = EDGE_CURVE('',#4196,#544,#4219,.T.);
#4219 = SURFACE_CURVE('',#4220,(#4224,#4231),.PCURVE_S1.);
#4220 = LINE('',#4221,#4222);
#4221 = CARTESIAN_POINT('',(0.375,-2.1,0.2));
#4222 = VECTOR('',#4223,1.);
#4223 = DIRECTION('',(0.,-1.,0.));
#4224 = PCURVE('',#587,#4225);
#4225 = DEFINITIONAL_REPRESENTATION('',(#4226),#4230);
#4226 = LINE('',#4227,#4228);
#4227 = CARTESIAN_POINT('',(0.,-0.2));
#4228 = VECTOR('',#4229,1.);
#4229 = DIRECTION('',(1.,0.));
#4230 = ( GEOMETRIC_REPRESENTATION_CONTEXT(2) 
PARAMETRIC_REPRESENTATION_CONTEXT() REPRESENTATION_CONTEXT('2D SPACE',''
  ) );
#4231 = PCURVE('',#559,#4232);
#4232 = DEFINITIONAL_REPRESENTATION('',(#4233),#4237);
#4233 = LINE('',#4234,#4235);
#4234 = CARTESIAN_POINT('',(-0.125,0.2));
#4235 = VECTOR('',#4236,1.);
#4236 = DIRECTION('',(0.,-1.));
#4237 = ( GEOMETRIC_REPRESENTATION_CONTEXT(2) 
PARAMETRIC_REPRESENTATION_CONTEXT() REPRESENTATION_CONTEXT('2D SPACE',''
  ) );
#4238 = ORIENTED_EDGE('',*,*,#571,.F.);
#4239 = ADVANCED_FACE('',(#4240),#559,.F.);
#4240 = FACE_BOUND('',#4241,.F.);
#4241 = EDGE_LOOP('',(#4242,#4243,#4266,#4287));
#4242 = ORIENTED_EDGE('',*,*,#543,.T.);
#4243 = ORIENTED_EDGE('',*,*,#4244,.T.);
#4244 = EDGE_CURVE('',#516,#4245,#4247,.T.);
#4245 = VERTEX_POINT('',#4246);
#4246 = CARTESIAN_POINT('',(0.625,-2.1,0.2));
#4247 = SURFACE_CURVE('',#4248,(#4252,#4259),.PCURVE_S1.);
#4248 = LINE('',#4249,#4250);
#4249 = CARTESIAN_POINT('',(0.625,-2.5,0.2));
#4250 = VECTOR('',#4251,1.);
#4251 = DIRECTION('',(0.,1.,0.));
#4252 = PCURVE('',#559,#4253);
#4253 = DEFINITIONAL_REPRESENTATION('',(#4254),#4258);
#4254 = LINE('',#4255,#4256);
#4255 = CARTESIAN_POINT('',(0.125,-0.2));
#4256 = VECTOR('',#4257,1.);
#4257 = DIRECTION('',(0.,1.));
#4258 = ( GEOMETRIC_REPRESENTATION_CONTEXT(2) 
PARAMETRIC_REPRESENTATION_CONTEXT() REPRESENTATION_CONTEXT('2D SPACE',''
  ) );
#4259 = PCURVE('',#531,#4260);
#4260 = DEFINITIONAL_REPRESENTATION('',(#4261),#4265);
#4261 = LINE('',#4262,#4263);
#4262 = CARTESIAN_POINT('',(0.,-0.2));
#4263 = VECTOR('',#4264,1.);
#4264 = DIRECTION('',(1.,0.));
#4265 = ( GEOMETRIC_REPRESENTATION_CONTEXT(2) 
PARAMETRIC_REPRESENTATION_CONTEXT() REPRESENTATION_CONTEXT('2D SPACE',''
  ) );
#4266 = ORIENTED_EDGE('',*,*,#4267,.T.);
#4267 = EDGE_CURVE('',#4245,#4196,#4268,.T.);
#4268 = SURFACE_CURVE('',#4269,(#4273,#4280),.PCURVE_S1.);
#4269 = LINE('',#4270,#4271);
#4270 = CARTESIAN_POINT('',(0.625,-2.1,0.2));
#4271 = VECTOR('',#4272,1.);
#4272 = DIRECTION('',(-1.,0.,0.));
#4273 = PCURVE('',#559,#4274);
#4274 = DEFINITIONAL_REPRESENTATION('',(#4275),#4279);
#4275 = LINE('',#4276,#4277);
#4276 = CARTESIAN_POINT('',(0.125,0.2));
#4277 = VECTOR('',#4278,1.);
#4278 = DIRECTION('',(-1.,0.));
#4279 = ( GEOMETRIC_REPRESENTATION_CONTEXT(2) 
PARAMETRIC_REPRESENTATION_CONTEXT() REPRESENTATION_CONTEXT('2D SPACE',''
  ) );
#4280 = PCURVE('',#1737,#4281);
#4281 = DEFINITIONAL_REPRESENTATION('',(#4282),#4286);
#4282 = LINE('',#4283,#4284);
#4283 = CARTESIAN_POINT('',(0.,-0.2));
#4284 = VECTOR('',#4285,1.);
#4285 = DIRECTION('',(1.,0.));
#4286 = ( GEOMETRIC_REPRESENTATION_CONTEXT(2) 
PARAMETRIC_REPRESENTATION_CONTEXT() REPRESENTATION_CONTEXT('2D SPACE',''
  ) );
#4287 = ORIENTED_EDGE('',*,*,#4218,.T.);
#4288 = ADVANCED_FACE('',(#4289),#531,.T.);
#4289 = FACE_BOUND('',#4290,.T.);
#4290 = EDGE_LOOP('',(#4291,#4292,#4293,#4294));
#4291 = ORIENTED_EDGE('',*,*,#1748,.T.);
#4292 = ORIENTED_EDGE('',*,*,#515,.T.);
#4293 = ORIENTED_EDGE('',*,*,#4244,.T.);
#4294 = ORIENTED_EDGE('',*,*,#4295,.F.);
#4295 = EDGE_CURVE('',#1723,#4245,#4296,.T.);
#4296 = SURFACE_CURVE('',#4297,(#4301,#4308),.PCURVE_S1.);
#4297 = LINE('',#4298,#4299);
#4298 = CARTESIAN_POINT('',(0.625,-2.1,0.));
#4299 = VECTOR('',#4300,1.);
#4300 = DIRECTION('',(0.,0.,1.));
#4301 = PCURVE('',#531,#4302);
#4302 = DEFINITIONAL_REPRESENTATION('',(#4303),#4307);
#4303 = LINE('',#4304,#4305);
#4304 = CARTESIAN_POINT('',(0.4,0.));
#4305 = VECTOR('',#4306,1.);
#4306 = DIRECTION('',(0.,-1.));
#4307 = ( GEOMETRIC_REPRESENTATION_CONTEXT(2) 
PARAMETRIC_REPRESENTATION_CONTEXT() REPRESENTATION_CONTEXT('2D SPACE',''
  ) );
#4308 = PCURVE('',#1737,#4309);
#4309 = DEFINITIONAL_REPRESENTATION('',(#4310),#4314);
#4310 = LINE('',#4311,#4312);
#4311 = CARTESIAN_POINT('',(0.,-0.));
#4312 = VECTOR('',#4313,1.);
#4313 = DIRECTION('',(0.,-1.));
#4314 = ( GEOMETRIC_REPRESENTATION_CONTEXT(2) 
PARAMETRIC_REPRESENTATION_CONTEXT() REPRESENTATION_CONTEXT('2D SPACE',''
  ) );
#4315 = ADVANCED_FACE('',(#4316),#480,.T.);
#4316 = FACE_BOUND('',#4317,.T.);
#4317 = EDGE_LOOP('',(#4318,#4319,#4342,#4363));
#4318 = ORIENTED_EDGE('',*,*,#1768,.T.);
#4319 = ORIENTED_EDGE('',*,*,#4320,.T.);
#4320 = EDGE_CURVE('',#1769,#4321,#4323,.T.);
#4321 = VERTEX_POINT('',#4322);
#4322 = CARTESIAN_POINT('',(0.875,-2.1,0.2));
#4323 = SURFACE_CURVE('',#4324,(#4328,#4335),.PCURVE_S1.);
#4324 = LINE('',#4325,#4326);
#4325 = CARTESIAN_POINT('',(0.875,-2.1,0.));
#4326 = VECTOR('',#4327,1.);
#4327 = DIRECTION('',(0.,0.,1.));
#4328 = PCURVE('',#480,#4329);
#4329 = DEFINITIONAL_REPRESENTATION('',(#4330),#4334);
#4330 = LINE('',#4331,#4332);
#4331 = CARTESIAN_POINT('',(0.,0.));
#4332 = VECTOR('',#4333,1.);
#4333 = DIRECTION('',(0.,-1.));
#4334 = ( GEOMETRIC_REPRESENTATION_CONTEXT(2) 
PARAMETRIC_REPRESENTATION_CONTEXT() REPRESENTATION_CONTEXT('2D SPACE',''
  ) );
#4335 = PCURVE('',#1804,#4336);
#4336 = DEFINITIONAL_REPRESENTATION('',(#4337),#4341);
#4337 = LINE('',#4338,#4339);
#4338 = CARTESIAN_POINT('',(0.25,0.));
#4339 = VECTOR('',#4340,1.);
#4340 = DIRECTION('',(0.,-1.));
#4341 = ( GEOMETRIC_REPRESENTATION_CONTEXT(2) 
PARAMETRIC_REPRESENTATION_CONTEXT() REPRESENTATION_CONTEXT('2D SPACE',''
  ) );
#4342 = ORIENTED_EDGE('',*,*,#4343,.T.);
#4343 = EDGE_CURVE('',#4321,#437,#4344,.T.);
#4344 = SURFACE_CURVE('',#4345,(#4349,#4356),.PCURVE_S1.);
#4345 = LINE('',#4346,#4347);
#4346 = CARTESIAN_POINT('',(0.875,-2.1,0.2));
#4347 = VECTOR('',#4348,1.);
#4348 = DIRECTION('',(0.,-1.,0.));
#4349 = PCURVE('',#480,#4350);
#4350 = DEFINITIONAL_REPRESENTATION('',(#4351),#4355);
#4351 = LINE('',#4352,#4353);
#4352 = CARTESIAN_POINT('',(0.,-0.2));
#4353 = VECTOR('',#4354,1.);
#4354 = DIRECTION('',(1.,0.));
#4355 = ( GEOMETRIC_REPRESENTATION_CONTEXT(2) 
PARAMETRIC_REPRESENTATION_CONTEXT() REPRESENTATION_CONTEXT('2D SPACE',''
  ) );
#4356 = PCURVE('',#452,#4357);
#4357 = DEFINITIONAL_REPRESENTATION('',(#4358),#4362);
#4358 = LINE('',#4359,#4360);
#4359 = CARTESIAN_POINT('',(-0.125,0.2));
#4360 = VECTOR('',#4361,1.);
#4361 = DIRECTION('',(0.,-1.));
#4362 = ( GEOMETRIC_REPRESENTATION_CONTEXT(2) 
PARAMETRIC_REPRESENTATION_CONTEXT() REPRESENTATION_CONTEXT('2D SPACE',''
  ) );
#4363 = ORIENTED_EDGE('',*,*,#464,.F.);
#4364 = ADVANCED_FACE('',(#4365),#452,.F.);
#4365 = FACE_BOUND('',#4366,.F.);
#4366 = EDGE_LOOP('',(#4367,#4368,#4391,#4412));
#4367 = ORIENTED_EDGE('',*,*,#436,.T.);
#4368 = ORIENTED_EDGE('',*,*,#4369,.T.);
#4369 = EDGE_CURVE('',#409,#4370,#4372,.T.);
#4370 = VERTEX_POINT('',#4371);
#4371 = CARTESIAN_POINT('',(1.125,-2.1,0.2));
#4372 = SURFACE_CURVE('',#4373,(#4377,#4384),.PCURVE_S1.);
#4373 = LINE('',#4374,#4375);
#4374 = CARTESIAN_POINT('',(1.125,-2.5,0.2));
#4375 = VECTOR('',#4376,1.);
#4376 = DIRECTION('',(0.,1.,0.));
#4377 = PCURVE('',#452,#4378);
#4378 = DEFINITIONAL_REPRESENTATION('',(#4379),#4383);
#4379 = LINE('',#4380,#4381);
#4380 = CARTESIAN_POINT('',(0.125,-0.2));
#4381 = VECTOR('',#4382,1.);
#4382 = DIRECTION('',(0.,1.));
#4383 = ( GEOMETRIC_REPRESENTATION_CONTEXT(2) 
PARAMETRIC_REPRESENTATION_CONTEXT() REPRESENTATION_CONTEXT('2D SPACE',''
  ) );
#4384 = PCURVE('',#424,#4385);
#4385 = DEFINITIONAL_REPRESENTATION('',(#4386),#4390);
#4386 = LINE('',#4387,#4388);
#4387 = CARTESIAN_POINT('',(0.,-0.2));
#4388 = VECTOR('',#4389,1.);
#4389 = DIRECTION('',(1.,0.));
#4390 = ( GEOMETRIC_REPRESENTATION_CONTEXT(2) 
PARAMETRIC_REPRESENTATION_CONTEXT() REPRESENTATION_CONTEXT('2D SPACE',''
  ) );
#4391 = ORIENTED_EDGE('',*,*,#4392,.T.);
#4392 = EDGE_CURVE('',#4370,#4321,#4393,.T.);
#4393 = SURFACE_CURVE('',#4394,(#4398,#4405),.PCURVE_S1.);
#4394 = LINE('',#4395,#4396);
#4395 = CARTESIAN_POINT('',(1.125,-2.1,0.2));
#4396 = VECTOR('',#4397,1.);
#4397 = DIRECTION('',(-1.,0.,0.));
#4398 = PCURVE('',#452,#4399);
#4399 = DEFINITIONAL_REPRESENTATION('',(#4400),#4404);
#4400 = LINE('',#4401,#4402);
#4401 = CARTESIAN_POINT('',(0.125,0.2));
#4402 = VECTOR('',#4403,1.);
#4403 = DIRECTION('',(-1.,0.));
#4404 = ( GEOMETRIC_REPRESENTATION_CONTEXT(2) 
PARAMETRIC_REPRESENTATION_CONTEXT() REPRESENTATION_CONTEXT('2D SPACE',''
  ) );
#4405 = PCURVE('',#1804,#4406);
#4406 = DEFINITIONAL_REPRESENTATION('',(#4407),#4411);
#4407 = LINE('',#4408,#4409);
#4408 = CARTESIAN_POINT('',(0.,-0.2));
#4409 = VECTOR('',#4410,1.);
#4410 = DIRECTION('',(1.,0.));
#4411 = ( GEOMETRIC_REPRESENTATION_CONTEXT(2) 
PARAMETRIC_REPRESENTATION_CONTEXT() REPRESENTATION_CONTEXT('2D SPACE',''
  ) );
#4412 = ORIENTED_EDGE('',*,*,#4343,.T.);
#4413 = ADVANCED_FACE('',(#4414),#424,.T.);
#4414 = FACE_BOUND('',#4415,.T.);
#4415 = EDGE_LOOP('',(#4416,#4417,#4418,#4419));
#4416 = ORIENTED_EDGE('',*,*,#1815,.T.);
#4417 = ORIENTED_EDGE('',*,*,#408,.T.);
#4418 = ORIENTED_EDGE('',*,*,#4369,.T.);
#4419 = ORIENTED_EDGE('',*,*,#4420,.F.);
#4420 = EDGE_CURVE('',#1790,#4370,#4421,.T.);
#4421 = SURFACE_CURVE('',#4422,(#4426,#4433),.PCURVE_S1.);
#4422 = LINE('',#4423,#4424);
#4423 = CARTESIAN_POINT('',(1.125,-2.1,0.));
#4424 = VECTOR('',#4425,1.);
#4425 = DIRECTION('',(0.,0.,1.));
#4426 = PCURVE('',#424,#4427);
#4427 = DEFINITIONAL_REPRESENTATION('',(#4428),#4432);
#4428 = LINE('',#4429,#4430);
#4429 = CARTESIAN_POINT('',(0.4,0.));
#4430 = VECTOR('',#4431,1.);
#4431 = DIRECTION('',(0.,-1.));
#4432 = ( GEOMETRIC_REPRESENTATION_CONTEXT(2) 
PARAMETRIC_REPRESENTATION_CONTEXT() REPRESENTATION_CONTEXT('2D SPACE',''
  ) );
#4433 = PCURVE('',#1804,#4434);
#4434 = DEFINITIONAL_REPRESENTATION('',(#4435),#4439);
#4435 = LINE('',#4436,#4437);
#4436 = CARTESIAN_POINT('',(0.,-0.));
#4437 = VECTOR('',#4438,1.);
#4438 = DIRECTION('',(0.,-1.));
#4439 = ( GEOMETRIC_REPRESENTATION_CONTEXT(2) 
PARAMETRIC_REPRESENTATION_CONTEXT() REPRESENTATION_CONTEXT('2D SPACE',''
  ) );
#4440 = ADVANCED_FACE('',(#4441),#373,.T.);
#4441 = FACE_BOUND('',#4442,.T.);
#4442 = EDGE_LOOP('',(#4443,#4444,#4467,#4488));
#4443 = ORIENTED_EDGE('',*,*,#1835,.T.);
#4444 = ORIENTED_EDGE('',*,*,#4445,.T.);
#4445 = EDGE_CURVE('',#1836,#4446,#4448,.T.);
#4446 = VERTEX_POINT('',#4447);
#4447 = CARTESIAN_POINT('',(1.375,-2.1,0.2));
#4448 = SURFACE_CURVE('',#4449,(#4453,#4460),.PCURVE_S1.);
#4449 = LINE('',#4450,#4451);
#4450 = CARTESIAN_POINT('',(1.375,-2.1,0.));
#4451 = VECTOR('',#4452,1.);
#4452 = DIRECTION('',(0.,0.,1.));
#4453 = PCURVE('',#373,#4454);
#4454 = DEFINITIONAL_REPRESENTATION('',(#4455),#4459);
#4455 = LINE('',#4456,#4457);
#4456 = CARTESIAN_POINT('',(0.,0.));
#4457 = VECTOR('',#4458,1.);
#4458 = DIRECTION('',(0.,-1.));
#4459 = ( GEOMETRIC_REPRESENTATION_CONTEXT(2) 
PARAMETRIC_REPRESENTATION_CONTEXT() REPRESENTATION_CONTEXT('2D SPACE',''
  ) );
#4460 = PCURVE('',#1871,#4461);
#4461 = DEFINITIONAL_REPRESENTATION('',(#4462),#4466);
#4462 = LINE('',#4463,#4464);
#4463 = CARTESIAN_POINT('',(0.25,0.));
#4464 = VECTOR('',#4465,1.);
#4465 = DIRECTION('',(0.,-1.));
#4466 = ( GEOMETRIC_REPRESENTATION_CONTEXT(2) 
PARAMETRIC_REPRESENTATION_CONTEXT() REPRESENTATION_CONTEXT('2D SPACE',''
  ) );
#4467 = ORIENTED_EDGE('',*,*,#4468,.T.);
#4468 = EDGE_CURVE('',#4446,#330,#4469,.T.);
#4469 = SURFACE_CURVE('',#4470,(#4474,#4481),.PCURVE_S1.);
#4470 = LINE('',#4471,#4472);
#4471 = CARTESIAN_POINT('',(1.375,-2.1,0.2));
#4472 = VECTOR('',#4473,1.);
#4473 = DIRECTION('',(0.,-1.,0.));
#4474 = PCURVE('',#373,#4475);
#4475 = DEFINITIONAL_REPRESENTATION('',(#4476),#4480);
#4476 = LINE('',#4477,#4478);
#4477 = CARTESIAN_POINT('',(0.,-0.2));
#4478 = VECTOR('',#4479,1.);
#4479 = DIRECTION('',(1.,0.));
#4480 = ( GEOMETRIC_REPRESENTATION_CONTEXT(2) 
PARAMETRIC_REPRESENTATION_CONTEXT() REPRESENTATION_CONTEXT('2D SPACE',''
  ) );
#4481 = PCURVE('',#345,#4482);
#4482 = DEFINITIONAL_REPRESENTATION('',(#4483),#4487);
#4483 = LINE('',#4484,#4485);
#4484 = CARTESIAN_POINT('',(-0.125,0.2));
#4485 = VECTOR('',#4486,1.);
#4486 = DIRECTION('',(0.,-1.));
#4487 = ( GEOMETRIC_REPRESENTATION_CONTEXT(2) 
PARAMETRIC_REPRESENTATION_CONTEXT() REPRESENTATION_CONTEXT('2D SPACE',''
  ) );
#4488 = ORIENTED_EDGE('',*,*,#357,.F.);
#4489 = ADVANCED_FACE('',(#4490),#345,.F.);
#4490 = FACE_BOUND('',#4491,.F.);
#4491 = EDGE_LOOP('',(#4492,#4493,#4516,#4537));
#4492 = ORIENTED_EDGE('',*,*,#329,.T.);
#4493 = ORIENTED_EDGE('',*,*,#4494,.T.);
#4494 = EDGE_CURVE('',#302,#4495,#4497,.T.);
#4495 = VERTEX_POINT('',#4496);
#4496 = CARTESIAN_POINT('',(1.625,-2.1,0.2));
#4497 = SURFACE_CURVE('',#4498,(#4502,#4509),.PCURVE_S1.);
#4498 = LINE('',#4499,#4500);
#4499 = CARTESIAN_POINT('',(1.625,-2.5,0.2));
#4500 = VECTOR('',#4501,1.);
#4501 = DIRECTION('',(0.,1.,0.));
#4502 = PCURVE('',#345,#4503);
#4503 = DEFINITIONAL_REPRESENTATION('',(#4504),#4508);
#4504 = LINE('',#4505,#4506);
#4505 = CARTESIAN_POINT('',(0.125,-0.2));
#4506 = VECTOR('',#4507,1.);
#4507 = DIRECTION('',(0.,1.));
#4508 = ( GEOMETRIC_REPRESENTATION_CONTEXT(2) 
PARAMETRIC_REPRESENTATION_CONTEXT() REPRESENTATION_CONTEXT('2D SPACE',''
  ) );
#4509 = PCURVE('',#317,#4510);
#4510 = DEFINITIONAL_REPRESENTATION('',(#4511),#4515);
#4511 = LINE('',#4512,#4513);
#4512 = CARTESIAN_POINT('',(0.,-0.2));
#4513 = VECTOR('',#4514,1.);
#4514 = DIRECTION('',(1.,0.));
#4515 = ( GEOMETRIC_REPRESENTATION_CONTEXT(2) 
PARAMETRIC_REPRESENTATION_CONTEXT() REPRESENTATION_CONTEXT('2D SPACE',''
  ) );
#4516 = ORIENTED_EDGE('',*,*,#4517,.T.);
#4517 = EDGE_CURVE('',#4495,#4446,#4518,.T.);
#4518 = SURFACE_CURVE('',#4519,(#4523,#4530),.PCURVE_S1.);
#4519 = LINE('',#4520,#4521);
#4520 = CARTESIAN_POINT('',(1.625,-2.1,0.2));
#4521 = VECTOR('',#4522,1.);
#4522 = DIRECTION('',(-1.,0.,0.));
#4523 = PCURVE('',#345,#4524);
#4524 = DEFINITIONAL_REPRESENTATION('',(#4525),#4529);
#4525 = LINE('',#4526,#4527);
#4526 = CARTESIAN_POINT('',(0.125,0.2));
#4527 = VECTOR('',#4528,1.);
#4528 = DIRECTION('',(-1.,0.));
#4529 = ( GEOMETRIC_REPRESENTATION_CONTEXT(2) 
PARAMETRIC_REPRESENTATION_CONTEXT() REPRESENTATION_CONTEXT('2D SPACE',''
  ) );
#4530 = PCURVE('',#1871,#4531);
#4531 = DEFINITIONAL_REPRESENTATION('',(#4532),#4536);
#4532 = LINE('',#4533,#4534);
#4533 = CARTESIAN_POINT('',(0.,-0.2));
#4534 = VECTOR('',#4535,1.);
#4535 = DIRECTION('',(1.,0.));
#4536 = ( GEOMETRIC_REPRESENTATION_CONTEXT(2) 
PARAMETRIC_REPRESENTATION_CONTEXT() REPRESENTATION_CONTEXT('2D SPACE',''
  ) );
#4537 = ORIENTED_EDGE('',*,*,#4468,.T.);
#4538 = ADVANCED_FACE('',(#4539),#317,.T.);
#4539 = FACE_BOUND('',#4540,.T.);
#4540 = EDGE_LOOP('',(#4541,#4542,#4543,#4544));
#4541 = ORIENTED_EDGE('',*,*,#1882,.T.);
#4542 = ORIENTED_EDGE('',*,*,#301,.T.);
#4543 = ORIENTED_EDGE('',*,*,#4494,.T.);
#4544 = ORIENTED_EDGE('',*,*,#4545,.F.);
#4545 = EDGE_CURVE('',#1857,#4495,#4546,.T.);
#4546 = SURFACE_CURVE('',#4547,(#4551,#4558),.PCURVE_S1.);
#4547 = LINE('',#4548,#4549);
#4548 = CARTESIAN_POINT('',(1.625,-2.1,0.));
#4549 = VECTOR('',#4550,1.);
#4550 = DIRECTION('',(0.,0.,1.));
#4551 = PCURVE('',#317,#4552);
#4552 = DEFINITIONAL_REPRESENTATION('',(#4553),#4557);
#4553 = LINE('',#4554,#4555);
#4554 = CARTESIAN_POINT('',(0.4,0.));
#4555 = VECTOR('',#4556,1.);
#4556 = DIRECTION('',(0.,-1.));
#4557 = ( GEOMETRIC_REPRESENTATION_CONTEXT(2) 
PARAMETRIC_REPRESENTATION_CONTEXT() REPRESENTATION_CONTEXT('2D SPACE',''
  ) );
#4558 = PCURVE('',#1871,#4559);
#4559 = DEFINITIONAL_REPRESENTATION('',(#4560),#4564);
#4560 = LINE('',#4561,#4562);
#4561 = CARTESIAN_POINT('',(0.,-0.));
#4562 = VECTOR('',#4563,1.);
#4563 = DIRECTION('',(0.,-1.));
#4564 = ( GEOMETRIC_REPRESENTATION_CONTEXT(2) 
PARAMETRIC_REPRESENTATION_CONTEXT() REPRESENTATION_CONTEXT('2D SPACE',''
  ) );
#4565 = ADVANCED_FACE('',(#4566),#266,.F.);
#4566 = FACE_BOUND('',#4567,.F.);
#4567 = EDGE_LOOP('',(#4568,#4569,#4570,#4593,#4614,#4615,#4638,#4666,
    #4687,#4688,#4711,#4739,#4760,#4761,#4784,#4812,#4833,#4834,#4857,
    #4885,#4906,#4907,#4930,#4958,#4979,#4980,#5003,#5031,#5052,#5053,
    #5076,#5104));
#4568 = ORIENTED_EDGE('',*,*,#1902,.F.);
#4569 = ORIENTED_EDGE('',*,*,#250,.T.);
#4570 = ORIENTED_EDGE('',*,*,#4571,.T.);
#4571 = EDGE_CURVE('',#223,#4572,#4574,.T.);
#4572 = VERTEX_POINT('',#4573);
#4573 = CARTESIAN_POINT('',(2.5,2.5,0.75));
#4574 = SURFACE_CURVE('',#4575,(#4579,#4586),.PCURVE_S1.);
#4575 = LINE('',#4576,#4577);
#4576 = CARTESIAN_POINT('',(2.5,-2.5,0.75));
#4577 = VECTOR('',#4578,1.);
#4578 = DIRECTION('',(0.,1.,0.));
#4579 = PCURVE('',#266,#4580);
#4580 = DEFINITIONAL_REPRESENTATION('',(#4581),#4585);
#4581 = LINE('',#4582,#4583);
#4582 = CARTESIAN_POINT('',(0.,-0.73));
#4583 = VECTOR('',#4584,1.);
#4584 = DIRECTION('',(1.,0.));
#4585 = ( GEOMETRIC_REPRESENTATION_CONTEXT(2) 
PARAMETRIC_REPRESENTATION_CONTEXT() REPRESENTATION_CONTEXT('2D SPACE',''
  ) );
#4586 = PCURVE('',#238,#4587);
#4587 = DEFINITIONAL_REPRESENTATION('',(#4588),#4592);
#4588 = LINE('',#4589,#4590);
#4589 = CARTESIAN_POINT('',(2.5,-2.5));
#4590 = VECTOR('',#4591,1.);
#4591 = DIRECTION('',(0.,1.));
#4592 = ( GEOMETRIC_REPRESENTATION_CONTEXT(2) 
PARAMETRIC_REPRESENTATION_CONTEXT() REPRESENTATION_CONTEXT('2D SPACE',''
  ) );
#4593 = ORIENTED_EDGE('',*,*,#4594,.F.);
#4594 = EDGE_CURVE('',#2610,#4572,#4595,.T.);
#4595 = SURFACE_CURVE('',#4596,(#4600,#4607),.PCURVE_S1.);
#4596 = LINE('',#4597,#4598);
#4597 = CARTESIAN_POINT('',(2.5,2.5,2.E-02));
#4598 = VECTOR('',#4599,1.);
#4599 = DIRECTION('',(0.,0.,1.));
#4600 = PCURVE('',#266,#4601);
#4601 = DEFINITIONAL_REPRESENTATION('',(#4602),#4606);
#4602 = LINE('',#4603,#4604);
#4603 = CARTESIAN_POINT('',(5.,0.));
#4604 = VECTOR('',#4605,1.);
#4605 = DIRECTION('',(0.,-1.));
#4606 = ( GEOMETRIC_REPRESENTATION_CONTEXT(2) 
PARAMETRIC_REPRESENTATION_CONTEXT() REPRESENTATION_CONTEXT('2D SPACE',''
  ) );
#4607 = PCURVE('',#2648,#4608);
#4608 = DEFINITIONAL_REPRESENTATION('',(#4609),#4613);
#4609 = LINE('',#4610,#4611);
#4610 = CARTESIAN_POINT('',(0.,-0.));
#4611 = VECTOR('',#4612,1.);
#4612 = DIRECTION('',(0.,-1.));
#4613 = ( GEOMETRIC_REPRESENTATION_CONTEXT(2) 
PARAMETRIC_REPRESENTATION_CONTEXT() REPRESENTATION_CONTEXT('2D SPACE',''
  ) );
#4614 = ORIENTED_EDGE('',*,*,#2609,.F.);
#4615 = ORIENTED_EDGE('',*,*,#4616,.T.);
#4616 = EDGE_CURVE('',#2584,#4617,#4619,.T.);
#4617 = VERTEX_POINT('',#4618);
#4618 = CARTESIAN_POINT('',(2.5,1.625,0.2));
#4619 = SURFACE_CURVE('',#4620,(#4624,#4631),.PCURVE_S1.);
#4620 = LINE('',#4621,#4622);
#4621 = CARTESIAN_POINT('',(2.5,1.625,0.));
#4622 = VECTOR('',#4623,1.);
#4623 = DIRECTION('',(0.,0.,1.));
#4624 = PCURVE('',#266,#4625);
#4625 = DEFINITIONAL_REPRESENTATION('',(#4626),#4630);
#4626 = LINE('',#4627,#4628);
#4627 = CARTESIAN_POINT('',(4.125,2.E-02));
#4628 = VECTOR('',#4629,1.);
#4629 = DIRECTION('',(0.,-1.));
#4630 = ( GEOMETRIC_REPRESENTATION_CONTEXT(2) 
PARAMETRIC_REPRESENTATION_CONTEXT() REPRESENTATION_CONTEXT('2D SPACE',''
  ) );
#4631 = PCURVE('',#2598,#4632);
#4632 = DEFINITIONAL_REPRESENTATION('',(#4633),#4637);
#4633 = LINE('',#4634,#4635);
#4634 = CARTESIAN_POINT('',(0.,-0.));
#4635 = VECTOR('',#4636,1.);
#4636 = DIRECTION('',(0.,-1.));
#4637 = ( GEOMETRIC_REPRESENTATION_CONTEXT(2) 
PARAMETRIC_REPRESENTATION_CONTEXT() REPRESENTATION_CONTEXT('2D SPACE',''
  ) );
#4638 = ORIENTED_EDGE('',*,*,#4639,.F.);
#4639 = EDGE_CURVE('',#4640,#4617,#4642,.T.);
#4640 = VERTEX_POINT('',#4641);
#4641 = CARTESIAN_POINT('',(2.5,1.375,0.2));
#4642 = SURFACE_CURVE('',#4643,(#4647,#4654),.PCURVE_S1.);
#4643 = LINE('',#4644,#4645);
#4644 = CARTESIAN_POINT('',(2.5,1.375,0.2));
#4645 = VECTOR('',#4646,1.);
#4646 = DIRECTION('',(0.,1.,0.));
#4647 = PCURVE('',#266,#4648);
#4648 = DEFINITIONAL_REPRESENTATION('',(#4649),#4653);
#4649 = LINE('',#4650,#4651);
#4650 = CARTESIAN_POINT('',(3.875,-0.18));
#4651 = VECTOR('',#4652,1.);
#4652 = DIRECTION('',(1.,0.));
#4653 = ( GEOMETRIC_REPRESENTATION_CONTEXT(2) 
PARAMETRIC_REPRESENTATION_CONTEXT() REPRESENTATION_CONTEXT('2D SPACE',''
  ) );
#4654 = PCURVE('',#4655,#4660);
#4655 = PLANE('',#4656);
#4656 = AXIS2_PLACEMENT_3D('',#4657,#4658,#4659);
#4657 = CARTESIAN_POINT('',(2.3,1.5,0.2));
#4658 = DIRECTION('',(0.,0.,1.));
#4659 = DIRECTION('',(1.,0.,-0.));
#4660 = DEFINITIONAL_REPRESENTATION('',(#4661),#4665);
#4661 = LINE('',#4662,#4663);
#4662 = CARTESIAN_POINT('',(0.2,-0.125));
#4663 = VECTOR('',#4664,1.);
#4664 = DIRECTION('',(0.,1.));
#4665 = ( GEOMETRIC_REPRESENTATION_CONTEXT(2) 
PARAMETRIC_REPRESENTATION_CONTEXT() REPRESENTATION_CONTEXT('2D SPACE',''
  ) );
#4666 = ORIENTED_EDGE('',*,*,#4667,.F.);
#4667 = EDGE_CURVE('',#2509,#4640,#4668,.T.);
#4668 = SURFACE_CURVE('',#4669,(#4673,#4680),.PCURVE_S1.);
#4669 = LINE('',#4670,#4671);
#4670 = CARTESIAN_POINT('',(2.5,1.375,0.));
#4671 = VECTOR('',#4672,1.);
#4672 = DIRECTION('',(0.,0.,1.));
#4673 = PCURVE('',#266,#4674);
#4674 = DEFINITIONAL_REPRESENTATION('',(#4675),#4679);
#4675 = LINE('',#4676,#4677);
#4676 = CARTESIAN_POINT('',(3.875,2.E-02));
#4677 = VECTOR('',#4678,1.);
#4678 = DIRECTION('',(0.,-1.));
#4679 = ( GEOMETRIC_REPRESENTATION_CONTEXT(2) 
PARAMETRIC_REPRESENTATION_CONTEXT() REPRESENTATION_CONTEXT('2D SPACE',''
  ) );
#4680 = PCURVE('',#2546,#4681);
#4681 = DEFINITIONAL_REPRESENTATION('',(#4682),#4686);
#4682 = LINE('',#4683,#4684);
#4683 = CARTESIAN_POINT('',(0.4,0.));
#4684 = VECTOR('',#4685,1.);
#4685 = DIRECTION('',(0.,-1.));
#4686 = ( GEOMETRIC_REPRESENTATION_CONTEXT(2) 
PARAMETRIC_REPRESENTATION_CONTEXT() REPRESENTATION_CONTEXT('2D SPACE',''
  ) );
#4687 = ORIENTED_EDGE('',*,*,#2508,.F.);
#4688 = ORIENTED_EDGE('',*,*,#4689,.T.);
#4689 = EDGE_CURVE('',#2483,#4690,#4692,.T.);
#4690 = VERTEX_POINT('',#4691);
#4691 = CARTESIAN_POINT('',(2.5,1.125,0.2));
#4692 = SURFACE_CURVE('',#4693,(#4697,#4704),.PCURVE_S1.);
#4693 = LINE('',#4694,#4695);
#4694 = CARTESIAN_POINT('',(2.5,1.125,0.));
#4695 = VECTOR('',#4696,1.);
#4696 = DIRECTION('',(0.,0.,1.));
#4697 = PCURVE('',#266,#4698);
#4698 = DEFINITIONAL_REPRESENTATION('',(#4699),#4703);
#4699 = LINE('',#4700,#4701);
#4700 = CARTESIAN_POINT('',(3.625,2.E-02));
#4701 = VECTOR('',#4702,1.);
#4702 = DIRECTION('',(0.,-1.));
#4703 = ( GEOMETRIC_REPRESENTATION_CONTEXT(2) 
PARAMETRIC_REPRESENTATION_CONTEXT() REPRESENTATION_CONTEXT('2D SPACE',''
  ) );
#4704 = PCURVE('',#2497,#4705);
#4705 = DEFINITIONAL_REPRESENTATION('',(#4706),#4710);
#4706 = LINE('',#4707,#4708);
#4707 = CARTESIAN_POINT('',(0.,-0.));
#4708 = VECTOR('',#4709,1.);
#4709 = DIRECTION('',(0.,-1.));
#4710 = ( GEOMETRIC_REPRESENTATION_CONTEXT(2) 
PARAMETRIC_REPRESENTATION_CONTEXT() REPRESENTATION_CONTEXT('2D SPACE',''
  ) );
#4711 = ORIENTED_EDGE('',*,*,#4712,.F.);
#4712 = EDGE_CURVE('',#4713,#4690,#4715,.T.);
#4713 = VERTEX_POINT('',#4714);
#4714 = CARTESIAN_POINT('',(2.5,0.875,0.2));
#4715 = SURFACE_CURVE('',#4716,(#4720,#4727),.PCURVE_S1.);
#4716 = LINE('',#4717,#4718);
#4717 = CARTESIAN_POINT('',(2.5,0.875,0.2));
#4718 = VECTOR('',#4719,1.);
#4719 = DIRECTION('',(0.,1.,0.));
#4720 = PCURVE('',#266,#4721);
#4721 = DEFINITIONAL_REPRESENTATION('',(#4722),#4726);
#4722 = LINE('',#4723,#4724);
#4723 = CARTESIAN_POINT('',(3.375,-0.18));
#4724 = VECTOR('',#4725,1.);
#4725 = DIRECTION('',(1.,0.));
#4726 = ( GEOMETRIC_REPRESENTATION_CONTEXT(2) 
PARAMETRIC_REPRESENTATION_CONTEXT() REPRESENTATION_CONTEXT('2D SPACE',''
  ) );
#4727 = PCURVE('',#4728,#4733);
#4728 = PLANE('',#4729);
#4729 = AXIS2_PLACEMENT_3D('',#4730,#4731,#4732);
#4730 = CARTESIAN_POINT('',(2.3,1.,0.2));
#4731 = DIRECTION('',(0.,0.,1.));
#4732 = DIRECTION('',(1.,0.,-0.));
#4733 = DEFINITIONAL_REPRESENTATION('',(#4734),#4738);
#4734 = LINE('',#4735,#4736);
#4735 = CARTESIAN_POINT('',(0.2,-0.125));
#4736 = VECTOR('',#4737,1.);
#4737 = DIRECTION('',(0.,1.));
#4738 = ( GEOMETRIC_REPRESENTATION_CONTEXT(2) 
PARAMETRIC_REPRESENTATION_CONTEXT() REPRESENTATION_CONTEXT('2D SPACE',''
  ) );
#4739 = ORIENTED_EDGE('',*,*,#4740,.F.);
#4740 = EDGE_CURVE('',#2408,#4713,#4741,.T.);
#4741 = SURFACE_CURVE('',#4742,(#4746,#4753),.PCURVE_S1.);
#4742 = LINE('',#4743,#4744);
#4743 = CARTESIAN_POINT('',(2.5,0.875,0.));
#4744 = VECTOR('',#4745,1.);
#4745 = DIRECTION('',(0.,0.,1.));
#4746 = PCURVE('',#266,#4747);
#4747 = DEFINITIONAL_REPRESENTATION('',(#4748),#4752);
#4748 = LINE('',#4749,#4750);
#4749 = CARTESIAN_POINT('',(3.375,2.E-02));
#4750 = VECTOR('',#4751,1.);
#4751 = DIRECTION('',(0.,-1.));
#4752 = ( GEOMETRIC_REPRESENTATION_CONTEXT(2) 
PARAMETRIC_REPRESENTATION_CONTEXT() REPRESENTATION_CONTEXT('2D SPACE',''
  ) );
#4753 = PCURVE('',#2445,#4754);
#4754 = DEFINITIONAL_REPRESENTATION('',(#4755),#4759);
#4755 = LINE('',#4756,#4757);
#4756 = CARTESIAN_POINT('',(0.4,0.));
#4757 = VECTOR('',#4758,1.);
#4758 = DIRECTION('',(0.,-1.));
#4759 = ( GEOMETRIC_REPRESENTATION_CONTEXT(2) 
PARAMETRIC_REPRESENTATION_CONTEXT() REPRESENTATION_CONTEXT('2D SPACE',''
  ) );
#4760 = ORIENTED_EDGE('',*,*,#2407,.F.);
#4761 = ORIENTED_EDGE('',*,*,#4762,.T.);
#4762 = EDGE_CURVE('',#2382,#4763,#4765,.T.);
#4763 = VERTEX_POINT('',#4764);
#4764 = CARTESIAN_POINT('',(2.5,0.625,0.2));
#4765 = SURFACE_CURVE('',#4766,(#4770,#4777),.PCURVE_S1.);
#4766 = LINE('',#4767,#4768);
#4767 = CARTESIAN_POINT('',(2.5,0.625,0.));
#4768 = VECTOR('',#4769,1.);
#4769 = DIRECTION('',(0.,0.,1.));
#4770 = PCURVE('',#266,#4771);
#4771 = DEFINITIONAL_REPRESENTATION('',(#4772),#4776);
#4772 = LINE('',#4773,#4774);
#4773 = CARTESIAN_POINT('',(3.125,2.E-02));
#4774 = VECTOR('',#4775,1.);
#4775 = DIRECTION('',(0.,-1.));
#4776 = ( GEOMETRIC_REPRESENTATION_CONTEXT(2) 
PARAMETRIC_REPRESENTATION_CONTEXT() REPRESENTATION_CONTEXT('2D SPACE',''
  ) );
#4777 = PCURVE('',#2396,#4778);
#4778 = DEFINITIONAL_REPRESENTATION('',(#4779),#4783);
#4779 = LINE('',#4780,#4781);
#4780 = CARTESIAN_POINT('',(0.,-0.));
#4781 = VECTOR('',#4782,1.);
#4782 = DIRECTION('',(0.,-1.));
#4783 = ( GEOMETRIC_REPRESENTATION_CONTEXT(2) 
PARAMETRIC_REPRESENTATION_CONTEXT() REPRESENTATION_CONTEXT('2D SPACE',''
  ) );
#4784 = ORIENTED_EDGE('',*,*,#4785,.F.);
#4785 = EDGE_CURVE('',#4786,#4763,#4788,.T.);
#4786 = VERTEX_POINT('',#4787);
#4787 = CARTESIAN_POINT('',(2.5,0.375,0.2));
#4788 = SURFACE_CURVE('',#4789,(#4793,#4800),.PCURVE_S1.);
#4789 = LINE('',#4790,#4791);
#4790 = CARTESIAN_POINT('',(2.5,0.375,0.2));
#4791 = VECTOR('',#4792,1.);
#4792 = DIRECTION('',(0.,1.,0.));
#4793 = PCURVE('',#266,#4794);
#4794 = DEFINITIONAL_REPRESENTATION('',(#4795),#4799);
#4795 = LINE('',#4796,#4797);
#4796 = CARTESIAN_POINT('',(2.875,-0.18));
#4797 = VECTOR('',#4798,1.);
#4798 = DIRECTION('',(1.,0.));
#4799 = ( GEOMETRIC_REPRESENTATION_CONTEXT(2) 
PARAMETRIC_REPRESENTATION_CONTEXT() REPRESENTATION_CONTEXT('2D SPACE',''
  ) );
#4800 = PCURVE('',#4801,#4806);
#4801 = PLANE('',#4802);
#4802 = AXIS2_PLACEMENT_3D('',#4803,#4804,#4805);
#4803 = CARTESIAN_POINT('',(2.3,0.5,0.2));
#4804 = DIRECTION('',(0.,0.,1.));
#4805 = DIRECTION('',(1.,0.,-0.));
#4806 = DEFINITIONAL_REPRESENTATION('',(#4807),#4811);
#4807 = LINE('',#4808,#4809);
#4808 = CARTESIAN_POINT('',(0.2,-0.125));
#4809 = VECTOR('',#4810,1.);
#4810 = DIRECTION('',(0.,1.));
#4811 = ( GEOMETRIC_REPRESENTATION_CONTEXT(2) 
PARAMETRIC_REPRESENTATION_CONTEXT() REPRESENTATION_CONTEXT('2D SPACE',''
  ) );
#4812 = ORIENTED_EDGE('',*,*,#4813,.F.);
#4813 = EDGE_CURVE('',#2307,#4786,#4814,.T.);
#4814 = SURFACE_CURVE('',#4815,(#4819,#4826),.PCURVE_S1.);
#4815 = LINE('',#4816,#4817);
#4816 = CARTESIAN_POINT('',(2.5,0.375,0.));
#4817 = VECTOR('',#4818,1.);
#4818 = DIRECTION('',(0.,0.,1.));
#4819 = PCURVE('',#266,#4820);
#4820 = DEFINITIONAL_REPRESENTATION('',(#4821),#4825);
#4821 = LINE('',#4822,#4823);
#4822 = CARTESIAN_POINT('',(2.875,2.E-02));
#4823 = VECTOR('',#4824,1.);
#4824 = DIRECTION('',(0.,-1.));
#4825 = ( GEOMETRIC_REPRESENTATION_CONTEXT(2) 
PARAMETRIC_REPRESENTATION_CONTEXT() REPRESENTATION_CONTEXT('2D SPACE',''
  ) );
#4826 = PCURVE('',#2344,#4827);
#4827 = DEFINITIONAL_REPRESENTATION('',(#4828),#4832);
#4828 = LINE('',#4829,#4830);
#4829 = CARTESIAN_POINT('',(0.4,0.));
#4830 = VECTOR('',#4831,1.);
#4831 = DIRECTION('',(0.,-1.));
#4832 = ( GEOMETRIC_REPRESENTATION_CONTEXT(2) 
PARAMETRIC_REPRESENTATION_CONTEXT() REPRESENTATION_CONTEXT('2D SPACE',''
  ) );
#4833 = ORIENTED_EDGE('',*,*,#2306,.F.);
#4834 = ORIENTED_EDGE('',*,*,#4835,.T.);
#4835 = EDGE_CURVE('',#2281,#4836,#4838,.T.);
#4836 = VERTEX_POINT('',#4837);
#4837 = CARTESIAN_POINT('',(2.5,0.125,0.2));
#4838 = SURFACE_CURVE('',#4839,(#4843,#4850),.PCURVE_S1.);
#4839 = LINE('',#4840,#4841);
#4840 = CARTESIAN_POINT('',(2.5,0.125,0.));
#4841 = VECTOR('',#4842,1.);
#4842 = DIRECTION('',(0.,0.,1.));
#4843 = PCURVE('',#266,#4844);
#4844 = DEFINITIONAL_REPRESENTATION('',(#4845),#4849);
#4845 = LINE('',#4846,#4847);
#4846 = CARTESIAN_POINT('',(2.625,2.E-02));
#4847 = VECTOR('',#4848,1.);
#4848 = DIRECTION('',(0.,-1.));
#4849 = ( GEOMETRIC_REPRESENTATION_CONTEXT(2) 
PARAMETRIC_REPRESENTATION_CONTEXT() REPRESENTATION_CONTEXT('2D SPACE',''
  ) );
#4850 = PCURVE('',#2295,#4851);
#4851 = DEFINITIONAL_REPRESENTATION('',(#4852),#4856);
#4852 = LINE('',#4853,#4854);
#4853 = CARTESIAN_POINT('',(0.,-0.));
#4854 = VECTOR('',#4855,1.);
#4855 = DIRECTION('',(0.,-1.));
#4856 = ( GEOMETRIC_REPRESENTATION_CONTEXT(2) 
PARAMETRIC_REPRESENTATION_CONTEXT() REPRESENTATION_CONTEXT('2D SPACE',''
  ) );
#4857 = ORIENTED_EDGE('',*,*,#4858,.F.);
#4858 = EDGE_CURVE('',#4859,#4836,#4861,.T.);
#4859 = VERTEX_POINT('',#4860);
#4860 = CARTESIAN_POINT('',(2.5,-0.125,0.2));
#4861 = SURFACE_CURVE('',#4862,(#4866,#4873),.PCURVE_S1.);
#4862 = LINE('',#4863,#4864);
#4863 = CARTESIAN_POINT('',(2.5,-0.125,0.2));
#4864 = VECTOR('',#4865,1.);
#4865 = DIRECTION('',(0.,1.,0.));
#4866 = PCURVE('',#266,#4867);
#4867 = DEFINITIONAL_REPRESENTATION('',(#4868),#4872);
#4868 = LINE('',#4869,#4870);
#4869 = CARTESIAN_POINT('',(2.375,-0.18));
#4870 = VECTOR('',#4871,1.);
#4871 = DIRECTION('',(1.,0.));
#4872 = ( GEOMETRIC_REPRESENTATION_CONTEXT(2) 
PARAMETRIC_REPRESENTATION_CONTEXT() REPRESENTATION_CONTEXT('2D SPACE',''
  ) );
#4873 = PCURVE('',#4874,#4879);
#4874 = PLANE('',#4875);
#4875 = AXIS2_PLACEMENT_3D('',#4876,#4877,#4878);
#4876 = CARTESIAN_POINT('',(2.3,0.,0.2));
#4877 = DIRECTION('',(0.,0.,1.));
#4878 = DIRECTION('',(1.,0.,-0.));
#4879 = DEFINITIONAL_REPRESENTATION('',(#4880),#4884);
#4880 = LINE('',#4881,#4882);
#4881 = CARTESIAN_POINT('',(0.2,-0.125));
#4882 = VECTOR('',#4883,1.);
#4883 = DIRECTION('',(0.,1.));
#4884 = ( GEOMETRIC_REPRESENTATION_CONTEXT(2) 
PARAMETRIC_REPRESENTATION_CONTEXT() REPRESENTATION_CONTEXT('2D SPACE',''
  ) );
#4885 = ORIENTED_EDGE('',*,*,#4886,.F.);
#4886 = EDGE_CURVE('',#2206,#4859,#4887,.T.);
#4887 = SURFACE_CURVE('',#4888,(#4892,#4899),.PCURVE_S1.);
#4888 = LINE('',#4889,#4890);
#4889 = CARTESIAN_POINT('',(2.5,-0.125,0.));
#4890 = VECTOR('',#4891,1.);
#4891 = DIRECTION('',(0.,0.,1.));
#4892 = PCURVE('',#266,#4893);
#4893 = DEFINITIONAL_REPRESENTATION('',(#4894),#4898);
#4894 = LINE('',#4895,#4896);
#4895 = CARTESIAN_POINT('',(2.375,2.E-02));
#4896 = VECTOR('',#4897,1.);
#4897 = DIRECTION('',(0.,-1.));
#4898 = ( GEOMETRIC_REPRESENTATION_CONTEXT(2) 
PARAMETRIC_REPRESENTATION_CONTEXT() REPRESENTATION_CONTEXT('2D SPACE',''
  ) );
#4899 = PCURVE('',#2243,#4900);
#4900 = DEFINITIONAL_REPRESENTATION('',(#4901),#4905);
#4901 = LINE('',#4902,#4903);
#4902 = CARTESIAN_POINT('',(0.4,0.));
#4903 = VECTOR('',#4904,1.);
#4904 = DIRECTION('',(0.,-1.));
#4905 = ( GEOMETRIC_REPRESENTATION_CONTEXT(2) 
PARAMETRIC_REPRESENTATION_CONTEXT() REPRESENTATION_CONTEXT('2D SPACE',''
  ) );
#4906 = ORIENTED_EDGE('',*,*,#2205,.F.);
#4907 = ORIENTED_EDGE('',*,*,#4908,.T.);
#4908 = EDGE_CURVE('',#2180,#4909,#4911,.T.);
#4909 = VERTEX_POINT('',#4910);
#4910 = CARTESIAN_POINT('',(2.5,-0.375,0.2));
#4911 = SURFACE_CURVE('',#4912,(#4916,#4923),.PCURVE_S1.);
#4912 = LINE('',#4913,#4914);
#4913 = CARTESIAN_POINT('',(2.5,-0.375,0.));
#4914 = VECTOR('',#4915,1.);
#4915 = DIRECTION('',(0.,0.,1.));
#4916 = PCURVE('',#266,#4917);
#4917 = DEFINITIONAL_REPRESENTATION('',(#4918),#4922);
#4918 = LINE('',#4919,#4920);
#4919 = CARTESIAN_POINT('',(2.125,2.E-02));
#4920 = VECTOR('',#4921,1.);
#4921 = DIRECTION('',(0.,-1.));
#4922 = ( GEOMETRIC_REPRESENTATION_CONTEXT(2) 
PARAMETRIC_REPRESENTATION_CONTEXT() REPRESENTATION_CONTEXT('2D SPACE',''
  ) );
#4923 = PCURVE('',#2194,#4924);
#4924 = DEFINITIONAL_REPRESENTATION('',(#4925),#4929);
#4925 = LINE('',#4926,#4927);
#4926 = CARTESIAN_POINT('',(0.,-0.));
#4927 = VECTOR('',#4928,1.);
#4928 = DIRECTION('',(0.,-1.));
#4929 = ( GEOMETRIC_REPRESENTATION_CONTEXT(2) 
PARAMETRIC_REPRESENTATION_CONTEXT() REPRESENTATION_CONTEXT('2D SPACE',''
  ) );
#4930 = ORIENTED_EDGE('',*,*,#4931,.F.);
#4931 = EDGE_CURVE('',#4932,#4909,#4934,.T.);
#4932 = VERTEX_POINT('',#4933);
#4933 = CARTESIAN_POINT('',(2.5,-0.625,0.2));
#4934 = SURFACE_CURVE('',#4935,(#4939,#4946),.PCURVE_S1.);
#4935 = LINE('',#4936,#4937);
#4936 = CARTESIAN_POINT('',(2.5,-0.625,0.2));
#4937 = VECTOR('',#4938,1.);
#4938 = DIRECTION('',(0.,1.,0.));
#4939 = PCURVE('',#266,#4940);
#4940 = DEFINITIONAL_REPRESENTATION('',(#4941),#4945);
#4941 = LINE('',#4942,#4943);
#4942 = CARTESIAN_POINT('',(1.875,-0.18));
#4943 = VECTOR('',#4944,1.);
#4944 = DIRECTION('',(1.,0.));
#4945 = ( GEOMETRIC_REPRESENTATION_CONTEXT(2) 
PARAMETRIC_REPRESENTATION_CONTEXT() REPRESENTATION_CONTEXT('2D SPACE',''
  ) );
#4946 = PCURVE('',#4947,#4952);
#4947 = PLANE('',#4948);
#4948 = AXIS2_PLACEMENT_3D('',#4949,#4950,#4951);
#4949 = CARTESIAN_POINT('',(2.3,-0.5,0.2));
#4950 = DIRECTION('',(0.,0.,1.));
#4951 = DIRECTION('',(1.,0.,-0.));
#4952 = DEFINITIONAL_REPRESENTATION('',(#4953),#4957);
#4953 = LINE('',#4954,#4955);
#4954 = CARTESIAN_POINT('',(0.2,-0.125));
#4955 = VECTOR('',#4956,1.);
#4956 = DIRECTION('',(0.,1.));
#4957 = ( GEOMETRIC_REPRESENTATION_CONTEXT(2) 
PARAMETRIC_REPRESENTATION_CONTEXT() REPRESENTATION_CONTEXT('2D SPACE',''
  ) );
#4958 = ORIENTED_EDGE('',*,*,#4959,.F.);
#4959 = EDGE_CURVE('',#2105,#4932,#4960,.T.);
#4960 = SURFACE_CURVE('',#4961,(#4965,#4972),.PCURVE_S1.);
#4961 = LINE('',#4962,#4963);
#4962 = CARTESIAN_POINT('',(2.5,-0.625,0.));
#4963 = VECTOR('',#4964,1.);
#4964 = DIRECTION('',(0.,0.,1.));
#4965 = PCURVE('',#266,#4966);
#4966 = DEFINITIONAL_REPRESENTATION('',(#4967),#4971);
#4967 = LINE('',#4968,#4969);
#4968 = CARTESIAN_POINT('',(1.875,2.E-02));
#4969 = VECTOR('',#4970,1.);
#4970 = DIRECTION('',(0.,-1.));
#4971 = ( GEOMETRIC_REPRESENTATION_CONTEXT(2) 
PARAMETRIC_REPRESENTATION_CONTEXT() REPRESENTATION_CONTEXT('2D SPACE',''
  ) );
#4972 = PCURVE('',#2142,#4973);
#4973 = DEFINITIONAL_REPRESENTATION('',(#4974),#4978);
#4974 = LINE('',#4975,#4976);
#4975 = CARTESIAN_POINT('',(0.4,0.));
#4976 = VECTOR('',#4977,1.);
#4977 = DIRECTION('',(0.,-1.));
#4978 = ( GEOMETRIC_REPRESENTATION_CONTEXT(2) 
PARAMETRIC_REPRESENTATION_CONTEXT() REPRESENTATION_CONTEXT('2D SPACE',''
  ) );
#4979 = ORIENTED_EDGE('',*,*,#2104,.F.);
#4980 = ORIENTED_EDGE('',*,*,#4981,.T.);
#4981 = EDGE_CURVE('',#2079,#4982,#4984,.T.);
#4982 = VERTEX_POINT('',#4983);
#4983 = CARTESIAN_POINT('',(2.5,-0.875,0.2));
#4984 = SURFACE_CURVE('',#4985,(#4989,#4996),.PCURVE_S1.);
#4985 = LINE('',#4986,#4987);
#4986 = CARTESIAN_POINT('',(2.5,-0.875,0.));
#4987 = VECTOR('',#4988,1.);
#4988 = DIRECTION('',(0.,0.,1.));
#4989 = PCURVE('',#266,#4990);
#4990 = DEFINITIONAL_REPRESENTATION('',(#4991),#4995);
#4991 = LINE('',#4992,#4993);
#4992 = CARTESIAN_POINT('',(1.625,2.E-02));
#4993 = VECTOR('',#4994,1.);
#4994 = DIRECTION('',(0.,-1.));
#4995 = ( GEOMETRIC_REPRESENTATION_CONTEXT(2) 
PARAMETRIC_REPRESENTATION_CONTEXT() REPRESENTATION_CONTEXT('2D SPACE',''
  ) );
#4996 = PCURVE('',#2093,#4997);
#4997 = DEFINITIONAL_REPRESENTATION('',(#4998),#5002);
#4998 = LINE('',#4999,#5000);
#4999 = CARTESIAN_POINT('',(0.,-0.));
#5000 = VECTOR('',#5001,1.);
#5001 = DIRECTION('',(0.,-1.));
#5002 = ( GEOMETRIC_REPRESENTATION_CONTEXT(2) 
PARAMETRIC_REPRESENTATION_CONTEXT() REPRESENTATION_CONTEXT('2D SPACE',''
  ) );
#5003 = ORIENTED_EDGE('',*,*,#5004,.F.);
#5004 = EDGE_CURVE('',#5005,#4982,#5007,.T.);
#5005 = VERTEX_POINT('',#5006);
#5006 = CARTESIAN_POINT('',(2.5,-1.125,0.2));
#5007 = SURFACE_CURVE('',#5008,(#5012,#5019),.PCURVE_S1.);
#5008 = LINE('',#5009,#5010);
#5009 = CARTESIAN_POINT('',(2.5,-1.125,0.2));
#5010 = VECTOR('',#5011,1.);
#5011 = DIRECTION('',(0.,1.,0.));
#5012 = PCURVE('',#266,#5013);
#5013 = DEFINITIONAL_REPRESENTATION('',(#5014),#5018);
#5014 = LINE('',#5015,#5016);
#5015 = CARTESIAN_POINT('',(1.375,-0.18));
#5016 = VECTOR('',#5017,1.);
#5017 = DIRECTION('',(1.,0.));
#5018 = ( GEOMETRIC_REPRESENTATION_CONTEXT(2) 
PARAMETRIC_REPRESENTATION_CONTEXT() REPRESENTATION_CONTEXT('2D SPACE',''
  ) );
#5019 = PCURVE('',#5020,#5025);
#5020 = PLANE('',#5021);
#5021 = AXIS2_PLACEMENT_3D('',#5022,#5023,#5024);
#5022 = CARTESIAN_POINT('',(2.3,-1.,0.2));
#5023 = DIRECTION('',(0.,0.,1.));
#5024 = DIRECTION('',(1.,0.,-0.));
#5025 = DEFINITIONAL_REPRESENTATION('',(#5026),#5030);
#5026 = LINE('',#5027,#5028);
#5027 = CARTESIAN_POINT('',(0.2,-0.125));
#5028 = VECTOR('',#5029,1.);
#5029 = DIRECTION('',(0.,1.));
#5030 = ( GEOMETRIC_REPRESENTATION_CONTEXT(2) 
PARAMETRIC_REPRESENTATION_CONTEXT() REPRESENTATION_CONTEXT('2D SPACE',''
  ) );
#5031 = ORIENTED_EDGE('',*,*,#5032,.F.);
#5032 = EDGE_CURVE('',#2004,#5005,#5033,.T.);
#5033 = SURFACE_CURVE('',#5034,(#5038,#5045),.PCURVE_S1.);
#5034 = LINE('',#5035,#5036);
#5035 = CARTESIAN_POINT('',(2.5,-1.125,0.));
#5036 = VECTOR('',#5037,1.);
#5037 = DIRECTION('',(0.,0.,1.));
#5038 = PCURVE('',#266,#5039);
#5039 = DEFINITIONAL_REPRESENTATION('',(#5040),#5044);
#5040 = LINE('',#5041,#5042);
#5041 = CARTESIAN_POINT('',(1.375,2.E-02));
#5042 = VECTOR('',#5043,1.);
#5043 = DIRECTION('',(0.,-1.));
#5044 = ( GEOMETRIC_REPRESENTATION_CONTEXT(2) 
PARAMETRIC_REPRESENTATION_CONTEXT() REPRESENTATION_CONTEXT('2D SPACE',''
  ) );
#5045 = PCURVE('',#2041,#5046);
#5046 = DEFINITIONAL_REPRESENTATION('',(#5047),#5051);
#5047 = LINE('',#5048,#5049);
#5048 = CARTESIAN_POINT('',(0.4,0.));
#5049 = VECTOR('',#5050,1.);
#5050 = DIRECTION('',(0.,-1.));
#5051 = ( GEOMETRIC_REPRESENTATION_CONTEXT(2) 
PARAMETRIC_REPRESENTATION_CONTEXT() REPRESENTATION_CONTEXT('2D SPACE',''
  ) );
#5052 = ORIENTED_EDGE('',*,*,#2003,.F.);
#5053 = ORIENTED_EDGE('',*,*,#5054,.T.);
#5054 = EDGE_CURVE('',#1978,#5055,#5057,.T.);
#5055 = VERTEX_POINT('',#5056);
#5056 = CARTESIAN_POINT('',(2.5,-1.375,0.2));
#5057 = SURFACE_CURVE('',#5058,(#5062,#5069),.PCURVE_S1.);
#5058 = LINE('',#5059,#5060);
#5059 = CARTESIAN_POINT('',(2.5,-1.375,0.));
#5060 = VECTOR('',#5061,1.);
#5061 = DIRECTION('',(0.,0.,1.));
#5062 = PCURVE('',#266,#5063);
#5063 = DEFINITIONAL_REPRESENTATION('',(#5064),#5068);
#5064 = LINE('',#5065,#5066);
#5065 = CARTESIAN_POINT('',(1.125,2.E-02));
#5066 = VECTOR('',#5067,1.);
#5067 = DIRECTION('',(0.,-1.));
#5068 = ( GEOMETRIC_REPRESENTATION_CONTEXT(2) 
PARAMETRIC_REPRESENTATION_CONTEXT() REPRESENTATION_CONTEXT('2D SPACE',''
  ) );
#5069 = PCURVE('',#1992,#5070);
#5070 = DEFINITIONAL_REPRESENTATION('',(#5071),#5075);
#5071 = LINE('',#5072,#5073);
#5072 = CARTESIAN_POINT('',(0.,-0.));
#5073 = VECTOR('',#5074,1.);
#5074 = DIRECTION('',(0.,-1.));
#5075 = ( GEOMETRIC_REPRESENTATION_CONTEXT(2) 
PARAMETRIC_REPRESENTATION_CONTEXT() REPRESENTATION_CONTEXT('2D SPACE',''
  ) );
#5076 = ORIENTED_EDGE('',*,*,#5077,.F.);
#5077 = EDGE_CURVE('',#5078,#5055,#5080,.T.);
#5078 = VERTEX_POINT('',#5079);
#5079 = CARTESIAN_POINT('',(2.5,-1.625,0.2));
#5080 = SURFACE_CURVE('',#5081,(#5085,#5092),.PCURVE_S1.);
#5081 = LINE('',#5082,#5083);
#5082 = CARTESIAN_POINT('',(2.5,-1.625,0.2));
#5083 = VECTOR('',#5084,1.);
#5084 = DIRECTION('',(0.,1.,0.));
#5085 = PCURVE('',#266,#5086);
#5086 = DEFINITIONAL_REPRESENTATION('',(#5087),#5091);
#5087 = LINE('',#5088,#5089);
#5088 = CARTESIAN_POINT('',(0.875,-0.18));
#5089 = VECTOR('',#5090,1.);
#5090 = DIRECTION('',(1.,0.));
#5091 = ( GEOMETRIC_REPRESENTATION_CONTEXT(2) 
PARAMETRIC_REPRESENTATION_CONTEXT() REPRESENTATION_CONTEXT('2D SPACE',''
  ) );
#5092 = PCURVE('',#5093,#5098);
#5093 = PLANE('',#5094);
#5094 = AXIS2_PLACEMENT_3D('',#5095,#5096,#5097);
#5095 = CARTESIAN_POINT('',(2.3,-1.5,0.2));
#5096 = DIRECTION('',(0.,0.,1.));
#5097 = DIRECTION('',(1.,0.,-0.));
#5098 = DEFINITIONAL_REPRESENTATION('',(#5099),#5103);
#5099 = LINE('',#5100,#5101);
#5100 = CARTESIAN_POINT('',(0.2,-0.125));
#5101 = VECTOR('',#5102,1.);
#5102 = DIRECTION('',(0.,1.));
#5103 = ( GEOMETRIC_REPRESENTATION_CONTEXT(2) 
PARAMETRIC_REPRESENTATION_CONTEXT() REPRESENTATION_CONTEXT('2D SPACE',''
  ) );
#5104 = ORIENTED_EDGE('',*,*,#5105,.F.);
#5105 = EDGE_CURVE('',#1903,#5078,#5106,.T.);
#5106 = SURFACE_CURVE('',#5107,(#5111,#5118),.PCURVE_S1.);
#5107 = LINE('',#5108,#5109);
#5108 = CARTESIAN_POINT('',(2.5,-1.625,0.));
#5109 = VECTOR('',#5110,1.);
#5110 = DIRECTION('',(0.,0.,1.));
#5111 = PCURVE('',#266,#5112);
#5112 = DEFINITIONAL_REPRESENTATION('',(#5113),#5117);
#5113 = LINE('',#5114,#5115);
#5114 = CARTESIAN_POINT('',(0.875,2.E-02));
#5115 = VECTOR('',#5116,1.);
#5116 = DIRECTION('',(0.,-1.));
#5117 = ( GEOMETRIC_REPRESENTATION_CONTEXT(2) 
PARAMETRIC_REPRESENTATION_CONTEXT() REPRESENTATION_CONTEXT('2D SPACE',''
  ) );
#5118 = PCURVE('',#1940,#5119);
#5119 = DEFINITIONAL_REPRESENTATION('',(#5120),#5124);
#5120 = LINE('',#5121,#5122);
#5121 = CARTESIAN_POINT('',(0.4,0.));
#5122 = VECTOR('',#5123,1.);
#5123 = DIRECTION('',(0.,-1.));
#5124 = ( GEOMETRIC_REPRESENTATION_CONTEXT(2) 
PARAMETRIC_REPRESENTATION_CONTEXT() REPRESENTATION_CONTEXT('2D SPACE',''
  ) );
#5125 = ADVANCED_FACE('',(#5126),#238,.T.);
#5126 = FACE_BOUND('',#5127,.T.);
#5127 = EDGE_LOOP('',(#5128,#5129,#5130,#5153));
#5128 = ORIENTED_EDGE('',*,*,#222,.T.);
#5129 = ORIENTED_EDGE('',*,*,#4571,.T.);
#5130 = ORIENTED_EDGE('',*,*,#5131,.T.);
#5131 = EDGE_CURVE('',#4572,#5132,#5134,.T.);
#5132 = VERTEX_POINT('',#5133);
#5133 = CARTESIAN_POINT('',(-2.5,2.5,0.75));
#5134 = SURFACE_CURVE('',#5135,(#5139,#5146),.PCURVE_S1.);
#5135 = LINE('',#5136,#5137);
#5136 = CARTESIAN_POINT('',(2.5,2.5,0.75));
#5137 = VECTOR('',#5138,1.);
#5138 = DIRECTION('',(-1.,0.,0.));
#5139 = PCURVE('',#238,#5140);
#5140 = DEFINITIONAL_REPRESENTATION('',(#5141),#5145);
#5141 = LINE('',#5142,#5143);
#5142 = CARTESIAN_POINT('',(2.5,2.5));
#5143 = VECTOR('',#5144,1.);
#5144 = DIRECTION('',(-1.,0.));
#5145 = ( GEOMETRIC_REPRESENTATION_CONTEXT(2) 
PARAMETRIC_REPRESENTATION_CONTEXT() REPRESENTATION_CONTEXT('2D SPACE',''
  ) );
#5146 = PCURVE('',#2648,#5147);
#5147 = DEFINITIONAL_REPRESENTATION('',(#5148),#5152);
#5148 = LINE('',#5149,#5150);
#5149 = CARTESIAN_POINT('',(0.,-0.73));
#5150 = VECTOR('',#5151,1.);
#5151 = DIRECTION('',(1.,0.));
#5152 = ( GEOMETRIC_REPRESENTATION_CONTEXT(2) 
PARAMETRIC_REPRESENTATION_CONTEXT() REPRESENTATION_CONTEXT('2D SPACE',''
  ) );
#5153 = ORIENTED_EDGE('',*,*,#5154,.T.);
#5154 = EDGE_CURVE('',#5132,#195,#5155,.T.);
#5155 = SURFACE_CURVE('',#5156,(#5160,#5167),.PCURVE_S1.);
#5156 = LINE('',#5157,#5158);
#5157 = CARTESIAN_POINT('',(-2.5,2.5,0.75));
#5158 = VECTOR('',#5159,1.);
#5159 = DIRECTION('',(0.,-1.,0.));
#5160 = PCURVE('',#238,#5161);
#5161 = DEFINITIONAL_REPRESENTATION('',(#5162),#5166);
#5162 = LINE('',#5163,#5164);
#5163 = CARTESIAN_POINT('',(-2.5,2.5));
#5164 = VECTOR('',#5165,1.);
#5165 = DIRECTION('',(0.,-1.));
#5166 = ( GEOMETRIC_REPRESENTATION_CONTEXT(2) 
PARAMETRIC_REPRESENTATION_CONTEXT() REPRESENTATION_CONTEXT('2D SPACE',''
  ) );
#5167 = PCURVE('',#210,#5168);
#5168 = DEFINITIONAL_REPRESENTATION('',(#5169),#5173);
#5169 = LINE('',#5170,#5171);
#5170 = CARTESIAN_POINT('',(0.,-0.73));
#5171 = VECTOR('',#5172,1.);
#5172 = DIRECTION('',(1.,0.));
#5173 = ( GEOMETRIC_REPRESENTATION_CONTEXT(2) 
PARAMETRIC_REPRESENTATION_CONTEXT() REPRESENTATION_CONTEXT('2D SPACE',''
  ) );
#5174 = ADVANCED_FACE('',(#5175),#210,.F.);
#5175 = FACE_BOUND('',#5176,.F.);
#5176 = EDGE_LOOP('',(#5177,#5178,#5199,#5200,#5201,#5202,#5225,#5253,
    #5274,#5275,#5298,#5326,#5347,#5348,#5371,#5399,#5420,#5421,#5444,
    #5472,#5493,#5494,#5517,#5545,#5566,#5567,#5590,#5618,#5639,#5640,
    #5663,#5691));
#5177 = ORIENTED_EDGE('',*,*,#3367,.F.);
#5178 = ORIENTED_EDGE('',*,*,#5179,.T.);
#5179 = EDGE_CURVE('',#3345,#5132,#5180,.T.);
#5180 = SURFACE_CURVE('',#5181,(#5185,#5192),.PCURVE_S1.);
#5181 = LINE('',#5182,#5183);
#5182 = CARTESIAN_POINT('',(-2.5,2.5,2.E-02));
#5183 = VECTOR('',#5184,1.);
#5184 = DIRECTION('',(0.,0.,1.));
#5185 = PCURVE('',#210,#5186);
#5186 = DEFINITIONAL_REPRESENTATION('',(#5187),#5191);
#5187 = LINE('',#5188,#5189);
#5188 = CARTESIAN_POINT('',(0.,0.));
#5189 = VECTOR('',#5190,1.);
#5190 = DIRECTION('',(0.,-1.));
#5191 = ( GEOMETRIC_REPRESENTATION_CONTEXT(2) 
PARAMETRIC_REPRESENTATION_CONTEXT() REPRESENTATION_CONTEXT('2D SPACE',''
  ) );
#5192 = PCURVE('',#2648,#5193);
#5193 = DEFINITIONAL_REPRESENTATION('',(#5194),#5198);
#5194 = LINE('',#5195,#5196);
#5195 = CARTESIAN_POINT('',(5.,0.));
#5196 = VECTOR('',#5197,1.);
#5197 = DIRECTION('',(0.,-1.));
#5198 = ( GEOMETRIC_REPRESENTATION_CONTEXT(2) 
PARAMETRIC_REPRESENTATION_CONTEXT() REPRESENTATION_CONTEXT('2D SPACE',''
  ) );
#5199 = ORIENTED_EDGE('',*,*,#5154,.T.);
#5200 = ORIENTED_EDGE('',*,*,#194,.F.);
#5201 = ORIENTED_EDGE('',*,*,#1411,.F.);
#5202 = ORIENTED_EDGE('',*,*,#5203,.T.);
#5203 = EDGE_CURVE('',#1386,#5204,#5206,.T.);
#5204 = VERTEX_POINT('',#5205);
#5205 = CARTESIAN_POINT('',(-2.5,-1.625,0.2));
#5206 = SURFACE_CURVE('',#5207,(#5211,#5218),.PCURVE_S1.);
#5207 = LINE('',#5208,#5209);
#5208 = CARTESIAN_POINT('',(-2.5,-1.625,0.));
#5209 = VECTOR('',#5210,1.);
#5210 = DIRECTION('',(0.,0.,1.));
#5211 = PCURVE('',#210,#5212);
#5212 = DEFINITIONAL_REPRESENTATION('',(#5213),#5217);
#5213 = LINE('',#5214,#5215);
#5214 = CARTESIAN_POINT('',(4.125,2.E-02));
#5215 = VECTOR('',#5216,1.);
#5216 = DIRECTION('',(0.,-1.));
#5217 = ( GEOMETRIC_REPRESENTATION_CONTEXT(2) 
PARAMETRIC_REPRESENTATION_CONTEXT() REPRESENTATION_CONTEXT('2D SPACE',''
  ) );
#5218 = PCURVE('',#1400,#5219);
#5219 = DEFINITIONAL_REPRESENTATION('',(#5220),#5224);
#5220 = LINE('',#5221,#5222);
#5221 = CARTESIAN_POINT('',(0.,0.));
#5222 = VECTOR('',#5223,1.);
#5223 = DIRECTION('',(0.,-1.));
#5224 = ( GEOMETRIC_REPRESENTATION_CONTEXT(2) 
PARAMETRIC_REPRESENTATION_CONTEXT() REPRESENTATION_CONTEXT('2D SPACE',''
  ) );
#5225 = ORIENTED_EDGE('',*,*,#5226,.F.);
#5226 = EDGE_CURVE('',#5227,#5204,#5229,.T.);
#5227 = VERTEX_POINT('',#5228);
#5228 = CARTESIAN_POINT('',(-2.5,-1.375,0.2));
#5229 = SURFACE_CURVE('',#5230,(#5234,#5241),.PCURVE_S1.);
#5230 = LINE('',#5231,#5232);
#5231 = CARTESIAN_POINT('',(-2.5,-1.375,0.2));
#5232 = VECTOR('',#5233,1.);
#5233 = DIRECTION('',(0.,-1.,0.));
#5234 = PCURVE('',#210,#5235);
#5235 = DEFINITIONAL_REPRESENTATION('',(#5236),#5240);
#5236 = LINE('',#5237,#5238);
#5237 = CARTESIAN_POINT('',(3.875,-0.18));
#5238 = VECTOR('',#5239,1.);
#5239 = DIRECTION('',(1.,0.));
#5240 = ( GEOMETRIC_REPRESENTATION_CONTEXT(2) 
PARAMETRIC_REPRESENTATION_CONTEXT() REPRESENTATION_CONTEXT('2D SPACE',''
  ) );
#5241 = PCURVE('',#5242,#5247);
#5242 = PLANE('',#5243);
#5243 = AXIS2_PLACEMENT_3D('',#5244,#5245,#5246);
#5244 = CARTESIAN_POINT('',(-2.3,-1.5,0.2));
#5245 = DIRECTION('',(0.,0.,1.));
#5246 = DIRECTION('',(1.,0.,-0.));
#5247 = DEFINITIONAL_REPRESENTATION('',(#5248),#5252);
#5248 = LINE('',#5249,#5250);
#5249 = CARTESIAN_POINT('',(-0.2,0.125));
#5250 = VECTOR('',#5251,1.);
#5251 = DIRECTION('',(0.,-1.));
#5252 = ( GEOMETRIC_REPRESENTATION_CONTEXT(2) 
PARAMETRIC_REPRESENTATION_CONTEXT() REPRESENTATION_CONTEXT('2D SPACE',''
  ) );
#5253 = ORIENTED_EDGE('',*,*,#5254,.F.);
#5254 = EDGE_CURVE('',#1311,#5227,#5255,.T.);
#5255 = SURFACE_CURVE('',#5256,(#5260,#5267),.PCURVE_S1.);
#5256 = LINE('',#5257,#5258);
#5257 = CARTESIAN_POINT('',(-2.5,-1.375,0.));
#5258 = VECTOR('',#5259,1.);
#5259 = DIRECTION('',(0.,0.,1.));
#5260 = PCURVE('',#210,#5261);
#5261 = DEFINITIONAL_REPRESENTATION('',(#5262),#5266);
#5262 = LINE('',#5263,#5264);
#5263 = CARTESIAN_POINT('',(3.875,2.E-02));
#5264 = VECTOR('',#5265,1.);
#5265 = DIRECTION('',(0.,-1.));
#5266 = ( GEOMETRIC_REPRESENTATION_CONTEXT(2) 
PARAMETRIC_REPRESENTATION_CONTEXT() REPRESENTATION_CONTEXT('2D SPACE',''
  ) );
#5267 = PCURVE('',#1348,#5268);
#5268 = DEFINITIONAL_REPRESENTATION('',(#5269),#5273);
#5269 = LINE('',#5270,#5271);
#5270 = CARTESIAN_POINT('',(0.4,0.));
#5271 = VECTOR('',#5272,1.);
#5272 = DIRECTION('',(0.,-1.));
#5273 = ( GEOMETRIC_REPRESENTATION_CONTEXT(2) 
PARAMETRIC_REPRESENTATION_CONTEXT() REPRESENTATION_CONTEXT('2D SPACE',''
  ) );
#5274 = ORIENTED_EDGE('',*,*,#1310,.F.);
#5275 = ORIENTED_EDGE('',*,*,#5276,.T.);
#5276 = EDGE_CURVE('',#1285,#5277,#5279,.T.);
#5277 = VERTEX_POINT('',#5278);
#5278 = CARTESIAN_POINT('',(-2.5,-1.125,0.2));
#5279 = SURFACE_CURVE('',#5280,(#5284,#5291),.PCURVE_S1.);
#5280 = LINE('',#5281,#5282);
#5281 = CARTESIAN_POINT('',(-2.5,-1.125,0.));
#5282 = VECTOR('',#5283,1.);
#5283 = DIRECTION('',(0.,0.,1.));
#5284 = PCURVE('',#210,#5285);
#5285 = DEFINITIONAL_REPRESENTATION('',(#5286),#5290);
#5286 = LINE('',#5287,#5288);
#5287 = CARTESIAN_POINT('',(3.625,2.E-02));
#5288 = VECTOR('',#5289,1.);
#5289 = DIRECTION('',(0.,-1.));
#5290 = ( GEOMETRIC_REPRESENTATION_CONTEXT(2) 
PARAMETRIC_REPRESENTATION_CONTEXT() REPRESENTATION_CONTEXT('2D SPACE',''
  ) );
#5291 = PCURVE('',#1299,#5292);
#5292 = DEFINITIONAL_REPRESENTATION('',(#5293),#5297);
#5293 = LINE('',#5294,#5295);
#5294 = CARTESIAN_POINT('',(0.,0.));
#5295 = VECTOR('',#5296,1.);
#5296 = DIRECTION('',(0.,-1.));
#5297 = ( GEOMETRIC_REPRESENTATION_CONTEXT(2) 
PARAMETRIC_REPRESENTATION_CONTEXT() REPRESENTATION_CONTEXT('2D SPACE',''
  ) );
#5298 = ORIENTED_EDGE('',*,*,#5299,.F.);
#5299 = EDGE_CURVE('',#5300,#5277,#5302,.T.);
#5300 = VERTEX_POINT('',#5301);
#5301 = CARTESIAN_POINT('',(-2.5,-0.875,0.2));
#5302 = SURFACE_CURVE('',#5303,(#5307,#5314),.PCURVE_S1.);
#5303 = LINE('',#5304,#5305);
#5304 = CARTESIAN_POINT('',(-2.5,-0.875,0.2));
#5305 = VECTOR('',#5306,1.);
#5306 = DIRECTION('',(0.,-1.,0.));
#5307 = PCURVE('',#210,#5308);
#5308 = DEFINITIONAL_REPRESENTATION('',(#5309),#5313);
#5309 = LINE('',#5310,#5311);
#5310 = CARTESIAN_POINT('',(3.375,-0.18));
#5311 = VECTOR('',#5312,1.);
#5312 = DIRECTION('',(1.,0.));
#5313 = ( GEOMETRIC_REPRESENTATION_CONTEXT(2) 
PARAMETRIC_REPRESENTATION_CONTEXT() REPRESENTATION_CONTEXT('2D SPACE',''
  ) );
#5314 = PCURVE('',#5315,#5320);
#5315 = PLANE('',#5316);
#5316 = AXIS2_PLACEMENT_3D('',#5317,#5318,#5319);
#5317 = CARTESIAN_POINT('',(-2.3,-1.,0.2));
#5318 = DIRECTION('',(0.,0.,1.));
#5319 = DIRECTION('',(1.,0.,-0.));
#5320 = DEFINITIONAL_REPRESENTATION('',(#5321),#5325);
#5321 = LINE('',#5322,#5323);
#5322 = CARTESIAN_POINT('',(-0.2,0.125));
#5323 = VECTOR('',#5324,1.);
#5324 = DIRECTION('',(0.,-1.));
#5325 = ( GEOMETRIC_REPRESENTATION_CONTEXT(2) 
PARAMETRIC_REPRESENTATION_CONTEXT() REPRESENTATION_CONTEXT('2D SPACE',''
  ) );
#5326 = ORIENTED_EDGE('',*,*,#5327,.F.);
#5327 = EDGE_CURVE('',#1210,#5300,#5328,.T.);
#5328 = SURFACE_CURVE('',#5329,(#5333,#5340),.PCURVE_S1.);
#5329 = LINE('',#5330,#5331);
#5330 = CARTESIAN_POINT('',(-2.5,-0.875,0.));
#5331 = VECTOR('',#5332,1.);
#5332 = DIRECTION('',(0.,0.,1.));
#5333 = PCURVE('',#210,#5334);
#5334 = DEFINITIONAL_REPRESENTATION('',(#5335),#5339);
#5335 = LINE('',#5336,#5337);
#5336 = CARTESIAN_POINT('',(3.375,2.E-02));
#5337 = VECTOR('',#5338,1.);
#5338 = DIRECTION('',(0.,-1.));
#5339 = ( GEOMETRIC_REPRESENTATION_CONTEXT(2) 
PARAMETRIC_REPRESENTATION_CONTEXT() REPRESENTATION_CONTEXT('2D SPACE',''
  ) );
#5340 = PCURVE('',#1247,#5341);
#5341 = DEFINITIONAL_REPRESENTATION('',(#5342),#5346);
#5342 = LINE('',#5343,#5344);
#5343 = CARTESIAN_POINT('',(0.4,0.));
#5344 = VECTOR('',#5345,1.);
#5345 = DIRECTION('',(0.,-1.));
#5346 = ( GEOMETRIC_REPRESENTATION_CONTEXT(2) 
PARAMETRIC_REPRESENTATION_CONTEXT() REPRESENTATION_CONTEXT('2D SPACE',''
  ) );
#5347 = ORIENTED_EDGE('',*,*,#1209,.F.);
#5348 = ORIENTED_EDGE('',*,*,#5349,.T.);
#5349 = EDGE_CURVE('',#1184,#5350,#5352,.T.);
#5350 = VERTEX_POINT('',#5351);
#5351 = CARTESIAN_POINT('',(-2.5,-0.625,0.2));
#5352 = SURFACE_CURVE('',#5353,(#5357,#5364),.PCURVE_S1.);
#5353 = LINE('',#5354,#5355);
#5354 = CARTESIAN_POINT('',(-2.5,-0.625,0.));
#5355 = VECTOR('',#5356,1.);
#5356 = DIRECTION('',(0.,0.,1.));
#5357 = PCURVE('',#210,#5358);
#5358 = DEFINITIONAL_REPRESENTATION('',(#5359),#5363);
#5359 = LINE('',#5360,#5361);
#5360 = CARTESIAN_POINT('',(3.125,2.E-02));
#5361 = VECTOR('',#5362,1.);
#5362 = DIRECTION('',(0.,-1.));
#5363 = ( GEOMETRIC_REPRESENTATION_CONTEXT(2) 
PARAMETRIC_REPRESENTATION_CONTEXT() REPRESENTATION_CONTEXT('2D SPACE',''
  ) );
#5364 = PCURVE('',#1198,#5365);
#5365 = DEFINITIONAL_REPRESENTATION('',(#5366),#5370);
#5366 = LINE('',#5367,#5368);
#5367 = CARTESIAN_POINT('',(0.,0.));
#5368 = VECTOR('',#5369,1.);
#5369 = DIRECTION('',(0.,-1.));
#5370 = ( GEOMETRIC_REPRESENTATION_CONTEXT(2) 
PARAMETRIC_REPRESENTATION_CONTEXT() REPRESENTATION_CONTEXT('2D SPACE',''
  ) );
#5371 = ORIENTED_EDGE('',*,*,#5372,.F.);
#5372 = EDGE_CURVE('',#5373,#5350,#5375,.T.);
#5373 = VERTEX_POINT('',#5374);
#5374 = CARTESIAN_POINT('',(-2.5,-0.375,0.2));
#5375 = SURFACE_CURVE('',#5376,(#5380,#5387),.PCURVE_S1.);
#5376 = LINE('',#5377,#5378);
#5377 = CARTESIAN_POINT('',(-2.5,-0.375,0.2));
#5378 = VECTOR('',#5379,1.);
#5379 = DIRECTION('',(0.,-1.,0.));
#5380 = PCURVE('',#210,#5381);
#5381 = DEFINITIONAL_REPRESENTATION('',(#5382),#5386);
#5382 = LINE('',#5383,#5384);
#5383 = CARTESIAN_POINT('',(2.875,-0.18));
#5384 = VECTOR('',#5385,1.);
#5385 = DIRECTION('',(1.,0.));
#5386 = ( GEOMETRIC_REPRESENTATION_CONTEXT(2) 
PARAMETRIC_REPRESENTATION_CONTEXT() REPRESENTATION_CONTEXT('2D SPACE',''
  ) );
#5387 = PCURVE('',#5388,#5393);
#5388 = PLANE('',#5389);
#5389 = AXIS2_PLACEMENT_3D('',#5390,#5391,#5392);
#5390 = CARTESIAN_POINT('',(-2.3,-0.5,0.2));
#5391 = DIRECTION('',(0.,0.,1.));
#5392 = DIRECTION('',(1.,0.,-0.));
#5393 = DEFINITIONAL_REPRESENTATION('',(#5394),#5398);
#5394 = LINE('',#5395,#5396);
#5395 = CARTESIAN_POINT('',(-0.2,0.125));
#5396 = VECTOR('',#5397,1.);
#5397 = DIRECTION('',(0.,-1.));
#5398 = ( GEOMETRIC_REPRESENTATION_CONTEXT(2) 
PARAMETRIC_REPRESENTATION_CONTEXT() REPRESENTATION_CONTEXT('2D SPACE',''
  ) );
#5399 = ORIENTED_EDGE('',*,*,#5400,.F.);
#5400 = EDGE_CURVE('',#1109,#5373,#5401,.T.);
#5401 = SURFACE_CURVE('',#5402,(#5406,#5413),.PCURVE_S1.);
#5402 = LINE('',#5403,#5404);
#5403 = CARTESIAN_POINT('',(-2.5,-0.375,0.));
#5404 = VECTOR('',#5405,1.);
#5405 = DIRECTION('',(0.,0.,1.));
#5406 = PCURVE('',#210,#5407);
#5407 = DEFINITIONAL_REPRESENTATION('',(#5408),#5412);
#5408 = LINE('',#5409,#5410);
#5409 = CARTESIAN_POINT('',(2.875,2.E-02));
#5410 = VECTOR('',#5411,1.);
#5411 = DIRECTION('',(0.,-1.));
#5412 = ( GEOMETRIC_REPRESENTATION_CONTEXT(2) 
PARAMETRIC_REPRESENTATION_CONTEXT() REPRESENTATION_CONTEXT('2D SPACE',''
  ) );
#5413 = PCURVE('',#1146,#5414);
#5414 = DEFINITIONAL_REPRESENTATION('',(#5415),#5419);
#5415 = LINE('',#5416,#5417);
#5416 = CARTESIAN_POINT('',(0.4,0.));
#5417 = VECTOR('',#5418,1.);
#5418 = DIRECTION('',(0.,-1.));
#5419 = ( GEOMETRIC_REPRESENTATION_CONTEXT(2) 
PARAMETRIC_REPRESENTATION_CONTEXT() REPRESENTATION_CONTEXT('2D SPACE',''
  ) );
#5420 = ORIENTED_EDGE('',*,*,#1108,.F.);
#5421 = ORIENTED_EDGE('',*,*,#5422,.T.);
#5422 = EDGE_CURVE('',#1083,#5423,#5425,.T.);
#5423 = VERTEX_POINT('',#5424);
#5424 = CARTESIAN_POINT('',(-2.5,-0.125,0.2));
#5425 = SURFACE_CURVE('',#5426,(#5430,#5437),.PCURVE_S1.);
#5426 = LINE('',#5427,#5428);
#5427 = CARTESIAN_POINT('',(-2.5,-0.125,0.));
#5428 = VECTOR('',#5429,1.);
#5429 = DIRECTION('',(0.,0.,1.));
#5430 = PCURVE('',#210,#5431);
#5431 = DEFINITIONAL_REPRESENTATION('',(#5432),#5436);
#5432 = LINE('',#5433,#5434);
#5433 = CARTESIAN_POINT('',(2.625,2.E-02));
#5434 = VECTOR('',#5435,1.);
#5435 = DIRECTION('',(0.,-1.));
#5436 = ( GEOMETRIC_REPRESENTATION_CONTEXT(2) 
PARAMETRIC_REPRESENTATION_CONTEXT() REPRESENTATION_CONTEXT('2D SPACE',''
  ) );
#5437 = PCURVE('',#1097,#5438);
#5438 = DEFINITIONAL_REPRESENTATION('',(#5439),#5443);
#5439 = LINE('',#5440,#5441);
#5440 = CARTESIAN_POINT('',(0.,0.));
#5441 = VECTOR('',#5442,1.);
#5442 = DIRECTION('',(0.,-1.));
#5443 = ( GEOMETRIC_REPRESENTATION_CONTEXT(2) 
PARAMETRIC_REPRESENTATION_CONTEXT() REPRESENTATION_CONTEXT('2D SPACE',''
  ) );
#5444 = ORIENTED_EDGE('',*,*,#5445,.F.);
#5445 = EDGE_CURVE('',#5446,#5423,#5448,.T.);
#5446 = VERTEX_POINT('',#5447);
#5447 = CARTESIAN_POINT('',(-2.5,0.125,0.2));
#5448 = SURFACE_CURVE('',#5449,(#5453,#5460),.PCURVE_S1.);
#5449 = LINE('',#5450,#5451);
#5450 = CARTESIAN_POINT('',(-2.5,0.125,0.2));
#5451 = VECTOR('',#5452,1.);
#5452 = DIRECTION('',(0.,-1.,0.));
#5453 = PCURVE('',#210,#5454);
#5454 = DEFINITIONAL_REPRESENTATION('',(#5455),#5459);
#5455 = LINE('',#5456,#5457);
#5456 = CARTESIAN_POINT('',(2.375,-0.18));
#5457 = VECTOR('',#5458,1.);
#5458 = DIRECTION('',(1.,0.));
#5459 = ( GEOMETRIC_REPRESENTATION_CONTEXT(2) 
PARAMETRIC_REPRESENTATION_CONTEXT() REPRESENTATION_CONTEXT('2D SPACE',''
  ) );
#5460 = PCURVE('',#5461,#5466);
#5461 = PLANE('',#5462);
#5462 = AXIS2_PLACEMENT_3D('',#5463,#5464,#5465);
#5463 = CARTESIAN_POINT('',(-2.3,0.,0.2));
#5464 = DIRECTION('',(0.,0.,1.));
#5465 = DIRECTION('',(1.,0.,-0.));
#5466 = DEFINITIONAL_REPRESENTATION('',(#5467),#5471);
#5467 = LINE('',#5468,#5469);
#5468 = CARTESIAN_POINT('',(-0.2,0.125));
#5469 = VECTOR('',#5470,1.);
#5470 = DIRECTION('',(0.,-1.));
#5471 = ( GEOMETRIC_REPRESENTATION_CONTEXT(2) 
PARAMETRIC_REPRESENTATION_CONTEXT() REPRESENTATION_CONTEXT('2D SPACE',''
  ) );
#5472 = ORIENTED_EDGE('',*,*,#5473,.F.);
#5473 = EDGE_CURVE('',#1029,#5446,#5474,.T.);
#5474 = SURFACE_CURVE('',#5475,(#5479,#5486),.PCURVE_S1.);
#5475 = LINE('',#5476,#5477);
#5476 = CARTESIAN_POINT('',(-2.5,0.125,0.));
#5477 = VECTOR('',#5478,1.);
#5478 = DIRECTION('',(0.,0.,1.));
#5479 = PCURVE('',#210,#5480);
#5480 = DEFINITIONAL_REPRESENTATION('',(#5481),#5485);
#5481 = LINE('',#5482,#5483);
#5482 = CARTESIAN_POINT('',(2.375,2.E-02));
#5483 = VECTOR('',#5484,1.);
#5484 = DIRECTION('',(0.,-1.));
#5485 = ( GEOMETRIC_REPRESENTATION_CONTEXT(2) 
PARAMETRIC_REPRESENTATION_CONTEXT() REPRESENTATION_CONTEXT('2D SPACE',''
  ) );
#5486 = PCURVE('',#1045,#5487);
#5487 = DEFINITIONAL_REPRESENTATION('',(#5488),#5492);
#5488 = LINE('',#5489,#5490);
#5489 = CARTESIAN_POINT('',(0.4,0.));
#5490 = VECTOR('',#5491,1.);
#5491 = DIRECTION('',(0.,-1.));
#5492 = ( GEOMETRIC_REPRESENTATION_CONTEXT(2) 
PARAMETRIC_REPRESENTATION_CONTEXT() REPRESENTATION_CONTEXT('2D SPACE',''
  ) );
#5493 = ORIENTED_EDGE('',*,*,#3670,.F.);
#5494 = ORIENTED_EDGE('',*,*,#5495,.T.);
#5495 = EDGE_CURVE('',#3645,#5496,#5498,.T.);
#5496 = VERTEX_POINT('',#5497);
#5497 = CARTESIAN_POINT('',(-2.5,0.375,0.2));
#5498 = SURFACE_CURVE('',#5499,(#5503,#5510),.PCURVE_S1.);
#5499 = LINE('',#5500,#5501);
#5500 = CARTESIAN_POINT('',(-2.5,0.375,0.));
#5501 = VECTOR('',#5502,1.);
#5502 = DIRECTION('',(0.,0.,1.));
#5503 = PCURVE('',#210,#5504);
#5504 = DEFINITIONAL_REPRESENTATION('',(#5505),#5509);
#5505 = LINE('',#5506,#5507);
#5506 = CARTESIAN_POINT('',(2.125,2.E-02));
#5507 = VECTOR('',#5508,1.);
#5508 = DIRECTION('',(0.,-1.));
#5509 = ( GEOMETRIC_REPRESENTATION_CONTEXT(2) 
PARAMETRIC_REPRESENTATION_CONTEXT() REPRESENTATION_CONTEXT('2D SPACE',''
  ) );
#5510 = PCURVE('',#3659,#5511);
#5511 = DEFINITIONAL_REPRESENTATION('',(#5512),#5516);
#5512 = LINE('',#5513,#5514);
#5513 = CARTESIAN_POINT('',(0.,0.));
#5514 = VECTOR('',#5515,1.);
#5515 = DIRECTION('',(0.,-1.));
#5516 = ( GEOMETRIC_REPRESENTATION_CONTEXT(2) 
PARAMETRIC_REPRESENTATION_CONTEXT() REPRESENTATION_CONTEXT('2D SPACE',''
  ) );
#5517 = ORIENTED_EDGE('',*,*,#5518,.F.);
#5518 = EDGE_CURVE('',#5519,#5496,#5521,.T.);
#5519 = VERTEX_POINT('',#5520);
#5520 = CARTESIAN_POINT('',(-2.5,0.625,0.2));
#5521 = SURFACE_CURVE('',#5522,(#5526,#5533),.PCURVE_S1.);
#5522 = LINE('',#5523,#5524);
#5523 = CARTESIAN_POINT('',(-2.5,0.625,0.2));
#5524 = VECTOR('',#5525,1.);
#5525 = DIRECTION('',(0.,-1.,0.));
#5526 = PCURVE('',#210,#5527);
#5527 = DEFINITIONAL_REPRESENTATION('',(#5528),#5532);
#5528 = LINE('',#5529,#5530);
#5529 = CARTESIAN_POINT('',(1.875,-0.18));
#5530 = VECTOR('',#5531,1.);
#5531 = DIRECTION('',(1.,0.));
#5532 = ( GEOMETRIC_REPRESENTATION_CONTEXT(2) 
PARAMETRIC_REPRESENTATION_CONTEXT() REPRESENTATION_CONTEXT('2D SPACE',''
  ) );
#5533 = PCURVE('',#5534,#5539);
#5534 = PLANE('',#5535);
#5535 = AXIS2_PLACEMENT_3D('',#5536,#5537,#5538);
#5536 = CARTESIAN_POINT('',(-2.3,0.5,0.2));
#5537 = DIRECTION('',(0.,0.,1.));
#5538 = DIRECTION('',(1.,0.,-0.));
#5539 = DEFINITIONAL_REPRESENTATION('',(#5540),#5544);
#5540 = LINE('',#5541,#5542);
#5541 = CARTESIAN_POINT('',(-0.2,0.125));
#5542 = VECTOR('',#5543,1.);
#5543 = DIRECTION('',(0.,-1.));
#5544 = ( GEOMETRIC_REPRESENTATION_CONTEXT(2) 
PARAMETRIC_REPRESENTATION_CONTEXT() REPRESENTATION_CONTEXT('2D SPACE',''
  ) );
#5545 = ORIENTED_EDGE('',*,*,#5546,.F.);
#5546 = EDGE_CURVE('',#3570,#5519,#5547,.T.);
#5547 = SURFACE_CURVE('',#5548,(#5552,#5559),.PCURVE_S1.);
#5548 = LINE('',#5549,#5550);
#5549 = CARTESIAN_POINT('',(-2.5,0.625,0.));
#5550 = VECTOR('',#5551,1.);
#5551 = DIRECTION('',(0.,0.,1.));
#5552 = PCURVE('',#210,#5553);
#5553 = DEFINITIONAL_REPRESENTATION('',(#5554),#5558);
#5554 = LINE('',#5555,#5556);
#5555 = CARTESIAN_POINT('',(1.875,2.E-02));
#5556 = VECTOR('',#5557,1.);
#5557 = DIRECTION('',(0.,-1.));
#5558 = ( GEOMETRIC_REPRESENTATION_CONTEXT(2) 
PARAMETRIC_REPRESENTATION_CONTEXT() REPRESENTATION_CONTEXT('2D SPACE',''
  ) );
#5559 = PCURVE('',#3607,#5560);
#5560 = DEFINITIONAL_REPRESENTATION('',(#5561),#5565);
#5561 = LINE('',#5562,#5563);
#5562 = CARTESIAN_POINT('',(0.4,0.));
#5563 = VECTOR('',#5564,1.);
#5564 = DIRECTION('',(0.,-1.));
#5565 = ( GEOMETRIC_REPRESENTATION_CONTEXT(2) 
PARAMETRIC_REPRESENTATION_CONTEXT() REPRESENTATION_CONTEXT('2D SPACE',''
  ) );
#5566 = ORIENTED_EDGE('',*,*,#3569,.F.);
#5567 = ORIENTED_EDGE('',*,*,#5568,.T.);
#5568 = EDGE_CURVE('',#3544,#5569,#5571,.T.);
#5569 = VERTEX_POINT('',#5570);
#5570 = CARTESIAN_POINT('',(-2.5,0.875,0.2));
#5571 = SURFACE_CURVE('',#5572,(#5576,#5583),.PCURVE_S1.);
#5572 = LINE('',#5573,#5574);
#5573 = CARTESIAN_POINT('',(-2.5,0.875,0.));
#5574 = VECTOR('',#5575,1.);
#5575 = DIRECTION('',(0.,0.,1.));
#5576 = PCURVE('',#210,#5577);
#5577 = DEFINITIONAL_REPRESENTATION('',(#5578),#5582);
#5578 = LINE('',#5579,#5580);
#5579 = CARTESIAN_POINT('',(1.625,2.E-02));
#5580 = VECTOR('',#5581,1.);
#5581 = DIRECTION('',(0.,-1.));
#5582 = ( GEOMETRIC_REPRESENTATION_CONTEXT(2) 
PARAMETRIC_REPRESENTATION_CONTEXT() REPRESENTATION_CONTEXT('2D SPACE',''
  ) );
#5583 = PCURVE('',#3558,#5584);
#5584 = DEFINITIONAL_REPRESENTATION('',(#5585),#5589);
#5585 = LINE('',#5586,#5587);
#5586 = CARTESIAN_POINT('',(0.,0.));
#5587 = VECTOR('',#5588,1.);
#5588 = DIRECTION('',(0.,-1.));
#5589 = ( GEOMETRIC_REPRESENTATION_CONTEXT(2) 
PARAMETRIC_REPRESENTATION_CONTEXT() REPRESENTATION_CONTEXT('2D SPACE',''
  ) );
#5590 = ORIENTED_EDGE('',*,*,#5591,.F.);
#5591 = EDGE_CURVE('',#5592,#5569,#5594,.T.);
#5592 = VERTEX_POINT('',#5593);
#5593 = CARTESIAN_POINT('',(-2.5,1.125,0.2));
#5594 = SURFACE_CURVE('',#5595,(#5599,#5606),.PCURVE_S1.);
#5595 = LINE('',#5596,#5597);
#5596 = CARTESIAN_POINT('',(-2.5,1.125,0.2));
#5597 = VECTOR('',#5598,1.);
#5598 = DIRECTION('',(0.,-1.,0.));
#5599 = PCURVE('',#210,#5600);
#5600 = DEFINITIONAL_REPRESENTATION('',(#5601),#5605);
#5601 = LINE('',#5602,#5603);
#5602 = CARTESIAN_POINT('',(1.375,-0.18));
#5603 = VECTOR('',#5604,1.);
#5604 = DIRECTION('',(1.,0.));
#5605 = ( GEOMETRIC_REPRESENTATION_CONTEXT(2) 
PARAMETRIC_REPRESENTATION_CONTEXT() REPRESENTATION_CONTEXT('2D SPACE',''
  ) );
#5606 = PCURVE('',#5607,#5612);
#5607 = PLANE('',#5608);
#5608 = AXIS2_PLACEMENT_3D('',#5609,#5610,#5611);
#5609 = CARTESIAN_POINT('',(-2.3,1.,0.2));
#5610 = DIRECTION('',(0.,0.,1.));
#5611 = DIRECTION('',(1.,0.,-0.));
#5612 = DEFINITIONAL_REPRESENTATION('',(#5613),#5617);
#5613 = LINE('',#5614,#5615);
#5614 = CARTESIAN_POINT('',(-0.2,0.125));
#5615 = VECTOR('',#5616,1.);
#5616 = DIRECTION('',(0.,-1.));
#5617 = ( GEOMETRIC_REPRESENTATION_CONTEXT(2) 
PARAMETRIC_REPRESENTATION_CONTEXT() REPRESENTATION_CONTEXT('2D SPACE',''
  ) );
#5618 = ORIENTED_EDGE('',*,*,#5619,.F.);
#5619 = EDGE_CURVE('',#3469,#5592,#5620,.T.);
#5620 = SURFACE_CURVE('',#5621,(#5625,#5632),.PCURVE_S1.);
#5621 = LINE('',#5622,#5623);
#5622 = CARTESIAN_POINT('',(-2.5,1.125,0.));
#5623 = VECTOR('',#5624,1.);
#5624 = DIRECTION('',(0.,0.,1.));
#5625 = PCURVE('',#210,#5626);
#5626 = DEFINITIONAL_REPRESENTATION('',(#5627),#5631);
#5627 = LINE('',#5628,#5629);
#5628 = CARTESIAN_POINT('',(1.375,2.E-02));
#5629 = VECTOR('',#5630,1.);
#5630 = DIRECTION('',(0.,-1.));
#5631 = ( GEOMETRIC_REPRESENTATION_CONTEXT(2) 
PARAMETRIC_REPRESENTATION_CONTEXT() REPRESENTATION_CONTEXT('2D SPACE',''
  ) );
#5632 = PCURVE('',#3506,#5633);
#5633 = DEFINITIONAL_REPRESENTATION('',(#5634),#5638);
#5634 = LINE('',#5635,#5636);
#5635 = CARTESIAN_POINT('',(0.4,0.));
#5636 = VECTOR('',#5637,1.);
#5637 = DIRECTION('',(0.,-1.));
#5638 = ( GEOMETRIC_REPRESENTATION_CONTEXT(2) 
PARAMETRIC_REPRESENTATION_CONTEXT() REPRESENTATION_CONTEXT('2D SPACE',''
  ) );
#5639 = ORIENTED_EDGE('',*,*,#3468,.F.);
#5640 = ORIENTED_EDGE('',*,*,#5641,.T.);
#5641 = EDGE_CURVE('',#3443,#5642,#5644,.T.);
#5642 = VERTEX_POINT('',#5643);
#5643 = CARTESIAN_POINT('',(-2.5,1.375,0.2));
#5644 = SURFACE_CURVE('',#5645,(#5649,#5656),.PCURVE_S1.);
#5645 = LINE('',#5646,#5647);
#5646 = CARTESIAN_POINT('',(-2.5,1.375,0.));
#5647 = VECTOR('',#5648,1.);
#5648 = DIRECTION('',(0.,0.,1.));
#5649 = PCURVE('',#210,#5650);
#5650 = DEFINITIONAL_REPRESENTATION('',(#5651),#5655);
#5651 = LINE('',#5652,#5653);
#5652 = CARTESIAN_POINT('',(1.125,2.E-02));
#5653 = VECTOR('',#5654,1.);
#5654 = DIRECTION('',(0.,-1.));
#5655 = ( GEOMETRIC_REPRESENTATION_CONTEXT(2) 
PARAMETRIC_REPRESENTATION_CONTEXT() REPRESENTATION_CONTEXT('2D SPACE',''
  ) );
#5656 = PCURVE('',#3457,#5657);
#5657 = DEFINITIONAL_REPRESENTATION('',(#5658),#5662);
#5658 = LINE('',#5659,#5660);
#5659 = CARTESIAN_POINT('',(0.,0.));
#5660 = VECTOR('',#5661,1.);
#5661 = DIRECTION('',(0.,-1.));
#5662 = ( GEOMETRIC_REPRESENTATION_CONTEXT(2) 
PARAMETRIC_REPRESENTATION_CONTEXT() REPRESENTATION_CONTEXT('2D SPACE',''
  ) );
#5663 = ORIENTED_EDGE('',*,*,#5664,.F.);
#5664 = EDGE_CURVE('',#5665,#5642,#5667,.T.);
#5665 = VERTEX_POINT('',#5666);
#5666 = CARTESIAN_POINT('',(-2.5,1.625,0.2));
#5667 = SURFACE_CURVE('',#5668,(#5672,#5679),.PCURVE_S1.);
#5668 = LINE('',#5669,#5670);
#5669 = CARTESIAN_POINT('',(-2.5,1.625,0.2));
#5670 = VECTOR('',#5671,1.);
#5671 = DIRECTION('',(0.,-1.,0.));
#5672 = PCURVE('',#210,#5673);
#5673 = DEFINITIONAL_REPRESENTATION('',(#5674),#5678);
#5674 = LINE('',#5675,#5676);
#5675 = CARTESIAN_POINT('',(0.875,-0.18));
#5676 = VECTOR('',#5677,1.);
#5677 = DIRECTION('',(1.,0.));
#5678 = ( GEOMETRIC_REPRESENTATION_CONTEXT(2) 
PARAMETRIC_REPRESENTATION_CONTEXT() REPRESENTATION_CONTEXT('2D SPACE',''
  ) );
#5679 = PCURVE('',#5680,#5685);
#5680 = PLANE('',#5681);
#5681 = AXIS2_PLACEMENT_3D('',#5682,#5683,#5684);
#5682 = CARTESIAN_POINT('',(-2.3,1.5,0.2));
#5683 = DIRECTION('',(0.,0.,1.));
#5684 = DIRECTION('',(1.,0.,-0.));
#5685 = DEFINITIONAL_REPRESENTATION('',(#5686),#5690);
#5686 = LINE('',#5687,#5688);
#5687 = CARTESIAN_POINT('',(-0.2,0.125));
#5688 = VECTOR('',#5689,1.);
#5689 = DIRECTION('',(0.,-1.));
#5690 = ( GEOMETRIC_REPRESENTATION_CONTEXT(2) 
PARAMETRIC_REPRESENTATION_CONTEXT() REPRESENTATION_CONTEXT('2D SPACE',''
  ) );
#5691 = ORIENTED_EDGE('',*,*,#5692,.F.);
#5692 = EDGE_CURVE('',#3368,#5665,#5693,.T.);
#5693 = SURFACE_CURVE('',#5694,(#5698,#5705),.PCURVE_S1.);
#5694 = LINE('',#5695,#5696);
#5695 = CARTESIAN_POINT('',(-2.5,1.625,0.));
#5696 = VECTOR('',#5697,1.);
#5697 = DIRECTION('',(0.,0.,1.));
#5698 = PCURVE('',#210,#5699);
#5699 = DEFINITIONAL_REPRESENTATION('',(#5700),#5704);
#5700 = LINE('',#5701,#5702);
#5701 = CARTESIAN_POINT('',(0.875,2.E-02));
#5702 = VECTOR('',#5703,1.);
#5703 = DIRECTION('',(0.,-1.));
#5704 = ( GEOMETRIC_REPRESENTATION_CONTEXT(2) 
PARAMETRIC_REPRESENTATION_CONTEXT() REPRESENTATION_CONTEXT('2D SPACE',''
  ) );
#5705 = PCURVE('',#3405,#5706);
#5706 = DEFINITIONAL_REPRESENTATION('',(#5707),#5711);
#5707 = LINE('',#5708,#5709);
#5708 = CARTESIAN_POINT('',(0.4,0.));
#5709 = VECTOR('',#5710,1.);
#5710 = DIRECTION('',(0.,-1.));
#5711 = ( GEOMETRIC_REPRESENTATION_CONTEXT(2) 
PARAMETRIC_REPRESENTATION_CONTEXT() REPRESENTATION_CONTEXT('2D SPACE',''
  ) );
#5712 = ADVANCED_FACE('',(#5713),#1045,.T.);
#5713 = FACE_BOUND('',#5714,.T.);
#5714 = EDGE_LOOP('',(#5715,#5716,#5739,#5760));
#5715 = ORIENTED_EDGE('',*,*,#1028,.T.);
#5716 = ORIENTED_EDGE('',*,*,#5717,.T.);
#5717 = EDGE_CURVE('',#1031,#5718,#5720,.T.);
#5718 = VERTEX_POINT('',#5719);
#5719 = CARTESIAN_POINT('',(-2.1,0.125,0.2));
#5720 = SURFACE_CURVE('',#5721,(#5725,#5732),.PCURVE_S1.);
#5721 = LINE('',#5722,#5723);
#5722 = CARTESIAN_POINT('',(-2.1,0.125,0.));
#5723 = VECTOR('',#5724,1.);
#5724 = DIRECTION('',(0.,0.,1.));
#5725 = PCURVE('',#1045,#5726);
#5726 = DEFINITIONAL_REPRESENTATION('',(#5727),#5731);
#5727 = LINE('',#5728,#5729);
#5728 = CARTESIAN_POINT('',(0.,-0.));
#5729 = VECTOR('',#5730,1.);
#5730 = DIRECTION('',(0.,-1.));
#5731 = ( GEOMETRIC_REPRESENTATION_CONTEXT(2) 
PARAMETRIC_REPRESENTATION_CONTEXT() REPRESENTATION_CONTEXT('2D SPACE',''
  ) );
#5732 = PCURVE('',#1071,#5733);
#5733 = DEFINITIONAL_REPRESENTATION('',(#5734),#5738);
#5734 = LINE('',#5735,#5736);
#5735 = CARTESIAN_POINT('',(0.25,0.));
#5736 = VECTOR('',#5737,1.);
#5737 = DIRECTION('',(0.,-1.));
#5738 = ( GEOMETRIC_REPRESENTATION_CONTEXT(2) 
PARAMETRIC_REPRESENTATION_CONTEXT() REPRESENTATION_CONTEXT('2D SPACE',''
  ) );
#5739 = ORIENTED_EDGE('',*,*,#5740,.T.);
#5740 = EDGE_CURVE('',#5718,#5446,#5741,.T.);
#5741 = SURFACE_CURVE('',#5742,(#5746,#5753),.PCURVE_S1.);
#5742 = LINE('',#5743,#5744);
#5743 = CARTESIAN_POINT('',(-2.1,0.125,0.2));
#5744 = VECTOR('',#5745,1.);
#5745 = DIRECTION('',(-1.,0.,0.));
#5746 = PCURVE('',#1045,#5747);
#5747 = DEFINITIONAL_REPRESENTATION('',(#5748),#5752);
#5748 = LINE('',#5749,#5750);
#5749 = CARTESIAN_POINT('',(0.,-0.2));
#5750 = VECTOR('',#5751,1.);
#5751 = DIRECTION('',(1.,0.));
#5752 = ( GEOMETRIC_REPRESENTATION_CONTEXT(2) 
PARAMETRIC_REPRESENTATION_CONTEXT() REPRESENTATION_CONTEXT('2D SPACE',''
  ) );
#5753 = PCURVE('',#5461,#5754);
#5754 = DEFINITIONAL_REPRESENTATION('',(#5755),#5759);
#5755 = LINE('',#5756,#5757);
#5756 = CARTESIAN_POINT('',(0.2,0.125));
#5757 = VECTOR('',#5758,1.);
#5758 = DIRECTION('',(-1.,0.));
#5759 = ( GEOMETRIC_REPRESENTATION_CONTEXT(2) 
PARAMETRIC_REPRESENTATION_CONTEXT() REPRESENTATION_CONTEXT('2D SPACE',''
  ) );
#5760 = ORIENTED_EDGE('',*,*,#5473,.F.);
#5761 = ADVANCED_FACE('',(#5762),#3659,.T.);
#5762 = FACE_BOUND('',#5763,.T.);
#5763 = EDGE_LOOP('',(#5764,#5765,#5766,#5789));
#5764 = ORIENTED_EDGE('',*,*,#3644,.T.);
#5765 = ORIENTED_EDGE('',*,*,#5495,.T.);
#5766 = ORIENTED_EDGE('',*,*,#5767,.T.);
#5767 = EDGE_CURVE('',#5496,#5768,#5770,.T.);
#5768 = VERTEX_POINT('',#5769);
#5769 = CARTESIAN_POINT('',(-2.1,0.375,0.2));
#5770 = SURFACE_CURVE('',#5771,(#5775,#5782),.PCURVE_S1.);
#5771 = LINE('',#5772,#5773);
#5772 = CARTESIAN_POINT('',(-2.5,0.375,0.2));
#5773 = VECTOR('',#5774,1.);
#5774 = DIRECTION('',(1.,0.,0.));
#5775 = PCURVE('',#3659,#5776);
#5776 = DEFINITIONAL_REPRESENTATION('',(#5777),#5781);
#5777 = LINE('',#5778,#5779);
#5778 = CARTESIAN_POINT('',(0.,-0.2));
#5779 = VECTOR('',#5780,1.);
#5780 = DIRECTION('',(1.,0.));
#5781 = ( GEOMETRIC_REPRESENTATION_CONTEXT(2) 
PARAMETRIC_REPRESENTATION_CONTEXT() REPRESENTATION_CONTEXT('2D SPACE',''
  ) );
#5782 = PCURVE('',#5534,#5783);
#5783 = DEFINITIONAL_REPRESENTATION('',(#5784),#5788);
#5784 = LINE('',#5785,#5786);
#5785 = CARTESIAN_POINT('',(-0.2,-0.125));
#5786 = VECTOR('',#5787,1.);
#5787 = DIRECTION('',(1.,0.));
#5788 = ( GEOMETRIC_REPRESENTATION_CONTEXT(2) 
PARAMETRIC_REPRESENTATION_CONTEXT() REPRESENTATION_CONTEXT('2D SPACE',''
  ) );
#5789 = ORIENTED_EDGE('',*,*,#5790,.F.);
#5790 = EDGE_CURVE('',#3619,#5768,#5791,.T.);
#5791 = SURFACE_CURVE('',#5792,(#5796,#5803),.PCURVE_S1.);
#5792 = LINE('',#5793,#5794);
#5793 = CARTESIAN_POINT('',(-2.1,0.375,0.));
#5794 = VECTOR('',#5795,1.);
#5795 = DIRECTION('',(0.,0.,1.));
#5796 = PCURVE('',#3659,#5797);
#5797 = DEFINITIONAL_REPRESENTATION('',(#5798),#5802);
#5798 = LINE('',#5799,#5800);
#5799 = CARTESIAN_POINT('',(0.4,0.));
#5800 = VECTOR('',#5801,1.);
#5801 = DIRECTION('',(0.,-1.));
#5802 = ( GEOMETRIC_REPRESENTATION_CONTEXT(2) 
PARAMETRIC_REPRESENTATION_CONTEXT() REPRESENTATION_CONTEXT('2D SPACE',''
  ) );
#5803 = PCURVE('',#3633,#5804);
#5804 = DEFINITIONAL_REPRESENTATION('',(#5805),#5809);
#5805 = LINE('',#5806,#5807);
#5806 = CARTESIAN_POINT('',(0.,0.));
#5807 = VECTOR('',#5808,1.);
#5808 = DIRECTION('',(0.,-1.));
#5809 = ( GEOMETRIC_REPRESENTATION_CONTEXT(2) 
PARAMETRIC_REPRESENTATION_CONTEXT() REPRESENTATION_CONTEXT('2D SPACE',''
  ) );
#5810 = ADVANCED_FACE('',(#5811),#3633,.T.);
#5811 = FACE_BOUND('',#5812,.T.);
#5812 = EDGE_LOOP('',(#5813,#5814,#5815,#5838));
#5813 = ORIENTED_EDGE('',*,*,#3618,.T.);
#5814 = ORIENTED_EDGE('',*,*,#5790,.T.);
#5815 = ORIENTED_EDGE('',*,*,#5816,.T.);
#5816 = EDGE_CURVE('',#5768,#5817,#5819,.T.);
#5817 = VERTEX_POINT('',#5818);
#5818 = CARTESIAN_POINT('',(-2.1,0.625,0.2));
#5819 = SURFACE_CURVE('',#5820,(#5824,#5831),.PCURVE_S1.);
#5820 = LINE('',#5821,#5822);
#5821 = CARTESIAN_POINT('',(-2.1,0.375,0.2));
#5822 = VECTOR('',#5823,1.);
#5823 = DIRECTION('',(0.,1.,0.));
#5824 = PCURVE('',#3633,#5825);
#5825 = DEFINITIONAL_REPRESENTATION('',(#5826),#5830);
#5826 = LINE('',#5827,#5828);
#5827 = CARTESIAN_POINT('',(0.,-0.2));
#5828 = VECTOR('',#5829,1.);
#5829 = DIRECTION('',(1.,0.));
#5830 = ( GEOMETRIC_REPRESENTATION_CONTEXT(2) 
PARAMETRIC_REPRESENTATION_CONTEXT() REPRESENTATION_CONTEXT('2D SPACE',''
  ) );
#5831 = PCURVE('',#5534,#5832);
#5832 = DEFINITIONAL_REPRESENTATION('',(#5833),#5837);
#5833 = LINE('',#5834,#5835);
#5834 = CARTESIAN_POINT('',(0.2,-0.125));
#5835 = VECTOR('',#5836,1.);
#5836 = DIRECTION('',(0.,1.));
#5837 = ( GEOMETRIC_REPRESENTATION_CONTEXT(2) 
PARAMETRIC_REPRESENTATION_CONTEXT() REPRESENTATION_CONTEXT('2D SPACE',''
  ) );
#5838 = ORIENTED_EDGE('',*,*,#5839,.F.);
#5839 = EDGE_CURVE('',#3593,#5817,#5840,.T.);
#5840 = SURFACE_CURVE('',#5841,(#5845,#5852),.PCURVE_S1.);
#5841 = LINE('',#5842,#5843);
#5842 = CARTESIAN_POINT('',(-2.1,0.625,0.));
#5843 = VECTOR('',#5844,1.);
#5844 = DIRECTION('',(0.,0.,1.));
#5845 = PCURVE('',#3633,#5846);
#5846 = DEFINITIONAL_REPRESENTATION('',(#5847),#5851);
#5847 = LINE('',#5848,#5849);
#5848 = CARTESIAN_POINT('',(0.25,0.));
#5849 = VECTOR('',#5850,1.);
#5850 = DIRECTION('',(0.,-1.));
#5851 = ( GEOMETRIC_REPRESENTATION_CONTEXT(2) 
PARAMETRIC_REPRESENTATION_CONTEXT() REPRESENTATION_CONTEXT('2D SPACE',''
  ) );
#5852 = PCURVE('',#3607,#5853);
#5853 = DEFINITIONAL_REPRESENTATION('',(#5854),#5858);
#5854 = LINE('',#5855,#5856);
#5855 = CARTESIAN_POINT('',(0.,-0.));
#5856 = VECTOR('',#5857,1.);
#5857 = DIRECTION('',(0.,-1.));
#5858 = ( GEOMETRIC_REPRESENTATION_CONTEXT(2) 
PARAMETRIC_REPRESENTATION_CONTEXT() REPRESENTATION_CONTEXT('2D SPACE',''
  ) );
#5859 = ADVANCED_FACE('',(#5860),#3607,.T.);
#5860 = FACE_BOUND('',#5861,.T.);
#5861 = EDGE_LOOP('',(#5862,#5863,#5864,#5885));
#5862 = ORIENTED_EDGE('',*,*,#3592,.T.);
#5863 = ORIENTED_EDGE('',*,*,#5839,.T.);
#5864 = ORIENTED_EDGE('',*,*,#5865,.T.);
#5865 = EDGE_CURVE('',#5817,#5519,#5866,.T.);
#5866 = SURFACE_CURVE('',#5867,(#5871,#5878),.PCURVE_S1.);
#5867 = LINE('',#5868,#5869);
#5868 = CARTESIAN_POINT('',(-2.1,0.625,0.2));
#5869 = VECTOR('',#5870,1.);
#5870 = DIRECTION('',(-1.,0.,0.));
#5871 = PCURVE('',#3607,#5872);
#5872 = DEFINITIONAL_REPRESENTATION('',(#5873),#5877);
#5873 = LINE('',#5874,#5875);
#5874 = CARTESIAN_POINT('',(0.,-0.2));
#5875 = VECTOR('',#5876,1.);
#5876 = DIRECTION('',(1.,0.));
#5877 = ( GEOMETRIC_REPRESENTATION_CONTEXT(2) 
PARAMETRIC_REPRESENTATION_CONTEXT() REPRESENTATION_CONTEXT('2D SPACE',''
  ) );
#5878 = PCURVE('',#5534,#5879);
#5879 = DEFINITIONAL_REPRESENTATION('',(#5880),#5884);
#5880 = LINE('',#5881,#5882);
#5881 = CARTESIAN_POINT('',(0.2,0.125));
#5882 = VECTOR('',#5883,1.);
#5883 = DIRECTION('',(-1.,0.));
#5884 = ( GEOMETRIC_REPRESENTATION_CONTEXT(2) 
PARAMETRIC_REPRESENTATION_CONTEXT() REPRESENTATION_CONTEXT('2D SPACE',''
  ) );
#5885 = ORIENTED_EDGE('',*,*,#5546,.F.);
#5886 = ADVANCED_FACE('',(#5887),#3558,.T.);
#5887 = FACE_BOUND('',#5888,.T.);
#5888 = EDGE_LOOP('',(#5889,#5890,#5891,#5914));
#5889 = ORIENTED_EDGE('',*,*,#3543,.T.);
#5890 = ORIENTED_EDGE('',*,*,#5568,.T.);
#5891 = ORIENTED_EDGE('',*,*,#5892,.T.);
#5892 = EDGE_CURVE('',#5569,#5893,#5895,.T.);
#5893 = VERTEX_POINT('',#5894);
#5894 = CARTESIAN_POINT('',(-2.1,0.875,0.2));
#5895 = SURFACE_CURVE('',#5896,(#5900,#5907),.PCURVE_S1.);
#5896 = LINE('',#5897,#5898);
#5897 = CARTESIAN_POINT('',(-2.5,0.875,0.2));
#5898 = VECTOR('',#5899,1.);
#5899 = DIRECTION('',(1.,0.,0.));
#5900 = PCURVE('',#3558,#5901);
#5901 = DEFINITIONAL_REPRESENTATION('',(#5902),#5906);
#5902 = LINE('',#5903,#5904);
#5903 = CARTESIAN_POINT('',(0.,-0.2));
#5904 = VECTOR('',#5905,1.);
#5905 = DIRECTION('',(1.,0.));
#5906 = ( GEOMETRIC_REPRESENTATION_CONTEXT(2) 
PARAMETRIC_REPRESENTATION_CONTEXT() REPRESENTATION_CONTEXT('2D SPACE',''
  ) );
#5907 = PCURVE('',#5607,#5908);
#5908 = DEFINITIONAL_REPRESENTATION('',(#5909),#5913);
#5909 = LINE('',#5910,#5911);
#5910 = CARTESIAN_POINT('',(-0.2,-0.125));
#5911 = VECTOR('',#5912,1.);
#5912 = DIRECTION('',(1.,0.));
#5913 = ( GEOMETRIC_REPRESENTATION_CONTEXT(2) 
PARAMETRIC_REPRESENTATION_CONTEXT() REPRESENTATION_CONTEXT('2D SPACE',''
  ) );
#5914 = ORIENTED_EDGE('',*,*,#5915,.F.);
#5915 = EDGE_CURVE('',#3518,#5893,#5916,.T.);
#5916 = SURFACE_CURVE('',#5917,(#5921,#5928),.PCURVE_S1.);
#5917 = LINE('',#5918,#5919);
#5918 = CARTESIAN_POINT('',(-2.1,0.875,0.));
#5919 = VECTOR('',#5920,1.);
#5920 = DIRECTION('',(0.,0.,1.));
#5921 = PCURVE('',#3558,#5922);
#5922 = DEFINITIONAL_REPRESENTATION('',(#5923),#5927);
#5923 = LINE('',#5924,#5925);
#5924 = CARTESIAN_POINT('',(0.4,0.));
#5925 = VECTOR('',#5926,1.);
#5926 = DIRECTION('',(0.,-1.));
#5927 = ( GEOMETRIC_REPRESENTATION_CONTEXT(2) 
PARAMETRIC_REPRESENTATION_CONTEXT() REPRESENTATION_CONTEXT('2D SPACE',''
  ) );
#5928 = PCURVE('',#3532,#5929);
#5929 = DEFINITIONAL_REPRESENTATION('',(#5930),#5934);
#5930 = LINE('',#5931,#5932);
#5931 = CARTESIAN_POINT('',(0.,0.));
#5932 = VECTOR('',#5933,1.);
#5933 = DIRECTION('',(0.,-1.));
#5934 = ( GEOMETRIC_REPRESENTATION_CONTEXT(2) 
PARAMETRIC_REPRESENTATION_CONTEXT() REPRESENTATION_CONTEXT('2D SPACE',''
  ) );
#5935 = ADVANCED_FACE('',(#5936),#3532,.T.);
#5936 = FACE_BOUND('',#5937,.T.);
#5937 = EDGE_LOOP('',(#5938,#5939,#5940,#5963));
#5938 = ORIENTED_EDGE('',*,*,#3517,.T.);
#5939 = ORIENTED_EDGE('',*,*,#5915,.T.);
#5940 = ORIENTED_EDGE('',*,*,#5941,.T.);
#5941 = EDGE_CURVE('',#5893,#5942,#5944,.T.);
#5942 = VERTEX_POINT('',#5943);
#5943 = CARTESIAN_POINT('',(-2.1,1.125,0.2));
#5944 = SURFACE_CURVE('',#5945,(#5949,#5956),.PCURVE_S1.);
#5945 = LINE('',#5946,#5947);
#5946 = CARTESIAN_POINT('',(-2.1,0.875,0.2));
#5947 = VECTOR('',#5948,1.);
#5948 = DIRECTION('',(0.,1.,0.));
#5949 = PCURVE('',#3532,#5950);
#5950 = DEFINITIONAL_REPRESENTATION('',(#5951),#5955);
#5951 = LINE('',#5952,#5953);
#5952 = CARTESIAN_POINT('',(0.,-0.2));
#5953 = VECTOR('',#5954,1.);
#5954 = DIRECTION('',(1.,0.));
#5955 = ( GEOMETRIC_REPRESENTATION_CONTEXT(2) 
PARAMETRIC_REPRESENTATION_CONTEXT() REPRESENTATION_CONTEXT('2D SPACE',''
  ) );
#5956 = PCURVE('',#5607,#5957);
#5957 = DEFINITIONAL_REPRESENTATION('',(#5958),#5962);
#5958 = LINE('',#5959,#5960);
#5959 = CARTESIAN_POINT('',(0.2,-0.125));
#5960 = VECTOR('',#5961,1.);
#5961 = DIRECTION('',(0.,1.));
#5962 = ( GEOMETRIC_REPRESENTATION_CONTEXT(2) 
PARAMETRIC_REPRESENTATION_CONTEXT() REPRESENTATION_CONTEXT('2D SPACE',''
  ) );
#5963 = ORIENTED_EDGE('',*,*,#5964,.F.);
#5964 = EDGE_CURVE('',#3492,#5942,#5965,.T.);
#5965 = SURFACE_CURVE('',#5966,(#5970,#5977),.PCURVE_S1.);
#5966 = LINE('',#5967,#5968);
#5967 = CARTESIAN_POINT('',(-2.1,1.125,0.));
#5968 = VECTOR('',#5969,1.);
#5969 = DIRECTION('',(0.,0.,1.));
#5970 = PCURVE('',#3532,#5971);
#5971 = DEFINITIONAL_REPRESENTATION('',(#5972),#5976);
#5972 = LINE('',#5973,#5974);
#5973 = CARTESIAN_POINT('',(0.25,0.));
#5974 = VECTOR('',#5975,1.);
#5975 = DIRECTION('',(0.,-1.));
#5976 = ( GEOMETRIC_REPRESENTATION_CONTEXT(2) 
PARAMETRIC_REPRESENTATION_CONTEXT() REPRESENTATION_CONTEXT('2D SPACE',''
  ) );
#5977 = PCURVE('',#3506,#5978);
#5978 = DEFINITIONAL_REPRESENTATION('',(#5979),#5983);
#5979 = LINE('',#5980,#5981);
#5980 = CARTESIAN_POINT('',(0.,-0.));
#5981 = VECTOR('',#5982,1.);
#5982 = DIRECTION('',(0.,-1.));
#5983 = ( GEOMETRIC_REPRESENTATION_CONTEXT(2) 
PARAMETRIC_REPRESENTATION_CONTEXT() REPRESENTATION_CONTEXT('2D SPACE',''
  ) );
#5984 = ADVANCED_FACE('',(#5985),#3506,.T.);
#5985 = FACE_BOUND('',#5986,.T.);
#5986 = EDGE_LOOP('',(#5987,#5988,#5989,#6010));
#5987 = ORIENTED_EDGE('',*,*,#3491,.T.);
#5988 = ORIENTED_EDGE('',*,*,#5964,.T.);
#5989 = ORIENTED_EDGE('',*,*,#5990,.T.);
#5990 = EDGE_CURVE('',#5942,#5592,#5991,.T.);
#5991 = SURFACE_CURVE('',#5992,(#5996,#6003),.PCURVE_S1.);
#5992 = LINE('',#5993,#5994);
#5993 = CARTESIAN_POINT('',(-2.1,1.125,0.2));
#5994 = VECTOR('',#5995,1.);
#5995 = DIRECTION('',(-1.,0.,0.));
#5996 = PCURVE('',#3506,#5997);
#5997 = DEFINITIONAL_REPRESENTATION('',(#5998),#6002);
#5998 = LINE('',#5999,#6000);
#5999 = CARTESIAN_POINT('',(0.,-0.2));
#6000 = VECTOR('',#6001,1.);
#6001 = DIRECTION('',(1.,0.));
#6002 = ( GEOMETRIC_REPRESENTATION_CONTEXT(2) 
PARAMETRIC_REPRESENTATION_CONTEXT() REPRESENTATION_CONTEXT('2D SPACE',''
  ) );
#6003 = PCURVE('',#5607,#6004);
#6004 = DEFINITIONAL_REPRESENTATION('',(#6005),#6009);
#6005 = LINE('',#6006,#6007);
#6006 = CARTESIAN_POINT('',(0.2,0.125));
#6007 = VECTOR('',#6008,1.);
#6008 = DIRECTION('',(-1.,0.));
#6009 = ( GEOMETRIC_REPRESENTATION_CONTEXT(2) 
PARAMETRIC_REPRESENTATION_CONTEXT() REPRESENTATION_CONTEXT('2D SPACE',''
  ) );
#6010 = ORIENTED_EDGE('',*,*,#5619,.F.);
#6011 = ADVANCED_FACE('',(#6012),#3457,.T.);
#6012 = FACE_BOUND('',#6013,.T.);
#6013 = EDGE_LOOP('',(#6014,#6015,#6016,#6039));
#6014 = ORIENTED_EDGE('',*,*,#3442,.T.);
#6015 = ORIENTED_EDGE('',*,*,#5641,.T.);
#6016 = ORIENTED_EDGE('',*,*,#6017,.T.);
#6017 = EDGE_CURVE('',#5642,#6018,#6020,.T.);
#6018 = VERTEX_POINT('',#6019);
#6019 = CARTESIAN_POINT('',(-2.1,1.375,0.2));
#6020 = SURFACE_CURVE('',#6021,(#6025,#6032),.PCURVE_S1.);
#6021 = LINE('',#6022,#6023);
#6022 = CARTESIAN_POINT('',(-2.5,1.375,0.2));
#6023 = VECTOR('',#6024,1.);
#6024 = DIRECTION('',(1.,0.,0.));
#6025 = PCURVE('',#3457,#6026);
#6026 = DEFINITIONAL_REPRESENTATION('',(#6027),#6031);
#6027 = LINE('',#6028,#6029);
#6028 = CARTESIAN_POINT('',(0.,-0.2));
#6029 = VECTOR('',#6030,1.);
#6030 = DIRECTION('',(1.,0.));
#6031 = ( GEOMETRIC_REPRESENTATION_CONTEXT(2) 
PARAMETRIC_REPRESENTATION_CONTEXT() REPRESENTATION_CONTEXT('2D SPACE',''
  ) );
#6032 = PCURVE('',#5680,#6033);
#6033 = DEFINITIONAL_REPRESENTATION('',(#6034),#6038);
#6034 = LINE('',#6035,#6036);
#6035 = CARTESIAN_POINT('',(-0.2,-0.125));
#6036 = VECTOR('',#6037,1.);
#6037 = DIRECTION('',(1.,0.));
#6038 = ( GEOMETRIC_REPRESENTATION_CONTEXT(2) 
PARAMETRIC_REPRESENTATION_CONTEXT() REPRESENTATION_CONTEXT('2D SPACE',''
  ) );
#6039 = ORIENTED_EDGE('',*,*,#6040,.F.);
#6040 = EDGE_CURVE('',#3417,#6018,#6041,.T.);
#6041 = SURFACE_CURVE('',#6042,(#6046,#6053),.PCURVE_S1.);
#6042 = LINE('',#6043,#6044);
#6043 = CARTESIAN_POINT('',(-2.1,1.375,0.));
#6044 = VECTOR('',#6045,1.);
#6045 = DIRECTION('',(0.,0.,1.));
#6046 = PCURVE('',#3457,#6047);
#6047 = DEFINITIONAL_REPRESENTATION('',(#6048),#6052);
#6048 = LINE('',#6049,#6050);
#6049 = CARTESIAN_POINT('',(0.4,0.));
#6050 = VECTOR('',#6051,1.);
#6051 = DIRECTION('',(0.,-1.));
#6052 = ( GEOMETRIC_REPRESENTATION_CONTEXT(2) 
PARAMETRIC_REPRESENTATION_CONTEXT() REPRESENTATION_CONTEXT('2D SPACE',''
  ) );
#6053 = PCURVE('',#3431,#6054);
#6054 = DEFINITIONAL_REPRESENTATION('',(#6055),#6059);
#6055 = LINE('',#6056,#6057);
#6056 = CARTESIAN_POINT('',(0.,0.));
#6057 = VECTOR('',#6058,1.);
#6058 = DIRECTION('',(0.,-1.));
#6059 = ( GEOMETRIC_REPRESENTATION_CONTEXT(2) 
PARAMETRIC_REPRESENTATION_CONTEXT() REPRESENTATION_CONTEXT('2D SPACE',''
  ) );
#6060 = ADVANCED_FACE('',(#6061),#3431,.T.);
#6061 = FACE_BOUND('',#6062,.T.);
#6062 = EDGE_LOOP('',(#6063,#6064,#6065,#6088));
#6063 = ORIENTED_EDGE('',*,*,#3416,.T.);
#6064 = ORIENTED_EDGE('',*,*,#6040,.T.);
#6065 = ORIENTED_EDGE('',*,*,#6066,.T.);
#6066 = EDGE_CURVE('',#6018,#6067,#6069,.T.);
#6067 = VERTEX_POINT('',#6068);
#6068 = CARTESIAN_POINT('',(-2.1,1.625,0.2));
#6069 = SURFACE_CURVE('',#6070,(#6074,#6081),.PCURVE_S1.);
#6070 = LINE('',#6071,#6072);
#6071 = CARTESIAN_POINT('',(-2.1,1.375,0.2));
#6072 = VECTOR('',#6073,1.);
#6073 = DIRECTION('',(0.,1.,0.));
#6074 = PCURVE('',#3431,#6075);
#6075 = DEFINITIONAL_REPRESENTATION('',(#6076),#6080);
#6076 = LINE('',#6077,#6078);
#6077 = CARTESIAN_POINT('',(0.,-0.2));
#6078 = VECTOR('',#6079,1.);
#6079 = DIRECTION('',(1.,0.));
#6080 = ( GEOMETRIC_REPRESENTATION_CONTEXT(2) 
PARAMETRIC_REPRESENTATION_CONTEXT() REPRESENTATION_CONTEXT('2D SPACE',''
  ) );
#6081 = PCURVE('',#5680,#6082);
#6082 = DEFINITIONAL_REPRESENTATION('',(#6083),#6087);
#6083 = LINE('',#6084,#6085);
#6084 = CARTESIAN_POINT('',(0.2,-0.125));
#6085 = VECTOR('',#6086,1.);
#6086 = DIRECTION('',(0.,1.));
#6087 = ( GEOMETRIC_REPRESENTATION_CONTEXT(2) 
PARAMETRIC_REPRESENTATION_CONTEXT() REPRESENTATION_CONTEXT('2D SPACE',''
  ) );
#6088 = ORIENTED_EDGE('',*,*,#6089,.F.);
#6089 = EDGE_CURVE('',#3391,#6067,#6090,.T.);
#6090 = SURFACE_CURVE('',#6091,(#6095,#6102),.PCURVE_S1.);
#6091 = LINE('',#6092,#6093);
#6092 = CARTESIAN_POINT('',(-2.1,1.625,0.));
#6093 = VECTOR('',#6094,1.);
#6094 = DIRECTION('',(0.,0.,1.));
#6095 = PCURVE('',#3431,#6096);
#6096 = DEFINITIONAL_REPRESENTATION('',(#6097),#6101);
#6097 = LINE('',#6098,#6099);
#6098 = CARTESIAN_POINT('',(0.25,0.));
#6099 = VECTOR('',#6100,1.);
#6100 = DIRECTION('',(0.,-1.));
#6101 = ( GEOMETRIC_REPRESENTATION_CONTEXT(2) 
PARAMETRIC_REPRESENTATION_CONTEXT() REPRESENTATION_CONTEXT('2D SPACE',''
  ) );
#6102 = PCURVE('',#3405,#6103);
#6103 = DEFINITIONAL_REPRESENTATION('',(#6104),#6108);
#6104 = LINE('',#6105,#6106);
#6105 = CARTESIAN_POINT('',(0.,-0.));
#6106 = VECTOR('',#6107,1.);
#6107 = DIRECTION('',(0.,-1.));
#6108 = ( GEOMETRIC_REPRESENTATION_CONTEXT(2) 
PARAMETRIC_REPRESENTATION_CONTEXT() REPRESENTATION_CONTEXT('2D SPACE',''
  ) );
#6109 = ADVANCED_FACE('',(#6110),#3405,.T.);
#6110 = FACE_BOUND('',#6111,.T.);
#6111 = EDGE_LOOP('',(#6112,#6113,#6114,#6135));
#6112 = ORIENTED_EDGE('',*,*,#3390,.T.);
#6113 = ORIENTED_EDGE('',*,*,#6089,.T.);
#6114 = ORIENTED_EDGE('',*,*,#6115,.T.);
#6115 = EDGE_CURVE('',#6067,#5665,#6116,.T.);
#6116 = SURFACE_CURVE('',#6117,(#6121,#6128),.PCURVE_S1.);
#6117 = LINE('',#6118,#6119);
#6118 = CARTESIAN_POINT('',(-2.1,1.625,0.2));
#6119 = VECTOR('',#6120,1.);
#6120 = DIRECTION('',(-1.,0.,0.));
#6121 = PCURVE('',#3405,#6122);
#6122 = DEFINITIONAL_REPRESENTATION('',(#6123),#6127);
#6123 = LINE('',#6124,#6125);
#6124 = CARTESIAN_POINT('',(0.,-0.2));
#6125 = VECTOR('',#6126,1.);
#6126 = DIRECTION('',(1.,0.));
#6127 = ( GEOMETRIC_REPRESENTATION_CONTEXT(2) 
PARAMETRIC_REPRESENTATION_CONTEXT() REPRESENTATION_CONTEXT('2D SPACE',''
  ) );
#6128 = PCURVE('',#5680,#6129);
#6129 = DEFINITIONAL_REPRESENTATION('',(#6130),#6134);
#6130 = LINE('',#6131,#6132);
#6131 = CARTESIAN_POINT('',(0.2,0.125));
#6132 = VECTOR('',#6133,1.);
#6133 = DIRECTION('',(-1.,0.));
#6134 = ( GEOMETRIC_REPRESENTATION_CONTEXT(2) 
PARAMETRIC_REPRESENTATION_CONTEXT() REPRESENTATION_CONTEXT('2D SPACE',''
  ) );
#6135 = ORIENTED_EDGE('',*,*,#5692,.F.);
#6136 = ADVANCED_FACE('',(#6137),#2648,.F.);
#6137 = FACE_BOUND('',#6138,.F.);
#6138 = EDGE_LOOP('',(#6139,#6140,#6141,#6142,#6143,#6144,#6167,#6195,
    #6216,#6217,#6240,#6268,#6289,#6290,#6313,#6341,#6362,#6363,#6386,
    #6414,#6435,#6436,#6459,#6487,#6508,#6509,#6532,#6560,#6581,#6582,
    #6605,#6633));
#6139 = ORIENTED_EDGE('',*,*,#2632,.F.);
#6140 = ORIENTED_EDGE('',*,*,#4594,.T.);
#6141 = ORIENTED_EDGE('',*,*,#5131,.T.);
#6142 = ORIENTED_EDGE('',*,*,#5179,.F.);
#6143 = ORIENTED_EDGE('',*,*,#3344,.F.);
#6144 = ORIENTED_EDGE('',*,*,#6145,.T.);
#6145 = EDGE_CURVE('',#3319,#6146,#6148,.T.);
#6146 = VERTEX_POINT('',#6147);
#6147 = CARTESIAN_POINT('',(-1.625,2.5,0.2));
#6148 = SURFACE_CURVE('',#6149,(#6153,#6160),.PCURVE_S1.);
#6149 = LINE('',#6150,#6151);
#6150 = CARTESIAN_POINT('',(-1.625,2.5,0.));
#6151 = VECTOR('',#6152,1.);
#6152 = DIRECTION('',(0.,0.,1.));
#6153 = PCURVE('',#2648,#6154);
#6154 = DEFINITIONAL_REPRESENTATION('',(#6155),#6159);
#6155 = LINE('',#6156,#6157);
#6156 = CARTESIAN_POINT('',(4.125,2.E-02));
#6157 = VECTOR('',#6158,1.);
#6158 = DIRECTION('',(0.,-1.));
#6159 = ( GEOMETRIC_REPRESENTATION_CONTEXT(2) 
PARAMETRIC_REPRESENTATION_CONTEXT() REPRESENTATION_CONTEXT('2D SPACE',''
  ) );
#6160 = PCURVE('',#3333,#6161);
#6161 = DEFINITIONAL_REPRESENTATION('',(#6162),#6166);
#6162 = LINE('',#6163,#6164);
#6163 = CARTESIAN_POINT('',(0.,0.));
#6164 = VECTOR('',#6165,1.);
#6165 = DIRECTION('',(0.,-1.));
#6166 = ( GEOMETRIC_REPRESENTATION_CONTEXT(2) 
PARAMETRIC_REPRESENTATION_CONTEXT() REPRESENTATION_CONTEXT('2D SPACE',''
  ) );
#6167 = ORIENTED_EDGE('',*,*,#6168,.F.);
#6168 = EDGE_CURVE('',#6169,#6146,#6171,.T.);
#6169 = VERTEX_POINT('',#6170);
#6170 = CARTESIAN_POINT('',(-1.375,2.5,0.2));
#6171 = SURFACE_CURVE('',#6172,(#6176,#6183),.PCURVE_S1.);
#6172 = LINE('',#6173,#6174);
#6173 = CARTESIAN_POINT('',(-1.375,2.5,0.2));
#6174 = VECTOR('',#6175,1.);
#6175 = DIRECTION('',(-1.,0.,0.));
#6176 = PCURVE('',#2648,#6177);
#6177 = DEFINITIONAL_REPRESENTATION('',(#6178),#6182);
#6178 = LINE('',#6179,#6180);
#6179 = CARTESIAN_POINT('',(3.875,-0.18));
#6180 = VECTOR('',#6181,1.);
#6181 = DIRECTION('',(1.,0.));
#6182 = ( GEOMETRIC_REPRESENTATION_CONTEXT(2) 
PARAMETRIC_REPRESENTATION_CONTEXT() REPRESENTATION_CONTEXT('2D SPACE',''
  ) );
#6183 = PCURVE('',#6184,#6189);
#6184 = PLANE('',#6185);
#6185 = AXIS2_PLACEMENT_3D('',#6186,#6187,#6188);
#6186 = CARTESIAN_POINT('',(-1.5,2.3,0.2));
#6187 = DIRECTION('',(0.,0.,1.));
#6188 = DIRECTION('',(1.,0.,-0.));
#6189 = DEFINITIONAL_REPRESENTATION('',(#6190),#6194);
#6190 = LINE('',#6191,#6192);
#6191 = CARTESIAN_POINT('',(0.125,0.2));
#6192 = VECTOR('',#6193,1.);
#6193 = DIRECTION('',(-1.,0.));
#6194 = ( GEOMETRIC_REPRESENTATION_CONTEXT(2) 
PARAMETRIC_REPRESENTATION_CONTEXT() REPRESENTATION_CONTEXT('2D SPACE',''
  ) );
#6195 = ORIENTED_EDGE('',*,*,#6196,.F.);
#6196 = EDGE_CURVE('',#3244,#6169,#6197,.T.);
#6197 = SURFACE_CURVE('',#6198,(#6202,#6209),.PCURVE_S1.);
#6198 = LINE('',#6199,#6200);
#6199 = CARTESIAN_POINT('',(-1.375,2.5,0.));
#6200 = VECTOR('',#6201,1.);
#6201 = DIRECTION('',(0.,0.,1.));
#6202 = PCURVE('',#2648,#6203);
#6203 = DEFINITIONAL_REPRESENTATION('',(#6204),#6208);
#6204 = LINE('',#6205,#6206);
#6205 = CARTESIAN_POINT('',(3.875,2.E-02));
#6206 = VECTOR('',#6207,1.);
#6207 = DIRECTION('',(0.,-1.));
#6208 = ( GEOMETRIC_REPRESENTATION_CONTEXT(2) 
PARAMETRIC_REPRESENTATION_CONTEXT() REPRESENTATION_CONTEXT('2D SPACE',''
  ) );
#6209 = PCURVE('',#3281,#6210);
#6210 = DEFINITIONAL_REPRESENTATION('',(#6211),#6215);
#6211 = LINE('',#6212,#6213);
#6212 = CARTESIAN_POINT('',(0.4,0.));
#6213 = VECTOR('',#6214,1.);
#6214 = DIRECTION('',(0.,-1.));
#6215 = ( GEOMETRIC_REPRESENTATION_CONTEXT(2) 
PARAMETRIC_REPRESENTATION_CONTEXT() REPRESENTATION_CONTEXT('2D SPACE',''
  ) );
#6216 = ORIENTED_EDGE('',*,*,#3243,.F.);
#6217 = ORIENTED_EDGE('',*,*,#6218,.T.);
#6218 = EDGE_CURVE('',#3218,#6219,#6221,.T.);
#6219 = VERTEX_POINT('',#6220);
#6220 = CARTESIAN_POINT('',(-1.125,2.5,0.2));
#6221 = SURFACE_CURVE('',#6222,(#6226,#6233),.PCURVE_S1.);
#6222 = LINE('',#6223,#6224);
#6223 = CARTESIAN_POINT('',(-1.125,2.5,0.));
#6224 = VECTOR('',#6225,1.);
#6225 = DIRECTION('',(0.,0.,1.));
#6226 = PCURVE('',#2648,#6227);
#6227 = DEFINITIONAL_REPRESENTATION('',(#6228),#6232);
#6228 = LINE('',#6229,#6230);
#6229 = CARTESIAN_POINT('',(3.625,2.E-02));
#6230 = VECTOR('',#6231,1.);
#6231 = DIRECTION('',(0.,-1.));
#6232 = ( GEOMETRIC_REPRESENTATION_CONTEXT(2) 
PARAMETRIC_REPRESENTATION_CONTEXT() REPRESENTATION_CONTEXT('2D SPACE',''
  ) );
#6233 = PCURVE('',#3232,#6234);
#6234 = DEFINITIONAL_REPRESENTATION('',(#6235),#6239);
#6235 = LINE('',#6236,#6237);
#6236 = CARTESIAN_POINT('',(0.,0.));
#6237 = VECTOR('',#6238,1.);
#6238 = DIRECTION('',(0.,-1.));
#6239 = ( GEOMETRIC_REPRESENTATION_CONTEXT(2) 
PARAMETRIC_REPRESENTATION_CONTEXT() REPRESENTATION_CONTEXT('2D SPACE',''
  ) );
#6240 = ORIENTED_EDGE('',*,*,#6241,.F.);
#6241 = EDGE_CURVE('',#6242,#6219,#6244,.T.);
#6242 = VERTEX_POINT('',#6243);
#6243 = CARTESIAN_POINT('',(-0.875,2.5,0.2));
#6244 = SURFACE_CURVE('',#6245,(#6249,#6256),.PCURVE_S1.);
#6245 = LINE('',#6246,#6247);
#6246 = CARTESIAN_POINT('',(-0.875,2.5,0.2));
#6247 = VECTOR('',#6248,1.);
#6248 = DIRECTION('',(-1.,0.,0.));
#6249 = PCURVE('',#2648,#6250);
#6250 = DEFINITIONAL_REPRESENTATION('',(#6251),#6255);
#6251 = LINE('',#6252,#6253);
#6252 = CARTESIAN_POINT('',(3.375,-0.18));
#6253 = VECTOR('',#6254,1.);
#6254 = DIRECTION('',(1.,0.));
#6255 = ( GEOMETRIC_REPRESENTATION_CONTEXT(2) 
PARAMETRIC_REPRESENTATION_CONTEXT() REPRESENTATION_CONTEXT('2D SPACE',''
  ) );
#6256 = PCURVE('',#6257,#6262);
#6257 = PLANE('',#6258);
#6258 = AXIS2_PLACEMENT_3D('',#6259,#6260,#6261);
#6259 = CARTESIAN_POINT('',(-1.,2.3,0.2));
#6260 = DIRECTION('',(0.,0.,1.));
#6261 = DIRECTION('',(1.,0.,-0.));
#6262 = DEFINITIONAL_REPRESENTATION('',(#6263),#6267);
#6263 = LINE('',#6264,#6265);
#6264 = CARTESIAN_POINT('',(0.125,0.2));
#6265 = VECTOR('',#6266,1.);
#6266 = DIRECTION('',(-1.,0.));
#6267 = ( GEOMETRIC_REPRESENTATION_CONTEXT(2) 
PARAMETRIC_REPRESENTATION_CONTEXT() REPRESENTATION_CONTEXT('2D SPACE',''
  ) );
#6268 = ORIENTED_EDGE('',*,*,#6269,.F.);
#6269 = EDGE_CURVE('',#3143,#6242,#6270,.T.);
#6270 = SURFACE_CURVE('',#6271,(#6275,#6282),.PCURVE_S1.);
#6271 = LINE('',#6272,#6273);
#6272 = CARTESIAN_POINT('',(-0.875,2.5,0.));
#6273 = VECTOR('',#6274,1.);
#6274 = DIRECTION('',(0.,0.,1.));
#6275 = PCURVE('',#2648,#6276);
#6276 = DEFINITIONAL_REPRESENTATION('',(#6277),#6281);
#6277 = LINE('',#6278,#6279);
#6278 = CARTESIAN_POINT('',(3.375,2.E-02));
#6279 = VECTOR('',#6280,1.);
#6280 = DIRECTION('',(0.,-1.));
#6281 = ( GEOMETRIC_REPRESENTATION_CONTEXT(2) 
PARAMETRIC_REPRESENTATION_CONTEXT() REPRESENTATION_CONTEXT('2D SPACE',''
  ) );
#6282 = PCURVE('',#3180,#6283);
#6283 = DEFINITIONAL_REPRESENTATION('',(#6284),#6288);
#6284 = LINE('',#6285,#6286);
#6285 = CARTESIAN_POINT('',(0.4,0.));
#6286 = VECTOR('',#6287,1.);
#6287 = DIRECTION('',(0.,-1.));
#6288 = ( GEOMETRIC_REPRESENTATION_CONTEXT(2) 
PARAMETRIC_REPRESENTATION_CONTEXT() REPRESENTATION_CONTEXT('2D SPACE',''
  ) );
#6289 = ORIENTED_EDGE('',*,*,#3142,.F.);
#6290 = ORIENTED_EDGE('',*,*,#6291,.T.);
#6291 = EDGE_CURVE('',#3117,#6292,#6294,.T.);
#6292 = VERTEX_POINT('',#6293);
#6293 = CARTESIAN_POINT('',(-0.625,2.5,0.2));
#6294 = SURFACE_CURVE('',#6295,(#6299,#6306),.PCURVE_S1.);
#6295 = LINE('',#6296,#6297);
#6296 = CARTESIAN_POINT('',(-0.625,2.5,0.));
#6297 = VECTOR('',#6298,1.);
#6298 = DIRECTION('',(0.,0.,1.));
#6299 = PCURVE('',#2648,#6300);
#6300 = DEFINITIONAL_REPRESENTATION('',(#6301),#6305);
#6301 = LINE('',#6302,#6303);
#6302 = CARTESIAN_POINT('',(3.125,2.E-02));
#6303 = VECTOR('',#6304,1.);
#6304 = DIRECTION('',(0.,-1.));
#6305 = ( GEOMETRIC_REPRESENTATION_CONTEXT(2) 
PARAMETRIC_REPRESENTATION_CONTEXT() REPRESENTATION_CONTEXT('2D SPACE',''
  ) );
#6306 = PCURVE('',#3131,#6307);
#6307 = DEFINITIONAL_REPRESENTATION('',(#6308),#6312);
#6308 = LINE('',#6309,#6310);
#6309 = CARTESIAN_POINT('',(0.,0.));
#6310 = VECTOR('',#6311,1.);
#6311 = DIRECTION('',(0.,-1.));
#6312 = ( GEOMETRIC_REPRESENTATION_CONTEXT(2) 
PARAMETRIC_REPRESENTATION_CONTEXT() REPRESENTATION_CONTEXT('2D SPACE',''
  ) );
#6313 = ORIENTED_EDGE('',*,*,#6314,.F.);
#6314 = EDGE_CURVE('',#6315,#6292,#6317,.T.);
#6315 = VERTEX_POINT('',#6316);
#6316 = CARTESIAN_POINT('',(-0.375,2.5,0.2));
#6317 = SURFACE_CURVE('',#6318,(#6322,#6329),.PCURVE_S1.);
#6318 = LINE('',#6319,#6320);
#6319 = CARTESIAN_POINT('',(-0.375,2.5,0.2));
#6320 = VECTOR('',#6321,1.);
#6321 = DIRECTION('',(-1.,0.,0.));
#6322 = PCURVE('',#2648,#6323);
#6323 = DEFINITIONAL_REPRESENTATION('',(#6324),#6328);
#6324 = LINE('',#6325,#6326);
#6325 = CARTESIAN_POINT('',(2.875,-0.18));
#6326 = VECTOR('',#6327,1.);
#6327 = DIRECTION('',(1.,0.));
#6328 = ( GEOMETRIC_REPRESENTATION_CONTEXT(2) 
PARAMETRIC_REPRESENTATION_CONTEXT() REPRESENTATION_CONTEXT('2D SPACE',''
  ) );
#6329 = PCURVE('',#6330,#6335);
#6330 = PLANE('',#6331);
#6331 = AXIS2_PLACEMENT_3D('',#6332,#6333,#6334);
#6332 = CARTESIAN_POINT('',(-0.5,2.3,0.2));
#6333 = DIRECTION('',(0.,0.,1.));
#6334 = DIRECTION('',(1.,0.,-0.));
#6335 = DEFINITIONAL_REPRESENTATION('',(#6336),#6340);
#6336 = LINE('',#6337,#6338);
#6337 = CARTESIAN_POINT('',(0.125,0.2));
#6338 = VECTOR('',#6339,1.);
#6339 = DIRECTION('',(-1.,0.));
#6340 = ( GEOMETRIC_REPRESENTATION_CONTEXT(2) 
PARAMETRIC_REPRESENTATION_CONTEXT() REPRESENTATION_CONTEXT('2D SPACE',''
  ) );
#6341 = ORIENTED_EDGE('',*,*,#6342,.F.);
#6342 = EDGE_CURVE('',#3042,#6315,#6343,.T.);
#6343 = SURFACE_CURVE('',#6344,(#6348,#6355),.PCURVE_S1.);
#6344 = LINE('',#6345,#6346);
#6345 = CARTESIAN_POINT('',(-0.375,2.5,0.));
#6346 = VECTOR('',#6347,1.);
#6347 = DIRECTION('',(0.,0.,1.));
#6348 = PCURVE('',#2648,#6349);
#6349 = DEFINITIONAL_REPRESENTATION('',(#6350),#6354);
#6350 = LINE('',#6351,#6352);
#6351 = CARTESIAN_POINT('',(2.875,2.E-02));
#6352 = VECTOR('',#6353,1.);
#6353 = DIRECTION('',(0.,-1.));
#6354 = ( GEOMETRIC_REPRESENTATION_CONTEXT(2) 
PARAMETRIC_REPRESENTATION_CONTEXT() REPRESENTATION_CONTEXT('2D SPACE',''
  ) );
#6355 = PCURVE('',#3079,#6356);
#6356 = DEFINITIONAL_REPRESENTATION('',(#6357),#6361);
#6357 = LINE('',#6358,#6359);
#6358 = CARTESIAN_POINT('',(0.4,0.));
#6359 = VECTOR('',#6360,1.);
#6360 = DIRECTION('',(0.,-1.));
#6361 = ( GEOMETRIC_REPRESENTATION_CONTEXT(2) 
PARAMETRIC_REPRESENTATION_CONTEXT() REPRESENTATION_CONTEXT('2D SPACE',''
  ) );
#6362 = ORIENTED_EDGE('',*,*,#3041,.F.);
#6363 = ORIENTED_EDGE('',*,*,#6364,.T.);
#6364 = EDGE_CURVE('',#3016,#6365,#6367,.T.);
#6365 = VERTEX_POINT('',#6366);
#6366 = CARTESIAN_POINT('',(-0.125,2.5,0.2));
#6367 = SURFACE_CURVE('',#6368,(#6372,#6379),.PCURVE_S1.);
#6368 = LINE('',#6369,#6370);
#6369 = CARTESIAN_POINT('',(-0.125,2.5,0.));
#6370 = VECTOR('',#6371,1.);
#6371 = DIRECTION('',(0.,0.,1.));
#6372 = PCURVE('',#2648,#6373);
#6373 = DEFINITIONAL_REPRESENTATION('',(#6374),#6378);
#6374 = LINE('',#6375,#6376);
#6375 = CARTESIAN_POINT('',(2.625,2.E-02));
#6376 = VECTOR('',#6377,1.);
#6377 = DIRECTION('',(0.,-1.));
#6378 = ( GEOMETRIC_REPRESENTATION_CONTEXT(2) 
PARAMETRIC_REPRESENTATION_CONTEXT() REPRESENTATION_CONTEXT('2D SPACE',''
  ) );
#6379 = PCURVE('',#3030,#6380);
#6380 = DEFINITIONAL_REPRESENTATION('',(#6381),#6385);
#6381 = LINE('',#6382,#6383);
#6382 = CARTESIAN_POINT('',(0.,0.));
#6383 = VECTOR('',#6384,1.);
#6384 = DIRECTION('',(0.,-1.));
#6385 = ( GEOMETRIC_REPRESENTATION_CONTEXT(2) 
PARAMETRIC_REPRESENTATION_CONTEXT() REPRESENTATION_CONTEXT('2D SPACE',''
  ) );
#6386 = ORIENTED_EDGE('',*,*,#6387,.F.);
#6387 = EDGE_CURVE('',#6388,#6365,#6390,.T.);
#6388 = VERTEX_POINT('',#6389);
#6389 = CARTESIAN_POINT('',(0.125,2.5,0.2));
#6390 = SURFACE_CURVE('',#6391,(#6395,#6402),.PCURVE_S1.);
#6391 = LINE('',#6392,#6393);
#6392 = CARTESIAN_POINT('',(0.125,2.5,0.2));
#6393 = VECTOR('',#6394,1.);
#6394 = DIRECTION('',(-1.,0.,0.));
#6395 = PCURVE('',#2648,#6396);
#6396 = DEFINITIONAL_REPRESENTATION('',(#6397),#6401);
#6397 = LINE('',#6398,#6399);
#6398 = CARTESIAN_POINT('',(2.375,-0.18));
#6399 = VECTOR('',#6400,1.);
#6400 = DIRECTION('',(1.,0.));
#6401 = ( GEOMETRIC_REPRESENTATION_CONTEXT(2) 
PARAMETRIC_REPRESENTATION_CONTEXT() REPRESENTATION_CONTEXT('2D SPACE',''
  ) );
#6402 = PCURVE('',#6403,#6408);
#6403 = PLANE('',#6404);
#6404 = AXIS2_PLACEMENT_3D('',#6405,#6406,#6407);
#6405 = CARTESIAN_POINT('',(0.,2.3,0.2));
#6406 = DIRECTION('',(0.,0.,1.));
#6407 = DIRECTION('',(1.,0.,-0.));
#6408 = DEFINITIONAL_REPRESENTATION('',(#6409),#6413);
#6409 = LINE('',#6410,#6411);
#6410 = CARTESIAN_POINT('',(0.125,0.2));
#6411 = VECTOR('',#6412,1.);
#6412 = DIRECTION('',(-1.,0.));
#6413 = ( GEOMETRIC_REPRESENTATION_CONTEXT(2) 
PARAMETRIC_REPRESENTATION_CONTEXT() REPRESENTATION_CONTEXT('2D SPACE',''
  ) );
#6414 = ORIENTED_EDGE('',*,*,#6415,.F.);
#6415 = EDGE_CURVE('',#2941,#6388,#6416,.T.);
#6416 = SURFACE_CURVE('',#6417,(#6421,#6428),.PCURVE_S1.);
#6417 = LINE('',#6418,#6419);
#6418 = CARTESIAN_POINT('',(0.125,2.5,0.));
#6419 = VECTOR('',#6420,1.);
#6420 = DIRECTION('',(0.,0.,1.));
#6421 = PCURVE('',#2648,#6422);
#6422 = DEFINITIONAL_REPRESENTATION('',(#6423),#6427);
#6423 = LINE('',#6424,#6425);
#6424 = CARTESIAN_POINT('',(2.375,2.E-02));
#6425 = VECTOR('',#6426,1.);
#6426 = DIRECTION('',(0.,-1.));
#6427 = ( GEOMETRIC_REPRESENTATION_CONTEXT(2) 
PARAMETRIC_REPRESENTATION_CONTEXT() REPRESENTATION_CONTEXT('2D SPACE',''
  ) );
#6428 = PCURVE('',#2978,#6429);
#6429 = DEFINITIONAL_REPRESENTATION('',(#6430),#6434);
#6430 = LINE('',#6431,#6432);
#6431 = CARTESIAN_POINT('',(0.4,0.));
#6432 = VECTOR('',#6433,1.);
#6433 = DIRECTION('',(0.,-1.));
#6434 = ( GEOMETRIC_REPRESENTATION_CONTEXT(2) 
PARAMETRIC_REPRESENTATION_CONTEXT() REPRESENTATION_CONTEXT('2D SPACE',''
  ) );
#6435 = ORIENTED_EDGE('',*,*,#2940,.F.);
#6436 = ORIENTED_EDGE('',*,*,#6437,.T.);
#6437 = EDGE_CURVE('',#2915,#6438,#6440,.T.);
#6438 = VERTEX_POINT('',#6439);
#6439 = CARTESIAN_POINT('',(0.375,2.5,0.2));
#6440 = SURFACE_CURVE('',#6441,(#6445,#6452),.PCURVE_S1.);
#6441 = LINE('',#6442,#6443);
#6442 = CARTESIAN_POINT('',(0.375,2.5,0.));
#6443 = VECTOR('',#6444,1.);
#6444 = DIRECTION('',(0.,0.,1.));
#6445 = PCURVE('',#2648,#6446);
#6446 = DEFINITIONAL_REPRESENTATION('',(#6447),#6451);
#6447 = LINE('',#6448,#6449);
#6448 = CARTESIAN_POINT('',(2.125,2.E-02));
#6449 = VECTOR('',#6450,1.);
#6450 = DIRECTION('',(0.,-1.));
#6451 = ( GEOMETRIC_REPRESENTATION_CONTEXT(2) 
PARAMETRIC_REPRESENTATION_CONTEXT() REPRESENTATION_CONTEXT('2D SPACE',''
  ) );
#6452 = PCURVE('',#2929,#6453);
#6453 = DEFINITIONAL_REPRESENTATION('',(#6454),#6458);
#6454 = LINE('',#6455,#6456);
#6455 = CARTESIAN_POINT('',(0.,0.));
#6456 = VECTOR('',#6457,1.);
#6457 = DIRECTION('',(0.,-1.));
#6458 = ( GEOMETRIC_REPRESENTATION_CONTEXT(2) 
PARAMETRIC_REPRESENTATION_CONTEXT() REPRESENTATION_CONTEXT('2D SPACE',''
  ) );
#6459 = ORIENTED_EDGE('',*,*,#6460,.F.);
#6460 = EDGE_CURVE('',#6461,#6438,#6463,.T.);
#6461 = VERTEX_POINT('',#6462);
#6462 = CARTESIAN_POINT('',(0.625,2.5,0.2));
#6463 = SURFACE_CURVE('',#6464,(#6468,#6475),.PCURVE_S1.);
#6464 = LINE('',#6465,#6466);
#6465 = CARTESIAN_POINT('',(0.625,2.5,0.2));
#6466 = VECTOR('',#6467,1.);
#6467 = DIRECTION('',(-1.,0.,0.));
#6468 = PCURVE('',#2648,#6469);
#6469 = DEFINITIONAL_REPRESENTATION('',(#6470),#6474);
#6470 = LINE('',#6471,#6472);
#6471 = CARTESIAN_POINT('',(1.875,-0.18));
#6472 = VECTOR('',#6473,1.);
#6473 = DIRECTION('',(1.,0.));
#6474 = ( GEOMETRIC_REPRESENTATION_CONTEXT(2) 
PARAMETRIC_REPRESENTATION_CONTEXT() REPRESENTATION_CONTEXT('2D SPACE',''
  ) );
#6475 = PCURVE('',#6476,#6481);
#6476 = PLANE('',#6477);
#6477 = AXIS2_PLACEMENT_3D('',#6478,#6479,#6480);
#6478 = CARTESIAN_POINT('',(0.5,2.3,0.2));
#6479 = DIRECTION('',(0.,0.,1.));
#6480 = DIRECTION('',(1.,0.,-0.));
#6481 = DEFINITIONAL_REPRESENTATION('',(#6482),#6486);
#6482 = LINE('',#6483,#6484);
#6483 = CARTESIAN_POINT('',(0.125,0.2));
#6484 = VECTOR('',#6485,1.);
#6485 = DIRECTION('',(-1.,0.));
#6486 = ( GEOMETRIC_REPRESENTATION_CONTEXT(2) 
PARAMETRIC_REPRESENTATION_CONTEXT() REPRESENTATION_CONTEXT('2D SPACE',''
  ) );
#6487 = ORIENTED_EDGE('',*,*,#6488,.F.);
#6488 = EDGE_CURVE('',#2840,#6461,#6489,.T.);
#6489 = SURFACE_CURVE('',#6490,(#6494,#6501),.PCURVE_S1.);
#6490 = LINE('',#6491,#6492);
#6491 = CARTESIAN_POINT('',(0.625,2.5,0.));
#6492 = VECTOR('',#6493,1.);
#6493 = DIRECTION('',(0.,0.,1.));
#6494 = PCURVE('',#2648,#6495);
#6495 = DEFINITIONAL_REPRESENTATION('',(#6496),#6500);
#6496 = LINE('',#6497,#6498);
#6497 = CARTESIAN_POINT('',(1.875,2.E-02));
#6498 = VECTOR('',#6499,1.);
#6499 = DIRECTION('',(0.,-1.));
#6500 = ( GEOMETRIC_REPRESENTATION_CONTEXT(2) 
PARAMETRIC_REPRESENTATION_CONTEXT() REPRESENTATION_CONTEXT('2D SPACE',''
  ) );
#6501 = PCURVE('',#2877,#6502);
#6502 = DEFINITIONAL_REPRESENTATION('',(#6503),#6507);
#6503 = LINE('',#6504,#6505);
#6504 = CARTESIAN_POINT('',(0.4,0.));
#6505 = VECTOR('',#6506,1.);
#6506 = DIRECTION('',(0.,-1.));
#6507 = ( GEOMETRIC_REPRESENTATION_CONTEXT(2) 
PARAMETRIC_REPRESENTATION_CONTEXT() REPRESENTATION_CONTEXT('2D SPACE',''
  ) );
#6508 = ORIENTED_EDGE('',*,*,#2839,.F.);
#6509 = ORIENTED_EDGE('',*,*,#6510,.T.);
#6510 = EDGE_CURVE('',#2814,#6511,#6513,.T.);
#6511 = VERTEX_POINT('',#6512);
#6512 = CARTESIAN_POINT('',(0.875,2.5,0.2));
#6513 = SURFACE_CURVE('',#6514,(#6518,#6525),.PCURVE_S1.);
#6514 = LINE('',#6515,#6516);
#6515 = CARTESIAN_POINT('',(0.875,2.5,0.));
#6516 = VECTOR('',#6517,1.);
#6517 = DIRECTION('',(0.,0.,1.));
#6518 = PCURVE('',#2648,#6519);
#6519 = DEFINITIONAL_REPRESENTATION('',(#6520),#6524);
#6520 = LINE('',#6521,#6522);
#6521 = CARTESIAN_POINT('',(1.625,2.E-02));
#6522 = VECTOR('',#6523,1.);
#6523 = DIRECTION('',(0.,-1.));
#6524 = ( GEOMETRIC_REPRESENTATION_CONTEXT(2) 
PARAMETRIC_REPRESENTATION_CONTEXT() REPRESENTATION_CONTEXT('2D SPACE',''
  ) );
#6525 = PCURVE('',#2828,#6526);
#6526 = DEFINITIONAL_REPRESENTATION('',(#6527),#6531);
#6527 = LINE('',#6528,#6529);
#6528 = CARTESIAN_POINT('',(0.,0.));
#6529 = VECTOR('',#6530,1.);
#6530 = DIRECTION('',(0.,-1.));
#6531 = ( GEOMETRIC_REPRESENTATION_CONTEXT(2) 
PARAMETRIC_REPRESENTATION_CONTEXT() REPRESENTATION_CONTEXT('2D SPACE',''
  ) );
#6532 = ORIENTED_EDGE('',*,*,#6533,.F.);
#6533 = EDGE_CURVE('',#6534,#6511,#6536,.T.);
#6534 = VERTEX_POINT('',#6535);
#6535 = CARTESIAN_POINT('',(1.125,2.5,0.2));
#6536 = SURFACE_CURVE('',#6537,(#6541,#6548),.PCURVE_S1.);
#6537 = LINE('',#6538,#6539);
#6538 = CARTESIAN_POINT('',(1.125,2.5,0.2));
#6539 = VECTOR('',#6540,1.);
#6540 = DIRECTION('',(-1.,0.,0.));
#6541 = PCURVE('',#2648,#6542);
#6542 = DEFINITIONAL_REPRESENTATION('',(#6543),#6547);
#6543 = LINE('',#6544,#6545);
#6544 = CARTESIAN_POINT('',(1.375,-0.18));
#6545 = VECTOR('',#6546,1.);
#6546 = DIRECTION('',(1.,0.));
#6547 = ( GEOMETRIC_REPRESENTATION_CONTEXT(2) 
PARAMETRIC_REPRESENTATION_CONTEXT() REPRESENTATION_CONTEXT('2D SPACE',''
  ) );
#6548 = PCURVE('',#6549,#6554);
#6549 = PLANE('',#6550);
#6550 = AXIS2_PLACEMENT_3D('',#6551,#6552,#6553);
#6551 = CARTESIAN_POINT('',(1.,2.3,0.2));
#6552 = DIRECTION('',(0.,0.,1.));
#6553 = DIRECTION('',(1.,0.,-0.));
#6554 = DEFINITIONAL_REPRESENTATION('',(#6555),#6559);
#6555 = LINE('',#6556,#6557);
#6556 = CARTESIAN_POINT('',(0.125,0.2));
#6557 = VECTOR('',#6558,1.);
#6558 = DIRECTION('',(-1.,0.));
#6559 = ( GEOMETRIC_REPRESENTATION_CONTEXT(2) 
PARAMETRIC_REPRESENTATION_CONTEXT() REPRESENTATION_CONTEXT('2D SPACE',''
  ) );
#6560 = ORIENTED_EDGE('',*,*,#6561,.F.);
#6561 = EDGE_CURVE('',#2739,#6534,#6562,.T.);
#6562 = SURFACE_CURVE('',#6563,(#6567,#6574),.PCURVE_S1.);
#6563 = LINE('',#6564,#6565);
#6564 = CARTESIAN_POINT('',(1.125,2.5,0.));
#6565 = VECTOR('',#6566,1.);
#6566 = DIRECTION('',(0.,0.,1.));
#6567 = PCURVE('',#2648,#6568);
#6568 = DEFINITIONAL_REPRESENTATION('',(#6569),#6573);
#6569 = LINE('',#6570,#6571);
#6570 = CARTESIAN_POINT('',(1.375,2.E-02));
#6571 = VECTOR('',#6572,1.);
#6572 = DIRECTION('',(0.,-1.));
#6573 = ( GEOMETRIC_REPRESENTATION_CONTEXT(2) 
PARAMETRIC_REPRESENTATION_CONTEXT() REPRESENTATION_CONTEXT('2D SPACE',''
  ) );
#6574 = PCURVE('',#2776,#6575);
#6575 = DEFINITIONAL_REPRESENTATION('',(#6576),#6580);
#6576 = LINE('',#6577,#6578);
#6577 = CARTESIAN_POINT('',(0.4,0.));
#6578 = VECTOR('',#6579,1.);
#6579 = DIRECTION('',(0.,-1.));
#6580 = ( GEOMETRIC_REPRESENTATION_CONTEXT(2) 
PARAMETRIC_REPRESENTATION_CONTEXT() REPRESENTATION_CONTEXT('2D SPACE',''
  ) );
#6581 = ORIENTED_EDGE('',*,*,#2738,.F.);
#6582 = ORIENTED_EDGE('',*,*,#6583,.T.);
#6583 = EDGE_CURVE('',#2713,#6584,#6586,.T.);
#6584 = VERTEX_POINT('',#6585);
#6585 = CARTESIAN_POINT('',(1.375,2.5,0.2));
#6586 = SURFACE_CURVE('',#6587,(#6591,#6598),.PCURVE_S1.);
#6587 = LINE('',#6588,#6589);
#6588 = CARTESIAN_POINT('',(1.375,2.5,0.));
#6589 = VECTOR('',#6590,1.);
#6590 = DIRECTION('',(0.,0.,1.));
#6591 = PCURVE('',#2648,#6592);
#6592 = DEFINITIONAL_REPRESENTATION('',(#6593),#6597);
#6593 = LINE('',#6594,#6595);
#6594 = CARTESIAN_POINT('',(1.125,2.E-02));
#6595 = VECTOR('',#6596,1.);
#6596 = DIRECTION('',(0.,-1.));
#6597 = ( GEOMETRIC_REPRESENTATION_CONTEXT(2) 
PARAMETRIC_REPRESENTATION_CONTEXT() REPRESENTATION_CONTEXT('2D SPACE',''
  ) );
#6598 = PCURVE('',#2727,#6599);
#6599 = DEFINITIONAL_REPRESENTATION('',(#6600),#6604);
#6600 = LINE('',#6601,#6602);
#6601 = CARTESIAN_POINT('',(0.,0.));
#6602 = VECTOR('',#6603,1.);
#6603 = DIRECTION('',(0.,-1.));
#6604 = ( GEOMETRIC_REPRESENTATION_CONTEXT(2) 
PARAMETRIC_REPRESENTATION_CONTEXT() REPRESENTATION_CONTEXT('2D SPACE',''
  ) );
#6605 = ORIENTED_EDGE('',*,*,#6606,.F.);
#6606 = EDGE_CURVE('',#6607,#6584,#6609,.T.);
#6607 = VERTEX_POINT('',#6608);
#6608 = CARTESIAN_POINT('',(1.625,2.5,0.2));
#6609 = SURFACE_CURVE('',#6610,(#6614,#6621),.PCURVE_S1.);
#6610 = LINE('',#6611,#6612);
#6611 = CARTESIAN_POINT('',(1.625,2.5,0.2));
#6612 = VECTOR('',#6613,1.);
#6613 = DIRECTION('',(-1.,0.,0.));
#6614 = PCURVE('',#2648,#6615);
#6615 = DEFINITIONAL_REPRESENTATION('',(#6616),#6620);
#6616 = LINE('',#6617,#6618);
#6617 = CARTESIAN_POINT('',(0.875,-0.18));
#6618 = VECTOR('',#6619,1.);
#6619 = DIRECTION('',(1.,0.));
#6620 = ( GEOMETRIC_REPRESENTATION_CONTEXT(2) 
PARAMETRIC_REPRESENTATION_CONTEXT() REPRESENTATION_CONTEXT('2D SPACE',''
  ) );
#6621 = PCURVE('',#6622,#6627);
#6622 = PLANE('',#6623);
#6623 = AXIS2_PLACEMENT_3D('',#6624,#6625,#6626);
#6624 = CARTESIAN_POINT('',(1.5,2.3,0.2));
#6625 = DIRECTION('',(0.,0.,1.));
#6626 = DIRECTION('',(1.,0.,-0.));
#6627 = DEFINITIONAL_REPRESENTATION('',(#6628),#6632);
#6628 = LINE('',#6629,#6630);
#6629 = CARTESIAN_POINT('',(0.125,0.2));
#6630 = VECTOR('',#6631,1.);
#6631 = DIRECTION('',(-1.,0.));
#6632 = ( GEOMETRIC_REPRESENTATION_CONTEXT(2) 
PARAMETRIC_REPRESENTATION_CONTEXT() REPRESENTATION_CONTEXT('2D SPACE',''
  ) );
#6633 = ORIENTED_EDGE('',*,*,#6634,.F.);
#6634 = EDGE_CURVE('',#2633,#6607,#6635,.T.);
#6635 = SURFACE_CURVE('',#6636,(#6640,#6647),.PCURVE_S1.);
#6636 = LINE('',#6637,#6638);
#6637 = CARTESIAN_POINT('',(1.625,2.5,0.));
#6638 = VECTOR('',#6639,1.);
#6639 = DIRECTION('',(0.,0.,1.));
#6640 = PCURVE('',#2648,#6641);
#6641 = DEFINITIONAL_REPRESENTATION('',(#6642),#6646);
#6642 = LINE('',#6643,#6644);
#6643 = CARTESIAN_POINT('',(0.875,2.E-02));
#6644 = VECTOR('',#6645,1.);
#6645 = DIRECTION('',(0.,-1.));
#6646 = ( GEOMETRIC_REPRESENTATION_CONTEXT(2) 
PARAMETRIC_REPRESENTATION_CONTEXT() REPRESENTATION_CONTEXT('2D SPACE',''
  ) );
#6647 = PCURVE('',#2675,#6648);
#6648 = DEFINITIONAL_REPRESENTATION('',(#6649),#6653);
#6649 = LINE('',#6650,#6651);
#6650 = CARTESIAN_POINT('',(0.4,0.));
#6651 = VECTOR('',#6652,1.);
#6652 = DIRECTION('',(0.,-1.));
#6653 = ( GEOMETRIC_REPRESENTATION_CONTEXT(2) 
PARAMETRIC_REPRESENTATION_CONTEXT() REPRESENTATION_CONTEXT('2D SPACE',''
  ) );
#6654 = ADVANCED_FACE('',(#6655),#3333,.T.);
#6655 = FACE_BOUND('',#6656,.T.);
#6656 = EDGE_LOOP('',(#6657,#6658,#6659,#6682));
#6657 = ORIENTED_EDGE('',*,*,#3318,.T.);
#6658 = ORIENTED_EDGE('',*,*,#6145,.T.);
#6659 = ORIENTED_EDGE('',*,*,#6660,.T.);
#6660 = EDGE_CURVE('',#6146,#6661,#6663,.T.);
#6661 = VERTEX_POINT('',#6662);
#6662 = CARTESIAN_POINT('',(-1.625,2.1,0.2));
#6663 = SURFACE_CURVE('',#6664,(#6668,#6675),.PCURVE_S1.);
#6664 = LINE('',#6665,#6666);
#6665 = CARTESIAN_POINT('',(-1.625,2.5,0.2));
#6666 = VECTOR('',#6667,1.);
#6667 = DIRECTION('',(0.,-1.,0.));
#6668 = PCURVE('',#3333,#6669);
#6669 = DEFINITIONAL_REPRESENTATION('',(#6670),#6674);
#6670 = LINE('',#6671,#6672);
#6671 = CARTESIAN_POINT('',(0.,-0.2));
#6672 = VECTOR('',#6673,1.);
#6673 = DIRECTION('',(1.,0.));
#6674 = ( GEOMETRIC_REPRESENTATION_CONTEXT(2) 
PARAMETRIC_REPRESENTATION_CONTEXT() REPRESENTATION_CONTEXT('2D SPACE',''
  ) );
#6675 = PCURVE('',#6184,#6676);
#6676 = DEFINITIONAL_REPRESENTATION('',(#6677),#6681);
#6677 = LINE('',#6678,#6679);
#6678 = CARTESIAN_POINT('',(-0.125,0.2));
#6679 = VECTOR('',#6680,1.);
#6680 = DIRECTION('',(0.,-1.));
#6681 = ( GEOMETRIC_REPRESENTATION_CONTEXT(2) 
PARAMETRIC_REPRESENTATION_CONTEXT() REPRESENTATION_CONTEXT('2D SPACE',''
  ) );
#6682 = ORIENTED_EDGE('',*,*,#6683,.F.);
#6683 = EDGE_CURVE('',#3293,#6661,#6684,.T.);
#6684 = SURFACE_CURVE('',#6685,(#6689,#6696),.PCURVE_S1.);
#6685 = LINE('',#6686,#6687);
#6686 = CARTESIAN_POINT('',(-1.625,2.1,0.));
#6687 = VECTOR('',#6688,1.);
#6688 = DIRECTION('',(0.,0.,1.));
#6689 = PCURVE('',#3333,#6690);
#6690 = DEFINITIONAL_REPRESENTATION('',(#6691),#6695);
#6691 = LINE('',#6692,#6693);
#6692 = CARTESIAN_POINT('',(0.4,0.));
#6693 = VECTOR('',#6694,1.);
#6694 = DIRECTION('',(0.,-1.));
#6695 = ( GEOMETRIC_REPRESENTATION_CONTEXT(2) 
PARAMETRIC_REPRESENTATION_CONTEXT() REPRESENTATION_CONTEXT('2D SPACE',''
  ) );
#6696 = PCURVE('',#3307,#6697);
#6697 = DEFINITIONAL_REPRESENTATION('',(#6698),#6702);
#6698 = LINE('',#6699,#6700);
#6699 = CARTESIAN_POINT('',(0.,0.));
#6700 = VECTOR('',#6701,1.);
#6701 = DIRECTION('',(0.,-1.));
#6702 = ( GEOMETRIC_REPRESENTATION_CONTEXT(2) 
PARAMETRIC_REPRESENTATION_CONTEXT() REPRESENTATION_CONTEXT('2D SPACE',''
  ) );
#6703 = ADVANCED_FACE('',(#6704),#3307,.T.);
#6704 = FACE_BOUND('',#6705,.T.);
#6705 = EDGE_LOOP('',(#6706,#6707,#6708,#6731));
#6706 = ORIENTED_EDGE('',*,*,#3292,.T.);
#6707 = ORIENTED_EDGE('',*,*,#6683,.T.);
#6708 = ORIENTED_EDGE('',*,*,#6709,.T.);
#6709 = EDGE_CURVE('',#6661,#6710,#6712,.T.);
#6710 = VERTEX_POINT('',#6711);
#6711 = CARTESIAN_POINT('',(-1.375,2.1,0.2));
#6712 = SURFACE_CURVE('',#6713,(#6717,#6724),.PCURVE_S1.);
#6713 = LINE('',#6714,#6715);
#6714 = CARTESIAN_POINT('',(-1.625,2.1,0.2));
#6715 = VECTOR('',#6716,1.);
#6716 = DIRECTION('',(1.,0.,0.));
#6717 = PCURVE('',#3307,#6718);
#6718 = DEFINITIONAL_REPRESENTATION('',(#6719),#6723);
#6719 = LINE('',#6720,#6721);
#6720 = CARTESIAN_POINT('',(0.,-0.2));
#6721 = VECTOR('',#6722,1.);
#6722 = DIRECTION('',(1.,0.));
#6723 = ( GEOMETRIC_REPRESENTATION_CONTEXT(2) 
PARAMETRIC_REPRESENTATION_CONTEXT() REPRESENTATION_CONTEXT('2D SPACE',''
  ) );
#6724 = PCURVE('',#6184,#6725);
#6725 = DEFINITIONAL_REPRESENTATION('',(#6726),#6730);
#6726 = LINE('',#6727,#6728);
#6727 = CARTESIAN_POINT('',(-0.125,-0.2));
#6728 = VECTOR('',#6729,1.);
#6729 = DIRECTION('',(1.,0.));
#6730 = ( GEOMETRIC_REPRESENTATION_CONTEXT(2) 
PARAMETRIC_REPRESENTATION_CONTEXT() REPRESENTATION_CONTEXT('2D SPACE',''
  ) );
#6731 = ORIENTED_EDGE('',*,*,#6732,.F.);
#6732 = EDGE_CURVE('',#3267,#6710,#6733,.T.);
#6733 = SURFACE_CURVE('',#6734,(#6738,#6745),.PCURVE_S1.);
#6734 = LINE('',#6735,#6736);
#6735 = CARTESIAN_POINT('',(-1.375,2.1,0.));
#6736 = VECTOR('',#6737,1.);
#6737 = DIRECTION('',(0.,0.,1.));
#6738 = PCURVE('',#3307,#6739);
#6739 = DEFINITIONAL_REPRESENTATION('',(#6740),#6744);
#6740 = LINE('',#6741,#6742);
#6741 = CARTESIAN_POINT('',(0.25,0.));
#6742 = VECTOR('',#6743,1.);
#6743 = DIRECTION('',(0.,-1.));
#6744 = ( GEOMETRIC_REPRESENTATION_CONTEXT(2) 
PARAMETRIC_REPRESENTATION_CONTEXT() REPRESENTATION_CONTEXT('2D SPACE',''
  ) );
#6745 = PCURVE('',#3281,#6746);
#6746 = DEFINITIONAL_REPRESENTATION('',(#6747),#6751);
#6747 = LINE('',#6748,#6749);
#6748 = CARTESIAN_POINT('',(0.,0.));
#6749 = VECTOR('',#6750,1.);
#6750 = DIRECTION('',(0.,-1.));
#6751 = ( GEOMETRIC_REPRESENTATION_CONTEXT(2) 
PARAMETRIC_REPRESENTATION_CONTEXT() REPRESENTATION_CONTEXT('2D SPACE',''
  ) );
#6752 = ADVANCED_FACE('',(#6753),#3281,.T.);
#6753 = FACE_BOUND('',#6754,.T.);
#6754 = EDGE_LOOP('',(#6755,#6756,#6757,#6778));
#6755 = ORIENTED_EDGE('',*,*,#3266,.T.);
#6756 = ORIENTED_EDGE('',*,*,#6732,.T.);
#6757 = ORIENTED_EDGE('',*,*,#6758,.T.);
#6758 = EDGE_CURVE('',#6710,#6169,#6759,.T.);
#6759 = SURFACE_CURVE('',#6760,(#6764,#6771),.PCURVE_S1.);
#6760 = LINE('',#6761,#6762);
#6761 = CARTESIAN_POINT('',(-1.375,2.1,0.2));
#6762 = VECTOR('',#6763,1.);
#6763 = DIRECTION('',(0.,1.,0.));
#6764 = PCURVE('',#3281,#6765);
#6765 = DEFINITIONAL_REPRESENTATION('',(#6766),#6770);
#6766 = LINE('',#6767,#6768);
#6767 = CARTESIAN_POINT('',(0.,-0.2));
#6768 = VECTOR('',#6769,1.);
#6769 = DIRECTION('',(1.,0.));
#6770 = ( GEOMETRIC_REPRESENTATION_CONTEXT(2) 
PARAMETRIC_REPRESENTATION_CONTEXT() REPRESENTATION_CONTEXT('2D SPACE',''
  ) );
#6771 = PCURVE('',#6184,#6772);
#6772 = DEFINITIONAL_REPRESENTATION('',(#6773),#6777);
#6773 = LINE('',#6774,#6775);
#6774 = CARTESIAN_POINT('',(0.125,-0.2));
#6775 = VECTOR('',#6776,1.);
#6776 = DIRECTION('',(0.,1.));
#6777 = ( GEOMETRIC_REPRESENTATION_CONTEXT(2) 
PARAMETRIC_REPRESENTATION_CONTEXT() REPRESENTATION_CONTEXT('2D SPACE',''
  ) );
#6778 = ORIENTED_EDGE('',*,*,#6196,.F.);
#6779 = ADVANCED_FACE('',(#6780),#3232,.T.);
#6780 = FACE_BOUND('',#6781,.T.);
#6781 = EDGE_LOOP('',(#6782,#6783,#6784,#6807));
#6782 = ORIENTED_EDGE('',*,*,#3217,.T.);
#6783 = ORIENTED_EDGE('',*,*,#6218,.T.);
#6784 = ORIENTED_EDGE('',*,*,#6785,.T.);
#6785 = EDGE_CURVE('',#6219,#6786,#6788,.T.);
#6786 = VERTEX_POINT('',#6787);
#6787 = CARTESIAN_POINT('',(-1.125,2.1,0.2));
#6788 = SURFACE_CURVE('',#6789,(#6793,#6800),.PCURVE_S1.);
#6789 = LINE('',#6790,#6791);
#6790 = CARTESIAN_POINT('',(-1.125,2.5,0.2));
#6791 = VECTOR('',#6792,1.);
#6792 = DIRECTION('',(0.,-1.,0.));
#6793 = PCURVE('',#3232,#6794);
#6794 = DEFINITIONAL_REPRESENTATION('',(#6795),#6799);
#6795 = LINE('',#6796,#6797);
#6796 = CARTESIAN_POINT('',(0.,-0.2));
#6797 = VECTOR('',#6798,1.);
#6798 = DIRECTION('',(1.,0.));
#6799 = ( GEOMETRIC_REPRESENTATION_CONTEXT(2) 
PARAMETRIC_REPRESENTATION_CONTEXT() REPRESENTATION_CONTEXT('2D SPACE',''
  ) );
#6800 = PCURVE('',#6257,#6801);
#6801 = DEFINITIONAL_REPRESENTATION('',(#6802),#6806);
#6802 = LINE('',#6803,#6804);
#6803 = CARTESIAN_POINT('',(-0.125,0.2));
#6804 = VECTOR('',#6805,1.);
#6805 = DIRECTION('',(0.,-1.));
#6806 = ( GEOMETRIC_REPRESENTATION_CONTEXT(2) 
PARAMETRIC_REPRESENTATION_CONTEXT() REPRESENTATION_CONTEXT('2D SPACE',''
  ) );
#6807 = ORIENTED_EDGE('',*,*,#6808,.F.);
#6808 = EDGE_CURVE('',#3192,#6786,#6809,.T.);
#6809 = SURFACE_CURVE('',#6810,(#6814,#6821),.PCURVE_S1.);
#6810 = LINE('',#6811,#6812);
#6811 = CARTESIAN_POINT('',(-1.125,2.1,0.));
#6812 = VECTOR('',#6813,1.);
#6813 = DIRECTION('',(0.,0.,1.));
#6814 = PCURVE('',#3232,#6815);
#6815 = DEFINITIONAL_REPRESENTATION('',(#6816),#6820);
#6816 = LINE('',#6817,#6818);
#6817 = CARTESIAN_POINT('',(0.4,0.));
#6818 = VECTOR('',#6819,1.);
#6819 = DIRECTION('',(0.,-1.));
#6820 = ( GEOMETRIC_REPRESENTATION_CONTEXT(2) 
PARAMETRIC_REPRESENTATION_CONTEXT() REPRESENTATION_CONTEXT('2D SPACE',''
  ) );
#6821 = PCURVE('',#3206,#6822);
#6822 = DEFINITIONAL_REPRESENTATION('',(#6823),#6827);
#6823 = LINE('',#6824,#6825);
#6824 = CARTESIAN_POINT('',(0.,0.));
#6825 = VECTOR('',#6826,1.);
#6826 = DIRECTION('',(0.,-1.));
#6827 = ( GEOMETRIC_REPRESENTATION_CONTEXT(2) 
PARAMETRIC_REPRESENTATION_CONTEXT() REPRESENTATION_CONTEXT('2D SPACE',''
  ) );
#6828 = ADVANCED_FACE('',(#6829),#3206,.T.);
#6829 = FACE_BOUND('',#6830,.T.);
#6830 = EDGE_LOOP('',(#6831,#6832,#6833,#6856));
#6831 = ORIENTED_EDGE('',*,*,#3191,.T.);
#6832 = ORIENTED_EDGE('',*,*,#6808,.T.);
#6833 = ORIENTED_EDGE('',*,*,#6834,.T.);
#6834 = EDGE_CURVE('',#6786,#6835,#6837,.T.);
#6835 = VERTEX_POINT('',#6836);
#6836 = CARTESIAN_POINT('',(-0.875,2.1,0.2));
#6837 = SURFACE_CURVE('',#6838,(#6842,#6849),.PCURVE_S1.);
#6838 = LINE('',#6839,#6840);
#6839 = CARTESIAN_POINT('',(-1.125,2.1,0.2));
#6840 = VECTOR('',#6841,1.);
#6841 = DIRECTION('',(1.,0.,0.));
#6842 = PCURVE('',#3206,#6843);
#6843 = DEFINITIONAL_REPRESENTATION('',(#6844),#6848);
#6844 = LINE('',#6845,#6846);
#6845 = CARTESIAN_POINT('',(0.,-0.2));
#6846 = VECTOR('',#6847,1.);
#6847 = DIRECTION('',(1.,0.));
#6848 = ( GEOMETRIC_REPRESENTATION_CONTEXT(2) 
PARAMETRIC_REPRESENTATION_CONTEXT() REPRESENTATION_CONTEXT('2D SPACE',''
  ) );
#6849 = PCURVE('',#6257,#6850);
#6850 = DEFINITIONAL_REPRESENTATION('',(#6851),#6855);
#6851 = LINE('',#6852,#6853);
#6852 = CARTESIAN_POINT('',(-0.125,-0.2));
#6853 = VECTOR('',#6854,1.);
#6854 = DIRECTION('',(1.,0.));
#6855 = ( GEOMETRIC_REPRESENTATION_CONTEXT(2) 
PARAMETRIC_REPRESENTATION_CONTEXT() REPRESENTATION_CONTEXT('2D SPACE',''
  ) );
#6856 = ORIENTED_EDGE('',*,*,#6857,.F.);
#6857 = EDGE_CURVE('',#3166,#6835,#6858,.T.);
#6858 = SURFACE_CURVE('',#6859,(#6863,#6870),.PCURVE_S1.);
#6859 = LINE('',#6860,#6861);
#6860 = CARTESIAN_POINT('',(-0.875,2.1,0.));
#6861 = VECTOR('',#6862,1.);
#6862 = DIRECTION('',(0.,0.,1.));
#6863 = PCURVE('',#3206,#6864);
#6864 = DEFINITIONAL_REPRESENTATION('',(#6865),#6869);
#6865 = LINE('',#6866,#6867);
#6866 = CARTESIAN_POINT('',(0.25,0.));
#6867 = VECTOR('',#6868,1.);
#6868 = DIRECTION('',(0.,-1.));
#6869 = ( GEOMETRIC_REPRESENTATION_CONTEXT(2) 
PARAMETRIC_REPRESENTATION_CONTEXT() REPRESENTATION_CONTEXT('2D SPACE',''
  ) );
#6870 = PCURVE('',#3180,#6871);
#6871 = DEFINITIONAL_REPRESENTATION('',(#6872),#6876);
#6872 = LINE('',#6873,#6874);
#6873 = CARTESIAN_POINT('',(0.,0.));
#6874 = VECTOR('',#6875,1.);
#6875 = DIRECTION('',(0.,-1.));
#6876 = ( GEOMETRIC_REPRESENTATION_CONTEXT(2) 
PARAMETRIC_REPRESENTATION_CONTEXT() REPRESENTATION_CONTEXT('2D SPACE',''
  ) );
#6877 = ADVANCED_FACE('',(#6878),#3180,.T.);
#6878 = FACE_BOUND('',#6879,.T.);
#6879 = EDGE_LOOP('',(#6880,#6881,#6882,#6903));
#6880 = ORIENTED_EDGE('',*,*,#3165,.T.);
#6881 = ORIENTED_EDGE('',*,*,#6857,.T.);
#6882 = ORIENTED_EDGE('',*,*,#6883,.T.);
#6883 = EDGE_CURVE('',#6835,#6242,#6884,.T.);
#6884 = SURFACE_CURVE('',#6885,(#6889,#6896),.PCURVE_S1.);
#6885 = LINE('',#6886,#6887);
#6886 = CARTESIAN_POINT('',(-0.875,2.1,0.2));
#6887 = VECTOR('',#6888,1.);
#6888 = DIRECTION('',(0.,1.,0.));
#6889 = PCURVE('',#3180,#6890);
#6890 = DEFINITIONAL_REPRESENTATION('',(#6891),#6895);
#6891 = LINE('',#6892,#6893);
#6892 = CARTESIAN_POINT('',(0.,-0.2));
#6893 = VECTOR('',#6894,1.);
#6894 = DIRECTION('',(1.,0.));
#6895 = ( GEOMETRIC_REPRESENTATION_CONTEXT(2) 
PARAMETRIC_REPRESENTATION_CONTEXT() REPRESENTATION_CONTEXT('2D SPACE',''
  ) );
#6896 = PCURVE('',#6257,#6897);
#6897 = DEFINITIONAL_REPRESENTATION('',(#6898),#6902);
#6898 = LINE('',#6899,#6900);
#6899 = CARTESIAN_POINT('',(0.125,-0.2));
#6900 = VECTOR('',#6901,1.);
#6901 = DIRECTION('',(0.,1.));
#6902 = ( GEOMETRIC_REPRESENTATION_CONTEXT(2) 
PARAMETRIC_REPRESENTATION_CONTEXT() REPRESENTATION_CONTEXT('2D SPACE',''
  ) );
#6903 = ORIENTED_EDGE('',*,*,#6269,.F.);
#6904 = ADVANCED_FACE('',(#6905),#3131,.T.);
#6905 = FACE_BOUND('',#6906,.T.);
#6906 = EDGE_LOOP('',(#6907,#6908,#6909,#6932));
#6907 = ORIENTED_EDGE('',*,*,#3116,.T.);
#6908 = ORIENTED_EDGE('',*,*,#6291,.T.);
#6909 = ORIENTED_EDGE('',*,*,#6910,.T.);
#6910 = EDGE_CURVE('',#6292,#6911,#6913,.T.);
#6911 = VERTEX_POINT('',#6912);
#6912 = CARTESIAN_POINT('',(-0.625,2.1,0.2));
#6913 = SURFACE_CURVE('',#6914,(#6918,#6925),.PCURVE_S1.);
#6914 = LINE('',#6915,#6916);
#6915 = CARTESIAN_POINT('',(-0.625,2.5,0.2));
#6916 = VECTOR('',#6917,1.);
#6917 = DIRECTION('',(0.,-1.,0.));
#6918 = PCURVE('',#3131,#6919);
#6919 = DEFINITIONAL_REPRESENTATION('',(#6920),#6924);
#6920 = LINE('',#6921,#6922);
#6921 = CARTESIAN_POINT('',(0.,-0.2));
#6922 = VECTOR('',#6923,1.);
#6923 = DIRECTION('',(1.,0.));
#6924 = ( GEOMETRIC_REPRESENTATION_CONTEXT(2) 
PARAMETRIC_REPRESENTATION_CONTEXT() REPRESENTATION_CONTEXT('2D SPACE',''
  ) );
#6925 = PCURVE('',#6330,#6926);
#6926 = DEFINITIONAL_REPRESENTATION('',(#6927),#6931);
#6927 = LINE('',#6928,#6929);
#6928 = CARTESIAN_POINT('',(-0.125,0.2));
#6929 = VECTOR('',#6930,1.);
#6930 = DIRECTION('',(0.,-1.));
#6931 = ( GEOMETRIC_REPRESENTATION_CONTEXT(2) 
PARAMETRIC_REPRESENTATION_CONTEXT() REPRESENTATION_CONTEXT('2D SPACE',''
  ) );
#6932 = ORIENTED_EDGE('',*,*,#6933,.F.);
#6933 = EDGE_CURVE('',#3091,#6911,#6934,.T.);
#6934 = SURFACE_CURVE('',#6935,(#6939,#6946),.PCURVE_S1.);
#6935 = LINE('',#6936,#6937);
#6936 = CARTESIAN_POINT('',(-0.625,2.1,0.));
#6937 = VECTOR('',#6938,1.);
#6938 = DIRECTION('',(0.,0.,1.));
#6939 = PCURVE('',#3131,#6940);
#6940 = DEFINITIONAL_REPRESENTATION('',(#6941),#6945);
#6941 = LINE('',#6942,#6943);
#6942 = CARTESIAN_POINT('',(0.4,0.));
#6943 = VECTOR('',#6944,1.);
#6944 = DIRECTION('',(0.,-1.));
#6945 = ( GEOMETRIC_REPRESENTATION_CONTEXT(2) 
PARAMETRIC_REPRESENTATION_CONTEXT() REPRESENTATION_CONTEXT('2D SPACE',''
  ) );
#6946 = PCURVE('',#3105,#6947);
#6947 = DEFINITIONAL_REPRESENTATION('',(#6948),#6952);
#6948 = LINE('',#6949,#6950);
#6949 = CARTESIAN_POINT('',(0.,0.));
#6950 = VECTOR('',#6951,1.);
#6951 = DIRECTION('',(0.,-1.));
#6952 = ( GEOMETRIC_REPRESENTATION_CONTEXT(2) 
PARAMETRIC_REPRESENTATION_CONTEXT() REPRESENTATION_CONTEXT('2D SPACE',''
  ) );
#6953 = ADVANCED_FACE('',(#6954),#3105,.T.);
#6954 = FACE_BOUND('',#6955,.T.);
#6955 = EDGE_LOOP('',(#6956,#6957,#6958,#6981));
#6956 = ORIENTED_EDGE('',*,*,#3090,.T.);
#6957 = ORIENTED_EDGE('',*,*,#6933,.T.);
#6958 = ORIENTED_EDGE('',*,*,#6959,.T.);
#6959 = EDGE_CURVE('',#6911,#6960,#6962,.T.);
#6960 = VERTEX_POINT('',#6961);
#6961 = CARTESIAN_POINT('',(-0.375,2.1,0.2));
#6962 = SURFACE_CURVE('',#6963,(#6967,#6974),.PCURVE_S1.);
#6963 = LINE('',#6964,#6965);
#6964 = CARTESIAN_POINT('',(-0.625,2.1,0.2));
#6965 = VECTOR('',#6966,1.);
#6966 = DIRECTION('',(1.,0.,0.));
#6967 = PCURVE('',#3105,#6968);
#6968 = DEFINITIONAL_REPRESENTATION('',(#6969),#6973);
#6969 = LINE('',#6970,#6971);
#6970 = CARTESIAN_POINT('',(0.,-0.2));
#6971 = VECTOR('',#6972,1.);
#6972 = DIRECTION('',(1.,0.));
#6973 = ( GEOMETRIC_REPRESENTATION_CONTEXT(2) 
PARAMETRIC_REPRESENTATION_CONTEXT() REPRESENTATION_CONTEXT('2D SPACE',''
  ) );
#6974 = PCURVE('',#6330,#6975);
#6975 = DEFINITIONAL_REPRESENTATION('',(#6976),#6980);
#6976 = LINE('',#6977,#6978);
#6977 = CARTESIAN_POINT('',(-0.125,-0.2));
#6978 = VECTOR('',#6979,1.);
#6979 = DIRECTION('',(1.,0.));
#6980 = ( GEOMETRIC_REPRESENTATION_CONTEXT(2) 
PARAMETRIC_REPRESENTATION_CONTEXT() REPRESENTATION_CONTEXT('2D SPACE',''
  ) );
#6981 = ORIENTED_EDGE('',*,*,#6982,.F.);
#6982 = EDGE_CURVE('',#3065,#6960,#6983,.T.);
#6983 = SURFACE_CURVE('',#6984,(#6988,#6995),.PCURVE_S1.);
#6984 = LINE('',#6985,#6986);
#6985 = CARTESIAN_POINT('',(-0.375,2.1,0.));
#6986 = VECTOR('',#6987,1.);
#6987 = DIRECTION('',(0.,0.,1.));
#6988 = PCURVE('',#3105,#6989);
#6989 = DEFINITIONAL_REPRESENTATION('',(#6990),#6994);
#6990 = LINE('',#6991,#6992);
#6991 = CARTESIAN_POINT('',(0.25,0.));
#6992 = VECTOR('',#6993,1.);
#6993 = DIRECTION('',(0.,-1.));
#6994 = ( GEOMETRIC_REPRESENTATION_CONTEXT(2) 
PARAMETRIC_REPRESENTATION_CONTEXT() REPRESENTATION_CONTEXT('2D SPACE',''
  ) );
#6995 = PCURVE('',#3079,#6996);
#6996 = DEFINITIONAL_REPRESENTATION('',(#6997),#7001);
#6997 = LINE('',#6998,#6999);
#6998 = CARTESIAN_POINT('',(0.,0.));
#6999 = VECTOR('',#7000,1.);
#7000 = DIRECTION('',(0.,-1.));
#7001 = ( GEOMETRIC_REPRESENTATION_CONTEXT(2) 
PARAMETRIC_REPRESENTATION_CONTEXT() REPRESENTATION_CONTEXT('2D SPACE',''
  ) );
#7002 = ADVANCED_FACE('',(#7003),#3079,.T.);
#7003 = FACE_BOUND('',#7004,.T.);
#7004 = EDGE_LOOP('',(#7005,#7006,#7007,#7028));
#7005 = ORIENTED_EDGE('',*,*,#3064,.T.);
#7006 = ORIENTED_EDGE('',*,*,#6982,.T.);
#7007 = ORIENTED_EDGE('',*,*,#7008,.T.);
#7008 = EDGE_CURVE('',#6960,#6315,#7009,.T.);
#7009 = SURFACE_CURVE('',#7010,(#7014,#7021),.PCURVE_S1.);
#7010 = LINE('',#7011,#7012);
#7011 = CARTESIAN_POINT('',(-0.375,2.1,0.2));
#7012 = VECTOR('',#7013,1.);
#7013 = DIRECTION('',(0.,1.,0.));
#7014 = PCURVE('',#3079,#7015);
#7015 = DEFINITIONAL_REPRESENTATION('',(#7016),#7020);
#7016 = LINE('',#7017,#7018);
#7017 = CARTESIAN_POINT('',(0.,-0.2));
#7018 = VECTOR('',#7019,1.);
#7019 = DIRECTION('',(1.,0.));
#7020 = ( GEOMETRIC_REPRESENTATION_CONTEXT(2) 
PARAMETRIC_REPRESENTATION_CONTEXT() REPRESENTATION_CONTEXT('2D SPACE',''
  ) );
#7021 = PCURVE('',#6330,#7022);
#7022 = DEFINITIONAL_REPRESENTATION('',(#7023),#7027);
#7023 = LINE('',#7024,#7025);
#7024 = CARTESIAN_POINT('',(0.125,-0.2));
#7025 = VECTOR('',#7026,1.);
#7026 = DIRECTION('',(0.,1.));
#7027 = ( GEOMETRIC_REPRESENTATION_CONTEXT(2) 
PARAMETRIC_REPRESENTATION_CONTEXT() REPRESENTATION_CONTEXT('2D SPACE',''
  ) );
#7028 = ORIENTED_EDGE('',*,*,#6342,.F.);
#7029 = ADVANCED_FACE('',(#7030),#3030,.T.);
#7030 = FACE_BOUND('',#7031,.T.);
#7031 = EDGE_LOOP('',(#7032,#7033,#7034,#7057));
#7032 = ORIENTED_EDGE('',*,*,#3015,.T.);
#7033 = ORIENTED_EDGE('',*,*,#6364,.T.);
#7034 = ORIENTED_EDGE('',*,*,#7035,.T.);
#7035 = EDGE_CURVE('',#6365,#7036,#7038,.T.);
#7036 = VERTEX_POINT('',#7037);
#7037 = CARTESIAN_POINT('',(-0.125,2.1,0.2));
#7038 = SURFACE_CURVE('',#7039,(#7043,#7050),.PCURVE_S1.);
#7039 = LINE('',#7040,#7041);
#7040 = CARTESIAN_POINT('',(-0.125,2.5,0.2));
#7041 = VECTOR('',#7042,1.);
#7042 = DIRECTION('',(0.,-1.,0.));
#7043 = PCURVE('',#3030,#7044);
#7044 = DEFINITIONAL_REPRESENTATION('',(#7045),#7049);
#7045 = LINE('',#7046,#7047);
#7046 = CARTESIAN_POINT('',(0.,-0.2));
#7047 = VECTOR('',#7048,1.);
#7048 = DIRECTION('',(1.,0.));
#7049 = ( GEOMETRIC_REPRESENTATION_CONTEXT(2) 
PARAMETRIC_REPRESENTATION_CONTEXT() REPRESENTATION_CONTEXT('2D SPACE',''
  ) );
#7050 = PCURVE('',#6403,#7051);
#7051 = DEFINITIONAL_REPRESENTATION('',(#7052),#7056);
#7052 = LINE('',#7053,#7054);
#7053 = CARTESIAN_POINT('',(-0.125,0.2));
#7054 = VECTOR('',#7055,1.);
#7055 = DIRECTION('',(0.,-1.));
#7056 = ( GEOMETRIC_REPRESENTATION_CONTEXT(2) 
PARAMETRIC_REPRESENTATION_CONTEXT() REPRESENTATION_CONTEXT('2D SPACE',''
  ) );
#7057 = ORIENTED_EDGE('',*,*,#7058,.F.);
#7058 = EDGE_CURVE('',#2990,#7036,#7059,.T.);
#7059 = SURFACE_CURVE('',#7060,(#7064,#7071),.PCURVE_S1.);
#7060 = LINE('',#7061,#7062);
#7061 = CARTESIAN_POINT('',(-0.125,2.1,0.));
#7062 = VECTOR('',#7063,1.);
#7063 = DIRECTION('',(0.,0.,1.));
#7064 = PCURVE('',#3030,#7065);
#7065 = DEFINITIONAL_REPRESENTATION('',(#7066),#7070);
#7066 = LINE('',#7067,#7068);
#7067 = CARTESIAN_POINT('',(0.4,0.));
#7068 = VECTOR('',#7069,1.);
#7069 = DIRECTION('',(0.,-1.));
#7070 = ( GEOMETRIC_REPRESENTATION_CONTEXT(2) 
PARAMETRIC_REPRESENTATION_CONTEXT() REPRESENTATION_CONTEXT('2D SPACE',''
  ) );
#7071 = PCURVE('',#3004,#7072);
#7072 = DEFINITIONAL_REPRESENTATION('',(#7073),#7077);
#7073 = LINE('',#7074,#7075);
#7074 = CARTESIAN_POINT('',(0.,0.));
#7075 = VECTOR('',#7076,1.);
#7076 = DIRECTION('',(0.,-1.));
#7077 = ( GEOMETRIC_REPRESENTATION_CONTEXT(2) 
PARAMETRIC_REPRESENTATION_CONTEXT() REPRESENTATION_CONTEXT('2D SPACE',''
  ) );
#7078 = ADVANCED_FACE('',(#7079),#3004,.T.);
#7079 = FACE_BOUND('',#7080,.T.);
#7080 = EDGE_LOOP('',(#7081,#7082,#7083,#7106));
#7081 = ORIENTED_EDGE('',*,*,#2989,.T.);
#7082 = ORIENTED_EDGE('',*,*,#7058,.T.);
#7083 = ORIENTED_EDGE('',*,*,#7084,.T.);
#7084 = EDGE_CURVE('',#7036,#7085,#7087,.T.);
#7085 = VERTEX_POINT('',#7086);
#7086 = CARTESIAN_POINT('',(0.125,2.1,0.2));
#7087 = SURFACE_CURVE('',#7088,(#7092,#7099),.PCURVE_S1.);
#7088 = LINE('',#7089,#7090);
#7089 = CARTESIAN_POINT('',(-0.125,2.1,0.2));
#7090 = VECTOR('',#7091,1.);
#7091 = DIRECTION('',(1.,0.,0.));
#7092 = PCURVE('',#3004,#7093);
#7093 = DEFINITIONAL_REPRESENTATION('',(#7094),#7098);
#7094 = LINE('',#7095,#7096);
#7095 = CARTESIAN_POINT('',(0.,-0.2));
#7096 = VECTOR('',#7097,1.);
#7097 = DIRECTION('',(1.,0.));
#7098 = ( GEOMETRIC_REPRESENTATION_CONTEXT(2) 
PARAMETRIC_REPRESENTATION_CONTEXT() REPRESENTATION_CONTEXT('2D SPACE',''
  ) );
#7099 = PCURVE('',#6403,#7100);
#7100 = DEFINITIONAL_REPRESENTATION('',(#7101),#7105);
#7101 = LINE('',#7102,#7103);
#7102 = CARTESIAN_POINT('',(-0.125,-0.2));
#7103 = VECTOR('',#7104,1.);
#7104 = DIRECTION('',(1.,0.));
#7105 = ( GEOMETRIC_REPRESENTATION_CONTEXT(2) 
PARAMETRIC_REPRESENTATION_CONTEXT() REPRESENTATION_CONTEXT('2D SPACE',''
  ) );
#7106 = ORIENTED_EDGE('',*,*,#7107,.F.);
#7107 = EDGE_CURVE('',#2964,#7085,#7108,.T.);
#7108 = SURFACE_CURVE('',#7109,(#7113,#7120),.PCURVE_S1.);
#7109 = LINE('',#7110,#7111);
#7110 = CARTESIAN_POINT('',(0.125,2.1,0.));
#7111 = VECTOR('',#7112,1.);
#7112 = DIRECTION('',(0.,0.,1.));
#7113 = PCURVE('',#3004,#7114);
#7114 = DEFINITIONAL_REPRESENTATION('',(#7115),#7119);
#7115 = LINE('',#7116,#7117);
#7116 = CARTESIAN_POINT('',(0.25,0.));
#7117 = VECTOR('',#7118,1.);
#7118 = DIRECTION('',(0.,-1.));
#7119 = ( GEOMETRIC_REPRESENTATION_CONTEXT(2) 
PARAMETRIC_REPRESENTATION_CONTEXT() REPRESENTATION_CONTEXT('2D SPACE',''
  ) );
#7120 = PCURVE('',#2978,#7121);
#7121 = DEFINITIONAL_REPRESENTATION('',(#7122),#7126);
#7122 = LINE('',#7123,#7124);
#7123 = CARTESIAN_POINT('',(0.,0.));
#7124 = VECTOR('',#7125,1.);
#7125 = DIRECTION('',(0.,-1.));
#7126 = ( GEOMETRIC_REPRESENTATION_CONTEXT(2) 
PARAMETRIC_REPRESENTATION_CONTEXT() REPRESENTATION_CONTEXT('2D SPACE',''
  ) );
#7127 = ADVANCED_FACE('',(#7128),#2978,.T.);
#7128 = FACE_BOUND('',#7129,.T.);
#7129 = EDGE_LOOP('',(#7130,#7131,#7132,#7153));
#7130 = ORIENTED_EDGE('',*,*,#2963,.T.);
#7131 = ORIENTED_EDGE('',*,*,#7107,.T.);
#7132 = ORIENTED_EDGE('',*,*,#7133,.T.);
#7133 = EDGE_CURVE('',#7085,#6388,#7134,.T.);
#7134 = SURFACE_CURVE('',#7135,(#7139,#7146),.PCURVE_S1.);
#7135 = LINE('',#7136,#7137);
#7136 = CARTESIAN_POINT('',(0.125,2.1,0.2));
#7137 = VECTOR('',#7138,1.);
#7138 = DIRECTION('',(0.,1.,0.));
#7139 = PCURVE('',#2978,#7140);
#7140 = DEFINITIONAL_REPRESENTATION('',(#7141),#7145);
#7141 = LINE('',#7142,#7143);
#7142 = CARTESIAN_POINT('',(0.,-0.2));
#7143 = VECTOR('',#7144,1.);
#7144 = DIRECTION('',(1.,0.));
#7145 = ( GEOMETRIC_REPRESENTATION_CONTEXT(2) 
PARAMETRIC_REPRESENTATION_CONTEXT() REPRESENTATION_CONTEXT('2D SPACE',''
  ) );
#7146 = PCURVE('',#6403,#7147);
#7147 = DEFINITIONAL_REPRESENTATION('',(#7148),#7152);
#7148 = LINE('',#7149,#7150);
#7149 = CARTESIAN_POINT('',(0.125,-0.2));
#7150 = VECTOR('',#7151,1.);
#7151 = DIRECTION('',(0.,1.));
#7152 = ( GEOMETRIC_REPRESENTATION_CONTEXT(2) 
PARAMETRIC_REPRESENTATION_CONTEXT() REPRESENTATION_CONTEXT('2D SPACE',''
  ) );
#7153 = ORIENTED_EDGE('',*,*,#6415,.F.);
#7154 = ADVANCED_FACE('',(#7155),#2929,.T.);
#7155 = FACE_BOUND('',#7156,.T.);
#7156 = EDGE_LOOP('',(#7157,#7158,#7159,#7182));
#7157 = ORIENTED_EDGE('',*,*,#2914,.T.);
#7158 = ORIENTED_EDGE('',*,*,#6437,.T.);
#7159 = ORIENTED_EDGE('',*,*,#7160,.T.);
#7160 = EDGE_CURVE('',#6438,#7161,#7163,.T.);
#7161 = VERTEX_POINT('',#7162);
#7162 = CARTESIAN_POINT('',(0.375,2.1,0.2));
#7163 = SURFACE_CURVE('',#7164,(#7168,#7175),.PCURVE_S1.);
#7164 = LINE('',#7165,#7166);
#7165 = CARTESIAN_POINT('',(0.375,2.5,0.2));
#7166 = VECTOR('',#7167,1.);
#7167 = DIRECTION('',(0.,-1.,0.));
#7168 = PCURVE('',#2929,#7169);
#7169 = DEFINITIONAL_REPRESENTATION('',(#7170),#7174);
#7170 = LINE('',#7171,#7172);
#7171 = CARTESIAN_POINT('',(0.,-0.2));
#7172 = VECTOR('',#7173,1.);
#7173 = DIRECTION('',(1.,0.));
#7174 = ( GEOMETRIC_REPRESENTATION_CONTEXT(2) 
PARAMETRIC_REPRESENTATION_CONTEXT() REPRESENTATION_CONTEXT('2D SPACE',''
  ) );
#7175 = PCURVE('',#6476,#7176);
#7176 = DEFINITIONAL_REPRESENTATION('',(#7177),#7181);
#7177 = LINE('',#7178,#7179);
#7178 = CARTESIAN_POINT('',(-0.125,0.2));
#7179 = VECTOR('',#7180,1.);
#7180 = DIRECTION('',(0.,-1.));
#7181 = ( GEOMETRIC_REPRESENTATION_CONTEXT(2) 
PARAMETRIC_REPRESENTATION_CONTEXT() REPRESENTATION_CONTEXT('2D SPACE',''
  ) );
#7182 = ORIENTED_EDGE('',*,*,#7183,.F.);
#7183 = EDGE_CURVE('',#2889,#7161,#7184,.T.);
#7184 = SURFACE_CURVE('',#7185,(#7189,#7196),.PCURVE_S1.);
#7185 = LINE('',#7186,#7187);
#7186 = CARTESIAN_POINT('',(0.375,2.1,0.));
#7187 = VECTOR('',#7188,1.);
#7188 = DIRECTION('',(0.,0.,1.));
#7189 = PCURVE('',#2929,#7190);
#7190 = DEFINITIONAL_REPRESENTATION('',(#7191),#7195);
#7191 = LINE('',#7192,#7193);
#7192 = CARTESIAN_POINT('',(0.4,0.));
#7193 = VECTOR('',#7194,1.);
#7194 = DIRECTION('',(0.,-1.));
#7195 = ( GEOMETRIC_REPRESENTATION_CONTEXT(2) 
PARAMETRIC_REPRESENTATION_CONTEXT() REPRESENTATION_CONTEXT('2D SPACE',''
  ) );
#7196 = PCURVE('',#2903,#7197);
#7197 = DEFINITIONAL_REPRESENTATION('',(#7198),#7202);
#7198 = LINE('',#7199,#7200);
#7199 = CARTESIAN_POINT('',(0.,0.));
#7200 = VECTOR('',#7201,1.);
#7201 = DIRECTION('',(0.,-1.));
#7202 = ( GEOMETRIC_REPRESENTATION_CONTEXT(2) 
PARAMETRIC_REPRESENTATION_CONTEXT() REPRESENTATION_CONTEXT('2D SPACE',''
  ) );
#7203 = ADVANCED_FACE('',(#7204),#2903,.T.);
#7204 = FACE_BOUND('',#7205,.T.);
#7205 = EDGE_LOOP('',(#7206,#7207,#7208,#7231));
#7206 = ORIENTED_EDGE('',*,*,#2888,.T.);
#7207 = ORIENTED_EDGE('',*,*,#7183,.T.);
#7208 = ORIENTED_EDGE('',*,*,#7209,.T.);
#7209 = EDGE_CURVE('',#7161,#7210,#7212,.T.);
#7210 = VERTEX_POINT('',#7211);
#7211 = CARTESIAN_POINT('',(0.625,2.1,0.2));
#7212 = SURFACE_CURVE('',#7213,(#7217,#7224),.PCURVE_S1.);
#7213 = LINE('',#7214,#7215);
#7214 = CARTESIAN_POINT('',(0.375,2.1,0.2));
#7215 = VECTOR('',#7216,1.);
#7216 = DIRECTION('',(1.,0.,0.));
#7217 = PCURVE('',#2903,#7218);
#7218 = DEFINITIONAL_REPRESENTATION('',(#7219),#7223);
#7219 = LINE('',#7220,#7221);
#7220 = CARTESIAN_POINT('',(0.,-0.2));
#7221 = VECTOR('',#7222,1.);
#7222 = DIRECTION('',(1.,0.));
#7223 = ( GEOMETRIC_REPRESENTATION_CONTEXT(2) 
PARAMETRIC_REPRESENTATION_CONTEXT() REPRESENTATION_CONTEXT('2D SPACE',''
  ) );
#7224 = PCURVE('',#6476,#7225);
#7225 = DEFINITIONAL_REPRESENTATION('',(#7226),#7230);
#7226 = LINE('',#7227,#7228);
#7227 = CARTESIAN_POINT('',(-0.125,-0.2));
#7228 = VECTOR('',#7229,1.);
#7229 = DIRECTION('',(1.,0.));
#7230 = ( GEOMETRIC_REPRESENTATION_CONTEXT(2) 
PARAMETRIC_REPRESENTATION_CONTEXT() REPRESENTATION_CONTEXT('2D SPACE',''
  ) );
#7231 = ORIENTED_EDGE('',*,*,#7232,.F.);
#7232 = EDGE_CURVE('',#2863,#7210,#7233,.T.);
#7233 = SURFACE_CURVE('',#7234,(#7238,#7245),.PCURVE_S1.);
#7234 = LINE('',#7235,#7236);
#7235 = CARTESIAN_POINT('',(0.625,2.1,0.));
#7236 = VECTOR('',#7237,1.);
#7237 = DIRECTION('',(0.,0.,1.));
#7238 = PCURVE('',#2903,#7239);
#7239 = DEFINITIONAL_REPRESENTATION('',(#7240),#7244);
#7240 = LINE('',#7241,#7242);
#7241 = CARTESIAN_POINT('',(0.25,0.));
#7242 = VECTOR('',#7243,1.);
#7243 = DIRECTION('',(0.,-1.));
#7244 = ( GEOMETRIC_REPRESENTATION_CONTEXT(2) 
PARAMETRIC_REPRESENTATION_CONTEXT() REPRESENTATION_CONTEXT('2D SPACE',''
  ) );
#7245 = PCURVE('',#2877,#7246);
#7246 = DEFINITIONAL_REPRESENTATION('',(#7247),#7251);
#7247 = LINE('',#7248,#7249);
#7248 = CARTESIAN_POINT('',(0.,0.));
#7249 = VECTOR('',#7250,1.);
#7250 = DIRECTION('',(0.,-1.));
#7251 = ( GEOMETRIC_REPRESENTATION_CONTEXT(2) 
PARAMETRIC_REPRESENTATION_CONTEXT() REPRESENTATION_CONTEXT('2D SPACE',''
  ) );
#7252 = ADVANCED_FACE('',(#7253),#2877,.T.);
#7253 = FACE_BOUND('',#7254,.T.);
#7254 = EDGE_LOOP('',(#7255,#7256,#7257,#7278));
#7255 = ORIENTED_EDGE('',*,*,#2862,.T.);
#7256 = ORIENTED_EDGE('',*,*,#7232,.T.);
#7257 = ORIENTED_EDGE('',*,*,#7258,.T.);
#7258 = EDGE_CURVE('',#7210,#6461,#7259,.T.);
#7259 = SURFACE_CURVE('',#7260,(#7264,#7271),.PCURVE_S1.);
#7260 = LINE('',#7261,#7262);
#7261 = CARTESIAN_POINT('',(0.625,2.1,0.2));
#7262 = VECTOR('',#7263,1.);
#7263 = DIRECTION('',(0.,1.,0.));
#7264 = PCURVE('',#2877,#7265);
#7265 = DEFINITIONAL_REPRESENTATION('',(#7266),#7270);
#7266 = LINE('',#7267,#7268);
#7267 = CARTESIAN_POINT('',(0.,-0.2));
#7268 = VECTOR('',#7269,1.);
#7269 = DIRECTION('',(1.,0.));
#7270 = ( GEOMETRIC_REPRESENTATION_CONTEXT(2) 
PARAMETRIC_REPRESENTATION_CONTEXT() REPRESENTATION_CONTEXT('2D SPACE',''
  ) );
#7271 = PCURVE('',#6476,#7272);
#7272 = DEFINITIONAL_REPRESENTATION('',(#7273),#7277);
#7273 = LINE('',#7274,#7275);
#7274 = CARTESIAN_POINT('',(0.125,-0.2));
#7275 = VECTOR('',#7276,1.);
#7276 = DIRECTION('',(0.,1.));
#7277 = ( GEOMETRIC_REPRESENTATION_CONTEXT(2) 
PARAMETRIC_REPRESENTATION_CONTEXT() REPRESENTATION_CONTEXT('2D SPACE',''
  ) );
#7278 = ORIENTED_EDGE('',*,*,#6488,.F.);
#7279 = ADVANCED_FACE('',(#7280),#2828,.T.);
#7280 = FACE_BOUND('',#7281,.T.);
#7281 = EDGE_LOOP('',(#7282,#7283,#7284,#7307));
#7282 = ORIENTED_EDGE('',*,*,#2813,.T.);
#7283 = ORIENTED_EDGE('',*,*,#6510,.T.);
#7284 = ORIENTED_EDGE('',*,*,#7285,.T.);
#7285 = EDGE_CURVE('',#6511,#7286,#7288,.T.);
#7286 = VERTEX_POINT('',#7287);
#7287 = CARTESIAN_POINT('',(0.875,2.1,0.2));
#7288 = SURFACE_CURVE('',#7289,(#7293,#7300),.PCURVE_S1.);
#7289 = LINE('',#7290,#7291);
#7290 = CARTESIAN_POINT('',(0.875,2.5,0.2));
#7291 = VECTOR('',#7292,1.);
#7292 = DIRECTION('',(0.,-1.,0.));
#7293 = PCURVE('',#2828,#7294);
#7294 = DEFINITIONAL_REPRESENTATION('',(#7295),#7299);
#7295 = LINE('',#7296,#7297);
#7296 = CARTESIAN_POINT('',(0.,-0.2));
#7297 = VECTOR('',#7298,1.);
#7298 = DIRECTION('',(1.,0.));
#7299 = ( GEOMETRIC_REPRESENTATION_CONTEXT(2) 
PARAMETRIC_REPRESENTATION_CONTEXT() REPRESENTATION_CONTEXT('2D SPACE',''
  ) );
#7300 = PCURVE('',#6549,#7301);
#7301 = DEFINITIONAL_REPRESENTATION('',(#7302),#7306);
#7302 = LINE('',#7303,#7304);
#7303 = CARTESIAN_POINT('',(-0.125,0.2));
#7304 = VECTOR('',#7305,1.);
#7305 = DIRECTION('',(0.,-1.));
#7306 = ( GEOMETRIC_REPRESENTATION_CONTEXT(2) 
PARAMETRIC_REPRESENTATION_CONTEXT() REPRESENTATION_CONTEXT('2D SPACE',''
  ) );
#7307 = ORIENTED_EDGE('',*,*,#7308,.F.);
#7308 = EDGE_CURVE('',#2788,#7286,#7309,.T.);
#7309 = SURFACE_CURVE('',#7310,(#7314,#7321),.PCURVE_S1.);
#7310 = LINE('',#7311,#7312);
#7311 = CARTESIAN_POINT('',(0.875,2.1,0.));
#7312 = VECTOR('',#7313,1.);
#7313 = DIRECTION('',(0.,0.,1.));
#7314 = PCURVE('',#2828,#7315);
#7315 = DEFINITIONAL_REPRESENTATION('',(#7316),#7320);
#7316 = LINE('',#7317,#7318);
#7317 = CARTESIAN_POINT('',(0.4,0.));
#7318 = VECTOR('',#7319,1.);
#7319 = DIRECTION('',(0.,-1.));
#7320 = ( GEOMETRIC_REPRESENTATION_CONTEXT(2) 
PARAMETRIC_REPRESENTATION_CONTEXT() REPRESENTATION_CONTEXT('2D SPACE',''
  ) );
#7321 = PCURVE('',#2802,#7322);
#7322 = DEFINITIONAL_REPRESENTATION('',(#7323),#7327);
#7323 = LINE('',#7324,#7325);
#7324 = CARTESIAN_POINT('',(0.,0.));
#7325 = VECTOR('',#7326,1.);
#7326 = DIRECTION('',(0.,-1.));
#7327 = ( GEOMETRIC_REPRESENTATION_CONTEXT(2) 
PARAMETRIC_REPRESENTATION_CONTEXT() REPRESENTATION_CONTEXT('2D SPACE',''
  ) );
#7328 = ADVANCED_FACE('',(#7329),#2802,.T.);
#7329 = FACE_BOUND('',#7330,.T.);
#7330 = EDGE_LOOP('',(#7331,#7332,#7333,#7356));
#7331 = ORIENTED_EDGE('',*,*,#2787,.T.);
#7332 = ORIENTED_EDGE('',*,*,#7308,.T.);
#7333 = ORIENTED_EDGE('',*,*,#7334,.T.);
#7334 = EDGE_CURVE('',#7286,#7335,#7337,.T.);
#7335 = VERTEX_POINT('',#7336);
#7336 = CARTESIAN_POINT('',(1.125,2.1,0.2));
#7337 = SURFACE_CURVE('',#7338,(#7342,#7349),.PCURVE_S1.);
#7338 = LINE('',#7339,#7340);
#7339 = CARTESIAN_POINT('',(0.875,2.1,0.2));
#7340 = VECTOR('',#7341,1.);
#7341 = DIRECTION('',(1.,0.,0.));
#7342 = PCURVE('',#2802,#7343);
#7343 = DEFINITIONAL_REPRESENTATION('',(#7344),#7348);
#7344 = LINE('',#7345,#7346);
#7345 = CARTESIAN_POINT('',(0.,-0.2));
#7346 = VECTOR('',#7347,1.);
#7347 = DIRECTION('',(1.,0.));
#7348 = ( GEOMETRIC_REPRESENTATION_CONTEXT(2) 
PARAMETRIC_REPRESENTATION_CONTEXT() REPRESENTATION_CONTEXT('2D SPACE',''
  ) );
#7349 = PCURVE('',#6549,#7350);
#7350 = DEFINITIONAL_REPRESENTATION('',(#7351),#7355);
#7351 = LINE('',#7352,#7353);
#7352 = CARTESIAN_POINT('',(-0.125,-0.2));
#7353 = VECTOR('',#7354,1.);
#7354 = DIRECTION('',(1.,0.));
#7355 = ( GEOMETRIC_REPRESENTATION_CONTEXT(2) 
PARAMETRIC_REPRESENTATION_CONTEXT() REPRESENTATION_CONTEXT('2D SPACE',''
  ) );
#7356 = ORIENTED_EDGE('',*,*,#7357,.F.);
#7357 = EDGE_CURVE('',#2762,#7335,#7358,.T.);
#7358 = SURFACE_CURVE('',#7359,(#7363,#7370),.PCURVE_S1.);
#7359 = LINE('',#7360,#7361);
#7360 = CARTESIAN_POINT('',(1.125,2.1,0.));
#7361 = VECTOR('',#7362,1.);
#7362 = DIRECTION('',(0.,0.,1.));
#7363 = PCURVE('',#2802,#7364);
#7364 = DEFINITIONAL_REPRESENTATION('',(#7365),#7369);
#7365 = LINE('',#7366,#7367);
#7366 = CARTESIAN_POINT('',(0.25,0.));
#7367 = VECTOR('',#7368,1.);
#7368 = DIRECTION('',(0.,-1.));
#7369 = ( GEOMETRIC_REPRESENTATION_CONTEXT(2) 
PARAMETRIC_REPRESENTATION_CONTEXT() REPRESENTATION_CONTEXT('2D SPACE',''
  ) );
#7370 = PCURVE('',#2776,#7371);
#7371 = DEFINITIONAL_REPRESENTATION('',(#7372),#7376);
#7372 = LINE('',#7373,#7374);
#7373 = CARTESIAN_POINT('',(0.,0.));
#7374 = VECTOR('',#7375,1.);
#7375 = DIRECTION('',(0.,-1.));
#7376 = ( GEOMETRIC_REPRESENTATION_CONTEXT(2) 
PARAMETRIC_REPRESENTATION_CONTEXT() REPRESENTATION_CONTEXT('2D SPACE',''
  ) );
#7377 = ADVANCED_FACE('',(#7378),#2776,.T.);
#7378 = FACE_BOUND('',#7379,.T.);
#7379 = EDGE_LOOP('',(#7380,#7381,#7382,#7403));
#7380 = ORIENTED_EDGE('',*,*,#2761,.T.);
#7381 = ORIENTED_EDGE('',*,*,#7357,.T.);
#7382 = ORIENTED_EDGE('',*,*,#7383,.T.);
#7383 = EDGE_CURVE('',#7335,#6534,#7384,.T.);
#7384 = SURFACE_CURVE('',#7385,(#7389,#7396),.PCURVE_S1.);
#7385 = LINE('',#7386,#7387);
#7386 = CARTESIAN_POINT('',(1.125,2.1,0.2));
#7387 = VECTOR('',#7388,1.);
#7388 = DIRECTION('',(0.,1.,0.));
#7389 = PCURVE('',#2776,#7390);
#7390 = DEFINITIONAL_REPRESENTATION('',(#7391),#7395);
#7391 = LINE('',#7392,#7393);
#7392 = CARTESIAN_POINT('',(0.,-0.2));
#7393 = VECTOR('',#7394,1.);
#7394 = DIRECTION('',(1.,0.));
#7395 = ( GEOMETRIC_REPRESENTATION_CONTEXT(2) 
PARAMETRIC_REPRESENTATION_CONTEXT() REPRESENTATION_CONTEXT('2D SPACE',''
  ) );
#7396 = PCURVE('',#6549,#7397);
#7397 = DEFINITIONAL_REPRESENTATION('',(#7398),#7402);
#7398 = LINE('',#7399,#7400);
#7399 = CARTESIAN_POINT('',(0.125,-0.2));
#7400 = VECTOR('',#7401,1.);
#7401 = DIRECTION('',(0.,1.));
#7402 = ( GEOMETRIC_REPRESENTATION_CONTEXT(2) 
PARAMETRIC_REPRESENTATION_CONTEXT() REPRESENTATION_CONTEXT('2D SPACE',''
  ) );
#7403 = ORIENTED_EDGE('',*,*,#6561,.F.);
#7404 = ADVANCED_FACE('',(#7405),#2727,.T.);
#7405 = FACE_BOUND('',#7406,.T.);
#7406 = EDGE_LOOP('',(#7407,#7408,#7409,#7432));
#7407 = ORIENTED_EDGE('',*,*,#2712,.T.);
#7408 = ORIENTED_EDGE('',*,*,#6583,.T.);
#7409 = ORIENTED_EDGE('',*,*,#7410,.T.);
#7410 = EDGE_CURVE('',#6584,#7411,#7413,.T.);
#7411 = VERTEX_POINT('',#7412);
#7412 = CARTESIAN_POINT('',(1.375,2.1,0.2));
#7413 = SURFACE_CURVE('',#7414,(#7418,#7425),.PCURVE_S1.);
#7414 = LINE('',#7415,#7416);
#7415 = CARTESIAN_POINT('',(1.375,2.5,0.2));
#7416 = VECTOR('',#7417,1.);
#7417 = DIRECTION('',(0.,-1.,0.));
#7418 = PCURVE('',#2727,#7419);
#7419 = DEFINITIONAL_REPRESENTATION('',(#7420),#7424);
#7420 = LINE('',#7421,#7422);
#7421 = CARTESIAN_POINT('',(0.,-0.2));
#7422 = VECTOR('',#7423,1.);
#7423 = DIRECTION('',(1.,0.));
#7424 = ( GEOMETRIC_REPRESENTATION_CONTEXT(2) 
PARAMETRIC_REPRESENTATION_CONTEXT() REPRESENTATION_CONTEXT('2D SPACE',''
  ) );
#7425 = PCURVE('',#6622,#7426);
#7426 = DEFINITIONAL_REPRESENTATION('',(#7427),#7431);
#7427 = LINE('',#7428,#7429);
#7428 = CARTESIAN_POINT('',(-0.125,0.2));
#7429 = VECTOR('',#7430,1.);
#7430 = DIRECTION('',(0.,-1.));
#7431 = ( GEOMETRIC_REPRESENTATION_CONTEXT(2) 
PARAMETRIC_REPRESENTATION_CONTEXT() REPRESENTATION_CONTEXT('2D SPACE',''
  ) );
#7432 = ORIENTED_EDGE('',*,*,#7433,.F.);
#7433 = EDGE_CURVE('',#2687,#7411,#7434,.T.);
#7434 = SURFACE_CURVE('',#7435,(#7439,#7446),.PCURVE_S1.);
#7435 = LINE('',#7436,#7437);
#7436 = CARTESIAN_POINT('',(1.375,2.1,0.));
#7437 = VECTOR('',#7438,1.);
#7438 = DIRECTION('',(0.,0.,1.));
#7439 = PCURVE('',#2727,#7440);
#7440 = DEFINITIONAL_REPRESENTATION('',(#7441),#7445);
#7441 = LINE('',#7442,#7443);
#7442 = CARTESIAN_POINT('',(0.4,0.));
#7443 = VECTOR('',#7444,1.);
#7444 = DIRECTION('',(0.,-1.));
#7445 = ( GEOMETRIC_REPRESENTATION_CONTEXT(2) 
PARAMETRIC_REPRESENTATION_CONTEXT() REPRESENTATION_CONTEXT('2D SPACE',''
  ) );
#7446 = PCURVE('',#2701,#7447);
#7447 = DEFINITIONAL_REPRESENTATION('',(#7448),#7452);
#7448 = LINE('',#7449,#7450);
#7449 = CARTESIAN_POINT('',(0.,0.));
#7450 = VECTOR('',#7451,1.);
#7451 = DIRECTION('',(0.,-1.));
#7452 = ( GEOMETRIC_REPRESENTATION_CONTEXT(2) 
PARAMETRIC_REPRESENTATION_CONTEXT() REPRESENTATION_CONTEXT('2D SPACE',''
  ) );
#7453 = ADVANCED_FACE('',(#7454),#2701,.T.);
#7454 = FACE_BOUND('',#7455,.T.);
#7455 = EDGE_LOOP('',(#7456,#7457,#7458,#7481));
#7456 = ORIENTED_EDGE('',*,*,#2686,.T.);
#7457 = ORIENTED_EDGE('',*,*,#7433,.T.);
#7458 = ORIENTED_EDGE('',*,*,#7459,.T.);
#7459 = EDGE_CURVE('',#7411,#7460,#7462,.T.);
#7460 = VERTEX_POINT('',#7461);
#7461 = CARTESIAN_POINT('',(1.625,2.1,0.2));
#7462 = SURFACE_CURVE('',#7463,(#7467,#7474),.PCURVE_S1.);
#7463 = LINE('',#7464,#7465);
#7464 = CARTESIAN_POINT('',(1.375,2.1,0.2));
#7465 = VECTOR('',#7466,1.);
#7466 = DIRECTION('',(1.,0.,0.));
#7467 = PCURVE('',#2701,#7468);
#7468 = DEFINITIONAL_REPRESENTATION('',(#7469),#7473);
#7469 = LINE('',#7470,#7471);
#7470 = CARTESIAN_POINT('',(0.,-0.2));
#7471 = VECTOR('',#7472,1.);
#7472 = DIRECTION('',(1.,0.));
#7473 = ( GEOMETRIC_REPRESENTATION_CONTEXT(2) 
PARAMETRIC_REPRESENTATION_CONTEXT() REPRESENTATION_CONTEXT('2D SPACE',''
  ) );
#7474 = PCURVE('',#6622,#7475);
#7475 = DEFINITIONAL_REPRESENTATION('',(#7476),#7480);
#7476 = LINE('',#7477,#7478);
#7477 = CARTESIAN_POINT('',(-0.125,-0.2));
#7478 = VECTOR('',#7479,1.);
#7479 = DIRECTION('',(1.,0.));
#7480 = ( GEOMETRIC_REPRESENTATION_CONTEXT(2) 
PARAMETRIC_REPRESENTATION_CONTEXT() REPRESENTATION_CONTEXT('2D SPACE',''
  ) );
#7481 = ORIENTED_EDGE('',*,*,#7482,.F.);
#7482 = EDGE_CURVE('',#2661,#7460,#7483,.T.);
#7483 = SURFACE_CURVE('',#7484,(#7488,#7495),.PCURVE_S1.);
#7484 = LINE('',#7485,#7486);
#7485 = CARTESIAN_POINT('',(1.625,2.1,0.));
#7486 = VECTOR('',#7487,1.);
#7487 = DIRECTION('',(0.,0.,1.));
#7488 = PCURVE('',#2701,#7489);
#7489 = DEFINITIONAL_REPRESENTATION('',(#7490),#7494);
#7490 = LINE('',#7491,#7492);
#7491 = CARTESIAN_POINT('',(0.25,0.));
#7492 = VECTOR('',#7493,1.);
#7493 = DIRECTION('',(0.,-1.));
#7494 = ( GEOMETRIC_REPRESENTATION_CONTEXT(2) 
PARAMETRIC_REPRESENTATION_CONTEXT() REPRESENTATION_CONTEXT('2D SPACE',''
  ) );
#7495 = PCURVE('',#2675,#7496);
#7496 = DEFINITIONAL_REPRESENTATION('',(#7497),#7501);
#7497 = LINE('',#7498,#7499);
#7498 = CARTESIAN_POINT('',(0.,0.));
#7499 = VECTOR('',#7500,1.);
#7500 = DIRECTION('',(0.,-1.));
#7501 = ( GEOMETRIC_REPRESENTATION_CONTEXT(2) 
PARAMETRIC_REPRESENTATION_CONTEXT() REPRESENTATION_CONTEXT('2D SPACE',''
  ) );
#7502 = ADVANCED_FACE('',(#7503),#2675,.T.);
#7503 = FACE_BOUND('',#7504,.T.);
#7504 = EDGE_LOOP('',(#7505,#7506,#7507,#7528));
#7505 = ORIENTED_EDGE('',*,*,#2660,.T.);
#7506 = ORIENTED_EDGE('',*,*,#7482,.T.);
#7507 = ORIENTED_EDGE('',*,*,#7508,.T.);
#7508 = EDGE_CURVE('',#7460,#6607,#7509,.T.);
#7509 = SURFACE_CURVE('',#7510,(#7514,#7521),.PCURVE_S1.);
#7510 = LINE('',#7511,#7512);
#7511 = CARTESIAN_POINT('',(1.625,2.1,0.2));
#7512 = VECTOR('',#7513,1.);
#7513 = DIRECTION('',(0.,1.,0.));
#7514 = PCURVE('',#2675,#7515);
#7515 = DEFINITIONAL_REPRESENTATION('',(#7516),#7520);
#7516 = LINE('',#7517,#7518);
#7517 = CARTESIAN_POINT('',(0.,-0.2));
#7518 = VECTOR('',#7519,1.);
#7519 = DIRECTION('',(1.,0.));
#7520 = ( GEOMETRIC_REPRESENTATION_CONTEXT(2) 
PARAMETRIC_REPRESENTATION_CONTEXT() REPRESENTATION_CONTEXT('2D SPACE',''
  ) );
#7521 = PCURVE('',#6622,#7522);
#7522 = DEFINITIONAL_REPRESENTATION('',(#7523),#7527);
#7523 = LINE('',#7524,#7525);
#7524 = CARTESIAN_POINT('',(0.125,-0.2));
#7525 = VECTOR('',#7526,1.);
#7526 = DIRECTION('',(0.,1.));
#7527 = ( GEOMETRIC_REPRESENTATION_CONTEXT(2) 
PARAMETRIC_REPRESENTATION_CONTEXT() REPRESENTATION_CONTEXT('2D SPACE',''
  ) );
#7528 = ORIENTED_EDGE('',*,*,#6634,.F.);
#7529 = ADVANCED_FACE('',(#7530),#2598,.T.);
#7530 = FACE_BOUND('',#7531,.T.);
#7531 = EDGE_LOOP('',(#7532,#7533,#7534,#7557));
#7532 = ORIENTED_EDGE('',*,*,#2583,.T.);
#7533 = ORIENTED_EDGE('',*,*,#4616,.T.);
#7534 = ORIENTED_EDGE('',*,*,#7535,.T.);
#7535 = EDGE_CURVE('',#4617,#7536,#7538,.T.);
#7536 = VERTEX_POINT('',#7537);
#7537 = CARTESIAN_POINT('',(2.1,1.625,0.2));
#7538 = SURFACE_CURVE('',#7539,(#7543,#7550),.PCURVE_S1.);
#7539 = LINE('',#7540,#7541);
#7540 = CARTESIAN_POINT('',(2.5,1.625,0.2));
#7541 = VECTOR('',#7542,1.);
#7542 = DIRECTION('',(-1.,0.,0.));
#7543 = PCURVE('',#2598,#7544);
#7544 = DEFINITIONAL_REPRESENTATION('',(#7545),#7549);
#7545 = LINE('',#7546,#7547);
#7546 = CARTESIAN_POINT('',(0.,-0.2));
#7547 = VECTOR('',#7548,1.);
#7548 = DIRECTION('',(1.,0.));
#7549 = ( GEOMETRIC_REPRESENTATION_CONTEXT(2) 
PARAMETRIC_REPRESENTATION_CONTEXT() REPRESENTATION_CONTEXT('2D SPACE',''
  ) );
#7550 = PCURVE('',#4655,#7551);
#7551 = DEFINITIONAL_REPRESENTATION('',(#7552),#7556);
#7552 = LINE('',#7553,#7554);
#7553 = CARTESIAN_POINT('',(0.2,0.125));
#7554 = VECTOR('',#7555,1.);
#7555 = DIRECTION('',(-1.,0.));
#7556 = ( GEOMETRIC_REPRESENTATION_CONTEXT(2) 
PARAMETRIC_REPRESENTATION_CONTEXT() REPRESENTATION_CONTEXT('2D SPACE',''
  ) );
#7557 = ORIENTED_EDGE('',*,*,#7558,.F.);
#7558 = EDGE_CURVE('',#2558,#7536,#7559,.T.);
#7559 = SURFACE_CURVE('',#7560,(#7564,#7571),.PCURVE_S1.);
#7560 = LINE('',#7561,#7562);
#7561 = CARTESIAN_POINT('',(2.1,1.625,0.));
#7562 = VECTOR('',#7563,1.);
#7563 = DIRECTION('',(0.,0.,1.));
#7564 = PCURVE('',#2598,#7565);
#7565 = DEFINITIONAL_REPRESENTATION('',(#7566),#7570);
#7566 = LINE('',#7567,#7568);
#7567 = CARTESIAN_POINT('',(0.4,0.));
#7568 = VECTOR('',#7569,1.);
#7569 = DIRECTION('',(0.,-1.));
#7570 = ( GEOMETRIC_REPRESENTATION_CONTEXT(2) 
PARAMETRIC_REPRESENTATION_CONTEXT() REPRESENTATION_CONTEXT('2D SPACE',''
  ) );
#7571 = PCURVE('',#2572,#7572);
#7572 = DEFINITIONAL_REPRESENTATION('',(#7573),#7577);
#7573 = LINE('',#7574,#7575);
#7574 = CARTESIAN_POINT('',(0.,0.));
#7575 = VECTOR('',#7576,1.);
#7576 = DIRECTION('',(0.,-1.));
#7577 = ( GEOMETRIC_REPRESENTATION_CONTEXT(2) 
PARAMETRIC_REPRESENTATION_CONTEXT() REPRESENTATION_CONTEXT('2D SPACE',''
  ) );
#7578 = ADVANCED_FACE('',(#7579),#2572,.T.);
#7579 = FACE_BOUND('',#7580,.T.);
#7580 = EDGE_LOOP('',(#7581,#7582,#7583,#7606));
#7581 = ORIENTED_EDGE('',*,*,#2557,.T.);
#7582 = ORIENTED_EDGE('',*,*,#7558,.T.);
#7583 = ORIENTED_EDGE('',*,*,#7584,.T.);
#7584 = EDGE_CURVE('',#7536,#7585,#7587,.T.);
#7585 = VERTEX_POINT('',#7586);
#7586 = CARTESIAN_POINT('',(2.1,1.375,0.2));
#7587 = SURFACE_CURVE('',#7588,(#7592,#7599),.PCURVE_S1.);
#7588 = LINE('',#7589,#7590);
#7589 = CARTESIAN_POINT('',(2.1,1.625,0.2));
#7590 = VECTOR('',#7591,1.);
#7591 = DIRECTION('',(0.,-1.,0.));
#7592 = PCURVE('',#2572,#7593);
#7593 = DEFINITIONAL_REPRESENTATION('',(#7594),#7598);
#7594 = LINE('',#7595,#7596);
#7595 = CARTESIAN_POINT('',(0.,-0.2));
#7596 = VECTOR('',#7597,1.);
#7597 = DIRECTION('',(1.,0.));
#7598 = ( GEOMETRIC_REPRESENTATION_CONTEXT(2) 
PARAMETRIC_REPRESENTATION_CONTEXT() REPRESENTATION_CONTEXT('2D SPACE',''
  ) );
#7599 = PCURVE('',#4655,#7600);
#7600 = DEFINITIONAL_REPRESENTATION('',(#7601),#7605);
#7601 = LINE('',#7602,#7603);
#7602 = CARTESIAN_POINT('',(-0.2,0.125));
#7603 = VECTOR('',#7604,1.);
#7604 = DIRECTION('',(0.,-1.));
#7605 = ( GEOMETRIC_REPRESENTATION_CONTEXT(2) 
PARAMETRIC_REPRESENTATION_CONTEXT() REPRESENTATION_CONTEXT('2D SPACE',''
  ) );
#7606 = ORIENTED_EDGE('',*,*,#7607,.F.);
#7607 = EDGE_CURVE('',#2532,#7585,#7608,.T.);
#7608 = SURFACE_CURVE('',#7609,(#7613,#7620),.PCURVE_S1.);
#7609 = LINE('',#7610,#7611);
#7610 = CARTESIAN_POINT('',(2.1,1.375,0.));
#7611 = VECTOR('',#7612,1.);
#7612 = DIRECTION('',(0.,0.,1.));
#7613 = PCURVE('',#2572,#7614);
#7614 = DEFINITIONAL_REPRESENTATION('',(#7615),#7619);
#7615 = LINE('',#7616,#7617);
#7616 = CARTESIAN_POINT('',(0.25,0.));
#7617 = VECTOR('',#7618,1.);
#7618 = DIRECTION('',(0.,-1.));
#7619 = ( GEOMETRIC_REPRESENTATION_CONTEXT(2) 
PARAMETRIC_REPRESENTATION_CONTEXT() REPRESENTATION_CONTEXT('2D SPACE',''
  ) );
#7620 = PCURVE('',#2546,#7621);
#7621 = DEFINITIONAL_REPRESENTATION('',(#7622),#7626);
#7622 = LINE('',#7623,#7624);
#7623 = CARTESIAN_POINT('',(0.,0.));
#7624 = VECTOR('',#7625,1.);
#7625 = DIRECTION('',(0.,-1.));
#7626 = ( GEOMETRIC_REPRESENTATION_CONTEXT(2) 
PARAMETRIC_REPRESENTATION_CONTEXT() REPRESENTATION_CONTEXT('2D SPACE',''
  ) );
#7627 = ADVANCED_FACE('',(#7628),#2546,.T.);
#7628 = FACE_BOUND('',#7629,.T.);
#7629 = EDGE_LOOP('',(#7630,#7631,#7632,#7653));
#7630 = ORIENTED_EDGE('',*,*,#2531,.T.);
#7631 = ORIENTED_EDGE('',*,*,#7607,.T.);
#7632 = ORIENTED_EDGE('',*,*,#7633,.T.);
#7633 = EDGE_CURVE('',#7585,#4640,#7634,.T.);
#7634 = SURFACE_CURVE('',#7635,(#7639,#7646),.PCURVE_S1.);
#7635 = LINE('',#7636,#7637);
#7636 = CARTESIAN_POINT('',(2.1,1.375,0.2));
#7637 = VECTOR('',#7638,1.);
#7638 = DIRECTION('',(1.,0.,0.));
#7639 = PCURVE('',#2546,#7640);
#7640 = DEFINITIONAL_REPRESENTATION('',(#7641),#7645);
#7641 = LINE('',#7642,#7643);
#7642 = CARTESIAN_POINT('',(0.,-0.2));
#7643 = VECTOR('',#7644,1.);
#7644 = DIRECTION('',(1.,0.));
#7645 = ( GEOMETRIC_REPRESENTATION_CONTEXT(2) 
PARAMETRIC_REPRESENTATION_CONTEXT() REPRESENTATION_CONTEXT('2D SPACE',''
  ) );
#7646 = PCURVE('',#4655,#7647);
#7647 = DEFINITIONAL_REPRESENTATION('',(#7648),#7652);
#7648 = LINE('',#7649,#7650);
#7649 = CARTESIAN_POINT('',(-0.2,-0.125));
#7650 = VECTOR('',#7651,1.);
#7651 = DIRECTION('',(1.,0.));
#7652 = ( GEOMETRIC_REPRESENTATION_CONTEXT(2) 
PARAMETRIC_REPRESENTATION_CONTEXT() REPRESENTATION_CONTEXT('2D SPACE',''
  ) );
#7653 = ORIENTED_EDGE('',*,*,#4667,.F.);
#7654 = ADVANCED_FACE('',(#7655),#2497,.T.);
#7655 = FACE_BOUND('',#7656,.T.);
#7656 = EDGE_LOOP('',(#7657,#7658,#7659,#7682));
#7657 = ORIENTED_EDGE('',*,*,#2482,.T.);
#7658 = ORIENTED_EDGE('',*,*,#4689,.T.);
#7659 = ORIENTED_EDGE('',*,*,#7660,.T.);
#7660 = EDGE_CURVE('',#4690,#7661,#7663,.T.);
#7661 = VERTEX_POINT('',#7662);
#7662 = CARTESIAN_POINT('',(2.1,1.125,0.2));
#7663 = SURFACE_CURVE('',#7664,(#7668,#7675),.PCURVE_S1.);
#7664 = LINE('',#7665,#7666);
#7665 = CARTESIAN_POINT('',(2.5,1.125,0.2));
#7666 = VECTOR('',#7667,1.);
#7667 = DIRECTION('',(-1.,0.,0.));
#7668 = PCURVE('',#2497,#7669);
#7669 = DEFINITIONAL_REPRESENTATION('',(#7670),#7674);
#7670 = LINE('',#7671,#7672);
#7671 = CARTESIAN_POINT('',(0.,-0.2));
#7672 = VECTOR('',#7673,1.);
#7673 = DIRECTION('',(1.,0.));
#7674 = ( GEOMETRIC_REPRESENTATION_CONTEXT(2) 
PARAMETRIC_REPRESENTATION_CONTEXT() REPRESENTATION_CONTEXT('2D SPACE',''
  ) );
#7675 = PCURVE('',#4728,#7676);
#7676 = DEFINITIONAL_REPRESENTATION('',(#7677),#7681);
#7677 = LINE('',#7678,#7679);
#7678 = CARTESIAN_POINT('',(0.2,0.125));
#7679 = VECTOR('',#7680,1.);
#7680 = DIRECTION('',(-1.,0.));
#7681 = ( GEOMETRIC_REPRESENTATION_CONTEXT(2) 
PARAMETRIC_REPRESENTATION_CONTEXT() REPRESENTATION_CONTEXT('2D SPACE',''
  ) );
#7682 = ORIENTED_EDGE('',*,*,#7683,.F.);
#7683 = EDGE_CURVE('',#2457,#7661,#7684,.T.);
#7684 = SURFACE_CURVE('',#7685,(#7689,#7696),.PCURVE_S1.);
#7685 = LINE('',#7686,#7687);
#7686 = CARTESIAN_POINT('',(2.1,1.125,0.));
#7687 = VECTOR('',#7688,1.);
#7688 = DIRECTION('',(0.,0.,1.));
#7689 = PCURVE('',#2497,#7690);
#7690 = DEFINITIONAL_REPRESENTATION('',(#7691),#7695);
#7691 = LINE('',#7692,#7693);
#7692 = CARTESIAN_POINT('',(0.4,0.));
#7693 = VECTOR('',#7694,1.);
#7694 = DIRECTION('',(0.,-1.));
#7695 = ( GEOMETRIC_REPRESENTATION_CONTEXT(2) 
PARAMETRIC_REPRESENTATION_CONTEXT() REPRESENTATION_CONTEXT('2D SPACE',''
  ) );
#7696 = PCURVE('',#2471,#7697);
#7697 = DEFINITIONAL_REPRESENTATION('',(#7698),#7702);
#7698 = LINE('',#7699,#7700);
#7699 = CARTESIAN_POINT('',(0.,0.));
#7700 = VECTOR('',#7701,1.);
#7701 = DIRECTION('',(0.,-1.));
#7702 = ( GEOMETRIC_REPRESENTATION_CONTEXT(2) 
PARAMETRIC_REPRESENTATION_CONTEXT() REPRESENTATION_CONTEXT('2D SPACE',''
  ) );
#7703 = ADVANCED_FACE('',(#7704),#2471,.T.);
#7704 = FACE_BOUND('',#7705,.T.);
#7705 = EDGE_LOOP('',(#7706,#7707,#7708,#7731));
#7706 = ORIENTED_EDGE('',*,*,#2456,.T.);
#7707 = ORIENTED_EDGE('',*,*,#7683,.T.);
#7708 = ORIENTED_EDGE('',*,*,#7709,.T.);
#7709 = EDGE_CURVE('',#7661,#7710,#7712,.T.);
#7710 = VERTEX_POINT('',#7711);
#7711 = CARTESIAN_POINT('',(2.1,0.875,0.2));
#7712 = SURFACE_CURVE('',#7713,(#7717,#7724),.PCURVE_S1.);
#7713 = LINE('',#7714,#7715);
#7714 = CARTESIAN_POINT('',(2.1,1.125,0.2));
#7715 = VECTOR('',#7716,1.);
#7716 = DIRECTION('',(0.,-1.,0.));
#7717 = PCURVE('',#2471,#7718);
#7718 = DEFINITIONAL_REPRESENTATION('',(#7719),#7723);
#7719 = LINE('',#7720,#7721);
#7720 = CARTESIAN_POINT('',(0.,-0.2));
#7721 = VECTOR('',#7722,1.);
#7722 = DIRECTION('',(1.,0.));
#7723 = ( GEOMETRIC_REPRESENTATION_CONTEXT(2) 
PARAMETRIC_REPRESENTATION_CONTEXT() REPRESENTATION_CONTEXT('2D SPACE',''
  ) );
#7724 = PCURVE('',#4728,#7725);
#7725 = DEFINITIONAL_REPRESENTATION('',(#7726),#7730);
#7726 = LINE('',#7727,#7728);
#7727 = CARTESIAN_POINT('',(-0.2,0.125));
#7728 = VECTOR('',#7729,1.);
#7729 = DIRECTION('',(0.,-1.));
#7730 = ( GEOMETRIC_REPRESENTATION_CONTEXT(2) 
PARAMETRIC_REPRESENTATION_CONTEXT() REPRESENTATION_CONTEXT('2D SPACE',''
  ) );
#7731 = ORIENTED_EDGE('',*,*,#7732,.F.);
#7732 = EDGE_CURVE('',#2431,#7710,#7733,.T.);
#7733 = SURFACE_CURVE('',#7734,(#7738,#7745),.PCURVE_S1.);
#7734 = LINE('',#7735,#7736);
#7735 = CARTESIAN_POINT('',(2.1,0.875,0.));
#7736 = VECTOR('',#7737,1.);
#7737 = DIRECTION('',(0.,0.,1.));
#7738 = PCURVE('',#2471,#7739);
#7739 = DEFINITIONAL_REPRESENTATION('',(#7740),#7744);
#7740 = LINE('',#7741,#7742);
#7741 = CARTESIAN_POINT('',(0.25,0.));
#7742 = VECTOR('',#7743,1.);
#7743 = DIRECTION('',(0.,-1.));
#7744 = ( GEOMETRIC_REPRESENTATION_CONTEXT(2) 
PARAMETRIC_REPRESENTATION_CONTEXT() REPRESENTATION_CONTEXT('2D SPACE',''
  ) );
#7745 = PCURVE('',#2445,#7746);
#7746 = DEFINITIONAL_REPRESENTATION('',(#7747),#7751);
#7747 = LINE('',#7748,#7749);
#7748 = CARTESIAN_POINT('',(0.,0.));
#7749 = VECTOR('',#7750,1.);
#7750 = DIRECTION('',(0.,-1.));
#7751 = ( GEOMETRIC_REPRESENTATION_CONTEXT(2) 
PARAMETRIC_REPRESENTATION_CONTEXT() REPRESENTATION_CONTEXT('2D SPACE',''
  ) );
#7752 = ADVANCED_FACE('',(#7753),#2445,.T.);
#7753 = FACE_BOUND('',#7754,.T.);
#7754 = EDGE_LOOP('',(#7755,#7756,#7757,#7778));
#7755 = ORIENTED_EDGE('',*,*,#2430,.T.);
#7756 = ORIENTED_EDGE('',*,*,#7732,.T.);
#7757 = ORIENTED_EDGE('',*,*,#7758,.T.);
#7758 = EDGE_CURVE('',#7710,#4713,#7759,.T.);
#7759 = SURFACE_CURVE('',#7760,(#7764,#7771),.PCURVE_S1.);
#7760 = LINE('',#7761,#7762);
#7761 = CARTESIAN_POINT('',(2.1,0.875,0.2));
#7762 = VECTOR('',#7763,1.);
#7763 = DIRECTION('',(1.,0.,0.));
#7764 = PCURVE('',#2445,#7765);
#7765 = DEFINITIONAL_REPRESENTATION('',(#7766),#7770);
#7766 = LINE('',#7767,#7768);
#7767 = CARTESIAN_POINT('',(0.,-0.2));
#7768 = VECTOR('',#7769,1.);
#7769 = DIRECTION('',(1.,0.));
#7770 = ( GEOMETRIC_REPRESENTATION_CONTEXT(2) 
PARAMETRIC_REPRESENTATION_CONTEXT() REPRESENTATION_CONTEXT('2D SPACE',''
  ) );
#7771 = PCURVE('',#4728,#7772);
#7772 = DEFINITIONAL_REPRESENTATION('',(#7773),#7777);
#7773 = LINE('',#7774,#7775);
#7774 = CARTESIAN_POINT('',(-0.2,-0.125));
#7775 = VECTOR('',#7776,1.);
#7776 = DIRECTION('',(1.,0.));
#7777 = ( GEOMETRIC_REPRESENTATION_CONTEXT(2) 
PARAMETRIC_REPRESENTATION_CONTEXT() REPRESENTATION_CONTEXT('2D SPACE',''
  ) );
#7778 = ORIENTED_EDGE('',*,*,#4740,.F.);
#7779 = ADVANCED_FACE('',(#7780),#2396,.T.);
#7780 = FACE_BOUND('',#7781,.T.);
#7781 = EDGE_LOOP('',(#7782,#7783,#7784,#7807));
#7782 = ORIENTED_EDGE('',*,*,#2381,.T.);
#7783 = ORIENTED_EDGE('',*,*,#4762,.T.);
#7784 = ORIENTED_EDGE('',*,*,#7785,.T.);
#7785 = EDGE_CURVE('',#4763,#7786,#7788,.T.);
#7786 = VERTEX_POINT('',#7787);
#7787 = CARTESIAN_POINT('',(2.1,0.625,0.2));
#7788 = SURFACE_CURVE('',#7789,(#7793,#7800),.PCURVE_S1.);
#7789 = LINE('',#7790,#7791);
#7790 = CARTESIAN_POINT('',(2.5,0.625,0.2));
#7791 = VECTOR('',#7792,1.);
#7792 = DIRECTION('',(-1.,0.,0.));
#7793 = PCURVE('',#2396,#7794);
#7794 = DEFINITIONAL_REPRESENTATION('',(#7795),#7799);
#7795 = LINE('',#7796,#7797);
#7796 = CARTESIAN_POINT('',(0.,-0.2));
#7797 = VECTOR('',#7798,1.);
#7798 = DIRECTION('',(1.,0.));
#7799 = ( GEOMETRIC_REPRESENTATION_CONTEXT(2) 
PARAMETRIC_REPRESENTATION_CONTEXT() REPRESENTATION_CONTEXT('2D SPACE',''
  ) );
#7800 = PCURVE('',#4801,#7801);
#7801 = DEFINITIONAL_REPRESENTATION('',(#7802),#7806);
#7802 = LINE('',#7803,#7804);
#7803 = CARTESIAN_POINT('',(0.2,0.125));
#7804 = VECTOR('',#7805,1.);
#7805 = DIRECTION('',(-1.,0.));
#7806 = ( GEOMETRIC_REPRESENTATION_CONTEXT(2) 
PARAMETRIC_REPRESENTATION_CONTEXT() REPRESENTATION_CONTEXT('2D SPACE',''
  ) );
#7807 = ORIENTED_EDGE('',*,*,#7808,.F.);
#7808 = EDGE_CURVE('',#2356,#7786,#7809,.T.);
#7809 = SURFACE_CURVE('',#7810,(#7814,#7821),.PCURVE_S1.);
#7810 = LINE('',#7811,#7812);
#7811 = CARTESIAN_POINT('',(2.1,0.625,0.));
#7812 = VECTOR('',#7813,1.);
#7813 = DIRECTION('',(0.,0.,1.));
#7814 = PCURVE('',#2396,#7815);
#7815 = DEFINITIONAL_REPRESENTATION('',(#7816),#7820);
#7816 = LINE('',#7817,#7818);
#7817 = CARTESIAN_POINT('',(0.4,0.));
#7818 = VECTOR('',#7819,1.);
#7819 = DIRECTION('',(0.,-1.));
#7820 = ( GEOMETRIC_REPRESENTATION_CONTEXT(2) 
PARAMETRIC_REPRESENTATION_CONTEXT() REPRESENTATION_CONTEXT('2D SPACE',''
  ) );
#7821 = PCURVE('',#2370,#7822);
#7822 = DEFINITIONAL_REPRESENTATION('',(#7823),#7827);
#7823 = LINE('',#7824,#7825);
#7824 = CARTESIAN_POINT('',(0.,0.));
#7825 = VECTOR('',#7826,1.);
#7826 = DIRECTION('',(0.,-1.));
#7827 = ( GEOMETRIC_REPRESENTATION_CONTEXT(2) 
PARAMETRIC_REPRESENTATION_CONTEXT() REPRESENTATION_CONTEXT('2D SPACE',''
  ) );
#7828 = ADVANCED_FACE('',(#7829),#2370,.T.);
#7829 = FACE_BOUND('',#7830,.T.);
#7830 = EDGE_LOOP('',(#7831,#7832,#7833,#7856));
#7831 = ORIENTED_EDGE('',*,*,#2355,.T.);
#7832 = ORIENTED_EDGE('',*,*,#7808,.T.);
#7833 = ORIENTED_EDGE('',*,*,#7834,.T.);
#7834 = EDGE_CURVE('',#7786,#7835,#7837,.T.);
#7835 = VERTEX_POINT('',#7836);
#7836 = CARTESIAN_POINT('',(2.1,0.375,0.2));
#7837 = SURFACE_CURVE('',#7838,(#7842,#7849),.PCURVE_S1.);
#7838 = LINE('',#7839,#7840);
#7839 = CARTESIAN_POINT('',(2.1,0.625,0.2));
#7840 = VECTOR('',#7841,1.);
#7841 = DIRECTION('',(0.,-1.,0.));
#7842 = PCURVE('',#2370,#7843);
#7843 = DEFINITIONAL_REPRESENTATION('',(#7844),#7848);
#7844 = LINE('',#7845,#7846);
#7845 = CARTESIAN_POINT('',(0.,-0.2));
#7846 = VECTOR('',#7847,1.);
#7847 = DIRECTION('',(1.,0.));
#7848 = ( GEOMETRIC_REPRESENTATION_CONTEXT(2) 
PARAMETRIC_REPRESENTATION_CONTEXT() REPRESENTATION_CONTEXT('2D SPACE',''
  ) );
#7849 = PCURVE('',#4801,#7850);
#7850 = DEFINITIONAL_REPRESENTATION('',(#7851),#7855);
#7851 = LINE('',#7852,#7853);
#7852 = CARTESIAN_POINT('',(-0.2,0.125));
#7853 = VECTOR('',#7854,1.);
#7854 = DIRECTION('',(0.,-1.));
#7855 = ( GEOMETRIC_REPRESENTATION_CONTEXT(2) 
PARAMETRIC_REPRESENTATION_CONTEXT() REPRESENTATION_CONTEXT('2D SPACE',''
  ) );
#7856 = ORIENTED_EDGE('',*,*,#7857,.F.);
#7857 = EDGE_CURVE('',#2330,#7835,#7858,.T.);
#7858 = SURFACE_CURVE('',#7859,(#7863,#7870),.PCURVE_S1.);
#7859 = LINE('',#7860,#7861);
#7860 = CARTESIAN_POINT('',(2.1,0.375,0.));
#7861 = VECTOR('',#7862,1.);
#7862 = DIRECTION('',(0.,0.,1.));
#7863 = PCURVE('',#2370,#7864);
#7864 = DEFINITIONAL_REPRESENTATION('',(#7865),#7869);
#7865 = LINE('',#7866,#7867);
#7866 = CARTESIAN_POINT('',(0.25,0.));
#7867 = VECTOR('',#7868,1.);
#7868 = DIRECTION('',(0.,-1.));
#7869 = ( GEOMETRIC_REPRESENTATION_CONTEXT(2) 
PARAMETRIC_REPRESENTATION_CONTEXT() REPRESENTATION_CONTEXT('2D SPACE',''
  ) );
#7870 = PCURVE('',#2344,#7871);
#7871 = DEFINITIONAL_REPRESENTATION('',(#7872),#7876);
#7872 = LINE('',#7873,#7874);
#7873 = CARTESIAN_POINT('',(0.,0.));
#7874 = VECTOR('',#7875,1.);
#7875 = DIRECTION('',(0.,-1.));
#7876 = ( GEOMETRIC_REPRESENTATION_CONTEXT(2) 
PARAMETRIC_REPRESENTATION_CONTEXT() REPRESENTATION_CONTEXT('2D SPACE',''
  ) );
#7877 = ADVANCED_FACE('',(#7878),#2344,.T.);
#7878 = FACE_BOUND('',#7879,.T.);
#7879 = EDGE_LOOP('',(#7880,#7881,#7882,#7903));
#7880 = ORIENTED_EDGE('',*,*,#2329,.T.);
#7881 = ORIENTED_EDGE('',*,*,#7857,.T.);
#7882 = ORIENTED_EDGE('',*,*,#7883,.T.);
#7883 = EDGE_CURVE('',#7835,#4786,#7884,.T.);
#7884 = SURFACE_CURVE('',#7885,(#7889,#7896),.PCURVE_S1.);
#7885 = LINE('',#7886,#7887);
#7886 = CARTESIAN_POINT('',(2.1,0.375,0.2));
#7887 = VECTOR('',#7888,1.);
#7888 = DIRECTION('',(1.,0.,0.));
#7889 = PCURVE('',#2344,#7890);
#7890 = DEFINITIONAL_REPRESENTATION('',(#7891),#7895);
#7891 = LINE('',#7892,#7893);
#7892 = CARTESIAN_POINT('',(0.,-0.2));
#7893 = VECTOR('',#7894,1.);
#7894 = DIRECTION('',(1.,0.));
#7895 = ( GEOMETRIC_REPRESENTATION_CONTEXT(2) 
PARAMETRIC_REPRESENTATION_CONTEXT() REPRESENTATION_CONTEXT('2D SPACE',''
  ) );
#7896 = PCURVE('',#4801,#7897);
#7897 = DEFINITIONAL_REPRESENTATION('',(#7898),#7902);
#7898 = LINE('',#7899,#7900);
#7899 = CARTESIAN_POINT('',(-0.2,-0.125));
#7900 = VECTOR('',#7901,1.);
#7901 = DIRECTION('',(1.,0.));
#7902 = ( GEOMETRIC_REPRESENTATION_CONTEXT(2) 
PARAMETRIC_REPRESENTATION_CONTEXT() REPRESENTATION_CONTEXT('2D SPACE',''
  ) );
#7903 = ORIENTED_EDGE('',*,*,#4813,.F.);
#7904 = ADVANCED_FACE('',(#7905),#2295,.T.);
#7905 = FACE_BOUND('',#7906,.T.);
#7906 = EDGE_LOOP('',(#7907,#7908,#7909,#7932));
#7907 = ORIENTED_EDGE('',*,*,#2280,.T.);
#7908 = ORIENTED_EDGE('',*,*,#4835,.T.);
#7909 = ORIENTED_EDGE('',*,*,#7910,.T.);
#7910 = EDGE_CURVE('',#4836,#7911,#7913,.T.);
#7911 = VERTEX_POINT('',#7912);
#7912 = CARTESIAN_POINT('',(2.1,0.125,0.2));
#7913 = SURFACE_CURVE('',#7914,(#7918,#7925),.PCURVE_S1.);
#7914 = LINE('',#7915,#7916);
#7915 = CARTESIAN_POINT('',(2.5,0.125,0.2));
#7916 = VECTOR('',#7917,1.);
#7917 = DIRECTION('',(-1.,0.,0.));
#7918 = PCURVE('',#2295,#7919);
#7919 = DEFINITIONAL_REPRESENTATION('',(#7920),#7924);
#7920 = LINE('',#7921,#7922);
#7921 = CARTESIAN_POINT('',(0.,-0.2));
#7922 = VECTOR('',#7923,1.);
#7923 = DIRECTION('',(1.,0.));
#7924 = ( GEOMETRIC_REPRESENTATION_CONTEXT(2) 
PARAMETRIC_REPRESENTATION_CONTEXT() REPRESENTATION_CONTEXT('2D SPACE',''
  ) );
#7925 = PCURVE('',#4874,#7926);
#7926 = DEFINITIONAL_REPRESENTATION('',(#7927),#7931);
#7927 = LINE('',#7928,#7929);
#7928 = CARTESIAN_POINT('',(0.2,0.125));
#7929 = VECTOR('',#7930,1.);
#7930 = DIRECTION('',(-1.,0.));
#7931 = ( GEOMETRIC_REPRESENTATION_CONTEXT(2) 
PARAMETRIC_REPRESENTATION_CONTEXT() REPRESENTATION_CONTEXT('2D SPACE',''
  ) );
#7932 = ORIENTED_EDGE('',*,*,#7933,.F.);
#7933 = EDGE_CURVE('',#2255,#7911,#7934,.T.);
#7934 = SURFACE_CURVE('',#7935,(#7939,#7946),.PCURVE_S1.);
#7935 = LINE('',#7936,#7937);
#7936 = CARTESIAN_POINT('',(2.1,0.125,0.));
#7937 = VECTOR('',#7938,1.);
#7938 = DIRECTION('',(0.,0.,1.));
#7939 = PCURVE('',#2295,#7940);
#7940 = DEFINITIONAL_REPRESENTATION('',(#7941),#7945);
#7941 = LINE('',#7942,#7943);
#7942 = CARTESIAN_POINT('',(0.4,0.));
#7943 = VECTOR('',#7944,1.);
#7944 = DIRECTION('',(0.,-1.));
#7945 = ( GEOMETRIC_REPRESENTATION_CONTEXT(2) 
PARAMETRIC_REPRESENTATION_CONTEXT() REPRESENTATION_CONTEXT('2D SPACE',''
  ) );
#7946 = PCURVE('',#2269,#7947);
#7947 = DEFINITIONAL_REPRESENTATION('',(#7948),#7952);
#7948 = LINE('',#7949,#7950);
#7949 = CARTESIAN_POINT('',(0.,0.));
#7950 = VECTOR('',#7951,1.);
#7951 = DIRECTION('',(0.,-1.));
#7952 = ( GEOMETRIC_REPRESENTATION_CONTEXT(2) 
PARAMETRIC_REPRESENTATION_CONTEXT() REPRESENTATION_CONTEXT('2D SPACE',''
  ) );
#7953 = ADVANCED_FACE('',(#7954),#2269,.T.);
#7954 = FACE_BOUND('',#7955,.T.);
#7955 = EDGE_LOOP('',(#7956,#7957,#7958,#7981));
#7956 = ORIENTED_EDGE('',*,*,#2254,.T.);
#7957 = ORIENTED_EDGE('',*,*,#7933,.T.);
#7958 = ORIENTED_EDGE('',*,*,#7959,.T.);
#7959 = EDGE_CURVE('',#7911,#7960,#7962,.T.);
#7960 = VERTEX_POINT('',#7961);
#7961 = CARTESIAN_POINT('',(2.1,-0.125,0.2));
#7962 = SURFACE_CURVE('',#7963,(#7967,#7974),.PCURVE_S1.);
#7963 = LINE('',#7964,#7965);
#7964 = CARTESIAN_POINT('',(2.1,0.125,0.2));
#7965 = VECTOR('',#7966,1.);
#7966 = DIRECTION('',(0.,-1.,0.));
#7967 = PCURVE('',#2269,#7968);
#7968 = DEFINITIONAL_REPRESENTATION('',(#7969),#7973);
#7969 = LINE('',#7970,#7971);
#7970 = CARTESIAN_POINT('',(0.,-0.2));
#7971 = VECTOR('',#7972,1.);
#7972 = DIRECTION('',(1.,0.));
#7973 = ( GEOMETRIC_REPRESENTATION_CONTEXT(2) 
PARAMETRIC_REPRESENTATION_CONTEXT() REPRESENTATION_CONTEXT('2D SPACE',''
  ) );
#7974 = PCURVE('',#4874,#7975);
#7975 = DEFINITIONAL_REPRESENTATION('',(#7976),#7980);
#7976 = LINE('',#7977,#7978);
#7977 = CARTESIAN_POINT('',(-0.2,0.125));
#7978 = VECTOR('',#7979,1.);
#7979 = DIRECTION('',(0.,-1.));
#7980 = ( GEOMETRIC_REPRESENTATION_CONTEXT(2) 
PARAMETRIC_REPRESENTATION_CONTEXT() REPRESENTATION_CONTEXT('2D SPACE',''
  ) );
#7981 = ORIENTED_EDGE('',*,*,#7982,.F.);
#7982 = EDGE_CURVE('',#2229,#7960,#7983,.T.);
#7983 = SURFACE_CURVE('',#7984,(#7988,#7995),.PCURVE_S1.);
#7984 = LINE('',#7985,#7986);
#7985 = CARTESIAN_POINT('',(2.1,-0.125,0.));
#7986 = VECTOR('',#7987,1.);
#7987 = DIRECTION('',(0.,0.,1.));
#7988 = PCURVE('',#2269,#7989);
#7989 = DEFINITIONAL_REPRESENTATION('',(#7990),#7994);
#7990 = LINE('',#7991,#7992);
#7991 = CARTESIAN_POINT('',(0.25,0.));
#7992 = VECTOR('',#7993,1.);
#7993 = DIRECTION('',(0.,-1.));
#7994 = ( GEOMETRIC_REPRESENTATION_CONTEXT(2) 
PARAMETRIC_REPRESENTATION_CONTEXT() REPRESENTATION_CONTEXT('2D SPACE',''
  ) );
#7995 = PCURVE('',#2243,#7996);
#7996 = DEFINITIONAL_REPRESENTATION('',(#7997),#8001);
#7997 = LINE('',#7998,#7999);
#7998 = CARTESIAN_POINT('',(0.,0.));
#7999 = VECTOR('',#8000,1.);
#8000 = DIRECTION('',(0.,-1.));
#8001 = ( GEOMETRIC_REPRESENTATION_CONTEXT(2) 
PARAMETRIC_REPRESENTATION_CONTEXT() REPRESENTATION_CONTEXT('2D SPACE',''
  ) );
#8002 = ADVANCED_FACE('',(#8003),#2243,.T.);
#8003 = FACE_BOUND('',#8004,.T.);
#8004 = EDGE_LOOP('',(#8005,#8006,#8007,#8028));
#8005 = ORIENTED_EDGE('',*,*,#2228,.T.);
#8006 = ORIENTED_EDGE('',*,*,#7982,.T.);
#8007 = ORIENTED_EDGE('',*,*,#8008,.T.);
#8008 = EDGE_CURVE('',#7960,#4859,#8009,.T.);
#8009 = SURFACE_CURVE('',#8010,(#8014,#8021),.PCURVE_S1.);
#8010 = LINE('',#8011,#8012);
#8011 = CARTESIAN_POINT('',(2.1,-0.125,0.2));
#8012 = VECTOR('',#8013,1.);
#8013 = DIRECTION('',(1.,0.,0.));
#8014 = PCURVE('',#2243,#8015);
#8015 = DEFINITIONAL_REPRESENTATION('',(#8016),#8020);
#8016 = LINE('',#8017,#8018);
#8017 = CARTESIAN_POINT('',(0.,-0.2));
#8018 = VECTOR('',#8019,1.);
#8019 = DIRECTION('',(1.,0.));
#8020 = ( GEOMETRIC_REPRESENTATION_CONTEXT(2) 
PARAMETRIC_REPRESENTATION_CONTEXT() REPRESENTATION_CONTEXT('2D SPACE',''
  ) );
#8021 = PCURVE('',#4874,#8022);
#8022 = DEFINITIONAL_REPRESENTATION('',(#8023),#8027);
#8023 = LINE('',#8024,#8025);
#8024 = CARTESIAN_POINT('',(-0.2,-0.125));
#8025 = VECTOR('',#8026,1.);
#8026 = DIRECTION('',(1.,0.));
#8027 = ( GEOMETRIC_REPRESENTATION_CONTEXT(2) 
PARAMETRIC_REPRESENTATION_CONTEXT() REPRESENTATION_CONTEXT('2D SPACE',''
  ) );
#8028 = ORIENTED_EDGE('',*,*,#4886,.F.);
#8029 = ADVANCED_FACE('',(#8030),#2194,.T.);
#8030 = FACE_BOUND('',#8031,.T.);
#8031 = EDGE_LOOP('',(#8032,#8033,#8034,#8057));
#8032 = ORIENTED_EDGE('',*,*,#2179,.T.);
#8033 = ORIENTED_EDGE('',*,*,#4908,.T.);
#8034 = ORIENTED_EDGE('',*,*,#8035,.T.);
#8035 = EDGE_CURVE('',#4909,#8036,#8038,.T.);
#8036 = VERTEX_POINT('',#8037);
#8037 = CARTESIAN_POINT('',(2.1,-0.375,0.2));
#8038 = SURFACE_CURVE('',#8039,(#8043,#8050),.PCURVE_S1.);
#8039 = LINE('',#8040,#8041);
#8040 = CARTESIAN_POINT('',(2.5,-0.375,0.2));
#8041 = VECTOR('',#8042,1.);
#8042 = DIRECTION('',(-1.,0.,0.));
#8043 = PCURVE('',#2194,#8044);
#8044 = DEFINITIONAL_REPRESENTATION('',(#8045),#8049);
#8045 = LINE('',#8046,#8047);
#8046 = CARTESIAN_POINT('',(0.,-0.2));
#8047 = VECTOR('',#8048,1.);
#8048 = DIRECTION('',(1.,0.));
#8049 = ( GEOMETRIC_REPRESENTATION_CONTEXT(2) 
PARAMETRIC_REPRESENTATION_CONTEXT() REPRESENTATION_CONTEXT('2D SPACE',''
  ) );
#8050 = PCURVE('',#4947,#8051);
#8051 = DEFINITIONAL_REPRESENTATION('',(#8052),#8056);
#8052 = LINE('',#8053,#8054);
#8053 = CARTESIAN_POINT('',(0.2,0.125));
#8054 = VECTOR('',#8055,1.);
#8055 = DIRECTION('',(-1.,0.));
#8056 = ( GEOMETRIC_REPRESENTATION_CONTEXT(2) 
PARAMETRIC_REPRESENTATION_CONTEXT() REPRESENTATION_CONTEXT('2D SPACE',''
  ) );
#8057 = ORIENTED_EDGE('',*,*,#8058,.F.);
#8058 = EDGE_CURVE('',#2154,#8036,#8059,.T.);
#8059 = SURFACE_CURVE('',#8060,(#8064,#8071),.PCURVE_S1.);
#8060 = LINE('',#8061,#8062);
#8061 = CARTESIAN_POINT('',(2.1,-0.375,0.));
#8062 = VECTOR('',#8063,1.);
#8063 = DIRECTION('',(0.,0.,1.));
#8064 = PCURVE('',#2194,#8065);
#8065 = DEFINITIONAL_REPRESENTATION('',(#8066),#8070);
#8066 = LINE('',#8067,#8068);
#8067 = CARTESIAN_POINT('',(0.4,0.));
#8068 = VECTOR('',#8069,1.);
#8069 = DIRECTION('',(0.,-1.));
#8070 = ( GEOMETRIC_REPRESENTATION_CONTEXT(2) 
PARAMETRIC_REPRESENTATION_CONTEXT() REPRESENTATION_CONTEXT('2D SPACE',''
  ) );
#8071 = PCURVE('',#2168,#8072);
#8072 = DEFINITIONAL_REPRESENTATION('',(#8073),#8077);
#8073 = LINE('',#8074,#8075);
#8074 = CARTESIAN_POINT('',(0.,0.));
#8075 = VECTOR('',#8076,1.);
#8076 = DIRECTION('',(0.,-1.));
#8077 = ( GEOMETRIC_REPRESENTATION_CONTEXT(2) 
PARAMETRIC_REPRESENTATION_CONTEXT() REPRESENTATION_CONTEXT('2D SPACE',''
  ) );
#8078 = ADVANCED_FACE('',(#8079),#2168,.T.);
#8079 = FACE_BOUND('',#8080,.T.);
#8080 = EDGE_LOOP('',(#8081,#8082,#8083,#8106));
#8081 = ORIENTED_EDGE('',*,*,#2153,.T.);
#8082 = ORIENTED_EDGE('',*,*,#8058,.T.);
#8083 = ORIENTED_EDGE('',*,*,#8084,.T.);
#8084 = EDGE_CURVE('',#8036,#8085,#8087,.T.);
#8085 = VERTEX_POINT('',#8086);
#8086 = CARTESIAN_POINT('',(2.1,-0.625,0.2));
#8087 = SURFACE_CURVE('',#8088,(#8092,#8099),.PCURVE_S1.);
#8088 = LINE('',#8089,#8090);
#8089 = CARTESIAN_POINT('',(2.1,-0.375,0.2));
#8090 = VECTOR('',#8091,1.);
#8091 = DIRECTION('',(0.,-1.,0.));
#8092 = PCURVE('',#2168,#8093);
#8093 = DEFINITIONAL_REPRESENTATION('',(#8094),#8098);
#8094 = LINE('',#8095,#8096);
#8095 = CARTESIAN_POINT('',(0.,-0.2));
#8096 = VECTOR('',#8097,1.);
#8097 = DIRECTION('',(1.,0.));
#8098 = ( GEOMETRIC_REPRESENTATION_CONTEXT(2) 
PARAMETRIC_REPRESENTATION_CONTEXT() REPRESENTATION_CONTEXT('2D SPACE',''
  ) );
#8099 = PCURVE('',#4947,#8100);
#8100 = DEFINITIONAL_REPRESENTATION('',(#8101),#8105);
#8101 = LINE('',#8102,#8103);
#8102 = CARTESIAN_POINT('',(-0.2,0.125));
#8103 = VECTOR('',#8104,1.);
#8104 = DIRECTION('',(0.,-1.));
#8105 = ( GEOMETRIC_REPRESENTATION_CONTEXT(2) 
PARAMETRIC_REPRESENTATION_CONTEXT() REPRESENTATION_CONTEXT('2D SPACE',''
  ) );
#8106 = ORIENTED_EDGE('',*,*,#8107,.F.);
#8107 = EDGE_CURVE('',#2128,#8085,#8108,.T.);
#8108 = SURFACE_CURVE('',#8109,(#8113,#8120),.PCURVE_S1.);
#8109 = LINE('',#8110,#8111);
#8110 = CARTESIAN_POINT('',(2.1,-0.625,0.));
#8111 = VECTOR('',#8112,1.);
#8112 = DIRECTION('',(0.,0.,1.));
#8113 = PCURVE('',#2168,#8114);
#8114 = DEFINITIONAL_REPRESENTATION('',(#8115),#8119);
#8115 = LINE('',#8116,#8117);
#8116 = CARTESIAN_POINT('',(0.25,0.));
#8117 = VECTOR('',#8118,1.);
#8118 = DIRECTION('',(0.,-1.));
#8119 = ( GEOMETRIC_REPRESENTATION_CONTEXT(2) 
PARAMETRIC_REPRESENTATION_CONTEXT() REPRESENTATION_CONTEXT('2D SPACE',''
  ) );
#8120 = PCURVE('',#2142,#8121);
#8121 = DEFINITIONAL_REPRESENTATION('',(#8122),#8126);
#8122 = LINE('',#8123,#8124);
#8123 = CARTESIAN_POINT('',(0.,0.));
#8124 = VECTOR('',#8125,1.);
#8125 = DIRECTION('',(0.,-1.));
#8126 = ( GEOMETRIC_REPRESENTATION_CONTEXT(2) 
PARAMETRIC_REPRESENTATION_CONTEXT() REPRESENTATION_CONTEXT('2D SPACE',''
  ) );
#8127 = ADVANCED_FACE('',(#8128),#2142,.T.);
#8128 = FACE_BOUND('',#8129,.T.);
#8129 = EDGE_LOOP('',(#8130,#8131,#8132,#8153));
#8130 = ORIENTED_EDGE('',*,*,#2127,.T.);
#8131 = ORIENTED_EDGE('',*,*,#8107,.T.);
#8132 = ORIENTED_EDGE('',*,*,#8133,.T.);
#8133 = EDGE_CURVE('',#8085,#4932,#8134,.T.);
#8134 = SURFACE_CURVE('',#8135,(#8139,#8146),.PCURVE_S1.);
#8135 = LINE('',#8136,#8137);
#8136 = CARTESIAN_POINT('',(2.1,-0.625,0.2));
#8137 = VECTOR('',#8138,1.);
#8138 = DIRECTION('',(1.,0.,0.));
#8139 = PCURVE('',#2142,#8140);
#8140 = DEFINITIONAL_REPRESENTATION('',(#8141),#8145);
#8141 = LINE('',#8142,#8143);
#8142 = CARTESIAN_POINT('',(0.,-0.2));
#8143 = VECTOR('',#8144,1.);
#8144 = DIRECTION('',(1.,0.));
#8145 = ( GEOMETRIC_REPRESENTATION_CONTEXT(2) 
PARAMETRIC_REPRESENTATION_CONTEXT() REPRESENTATION_CONTEXT('2D SPACE',''
  ) );
#8146 = PCURVE('',#4947,#8147);
#8147 = DEFINITIONAL_REPRESENTATION('',(#8148),#8152);
#8148 = LINE('',#8149,#8150);
#8149 = CARTESIAN_POINT('',(-0.2,-0.125));
#8150 = VECTOR('',#8151,1.);
#8151 = DIRECTION('',(1.,0.));
#8152 = ( GEOMETRIC_REPRESENTATION_CONTEXT(2) 
PARAMETRIC_REPRESENTATION_CONTEXT() REPRESENTATION_CONTEXT('2D SPACE',''
  ) );
#8153 = ORIENTED_EDGE('',*,*,#4959,.F.);
#8154 = ADVANCED_FACE('',(#8155),#2093,.T.);
#8155 = FACE_BOUND('',#8156,.T.);
#8156 = EDGE_LOOP('',(#8157,#8158,#8159,#8182));
#8157 = ORIENTED_EDGE('',*,*,#2078,.T.);
#8158 = ORIENTED_EDGE('',*,*,#4981,.T.);
#8159 = ORIENTED_EDGE('',*,*,#8160,.T.);
#8160 = EDGE_CURVE('',#4982,#8161,#8163,.T.);
#8161 = VERTEX_POINT('',#8162);
#8162 = CARTESIAN_POINT('',(2.1,-0.875,0.2));
#8163 = SURFACE_CURVE('',#8164,(#8168,#8175),.PCURVE_S1.);
#8164 = LINE('',#8165,#8166);
#8165 = CARTESIAN_POINT('',(2.5,-0.875,0.2));
#8166 = VECTOR('',#8167,1.);
#8167 = DIRECTION('',(-1.,0.,0.));
#8168 = PCURVE('',#2093,#8169);
#8169 = DEFINITIONAL_REPRESENTATION('',(#8170),#8174);
#8170 = LINE('',#8171,#8172);
#8171 = CARTESIAN_POINT('',(0.,-0.2));
#8172 = VECTOR('',#8173,1.);
#8173 = DIRECTION('',(1.,0.));
#8174 = ( GEOMETRIC_REPRESENTATION_CONTEXT(2) 
PARAMETRIC_REPRESENTATION_CONTEXT() REPRESENTATION_CONTEXT('2D SPACE',''
  ) );
#8175 = PCURVE('',#5020,#8176);
#8176 = DEFINITIONAL_REPRESENTATION('',(#8177),#8181);
#8177 = LINE('',#8178,#8179);
#8178 = CARTESIAN_POINT('',(0.2,0.125));
#8179 = VECTOR('',#8180,1.);
#8180 = DIRECTION('',(-1.,0.));
#8181 = ( GEOMETRIC_REPRESENTATION_CONTEXT(2) 
PARAMETRIC_REPRESENTATION_CONTEXT() REPRESENTATION_CONTEXT('2D SPACE',''
  ) );
#8182 = ORIENTED_EDGE('',*,*,#8183,.F.);
#8183 = EDGE_CURVE('',#2053,#8161,#8184,.T.);
#8184 = SURFACE_CURVE('',#8185,(#8189,#8196),.PCURVE_S1.);
#8185 = LINE('',#8186,#8187);
#8186 = CARTESIAN_POINT('',(2.1,-0.875,0.));
#8187 = VECTOR('',#8188,1.);
#8188 = DIRECTION('',(0.,0.,1.));
#8189 = PCURVE('',#2093,#8190);
#8190 = DEFINITIONAL_REPRESENTATION('',(#8191),#8195);
#8191 = LINE('',#8192,#8193);
#8192 = CARTESIAN_POINT('',(0.4,0.));
#8193 = VECTOR('',#8194,1.);
#8194 = DIRECTION('',(0.,-1.));
#8195 = ( GEOMETRIC_REPRESENTATION_CONTEXT(2) 
PARAMETRIC_REPRESENTATION_CONTEXT() REPRESENTATION_CONTEXT('2D SPACE',''
  ) );
#8196 = PCURVE('',#2067,#8197);
#8197 = DEFINITIONAL_REPRESENTATION('',(#8198),#8202);
#8198 = LINE('',#8199,#8200);
#8199 = CARTESIAN_POINT('',(0.,0.));
#8200 = VECTOR('',#8201,1.);
#8201 = DIRECTION('',(0.,-1.));
#8202 = ( GEOMETRIC_REPRESENTATION_CONTEXT(2) 
PARAMETRIC_REPRESENTATION_CONTEXT() REPRESENTATION_CONTEXT('2D SPACE',''
  ) );
#8203 = ADVANCED_FACE('',(#8204),#2067,.T.);
#8204 = FACE_BOUND('',#8205,.T.);
#8205 = EDGE_LOOP('',(#8206,#8207,#8208,#8231));
#8206 = ORIENTED_EDGE('',*,*,#2052,.T.);
#8207 = ORIENTED_EDGE('',*,*,#8183,.T.);
#8208 = ORIENTED_EDGE('',*,*,#8209,.T.);
#8209 = EDGE_CURVE('',#8161,#8210,#8212,.T.);
#8210 = VERTEX_POINT('',#8211);
#8211 = CARTESIAN_POINT('',(2.1,-1.125,0.2));
#8212 = SURFACE_CURVE('',#8213,(#8217,#8224),.PCURVE_S1.);
#8213 = LINE('',#8214,#8215);
#8214 = CARTESIAN_POINT('',(2.1,-0.875,0.2));
#8215 = VECTOR('',#8216,1.);
#8216 = DIRECTION('',(0.,-1.,0.));
#8217 = PCURVE('',#2067,#8218);
#8218 = DEFINITIONAL_REPRESENTATION('',(#8219),#8223);
#8219 = LINE('',#8220,#8221);
#8220 = CARTESIAN_POINT('',(0.,-0.2));
#8221 = VECTOR('',#8222,1.);
#8222 = DIRECTION('',(1.,0.));
#8223 = ( GEOMETRIC_REPRESENTATION_CONTEXT(2) 
PARAMETRIC_REPRESENTATION_CONTEXT() REPRESENTATION_CONTEXT('2D SPACE',''
  ) );
#8224 = PCURVE('',#5020,#8225);
#8225 = DEFINITIONAL_REPRESENTATION('',(#8226),#8230);
#8226 = LINE('',#8227,#8228);
#8227 = CARTESIAN_POINT('',(-0.2,0.125));
#8228 = VECTOR('',#8229,1.);
#8229 = DIRECTION('',(0.,-1.));
#8230 = ( GEOMETRIC_REPRESENTATION_CONTEXT(2) 
PARAMETRIC_REPRESENTATION_CONTEXT() REPRESENTATION_CONTEXT('2D SPACE',''
  ) );
#8231 = ORIENTED_EDGE('',*,*,#8232,.F.);
#8232 = EDGE_CURVE('',#2027,#8210,#8233,.T.);
#8233 = SURFACE_CURVE('',#8234,(#8238,#8245),.PCURVE_S1.);
#8234 = LINE('',#8235,#8236);
#8235 = CARTESIAN_POINT('',(2.1,-1.125,0.));
#8236 = VECTOR('',#8237,1.);
#8237 = DIRECTION('',(0.,0.,1.));
#8238 = PCURVE('',#2067,#8239);
#8239 = DEFINITIONAL_REPRESENTATION('',(#8240),#8244);
#8240 = LINE('',#8241,#8242);
#8241 = CARTESIAN_POINT('',(0.25,0.));
#8242 = VECTOR('',#8243,1.);
#8243 = DIRECTION('',(0.,-1.));
#8244 = ( GEOMETRIC_REPRESENTATION_CONTEXT(2) 
PARAMETRIC_REPRESENTATION_CONTEXT() REPRESENTATION_CONTEXT('2D SPACE',''
  ) );
#8245 = PCURVE('',#2041,#8246);
#8246 = DEFINITIONAL_REPRESENTATION('',(#8247),#8251);
#8247 = LINE('',#8248,#8249);
#8248 = CARTESIAN_POINT('',(0.,0.));
#8249 = VECTOR('',#8250,1.);
#8250 = DIRECTION('',(0.,-1.));
#8251 = ( GEOMETRIC_REPRESENTATION_CONTEXT(2) 
PARAMETRIC_REPRESENTATION_CONTEXT() REPRESENTATION_CONTEXT('2D SPACE',''
  ) );
#8252 = ADVANCED_FACE('',(#8253),#2041,.T.);
#8253 = FACE_BOUND('',#8254,.T.);
#8254 = EDGE_LOOP('',(#8255,#8256,#8257,#8278));
#8255 = ORIENTED_EDGE('',*,*,#2026,.T.);
#8256 = ORIENTED_EDGE('',*,*,#8232,.T.);
#8257 = ORIENTED_EDGE('',*,*,#8258,.T.);
#8258 = EDGE_CURVE('',#8210,#5005,#8259,.T.);
#8259 = SURFACE_CURVE('',#8260,(#8264,#8271),.PCURVE_S1.);
#8260 = LINE('',#8261,#8262);
#8261 = CARTESIAN_POINT('',(2.1,-1.125,0.2));
#8262 = VECTOR('',#8263,1.);
#8263 = DIRECTION('',(1.,0.,0.));
#8264 = PCURVE('',#2041,#8265);
#8265 = DEFINITIONAL_REPRESENTATION('',(#8266),#8270);
#8266 = LINE('',#8267,#8268);
#8267 = CARTESIAN_POINT('',(0.,-0.2));
#8268 = VECTOR('',#8269,1.);
#8269 = DIRECTION('',(1.,0.));
#8270 = ( GEOMETRIC_REPRESENTATION_CONTEXT(2) 
PARAMETRIC_REPRESENTATION_CONTEXT() REPRESENTATION_CONTEXT('2D SPACE',''
  ) );
#8271 = PCURVE('',#5020,#8272);
#8272 = DEFINITIONAL_REPRESENTATION('',(#8273),#8277);
#8273 = LINE('',#8274,#8275);
#8274 = CARTESIAN_POINT('',(-0.2,-0.125));
#8275 = VECTOR('',#8276,1.);
#8276 = DIRECTION('',(1.,0.));
#8277 = ( GEOMETRIC_REPRESENTATION_CONTEXT(2) 
PARAMETRIC_REPRESENTATION_CONTEXT() REPRESENTATION_CONTEXT('2D SPACE',''
  ) );
#8278 = ORIENTED_EDGE('',*,*,#5032,.F.);
#8279 = ADVANCED_FACE('',(#8280),#1992,.T.);
#8280 = FACE_BOUND('',#8281,.T.);
#8281 = EDGE_LOOP('',(#8282,#8283,#8284,#8307));
#8282 = ORIENTED_EDGE('',*,*,#1977,.T.);
#8283 = ORIENTED_EDGE('',*,*,#5054,.T.);
#8284 = ORIENTED_EDGE('',*,*,#8285,.T.);
#8285 = EDGE_CURVE('',#5055,#8286,#8288,.T.);
#8286 = VERTEX_POINT('',#8287);
#8287 = CARTESIAN_POINT('',(2.1,-1.375,0.2));
#8288 = SURFACE_CURVE('',#8289,(#8293,#8300),.PCURVE_S1.);
#8289 = LINE('',#8290,#8291);
#8290 = CARTESIAN_POINT('',(2.5,-1.375,0.2));
#8291 = VECTOR('',#8292,1.);
#8292 = DIRECTION('',(-1.,0.,0.));
#8293 = PCURVE('',#1992,#8294);
#8294 = DEFINITIONAL_REPRESENTATION('',(#8295),#8299);
#8295 = LINE('',#8296,#8297);
#8296 = CARTESIAN_POINT('',(0.,-0.2));
#8297 = VECTOR('',#8298,1.);
#8298 = DIRECTION('',(1.,0.));
#8299 = ( GEOMETRIC_REPRESENTATION_CONTEXT(2) 
PARAMETRIC_REPRESENTATION_CONTEXT() REPRESENTATION_CONTEXT('2D SPACE',''
  ) );
#8300 = PCURVE('',#5093,#8301);
#8301 = DEFINITIONAL_REPRESENTATION('',(#8302),#8306);
#8302 = LINE('',#8303,#8304);
#8303 = CARTESIAN_POINT('',(0.2,0.125));
#8304 = VECTOR('',#8305,1.);
#8305 = DIRECTION('',(-1.,0.));
#8306 = ( GEOMETRIC_REPRESENTATION_CONTEXT(2) 
PARAMETRIC_REPRESENTATION_CONTEXT() REPRESENTATION_CONTEXT('2D SPACE',''
  ) );
#8307 = ORIENTED_EDGE('',*,*,#8308,.F.);
#8308 = EDGE_CURVE('',#1952,#8286,#8309,.T.);
#8309 = SURFACE_CURVE('',#8310,(#8314,#8321),.PCURVE_S1.);
#8310 = LINE('',#8311,#8312);
#8311 = CARTESIAN_POINT('',(2.1,-1.375,0.));
#8312 = VECTOR('',#8313,1.);
#8313 = DIRECTION('',(0.,0.,1.));
#8314 = PCURVE('',#1992,#8315);
#8315 = DEFINITIONAL_REPRESENTATION('',(#8316),#8320);
#8316 = LINE('',#8317,#8318);
#8317 = CARTESIAN_POINT('',(0.4,0.));
#8318 = VECTOR('',#8319,1.);
#8319 = DIRECTION('',(0.,-1.));
#8320 = ( GEOMETRIC_REPRESENTATION_CONTEXT(2) 
PARAMETRIC_REPRESENTATION_CONTEXT() REPRESENTATION_CONTEXT('2D SPACE',''
  ) );
#8321 = PCURVE('',#1966,#8322);
#8322 = DEFINITIONAL_REPRESENTATION('',(#8323),#8327);
#8323 = LINE('',#8324,#8325);
#8324 = CARTESIAN_POINT('',(0.,0.));
#8325 = VECTOR('',#8326,1.);
#8326 = DIRECTION('',(0.,-1.));
#8327 = ( GEOMETRIC_REPRESENTATION_CONTEXT(2) 
PARAMETRIC_REPRESENTATION_CONTEXT() REPRESENTATION_CONTEXT('2D SPACE',''
  ) );
#8328 = ADVANCED_FACE('',(#8329),#1966,.T.);
#8329 = FACE_BOUND('',#8330,.T.);
#8330 = EDGE_LOOP('',(#8331,#8332,#8333,#8356));
#8331 = ORIENTED_EDGE('',*,*,#1951,.T.);
#8332 = ORIENTED_EDGE('',*,*,#8308,.T.);
#8333 = ORIENTED_EDGE('',*,*,#8334,.T.);
#8334 = EDGE_CURVE('',#8286,#8335,#8337,.T.);
#8335 = VERTEX_POINT('',#8336);
#8336 = CARTESIAN_POINT('',(2.1,-1.625,0.2));
#8337 = SURFACE_CURVE('',#8338,(#8342,#8349),.PCURVE_S1.);
#8338 = LINE('',#8339,#8340);
#8339 = CARTESIAN_POINT('',(2.1,-1.375,0.2));
#8340 = VECTOR('',#8341,1.);
#8341 = DIRECTION('',(0.,-1.,0.));
#8342 = PCURVE('',#1966,#8343);
#8343 = DEFINITIONAL_REPRESENTATION('',(#8344),#8348);
#8344 = LINE('',#8345,#8346);
#8345 = CARTESIAN_POINT('',(0.,-0.2));
#8346 = VECTOR('',#8347,1.);
#8347 = DIRECTION('',(1.,0.));
#8348 = ( GEOMETRIC_REPRESENTATION_CONTEXT(2) 
PARAMETRIC_REPRESENTATION_CONTEXT() REPRESENTATION_CONTEXT('2D SPACE',''
  ) );
#8349 = PCURVE('',#5093,#8350);
#8350 = DEFINITIONAL_REPRESENTATION('',(#8351),#8355);
#8351 = LINE('',#8352,#8353);
#8352 = CARTESIAN_POINT('',(-0.2,0.125));
#8353 = VECTOR('',#8354,1.);
#8354 = DIRECTION('',(0.,-1.));
#8355 = ( GEOMETRIC_REPRESENTATION_CONTEXT(2) 
PARAMETRIC_REPRESENTATION_CONTEXT() REPRESENTATION_CONTEXT('2D SPACE',''
  ) );
#8356 = ORIENTED_EDGE('',*,*,#8357,.F.);
#8357 = EDGE_CURVE('',#1926,#8335,#8358,.T.);
#8358 = SURFACE_CURVE('',#8359,(#8363,#8370),.PCURVE_S1.);
#8359 = LINE('',#8360,#8361);
#8360 = CARTESIAN_POINT('',(2.1,-1.625,0.));
#8361 = VECTOR('',#8362,1.);
#8362 = DIRECTION('',(0.,0.,1.));
#8363 = PCURVE('',#1966,#8364);
#8364 = DEFINITIONAL_REPRESENTATION('',(#8365),#8369);
#8365 = LINE('',#8366,#8367);
#8366 = CARTESIAN_POINT('',(0.25,0.));
#8367 = VECTOR('',#8368,1.);
#8368 = DIRECTION('',(0.,-1.));
#8369 = ( GEOMETRIC_REPRESENTATION_CONTEXT(2) 
PARAMETRIC_REPRESENTATION_CONTEXT() REPRESENTATION_CONTEXT('2D SPACE',''
  ) );
#8370 = PCURVE('',#1940,#8371);
#8371 = DEFINITIONAL_REPRESENTATION('',(#8372),#8376);
#8372 = LINE('',#8373,#8374);
#8373 = CARTESIAN_POINT('',(0.,0.));
#8374 = VECTOR('',#8375,1.);
#8375 = DIRECTION('',(0.,-1.));
#8376 = ( GEOMETRIC_REPRESENTATION_CONTEXT(2) 
PARAMETRIC_REPRESENTATION_CONTEXT() REPRESENTATION_CONTEXT('2D SPACE',''
  ) );
#8377 = ADVANCED_FACE('',(#8378),#1940,.T.);
#8378 = FACE_BOUND('',#8379,.T.);
#8379 = EDGE_LOOP('',(#8380,#8381,#8382,#8403));
#8380 = ORIENTED_EDGE('',*,*,#1925,.T.);
#8381 = ORIENTED_EDGE('',*,*,#8357,.T.);
#8382 = ORIENTED_EDGE('',*,*,#8383,.T.);
#8383 = EDGE_CURVE('',#8335,#5078,#8384,.T.);
#8384 = SURFACE_CURVE('',#8385,(#8389,#8396),.PCURVE_S1.);
#8385 = LINE('',#8386,#8387);
#8386 = CARTESIAN_POINT('',(2.1,-1.625,0.2));
#8387 = VECTOR('',#8388,1.);
#8388 = DIRECTION('',(1.,0.,0.));
#8389 = PCURVE('',#1940,#8390);
#8390 = DEFINITIONAL_REPRESENTATION('',(#8391),#8395);
#8391 = LINE('',#8392,#8393);
#8392 = CARTESIAN_POINT('',(0.,-0.2));
#8393 = VECTOR('',#8394,1.);
#8394 = DIRECTION('',(1.,0.));
#8395 = ( GEOMETRIC_REPRESENTATION_CONTEXT(2) 
PARAMETRIC_REPRESENTATION_CONTEXT() REPRESENTATION_CONTEXT('2D SPACE',''
  ) );
#8396 = PCURVE('',#5093,#8397);
#8397 = DEFINITIONAL_REPRESENTATION('',(#8398),#8402);
#8398 = LINE('',#8399,#8400);
#8399 = CARTESIAN_POINT('',(-0.2,-0.125));
#8400 = VECTOR('',#8401,1.);
#8401 = DIRECTION('',(1.,0.));
#8402 = ( GEOMETRIC_REPRESENTATION_CONTEXT(2) 
PARAMETRIC_REPRESENTATION_CONTEXT() REPRESENTATION_CONTEXT('2D SPACE',''
  ) );
#8403 = ORIENTED_EDGE('',*,*,#5105,.F.);
#8404 = ADVANCED_FACE('',(#8405),#1871,.T.);
#8405 = FACE_BOUND('',#8406,.T.);
#8406 = EDGE_LOOP('',(#8407,#8408,#8409,#8410));
#8407 = ORIENTED_EDGE('',*,*,#1856,.T.);
#8408 = ORIENTED_EDGE('',*,*,#4545,.T.);
#8409 = ORIENTED_EDGE('',*,*,#4517,.T.);
#8410 = ORIENTED_EDGE('',*,*,#4445,.F.);
#8411 = ADVANCED_FACE('',(#8412),#1804,.T.);
#8412 = FACE_BOUND('',#8413,.T.);
#8413 = EDGE_LOOP('',(#8414,#8415,#8416,#8417));
#8414 = ORIENTED_EDGE('',*,*,#1789,.T.);
#8415 = ORIENTED_EDGE('',*,*,#4420,.T.);
#8416 = ORIENTED_EDGE('',*,*,#4392,.T.);
#8417 = ORIENTED_EDGE('',*,*,#4320,.F.);
#8418 = ADVANCED_FACE('',(#8419),#1737,.T.);
#8419 = FACE_BOUND('',#8420,.T.);
#8420 = EDGE_LOOP('',(#8421,#8422,#8423,#8424));
#8421 = ORIENTED_EDGE('',*,*,#1722,.T.);
#8422 = ORIENTED_EDGE('',*,*,#4295,.T.);
#8423 = ORIENTED_EDGE('',*,*,#4267,.T.);
#8424 = ORIENTED_EDGE('',*,*,#4195,.F.);
#8425 = ADVANCED_FACE('',(#8426),#1670,.T.);
#8426 = FACE_BOUND('',#8427,.T.);
#8427 = EDGE_LOOP('',(#8428,#8429,#8430,#8431));
#8428 = ORIENTED_EDGE('',*,*,#1655,.T.);
#8429 = ORIENTED_EDGE('',*,*,#4170,.T.);
#8430 = ORIENTED_EDGE('',*,*,#4142,.T.);
#8431 = ORIENTED_EDGE('',*,*,#4070,.F.);
#8432 = ADVANCED_FACE('',(#8433),#1603,.T.);
#8433 = FACE_BOUND('',#8434,.T.);
#8434 = EDGE_LOOP('',(#8435,#8436,#8437,#8438));
#8435 = ORIENTED_EDGE('',*,*,#1588,.T.);
#8436 = ORIENTED_EDGE('',*,*,#4045,.T.);
#8437 = ORIENTED_EDGE('',*,*,#4017,.T.);
#8438 = ORIENTED_EDGE('',*,*,#3945,.F.);
#8439 = ADVANCED_FACE('',(#8440),#1536,.T.);
#8440 = FACE_BOUND('',#8441,.T.);
#8441 = EDGE_LOOP('',(#8442,#8443,#8444,#8445));
#8442 = ORIENTED_EDGE('',*,*,#1521,.T.);
#8443 = ORIENTED_EDGE('',*,*,#3920,.T.);
#8444 = ORIENTED_EDGE('',*,*,#3892,.T.);
#8445 = ORIENTED_EDGE('',*,*,#3820,.F.);
#8446 = ADVANCED_FACE('',(#8447),#1469,.T.);
#8447 = FACE_BOUND('',#8448,.T.);
#8448 = EDGE_LOOP('',(#8449,#8450,#8451,#8452));
#8449 = ORIENTED_EDGE('',*,*,#1454,.T.);
#8450 = ORIENTED_EDGE('',*,*,#3795,.T.);
#8451 = ORIENTED_EDGE('',*,*,#3767,.T.);
#8452 = ORIENTED_EDGE('',*,*,#3695,.F.);
#8453 = ADVANCED_FACE('',(#8454),#1400,.T.);
#8454 = FACE_BOUND('',#8455,.T.);
#8455 = EDGE_LOOP('',(#8456,#8457,#8458,#8481));
#8456 = ORIENTED_EDGE('',*,*,#1385,.T.);
#8457 = ORIENTED_EDGE('',*,*,#5203,.T.);
#8458 = ORIENTED_EDGE('',*,*,#8459,.T.);
#8459 = EDGE_CURVE('',#5204,#8460,#8462,.T.);
#8460 = VERTEX_POINT('',#8461);
#8461 = CARTESIAN_POINT('',(-2.1,-1.625,0.2));
#8462 = SURFACE_CURVE('',#8463,(#8467,#8474),.PCURVE_S1.);
#8463 = LINE('',#8464,#8465);
#8464 = CARTESIAN_POINT('',(-2.5,-1.625,0.2));
#8465 = VECTOR('',#8466,1.);
#8466 = DIRECTION('',(1.,0.,0.));
#8467 = PCURVE('',#1400,#8468);
#8468 = DEFINITIONAL_REPRESENTATION('',(#8469),#8473);
#8469 = LINE('',#8470,#8471);
#8470 = CARTESIAN_POINT('',(0.,-0.2));
#8471 = VECTOR('',#8472,1.);
#8472 = DIRECTION('',(1.,0.));
#8473 = ( GEOMETRIC_REPRESENTATION_CONTEXT(2) 
PARAMETRIC_REPRESENTATION_CONTEXT() REPRESENTATION_CONTEXT('2D SPACE',''
  ) );
#8474 = PCURVE('',#5242,#8475);
#8475 = DEFINITIONAL_REPRESENTATION('',(#8476),#8480);
#8476 = LINE('',#8477,#8478);
#8477 = CARTESIAN_POINT('',(-0.2,-0.125));
#8478 = VECTOR('',#8479,1.);
#8479 = DIRECTION('',(1.,0.));
#8480 = ( GEOMETRIC_REPRESENTATION_CONTEXT(2) 
PARAMETRIC_REPRESENTATION_CONTEXT() REPRESENTATION_CONTEXT('2D SPACE',''
  ) );
#8481 = ORIENTED_EDGE('',*,*,#8482,.F.);
#8482 = EDGE_CURVE('',#1360,#8460,#8483,.T.);
#8483 = SURFACE_CURVE('',#8484,(#8488,#8495),.PCURVE_S1.);
#8484 = LINE('',#8485,#8486);
#8485 = CARTESIAN_POINT('',(-2.1,-1.625,0.));
#8486 = VECTOR('',#8487,1.);
#8487 = DIRECTION('',(0.,0.,1.));
#8488 = PCURVE('',#1400,#8489);
#8489 = DEFINITIONAL_REPRESENTATION('',(#8490),#8494);
#8490 = LINE('',#8491,#8492);
#8491 = CARTESIAN_POINT('',(0.4,0.));
#8492 = VECTOR('',#8493,1.);
#8493 = DIRECTION('',(0.,-1.));
#8494 = ( GEOMETRIC_REPRESENTATION_CONTEXT(2) 
PARAMETRIC_REPRESENTATION_CONTEXT() REPRESENTATION_CONTEXT('2D SPACE',''
  ) );
#8495 = PCURVE('',#1374,#8496);
#8496 = DEFINITIONAL_REPRESENTATION('',(#8497),#8501);
#8497 = LINE('',#8498,#8499);
#8498 = CARTESIAN_POINT('',(0.,0.));
#8499 = VECTOR('',#8500,1.);
#8500 = DIRECTION('',(0.,-1.));
#8501 = ( GEOMETRIC_REPRESENTATION_CONTEXT(2) 
PARAMETRIC_REPRESENTATION_CONTEXT() REPRESENTATION_CONTEXT('2D SPACE',''
  ) );
#8502 = ADVANCED_FACE('',(#8503),#1374,.T.);
#8503 = FACE_BOUND('',#8504,.T.);
#8504 = EDGE_LOOP('',(#8505,#8506,#8507,#8530));
#8505 = ORIENTED_EDGE('',*,*,#1359,.T.);
#8506 = ORIENTED_EDGE('',*,*,#8482,.T.);
#8507 = ORIENTED_EDGE('',*,*,#8508,.T.);
#8508 = EDGE_CURVE('',#8460,#8509,#8511,.T.);
#8509 = VERTEX_POINT('',#8510);
#8510 = CARTESIAN_POINT('',(-2.1,-1.375,0.2));
#8511 = SURFACE_CURVE('',#8512,(#8516,#8523),.PCURVE_S1.);
#8512 = LINE('',#8513,#8514);
#8513 = CARTESIAN_POINT('',(-2.1,-1.625,0.2));
#8514 = VECTOR('',#8515,1.);
#8515 = DIRECTION('',(0.,1.,0.));
#8516 = PCURVE('',#1374,#8517);
#8517 = DEFINITIONAL_REPRESENTATION('',(#8518),#8522);
#8518 = LINE('',#8519,#8520);
#8519 = CARTESIAN_POINT('',(0.,-0.2));
#8520 = VECTOR('',#8521,1.);
#8521 = DIRECTION('',(1.,0.));
#8522 = ( GEOMETRIC_REPRESENTATION_CONTEXT(2) 
PARAMETRIC_REPRESENTATION_CONTEXT() REPRESENTATION_CONTEXT('2D SPACE',''
  ) );
#8523 = PCURVE('',#5242,#8524);
#8524 = DEFINITIONAL_REPRESENTATION('',(#8525),#8529);
#8525 = LINE('',#8526,#8527);
#8526 = CARTESIAN_POINT('',(0.2,-0.125));
#8527 = VECTOR('',#8528,1.);
#8528 = DIRECTION('',(0.,1.));
#8529 = ( GEOMETRIC_REPRESENTATION_CONTEXT(2) 
PARAMETRIC_REPRESENTATION_CONTEXT() REPRESENTATION_CONTEXT('2D SPACE',''
  ) );
#8530 = ORIENTED_EDGE('',*,*,#8531,.F.);
#8531 = EDGE_CURVE('',#1334,#8509,#8532,.T.);
#8532 = SURFACE_CURVE('',#8533,(#8537,#8544),.PCURVE_S1.);
#8533 = LINE('',#8534,#8535);
#8534 = CARTESIAN_POINT('',(-2.1,-1.375,0.));
#8535 = VECTOR('',#8536,1.);
#8536 = DIRECTION('',(0.,0.,1.));
#8537 = PCURVE('',#1374,#8538);
#8538 = DEFINITIONAL_REPRESENTATION('',(#8539),#8543);
#8539 = LINE('',#8540,#8541);
#8540 = CARTESIAN_POINT('',(0.25,0.));
#8541 = VECTOR('',#8542,1.);
#8542 = DIRECTION('',(0.,-1.));
#8543 = ( GEOMETRIC_REPRESENTATION_CONTEXT(2) 
PARAMETRIC_REPRESENTATION_CONTEXT() REPRESENTATION_CONTEXT('2D SPACE',''
  ) );
#8544 = PCURVE('',#1348,#8545);
#8545 = DEFINITIONAL_REPRESENTATION('',(#8546),#8550);
#8546 = LINE('',#8547,#8548);
#8547 = CARTESIAN_POINT('',(0.,-0.));
#8548 = VECTOR('',#8549,1.);
#8549 = DIRECTION('',(0.,-1.));
#8550 = ( GEOMETRIC_REPRESENTATION_CONTEXT(2) 
PARAMETRIC_REPRESENTATION_CONTEXT() REPRESENTATION_CONTEXT('2D SPACE',''
  ) );
#8551 = ADVANCED_FACE('',(#8552),#1348,.T.);
#8552 = FACE_BOUND('',#8553,.T.);
#8553 = EDGE_LOOP('',(#8554,#8555,#8556,#8577));
#8554 = ORIENTED_EDGE('',*,*,#1333,.T.);
#8555 = ORIENTED_EDGE('',*,*,#8531,.T.);
#8556 = ORIENTED_EDGE('',*,*,#8557,.T.);
#8557 = EDGE_CURVE('',#8509,#5227,#8558,.T.);
#8558 = SURFACE_CURVE('',#8559,(#8563,#8570),.PCURVE_S1.);
#8559 = LINE('',#8560,#8561);
#8560 = CARTESIAN_POINT('',(-2.1,-1.375,0.2));
#8561 = VECTOR('',#8562,1.);
#8562 = DIRECTION('',(-1.,0.,0.));
#8563 = PCURVE('',#1348,#8564);
#8564 = DEFINITIONAL_REPRESENTATION('',(#8565),#8569);
#8565 = LINE('',#8566,#8567);
#8566 = CARTESIAN_POINT('',(0.,-0.2));
#8567 = VECTOR('',#8568,1.);
#8568 = DIRECTION('',(1.,0.));
#8569 = ( GEOMETRIC_REPRESENTATION_CONTEXT(2) 
PARAMETRIC_REPRESENTATION_CONTEXT() REPRESENTATION_CONTEXT('2D SPACE',''
  ) );
#8570 = PCURVE('',#5242,#8571);
#8571 = DEFINITIONAL_REPRESENTATION('',(#8572),#8576);
#8572 = LINE('',#8573,#8574);
#8573 = CARTESIAN_POINT('',(0.2,0.125));
#8574 = VECTOR('',#8575,1.);
#8575 = DIRECTION('',(-1.,0.));
#8576 = ( GEOMETRIC_REPRESENTATION_CONTEXT(2) 
PARAMETRIC_REPRESENTATION_CONTEXT() REPRESENTATION_CONTEXT('2D SPACE',''
  ) );
#8577 = ORIENTED_EDGE('',*,*,#5254,.F.);
#8578 = ADVANCED_FACE('',(#8579),#1299,.T.);
#8579 = FACE_BOUND('',#8580,.T.);
#8580 = EDGE_LOOP('',(#8581,#8582,#8583,#8606));
#8581 = ORIENTED_EDGE('',*,*,#1284,.T.);
#8582 = ORIENTED_EDGE('',*,*,#5276,.T.);
#8583 = ORIENTED_EDGE('',*,*,#8584,.T.);
#8584 = EDGE_CURVE('',#5277,#8585,#8587,.T.);
#8585 = VERTEX_POINT('',#8586);
#8586 = CARTESIAN_POINT('',(-2.1,-1.125,0.2));
#8587 = SURFACE_CURVE('',#8588,(#8592,#8599),.PCURVE_S1.);
#8588 = LINE('',#8589,#8590);
#8589 = CARTESIAN_POINT('',(-2.5,-1.125,0.2));
#8590 = VECTOR('',#8591,1.);
#8591 = DIRECTION('',(1.,0.,0.));
#8592 = PCURVE('',#1299,#8593);
#8593 = DEFINITIONAL_REPRESENTATION('',(#8594),#8598);
#8594 = LINE('',#8595,#8596);
#8595 = CARTESIAN_POINT('',(0.,-0.2));
#8596 = VECTOR('',#8597,1.);
#8597 = DIRECTION('',(1.,0.));
#8598 = ( GEOMETRIC_REPRESENTATION_CONTEXT(2) 
PARAMETRIC_REPRESENTATION_CONTEXT() REPRESENTATION_CONTEXT('2D SPACE',''
  ) );
#8599 = PCURVE('',#5315,#8600);
#8600 = DEFINITIONAL_REPRESENTATION('',(#8601),#8605);
#8601 = LINE('',#8602,#8603);
#8602 = CARTESIAN_POINT('',(-0.2,-0.125));
#8603 = VECTOR('',#8604,1.);
#8604 = DIRECTION('',(1.,0.));
#8605 = ( GEOMETRIC_REPRESENTATION_CONTEXT(2) 
PARAMETRIC_REPRESENTATION_CONTEXT() REPRESENTATION_CONTEXT('2D SPACE',''
  ) );
#8606 = ORIENTED_EDGE('',*,*,#8607,.F.);
#8607 = EDGE_CURVE('',#1259,#8585,#8608,.T.);
#8608 = SURFACE_CURVE('',#8609,(#8613,#8620),.PCURVE_S1.);
#8609 = LINE('',#8610,#8611);
#8610 = CARTESIAN_POINT('',(-2.1,-1.125,0.));
#8611 = VECTOR('',#8612,1.);
#8612 = DIRECTION('',(0.,0.,1.));
#8613 = PCURVE('',#1299,#8614);
#8614 = DEFINITIONAL_REPRESENTATION('',(#8615),#8619);
#8615 = LINE('',#8616,#8617);
#8616 = CARTESIAN_POINT('',(0.4,0.));
#8617 = VECTOR('',#8618,1.);
#8618 = DIRECTION('',(0.,-1.));
#8619 = ( GEOMETRIC_REPRESENTATION_CONTEXT(2) 
PARAMETRIC_REPRESENTATION_CONTEXT() REPRESENTATION_CONTEXT('2D SPACE',''
  ) );
#8620 = PCURVE('',#1273,#8621);
#8621 = DEFINITIONAL_REPRESENTATION('',(#8622),#8626);
#8622 = LINE('',#8623,#8624);
#8623 = CARTESIAN_POINT('',(0.,0.));
#8624 = VECTOR('',#8625,1.);
#8625 = DIRECTION('',(0.,-1.));
#8626 = ( GEOMETRIC_REPRESENTATION_CONTEXT(2) 
PARAMETRIC_REPRESENTATION_CONTEXT() REPRESENTATION_CONTEXT('2D SPACE',''
  ) );
#8627 = ADVANCED_FACE('',(#8628),#1273,.T.);
#8628 = FACE_BOUND('',#8629,.T.);
#8629 = EDGE_LOOP('',(#8630,#8631,#8632,#8655));
#8630 = ORIENTED_EDGE('',*,*,#1258,.T.);
#8631 = ORIENTED_EDGE('',*,*,#8607,.T.);
#8632 = ORIENTED_EDGE('',*,*,#8633,.T.);
#8633 = EDGE_CURVE('',#8585,#8634,#8636,.T.);
#8634 = VERTEX_POINT('',#8635);
#8635 = CARTESIAN_POINT('',(-2.1,-0.875,0.2));
#8636 = SURFACE_CURVE('',#8637,(#8641,#8648),.PCURVE_S1.);
#8637 = LINE('',#8638,#8639);
#8638 = CARTESIAN_POINT('',(-2.1,-1.125,0.2));
#8639 = VECTOR('',#8640,1.);
#8640 = DIRECTION('',(0.,1.,0.));
#8641 = PCURVE('',#1273,#8642);
#8642 = DEFINITIONAL_REPRESENTATION('',(#8643),#8647);
#8643 = LINE('',#8644,#8645);
#8644 = CARTESIAN_POINT('',(0.,-0.2));
#8645 = VECTOR('',#8646,1.);
#8646 = DIRECTION('',(1.,0.));
#8647 = ( GEOMETRIC_REPRESENTATION_CONTEXT(2) 
PARAMETRIC_REPRESENTATION_CONTEXT() REPRESENTATION_CONTEXT('2D SPACE',''
  ) );
#8648 = PCURVE('',#5315,#8649);
#8649 = DEFINITIONAL_REPRESENTATION('',(#8650),#8654);
#8650 = LINE('',#8651,#8652);
#8651 = CARTESIAN_POINT('',(0.2,-0.125));
#8652 = VECTOR('',#8653,1.);
#8653 = DIRECTION('',(0.,1.));
#8654 = ( GEOMETRIC_REPRESENTATION_CONTEXT(2) 
PARAMETRIC_REPRESENTATION_CONTEXT() REPRESENTATION_CONTEXT('2D SPACE',''
  ) );
#8655 = ORIENTED_EDGE('',*,*,#8656,.F.);
#8656 = EDGE_CURVE('',#1233,#8634,#8657,.T.);
#8657 = SURFACE_CURVE('',#8658,(#8662,#8669),.PCURVE_S1.);
#8658 = LINE('',#8659,#8660);
#8659 = CARTESIAN_POINT('',(-2.1,-0.875,0.));
#8660 = VECTOR('',#8661,1.);
#8661 = DIRECTION('',(0.,0.,1.));
#8662 = PCURVE('',#1273,#8663);
#8663 = DEFINITIONAL_REPRESENTATION('',(#8664),#8668);
#8664 = LINE('',#8665,#8666);
#8665 = CARTESIAN_POINT('',(0.25,0.));
#8666 = VECTOR('',#8667,1.);
#8667 = DIRECTION('',(0.,-1.));
#8668 = ( GEOMETRIC_REPRESENTATION_CONTEXT(2) 
PARAMETRIC_REPRESENTATION_CONTEXT() REPRESENTATION_CONTEXT('2D SPACE',''
  ) );
#8669 = PCURVE('',#1247,#8670);
#8670 = DEFINITIONAL_REPRESENTATION('',(#8671),#8675);
#8671 = LINE('',#8672,#8673);
#8672 = CARTESIAN_POINT('',(0.,-0.));
#8673 = VECTOR('',#8674,1.);
#8674 = DIRECTION('',(0.,-1.));
#8675 = ( GEOMETRIC_REPRESENTATION_CONTEXT(2) 
PARAMETRIC_REPRESENTATION_CONTEXT() REPRESENTATION_CONTEXT('2D SPACE',''
  ) );
#8676 = ADVANCED_FACE('',(#8677),#1247,.T.);
#8677 = FACE_BOUND('',#8678,.T.);
#8678 = EDGE_LOOP('',(#8679,#8680,#8681,#8702));
#8679 = ORIENTED_EDGE('',*,*,#1232,.T.);
#8680 = ORIENTED_EDGE('',*,*,#8656,.T.);
#8681 = ORIENTED_EDGE('',*,*,#8682,.T.);
#8682 = EDGE_CURVE('',#8634,#5300,#8683,.T.);
#8683 = SURFACE_CURVE('',#8684,(#8688,#8695),.PCURVE_S1.);
#8684 = LINE('',#8685,#8686);
#8685 = CARTESIAN_POINT('',(-2.1,-0.875,0.2));
#8686 = VECTOR('',#8687,1.);
#8687 = DIRECTION('',(-1.,0.,0.));
#8688 = PCURVE('',#1247,#8689);
#8689 = DEFINITIONAL_REPRESENTATION('',(#8690),#8694);
#8690 = LINE('',#8691,#8692);
#8691 = CARTESIAN_POINT('',(0.,-0.2));
#8692 = VECTOR('',#8693,1.);
#8693 = DIRECTION('',(1.,0.));
#8694 = ( GEOMETRIC_REPRESENTATION_CONTEXT(2) 
PARAMETRIC_REPRESENTATION_CONTEXT() REPRESENTATION_CONTEXT('2D SPACE',''
  ) );
#8695 = PCURVE('',#5315,#8696);
#8696 = DEFINITIONAL_REPRESENTATION('',(#8697),#8701);
#8697 = LINE('',#8698,#8699);
#8698 = CARTESIAN_POINT('',(0.2,0.125));
#8699 = VECTOR('',#8700,1.);
#8700 = DIRECTION('',(-1.,0.));
#8701 = ( GEOMETRIC_REPRESENTATION_CONTEXT(2) 
PARAMETRIC_REPRESENTATION_CONTEXT() REPRESENTATION_CONTEXT('2D SPACE',''
  ) );
#8702 = ORIENTED_EDGE('',*,*,#5327,.F.);
#8703 = ADVANCED_FACE('',(#8704),#1198,.T.);
#8704 = FACE_BOUND('',#8705,.T.);
#8705 = EDGE_LOOP('',(#8706,#8707,#8708,#8731));
#8706 = ORIENTED_EDGE('',*,*,#1183,.T.);
#8707 = ORIENTED_EDGE('',*,*,#5349,.T.);
#8708 = ORIENTED_EDGE('',*,*,#8709,.T.);
#8709 = EDGE_CURVE('',#5350,#8710,#8712,.T.);
#8710 = VERTEX_POINT('',#8711);
#8711 = CARTESIAN_POINT('',(-2.1,-0.625,0.2));
#8712 = SURFACE_CURVE('',#8713,(#8717,#8724),.PCURVE_S1.);
#8713 = LINE('',#8714,#8715);
#8714 = CARTESIAN_POINT('',(-2.5,-0.625,0.2));
#8715 = VECTOR('',#8716,1.);
#8716 = DIRECTION('',(1.,0.,0.));
#8717 = PCURVE('',#1198,#8718);
#8718 = DEFINITIONAL_REPRESENTATION('',(#8719),#8723);
#8719 = LINE('',#8720,#8721);
#8720 = CARTESIAN_POINT('',(0.,-0.2));
#8721 = VECTOR('',#8722,1.);
#8722 = DIRECTION('',(1.,0.));
#8723 = ( GEOMETRIC_REPRESENTATION_CONTEXT(2) 
PARAMETRIC_REPRESENTATION_CONTEXT() REPRESENTATION_CONTEXT('2D SPACE',''
  ) );
#8724 = PCURVE('',#5388,#8725);
#8725 = DEFINITIONAL_REPRESENTATION('',(#8726),#8730);
#8726 = LINE('',#8727,#8728);
#8727 = CARTESIAN_POINT('',(-0.2,-0.125));
#8728 = VECTOR('',#8729,1.);
#8729 = DIRECTION('',(1.,0.));
#8730 = ( GEOMETRIC_REPRESENTATION_CONTEXT(2) 
PARAMETRIC_REPRESENTATION_CONTEXT() REPRESENTATION_CONTEXT('2D SPACE',''
  ) );
#8731 = ORIENTED_EDGE('',*,*,#8732,.F.);
#8732 = EDGE_CURVE('',#1158,#8710,#8733,.T.);
#8733 = SURFACE_CURVE('',#8734,(#8738,#8745),.PCURVE_S1.);
#8734 = LINE('',#8735,#8736);
#8735 = CARTESIAN_POINT('',(-2.1,-0.625,0.));
#8736 = VECTOR('',#8737,1.);
#8737 = DIRECTION('',(0.,0.,1.));
#8738 = PCURVE('',#1198,#8739);
#8739 = DEFINITIONAL_REPRESENTATION('',(#8740),#8744);
#8740 = LINE('',#8741,#8742);
#8741 = CARTESIAN_POINT('',(0.4,0.));
#8742 = VECTOR('',#8743,1.);
#8743 = DIRECTION('',(0.,-1.));
#8744 = ( GEOMETRIC_REPRESENTATION_CONTEXT(2) 
PARAMETRIC_REPRESENTATION_CONTEXT() REPRESENTATION_CONTEXT('2D SPACE',''
  ) );
#8745 = PCURVE('',#1172,#8746);
#8746 = DEFINITIONAL_REPRESENTATION('',(#8747),#8751);
#8747 = LINE('',#8748,#8749);
#8748 = CARTESIAN_POINT('',(0.,0.));
#8749 = VECTOR('',#8750,1.);
#8750 = DIRECTION('',(0.,-1.));
#8751 = ( GEOMETRIC_REPRESENTATION_CONTEXT(2) 
PARAMETRIC_REPRESENTATION_CONTEXT() REPRESENTATION_CONTEXT('2D SPACE',''
  ) );
#8752 = ADVANCED_FACE('',(#8753),#1172,.T.);
#8753 = FACE_BOUND('',#8754,.T.);
#8754 = EDGE_LOOP('',(#8755,#8756,#8757,#8780));
#8755 = ORIENTED_EDGE('',*,*,#1157,.T.);
#8756 = ORIENTED_EDGE('',*,*,#8732,.T.);
#8757 = ORIENTED_EDGE('',*,*,#8758,.T.);
#8758 = EDGE_CURVE('',#8710,#8759,#8761,.T.);
#8759 = VERTEX_POINT('',#8760);
#8760 = CARTESIAN_POINT('',(-2.1,-0.375,0.2));
#8761 = SURFACE_CURVE('',#8762,(#8766,#8773),.PCURVE_S1.);
#8762 = LINE('',#8763,#8764);
#8763 = CARTESIAN_POINT('',(-2.1,-0.625,0.2));
#8764 = VECTOR('',#8765,1.);
#8765 = DIRECTION('',(0.,1.,0.));
#8766 = PCURVE('',#1172,#8767);
#8767 = DEFINITIONAL_REPRESENTATION('',(#8768),#8772);
#8768 = LINE('',#8769,#8770);
#8769 = CARTESIAN_POINT('',(0.,-0.2));
#8770 = VECTOR('',#8771,1.);
#8771 = DIRECTION('',(1.,0.));
#8772 = ( GEOMETRIC_REPRESENTATION_CONTEXT(2) 
PARAMETRIC_REPRESENTATION_CONTEXT() REPRESENTATION_CONTEXT('2D SPACE',''
  ) );
#8773 = PCURVE('',#5388,#8774);
#8774 = DEFINITIONAL_REPRESENTATION('',(#8775),#8779);
#8775 = LINE('',#8776,#8777);
#8776 = CARTESIAN_POINT('',(0.2,-0.125));
#8777 = VECTOR('',#8778,1.);
#8778 = DIRECTION('',(0.,1.));
#8779 = ( GEOMETRIC_REPRESENTATION_CONTEXT(2) 
PARAMETRIC_REPRESENTATION_CONTEXT() REPRESENTATION_CONTEXT('2D SPACE',''
  ) );
#8780 = ORIENTED_EDGE('',*,*,#8781,.F.);
#8781 = EDGE_CURVE('',#1132,#8759,#8782,.T.);
#8782 = SURFACE_CURVE('',#8783,(#8787,#8794),.PCURVE_S1.);
#8783 = LINE('',#8784,#8785);
#8784 = CARTESIAN_POINT('',(-2.1,-0.375,0.));
#8785 = VECTOR('',#8786,1.);
#8786 = DIRECTION('',(0.,0.,1.));
#8787 = PCURVE('',#1172,#8788);
#8788 = DEFINITIONAL_REPRESENTATION('',(#8789),#8793);
#8789 = LINE('',#8790,#8791);
#8790 = CARTESIAN_POINT('',(0.25,0.));
#8791 = VECTOR('',#8792,1.);
#8792 = DIRECTION('',(0.,-1.));
#8793 = ( GEOMETRIC_REPRESENTATION_CONTEXT(2) 
PARAMETRIC_REPRESENTATION_CONTEXT() REPRESENTATION_CONTEXT('2D SPACE',''
  ) );
#8794 = PCURVE('',#1146,#8795);
#8795 = DEFINITIONAL_REPRESENTATION('',(#8796),#8800);
#8796 = LINE('',#8797,#8798);
#8797 = CARTESIAN_POINT('',(0.,-0.));
#8798 = VECTOR('',#8799,1.);
#8799 = DIRECTION('',(0.,-1.));
#8800 = ( GEOMETRIC_REPRESENTATION_CONTEXT(2) 
PARAMETRIC_REPRESENTATION_CONTEXT() REPRESENTATION_CONTEXT('2D SPACE',''
  ) );
#8801 = ADVANCED_FACE('',(#8802),#1146,.T.);
#8802 = FACE_BOUND('',#8803,.T.);
#8803 = EDGE_LOOP('',(#8804,#8805,#8806,#8827));
#8804 = ORIENTED_EDGE('',*,*,#1131,.T.);
#8805 = ORIENTED_EDGE('',*,*,#8781,.T.);
#8806 = ORIENTED_EDGE('',*,*,#8807,.T.);
#8807 = EDGE_CURVE('',#8759,#5373,#8808,.T.);
#8808 = SURFACE_CURVE('',#8809,(#8813,#8820),.PCURVE_S1.);
#8809 = LINE('',#8810,#8811);
#8810 = CARTESIAN_POINT('',(-2.1,-0.375,0.2));
#8811 = VECTOR('',#8812,1.);
#8812 = DIRECTION('',(-1.,0.,0.));
#8813 = PCURVE('',#1146,#8814);
#8814 = DEFINITIONAL_REPRESENTATION('',(#8815),#8819);
#8815 = LINE('',#8816,#8817);
#8816 = CARTESIAN_POINT('',(0.,-0.2));
#8817 = VECTOR('',#8818,1.);
#8818 = DIRECTION('',(1.,0.));
#8819 = ( GEOMETRIC_REPRESENTATION_CONTEXT(2) 
PARAMETRIC_REPRESENTATION_CONTEXT() REPRESENTATION_CONTEXT('2D SPACE',''
  ) );
#8820 = PCURVE('',#5388,#8821);
#8821 = DEFINITIONAL_REPRESENTATION('',(#8822),#8826);
#8822 = LINE('',#8823,#8824);
#8823 = CARTESIAN_POINT('',(0.2,0.125));
#8824 = VECTOR('',#8825,1.);
#8825 = DIRECTION('',(-1.,0.));
#8826 = ( GEOMETRIC_REPRESENTATION_CONTEXT(2) 
PARAMETRIC_REPRESENTATION_CONTEXT() REPRESENTATION_CONTEXT('2D SPACE',''
  ) );
#8827 = ORIENTED_EDGE('',*,*,#5400,.F.);
#8828 = ADVANCED_FACE('',(#8829),#1097,.T.);
#8829 = FACE_BOUND('',#8830,.T.);
#8830 = EDGE_LOOP('',(#8831,#8832,#8833,#8856));
#8831 = ORIENTED_EDGE('',*,*,#1082,.T.);
#8832 = ORIENTED_EDGE('',*,*,#5422,.T.);
#8833 = ORIENTED_EDGE('',*,*,#8834,.T.);
#8834 = EDGE_CURVE('',#5423,#8835,#8837,.T.);
#8835 = VERTEX_POINT('',#8836);
#8836 = CARTESIAN_POINT('',(-2.1,-0.125,0.2));
#8837 = SURFACE_CURVE('',#8838,(#8842,#8849),.PCURVE_S1.);
#8838 = LINE('',#8839,#8840);
#8839 = CARTESIAN_POINT('',(-2.5,-0.125,0.2));
#8840 = VECTOR('',#8841,1.);
#8841 = DIRECTION('',(1.,0.,0.));
#8842 = PCURVE('',#1097,#8843);
#8843 = DEFINITIONAL_REPRESENTATION('',(#8844),#8848);
#8844 = LINE('',#8845,#8846);
#8845 = CARTESIAN_POINT('',(0.,-0.2));
#8846 = VECTOR('',#8847,1.);
#8847 = DIRECTION('',(1.,0.));
#8848 = ( GEOMETRIC_REPRESENTATION_CONTEXT(2) 
PARAMETRIC_REPRESENTATION_CONTEXT() REPRESENTATION_CONTEXT('2D SPACE',''
  ) );
#8849 = PCURVE('',#5461,#8850);
#8850 = DEFINITIONAL_REPRESENTATION('',(#8851),#8855);
#8851 = LINE('',#8852,#8853);
#8852 = CARTESIAN_POINT('',(-0.2,-0.125));
#8853 = VECTOR('',#8854,1.);
#8854 = DIRECTION('',(1.,0.));
#8855 = ( GEOMETRIC_REPRESENTATION_CONTEXT(2) 
PARAMETRIC_REPRESENTATION_CONTEXT() REPRESENTATION_CONTEXT('2D SPACE',''
  ) );
#8856 = ORIENTED_EDGE('',*,*,#8857,.F.);
#8857 = EDGE_CURVE('',#1057,#8835,#8858,.T.);
#8858 = SURFACE_CURVE('',#8859,(#8863,#8870),.PCURVE_S1.);
#8859 = LINE('',#8860,#8861);
#8860 = CARTESIAN_POINT('',(-2.1,-0.125,0.));
#8861 = VECTOR('',#8862,1.);
#8862 = DIRECTION('',(0.,0.,1.));
#8863 = PCURVE('',#1097,#8864);
#8864 = DEFINITIONAL_REPRESENTATION('',(#8865),#8869);
#8865 = LINE('',#8866,#8867);
#8866 = CARTESIAN_POINT('',(0.4,0.));
#8867 = VECTOR('',#8868,1.);
#8868 = DIRECTION('',(0.,-1.));
#8869 = ( GEOMETRIC_REPRESENTATION_CONTEXT(2) 
PARAMETRIC_REPRESENTATION_CONTEXT() REPRESENTATION_CONTEXT('2D SPACE',''
  ) );
#8870 = PCURVE('',#1071,#8871);
#8871 = DEFINITIONAL_REPRESENTATION('',(#8872),#8876);
#8872 = LINE('',#8873,#8874);
#8873 = CARTESIAN_POINT('',(0.,0.));
#8874 = VECTOR('',#8875,1.);
#8875 = DIRECTION('',(0.,-1.));
#8876 = ( GEOMETRIC_REPRESENTATION_CONTEXT(2) 
PARAMETRIC_REPRESENTATION_CONTEXT() REPRESENTATION_CONTEXT('2D SPACE',''
  ) );
#8877 = ADVANCED_FACE('',(#8878),#1071,.T.);
#8878 = FACE_BOUND('',#8879,.T.);
#8879 = EDGE_LOOP('',(#8880,#8881,#8882,#8903));
#8880 = ORIENTED_EDGE('',*,*,#1056,.T.);
#8881 = ORIENTED_EDGE('',*,*,#8857,.T.);
#8882 = ORIENTED_EDGE('',*,*,#8883,.T.);
#8883 = EDGE_CURVE('',#8835,#5718,#8884,.T.);
#8884 = SURFACE_CURVE('',#8885,(#8889,#8896),.PCURVE_S1.);
#8885 = LINE('',#8886,#8887);
#8886 = CARTESIAN_POINT('',(-2.1,-0.125,0.2));
#8887 = VECTOR('',#8888,1.);
#8888 = DIRECTION('',(0.,1.,0.));
#8889 = PCURVE('',#1071,#8890);
#8890 = DEFINITIONAL_REPRESENTATION('',(#8891),#8895);
#8891 = LINE('',#8892,#8893);
#8892 = CARTESIAN_POINT('',(0.,-0.2));
#8893 = VECTOR('',#8894,1.);
#8894 = DIRECTION('',(1.,0.));
#8895 = ( GEOMETRIC_REPRESENTATION_CONTEXT(2) 
PARAMETRIC_REPRESENTATION_CONTEXT() REPRESENTATION_CONTEXT('2D SPACE',''
  ) );
#8896 = PCURVE('',#5461,#8897);
#8897 = DEFINITIONAL_REPRESENTATION('',(#8898),#8902);
#8898 = LINE('',#8899,#8900);
#8899 = CARTESIAN_POINT('',(0.2,-0.125));
#8900 = VECTOR('',#8901,1.);
#8901 = DIRECTION('',(0.,1.));
#8902 = ( GEOMETRIC_REPRESENTATION_CONTEXT(2) 
PARAMETRIC_REPRESENTATION_CONTEXT() REPRESENTATION_CONTEXT('2D SPACE',''
  ) );
#8903 = ORIENTED_EDGE('',*,*,#5717,.F.);
#8904 = ADVANCED_FACE('',(#8905),#5093,.F.);
#8905 = FACE_BOUND('',#8906,.F.);
#8906 = EDGE_LOOP('',(#8907,#8908,#8909,#8910));
#8907 = ORIENTED_EDGE('',*,*,#8383,.T.);
#8908 = ORIENTED_EDGE('',*,*,#5077,.T.);
#8909 = ORIENTED_EDGE('',*,*,#8285,.T.);
#8910 = ORIENTED_EDGE('',*,*,#8334,.T.);
#8911 = ADVANCED_FACE('',(#8912),#5020,.F.);
#8912 = FACE_BOUND('',#8913,.F.);
#8913 = EDGE_LOOP('',(#8914,#8915,#8916,#8917));
#8914 = ORIENTED_EDGE('',*,*,#8258,.T.);
#8915 = ORIENTED_EDGE('',*,*,#5004,.T.);
#8916 = ORIENTED_EDGE('',*,*,#8160,.T.);
#8917 = ORIENTED_EDGE('',*,*,#8209,.T.);
#8918 = ADVANCED_FACE('',(#8919),#4947,.F.);
#8919 = FACE_BOUND('',#8920,.F.);
#8920 = EDGE_LOOP('',(#8921,#8922,#8923,#8924));
#8921 = ORIENTED_EDGE('',*,*,#8133,.T.);
#8922 = ORIENTED_EDGE('',*,*,#4931,.T.);
#8923 = ORIENTED_EDGE('',*,*,#8035,.T.);
#8924 = ORIENTED_EDGE('',*,*,#8084,.T.);
#8925 = ADVANCED_FACE('',(#8926),#4874,.F.);
#8926 = FACE_BOUND('',#8927,.F.);
#8927 = EDGE_LOOP('',(#8928,#8929,#8930,#8931));
#8928 = ORIENTED_EDGE('',*,*,#8008,.T.);
#8929 = ORIENTED_EDGE('',*,*,#4858,.T.);
#8930 = ORIENTED_EDGE('',*,*,#7910,.T.);
#8931 = ORIENTED_EDGE('',*,*,#7959,.T.);
#8932 = ADVANCED_FACE('',(#8933),#4801,.F.);
#8933 = FACE_BOUND('',#8934,.F.);
#8934 = EDGE_LOOP('',(#8935,#8936,#8937,#8938));
#8935 = ORIENTED_EDGE('',*,*,#7883,.T.);
#8936 = ORIENTED_EDGE('',*,*,#4785,.T.);
#8937 = ORIENTED_EDGE('',*,*,#7785,.T.);
#8938 = ORIENTED_EDGE('',*,*,#7834,.T.);
#8939 = ADVANCED_FACE('',(#8940),#4728,.F.);
#8940 = FACE_BOUND('',#8941,.F.);
#8941 = EDGE_LOOP('',(#8942,#8943,#8944,#8945));
#8942 = ORIENTED_EDGE('',*,*,#7758,.T.);
#8943 = ORIENTED_EDGE('',*,*,#4712,.T.);
#8944 = ORIENTED_EDGE('',*,*,#7660,.T.);
#8945 = ORIENTED_EDGE('',*,*,#7709,.T.);
#8946 = ADVANCED_FACE('',(#8947),#4655,.F.);
#8947 = FACE_BOUND('',#8948,.F.);
#8948 = EDGE_LOOP('',(#8949,#8950,#8951,#8952));
#8949 = ORIENTED_EDGE('',*,*,#7633,.T.);
#8950 = ORIENTED_EDGE('',*,*,#4639,.T.);
#8951 = ORIENTED_EDGE('',*,*,#7535,.T.);
#8952 = ORIENTED_EDGE('',*,*,#7584,.T.);
#8953 = ADVANCED_FACE('',(#8954),#5680,.F.);
#8954 = FACE_BOUND('',#8955,.F.);
#8955 = EDGE_LOOP('',(#8956,#8957,#8958,#8959));
#8956 = ORIENTED_EDGE('',*,*,#6017,.T.);
#8957 = ORIENTED_EDGE('',*,*,#6066,.T.);
#8958 = ORIENTED_EDGE('',*,*,#6115,.T.);
#8959 = ORIENTED_EDGE('',*,*,#5664,.T.);
#8960 = ADVANCED_FACE('',(#8961),#5607,.F.);
#8961 = FACE_BOUND('',#8962,.F.);
#8962 = EDGE_LOOP('',(#8963,#8964,#8965,#8966));
#8963 = ORIENTED_EDGE('',*,*,#5892,.T.);
#8964 = ORIENTED_EDGE('',*,*,#5941,.T.);
#8965 = ORIENTED_EDGE('',*,*,#5990,.T.);
#8966 = ORIENTED_EDGE('',*,*,#5591,.T.);
#8967 = ADVANCED_FACE('',(#8968),#5534,.F.);
#8968 = FACE_BOUND('',#8969,.F.);
#8969 = EDGE_LOOP('',(#8970,#8971,#8972,#8973));
#8970 = ORIENTED_EDGE('',*,*,#5767,.T.);
#8971 = ORIENTED_EDGE('',*,*,#5816,.T.);
#8972 = ORIENTED_EDGE('',*,*,#5865,.T.);
#8973 = ORIENTED_EDGE('',*,*,#5518,.T.);
#8974 = ADVANCED_FACE('',(#8975),#5461,.F.);
#8975 = FACE_BOUND('',#8976,.F.);
#8976 = EDGE_LOOP('',(#8977,#8978,#8979,#8980));
#8977 = ORIENTED_EDGE('',*,*,#8834,.T.);
#8978 = ORIENTED_EDGE('',*,*,#8883,.T.);
#8979 = ORIENTED_EDGE('',*,*,#5740,.T.);
#8980 = ORIENTED_EDGE('',*,*,#5445,.T.);
#8981 = ADVANCED_FACE('',(#8982),#5388,.F.);
#8982 = FACE_BOUND('',#8983,.F.);
#8983 = EDGE_LOOP('',(#8984,#8985,#8986,#8987));
#8984 = ORIENTED_EDGE('',*,*,#8709,.T.);
#8985 = ORIENTED_EDGE('',*,*,#8758,.T.);
#8986 = ORIENTED_EDGE('',*,*,#8807,.T.);
#8987 = ORIENTED_EDGE('',*,*,#5372,.T.);
#8988 = ADVANCED_FACE('',(#8989),#5315,.F.);
#8989 = FACE_BOUND('',#8990,.F.);
#8990 = EDGE_LOOP('',(#8991,#8992,#8993,#8994));
#8991 = ORIENTED_EDGE('',*,*,#8584,.T.);
#8992 = ORIENTED_EDGE('',*,*,#8633,.T.);
#8993 = ORIENTED_EDGE('',*,*,#8682,.T.);
#8994 = ORIENTED_EDGE('',*,*,#5299,.T.);
#8995 = ADVANCED_FACE('',(#8996),#5242,.F.);
#8996 = FACE_BOUND('',#8997,.F.);
#8997 = EDGE_LOOP('',(#8998,#8999,#9000,#9001));
#8998 = ORIENTED_EDGE('',*,*,#8459,.T.);
#8999 = ORIENTED_EDGE('',*,*,#8508,.T.);
#9000 = ORIENTED_EDGE('',*,*,#8557,.T.);
#9001 = ORIENTED_EDGE('',*,*,#5226,.T.);
#9002 = ADVANCED_FACE('',(#9003),#6622,.F.);
#9003 = FACE_BOUND('',#9004,.F.);
#9004 = EDGE_LOOP('',(#9005,#9006,#9007,#9008));
#9005 = ORIENTED_EDGE('',*,*,#7459,.T.);
#9006 = ORIENTED_EDGE('',*,*,#7508,.T.);
#9007 = ORIENTED_EDGE('',*,*,#6606,.T.);
#9008 = ORIENTED_EDGE('',*,*,#7410,.T.);
#9009 = ADVANCED_FACE('',(#9010),#6549,.F.);
#9010 = FACE_BOUND('',#9011,.F.);
#9011 = EDGE_LOOP('',(#9012,#9013,#9014,#9015));
#9012 = ORIENTED_EDGE('',*,*,#7334,.T.);
#9013 = ORIENTED_EDGE('',*,*,#7383,.T.);
#9014 = ORIENTED_EDGE('',*,*,#6533,.T.);
#9015 = ORIENTED_EDGE('',*,*,#7285,.T.);
#9016 = ADVANCED_FACE('',(#9017),#6476,.F.);
#9017 = FACE_BOUND('',#9018,.F.);
#9018 = EDGE_LOOP('',(#9019,#9020,#9021,#9022));
#9019 = ORIENTED_EDGE('',*,*,#7209,.T.);
#9020 = ORIENTED_EDGE('',*,*,#7258,.T.);
#9021 = ORIENTED_EDGE('',*,*,#6460,.T.);
#9022 = ORIENTED_EDGE('',*,*,#7160,.T.);
#9023 = ADVANCED_FACE('',(#9024),#6403,.F.);
#9024 = FACE_BOUND('',#9025,.F.);
#9025 = EDGE_LOOP('',(#9026,#9027,#9028,#9029));
#9026 = ORIENTED_EDGE('',*,*,#7084,.T.);
#9027 = ORIENTED_EDGE('',*,*,#7133,.T.);
#9028 = ORIENTED_EDGE('',*,*,#6387,.T.);
#9029 = ORIENTED_EDGE('',*,*,#7035,.T.);
#9030 = ADVANCED_FACE('',(#9031),#6330,.F.);
#9031 = FACE_BOUND('',#9032,.F.);
#9032 = EDGE_LOOP('',(#9033,#9034,#9035,#9036));
#9033 = ORIENTED_EDGE('',*,*,#6959,.T.);
#9034 = ORIENTED_EDGE('',*,*,#7008,.T.);
#9035 = ORIENTED_EDGE('',*,*,#6314,.T.);
#9036 = ORIENTED_EDGE('',*,*,#6910,.T.);
#9037 = ADVANCED_FACE('',(#9038),#6257,.F.);
#9038 = FACE_BOUND('',#9039,.F.);
#9039 = EDGE_LOOP('',(#9040,#9041,#9042,#9043));
#9040 = ORIENTED_EDGE('',*,*,#6834,.T.);
#9041 = ORIENTED_EDGE('',*,*,#6883,.T.);
#9042 = ORIENTED_EDGE('',*,*,#6241,.T.);
#9043 = ORIENTED_EDGE('',*,*,#6785,.T.);
#9044 = ADVANCED_FACE('',(#9045),#6184,.F.);
#9045 = FACE_BOUND('',#9046,.F.);
#9046 = EDGE_LOOP('',(#9047,#9048,#9049,#9050));
#9047 = ORIENTED_EDGE('',*,*,#6709,.T.);
#9048 = ORIENTED_EDGE('',*,*,#6758,.T.);
#9049 = ORIENTED_EDGE('',*,*,#6168,.T.);
#9050 = ORIENTED_EDGE('',*,*,#6660,.T.);
#9051 = ( GEOMETRIC_REPRESENTATION_CONTEXT(3) 
GLOBAL_UNCERTAINTY_ASSIGNED_CONTEXT((#9055)) 
GLOBAL_UNIT_ASSIGNED_CONTEXT((#9052,#9053,#9054)) REPRESENTATION_CONTEXT
('Context #1','3D Context with UNIT and UNCERTAINTY') );
#9052 = ( LENGTH_UNIT() NAMED_UNIT(*) SI_UNIT(.MILLI.,.METRE.) );
#9053 = ( NAMED_UNIT(*) PLANE_ANGLE_UNIT() SI_UNIT($,.RADIAN.) );
#9054 = ( NAMED_UNIT(*) SI_UNIT($,.STERADIAN.) SOLID_ANGLE_UNIT() );
#9055 = UNCERTAINTY_MEASURE_WITH_UNIT(LENGTH_MEASURE(1.E-07),#9052,
  'distance_accuracy_value','confusion accuracy');
#9056 = CONTEXT_DEPENDENT_SHAPE_REPRESENTATION(#9057,#9059);
#9057 = ( REPRESENTATION_RELATIONSHIP('','',#152,#10) 
REPRESENTATION_RELATIONSHIP_WITH_TRANSFORMATION(#9058) 
SHAPE_REPRESENTATION_RELATIONSHIP() );
#9058 = ITEM_DEFINED_TRANSFORMATION('','',#11,#15);
#9059 = PRODUCT_DEFINITION_SHAPE('Placement','Placement of an item',
  #9060);
#9060 = NEXT_ASSEMBLY_USAGE_OCCURRENCE('1','body','',#5,#147,$);
#9061 = PRODUCT_RELATED_PRODUCT_CATEGORY('part',$,(#149));
#9062 = SHAPE_DEFINITION_REPRESENTATION(#9063,#9069);
#9063 = PRODUCT_DEFINITION_SHAPE('','',#9064);
#9064 = PRODUCT_DEFINITION('design','',#9065,#9068);
#9065 = PRODUCT_DEFINITION_FORMATION('','',#9066);
#9066 = PRODUCT('pin1_mark','pin1_mark','',(#9067));
#9067 = PRODUCT_CONTEXT('',#2,'mechanical');
#9068 = PRODUCT_DEFINITION_CONTEXT('part definition',#2,'design');
#9069 = ADVANCED_BREP_SHAPE_REPRESENTATION('',(#11,#9070),#9168);
#9070 = MANIFOLD_SOLID_BREP('',#9071);
#9071 = CLOSED_SHELL('',(#9072,#9160,#9164));
#9072 = ADVANCED_FACE('',(#9073),#9087,.T.);
#9073 = FACE_BOUND('',#9074,.F.);
#9074 = EDGE_LOOP('',(#9075,#9105,#9132,#9133));
#9075 = ORIENTED_EDGE('',*,*,#9076,.T.);
#9076 = EDGE_CURVE('',#9077,#9079,#9081,.T.);
#9077 = VERTEX_POINT('',#9078);
#9078 = CARTESIAN_POINT('',(-1.65,1.9,0.75));
#9079 = VERTEX_POINT('',#9080);
#9080 = CARTESIAN_POINT('',(-1.65,1.9,0.755));
#9081 = SEAM_CURVE('',#9082,(#9086,#9098),.PCURVE_S1.);
#9082 = LINE('',#9083,#9084);
#9083 = CARTESIAN_POINT('',(-1.65,1.9,0.75));
#9084 = VECTOR('',#9085,1.);
#9085 = DIRECTION('',(0.,0.,1.));
#9086 = PCURVE('',#9087,#9092);
#9087 = CYLINDRICAL_SURFACE('',#9088,0.25);
#9088 = AXIS2_PLACEMENT_3D('',#9089,#9090,#9091);
#9089 = CARTESIAN_POINT('',(-1.9,1.9,0.75));
#9090 = DIRECTION('',(-0.,-0.,-1.));
#9091 = DIRECTION('',(1.,0.,0.));
#9092 = DEFINITIONAL_REPRESENTATION('',(#9093),#9097);
#9093 = LINE('',#9094,#9095);
#9094 = CARTESIAN_POINT('',(-0.,0.));
#9095 = VECTOR('',#9096,1.);
#9096 = DIRECTION('',(-0.,-1.));
#9097 = ( GEOMETRIC_REPRESENTATION_CONTEXT(2) 
PARAMETRIC_REPRESENTATION_CONTEXT() REPRESENTATION_CONTEXT('2D SPACE',''
  ) );
#9098 = PCURVE('',#9087,#9099);
#9099 = DEFINITIONAL_REPRESENTATION('',(#9100),#9104);
#9100 = LINE('',#9101,#9102);
#9101 = CARTESIAN_POINT('',(-6.28318530718,0.));
#9102 = VECTOR('',#9103,1.);
#9103 = DIRECTION('',(-0.,-1.));
#9104 = ( GEOMETRIC_REPRESENTATION_CONTEXT(2) 
PARAMETRIC_REPRESENTATION_CONTEXT() REPRESENTATION_CONTEXT('2D SPACE',''
  ) );
#9105 = ORIENTED_EDGE('',*,*,#9106,.T.);
#9106 = EDGE_CURVE('',#9079,#9079,#9107,.T.);
#9107 = SURFACE_CURVE('',#9108,(#9113,#9120),.PCURVE_S1.);
#9108 = CIRCLE('',#9109,0.25);
#9109 = AXIS2_PLACEMENT_3D('',#9110,#9111,#9112);
#9110 = CARTESIAN_POINT('',(-1.9,1.9,0.755));
#9111 = DIRECTION('',(0.,0.,1.));
#9112 = DIRECTION('',(1.,0.,0.));
#9113 = PCURVE('',#9087,#9114);
#9114 = DEFINITIONAL_REPRESENTATION('',(#9115),#9119);
#9115 = LINE('',#9116,#9117);
#9116 = CARTESIAN_POINT('',(-0.,-5.E-03));
#9117 = VECTOR('',#9118,1.);
#9118 = DIRECTION('',(-1.,0.));
#9119 = ( GEOMETRIC_REPRESENTATION_CONTEXT(2) 
PARAMETRIC_REPRESENTATION_CONTEXT() REPRESENTATION_CONTEXT('2D SPACE',''
  ) );
#9120 = PCURVE('',#9121,#9126);
#9121 = PLANE('',#9122);
#9122 = AXIS2_PLACEMENT_3D('',#9123,#9124,#9125);
#9123 = CARTESIAN_POINT('',(-1.9,1.9,0.755));
#9124 = DIRECTION('',(0.,0.,1.));
#9125 = DIRECTION('',(1.,0.,-0.));
#9126 = DEFINITIONAL_REPRESENTATION('',(#9127),#9131);
#9127 = CIRCLE('',#9128,0.25);
#9128 = AXIS2_PLACEMENT_2D('',#9129,#9130);
#9129 = CARTESIAN_POINT('',(0.,-2.22044604925E-16));
#9130 = DIRECTION('',(1.,0.));
#9131 = ( GEOMETRIC_REPRESENTATION_CONTEXT(2) 
PARAMETRIC_REPRESENTATION_CONTEXT() REPRESENTATION_CONTEXT('2D SPACE',''
  ) );
#9132 = ORIENTED_EDGE('',*,*,#9076,.F.);
#9133 = ORIENTED_EDGE('',*,*,#9134,.F.);
#9134 = EDGE_CURVE('',#9077,#9077,#9135,.T.);
#9135 = SURFACE_CURVE('',#9136,(#9141,#9148),.PCURVE_S1.);
#9136 = CIRCLE('',#9137,0.25);
#9137 = AXIS2_PLACEMENT_3D('',#9138,#9139,#9140);
#9138 = CARTESIAN_POINT('',(-1.9,1.9,0.75));
#9139 = DIRECTION('',(0.,0.,1.));
#9140 = DIRECTION('',(1.,0.,0.));
#9141 = PCURVE('',#9087,#9142);
#9142 = DEFINITIONAL_REPRESENTATION('',(#9143),#9147);
#9143 = LINE('',#9144,#9145);
#9144 = CARTESIAN_POINT('',(-0.,0.));
#9145 = VECTOR('',#9146,1.);
#9146 = DIRECTION('',(-1.,0.));
#9147 = ( GEOMETRIC_REPRESENTATION_CONTEXT(2) 
PARAMETRIC_REPRESENTATION_CONTEXT() REPRESENTATION_CONTEXT('2D SPACE',''
  ) );
#9148 = PCURVE('',#9149,#9154);
#9149 = PLANE('',#9150);
#9150 = AXIS2_PLACEMENT_3D('',#9151,#9152,#9153);
#9151 = CARTESIAN_POINT('',(-1.9,1.9,0.75));
#9152 = DIRECTION('',(0.,0.,1.));
#9153 = DIRECTION('',(1.,0.,-0.));
#9154 = DEFINITIONAL_REPRESENTATION('',(#9155),#9159);
#9155 = CIRCLE('',#9156,0.25);
#9156 = AXIS2_PLACEMENT_2D('',#9157,#9158);
#9157 = CARTESIAN_POINT('',(0.,-2.22044604925E-16));
#9158 = DIRECTION('',(1.,0.));
#9159 = ( GEOMETRIC_REPRESENTATION_CONTEXT(2) 
PARAMETRIC_REPRESENTATION_CONTEXT() REPRESENTATION_CONTEXT('2D SPACE',''
  ) );
#9160 = ADVANCED_FACE('',(#9161),#9149,.F.);
#9161 = FACE_BOUND('',#9162,.F.);
#9162 = EDGE_LOOP('',(#9163));
#9163 = ORIENTED_EDGE('',*,*,#9134,.T.);
#9164 = ADVANCED_FACE('',(#9165),#9121,.T.);
#9165 = FACE_BOUND('',#9166,.T.);
#9166 = EDGE_LOOP('',(#9167));
#9167 = ORIENTED_EDGE('',*,*,#9106,.T.);
#9168 = ( GEOMETRIC_REPRESENTATION_CONTEXT(3) 
GLOBAL_UNCERTAINTY_ASSIGNED_CONTEXT((#9172)) 
GLOBAL_UNIT_ASSIGNED_CONTEXT((#9169,#9170,#9171)) REPRESENTATION_CONTEXT
('Context #1','3D Context with UNIT and UNCERTAINTY') );
#9169 = ( LENGTH_UNIT() NAMED_UNIT(*) SI_UNIT(.MILLI.,.METRE.) );
#9170 = ( NAMED_UNIT(*) PLANE_ANGLE_UNIT() SI_UNIT($,.RADIAN.) );
#9171 = ( NAMED_UNIT(*) SI_UNIT($,.STERADIAN.) SOLID_ANGLE_UNIT() );
#9172 = UNCERTAINTY_MEASURE_WITH_UNIT(LENGTH_MEASURE(1.E-07),#9169,
  'distance_accuracy_value','confusion accuracy');
#9173 = CONTEXT_DEPENDENT_SHAPE_REPRESENTATION(#9174,#9176);
#9174 = ( REPRESENTATION_RELATIONSHIP('','',#9069,#10) 
REPRESENTATION_RELATIONSHIP_WITH_TRANSFORMATION(#9175) 
SHAPE_REPRESENTATION_RELATIONSHIP() );
#9175 = ITEM_DEFINED_TRANSFORMATION('','',#11,#19);
#9176 = PRODUCT_DEFINITION_SHAPE('Placement','Placement of an item',
  #9177);
#9177 = NEXT_ASSEMBLY_USAGE_OCCURRENCE('2','pin1_mark','',#5,#9064,$);
#9178 = PRODUCT_RELATED_PRODUCT_CATEGORY('part',$,(#9066));
#9179 = SHAPE_DEFINITION_REPRESENTATION(#9180,#9186);
#9180 = PRODUCT_DEFINITION_SHAPE('','',#9181);
#9181 = PRODUCT_DEFINITION('design','',#9182,#9185);
#9182 = PRODUCT_DEFINITION_FORMATION('','',#9183);
#9183 = PRODUCT('exposed_pad','exposed_pad','',(#9184));
#9184 = PRODUCT_CONTEXT('',#2,'mechanical');
#9185 = PRODUCT_DEFINITION_CONTEXT('part definition',#2,'design');
#9186 = ADVANCED_BREP_SHAPE_REPRESENTATION('',(#11,#9187),#9517);
#9187 = MANIFOLD_SOLID_BREP('',#9188);
#9188 = CLOSED_SHELL('',(#9189,#9309,#9385,#9456,#9503,#9510));
#9189 = ADVANCED_FACE('',(#9190),#9204,.F.);
#9190 = FACE_BOUND('',#9191,.F.);
#9191 = EDGE_LOOP('',(#9192,#9227,#9255,#9283));
#9192 = ORIENTED_EDGE('',*,*,#9193,.T.);
#9193 = EDGE_CURVE('',#9194,#9196,#9198,.T.);
#9194 = VERTEX_POINT('',#9195);
#9195 = CARTESIAN_POINT('',(-1.625,-1.625,0.));
#9196 = VERTEX_POINT('',#9197);
#9197 = CARTESIAN_POINT('',(-1.625,-1.625,2.E-02));
#9198 = SURFACE_CURVE('',#9199,(#9203,#9215),.PCURVE_S1.);
#9199 = LINE('',#9200,#9201);
#9200 = CARTESIAN_POINT('',(-1.625,-1.625,0.));
#9201 = VECTOR('',#9202,1.);
#9202 = DIRECTION('',(0.,0.,1.));
#9203 = PCURVE('',#9204,#9209);
#9204 = PLANE('',#9205);
#9205 = AXIS2_PLACEMENT_3D('',#9206,#9207,#9208);
#9206 = CARTESIAN_POINT('',(-1.625,-1.625,0.));
#9207 = DIRECTION('',(0.,1.,0.));
#9208 = DIRECTION('',(1.,0.,0.));
#9209 = DEFINITIONAL_REPRESENTATION('',(#9210),#9214);
#9210 = LINE('',#9211,#9212);
#9211 = CARTESIAN_POINT('',(0.,0.));
#9212 = VECTOR('',#9213,1.);
#9213 = DIRECTION('',(0.,-1.));
#9214 = ( GEOMETRIC_REPRESENTATION_CONTEXT(2) 
PARAMETRIC_REPRESENTATION_CONTEXT() REPRESENTATION_CONTEXT('2D SPACE',''
  ) );
#9215 = PCURVE('',#9216,#9221);
#9216 = PLANE('',#9217);
#9217 = AXIS2_PLACEMENT_3D('',#9218,#9219,#9220);
#9218 = CARTESIAN_POINT('',(-1.625,1.625,0.));
#9219 = DIRECTION('',(1.,0.,-0.));
#9220 = DIRECTION('',(0.,-1.,0.));
#9221 = DEFINITIONAL_REPRESENTATION('',(#9222),#9226);
#9222 = LINE('',#9223,#9224);
#9223 = CARTESIAN_POINT('',(3.25,0.));
#9224 = VECTOR('',#9225,1.);
#9225 = DIRECTION('',(0.,-1.));
#9226 = ( GEOMETRIC_REPRESENTATION_CONTEXT(2) 
PARAMETRIC_REPRESENTATION_CONTEXT() REPRESENTATION_CONTEXT('2D SPACE',''
  ) );
#9227 = ORIENTED_EDGE('',*,*,#9228,.T.);
#9228 = EDGE_CURVE('',#9196,#9229,#9231,.T.);
#9229 = VERTEX_POINT('',#9230);
#9230 = CARTESIAN_POINT('',(1.625,-1.625,2.E-02));
#9231 = SURFACE_CURVE('',#9232,(#9236,#9243),.PCURVE_S1.);
#9232 = LINE('',#9233,#9234);
#9233 = CARTESIAN_POINT('',(-1.625,-1.625,2.E-02));
#9234 = VECTOR('',#9235,1.);
#9235 = DIRECTION('',(1.,0.,0.));
#9236 = PCURVE('',#9204,#9237);
#9237 = DEFINITIONAL_REPRESENTATION('',(#9238),#9242);
#9238 = LINE('',#9239,#9240);
#9239 = CARTESIAN_POINT('',(0.,-2.E-02));
#9240 = VECTOR('',#9241,1.);
#9241 = DIRECTION('',(1.,0.));
#9242 = ( GEOMETRIC_REPRESENTATION_CONTEXT(2) 
PARAMETRIC_REPRESENTATION_CONTEXT() REPRESENTATION_CONTEXT('2D SPACE',''
  ) );
#9243 = PCURVE('',#9244,#9249);
#9244 = PLANE('',#9245);
#9245 = AXIS2_PLACEMENT_3D('',#9246,#9247,#9248);
#9246 = CARTESIAN_POINT('',(0.,0.,2.E-02));
#9247 = DIRECTION('',(0.,0.,1.));
#9248 = DIRECTION('',(1.,0.,-0.));
#9249 = DEFINITIONAL_REPRESENTATION('',(#9250),#9254);
#9250 = LINE('',#9251,#9252);
#9251 = CARTESIAN_POINT('',(-1.625,-1.625));
#9252 = VECTOR('',#9253,1.);
#9253 = DIRECTION('',(1.,0.));
#9254 = ( GEOMETRIC_REPRESENTATION_CONTEXT(2) 
PARAMETRIC_REPRESENTATION_CONTEXT() REPRESENTATION_CONTEXT('2D SPACE',''
  ) );
#9255 = ORIENTED_EDGE('',*,*,#9256,.F.);
#9256 = EDGE_CURVE('',#9257,#9229,#9259,.T.);
#9257 = VERTEX_POINT('',#9258);
#9258 = CARTESIAN_POINT('',(1.625,-1.625,0.));
#9259 = SURFACE_CURVE('',#9260,(#9264,#9271),.PCURVE_S1.);
#9260 = LINE('',#9261,#9262);
#9261 = CARTESIAN_POINT('',(1.625,-1.625,0.));
#9262 = VECTOR('',#9263,1.);
#9263 = DIRECTION('',(0.,0.,1.));
#9264 = PCURVE('',#9204,#9265);
#9265 = DEFINITIONAL_REPRESENTATION('',(#9266),#9270);
#9266 = LINE('',#9267,#9268);
#9267 = CARTESIAN_POINT('',(3.25,0.));
#9268 = VECTOR('',#9269,1.);
#9269 = DIRECTION('',(0.,-1.));
#9270 = ( GEOMETRIC_REPRESENTATION_CONTEXT(2) 
PARAMETRIC_REPRESENTATION_CONTEXT() REPRESENTATION_CONTEXT('2D SPACE',''
  ) );
#9271 = PCURVE('',#9272,#9277);
#9272 = PLANE('',#9273);
#9273 = AXIS2_PLACEMENT_3D('',#9274,#9275,#9276);
#9274 = CARTESIAN_POINT('',(1.625,-1.625,0.));
#9275 = DIRECTION('',(-1.,0.,0.));
#9276 = DIRECTION('',(0.,1.,0.));
#9277 = DEFINITIONAL_REPRESENTATION('',(#9278),#9282);
#9278 = LINE('',#9279,#9280);
#9279 = CARTESIAN_POINT('',(0.,0.));
#9280 = VECTOR('',#9281,1.);
#9281 = DIRECTION('',(0.,-1.));
#9282 = ( GEOMETRIC_REPRESENTATION_CONTEXT(2) 
PARAMETRIC_REPRESENTATION_CONTEXT() REPRESENTATION_CONTEXT('2D SPACE',''
  ) );
#9283 = ORIENTED_EDGE('',*,*,#9284,.F.);
#9284 = EDGE_CURVE('',#9194,#9257,#9285,.T.);
#9285 = SURFACE_CURVE('',#9286,(#9290,#9297),.PCURVE_S1.);
#9286 = LINE('',#9287,#9288);
#9287 = CARTESIAN_POINT('',(-1.625,-1.625,0.));
#9288 = VECTOR('',#9289,1.);
#9289 = DIRECTION('',(1.,0.,0.));
#9290 = PCURVE('',#9204,#9291);
#9291 = DEFINITIONAL_REPRESENTATION('',(#9292),#9296);
#9292 = LINE('',#9293,#9294);
#9293 = CARTESIAN_POINT('',(0.,0.));
#9294 = VECTOR('',#9295,1.);
#9295 = DIRECTION('',(1.,0.));
#9296 = ( GEOMETRIC_REPRESENTATION_CONTEXT(2) 
PARAMETRIC_REPRESENTATION_CONTEXT() REPRESENTATION_CONTEXT('2D SPACE',''
  ) );
#9297 = PCURVE('',#9298,#9303);
#9298 = PLANE('',#9299);
#9299 = AXIS2_PLACEMENT_3D('',#9300,#9301,#9302);
#9300 = CARTESIAN_POINT('',(0.,0.,0.));
#9301 = DIRECTION('',(0.,0.,1.));
#9302 = DIRECTION('',(1.,0.,-0.));
#9303 = DEFINITIONAL_REPRESENTATION('',(#9304),#9308);
#9304 = LINE('',#9305,#9306);
#9305 = CARTESIAN_POINT('',(-1.625,-1.625));
#9306 = VECTOR('',#9307,1.);
#9307 = DIRECTION('',(1.,0.));
#9308 = ( GEOMETRIC_REPRESENTATION_CONTEXT(2) 
PARAMETRIC_REPRESENTATION_CONTEXT() REPRESENTATION_CONTEXT('2D SPACE',''
  ) );
#9309 = ADVANCED_FACE('',(#9310),#9272,.F.);
#9310 = FACE_BOUND('',#9311,.F.);
#9311 = EDGE_LOOP('',(#9312,#9313,#9336,#9364));
#9312 = ORIENTED_EDGE('',*,*,#9256,.T.);
#9313 = ORIENTED_EDGE('',*,*,#9314,.T.);
#9314 = EDGE_CURVE('',#9229,#9315,#9317,.T.);
#9315 = VERTEX_POINT('',#9316);
#9316 = CARTESIAN_POINT('',(1.625,1.625,2.E-02));
#9317 = SURFACE_CURVE('',#9318,(#9322,#9329),.PCURVE_S1.);
#9318 = LINE('',#9319,#9320);
#9319 = CARTESIAN_POINT('',(1.625,-1.625,2.E-02));
#9320 = VECTOR('',#9321,1.);
#9321 = DIRECTION('',(0.,1.,0.));
#9322 = PCURVE('',#9272,#9323);
#9323 = DEFINITIONAL_REPRESENTATION('',(#9324),#9328);
#9324 = LINE('',#9325,#9326);
#9325 = CARTESIAN_POINT('',(0.,-2.E-02));
#9326 = VECTOR('',#9327,1.);
#9327 = DIRECTION('',(1.,0.));
#9328 = ( GEOMETRIC_REPRESENTATION_CONTEXT(2) 
PARAMETRIC_REPRESENTATION_CONTEXT() REPRESENTATION_CONTEXT('2D SPACE',''
  ) );
#9329 = PCURVE('',#9244,#9330);
#9330 = DEFINITIONAL_REPRESENTATION('',(#9331),#9335);
#9331 = LINE('',#9332,#9333);
#9332 = CARTESIAN_POINT('',(1.625,-1.625));
#9333 = VECTOR('',#9334,1.);
#9334 = DIRECTION('',(0.,1.));
#9335 = ( GEOMETRIC_REPRESENTATION_CONTEXT(2) 
PARAMETRIC_REPRESENTATION_CONTEXT() REPRESENTATION_CONTEXT('2D SPACE',''
  ) );
#9336 = ORIENTED_EDGE('',*,*,#9337,.F.);
#9337 = EDGE_CURVE('',#9338,#9315,#9340,.T.);
#9338 = VERTEX_POINT('',#9339);
#9339 = CARTESIAN_POINT('',(1.625,1.625,0.));
#9340 = SURFACE_CURVE('',#9341,(#9345,#9352),.PCURVE_S1.);
#9341 = LINE('',#9342,#9343);
#9342 = CARTESIAN_POINT('',(1.625,1.625,0.));
#9343 = VECTOR('',#9344,1.);
#9344 = DIRECTION('',(0.,0.,1.));
#9345 = PCURVE('',#9272,#9346);
#9346 = DEFINITIONAL_REPRESENTATION('',(#9347),#9351);
#9347 = LINE('',#9348,#9349);
#9348 = CARTESIAN_POINT('',(3.25,0.));
#9349 = VECTOR('',#9350,1.);
#9350 = DIRECTION('',(0.,-1.));
#9351 = ( GEOMETRIC_REPRESENTATION_CONTEXT(2) 
PARAMETRIC_REPRESENTATION_CONTEXT() REPRESENTATION_CONTEXT('2D SPACE',''
  ) );
#9352 = PCURVE('',#9353,#9358);
#9353 = PLANE('',#9354);
#9354 = AXIS2_PLACEMENT_3D('',#9355,#9356,#9357);
#9355 = CARTESIAN_POINT('',(1.625,1.625,0.));
#9356 = DIRECTION('',(0.,-1.,0.));
#9357 = DIRECTION('',(-1.,0.,0.));
#9358 = DEFINITIONAL_REPRESENTATION('',(#9359),#9363);
#9359 = LINE('',#9360,#9361);
#9360 = CARTESIAN_POINT('',(0.,-0.));
#9361 = VECTOR('',#9362,1.);
#9362 = DIRECTION('',(0.,-1.));
#9363 = ( GEOMETRIC_REPRESENTATION_CONTEXT(2) 
PARAMETRIC_REPRESENTATION_CONTEXT() REPRESENTATION_CONTEXT('2D SPACE',''
  ) );
#9364 = ORIENTED_EDGE('',*,*,#9365,.F.);
#9365 = EDGE_CURVE('',#9257,#9338,#9366,.T.);
#9366 = SURFACE_CURVE('',#9367,(#9371,#9378),.PCURVE_S1.);
#9367 = LINE('',#9368,#9369);
#9368 = CARTESIAN_POINT('',(1.625,-1.625,0.));
#9369 = VECTOR('',#9370,1.);
#9370 = DIRECTION('',(0.,1.,0.));
#9371 = PCURVE('',#9272,#9372);
#9372 = DEFINITIONAL_REPRESENTATION('',(#9373),#9377);
#9373 = LINE('',#9374,#9375);
#9374 = CARTESIAN_POINT('',(0.,0.));
#9375 = VECTOR('',#9376,1.);
#9376 = DIRECTION('',(1.,0.));
#9377 = ( GEOMETRIC_REPRESENTATION_CONTEXT(2) 
PARAMETRIC_REPRESENTATION_CONTEXT() REPRESENTATION_CONTEXT('2D SPACE',''
  ) );
#9378 = PCURVE('',#9298,#9379);
#9379 = DEFINITIONAL_REPRESENTATION('',(#9380),#9384);
#9380 = LINE('',#9381,#9382);
#9381 = CARTESIAN_POINT('',(1.625,-1.625));
#9382 = VECTOR('',#9383,1.);
#9383 = DIRECTION('',(0.,1.));
#9384 = ( GEOMETRIC_REPRESENTATION_CONTEXT(2) 
PARAMETRIC_REPRESENTATION_CONTEXT() REPRESENTATION_CONTEXT('2D SPACE',''
  ) );
#9385 = ADVANCED_FACE('',(#9386),#9353,.F.);
#9386 = FACE_BOUND('',#9387,.F.);
#9387 = EDGE_LOOP('',(#9388,#9389,#9412,#9435));
#9388 = ORIENTED_EDGE('',*,*,#9337,.T.);
#9389 = ORIENTED_EDGE('',*,*,#9390,.T.);
#9390 = EDGE_CURVE('',#9315,#9391,#9393,.T.);
#9391 = VERTEX_POINT('',#9392);
#9392 = CARTESIAN_POINT('',(-1.625,1.625,2.E-02));
#9393 = SURFACE_CURVE('',#9394,(#9398,#9405),.PCURVE_S1.);
#9394 = LINE('',#9395,#9396);
#9395 = CARTESIAN_POINT('',(1.625,1.625,2.E-02));
#9396 = VECTOR('',#9397,1.);
#9397 = DIRECTION('',(-1.,0.,0.));
#9398 = PCURVE('',#9353,#9399);
#9399 = DEFINITIONAL_REPRESENTATION('',(#9400),#9404);
#9400 = LINE('',#9401,#9402);
#9401 = CARTESIAN_POINT('',(0.,-2.E-02));
#9402 = VECTOR('',#9403,1.);
#9403 = DIRECTION('',(1.,0.));
#9404 = ( GEOMETRIC_REPRESENTATION_CONTEXT(2) 
PARAMETRIC_REPRESENTATION_CONTEXT() REPRESENTATION_CONTEXT('2D SPACE',''
  ) );
#9405 = PCURVE('',#9244,#9406);
#9406 = DEFINITIONAL_REPRESENTATION('',(#9407),#9411);
#9407 = LINE('',#9408,#9409);
#9408 = CARTESIAN_POINT('',(1.625,1.625));
#9409 = VECTOR('',#9410,1.);
#9410 = DIRECTION('',(-1.,0.));
#9411 = ( GEOMETRIC_REPRESENTATION_CONTEXT(2) 
PARAMETRIC_REPRESENTATION_CONTEXT() REPRESENTATION_CONTEXT('2D SPACE',''
  ) );
#9412 = ORIENTED_EDGE('',*,*,#9413,.F.);
#9413 = EDGE_CURVE('',#9414,#9391,#9416,.T.);
#9414 = VERTEX_POINT('',#9415);
#9415 = CARTESIAN_POINT('',(-1.625,1.625,0.));
#9416 = SURFACE_CURVE('',#9417,(#9421,#9428),.PCURVE_S1.);
#9417 = LINE('',#9418,#9419);
#9418 = CARTESIAN_POINT('',(-1.625,1.625,0.));
#9419 = VECTOR('',#9420,1.);
#9420 = DIRECTION('',(0.,0.,1.));
#9421 = PCURVE('',#9353,#9422);
#9422 = DEFINITIONAL_REPRESENTATION('',(#9423),#9427);
#9423 = LINE('',#9424,#9425);
#9424 = CARTESIAN_POINT('',(3.25,0.));
#9425 = VECTOR('',#9426,1.);
#9426 = DIRECTION('',(0.,-1.));
#9427 = ( GEOMETRIC_REPRESENTATION_CONTEXT(2) 
PARAMETRIC_REPRESENTATION_CONTEXT() REPRESENTATION_CONTEXT('2D SPACE',''
  ) );
#9428 = PCURVE('',#9216,#9429);
#9429 = DEFINITIONAL_REPRESENTATION('',(#9430),#9434);
#9430 = LINE('',#9431,#9432);
#9431 = CARTESIAN_POINT('',(0.,0.));
#9432 = VECTOR('',#9433,1.);
#9433 = DIRECTION('',(0.,-1.));
#9434 = ( GEOMETRIC_REPRESENTATION_CONTEXT(2) 
PARAMETRIC_REPRESENTATION_CONTEXT() REPRESENTATION_CONTEXT('2D SPACE',''
  ) );
#9435 = ORIENTED_EDGE('',*,*,#9436,.F.);
#9436 = EDGE_CURVE('',#9338,#9414,#9437,.T.);
#9437 = SURFACE_CURVE('',#9438,(#9442,#9449),.PCURVE_S1.);
#9438 = LINE('',#9439,#9440);
#9439 = CARTESIAN_POINT('',(1.625,1.625,0.));
#9440 = VECTOR('',#9441,1.);
#9441 = DIRECTION('',(-1.,0.,0.));
#9442 = PCURVE('',#9353,#9443);
#9443 = DEFINITIONAL_REPRESENTATION('',(#9444),#9448);
#9444 = LINE('',#9445,#9446);
#9445 = CARTESIAN_POINT('',(0.,-0.));
#9446 = VECTOR('',#9447,1.);
#9447 = DIRECTION('',(1.,0.));
#9448 = ( GEOMETRIC_REPRESENTATION_CONTEXT(2) 
PARAMETRIC_REPRESENTATION_CONTEXT() REPRESENTATION_CONTEXT('2D SPACE',''
  ) );
#9449 = PCURVE('',#9298,#9450);
#9450 = DEFINITIONAL_REPRESENTATION('',(#9451),#9455);
#9451 = LINE('',#9452,#9453);
#9452 = CARTESIAN_POINT('',(1.625,1.625));
#9453 = VECTOR('',#9454,1.);
#9454 = DIRECTION('',(-1.,0.));
#9455 = ( GEOMETRIC_REPRESENTATION_CONTEXT(2) 
PARAMETRIC_REPRESENTATION_CONTEXT() REPRESENTATION_CONTEXT('2D SPACE',''
  ) );
#9456 = ADVANCED_FACE('',(#9457),#9216,.F.);
#9457 = FACE_BOUND('',#9458,.F.);
#9458 = EDGE_LOOP('',(#9459,#9460,#9481,#9482));
#9459 = ORIENTED_EDGE('',*,*,#9413,.T.);
#9460 = ORIENTED_EDGE('',*,*,#9461,.T.);
#9461 = EDGE_CURVE('',#9391,#9196,#9462,.T.);
#9462 = SURFACE_CURVE('',#9463,(#9467,#9474),.PCURVE_S1.);
#9463 = LINE('',#9464,#9465);
#9464 = CARTESIAN_POINT('',(-1.625,1.625,2.E-02));
#9465 = VECTOR('',#9466,1.);
#9466 = DIRECTION('',(0.,-1.,0.));
#9467 = PCURVE('',#9216,#9468);
#9468 = DEFINITIONAL_REPRESENTATION('',(#9469),#9473);
#9469 = LINE('',#9470,#9471);
#9470 = CARTESIAN_POINT('',(0.,-2.E-02));
#9471 = VECTOR('',#9472,1.);
#9472 = DIRECTION('',(1.,0.));
#9473 = ( GEOMETRIC_REPRESENTATION_CONTEXT(2) 
PARAMETRIC_REPRESENTATION_CONTEXT() REPRESENTATION_CONTEXT('2D SPACE',''
  ) );
#9474 = PCURVE('',#9244,#9475);
#9475 = DEFINITIONAL_REPRESENTATION('',(#9476),#9480);
#9476 = LINE('',#9477,#9478);
#9477 = CARTESIAN_POINT('',(-1.625,1.625));
#9478 = VECTOR('',#9479,1.);
#9479 = DIRECTION('',(0.,-1.));
#9480 = ( GEOMETRIC_REPRESENTATION_CONTEXT(2) 
PARAMETRIC_REPRESENTATION_CONTEXT() REPRESENTATION_CONTEXT('2D SPACE',''
  ) );
#9481 = ORIENTED_EDGE('',*,*,#9193,.F.);
#9482 = ORIENTED_EDGE('',*,*,#9483,.F.);
#9483 = EDGE_CURVE('',#9414,#9194,#9484,.T.);
#9484 = SURFACE_CURVE('',#9485,(#9489,#9496),.PCURVE_S1.);
#9485 = LINE('',#9486,#9487);
#9486 = CARTESIAN_POINT('',(-1.625,1.625,0.));
#9487 = VECTOR('',#9488,1.);
#9488 = DIRECTION('',(0.,-1.,0.));
#9489 = PCURVE('',#9216,#9490);
#9490 = DEFINITIONAL_REPRESENTATION('',(#9491),#9495);
#9491 = LINE('',#9492,#9493);
#9492 = CARTESIAN_POINT('',(0.,0.));
#9493 = VECTOR('',#9494,1.);
#9494 = DIRECTION('',(1.,0.));
#9495 = ( GEOMETRIC_REPRESENTATION_CONTEXT(2) 
PARAMETRIC_REPRESENTATION_CONTEXT() REPRESENTATION_CONTEXT('2D SPACE',''
  ) );
#9496 = PCURVE('',#9298,#9497);
#9497 = DEFINITIONAL_REPRESENTATION('',(#9498),#9502);
#9498 = LINE('',#9499,#9500);
#9499 = CARTESIAN_POINT('',(-1.625,1.625));
#9500 = VECTOR('',#9501,1.);
#9501 = DIRECTION('',(0.,-1.));
#9502 = ( GEOMETRIC_REPRESENTATION_CONTEXT(2) 
PARAMETRIC_REPRESENTATION_CONTEXT() REPRESENTATION_CONTEXT('2D SPACE',''
  ) );
#9503 = ADVANCED_FACE('',(#9504),#9298,.F.);
#9504 = FACE_BOUND('',#9505,.F.);
#9505 = EDGE_LOOP('',(#9506,#9507,#9508,#9509));
#9506 = ORIENTED_EDGE('',*,*,#9284,.T.);
#9507 = ORIENTED_EDGE('',*,*,#9365,.T.);
#9508 = ORIENTED_EDGE('',*,*,#9436,.T.);
#9509 = ORIENTED_EDGE('',*,*,#9483,.T.);
#9510 = ADVANCED_FACE('',(#9511),#9244,.T.);
#9511 = FACE_BOUND('',#9512,.T.);
#9512 = EDGE_LOOP('',(#9513,#9514,#9515,#9516));
#9513 = ORIENTED_EDGE('',*,*,#9228,.T.);
#9514 = ORIENTED_EDGE('',*,*,#9314,.T.);
#9515 = ORIENTED_EDGE('',*,*,#9390,.T.);
#9516 = ORIENTED_EDGE('',*,*,#9461,.T.);
#9517 = ( GEOMETRIC_REPRESENTATION_CONTEXT(3) 
GLOBAL_UNCERTAINTY_ASSIGNED_CONTEXT((#9521)) 
GLOBAL_UNIT_ASSIGNED_CONTEXT((#9518,#9519,#9520)) REPRESENTATION_CONTEXT
('Context #1','3D Context with UNIT and UNCERTAINTY') );
#9518 = ( LENGTH_UNIT() NAMED_UNIT(*) SI_UNIT(.MILLI.,.METRE.) );
#9519 = ( NAMED_UNIT(*) PLANE_ANGLE_UNIT() SI_UNIT($,.RADIAN.) );
#9520 = ( NAMED_UNIT(*) SI_UNIT($,.STERADIAN.) SOLID_ANGLE_UNIT() );
#9521 = UNCERTAINTY_MEASURE_WITH_UNIT(LENGTH_MEASURE(1.E-07),#9518,
  'distance_accuracy_value','confusion accuracy');
#9522 = CONTEXT_DEPENDENT_SHAPE_REPRESENTATION(#9523,#9525);
#9523 = ( REPRESENTATION_RELATIONSHIP('','',#9186,#10) 
REPRESENTATION_RELATIONSHIP_WITH_TRANSFORMATION(#9524) 
SHAPE_REPRESENTATION_RELATIONSHIP() );
#9524 = ITEM_DEFINED_TRANSFORMATION('','',#11,#23);
#9525 = PRODUCT_DEFINITION_SHAPE('Placement','Placement of an item',
  #9526);
#9526 = NEXT_ASSEMBLY_USAGE_OCCURRENCE('3','exposed_pad','',#5,#9181,$);
#9527 = PRODUCT_RELATED_PRODUCT_CATEGORY('part',$,(#9183));
#9528 = SHAPE_DEFINITION_REPRESENTATION(#9529,#9535);
#9529 = PRODUCT_DEFINITION_SHAPE('','',#9530);
#9530 = PRODUCT_DEFINITION('design','',#9531,#9534);
#9531 = PRODUCT_DEFINITION_FORMATION('','',#9532);
#9532 = PRODUCT('terminal1','terminal1','',(#9533));
#9533 = PRODUCT_CONTEXT('',#2,'mechanical');
#9534 = PRODUCT_DEFINITION_CONTEXT('part definition',#2,'design');
#9535 = ADVANCED_BREP_SHAPE_REPRESENTATION('',(#11,#9536),#9866);
#9536 = MANIFOLD_SOLID_BREP('',#9537);
#9537 = CLOSED_SHELL('',(#9538,#9658,#9734,#9805,#9852,#9859));
#9538 = ADVANCED_FACE('',(#9539),#9553,.F.);
#9539 = FACE_BOUND('',#9540,.F.);
#9540 = EDGE_LOOP('',(#9541,#9576,#9604,#9632));
#9541 = ORIENTED_EDGE('',*,*,#9542,.T.);
#9542 = EDGE_CURVE('',#9543,#9545,#9547,.T.);
#9543 = VERTEX_POINT('',#9544);
#9544 = CARTESIAN_POINT('',(-2.5,1.375,0.));
#9545 = VERTEX_POINT('',#9546);
#9546 = CARTESIAN_POINT('',(-2.5,1.375,0.2));
#9547 = SURFACE_CURVE('',#9548,(#9552,#9564),.PCURVE_S1.);
#9548 = LINE('',#9549,#9550);
#9549 = CARTESIAN_POINT('',(-2.5,1.375,0.));
#9550 = VECTOR('',#9551,1.);
#9551 = DIRECTION('',(0.,0.,1.));
#9552 = PCURVE('',#9553,#9558);
#9553 = PLANE('',#9554);
#9554 = AXIS2_PLACEMENT_3D('',#9555,#9556,#9557);
#9555 = CARTESIAN_POINT('',(-2.5,1.375,0.));
#9556 = DIRECTION('',(0.,1.,0.));
#9557 = DIRECTION('',(1.,0.,0.));
#9558 = DEFINITIONAL_REPRESENTATION('',(#9559),#9563);
#9559 = LINE('',#9560,#9561);
#9560 = CARTESIAN_POINT('',(0.,0.));
#9561 = VECTOR('',#9562,1.);
#9562 = DIRECTION('',(0.,-1.));
#9563 = ( GEOMETRIC_REPRESENTATION_CONTEXT(2) 
PARAMETRIC_REPRESENTATION_CONTEXT() REPRESENTATION_CONTEXT('2D SPACE',''
  ) );
#9564 = PCURVE('',#9565,#9570);
#9565 = PLANE('',#9566);
#9566 = AXIS2_PLACEMENT_3D('',#9567,#9568,#9569);
#9567 = CARTESIAN_POINT('',(-2.5,1.625,0.));
#9568 = DIRECTION('',(1.,0.,-0.));
#9569 = DIRECTION('',(0.,-1.,0.));
#9570 = DEFINITIONAL_REPRESENTATION('',(#9571),#9575);
#9571 = LINE('',#9572,#9573);
#9572 = CARTESIAN_POINT('',(0.25,0.));
#9573 = VECTOR('',#9574,1.);
#9574 = DIRECTION('',(0.,-1.));
#9575 = ( GEOMETRIC_REPRESENTATION_CONTEXT(2) 
PARAMETRIC_REPRESENTATION_CONTEXT() REPRESENTATION_CONTEXT('2D SPACE',''
  ) );
#9576 = ORIENTED_EDGE('',*,*,#9577,.T.);
#9577 = EDGE_CURVE('',#9545,#9578,#9580,.T.);
#9578 = VERTEX_POINT('',#9579);
#9579 = CARTESIAN_POINT('',(-2.1,1.375,0.2));
#9580 = SURFACE_CURVE('',#9581,(#9585,#9592),.PCURVE_S1.);
#9581 = LINE('',#9582,#9583);
#9582 = CARTESIAN_POINT('',(-2.5,1.375,0.2));
#9583 = VECTOR('',#9584,1.);
#9584 = DIRECTION('',(1.,0.,0.));
#9585 = PCURVE('',#9553,#9586);
#9586 = DEFINITIONAL_REPRESENTATION('',(#9587),#9591);
#9587 = LINE('',#9588,#9589);
#9588 = CARTESIAN_POINT('',(0.,-0.2));
#9589 = VECTOR('',#9590,1.);
#9590 = DIRECTION('',(1.,0.));
#9591 = ( GEOMETRIC_REPRESENTATION_CONTEXT(2) 
PARAMETRIC_REPRESENTATION_CONTEXT() REPRESENTATION_CONTEXT('2D SPACE',''
  ) );
#9592 = PCURVE('',#9593,#9598);
#9593 = PLANE('',#9594);
#9594 = AXIS2_PLACEMENT_3D('',#9595,#9596,#9597);
#9595 = CARTESIAN_POINT('',(-2.3,1.5,0.2));
#9596 = DIRECTION('',(0.,0.,1.));
#9597 = DIRECTION('',(1.,0.,-0.));
#9598 = DEFINITIONAL_REPRESENTATION('',(#9599),#9603);
#9599 = LINE('',#9600,#9601);
#9600 = CARTESIAN_POINT('',(-0.2,-0.125));
#9601 = VECTOR('',#9602,1.);
#9602 = DIRECTION('',(1.,0.));
#9603 = ( GEOMETRIC_REPRESENTATION_CONTEXT(2) 
PARAMETRIC_REPRESENTATION_CONTEXT() REPRESENTATION_CONTEXT('2D SPACE',''
  ) );
#9604 = ORIENTED_EDGE('',*,*,#9605,.F.);
#9605 = EDGE_CURVE('',#9606,#9578,#9608,.T.);
#9606 = VERTEX_POINT('',#9607);
#9607 = CARTESIAN_POINT('',(-2.1,1.375,0.));
#9608 = SURFACE_CURVE('',#9609,(#9613,#9620),.PCURVE_S1.);
#9609 = LINE('',#9610,#9611);
#9610 = CARTESIAN_POINT('',(-2.1,1.375,0.));
#9611 = VECTOR('',#9612,1.);
#9612 = DIRECTION('',(0.,0.,1.));
#9613 = PCURVE('',#9553,#9614);
#9614 = DEFINITIONAL_REPRESENTATION('',(#9615),#9619);
#9615 = LINE('',#9616,#9617);
#9616 = CARTESIAN_POINT('',(0.4,0.));
#9617 = VECTOR('',#9618,1.);
#9618 = DIRECTION('',(0.,-1.));
#9619 = ( GEOMETRIC_REPRESENTATION_CONTEXT(2) 
PARAMETRIC_REPRESENTATION_CONTEXT() REPRESENTATION_CONTEXT('2D SPACE',''
  ) );
#9620 = PCURVE('',#9621,#9626);
#9621 = PLANE('',#9622);
#9622 = AXIS2_PLACEMENT_3D('',#9623,#9624,#9625);
#9623 = CARTESIAN_POINT('',(-2.1,1.375,0.));
#9624 = DIRECTION('',(-1.,0.,0.));
#9625 = DIRECTION('',(0.,1.,0.));
#9626 = DEFINITIONAL_REPRESENTATION('',(#9627),#9631);
#9627 = LINE('',#9628,#9629);
#9628 = CARTESIAN_POINT('',(0.,0.));
#9629 = VECTOR('',#9630,1.);
#9630 = DIRECTION('',(0.,-1.));
#9631 = ( GEOMETRIC_REPRESENTATION_CONTEXT(2) 
PARAMETRIC_REPRESENTATION_CONTEXT() REPRESENTATION_CONTEXT('2D SPACE',''
  ) );
#9632 = ORIENTED_EDGE('',*,*,#9633,.F.);
#9633 = EDGE_CURVE('',#9543,#9606,#9634,.T.);
#9634 = SURFACE_CURVE('',#9635,(#9639,#9646),.PCURVE_S1.);
#9635 = LINE('',#9636,#9637);
#9636 = CARTESIAN_POINT('',(-2.5,1.375,0.));
#9637 = VECTOR('',#9638,1.);
#9638 = DIRECTION('',(1.,0.,0.));
#9639 = PCURVE('',#9553,#9640);
#9640 = DEFINITIONAL_REPRESENTATION('',(#9641),#9645);
#9641 = LINE('',#9642,#9643);
#9642 = CARTESIAN_POINT('',(0.,0.));
#9643 = VECTOR('',#9644,1.);
#9644 = DIRECTION('',(1.,0.));
#9645 = ( GEOMETRIC_REPRESENTATION_CONTEXT(2) 
PARAMETRIC_REPRESENTATION_CONTEXT() REPRESENTATION_CONTEXT('2D SPACE',''
  ) );
#9646 = PCURVE('',#9647,#9652);
#9647 = PLANE('',#9648);
#9648 = AXIS2_PLACEMENT_3D('',#9649,#9650,#9651);
#9649 = CARTESIAN_POINT('',(-2.3,1.5,0.));
#9650 = DIRECTION('',(0.,0.,1.));
#9651 = DIRECTION('',(1.,0.,-0.));
#9652 = DEFINITIONAL_REPRESENTATION('',(#9653),#9657);
#9653 = LINE('',#9654,#9655);
#9654 = CARTESIAN_POINT('',(-0.2,-0.125));
#9655 = VECTOR('',#9656,1.);
#9656 = DIRECTION('',(1.,0.));
#9657 = ( GEOMETRIC_REPRESENTATION_CONTEXT(2) 
PARAMETRIC_REPRESENTATION_CONTEXT() REPRESENTATION_CONTEXT('2D SPACE',''
  ) );
#9658 = ADVANCED_FACE('',(#9659),#9621,.F.);
#9659 = FACE_BOUND('',#9660,.F.);
#9660 = EDGE_LOOP('',(#9661,#9662,#9685,#9713));
#9661 = ORIENTED_EDGE('',*,*,#9605,.T.);
#9662 = ORIENTED_EDGE('',*,*,#9663,.T.);
#9663 = EDGE_CURVE('',#9578,#9664,#9666,.T.);
#9664 = VERTEX_POINT('',#9665);
#9665 = CARTESIAN_POINT('',(-2.1,1.625,0.2));
#9666 = SURFACE_CURVE('',#9667,(#9671,#9678),.PCURVE_S1.);
#9667 = LINE('',#9668,#9669);
#9668 = CARTESIAN_POINT('',(-2.1,1.375,0.2));
#9669 = VECTOR('',#9670,1.);
#9670 = DIRECTION('',(0.,1.,0.));
#9671 = PCURVE('',#9621,#9672);
#9672 = DEFINITIONAL_REPRESENTATION('',(#9673),#9677);
#9673 = LINE('',#9674,#9675);
#9674 = CARTESIAN_POINT('',(0.,-0.2));
#9675 = VECTOR('',#9676,1.);
#9676 = DIRECTION('',(1.,0.));
#9677 = ( GEOMETRIC_REPRESENTATION_CONTEXT(2) 
PARAMETRIC_REPRESENTATION_CONTEXT() REPRESENTATION_CONTEXT('2D SPACE',''
  ) );
#9678 = PCURVE('',#9593,#9679);
#9679 = DEFINITIONAL_REPRESENTATION('',(#9680),#9684);
#9680 = LINE('',#9681,#9682);
#9681 = CARTESIAN_POINT('',(0.2,-0.125));
#9682 = VECTOR('',#9683,1.);
#9683 = DIRECTION('',(0.,1.));
#9684 = ( GEOMETRIC_REPRESENTATION_CONTEXT(2) 
PARAMETRIC_REPRESENTATION_CONTEXT() REPRESENTATION_CONTEXT('2D SPACE',''
  ) );
#9685 = ORIENTED_EDGE('',*,*,#9686,.F.);
#9686 = EDGE_CURVE('',#9687,#9664,#9689,.T.);
#9687 = VERTEX_POINT('',#9688);
#9688 = CARTESIAN_POINT('',(-2.1,1.625,0.));
#9689 = SURFACE_CURVE('',#9690,(#9694,#9701),.PCURVE_S1.);
#9690 = LINE('',#9691,#9692);
#9691 = CARTESIAN_POINT('',(-2.1,1.625,0.));
#9692 = VECTOR('',#9693,1.);
#9693 = DIRECTION('',(0.,0.,1.));
#9694 = PCURVE('',#9621,#9695);
#9695 = DEFINITIONAL_REPRESENTATION('',(#9696),#9700);
#9696 = LINE('',#9697,#9698);
#9697 = CARTESIAN_POINT('',(0.25,0.));
#9698 = VECTOR('',#9699,1.);
#9699 = DIRECTION('',(0.,-1.));
#9700 = ( GEOMETRIC_REPRESENTATION_CONTEXT(2) 
PARAMETRIC_REPRESENTATION_CONTEXT() REPRESENTATION_CONTEXT('2D SPACE',''
  ) );
#9701 = PCURVE('',#9702,#9707);
#9702 = PLANE('',#9703);
#9703 = AXIS2_PLACEMENT_3D('',#9704,#9705,#9706);
#9704 = CARTESIAN_POINT('',(-2.1,1.625,0.));
#9705 = DIRECTION('',(0.,-1.,0.));
#9706 = DIRECTION('',(-1.,0.,0.));
#9707 = DEFINITIONAL_REPRESENTATION('',(#9708),#9712);
#9708 = LINE('',#9709,#9710);
#9709 = CARTESIAN_POINT('',(0.,-0.));
#9710 = VECTOR('',#9711,1.);
#9711 = DIRECTION('',(0.,-1.));
#9712 = ( GEOMETRIC_REPRESENTATION_CONTEXT(2) 
PARAMETRIC_REPRESENTATION_CONTEXT() REPRESENTATION_CONTEXT('2D SPACE',''
  ) );
#9713 = ORIENTED_EDGE('',*,*,#9714,.F.);
#9714 = EDGE_CURVE('',#9606,#9687,#9715,.T.);
#9715 = SURFACE_CURVE('',#9716,(#9720,#9727),.PCURVE_S1.);
#9716 = LINE('',#9717,#9718);
#9717 = CARTESIAN_POINT('',(-2.1,1.375,0.));
#9718 = VECTOR('',#9719,1.);
#9719 = DIRECTION('',(0.,1.,0.));
#9720 = PCURVE('',#9621,#9721);
#9721 = DEFINITIONAL_REPRESENTATION('',(#9722),#9726);
#9722 = LINE('',#9723,#9724);
#9723 = CARTESIAN_POINT('',(0.,0.));
#9724 = VECTOR('',#9725,1.);
#9725 = DIRECTION('',(1.,0.));
#9726 = ( GEOMETRIC_REPRESENTATION_CONTEXT(2) 
PARAMETRIC_REPRESENTATION_CONTEXT() REPRESENTATION_CONTEXT('2D SPACE',''
  ) );
#9727 = PCURVE('',#9647,#9728);
#9728 = DEFINITIONAL_REPRESENTATION('',(#9729),#9733);
#9729 = LINE('',#9730,#9731);
#9730 = CARTESIAN_POINT('',(0.2,-0.125));
#9731 = VECTOR('',#9732,1.);
#9732 = DIRECTION('',(0.,1.));
#9733 = ( GEOMETRIC_REPRESENTATION_CONTEXT(2) 
PARAMETRIC_REPRESENTATION_CONTEXT() REPRESENTATION_CONTEXT('2D SPACE',''
  ) );
#9734 = ADVANCED_FACE('',(#9735),#9702,.F.);
#9735 = FACE_BOUND('',#9736,.F.);
#9736 = EDGE_LOOP('',(#9737,#9738,#9761,#9784));
#9737 = ORIENTED_EDGE('',*,*,#9686,.T.);
#9738 = ORIENTED_EDGE('',*,*,#9739,.T.);
#9739 = EDGE_CURVE('',#9664,#9740,#9742,.T.);
#9740 = VERTEX_POINT('',#9741);
#9741 = CARTESIAN_POINT('',(-2.5,1.625,0.2));
#9742 = SURFACE_CURVE('',#9743,(#9747,#9754),.PCURVE_S1.);
#9743 = LINE('',#9744,#9745);
#9744 = CARTESIAN_POINT('',(-2.1,1.625,0.2));
#9745 = VECTOR('',#9746,1.);
#9746 = DIRECTION('',(-1.,0.,0.));
#9747 = PCURVE('',#9702,#9748);
#9748 = DEFINITIONAL_REPRESENTATION('',(#9749),#9753);
#9749 = LINE('',#9750,#9751);
#9750 = CARTESIAN_POINT('',(0.,-0.2));
#9751 = VECTOR('',#9752,1.);
#9752 = DIRECTION('',(1.,0.));
#9753 = ( GEOMETRIC_REPRESENTATION_CONTEXT(2) 
PARAMETRIC_REPRESENTATION_CONTEXT() REPRESENTATION_CONTEXT('2D SPACE',''
  ) );
#9754 = PCURVE('',#9593,#9755);
#9755 = DEFINITIONAL_REPRESENTATION('',(#9756),#9760);
#9756 = LINE('',#9757,#9758);
#9757 = CARTESIAN_POINT('',(0.2,0.125));
#9758 = VECTOR('',#9759,1.);
#9759 = DIRECTION('',(-1.,0.));
#9760 = ( GEOMETRIC_REPRESENTATION_CONTEXT(2) 
PARAMETRIC_REPRESENTATION_CONTEXT() REPRESENTATION_CONTEXT('2D SPACE',''
  ) );
#9761 = ORIENTED_EDGE('',*,*,#9762,.F.);
#9762 = EDGE_CURVE('',#9763,#9740,#9765,.T.);
#9763 = VERTEX_POINT('',#9764);
#9764 = CARTESIAN_POINT('',(-2.5,1.625,0.));
#9765 = SURFACE_CURVE('',#9766,(#9770,#9777),.PCURVE_S1.);
#9766 = LINE('',#9767,#9768);
#9767 = CARTESIAN_POINT('',(-2.5,1.625,0.));
#9768 = VECTOR('',#9769,1.);
#9769 = DIRECTION('',(0.,0.,1.));
#9770 = PCURVE('',#9702,#9771);
#9771 = DEFINITIONAL_REPRESENTATION('',(#9772),#9776);
#9772 = LINE('',#9773,#9774);
#9773 = CARTESIAN_POINT('',(0.4,0.));
#9774 = VECTOR('',#9775,1.);
#9775 = DIRECTION('',(0.,-1.));
#9776 = ( GEOMETRIC_REPRESENTATION_CONTEXT(2) 
PARAMETRIC_REPRESENTATION_CONTEXT() REPRESENTATION_CONTEXT('2D SPACE',''
  ) );
#9777 = PCURVE('',#9565,#9778);
#9778 = DEFINITIONAL_REPRESENTATION('',(#9779),#9783);
#9779 = LINE('',#9780,#9781);
#9780 = CARTESIAN_POINT('',(0.,0.));
#9781 = VECTOR('',#9782,1.);
#9782 = DIRECTION('',(0.,-1.));
#9783 = ( GEOMETRIC_REPRESENTATION_CONTEXT(2) 
PARAMETRIC_REPRESENTATION_CONTEXT() REPRESENTATION_CONTEXT('2D SPACE',''
  ) );
#9784 = ORIENTED_EDGE('',*,*,#9785,.F.);
#9785 = EDGE_CURVE('',#9687,#9763,#9786,.T.);
#9786 = SURFACE_CURVE('',#9787,(#9791,#9798),.PCURVE_S1.);
#9787 = LINE('',#9788,#9789);
#9788 = CARTESIAN_POINT('',(-2.1,1.625,0.));
#9789 = VECTOR('',#9790,1.);
#9790 = DIRECTION('',(-1.,0.,0.));
#9791 = PCURVE('',#9702,#9792);
#9792 = DEFINITIONAL_REPRESENTATION('',(#9793),#9797);
#9793 = LINE('',#9794,#9795);
#9794 = CARTESIAN_POINT('',(0.,-0.));
#9795 = VECTOR('',#9796,1.);
#9796 = DIRECTION('',(1.,0.));
#9797 = ( GEOMETRIC_REPRESENTATION_CONTEXT(2) 
PARAMETRIC_REPRESENTATION_CONTEXT() REPRESENTATION_CONTEXT('2D SPACE',''
  ) );
#9798 = PCURVE('',#9647,#9799);
#9799 = DEFINITIONAL_REPRESENTATION('',(#9800),#9804);
#9800 = LINE('',#9801,#9802);
#9801 = CARTESIAN_POINT('',(0.2,0.125));
#9802 = VECTOR('',#9803,1.);
#9803 = DIRECTION('',(-1.,0.));
#9804 = ( GEOMETRIC_REPRESENTATION_CONTEXT(2) 
PARAMETRIC_REPRESENTATION_CONTEXT() REPRESENTATION_CONTEXT('2D SPACE',''
  ) );
#9805 = ADVANCED_FACE('',(#9806),#9565,.F.);
#9806 = FACE_BOUND('',#9807,.F.);
#9807 = EDGE_LOOP('',(#9808,#9809,#9830,#9831));
#9808 = ORIENTED_EDGE('',*,*,#9762,.T.);
#9809 = ORIENTED_EDGE('',*,*,#9810,.T.);
#9810 = EDGE_CURVE('',#9740,#9545,#9811,.T.);
#9811 = SURFACE_CURVE('',#9812,(#9816,#9823),.PCURVE_S1.);
#9812 = LINE('',#9813,#9814);
#9813 = CARTESIAN_POINT('',(-2.5,1.625,0.2));
#9814 = VECTOR('',#9815,1.);
#9815 = DIRECTION('',(0.,-1.,0.));
#9816 = PCURVE('',#9565,#9817);
#9817 = DEFINITIONAL_REPRESENTATION('',(#9818),#9822);
#9818 = LINE('',#9819,#9820);
#9819 = CARTESIAN_POINT('',(0.,-0.2));
#9820 = VECTOR('',#9821,1.);
#9821 = DIRECTION('',(1.,0.));
#9822 = ( GEOMETRIC_REPRESENTATION_CONTEXT(2) 
PARAMETRIC_REPRESENTATION_CONTEXT() REPRESENTATION_CONTEXT('2D SPACE',''
  ) );
#9823 = PCURVE('',#9593,#9824);
#9824 = DEFINITIONAL_REPRESENTATION('',(#9825),#9829);
#9825 = LINE('',#9826,#9827);
#9826 = CARTESIAN_POINT('',(-0.2,0.125));
#9827 = VECTOR('',#9828,1.);
#9828 = DIRECTION('',(0.,-1.));
#9829 = ( GEOMETRIC_REPRESENTATION_CONTEXT(2) 
PARAMETRIC_REPRESENTATION_CONTEXT() REPRESENTATION_CONTEXT('2D SPACE',''
  ) );
#9830 = ORIENTED_EDGE('',*,*,#9542,.F.);
#9831 = ORIENTED_EDGE('',*,*,#9832,.F.);
#9832 = EDGE_CURVE('',#9763,#9543,#9833,.T.);
#9833 = SURFACE_CURVE('',#9834,(#9838,#9845),.PCURVE_S1.);
#9834 = LINE('',#9835,#9836);
#9835 = CARTESIAN_POINT('',(-2.5,1.625,0.));
#9836 = VECTOR('',#9837,1.);
#9837 = DIRECTION('',(0.,-1.,0.));
#9838 = PCURVE('',#9565,#9839);
#9839 = DEFINITIONAL_REPRESENTATION('',(#9840),#9844);
#9840 = LINE('',#9841,#9842);
#9841 = CARTESIAN_POINT('',(0.,0.));
#9842 = VECTOR('',#9843,1.);
#9843 = DIRECTION('',(1.,0.));
#9844 = ( GEOMETRIC_REPRESENTATION_CONTEXT(2) 
PARAMETRIC_REPRESENTATION_CONTEXT() REPRESENTATION_CONTEXT('2D SPACE',''
  ) );
#9845 = PCURVE('',#9647,#9846);
#9846 = DEFINITIONAL_REPRESENTATION('',(#9847),#9851);
#9847 = LINE('',#9848,#9849);
#9848 = CARTESIAN_POINT('',(-0.2,0.125));
#9849 = VECTOR('',#9850,1.);
#9850 = DIRECTION('',(0.,-1.));
#9851 = ( GEOMETRIC_REPRESENTATION_CONTEXT(2) 
PARAMETRIC_REPRESENTATION_CONTEXT() REPRESENTATION_CONTEXT('2D SPACE',''
  ) );
#9852 = ADVANCED_FACE('',(#9853),#9647,.F.);
#9853 = FACE_BOUND('',#9854,.F.);
#9854 = EDGE_LOOP('',(#9855,#9856,#9857,#9858));
#9855 = ORIENTED_EDGE('',*,*,#9633,.T.);
#9856 = ORIENTED_EDGE('',*,*,#9714,.T.);
#9857 = ORIENTED_EDGE('',*,*,#9785,.T.);
#9858 = ORIENTED_EDGE('',*,*,#9832,.T.);
#9859 = ADVANCED_FACE('',(#9860),#9593,.T.);
#9860 = FACE_BOUND('',#9861,.T.);
#9861 = EDGE_LOOP('',(#9862,#9863,#9864,#9865));
#9862 = ORIENTED_EDGE('',*,*,#9577,.T.);
#9863 = ORIENTED_EDGE('',*,*,#9663,.T.);
#9864 = ORIENTED_EDGE('',*,*,#9739,.T.);
#9865 = ORIENTED_EDGE('',*,*,#9810,.T.);
#9866 = ( GEOMETRIC_REPRESENTATION_CONTEXT(3) 
GLOBAL_UNCERTAINTY_ASSIGNED_CONTEXT((#9870)) 
GLOBAL_UNIT_ASSIGNED_CONTEXT((#9867,#9868,#9869)) REPRESENTATION_CONTEXT
('Context #1','3D Context with UNIT and UNCERTAINTY') );
#9867 = ( LENGTH_UNIT() NAMED_UNIT(*) SI_UNIT(.MILLI.,.METRE.) );
#9868 = ( NAMED_UNIT(*) PLANE_ANGLE_UNIT() SI_UNIT($,.RADIAN.) );
#9869 = ( NAMED_UNIT(*) SI_UNIT($,.STERADIAN.) SOLID_ANGLE_UNIT() );
#9870 = UNCERTAINTY_MEASURE_WITH_UNIT(LENGTH_MEASURE(1.E-07),#9867,
  'distance_accuracy_value','confusion accuracy');
#9871 = CONTEXT_DEPENDENT_SHAPE_REPRESENTATION(#9872,#9874);
#9872 = ( REPRESENTATION_RELATIONSHIP('','',#9535,#10) 
REPRESENTATION_RELATIONSHIP_WITH_TRANSFORMATION(#9873) 
SHAPE_REPRESENTATION_RELATIONSHIP() );
#9873 = ITEM_DEFINED_TRANSFORMATION('','',#11,#27);
#9874 = PRODUCT_DEFINITION_SHAPE('Placement','Placement of an item',
  #9875);
#9875 = NEXT_ASSEMBLY_USAGE_OCCURRENCE('4','terminal1','',#5,#9530,$);
#9876 = PRODUCT_RELATED_PRODUCT_CATEGORY('part',$,(#9532));
#9877 = SHAPE_DEFINITION_REPRESENTATION(#9878,#9884);
#9878 = PRODUCT_DEFINITION_SHAPE('','',#9879);
#9879 = PRODUCT_DEFINITION('design','',#9880,#9883);
#9880 = PRODUCT_DEFINITION_FORMATION('','',#9881);
#9881 = PRODUCT('terminal2','terminal2','',(#9882));
#9882 = PRODUCT_CONTEXT('',#2,'mechanical');
#9883 = PRODUCT_DEFINITION_CONTEXT('part definition',#2,'design');
#9884 = ADVANCED_BREP_SHAPE_REPRESENTATION('',(#11,#9885),#10215);
#9885 = MANIFOLD_SOLID_BREP('',#9886);
#9886 = CLOSED_SHELL('',(#9887,#10007,#10083,#10154,#10201,#10208));
#9887 = ADVANCED_FACE('',(#9888),#9902,.F.);
#9888 = FACE_BOUND('',#9889,.F.);
#9889 = EDGE_LOOP('',(#9890,#9925,#9953,#9981));
#9890 = ORIENTED_EDGE('',*,*,#9891,.T.);
#9891 = EDGE_CURVE('',#9892,#9894,#9896,.T.);
#9892 = VERTEX_POINT('',#9893);
#9893 = CARTESIAN_POINT('',(-2.5,0.875,0.));
#9894 = VERTEX_POINT('',#9895);
#9895 = CARTESIAN_POINT('',(-2.5,0.875,0.2));
#9896 = SURFACE_CURVE('',#9897,(#9901,#9913),.PCURVE_S1.);
#9897 = LINE('',#9898,#9899);
#9898 = CARTESIAN_POINT('',(-2.5,0.875,0.));
#9899 = VECTOR('',#9900,1.);
#9900 = DIRECTION('',(0.,0.,1.));
#9901 = PCURVE('',#9902,#9907);
#9902 = PLANE('',#9903);
#9903 = AXIS2_PLACEMENT_3D('',#9904,#9905,#9906);
#9904 = CARTESIAN_POINT('',(-2.5,0.875,0.));
#9905 = DIRECTION('',(0.,1.,0.));
#9906 = DIRECTION('',(1.,0.,0.));
#9907 = DEFINITIONAL_REPRESENTATION('',(#9908),#9912);
#9908 = LINE('',#9909,#9910);
#9909 = CARTESIAN_POINT('',(0.,0.));
#9910 = VECTOR('',#9911,1.);
#9911 = DIRECTION('',(0.,-1.));
#9912 = ( GEOMETRIC_REPRESENTATION_CONTEXT(2) 
PARAMETRIC_REPRESENTATION_CONTEXT() REPRESENTATION_CONTEXT('2D SPACE',''
  ) );
#9913 = PCURVE('',#9914,#9919);
#9914 = PLANE('',#9915);
#9915 = AXIS2_PLACEMENT_3D('',#9916,#9917,#9918);
#9916 = CARTESIAN_POINT('',(-2.5,1.125,0.));
#9917 = DIRECTION('',(1.,0.,-0.));
#9918 = DIRECTION('',(0.,-1.,0.));
#9919 = DEFINITIONAL_REPRESENTATION('',(#9920),#9924);
#9920 = LINE('',#9921,#9922);
#9921 = CARTESIAN_POINT('',(0.25,0.));
#9922 = VECTOR('',#9923,1.);
#9923 = DIRECTION('',(0.,-1.));
#9924 = ( GEOMETRIC_REPRESENTATION_CONTEXT(2) 
PARAMETRIC_REPRESENTATION_CONTEXT() REPRESENTATION_CONTEXT('2D SPACE',''
  ) );
#9925 = ORIENTED_EDGE('',*,*,#9926,.T.);
#9926 = EDGE_CURVE('',#9894,#9927,#9929,.T.);
#9927 = VERTEX_POINT('',#9928);
#9928 = CARTESIAN_POINT('',(-2.1,0.875,0.2));
#9929 = SURFACE_CURVE('',#9930,(#9934,#9941),.PCURVE_S1.);
#9930 = LINE('',#9931,#9932);
#9931 = CARTESIAN_POINT('',(-2.5,0.875,0.2));
#9932 = VECTOR('',#9933,1.);
#9933 = DIRECTION('',(1.,0.,0.));
#9934 = PCURVE('',#9902,#9935);
#9935 = DEFINITIONAL_REPRESENTATION('',(#9936),#9940);
#9936 = LINE('',#9937,#9938);
#9937 = CARTESIAN_POINT('',(0.,-0.2));
#9938 = VECTOR('',#9939,1.);
#9939 = DIRECTION('',(1.,0.));
#9940 = ( GEOMETRIC_REPRESENTATION_CONTEXT(2) 
PARAMETRIC_REPRESENTATION_CONTEXT() REPRESENTATION_CONTEXT('2D SPACE',''
  ) );
#9941 = PCURVE('',#9942,#9947);
#9942 = PLANE('',#9943);
#9943 = AXIS2_PLACEMENT_3D('',#9944,#9945,#9946);
#9944 = CARTESIAN_POINT('',(-2.3,1.,0.2));
#9945 = DIRECTION('',(0.,0.,1.));
#9946 = DIRECTION('',(1.,0.,-0.));
#9947 = DEFINITIONAL_REPRESENTATION('',(#9948),#9952);
#9948 = LINE('',#9949,#9950);
#9949 = CARTESIAN_POINT('',(-0.2,-0.125));
#9950 = VECTOR('',#9951,1.);
#9951 = DIRECTION('',(1.,0.));
#9952 = ( GEOMETRIC_REPRESENTATION_CONTEXT(2) 
PARAMETRIC_REPRESENTATION_CONTEXT() REPRESENTATION_CONTEXT('2D SPACE',''
  ) );
#9953 = ORIENTED_EDGE('',*,*,#9954,.F.);
#9954 = EDGE_CURVE('',#9955,#9927,#9957,.T.);
#9955 = VERTEX_POINT('',#9956);
#9956 = CARTESIAN_POINT('',(-2.1,0.875,0.));
#9957 = SURFACE_CURVE('',#9958,(#9962,#9969),.PCURVE_S1.);
#9958 = LINE('',#9959,#9960);
#9959 = CARTESIAN_POINT('',(-2.1,0.875,0.));
#9960 = VECTOR('',#9961,1.);
#9961 = DIRECTION('',(0.,0.,1.));
#9962 = PCURVE('',#9902,#9963);
#9963 = DEFINITIONAL_REPRESENTATION('',(#9964),#9968);
#9964 = LINE('',#9965,#9966);
#9965 = CARTESIAN_POINT('',(0.4,0.));
#9966 = VECTOR('',#9967,1.);
#9967 = DIRECTION('',(0.,-1.));
#9968 = ( GEOMETRIC_REPRESENTATION_CONTEXT(2) 
PARAMETRIC_REPRESENTATION_CONTEXT() REPRESENTATION_CONTEXT('2D SPACE',''
  ) );
#9969 = PCURVE('',#9970,#9975);
#9970 = PLANE('',#9971);
#9971 = AXIS2_PLACEMENT_3D('',#9972,#9973,#9974);
#9972 = CARTESIAN_POINT('',(-2.1,0.875,0.));
#9973 = DIRECTION('',(-1.,0.,0.));
#9974 = DIRECTION('',(0.,1.,0.));
#9975 = DEFINITIONAL_REPRESENTATION('',(#9976),#9980);
#9976 = LINE('',#9977,#9978);
#9977 = CARTESIAN_POINT('',(0.,0.));
#9978 = VECTOR('',#9979,1.);
#9979 = DIRECTION('',(0.,-1.));
#9980 = ( GEOMETRIC_REPRESENTATION_CONTEXT(2) 
PARAMETRIC_REPRESENTATION_CONTEXT() REPRESENTATION_CONTEXT('2D SPACE',''
  ) );
#9981 = ORIENTED_EDGE('',*,*,#9982,.F.);
#9982 = EDGE_CURVE('',#9892,#9955,#9983,.T.);
#9983 = SURFACE_CURVE('',#9984,(#9988,#9995),.PCURVE_S1.);
#9984 = LINE('',#9985,#9986);
#9985 = CARTESIAN_POINT('',(-2.5,0.875,0.));
#9986 = VECTOR('',#9987,1.);
#9987 = DIRECTION('',(1.,0.,0.));
#9988 = PCURVE('',#9902,#9989);
#9989 = DEFINITIONAL_REPRESENTATION('',(#9990),#9994);
#9990 = LINE('',#9991,#9992);
#9991 = CARTESIAN_POINT('',(0.,0.));
#9992 = VECTOR('',#9993,1.);
#9993 = DIRECTION('',(1.,0.));
#9994 = ( GEOMETRIC_REPRESENTATION_CONTEXT(2) 
PARAMETRIC_REPRESENTATION_CONTEXT() REPRESENTATION_CONTEXT('2D SPACE',''
  ) );
#9995 = PCURVE('',#9996,#10001);
#9996 = PLANE('',#9997);
#9997 = AXIS2_PLACEMENT_3D('',#9998,#9999,#10000);
#9998 = CARTESIAN_POINT('',(-2.3,1.,0.));
#9999 = DIRECTION('',(0.,0.,1.));
#10000 = DIRECTION('',(1.,0.,-0.));
#10001 = DEFINITIONAL_REPRESENTATION('',(#10002),#10006);
#10002 = LINE('',#10003,#10004);
#10003 = CARTESIAN_POINT('',(-0.2,-0.125));
#10004 = VECTOR('',#10005,1.);
#10005 = DIRECTION('',(1.,0.));
#10006 = ( GEOMETRIC_REPRESENTATION_CONTEXT(2) 
PARAMETRIC_REPRESENTATION_CONTEXT() REPRESENTATION_CONTEXT('2D SPACE',''
  ) );
#10007 = ADVANCED_FACE('',(#10008),#9970,.F.);
#10008 = FACE_BOUND('',#10009,.F.);
#10009 = EDGE_LOOP('',(#10010,#10011,#10034,#10062));
#10010 = ORIENTED_EDGE('',*,*,#9954,.T.);
#10011 = ORIENTED_EDGE('',*,*,#10012,.T.);
#10012 = EDGE_CURVE('',#9927,#10013,#10015,.T.);
#10013 = VERTEX_POINT('',#10014);
#10014 = CARTESIAN_POINT('',(-2.1,1.125,0.2));
#10015 = SURFACE_CURVE('',#10016,(#10020,#10027),.PCURVE_S1.);
#10016 = LINE('',#10017,#10018);
#10017 = CARTESIAN_POINT('',(-2.1,0.875,0.2));
#10018 = VECTOR('',#10019,1.);
#10019 = DIRECTION('',(0.,1.,0.));
#10020 = PCURVE('',#9970,#10021);
#10021 = DEFINITIONAL_REPRESENTATION('',(#10022),#10026);
#10022 = LINE('',#10023,#10024);
#10023 = CARTESIAN_POINT('',(0.,-0.2));
#10024 = VECTOR('',#10025,1.);
#10025 = DIRECTION('',(1.,0.));
#10026 = ( GEOMETRIC_REPRESENTATION_CONTEXT(2) 
PARAMETRIC_REPRESENTATION_CONTEXT() REPRESENTATION_CONTEXT('2D SPACE',''
  ) );
#10027 = PCURVE('',#9942,#10028);
#10028 = DEFINITIONAL_REPRESENTATION('',(#10029),#10033);
#10029 = LINE('',#10030,#10031);
#10030 = CARTESIAN_POINT('',(0.2,-0.125));
#10031 = VECTOR('',#10032,1.);
#10032 = DIRECTION('',(0.,1.));
#10033 = ( GEOMETRIC_REPRESENTATION_CONTEXT(2) 
PARAMETRIC_REPRESENTATION_CONTEXT() REPRESENTATION_CONTEXT('2D SPACE',''
  ) );
#10034 = ORIENTED_EDGE('',*,*,#10035,.F.);
#10035 = EDGE_CURVE('',#10036,#10013,#10038,.T.);
#10036 = VERTEX_POINT('',#10037);
#10037 = CARTESIAN_POINT('',(-2.1,1.125,0.));
#10038 = SURFACE_CURVE('',#10039,(#10043,#10050),.PCURVE_S1.);
#10039 = LINE('',#10040,#10041);
#10040 = CARTESIAN_POINT('',(-2.1,1.125,0.));
#10041 = VECTOR('',#10042,1.);
#10042 = DIRECTION('',(0.,0.,1.));
#10043 = PCURVE('',#9970,#10044);
#10044 = DEFINITIONAL_REPRESENTATION('',(#10045),#10049);
#10045 = LINE('',#10046,#10047);
#10046 = CARTESIAN_POINT('',(0.25,0.));
#10047 = VECTOR('',#10048,1.);
#10048 = DIRECTION('',(0.,-1.));
#10049 = ( GEOMETRIC_REPRESENTATION_CONTEXT(2) 
PARAMETRIC_REPRESENTATION_CONTEXT() REPRESENTATION_CONTEXT('2D SPACE',''
  ) );
#10050 = PCURVE('',#10051,#10056);
#10051 = PLANE('',#10052);
#10052 = AXIS2_PLACEMENT_3D('',#10053,#10054,#10055);
#10053 = CARTESIAN_POINT('',(-2.1,1.125,0.));
#10054 = DIRECTION('',(0.,-1.,0.));
#10055 = DIRECTION('',(-1.,0.,0.));
#10056 = DEFINITIONAL_REPRESENTATION('',(#10057),#10061);
#10057 = LINE('',#10058,#10059);
#10058 = CARTESIAN_POINT('',(0.,-0.));
#10059 = VECTOR('',#10060,1.);
#10060 = DIRECTION('',(0.,-1.));
#10061 = ( GEOMETRIC_REPRESENTATION_CONTEXT(2) 
PARAMETRIC_REPRESENTATION_CONTEXT() REPRESENTATION_CONTEXT('2D SPACE',''
  ) );
#10062 = ORIENTED_EDGE('',*,*,#10063,.F.);
#10063 = EDGE_CURVE('',#9955,#10036,#10064,.T.);
#10064 = SURFACE_CURVE('',#10065,(#10069,#10076),.PCURVE_S1.);
#10065 = LINE('',#10066,#10067);
#10066 = CARTESIAN_POINT('',(-2.1,0.875,0.));
#10067 = VECTOR('',#10068,1.);
#10068 = DIRECTION('',(0.,1.,0.));
#10069 = PCURVE('',#9970,#10070);
#10070 = DEFINITIONAL_REPRESENTATION('',(#10071),#10075);
#10071 = LINE('',#10072,#10073);
#10072 = CARTESIAN_POINT('',(0.,0.));
#10073 = VECTOR('',#10074,1.);
#10074 = DIRECTION('',(1.,0.));
#10075 = ( GEOMETRIC_REPRESENTATION_CONTEXT(2) 
PARAMETRIC_REPRESENTATION_CONTEXT() REPRESENTATION_CONTEXT('2D SPACE',''
  ) );
#10076 = PCURVE('',#9996,#10077);
#10077 = DEFINITIONAL_REPRESENTATION('',(#10078),#10082);
#10078 = LINE('',#10079,#10080);
#10079 = CARTESIAN_POINT('',(0.2,-0.125));
#10080 = VECTOR('',#10081,1.);
#10081 = DIRECTION('',(0.,1.));
#10082 = ( GEOMETRIC_REPRESENTATION_CONTEXT(2) 
PARAMETRIC_REPRESENTATION_CONTEXT() REPRESENTATION_CONTEXT('2D SPACE',''
  ) );
#10083 = ADVANCED_FACE('',(#10084),#10051,.F.);
#10084 = FACE_BOUND('',#10085,.F.);
#10085 = EDGE_LOOP('',(#10086,#10087,#10110,#10133));
#10086 = ORIENTED_EDGE('',*,*,#10035,.T.);
#10087 = ORIENTED_EDGE('',*,*,#10088,.T.);
#10088 = EDGE_CURVE('',#10013,#10089,#10091,.T.);
#10089 = VERTEX_POINT('',#10090);
#10090 = CARTESIAN_POINT('',(-2.5,1.125,0.2));
#10091 = SURFACE_CURVE('',#10092,(#10096,#10103),.PCURVE_S1.);
#10092 = LINE('',#10093,#10094);
#10093 = CARTESIAN_POINT('',(-2.1,1.125,0.2));
#10094 = VECTOR('',#10095,1.);
#10095 = DIRECTION('',(-1.,0.,0.));
#10096 = PCURVE('',#10051,#10097);
#10097 = DEFINITIONAL_REPRESENTATION('',(#10098),#10102);
#10098 = LINE('',#10099,#10100);
#10099 = CARTESIAN_POINT('',(0.,-0.2));
#10100 = VECTOR('',#10101,1.);
#10101 = DIRECTION('',(1.,0.));
#10102 = ( GEOMETRIC_REPRESENTATION_CONTEXT(2) 
PARAMETRIC_REPRESENTATION_CONTEXT() REPRESENTATION_CONTEXT('2D SPACE',''
  ) );
#10103 = PCURVE('',#9942,#10104);
#10104 = DEFINITIONAL_REPRESENTATION('',(#10105),#10109);
#10105 = LINE('',#10106,#10107);
#10106 = CARTESIAN_POINT('',(0.2,0.125));
#10107 = VECTOR('',#10108,1.);
#10108 = DIRECTION('',(-1.,0.));
#10109 = ( GEOMETRIC_REPRESENTATION_CONTEXT(2) 
PARAMETRIC_REPRESENTATION_CONTEXT() REPRESENTATION_CONTEXT('2D SPACE',''
  ) );
#10110 = ORIENTED_EDGE('',*,*,#10111,.F.);
#10111 = EDGE_CURVE('',#10112,#10089,#10114,.T.);
#10112 = VERTEX_POINT('',#10113);
#10113 = CARTESIAN_POINT('',(-2.5,1.125,0.));
#10114 = SURFACE_CURVE('',#10115,(#10119,#10126),.PCURVE_S1.);
#10115 = LINE('',#10116,#10117);
#10116 = CARTESIAN_POINT('',(-2.5,1.125,0.));
#10117 = VECTOR('',#10118,1.);
#10118 = DIRECTION('',(0.,0.,1.));
#10119 = PCURVE('',#10051,#10120);
#10120 = DEFINITIONAL_REPRESENTATION('',(#10121),#10125);
#10121 = LINE('',#10122,#10123);
#10122 = CARTESIAN_POINT('',(0.4,0.));
#10123 = VECTOR('',#10124,1.);
#10124 = DIRECTION('',(0.,-1.));
#10125 = ( GEOMETRIC_REPRESENTATION_CONTEXT(2) 
PARAMETRIC_REPRESENTATION_CONTEXT() REPRESENTATION_CONTEXT('2D SPACE',''
  ) );
#10126 = PCURVE('',#9914,#10127);
#10127 = DEFINITIONAL_REPRESENTATION('',(#10128),#10132);
#10128 = LINE('',#10129,#10130);
#10129 = CARTESIAN_POINT('',(0.,0.));
#10130 = VECTOR('',#10131,1.);
#10131 = DIRECTION('',(0.,-1.));
#10132 = ( GEOMETRIC_REPRESENTATION_CONTEXT(2) 
PARAMETRIC_REPRESENTATION_CONTEXT() REPRESENTATION_CONTEXT('2D SPACE',''
  ) );
#10133 = ORIENTED_EDGE('',*,*,#10134,.F.);
#10134 = EDGE_CURVE('',#10036,#10112,#10135,.T.);
#10135 = SURFACE_CURVE('',#10136,(#10140,#10147),.PCURVE_S1.);
#10136 = LINE('',#10137,#10138);
#10137 = CARTESIAN_POINT('',(-2.1,1.125,0.));
#10138 = VECTOR('',#10139,1.);
#10139 = DIRECTION('',(-1.,0.,0.));
#10140 = PCURVE('',#10051,#10141);
#10141 = DEFINITIONAL_REPRESENTATION('',(#10142),#10146);
#10142 = LINE('',#10143,#10144);
#10143 = CARTESIAN_POINT('',(0.,-0.));
#10144 = VECTOR('',#10145,1.);
#10145 = DIRECTION('',(1.,0.));
#10146 = ( GEOMETRIC_REPRESENTATION_CONTEXT(2) 
PARAMETRIC_REPRESENTATION_CONTEXT() REPRESENTATION_CONTEXT('2D SPACE',''
  ) );
#10147 = PCURVE('',#9996,#10148);
#10148 = DEFINITIONAL_REPRESENTATION('',(#10149),#10153);
#10149 = LINE('',#10150,#10151);
#10150 = CARTESIAN_POINT('',(0.2,0.125));
#10151 = VECTOR('',#10152,1.);
#10152 = DIRECTION('',(-1.,0.));
#10153 = ( GEOMETRIC_REPRESENTATION_CONTEXT(2) 
PARAMETRIC_REPRESENTATION_CONTEXT() REPRESENTATION_CONTEXT('2D SPACE',''
  ) );
#10154 = ADVANCED_FACE('',(#10155),#9914,.F.);
#10155 = FACE_BOUND('',#10156,.F.);
#10156 = EDGE_LOOP('',(#10157,#10158,#10179,#10180));
#10157 = ORIENTED_EDGE('',*,*,#10111,.T.);
#10158 = ORIENTED_EDGE('',*,*,#10159,.T.);
#10159 = EDGE_CURVE('',#10089,#9894,#10160,.T.);
#10160 = SURFACE_CURVE('',#10161,(#10165,#10172),.PCURVE_S1.);
#10161 = LINE('',#10162,#10163);
#10162 = CARTESIAN_POINT('',(-2.5,1.125,0.2));
#10163 = VECTOR('',#10164,1.);
#10164 = DIRECTION('',(0.,-1.,0.));
#10165 = PCURVE('',#9914,#10166);
#10166 = DEFINITIONAL_REPRESENTATION('',(#10167),#10171);
#10167 = LINE('',#10168,#10169);
#10168 = CARTESIAN_POINT('',(0.,-0.2));
#10169 = VECTOR('',#10170,1.);
#10170 = DIRECTION('',(1.,0.));
#10171 = ( GEOMETRIC_REPRESENTATION_CONTEXT(2) 
PARAMETRIC_REPRESENTATION_CONTEXT() REPRESENTATION_CONTEXT('2D SPACE',''
  ) );
#10172 = PCURVE('',#9942,#10173);
#10173 = DEFINITIONAL_REPRESENTATION('',(#10174),#10178);
#10174 = LINE('',#10175,#10176);
#10175 = CARTESIAN_POINT('',(-0.2,0.125));
#10176 = VECTOR('',#10177,1.);
#10177 = DIRECTION('',(0.,-1.));
#10178 = ( GEOMETRIC_REPRESENTATION_CONTEXT(2) 
PARAMETRIC_REPRESENTATION_CONTEXT() REPRESENTATION_CONTEXT('2D SPACE',''
  ) );
#10179 = ORIENTED_EDGE('',*,*,#9891,.F.);
#10180 = ORIENTED_EDGE('',*,*,#10181,.F.);
#10181 = EDGE_CURVE('',#10112,#9892,#10182,.T.);
#10182 = SURFACE_CURVE('',#10183,(#10187,#10194),.PCURVE_S1.);
#10183 = LINE('',#10184,#10185);
#10184 = CARTESIAN_POINT('',(-2.5,1.125,0.));
#10185 = VECTOR('',#10186,1.);
#10186 = DIRECTION('',(0.,-1.,0.));
#10187 = PCURVE('',#9914,#10188);
#10188 = DEFINITIONAL_REPRESENTATION('',(#10189),#10193);
#10189 = LINE('',#10190,#10191);
#10190 = CARTESIAN_POINT('',(0.,0.));
#10191 = VECTOR('',#10192,1.);
#10192 = DIRECTION('',(1.,0.));
#10193 = ( GEOMETRIC_REPRESENTATION_CONTEXT(2) 
PARAMETRIC_REPRESENTATION_CONTEXT() REPRESENTATION_CONTEXT('2D SPACE',''
  ) );
#10194 = PCURVE('',#9996,#10195);
#10195 = DEFINITIONAL_REPRESENTATION('',(#10196),#10200);
#10196 = LINE('',#10197,#10198);
#10197 = CARTESIAN_POINT('',(-0.2,0.125));
#10198 = VECTOR('',#10199,1.);
#10199 = DIRECTION('',(0.,-1.));
#10200 = ( GEOMETRIC_REPRESENTATION_CONTEXT(2) 
PARAMETRIC_REPRESENTATION_CONTEXT() REPRESENTATION_CONTEXT('2D SPACE',''
  ) );
#10201 = ADVANCED_FACE('',(#10202),#9996,.F.);
#10202 = FACE_BOUND('',#10203,.F.);
#10203 = EDGE_LOOP('',(#10204,#10205,#10206,#10207));
#10204 = ORIENTED_EDGE('',*,*,#9982,.T.);
#10205 = ORIENTED_EDGE('',*,*,#10063,.T.);
#10206 = ORIENTED_EDGE('',*,*,#10134,.T.);
#10207 = ORIENTED_EDGE('',*,*,#10181,.T.);
#10208 = ADVANCED_FACE('',(#10209),#9942,.T.);
#10209 = FACE_BOUND('',#10210,.T.);
#10210 = EDGE_LOOP('',(#10211,#10212,#10213,#10214));
#10211 = ORIENTED_EDGE('',*,*,#9926,.T.);
#10212 = ORIENTED_EDGE('',*,*,#10012,.T.);
#10213 = ORIENTED_EDGE('',*,*,#10088,.T.);
#10214 = ORIENTED_EDGE('',*,*,#10159,.T.);
#10215 = ( GEOMETRIC_REPRESENTATION_CONTEXT(3) 
GLOBAL_UNCERTAINTY_ASSIGNED_CONTEXT((#10219)) 
GLOBAL_UNIT_ASSIGNED_CONTEXT((#10216,#10217,#10218)) 
REPRESENTATION_CONTEXT('Context #1',
  '3D Context with UNIT and UNCERTAINTY') );
#10216 = ( LENGTH_UNIT() NAMED_UNIT(*) SI_UNIT(.MILLI.,.METRE.) );
#10217 = ( NAMED_UNIT(*) PLANE_ANGLE_UNIT() SI_UNIT($,.RADIAN.) );
#10218 = ( NAMED_UNIT(*) SI_UNIT($,.STERADIAN.) SOLID_ANGLE_UNIT() );
#10219 = UNCERTAINTY_MEASURE_WITH_UNIT(LENGTH_MEASURE(1.E-07),#10216,
  'distance_accuracy_value','confusion accuracy');
#10220 = CONTEXT_DEPENDENT_SHAPE_REPRESENTATION(#10221,#10223);
#10221 = ( REPRESENTATION_RELATIONSHIP('','',#9884,#10) 
REPRESENTATION_RELATIONSHIP_WITH_TRANSFORMATION(#10222) 
SHAPE_REPRESENTATION_RELATIONSHIP() );
#10222 = ITEM_DEFINED_TRANSFORMATION('','',#11,#31);
#10223 = PRODUCT_DEFINITION_SHAPE('Placement','Placement of an item',
  #10224);
#10224 = NEXT_ASSEMBLY_USAGE_OCCURRENCE('5','terminal2','',#5,#9879,$);
#10225 = PRODUCT_RELATED_PRODUCT_CATEGORY('part',$,(#9881));
#10226 = SHAPE_DEFINITION_REPRESENTATION(#10227,#10233);
#10227 = PRODUCT_DEFINITION_SHAPE('','',#10228);
#10228 = PRODUCT_DEFINITION('design','',#10229,#10232);
#10229 = PRODUCT_DEFINITION_FORMATION('','',#10230);
#10230 = PRODUCT('terminal3','terminal3','',(#10231));
#10231 = PRODUCT_CONTEXT('',#2,'mechanical');
#10232 = PRODUCT_DEFINITION_CONTEXT('part definition',#2,'design');
#10233 = ADVANCED_BREP_SHAPE_REPRESENTATION('',(#11,#10234),#10564);
#10234 = MANIFOLD_SOLID_BREP('',#10235);
#10235 = CLOSED_SHELL('',(#10236,#10356,#10432,#10503,#10550,#10557));
#10236 = ADVANCED_FACE('',(#10237),#10251,.F.);
#10237 = FACE_BOUND('',#10238,.F.);
#10238 = EDGE_LOOP('',(#10239,#10274,#10302,#10330));
#10239 = ORIENTED_EDGE('',*,*,#10240,.T.);
#10240 = EDGE_CURVE('',#10241,#10243,#10245,.T.);
#10241 = VERTEX_POINT('',#10242);
#10242 = CARTESIAN_POINT('',(-2.5,0.375,0.));
#10243 = VERTEX_POINT('',#10244);
#10244 = CARTESIAN_POINT('',(-2.5,0.375,0.2));
#10245 = SURFACE_CURVE('',#10246,(#10250,#10262),.PCURVE_S1.);
#10246 = LINE('',#10247,#10248);
#10247 = CARTESIAN_POINT('',(-2.5,0.375,0.));
#10248 = VECTOR('',#10249,1.);
#10249 = DIRECTION('',(0.,0.,1.));
#10250 = PCURVE('',#10251,#10256);
#10251 = PLANE('',#10252);
#10252 = AXIS2_PLACEMENT_3D('',#10253,#10254,#10255);
#10253 = CARTESIAN_POINT('',(-2.5,0.375,0.));
#10254 = DIRECTION('',(0.,1.,0.));
#10255 = DIRECTION('',(1.,0.,0.));
#10256 = DEFINITIONAL_REPRESENTATION('',(#10257),#10261);
#10257 = LINE('',#10258,#10259);
#10258 = CARTESIAN_POINT('',(0.,0.));
#10259 = VECTOR('',#10260,1.);
#10260 = DIRECTION('',(0.,-1.));
#10261 = ( GEOMETRIC_REPRESENTATION_CONTEXT(2) 
PARAMETRIC_REPRESENTATION_CONTEXT() REPRESENTATION_CONTEXT('2D SPACE',''
  ) );
#10262 = PCURVE('',#10263,#10268);
#10263 = PLANE('',#10264);
#10264 = AXIS2_PLACEMENT_3D('',#10265,#10266,#10267);
#10265 = CARTESIAN_POINT('',(-2.5,0.625,0.));
#10266 = DIRECTION('',(1.,0.,-0.));
#10267 = DIRECTION('',(0.,-1.,0.));
#10268 = DEFINITIONAL_REPRESENTATION('',(#10269),#10273);
#10269 = LINE('',#10270,#10271);
#10270 = CARTESIAN_POINT('',(0.25,0.));
#10271 = VECTOR('',#10272,1.);
#10272 = DIRECTION('',(0.,-1.));
#10273 = ( GEOMETRIC_REPRESENTATION_CONTEXT(2) 
PARAMETRIC_REPRESENTATION_CONTEXT() REPRESENTATION_CONTEXT('2D SPACE',''
  ) );
#10274 = ORIENTED_EDGE('',*,*,#10275,.T.);
#10275 = EDGE_CURVE('',#10243,#10276,#10278,.T.);
#10276 = VERTEX_POINT('',#10277);
#10277 = CARTESIAN_POINT('',(-2.1,0.375,0.2));
#10278 = SURFACE_CURVE('',#10279,(#10283,#10290),.PCURVE_S1.);
#10279 = LINE('',#10280,#10281);
#10280 = CARTESIAN_POINT('',(-2.5,0.375,0.2));
#10281 = VECTOR('',#10282,1.);
#10282 = DIRECTION('',(1.,0.,0.));
#10283 = PCURVE('',#10251,#10284);
#10284 = DEFINITIONAL_REPRESENTATION('',(#10285),#10289);
#10285 = LINE('',#10286,#10287);
#10286 = CARTESIAN_POINT('',(0.,-0.2));
#10287 = VECTOR('',#10288,1.);
#10288 = DIRECTION('',(1.,0.));
#10289 = ( GEOMETRIC_REPRESENTATION_CONTEXT(2) 
PARAMETRIC_REPRESENTATION_CONTEXT() REPRESENTATION_CONTEXT('2D SPACE',''
  ) );
#10290 = PCURVE('',#10291,#10296);
#10291 = PLANE('',#10292);
#10292 = AXIS2_PLACEMENT_3D('',#10293,#10294,#10295);
#10293 = CARTESIAN_POINT('',(-2.3,0.5,0.2));
#10294 = DIRECTION('',(0.,0.,1.));
#10295 = DIRECTION('',(1.,0.,-0.));
#10296 = DEFINITIONAL_REPRESENTATION('',(#10297),#10301);
#10297 = LINE('',#10298,#10299);
#10298 = CARTESIAN_POINT('',(-0.2,-0.125));
#10299 = VECTOR('',#10300,1.);
#10300 = DIRECTION('',(1.,0.));
#10301 = ( GEOMETRIC_REPRESENTATION_CONTEXT(2) 
PARAMETRIC_REPRESENTATION_CONTEXT() REPRESENTATION_CONTEXT('2D SPACE',''
  ) );
#10302 = ORIENTED_EDGE('',*,*,#10303,.F.);
#10303 = EDGE_CURVE('',#10304,#10276,#10306,.T.);
#10304 = VERTEX_POINT('',#10305);
#10305 = CARTESIAN_POINT('',(-2.1,0.375,0.));
#10306 = SURFACE_CURVE('',#10307,(#10311,#10318),.PCURVE_S1.);
#10307 = LINE('',#10308,#10309);
#10308 = CARTESIAN_POINT('',(-2.1,0.375,0.));
#10309 = VECTOR('',#10310,1.);
#10310 = DIRECTION('',(0.,0.,1.));
#10311 = PCURVE('',#10251,#10312);
#10312 = DEFINITIONAL_REPRESENTATION('',(#10313),#10317);
#10313 = LINE('',#10314,#10315);
#10314 = CARTESIAN_POINT('',(0.4,0.));
#10315 = VECTOR('',#10316,1.);
#10316 = DIRECTION('',(0.,-1.));
#10317 = ( GEOMETRIC_REPRESENTATION_CONTEXT(2) 
PARAMETRIC_REPRESENTATION_CONTEXT() REPRESENTATION_CONTEXT('2D SPACE',''
  ) );
#10318 = PCURVE('',#10319,#10324);
#10319 = PLANE('',#10320);
#10320 = AXIS2_PLACEMENT_3D('',#10321,#10322,#10323);
#10321 = CARTESIAN_POINT('',(-2.1,0.375,0.));
#10322 = DIRECTION('',(-1.,0.,0.));
#10323 = DIRECTION('',(0.,1.,0.));
#10324 = DEFINITIONAL_REPRESENTATION('',(#10325),#10329);
#10325 = LINE('',#10326,#10327);
#10326 = CARTESIAN_POINT('',(0.,0.));
#10327 = VECTOR('',#10328,1.);
#10328 = DIRECTION('',(0.,-1.));
#10329 = ( GEOMETRIC_REPRESENTATION_CONTEXT(2) 
PARAMETRIC_REPRESENTATION_CONTEXT() REPRESENTATION_CONTEXT('2D SPACE',''
  ) );
#10330 = ORIENTED_EDGE('',*,*,#10331,.F.);
#10331 = EDGE_CURVE('',#10241,#10304,#10332,.T.);
#10332 = SURFACE_CURVE('',#10333,(#10337,#10344),.PCURVE_S1.);
#10333 = LINE('',#10334,#10335);
#10334 = CARTESIAN_POINT('',(-2.5,0.375,0.));
#10335 = VECTOR('',#10336,1.);
#10336 = DIRECTION('',(1.,0.,0.));
#10337 = PCURVE('',#10251,#10338);
#10338 = DEFINITIONAL_REPRESENTATION('',(#10339),#10343);
#10339 = LINE('',#10340,#10341);
#10340 = CARTESIAN_POINT('',(0.,0.));
#10341 = VECTOR('',#10342,1.);
#10342 = DIRECTION('',(1.,0.));
#10343 = ( GEOMETRIC_REPRESENTATION_CONTEXT(2) 
PARAMETRIC_REPRESENTATION_CONTEXT() REPRESENTATION_CONTEXT('2D SPACE',''
  ) );
#10344 = PCURVE('',#10345,#10350);
#10345 = PLANE('',#10346);
#10346 = AXIS2_PLACEMENT_3D('',#10347,#10348,#10349);
#10347 = CARTESIAN_POINT('',(-2.3,0.5,0.));
#10348 = DIRECTION('',(0.,0.,1.));
#10349 = DIRECTION('',(1.,0.,-0.));
#10350 = DEFINITIONAL_REPRESENTATION('',(#10351),#10355);
#10351 = LINE('',#10352,#10353);
#10352 = CARTESIAN_POINT('',(-0.2,-0.125));
#10353 = VECTOR('',#10354,1.);
#10354 = DIRECTION('',(1.,0.));
#10355 = ( GEOMETRIC_REPRESENTATION_CONTEXT(2) 
PARAMETRIC_REPRESENTATION_CONTEXT() REPRESENTATION_CONTEXT('2D SPACE',''
  ) );
#10356 = ADVANCED_FACE('',(#10357),#10319,.F.);
#10357 = FACE_BOUND('',#10358,.F.);
#10358 = EDGE_LOOP('',(#10359,#10360,#10383,#10411));
#10359 = ORIENTED_EDGE('',*,*,#10303,.T.);
#10360 = ORIENTED_EDGE('',*,*,#10361,.T.);
#10361 = EDGE_CURVE('',#10276,#10362,#10364,.T.);
#10362 = VERTEX_POINT('',#10363);
#10363 = CARTESIAN_POINT('',(-2.1,0.625,0.2));
#10364 = SURFACE_CURVE('',#10365,(#10369,#10376),.PCURVE_S1.);
#10365 = LINE('',#10366,#10367);
#10366 = CARTESIAN_POINT('',(-2.1,0.375,0.2));
#10367 = VECTOR('',#10368,1.);
#10368 = DIRECTION('',(0.,1.,0.));
#10369 = PCURVE('',#10319,#10370);
#10370 = DEFINITIONAL_REPRESENTATION('',(#10371),#10375);
#10371 = LINE('',#10372,#10373);
#10372 = CARTESIAN_POINT('',(0.,-0.2));
#10373 = VECTOR('',#10374,1.);
#10374 = DIRECTION('',(1.,0.));
#10375 = ( GEOMETRIC_REPRESENTATION_CONTEXT(2) 
PARAMETRIC_REPRESENTATION_CONTEXT() REPRESENTATION_CONTEXT('2D SPACE',''
  ) );
#10376 = PCURVE('',#10291,#10377);
#10377 = DEFINITIONAL_REPRESENTATION('',(#10378),#10382);
#10378 = LINE('',#10379,#10380);
#10379 = CARTESIAN_POINT('',(0.2,-0.125));
#10380 = VECTOR('',#10381,1.);
#10381 = DIRECTION('',(0.,1.));
#10382 = ( GEOMETRIC_REPRESENTATION_CONTEXT(2) 
PARAMETRIC_REPRESENTATION_CONTEXT() REPRESENTATION_CONTEXT('2D SPACE',''
  ) );
#10383 = ORIENTED_EDGE('',*,*,#10384,.F.);
#10384 = EDGE_CURVE('',#10385,#10362,#10387,.T.);
#10385 = VERTEX_POINT('',#10386);
#10386 = CARTESIAN_POINT('',(-2.1,0.625,0.));
#10387 = SURFACE_CURVE('',#10388,(#10392,#10399),.PCURVE_S1.);
#10388 = LINE('',#10389,#10390);
#10389 = CARTESIAN_POINT('',(-2.1,0.625,0.));
#10390 = VECTOR('',#10391,1.);
#10391 = DIRECTION('',(0.,0.,1.));
#10392 = PCURVE('',#10319,#10393);
#10393 = DEFINITIONAL_REPRESENTATION('',(#10394),#10398);
#10394 = LINE('',#10395,#10396);
#10395 = CARTESIAN_POINT('',(0.25,0.));
#10396 = VECTOR('',#10397,1.);
#10397 = DIRECTION('',(0.,-1.));
#10398 = ( GEOMETRIC_REPRESENTATION_CONTEXT(2) 
PARAMETRIC_REPRESENTATION_CONTEXT() REPRESENTATION_CONTEXT('2D SPACE',''
  ) );
#10399 = PCURVE('',#10400,#10405);
#10400 = PLANE('',#10401);
#10401 = AXIS2_PLACEMENT_3D('',#10402,#10403,#10404);
#10402 = CARTESIAN_POINT('',(-2.1,0.625,0.));
#10403 = DIRECTION('',(0.,-1.,0.));
#10404 = DIRECTION('',(-1.,0.,0.));
#10405 = DEFINITIONAL_REPRESENTATION('',(#10406),#10410);
#10406 = LINE('',#10407,#10408);
#10407 = CARTESIAN_POINT('',(0.,-0.));
#10408 = VECTOR('',#10409,1.);
#10409 = DIRECTION('',(0.,-1.));
#10410 = ( GEOMETRIC_REPRESENTATION_CONTEXT(2) 
PARAMETRIC_REPRESENTATION_CONTEXT() REPRESENTATION_CONTEXT('2D SPACE',''
  ) );
#10411 = ORIENTED_EDGE('',*,*,#10412,.F.);
#10412 = EDGE_CURVE('',#10304,#10385,#10413,.T.);
#10413 = SURFACE_CURVE('',#10414,(#10418,#10425),.PCURVE_S1.);
#10414 = LINE('',#10415,#10416);
#10415 = CARTESIAN_POINT('',(-2.1,0.375,0.));
#10416 = VECTOR('',#10417,1.);
#10417 = DIRECTION('',(0.,1.,0.));
#10418 = PCURVE('',#10319,#10419);
#10419 = DEFINITIONAL_REPRESENTATION('',(#10420),#10424);
#10420 = LINE('',#10421,#10422);
#10421 = CARTESIAN_POINT('',(0.,0.));
#10422 = VECTOR('',#10423,1.);
#10423 = DIRECTION('',(1.,0.));
#10424 = ( GEOMETRIC_REPRESENTATION_CONTEXT(2) 
PARAMETRIC_REPRESENTATION_CONTEXT() REPRESENTATION_CONTEXT('2D SPACE',''
  ) );
#10425 = PCURVE('',#10345,#10426);
#10426 = DEFINITIONAL_REPRESENTATION('',(#10427),#10431);
#10427 = LINE('',#10428,#10429);
#10428 = CARTESIAN_POINT('',(0.2,-0.125));
#10429 = VECTOR('',#10430,1.);
#10430 = DIRECTION('',(0.,1.));
#10431 = ( GEOMETRIC_REPRESENTATION_CONTEXT(2) 
PARAMETRIC_REPRESENTATION_CONTEXT() REPRESENTATION_CONTEXT('2D SPACE',''
  ) );
#10432 = ADVANCED_FACE('',(#10433),#10400,.F.);
#10433 = FACE_BOUND('',#10434,.F.);
#10434 = EDGE_LOOP('',(#10435,#10436,#10459,#10482));
#10435 = ORIENTED_EDGE('',*,*,#10384,.T.);
#10436 = ORIENTED_EDGE('',*,*,#10437,.T.);
#10437 = EDGE_CURVE('',#10362,#10438,#10440,.T.);
#10438 = VERTEX_POINT('',#10439);
#10439 = CARTESIAN_POINT('',(-2.5,0.625,0.2));
#10440 = SURFACE_CURVE('',#10441,(#10445,#10452),.PCURVE_S1.);
#10441 = LINE('',#10442,#10443);
#10442 = CARTESIAN_POINT('',(-2.1,0.625,0.2));
#10443 = VECTOR('',#10444,1.);
#10444 = DIRECTION('',(-1.,0.,0.));
#10445 = PCURVE('',#10400,#10446);
#10446 = DEFINITIONAL_REPRESENTATION('',(#10447),#10451);
#10447 = LINE('',#10448,#10449);
#10448 = CARTESIAN_POINT('',(0.,-0.2));
#10449 = VECTOR('',#10450,1.);
#10450 = DIRECTION('',(1.,0.));
#10451 = ( GEOMETRIC_REPRESENTATION_CONTEXT(2) 
PARAMETRIC_REPRESENTATION_CONTEXT() REPRESENTATION_CONTEXT('2D SPACE',''
  ) );
#10452 = PCURVE('',#10291,#10453);
#10453 = DEFINITIONAL_REPRESENTATION('',(#10454),#10458);
#10454 = LINE('',#10455,#10456);
#10455 = CARTESIAN_POINT('',(0.2,0.125));
#10456 = VECTOR('',#10457,1.);
#10457 = DIRECTION('',(-1.,0.));
#10458 = ( GEOMETRIC_REPRESENTATION_CONTEXT(2) 
PARAMETRIC_REPRESENTATION_CONTEXT() REPRESENTATION_CONTEXT('2D SPACE',''
  ) );
#10459 = ORIENTED_EDGE('',*,*,#10460,.F.);
#10460 = EDGE_CURVE('',#10461,#10438,#10463,.T.);
#10461 = VERTEX_POINT('',#10462);
#10462 = CARTESIAN_POINT('',(-2.5,0.625,0.));
#10463 = SURFACE_CURVE('',#10464,(#10468,#10475),.PCURVE_S1.);
#10464 = LINE('',#10465,#10466);
#10465 = CARTESIAN_POINT('',(-2.5,0.625,0.));
#10466 = VECTOR('',#10467,1.);
#10467 = DIRECTION('',(0.,0.,1.));
#10468 = PCURVE('',#10400,#10469);
#10469 = DEFINITIONAL_REPRESENTATION('',(#10470),#10474);
#10470 = LINE('',#10471,#10472);
#10471 = CARTESIAN_POINT('',(0.4,0.));
#10472 = VECTOR('',#10473,1.);
#10473 = DIRECTION('',(0.,-1.));
#10474 = ( GEOMETRIC_REPRESENTATION_CONTEXT(2) 
PARAMETRIC_REPRESENTATION_CONTEXT() REPRESENTATION_CONTEXT('2D SPACE',''
  ) );
#10475 = PCURVE('',#10263,#10476);
#10476 = DEFINITIONAL_REPRESENTATION('',(#10477),#10481);
#10477 = LINE('',#10478,#10479);
#10478 = CARTESIAN_POINT('',(0.,0.));
#10479 = VECTOR('',#10480,1.);
#10480 = DIRECTION('',(0.,-1.));
#10481 = ( GEOMETRIC_REPRESENTATION_CONTEXT(2) 
PARAMETRIC_REPRESENTATION_CONTEXT() REPRESENTATION_CONTEXT('2D SPACE',''
  ) );
#10482 = ORIENTED_EDGE('',*,*,#10483,.F.);
#10483 = EDGE_CURVE('',#10385,#10461,#10484,.T.);
#10484 = SURFACE_CURVE('',#10485,(#10489,#10496),.PCURVE_S1.);
#10485 = LINE('',#10486,#10487);
#10486 = CARTESIAN_POINT('',(-2.1,0.625,0.));
#10487 = VECTOR('',#10488,1.);
#10488 = DIRECTION('',(-1.,0.,0.));
#10489 = PCURVE('',#10400,#10490);
#10490 = DEFINITIONAL_REPRESENTATION('',(#10491),#10495);
#10491 = LINE('',#10492,#10493);
#10492 = CARTESIAN_POINT('',(0.,-0.));
#10493 = VECTOR('',#10494,1.);
#10494 = DIRECTION('',(1.,0.));
#10495 = ( GEOMETRIC_REPRESENTATION_CONTEXT(2) 
PARAMETRIC_REPRESENTATION_CONTEXT() REPRESENTATION_CONTEXT('2D SPACE',''
  ) );
#10496 = PCURVE('',#10345,#10497);
#10497 = DEFINITIONAL_REPRESENTATION('',(#10498),#10502);
#10498 = LINE('',#10499,#10500);
#10499 = CARTESIAN_POINT('',(0.2,0.125));
#10500 = VECTOR('',#10501,1.);
#10501 = DIRECTION('',(-1.,0.));
#10502 = ( GEOMETRIC_REPRESENTATION_CONTEXT(2) 
PARAMETRIC_REPRESENTATION_CONTEXT() REPRESENTATION_CONTEXT('2D SPACE',''
  ) );
#10503 = ADVANCED_FACE('',(#10504),#10263,.F.);
#10504 = FACE_BOUND('',#10505,.F.);
#10505 = EDGE_LOOP('',(#10506,#10507,#10528,#10529));
#10506 = ORIENTED_EDGE('',*,*,#10460,.T.);
#10507 = ORIENTED_EDGE('',*,*,#10508,.T.);
#10508 = EDGE_CURVE('',#10438,#10243,#10509,.T.);
#10509 = SURFACE_CURVE('',#10510,(#10514,#10521),.PCURVE_S1.);
#10510 = LINE('',#10511,#10512);
#10511 = CARTESIAN_POINT('',(-2.5,0.625,0.2));
#10512 = VECTOR('',#10513,1.);
#10513 = DIRECTION('',(0.,-1.,0.));
#10514 = PCURVE('',#10263,#10515);
#10515 = DEFINITIONAL_REPRESENTATION('',(#10516),#10520);
#10516 = LINE('',#10517,#10518);
#10517 = CARTESIAN_POINT('',(0.,-0.2));
#10518 = VECTOR('',#10519,1.);
#10519 = DIRECTION('',(1.,0.));
#10520 = ( GEOMETRIC_REPRESENTATION_CONTEXT(2) 
PARAMETRIC_REPRESENTATION_CONTEXT() REPRESENTATION_CONTEXT('2D SPACE',''
  ) );
#10521 = PCURVE('',#10291,#10522);
#10522 = DEFINITIONAL_REPRESENTATION('',(#10523),#10527);
#10523 = LINE('',#10524,#10525);
#10524 = CARTESIAN_POINT('',(-0.2,0.125));
#10525 = VECTOR('',#10526,1.);
#10526 = DIRECTION('',(0.,-1.));
#10527 = ( GEOMETRIC_REPRESENTATION_CONTEXT(2) 
PARAMETRIC_REPRESENTATION_CONTEXT() REPRESENTATION_CONTEXT('2D SPACE',''
  ) );
#10528 = ORIENTED_EDGE('',*,*,#10240,.F.);
#10529 = ORIENTED_EDGE('',*,*,#10530,.F.);
#10530 = EDGE_CURVE('',#10461,#10241,#10531,.T.);
#10531 = SURFACE_CURVE('',#10532,(#10536,#10543),.PCURVE_S1.);
#10532 = LINE('',#10533,#10534);
#10533 = CARTESIAN_POINT('',(-2.5,0.625,0.));
#10534 = VECTOR('',#10535,1.);
#10535 = DIRECTION('',(0.,-1.,0.));
#10536 = PCURVE('',#10263,#10537);
#10537 = DEFINITIONAL_REPRESENTATION('',(#10538),#10542);
#10538 = LINE('',#10539,#10540);
#10539 = CARTESIAN_POINT('',(0.,0.));
#10540 = VECTOR('',#10541,1.);
#10541 = DIRECTION('',(1.,0.));
#10542 = ( GEOMETRIC_REPRESENTATION_CONTEXT(2) 
PARAMETRIC_REPRESENTATION_CONTEXT() REPRESENTATION_CONTEXT('2D SPACE',''
  ) );
#10543 = PCURVE('',#10345,#10544);
#10544 = DEFINITIONAL_REPRESENTATION('',(#10545),#10549);
#10545 = LINE('',#10546,#10547);
#10546 = CARTESIAN_POINT('',(-0.2,0.125));
#10547 = VECTOR('',#10548,1.);
#10548 = DIRECTION('',(0.,-1.));
#10549 = ( GEOMETRIC_REPRESENTATION_CONTEXT(2) 
PARAMETRIC_REPRESENTATION_CONTEXT() REPRESENTATION_CONTEXT('2D SPACE',''
  ) );
#10550 = ADVANCED_FACE('',(#10551),#10345,.F.);
#10551 = FACE_BOUND('',#10552,.F.);
#10552 = EDGE_LOOP('',(#10553,#10554,#10555,#10556));
#10553 = ORIENTED_EDGE('',*,*,#10331,.T.);
#10554 = ORIENTED_EDGE('',*,*,#10412,.T.);
#10555 = ORIENTED_EDGE('',*,*,#10483,.T.);
#10556 = ORIENTED_EDGE('',*,*,#10530,.T.);
#10557 = ADVANCED_FACE('',(#10558),#10291,.T.);
#10558 = FACE_BOUND('',#10559,.T.);
#10559 = EDGE_LOOP('',(#10560,#10561,#10562,#10563));
#10560 = ORIENTED_EDGE('',*,*,#10275,.T.);
#10561 = ORIENTED_EDGE('',*,*,#10361,.T.);
#10562 = ORIENTED_EDGE('',*,*,#10437,.T.);
#10563 = ORIENTED_EDGE('',*,*,#10508,.T.);
#10564 = ( GEOMETRIC_REPRESENTATION_CONTEXT(3) 
GLOBAL_UNCERTAINTY_ASSIGNED_CONTEXT((#10568)) 
GLOBAL_UNIT_ASSIGNED_CONTEXT((#10565,#10566,#10567)) 
REPRESENTATION_CONTEXT('Context #1',
  '3D Context with UNIT and UNCERTAINTY') );
#10565 = ( LENGTH_UNIT() NAMED_UNIT(*) SI_UNIT(.MILLI.,.METRE.) );
#10566 = ( NAMED_UNIT(*) PLANE_ANGLE_UNIT() SI_UNIT($,.RADIAN.) );
#10567 = ( NAMED_UNIT(*) SI_UNIT($,.STERADIAN.) SOLID_ANGLE_UNIT() );
#10568 = UNCERTAINTY_MEASURE_WITH_UNIT(LENGTH_MEASURE(1.E-07),#10565,
  'distance_accuracy_value','confusion accuracy');
#10569 = CONTEXT_DEPENDENT_SHAPE_REPRESENTATION(#10570,#10572);
#10570 = ( REPRESENTATION_RELATIONSHIP('','',#10233,#10) 
REPRESENTATION_RELATIONSHIP_WITH_TRANSFORMATION(#10571) 
SHAPE_REPRESENTATION_RELATIONSHIP() );
#10571 = ITEM_DEFINED_TRANSFORMATION('','',#11,#35);
#10572 = PRODUCT_DEFINITION_SHAPE('Placement','Placement of an item',
  #10573);
#10573 = NEXT_ASSEMBLY_USAGE_OCCURRENCE('6','terminal3','',#5,#10228,$);
#10574 = PRODUCT_RELATED_PRODUCT_CATEGORY('part',$,(#10230));
#10575 = SHAPE_DEFINITION_REPRESENTATION(#10576,#10582);
#10576 = PRODUCT_DEFINITION_SHAPE('','',#10577);
#10577 = PRODUCT_DEFINITION('design','',#10578,#10581);
#10578 = PRODUCT_DEFINITION_FORMATION('','',#10579);
#10579 = PRODUCT('terminal4','terminal4','',(#10580));
#10580 = PRODUCT_CONTEXT('',#2,'mechanical');
#10581 = PRODUCT_DEFINITION_CONTEXT('part definition',#2,'design');
#10582 = ADVANCED_BREP_SHAPE_REPRESENTATION('',(#11,#10583),#10913);
#10583 = MANIFOLD_SOLID_BREP('',#10584);
#10584 = CLOSED_SHELL('',(#10585,#10705,#10781,#10852,#10899,#10906));
#10585 = ADVANCED_FACE('',(#10586),#10600,.F.);
#10586 = FACE_BOUND('',#10587,.F.);
#10587 = EDGE_LOOP('',(#10588,#10623,#10651,#10679));
#10588 = ORIENTED_EDGE('',*,*,#10589,.T.);
#10589 = EDGE_CURVE('',#10590,#10592,#10594,.T.);
#10590 = VERTEX_POINT('',#10591);
#10591 = CARTESIAN_POINT('',(-2.5,-0.125,0.));
#10592 = VERTEX_POINT('',#10593);
#10593 = CARTESIAN_POINT('',(-2.5,-0.125,0.2));
#10594 = SURFACE_CURVE('',#10595,(#10599,#10611),.PCURVE_S1.);
#10595 = LINE('',#10596,#10597);
#10596 = CARTESIAN_POINT('',(-2.5,-0.125,0.));
#10597 = VECTOR('',#10598,1.);
#10598 = DIRECTION('',(0.,0.,1.));
#10599 = PCURVE('',#10600,#10605);
#10600 = PLANE('',#10601);
#10601 = AXIS2_PLACEMENT_3D('',#10602,#10603,#10604);
#10602 = CARTESIAN_POINT('',(-2.5,-0.125,0.));
#10603 = DIRECTION('',(0.,1.,0.));
#10604 = DIRECTION('',(1.,0.,0.));
#10605 = DEFINITIONAL_REPRESENTATION('',(#10606),#10610);
#10606 = LINE('',#10607,#10608);
#10607 = CARTESIAN_POINT('',(0.,0.));
#10608 = VECTOR('',#10609,1.);
#10609 = DIRECTION('',(0.,-1.));
#10610 = ( GEOMETRIC_REPRESENTATION_CONTEXT(2) 
PARAMETRIC_REPRESENTATION_CONTEXT() REPRESENTATION_CONTEXT('2D SPACE',''
  ) );
#10611 = PCURVE('',#10612,#10617);
#10612 = PLANE('',#10613);
#10613 = AXIS2_PLACEMENT_3D('',#10614,#10615,#10616);
#10614 = CARTESIAN_POINT('',(-2.5,0.125,0.));
#10615 = DIRECTION('',(1.,0.,-0.));
#10616 = DIRECTION('',(0.,-1.,0.));
#10617 = DEFINITIONAL_REPRESENTATION('',(#10618),#10622);
#10618 = LINE('',#10619,#10620);
#10619 = CARTESIAN_POINT('',(0.25,0.));
#10620 = VECTOR('',#10621,1.);
#10621 = DIRECTION('',(0.,-1.));
#10622 = ( GEOMETRIC_REPRESENTATION_CONTEXT(2) 
PARAMETRIC_REPRESENTATION_CONTEXT() REPRESENTATION_CONTEXT('2D SPACE',''
  ) );
#10623 = ORIENTED_EDGE('',*,*,#10624,.T.);
#10624 = EDGE_CURVE('',#10592,#10625,#10627,.T.);
#10625 = VERTEX_POINT('',#10626);
#10626 = CARTESIAN_POINT('',(-2.1,-0.125,0.2));
#10627 = SURFACE_CURVE('',#10628,(#10632,#10639),.PCURVE_S1.);
#10628 = LINE('',#10629,#10630);
#10629 = CARTESIAN_POINT('',(-2.5,-0.125,0.2));
#10630 = VECTOR('',#10631,1.);
#10631 = DIRECTION('',(1.,0.,0.));
#10632 = PCURVE('',#10600,#10633);
#10633 = DEFINITIONAL_REPRESENTATION('',(#10634),#10638);
#10634 = LINE('',#10635,#10636);
#10635 = CARTESIAN_POINT('',(0.,-0.2));
#10636 = VECTOR('',#10637,1.);
#10637 = DIRECTION('',(1.,0.));
#10638 = ( GEOMETRIC_REPRESENTATION_CONTEXT(2) 
PARAMETRIC_REPRESENTATION_CONTEXT() REPRESENTATION_CONTEXT('2D SPACE',''
  ) );
#10639 = PCURVE('',#10640,#10645);
#10640 = PLANE('',#10641);
#10641 = AXIS2_PLACEMENT_3D('',#10642,#10643,#10644);
#10642 = CARTESIAN_POINT('',(-2.3,0.,0.2));
#10643 = DIRECTION('',(0.,0.,1.));
#10644 = DIRECTION('',(1.,0.,-0.));
#10645 = DEFINITIONAL_REPRESENTATION('',(#10646),#10650);
#10646 = LINE('',#10647,#10648);
#10647 = CARTESIAN_POINT('',(-0.2,-0.125));
#10648 = VECTOR('',#10649,1.);
#10649 = DIRECTION('',(1.,0.));
#10650 = ( GEOMETRIC_REPRESENTATION_CONTEXT(2) 
PARAMETRIC_REPRESENTATION_CONTEXT() REPRESENTATION_CONTEXT('2D SPACE',''
  ) );
#10651 = ORIENTED_EDGE('',*,*,#10652,.F.);
#10652 = EDGE_CURVE('',#10653,#10625,#10655,.T.);
#10653 = VERTEX_POINT('',#10654);
#10654 = CARTESIAN_POINT('',(-2.1,-0.125,0.));
#10655 = SURFACE_CURVE('',#10656,(#10660,#10667),.PCURVE_S1.);
#10656 = LINE('',#10657,#10658);
#10657 = CARTESIAN_POINT('',(-2.1,-0.125,0.));
#10658 = VECTOR('',#10659,1.);
#10659 = DIRECTION('',(0.,0.,1.));
#10660 = PCURVE('',#10600,#10661);
#10661 = DEFINITIONAL_REPRESENTATION('',(#10662),#10666);
#10662 = LINE('',#10663,#10664);
#10663 = CARTESIAN_POINT('',(0.4,0.));
#10664 = VECTOR('',#10665,1.);
#10665 = DIRECTION('',(0.,-1.));
#10666 = ( GEOMETRIC_REPRESENTATION_CONTEXT(2) 
PARAMETRIC_REPRESENTATION_CONTEXT() REPRESENTATION_CONTEXT('2D SPACE',''
  ) );
#10667 = PCURVE('',#10668,#10673);
#10668 = PLANE('',#10669);
#10669 = AXIS2_PLACEMENT_3D('',#10670,#10671,#10672);
#10670 = CARTESIAN_POINT('',(-2.1,-0.125,0.));
#10671 = DIRECTION('',(-1.,0.,0.));
#10672 = DIRECTION('',(0.,1.,0.));
#10673 = DEFINITIONAL_REPRESENTATION('',(#10674),#10678);
#10674 = LINE('',#10675,#10676);
#10675 = CARTESIAN_POINT('',(0.,0.));
#10676 = VECTOR('',#10677,1.);
#10677 = DIRECTION('',(0.,-1.));
#10678 = ( GEOMETRIC_REPRESENTATION_CONTEXT(2) 
PARAMETRIC_REPRESENTATION_CONTEXT() REPRESENTATION_CONTEXT('2D SPACE',''
  ) );
#10679 = ORIENTED_EDGE('',*,*,#10680,.F.);
#10680 = EDGE_CURVE('',#10590,#10653,#10681,.T.);
#10681 = SURFACE_CURVE('',#10682,(#10686,#10693),.PCURVE_S1.);
#10682 = LINE('',#10683,#10684);
#10683 = CARTESIAN_POINT('',(-2.5,-0.125,0.));
#10684 = VECTOR('',#10685,1.);
#10685 = DIRECTION('',(1.,0.,0.));
#10686 = PCURVE('',#10600,#10687);
#10687 = DEFINITIONAL_REPRESENTATION('',(#10688),#10692);
#10688 = LINE('',#10689,#10690);
#10689 = CARTESIAN_POINT('',(0.,0.));
#10690 = VECTOR('',#10691,1.);
#10691 = DIRECTION('',(1.,0.));
#10692 = ( GEOMETRIC_REPRESENTATION_CONTEXT(2) 
PARAMETRIC_REPRESENTATION_CONTEXT() REPRESENTATION_CONTEXT('2D SPACE',''
  ) );
#10693 = PCURVE('',#10694,#10699);
#10694 = PLANE('',#10695);
#10695 = AXIS2_PLACEMENT_3D('',#10696,#10697,#10698);
#10696 = CARTESIAN_POINT('',(-2.3,0.,0.));
#10697 = DIRECTION('',(0.,0.,1.));
#10698 = DIRECTION('',(1.,0.,-0.));
#10699 = DEFINITIONAL_REPRESENTATION('',(#10700),#10704);
#10700 = LINE('',#10701,#10702);
#10701 = CARTESIAN_POINT('',(-0.2,-0.125));
#10702 = VECTOR('',#10703,1.);
#10703 = DIRECTION('',(1.,0.));
#10704 = ( GEOMETRIC_REPRESENTATION_CONTEXT(2) 
PARAMETRIC_REPRESENTATION_CONTEXT() REPRESENTATION_CONTEXT('2D SPACE',''
  ) );
#10705 = ADVANCED_FACE('',(#10706),#10668,.F.);
#10706 = FACE_BOUND('',#10707,.F.);
#10707 = EDGE_LOOP('',(#10708,#10709,#10732,#10760));
#10708 = ORIENTED_EDGE('',*,*,#10652,.T.);
#10709 = ORIENTED_EDGE('',*,*,#10710,.T.);
#10710 = EDGE_CURVE('',#10625,#10711,#10713,.T.);
#10711 = VERTEX_POINT('',#10712);
#10712 = CARTESIAN_POINT('',(-2.1,0.125,0.2));
#10713 = SURFACE_CURVE('',#10714,(#10718,#10725),.PCURVE_S1.);
#10714 = LINE('',#10715,#10716);
#10715 = CARTESIAN_POINT('',(-2.1,-0.125,0.2));
#10716 = VECTOR('',#10717,1.);
#10717 = DIRECTION('',(0.,1.,0.));
#10718 = PCURVE('',#10668,#10719);
#10719 = DEFINITIONAL_REPRESENTATION('',(#10720),#10724);
#10720 = LINE('',#10721,#10722);
#10721 = CARTESIAN_POINT('',(0.,-0.2));
#10722 = VECTOR('',#10723,1.);
#10723 = DIRECTION('',(1.,0.));
#10724 = ( GEOMETRIC_REPRESENTATION_CONTEXT(2) 
PARAMETRIC_REPRESENTATION_CONTEXT() REPRESENTATION_CONTEXT('2D SPACE',''
  ) );
#10725 = PCURVE('',#10640,#10726);
#10726 = DEFINITIONAL_REPRESENTATION('',(#10727),#10731);
#10727 = LINE('',#10728,#10729);
#10728 = CARTESIAN_POINT('',(0.2,-0.125));
#10729 = VECTOR('',#10730,1.);
#10730 = DIRECTION('',(0.,1.));
#10731 = ( GEOMETRIC_REPRESENTATION_CONTEXT(2) 
PARAMETRIC_REPRESENTATION_CONTEXT() REPRESENTATION_CONTEXT('2D SPACE',''
  ) );
#10732 = ORIENTED_EDGE('',*,*,#10733,.F.);
#10733 = EDGE_CURVE('',#10734,#10711,#10736,.T.);
#10734 = VERTEX_POINT('',#10735);
#10735 = CARTESIAN_POINT('',(-2.1,0.125,0.));
#10736 = SURFACE_CURVE('',#10737,(#10741,#10748),.PCURVE_S1.);
#10737 = LINE('',#10738,#10739);
#10738 = CARTESIAN_POINT('',(-2.1,0.125,0.));
#10739 = VECTOR('',#10740,1.);
#10740 = DIRECTION('',(0.,0.,1.));
#10741 = PCURVE('',#10668,#10742);
#10742 = DEFINITIONAL_REPRESENTATION('',(#10743),#10747);
#10743 = LINE('',#10744,#10745);
#10744 = CARTESIAN_POINT('',(0.25,0.));
#10745 = VECTOR('',#10746,1.);
#10746 = DIRECTION('',(0.,-1.));
#10747 = ( GEOMETRIC_REPRESENTATION_CONTEXT(2) 
PARAMETRIC_REPRESENTATION_CONTEXT() REPRESENTATION_CONTEXT('2D SPACE',''
  ) );
#10748 = PCURVE('',#10749,#10754);
#10749 = PLANE('',#10750);
#10750 = AXIS2_PLACEMENT_3D('',#10751,#10752,#10753);
#10751 = CARTESIAN_POINT('',(-2.1,0.125,0.));
#10752 = DIRECTION('',(0.,-1.,0.));
#10753 = DIRECTION('',(-1.,0.,0.));
#10754 = DEFINITIONAL_REPRESENTATION('',(#10755),#10759);
#10755 = LINE('',#10756,#10757);
#10756 = CARTESIAN_POINT('',(0.,-0.));
#10757 = VECTOR('',#10758,1.);
#10758 = DIRECTION('',(0.,-1.));
#10759 = ( GEOMETRIC_REPRESENTATION_CONTEXT(2) 
PARAMETRIC_REPRESENTATION_CONTEXT() REPRESENTATION_CONTEXT('2D SPACE',''
  ) );
#10760 = ORIENTED_EDGE('',*,*,#10761,.F.);
#10761 = EDGE_CURVE('',#10653,#10734,#10762,.T.);
#10762 = SURFACE_CURVE('',#10763,(#10767,#10774),.PCURVE_S1.);
#10763 = LINE('',#10764,#10765);
#10764 = CARTESIAN_POINT('',(-2.1,-0.125,0.));
#10765 = VECTOR('',#10766,1.);
#10766 = DIRECTION('',(0.,1.,0.));
#10767 = PCURVE('',#10668,#10768);
#10768 = DEFINITIONAL_REPRESENTATION('',(#10769),#10773);
#10769 = LINE('',#10770,#10771);
#10770 = CARTESIAN_POINT('',(0.,0.));
#10771 = VECTOR('',#10772,1.);
#10772 = DIRECTION('',(1.,0.));
#10773 = ( GEOMETRIC_REPRESENTATION_CONTEXT(2) 
PARAMETRIC_REPRESENTATION_CONTEXT() REPRESENTATION_CONTEXT('2D SPACE',''
  ) );
#10774 = PCURVE('',#10694,#10775);
#10775 = DEFINITIONAL_REPRESENTATION('',(#10776),#10780);
#10776 = LINE('',#10777,#10778);
#10777 = CARTESIAN_POINT('',(0.2,-0.125));
#10778 = VECTOR('',#10779,1.);
#10779 = DIRECTION('',(0.,1.));
#10780 = ( GEOMETRIC_REPRESENTATION_CONTEXT(2) 
PARAMETRIC_REPRESENTATION_CONTEXT() REPRESENTATION_CONTEXT('2D SPACE',''
  ) );
#10781 = ADVANCED_FACE('',(#10782),#10749,.F.);
#10782 = FACE_BOUND('',#10783,.F.);
#10783 = EDGE_LOOP('',(#10784,#10785,#10808,#10831));
#10784 = ORIENTED_EDGE('',*,*,#10733,.T.);
#10785 = ORIENTED_EDGE('',*,*,#10786,.T.);
#10786 = EDGE_CURVE('',#10711,#10787,#10789,.T.);
#10787 = VERTEX_POINT('',#10788);
#10788 = CARTESIAN_POINT('',(-2.5,0.125,0.2));
#10789 = SURFACE_CURVE('',#10790,(#10794,#10801),.PCURVE_S1.);
#10790 = LINE('',#10791,#10792);
#10791 = CARTESIAN_POINT('',(-2.1,0.125,0.2));
#10792 = VECTOR('',#10793,1.);
#10793 = DIRECTION('',(-1.,0.,0.));
#10794 = PCURVE('',#10749,#10795);
#10795 = DEFINITIONAL_REPRESENTATION('',(#10796),#10800);
#10796 = LINE('',#10797,#10798);
#10797 = CARTESIAN_POINT('',(0.,-0.2));
#10798 = VECTOR('',#10799,1.);
#10799 = DIRECTION('',(1.,0.));
#10800 = ( GEOMETRIC_REPRESENTATION_CONTEXT(2) 
PARAMETRIC_REPRESENTATION_CONTEXT() REPRESENTATION_CONTEXT('2D SPACE',''
  ) );
#10801 = PCURVE('',#10640,#10802);
#10802 = DEFINITIONAL_REPRESENTATION('',(#10803),#10807);
#10803 = LINE('',#10804,#10805);
#10804 = CARTESIAN_POINT('',(0.2,0.125));
#10805 = VECTOR('',#10806,1.);
#10806 = DIRECTION('',(-1.,0.));
#10807 = ( GEOMETRIC_REPRESENTATION_CONTEXT(2) 
PARAMETRIC_REPRESENTATION_CONTEXT() REPRESENTATION_CONTEXT('2D SPACE',''
  ) );
#10808 = ORIENTED_EDGE('',*,*,#10809,.F.);
#10809 = EDGE_CURVE('',#10810,#10787,#10812,.T.);
#10810 = VERTEX_POINT('',#10811);
#10811 = CARTESIAN_POINT('',(-2.5,0.125,0.));
#10812 = SURFACE_CURVE('',#10813,(#10817,#10824),.PCURVE_S1.);
#10813 = LINE('',#10814,#10815);
#10814 = CARTESIAN_POINT('',(-2.5,0.125,0.));
#10815 = VECTOR('',#10816,1.);
#10816 = DIRECTION('',(0.,0.,1.));
#10817 = PCURVE('',#10749,#10818);
#10818 = DEFINITIONAL_REPRESENTATION('',(#10819),#10823);
#10819 = LINE('',#10820,#10821);
#10820 = CARTESIAN_POINT('',(0.4,0.));
#10821 = VECTOR('',#10822,1.);
#10822 = DIRECTION('',(0.,-1.));
#10823 = ( GEOMETRIC_REPRESENTATION_CONTEXT(2) 
PARAMETRIC_REPRESENTATION_CONTEXT() REPRESENTATION_CONTEXT('2D SPACE',''
  ) );
#10824 = PCURVE('',#10612,#10825);
#10825 = DEFINITIONAL_REPRESENTATION('',(#10826),#10830);
#10826 = LINE('',#10827,#10828);
#10827 = CARTESIAN_POINT('',(0.,0.));
#10828 = VECTOR('',#10829,1.);
#10829 = DIRECTION('',(0.,-1.));
#10830 = ( GEOMETRIC_REPRESENTATION_CONTEXT(2) 
PARAMETRIC_REPRESENTATION_CONTEXT() REPRESENTATION_CONTEXT('2D SPACE',''
  ) );
#10831 = ORIENTED_EDGE('',*,*,#10832,.F.);
#10832 = EDGE_CURVE('',#10734,#10810,#10833,.T.);
#10833 = SURFACE_CURVE('',#10834,(#10838,#10845),.PCURVE_S1.);
#10834 = LINE('',#10835,#10836);
#10835 = CARTESIAN_POINT('',(-2.1,0.125,0.));
#10836 = VECTOR('',#10837,1.);
#10837 = DIRECTION('',(-1.,0.,0.));
#10838 = PCURVE('',#10749,#10839);
#10839 = DEFINITIONAL_REPRESENTATION('',(#10840),#10844);
#10840 = LINE('',#10841,#10842);
#10841 = CARTESIAN_POINT('',(0.,-0.));
#10842 = VECTOR('',#10843,1.);
#10843 = DIRECTION('',(1.,0.));
#10844 = ( GEOMETRIC_REPRESENTATION_CONTEXT(2) 
PARAMETRIC_REPRESENTATION_CONTEXT() REPRESENTATION_CONTEXT('2D SPACE',''
  ) );
#10845 = PCURVE('',#10694,#10846);
#10846 = DEFINITIONAL_REPRESENTATION('',(#10847),#10851);
#10847 = LINE('',#10848,#10849);
#10848 = CARTESIAN_POINT('',(0.2,0.125));
#10849 = VECTOR('',#10850,1.);
#10850 = DIRECTION('',(-1.,0.));
#10851 = ( GEOMETRIC_REPRESENTATION_CONTEXT(2) 
PARAMETRIC_REPRESENTATION_CONTEXT() REPRESENTATION_CONTEXT('2D SPACE',''
  ) );
#10852 = ADVANCED_FACE('',(#10853),#10612,.F.);
#10853 = FACE_BOUND('',#10854,.F.);
#10854 = EDGE_LOOP('',(#10855,#10856,#10877,#10878));
#10855 = ORIENTED_EDGE('',*,*,#10809,.T.);
#10856 = ORIENTED_EDGE('',*,*,#10857,.T.);
#10857 = EDGE_CURVE('',#10787,#10592,#10858,.T.);
#10858 = SURFACE_CURVE('',#10859,(#10863,#10870),.PCURVE_S1.);
#10859 = LINE('',#10860,#10861);
#10860 = CARTESIAN_POINT('',(-2.5,0.125,0.2));
#10861 = VECTOR('',#10862,1.);
#10862 = DIRECTION('',(0.,-1.,0.));
#10863 = PCURVE('',#10612,#10864);
#10864 = DEFINITIONAL_REPRESENTATION('',(#10865),#10869);
#10865 = LINE('',#10866,#10867);
#10866 = CARTESIAN_POINT('',(0.,-0.2));
#10867 = VECTOR('',#10868,1.);
#10868 = DIRECTION('',(1.,0.));
#10869 = ( GEOMETRIC_REPRESENTATION_CONTEXT(2) 
PARAMETRIC_REPRESENTATION_CONTEXT() REPRESENTATION_CONTEXT('2D SPACE',''
  ) );
#10870 = PCURVE('',#10640,#10871);
#10871 = DEFINITIONAL_REPRESENTATION('',(#10872),#10876);
#10872 = LINE('',#10873,#10874);
#10873 = CARTESIAN_POINT('',(-0.2,0.125));
#10874 = VECTOR('',#10875,1.);
#10875 = DIRECTION('',(0.,-1.));
#10876 = ( GEOMETRIC_REPRESENTATION_CONTEXT(2) 
PARAMETRIC_REPRESENTATION_CONTEXT() REPRESENTATION_CONTEXT('2D SPACE',''
  ) );
#10877 = ORIENTED_EDGE('',*,*,#10589,.F.);
#10878 = ORIENTED_EDGE('',*,*,#10879,.F.);
#10879 = EDGE_CURVE('',#10810,#10590,#10880,.T.);
#10880 = SURFACE_CURVE('',#10881,(#10885,#10892),.PCURVE_S1.);
#10881 = LINE('',#10882,#10883);
#10882 = CARTESIAN_POINT('',(-2.5,0.125,0.));
#10883 = VECTOR('',#10884,1.);
#10884 = DIRECTION('',(0.,-1.,0.));
#10885 = PCURVE('',#10612,#10886);
#10886 = DEFINITIONAL_REPRESENTATION('',(#10887),#10891);
#10887 = LINE('',#10888,#10889);
#10888 = CARTESIAN_POINT('',(0.,0.));
#10889 = VECTOR('',#10890,1.);
#10890 = DIRECTION('',(1.,0.));
#10891 = ( GEOMETRIC_REPRESENTATION_CONTEXT(2) 
PARAMETRIC_REPRESENTATION_CONTEXT() REPRESENTATION_CONTEXT('2D SPACE',''
  ) );
#10892 = PCURVE('',#10694,#10893);
#10893 = DEFINITIONAL_REPRESENTATION('',(#10894),#10898);
#10894 = LINE('',#10895,#10896);
#10895 = CARTESIAN_POINT('',(-0.2,0.125));
#10896 = VECTOR('',#10897,1.);
#10897 = DIRECTION('',(0.,-1.));
#10898 = ( GEOMETRIC_REPRESENTATION_CONTEXT(2) 
PARAMETRIC_REPRESENTATION_CONTEXT() REPRESENTATION_CONTEXT('2D SPACE',''
  ) );
#10899 = ADVANCED_FACE('',(#10900),#10694,.F.);
#10900 = FACE_BOUND('',#10901,.F.);
#10901 = EDGE_LOOP('',(#10902,#10903,#10904,#10905));
#10902 = ORIENTED_EDGE('',*,*,#10680,.T.);
#10903 = ORIENTED_EDGE('',*,*,#10761,.T.);
#10904 = ORIENTED_EDGE('',*,*,#10832,.T.);
#10905 = ORIENTED_EDGE('',*,*,#10879,.T.);
#10906 = ADVANCED_FACE('',(#10907),#10640,.T.);
#10907 = FACE_BOUND('',#10908,.T.);
#10908 = EDGE_LOOP('',(#10909,#10910,#10911,#10912));
#10909 = ORIENTED_EDGE('',*,*,#10624,.T.);
#10910 = ORIENTED_EDGE('',*,*,#10710,.T.);
#10911 = ORIENTED_EDGE('',*,*,#10786,.T.);
#10912 = ORIENTED_EDGE('',*,*,#10857,.T.);
#10913 = ( GEOMETRIC_REPRESENTATION_CONTEXT(3) 
GLOBAL_UNCERTAINTY_ASSIGNED_CONTEXT((#10917)) 
GLOBAL_UNIT_ASSIGNED_CONTEXT((#10914,#10915,#10916)) 
REPRESENTATION_CONTEXT('Context #1',
  '3D Context with UNIT and UNCERTAINTY') );
#10914 = ( LENGTH_UNIT() NAMED_UNIT(*) SI_UNIT(.MILLI.,.METRE.) );
#10915 = ( NAMED_UNIT(*) PLANE_ANGLE_UNIT() SI_UNIT($,.RADIAN.) );
#10916 = ( NAMED_UNIT(*) SI_UNIT($,.STERADIAN.) SOLID_ANGLE_UNIT() );
#10917 = UNCERTAINTY_MEASURE_WITH_UNIT(LENGTH_MEASURE(1.E-07),#10914,
  'distance_accuracy_value','confusion accuracy');
#10918 = CONTEXT_DEPENDENT_SHAPE_REPRESENTATION(#10919,#10921);
#10919 = ( REPRESENTATION_RELATIONSHIP('','',#10582,#10) 
REPRESENTATION_RELATIONSHIP_WITH_TRANSFORMATION(#10920) 
SHAPE_REPRESENTATION_RELATIONSHIP() );
#10920 = ITEM_DEFINED_TRANSFORMATION('','',#11,#39);
#10921 = PRODUCT_DEFINITION_SHAPE('Placement','Placement of an item',
  #10922);
#10922 = NEXT_ASSEMBLY_USAGE_OCCURRENCE('7','terminal4','',#5,#10577,$);
#10923 = PRODUCT_RELATED_PRODUCT_CATEGORY('part',$,(#10579));
#10924 = SHAPE_DEFINITION_REPRESENTATION(#10925,#10931);
#10925 = PRODUCT_DEFINITION_SHAPE('','',#10926);
#10926 = PRODUCT_DEFINITION('design','',#10927,#10930);
#10927 = PRODUCT_DEFINITION_FORMATION('','',#10928);
#10928 = PRODUCT('terminal5','terminal5','',(#10929));
#10929 = PRODUCT_CONTEXT('',#2,'mechanical');
#10930 = PRODUCT_DEFINITION_CONTEXT('part definition',#2,'design');
#10931 = ADVANCED_BREP_SHAPE_REPRESENTATION('',(#11,#10932),#11262);
#10932 = MANIFOLD_SOLID_BREP('',#10933);
#10933 = CLOSED_SHELL('',(#10934,#11054,#11130,#11201,#11248,#11255));
#10934 = ADVANCED_FACE('',(#10935),#10949,.F.);
#10935 = FACE_BOUND('',#10936,.F.);
#10936 = EDGE_LOOP('',(#10937,#10972,#11000,#11028));
#10937 = ORIENTED_EDGE('',*,*,#10938,.T.);
#10938 = EDGE_CURVE('',#10939,#10941,#10943,.T.);
#10939 = VERTEX_POINT('',#10940);
#10940 = CARTESIAN_POINT('',(-2.5,-0.625,0.));
#10941 = VERTEX_POINT('',#10942);
#10942 = CARTESIAN_POINT('',(-2.5,-0.625,0.2));
#10943 = SURFACE_CURVE('',#10944,(#10948,#10960),.PCURVE_S1.);
#10944 = LINE('',#10945,#10946);
#10945 = CARTESIAN_POINT('',(-2.5,-0.625,0.));
#10946 = VECTOR('',#10947,1.);
#10947 = DIRECTION('',(0.,0.,1.));
#10948 = PCURVE('',#10949,#10954);
#10949 = PLANE('',#10950);
#10950 = AXIS2_PLACEMENT_3D('',#10951,#10952,#10953);
#10951 = CARTESIAN_POINT('',(-2.5,-0.625,0.));
#10952 = DIRECTION('',(0.,1.,0.));
#10953 = DIRECTION('',(1.,0.,0.));
#10954 = DEFINITIONAL_REPRESENTATION('',(#10955),#10959);
#10955 = LINE('',#10956,#10957);
#10956 = CARTESIAN_POINT('',(0.,0.));
#10957 = VECTOR('',#10958,1.);
#10958 = DIRECTION('',(0.,-1.));
#10959 = ( GEOMETRIC_REPRESENTATION_CONTEXT(2) 
PARAMETRIC_REPRESENTATION_CONTEXT() REPRESENTATION_CONTEXT('2D SPACE',''
  ) );
#10960 = PCURVE('',#10961,#10966);
#10961 = PLANE('',#10962);
#10962 = AXIS2_PLACEMENT_3D('',#10963,#10964,#10965);
#10963 = CARTESIAN_POINT('',(-2.5,-0.375,0.));
#10964 = DIRECTION('',(1.,0.,-0.));
#10965 = DIRECTION('',(0.,-1.,0.));
#10966 = DEFINITIONAL_REPRESENTATION('',(#10967),#10971);
#10967 = LINE('',#10968,#10969);
#10968 = CARTESIAN_POINT('',(0.25,0.));
#10969 = VECTOR('',#10970,1.);
#10970 = DIRECTION('',(0.,-1.));
#10971 = ( GEOMETRIC_REPRESENTATION_CONTEXT(2) 
PARAMETRIC_REPRESENTATION_CONTEXT() REPRESENTATION_CONTEXT('2D SPACE',''
  ) );
#10972 = ORIENTED_EDGE('',*,*,#10973,.T.);
#10973 = EDGE_CURVE('',#10941,#10974,#10976,.T.);
#10974 = VERTEX_POINT('',#10975);
#10975 = CARTESIAN_POINT('',(-2.1,-0.625,0.2));
#10976 = SURFACE_CURVE('',#10977,(#10981,#10988),.PCURVE_S1.);
#10977 = LINE('',#10978,#10979);
#10978 = CARTESIAN_POINT('',(-2.5,-0.625,0.2));
#10979 = VECTOR('',#10980,1.);
#10980 = DIRECTION('',(1.,0.,0.));
#10981 = PCURVE('',#10949,#10982);
#10982 = DEFINITIONAL_REPRESENTATION('',(#10983),#10987);
#10983 = LINE('',#10984,#10985);
#10984 = CARTESIAN_POINT('',(0.,-0.2));
#10985 = VECTOR('',#10986,1.);
#10986 = DIRECTION('',(1.,0.));
#10987 = ( GEOMETRIC_REPRESENTATION_CONTEXT(2) 
PARAMETRIC_REPRESENTATION_CONTEXT() REPRESENTATION_CONTEXT('2D SPACE',''
  ) );
#10988 = PCURVE('',#10989,#10994);
#10989 = PLANE('',#10990);
#10990 = AXIS2_PLACEMENT_3D('',#10991,#10992,#10993);
#10991 = CARTESIAN_POINT('',(-2.3,-0.5,0.2));
#10992 = DIRECTION('',(0.,0.,1.));
#10993 = DIRECTION('',(1.,0.,-0.));
#10994 = DEFINITIONAL_REPRESENTATION('',(#10995),#10999);
#10995 = LINE('',#10996,#10997);
#10996 = CARTESIAN_POINT('',(-0.2,-0.125));
#10997 = VECTOR('',#10998,1.);
#10998 = DIRECTION('',(1.,0.));
#10999 = ( GEOMETRIC_REPRESENTATION_CONTEXT(2) 
PARAMETRIC_REPRESENTATION_CONTEXT() REPRESENTATION_CONTEXT('2D SPACE',''
  ) );
#11000 = ORIENTED_EDGE('',*,*,#11001,.F.);
#11001 = EDGE_CURVE('',#11002,#10974,#11004,.T.);
#11002 = VERTEX_POINT('',#11003);
#11003 = CARTESIAN_POINT('',(-2.1,-0.625,0.));
#11004 = SURFACE_CURVE('',#11005,(#11009,#11016),.PCURVE_S1.);
#11005 = LINE('',#11006,#11007);
#11006 = CARTESIAN_POINT('',(-2.1,-0.625,0.));
#11007 = VECTOR('',#11008,1.);
#11008 = DIRECTION('',(0.,0.,1.));
#11009 = PCURVE('',#10949,#11010);
#11010 = DEFINITIONAL_REPRESENTATION('',(#11011),#11015);
#11011 = LINE('',#11012,#11013);
#11012 = CARTESIAN_POINT('',(0.4,0.));
#11013 = VECTOR('',#11014,1.);
#11014 = DIRECTION('',(0.,-1.));
#11015 = ( GEOMETRIC_REPRESENTATION_CONTEXT(2) 
PARAMETRIC_REPRESENTATION_CONTEXT() REPRESENTATION_CONTEXT('2D SPACE',''
  ) );
#11016 = PCURVE('',#11017,#11022);
#11017 = PLANE('',#11018);
#11018 = AXIS2_PLACEMENT_3D('',#11019,#11020,#11021);
#11019 = CARTESIAN_POINT('',(-2.1,-0.625,0.));
#11020 = DIRECTION('',(-1.,0.,0.));
#11021 = DIRECTION('',(0.,1.,0.));
#11022 = DEFINITIONAL_REPRESENTATION('',(#11023),#11027);
#11023 = LINE('',#11024,#11025);
#11024 = CARTESIAN_POINT('',(0.,0.));
#11025 = VECTOR('',#11026,1.);
#11026 = DIRECTION('',(0.,-1.));
#11027 = ( GEOMETRIC_REPRESENTATION_CONTEXT(2) 
PARAMETRIC_REPRESENTATION_CONTEXT() REPRESENTATION_CONTEXT('2D SPACE',''
  ) );
#11028 = ORIENTED_EDGE('',*,*,#11029,.F.);
#11029 = EDGE_CURVE('',#10939,#11002,#11030,.T.);
#11030 = SURFACE_CURVE('',#11031,(#11035,#11042),.PCURVE_S1.);
#11031 = LINE('',#11032,#11033);
#11032 = CARTESIAN_POINT('',(-2.5,-0.625,0.));
#11033 = VECTOR('',#11034,1.);
#11034 = DIRECTION('',(1.,0.,0.));
#11035 = PCURVE('',#10949,#11036);
#11036 = DEFINITIONAL_REPRESENTATION('',(#11037),#11041);
#11037 = LINE('',#11038,#11039);
#11038 = CARTESIAN_POINT('',(0.,0.));
#11039 = VECTOR('',#11040,1.);
#11040 = DIRECTION('',(1.,0.));
#11041 = ( GEOMETRIC_REPRESENTATION_CONTEXT(2) 
PARAMETRIC_REPRESENTATION_CONTEXT() REPRESENTATION_CONTEXT('2D SPACE',''
  ) );
#11042 = PCURVE('',#11043,#11048);
#11043 = PLANE('',#11044);
#11044 = AXIS2_PLACEMENT_3D('',#11045,#11046,#11047);
#11045 = CARTESIAN_POINT('',(-2.3,-0.5,0.));
#11046 = DIRECTION('',(0.,0.,1.));
#11047 = DIRECTION('',(1.,0.,-0.));
#11048 = DEFINITIONAL_REPRESENTATION('',(#11049),#11053);
#11049 = LINE('',#11050,#11051);
#11050 = CARTESIAN_POINT('',(-0.2,-0.125));
#11051 = VECTOR('',#11052,1.);
#11052 = DIRECTION('',(1.,0.));
#11053 = ( GEOMETRIC_REPRESENTATION_CONTEXT(2) 
PARAMETRIC_REPRESENTATION_CONTEXT() REPRESENTATION_CONTEXT('2D SPACE',''
  ) );
#11054 = ADVANCED_FACE('',(#11055),#11017,.F.);
#11055 = FACE_BOUND('',#11056,.F.);
#11056 = EDGE_LOOP('',(#11057,#11058,#11081,#11109));
#11057 = ORIENTED_EDGE('',*,*,#11001,.T.);
#11058 = ORIENTED_EDGE('',*,*,#11059,.T.);
#11059 = EDGE_CURVE('',#10974,#11060,#11062,.T.);
#11060 = VERTEX_POINT('',#11061);
#11061 = CARTESIAN_POINT('',(-2.1,-0.375,0.2));
#11062 = SURFACE_CURVE('',#11063,(#11067,#11074),.PCURVE_S1.);
#11063 = LINE('',#11064,#11065);
#11064 = CARTESIAN_POINT('',(-2.1,-0.625,0.2));
#11065 = VECTOR('',#11066,1.);
#11066 = DIRECTION('',(0.,1.,0.));
#11067 = PCURVE('',#11017,#11068);
#11068 = DEFINITIONAL_REPRESENTATION('',(#11069),#11073);
#11069 = LINE('',#11070,#11071);
#11070 = CARTESIAN_POINT('',(0.,-0.2));
#11071 = VECTOR('',#11072,1.);
#11072 = DIRECTION('',(1.,0.));
#11073 = ( GEOMETRIC_REPRESENTATION_CONTEXT(2) 
PARAMETRIC_REPRESENTATION_CONTEXT() REPRESENTATION_CONTEXT('2D SPACE',''
  ) );
#11074 = PCURVE('',#10989,#11075);
#11075 = DEFINITIONAL_REPRESENTATION('',(#11076),#11080);
#11076 = LINE('',#11077,#11078);
#11077 = CARTESIAN_POINT('',(0.2,-0.125));
#11078 = VECTOR('',#11079,1.);
#11079 = DIRECTION('',(0.,1.));
#11080 = ( GEOMETRIC_REPRESENTATION_CONTEXT(2) 
PARAMETRIC_REPRESENTATION_CONTEXT() REPRESENTATION_CONTEXT('2D SPACE',''
  ) );
#11081 = ORIENTED_EDGE('',*,*,#11082,.F.);
#11082 = EDGE_CURVE('',#11083,#11060,#11085,.T.);
#11083 = VERTEX_POINT('',#11084);
#11084 = CARTESIAN_POINT('',(-2.1,-0.375,0.));
#11085 = SURFACE_CURVE('',#11086,(#11090,#11097),.PCURVE_S1.);
#11086 = LINE('',#11087,#11088);
#11087 = CARTESIAN_POINT('',(-2.1,-0.375,0.));
#11088 = VECTOR('',#11089,1.);
#11089 = DIRECTION('',(0.,0.,1.));
#11090 = PCURVE('',#11017,#11091);
#11091 = DEFINITIONAL_REPRESENTATION('',(#11092),#11096);
#11092 = LINE('',#11093,#11094);
#11093 = CARTESIAN_POINT('',(0.25,0.));
#11094 = VECTOR('',#11095,1.);
#11095 = DIRECTION('',(0.,-1.));
#11096 = ( GEOMETRIC_REPRESENTATION_CONTEXT(2) 
PARAMETRIC_REPRESENTATION_CONTEXT() REPRESENTATION_CONTEXT('2D SPACE',''
  ) );
#11097 = PCURVE('',#11098,#11103);
#11098 = PLANE('',#11099);
#11099 = AXIS2_PLACEMENT_3D('',#11100,#11101,#11102);
#11100 = CARTESIAN_POINT('',(-2.1,-0.375,0.));
#11101 = DIRECTION('',(0.,-1.,0.));
#11102 = DIRECTION('',(-1.,0.,0.));
#11103 = DEFINITIONAL_REPRESENTATION('',(#11104),#11108);
#11104 = LINE('',#11105,#11106);
#11105 = CARTESIAN_POINT('',(0.,-0.));
#11106 = VECTOR('',#11107,1.);
#11107 = DIRECTION('',(0.,-1.));
#11108 = ( GEOMETRIC_REPRESENTATION_CONTEXT(2) 
PARAMETRIC_REPRESENTATION_CONTEXT() REPRESENTATION_CONTEXT('2D SPACE',''
  ) );
#11109 = ORIENTED_EDGE('',*,*,#11110,.F.);
#11110 = EDGE_CURVE('',#11002,#11083,#11111,.T.);
#11111 = SURFACE_CURVE('',#11112,(#11116,#11123),.PCURVE_S1.);
#11112 = LINE('',#11113,#11114);
#11113 = CARTESIAN_POINT('',(-2.1,-0.625,0.));
#11114 = VECTOR('',#11115,1.);
#11115 = DIRECTION('',(0.,1.,0.));
#11116 = PCURVE('',#11017,#11117);
#11117 = DEFINITIONAL_REPRESENTATION('',(#11118),#11122);
#11118 = LINE('',#11119,#11120);
#11119 = CARTESIAN_POINT('',(0.,0.));
#11120 = VECTOR('',#11121,1.);
#11121 = DIRECTION('',(1.,0.));
#11122 = ( GEOMETRIC_REPRESENTATION_CONTEXT(2) 
PARAMETRIC_REPRESENTATION_CONTEXT() REPRESENTATION_CONTEXT('2D SPACE',''
  ) );
#11123 = PCURVE('',#11043,#11124);
#11124 = DEFINITIONAL_REPRESENTATION('',(#11125),#11129);
#11125 = LINE('',#11126,#11127);
#11126 = CARTESIAN_POINT('',(0.2,-0.125));
#11127 = VECTOR('',#11128,1.);
#11128 = DIRECTION('',(0.,1.));
#11129 = ( GEOMETRIC_REPRESENTATION_CONTEXT(2) 
PARAMETRIC_REPRESENTATION_CONTEXT() REPRESENTATION_CONTEXT('2D SPACE',''
  ) );
#11130 = ADVANCED_FACE('',(#11131),#11098,.F.);
#11131 = FACE_BOUND('',#11132,.F.);
#11132 = EDGE_LOOP('',(#11133,#11134,#11157,#11180));
#11133 = ORIENTED_EDGE('',*,*,#11082,.T.);
#11134 = ORIENTED_EDGE('',*,*,#11135,.T.);
#11135 = EDGE_CURVE('',#11060,#11136,#11138,.T.);
#11136 = VERTEX_POINT('',#11137);
#11137 = CARTESIAN_POINT('',(-2.5,-0.375,0.2));
#11138 = SURFACE_CURVE('',#11139,(#11143,#11150),.PCURVE_S1.);
#11139 = LINE('',#11140,#11141);
#11140 = CARTESIAN_POINT('',(-2.1,-0.375,0.2));
#11141 = VECTOR('',#11142,1.);
#11142 = DIRECTION('',(-1.,0.,0.));
#11143 = PCURVE('',#11098,#11144);
#11144 = DEFINITIONAL_REPRESENTATION('',(#11145),#11149);
#11145 = LINE('',#11146,#11147);
#11146 = CARTESIAN_POINT('',(0.,-0.2));
#11147 = VECTOR('',#11148,1.);
#11148 = DIRECTION('',(1.,0.));
#11149 = ( GEOMETRIC_REPRESENTATION_CONTEXT(2) 
PARAMETRIC_REPRESENTATION_CONTEXT() REPRESENTATION_CONTEXT('2D SPACE',''
  ) );
#11150 = PCURVE('',#10989,#11151);
#11151 = DEFINITIONAL_REPRESENTATION('',(#11152),#11156);
#11152 = LINE('',#11153,#11154);
#11153 = CARTESIAN_POINT('',(0.2,0.125));
#11154 = VECTOR('',#11155,1.);
#11155 = DIRECTION('',(-1.,0.));
#11156 = ( GEOMETRIC_REPRESENTATION_CONTEXT(2) 
PARAMETRIC_REPRESENTATION_CONTEXT() REPRESENTATION_CONTEXT('2D SPACE',''
  ) );
#11157 = ORIENTED_EDGE('',*,*,#11158,.F.);
#11158 = EDGE_CURVE('',#11159,#11136,#11161,.T.);
#11159 = VERTEX_POINT('',#11160);
#11160 = CARTESIAN_POINT('',(-2.5,-0.375,0.));
#11161 = SURFACE_CURVE('',#11162,(#11166,#11173),.PCURVE_S1.);
#11162 = LINE('',#11163,#11164);
#11163 = CARTESIAN_POINT('',(-2.5,-0.375,0.));
#11164 = VECTOR('',#11165,1.);
#11165 = DIRECTION('',(0.,0.,1.));
#11166 = PCURVE('',#11098,#11167);
#11167 = DEFINITIONAL_REPRESENTATION('',(#11168),#11172);
#11168 = LINE('',#11169,#11170);
#11169 = CARTESIAN_POINT('',(0.4,0.));
#11170 = VECTOR('',#11171,1.);
#11171 = DIRECTION('',(0.,-1.));
#11172 = ( GEOMETRIC_REPRESENTATION_CONTEXT(2) 
PARAMETRIC_REPRESENTATION_CONTEXT() REPRESENTATION_CONTEXT('2D SPACE',''
  ) );
#11173 = PCURVE('',#10961,#11174);
#11174 = DEFINITIONAL_REPRESENTATION('',(#11175),#11179);
#11175 = LINE('',#11176,#11177);
#11176 = CARTESIAN_POINT('',(0.,0.));
#11177 = VECTOR('',#11178,1.);
#11178 = DIRECTION('',(0.,-1.));
#11179 = ( GEOMETRIC_REPRESENTATION_CONTEXT(2) 
PARAMETRIC_REPRESENTATION_CONTEXT() REPRESENTATION_CONTEXT('2D SPACE',''
  ) );
#11180 = ORIENTED_EDGE('',*,*,#11181,.F.);
#11181 = EDGE_CURVE('',#11083,#11159,#11182,.T.);
#11182 = SURFACE_CURVE('',#11183,(#11187,#11194),.PCURVE_S1.);
#11183 = LINE('',#11184,#11185);
#11184 = CARTESIAN_POINT('',(-2.1,-0.375,0.));
#11185 = VECTOR('',#11186,1.);
#11186 = DIRECTION('',(-1.,0.,0.));
#11187 = PCURVE('',#11098,#11188);
#11188 = DEFINITIONAL_REPRESENTATION('',(#11189),#11193);
#11189 = LINE('',#11190,#11191);
#11190 = CARTESIAN_POINT('',(0.,-0.));
#11191 = VECTOR('',#11192,1.);
#11192 = DIRECTION('',(1.,0.));
#11193 = ( GEOMETRIC_REPRESENTATION_CONTEXT(2) 
PARAMETRIC_REPRESENTATION_CONTEXT() REPRESENTATION_CONTEXT('2D SPACE',''
  ) );
#11194 = PCURVE('',#11043,#11195);
#11195 = DEFINITIONAL_REPRESENTATION('',(#11196),#11200);
#11196 = LINE('',#11197,#11198);
#11197 = CARTESIAN_POINT('',(0.2,0.125));
#11198 = VECTOR('',#11199,1.);
#11199 = DIRECTION('',(-1.,0.));
#11200 = ( GEOMETRIC_REPRESENTATION_CONTEXT(2) 
PARAMETRIC_REPRESENTATION_CONTEXT() REPRESENTATION_CONTEXT('2D SPACE',''
  ) );
#11201 = ADVANCED_FACE('',(#11202),#10961,.F.);
#11202 = FACE_BOUND('',#11203,.F.);
#11203 = EDGE_LOOP('',(#11204,#11205,#11226,#11227));
#11204 = ORIENTED_EDGE('',*,*,#11158,.T.);
#11205 = ORIENTED_EDGE('',*,*,#11206,.T.);
#11206 = EDGE_CURVE('',#11136,#10941,#11207,.T.);
#11207 = SURFACE_CURVE('',#11208,(#11212,#11219),.PCURVE_S1.);
#11208 = LINE('',#11209,#11210);
#11209 = CARTESIAN_POINT('',(-2.5,-0.375,0.2));
#11210 = VECTOR('',#11211,1.);
#11211 = DIRECTION('',(0.,-1.,0.));
#11212 = PCURVE('',#10961,#11213);
#11213 = DEFINITIONAL_REPRESENTATION('',(#11214),#11218);
#11214 = LINE('',#11215,#11216);
#11215 = CARTESIAN_POINT('',(0.,-0.2));
#11216 = VECTOR('',#11217,1.);
#11217 = DIRECTION('',(1.,0.));
#11218 = ( GEOMETRIC_REPRESENTATION_CONTEXT(2) 
PARAMETRIC_REPRESENTATION_CONTEXT() REPRESENTATION_CONTEXT('2D SPACE',''
  ) );
#11219 = PCURVE('',#10989,#11220);
#11220 = DEFINITIONAL_REPRESENTATION('',(#11221),#11225);
#11221 = LINE('',#11222,#11223);
#11222 = CARTESIAN_POINT('',(-0.2,0.125));
#11223 = VECTOR('',#11224,1.);
#11224 = DIRECTION('',(0.,-1.));
#11225 = ( GEOMETRIC_REPRESENTATION_CONTEXT(2) 
PARAMETRIC_REPRESENTATION_CONTEXT() REPRESENTATION_CONTEXT('2D SPACE',''
  ) );
#11226 = ORIENTED_EDGE('',*,*,#10938,.F.);
#11227 = ORIENTED_EDGE('',*,*,#11228,.F.);
#11228 = EDGE_CURVE('',#11159,#10939,#11229,.T.);
#11229 = SURFACE_CURVE('',#11230,(#11234,#11241),.PCURVE_S1.);
#11230 = LINE('',#11231,#11232);
#11231 = CARTESIAN_POINT('',(-2.5,-0.375,0.));
#11232 = VECTOR('',#11233,1.);
#11233 = DIRECTION('',(0.,-1.,0.));
#11234 = PCURVE('',#10961,#11235);
#11235 = DEFINITIONAL_REPRESENTATION('',(#11236),#11240);
#11236 = LINE('',#11237,#11238);
#11237 = CARTESIAN_POINT('',(0.,0.));
#11238 = VECTOR('',#11239,1.);
#11239 = DIRECTION('',(1.,0.));
#11240 = ( GEOMETRIC_REPRESENTATION_CONTEXT(2) 
PARAMETRIC_REPRESENTATION_CONTEXT() REPRESENTATION_CONTEXT('2D SPACE',''
  ) );
#11241 = PCURVE('',#11043,#11242);
#11242 = DEFINITIONAL_REPRESENTATION('',(#11243),#11247);
#11243 = LINE('',#11244,#11245);
#11244 = CARTESIAN_POINT('',(-0.2,0.125));
#11245 = VECTOR('',#11246,1.);
#11246 = DIRECTION('',(0.,-1.));
#11247 = ( GEOMETRIC_REPRESENTATION_CONTEXT(2) 
PARAMETRIC_REPRESENTATION_CONTEXT() REPRESENTATION_CONTEXT('2D SPACE',''
  ) );
#11248 = ADVANCED_FACE('',(#11249),#11043,.F.);
#11249 = FACE_BOUND('',#11250,.F.);
#11250 = EDGE_LOOP('',(#11251,#11252,#11253,#11254));
#11251 = ORIENTED_EDGE('',*,*,#11029,.T.);
#11252 = ORIENTED_EDGE('',*,*,#11110,.T.);
#11253 = ORIENTED_EDGE('',*,*,#11181,.T.);
#11254 = ORIENTED_EDGE('',*,*,#11228,.T.);
#11255 = ADVANCED_FACE('',(#11256),#10989,.T.);
#11256 = FACE_BOUND('',#11257,.T.);
#11257 = EDGE_LOOP('',(#11258,#11259,#11260,#11261));
#11258 = ORIENTED_EDGE('',*,*,#10973,.T.);
#11259 = ORIENTED_EDGE('',*,*,#11059,.T.);
#11260 = ORIENTED_EDGE('',*,*,#11135,.T.);
#11261 = ORIENTED_EDGE('',*,*,#11206,.T.);
#11262 = ( GEOMETRIC_REPRESENTATION_CONTEXT(3) 
GLOBAL_UNCERTAINTY_ASSIGNED_CONTEXT((#11266)) 
GLOBAL_UNIT_ASSIGNED_CONTEXT((#11263,#11264,#11265)) 
REPRESENTATION_CONTEXT('Context #1',
  '3D Context with UNIT and UNCERTAINTY') );
#11263 = ( LENGTH_UNIT() NAMED_UNIT(*) SI_UNIT(.MILLI.,.METRE.) );
#11264 = ( NAMED_UNIT(*) PLANE_ANGLE_UNIT() SI_UNIT($,.RADIAN.) );
#11265 = ( NAMED_UNIT(*) SI_UNIT($,.STERADIAN.) SOLID_ANGLE_UNIT() );
#11266 = UNCERTAINTY_MEASURE_WITH_UNIT(LENGTH_MEASURE(1.E-07),#11263,
  'distance_accuracy_value','confusion accuracy');
#11267 = CONTEXT_DEPENDENT_SHAPE_REPRESENTATION(#11268,#11270);
#11268 = ( REPRESENTATION_RELATIONSHIP('','',#10931,#10) 
REPRESENTATION_RELATIONSHIP_WITH_TRANSFORMATION(#11269) 
SHAPE_REPRESENTATION_RELATIONSHIP() );
#11269 = ITEM_DEFINED_TRANSFORMATION('','',#11,#43);
#11270 = PRODUCT_DEFINITION_SHAPE('Placement','Placement of an item',
  #11271);
#11271 = NEXT_ASSEMBLY_USAGE_OCCURRENCE('8','terminal5','',#5,#10926,$);
#11272 = PRODUCT_RELATED_PRODUCT_CATEGORY('part',$,(#10928));
#11273 = SHAPE_DEFINITION_REPRESENTATION(#11274,#11280);
#11274 = PRODUCT_DEFINITION_SHAPE('','',#11275);
#11275 = PRODUCT_DEFINITION('design','',#11276,#11279);
#11276 = PRODUCT_DEFINITION_FORMATION('','',#11277);
#11277 = PRODUCT('terminal6','terminal6','',(#11278));
#11278 = PRODUCT_CONTEXT('',#2,'mechanical');
#11279 = PRODUCT_DEFINITION_CONTEXT('part definition',#2,'design');
#11280 = ADVANCED_BREP_SHAPE_REPRESENTATION('',(#11,#11281),#11611);
#11281 = MANIFOLD_SOLID_BREP('',#11282);
#11282 = CLOSED_SHELL('',(#11283,#11403,#11479,#11550,#11597,#11604));
#11283 = ADVANCED_FACE('',(#11284),#11298,.F.);
#11284 = FACE_BOUND('',#11285,.F.);
#11285 = EDGE_LOOP('',(#11286,#11321,#11349,#11377));
#11286 = ORIENTED_EDGE('',*,*,#11287,.T.);
#11287 = EDGE_CURVE('',#11288,#11290,#11292,.T.);
#11288 = VERTEX_POINT('',#11289);
#11289 = CARTESIAN_POINT('',(-2.5,-1.125,0.));
#11290 = VERTEX_POINT('',#11291);
#11291 = CARTESIAN_POINT('',(-2.5,-1.125,0.2));
#11292 = SURFACE_CURVE('',#11293,(#11297,#11309),.PCURVE_S1.);
#11293 = LINE('',#11294,#11295);
#11294 = CARTESIAN_POINT('',(-2.5,-1.125,0.));
#11295 = VECTOR('',#11296,1.);
#11296 = DIRECTION('',(0.,0.,1.));
#11297 = PCURVE('',#11298,#11303);
#11298 = PLANE('',#11299);
#11299 = AXIS2_PLACEMENT_3D('',#11300,#11301,#11302);
#11300 = CARTESIAN_POINT('',(-2.5,-1.125,0.));
#11301 = DIRECTION('',(0.,1.,0.));
#11302 = DIRECTION('',(1.,0.,0.));
#11303 = DEFINITIONAL_REPRESENTATION('',(#11304),#11308);
#11304 = LINE('',#11305,#11306);
#11305 = CARTESIAN_POINT('',(0.,0.));
#11306 = VECTOR('',#11307,1.);
#11307 = DIRECTION('',(0.,-1.));
#11308 = ( GEOMETRIC_REPRESENTATION_CONTEXT(2) 
PARAMETRIC_REPRESENTATION_CONTEXT() REPRESENTATION_CONTEXT('2D SPACE',''
  ) );
#11309 = PCURVE('',#11310,#11315);
#11310 = PLANE('',#11311);
#11311 = AXIS2_PLACEMENT_3D('',#11312,#11313,#11314);
#11312 = CARTESIAN_POINT('',(-2.5,-0.875,0.));
#11313 = DIRECTION('',(1.,0.,-0.));
#11314 = DIRECTION('',(0.,-1.,0.));
#11315 = DEFINITIONAL_REPRESENTATION('',(#11316),#11320);
#11316 = LINE('',#11317,#11318);
#11317 = CARTESIAN_POINT('',(0.25,0.));
#11318 = VECTOR('',#11319,1.);
#11319 = DIRECTION('',(0.,-1.));
#11320 = ( GEOMETRIC_REPRESENTATION_CONTEXT(2) 
PARAMETRIC_REPRESENTATION_CONTEXT() REPRESENTATION_CONTEXT('2D SPACE',''
  ) );
#11321 = ORIENTED_EDGE('',*,*,#11322,.T.);
#11322 = EDGE_CURVE('',#11290,#11323,#11325,.T.);
#11323 = VERTEX_POINT('',#11324);
#11324 = CARTESIAN_POINT('',(-2.1,-1.125,0.2));
#11325 = SURFACE_CURVE('',#11326,(#11330,#11337),.PCURVE_S1.);
#11326 = LINE('',#11327,#11328);
#11327 = CARTESIAN_POINT('',(-2.5,-1.125,0.2));
#11328 = VECTOR('',#11329,1.);
#11329 = DIRECTION('',(1.,0.,0.));
#11330 = PCURVE('',#11298,#11331);
#11331 = DEFINITIONAL_REPRESENTATION('',(#11332),#11336);
#11332 = LINE('',#11333,#11334);
#11333 = CARTESIAN_POINT('',(0.,-0.2));
#11334 = VECTOR('',#11335,1.);
#11335 = DIRECTION('',(1.,0.));
#11336 = ( GEOMETRIC_REPRESENTATION_CONTEXT(2) 
PARAMETRIC_REPRESENTATION_CONTEXT() REPRESENTATION_CONTEXT('2D SPACE',''
  ) );
#11337 = PCURVE('',#11338,#11343);
#11338 = PLANE('',#11339);
#11339 = AXIS2_PLACEMENT_3D('',#11340,#11341,#11342);
#11340 = CARTESIAN_POINT('',(-2.3,-1.,0.2));
#11341 = DIRECTION('',(0.,0.,1.));
#11342 = DIRECTION('',(1.,0.,-0.));
#11343 = DEFINITIONAL_REPRESENTATION('',(#11344),#11348);
#11344 = LINE('',#11345,#11346);
#11345 = CARTESIAN_POINT('',(-0.2,-0.125));
#11346 = VECTOR('',#11347,1.);
#11347 = DIRECTION('',(1.,0.));
#11348 = ( GEOMETRIC_REPRESENTATION_CONTEXT(2) 
PARAMETRIC_REPRESENTATION_CONTEXT() REPRESENTATION_CONTEXT('2D SPACE',''
  ) );
#11349 = ORIENTED_EDGE('',*,*,#11350,.F.);
#11350 = EDGE_CURVE('',#11351,#11323,#11353,.T.);
#11351 = VERTEX_POINT('',#11352);
#11352 = CARTESIAN_POINT('',(-2.1,-1.125,0.));
#11353 = SURFACE_CURVE('',#11354,(#11358,#11365),.PCURVE_S1.);
#11354 = LINE('',#11355,#11356);
#11355 = CARTESIAN_POINT('',(-2.1,-1.125,0.));
#11356 = VECTOR('',#11357,1.);
#11357 = DIRECTION('',(0.,0.,1.));
#11358 = PCURVE('',#11298,#11359);
#11359 = DEFINITIONAL_REPRESENTATION('',(#11360),#11364);
#11360 = LINE('',#11361,#11362);
#11361 = CARTESIAN_POINT('',(0.4,0.));
#11362 = VECTOR('',#11363,1.);
#11363 = DIRECTION('',(0.,-1.));
#11364 = ( GEOMETRIC_REPRESENTATION_CONTEXT(2) 
PARAMETRIC_REPRESENTATION_CONTEXT() REPRESENTATION_CONTEXT('2D SPACE',''
  ) );
#11365 = PCURVE('',#11366,#11371);
#11366 = PLANE('',#11367);
#11367 = AXIS2_PLACEMENT_3D('',#11368,#11369,#11370);
#11368 = CARTESIAN_POINT('',(-2.1,-1.125,0.));
#11369 = DIRECTION('',(-1.,0.,0.));
#11370 = DIRECTION('',(0.,1.,0.));
#11371 = DEFINITIONAL_REPRESENTATION('',(#11372),#11376);
#11372 = LINE('',#11373,#11374);
#11373 = CARTESIAN_POINT('',(0.,0.));
#11374 = VECTOR('',#11375,1.);
#11375 = DIRECTION('',(0.,-1.));
#11376 = ( GEOMETRIC_REPRESENTATION_CONTEXT(2) 
PARAMETRIC_REPRESENTATION_CONTEXT() REPRESENTATION_CONTEXT('2D SPACE',''
  ) );
#11377 = ORIENTED_EDGE('',*,*,#11378,.F.);
#11378 = EDGE_CURVE('',#11288,#11351,#11379,.T.);
#11379 = SURFACE_CURVE('',#11380,(#11384,#11391),.PCURVE_S1.);
#11380 = LINE('',#11381,#11382);
#11381 = CARTESIAN_POINT('',(-2.5,-1.125,0.));
#11382 = VECTOR('',#11383,1.);
#11383 = DIRECTION('',(1.,0.,0.));
#11384 = PCURVE('',#11298,#11385);
#11385 = DEFINITIONAL_REPRESENTATION('',(#11386),#11390);
#11386 = LINE('',#11387,#11388);
#11387 = CARTESIAN_POINT('',(0.,0.));
#11388 = VECTOR('',#11389,1.);
#11389 = DIRECTION('',(1.,0.));
#11390 = ( GEOMETRIC_REPRESENTATION_CONTEXT(2) 
PARAMETRIC_REPRESENTATION_CONTEXT() REPRESENTATION_CONTEXT('2D SPACE',''
  ) );
#11391 = PCURVE('',#11392,#11397);
#11392 = PLANE('',#11393);
#11393 = AXIS2_PLACEMENT_3D('',#11394,#11395,#11396);
#11394 = CARTESIAN_POINT('',(-2.3,-1.,0.));
#11395 = DIRECTION('',(0.,0.,1.));
#11396 = DIRECTION('',(1.,0.,-0.));
#11397 = DEFINITIONAL_REPRESENTATION('',(#11398),#11402);
#11398 = LINE('',#11399,#11400);
#11399 = CARTESIAN_POINT('',(-0.2,-0.125));
#11400 = VECTOR('',#11401,1.);
#11401 = DIRECTION('',(1.,0.));
#11402 = ( GEOMETRIC_REPRESENTATION_CONTEXT(2) 
PARAMETRIC_REPRESENTATION_CONTEXT() REPRESENTATION_CONTEXT('2D SPACE',''
  ) );
#11403 = ADVANCED_FACE('',(#11404),#11366,.F.);
#11404 = FACE_BOUND('',#11405,.F.);
#11405 = EDGE_LOOP('',(#11406,#11407,#11430,#11458));
#11406 = ORIENTED_EDGE('',*,*,#11350,.T.);
#11407 = ORIENTED_EDGE('',*,*,#11408,.T.);
#11408 = EDGE_CURVE('',#11323,#11409,#11411,.T.);
#11409 = VERTEX_POINT('',#11410);
#11410 = CARTESIAN_POINT('',(-2.1,-0.875,0.2));
#11411 = SURFACE_CURVE('',#11412,(#11416,#11423),.PCURVE_S1.);
#11412 = LINE('',#11413,#11414);
#11413 = CARTESIAN_POINT('',(-2.1,-1.125,0.2));
#11414 = VECTOR('',#11415,1.);
#11415 = DIRECTION('',(0.,1.,0.));
#11416 = PCURVE('',#11366,#11417);
#11417 = DEFINITIONAL_REPRESENTATION('',(#11418),#11422);
#11418 = LINE('',#11419,#11420);
#11419 = CARTESIAN_POINT('',(0.,-0.2));
#11420 = VECTOR('',#11421,1.);
#11421 = DIRECTION('',(1.,0.));
#11422 = ( GEOMETRIC_REPRESENTATION_CONTEXT(2) 
PARAMETRIC_REPRESENTATION_CONTEXT() REPRESENTATION_CONTEXT('2D SPACE',''
  ) );
#11423 = PCURVE('',#11338,#11424);
#11424 = DEFINITIONAL_REPRESENTATION('',(#11425),#11429);
#11425 = LINE('',#11426,#11427);
#11426 = CARTESIAN_POINT('',(0.2,-0.125));
#11427 = VECTOR('',#11428,1.);
#11428 = DIRECTION('',(0.,1.));
#11429 = ( GEOMETRIC_REPRESENTATION_CONTEXT(2) 
PARAMETRIC_REPRESENTATION_CONTEXT() REPRESENTATION_CONTEXT('2D SPACE',''
  ) );
#11430 = ORIENTED_EDGE('',*,*,#11431,.F.);
#11431 = EDGE_CURVE('',#11432,#11409,#11434,.T.);
#11432 = VERTEX_POINT('',#11433);
#11433 = CARTESIAN_POINT('',(-2.1,-0.875,0.));
#11434 = SURFACE_CURVE('',#11435,(#11439,#11446),.PCURVE_S1.);
#11435 = LINE('',#11436,#11437);
#11436 = CARTESIAN_POINT('',(-2.1,-0.875,0.));
#11437 = VECTOR('',#11438,1.);
#11438 = DIRECTION('',(0.,0.,1.));
#11439 = PCURVE('',#11366,#11440);
#11440 = DEFINITIONAL_REPRESENTATION('',(#11441),#11445);
#11441 = LINE('',#11442,#11443);
#11442 = CARTESIAN_POINT('',(0.25,0.));
#11443 = VECTOR('',#11444,1.);
#11444 = DIRECTION('',(0.,-1.));
#11445 = ( GEOMETRIC_REPRESENTATION_CONTEXT(2) 
PARAMETRIC_REPRESENTATION_CONTEXT() REPRESENTATION_CONTEXT('2D SPACE',''
  ) );
#11446 = PCURVE('',#11447,#11452);
#11447 = PLANE('',#11448);
#11448 = AXIS2_PLACEMENT_3D('',#11449,#11450,#11451);
#11449 = CARTESIAN_POINT('',(-2.1,-0.875,0.));
#11450 = DIRECTION('',(0.,-1.,0.));
#11451 = DIRECTION('',(-1.,0.,0.));
#11452 = DEFINITIONAL_REPRESENTATION('',(#11453),#11457);
#11453 = LINE('',#11454,#11455);
#11454 = CARTESIAN_POINT('',(0.,-0.));
#11455 = VECTOR('',#11456,1.);
#11456 = DIRECTION('',(0.,-1.));
#11457 = ( GEOMETRIC_REPRESENTATION_CONTEXT(2) 
PARAMETRIC_REPRESENTATION_CONTEXT() REPRESENTATION_CONTEXT('2D SPACE',''
  ) );
#11458 = ORIENTED_EDGE('',*,*,#11459,.F.);
#11459 = EDGE_CURVE('',#11351,#11432,#11460,.T.);
#11460 = SURFACE_CURVE('',#11461,(#11465,#11472),.PCURVE_S1.);
#11461 = LINE('',#11462,#11463);
#11462 = CARTESIAN_POINT('',(-2.1,-1.125,0.));
#11463 = VECTOR('',#11464,1.);
#11464 = DIRECTION('',(0.,1.,0.));
#11465 = PCURVE('',#11366,#11466);
#11466 = DEFINITIONAL_REPRESENTATION('',(#11467),#11471);
#11467 = LINE('',#11468,#11469);
#11468 = CARTESIAN_POINT('',(0.,0.));
#11469 = VECTOR('',#11470,1.);
#11470 = DIRECTION('',(1.,0.));
#11471 = ( GEOMETRIC_REPRESENTATION_CONTEXT(2) 
PARAMETRIC_REPRESENTATION_CONTEXT() REPRESENTATION_CONTEXT('2D SPACE',''
  ) );
#11472 = PCURVE('',#11392,#11473);
#11473 = DEFINITIONAL_REPRESENTATION('',(#11474),#11478);
#11474 = LINE('',#11475,#11476);
#11475 = CARTESIAN_POINT('',(0.2,-0.125));
#11476 = VECTOR('',#11477,1.);
#11477 = DIRECTION('',(0.,1.));
#11478 = ( GEOMETRIC_REPRESENTATION_CONTEXT(2) 
PARAMETRIC_REPRESENTATION_CONTEXT() REPRESENTATION_CONTEXT('2D SPACE',''
  ) );
#11479 = ADVANCED_FACE('',(#11480),#11447,.F.);
#11480 = FACE_BOUND('',#11481,.F.);
#11481 = EDGE_LOOP('',(#11482,#11483,#11506,#11529));
#11482 = ORIENTED_EDGE('',*,*,#11431,.T.);
#11483 = ORIENTED_EDGE('',*,*,#11484,.T.);
#11484 = EDGE_CURVE('',#11409,#11485,#11487,.T.);
#11485 = VERTEX_POINT('',#11486);
#11486 = CARTESIAN_POINT('',(-2.5,-0.875,0.2));
#11487 = SURFACE_CURVE('',#11488,(#11492,#11499),.PCURVE_S1.);
#11488 = LINE('',#11489,#11490);
#11489 = CARTESIAN_POINT('',(-2.1,-0.875,0.2));
#11490 = VECTOR('',#11491,1.);
#11491 = DIRECTION('',(-1.,0.,0.));
#11492 = PCURVE('',#11447,#11493);
#11493 = DEFINITIONAL_REPRESENTATION('',(#11494),#11498);
#11494 = LINE('',#11495,#11496);
#11495 = CARTESIAN_POINT('',(0.,-0.2));
#11496 = VECTOR('',#11497,1.);
#11497 = DIRECTION('',(1.,0.));
#11498 = ( GEOMETRIC_REPRESENTATION_CONTEXT(2) 
PARAMETRIC_REPRESENTATION_CONTEXT() REPRESENTATION_CONTEXT('2D SPACE',''
  ) );
#11499 = PCURVE('',#11338,#11500);
#11500 = DEFINITIONAL_REPRESENTATION('',(#11501),#11505);
#11501 = LINE('',#11502,#11503);
#11502 = CARTESIAN_POINT('',(0.2,0.125));
#11503 = VECTOR('',#11504,1.);
#11504 = DIRECTION('',(-1.,0.));
#11505 = ( GEOMETRIC_REPRESENTATION_CONTEXT(2) 
PARAMETRIC_REPRESENTATION_CONTEXT() REPRESENTATION_CONTEXT('2D SPACE',''
  ) );
#11506 = ORIENTED_EDGE('',*,*,#11507,.F.);
#11507 = EDGE_CURVE('',#11508,#11485,#11510,.T.);
#11508 = VERTEX_POINT('',#11509);
#11509 = CARTESIAN_POINT('',(-2.5,-0.875,0.));
#11510 = SURFACE_CURVE('',#11511,(#11515,#11522),.PCURVE_S1.);
#11511 = LINE('',#11512,#11513);
#11512 = CARTESIAN_POINT('',(-2.5,-0.875,0.));
#11513 = VECTOR('',#11514,1.);
#11514 = DIRECTION('',(0.,0.,1.));
#11515 = PCURVE('',#11447,#11516);
#11516 = DEFINITIONAL_REPRESENTATION('',(#11517),#11521);
#11517 = LINE('',#11518,#11519);
#11518 = CARTESIAN_POINT('',(0.4,0.));
#11519 = VECTOR('',#11520,1.);
#11520 = DIRECTION('',(0.,-1.));
#11521 = ( GEOMETRIC_REPRESENTATION_CONTEXT(2) 
PARAMETRIC_REPRESENTATION_CONTEXT() REPRESENTATION_CONTEXT('2D SPACE',''
  ) );
#11522 = PCURVE('',#11310,#11523);
#11523 = DEFINITIONAL_REPRESENTATION('',(#11524),#11528);
#11524 = LINE('',#11525,#11526);
#11525 = CARTESIAN_POINT('',(0.,0.));
#11526 = VECTOR('',#11527,1.);
#11527 = DIRECTION('',(0.,-1.));
#11528 = ( GEOMETRIC_REPRESENTATION_CONTEXT(2) 
PARAMETRIC_REPRESENTATION_CONTEXT() REPRESENTATION_CONTEXT('2D SPACE',''
  ) );
#11529 = ORIENTED_EDGE('',*,*,#11530,.F.);
#11530 = EDGE_CURVE('',#11432,#11508,#11531,.T.);
#11531 = SURFACE_CURVE('',#11532,(#11536,#11543),.PCURVE_S1.);
#11532 = LINE('',#11533,#11534);
#11533 = CARTESIAN_POINT('',(-2.1,-0.875,0.));
#11534 = VECTOR('',#11535,1.);
#11535 = DIRECTION('',(-1.,0.,0.));
#11536 = PCURVE('',#11447,#11537);
#11537 = DEFINITIONAL_REPRESENTATION('',(#11538),#11542);
#11538 = LINE('',#11539,#11540);
#11539 = CARTESIAN_POINT('',(0.,-0.));
#11540 = VECTOR('',#11541,1.);
#11541 = DIRECTION('',(1.,0.));
#11542 = ( GEOMETRIC_REPRESENTATION_CONTEXT(2) 
PARAMETRIC_REPRESENTATION_CONTEXT() REPRESENTATION_CONTEXT('2D SPACE',''
  ) );
#11543 = PCURVE('',#11392,#11544);
#11544 = DEFINITIONAL_REPRESENTATION('',(#11545),#11549);
#11545 = LINE('',#11546,#11547);
#11546 = CARTESIAN_POINT('',(0.2,0.125));
#11547 = VECTOR('',#11548,1.);
#11548 = DIRECTION('',(-1.,0.));
#11549 = ( GEOMETRIC_REPRESENTATION_CONTEXT(2) 
PARAMETRIC_REPRESENTATION_CONTEXT() REPRESENTATION_CONTEXT('2D SPACE',''
  ) );
#11550 = ADVANCED_FACE('',(#11551),#11310,.F.);
#11551 = FACE_BOUND('',#11552,.F.);
#11552 = EDGE_LOOP('',(#11553,#11554,#11575,#11576));
#11553 = ORIENTED_EDGE('',*,*,#11507,.T.);
#11554 = ORIENTED_EDGE('',*,*,#11555,.T.);
#11555 = EDGE_CURVE('',#11485,#11290,#11556,.T.);
#11556 = SURFACE_CURVE('',#11557,(#11561,#11568),.PCURVE_S1.);
#11557 = LINE('',#11558,#11559);
#11558 = CARTESIAN_POINT('',(-2.5,-0.875,0.2));
#11559 = VECTOR('',#11560,1.);
#11560 = DIRECTION('',(0.,-1.,0.));
#11561 = PCURVE('',#11310,#11562);
#11562 = DEFINITIONAL_REPRESENTATION('',(#11563),#11567);
#11563 = LINE('',#11564,#11565);
#11564 = CARTESIAN_POINT('',(0.,-0.2));
#11565 = VECTOR('',#11566,1.);
#11566 = DIRECTION('',(1.,0.));
#11567 = ( GEOMETRIC_REPRESENTATION_CONTEXT(2) 
PARAMETRIC_REPRESENTATION_CONTEXT() REPRESENTATION_CONTEXT('2D SPACE',''
  ) );
#11568 = PCURVE('',#11338,#11569);
#11569 = DEFINITIONAL_REPRESENTATION('',(#11570),#11574);
#11570 = LINE('',#11571,#11572);
#11571 = CARTESIAN_POINT('',(-0.2,0.125));
#11572 = VECTOR('',#11573,1.);
#11573 = DIRECTION('',(0.,-1.));
#11574 = ( GEOMETRIC_REPRESENTATION_CONTEXT(2) 
PARAMETRIC_REPRESENTATION_CONTEXT() REPRESENTATION_CONTEXT('2D SPACE',''
  ) );
#11575 = ORIENTED_EDGE('',*,*,#11287,.F.);
#11576 = ORIENTED_EDGE('',*,*,#11577,.F.);
#11577 = EDGE_CURVE('',#11508,#11288,#11578,.T.);
#11578 = SURFACE_CURVE('',#11579,(#11583,#11590),.PCURVE_S1.);
#11579 = LINE('',#11580,#11581);
#11580 = CARTESIAN_POINT('',(-2.5,-0.875,0.));
#11581 = VECTOR('',#11582,1.);
#11582 = DIRECTION('',(0.,-1.,0.));
#11583 = PCURVE('',#11310,#11584);
#11584 = DEFINITIONAL_REPRESENTATION('',(#11585),#11589);
#11585 = LINE('',#11586,#11587);
#11586 = CARTESIAN_POINT('',(0.,0.));
#11587 = VECTOR('',#11588,1.);
#11588 = DIRECTION('',(1.,0.));
#11589 = ( GEOMETRIC_REPRESENTATION_CONTEXT(2) 
PARAMETRIC_REPRESENTATION_CONTEXT() REPRESENTATION_CONTEXT('2D SPACE',''
  ) );
#11590 = PCURVE('',#11392,#11591);
#11591 = DEFINITIONAL_REPRESENTATION('',(#11592),#11596);
#11592 = LINE('',#11593,#11594);
#11593 = CARTESIAN_POINT('',(-0.2,0.125));
#11594 = VECTOR('',#11595,1.);
#11595 = DIRECTION('',(0.,-1.));
#11596 = ( GEOMETRIC_REPRESENTATION_CONTEXT(2) 
PARAMETRIC_REPRESENTATION_CONTEXT() REPRESENTATION_CONTEXT('2D SPACE',''
  ) );
#11597 = ADVANCED_FACE('',(#11598),#11392,.F.);
#11598 = FACE_BOUND('',#11599,.F.);
#11599 = EDGE_LOOP('',(#11600,#11601,#11602,#11603));
#11600 = ORIENTED_EDGE('',*,*,#11378,.T.);
#11601 = ORIENTED_EDGE('',*,*,#11459,.T.);
#11602 = ORIENTED_EDGE('',*,*,#11530,.T.);
#11603 = ORIENTED_EDGE('',*,*,#11577,.T.);
#11604 = ADVANCED_FACE('',(#11605),#11338,.T.);
#11605 = FACE_BOUND('',#11606,.T.);
#11606 = EDGE_LOOP('',(#11607,#11608,#11609,#11610));
#11607 = ORIENTED_EDGE('',*,*,#11322,.T.);
#11608 = ORIENTED_EDGE('',*,*,#11408,.T.);
#11609 = ORIENTED_EDGE('',*,*,#11484,.T.);
#11610 = ORIENTED_EDGE('',*,*,#11555,.T.);
#11611 = ( GEOMETRIC_REPRESENTATION_CONTEXT(3) 
GLOBAL_UNCERTAINTY_ASSIGNED_CONTEXT((#11615)) 
GLOBAL_UNIT_ASSIGNED_CONTEXT((#11612,#11613,#11614)) 
REPRESENTATION_CONTEXT('Context #1',
  '3D Context with UNIT and UNCERTAINTY') );
#11612 = ( LENGTH_UNIT() NAMED_UNIT(*) SI_UNIT(.MILLI.,.METRE.) );
#11613 = ( NAMED_UNIT(*) PLANE_ANGLE_UNIT() SI_UNIT($,.RADIAN.) );
#11614 = ( NAMED_UNIT(*) SI_UNIT($,.STERADIAN.) SOLID_ANGLE_UNIT() );
#11615 = UNCERTAINTY_MEASURE_WITH_UNIT(LENGTH_MEASURE(1.E-07),#11612,
  'distance_accuracy_value','confusion accuracy');
#11616 = CONTEXT_DEPENDENT_SHAPE_REPRESENTATION(#11617,#11619);
#11617 = ( REPRESENTATION_RELATIONSHIP('','',#11280,#10) 
REPRESENTATION_RELATIONSHIP_WITH_TRANSFORMATION(#11618) 
SHAPE_REPRESENTATION_RELATIONSHIP() );
#11618 = ITEM_DEFINED_TRANSFORMATION('','',#11,#47);
#11619 = PRODUCT_DEFINITION_SHAPE('Placement','Placement of an item',
  #11620);
#11620 = NEXT_ASSEMBLY_USAGE_OCCURRENCE('9','terminal6','',#5,#11275,$);
#11621 = PRODUCT_RELATED_PRODUCT_CATEGORY('part',$,(#11277));
#11622 = SHAPE_DEFINITION_REPRESENTATION(#11623,#11629);
#11623 = PRODUCT_DEFINITION_SHAPE('','',#11624);
#11624 = PRODUCT_DEFINITION('design','',#11625,#11628);
#11625 = PRODUCT_DEFINITION_FORMATION('','',#11626);
#11626 = PRODUCT('terminal7','terminal7','',(#11627));
#11627 = PRODUCT_CONTEXT('',#2,'mechanical');
#11628 = PRODUCT_DEFINITION_CONTEXT('part definition',#2,'design');
#11629 = ADVANCED_BREP_SHAPE_REPRESENTATION('',(#11,#11630),#11960);
#11630 = MANIFOLD_SOLID_BREP('',#11631);
#11631 = CLOSED_SHELL('',(#11632,#11752,#11828,#11899,#11946,#11953));
#11632 = ADVANCED_FACE('',(#11633),#11647,.F.);
#11633 = FACE_BOUND('',#11634,.F.);
#11634 = EDGE_LOOP('',(#11635,#11670,#11698,#11726));
#11635 = ORIENTED_EDGE('',*,*,#11636,.T.);
#11636 = EDGE_CURVE('',#11637,#11639,#11641,.T.);
#11637 = VERTEX_POINT('',#11638);
#11638 = CARTESIAN_POINT('',(-2.5,-1.625,0.));
#11639 = VERTEX_POINT('',#11640);
#11640 = CARTESIAN_POINT('',(-2.5,-1.625,0.2));
#11641 = SURFACE_CURVE('',#11642,(#11646,#11658),.PCURVE_S1.);
#11642 = LINE('',#11643,#11644);
#11643 = CARTESIAN_POINT('',(-2.5,-1.625,0.));
#11644 = VECTOR('',#11645,1.);
#11645 = DIRECTION('',(0.,0.,1.));
#11646 = PCURVE('',#11647,#11652);
#11647 = PLANE('',#11648);
#11648 = AXIS2_PLACEMENT_3D('',#11649,#11650,#11651);
#11649 = CARTESIAN_POINT('',(-2.5,-1.625,0.));
#11650 = DIRECTION('',(0.,1.,0.));
#11651 = DIRECTION('',(1.,0.,0.));
#11652 = DEFINITIONAL_REPRESENTATION('',(#11653),#11657);
#11653 = LINE('',#11654,#11655);
#11654 = CARTESIAN_POINT('',(0.,0.));
#11655 = VECTOR('',#11656,1.);
#11656 = DIRECTION('',(0.,-1.));
#11657 = ( GEOMETRIC_REPRESENTATION_CONTEXT(2) 
PARAMETRIC_REPRESENTATION_CONTEXT() REPRESENTATION_CONTEXT('2D SPACE',''
  ) );
#11658 = PCURVE('',#11659,#11664);
#11659 = PLANE('',#11660);
#11660 = AXIS2_PLACEMENT_3D('',#11661,#11662,#11663);
#11661 = CARTESIAN_POINT('',(-2.5,-1.375,0.));
#11662 = DIRECTION('',(1.,0.,-0.));
#11663 = DIRECTION('',(0.,-1.,0.));
#11664 = DEFINITIONAL_REPRESENTATION('',(#11665),#11669);
#11665 = LINE('',#11666,#11667);
#11666 = CARTESIAN_POINT('',(0.25,0.));
#11667 = VECTOR('',#11668,1.);
#11668 = DIRECTION('',(0.,-1.));
#11669 = ( GEOMETRIC_REPRESENTATION_CONTEXT(2) 
PARAMETRIC_REPRESENTATION_CONTEXT() REPRESENTATION_CONTEXT('2D SPACE',''
  ) );
#11670 = ORIENTED_EDGE('',*,*,#11671,.T.);
#11671 = EDGE_CURVE('',#11639,#11672,#11674,.T.);
#11672 = VERTEX_POINT('',#11673);
#11673 = CARTESIAN_POINT('',(-2.1,-1.625,0.2));
#11674 = SURFACE_CURVE('',#11675,(#11679,#11686),.PCURVE_S1.);
#11675 = LINE('',#11676,#11677);
#11676 = CARTESIAN_POINT('',(-2.5,-1.625,0.2));
#11677 = VECTOR('',#11678,1.);
#11678 = DIRECTION('',(1.,0.,0.));
#11679 = PCURVE('',#11647,#11680);
#11680 = DEFINITIONAL_REPRESENTATION('',(#11681),#11685);
#11681 = LINE('',#11682,#11683);
#11682 = CARTESIAN_POINT('',(0.,-0.2));
#11683 = VECTOR('',#11684,1.);
#11684 = DIRECTION('',(1.,0.));
#11685 = ( GEOMETRIC_REPRESENTATION_CONTEXT(2) 
PARAMETRIC_REPRESENTATION_CONTEXT() REPRESENTATION_CONTEXT('2D SPACE',''
  ) );
#11686 = PCURVE('',#11687,#11692);
#11687 = PLANE('',#11688);
#11688 = AXIS2_PLACEMENT_3D('',#11689,#11690,#11691);
#11689 = CARTESIAN_POINT('',(-2.3,-1.5,0.2));
#11690 = DIRECTION('',(0.,0.,1.));
#11691 = DIRECTION('',(1.,0.,-0.));
#11692 = DEFINITIONAL_REPRESENTATION('',(#11693),#11697);
#11693 = LINE('',#11694,#11695);
#11694 = CARTESIAN_POINT('',(-0.2,-0.125));
#11695 = VECTOR('',#11696,1.);
#11696 = DIRECTION('',(1.,0.));
#11697 = ( GEOMETRIC_REPRESENTATION_CONTEXT(2) 
PARAMETRIC_REPRESENTATION_CONTEXT() REPRESENTATION_CONTEXT('2D SPACE',''
  ) );
#11698 = ORIENTED_EDGE('',*,*,#11699,.F.);
#11699 = EDGE_CURVE('',#11700,#11672,#11702,.T.);
#11700 = VERTEX_POINT('',#11701);
#11701 = CARTESIAN_POINT('',(-2.1,-1.625,0.));
#11702 = SURFACE_CURVE('',#11703,(#11707,#11714),.PCURVE_S1.);
#11703 = LINE('',#11704,#11705);
#11704 = CARTESIAN_POINT('',(-2.1,-1.625,0.));
#11705 = VECTOR('',#11706,1.);
#11706 = DIRECTION('',(0.,0.,1.));
#11707 = PCURVE('',#11647,#11708);
#11708 = DEFINITIONAL_REPRESENTATION('',(#11709),#11713);
#11709 = LINE('',#11710,#11711);
#11710 = CARTESIAN_POINT('',(0.4,0.));
#11711 = VECTOR('',#11712,1.);
#11712 = DIRECTION('',(0.,-1.));
#11713 = ( GEOMETRIC_REPRESENTATION_CONTEXT(2) 
PARAMETRIC_REPRESENTATION_CONTEXT() REPRESENTATION_CONTEXT('2D SPACE',''
  ) );
#11714 = PCURVE('',#11715,#11720);
#11715 = PLANE('',#11716);
#11716 = AXIS2_PLACEMENT_3D('',#11717,#11718,#11719);
#11717 = CARTESIAN_POINT('',(-2.1,-1.625,0.));
#11718 = DIRECTION('',(-1.,0.,0.));
#11719 = DIRECTION('',(0.,1.,0.));
#11720 = DEFINITIONAL_REPRESENTATION('',(#11721),#11725);
#11721 = LINE('',#11722,#11723);
#11722 = CARTESIAN_POINT('',(0.,0.));
#11723 = VECTOR('',#11724,1.);
#11724 = DIRECTION('',(0.,-1.));
#11725 = ( GEOMETRIC_REPRESENTATION_CONTEXT(2) 
PARAMETRIC_REPRESENTATION_CONTEXT() REPRESENTATION_CONTEXT('2D SPACE',''
  ) );
#11726 = ORIENTED_EDGE('',*,*,#11727,.F.);
#11727 = EDGE_CURVE('',#11637,#11700,#11728,.T.);
#11728 = SURFACE_CURVE('',#11729,(#11733,#11740),.PCURVE_S1.);
#11729 = LINE('',#11730,#11731);
#11730 = CARTESIAN_POINT('',(-2.5,-1.625,0.));
#11731 = VECTOR('',#11732,1.);
#11732 = DIRECTION('',(1.,0.,0.));
#11733 = PCURVE('',#11647,#11734);
#11734 = DEFINITIONAL_REPRESENTATION('',(#11735),#11739);
#11735 = LINE('',#11736,#11737);
#11736 = CARTESIAN_POINT('',(0.,0.));
#11737 = VECTOR('',#11738,1.);
#11738 = DIRECTION('',(1.,0.));
#11739 = ( GEOMETRIC_REPRESENTATION_CONTEXT(2) 
PARAMETRIC_REPRESENTATION_CONTEXT() REPRESENTATION_CONTEXT('2D SPACE',''
  ) );
#11740 = PCURVE('',#11741,#11746);
#11741 = PLANE('',#11742);
#11742 = AXIS2_PLACEMENT_3D('',#11743,#11744,#11745);
#11743 = CARTESIAN_POINT('',(-2.3,-1.5,0.));
#11744 = DIRECTION('',(0.,0.,1.));
#11745 = DIRECTION('',(1.,0.,-0.));
#11746 = DEFINITIONAL_REPRESENTATION('',(#11747),#11751);
#11747 = LINE('',#11748,#11749);
#11748 = CARTESIAN_POINT('',(-0.2,-0.125));
#11749 = VECTOR('',#11750,1.);
#11750 = DIRECTION('',(1.,0.));
#11751 = ( GEOMETRIC_REPRESENTATION_CONTEXT(2) 
PARAMETRIC_REPRESENTATION_CONTEXT() REPRESENTATION_CONTEXT('2D SPACE',''
  ) );
#11752 = ADVANCED_FACE('',(#11753),#11715,.F.);
#11753 = FACE_BOUND('',#11754,.F.);
#11754 = EDGE_LOOP('',(#11755,#11756,#11779,#11807));
#11755 = ORIENTED_EDGE('',*,*,#11699,.T.);
#11756 = ORIENTED_EDGE('',*,*,#11757,.T.);
#11757 = EDGE_CURVE('',#11672,#11758,#11760,.T.);
#11758 = VERTEX_POINT('',#11759);
#11759 = CARTESIAN_POINT('',(-2.1,-1.375,0.2));
#11760 = SURFACE_CURVE('',#11761,(#11765,#11772),.PCURVE_S1.);
#11761 = LINE('',#11762,#11763);
#11762 = CARTESIAN_POINT('',(-2.1,-1.625,0.2));
#11763 = VECTOR('',#11764,1.);
#11764 = DIRECTION('',(0.,1.,0.));
#11765 = PCURVE('',#11715,#11766);
#11766 = DEFINITIONAL_REPRESENTATION('',(#11767),#11771);
#11767 = LINE('',#11768,#11769);
#11768 = CARTESIAN_POINT('',(0.,-0.2));
#11769 = VECTOR('',#11770,1.);
#11770 = DIRECTION('',(1.,0.));
#11771 = ( GEOMETRIC_REPRESENTATION_CONTEXT(2) 
PARAMETRIC_REPRESENTATION_CONTEXT() REPRESENTATION_CONTEXT('2D SPACE',''
  ) );
#11772 = PCURVE('',#11687,#11773);
#11773 = DEFINITIONAL_REPRESENTATION('',(#11774),#11778);
#11774 = LINE('',#11775,#11776);
#11775 = CARTESIAN_POINT('',(0.2,-0.125));
#11776 = VECTOR('',#11777,1.);
#11777 = DIRECTION('',(0.,1.));
#11778 = ( GEOMETRIC_REPRESENTATION_CONTEXT(2) 
PARAMETRIC_REPRESENTATION_CONTEXT() REPRESENTATION_CONTEXT('2D SPACE',''
  ) );
#11779 = ORIENTED_EDGE('',*,*,#11780,.F.);
#11780 = EDGE_CURVE('',#11781,#11758,#11783,.T.);
#11781 = VERTEX_POINT('',#11782);
#11782 = CARTESIAN_POINT('',(-2.1,-1.375,0.));
#11783 = SURFACE_CURVE('',#11784,(#11788,#11795),.PCURVE_S1.);
#11784 = LINE('',#11785,#11786);
#11785 = CARTESIAN_POINT('',(-2.1,-1.375,0.));
#11786 = VECTOR('',#11787,1.);
#11787 = DIRECTION('',(0.,0.,1.));
#11788 = PCURVE('',#11715,#11789);
#11789 = DEFINITIONAL_REPRESENTATION('',(#11790),#11794);
#11790 = LINE('',#11791,#11792);
#11791 = CARTESIAN_POINT('',(0.25,0.));
#11792 = VECTOR('',#11793,1.);
#11793 = DIRECTION('',(0.,-1.));
#11794 = ( GEOMETRIC_REPRESENTATION_CONTEXT(2) 
PARAMETRIC_REPRESENTATION_CONTEXT() REPRESENTATION_CONTEXT('2D SPACE',''
  ) );
#11795 = PCURVE('',#11796,#11801);
#11796 = PLANE('',#11797);
#11797 = AXIS2_PLACEMENT_3D('',#11798,#11799,#11800);
#11798 = CARTESIAN_POINT('',(-2.1,-1.375,0.));
#11799 = DIRECTION('',(0.,-1.,0.));
#11800 = DIRECTION('',(-1.,0.,0.));
#11801 = DEFINITIONAL_REPRESENTATION('',(#11802),#11806);
#11802 = LINE('',#11803,#11804);
#11803 = CARTESIAN_POINT('',(0.,-0.));
#11804 = VECTOR('',#11805,1.);
#11805 = DIRECTION('',(0.,-1.));
#11806 = ( GEOMETRIC_REPRESENTATION_CONTEXT(2) 
PARAMETRIC_REPRESENTATION_CONTEXT() REPRESENTATION_CONTEXT('2D SPACE',''
  ) );
#11807 = ORIENTED_EDGE('',*,*,#11808,.F.);
#11808 = EDGE_CURVE('',#11700,#11781,#11809,.T.);
#11809 = SURFACE_CURVE('',#11810,(#11814,#11821),.PCURVE_S1.);
#11810 = LINE('',#11811,#11812);
#11811 = CARTESIAN_POINT('',(-2.1,-1.625,0.));
#11812 = VECTOR('',#11813,1.);
#11813 = DIRECTION('',(0.,1.,0.));
#11814 = PCURVE('',#11715,#11815);
#11815 = DEFINITIONAL_REPRESENTATION('',(#11816),#11820);
#11816 = LINE('',#11817,#11818);
#11817 = CARTESIAN_POINT('',(0.,0.));
#11818 = VECTOR('',#11819,1.);
#11819 = DIRECTION('',(1.,0.));
#11820 = ( GEOMETRIC_REPRESENTATION_CONTEXT(2) 
PARAMETRIC_REPRESENTATION_CONTEXT() REPRESENTATION_CONTEXT('2D SPACE',''
  ) );
#11821 = PCURVE('',#11741,#11822);
#11822 = DEFINITIONAL_REPRESENTATION('',(#11823),#11827);
#11823 = LINE('',#11824,#11825);
#11824 = CARTESIAN_POINT('',(0.2,-0.125));
#11825 = VECTOR('',#11826,1.);
#11826 = DIRECTION('',(0.,1.));
#11827 = ( GEOMETRIC_REPRESENTATION_CONTEXT(2) 
PARAMETRIC_REPRESENTATION_CONTEXT() REPRESENTATION_CONTEXT('2D SPACE',''
  ) );
#11828 = ADVANCED_FACE('',(#11829),#11796,.F.);
#11829 = FACE_BOUND('',#11830,.F.);
#11830 = EDGE_LOOP('',(#11831,#11832,#11855,#11878));
#11831 = ORIENTED_EDGE('',*,*,#11780,.T.);
#11832 = ORIENTED_EDGE('',*,*,#11833,.T.);
#11833 = EDGE_CURVE('',#11758,#11834,#11836,.T.);
#11834 = VERTEX_POINT('',#11835);
#11835 = CARTESIAN_POINT('',(-2.5,-1.375,0.2));
#11836 = SURFACE_CURVE('',#11837,(#11841,#11848),.PCURVE_S1.);
#11837 = LINE('',#11838,#11839);
#11838 = CARTESIAN_POINT('',(-2.1,-1.375,0.2));
#11839 = VECTOR('',#11840,1.);
#11840 = DIRECTION('',(-1.,0.,0.));
#11841 = PCURVE('',#11796,#11842);
#11842 = DEFINITIONAL_REPRESENTATION('',(#11843),#11847);
#11843 = LINE('',#11844,#11845);
#11844 = CARTESIAN_POINT('',(0.,-0.2));
#11845 = VECTOR('',#11846,1.);
#11846 = DIRECTION('',(1.,0.));
#11847 = ( GEOMETRIC_REPRESENTATION_CONTEXT(2) 
PARAMETRIC_REPRESENTATION_CONTEXT() REPRESENTATION_CONTEXT('2D SPACE',''
  ) );
#11848 = PCURVE('',#11687,#11849);
#11849 = DEFINITIONAL_REPRESENTATION('',(#11850),#11854);
#11850 = LINE('',#11851,#11852);
#11851 = CARTESIAN_POINT('',(0.2,0.125));
#11852 = VECTOR('',#11853,1.);
#11853 = DIRECTION('',(-1.,0.));
#11854 = ( GEOMETRIC_REPRESENTATION_CONTEXT(2) 
PARAMETRIC_REPRESENTATION_CONTEXT() REPRESENTATION_CONTEXT('2D SPACE',''
  ) );
#11855 = ORIENTED_EDGE('',*,*,#11856,.F.);
#11856 = EDGE_CURVE('',#11857,#11834,#11859,.T.);
#11857 = VERTEX_POINT('',#11858);
#11858 = CARTESIAN_POINT('',(-2.5,-1.375,0.));
#11859 = SURFACE_CURVE('',#11860,(#11864,#11871),.PCURVE_S1.);
#11860 = LINE('',#11861,#11862);
#11861 = CARTESIAN_POINT('',(-2.5,-1.375,0.));
#11862 = VECTOR('',#11863,1.);
#11863 = DIRECTION('',(0.,0.,1.));
#11864 = PCURVE('',#11796,#11865);
#11865 = DEFINITIONAL_REPRESENTATION('',(#11866),#11870);
#11866 = LINE('',#11867,#11868);
#11867 = CARTESIAN_POINT('',(0.4,0.));
#11868 = VECTOR('',#11869,1.);
#11869 = DIRECTION('',(0.,-1.));
#11870 = ( GEOMETRIC_REPRESENTATION_CONTEXT(2) 
PARAMETRIC_REPRESENTATION_CONTEXT() REPRESENTATION_CONTEXT('2D SPACE',''
  ) );
#11871 = PCURVE('',#11659,#11872);
#11872 = DEFINITIONAL_REPRESENTATION('',(#11873),#11877);
#11873 = LINE('',#11874,#11875);
#11874 = CARTESIAN_POINT('',(0.,0.));
#11875 = VECTOR('',#11876,1.);
#11876 = DIRECTION('',(0.,-1.));
#11877 = ( GEOMETRIC_REPRESENTATION_CONTEXT(2) 
PARAMETRIC_REPRESENTATION_CONTEXT() REPRESENTATION_CONTEXT('2D SPACE',''
  ) );
#11878 = ORIENTED_EDGE('',*,*,#11879,.F.);
#11879 = EDGE_CURVE('',#11781,#11857,#11880,.T.);
#11880 = SURFACE_CURVE('',#11881,(#11885,#11892),.PCURVE_S1.);
#11881 = LINE('',#11882,#11883);
#11882 = CARTESIAN_POINT('',(-2.1,-1.375,0.));
#11883 = VECTOR('',#11884,1.);
#11884 = DIRECTION('',(-1.,0.,0.));
#11885 = PCURVE('',#11796,#11886);
#11886 = DEFINITIONAL_REPRESENTATION('',(#11887),#11891);
#11887 = LINE('',#11888,#11889);
#11888 = CARTESIAN_POINT('',(0.,-0.));
#11889 = VECTOR('',#11890,1.);
#11890 = DIRECTION('',(1.,0.));
#11891 = ( GEOMETRIC_REPRESENTATION_CONTEXT(2) 
PARAMETRIC_REPRESENTATION_CONTEXT() REPRESENTATION_CONTEXT('2D SPACE',''
  ) );
#11892 = PCURVE('',#11741,#11893);
#11893 = DEFINITIONAL_REPRESENTATION('',(#11894),#11898);
#11894 = LINE('',#11895,#11896);
#11895 = CARTESIAN_POINT('',(0.2,0.125));
#11896 = VECTOR('',#11897,1.);
#11897 = DIRECTION('',(-1.,0.));
#11898 = ( GEOMETRIC_REPRESENTATION_CONTEXT(2) 
PARAMETRIC_REPRESENTATION_CONTEXT() REPRESENTATION_CONTEXT('2D SPACE',''
  ) );
#11899 = ADVANCED_FACE('',(#11900),#11659,.F.);
#11900 = FACE_BOUND('',#11901,.F.);
#11901 = EDGE_LOOP('',(#11902,#11903,#11924,#11925));
#11902 = ORIENTED_EDGE('',*,*,#11856,.T.);
#11903 = ORIENTED_EDGE('',*,*,#11904,.T.);
#11904 = EDGE_CURVE('',#11834,#11639,#11905,.T.);
#11905 = SURFACE_CURVE('',#11906,(#11910,#11917),.PCURVE_S1.);
#11906 = LINE('',#11907,#11908);
#11907 = CARTESIAN_POINT('',(-2.5,-1.375,0.2));
#11908 = VECTOR('',#11909,1.);
#11909 = DIRECTION('',(0.,-1.,0.));
#11910 = PCURVE('',#11659,#11911);
#11911 = DEFINITIONAL_REPRESENTATION('',(#11912),#11916);
#11912 = LINE('',#11913,#11914);
#11913 = CARTESIAN_POINT('',(0.,-0.2));
#11914 = VECTOR('',#11915,1.);
#11915 = DIRECTION('',(1.,0.));
#11916 = ( GEOMETRIC_REPRESENTATION_CONTEXT(2) 
PARAMETRIC_REPRESENTATION_CONTEXT() REPRESENTATION_CONTEXT('2D SPACE',''
  ) );
#11917 = PCURVE('',#11687,#11918);
#11918 = DEFINITIONAL_REPRESENTATION('',(#11919),#11923);
#11919 = LINE('',#11920,#11921);
#11920 = CARTESIAN_POINT('',(-0.2,0.125));
#11921 = VECTOR('',#11922,1.);
#11922 = DIRECTION('',(0.,-1.));
#11923 = ( GEOMETRIC_REPRESENTATION_CONTEXT(2) 
PARAMETRIC_REPRESENTATION_CONTEXT() REPRESENTATION_CONTEXT('2D SPACE',''
  ) );
#11924 = ORIENTED_EDGE('',*,*,#11636,.F.);
#11925 = ORIENTED_EDGE('',*,*,#11926,.F.);
#11926 = EDGE_CURVE('',#11857,#11637,#11927,.T.);
#11927 = SURFACE_CURVE('',#11928,(#11932,#11939),.PCURVE_S1.);
#11928 = LINE('',#11929,#11930);
#11929 = CARTESIAN_POINT('',(-2.5,-1.375,0.));
#11930 = VECTOR('',#11931,1.);
#11931 = DIRECTION('',(0.,-1.,0.));
#11932 = PCURVE('',#11659,#11933);
#11933 = DEFINITIONAL_REPRESENTATION('',(#11934),#11938);
#11934 = LINE('',#11935,#11936);
#11935 = CARTESIAN_POINT('',(0.,0.));
#11936 = VECTOR('',#11937,1.);
#11937 = DIRECTION('',(1.,0.));
#11938 = ( GEOMETRIC_REPRESENTATION_CONTEXT(2) 
PARAMETRIC_REPRESENTATION_CONTEXT() REPRESENTATION_CONTEXT('2D SPACE',''
  ) );
#11939 = PCURVE('',#11741,#11940);
#11940 = DEFINITIONAL_REPRESENTATION('',(#11941),#11945);
#11941 = LINE('',#11942,#11943);
#11942 = CARTESIAN_POINT('',(-0.2,0.125));
#11943 = VECTOR('',#11944,1.);
#11944 = DIRECTION('',(0.,-1.));
#11945 = ( GEOMETRIC_REPRESENTATION_CONTEXT(2) 
PARAMETRIC_REPRESENTATION_CONTEXT() REPRESENTATION_CONTEXT('2D SPACE',''
  ) );
#11946 = ADVANCED_FACE('',(#11947),#11741,.F.);
#11947 = FACE_BOUND('',#11948,.F.);
#11948 = EDGE_LOOP('',(#11949,#11950,#11951,#11952));
#11949 = ORIENTED_EDGE('',*,*,#11727,.T.);
#11950 = ORIENTED_EDGE('',*,*,#11808,.T.);
#11951 = ORIENTED_EDGE('',*,*,#11879,.T.);
#11952 = ORIENTED_EDGE('',*,*,#11926,.T.);
#11953 = ADVANCED_FACE('',(#11954),#11687,.T.);
#11954 = FACE_BOUND('',#11955,.T.);
#11955 = EDGE_LOOP('',(#11956,#11957,#11958,#11959));
#11956 = ORIENTED_EDGE('',*,*,#11671,.T.);
#11957 = ORIENTED_EDGE('',*,*,#11757,.T.);
#11958 = ORIENTED_EDGE('',*,*,#11833,.T.);
#11959 = ORIENTED_EDGE('',*,*,#11904,.T.);
#11960 = ( GEOMETRIC_REPRESENTATION_CONTEXT(3) 
GLOBAL_UNCERTAINTY_ASSIGNED_CONTEXT((#11964)) 
GLOBAL_UNIT_ASSIGNED_CONTEXT((#11961,#11962,#11963)) 
REPRESENTATION_CONTEXT('Context #1',
  '3D Context with UNIT and UNCERTAINTY') );
#11961 = ( LENGTH_UNIT() NAMED_UNIT(*) SI_UNIT(.MILLI.,.METRE.) );
#11962 = ( NAMED_UNIT(*) PLANE_ANGLE_UNIT() SI_UNIT($,.RADIAN.) );
#11963 = ( NAMED_UNIT(*) SI_UNIT($,.STERADIAN.) SOLID_ANGLE_UNIT() );
#11964 = UNCERTAINTY_MEASURE_WITH_UNIT(LENGTH_MEASURE(1.E-07),#11961,
  'distance_accuracy_value','confusion accuracy');
#11965 = CONTEXT_DEPENDENT_SHAPE_REPRESENTATION(#11966,#11968);
#11966 = ( REPRESENTATION_RELATIONSHIP('','',#11629,#10) 
REPRESENTATION_RELATIONSHIP_WITH_TRANSFORMATION(#11967) 
SHAPE_REPRESENTATION_RELATIONSHIP() );
#11967 = ITEM_DEFINED_TRANSFORMATION('','',#11,#51);
#11968 = PRODUCT_DEFINITION_SHAPE('Placement','Placement of an item',
  #11969);
#11969 = NEXT_ASSEMBLY_USAGE_OCCURRENCE('10','terminal7','',#5,#11624,$
  );
#11970 = PRODUCT_RELATED_PRODUCT_CATEGORY('part',$,(#11626));
#11971 = SHAPE_DEFINITION_REPRESENTATION(#11972,#11978);
#11972 = PRODUCT_DEFINITION_SHAPE('','',#11973);
#11973 = PRODUCT_DEFINITION('design','',#11974,#11977);
#11974 = PRODUCT_DEFINITION_FORMATION('','',#11975);
#11975 = PRODUCT('terminal8','terminal8','',(#11976));
#11976 = PRODUCT_CONTEXT('',#2,'mechanical');
#11977 = PRODUCT_DEFINITION_CONTEXT('part definition',#2,'design');
#11978 = ADVANCED_BREP_SHAPE_REPRESENTATION('',(#11,#11979),#12309);
#11979 = MANIFOLD_SOLID_BREP('',#11980);
#11980 = CLOSED_SHELL('',(#11981,#12101,#12177,#12248,#12295,#12302));
#11981 = ADVANCED_FACE('',(#11982),#11996,.F.);
#11982 = FACE_BOUND('',#11983,.F.);
#11983 = EDGE_LOOP('',(#11984,#12019,#12047,#12075));
#11984 = ORIENTED_EDGE('',*,*,#11985,.T.);
#11985 = EDGE_CURVE('',#11986,#11988,#11990,.T.);
#11986 = VERTEX_POINT('',#11987);
#11987 = CARTESIAN_POINT('',(-1.625,-2.5,0.));
#11988 = VERTEX_POINT('',#11989);
#11989 = CARTESIAN_POINT('',(-1.625,-2.5,0.2));
#11990 = SURFACE_CURVE('',#11991,(#11995,#12007),.PCURVE_S1.);
#11991 = LINE('',#11992,#11993);
#11992 = CARTESIAN_POINT('',(-1.625,-2.5,0.));
#11993 = VECTOR('',#11994,1.);
#11994 = DIRECTION('',(0.,0.,1.));
#11995 = PCURVE('',#11996,#12001);
#11996 = PLANE('',#11997);
#11997 = AXIS2_PLACEMENT_3D('',#11998,#11999,#12000);
#11998 = CARTESIAN_POINT('',(-1.625,-2.5,0.));
#11999 = DIRECTION('',(0.,1.,0.));
#12000 = DIRECTION('',(1.,0.,0.));
#12001 = DEFINITIONAL_REPRESENTATION('',(#12002),#12006);
#12002 = LINE('',#12003,#12004);
#12003 = CARTESIAN_POINT('',(0.,0.));
#12004 = VECTOR('',#12005,1.);
#12005 = DIRECTION('',(0.,-1.));
#12006 = ( GEOMETRIC_REPRESENTATION_CONTEXT(2) 
PARAMETRIC_REPRESENTATION_CONTEXT() REPRESENTATION_CONTEXT('2D SPACE',''
  ) );
#12007 = PCURVE('',#12008,#12013);
#12008 = PLANE('',#12009);
#12009 = AXIS2_PLACEMENT_3D('',#12010,#12011,#12012);
#12010 = CARTESIAN_POINT('',(-1.625,-2.1,0.));
#12011 = DIRECTION('',(1.,0.,-0.));
#12012 = DIRECTION('',(0.,-1.,0.));
#12013 = DEFINITIONAL_REPRESENTATION('',(#12014),#12018);
#12014 = LINE('',#12015,#12016);
#12015 = CARTESIAN_POINT('',(0.4,0.));
#12016 = VECTOR('',#12017,1.);
#12017 = DIRECTION('',(0.,-1.));
#12018 = ( GEOMETRIC_REPRESENTATION_CONTEXT(2) 
PARAMETRIC_REPRESENTATION_CONTEXT() REPRESENTATION_CONTEXT('2D SPACE',''
  ) );
#12019 = ORIENTED_EDGE('',*,*,#12020,.T.);
#12020 = EDGE_CURVE('',#11988,#12021,#12023,.T.);
#12021 = VERTEX_POINT('',#12022);
#12022 = CARTESIAN_POINT('',(-1.375,-2.5,0.2));
#12023 = SURFACE_CURVE('',#12024,(#12028,#12035),.PCURVE_S1.);
#12024 = LINE('',#12025,#12026);
#12025 = CARTESIAN_POINT('',(-1.625,-2.5,0.2));
#12026 = VECTOR('',#12027,1.);
#12027 = DIRECTION('',(1.,0.,0.));
#12028 = PCURVE('',#11996,#12029);
#12029 = DEFINITIONAL_REPRESENTATION('',(#12030),#12034);
#12030 = LINE('',#12031,#12032);
#12031 = CARTESIAN_POINT('',(0.,-0.2));
#12032 = VECTOR('',#12033,1.);
#12033 = DIRECTION('',(1.,0.));
#12034 = ( GEOMETRIC_REPRESENTATION_CONTEXT(2) 
PARAMETRIC_REPRESENTATION_CONTEXT() REPRESENTATION_CONTEXT('2D SPACE',''
  ) );
#12035 = PCURVE('',#12036,#12041);
#12036 = PLANE('',#12037);
#12037 = AXIS2_PLACEMENT_3D('',#12038,#12039,#12040);
#12038 = CARTESIAN_POINT('',(-1.5,-2.3,0.2));
#12039 = DIRECTION('',(0.,0.,1.));
#12040 = DIRECTION('',(1.,0.,-0.));
#12041 = DEFINITIONAL_REPRESENTATION('',(#12042),#12046);
#12042 = LINE('',#12043,#12044);
#12043 = CARTESIAN_POINT('',(-0.125,-0.2));
#12044 = VECTOR('',#12045,1.);
#12045 = DIRECTION('',(1.,0.));
#12046 = ( GEOMETRIC_REPRESENTATION_CONTEXT(2) 
PARAMETRIC_REPRESENTATION_CONTEXT() REPRESENTATION_CONTEXT('2D SPACE',''
  ) );
#12047 = ORIENTED_EDGE('',*,*,#12048,.F.);
#12048 = EDGE_CURVE('',#12049,#12021,#12051,.T.);
#12049 = VERTEX_POINT('',#12050);
#12050 = CARTESIAN_POINT('',(-1.375,-2.5,0.));
#12051 = SURFACE_CURVE('',#12052,(#12056,#12063),.PCURVE_S1.);
#12052 = LINE('',#12053,#12054);
#12053 = CARTESIAN_POINT('',(-1.375,-2.5,0.));
#12054 = VECTOR('',#12055,1.);
#12055 = DIRECTION('',(0.,0.,1.));
#12056 = PCURVE('',#11996,#12057);
#12057 = DEFINITIONAL_REPRESENTATION('',(#12058),#12062);
#12058 = LINE('',#12059,#12060);
#12059 = CARTESIAN_POINT('',(0.25,0.));
#12060 = VECTOR('',#12061,1.);
#12061 = DIRECTION('',(0.,-1.));
#12062 = ( GEOMETRIC_REPRESENTATION_CONTEXT(2) 
PARAMETRIC_REPRESENTATION_CONTEXT() REPRESENTATION_CONTEXT('2D SPACE',''
  ) );
#12063 = PCURVE('',#12064,#12069);
#12064 = PLANE('',#12065);
#12065 = AXIS2_PLACEMENT_3D('',#12066,#12067,#12068);
#12066 = CARTESIAN_POINT('',(-1.375,-2.5,0.));
#12067 = DIRECTION('',(-1.,0.,0.));
#12068 = DIRECTION('',(0.,1.,0.));
#12069 = DEFINITIONAL_REPRESENTATION('',(#12070),#12074);
#12070 = LINE('',#12071,#12072);
#12071 = CARTESIAN_POINT('',(0.,0.));
#12072 = VECTOR('',#12073,1.);
#12073 = DIRECTION('',(0.,-1.));
#12074 = ( GEOMETRIC_REPRESENTATION_CONTEXT(2) 
PARAMETRIC_REPRESENTATION_CONTEXT() REPRESENTATION_CONTEXT('2D SPACE',''
  ) );
#12075 = ORIENTED_EDGE('',*,*,#12076,.F.);
#12076 = EDGE_CURVE('',#11986,#12049,#12077,.T.);
#12077 = SURFACE_CURVE('',#12078,(#12082,#12089),.PCURVE_S1.);
#12078 = LINE('',#12079,#12080);
#12079 = CARTESIAN_POINT('',(-1.625,-2.5,0.));
#12080 = VECTOR('',#12081,1.);
#12081 = DIRECTION('',(1.,0.,0.));
#12082 = PCURVE('',#11996,#12083);
#12083 = DEFINITIONAL_REPRESENTATION('',(#12084),#12088);
#12084 = LINE('',#12085,#12086);
#12085 = CARTESIAN_POINT('',(0.,0.));
#12086 = VECTOR('',#12087,1.);
#12087 = DIRECTION('',(1.,0.));
#12088 = ( GEOMETRIC_REPRESENTATION_CONTEXT(2) 
PARAMETRIC_REPRESENTATION_CONTEXT() REPRESENTATION_CONTEXT('2D SPACE',''
  ) );
#12089 = PCURVE('',#12090,#12095);
#12090 = PLANE('',#12091);
#12091 = AXIS2_PLACEMENT_3D('',#12092,#12093,#12094);
#12092 = CARTESIAN_POINT('',(-1.5,-2.3,0.));
#12093 = DIRECTION('',(0.,0.,1.));
#12094 = DIRECTION('',(1.,0.,-0.));
#12095 = DEFINITIONAL_REPRESENTATION('',(#12096),#12100);
#12096 = LINE('',#12097,#12098);
#12097 = CARTESIAN_POINT('',(-0.125,-0.2));
#12098 = VECTOR('',#12099,1.);
#12099 = DIRECTION('',(1.,0.));
#12100 = ( GEOMETRIC_REPRESENTATION_CONTEXT(2) 
PARAMETRIC_REPRESENTATION_CONTEXT() REPRESENTATION_CONTEXT('2D SPACE',''
  ) );
#12101 = ADVANCED_FACE('',(#12102),#12064,.F.);
#12102 = FACE_BOUND('',#12103,.F.);
#12103 = EDGE_LOOP('',(#12104,#12105,#12128,#12156));
#12104 = ORIENTED_EDGE('',*,*,#12048,.T.);
#12105 = ORIENTED_EDGE('',*,*,#12106,.T.);
#12106 = EDGE_CURVE('',#12021,#12107,#12109,.T.);
#12107 = VERTEX_POINT('',#12108);
#12108 = CARTESIAN_POINT('',(-1.375,-2.1,0.2));
#12109 = SURFACE_CURVE('',#12110,(#12114,#12121),.PCURVE_S1.);
#12110 = LINE('',#12111,#12112);
#12111 = CARTESIAN_POINT('',(-1.375,-2.5,0.2));
#12112 = VECTOR('',#12113,1.);
#12113 = DIRECTION('',(0.,1.,0.));
#12114 = PCURVE('',#12064,#12115);
#12115 = DEFINITIONAL_REPRESENTATION('',(#12116),#12120);
#12116 = LINE('',#12117,#12118);
#12117 = CARTESIAN_POINT('',(0.,-0.2));
#12118 = VECTOR('',#12119,1.);
#12119 = DIRECTION('',(1.,0.));
#12120 = ( GEOMETRIC_REPRESENTATION_CONTEXT(2) 
PARAMETRIC_REPRESENTATION_CONTEXT() REPRESENTATION_CONTEXT('2D SPACE',''
  ) );
#12121 = PCURVE('',#12036,#12122);
#12122 = DEFINITIONAL_REPRESENTATION('',(#12123),#12127);
#12123 = LINE('',#12124,#12125);
#12124 = CARTESIAN_POINT('',(0.125,-0.2));
#12125 = VECTOR('',#12126,1.);
#12126 = DIRECTION('',(0.,1.));
#12127 = ( GEOMETRIC_REPRESENTATION_CONTEXT(2) 
PARAMETRIC_REPRESENTATION_CONTEXT() REPRESENTATION_CONTEXT('2D SPACE',''
  ) );
#12128 = ORIENTED_EDGE('',*,*,#12129,.F.);
#12129 = EDGE_CURVE('',#12130,#12107,#12132,.T.);
#12130 = VERTEX_POINT('',#12131);
#12131 = CARTESIAN_POINT('',(-1.375,-2.1,0.));
#12132 = SURFACE_CURVE('',#12133,(#12137,#12144),.PCURVE_S1.);
#12133 = LINE('',#12134,#12135);
#12134 = CARTESIAN_POINT('',(-1.375,-2.1,0.));
#12135 = VECTOR('',#12136,1.);
#12136 = DIRECTION('',(0.,0.,1.));
#12137 = PCURVE('',#12064,#12138);
#12138 = DEFINITIONAL_REPRESENTATION('',(#12139),#12143);
#12139 = LINE('',#12140,#12141);
#12140 = CARTESIAN_POINT('',(0.4,0.));
#12141 = VECTOR('',#12142,1.);
#12142 = DIRECTION('',(0.,-1.));
#12143 = ( GEOMETRIC_REPRESENTATION_CONTEXT(2) 
PARAMETRIC_REPRESENTATION_CONTEXT() REPRESENTATION_CONTEXT('2D SPACE',''
  ) );
#12144 = PCURVE('',#12145,#12150);
#12145 = PLANE('',#12146);
#12146 = AXIS2_PLACEMENT_3D('',#12147,#12148,#12149);
#12147 = CARTESIAN_POINT('',(-1.375,-2.1,0.));
#12148 = DIRECTION('',(0.,-1.,0.));
#12149 = DIRECTION('',(-1.,0.,0.));
#12150 = DEFINITIONAL_REPRESENTATION('',(#12151),#12155);
#12151 = LINE('',#12152,#12153);
#12152 = CARTESIAN_POINT('',(0.,-0.));
#12153 = VECTOR('',#12154,1.);
#12154 = DIRECTION('',(0.,-1.));
#12155 = ( GEOMETRIC_REPRESENTATION_CONTEXT(2) 
PARAMETRIC_REPRESENTATION_CONTEXT() REPRESENTATION_CONTEXT('2D SPACE',''
  ) );
#12156 = ORIENTED_EDGE('',*,*,#12157,.F.);
#12157 = EDGE_CURVE('',#12049,#12130,#12158,.T.);
#12158 = SURFACE_CURVE('',#12159,(#12163,#12170),.PCURVE_S1.);
#12159 = LINE('',#12160,#12161);
#12160 = CARTESIAN_POINT('',(-1.375,-2.5,0.));
#12161 = VECTOR('',#12162,1.);
#12162 = DIRECTION('',(0.,1.,0.));
#12163 = PCURVE('',#12064,#12164);
#12164 = DEFINITIONAL_REPRESENTATION('',(#12165),#12169);
#12165 = LINE('',#12166,#12167);
#12166 = CARTESIAN_POINT('',(0.,0.));
#12167 = VECTOR('',#12168,1.);
#12168 = DIRECTION('',(1.,0.));
#12169 = ( GEOMETRIC_REPRESENTATION_CONTEXT(2) 
PARAMETRIC_REPRESENTATION_CONTEXT() REPRESENTATION_CONTEXT('2D SPACE',''
  ) );
#12170 = PCURVE('',#12090,#12171);
#12171 = DEFINITIONAL_REPRESENTATION('',(#12172),#12176);
#12172 = LINE('',#12173,#12174);
#12173 = CARTESIAN_POINT('',(0.125,-0.2));
#12174 = VECTOR('',#12175,1.);
#12175 = DIRECTION('',(0.,1.));
#12176 = ( GEOMETRIC_REPRESENTATION_CONTEXT(2) 
PARAMETRIC_REPRESENTATION_CONTEXT() REPRESENTATION_CONTEXT('2D SPACE',''
  ) );
#12177 = ADVANCED_FACE('',(#12178),#12145,.F.);
#12178 = FACE_BOUND('',#12179,.F.);
#12179 = EDGE_LOOP('',(#12180,#12181,#12204,#12227));
#12180 = ORIENTED_EDGE('',*,*,#12129,.T.);
#12181 = ORIENTED_EDGE('',*,*,#12182,.T.);
#12182 = EDGE_CURVE('',#12107,#12183,#12185,.T.);
#12183 = VERTEX_POINT('',#12184);
#12184 = CARTESIAN_POINT('',(-1.625,-2.1,0.2));
#12185 = SURFACE_CURVE('',#12186,(#12190,#12197),.PCURVE_S1.);
#12186 = LINE('',#12187,#12188);
#12187 = CARTESIAN_POINT('',(-1.375,-2.1,0.2));
#12188 = VECTOR('',#12189,1.);
#12189 = DIRECTION('',(-1.,0.,0.));
#12190 = PCURVE('',#12145,#12191);
#12191 = DEFINITIONAL_REPRESENTATION('',(#12192),#12196);
#12192 = LINE('',#12193,#12194);
#12193 = CARTESIAN_POINT('',(0.,-0.2));
#12194 = VECTOR('',#12195,1.);
#12195 = DIRECTION('',(1.,0.));
#12196 = ( GEOMETRIC_REPRESENTATION_CONTEXT(2) 
PARAMETRIC_REPRESENTATION_CONTEXT() REPRESENTATION_CONTEXT('2D SPACE',''
  ) );
#12197 = PCURVE('',#12036,#12198);
#12198 = DEFINITIONAL_REPRESENTATION('',(#12199),#12203);
#12199 = LINE('',#12200,#12201);
#12200 = CARTESIAN_POINT('',(0.125,0.2));
#12201 = VECTOR('',#12202,1.);
#12202 = DIRECTION('',(-1.,0.));
#12203 = ( GEOMETRIC_REPRESENTATION_CONTEXT(2) 
PARAMETRIC_REPRESENTATION_CONTEXT() REPRESENTATION_CONTEXT('2D SPACE',''
  ) );
#12204 = ORIENTED_EDGE('',*,*,#12205,.F.);
#12205 = EDGE_CURVE('',#12206,#12183,#12208,.T.);
#12206 = VERTEX_POINT('',#12207);
#12207 = CARTESIAN_POINT('',(-1.625,-2.1,0.));
#12208 = SURFACE_CURVE('',#12209,(#12213,#12220),.PCURVE_S1.);
#12209 = LINE('',#12210,#12211);
#12210 = CARTESIAN_POINT('',(-1.625,-2.1,0.));
#12211 = VECTOR('',#12212,1.);
#12212 = DIRECTION('',(0.,0.,1.));
#12213 = PCURVE('',#12145,#12214);
#12214 = DEFINITIONAL_REPRESENTATION('',(#12215),#12219);
#12215 = LINE('',#12216,#12217);
#12216 = CARTESIAN_POINT('',(0.25,0.));
#12217 = VECTOR('',#12218,1.);
#12218 = DIRECTION('',(0.,-1.));
#12219 = ( GEOMETRIC_REPRESENTATION_CONTEXT(2) 
PARAMETRIC_REPRESENTATION_CONTEXT() REPRESENTATION_CONTEXT('2D SPACE',''
  ) );
#12220 = PCURVE('',#12008,#12221);
#12221 = DEFINITIONAL_REPRESENTATION('',(#12222),#12226);
#12222 = LINE('',#12223,#12224);
#12223 = CARTESIAN_POINT('',(0.,0.));
#12224 = VECTOR('',#12225,1.);
#12225 = DIRECTION('',(0.,-1.));
#12226 = ( GEOMETRIC_REPRESENTATION_CONTEXT(2) 
PARAMETRIC_REPRESENTATION_CONTEXT() REPRESENTATION_CONTEXT('2D SPACE',''
  ) );
#12227 = ORIENTED_EDGE('',*,*,#12228,.F.);
#12228 = EDGE_CURVE('',#12130,#12206,#12229,.T.);
#12229 = SURFACE_CURVE('',#12230,(#12234,#12241),.PCURVE_S1.);
#12230 = LINE('',#12231,#12232);
#12231 = CARTESIAN_POINT('',(-1.375,-2.1,0.));
#12232 = VECTOR('',#12233,1.);
#12233 = DIRECTION('',(-1.,0.,0.));
#12234 = PCURVE('',#12145,#12235);
#12235 = DEFINITIONAL_REPRESENTATION('',(#12236),#12240);
#12236 = LINE('',#12237,#12238);
#12237 = CARTESIAN_POINT('',(0.,-0.));
#12238 = VECTOR('',#12239,1.);
#12239 = DIRECTION('',(1.,0.));
#12240 = ( GEOMETRIC_REPRESENTATION_CONTEXT(2) 
PARAMETRIC_REPRESENTATION_CONTEXT() REPRESENTATION_CONTEXT('2D SPACE',''
  ) );
#12241 = PCURVE('',#12090,#12242);
#12242 = DEFINITIONAL_REPRESENTATION('',(#12243),#12247);
#12243 = LINE('',#12244,#12245);
#12244 = CARTESIAN_POINT('',(0.125,0.2));
#12245 = VECTOR('',#12246,1.);
#12246 = DIRECTION('',(-1.,0.));
#12247 = ( GEOMETRIC_REPRESENTATION_CONTEXT(2) 
PARAMETRIC_REPRESENTATION_CONTEXT() REPRESENTATION_CONTEXT('2D SPACE',''
  ) );
#12248 = ADVANCED_FACE('',(#12249),#12008,.F.);
#12249 = FACE_BOUND('',#12250,.F.);
#12250 = EDGE_LOOP('',(#12251,#12252,#12273,#12274));
#12251 = ORIENTED_EDGE('',*,*,#12205,.T.);
#12252 = ORIENTED_EDGE('',*,*,#12253,.T.);
#12253 = EDGE_CURVE('',#12183,#11988,#12254,.T.);
#12254 = SURFACE_CURVE('',#12255,(#12259,#12266),.PCURVE_S1.);
#12255 = LINE('',#12256,#12257);
#12256 = CARTESIAN_POINT('',(-1.625,-2.1,0.2));
#12257 = VECTOR('',#12258,1.);
#12258 = DIRECTION('',(0.,-1.,0.));
#12259 = PCURVE('',#12008,#12260);
#12260 = DEFINITIONAL_REPRESENTATION('',(#12261),#12265);
#12261 = LINE('',#12262,#12263);
#12262 = CARTESIAN_POINT('',(0.,-0.2));
#12263 = VECTOR('',#12264,1.);
#12264 = DIRECTION('',(1.,0.));
#12265 = ( GEOMETRIC_REPRESENTATION_CONTEXT(2) 
PARAMETRIC_REPRESENTATION_CONTEXT() REPRESENTATION_CONTEXT('2D SPACE',''
  ) );
#12266 = PCURVE('',#12036,#12267);
#12267 = DEFINITIONAL_REPRESENTATION('',(#12268),#12272);
#12268 = LINE('',#12269,#12270);
#12269 = CARTESIAN_POINT('',(-0.125,0.2));
#12270 = VECTOR('',#12271,1.);
#12271 = DIRECTION('',(0.,-1.));
#12272 = ( GEOMETRIC_REPRESENTATION_CONTEXT(2) 
PARAMETRIC_REPRESENTATION_CONTEXT() REPRESENTATION_CONTEXT('2D SPACE',''
  ) );
#12273 = ORIENTED_EDGE('',*,*,#11985,.F.);
#12274 = ORIENTED_EDGE('',*,*,#12275,.F.);
#12275 = EDGE_CURVE('',#12206,#11986,#12276,.T.);
#12276 = SURFACE_CURVE('',#12277,(#12281,#12288),.PCURVE_S1.);
#12277 = LINE('',#12278,#12279);
#12278 = CARTESIAN_POINT('',(-1.625,-2.1,0.));
#12279 = VECTOR('',#12280,1.);
#12280 = DIRECTION('',(0.,-1.,0.));
#12281 = PCURVE('',#12008,#12282);
#12282 = DEFINITIONAL_REPRESENTATION('',(#12283),#12287);
#12283 = LINE('',#12284,#12285);
#12284 = CARTESIAN_POINT('',(0.,0.));
#12285 = VECTOR('',#12286,1.);
#12286 = DIRECTION('',(1.,0.));
#12287 = ( GEOMETRIC_REPRESENTATION_CONTEXT(2) 
PARAMETRIC_REPRESENTATION_CONTEXT() REPRESENTATION_CONTEXT('2D SPACE',''
  ) );
#12288 = PCURVE('',#12090,#12289);
#12289 = DEFINITIONAL_REPRESENTATION('',(#12290),#12294);
#12290 = LINE('',#12291,#12292);
#12291 = CARTESIAN_POINT('',(-0.125,0.2));
#12292 = VECTOR('',#12293,1.);
#12293 = DIRECTION('',(0.,-1.));
#12294 = ( GEOMETRIC_REPRESENTATION_CONTEXT(2) 
PARAMETRIC_REPRESENTATION_CONTEXT() REPRESENTATION_CONTEXT('2D SPACE',''
  ) );
#12295 = ADVANCED_FACE('',(#12296),#12090,.F.);
#12296 = FACE_BOUND('',#12297,.F.);
#12297 = EDGE_LOOP('',(#12298,#12299,#12300,#12301));
#12298 = ORIENTED_EDGE('',*,*,#12076,.T.);
#12299 = ORIENTED_EDGE('',*,*,#12157,.T.);
#12300 = ORIENTED_EDGE('',*,*,#12228,.T.);
#12301 = ORIENTED_EDGE('',*,*,#12275,.T.);
#12302 = ADVANCED_FACE('',(#12303),#12036,.T.);
#12303 = FACE_BOUND('',#12304,.T.);
#12304 = EDGE_LOOP('',(#12305,#12306,#12307,#12308));
#12305 = ORIENTED_EDGE('',*,*,#12020,.T.);
#12306 = ORIENTED_EDGE('',*,*,#12106,.T.);
#12307 = ORIENTED_EDGE('',*,*,#12182,.T.);
#12308 = ORIENTED_EDGE('',*,*,#12253,.T.);
#12309 = ( GEOMETRIC_REPRESENTATION_CONTEXT(3) 
GLOBAL_UNCERTAINTY_ASSIGNED_CONTEXT((#12313)) 
GLOBAL_UNIT_ASSIGNED_CONTEXT((#12310,#12311,#12312)) 
REPRESENTATION_CONTEXT('Context #1',
  '3D Context with UNIT and UNCERTAINTY') );
#12310 = ( LENGTH_UNIT() NAMED_UNIT(*) SI_UNIT(.MILLI.,.METRE.) );
#12311 = ( NAMED_UNIT(*) PLANE_ANGLE_UNIT() SI_UNIT($,.RADIAN.) );
#12312 = ( NAMED_UNIT(*) SI_UNIT($,.STERADIAN.) SOLID_ANGLE_UNIT() );
#12313 = UNCERTAINTY_MEASURE_WITH_UNIT(LENGTH_MEASURE(1.E-07),#12310,
  'distance_accuracy_value','confusion accuracy');
#12314 = CONTEXT_DEPENDENT_SHAPE_REPRESENTATION(#12315,#12317);
#12315 = ( REPRESENTATION_RELATIONSHIP('','',#11978,#10) 
REPRESENTATION_RELATIONSHIP_WITH_TRANSFORMATION(#12316) 
SHAPE_REPRESENTATION_RELATIONSHIP() );
#12316 = ITEM_DEFINED_TRANSFORMATION('','',#11,#55);
#12317 = PRODUCT_DEFINITION_SHAPE('Placement','Placement of an item',
  #12318);
#12318 = NEXT_ASSEMBLY_USAGE_OCCURRENCE('11','terminal8','',#5,#11973,$
  );
#12319 = PRODUCT_RELATED_PRODUCT_CATEGORY('part',$,(#11975));
#12320 = SHAPE_DEFINITION_REPRESENTATION(#12321,#12327);
#12321 = PRODUCT_DEFINITION_SHAPE('','',#12322);
#12322 = PRODUCT_DEFINITION('design','',#12323,#12326);
#12323 = PRODUCT_DEFINITION_FORMATION('','',#12324);
#12324 = PRODUCT('terminal9','terminal9','',(#12325));
#12325 = PRODUCT_CONTEXT('',#2,'mechanical');
#12326 = PRODUCT_DEFINITION_CONTEXT('part definition',#2,'design');
#12327 = ADVANCED_BREP_SHAPE_REPRESENTATION('',(#11,#12328),#12658);
#12328 = MANIFOLD_SOLID_BREP('',#12329);
#12329 = CLOSED_SHELL('',(#12330,#12450,#12526,#12597,#12644,#12651));
#12330 = ADVANCED_FACE('',(#12331),#12345,.F.);
#12331 = FACE_BOUND('',#12332,.F.);
#12332 = EDGE_LOOP('',(#12333,#12368,#12396,#12424));
#12333 = ORIENTED_EDGE('',*,*,#12334,.T.);
#12334 = EDGE_CURVE('',#12335,#12337,#12339,.T.);
#12335 = VERTEX_POINT('',#12336);
#12336 = CARTESIAN_POINT('',(-1.125,-2.5,0.));
#12337 = VERTEX_POINT('',#12338);
#12338 = CARTESIAN_POINT('',(-1.125,-2.5,0.2));
#12339 = SURFACE_CURVE('',#12340,(#12344,#12356),.PCURVE_S1.);
#12340 = LINE('',#12341,#12342);
#12341 = CARTESIAN_POINT('',(-1.125,-2.5,0.));
#12342 = VECTOR('',#12343,1.);
#12343 = DIRECTION('',(0.,0.,1.));
#12344 = PCURVE('',#12345,#12350);
#12345 = PLANE('',#12346);
#12346 = AXIS2_PLACEMENT_3D('',#12347,#12348,#12349);
#12347 = CARTESIAN_POINT('',(-1.125,-2.5,0.));
#12348 = DIRECTION('',(0.,1.,0.));
#12349 = DIRECTION('',(1.,0.,0.));
#12350 = DEFINITIONAL_REPRESENTATION('',(#12351),#12355);
#12351 = LINE('',#12352,#12353);
#12352 = CARTESIAN_POINT('',(0.,0.));
#12353 = VECTOR('',#12354,1.);
#12354 = DIRECTION('',(0.,-1.));
#12355 = ( GEOMETRIC_REPRESENTATION_CONTEXT(2) 
PARAMETRIC_REPRESENTATION_CONTEXT() REPRESENTATION_CONTEXT('2D SPACE',''
  ) );
#12356 = PCURVE('',#12357,#12362);
#12357 = PLANE('',#12358);
#12358 = AXIS2_PLACEMENT_3D('',#12359,#12360,#12361);
#12359 = CARTESIAN_POINT('',(-1.125,-2.1,0.));
#12360 = DIRECTION('',(1.,0.,-0.));
#12361 = DIRECTION('',(0.,-1.,0.));
#12362 = DEFINITIONAL_REPRESENTATION('',(#12363),#12367);
#12363 = LINE('',#12364,#12365);
#12364 = CARTESIAN_POINT('',(0.4,0.));
#12365 = VECTOR('',#12366,1.);
#12366 = DIRECTION('',(0.,-1.));
#12367 = ( GEOMETRIC_REPRESENTATION_CONTEXT(2) 
PARAMETRIC_REPRESENTATION_CONTEXT() REPRESENTATION_CONTEXT('2D SPACE',''
  ) );
#12368 = ORIENTED_EDGE('',*,*,#12369,.T.);
#12369 = EDGE_CURVE('',#12337,#12370,#12372,.T.);
#12370 = VERTEX_POINT('',#12371);
#12371 = CARTESIAN_POINT('',(-0.875,-2.5,0.2));
#12372 = SURFACE_CURVE('',#12373,(#12377,#12384),.PCURVE_S1.);
#12373 = LINE('',#12374,#12375);
#12374 = CARTESIAN_POINT('',(-1.125,-2.5,0.2));
#12375 = VECTOR('',#12376,1.);
#12376 = DIRECTION('',(1.,0.,0.));
#12377 = PCURVE('',#12345,#12378);
#12378 = DEFINITIONAL_REPRESENTATION('',(#12379),#12383);
#12379 = LINE('',#12380,#12381);
#12380 = CARTESIAN_POINT('',(0.,-0.2));
#12381 = VECTOR('',#12382,1.);
#12382 = DIRECTION('',(1.,0.));
#12383 = ( GEOMETRIC_REPRESENTATION_CONTEXT(2) 
PARAMETRIC_REPRESENTATION_CONTEXT() REPRESENTATION_CONTEXT('2D SPACE',''
  ) );
#12384 = PCURVE('',#12385,#12390);
#12385 = PLANE('',#12386);
#12386 = AXIS2_PLACEMENT_3D('',#12387,#12388,#12389);
#12387 = CARTESIAN_POINT('',(-1.,-2.3,0.2));
#12388 = DIRECTION('',(0.,0.,1.));
#12389 = DIRECTION('',(1.,0.,-0.));
#12390 = DEFINITIONAL_REPRESENTATION('',(#12391),#12395);
#12391 = LINE('',#12392,#12393);
#12392 = CARTESIAN_POINT('',(-0.125,-0.2));
#12393 = VECTOR('',#12394,1.);
#12394 = DIRECTION('',(1.,0.));
#12395 = ( GEOMETRIC_REPRESENTATION_CONTEXT(2) 
PARAMETRIC_REPRESENTATION_CONTEXT() REPRESENTATION_CONTEXT('2D SPACE',''
  ) );
#12396 = ORIENTED_EDGE('',*,*,#12397,.F.);
#12397 = EDGE_CURVE('',#12398,#12370,#12400,.T.);
#12398 = VERTEX_POINT('',#12399);
#12399 = CARTESIAN_POINT('',(-0.875,-2.5,0.));
#12400 = SURFACE_CURVE('',#12401,(#12405,#12412),.PCURVE_S1.);
#12401 = LINE('',#12402,#12403);
#12402 = CARTESIAN_POINT('',(-0.875,-2.5,0.));
#12403 = VECTOR('',#12404,1.);
#12404 = DIRECTION('',(0.,0.,1.));
#12405 = PCURVE('',#12345,#12406);
#12406 = DEFINITIONAL_REPRESENTATION('',(#12407),#12411);
#12407 = LINE('',#12408,#12409);
#12408 = CARTESIAN_POINT('',(0.25,0.));
#12409 = VECTOR('',#12410,1.);
#12410 = DIRECTION('',(0.,-1.));
#12411 = ( GEOMETRIC_REPRESENTATION_CONTEXT(2) 
PARAMETRIC_REPRESENTATION_CONTEXT() REPRESENTATION_CONTEXT('2D SPACE',''
  ) );
#12412 = PCURVE('',#12413,#12418);
#12413 = PLANE('',#12414);
#12414 = AXIS2_PLACEMENT_3D('',#12415,#12416,#12417);
#12415 = CARTESIAN_POINT('',(-0.875,-2.5,0.));
#12416 = DIRECTION('',(-1.,0.,0.));
#12417 = DIRECTION('',(0.,1.,0.));
#12418 = DEFINITIONAL_REPRESENTATION('',(#12419),#12423);
#12419 = LINE('',#12420,#12421);
#12420 = CARTESIAN_POINT('',(0.,0.));
#12421 = VECTOR('',#12422,1.);
#12422 = DIRECTION('',(0.,-1.));
#12423 = ( GEOMETRIC_REPRESENTATION_CONTEXT(2) 
PARAMETRIC_REPRESENTATION_CONTEXT() REPRESENTATION_CONTEXT('2D SPACE',''
  ) );
#12424 = ORIENTED_EDGE('',*,*,#12425,.F.);
#12425 = EDGE_CURVE('',#12335,#12398,#12426,.T.);
#12426 = SURFACE_CURVE('',#12427,(#12431,#12438),.PCURVE_S1.);
#12427 = LINE('',#12428,#12429);
#12428 = CARTESIAN_POINT('',(-1.125,-2.5,0.));
#12429 = VECTOR('',#12430,1.);
#12430 = DIRECTION('',(1.,0.,0.));
#12431 = PCURVE('',#12345,#12432);
#12432 = DEFINITIONAL_REPRESENTATION('',(#12433),#12437);
#12433 = LINE('',#12434,#12435);
#12434 = CARTESIAN_POINT('',(0.,0.));
#12435 = VECTOR('',#12436,1.);
#12436 = DIRECTION('',(1.,0.));
#12437 = ( GEOMETRIC_REPRESENTATION_CONTEXT(2) 
PARAMETRIC_REPRESENTATION_CONTEXT() REPRESENTATION_CONTEXT('2D SPACE',''
  ) );
#12438 = PCURVE('',#12439,#12444);
#12439 = PLANE('',#12440);
#12440 = AXIS2_PLACEMENT_3D('',#12441,#12442,#12443);
#12441 = CARTESIAN_POINT('',(-1.,-2.3,0.));
#12442 = DIRECTION('',(0.,0.,1.));
#12443 = DIRECTION('',(1.,0.,-0.));
#12444 = DEFINITIONAL_REPRESENTATION('',(#12445),#12449);
#12445 = LINE('',#12446,#12447);
#12446 = CARTESIAN_POINT('',(-0.125,-0.2));
#12447 = VECTOR('',#12448,1.);
#12448 = DIRECTION('',(1.,0.));
#12449 = ( GEOMETRIC_REPRESENTATION_CONTEXT(2) 
PARAMETRIC_REPRESENTATION_CONTEXT() REPRESENTATION_CONTEXT('2D SPACE',''
  ) );
#12450 = ADVANCED_FACE('',(#12451),#12413,.F.);
#12451 = FACE_BOUND('',#12452,.F.);
#12452 = EDGE_LOOP('',(#12453,#12454,#12477,#12505));
#12453 = ORIENTED_EDGE('',*,*,#12397,.T.);
#12454 = ORIENTED_EDGE('',*,*,#12455,.T.);
#12455 = EDGE_CURVE('',#12370,#12456,#12458,.T.);
#12456 = VERTEX_POINT('',#12457);
#12457 = CARTESIAN_POINT('',(-0.875,-2.1,0.2));
#12458 = SURFACE_CURVE('',#12459,(#12463,#12470),.PCURVE_S1.);
#12459 = LINE('',#12460,#12461);
#12460 = CARTESIAN_POINT('',(-0.875,-2.5,0.2));
#12461 = VECTOR('',#12462,1.);
#12462 = DIRECTION('',(0.,1.,0.));
#12463 = PCURVE('',#12413,#12464);
#12464 = DEFINITIONAL_REPRESENTATION('',(#12465),#12469);
#12465 = LINE('',#12466,#12467);
#12466 = CARTESIAN_POINT('',(0.,-0.2));
#12467 = VECTOR('',#12468,1.);
#12468 = DIRECTION('',(1.,0.));
#12469 = ( GEOMETRIC_REPRESENTATION_CONTEXT(2) 
PARAMETRIC_REPRESENTATION_CONTEXT() REPRESENTATION_CONTEXT('2D SPACE',''
  ) );
#12470 = PCURVE('',#12385,#12471);
#12471 = DEFINITIONAL_REPRESENTATION('',(#12472),#12476);
#12472 = LINE('',#12473,#12474);
#12473 = CARTESIAN_POINT('',(0.125,-0.2));
#12474 = VECTOR('',#12475,1.);
#12475 = DIRECTION('',(0.,1.));
#12476 = ( GEOMETRIC_REPRESENTATION_CONTEXT(2) 
PARAMETRIC_REPRESENTATION_CONTEXT() REPRESENTATION_CONTEXT('2D SPACE',''
  ) );
#12477 = ORIENTED_EDGE('',*,*,#12478,.F.);
#12478 = EDGE_CURVE('',#12479,#12456,#12481,.T.);
#12479 = VERTEX_POINT('',#12480);
#12480 = CARTESIAN_POINT('',(-0.875,-2.1,0.));
#12481 = SURFACE_CURVE('',#12482,(#12486,#12493),.PCURVE_S1.);
#12482 = LINE('',#12483,#12484);
#12483 = CARTESIAN_POINT('',(-0.875,-2.1,0.));
#12484 = VECTOR('',#12485,1.);
#12485 = DIRECTION('',(0.,0.,1.));
#12486 = PCURVE('',#12413,#12487);
#12487 = DEFINITIONAL_REPRESENTATION('',(#12488),#12492);
#12488 = LINE('',#12489,#12490);
#12489 = CARTESIAN_POINT('',(0.4,0.));
#12490 = VECTOR('',#12491,1.);
#12491 = DIRECTION('',(0.,-1.));
#12492 = ( GEOMETRIC_REPRESENTATION_CONTEXT(2) 
PARAMETRIC_REPRESENTATION_CONTEXT() REPRESENTATION_CONTEXT('2D SPACE',''
  ) );
#12493 = PCURVE('',#12494,#12499);
#12494 = PLANE('',#12495);
#12495 = AXIS2_PLACEMENT_3D('',#12496,#12497,#12498);
#12496 = CARTESIAN_POINT('',(-0.875,-2.1,0.));
#12497 = DIRECTION('',(0.,-1.,0.));
#12498 = DIRECTION('',(-1.,0.,0.));
#12499 = DEFINITIONAL_REPRESENTATION('',(#12500),#12504);
#12500 = LINE('',#12501,#12502);
#12501 = CARTESIAN_POINT('',(0.,-0.));
#12502 = VECTOR('',#12503,1.);
#12503 = DIRECTION('',(0.,-1.));
#12504 = ( GEOMETRIC_REPRESENTATION_CONTEXT(2) 
PARAMETRIC_REPRESENTATION_CONTEXT() REPRESENTATION_CONTEXT('2D SPACE',''
  ) );
#12505 = ORIENTED_EDGE('',*,*,#12506,.F.);
#12506 = EDGE_CURVE('',#12398,#12479,#12507,.T.);
#12507 = SURFACE_CURVE('',#12508,(#12512,#12519),.PCURVE_S1.);
#12508 = LINE('',#12509,#12510);
#12509 = CARTESIAN_POINT('',(-0.875,-2.5,0.));
#12510 = VECTOR('',#12511,1.);
#12511 = DIRECTION('',(0.,1.,0.));
#12512 = PCURVE('',#12413,#12513);
#12513 = DEFINITIONAL_REPRESENTATION('',(#12514),#12518);
#12514 = LINE('',#12515,#12516);
#12515 = CARTESIAN_POINT('',(0.,0.));
#12516 = VECTOR('',#12517,1.);
#12517 = DIRECTION('',(1.,0.));
#12518 = ( GEOMETRIC_REPRESENTATION_CONTEXT(2) 
PARAMETRIC_REPRESENTATION_CONTEXT() REPRESENTATION_CONTEXT('2D SPACE',''
  ) );
#12519 = PCURVE('',#12439,#12520);
#12520 = DEFINITIONAL_REPRESENTATION('',(#12521),#12525);
#12521 = LINE('',#12522,#12523);
#12522 = CARTESIAN_POINT('',(0.125,-0.2));
#12523 = VECTOR('',#12524,1.);
#12524 = DIRECTION('',(0.,1.));
#12525 = ( GEOMETRIC_REPRESENTATION_CONTEXT(2) 
PARAMETRIC_REPRESENTATION_CONTEXT() REPRESENTATION_CONTEXT('2D SPACE',''
  ) );
#12526 = ADVANCED_FACE('',(#12527),#12494,.F.);
#12527 = FACE_BOUND('',#12528,.F.);
#12528 = EDGE_LOOP('',(#12529,#12530,#12553,#12576));
#12529 = ORIENTED_EDGE('',*,*,#12478,.T.);
#12530 = ORIENTED_EDGE('',*,*,#12531,.T.);
#12531 = EDGE_CURVE('',#12456,#12532,#12534,.T.);
#12532 = VERTEX_POINT('',#12533);
#12533 = CARTESIAN_POINT('',(-1.125,-2.1,0.2));
#12534 = SURFACE_CURVE('',#12535,(#12539,#12546),.PCURVE_S1.);
#12535 = LINE('',#12536,#12537);
#12536 = CARTESIAN_POINT('',(-0.875,-2.1,0.2));
#12537 = VECTOR('',#12538,1.);
#12538 = DIRECTION('',(-1.,0.,0.));
#12539 = PCURVE('',#12494,#12540);
#12540 = DEFINITIONAL_REPRESENTATION('',(#12541),#12545);
#12541 = LINE('',#12542,#12543);
#12542 = CARTESIAN_POINT('',(0.,-0.2));
#12543 = VECTOR('',#12544,1.);
#12544 = DIRECTION('',(1.,0.));
#12545 = ( GEOMETRIC_REPRESENTATION_CONTEXT(2) 
PARAMETRIC_REPRESENTATION_CONTEXT() REPRESENTATION_CONTEXT('2D SPACE',''
  ) );
#12546 = PCURVE('',#12385,#12547);
#12547 = DEFINITIONAL_REPRESENTATION('',(#12548),#12552);
#12548 = LINE('',#12549,#12550);
#12549 = CARTESIAN_POINT('',(0.125,0.2));
#12550 = VECTOR('',#12551,1.);
#12551 = DIRECTION('',(-1.,0.));
#12552 = ( GEOMETRIC_REPRESENTATION_CONTEXT(2) 
PARAMETRIC_REPRESENTATION_CONTEXT() REPRESENTATION_CONTEXT('2D SPACE',''
  ) );
#12553 = ORIENTED_EDGE('',*,*,#12554,.F.);
#12554 = EDGE_CURVE('',#12555,#12532,#12557,.T.);
#12555 = VERTEX_POINT('',#12556);
#12556 = CARTESIAN_POINT('',(-1.125,-2.1,0.));
#12557 = SURFACE_CURVE('',#12558,(#12562,#12569),.PCURVE_S1.);
#12558 = LINE('',#12559,#12560);
#12559 = CARTESIAN_POINT('',(-1.125,-2.1,0.));
#12560 = VECTOR('',#12561,1.);
#12561 = DIRECTION('',(0.,0.,1.));
#12562 = PCURVE('',#12494,#12563);
#12563 = DEFINITIONAL_REPRESENTATION('',(#12564),#12568);
#12564 = LINE('',#12565,#12566);
#12565 = CARTESIAN_POINT('',(0.25,0.));
#12566 = VECTOR('',#12567,1.);
#12567 = DIRECTION('',(0.,-1.));
#12568 = ( GEOMETRIC_REPRESENTATION_CONTEXT(2) 
PARAMETRIC_REPRESENTATION_CONTEXT() REPRESENTATION_CONTEXT('2D SPACE',''
  ) );
#12569 = PCURVE('',#12357,#12570);
#12570 = DEFINITIONAL_REPRESENTATION('',(#12571),#12575);
#12571 = LINE('',#12572,#12573);
#12572 = CARTESIAN_POINT('',(0.,0.));
#12573 = VECTOR('',#12574,1.);
#12574 = DIRECTION('',(0.,-1.));
#12575 = ( GEOMETRIC_REPRESENTATION_CONTEXT(2) 
PARAMETRIC_REPRESENTATION_CONTEXT() REPRESENTATION_CONTEXT('2D SPACE',''
  ) );
#12576 = ORIENTED_EDGE('',*,*,#12577,.F.);
#12577 = EDGE_CURVE('',#12479,#12555,#12578,.T.);
#12578 = SURFACE_CURVE('',#12579,(#12583,#12590),.PCURVE_S1.);
#12579 = LINE('',#12580,#12581);
#12580 = CARTESIAN_POINT('',(-0.875,-2.1,0.));
#12581 = VECTOR('',#12582,1.);
#12582 = DIRECTION('',(-1.,0.,0.));
#12583 = PCURVE('',#12494,#12584);
#12584 = DEFINITIONAL_REPRESENTATION('',(#12585),#12589);
#12585 = LINE('',#12586,#12587);
#12586 = CARTESIAN_POINT('',(0.,-0.));
#12587 = VECTOR('',#12588,1.);
#12588 = DIRECTION('',(1.,0.));
#12589 = ( GEOMETRIC_REPRESENTATION_CONTEXT(2) 
PARAMETRIC_REPRESENTATION_CONTEXT() REPRESENTATION_CONTEXT('2D SPACE',''
  ) );
#12590 = PCURVE('',#12439,#12591);
#12591 = DEFINITIONAL_REPRESENTATION('',(#12592),#12596);
#12592 = LINE('',#12593,#12594);
#12593 = CARTESIAN_POINT('',(0.125,0.2));
#12594 = VECTOR('',#12595,1.);
#12595 = DIRECTION('',(-1.,0.));
#12596 = ( GEOMETRIC_REPRESENTATION_CONTEXT(2) 
PARAMETRIC_REPRESENTATION_CONTEXT() REPRESENTATION_CONTEXT('2D SPACE',''
  ) );
#12597 = ADVANCED_FACE('',(#12598),#12357,.F.);
#12598 = FACE_BOUND('',#12599,.F.);
#12599 = EDGE_LOOP('',(#12600,#12601,#12622,#12623));
#12600 = ORIENTED_EDGE('',*,*,#12554,.T.);
#12601 = ORIENTED_EDGE('',*,*,#12602,.T.);
#12602 = EDGE_CURVE('',#12532,#12337,#12603,.T.);
#12603 = SURFACE_CURVE('',#12604,(#12608,#12615),.PCURVE_S1.);
#12604 = LINE('',#12605,#12606);
#12605 = CARTESIAN_POINT('',(-1.125,-2.1,0.2));
#12606 = VECTOR('',#12607,1.);
#12607 = DIRECTION('',(0.,-1.,0.));
#12608 = PCURVE('',#12357,#12609);
#12609 = DEFINITIONAL_REPRESENTATION('',(#12610),#12614);
#12610 = LINE('',#12611,#12612);
#12611 = CARTESIAN_POINT('',(0.,-0.2));
#12612 = VECTOR('',#12613,1.);
#12613 = DIRECTION('',(1.,0.));
#12614 = ( GEOMETRIC_REPRESENTATION_CONTEXT(2) 
PARAMETRIC_REPRESENTATION_CONTEXT() REPRESENTATION_CONTEXT('2D SPACE',''
  ) );
#12615 = PCURVE('',#12385,#12616);
#12616 = DEFINITIONAL_REPRESENTATION('',(#12617),#12621);
#12617 = LINE('',#12618,#12619);
#12618 = CARTESIAN_POINT('',(-0.125,0.2));
#12619 = VECTOR('',#12620,1.);
#12620 = DIRECTION('',(0.,-1.));
#12621 = ( GEOMETRIC_REPRESENTATION_CONTEXT(2) 
PARAMETRIC_REPRESENTATION_CONTEXT() REPRESENTATION_CONTEXT('2D SPACE',''
  ) );
#12622 = ORIENTED_EDGE('',*,*,#12334,.F.);
#12623 = ORIENTED_EDGE('',*,*,#12624,.F.);
#12624 = EDGE_CURVE('',#12555,#12335,#12625,.T.);
#12625 = SURFACE_CURVE('',#12626,(#12630,#12637),.PCURVE_S1.);
#12626 = LINE('',#12627,#12628);
#12627 = CARTESIAN_POINT('',(-1.125,-2.1,0.));
#12628 = VECTOR('',#12629,1.);
#12629 = DIRECTION('',(0.,-1.,0.));
#12630 = PCURVE('',#12357,#12631);
#12631 = DEFINITIONAL_REPRESENTATION('',(#12632),#12636);
#12632 = LINE('',#12633,#12634);
#12633 = CARTESIAN_POINT('',(0.,0.));
#12634 = VECTOR('',#12635,1.);
#12635 = DIRECTION('',(1.,0.));
#12636 = ( GEOMETRIC_REPRESENTATION_CONTEXT(2) 
PARAMETRIC_REPRESENTATION_CONTEXT() REPRESENTATION_CONTEXT('2D SPACE',''
  ) );
#12637 = PCURVE('',#12439,#12638);
#12638 = DEFINITIONAL_REPRESENTATION('',(#12639),#12643);
#12639 = LINE('',#12640,#12641);
#12640 = CARTESIAN_POINT('',(-0.125,0.2));
#12641 = VECTOR('',#12642,1.);
#12642 = DIRECTION('',(0.,-1.));
#12643 = ( GEOMETRIC_REPRESENTATION_CONTEXT(2) 
PARAMETRIC_REPRESENTATION_CONTEXT() REPRESENTATION_CONTEXT('2D SPACE',''
  ) );
#12644 = ADVANCED_FACE('',(#12645),#12439,.F.);
#12645 = FACE_BOUND('',#12646,.F.);
#12646 = EDGE_LOOP('',(#12647,#12648,#12649,#12650));
#12647 = ORIENTED_EDGE('',*,*,#12425,.T.);
#12648 = ORIENTED_EDGE('',*,*,#12506,.T.);
#12649 = ORIENTED_EDGE('',*,*,#12577,.T.);
#12650 = ORIENTED_EDGE('',*,*,#12624,.T.);
#12651 = ADVANCED_FACE('',(#12652),#12385,.T.);
#12652 = FACE_BOUND('',#12653,.T.);
#12653 = EDGE_LOOP('',(#12654,#12655,#12656,#12657));
#12654 = ORIENTED_EDGE('',*,*,#12369,.T.);
#12655 = ORIENTED_EDGE('',*,*,#12455,.T.);
#12656 = ORIENTED_EDGE('',*,*,#12531,.T.);
#12657 = ORIENTED_EDGE('',*,*,#12602,.T.);
#12658 = ( GEOMETRIC_REPRESENTATION_CONTEXT(3) 
GLOBAL_UNCERTAINTY_ASSIGNED_CONTEXT((#12662)) 
GLOBAL_UNIT_ASSIGNED_CONTEXT((#12659,#12660,#12661)) 
REPRESENTATION_CONTEXT('Context #1',
  '3D Context with UNIT and UNCERTAINTY') );
#12659 = ( LENGTH_UNIT() NAMED_UNIT(*) SI_UNIT(.MILLI.,.METRE.) );
#12660 = ( NAMED_UNIT(*) PLANE_ANGLE_UNIT() SI_UNIT($,.RADIAN.) );
#12661 = ( NAMED_UNIT(*) SI_UNIT($,.STERADIAN.) SOLID_ANGLE_UNIT() );
#12662 = UNCERTAINTY_MEASURE_WITH_UNIT(LENGTH_MEASURE(1.E-07),#12659,
  'distance_accuracy_value','confusion accuracy');
#12663 = CONTEXT_DEPENDENT_SHAPE_REPRESENTATION(#12664,#12666);
#12664 = ( REPRESENTATION_RELATIONSHIP('','',#12327,#10) 
REPRESENTATION_RELATIONSHIP_WITH_TRANSFORMATION(#12665) 
SHAPE_REPRESENTATION_RELATIONSHIP() );
#12665 = ITEM_DEFINED_TRANSFORMATION('','',#11,#59);
#12666 = PRODUCT_DEFINITION_SHAPE('Placement','Placement of an item',
  #12667);
#12667 = NEXT_ASSEMBLY_USAGE_OCCURRENCE('12','terminal9','',#5,#12322,$
  );
#12668 = PRODUCT_RELATED_PRODUCT_CATEGORY('part',$,(#12324));
#12669 = SHAPE_DEFINITION_REPRESENTATION(#12670,#12676);
#12670 = PRODUCT_DEFINITION_SHAPE('','',#12671);
#12671 = PRODUCT_DEFINITION('design','',#12672,#12675);
#12672 = PRODUCT_DEFINITION_FORMATION('','',#12673);
#12673 = PRODUCT('terminal10','terminal10','',(#12674));
#12674 = PRODUCT_CONTEXT('',#2,'mechanical');
#12675 = PRODUCT_DEFINITION_CONTEXT('part definition',#2,'design');
#12676 = ADVANCED_BREP_SHAPE_REPRESENTATION('',(#11,#12677),#13007);
#12677 = MANIFOLD_SOLID_BREP('',#12678);
#12678 = CLOSED_SHELL('',(#12679,#12799,#12875,#12946,#12993,#13000));
#12679 = ADVANCED_FACE('',(#12680),#12694,.F.);
#12680 = FACE_BOUND('',#12681,.F.);
#12681 = EDGE_LOOP('',(#12682,#12717,#12745,#12773));
#12682 = ORIENTED_EDGE('',*,*,#12683,.T.);
#12683 = EDGE_CURVE('',#12684,#12686,#12688,.T.);
#12684 = VERTEX_POINT('',#12685);
#12685 = CARTESIAN_POINT('',(-0.625,-2.5,0.));
#12686 = VERTEX_POINT('',#12687);
#12687 = CARTESIAN_POINT('',(-0.625,-2.5,0.2));
#12688 = SURFACE_CURVE('',#12689,(#12693,#12705),.PCURVE_S1.);
#12689 = LINE('',#12690,#12691);
#12690 = CARTESIAN_POINT('',(-0.625,-2.5,0.));
#12691 = VECTOR('',#12692,1.);
#12692 = DIRECTION('',(0.,0.,1.));
#12693 = PCURVE('',#12694,#12699);
#12694 = PLANE('',#12695);
#12695 = AXIS2_PLACEMENT_3D('',#12696,#12697,#12698);
#12696 = CARTESIAN_POINT('',(-0.625,-2.5,0.));
#12697 = DIRECTION('',(0.,1.,0.));
#12698 = DIRECTION('',(1.,0.,0.));
#12699 = DEFINITIONAL_REPRESENTATION('',(#12700),#12704);
#12700 = LINE('',#12701,#12702);
#12701 = CARTESIAN_POINT('',(0.,0.));
#12702 = VECTOR('',#12703,1.);
#12703 = DIRECTION('',(0.,-1.));
#12704 = ( GEOMETRIC_REPRESENTATION_CONTEXT(2) 
PARAMETRIC_REPRESENTATION_CONTEXT() REPRESENTATION_CONTEXT('2D SPACE',''
  ) );
#12705 = PCURVE('',#12706,#12711);
#12706 = PLANE('',#12707);
#12707 = AXIS2_PLACEMENT_3D('',#12708,#12709,#12710);
#12708 = CARTESIAN_POINT('',(-0.625,-2.1,0.));
#12709 = DIRECTION('',(1.,0.,-0.));
#12710 = DIRECTION('',(0.,-1.,0.));
#12711 = DEFINITIONAL_REPRESENTATION('',(#12712),#12716);
#12712 = LINE('',#12713,#12714);
#12713 = CARTESIAN_POINT('',(0.4,0.));
#12714 = VECTOR('',#12715,1.);
#12715 = DIRECTION('',(0.,-1.));
#12716 = ( GEOMETRIC_REPRESENTATION_CONTEXT(2) 
PARAMETRIC_REPRESENTATION_CONTEXT() REPRESENTATION_CONTEXT('2D SPACE',''
  ) );
#12717 = ORIENTED_EDGE('',*,*,#12718,.T.);
#12718 = EDGE_CURVE('',#12686,#12719,#12721,.T.);
#12719 = VERTEX_POINT('',#12720);
#12720 = CARTESIAN_POINT('',(-0.375,-2.5,0.2));
#12721 = SURFACE_CURVE('',#12722,(#12726,#12733),.PCURVE_S1.);
#12722 = LINE('',#12723,#12724);
#12723 = CARTESIAN_POINT('',(-0.625,-2.5,0.2));
#12724 = VECTOR('',#12725,1.);
#12725 = DIRECTION('',(1.,0.,0.));
#12726 = PCURVE('',#12694,#12727);
#12727 = DEFINITIONAL_REPRESENTATION('',(#12728),#12732);
#12728 = LINE('',#12729,#12730);
#12729 = CARTESIAN_POINT('',(0.,-0.2));
#12730 = VECTOR('',#12731,1.);
#12731 = DIRECTION('',(1.,0.));
#12732 = ( GEOMETRIC_REPRESENTATION_CONTEXT(2) 
PARAMETRIC_REPRESENTATION_CONTEXT() REPRESENTATION_CONTEXT('2D SPACE',''
  ) );
#12733 = PCURVE('',#12734,#12739);
#12734 = PLANE('',#12735);
#12735 = AXIS2_PLACEMENT_3D('',#12736,#12737,#12738);
#12736 = CARTESIAN_POINT('',(-0.5,-2.3,0.2));
#12737 = DIRECTION('',(0.,0.,1.));
#12738 = DIRECTION('',(1.,0.,-0.));
#12739 = DEFINITIONAL_REPRESENTATION('',(#12740),#12744);
#12740 = LINE('',#12741,#12742);
#12741 = CARTESIAN_POINT('',(-0.125,-0.2));
#12742 = VECTOR('',#12743,1.);
#12743 = DIRECTION('',(1.,0.));
#12744 = ( GEOMETRIC_REPRESENTATION_CONTEXT(2) 
PARAMETRIC_REPRESENTATION_CONTEXT() REPRESENTATION_CONTEXT('2D SPACE',''
  ) );
#12745 = ORIENTED_EDGE('',*,*,#12746,.F.);
#12746 = EDGE_CURVE('',#12747,#12719,#12749,.T.);
#12747 = VERTEX_POINT('',#12748);
#12748 = CARTESIAN_POINT('',(-0.375,-2.5,0.));
#12749 = SURFACE_CURVE('',#12750,(#12754,#12761),.PCURVE_S1.);
#12750 = LINE('',#12751,#12752);
#12751 = CARTESIAN_POINT('',(-0.375,-2.5,0.));
#12752 = VECTOR('',#12753,1.);
#12753 = DIRECTION('',(0.,0.,1.));
#12754 = PCURVE('',#12694,#12755);
#12755 = DEFINITIONAL_REPRESENTATION('',(#12756),#12760);
#12756 = LINE('',#12757,#12758);
#12757 = CARTESIAN_POINT('',(0.25,0.));
#12758 = VECTOR('',#12759,1.);
#12759 = DIRECTION('',(0.,-1.));
#12760 = ( GEOMETRIC_REPRESENTATION_CONTEXT(2) 
PARAMETRIC_REPRESENTATION_CONTEXT() REPRESENTATION_CONTEXT('2D SPACE',''
  ) );
#12761 = PCURVE('',#12762,#12767);
#12762 = PLANE('',#12763);
#12763 = AXIS2_PLACEMENT_3D('',#12764,#12765,#12766);
#12764 = CARTESIAN_POINT('',(-0.375,-2.5,0.));
#12765 = DIRECTION('',(-1.,0.,0.));
#12766 = DIRECTION('',(0.,1.,0.));
#12767 = DEFINITIONAL_REPRESENTATION('',(#12768),#12772);
#12768 = LINE('',#12769,#12770);
#12769 = CARTESIAN_POINT('',(0.,0.));
#12770 = VECTOR('',#12771,1.);
#12771 = DIRECTION('',(0.,-1.));
#12772 = ( GEOMETRIC_REPRESENTATION_CONTEXT(2) 
PARAMETRIC_REPRESENTATION_CONTEXT() REPRESENTATION_CONTEXT('2D SPACE',''
  ) );
#12773 = ORIENTED_EDGE('',*,*,#12774,.F.);
#12774 = EDGE_CURVE('',#12684,#12747,#12775,.T.);
#12775 = SURFACE_CURVE('',#12776,(#12780,#12787),.PCURVE_S1.);
#12776 = LINE('',#12777,#12778);
#12777 = CARTESIAN_POINT('',(-0.625,-2.5,0.));
#12778 = VECTOR('',#12779,1.);
#12779 = DIRECTION('',(1.,0.,0.));
#12780 = PCURVE('',#12694,#12781);
#12781 = DEFINITIONAL_REPRESENTATION('',(#12782),#12786);
#12782 = LINE('',#12783,#12784);
#12783 = CARTESIAN_POINT('',(0.,0.));
#12784 = VECTOR('',#12785,1.);
#12785 = DIRECTION('',(1.,0.));
#12786 = ( GEOMETRIC_REPRESENTATION_CONTEXT(2) 
PARAMETRIC_REPRESENTATION_CONTEXT() REPRESENTATION_CONTEXT('2D SPACE',''
  ) );
#12787 = PCURVE('',#12788,#12793);
#12788 = PLANE('',#12789);
#12789 = AXIS2_PLACEMENT_3D('',#12790,#12791,#12792);
#12790 = CARTESIAN_POINT('',(-0.5,-2.3,0.));
#12791 = DIRECTION('',(0.,0.,1.));
#12792 = DIRECTION('',(1.,0.,-0.));
#12793 = DEFINITIONAL_REPRESENTATION('',(#12794),#12798);
#12794 = LINE('',#12795,#12796);
#12795 = CARTESIAN_POINT('',(-0.125,-0.2));
#12796 = VECTOR('',#12797,1.);
#12797 = DIRECTION('',(1.,0.));
#12798 = ( GEOMETRIC_REPRESENTATION_CONTEXT(2) 
PARAMETRIC_REPRESENTATION_CONTEXT() REPRESENTATION_CONTEXT('2D SPACE',''
  ) );
#12799 = ADVANCED_FACE('',(#12800),#12762,.F.);
#12800 = FACE_BOUND('',#12801,.F.);
#12801 = EDGE_LOOP('',(#12802,#12803,#12826,#12854));
#12802 = ORIENTED_EDGE('',*,*,#12746,.T.);
#12803 = ORIENTED_EDGE('',*,*,#12804,.T.);
#12804 = EDGE_CURVE('',#12719,#12805,#12807,.T.);
#12805 = VERTEX_POINT('',#12806);
#12806 = CARTESIAN_POINT('',(-0.375,-2.1,0.2));
#12807 = SURFACE_CURVE('',#12808,(#12812,#12819),.PCURVE_S1.);
#12808 = LINE('',#12809,#12810);
#12809 = CARTESIAN_POINT('',(-0.375,-2.5,0.2));
#12810 = VECTOR('',#12811,1.);
#12811 = DIRECTION('',(0.,1.,0.));
#12812 = PCURVE('',#12762,#12813);
#12813 = DEFINITIONAL_REPRESENTATION('',(#12814),#12818);
#12814 = LINE('',#12815,#12816);
#12815 = CARTESIAN_POINT('',(0.,-0.2));
#12816 = VECTOR('',#12817,1.);
#12817 = DIRECTION('',(1.,0.));
#12818 = ( GEOMETRIC_REPRESENTATION_CONTEXT(2) 
PARAMETRIC_REPRESENTATION_CONTEXT() REPRESENTATION_CONTEXT('2D SPACE',''
  ) );
#12819 = PCURVE('',#12734,#12820);
#12820 = DEFINITIONAL_REPRESENTATION('',(#12821),#12825);
#12821 = LINE('',#12822,#12823);
#12822 = CARTESIAN_POINT('',(0.125,-0.2));
#12823 = VECTOR('',#12824,1.);
#12824 = DIRECTION('',(0.,1.));
#12825 = ( GEOMETRIC_REPRESENTATION_CONTEXT(2) 
PARAMETRIC_REPRESENTATION_CONTEXT() REPRESENTATION_CONTEXT('2D SPACE',''
  ) );
#12826 = ORIENTED_EDGE('',*,*,#12827,.F.);
#12827 = EDGE_CURVE('',#12828,#12805,#12830,.T.);
#12828 = VERTEX_POINT('',#12829);
#12829 = CARTESIAN_POINT('',(-0.375,-2.1,0.));
#12830 = SURFACE_CURVE('',#12831,(#12835,#12842),.PCURVE_S1.);
#12831 = LINE('',#12832,#12833);
#12832 = CARTESIAN_POINT('',(-0.375,-2.1,0.));
#12833 = VECTOR('',#12834,1.);
#12834 = DIRECTION('',(0.,0.,1.));
#12835 = PCURVE('',#12762,#12836);
#12836 = DEFINITIONAL_REPRESENTATION('',(#12837),#12841);
#12837 = LINE('',#12838,#12839);
#12838 = CARTESIAN_POINT('',(0.4,0.));
#12839 = VECTOR('',#12840,1.);
#12840 = DIRECTION('',(0.,-1.));
#12841 = ( GEOMETRIC_REPRESENTATION_CONTEXT(2) 
PARAMETRIC_REPRESENTATION_CONTEXT() REPRESENTATION_CONTEXT('2D SPACE',''
  ) );
#12842 = PCURVE('',#12843,#12848);
#12843 = PLANE('',#12844);
#12844 = AXIS2_PLACEMENT_3D('',#12845,#12846,#12847);
#12845 = CARTESIAN_POINT('',(-0.375,-2.1,0.));
#12846 = DIRECTION('',(0.,-1.,0.));
#12847 = DIRECTION('',(-1.,0.,0.));
#12848 = DEFINITIONAL_REPRESENTATION('',(#12849),#12853);
#12849 = LINE('',#12850,#12851);
#12850 = CARTESIAN_POINT('',(0.,-0.));
#12851 = VECTOR('',#12852,1.);
#12852 = DIRECTION('',(0.,-1.));
#12853 = ( GEOMETRIC_REPRESENTATION_CONTEXT(2) 
PARAMETRIC_REPRESENTATION_CONTEXT() REPRESENTATION_CONTEXT('2D SPACE',''
  ) );
#12854 = ORIENTED_EDGE('',*,*,#12855,.F.);
#12855 = EDGE_CURVE('',#12747,#12828,#12856,.T.);
#12856 = SURFACE_CURVE('',#12857,(#12861,#12868),.PCURVE_S1.);
#12857 = LINE('',#12858,#12859);
#12858 = CARTESIAN_POINT('',(-0.375,-2.5,0.));
#12859 = VECTOR('',#12860,1.);
#12860 = DIRECTION('',(0.,1.,0.));
#12861 = PCURVE('',#12762,#12862);
#12862 = DEFINITIONAL_REPRESENTATION('',(#12863),#12867);
#12863 = LINE('',#12864,#12865);
#12864 = CARTESIAN_POINT('',(0.,0.));
#12865 = VECTOR('',#12866,1.);
#12866 = DIRECTION('',(1.,0.));
#12867 = ( GEOMETRIC_REPRESENTATION_CONTEXT(2) 
PARAMETRIC_REPRESENTATION_CONTEXT() REPRESENTATION_CONTEXT('2D SPACE',''
  ) );
#12868 = PCURVE('',#12788,#12869);
#12869 = DEFINITIONAL_REPRESENTATION('',(#12870),#12874);
#12870 = LINE('',#12871,#12872);
#12871 = CARTESIAN_POINT('',(0.125,-0.2));
#12872 = VECTOR('',#12873,1.);
#12873 = DIRECTION('',(0.,1.));
#12874 = ( GEOMETRIC_REPRESENTATION_CONTEXT(2) 
PARAMETRIC_REPRESENTATION_CONTEXT() REPRESENTATION_CONTEXT('2D SPACE',''
  ) );
#12875 = ADVANCED_FACE('',(#12876),#12843,.F.);
#12876 = FACE_BOUND('',#12877,.F.);
#12877 = EDGE_LOOP('',(#12878,#12879,#12902,#12925));
#12878 = ORIENTED_EDGE('',*,*,#12827,.T.);
#12879 = ORIENTED_EDGE('',*,*,#12880,.T.);
#12880 = EDGE_CURVE('',#12805,#12881,#12883,.T.);
#12881 = VERTEX_POINT('',#12882);
#12882 = CARTESIAN_POINT('',(-0.625,-2.1,0.2));
#12883 = SURFACE_CURVE('',#12884,(#12888,#12895),.PCURVE_S1.);
#12884 = LINE('',#12885,#12886);
#12885 = CARTESIAN_POINT('',(-0.375,-2.1,0.2));
#12886 = VECTOR('',#12887,1.);
#12887 = DIRECTION('',(-1.,0.,0.));
#12888 = PCURVE('',#12843,#12889);
#12889 = DEFINITIONAL_REPRESENTATION('',(#12890),#12894);
#12890 = LINE('',#12891,#12892);
#12891 = CARTESIAN_POINT('',(0.,-0.2));
#12892 = VECTOR('',#12893,1.);
#12893 = DIRECTION('',(1.,0.));
#12894 = ( GEOMETRIC_REPRESENTATION_CONTEXT(2) 
PARAMETRIC_REPRESENTATION_CONTEXT() REPRESENTATION_CONTEXT('2D SPACE',''
  ) );
#12895 = PCURVE('',#12734,#12896);
#12896 = DEFINITIONAL_REPRESENTATION('',(#12897),#12901);
#12897 = LINE('',#12898,#12899);
#12898 = CARTESIAN_POINT('',(0.125,0.2));
#12899 = VECTOR('',#12900,1.);
#12900 = DIRECTION('',(-1.,0.));
#12901 = ( GEOMETRIC_REPRESENTATION_CONTEXT(2) 
PARAMETRIC_REPRESENTATION_CONTEXT() REPRESENTATION_CONTEXT('2D SPACE',''
  ) );
#12902 = ORIENTED_EDGE('',*,*,#12903,.F.);
#12903 = EDGE_CURVE('',#12904,#12881,#12906,.T.);
#12904 = VERTEX_POINT('',#12905);
#12905 = CARTESIAN_POINT('',(-0.625,-2.1,0.));
#12906 = SURFACE_CURVE('',#12907,(#12911,#12918),.PCURVE_S1.);
#12907 = LINE('',#12908,#12909);
#12908 = CARTESIAN_POINT('',(-0.625,-2.1,0.));
#12909 = VECTOR('',#12910,1.);
#12910 = DIRECTION('',(0.,0.,1.));
#12911 = PCURVE('',#12843,#12912);
#12912 = DEFINITIONAL_REPRESENTATION('',(#12913),#12917);
#12913 = LINE('',#12914,#12915);
#12914 = CARTESIAN_POINT('',(0.25,0.));
#12915 = VECTOR('',#12916,1.);
#12916 = DIRECTION('',(0.,-1.));
#12917 = ( GEOMETRIC_REPRESENTATION_CONTEXT(2) 
PARAMETRIC_REPRESENTATION_CONTEXT() REPRESENTATION_CONTEXT('2D SPACE',''
  ) );
#12918 = PCURVE('',#12706,#12919);
#12919 = DEFINITIONAL_REPRESENTATION('',(#12920),#12924);
#12920 = LINE('',#12921,#12922);
#12921 = CARTESIAN_POINT('',(0.,0.));
#12922 = VECTOR('',#12923,1.);
#12923 = DIRECTION('',(0.,-1.));
#12924 = ( GEOMETRIC_REPRESENTATION_CONTEXT(2) 
PARAMETRIC_REPRESENTATION_CONTEXT() REPRESENTATION_CONTEXT('2D SPACE',''
  ) );
#12925 = ORIENTED_EDGE('',*,*,#12926,.F.);
#12926 = EDGE_CURVE('',#12828,#12904,#12927,.T.);
#12927 = SURFACE_CURVE('',#12928,(#12932,#12939),.PCURVE_S1.);
#12928 = LINE('',#12929,#12930);
#12929 = CARTESIAN_POINT('',(-0.375,-2.1,0.));
#12930 = VECTOR('',#12931,1.);
#12931 = DIRECTION('',(-1.,0.,0.));
#12932 = PCURVE('',#12843,#12933);
#12933 = DEFINITIONAL_REPRESENTATION('',(#12934),#12938);
#12934 = LINE('',#12935,#12936);
#12935 = CARTESIAN_POINT('',(0.,-0.));
#12936 = VECTOR('',#12937,1.);
#12937 = DIRECTION('',(1.,0.));
#12938 = ( GEOMETRIC_REPRESENTATION_CONTEXT(2) 
PARAMETRIC_REPRESENTATION_CONTEXT() REPRESENTATION_CONTEXT('2D SPACE',''
  ) );
#12939 = PCURVE('',#12788,#12940);
#12940 = DEFINITIONAL_REPRESENTATION('',(#12941),#12945);
#12941 = LINE('',#12942,#12943);
#12942 = CARTESIAN_POINT('',(0.125,0.2));
#12943 = VECTOR('',#12944,1.);
#12944 = DIRECTION('',(-1.,0.));
#12945 = ( GEOMETRIC_REPRESENTATION_CONTEXT(2) 
PARAMETRIC_REPRESENTATION_CONTEXT() REPRESENTATION_CONTEXT('2D SPACE',''
  ) );
#12946 = ADVANCED_FACE('',(#12947),#12706,.F.);
#12947 = FACE_BOUND('',#12948,.F.);
#12948 = EDGE_LOOP('',(#12949,#12950,#12971,#12972));
#12949 = ORIENTED_EDGE('',*,*,#12903,.T.);
#12950 = ORIENTED_EDGE('',*,*,#12951,.T.);
#12951 = EDGE_CURVE('',#12881,#12686,#12952,.T.);
#12952 = SURFACE_CURVE('',#12953,(#12957,#12964),.PCURVE_S1.);
#12953 = LINE('',#12954,#12955);
#12954 = CARTESIAN_POINT('',(-0.625,-2.1,0.2));
#12955 = VECTOR('',#12956,1.);
#12956 = DIRECTION('',(0.,-1.,0.));
#12957 = PCURVE('',#12706,#12958);
#12958 = DEFINITIONAL_REPRESENTATION('',(#12959),#12963);
#12959 = LINE('',#12960,#12961);
#12960 = CARTESIAN_POINT('',(0.,-0.2));
#12961 = VECTOR('',#12962,1.);
#12962 = DIRECTION('',(1.,0.));
#12963 = ( GEOMETRIC_REPRESENTATION_CONTEXT(2) 
PARAMETRIC_REPRESENTATION_CONTEXT() REPRESENTATION_CONTEXT('2D SPACE',''
  ) );
#12964 = PCURVE('',#12734,#12965);
#12965 = DEFINITIONAL_REPRESENTATION('',(#12966),#12970);
#12966 = LINE('',#12967,#12968);
#12967 = CARTESIAN_POINT('',(-0.125,0.2));
#12968 = VECTOR('',#12969,1.);
#12969 = DIRECTION('',(0.,-1.));
#12970 = ( GEOMETRIC_REPRESENTATION_CONTEXT(2) 
PARAMETRIC_REPRESENTATION_CONTEXT() REPRESENTATION_CONTEXT('2D SPACE',''
  ) );
#12971 = ORIENTED_EDGE('',*,*,#12683,.F.);
#12972 = ORIENTED_EDGE('',*,*,#12973,.F.);
#12973 = EDGE_CURVE('',#12904,#12684,#12974,.T.);
#12974 = SURFACE_CURVE('',#12975,(#12979,#12986),.PCURVE_S1.);
#12975 = LINE('',#12976,#12977);
#12976 = CARTESIAN_POINT('',(-0.625,-2.1,0.));
#12977 = VECTOR('',#12978,1.);
#12978 = DIRECTION('',(0.,-1.,0.));
#12979 = PCURVE('',#12706,#12980);
#12980 = DEFINITIONAL_REPRESENTATION('',(#12981),#12985);
#12981 = LINE('',#12982,#12983);
#12982 = CARTESIAN_POINT('',(0.,0.));
#12983 = VECTOR('',#12984,1.);
#12984 = DIRECTION('',(1.,0.));
#12985 = ( GEOMETRIC_REPRESENTATION_CONTEXT(2) 
PARAMETRIC_REPRESENTATION_CONTEXT() REPRESENTATION_CONTEXT('2D SPACE',''
  ) );
#12986 = PCURVE('',#12788,#12987);
#12987 = DEFINITIONAL_REPRESENTATION('',(#12988),#12992);
#12988 = LINE('',#12989,#12990);
#12989 = CARTESIAN_POINT('',(-0.125,0.2));
#12990 = VECTOR('',#12991,1.);
#12991 = DIRECTION('',(0.,-1.));
#12992 = ( GEOMETRIC_REPRESENTATION_CONTEXT(2) 
PARAMETRIC_REPRESENTATION_CONTEXT() REPRESENTATION_CONTEXT('2D SPACE',''
  ) );
#12993 = ADVANCED_FACE('',(#12994),#12788,.F.);
#12994 = FACE_BOUND('',#12995,.F.);
#12995 = EDGE_LOOP('',(#12996,#12997,#12998,#12999));
#12996 = ORIENTED_EDGE('',*,*,#12774,.T.);
#12997 = ORIENTED_EDGE('',*,*,#12855,.T.);
#12998 = ORIENTED_EDGE('',*,*,#12926,.T.);
#12999 = ORIENTED_EDGE('',*,*,#12973,.T.);
#13000 = ADVANCED_FACE('',(#13001),#12734,.T.);
#13001 = FACE_BOUND('',#13002,.T.);
#13002 = EDGE_LOOP('',(#13003,#13004,#13005,#13006));
#13003 = ORIENTED_EDGE('',*,*,#12718,.T.);
#13004 = ORIENTED_EDGE('',*,*,#12804,.T.);
#13005 = ORIENTED_EDGE('',*,*,#12880,.T.);
#13006 = ORIENTED_EDGE('',*,*,#12951,.T.);
#13007 = ( GEOMETRIC_REPRESENTATION_CONTEXT(3) 
GLOBAL_UNCERTAINTY_ASSIGNED_CONTEXT((#13011)) 
GLOBAL_UNIT_ASSIGNED_CONTEXT((#13008,#13009,#13010)) 
REPRESENTATION_CONTEXT('Context #1',
  '3D Context with UNIT and UNCERTAINTY') );
#13008 = ( LENGTH_UNIT() NAMED_UNIT(*) SI_UNIT(.MILLI.,.METRE.) );
#13009 = ( NAMED_UNIT(*) PLANE_ANGLE_UNIT() SI_UNIT($,.RADIAN.) );
#13010 = ( NAMED_UNIT(*) SI_UNIT($,.STERADIAN.) SOLID_ANGLE_UNIT() );
#13011 = UNCERTAINTY_MEASURE_WITH_UNIT(LENGTH_MEASURE(1.E-07),#13008,
  'distance_accuracy_value','confusion accuracy');
#13012 = CONTEXT_DEPENDENT_SHAPE_REPRESENTATION(#13013,#13015);
#13013 = ( REPRESENTATION_RELATIONSHIP('','',#12676,#10) 
REPRESENTATION_RELATIONSHIP_WITH_TRANSFORMATION(#13014) 
SHAPE_REPRESENTATION_RELATIONSHIP() );
#13014 = ITEM_DEFINED_TRANSFORMATION('','',#11,#63);
#13015 = PRODUCT_DEFINITION_SHAPE('Placement','Placement of an item',
  #13016);
#13016 = NEXT_ASSEMBLY_USAGE_OCCURRENCE('13','terminal10','',#5,#12671,$
  );
#13017 = PRODUCT_RELATED_PRODUCT_CATEGORY('part',$,(#12673));
#13018 = SHAPE_DEFINITION_REPRESENTATION(#13019,#13025);
#13019 = PRODUCT_DEFINITION_SHAPE('','',#13020);
#13020 = PRODUCT_DEFINITION('design','',#13021,#13024);
#13021 = PRODUCT_DEFINITION_FORMATION('','',#13022);
#13022 = PRODUCT('terminal11','terminal11','',(#13023));
#13023 = PRODUCT_CONTEXT('',#2,'mechanical');
#13024 = PRODUCT_DEFINITION_CONTEXT('part definition',#2,'design');
#13025 = ADVANCED_BREP_SHAPE_REPRESENTATION('',(#11,#13026),#13356);
#13026 = MANIFOLD_SOLID_BREP('',#13027);
#13027 = CLOSED_SHELL('',(#13028,#13148,#13224,#13295,#13342,#13349));
#13028 = ADVANCED_FACE('',(#13029),#13043,.F.);
#13029 = FACE_BOUND('',#13030,.F.);
#13030 = EDGE_LOOP('',(#13031,#13066,#13094,#13122));
#13031 = ORIENTED_EDGE('',*,*,#13032,.T.);
#13032 = EDGE_CURVE('',#13033,#13035,#13037,.T.);
#13033 = VERTEX_POINT('',#13034);
#13034 = CARTESIAN_POINT('',(-0.125,-2.5,0.));
#13035 = VERTEX_POINT('',#13036);
#13036 = CARTESIAN_POINT('',(-0.125,-2.5,0.2));
#13037 = SURFACE_CURVE('',#13038,(#13042,#13054),.PCURVE_S1.);
#13038 = LINE('',#13039,#13040);
#13039 = CARTESIAN_POINT('',(-0.125,-2.5,0.));
#13040 = VECTOR('',#13041,1.);
#13041 = DIRECTION('',(0.,0.,1.));
#13042 = PCURVE('',#13043,#13048);
#13043 = PLANE('',#13044);
#13044 = AXIS2_PLACEMENT_3D('',#13045,#13046,#13047);
#13045 = CARTESIAN_POINT('',(-0.125,-2.5,0.));
#13046 = DIRECTION('',(0.,1.,0.));
#13047 = DIRECTION('',(1.,0.,0.));
#13048 = DEFINITIONAL_REPRESENTATION('',(#13049),#13053);
#13049 = LINE('',#13050,#13051);
#13050 = CARTESIAN_POINT('',(0.,0.));
#13051 = VECTOR('',#13052,1.);
#13052 = DIRECTION('',(0.,-1.));
#13053 = ( GEOMETRIC_REPRESENTATION_CONTEXT(2) 
PARAMETRIC_REPRESENTATION_CONTEXT() REPRESENTATION_CONTEXT('2D SPACE',''
  ) );
#13054 = PCURVE('',#13055,#13060);
#13055 = PLANE('',#13056);
#13056 = AXIS2_PLACEMENT_3D('',#13057,#13058,#13059);
#13057 = CARTESIAN_POINT('',(-0.125,-2.1,0.));
#13058 = DIRECTION('',(1.,0.,-0.));
#13059 = DIRECTION('',(0.,-1.,0.));
#13060 = DEFINITIONAL_REPRESENTATION('',(#13061),#13065);
#13061 = LINE('',#13062,#13063);
#13062 = CARTESIAN_POINT('',(0.4,0.));
#13063 = VECTOR('',#13064,1.);
#13064 = DIRECTION('',(0.,-1.));
#13065 = ( GEOMETRIC_REPRESENTATION_CONTEXT(2) 
PARAMETRIC_REPRESENTATION_CONTEXT() REPRESENTATION_CONTEXT('2D SPACE',''
  ) );
#13066 = ORIENTED_EDGE('',*,*,#13067,.T.);
#13067 = EDGE_CURVE('',#13035,#13068,#13070,.T.);
#13068 = VERTEX_POINT('',#13069);
#13069 = CARTESIAN_POINT('',(0.125,-2.5,0.2));
#13070 = SURFACE_CURVE('',#13071,(#13075,#13082),.PCURVE_S1.);
#13071 = LINE('',#13072,#13073);
#13072 = CARTESIAN_POINT('',(-0.125,-2.5,0.2));
#13073 = VECTOR('',#13074,1.);
#13074 = DIRECTION('',(1.,0.,0.));
#13075 = PCURVE('',#13043,#13076);
#13076 = DEFINITIONAL_REPRESENTATION('',(#13077),#13081);
#13077 = LINE('',#13078,#13079);
#13078 = CARTESIAN_POINT('',(0.,-0.2));
#13079 = VECTOR('',#13080,1.);
#13080 = DIRECTION('',(1.,0.));
#13081 = ( GEOMETRIC_REPRESENTATION_CONTEXT(2) 
PARAMETRIC_REPRESENTATION_CONTEXT() REPRESENTATION_CONTEXT('2D SPACE',''
  ) );
#13082 = PCURVE('',#13083,#13088);
#13083 = PLANE('',#13084);
#13084 = AXIS2_PLACEMENT_3D('',#13085,#13086,#13087);
#13085 = CARTESIAN_POINT('',(0.,-2.3,0.2));
#13086 = DIRECTION('',(0.,0.,1.));
#13087 = DIRECTION('',(1.,0.,-0.));
#13088 = DEFINITIONAL_REPRESENTATION('',(#13089),#13093);
#13089 = LINE('',#13090,#13091);
#13090 = CARTESIAN_POINT('',(-0.125,-0.2));
#13091 = VECTOR('',#13092,1.);
#13092 = DIRECTION('',(1.,0.));
#13093 = ( GEOMETRIC_REPRESENTATION_CONTEXT(2) 
PARAMETRIC_REPRESENTATION_CONTEXT() REPRESENTATION_CONTEXT('2D SPACE',''
  ) );
#13094 = ORIENTED_EDGE('',*,*,#13095,.F.);
#13095 = EDGE_CURVE('',#13096,#13068,#13098,.T.);
#13096 = VERTEX_POINT('',#13097);
#13097 = CARTESIAN_POINT('',(0.125,-2.5,0.));
#13098 = SURFACE_CURVE('',#13099,(#13103,#13110),.PCURVE_S1.);
#13099 = LINE('',#13100,#13101);
#13100 = CARTESIAN_POINT('',(0.125,-2.5,0.));
#13101 = VECTOR('',#13102,1.);
#13102 = DIRECTION('',(0.,0.,1.));
#13103 = PCURVE('',#13043,#13104);
#13104 = DEFINITIONAL_REPRESENTATION('',(#13105),#13109);
#13105 = LINE('',#13106,#13107);
#13106 = CARTESIAN_POINT('',(0.25,0.));
#13107 = VECTOR('',#13108,1.);
#13108 = DIRECTION('',(0.,-1.));
#13109 = ( GEOMETRIC_REPRESENTATION_CONTEXT(2) 
PARAMETRIC_REPRESENTATION_CONTEXT() REPRESENTATION_CONTEXT('2D SPACE',''
  ) );
#13110 = PCURVE('',#13111,#13116);
#13111 = PLANE('',#13112);
#13112 = AXIS2_PLACEMENT_3D('',#13113,#13114,#13115);
#13113 = CARTESIAN_POINT('',(0.125,-2.5,0.));
#13114 = DIRECTION('',(-1.,0.,0.));
#13115 = DIRECTION('',(0.,1.,0.));
#13116 = DEFINITIONAL_REPRESENTATION('',(#13117),#13121);
#13117 = LINE('',#13118,#13119);
#13118 = CARTESIAN_POINT('',(0.,0.));
#13119 = VECTOR('',#13120,1.);
#13120 = DIRECTION('',(0.,-1.));
#13121 = ( GEOMETRIC_REPRESENTATION_CONTEXT(2) 
PARAMETRIC_REPRESENTATION_CONTEXT() REPRESENTATION_CONTEXT('2D SPACE',''
  ) );
#13122 = ORIENTED_EDGE('',*,*,#13123,.F.);
#13123 = EDGE_CURVE('',#13033,#13096,#13124,.T.);
#13124 = SURFACE_CURVE('',#13125,(#13129,#13136),.PCURVE_S1.);
#13125 = LINE('',#13126,#13127);
#13126 = CARTESIAN_POINT('',(-0.125,-2.5,0.));
#13127 = VECTOR('',#13128,1.);
#13128 = DIRECTION('',(1.,0.,0.));
#13129 = PCURVE('',#13043,#13130);
#13130 = DEFINITIONAL_REPRESENTATION('',(#13131),#13135);
#13131 = LINE('',#13132,#13133);
#13132 = CARTESIAN_POINT('',(0.,0.));
#13133 = VECTOR('',#13134,1.);
#13134 = DIRECTION('',(1.,0.));
#13135 = ( GEOMETRIC_REPRESENTATION_CONTEXT(2) 
PARAMETRIC_REPRESENTATION_CONTEXT() REPRESENTATION_CONTEXT('2D SPACE',''
  ) );
#13136 = PCURVE('',#13137,#13142);
#13137 = PLANE('',#13138);
#13138 = AXIS2_PLACEMENT_3D('',#13139,#13140,#13141);
#13139 = CARTESIAN_POINT('',(0.,-2.3,0.));
#13140 = DIRECTION('',(0.,0.,1.));
#13141 = DIRECTION('',(1.,0.,-0.));
#13142 = DEFINITIONAL_REPRESENTATION('',(#13143),#13147);
#13143 = LINE('',#13144,#13145);
#13144 = CARTESIAN_POINT('',(-0.125,-0.2));
#13145 = VECTOR('',#13146,1.);
#13146 = DIRECTION('',(1.,0.));
#13147 = ( GEOMETRIC_REPRESENTATION_CONTEXT(2) 
PARAMETRIC_REPRESENTATION_CONTEXT() REPRESENTATION_CONTEXT('2D SPACE',''
  ) );
#13148 = ADVANCED_FACE('',(#13149),#13111,.F.);
#13149 = FACE_BOUND('',#13150,.F.);
#13150 = EDGE_LOOP('',(#13151,#13152,#13175,#13203));
#13151 = ORIENTED_EDGE('',*,*,#13095,.T.);
#13152 = ORIENTED_EDGE('',*,*,#13153,.T.);
#13153 = EDGE_CURVE('',#13068,#13154,#13156,.T.);
#13154 = VERTEX_POINT('',#13155);
#13155 = CARTESIAN_POINT('',(0.125,-2.1,0.2));
#13156 = SURFACE_CURVE('',#13157,(#13161,#13168),.PCURVE_S1.);
#13157 = LINE('',#13158,#13159);
#13158 = CARTESIAN_POINT('',(0.125,-2.5,0.2));
#13159 = VECTOR('',#13160,1.);
#13160 = DIRECTION('',(0.,1.,0.));
#13161 = PCURVE('',#13111,#13162);
#13162 = DEFINITIONAL_REPRESENTATION('',(#13163),#13167);
#13163 = LINE('',#13164,#13165);
#13164 = CARTESIAN_POINT('',(0.,-0.2));
#13165 = VECTOR('',#13166,1.);
#13166 = DIRECTION('',(1.,0.));
#13167 = ( GEOMETRIC_REPRESENTATION_CONTEXT(2) 
PARAMETRIC_REPRESENTATION_CONTEXT() REPRESENTATION_CONTEXT('2D SPACE',''
  ) );
#13168 = PCURVE('',#13083,#13169);
#13169 = DEFINITIONAL_REPRESENTATION('',(#13170),#13174);
#13170 = LINE('',#13171,#13172);
#13171 = CARTESIAN_POINT('',(0.125,-0.2));
#13172 = VECTOR('',#13173,1.);
#13173 = DIRECTION('',(0.,1.));
#13174 = ( GEOMETRIC_REPRESENTATION_CONTEXT(2) 
PARAMETRIC_REPRESENTATION_CONTEXT() REPRESENTATION_CONTEXT('2D SPACE',''
  ) );
#13175 = ORIENTED_EDGE('',*,*,#13176,.F.);
#13176 = EDGE_CURVE('',#13177,#13154,#13179,.T.);
#13177 = VERTEX_POINT('',#13178);
#13178 = CARTESIAN_POINT('',(0.125,-2.1,0.));
#13179 = SURFACE_CURVE('',#13180,(#13184,#13191),.PCURVE_S1.);
#13180 = LINE('',#13181,#13182);
#13181 = CARTESIAN_POINT('',(0.125,-2.1,0.));
#13182 = VECTOR('',#13183,1.);
#13183 = DIRECTION('',(0.,0.,1.));
#13184 = PCURVE('',#13111,#13185);
#13185 = DEFINITIONAL_REPRESENTATION('',(#13186),#13190);
#13186 = LINE('',#13187,#13188);
#13187 = CARTESIAN_POINT('',(0.4,0.));
#13188 = VECTOR('',#13189,1.);
#13189 = DIRECTION('',(0.,-1.));
#13190 = ( GEOMETRIC_REPRESENTATION_CONTEXT(2) 
PARAMETRIC_REPRESENTATION_CONTEXT() REPRESENTATION_CONTEXT('2D SPACE',''
  ) );
#13191 = PCURVE('',#13192,#13197);
#13192 = PLANE('',#13193);
#13193 = AXIS2_PLACEMENT_3D('',#13194,#13195,#13196);
#13194 = CARTESIAN_POINT('',(0.125,-2.1,0.));
#13195 = DIRECTION('',(0.,-1.,0.));
#13196 = DIRECTION('',(-1.,0.,0.));
#13197 = DEFINITIONAL_REPRESENTATION('',(#13198),#13202);
#13198 = LINE('',#13199,#13200);
#13199 = CARTESIAN_POINT('',(0.,-0.));
#13200 = VECTOR('',#13201,1.);
#13201 = DIRECTION('',(0.,-1.));
#13202 = ( GEOMETRIC_REPRESENTATION_CONTEXT(2) 
PARAMETRIC_REPRESENTATION_CONTEXT() REPRESENTATION_CONTEXT('2D SPACE',''
  ) );
#13203 = ORIENTED_EDGE('',*,*,#13204,.F.);
#13204 = EDGE_CURVE('',#13096,#13177,#13205,.T.);
#13205 = SURFACE_CURVE('',#13206,(#13210,#13217),.PCURVE_S1.);
#13206 = LINE('',#13207,#13208);
#13207 = CARTESIAN_POINT('',(0.125,-2.5,0.));
#13208 = VECTOR('',#13209,1.);
#13209 = DIRECTION('',(0.,1.,0.));
#13210 = PCURVE('',#13111,#13211);
#13211 = DEFINITIONAL_REPRESENTATION('',(#13212),#13216);
#13212 = LINE('',#13213,#13214);
#13213 = CARTESIAN_POINT('',(0.,0.));
#13214 = VECTOR('',#13215,1.);
#13215 = DIRECTION('',(1.,0.));
#13216 = ( GEOMETRIC_REPRESENTATION_CONTEXT(2) 
PARAMETRIC_REPRESENTATION_CONTEXT() REPRESENTATION_CONTEXT('2D SPACE',''
  ) );
#13217 = PCURVE('',#13137,#13218);
#13218 = DEFINITIONAL_REPRESENTATION('',(#13219),#13223);
#13219 = LINE('',#13220,#13221);
#13220 = CARTESIAN_POINT('',(0.125,-0.2));
#13221 = VECTOR('',#13222,1.);
#13222 = DIRECTION('',(0.,1.));
#13223 = ( GEOMETRIC_REPRESENTATION_CONTEXT(2) 
PARAMETRIC_REPRESENTATION_CONTEXT() REPRESENTATION_CONTEXT('2D SPACE',''
  ) );
#13224 = ADVANCED_FACE('',(#13225),#13192,.F.);
#13225 = FACE_BOUND('',#13226,.F.);
#13226 = EDGE_LOOP('',(#13227,#13228,#13251,#13274));
#13227 = ORIENTED_EDGE('',*,*,#13176,.T.);
#13228 = ORIENTED_EDGE('',*,*,#13229,.T.);
#13229 = EDGE_CURVE('',#13154,#13230,#13232,.T.);
#13230 = VERTEX_POINT('',#13231);
#13231 = CARTESIAN_POINT('',(-0.125,-2.1,0.2));
#13232 = SURFACE_CURVE('',#13233,(#13237,#13244),.PCURVE_S1.);
#13233 = LINE('',#13234,#13235);
#13234 = CARTESIAN_POINT('',(0.125,-2.1,0.2));
#13235 = VECTOR('',#13236,1.);
#13236 = DIRECTION('',(-1.,0.,0.));
#13237 = PCURVE('',#13192,#13238);
#13238 = DEFINITIONAL_REPRESENTATION('',(#13239),#13243);
#13239 = LINE('',#13240,#13241);
#13240 = CARTESIAN_POINT('',(0.,-0.2));
#13241 = VECTOR('',#13242,1.);
#13242 = DIRECTION('',(1.,0.));
#13243 = ( GEOMETRIC_REPRESENTATION_CONTEXT(2) 
PARAMETRIC_REPRESENTATION_CONTEXT() REPRESENTATION_CONTEXT('2D SPACE',''
  ) );
#13244 = PCURVE('',#13083,#13245);
#13245 = DEFINITIONAL_REPRESENTATION('',(#13246),#13250);
#13246 = LINE('',#13247,#13248);
#13247 = CARTESIAN_POINT('',(0.125,0.2));
#13248 = VECTOR('',#13249,1.);
#13249 = DIRECTION('',(-1.,0.));
#13250 = ( GEOMETRIC_REPRESENTATION_CONTEXT(2) 
PARAMETRIC_REPRESENTATION_CONTEXT() REPRESENTATION_CONTEXT('2D SPACE',''
  ) );
#13251 = ORIENTED_EDGE('',*,*,#13252,.F.);
#13252 = EDGE_CURVE('',#13253,#13230,#13255,.T.);
#13253 = VERTEX_POINT('',#13254);
#13254 = CARTESIAN_POINT('',(-0.125,-2.1,0.));
#13255 = SURFACE_CURVE('',#13256,(#13260,#13267),.PCURVE_S1.);
#13256 = LINE('',#13257,#13258);
#13257 = CARTESIAN_POINT('',(-0.125,-2.1,0.));
#13258 = VECTOR('',#13259,1.);
#13259 = DIRECTION('',(0.,0.,1.));
#13260 = PCURVE('',#13192,#13261);
#13261 = DEFINITIONAL_REPRESENTATION('',(#13262),#13266);
#13262 = LINE('',#13263,#13264);
#13263 = CARTESIAN_POINT('',(0.25,0.));
#13264 = VECTOR('',#13265,1.);
#13265 = DIRECTION('',(0.,-1.));
#13266 = ( GEOMETRIC_REPRESENTATION_CONTEXT(2) 
PARAMETRIC_REPRESENTATION_CONTEXT() REPRESENTATION_CONTEXT('2D SPACE',''
  ) );
#13267 = PCURVE('',#13055,#13268);
#13268 = DEFINITIONAL_REPRESENTATION('',(#13269),#13273);
#13269 = LINE('',#13270,#13271);
#13270 = CARTESIAN_POINT('',(0.,0.));
#13271 = VECTOR('',#13272,1.);
#13272 = DIRECTION('',(0.,-1.));
#13273 = ( GEOMETRIC_REPRESENTATION_CONTEXT(2) 
PARAMETRIC_REPRESENTATION_CONTEXT() REPRESENTATION_CONTEXT('2D SPACE',''
  ) );
#13274 = ORIENTED_EDGE('',*,*,#13275,.F.);
#13275 = EDGE_CURVE('',#13177,#13253,#13276,.T.);
#13276 = SURFACE_CURVE('',#13277,(#13281,#13288),.PCURVE_S1.);
#13277 = LINE('',#13278,#13279);
#13278 = CARTESIAN_POINT('',(0.125,-2.1,0.));
#13279 = VECTOR('',#13280,1.);
#13280 = DIRECTION('',(-1.,0.,0.));
#13281 = PCURVE('',#13192,#13282);
#13282 = DEFINITIONAL_REPRESENTATION('',(#13283),#13287);
#13283 = LINE('',#13284,#13285);
#13284 = CARTESIAN_POINT('',(0.,-0.));
#13285 = VECTOR('',#13286,1.);
#13286 = DIRECTION('',(1.,0.));
#13287 = ( GEOMETRIC_REPRESENTATION_CONTEXT(2) 
PARAMETRIC_REPRESENTATION_CONTEXT() REPRESENTATION_CONTEXT('2D SPACE',''
  ) );
#13288 = PCURVE('',#13137,#13289);
#13289 = DEFINITIONAL_REPRESENTATION('',(#13290),#13294);
#13290 = LINE('',#13291,#13292);
#13291 = CARTESIAN_POINT('',(0.125,0.2));
#13292 = VECTOR('',#13293,1.);
#13293 = DIRECTION('',(-1.,0.));
#13294 = ( GEOMETRIC_REPRESENTATION_CONTEXT(2) 
PARAMETRIC_REPRESENTATION_CONTEXT() REPRESENTATION_CONTEXT('2D SPACE',''
  ) );
#13295 = ADVANCED_FACE('',(#13296),#13055,.F.);
#13296 = FACE_BOUND('',#13297,.F.);
#13297 = EDGE_LOOP('',(#13298,#13299,#13320,#13321));
#13298 = ORIENTED_EDGE('',*,*,#13252,.T.);
#13299 = ORIENTED_EDGE('',*,*,#13300,.T.);
#13300 = EDGE_CURVE('',#13230,#13035,#13301,.T.);
#13301 = SURFACE_CURVE('',#13302,(#13306,#13313),.PCURVE_S1.);
#13302 = LINE('',#13303,#13304);
#13303 = CARTESIAN_POINT('',(-0.125,-2.1,0.2));
#13304 = VECTOR('',#13305,1.);
#13305 = DIRECTION('',(0.,-1.,0.));
#13306 = PCURVE('',#13055,#13307);
#13307 = DEFINITIONAL_REPRESENTATION('',(#13308),#13312);
#13308 = LINE('',#13309,#13310);
#13309 = CARTESIAN_POINT('',(0.,-0.2));
#13310 = VECTOR('',#13311,1.);
#13311 = DIRECTION('',(1.,0.));
#13312 = ( GEOMETRIC_REPRESENTATION_CONTEXT(2) 
PARAMETRIC_REPRESENTATION_CONTEXT() REPRESENTATION_CONTEXT('2D SPACE',''
  ) );
#13313 = PCURVE('',#13083,#13314);
#13314 = DEFINITIONAL_REPRESENTATION('',(#13315),#13319);
#13315 = LINE('',#13316,#13317);
#13316 = CARTESIAN_POINT('',(-0.125,0.2));
#13317 = VECTOR('',#13318,1.);
#13318 = DIRECTION('',(0.,-1.));
#13319 = ( GEOMETRIC_REPRESENTATION_CONTEXT(2) 
PARAMETRIC_REPRESENTATION_CONTEXT() REPRESENTATION_CONTEXT('2D SPACE',''
  ) );
#13320 = ORIENTED_EDGE('',*,*,#13032,.F.);
#13321 = ORIENTED_EDGE('',*,*,#13322,.F.);
#13322 = EDGE_CURVE('',#13253,#13033,#13323,.T.);
#13323 = SURFACE_CURVE('',#13324,(#13328,#13335),.PCURVE_S1.);
#13324 = LINE('',#13325,#13326);
#13325 = CARTESIAN_POINT('',(-0.125,-2.1,0.));
#13326 = VECTOR('',#13327,1.);
#13327 = DIRECTION('',(0.,-1.,0.));
#13328 = PCURVE('',#13055,#13329);
#13329 = DEFINITIONAL_REPRESENTATION('',(#13330),#13334);
#13330 = LINE('',#13331,#13332);
#13331 = CARTESIAN_POINT('',(0.,0.));
#13332 = VECTOR('',#13333,1.);
#13333 = DIRECTION('',(1.,0.));
#13334 = ( GEOMETRIC_REPRESENTATION_CONTEXT(2) 
PARAMETRIC_REPRESENTATION_CONTEXT() REPRESENTATION_CONTEXT('2D SPACE',''
  ) );
#13335 = PCURVE('',#13137,#13336);
#13336 = DEFINITIONAL_REPRESENTATION('',(#13337),#13341);
#13337 = LINE('',#13338,#13339);
#13338 = CARTESIAN_POINT('',(-0.125,0.2));
#13339 = VECTOR('',#13340,1.);
#13340 = DIRECTION('',(0.,-1.));
#13341 = ( GEOMETRIC_REPRESENTATION_CONTEXT(2) 
PARAMETRIC_REPRESENTATION_CONTEXT() REPRESENTATION_CONTEXT('2D SPACE',''
  ) );
#13342 = ADVANCED_FACE('',(#13343),#13137,.F.);
#13343 = FACE_BOUND('',#13344,.F.);
#13344 = EDGE_LOOP('',(#13345,#13346,#13347,#13348));
#13345 = ORIENTED_EDGE('',*,*,#13123,.T.);
#13346 = ORIENTED_EDGE('',*,*,#13204,.T.);
#13347 = ORIENTED_EDGE('',*,*,#13275,.T.);
#13348 = ORIENTED_EDGE('',*,*,#13322,.T.);
#13349 = ADVANCED_FACE('',(#13350),#13083,.T.);
#13350 = FACE_BOUND('',#13351,.T.);
#13351 = EDGE_LOOP('',(#13352,#13353,#13354,#13355));
#13352 = ORIENTED_EDGE('',*,*,#13067,.T.);
#13353 = ORIENTED_EDGE('',*,*,#13153,.T.);
#13354 = ORIENTED_EDGE('',*,*,#13229,.T.);
#13355 = ORIENTED_EDGE('',*,*,#13300,.T.);
#13356 = ( GEOMETRIC_REPRESENTATION_CONTEXT(3) 
GLOBAL_UNCERTAINTY_ASSIGNED_CONTEXT((#13360)) 
GLOBAL_UNIT_ASSIGNED_CONTEXT((#13357,#13358,#13359)) 
REPRESENTATION_CONTEXT('Context #1',
  '3D Context with UNIT and UNCERTAINTY') );
#13357 = ( LENGTH_UNIT() NAMED_UNIT(*) SI_UNIT(.MILLI.,.METRE.) );
#13358 = ( NAMED_UNIT(*) PLANE_ANGLE_UNIT() SI_UNIT($,.RADIAN.) );
#13359 = ( NAMED_UNIT(*) SI_UNIT($,.STERADIAN.) SOLID_ANGLE_UNIT() );
#13360 = UNCERTAINTY_MEASURE_WITH_UNIT(LENGTH_MEASURE(1.E-07),#13357,
  'distance_accuracy_value','confusion accuracy');
#13361 = CONTEXT_DEPENDENT_SHAPE_REPRESENTATION(#13362,#13364);
#13362 = ( REPRESENTATION_RELATIONSHIP('','',#13025,#10) 
REPRESENTATION_RELATIONSHIP_WITH_TRANSFORMATION(#13363) 
SHAPE_REPRESENTATION_RELATIONSHIP() );
#13363 = ITEM_DEFINED_TRANSFORMATION('','',#11,#67);
#13364 = PRODUCT_DEFINITION_SHAPE('Placement','Placement of an item',
  #13365);
#13365 = NEXT_ASSEMBLY_USAGE_OCCURRENCE('14','terminal11','',#5,#13020,$
  );
#13366 = PRODUCT_RELATED_PRODUCT_CATEGORY('part',$,(#13022));
#13367 = SHAPE_DEFINITION_REPRESENTATION(#13368,#13374);
#13368 = PRODUCT_DEFINITION_SHAPE('','',#13369);
#13369 = PRODUCT_DEFINITION('design','',#13370,#13373);
#13370 = PRODUCT_DEFINITION_FORMATION('','',#13371);
#13371 = PRODUCT('terminal12','terminal12','',(#13372));
#13372 = PRODUCT_CONTEXT('',#2,'mechanical');
#13373 = PRODUCT_DEFINITION_CONTEXT('part definition',#2,'design');
#13374 = ADVANCED_BREP_SHAPE_REPRESENTATION('',(#11,#13375),#13705);
#13375 = MANIFOLD_SOLID_BREP('',#13376);
#13376 = CLOSED_SHELL('',(#13377,#13497,#13573,#13644,#13691,#13698));
#13377 = ADVANCED_FACE('',(#13378),#13392,.F.);
#13378 = FACE_BOUND('',#13379,.F.);
#13379 = EDGE_LOOP('',(#13380,#13415,#13443,#13471));
#13380 = ORIENTED_EDGE('',*,*,#13381,.T.);
#13381 = EDGE_CURVE('',#13382,#13384,#13386,.T.);
#13382 = VERTEX_POINT('',#13383);
#13383 = CARTESIAN_POINT('',(0.375,-2.5,0.));
#13384 = VERTEX_POINT('',#13385);
#13385 = CARTESIAN_POINT('',(0.375,-2.5,0.2));
#13386 = SURFACE_CURVE('',#13387,(#13391,#13403),.PCURVE_S1.);
#13387 = LINE('',#13388,#13389);
#13388 = CARTESIAN_POINT('',(0.375,-2.5,0.));
#13389 = VECTOR('',#13390,1.);
#13390 = DIRECTION('',(0.,0.,1.));
#13391 = PCURVE('',#13392,#13397);
#13392 = PLANE('',#13393);
#13393 = AXIS2_PLACEMENT_3D('',#13394,#13395,#13396);
#13394 = CARTESIAN_POINT('',(0.375,-2.5,0.));
#13395 = DIRECTION('',(0.,1.,0.));
#13396 = DIRECTION('',(1.,0.,0.));
#13397 = DEFINITIONAL_REPRESENTATION('',(#13398),#13402);
#13398 = LINE('',#13399,#13400);
#13399 = CARTESIAN_POINT('',(0.,0.));
#13400 = VECTOR('',#13401,1.);
#13401 = DIRECTION('',(0.,-1.));
#13402 = ( GEOMETRIC_REPRESENTATION_CONTEXT(2) 
PARAMETRIC_REPRESENTATION_CONTEXT() REPRESENTATION_CONTEXT('2D SPACE',''
  ) );
#13403 = PCURVE('',#13404,#13409);
#13404 = PLANE('',#13405);
#13405 = AXIS2_PLACEMENT_3D('',#13406,#13407,#13408);
#13406 = CARTESIAN_POINT('',(0.375,-2.1,0.));
#13407 = DIRECTION('',(1.,0.,-0.));
#13408 = DIRECTION('',(0.,-1.,0.));
#13409 = DEFINITIONAL_REPRESENTATION('',(#13410),#13414);
#13410 = LINE('',#13411,#13412);
#13411 = CARTESIAN_POINT('',(0.4,0.));
#13412 = VECTOR('',#13413,1.);
#13413 = DIRECTION('',(0.,-1.));
#13414 = ( GEOMETRIC_REPRESENTATION_CONTEXT(2) 
PARAMETRIC_REPRESENTATION_CONTEXT() REPRESENTATION_CONTEXT('2D SPACE',''
  ) );
#13415 = ORIENTED_EDGE('',*,*,#13416,.T.);
#13416 = EDGE_CURVE('',#13384,#13417,#13419,.T.);
#13417 = VERTEX_POINT('',#13418);
#13418 = CARTESIAN_POINT('',(0.625,-2.5,0.2));
#13419 = SURFACE_CURVE('',#13420,(#13424,#13431),.PCURVE_S1.);
#13420 = LINE('',#13421,#13422);
#13421 = CARTESIAN_POINT('',(0.375,-2.5,0.2));
#13422 = VECTOR('',#13423,1.);
#13423 = DIRECTION('',(1.,0.,0.));
#13424 = PCURVE('',#13392,#13425);
#13425 = DEFINITIONAL_REPRESENTATION('',(#13426),#13430);
#13426 = LINE('',#13427,#13428);
#13427 = CARTESIAN_POINT('',(0.,-0.2));
#13428 = VECTOR('',#13429,1.);
#13429 = DIRECTION('',(1.,0.));
#13430 = ( GEOMETRIC_REPRESENTATION_CONTEXT(2) 
PARAMETRIC_REPRESENTATION_CONTEXT() REPRESENTATION_CONTEXT('2D SPACE',''
  ) );
#13431 = PCURVE('',#13432,#13437);
#13432 = PLANE('',#13433);
#13433 = AXIS2_PLACEMENT_3D('',#13434,#13435,#13436);
#13434 = CARTESIAN_POINT('',(0.5,-2.3,0.2));
#13435 = DIRECTION('',(0.,0.,1.));
#13436 = DIRECTION('',(1.,0.,-0.));
#13437 = DEFINITIONAL_REPRESENTATION('',(#13438),#13442);
#13438 = LINE('',#13439,#13440);
#13439 = CARTESIAN_POINT('',(-0.125,-0.2));
#13440 = VECTOR('',#13441,1.);
#13441 = DIRECTION('',(1.,0.));
#13442 = ( GEOMETRIC_REPRESENTATION_CONTEXT(2) 
PARAMETRIC_REPRESENTATION_CONTEXT() REPRESENTATION_CONTEXT('2D SPACE',''
  ) );
#13443 = ORIENTED_EDGE('',*,*,#13444,.F.);
#13444 = EDGE_CURVE('',#13445,#13417,#13447,.T.);
#13445 = VERTEX_POINT('',#13446);
#13446 = CARTESIAN_POINT('',(0.625,-2.5,0.));
#13447 = SURFACE_CURVE('',#13448,(#13452,#13459),.PCURVE_S1.);
#13448 = LINE('',#13449,#13450);
#13449 = CARTESIAN_POINT('',(0.625,-2.5,0.));
#13450 = VECTOR('',#13451,1.);
#13451 = DIRECTION('',(0.,0.,1.));
#13452 = PCURVE('',#13392,#13453);
#13453 = DEFINITIONAL_REPRESENTATION('',(#13454),#13458);
#13454 = LINE('',#13455,#13456);
#13455 = CARTESIAN_POINT('',(0.25,0.));
#13456 = VECTOR('',#13457,1.);
#13457 = DIRECTION('',(0.,-1.));
#13458 = ( GEOMETRIC_REPRESENTATION_CONTEXT(2) 
PARAMETRIC_REPRESENTATION_CONTEXT() REPRESENTATION_CONTEXT('2D SPACE',''
  ) );
#13459 = PCURVE('',#13460,#13465);
#13460 = PLANE('',#13461);
#13461 = AXIS2_PLACEMENT_3D('',#13462,#13463,#13464);
#13462 = CARTESIAN_POINT('',(0.625,-2.5,0.));
#13463 = DIRECTION('',(-1.,0.,0.));
#13464 = DIRECTION('',(0.,1.,0.));
#13465 = DEFINITIONAL_REPRESENTATION('',(#13466),#13470);
#13466 = LINE('',#13467,#13468);
#13467 = CARTESIAN_POINT('',(0.,0.));
#13468 = VECTOR('',#13469,1.);
#13469 = DIRECTION('',(0.,-1.));
#13470 = ( GEOMETRIC_REPRESENTATION_CONTEXT(2) 
PARAMETRIC_REPRESENTATION_CONTEXT() REPRESENTATION_CONTEXT('2D SPACE',''
  ) );
#13471 = ORIENTED_EDGE('',*,*,#13472,.F.);
#13472 = EDGE_CURVE('',#13382,#13445,#13473,.T.);
#13473 = SURFACE_CURVE('',#13474,(#13478,#13485),.PCURVE_S1.);
#13474 = LINE('',#13475,#13476);
#13475 = CARTESIAN_POINT('',(0.375,-2.5,0.));
#13476 = VECTOR('',#13477,1.);
#13477 = DIRECTION('',(1.,0.,0.));
#13478 = PCURVE('',#13392,#13479);
#13479 = DEFINITIONAL_REPRESENTATION('',(#13480),#13484);
#13480 = LINE('',#13481,#13482);
#13481 = CARTESIAN_POINT('',(0.,0.));
#13482 = VECTOR('',#13483,1.);
#13483 = DIRECTION('',(1.,0.));
#13484 = ( GEOMETRIC_REPRESENTATION_CONTEXT(2) 
PARAMETRIC_REPRESENTATION_CONTEXT() REPRESENTATION_CONTEXT('2D SPACE',''
  ) );
#13485 = PCURVE('',#13486,#13491);
#13486 = PLANE('',#13487);
#13487 = AXIS2_PLACEMENT_3D('',#13488,#13489,#13490);
#13488 = CARTESIAN_POINT('',(0.5,-2.3,0.));
#13489 = DIRECTION('',(0.,0.,1.));
#13490 = DIRECTION('',(1.,0.,-0.));
#13491 = DEFINITIONAL_REPRESENTATION('',(#13492),#13496);
#13492 = LINE('',#13493,#13494);
#13493 = CARTESIAN_POINT('',(-0.125,-0.2));
#13494 = VECTOR('',#13495,1.);
#13495 = DIRECTION('',(1.,0.));
#13496 = ( GEOMETRIC_REPRESENTATION_CONTEXT(2) 
PARAMETRIC_REPRESENTATION_CONTEXT() REPRESENTATION_CONTEXT('2D SPACE',''
  ) );
#13497 = ADVANCED_FACE('',(#13498),#13460,.F.);
#13498 = FACE_BOUND('',#13499,.F.);
#13499 = EDGE_LOOP('',(#13500,#13501,#13524,#13552));
#13500 = ORIENTED_EDGE('',*,*,#13444,.T.);
#13501 = ORIENTED_EDGE('',*,*,#13502,.T.);
#13502 = EDGE_CURVE('',#13417,#13503,#13505,.T.);
#13503 = VERTEX_POINT('',#13504);
#13504 = CARTESIAN_POINT('',(0.625,-2.1,0.2));
#13505 = SURFACE_CURVE('',#13506,(#13510,#13517),.PCURVE_S1.);
#13506 = LINE('',#13507,#13508);
#13507 = CARTESIAN_POINT('',(0.625,-2.5,0.2));
#13508 = VECTOR('',#13509,1.);
#13509 = DIRECTION('',(0.,1.,0.));
#13510 = PCURVE('',#13460,#13511);
#13511 = DEFINITIONAL_REPRESENTATION('',(#13512),#13516);
#13512 = LINE('',#13513,#13514);
#13513 = CARTESIAN_POINT('',(0.,-0.2));
#13514 = VECTOR('',#13515,1.);
#13515 = DIRECTION('',(1.,0.));
#13516 = ( GEOMETRIC_REPRESENTATION_CONTEXT(2) 
PARAMETRIC_REPRESENTATION_CONTEXT() REPRESENTATION_CONTEXT('2D SPACE',''
  ) );
#13517 = PCURVE('',#13432,#13518);
#13518 = DEFINITIONAL_REPRESENTATION('',(#13519),#13523);
#13519 = LINE('',#13520,#13521);
#13520 = CARTESIAN_POINT('',(0.125,-0.2));
#13521 = VECTOR('',#13522,1.);
#13522 = DIRECTION('',(0.,1.));
#13523 = ( GEOMETRIC_REPRESENTATION_CONTEXT(2) 
PARAMETRIC_REPRESENTATION_CONTEXT() REPRESENTATION_CONTEXT('2D SPACE',''
  ) );
#13524 = ORIENTED_EDGE('',*,*,#13525,.F.);
#13525 = EDGE_CURVE('',#13526,#13503,#13528,.T.);
#13526 = VERTEX_POINT('',#13527);
#13527 = CARTESIAN_POINT('',(0.625,-2.1,0.));
#13528 = SURFACE_CURVE('',#13529,(#13533,#13540),.PCURVE_S1.);
#13529 = LINE('',#13530,#13531);
#13530 = CARTESIAN_POINT('',(0.625,-2.1,0.));
#13531 = VECTOR('',#13532,1.);
#13532 = DIRECTION('',(0.,0.,1.));
#13533 = PCURVE('',#13460,#13534);
#13534 = DEFINITIONAL_REPRESENTATION('',(#13535),#13539);
#13535 = LINE('',#13536,#13537);
#13536 = CARTESIAN_POINT('',(0.4,0.));
#13537 = VECTOR('',#13538,1.);
#13538 = DIRECTION('',(0.,-1.));
#13539 = ( GEOMETRIC_REPRESENTATION_CONTEXT(2) 
PARAMETRIC_REPRESENTATION_CONTEXT() REPRESENTATION_CONTEXT('2D SPACE',''
  ) );
#13540 = PCURVE('',#13541,#13546);
#13541 = PLANE('',#13542);
#13542 = AXIS2_PLACEMENT_3D('',#13543,#13544,#13545);
#13543 = CARTESIAN_POINT('',(0.625,-2.1,0.));
#13544 = DIRECTION('',(0.,-1.,0.));
#13545 = DIRECTION('',(-1.,0.,0.));
#13546 = DEFINITIONAL_REPRESENTATION('',(#13547),#13551);
#13547 = LINE('',#13548,#13549);
#13548 = CARTESIAN_POINT('',(0.,-0.));
#13549 = VECTOR('',#13550,1.);
#13550 = DIRECTION('',(0.,-1.));
#13551 = ( GEOMETRIC_REPRESENTATION_CONTEXT(2) 
PARAMETRIC_REPRESENTATION_CONTEXT() REPRESENTATION_CONTEXT('2D SPACE',''
  ) );
#13552 = ORIENTED_EDGE('',*,*,#13553,.F.);
#13553 = EDGE_CURVE('',#13445,#13526,#13554,.T.);
#13554 = SURFACE_CURVE('',#13555,(#13559,#13566),.PCURVE_S1.);
#13555 = LINE('',#13556,#13557);
#13556 = CARTESIAN_POINT('',(0.625,-2.5,0.));
#13557 = VECTOR('',#13558,1.);
#13558 = DIRECTION('',(0.,1.,0.));
#13559 = PCURVE('',#13460,#13560);
#13560 = DEFINITIONAL_REPRESENTATION('',(#13561),#13565);
#13561 = LINE('',#13562,#13563);
#13562 = CARTESIAN_POINT('',(0.,0.));
#13563 = VECTOR('',#13564,1.);
#13564 = DIRECTION('',(1.,0.));
#13565 = ( GEOMETRIC_REPRESENTATION_CONTEXT(2) 
PARAMETRIC_REPRESENTATION_CONTEXT() REPRESENTATION_CONTEXT('2D SPACE',''
  ) );
#13566 = PCURVE('',#13486,#13567);
#13567 = DEFINITIONAL_REPRESENTATION('',(#13568),#13572);
#13568 = LINE('',#13569,#13570);
#13569 = CARTESIAN_POINT('',(0.125,-0.2));
#13570 = VECTOR('',#13571,1.);
#13571 = DIRECTION('',(0.,1.));
#13572 = ( GEOMETRIC_REPRESENTATION_CONTEXT(2) 
PARAMETRIC_REPRESENTATION_CONTEXT() REPRESENTATION_CONTEXT('2D SPACE',''
  ) );
#13573 = ADVANCED_FACE('',(#13574),#13541,.F.);
#13574 = FACE_BOUND('',#13575,.F.);
#13575 = EDGE_LOOP('',(#13576,#13577,#13600,#13623));
#13576 = ORIENTED_EDGE('',*,*,#13525,.T.);
#13577 = ORIENTED_EDGE('',*,*,#13578,.T.);
#13578 = EDGE_CURVE('',#13503,#13579,#13581,.T.);
#13579 = VERTEX_POINT('',#13580);
#13580 = CARTESIAN_POINT('',(0.375,-2.1,0.2));
#13581 = SURFACE_CURVE('',#13582,(#13586,#13593),.PCURVE_S1.);
#13582 = LINE('',#13583,#13584);
#13583 = CARTESIAN_POINT('',(0.625,-2.1,0.2));
#13584 = VECTOR('',#13585,1.);
#13585 = DIRECTION('',(-1.,0.,0.));
#13586 = PCURVE('',#13541,#13587);
#13587 = DEFINITIONAL_REPRESENTATION('',(#13588),#13592);
#13588 = LINE('',#13589,#13590);
#13589 = CARTESIAN_POINT('',(0.,-0.2));
#13590 = VECTOR('',#13591,1.);
#13591 = DIRECTION('',(1.,0.));
#13592 = ( GEOMETRIC_REPRESENTATION_CONTEXT(2) 
PARAMETRIC_REPRESENTATION_CONTEXT() REPRESENTATION_CONTEXT('2D SPACE',''
  ) );
#13593 = PCURVE('',#13432,#13594);
#13594 = DEFINITIONAL_REPRESENTATION('',(#13595),#13599);
#13595 = LINE('',#13596,#13597);
#13596 = CARTESIAN_POINT('',(0.125,0.2));
#13597 = VECTOR('',#13598,1.);
#13598 = DIRECTION('',(-1.,0.));
#13599 = ( GEOMETRIC_REPRESENTATION_CONTEXT(2) 
PARAMETRIC_REPRESENTATION_CONTEXT() REPRESENTATION_CONTEXT('2D SPACE',''
  ) );
#13600 = ORIENTED_EDGE('',*,*,#13601,.F.);
#13601 = EDGE_CURVE('',#13602,#13579,#13604,.T.);
#13602 = VERTEX_POINT('',#13603);
#13603 = CARTESIAN_POINT('',(0.375,-2.1,0.));
#13604 = SURFACE_CURVE('',#13605,(#13609,#13616),.PCURVE_S1.);
#13605 = LINE('',#13606,#13607);
#13606 = CARTESIAN_POINT('',(0.375,-2.1,0.));
#13607 = VECTOR('',#13608,1.);
#13608 = DIRECTION('',(0.,0.,1.));
#13609 = PCURVE('',#13541,#13610);
#13610 = DEFINITIONAL_REPRESENTATION('',(#13611),#13615);
#13611 = LINE('',#13612,#13613);
#13612 = CARTESIAN_POINT('',(0.25,0.));
#13613 = VECTOR('',#13614,1.);
#13614 = DIRECTION('',(0.,-1.));
#13615 = ( GEOMETRIC_REPRESENTATION_CONTEXT(2) 
PARAMETRIC_REPRESENTATION_CONTEXT() REPRESENTATION_CONTEXT('2D SPACE',''
  ) );
#13616 = PCURVE('',#13404,#13617);
#13617 = DEFINITIONAL_REPRESENTATION('',(#13618),#13622);
#13618 = LINE('',#13619,#13620);
#13619 = CARTESIAN_POINT('',(0.,0.));
#13620 = VECTOR('',#13621,1.);
#13621 = DIRECTION('',(0.,-1.));
#13622 = ( GEOMETRIC_REPRESENTATION_CONTEXT(2) 
PARAMETRIC_REPRESENTATION_CONTEXT() REPRESENTATION_CONTEXT('2D SPACE',''
  ) );
#13623 = ORIENTED_EDGE('',*,*,#13624,.F.);
#13624 = EDGE_CURVE('',#13526,#13602,#13625,.T.);
#13625 = SURFACE_CURVE('',#13626,(#13630,#13637),.PCURVE_S1.);
#13626 = LINE('',#13627,#13628);
#13627 = CARTESIAN_POINT('',(0.625,-2.1,0.));
#13628 = VECTOR('',#13629,1.);
#13629 = DIRECTION('',(-1.,0.,0.));
#13630 = PCURVE('',#13541,#13631);
#13631 = DEFINITIONAL_REPRESENTATION('',(#13632),#13636);
#13632 = LINE('',#13633,#13634);
#13633 = CARTESIAN_POINT('',(0.,-0.));
#13634 = VECTOR('',#13635,1.);
#13635 = DIRECTION('',(1.,0.));
#13636 = ( GEOMETRIC_REPRESENTATION_CONTEXT(2) 
PARAMETRIC_REPRESENTATION_CONTEXT() REPRESENTATION_CONTEXT('2D SPACE',''
  ) );
#13637 = PCURVE('',#13486,#13638);
#13638 = DEFINITIONAL_REPRESENTATION('',(#13639),#13643);
#13639 = LINE('',#13640,#13641);
#13640 = CARTESIAN_POINT('',(0.125,0.2));
#13641 = VECTOR('',#13642,1.);
#13642 = DIRECTION('',(-1.,0.));
#13643 = ( GEOMETRIC_REPRESENTATION_CONTEXT(2) 
PARAMETRIC_REPRESENTATION_CONTEXT() REPRESENTATION_CONTEXT('2D SPACE',''
  ) );
#13644 = ADVANCED_FACE('',(#13645),#13404,.F.);
#13645 = FACE_BOUND('',#13646,.F.);
#13646 = EDGE_LOOP('',(#13647,#13648,#13669,#13670));
#13647 = ORIENTED_EDGE('',*,*,#13601,.T.);
#13648 = ORIENTED_EDGE('',*,*,#13649,.T.);
#13649 = EDGE_CURVE('',#13579,#13384,#13650,.T.);
#13650 = SURFACE_CURVE('',#13651,(#13655,#13662),.PCURVE_S1.);
#13651 = LINE('',#13652,#13653);
#13652 = CARTESIAN_POINT('',(0.375,-2.1,0.2));
#13653 = VECTOR('',#13654,1.);
#13654 = DIRECTION('',(0.,-1.,0.));
#13655 = PCURVE('',#13404,#13656);
#13656 = DEFINITIONAL_REPRESENTATION('',(#13657),#13661);
#13657 = LINE('',#13658,#13659);
#13658 = CARTESIAN_POINT('',(0.,-0.2));
#13659 = VECTOR('',#13660,1.);
#13660 = DIRECTION('',(1.,0.));
#13661 = ( GEOMETRIC_REPRESENTATION_CONTEXT(2) 
PARAMETRIC_REPRESENTATION_CONTEXT() REPRESENTATION_CONTEXT('2D SPACE',''
  ) );
#13662 = PCURVE('',#13432,#13663);
#13663 = DEFINITIONAL_REPRESENTATION('',(#13664),#13668);
#13664 = LINE('',#13665,#13666);
#13665 = CARTESIAN_POINT('',(-0.125,0.2));
#13666 = VECTOR('',#13667,1.);
#13667 = DIRECTION('',(0.,-1.));
#13668 = ( GEOMETRIC_REPRESENTATION_CONTEXT(2) 
PARAMETRIC_REPRESENTATION_CONTEXT() REPRESENTATION_CONTEXT('2D SPACE',''
  ) );
#13669 = ORIENTED_EDGE('',*,*,#13381,.F.);
#13670 = ORIENTED_EDGE('',*,*,#13671,.F.);
#13671 = EDGE_CURVE('',#13602,#13382,#13672,.T.);
#13672 = SURFACE_CURVE('',#13673,(#13677,#13684),.PCURVE_S1.);
#13673 = LINE('',#13674,#13675);
#13674 = CARTESIAN_POINT('',(0.375,-2.1,0.));
#13675 = VECTOR('',#13676,1.);
#13676 = DIRECTION('',(0.,-1.,0.));
#13677 = PCURVE('',#13404,#13678);
#13678 = DEFINITIONAL_REPRESENTATION('',(#13679),#13683);
#13679 = LINE('',#13680,#13681);
#13680 = CARTESIAN_POINT('',(0.,0.));
#13681 = VECTOR('',#13682,1.);
#13682 = DIRECTION('',(1.,0.));
#13683 = ( GEOMETRIC_REPRESENTATION_CONTEXT(2) 
PARAMETRIC_REPRESENTATION_CONTEXT() REPRESENTATION_CONTEXT('2D SPACE',''
  ) );
#13684 = PCURVE('',#13486,#13685);
#13685 = DEFINITIONAL_REPRESENTATION('',(#13686),#13690);
#13686 = LINE('',#13687,#13688);
#13687 = CARTESIAN_POINT('',(-0.125,0.2));
#13688 = VECTOR('',#13689,1.);
#13689 = DIRECTION('',(0.,-1.));
#13690 = ( GEOMETRIC_REPRESENTATION_CONTEXT(2) 
PARAMETRIC_REPRESENTATION_CONTEXT() REPRESENTATION_CONTEXT('2D SPACE',''
  ) );
#13691 = ADVANCED_FACE('',(#13692),#13486,.F.);
#13692 = FACE_BOUND('',#13693,.F.);
#13693 = EDGE_LOOP('',(#13694,#13695,#13696,#13697));
#13694 = ORIENTED_EDGE('',*,*,#13472,.T.);
#13695 = ORIENTED_EDGE('',*,*,#13553,.T.);
#13696 = ORIENTED_EDGE('',*,*,#13624,.T.);
#13697 = ORIENTED_EDGE('',*,*,#13671,.T.);
#13698 = ADVANCED_FACE('',(#13699),#13432,.T.);
#13699 = FACE_BOUND('',#13700,.T.);
#13700 = EDGE_LOOP('',(#13701,#13702,#13703,#13704));
#13701 = ORIENTED_EDGE('',*,*,#13416,.T.);
#13702 = ORIENTED_EDGE('',*,*,#13502,.T.);
#13703 = ORIENTED_EDGE('',*,*,#13578,.T.);
#13704 = ORIENTED_EDGE('',*,*,#13649,.T.);
#13705 = ( GEOMETRIC_REPRESENTATION_CONTEXT(3) 
GLOBAL_UNCERTAINTY_ASSIGNED_CONTEXT((#13709)) 
GLOBAL_UNIT_ASSIGNED_CONTEXT((#13706,#13707,#13708)) 
REPRESENTATION_CONTEXT('Context #1',
  '3D Context with UNIT and UNCERTAINTY') );
#13706 = ( LENGTH_UNIT() NAMED_UNIT(*) SI_UNIT(.MILLI.,.METRE.) );
#13707 = ( NAMED_UNIT(*) PLANE_ANGLE_UNIT() SI_UNIT($,.RADIAN.) );
#13708 = ( NAMED_UNIT(*) SI_UNIT($,.STERADIAN.) SOLID_ANGLE_UNIT() );
#13709 = UNCERTAINTY_MEASURE_WITH_UNIT(LENGTH_MEASURE(1.E-07),#13706,
  'distance_accuracy_value','confusion accuracy');
#13710 = CONTEXT_DEPENDENT_SHAPE_REPRESENTATION(#13711,#13713);
#13711 = ( REPRESENTATION_RELATIONSHIP('','',#13374,#10) 
REPRESENTATION_RELATIONSHIP_WITH_TRANSFORMATION(#13712) 
SHAPE_REPRESENTATION_RELATIONSHIP() );
#13712 = ITEM_DEFINED_TRANSFORMATION('','',#11,#71);
#13713 = PRODUCT_DEFINITION_SHAPE('Placement','Placement of an item',
  #13714);
#13714 = NEXT_ASSEMBLY_USAGE_OCCURRENCE('15','terminal12','',#5,#13369,$
  );
#13715 = PRODUCT_RELATED_PRODUCT_CATEGORY('part',$,(#13371));
#13716 = SHAPE_DEFINITION_REPRESENTATION(#13717,#13723);
#13717 = PRODUCT_DEFINITION_SHAPE('','',#13718);
#13718 = PRODUCT_DEFINITION('design','',#13719,#13722);
#13719 = PRODUCT_DEFINITION_FORMATION('','',#13720);
#13720 = PRODUCT('terminal13','terminal13','',(#13721));
#13721 = PRODUCT_CONTEXT('',#2,'mechanical');
#13722 = PRODUCT_DEFINITION_CONTEXT('part definition',#2,'design');
#13723 = ADVANCED_BREP_SHAPE_REPRESENTATION('',(#11,#13724),#14054);
#13724 = MANIFOLD_SOLID_BREP('',#13725);
#13725 = CLOSED_SHELL('',(#13726,#13846,#13922,#13993,#14040,#14047));
#13726 = ADVANCED_FACE('',(#13727),#13741,.F.);
#13727 = FACE_BOUND('',#13728,.F.);
#13728 = EDGE_LOOP('',(#13729,#13764,#13792,#13820));
#13729 = ORIENTED_EDGE('',*,*,#13730,.T.);
#13730 = EDGE_CURVE('',#13731,#13733,#13735,.T.);
#13731 = VERTEX_POINT('',#13732);
#13732 = CARTESIAN_POINT('',(0.875,-2.5,0.));
#13733 = VERTEX_POINT('',#13734);
#13734 = CARTESIAN_POINT('',(0.875,-2.5,0.2));
#13735 = SURFACE_CURVE('',#13736,(#13740,#13752),.PCURVE_S1.);
#13736 = LINE('',#13737,#13738);
#13737 = CARTESIAN_POINT('',(0.875,-2.5,0.));
#13738 = VECTOR('',#13739,1.);
#13739 = DIRECTION('',(0.,0.,1.));
#13740 = PCURVE('',#13741,#13746);
#13741 = PLANE('',#13742);
#13742 = AXIS2_PLACEMENT_3D('',#13743,#13744,#13745);
#13743 = CARTESIAN_POINT('',(0.875,-2.5,0.));
#13744 = DIRECTION('',(0.,1.,0.));
#13745 = DIRECTION('',(1.,0.,0.));
#13746 = DEFINITIONAL_REPRESENTATION('',(#13747),#13751);
#13747 = LINE('',#13748,#13749);
#13748 = CARTESIAN_POINT('',(0.,0.));
#13749 = VECTOR('',#13750,1.);
#13750 = DIRECTION('',(0.,-1.));
#13751 = ( GEOMETRIC_REPRESENTATION_CONTEXT(2) 
PARAMETRIC_REPRESENTATION_CONTEXT() REPRESENTATION_CONTEXT('2D SPACE',''
  ) );
#13752 = PCURVE('',#13753,#13758);
#13753 = PLANE('',#13754);
#13754 = AXIS2_PLACEMENT_3D('',#13755,#13756,#13757);
#13755 = CARTESIAN_POINT('',(0.875,-2.1,0.));
#13756 = DIRECTION('',(1.,0.,-0.));
#13757 = DIRECTION('',(0.,-1.,0.));
#13758 = DEFINITIONAL_REPRESENTATION('',(#13759),#13763);
#13759 = LINE('',#13760,#13761);
#13760 = CARTESIAN_POINT('',(0.4,0.));
#13761 = VECTOR('',#13762,1.);
#13762 = DIRECTION('',(0.,-1.));
#13763 = ( GEOMETRIC_REPRESENTATION_CONTEXT(2) 
PARAMETRIC_REPRESENTATION_CONTEXT() REPRESENTATION_CONTEXT('2D SPACE',''
  ) );
#13764 = ORIENTED_EDGE('',*,*,#13765,.T.);
#13765 = EDGE_CURVE('',#13733,#13766,#13768,.T.);
#13766 = VERTEX_POINT('',#13767);
#13767 = CARTESIAN_POINT('',(1.125,-2.5,0.2));
#13768 = SURFACE_CURVE('',#13769,(#13773,#13780),.PCURVE_S1.);
#13769 = LINE('',#13770,#13771);
#13770 = CARTESIAN_POINT('',(0.875,-2.5,0.2));
#13771 = VECTOR('',#13772,1.);
#13772 = DIRECTION('',(1.,0.,0.));
#13773 = PCURVE('',#13741,#13774);
#13774 = DEFINITIONAL_REPRESENTATION('',(#13775),#13779);
#13775 = LINE('',#13776,#13777);
#13776 = CARTESIAN_POINT('',(0.,-0.2));
#13777 = VECTOR('',#13778,1.);
#13778 = DIRECTION('',(1.,0.));
#13779 = ( GEOMETRIC_REPRESENTATION_CONTEXT(2) 
PARAMETRIC_REPRESENTATION_CONTEXT() REPRESENTATION_CONTEXT('2D SPACE',''
  ) );
#13780 = PCURVE('',#13781,#13786);
#13781 = PLANE('',#13782);
#13782 = AXIS2_PLACEMENT_3D('',#13783,#13784,#13785);
#13783 = CARTESIAN_POINT('',(1.,-2.3,0.2));
#13784 = DIRECTION('',(0.,0.,1.));
#13785 = DIRECTION('',(1.,0.,-0.));
#13786 = DEFINITIONAL_REPRESENTATION('',(#13787),#13791);
#13787 = LINE('',#13788,#13789);
#13788 = CARTESIAN_POINT('',(-0.125,-0.2));
#13789 = VECTOR('',#13790,1.);
#13790 = DIRECTION('',(1.,0.));
#13791 = ( GEOMETRIC_REPRESENTATION_CONTEXT(2) 
PARAMETRIC_REPRESENTATION_CONTEXT() REPRESENTATION_CONTEXT('2D SPACE',''
  ) );
#13792 = ORIENTED_EDGE('',*,*,#13793,.F.);
#13793 = EDGE_CURVE('',#13794,#13766,#13796,.T.);
#13794 = VERTEX_POINT('',#13795);
#13795 = CARTESIAN_POINT('',(1.125,-2.5,0.));
#13796 = SURFACE_CURVE('',#13797,(#13801,#13808),.PCURVE_S1.);
#13797 = LINE('',#13798,#13799);
#13798 = CARTESIAN_POINT('',(1.125,-2.5,0.));
#13799 = VECTOR('',#13800,1.);
#13800 = DIRECTION('',(0.,0.,1.));
#13801 = PCURVE('',#13741,#13802);
#13802 = DEFINITIONAL_REPRESENTATION('',(#13803),#13807);
#13803 = LINE('',#13804,#13805);
#13804 = CARTESIAN_POINT('',(0.25,0.));
#13805 = VECTOR('',#13806,1.);
#13806 = DIRECTION('',(0.,-1.));
#13807 = ( GEOMETRIC_REPRESENTATION_CONTEXT(2) 
PARAMETRIC_REPRESENTATION_CONTEXT() REPRESENTATION_CONTEXT('2D SPACE',''
  ) );
#13808 = PCURVE('',#13809,#13814);
#13809 = PLANE('',#13810);
#13810 = AXIS2_PLACEMENT_3D('',#13811,#13812,#13813);
#13811 = CARTESIAN_POINT('',(1.125,-2.5,0.));
#13812 = DIRECTION('',(-1.,0.,0.));
#13813 = DIRECTION('',(0.,1.,0.));
#13814 = DEFINITIONAL_REPRESENTATION('',(#13815),#13819);
#13815 = LINE('',#13816,#13817);
#13816 = CARTESIAN_POINT('',(0.,0.));
#13817 = VECTOR('',#13818,1.);
#13818 = DIRECTION('',(0.,-1.));
#13819 = ( GEOMETRIC_REPRESENTATION_CONTEXT(2) 
PARAMETRIC_REPRESENTATION_CONTEXT() REPRESENTATION_CONTEXT('2D SPACE',''
  ) );
#13820 = ORIENTED_EDGE('',*,*,#13821,.F.);
#13821 = EDGE_CURVE('',#13731,#13794,#13822,.T.);
#13822 = SURFACE_CURVE('',#13823,(#13827,#13834),.PCURVE_S1.);
#13823 = LINE('',#13824,#13825);
#13824 = CARTESIAN_POINT('',(0.875,-2.5,0.));
#13825 = VECTOR('',#13826,1.);
#13826 = DIRECTION('',(1.,0.,0.));
#13827 = PCURVE('',#13741,#13828);
#13828 = DEFINITIONAL_REPRESENTATION('',(#13829),#13833);
#13829 = LINE('',#13830,#13831);
#13830 = CARTESIAN_POINT('',(0.,0.));
#13831 = VECTOR('',#13832,1.);
#13832 = DIRECTION('',(1.,0.));
#13833 = ( GEOMETRIC_REPRESENTATION_CONTEXT(2) 
PARAMETRIC_REPRESENTATION_CONTEXT() REPRESENTATION_CONTEXT('2D SPACE',''
  ) );
#13834 = PCURVE('',#13835,#13840);
#13835 = PLANE('',#13836);
#13836 = AXIS2_PLACEMENT_3D('',#13837,#13838,#13839);
#13837 = CARTESIAN_POINT('',(1.,-2.3,0.));
#13838 = DIRECTION('',(0.,0.,1.));
#13839 = DIRECTION('',(1.,0.,-0.));
#13840 = DEFINITIONAL_REPRESENTATION('',(#13841),#13845);
#13841 = LINE('',#13842,#13843);
#13842 = CARTESIAN_POINT('',(-0.125,-0.2));
#13843 = VECTOR('',#13844,1.);
#13844 = DIRECTION('',(1.,0.));
#13845 = ( GEOMETRIC_REPRESENTATION_CONTEXT(2) 
PARAMETRIC_REPRESENTATION_CONTEXT() REPRESENTATION_CONTEXT('2D SPACE',''
  ) );
#13846 = ADVANCED_FACE('',(#13847),#13809,.F.);
#13847 = FACE_BOUND('',#13848,.F.);
#13848 = EDGE_LOOP('',(#13849,#13850,#13873,#13901));
#13849 = ORIENTED_EDGE('',*,*,#13793,.T.);
#13850 = ORIENTED_EDGE('',*,*,#13851,.T.);
#13851 = EDGE_CURVE('',#13766,#13852,#13854,.T.);
#13852 = VERTEX_POINT('',#13853);
#13853 = CARTESIAN_POINT('',(1.125,-2.1,0.2));
#13854 = SURFACE_CURVE('',#13855,(#13859,#13866),.PCURVE_S1.);
#13855 = LINE('',#13856,#13857);
#13856 = CARTESIAN_POINT('',(1.125,-2.5,0.2));
#13857 = VECTOR('',#13858,1.);
#13858 = DIRECTION('',(0.,1.,0.));
#13859 = PCURVE('',#13809,#13860);
#13860 = DEFINITIONAL_REPRESENTATION('',(#13861),#13865);
#13861 = LINE('',#13862,#13863);
#13862 = CARTESIAN_POINT('',(0.,-0.2));
#13863 = VECTOR('',#13864,1.);
#13864 = DIRECTION('',(1.,0.));
#13865 = ( GEOMETRIC_REPRESENTATION_CONTEXT(2) 
PARAMETRIC_REPRESENTATION_CONTEXT() REPRESENTATION_CONTEXT('2D SPACE',''
  ) );
#13866 = PCURVE('',#13781,#13867);
#13867 = DEFINITIONAL_REPRESENTATION('',(#13868),#13872);
#13868 = LINE('',#13869,#13870);
#13869 = CARTESIAN_POINT('',(0.125,-0.2));
#13870 = VECTOR('',#13871,1.);
#13871 = DIRECTION('',(0.,1.));
#13872 = ( GEOMETRIC_REPRESENTATION_CONTEXT(2) 
PARAMETRIC_REPRESENTATION_CONTEXT() REPRESENTATION_CONTEXT('2D SPACE',''
  ) );
#13873 = ORIENTED_EDGE('',*,*,#13874,.F.);
#13874 = EDGE_CURVE('',#13875,#13852,#13877,.T.);
#13875 = VERTEX_POINT('',#13876);
#13876 = CARTESIAN_POINT('',(1.125,-2.1,0.));
#13877 = SURFACE_CURVE('',#13878,(#13882,#13889),.PCURVE_S1.);
#13878 = LINE('',#13879,#13880);
#13879 = CARTESIAN_POINT('',(1.125,-2.1,0.));
#13880 = VECTOR('',#13881,1.);
#13881 = DIRECTION('',(0.,0.,1.));
#13882 = PCURVE('',#13809,#13883);
#13883 = DEFINITIONAL_REPRESENTATION('',(#13884),#13888);
#13884 = LINE('',#13885,#13886);
#13885 = CARTESIAN_POINT('',(0.4,0.));
#13886 = VECTOR('',#13887,1.);
#13887 = DIRECTION('',(0.,-1.));
#13888 = ( GEOMETRIC_REPRESENTATION_CONTEXT(2) 
PARAMETRIC_REPRESENTATION_CONTEXT() REPRESENTATION_CONTEXT('2D SPACE',''
  ) );
#13889 = PCURVE('',#13890,#13895);
#13890 = PLANE('',#13891);
#13891 = AXIS2_PLACEMENT_3D('',#13892,#13893,#13894);
#13892 = CARTESIAN_POINT('',(1.125,-2.1,0.));
#13893 = DIRECTION('',(0.,-1.,0.));
#13894 = DIRECTION('',(-1.,0.,0.));
#13895 = DEFINITIONAL_REPRESENTATION('',(#13896),#13900);
#13896 = LINE('',#13897,#13898);
#13897 = CARTESIAN_POINT('',(0.,-0.));
#13898 = VECTOR('',#13899,1.);
#13899 = DIRECTION('',(0.,-1.));
#13900 = ( GEOMETRIC_REPRESENTATION_CONTEXT(2) 
PARAMETRIC_REPRESENTATION_CONTEXT() REPRESENTATION_CONTEXT('2D SPACE',''
  ) );
#13901 = ORIENTED_EDGE('',*,*,#13902,.F.);
#13902 = EDGE_CURVE('',#13794,#13875,#13903,.T.);
#13903 = SURFACE_CURVE('',#13904,(#13908,#13915),.PCURVE_S1.);
#13904 = LINE('',#13905,#13906);
#13905 = CARTESIAN_POINT('',(1.125,-2.5,0.));
#13906 = VECTOR('',#13907,1.);
#13907 = DIRECTION('',(0.,1.,0.));
#13908 = PCURVE('',#13809,#13909);
#13909 = DEFINITIONAL_REPRESENTATION('',(#13910),#13914);
#13910 = LINE('',#13911,#13912);
#13911 = CARTESIAN_POINT('',(0.,0.));
#13912 = VECTOR('',#13913,1.);
#13913 = DIRECTION('',(1.,0.));
#13914 = ( GEOMETRIC_REPRESENTATION_CONTEXT(2) 
PARAMETRIC_REPRESENTATION_CONTEXT() REPRESENTATION_CONTEXT('2D SPACE',''
  ) );
#13915 = PCURVE('',#13835,#13916);
#13916 = DEFINITIONAL_REPRESENTATION('',(#13917),#13921);
#13917 = LINE('',#13918,#13919);
#13918 = CARTESIAN_POINT('',(0.125,-0.2));
#13919 = VECTOR('',#13920,1.);
#13920 = DIRECTION('',(0.,1.));
#13921 = ( GEOMETRIC_REPRESENTATION_CONTEXT(2) 
PARAMETRIC_REPRESENTATION_CONTEXT() REPRESENTATION_CONTEXT('2D SPACE',''
  ) );
#13922 = ADVANCED_FACE('',(#13923),#13890,.F.);
#13923 = FACE_BOUND('',#13924,.F.);
#13924 = EDGE_LOOP('',(#13925,#13926,#13949,#13972));
#13925 = ORIENTED_EDGE('',*,*,#13874,.T.);
#13926 = ORIENTED_EDGE('',*,*,#13927,.T.);
#13927 = EDGE_CURVE('',#13852,#13928,#13930,.T.);
#13928 = VERTEX_POINT('',#13929);
#13929 = CARTESIAN_POINT('',(0.875,-2.1,0.2));
#13930 = SURFACE_CURVE('',#13931,(#13935,#13942),.PCURVE_S1.);
#13931 = LINE('',#13932,#13933);
#13932 = CARTESIAN_POINT('',(1.125,-2.1,0.2));
#13933 = VECTOR('',#13934,1.);
#13934 = DIRECTION('',(-1.,0.,0.));
#13935 = PCURVE('',#13890,#13936);
#13936 = DEFINITIONAL_REPRESENTATION('',(#13937),#13941);
#13937 = LINE('',#13938,#13939);
#13938 = CARTESIAN_POINT('',(0.,-0.2));
#13939 = VECTOR('',#13940,1.);
#13940 = DIRECTION('',(1.,0.));
#13941 = ( GEOMETRIC_REPRESENTATION_CONTEXT(2) 
PARAMETRIC_REPRESENTATION_CONTEXT() REPRESENTATION_CONTEXT('2D SPACE',''
  ) );
#13942 = PCURVE('',#13781,#13943);
#13943 = DEFINITIONAL_REPRESENTATION('',(#13944),#13948);
#13944 = LINE('',#13945,#13946);
#13945 = CARTESIAN_POINT('',(0.125,0.2));
#13946 = VECTOR('',#13947,1.);
#13947 = DIRECTION('',(-1.,0.));
#13948 = ( GEOMETRIC_REPRESENTATION_CONTEXT(2) 
PARAMETRIC_REPRESENTATION_CONTEXT() REPRESENTATION_CONTEXT('2D SPACE',''
  ) );
#13949 = ORIENTED_EDGE('',*,*,#13950,.F.);
#13950 = EDGE_CURVE('',#13951,#13928,#13953,.T.);
#13951 = VERTEX_POINT('',#13952);
#13952 = CARTESIAN_POINT('',(0.875,-2.1,0.));
#13953 = SURFACE_CURVE('',#13954,(#13958,#13965),.PCURVE_S1.);
#13954 = LINE('',#13955,#13956);
#13955 = CARTESIAN_POINT('',(0.875,-2.1,0.));
#13956 = VECTOR('',#13957,1.);
#13957 = DIRECTION('',(0.,0.,1.));
#13958 = PCURVE('',#13890,#13959);
#13959 = DEFINITIONAL_REPRESENTATION('',(#13960),#13964);
#13960 = LINE('',#13961,#13962);
#13961 = CARTESIAN_POINT('',(0.25,0.));
#13962 = VECTOR('',#13963,1.);
#13963 = DIRECTION('',(0.,-1.));
#13964 = ( GEOMETRIC_REPRESENTATION_CONTEXT(2) 
PARAMETRIC_REPRESENTATION_CONTEXT() REPRESENTATION_CONTEXT('2D SPACE',''
  ) );
#13965 = PCURVE('',#13753,#13966);
#13966 = DEFINITIONAL_REPRESENTATION('',(#13967),#13971);
#13967 = LINE('',#13968,#13969);
#13968 = CARTESIAN_POINT('',(0.,0.));
#13969 = VECTOR('',#13970,1.);
#13970 = DIRECTION('',(0.,-1.));
#13971 = ( GEOMETRIC_REPRESENTATION_CONTEXT(2) 
PARAMETRIC_REPRESENTATION_CONTEXT() REPRESENTATION_CONTEXT('2D SPACE',''
  ) );
#13972 = ORIENTED_EDGE('',*,*,#13973,.F.);
#13973 = EDGE_CURVE('',#13875,#13951,#13974,.T.);
#13974 = SURFACE_CURVE('',#13975,(#13979,#13986),.PCURVE_S1.);
#13975 = LINE('',#13976,#13977);
#13976 = CARTESIAN_POINT('',(1.125,-2.1,0.));
#13977 = VECTOR('',#13978,1.);
#13978 = DIRECTION('',(-1.,0.,0.));
#13979 = PCURVE('',#13890,#13980);
#13980 = DEFINITIONAL_REPRESENTATION('',(#13981),#13985);
#13981 = LINE('',#13982,#13983);
#13982 = CARTESIAN_POINT('',(0.,-0.));
#13983 = VECTOR('',#13984,1.);
#13984 = DIRECTION('',(1.,0.));
#13985 = ( GEOMETRIC_REPRESENTATION_CONTEXT(2) 
PARAMETRIC_REPRESENTATION_CONTEXT() REPRESENTATION_CONTEXT('2D SPACE',''
  ) );
#13986 = PCURVE('',#13835,#13987);
#13987 = DEFINITIONAL_REPRESENTATION('',(#13988),#13992);
#13988 = LINE('',#13989,#13990);
#13989 = CARTESIAN_POINT('',(0.125,0.2));
#13990 = VECTOR('',#13991,1.);
#13991 = DIRECTION('',(-1.,0.));
#13992 = ( GEOMETRIC_REPRESENTATION_CONTEXT(2) 
PARAMETRIC_REPRESENTATION_CONTEXT() REPRESENTATION_CONTEXT('2D SPACE',''
  ) );
#13993 = ADVANCED_FACE('',(#13994),#13753,.F.);
#13994 = FACE_BOUND('',#13995,.F.);
#13995 = EDGE_LOOP('',(#13996,#13997,#14018,#14019));
#13996 = ORIENTED_EDGE('',*,*,#13950,.T.);
#13997 = ORIENTED_EDGE('',*,*,#13998,.T.);
#13998 = EDGE_CURVE('',#13928,#13733,#13999,.T.);
#13999 = SURFACE_CURVE('',#14000,(#14004,#14011),.PCURVE_S1.);
#14000 = LINE('',#14001,#14002);
#14001 = CARTESIAN_POINT('',(0.875,-2.1,0.2));
#14002 = VECTOR('',#14003,1.);
#14003 = DIRECTION('',(0.,-1.,0.));
#14004 = PCURVE('',#13753,#14005);
#14005 = DEFINITIONAL_REPRESENTATION('',(#14006),#14010);
#14006 = LINE('',#14007,#14008);
#14007 = CARTESIAN_POINT('',(0.,-0.2));
#14008 = VECTOR('',#14009,1.);
#14009 = DIRECTION('',(1.,0.));
#14010 = ( GEOMETRIC_REPRESENTATION_CONTEXT(2) 
PARAMETRIC_REPRESENTATION_CONTEXT() REPRESENTATION_CONTEXT('2D SPACE',''
  ) );
#14011 = PCURVE('',#13781,#14012);
#14012 = DEFINITIONAL_REPRESENTATION('',(#14013),#14017);
#14013 = LINE('',#14014,#14015);
#14014 = CARTESIAN_POINT('',(-0.125,0.2));
#14015 = VECTOR('',#14016,1.);
#14016 = DIRECTION('',(0.,-1.));
#14017 = ( GEOMETRIC_REPRESENTATION_CONTEXT(2) 
PARAMETRIC_REPRESENTATION_CONTEXT() REPRESENTATION_CONTEXT('2D SPACE',''
  ) );
#14018 = ORIENTED_EDGE('',*,*,#13730,.F.);
#14019 = ORIENTED_EDGE('',*,*,#14020,.F.);
#14020 = EDGE_CURVE('',#13951,#13731,#14021,.T.);
#14021 = SURFACE_CURVE('',#14022,(#14026,#14033),.PCURVE_S1.);
#14022 = LINE('',#14023,#14024);
#14023 = CARTESIAN_POINT('',(0.875,-2.1,0.));
#14024 = VECTOR('',#14025,1.);
#14025 = DIRECTION('',(0.,-1.,0.));
#14026 = PCURVE('',#13753,#14027);
#14027 = DEFINITIONAL_REPRESENTATION('',(#14028),#14032);
#14028 = LINE('',#14029,#14030);
#14029 = CARTESIAN_POINT('',(0.,0.));
#14030 = VECTOR('',#14031,1.);
#14031 = DIRECTION('',(1.,0.));
#14032 = ( GEOMETRIC_REPRESENTATION_CONTEXT(2) 
PARAMETRIC_REPRESENTATION_CONTEXT() REPRESENTATION_CONTEXT('2D SPACE',''
  ) );
#14033 = PCURVE('',#13835,#14034);
#14034 = DEFINITIONAL_REPRESENTATION('',(#14035),#14039);
#14035 = LINE('',#14036,#14037);
#14036 = CARTESIAN_POINT('',(-0.125,0.2));
#14037 = VECTOR('',#14038,1.);
#14038 = DIRECTION('',(0.,-1.));
#14039 = ( GEOMETRIC_REPRESENTATION_CONTEXT(2) 
PARAMETRIC_REPRESENTATION_CONTEXT() REPRESENTATION_CONTEXT('2D SPACE',''
  ) );
#14040 = ADVANCED_FACE('',(#14041),#13835,.F.);
#14041 = FACE_BOUND('',#14042,.F.);
#14042 = EDGE_LOOP('',(#14043,#14044,#14045,#14046));
#14043 = ORIENTED_EDGE('',*,*,#13821,.T.);
#14044 = ORIENTED_EDGE('',*,*,#13902,.T.);
#14045 = ORIENTED_EDGE('',*,*,#13973,.T.);
#14046 = ORIENTED_EDGE('',*,*,#14020,.T.);
#14047 = ADVANCED_FACE('',(#14048),#13781,.T.);
#14048 = FACE_BOUND('',#14049,.T.);
#14049 = EDGE_LOOP('',(#14050,#14051,#14052,#14053));
#14050 = ORIENTED_EDGE('',*,*,#13765,.T.);
#14051 = ORIENTED_EDGE('',*,*,#13851,.T.);
#14052 = ORIENTED_EDGE('',*,*,#13927,.T.);
#14053 = ORIENTED_EDGE('',*,*,#13998,.T.);
#14054 = ( GEOMETRIC_REPRESENTATION_CONTEXT(3) 
GLOBAL_UNCERTAINTY_ASSIGNED_CONTEXT((#14058)) 
GLOBAL_UNIT_ASSIGNED_CONTEXT((#14055,#14056,#14057)) 
REPRESENTATION_CONTEXT('Context #1',
  '3D Context with UNIT and UNCERTAINTY') );
#14055 = ( LENGTH_UNIT() NAMED_UNIT(*) SI_UNIT(.MILLI.,.METRE.) );
#14056 = ( NAMED_UNIT(*) PLANE_ANGLE_UNIT() SI_UNIT($,.RADIAN.) );
#14057 = ( NAMED_UNIT(*) SI_UNIT($,.STERADIAN.) SOLID_ANGLE_UNIT() );
#14058 = UNCERTAINTY_MEASURE_WITH_UNIT(LENGTH_MEASURE(1.E-07),#14055,
  'distance_accuracy_value','confusion accuracy');
#14059 = CONTEXT_DEPENDENT_SHAPE_REPRESENTATION(#14060,#14062);
#14060 = ( REPRESENTATION_RELATIONSHIP('','',#13723,#10) 
REPRESENTATION_RELATIONSHIP_WITH_TRANSFORMATION(#14061) 
SHAPE_REPRESENTATION_RELATIONSHIP() );
#14061 = ITEM_DEFINED_TRANSFORMATION('','',#11,#75);
#14062 = PRODUCT_DEFINITION_SHAPE('Placement','Placement of an item',
  #14063);
#14063 = NEXT_ASSEMBLY_USAGE_OCCURRENCE('16','terminal13','',#5,#13718,$
  );
#14064 = PRODUCT_RELATED_PRODUCT_CATEGORY('part',$,(#13720));
#14065 = SHAPE_DEFINITION_REPRESENTATION(#14066,#14072);
#14066 = PRODUCT_DEFINITION_SHAPE('','',#14067);
#14067 = PRODUCT_DEFINITION('design','',#14068,#14071);
#14068 = PRODUCT_DEFINITION_FORMATION('','',#14069);
#14069 = PRODUCT('terminal14','terminal14','',(#14070));
#14070 = PRODUCT_CONTEXT('',#2,'mechanical');
#14071 = PRODUCT_DEFINITION_CONTEXT('part definition',#2,'design');
#14072 = ADVANCED_BREP_SHAPE_REPRESENTATION('',(#11,#14073),#14403);
#14073 = MANIFOLD_SOLID_BREP('',#14074);
#14074 = CLOSED_SHELL('',(#14075,#14195,#14271,#14342,#14389,#14396));
#14075 = ADVANCED_FACE('',(#14076),#14090,.F.);
#14076 = FACE_BOUND('',#14077,.F.);
#14077 = EDGE_LOOP('',(#14078,#14113,#14141,#14169));
#14078 = ORIENTED_EDGE('',*,*,#14079,.T.);
#14079 = EDGE_CURVE('',#14080,#14082,#14084,.T.);
#14080 = VERTEX_POINT('',#14081);
#14081 = CARTESIAN_POINT('',(1.375,-2.5,0.));
#14082 = VERTEX_POINT('',#14083);
#14083 = CARTESIAN_POINT('',(1.375,-2.5,0.2));
#14084 = SURFACE_CURVE('',#14085,(#14089,#14101),.PCURVE_S1.);
#14085 = LINE('',#14086,#14087);
#14086 = CARTESIAN_POINT('',(1.375,-2.5,0.));
#14087 = VECTOR('',#14088,1.);
#14088 = DIRECTION('',(0.,0.,1.));
#14089 = PCURVE('',#14090,#14095);
#14090 = PLANE('',#14091);
#14091 = AXIS2_PLACEMENT_3D('',#14092,#14093,#14094);
#14092 = CARTESIAN_POINT('',(1.375,-2.5,0.));
#14093 = DIRECTION('',(0.,1.,0.));
#14094 = DIRECTION('',(1.,0.,0.));
#14095 = DEFINITIONAL_REPRESENTATION('',(#14096),#14100);
#14096 = LINE('',#14097,#14098);
#14097 = CARTESIAN_POINT('',(0.,0.));
#14098 = VECTOR('',#14099,1.);
#14099 = DIRECTION('',(0.,-1.));
#14100 = ( GEOMETRIC_REPRESENTATION_CONTEXT(2) 
PARAMETRIC_REPRESENTATION_CONTEXT() REPRESENTATION_CONTEXT('2D SPACE',''
  ) );
#14101 = PCURVE('',#14102,#14107);
#14102 = PLANE('',#14103);
#14103 = AXIS2_PLACEMENT_3D('',#14104,#14105,#14106);
#14104 = CARTESIAN_POINT('',(1.375,-2.1,0.));
#14105 = DIRECTION('',(1.,0.,-0.));
#14106 = DIRECTION('',(0.,-1.,0.));
#14107 = DEFINITIONAL_REPRESENTATION('',(#14108),#14112);
#14108 = LINE('',#14109,#14110);
#14109 = CARTESIAN_POINT('',(0.4,0.));
#14110 = VECTOR('',#14111,1.);
#14111 = DIRECTION('',(0.,-1.));
#14112 = ( GEOMETRIC_REPRESENTATION_CONTEXT(2) 
PARAMETRIC_REPRESENTATION_CONTEXT() REPRESENTATION_CONTEXT('2D SPACE',''
  ) );
#14113 = ORIENTED_EDGE('',*,*,#14114,.T.);
#14114 = EDGE_CURVE('',#14082,#14115,#14117,.T.);
#14115 = VERTEX_POINT('',#14116);
#14116 = CARTESIAN_POINT('',(1.625,-2.5,0.2));
#14117 = SURFACE_CURVE('',#14118,(#14122,#14129),.PCURVE_S1.);
#14118 = LINE('',#14119,#14120);
#14119 = CARTESIAN_POINT('',(1.375,-2.5,0.2));
#14120 = VECTOR('',#14121,1.);
#14121 = DIRECTION('',(1.,0.,0.));
#14122 = PCURVE('',#14090,#14123);
#14123 = DEFINITIONAL_REPRESENTATION('',(#14124),#14128);
#14124 = LINE('',#14125,#14126);
#14125 = CARTESIAN_POINT('',(0.,-0.2));
#14126 = VECTOR('',#14127,1.);
#14127 = DIRECTION('',(1.,0.));
#14128 = ( GEOMETRIC_REPRESENTATION_CONTEXT(2) 
PARAMETRIC_REPRESENTATION_CONTEXT() REPRESENTATION_CONTEXT('2D SPACE',''
  ) );
#14129 = PCURVE('',#14130,#14135);
#14130 = PLANE('',#14131);
#14131 = AXIS2_PLACEMENT_3D('',#14132,#14133,#14134);
#14132 = CARTESIAN_POINT('',(1.5,-2.3,0.2));
#14133 = DIRECTION('',(0.,0.,1.));
#14134 = DIRECTION('',(1.,0.,-0.));
#14135 = DEFINITIONAL_REPRESENTATION('',(#14136),#14140);
#14136 = LINE('',#14137,#14138);
#14137 = CARTESIAN_POINT('',(-0.125,-0.2));
#14138 = VECTOR('',#14139,1.);
#14139 = DIRECTION('',(1.,0.));
#14140 = ( GEOMETRIC_REPRESENTATION_CONTEXT(2) 
PARAMETRIC_REPRESENTATION_CONTEXT() REPRESENTATION_CONTEXT('2D SPACE',''
  ) );
#14141 = ORIENTED_EDGE('',*,*,#14142,.F.);
#14142 = EDGE_CURVE('',#14143,#14115,#14145,.T.);
#14143 = VERTEX_POINT('',#14144);
#14144 = CARTESIAN_POINT('',(1.625,-2.5,0.));
#14145 = SURFACE_CURVE('',#14146,(#14150,#14157),.PCURVE_S1.);
#14146 = LINE('',#14147,#14148);
#14147 = CARTESIAN_POINT('',(1.625,-2.5,0.));
#14148 = VECTOR('',#14149,1.);
#14149 = DIRECTION('',(0.,0.,1.));
#14150 = PCURVE('',#14090,#14151);
#14151 = DEFINITIONAL_REPRESENTATION('',(#14152),#14156);
#14152 = LINE('',#14153,#14154);
#14153 = CARTESIAN_POINT('',(0.25,0.));
#14154 = VECTOR('',#14155,1.);
#14155 = DIRECTION('',(0.,-1.));
#14156 = ( GEOMETRIC_REPRESENTATION_CONTEXT(2) 
PARAMETRIC_REPRESENTATION_CONTEXT() REPRESENTATION_CONTEXT('2D SPACE',''
  ) );
#14157 = PCURVE('',#14158,#14163);
#14158 = PLANE('',#14159);
#14159 = AXIS2_PLACEMENT_3D('',#14160,#14161,#14162);
#14160 = CARTESIAN_POINT('',(1.625,-2.5,0.));
#14161 = DIRECTION('',(-1.,0.,0.));
#14162 = DIRECTION('',(0.,1.,0.));
#14163 = DEFINITIONAL_REPRESENTATION('',(#14164),#14168);
#14164 = LINE('',#14165,#14166);
#14165 = CARTESIAN_POINT('',(0.,0.));
#14166 = VECTOR('',#14167,1.);
#14167 = DIRECTION('',(0.,-1.));
#14168 = ( GEOMETRIC_REPRESENTATION_CONTEXT(2) 
PARAMETRIC_REPRESENTATION_CONTEXT() REPRESENTATION_CONTEXT('2D SPACE',''
  ) );
#14169 = ORIENTED_EDGE('',*,*,#14170,.F.);
#14170 = EDGE_CURVE('',#14080,#14143,#14171,.T.);
#14171 = SURFACE_CURVE('',#14172,(#14176,#14183),.PCURVE_S1.);
#14172 = LINE('',#14173,#14174);
#14173 = CARTESIAN_POINT('',(1.375,-2.5,0.));
#14174 = VECTOR('',#14175,1.);
#14175 = DIRECTION('',(1.,0.,0.));
#14176 = PCURVE('',#14090,#14177);
#14177 = DEFINITIONAL_REPRESENTATION('',(#14178),#14182);
#14178 = LINE('',#14179,#14180);
#14179 = CARTESIAN_POINT('',(0.,0.));
#14180 = VECTOR('',#14181,1.);
#14181 = DIRECTION('',(1.,0.));
#14182 = ( GEOMETRIC_REPRESENTATION_CONTEXT(2) 
PARAMETRIC_REPRESENTATION_CONTEXT() REPRESENTATION_CONTEXT('2D SPACE',''
  ) );
#14183 = PCURVE('',#14184,#14189);
#14184 = PLANE('',#14185);
#14185 = AXIS2_PLACEMENT_3D('',#14186,#14187,#14188);
#14186 = CARTESIAN_POINT('',(1.5,-2.3,0.));
#14187 = DIRECTION('',(0.,0.,1.));
#14188 = DIRECTION('',(1.,0.,-0.));
#14189 = DEFINITIONAL_REPRESENTATION('',(#14190),#14194);
#14190 = LINE('',#14191,#14192);
#14191 = CARTESIAN_POINT('',(-0.125,-0.2));
#14192 = VECTOR('',#14193,1.);
#14193 = DIRECTION('',(1.,0.));
#14194 = ( GEOMETRIC_REPRESENTATION_CONTEXT(2) 
PARAMETRIC_REPRESENTATION_CONTEXT() REPRESENTATION_CONTEXT('2D SPACE',''
  ) );
#14195 = ADVANCED_FACE('',(#14196),#14158,.F.);
#14196 = FACE_BOUND('',#14197,.F.);
#14197 = EDGE_LOOP('',(#14198,#14199,#14222,#14250));
#14198 = ORIENTED_EDGE('',*,*,#14142,.T.);
#14199 = ORIENTED_EDGE('',*,*,#14200,.T.);
#14200 = EDGE_CURVE('',#14115,#14201,#14203,.T.);
#14201 = VERTEX_POINT('',#14202);
#14202 = CARTESIAN_POINT('',(1.625,-2.1,0.2));
#14203 = SURFACE_CURVE('',#14204,(#14208,#14215),.PCURVE_S1.);
#14204 = LINE('',#14205,#14206);
#14205 = CARTESIAN_POINT('',(1.625,-2.5,0.2));
#14206 = VECTOR('',#14207,1.);
#14207 = DIRECTION('',(0.,1.,0.));
#14208 = PCURVE('',#14158,#14209);
#14209 = DEFINITIONAL_REPRESENTATION('',(#14210),#14214);
#14210 = LINE('',#14211,#14212);
#14211 = CARTESIAN_POINT('',(0.,-0.2));
#14212 = VECTOR('',#14213,1.);
#14213 = DIRECTION('',(1.,0.));
#14214 = ( GEOMETRIC_REPRESENTATION_CONTEXT(2) 
PARAMETRIC_REPRESENTATION_CONTEXT() REPRESENTATION_CONTEXT('2D SPACE',''
  ) );
#14215 = PCURVE('',#14130,#14216);
#14216 = DEFINITIONAL_REPRESENTATION('',(#14217),#14221);
#14217 = LINE('',#14218,#14219);
#14218 = CARTESIAN_POINT('',(0.125,-0.2));
#14219 = VECTOR('',#14220,1.);
#14220 = DIRECTION('',(0.,1.));
#14221 = ( GEOMETRIC_REPRESENTATION_CONTEXT(2) 
PARAMETRIC_REPRESENTATION_CONTEXT() REPRESENTATION_CONTEXT('2D SPACE',''
  ) );
#14222 = ORIENTED_EDGE('',*,*,#14223,.F.);
#14223 = EDGE_CURVE('',#14224,#14201,#14226,.T.);
#14224 = VERTEX_POINT('',#14225);
#14225 = CARTESIAN_POINT('',(1.625,-2.1,0.));
#14226 = SURFACE_CURVE('',#14227,(#14231,#14238),.PCURVE_S1.);
#14227 = LINE('',#14228,#14229);
#14228 = CARTESIAN_POINT('',(1.625,-2.1,0.));
#14229 = VECTOR('',#14230,1.);
#14230 = DIRECTION('',(0.,0.,1.));
#14231 = PCURVE('',#14158,#14232);
#14232 = DEFINITIONAL_REPRESENTATION('',(#14233),#14237);
#14233 = LINE('',#14234,#14235);
#14234 = CARTESIAN_POINT('',(0.4,0.));
#14235 = VECTOR('',#14236,1.);
#14236 = DIRECTION('',(0.,-1.));
#14237 = ( GEOMETRIC_REPRESENTATION_CONTEXT(2) 
PARAMETRIC_REPRESENTATION_CONTEXT() REPRESENTATION_CONTEXT('2D SPACE',''
  ) );
#14238 = PCURVE('',#14239,#14244);
#14239 = PLANE('',#14240);
#14240 = AXIS2_PLACEMENT_3D('',#14241,#14242,#14243);
#14241 = CARTESIAN_POINT('',(1.625,-2.1,0.));
#14242 = DIRECTION('',(0.,-1.,0.));
#14243 = DIRECTION('',(-1.,0.,0.));
#14244 = DEFINITIONAL_REPRESENTATION('',(#14245),#14249);
#14245 = LINE('',#14246,#14247);
#14246 = CARTESIAN_POINT('',(0.,-0.));
#14247 = VECTOR('',#14248,1.);
#14248 = DIRECTION('',(0.,-1.));
#14249 = ( GEOMETRIC_REPRESENTATION_CONTEXT(2) 
PARAMETRIC_REPRESENTATION_CONTEXT() REPRESENTATION_CONTEXT('2D SPACE',''
  ) );
#14250 = ORIENTED_EDGE('',*,*,#14251,.F.);
#14251 = EDGE_CURVE('',#14143,#14224,#14252,.T.);
#14252 = SURFACE_CURVE('',#14253,(#14257,#14264),.PCURVE_S1.);
#14253 = LINE('',#14254,#14255);
#14254 = CARTESIAN_POINT('',(1.625,-2.5,0.));
#14255 = VECTOR('',#14256,1.);
#14256 = DIRECTION('',(0.,1.,0.));
#14257 = PCURVE('',#14158,#14258);
#14258 = DEFINITIONAL_REPRESENTATION('',(#14259),#14263);
#14259 = LINE('',#14260,#14261);
#14260 = CARTESIAN_POINT('',(0.,0.));
#14261 = VECTOR('',#14262,1.);
#14262 = DIRECTION('',(1.,0.));
#14263 = ( GEOMETRIC_REPRESENTATION_CONTEXT(2) 
PARAMETRIC_REPRESENTATION_CONTEXT() REPRESENTATION_CONTEXT('2D SPACE',''
  ) );
#14264 = PCURVE('',#14184,#14265);
#14265 = DEFINITIONAL_REPRESENTATION('',(#14266),#14270);
#14266 = LINE('',#14267,#14268);
#14267 = CARTESIAN_POINT('',(0.125,-0.2));
#14268 = VECTOR('',#14269,1.);
#14269 = DIRECTION('',(0.,1.));
#14270 = ( GEOMETRIC_REPRESENTATION_CONTEXT(2) 
PARAMETRIC_REPRESENTATION_CONTEXT() REPRESENTATION_CONTEXT('2D SPACE',''
  ) );
#14271 = ADVANCED_FACE('',(#14272),#14239,.F.);
#14272 = FACE_BOUND('',#14273,.F.);
#14273 = EDGE_LOOP('',(#14274,#14275,#14298,#14321));
#14274 = ORIENTED_EDGE('',*,*,#14223,.T.);
#14275 = ORIENTED_EDGE('',*,*,#14276,.T.);
#14276 = EDGE_CURVE('',#14201,#14277,#14279,.T.);
#14277 = VERTEX_POINT('',#14278);
#14278 = CARTESIAN_POINT('',(1.375,-2.1,0.2));
#14279 = SURFACE_CURVE('',#14280,(#14284,#14291),.PCURVE_S1.);
#14280 = LINE('',#14281,#14282);
#14281 = CARTESIAN_POINT('',(1.625,-2.1,0.2));
#14282 = VECTOR('',#14283,1.);
#14283 = DIRECTION('',(-1.,0.,0.));
#14284 = PCURVE('',#14239,#14285);
#14285 = DEFINITIONAL_REPRESENTATION('',(#14286),#14290);
#14286 = LINE('',#14287,#14288);
#14287 = CARTESIAN_POINT('',(0.,-0.2));
#14288 = VECTOR('',#14289,1.);
#14289 = DIRECTION('',(1.,0.));
#14290 = ( GEOMETRIC_REPRESENTATION_CONTEXT(2) 
PARAMETRIC_REPRESENTATION_CONTEXT() REPRESENTATION_CONTEXT('2D SPACE',''
  ) );
#14291 = PCURVE('',#14130,#14292);
#14292 = DEFINITIONAL_REPRESENTATION('',(#14293),#14297);
#14293 = LINE('',#14294,#14295);
#14294 = CARTESIAN_POINT('',(0.125,0.2));
#14295 = VECTOR('',#14296,1.);
#14296 = DIRECTION('',(-1.,0.));
#14297 = ( GEOMETRIC_REPRESENTATION_CONTEXT(2) 
PARAMETRIC_REPRESENTATION_CONTEXT() REPRESENTATION_CONTEXT('2D SPACE',''
  ) );
#14298 = ORIENTED_EDGE('',*,*,#14299,.F.);
#14299 = EDGE_CURVE('',#14300,#14277,#14302,.T.);
#14300 = VERTEX_POINT('',#14301);
#14301 = CARTESIAN_POINT('',(1.375,-2.1,0.));
#14302 = SURFACE_CURVE('',#14303,(#14307,#14314),.PCURVE_S1.);
#14303 = LINE('',#14304,#14305);
#14304 = CARTESIAN_POINT('',(1.375,-2.1,0.));
#14305 = VECTOR('',#14306,1.);
#14306 = DIRECTION('',(0.,0.,1.));
#14307 = PCURVE('',#14239,#14308);
#14308 = DEFINITIONAL_REPRESENTATION('',(#14309),#14313);
#14309 = LINE('',#14310,#14311);
#14310 = CARTESIAN_POINT('',(0.25,0.));
#14311 = VECTOR('',#14312,1.);
#14312 = DIRECTION('',(0.,-1.));
#14313 = ( GEOMETRIC_REPRESENTATION_CONTEXT(2) 
PARAMETRIC_REPRESENTATION_CONTEXT() REPRESENTATION_CONTEXT('2D SPACE',''
  ) );
#14314 = PCURVE('',#14102,#14315);
#14315 = DEFINITIONAL_REPRESENTATION('',(#14316),#14320);
#14316 = LINE('',#14317,#14318);
#14317 = CARTESIAN_POINT('',(0.,0.));
#14318 = VECTOR('',#14319,1.);
#14319 = DIRECTION('',(0.,-1.));
#14320 = ( GEOMETRIC_REPRESENTATION_CONTEXT(2) 
PARAMETRIC_REPRESENTATION_CONTEXT() REPRESENTATION_CONTEXT('2D SPACE',''
  ) );
#14321 = ORIENTED_EDGE('',*,*,#14322,.F.);
#14322 = EDGE_CURVE('',#14224,#14300,#14323,.T.);
#14323 = SURFACE_CURVE('',#14324,(#14328,#14335),.PCURVE_S1.);
#14324 = LINE('',#14325,#14326);
#14325 = CARTESIAN_POINT('',(1.625,-2.1,0.));
#14326 = VECTOR('',#14327,1.);
#14327 = DIRECTION('',(-1.,0.,0.));
#14328 = PCURVE('',#14239,#14329);
#14329 = DEFINITIONAL_REPRESENTATION('',(#14330),#14334);
#14330 = LINE('',#14331,#14332);
#14331 = CARTESIAN_POINT('',(0.,-0.));
#14332 = VECTOR('',#14333,1.);
#14333 = DIRECTION('',(1.,0.));
#14334 = ( GEOMETRIC_REPRESENTATION_CONTEXT(2) 
PARAMETRIC_REPRESENTATION_CONTEXT() REPRESENTATION_CONTEXT('2D SPACE',''
  ) );
#14335 = PCURVE('',#14184,#14336);
#14336 = DEFINITIONAL_REPRESENTATION('',(#14337),#14341);
#14337 = LINE('',#14338,#14339);
#14338 = CARTESIAN_POINT('',(0.125,0.2));
#14339 = VECTOR('',#14340,1.);
#14340 = DIRECTION('',(-1.,0.));
#14341 = ( GEOMETRIC_REPRESENTATION_CONTEXT(2) 
PARAMETRIC_REPRESENTATION_CONTEXT() REPRESENTATION_CONTEXT('2D SPACE',''
  ) );
#14342 = ADVANCED_FACE('',(#14343),#14102,.F.);
#14343 = FACE_BOUND('',#14344,.F.);
#14344 = EDGE_LOOP('',(#14345,#14346,#14367,#14368));
#14345 = ORIENTED_EDGE('',*,*,#14299,.T.);
#14346 = ORIENTED_EDGE('',*,*,#14347,.T.);
#14347 = EDGE_CURVE('',#14277,#14082,#14348,.T.);
#14348 = SURFACE_CURVE('',#14349,(#14353,#14360),.PCURVE_S1.);
#14349 = LINE('',#14350,#14351);
#14350 = CARTESIAN_POINT('',(1.375,-2.1,0.2));
#14351 = VECTOR('',#14352,1.);
#14352 = DIRECTION('',(0.,-1.,0.));
#14353 = PCURVE('',#14102,#14354);
#14354 = DEFINITIONAL_REPRESENTATION('',(#14355),#14359);
#14355 = LINE('',#14356,#14357);
#14356 = CARTESIAN_POINT('',(0.,-0.2));
#14357 = VECTOR('',#14358,1.);
#14358 = DIRECTION('',(1.,0.));
#14359 = ( GEOMETRIC_REPRESENTATION_CONTEXT(2) 
PARAMETRIC_REPRESENTATION_CONTEXT() REPRESENTATION_CONTEXT('2D SPACE',''
  ) );
#14360 = PCURVE('',#14130,#14361);
#14361 = DEFINITIONAL_REPRESENTATION('',(#14362),#14366);
#14362 = LINE('',#14363,#14364);
#14363 = CARTESIAN_POINT('',(-0.125,0.2));
#14364 = VECTOR('',#14365,1.);
#14365 = DIRECTION('',(0.,-1.));
#14366 = ( GEOMETRIC_REPRESENTATION_CONTEXT(2) 
PARAMETRIC_REPRESENTATION_CONTEXT() REPRESENTATION_CONTEXT('2D SPACE',''
  ) );
#14367 = ORIENTED_EDGE('',*,*,#14079,.F.);
#14368 = ORIENTED_EDGE('',*,*,#14369,.F.);
#14369 = EDGE_CURVE('',#14300,#14080,#14370,.T.);
#14370 = SURFACE_CURVE('',#14371,(#14375,#14382),.PCURVE_S1.);
#14371 = LINE('',#14372,#14373);
#14372 = CARTESIAN_POINT('',(1.375,-2.1,0.));
#14373 = VECTOR('',#14374,1.);
#14374 = DIRECTION('',(0.,-1.,0.));
#14375 = PCURVE('',#14102,#14376);
#14376 = DEFINITIONAL_REPRESENTATION('',(#14377),#14381);
#14377 = LINE('',#14378,#14379);
#14378 = CARTESIAN_POINT('',(0.,0.));
#14379 = VECTOR('',#14380,1.);
#14380 = DIRECTION('',(1.,0.));
#14381 = ( GEOMETRIC_REPRESENTATION_CONTEXT(2) 
PARAMETRIC_REPRESENTATION_CONTEXT() REPRESENTATION_CONTEXT('2D SPACE',''
  ) );
#14382 = PCURVE('',#14184,#14383);
#14383 = DEFINITIONAL_REPRESENTATION('',(#14384),#14388);
#14384 = LINE('',#14385,#14386);
#14385 = CARTESIAN_POINT('',(-0.125,0.2));
#14386 = VECTOR('',#14387,1.);
#14387 = DIRECTION('',(0.,-1.));
#14388 = ( GEOMETRIC_REPRESENTATION_CONTEXT(2) 
PARAMETRIC_REPRESENTATION_CONTEXT() REPRESENTATION_CONTEXT('2D SPACE',''
  ) );
#14389 = ADVANCED_FACE('',(#14390),#14184,.F.);
#14390 = FACE_BOUND('',#14391,.F.);
#14391 = EDGE_LOOP('',(#14392,#14393,#14394,#14395));
#14392 = ORIENTED_EDGE('',*,*,#14170,.T.);
#14393 = ORIENTED_EDGE('',*,*,#14251,.T.);
#14394 = ORIENTED_EDGE('',*,*,#14322,.T.);
#14395 = ORIENTED_EDGE('',*,*,#14369,.T.);
#14396 = ADVANCED_FACE('',(#14397),#14130,.T.);
#14397 = FACE_BOUND('',#14398,.T.);
#14398 = EDGE_LOOP('',(#14399,#14400,#14401,#14402));
#14399 = ORIENTED_EDGE('',*,*,#14114,.T.);
#14400 = ORIENTED_EDGE('',*,*,#14200,.T.);
#14401 = ORIENTED_EDGE('',*,*,#14276,.T.);
#14402 = ORIENTED_EDGE('',*,*,#14347,.T.);
#14403 = ( GEOMETRIC_REPRESENTATION_CONTEXT(3) 
GLOBAL_UNCERTAINTY_ASSIGNED_CONTEXT((#14407)) 
GLOBAL_UNIT_ASSIGNED_CONTEXT((#14404,#14405,#14406)) 
REPRESENTATION_CONTEXT('Context #1',
  '3D Context with UNIT and UNCERTAINTY') );
#14404 = ( LENGTH_UNIT() NAMED_UNIT(*) SI_UNIT(.MILLI.,.METRE.) );
#14405 = ( NAMED_UNIT(*) PLANE_ANGLE_UNIT() SI_UNIT($,.RADIAN.) );
#14406 = ( NAMED_UNIT(*) SI_UNIT($,.STERADIAN.) SOLID_ANGLE_UNIT() );
#14407 = UNCERTAINTY_MEASURE_WITH_UNIT(LENGTH_MEASURE(1.E-07),#14404,
  'distance_accuracy_value','confusion accuracy');
#14408 = CONTEXT_DEPENDENT_SHAPE_REPRESENTATION(#14409,#14411);
#14409 = ( REPRESENTATION_RELATIONSHIP('','',#14072,#10) 
REPRESENTATION_RELATIONSHIP_WITH_TRANSFORMATION(#14410) 
SHAPE_REPRESENTATION_RELATIONSHIP() );
#14410 = ITEM_DEFINED_TRANSFORMATION('','',#11,#79);
#14411 = PRODUCT_DEFINITION_SHAPE('Placement','Placement of an item',
  #14412);
#14412 = NEXT_ASSEMBLY_USAGE_OCCURRENCE('17','terminal14','',#5,#14067,$
  );
#14413 = PRODUCT_RELATED_PRODUCT_CATEGORY('part',$,(#14069));
#14414 = SHAPE_DEFINITION_REPRESENTATION(#14415,#14421);
#14415 = PRODUCT_DEFINITION_SHAPE('','',#14416);
#14416 = PRODUCT_DEFINITION('design','',#14417,#14420);
#14417 = PRODUCT_DEFINITION_FORMATION('','',#14418);
#14418 = PRODUCT('terminal15','terminal15','',(#14419));
#14419 = PRODUCT_CONTEXT('',#2,'mechanical');
#14420 = PRODUCT_DEFINITION_CONTEXT('part definition',#2,'design');
#14421 = ADVANCED_BREP_SHAPE_REPRESENTATION('',(#11,#14422),#14752);
#14422 = MANIFOLD_SOLID_BREP('',#14423);
#14423 = CLOSED_SHELL('',(#14424,#14544,#14620,#14691,#14738,#14745));
#14424 = ADVANCED_FACE('',(#14425),#14439,.F.);
#14425 = FACE_BOUND('',#14426,.F.);
#14426 = EDGE_LOOP('',(#14427,#14462,#14490,#14518));
#14427 = ORIENTED_EDGE('',*,*,#14428,.T.);
#14428 = EDGE_CURVE('',#14429,#14431,#14433,.T.);
#14429 = VERTEX_POINT('',#14430);
#14430 = CARTESIAN_POINT('',(2.1,-1.625,0.));
#14431 = VERTEX_POINT('',#14432);
#14432 = CARTESIAN_POINT('',(2.1,-1.625,0.2));
#14433 = SURFACE_CURVE('',#14434,(#14438,#14450),.PCURVE_S1.);
#14434 = LINE('',#14435,#14436);
#14435 = CARTESIAN_POINT('',(2.1,-1.625,0.));
#14436 = VECTOR('',#14437,1.);
#14437 = DIRECTION('',(0.,0.,1.));
#14438 = PCURVE('',#14439,#14444);
#14439 = PLANE('',#14440);
#14440 = AXIS2_PLACEMENT_3D('',#14441,#14442,#14443);
#14441 = CARTESIAN_POINT('',(2.1,-1.625,0.));
#14442 = DIRECTION('',(0.,1.,0.));
#14443 = DIRECTION('',(1.,0.,0.));
#14444 = DEFINITIONAL_REPRESENTATION('',(#14445),#14449);
#14445 = LINE('',#14446,#14447);
#14446 = CARTESIAN_POINT('',(0.,0.));
#14447 = VECTOR('',#14448,1.);
#14448 = DIRECTION('',(0.,-1.));
#14449 = ( GEOMETRIC_REPRESENTATION_CONTEXT(2) 
PARAMETRIC_REPRESENTATION_CONTEXT() REPRESENTATION_CONTEXT('2D SPACE',''
  ) );
#14450 = PCURVE('',#14451,#14456);
#14451 = PLANE('',#14452);
#14452 = AXIS2_PLACEMENT_3D('',#14453,#14454,#14455);
#14453 = CARTESIAN_POINT('',(2.1,-1.375,0.));
#14454 = DIRECTION('',(1.,0.,-0.));
#14455 = DIRECTION('',(0.,-1.,0.));
#14456 = DEFINITIONAL_REPRESENTATION('',(#14457),#14461);
#14457 = LINE('',#14458,#14459);
#14458 = CARTESIAN_POINT('',(0.25,0.));
#14459 = VECTOR('',#14460,1.);
#14460 = DIRECTION('',(0.,-1.));
#14461 = ( GEOMETRIC_REPRESENTATION_CONTEXT(2) 
PARAMETRIC_REPRESENTATION_CONTEXT() REPRESENTATION_CONTEXT('2D SPACE',''
  ) );
#14462 = ORIENTED_EDGE('',*,*,#14463,.T.);
#14463 = EDGE_CURVE('',#14431,#14464,#14466,.T.);
#14464 = VERTEX_POINT('',#14465);
#14465 = CARTESIAN_POINT('',(2.5,-1.625,0.2));
#14466 = SURFACE_CURVE('',#14467,(#14471,#14478),.PCURVE_S1.);
#14467 = LINE('',#14468,#14469);
#14468 = CARTESIAN_POINT('',(2.1,-1.625,0.2));
#14469 = VECTOR('',#14470,1.);
#14470 = DIRECTION('',(1.,0.,0.));
#14471 = PCURVE('',#14439,#14472);
#14472 = DEFINITIONAL_REPRESENTATION('',(#14473),#14477);
#14473 = LINE('',#14474,#14475);
#14474 = CARTESIAN_POINT('',(0.,-0.2));
#14475 = VECTOR('',#14476,1.);
#14476 = DIRECTION('',(1.,0.));
#14477 = ( GEOMETRIC_REPRESENTATION_CONTEXT(2) 
PARAMETRIC_REPRESENTATION_CONTEXT() REPRESENTATION_CONTEXT('2D SPACE',''
  ) );
#14478 = PCURVE('',#14479,#14484);
#14479 = PLANE('',#14480);
#14480 = AXIS2_PLACEMENT_3D('',#14481,#14482,#14483);
#14481 = CARTESIAN_POINT('',(2.3,-1.5,0.2));
#14482 = DIRECTION('',(0.,0.,1.));
#14483 = DIRECTION('',(1.,0.,-0.));
#14484 = DEFINITIONAL_REPRESENTATION('',(#14485),#14489);
#14485 = LINE('',#14486,#14487);
#14486 = CARTESIAN_POINT('',(-0.2,-0.125));
#14487 = VECTOR('',#14488,1.);
#14488 = DIRECTION('',(1.,0.));
#14489 = ( GEOMETRIC_REPRESENTATION_CONTEXT(2) 
PARAMETRIC_REPRESENTATION_CONTEXT() REPRESENTATION_CONTEXT('2D SPACE',''
  ) );
#14490 = ORIENTED_EDGE('',*,*,#14491,.F.);
#14491 = EDGE_CURVE('',#14492,#14464,#14494,.T.);
#14492 = VERTEX_POINT('',#14493);
#14493 = CARTESIAN_POINT('',(2.5,-1.625,0.));
#14494 = SURFACE_CURVE('',#14495,(#14499,#14506),.PCURVE_S1.);
#14495 = LINE('',#14496,#14497);
#14496 = CARTESIAN_POINT('',(2.5,-1.625,0.));
#14497 = VECTOR('',#14498,1.);
#14498 = DIRECTION('',(0.,0.,1.));
#14499 = PCURVE('',#14439,#14500);
#14500 = DEFINITIONAL_REPRESENTATION('',(#14501),#14505);
#14501 = LINE('',#14502,#14503);
#14502 = CARTESIAN_POINT('',(0.4,0.));
#14503 = VECTOR('',#14504,1.);
#14504 = DIRECTION('',(0.,-1.));
#14505 = ( GEOMETRIC_REPRESENTATION_CONTEXT(2) 
PARAMETRIC_REPRESENTATION_CONTEXT() REPRESENTATION_CONTEXT('2D SPACE',''
  ) );
#14506 = PCURVE('',#14507,#14512);
#14507 = PLANE('',#14508);
#14508 = AXIS2_PLACEMENT_3D('',#14509,#14510,#14511);
#14509 = CARTESIAN_POINT('',(2.5,-1.625,0.));
#14510 = DIRECTION('',(-1.,0.,0.));
#14511 = DIRECTION('',(0.,1.,0.));
#14512 = DEFINITIONAL_REPRESENTATION('',(#14513),#14517);
#14513 = LINE('',#14514,#14515);
#14514 = CARTESIAN_POINT('',(0.,0.));
#14515 = VECTOR('',#14516,1.);
#14516 = DIRECTION('',(0.,-1.));
#14517 = ( GEOMETRIC_REPRESENTATION_CONTEXT(2) 
PARAMETRIC_REPRESENTATION_CONTEXT() REPRESENTATION_CONTEXT('2D SPACE',''
  ) );
#14518 = ORIENTED_EDGE('',*,*,#14519,.F.);
#14519 = EDGE_CURVE('',#14429,#14492,#14520,.T.);
#14520 = SURFACE_CURVE('',#14521,(#14525,#14532),.PCURVE_S1.);
#14521 = LINE('',#14522,#14523);
#14522 = CARTESIAN_POINT('',(2.1,-1.625,0.));
#14523 = VECTOR('',#14524,1.);
#14524 = DIRECTION('',(1.,0.,0.));
#14525 = PCURVE('',#14439,#14526);
#14526 = DEFINITIONAL_REPRESENTATION('',(#14527),#14531);
#14527 = LINE('',#14528,#14529);
#14528 = CARTESIAN_POINT('',(0.,0.));
#14529 = VECTOR('',#14530,1.);
#14530 = DIRECTION('',(1.,0.));
#14531 = ( GEOMETRIC_REPRESENTATION_CONTEXT(2) 
PARAMETRIC_REPRESENTATION_CONTEXT() REPRESENTATION_CONTEXT('2D SPACE',''
  ) );
#14532 = PCURVE('',#14533,#14538);
#14533 = PLANE('',#14534);
#14534 = AXIS2_PLACEMENT_3D('',#14535,#14536,#14537);
#14535 = CARTESIAN_POINT('',(2.3,-1.5,0.));
#14536 = DIRECTION('',(0.,0.,1.));
#14537 = DIRECTION('',(1.,0.,-0.));
#14538 = DEFINITIONAL_REPRESENTATION('',(#14539),#14543);
#14539 = LINE('',#14540,#14541);
#14540 = CARTESIAN_POINT('',(-0.2,-0.125));
#14541 = VECTOR('',#14542,1.);
#14542 = DIRECTION('',(1.,0.));
#14543 = ( GEOMETRIC_REPRESENTATION_CONTEXT(2) 
PARAMETRIC_REPRESENTATION_CONTEXT() REPRESENTATION_CONTEXT('2D SPACE',''
  ) );
#14544 = ADVANCED_FACE('',(#14545),#14507,.F.);
#14545 = FACE_BOUND('',#14546,.F.);
#14546 = EDGE_LOOP('',(#14547,#14548,#14571,#14599));
#14547 = ORIENTED_EDGE('',*,*,#14491,.T.);
#14548 = ORIENTED_EDGE('',*,*,#14549,.T.);
#14549 = EDGE_CURVE('',#14464,#14550,#14552,.T.);
#14550 = VERTEX_POINT('',#14551);
#14551 = CARTESIAN_POINT('',(2.5,-1.375,0.2));
#14552 = SURFACE_CURVE('',#14553,(#14557,#14564),.PCURVE_S1.);
#14553 = LINE('',#14554,#14555);
#14554 = CARTESIAN_POINT('',(2.5,-1.625,0.2));
#14555 = VECTOR('',#14556,1.);
#14556 = DIRECTION('',(0.,1.,0.));
#14557 = PCURVE('',#14507,#14558);
#14558 = DEFINITIONAL_REPRESENTATION('',(#14559),#14563);
#14559 = LINE('',#14560,#14561);
#14560 = CARTESIAN_POINT('',(0.,-0.2));
#14561 = VECTOR('',#14562,1.);
#14562 = DIRECTION('',(1.,0.));
#14563 = ( GEOMETRIC_REPRESENTATION_CONTEXT(2) 
PARAMETRIC_REPRESENTATION_CONTEXT() REPRESENTATION_CONTEXT('2D SPACE',''
  ) );
#14564 = PCURVE('',#14479,#14565);
#14565 = DEFINITIONAL_REPRESENTATION('',(#14566),#14570);
#14566 = LINE('',#14567,#14568);
#14567 = CARTESIAN_POINT('',(0.2,-0.125));
#14568 = VECTOR('',#14569,1.);
#14569 = DIRECTION('',(0.,1.));
#14570 = ( GEOMETRIC_REPRESENTATION_CONTEXT(2) 
PARAMETRIC_REPRESENTATION_CONTEXT() REPRESENTATION_CONTEXT('2D SPACE',''
  ) );
#14571 = ORIENTED_EDGE('',*,*,#14572,.F.);
#14572 = EDGE_CURVE('',#14573,#14550,#14575,.T.);
#14573 = VERTEX_POINT('',#14574);
#14574 = CARTESIAN_POINT('',(2.5,-1.375,0.));
#14575 = SURFACE_CURVE('',#14576,(#14580,#14587),.PCURVE_S1.);
#14576 = LINE('',#14577,#14578);
#14577 = CARTESIAN_POINT('',(2.5,-1.375,0.));
#14578 = VECTOR('',#14579,1.);
#14579 = DIRECTION('',(0.,0.,1.));
#14580 = PCURVE('',#14507,#14581);
#14581 = DEFINITIONAL_REPRESENTATION('',(#14582),#14586);
#14582 = LINE('',#14583,#14584);
#14583 = CARTESIAN_POINT('',(0.25,0.));
#14584 = VECTOR('',#14585,1.);
#14585 = DIRECTION('',(0.,-1.));
#14586 = ( GEOMETRIC_REPRESENTATION_CONTEXT(2) 
PARAMETRIC_REPRESENTATION_CONTEXT() REPRESENTATION_CONTEXT('2D SPACE',''
  ) );
#14587 = PCURVE('',#14588,#14593);
#14588 = PLANE('',#14589);
#14589 = AXIS2_PLACEMENT_3D('',#14590,#14591,#14592);
#14590 = CARTESIAN_POINT('',(2.5,-1.375,0.));
#14591 = DIRECTION('',(0.,-1.,0.));
#14592 = DIRECTION('',(-1.,0.,0.));
#14593 = DEFINITIONAL_REPRESENTATION('',(#14594),#14598);
#14594 = LINE('',#14595,#14596);
#14595 = CARTESIAN_POINT('',(0.,-0.));
#14596 = VECTOR('',#14597,1.);
#14597 = DIRECTION('',(0.,-1.));
#14598 = ( GEOMETRIC_REPRESENTATION_CONTEXT(2) 
PARAMETRIC_REPRESENTATION_CONTEXT() REPRESENTATION_CONTEXT('2D SPACE',''
  ) );
#14599 = ORIENTED_EDGE('',*,*,#14600,.F.);
#14600 = EDGE_CURVE('',#14492,#14573,#14601,.T.);
#14601 = SURFACE_CURVE('',#14602,(#14606,#14613),.PCURVE_S1.);
#14602 = LINE('',#14603,#14604);
#14603 = CARTESIAN_POINT('',(2.5,-1.625,0.));
#14604 = VECTOR('',#14605,1.);
#14605 = DIRECTION('',(0.,1.,0.));
#14606 = PCURVE('',#14507,#14607);
#14607 = DEFINITIONAL_REPRESENTATION('',(#14608),#14612);
#14608 = LINE('',#14609,#14610);
#14609 = CARTESIAN_POINT('',(0.,0.));
#14610 = VECTOR('',#14611,1.);
#14611 = DIRECTION('',(1.,0.));
#14612 = ( GEOMETRIC_REPRESENTATION_CONTEXT(2) 
PARAMETRIC_REPRESENTATION_CONTEXT() REPRESENTATION_CONTEXT('2D SPACE',''
  ) );
#14613 = PCURVE('',#14533,#14614);
#14614 = DEFINITIONAL_REPRESENTATION('',(#14615),#14619);
#14615 = LINE('',#14616,#14617);
#14616 = CARTESIAN_POINT('',(0.2,-0.125));
#14617 = VECTOR('',#14618,1.);
#14618 = DIRECTION('',(0.,1.));
#14619 = ( GEOMETRIC_REPRESENTATION_CONTEXT(2) 
PARAMETRIC_REPRESENTATION_CONTEXT() REPRESENTATION_CONTEXT('2D SPACE',''
  ) );
#14620 = ADVANCED_FACE('',(#14621),#14588,.F.);
#14621 = FACE_BOUND('',#14622,.F.);
#14622 = EDGE_LOOP('',(#14623,#14624,#14647,#14670));
#14623 = ORIENTED_EDGE('',*,*,#14572,.T.);
#14624 = ORIENTED_EDGE('',*,*,#14625,.T.);
#14625 = EDGE_CURVE('',#14550,#14626,#14628,.T.);
#14626 = VERTEX_POINT('',#14627);
#14627 = CARTESIAN_POINT('',(2.1,-1.375,0.2));
#14628 = SURFACE_CURVE('',#14629,(#14633,#14640),.PCURVE_S1.);
#14629 = LINE('',#14630,#14631);
#14630 = CARTESIAN_POINT('',(2.5,-1.375,0.2));
#14631 = VECTOR('',#14632,1.);
#14632 = DIRECTION('',(-1.,0.,0.));
#14633 = PCURVE('',#14588,#14634);
#14634 = DEFINITIONAL_REPRESENTATION('',(#14635),#14639);
#14635 = LINE('',#14636,#14637);
#14636 = CARTESIAN_POINT('',(0.,-0.2));
#14637 = VECTOR('',#14638,1.);
#14638 = DIRECTION('',(1.,0.));
#14639 = ( GEOMETRIC_REPRESENTATION_CONTEXT(2) 
PARAMETRIC_REPRESENTATION_CONTEXT() REPRESENTATION_CONTEXT('2D SPACE',''
  ) );
#14640 = PCURVE('',#14479,#14641);
#14641 = DEFINITIONAL_REPRESENTATION('',(#14642),#14646);
#14642 = LINE('',#14643,#14644);
#14643 = CARTESIAN_POINT('',(0.2,0.125));
#14644 = VECTOR('',#14645,1.);
#14645 = DIRECTION('',(-1.,0.));
#14646 = ( GEOMETRIC_REPRESENTATION_CONTEXT(2) 
PARAMETRIC_REPRESENTATION_CONTEXT() REPRESENTATION_CONTEXT('2D SPACE',''
  ) );
#14647 = ORIENTED_EDGE('',*,*,#14648,.F.);
#14648 = EDGE_CURVE('',#14649,#14626,#14651,.T.);
#14649 = VERTEX_POINT('',#14650);
#14650 = CARTESIAN_POINT('',(2.1,-1.375,0.));
#14651 = SURFACE_CURVE('',#14652,(#14656,#14663),.PCURVE_S1.);
#14652 = LINE('',#14653,#14654);
#14653 = CARTESIAN_POINT('',(2.1,-1.375,0.));
#14654 = VECTOR('',#14655,1.);
#14655 = DIRECTION('',(0.,0.,1.));
#14656 = PCURVE('',#14588,#14657);
#14657 = DEFINITIONAL_REPRESENTATION('',(#14658),#14662);
#14658 = LINE('',#14659,#14660);
#14659 = CARTESIAN_POINT('',(0.4,0.));
#14660 = VECTOR('',#14661,1.);
#14661 = DIRECTION('',(0.,-1.));
#14662 = ( GEOMETRIC_REPRESENTATION_CONTEXT(2) 
PARAMETRIC_REPRESENTATION_CONTEXT() REPRESENTATION_CONTEXT('2D SPACE',''
  ) );
#14663 = PCURVE('',#14451,#14664);
#14664 = DEFINITIONAL_REPRESENTATION('',(#14665),#14669);
#14665 = LINE('',#14666,#14667);
#14666 = CARTESIAN_POINT('',(0.,0.));
#14667 = VECTOR('',#14668,1.);
#14668 = DIRECTION('',(0.,-1.));
#14669 = ( GEOMETRIC_REPRESENTATION_CONTEXT(2) 
PARAMETRIC_REPRESENTATION_CONTEXT() REPRESENTATION_CONTEXT('2D SPACE',''
  ) );
#14670 = ORIENTED_EDGE('',*,*,#14671,.F.);
#14671 = EDGE_CURVE('',#14573,#14649,#14672,.T.);
#14672 = SURFACE_CURVE('',#14673,(#14677,#14684),.PCURVE_S1.);
#14673 = LINE('',#14674,#14675);
#14674 = CARTESIAN_POINT('',(2.5,-1.375,0.));
#14675 = VECTOR('',#14676,1.);
#14676 = DIRECTION('',(-1.,0.,0.));
#14677 = PCURVE('',#14588,#14678);
#14678 = DEFINITIONAL_REPRESENTATION('',(#14679),#14683);
#14679 = LINE('',#14680,#14681);
#14680 = CARTESIAN_POINT('',(0.,-0.));
#14681 = VECTOR('',#14682,1.);
#14682 = DIRECTION('',(1.,0.));
#14683 = ( GEOMETRIC_REPRESENTATION_CONTEXT(2) 
PARAMETRIC_REPRESENTATION_CONTEXT() REPRESENTATION_CONTEXT('2D SPACE',''
  ) );
#14684 = PCURVE('',#14533,#14685);
#14685 = DEFINITIONAL_REPRESENTATION('',(#14686),#14690);
#14686 = LINE('',#14687,#14688);
#14687 = CARTESIAN_POINT('',(0.2,0.125));
#14688 = VECTOR('',#14689,1.);
#14689 = DIRECTION('',(-1.,0.));
#14690 = ( GEOMETRIC_REPRESENTATION_CONTEXT(2) 
PARAMETRIC_REPRESENTATION_CONTEXT() REPRESENTATION_CONTEXT('2D SPACE',''
  ) );
#14691 = ADVANCED_FACE('',(#14692),#14451,.F.);
#14692 = FACE_BOUND('',#14693,.F.);
#14693 = EDGE_LOOP('',(#14694,#14695,#14716,#14717));
#14694 = ORIENTED_EDGE('',*,*,#14648,.T.);
#14695 = ORIENTED_EDGE('',*,*,#14696,.T.);
#14696 = EDGE_CURVE('',#14626,#14431,#14697,.T.);
#14697 = SURFACE_CURVE('',#14698,(#14702,#14709),.PCURVE_S1.);
#14698 = LINE('',#14699,#14700);
#14699 = CARTESIAN_POINT('',(2.1,-1.375,0.2));
#14700 = VECTOR('',#14701,1.);
#14701 = DIRECTION('',(0.,-1.,0.));
#14702 = PCURVE('',#14451,#14703);
#14703 = DEFINITIONAL_REPRESENTATION('',(#14704),#14708);
#14704 = LINE('',#14705,#14706);
#14705 = CARTESIAN_POINT('',(0.,-0.2));
#14706 = VECTOR('',#14707,1.);
#14707 = DIRECTION('',(1.,0.));
#14708 = ( GEOMETRIC_REPRESENTATION_CONTEXT(2) 
PARAMETRIC_REPRESENTATION_CONTEXT() REPRESENTATION_CONTEXT('2D SPACE',''
  ) );
#14709 = PCURVE('',#14479,#14710);
#14710 = DEFINITIONAL_REPRESENTATION('',(#14711),#14715);
#14711 = LINE('',#14712,#14713);
#14712 = CARTESIAN_POINT('',(-0.2,0.125));
#14713 = VECTOR('',#14714,1.);
#14714 = DIRECTION('',(0.,-1.));
#14715 = ( GEOMETRIC_REPRESENTATION_CONTEXT(2) 
PARAMETRIC_REPRESENTATION_CONTEXT() REPRESENTATION_CONTEXT('2D SPACE',''
  ) );
#14716 = ORIENTED_EDGE('',*,*,#14428,.F.);
#14717 = ORIENTED_EDGE('',*,*,#14718,.F.);
#14718 = EDGE_CURVE('',#14649,#14429,#14719,.T.);
#14719 = SURFACE_CURVE('',#14720,(#14724,#14731),.PCURVE_S1.);
#14720 = LINE('',#14721,#14722);
#14721 = CARTESIAN_POINT('',(2.1,-1.375,0.));
#14722 = VECTOR('',#14723,1.);
#14723 = DIRECTION('',(0.,-1.,0.));
#14724 = PCURVE('',#14451,#14725);
#14725 = DEFINITIONAL_REPRESENTATION('',(#14726),#14730);
#14726 = LINE('',#14727,#14728);
#14727 = CARTESIAN_POINT('',(0.,0.));
#14728 = VECTOR('',#14729,1.);
#14729 = DIRECTION('',(1.,0.));
#14730 = ( GEOMETRIC_REPRESENTATION_CONTEXT(2) 
PARAMETRIC_REPRESENTATION_CONTEXT() REPRESENTATION_CONTEXT('2D SPACE',''
  ) );
#14731 = PCURVE('',#14533,#14732);
#14732 = DEFINITIONAL_REPRESENTATION('',(#14733),#14737);
#14733 = LINE('',#14734,#14735);
#14734 = CARTESIAN_POINT('',(-0.2,0.125));
#14735 = VECTOR('',#14736,1.);
#14736 = DIRECTION('',(0.,-1.));
#14737 = ( GEOMETRIC_REPRESENTATION_CONTEXT(2) 
PARAMETRIC_REPRESENTATION_CONTEXT() REPRESENTATION_CONTEXT('2D SPACE',''
  ) );
#14738 = ADVANCED_FACE('',(#14739),#14533,.F.);
#14739 = FACE_BOUND('',#14740,.F.);
#14740 = EDGE_LOOP('',(#14741,#14742,#14743,#14744));
#14741 = ORIENTED_EDGE('',*,*,#14519,.T.);
#14742 = ORIENTED_EDGE('',*,*,#14600,.T.);
#14743 = ORIENTED_EDGE('',*,*,#14671,.T.);
#14744 = ORIENTED_EDGE('',*,*,#14718,.T.);
#14745 = ADVANCED_FACE('',(#14746),#14479,.T.);
#14746 = FACE_BOUND('',#14747,.T.);
#14747 = EDGE_LOOP('',(#14748,#14749,#14750,#14751));
#14748 = ORIENTED_EDGE('',*,*,#14463,.T.);
#14749 = ORIENTED_EDGE('',*,*,#14549,.T.);
#14750 = ORIENTED_EDGE('',*,*,#14625,.T.);
#14751 = ORIENTED_EDGE('',*,*,#14696,.T.);
#14752 = ( GEOMETRIC_REPRESENTATION_CONTEXT(3) 
GLOBAL_UNCERTAINTY_ASSIGNED_CONTEXT((#14756)) 
GLOBAL_UNIT_ASSIGNED_CONTEXT((#14753,#14754,#14755)) 
REPRESENTATION_CONTEXT('Context #1',
  '3D Context with UNIT and UNCERTAINTY') );
#14753 = ( LENGTH_UNIT() NAMED_UNIT(*) SI_UNIT(.MILLI.,.METRE.) );
#14754 = ( NAMED_UNIT(*) PLANE_ANGLE_UNIT() SI_UNIT($,.RADIAN.) );
#14755 = ( NAMED_UNIT(*) SI_UNIT($,.STERADIAN.) SOLID_ANGLE_UNIT() );
#14756 = UNCERTAINTY_MEASURE_WITH_UNIT(LENGTH_MEASURE(1.E-07),#14753,
  'distance_accuracy_value','confusion accuracy');
#14757 = CONTEXT_DEPENDENT_SHAPE_REPRESENTATION(#14758,#14760);
#14758 = ( REPRESENTATION_RELATIONSHIP('','',#14421,#10) 
REPRESENTATION_RELATIONSHIP_WITH_TRANSFORMATION(#14759) 
SHAPE_REPRESENTATION_RELATIONSHIP() );
#14759 = ITEM_DEFINED_TRANSFORMATION('','',#11,#83);
#14760 = PRODUCT_DEFINITION_SHAPE('Placement','Placement of an item',
  #14761);
#14761 = NEXT_ASSEMBLY_USAGE_OCCURRENCE('18','terminal15','',#5,#14416,$
  );
#14762 = PRODUCT_RELATED_PRODUCT_CATEGORY('part',$,(#14418));
#14763 = SHAPE_DEFINITION_REPRESENTATION(#14764,#14770);
#14764 = PRODUCT_DEFINITION_SHAPE('','',#14765);
#14765 = PRODUCT_DEFINITION('design','',#14766,#14769);
#14766 = PRODUCT_DEFINITION_FORMATION('','',#14767);
#14767 = PRODUCT('terminal16','terminal16','',(#14768));
#14768 = PRODUCT_CONTEXT('',#2,'mechanical');
#14769 = PRODUCT_DEFINITION_CONTEXT('part definition',#2,'design');
#14770 = ADVANCED_BREP_SHAPE_REPRESENTATION('',(#11,#14771),#15101);
#14771 = MANIFOLD_SOLID_BREP('',#14772);
#14772 = CLOSED_SHELL('',(#14773,#14893,#14969,#15040,#15087,#15094));
#14773 = ADVANCED_FACE('',(#14774),#14788,.F.);
#14774 = FACE_BOUND('',#14775,.F.);
#14775 = EDGE_LOOP('',(#14776,#14811,#14839,#14867));
#14776 = ORIENTED_EDGE('',*,*,#14777,.T.);
#14777 = EDGE_CURVE('',#14778,#14780,#14782,.T.);
#14778 = VERTEX_POINT('',#14779);
#14779 = CARTESIAN_POINT('',(2.1,-1.125,0.));
#14780 = VERTEX_POINT('',#14781);
#14781 = CARTESIAN_POINT('',(2.1,-1.125,0.2));
#14782 = SURFACE_CURVE('',#14783,(#14787,#14799),.PCURVE_S1.);
#14783 = LINE('',#14784,#14785);
#14784 = CARTESIAN_POINT('',(2.1,-1.125,0.));
#14785 = VECTOR('',#14786,1.);
#14786 = DIRECTION('',(0.,0.,1.));
#14787 = PCURVE('',#14788,#14793);
#14788 = PLANE('',#14789);
#14789 = AXIS2_PLACEMENT_3D('',#14790,#14791,#14792);
#14790 = CARTESIAN_POINT('',(2.1,-1.125,0.));
#14791 = DIRECTION('',(0.,1.,0.));
#14792 = DIRECTION('',(1.,0.,0.));
#14793 = DEFINITIONAL_REPRESENTATION('',(#14794),#14798);
#14794 = LINE('',#14795,#14796);
#14795 = CARTESIAN_POINT('',(0.,0.));
#14796 = VECTOR('',#14797,1.);
#14797 = DIRECTION('',(0.,-1.));
#14798 = ( GEOMETRIC_REPRESENTATION_CONTEXT(2) 
PARAMETRIC_REPRESENTATION_CONTEXT() REPRESENTATION_CONTEXT('2D SPACE',''
  ) );
#14799 = PCURVE('',#14800,#14805);
#14800 = PLANE('',#14801);
#14801 = AXIS2_PLACEMENT_3D('',#14802,#14803,#14804);
#14802 = CARTESIAN_POINT('',(2.1,-0.875,0.));
#14803 = DIRECTION('',(1.,0.,-0.));
#14804 = DIRECTION('',(0.,-1.,0.));
#14805 = DEFINITIONAL_REPRESENTATION('',(#14806),#14810);
#14806 = LINE('',#14807,#14808);
#14807 = CARTESIAN_POINT('',(0.25,0.));
#14808 = VECTOR('',#14809,1.);
#14809 = DIRECTION('',(0.,-1.));
#14810 = ( GEOMETRIC_REPRESENTATION_CONTEXT(2) 
PARAMETRIC_REPRESENTATION_CONTEXT() REPRESENTATION_CONTEXT('2D SPACE',''
  ) );
#14811 = ORIENTED_EDGE('',*,*,#14812,.T.);
#14812 = EDGE_CURVE('',#14780,#14813,#14815,.T.);
#14813 = VERTEX_POINT('',#14814);
#14814 = CARTESIAN_POINT('',(2.5,-1.125,0.2));
#14815 = SURFACE_CURVE('',#14816,(#14820,#14827),.PCURVE_S1.);
#14816 = LINE('',#14817,#14818);
#14817 = CARTESIAN_POINT('',(2.1,-1.125,0.2));
#14818 = VECTOR('',#14819,1.);
#14819 = DIRECTION('',(1.,0.,0.));
#14820 = PCURVE('',#14788,#14821);
#14821 = DEFINITIONAL_REPRESENTATION('',(#14822),#14826);
#14822 = LINE('',#14823,#14824);
#14823 = CARTESIAN_POINT('',(0.,-0.2));
#14824 = VECTOR('',#14825,1.);
#14825 = DIRECTION('',(1.,0.));
#14826 = ( GEOMETRIC_REPRESENTATION_CONTEXT(2) 
PARAMETRIC_REPRESENTATION_CONTEXT() REPRESENTATION_CONTEXT('2D SPACE',''
  ) );
#14827 = PCURVE('',#14828,#14833);
#14828 = PLANE('',#14829);
#14829 = AXIS2_PLACEMENT_3D('',#14830,#14831,#14832);
#14830 = CARTESIAN_POINT('',(2.3,-1.,0.2));
#14831 = DIRECTION('',(0.,0.,1.));
#14832 = DIRECTION('',(1.,0.,-0.));
#14833 = DEFINITIONAL_REPRESENTATION('',(#14834),#14838);
#14834 = LINE('',#14835,#14836);
#14835 = CARTESIAN_POINT('',(-0.2,-0.125));
#14836 = VECTOR('',#14837,1.);
#14837 = DIRECTION('',(1.,0.));
#14838 = ( GEOMETRIC_REPRESENTATION_CONTEXT(2) 
PARAMETRIC_REPRESENTATION_CONTEXT() REPRESENTATION_CONTEXT('2D SPACE',''
  ) );
#14839 = ORIENTED_EDGE('',*,*,#14840,.F.);
#14840 = EDGE_CURVE('',#14841,#14813,#14843,.T.);
#14841 = VERTEX_POINT('',#14842);
#14842 = CARTESIAN_POINT('',(2.5,-1.125,0.));
#14843 = SURFACE_CURVE('',#14844,(#14848,#14855),.PCURVE_S1.);
#14844 = LINE('',#14845,#14846);
#14845 = CARTESIAN_POINT('',(2.5,-1.125,0.));
#14846 = VECTOR('',#14847,1.);
#14847 = DIRECTION('',(0.,0.,1.));
#14848 = PCURVE('',#14788,#14849);
#14849 = DEFINITIONAL_REPRESENTATION('',(#14850),#14854);
#14850 = LINE('',#14851,#14852);
#14851 = CARTESIAN_POINT('',(0.4,0.));
#14852 = VECTOR('',#14853,1.);
#14853 = DIRECTION('',(0.,-1.));
#14854 = ( GEOMETRIC_REPRESENTATION_CONTEXT(2) 
PARAMETRIC_REPRESENTATION_CONTEXT() REPRESENTATION_CONTEXT('2D SPACE',''
  ) );
#14855 = PCURVE('',#14856,#14861);
#14856 = PLANE('',#14857);
#14857 = AXIS2_PLACEMENT_3D('',#14858,#14859,#14860);
#14858 = CARTESIAN_POINT('',(2.5,-1.125,0.));
#14859 = DIRECTION('',(-1.,0.,0.));
#14860 = DIRECTION('',(0.,1.,0.));
#14861 = DEFINITIONAL_REPRESENTATION('',(#14862),#14866);
#14862 = LINE('',#14863,#14864);
#14863 = CARTESIAN_POINT('',(0.,0.));
#14864 = VECTOR('',#14865,1.);
#14865 = DIRECTION('',(0.,-1.));
#14866 = ( GEOMETRIC_REPRESENTATION_CONTEXT(2) 
PARAMETRIC_REPRESENTATION_CONTEXT() REPRESENTATION_CONTEXT('2D SPACE',''
  ) );
#14867 = ORIENTED_EDGE('',*,*,#14868,.F.);
#14868 = EDGE_CURVE('',#14778,#14841,#14869,.T.);
#14869 = SURFACE_CURVE('',#14870,(#14874,#14881),.PCURVE_S1.);
#14870 = LINE('',#14871,#14872);
#14871 = CARTESIAN_POINT('',(2.1,-1.125,0.));
#14872 = VECTOR('',#14873,1.);
#14873 = DIRECTION('',(1.,0.,0.));
#14874 = PCURVE('',#14788,#14875);
#14875 = DEFINITIONAL_REPRESENTATION('',(#14876),#14880);
#14876 = LINE('',#14877,#14878);
#14877 = CARTESIAN_POINT('',(0.,0.));
#14878 = VECTOR('',#14879,1.);
#14879 = DIRECTION('',(1.,0.));
#14880 = ( GEOMETRIC_REPRESENTATION_CONTEXT(2) 
PARAMETRIC_REPRESENTATION_CONTEXT() REPRESENTATION_CONTEXT('2D SPACE',''
  ) );
#14881 = PCURVE('',#14882,#14887);
#14882 = PLANE('',#14883);
#14883 = AXIS2_PLACEMENT_3D('',#14884,#14885,#14886);
#14884 = CARTESIAN_POINT('',(2.3,-1.,0.));
#14885 = DIRECTION('',(0.,0.,1.));
#14886 = DIRECTION('',(1.,0.,-0.));
#14887 = DEFINITIONAL_REPRESENTATION('',(#14888),#14892);
#14888 = LINE('',#14889,#14890);
#14889 = CARTESIAN_POINT('',(-0.2,-0.125));
#14890 = VECTOR('',#14891,1.);
#14891 = DIRECTION('',(1.,0.));
#14892 = ( GEOMETRIC_REPRESENTATION_CONTEXT(2) 
PARAMETRIC_REPRESENTATION_CONTEXT() REPRESENTATION_CONTEXT('2D SPACE',''
  ) );
#14893 = ADVANCED_FACE('',(#14894),#14856,.F.);
#14894 = FACE_BOUND('',#14895,.F.);
#14895 = EDGE_LOOP('',(#14896,#14897,#14920,#14948));
#14896 = ORIENTED_EDGE('',*,*,#14840,.T.);
#14897 = ORIENTED_EDGE('',*,*,#14898,.T.);
#14898 = EDGE_CURVE('',#14813,#14899,#14901,.T.);
#14899 = VERTEX_POINT('',#14900);
#14900 = CARTESIAN_POINT('',(2.5,-0.875,0.2));
#14901 = SURFACE_CURVE('',#14902,(#14906,#14913),.PCURVE_S1.);
#14902 = LINE('',#14903,#14904);
#14903 = CARTESIAN_POINT('',(2.5,-1.125,0.2));
#14904 = VECTOR('',#14905,1.);
#14905 = DIRECTION('',(0.,1.,0.));
#14906 = PCURVE('',#14856,#14907);
#14907 = DEFINITIONAL_REPRESENTATION('',(#14908),#14912);
#14908 = LINE('',#14909,#14910);
#14909 = CARTESIAN_POINT('',(0.,-0.2));
#14910 = VECTOR('',#14911,1.);
#14911 = DIRECTION('',(1.,0.));
#14912 = ( GEOMETRIC_REPRESENTATION_CONTEXT(2) 
PARAMETRIC_REPRESENTATION_CONTEXT() REPRESENTATION_CONTEXT('2D SPACE',''
  ) );
#14913 = PCURVE('',#14828,#14914);
#14914 = DEFINITIONAL_REPRESENTATION('',(#14915),#14919);
#14915 = LINE('',#14916,#14917);
#14916 = CARTESIAN_POINT('',(0.2,-0.125));
#14917 = VECTOR('',#14918,1.);
#14918 = DIRECTION('',(0.,1.));
#14919 = ( GEOMETRIC_REPRESENTATION_CONTEXT(2) 
PARAMETRIC_REPRESENTATION_CONTEXT() REPRESENTATION_CONTEXT('2D SPACE',''
  ) );
#14920 = ORIENTED_EDGE('',*,*,#14921,.F.);
#14921 = EDGE_CURVE('',#14922,#14899,#14924,.T.);
#14922 = VERTEX_POINT('',#14923);
#14923 = CARTESIAN_POINT('',(2.5,-0.875,0.));
#14924 = SURFACE_CURVE('',#14925,(#14929,#14936),.PCURVE_S1.);
#14925 = LINE('',#14926,#14927);
#14926 = CARTESIAN_POINT('',(2.5,-0.875,0.));
#14927 = VECTOR('',#14928,1.);
#14928 = DIRECTION('',(0.,0.,1.));
#14929 = PCURVE('',#14856,#14930);
#14930 = DEFINITIONAL_REPRESENTATION('',(#14931),#14935);
#14931 = LINE('',#14932,#14933);
#14932 = CARTESIAN_POINT('',(0.25,0.));
#14933 = VECTOR('',#14934,1.);
#14934 = DIRECTION('',(0.,-1.));
#14935 = ( GEOMETRIC_REPRESENTATION_CONTEXT(2) 
PARAMETRIC_REPRESENTATION_CONTEXT() REPRESENTATION_CONTEXT('2D SPACE',''
  ) );
#14936 = PCURVE('',#14937,#14942);
#14937 = PLANE('',#14938);
#14938 = AXIS2_PLACEMENT_3D('',#14939,#14940,#14941);
#14939 = CARTESIAN_POINT('',(2.5,-0.875,0.));
#14940 = DIRECTION('',(0.,-1.,0.));
#14941 = DIRECTION('',(-1.,0.,0.));
#14942 = DEFINITIONAL_REPRESENTATION('',(#14943),#14947);
#14943 = LINE('',#14944,#14945);
#14944 = CARTESIAN_POINT('',(0.,-0.));
#14945 = VECTOR('',#14946,1.);
#14946 = DIRECTION('',(0.,-1.));
#14947 = ( GEOMETRIC_REPRESENTATION_CONTEXT(2) 
PARAMETRIC_REPRESENTATION_CONTEXT() REPRESENTATION_CONTEXT('2D SPACE',''
  ) );
#14948 = ORIENTED_EDGE('',*,*,#14949,.F.);
#14949 = EDGE_CURVE('',#14841,#14922,#14950,.T.);
#14950 = SURFACE_CURVE('',#14951,(#14955,#14962),.PCURVE_S1.);
#14951 = LINE('',#14952,#14953);
#14952 = CARTESIAN_POINT('',(2.5,-1.125,0.));
#14953 = VECTOR('',#14954,1.);
#14954 = DIRECTION('',(0.,1.,0.));
#14955 = PCURVE('',#14856,#14956);
#14956 = DEFINITIONAL_REPRESENTATION('',(#14957),#14961);
#14957 = LINE('',#14958,#14959);
#14958 = CARTESIAN_POINT('',(0.,0.));
#14959 = VECTOR('',#14960,1.);
#14960 = DIRECTION('',(1.,0.));
#14961 = ( GEOMETRIC_REPRESENTATION_CONTEXT(2) 
PARAMETRIC_REPRESENTATION_CONTEXT() REPRESENTATION_CONTEXT('2D SPACE',''
  ) );
#14962 = PCURVE('',#14882,#14963);
#14963 = DEFINITIONAL_REPRESENTATION('',(#14964),#14968);
#14964 = LINE('',#14965,#14966);
#14965 = CARTESIAN_POINT('',(0.2,-0.125));
#14966 = VECTOR('',#14967,1.);
#14967 = DIRECTION('',(0.,1.));
#14968 = ( GEOMETRIC_REPRESENTATION_CONTEXT(2) 
PARAMETRIC_REPRESENTATION_CONTEXT() REPRESENTATION_CONTEXT('2D SPACE',''
  ) );
#14969 = ADVANCED_FACE('',(#14970),#14937,.F.);
#14970 = FACE_BOUND('',#14971,.F.);
#14971 = EDGE_LOOP('',(#14972,#14973,#14996,#15019));
#14972 = ORIENTED_EDGE('',*,*,#14921,.T.);
#14973 = ORIENTED_EDGE('',*,*,#14974,.T.);
#14974 = EDGE_CURVE('',#14899,#14975,#14977,.T.);
#14975 = VERTEX_POINT('',#14976);
#14976 = CARTESIAN_POINT('',(2.1,-0.875,0.2));
#14977 = SURFACE_CURVE('',#14978,(#14982,#14989),.PCURVE_S1.);
#14978 = LINE('',#14979,#14980);
#14979 = CARTESIAN_POINT('',(2.5,-0.875,0.2));
#14980 = VECTOR('',#14981,1.);
#14981 = DIRECTION('',(-1.,0.,0.));
#14982 = PCURVE('',#14937,#14983);
#14983 = DEFINITIONAL_REPRESENTATION('',(#14984),#14988);
#14984 = LINE('',#14985,#14986);
#14985 = CARTESIAN_POINT('',(0.,-0.2));
#14986 = VECTOR('',#14987,1.);
#14987 = DIRECTION('',(1.,0.));
#14988 = ( GEOMETRIC_REPRESENTATION_CONTEXT(2) 
PARAMETRIC_REPRESENTATION_CONTEXT() REPRESENTATION_CONTEXT('2D SPACE',''
  ) );
#14989 = PCURVE('',#14828,#14990);
#14990 = DEFINITIONAL_REPRESENTATION('',(#14991),#14995);
#14991 = LINE('',#14992,#14993);
#14992 = CARTESIAN_POINT('',(0.2,0.125));
#14993 = VECTOR('',#14994,1.);
#14994 = DIRECTION('',(-1.,0.));
#14995 = ( GEOMETRIC_REPRESENTATION_CONTEXT(2) 
PARAMETRIC_REPRESENTATION_CONTEXT() REPRESENTATION_CONTEXT('2D SPACE',''
  ) );
#14996 = ORIENTED_EDGE('',*,*,#14997,.F.);
#14997 = EDGE_CURVE('',#14998,#14975,#15000,.T.);
#14998 = VERTEX_POINT('',#14999);
#14999 = CARTESIAN_POINT('',(2.1,-0.875,0.));
#15000 = SURFACE_CURVE('',#15001,(#15005,#15012),.PCURVE_S1.);
#15001 = LINE('',#15002,#15003);
#15002 = CARTESIAN_POINT('',(2.1,-0.875,0.));
#15003 = VECTOR('',#15004,1.);
#15004 = DIRECTION('',(0.,0.,1.));
#15005 = PCURVE('',#14937,#15006);
#15006 = DEFINITIONAL_REPRESENTATION('',(#15007),#15011);
#15007 = LINE('',#15008,#15009);
#15008 = CARTESIAN_POINT('',(0.4,0.));
#15009 = VECTOR('',#15010,1.);
#15010 = DIRECTION('',(0.,-1.));
#15011 = ( GEOMETRIC_REPRESENTATION_CONTEXT(2) 
PARAMETRIC_REPRESENTATION_CONTEXT() REPRESENTATION_CONTEXT('2D SPACE',''
  ) );
#15012 = PCURVE('',#14800,#15013);
#15013 = DEFINITIONAL_REPRESENTATION('',(#15014),#15018);
#15014 = LINE('',#15015,#15016);
#15015 = CARTESIAN_POINT('',(0.,0.));
#15016 = VECTOR('',#15017,1.);
#15017 = DIRECTION('',(0.,-1.));
#15018 = ( GEOMETRIC_REPRESENTATION_CONTEXT(2) 
PARAMETRIC_REPRESENTATION_CONTEXT() REPRESENTATION_CONTEXT('2D SPACE',''
  ) );
#15019 = ORIENTED_EDGE('',*,*,#15020,.F.);
#15020 = EDGE_CURVE('',#14922,#14998,#15021,.T.);
#15021 = SURFACE_CURVE('',#15022,(#15026,#15033),.PCURVE_S1.);
#15022 = LINE('',#15023,#15024);
#15023 = CARTESIAN_POINT('',(2.5,-0.875,0.));
#15024 = VECTOR('',#15025,1.);
#15025 = DIRECTION('',(-1.,0.,0.));
#15026 = PCURVE('',#14937,#15027);
#15027 = DEFINITIONAL_REPRESENTATION('',(#15028),#15032);
#15028 = LINE('',#15029,#15030);
#15029 = CARTESIAN_POINT('',(0.,-0.));
#15030 = VECTOR('',#15031,1.);
#15031 = DIRECTION('',(1.,0.));
#15032 = ( GEOMETRIC_REPRESENTATION_CONTEXT(2) 
PARAMETRIC_REPRESENTATION_CONTEXT() REPRESENTATION_CONTEXT('2D SPACE',''
  ) );
#15033 = PCURVE('',#14882,#15034);
#15034 = DEFINITIONAL_REPRESENTATION('',(#15035),#15039);
#15035 = LINE('',#15036,#15037);
#15036 = CARTESIAN_POINT('',(0.2,0.125));
#15037 = VECTOR('',#15038,1.);
#15038 = DIRECTION('',(-1.,0.));
#15039 = ( GEOMETRIC_REPRESENTATION_CONTEXT(2) 
PARAMETRIC_REPRESENTATION_CONTEXT() REPRESENTATION_CONTEXT('2D SPACE',''
  ) );
#15040 = ADVANCED_FACE('',(#15041),#14800,.F.);
#15041 = FACE_BOUND('',#15042,.F.);
#15042 = EDGE_LOOP('',(#15043,#15044,#15065,#15066));
#15043 = ORIENTED_EDGE('',*,*,#14997,.T.);
#15044 = ORIENTED_EDGE('',*,*,#15045,.T.);
#15045 = EDGE_CURVE('',#14975,#14780,#15046,.T.);
#15046 = SURFACE_CURVE('',#15047,(#15051,#15058),.PCURVE_S1.);
#15047 = LINE('',#15048,#15049);
#15048 = CARTESIAN_POINT('',(2.1,-0.875,0.2));
#15049 = VECTOR('',#15050,1.);
#15050 = DIRECTION('',(0.,-1.,0.));
#15051 = PCURVE('',#14800,#15052);
#15052 = DEFINITIONAL_REPRESENTATION('',(#15053),#15057);
#15053 = LINE('',#15054,#15055);
#15054 = CARTESIAN_POINT('',(0.,-0.2));
#15055 = VECTOR('',#15056,1.);
#15056 = DIRECTION('',(1.,0.));
#15057 = ( GEOMETRIC_REPRESENTATION_CONTEXT(2) 
PARAMETRIC_REPRESENTATION_CONTEXT() REPRESENTATION_CONTEXT('2D SPACE',''
  ) );
#15058 = PCURVE('',#14828,#15059);
#15059 = DEFINITIONAL_REPRESENTATION('',(#15060),#15064);
#15060 = LINE('',#15061,#15062);
#15061 = CARTESIAN_POINT('',(-0.2,0.125));
#15062 = VECTOR('',#15063,1.);
#15063 = DIRECTION('',(0.,-1.));
#15064 = ( GEOMETRIC_REPRESENTATION_CONTEXT(2) 
PARAMETRIC_REPRESENTATION_CONTEXT() REPRESENTATION_CONTEXT('2D SPACE',''
  ) );
#15065 = ORIENTED_EDGE('',*,*,#14777,.F.);
#15066 = ORIENTED_EDGE('',*,*,#15067,.F.);
#15067 = EDGE_CURVE('',#14998,#14778,#15068,.T.);
#15068 = SURFACE_CURVE('',#15069,(#15073,#15080),.PCURVE_S1.);
#15069 = LINE('',#15070,#15071);
#15070 = CARTESIAN_POINT('',(2.1,-0.875,0.));
#15071 = VECTOR('',#15072,1.);
#15072 = DIRECTION('',(0.,-1.,0.));
#15073 = PCURVE('',#14800,#15074);
#15074 = DEFINITIONAL_REPRESENTATION('',(#15075),#15079);
#15075 = LINE('',#15076,#15077);
#15076 = CARTESIAN_POINT('',(0.,0.));
#15077 = VECTOR('',#15078,1.);
#15078 = DIRECTION('',(1.,0.));
#15079 = ( GEOMETRIC_REPRESENTATION_CONTEXT(2) 
PARAMETRIC_REPRESENTATION_CONTEXT() REPRESENTATION_CONTEXT('2D SPACE',''
  ) );
#15080 = PCURVE('',#14882,#15081);
#15081 = DEFINITIONAL_REPRESENTATION('',(#15082),#15086);
#15082 = LINE('',#15083,#15084);
#15083 = CARTESIAN_POINT('',(-0.2,0.125));
#15084 = VECTOR('',#15085,1.);
#15085 = DIRECTION('',(0.,-1.));
#15086 = ( GEOMETRIC_REPRESENTATION_CONTEXT(2) 
PARAMETRIC_REPRESENTATION_CONTEXT() REPRESENTATION_CONTEXT('2D SPACE',''
  ) );
#15087 = ADVANCED_FACE('',(#15088),#14882,.F.);
#15088 = FACE_BOUND('',#15089,.F.);
#15089 = EDGE_LOOP('',(#15090,#15091,#15092,#15093));
#15090 = ORIENTED_EDGE('',*,*,#14868,.T.);
#15091 = ORIENTED_EDGE('',*,*,#14949,.T.);
#15092 = ORIENTED_EDGE('',*,*,#15020,.T.);
#15093 = ORIENTED_EDGE('',*,*,#15067,.T.);
#15094 = ADVANCED_FACE('',(#15095),#14828,.T.);
#15095 = FACE_BOUND('',#15096,.T.);
#15096 = EDGE_LOOP('',(#15097,#15098,#15099,#15100));
#15097 = ORIENTED_EDGE('',*,*,#14812,.T.);
#15098 = ORIENTED_EDGE('',*,*,#14898,.T.);
#15099 = ORIENTED_EDGE('',*,*,#14974,.T.);
#15100 = ORIENTED_EDGE('',*,*,#15045,.T.);
#15101 = ( GEOMETRIC_REPRESENTATION_CONTEXT(3) 
GLOBAL_UNCERTAINTY_ASSIGNED_CONTEXT((#15105)) 
GLOBAL_UNIT_ASSIGNED_CONTEXT((#15102,#15103,#15104)) 
REPRESENTATION_CONTEXT('Context #1',
  '3D Context with UNIT and UNCERTAINTY') );
#15102 = ( LENGTH_UNIT() NAMED_UNIT(*) SI_UNIT(.MILLI.,.METRE.) );
#15103 = ( NAMED_UNIT(*) PLANE_ANGLE_UNIT() SI_UNIT($,.RADIAN.) );
#15104 = ( NAMED_UNIT(*) SI_UNIT($,.STERADIAN.) SOLID_ANGLE_UNIT() );
#15105 = UNCERTAINTY_MEASURE_WITH_UNIT(LENGTH_MEASURE(1.E-07),#15102,
  'distance_accuracy_value','confusion accuracy');
#15106 = CONTEXT_DEPENDENT_SHAPE_REPRESENTATION(#15107,#15109);
#15107 = ( REPRESENTATION_RELATIONSHIP('','',#14770,#10) 
REPRESENTATION_RELATIONSHIP_WITH_TRANSFORMATION(#15108) 
SHAPE_REPRESENTATION_RELATIONSHIP() );
#15108 = ITEM_DEFINED_TRANSFORMATION('','',#11,#87);
#15109 = PRODUCT_DEFINITION_SHAPE('Placement','Placement of an item',
  #15110);
#15110 = NEXT_ASSEMBLY_USAGE_OCCURRENCE('19','terminal16','',#5,#14765,$
  );
#15111 = PRODUCT_RELATED_PRODUCT_CATEGORY('part',$,(#14767));
#15112 = SHAPE_DEFINITION_REPRESENTATION(#15113,#15119);
#15113 = PRODUCT_DEFINITION_SHAPE('','',#15114);
#15114 = PRODUCT_DEFINITION('design','',#15115,#15118);
#15115 = PRODUCT_DEFINITION_FORMATION('','',#15116);
#15116 = PRODUCT('terminal17','terminal17','',(#15117));
#15117 = PRODUCT_CONTEXT('',#2,'mechanical');
#15118 = PRODUCT_DEFINITION_CONTEXT('part definition',#2,'design');
#15119 = ADVANCED_BREP_SHAPE_REPRESENTATION('',(#11,#15120),#15450);
#15120 = MANIFOLD_SOLID_BREP('',#15121);
#15121 = CLOSED_SHELL('',(#15122,#15242,#15318,#15389,#15436,#15443));
#15122 = ADVANCED_FACE('',(#15123),#15137,.F.);
#15123 = FACE_BOUND('',#15124,.F.);
#15124 = EDGE_LOOP('',(#15125,#15160,#15188,#15216));
#15125 = ORIENTED_EDGE('',*,*,#15126,.T.);
#15126 = EDGE_CURVE('',#15127,#15129,#15131,.T.);
#15127 = VERTEX_POINT('',#15128);
#15128 = CARTESIAN_POINT('',(2.1,-0.625,0.));
#15129 = VERTEX_POINT('',#15130);
#15130 = CARTESIAN_POINT('',(2.1,-0.625,0.2));
#15131 = SURFACE_CURVE('',#15132,(#15136,#15148),.PCURVE_S1.);
#15132 = LINE('',#15133,#15134);
#15133 = CARTESIAN_POINT('',(2.1,-0.625,0.));
#15134 = VECTOR('',#15135,1.);
#15135 = DIRECTION('',(0.,0.,1.));
#15136 = PCURVE('',#15137,#15142);
#15137 = PLANE('',#15138);
#15138 = AXIS2_PLACEMENT_3D('',#15139,#15140,#15141);
#15139 = CARTESIAN_POINT('',(2.1,-0.625,0.));
#15140 = DIRECTION('',(0.,1.,0.));
#15141 = DIRECTION('',(1.,0.,0.));
#15142 = DEFINITIONAL_REPRESENTATION('',(#15143),#15147);
#15143 = LINE('',#15144,#15145);
#15144 = CARTESIAN_POINT('',(0.,0.));
#15145 = VECTOR('',#15146,1.);
#15146 = DIRECTION('',(0.,-1.));
#15147 = ( GEOMETRIC_REPRESENTATION_CONTEXT(2) 
PARAMETRIC_REPRESENTATION_CONTEXT() REPRESENTATION_CONTEXT('2D SPACE',''
  ) );
#15148 = PCURVE('',#15149,#15154);
#15149 = PLANE('',#15150);
#15150 = AXIS2_PLACEMENT_3D('',#15151,#15152,#15153);
#15151 = CARTESIAN_POINT('',(2.1,-0.375,0.));
#15152 = DIRECTION('',(1.,0.,-0.));
#15153 = DIRECTION('',(0.,-1.,0.));
#15154 = DEFINITIONAL_REPRESENTATION('',(#15155),#15159);
#15155 = LINE('',#15156,#15157);
#15156 = CARTESIAN_POINT('',(0.25,0.));
#15157 = VECTOR('',#15158,1.);
#15158 = DIRECTION('',(0.,-1.));
#15159 = ( GEOMETRIC_REPRESENTATION_CONTEXT(2) 
PARAMETRIC_REPRESENTATION_CONTEXT() REPRESENTATION_CONTEXT('2D SPACE',''
  ) );
#15160 = ORIENTED_EDGE('',*,*,#15161,.T.);
#15161 = EDGE_CURVE('',#15129,#15162,#15164,.T.);
#15162 = VERTEX_POINT('',#15163);
#15163 = CARTESIAN_POINT('',(2.5,-0.625,0.2));
#15164 = SURFACE_CURVE('',#15165,(#15169,#15176),.PCURVE_S1.);
#15165 = LINE('',#15166,#15167);
#15166 = CARTESIAN_POINT('',(2.1,-0.625,0.2));
#15167 = VECTOR('',#15168,1.);
#15168 = DIRECTION('',(1.,0.,0.));
#15169 = PCURVE('',#15137,#15170);
#15170 = DEFINITIONAL_REPRESENTATION('',(#15171),#15175);
#15171 = LINE('',#15172,#15173);
#15172 = CARTESIAN_POINT('',(0.,-0.2));
#15173 = VECTOR('',#15174,1.);
#15174 = DIRECTION('',(1.,0.));
#15175 = ( GEOMETRIC_REPRESENTATION_CONTEXT(2) 
PARAMETRIC_REPRESENTATION_CONTEXT() REPRESENTATION_CONTEXT('2D SPACE',''
  ) );
#15176 = PCURVE('',#15177,#15182);
#15177 = PLANE('',#15178);
#15178 = AXIS2_PLACEMENT_3D('',#15179,#15180,#15181);
#15179 = CARTESIAN_POINT('',(2.3,-0.5,0.2));
#15180 = DIRECTION('',(0.,0.,1.));
#15181 = DIRECTION('',(1.,0.,-0.));
#15182 = DEFINITIONAL_REPRESENTATION('',(#15183),#15187);
#15183 = LINE('',#15184,#15185);
#15184 = CARTESIAN_POINT('',(-0.2,-0.125));
#15185 = VECTOR('',#15186,1.);
#15186 = DIRECTION('',(1.,0.));
#15187 = ( GEOMETRIC_REPRESENTATION_CONTEXT(2) 
PARAMETRIC_REPRESENTATION_CONTEXT() REPRESENTATION_CONTEXT('2D SPACE',''
  ) );
#15188 = ORIENTED_EDGE('',*,*,#15189,.F.);
#15189 = EDGE_CURVE('',#15190,#15162,#15192,.T.);
#15190 = VERTEX_POINT('',#15191);
#15191 = CARTESIAN_POINT('',(2.5,-0.625,0.));
#15192 = SURFACE_CURVE('',#15193,(#15197,#15204),.PCURVE_S1.);
#15193 = LINE('',#15194,#15195);
#15194 = CARTESIAN_POINT('',(2.5,-0.625,0.));
#15195 = VECTOR('',#15196,1.);
#15196 = DIRECTION('',(0.,0.,1.));
#15197 = PCURVE('',#15137,#15198);
#15198 = DEFINITIONAL_REPRESENTATION('',(#15199),#15203);
#15199 = LINE('',#15200,#15201);
#15200 = CARTESIAN_POINT('',(0.4,0.));
#15201 = VECTOR('',#15202,1.);
#15202 = DIRECTION('',(0.,-1.));
#15203 = ( GEOMETRIC_REPRESENTATION_CONTEXT(2) 
PARAMETRIC_REPRESENTATION_CONTEXT() REPRESENTATION_CONTEXT('2D SPACE',''
  ) );
#15204 = PCURVE('',#15205,#15210);
#15205 = PLANE('',#15206);
#15206 = AXIS2_PLACEMENT_3D('',#15207,#15208,#15209);
#15207 = CARTESIAN_POINT('',(2.5,-0.625,0.));
#15208 = DIRECTION('',(-1.,0.,0.));
#15209 = DIRECTION('',(0.,1.,0.));
#15210 = DEFINITIONAL_REPRESENTATION('',(#15211),#15215);
#15211 = LINE('',#15212,#15213);
#15212 = CARTESIAN_POINT('',(0.,0.));
#15213 = VECTOR('',#15214,1.);
#15214 = DIRECTION('',(0.,-1.));
#15215 = ( GEOMETRIC_REPRESENTATION_CONTEXT(2) 
PARAMETRIC_REPRESENTATION_CONTEXT() REPRESENTATION_CONTEXT('2D SPACE',''
  ) );
#15216 = ORIENTED_EDGE('',*,*,#15217,.F.);
#15217 = EDGE_CURVE('',#15127,#15190,#15218,.T.);
#15218 = SURFACE_CURVE('',#15219,(#15223,#15230),.PCURVE_S1.);
#15219 = LINE('',#15220,#15221);
#15220 = CARTESIAN_POINT('',(2.1,-0.625,0.));
#15221 = VECTOR('',#15222,1.);
#15222 = DIRECTION('',(1.,0.,0.));
#15223 = PCURVE('',#15137,#15224);
#15224 = DEFINITIONAL_REPRESENTATION('',(#15225),#15229);
#15225 = LINE('',#15226,#15227);
#15226 = CARTESIAN_POINT('',(0.,0.));
#15227 = VECTOR('',#15228,1.);
#15228 = DIRECTION('',(1.,0.));
#15229 = ( GEOMETRIC_REPRESENTATION_CONTEXT(2) 
PARAMETRIC_REPRESENTATION_CONTEXT() REPRESENTATION_CONTEXT('2D SPACE',''
  ) );
#15230 = PCURVE('',#15231,#15236);
#15231 = PLANE('',#15232);
#15232 = AXIS2_PLACEMENT_3D('',#15233,#15234,#15235);
#15233 = CARTESIAN_POINT('',(2.3,-0.5,0.));
#15234 = DIRECTION('',(0.,0.,1.));
#15235 = DIRECTION('',(1.,0.,-0.));
#15236 = DEFINITIONAL_REPRESENTATION('',(#15237),#15241);
#15237 = LINE('',#15238,#15239);
#15238 = CARTESIAN_POINT('',(-0.2,-0.125));
#15239 = VECTOR('',#15240,1.);
#15240 = DIRECTION('',(1.,0.));
#15241 = ( GEOMETRIC_REPRESENTATION_CONTEXT(2) 
PARAMETRIC_REPRESENTATION_CONTEXT() REPRESENTATION_CONTEXT('2D SPACE',''
  ) );
#15242 = ADVANCED_FACE('',(#15243),#15205,.F.);
#15243 = FACE_BOUND('',#15244,.F.);
#15244 = EDGE_LOOP('',(#15245,#15246,#15269,#15297));
#15245 = ORIENTED_EDGE('',*,*,#15189,.T.);
#15246 = ORIENTED_EDGE('',*,*,#15247,.T.);
#15247 = EDGE_CURVE('',#15162,#15248,#15250,.T.);
#15248 = VERTEX_POINT('',#15249);
#15249 = CARTESIAN_POINT('',(2.5,-0.375,0.2));
#15250 = SURFACE_CURVE('',#15251,(#15255,#15262),.PCURVE_S1.);
#15251 = LINE('',#15252,#15253);
#15252 = CARTESIAN_POINT('',(2.5,-0.625,0.2));
#15253 = VECTOR('',#15254,1.);
#15254 = DIRECTION('',(0.,1.,0.));
#15255 = PCURVE('',#15205,#15256);
#15256 = DEFINITIONAL_REPRESENTATION('',(#15257),#15261);
#15257 = LINE('',#15258,#15259);
#15258 = CARTESIAN_POINT('',(0.,-0.2));
#15259 = VECTOR('',#15260,1.);
#15260 = DIRECTION('',(1.,0.));
#15261 = ( GEOMETRIC_REPRESENTATION_CONTEXT(2) 
PARAMETRIC_REPRESENTATION_CONTEXT() REPRESENTATION_CONTEXT('2D SPACE',''
  ) );
#15262 = PCURVE('',#15177,#15263);
#15263 = DEFINITIONAL_REPRESENTATION('',(#15264),#15268);
#15264 = LINE('',#15265,#15266);
#15265 = CARTESIAN_POINT('',(0.2,-0.125));
#15266 = VECTOR('',#15267,1.);
#15267 = DIRECTION('',(0.,1.));
#15268 = ( GEOMETRIC_REPRESENTATION_CONTEXT(2) 
PARAMETRIC_REPRESENTATION_CONTEXT() REPRESENTATION_CONTEXT('2D SPACE',''
  ) );
#15269 = ORIENTED_EDGE('',*,*,#15270,.F.);
#15270 = EDGE_CURVE('',#15271,#15248,#15273,.T.);
#15271 = VERTEX_POINT('',#15272);
#15272 = CARTESIAN_POINT('',(2.5,-0.375,0.));
#15273 = SURFACE_CURVE('',#15274,(#15278,#15285),.PCURVE_S1.);
#15274 = LINE('',#15275,#15276);
#15275 = CARTESIAN_POINT('',(2.5,-0.375,0.));
#15276 = VECTOR('',#15277,1.);
#15277 = DIRECTION('',(0.,0.,1.));
#15278 = PCURVE('',#15205,#15279);
#15279 = DEFINITIONAL_REPRESENTATION('',(#15280),#15284);
#15280 = LINE('',#15281,#15282);
#15281 = CARTESIAN_POINT('',(0.25,0.));
#15282 = VECTOR('',#15283,1.);
#15283 = DIRECTION('',(0.,-1.));
#15284 = ( GEOMETRIC_REPRESENTATION_CONTEXT(2) 
PARAMETRIC_REPRESENTATION_CONTEXT() REPRESENTATION_CONTEXT('2D SPACE',''
  ) );
#15285 = PCURVE('',#15286,#15291);
#15286 = PLANE('',#15287);
#15287 = AXIS2_PLACEMENT_3D('',#15288,#15289,#15290);
#15288 = CARTESIAN_POINT('',(2.5,-0.375,0.));
#15289 = DIRECTION('',(0.,-1.,0.));
#15290 = DIRECTION('',(-1.,0.,0.));
#15291 = DEFINITIONAL_REPRESENTATION('',(#15292),#15296);
#15292 = LINE('',#15293,#15294);
#15293 = CARTESIAN_POINT('',(0.,-0.));
#15294 = VECTOR('',#15295,1.);
#15295 = DIRECTION('',(0.,-1.));
#15296 = ( GEOMETRIC_REPRESENTATION_CONTEXT(2) 
PARAMETRIC_REPRESENTATION_CONTEXT() REPRESENTATION_CONTEXT('2D SPACE',''
  ) );
#15297 = ORIENTED_EDGE('',*,*,#15298,.F.);
#15298 = EDGE_CURVE('',#15190,#15271,#15299,.T.);
#15299 = SURFACE_CURVE('',#15300,(#15304,#15311),.PCURVE_S1.);
#15300 = LINE('',#15301,#15302);
#15301 = CARTESIAN_POINT('',(2.5,-0.625,0.));
#15302 = VECTOR('',#15303,1.);
#15303 = DIRECTION('',(0.,1.,0.));
#15304 = PCURVE('',#15205,#15305);
#15305 = DEFINITIONAL_REPRESENTATION('',(#15306),#15310);
#15306 = LINE('',#15307,#15308);
#15307 = CARTESIAN_POINT('',(0.,0.));
#15308 = VECTOR('',#15309,1.);
#15309 = DIRECTION('',(1.,0.));
#15310 = ( GEOMETRIC_REPRESENTATION_CONTEXT(2) 
PARAMETRIC_REPRESENTATION_CONTEXT() REPRESENTATION_CONTEXT('2D SPACE',''
  ) );
#15311 = PCURVE('',#15231,#15312);
#15312 = DEFINITIONAL_REPRESENTATION('',(#15313),#15317);
#15313 = LINE('',#15314,#15315);
#15314 = CARTESIAN_POINT('',(0.2,-0.125));
#15315 = VECTOR('',#15316,1.);
#15316 = DIRECTION('',(0.,1.));
#15317 = ( GEOMETRIC_REPRESENTATION_CONTEXT(2) 
PARAMETRIC_REPRESENTATION_CONTEXT() REPRESENTATION_CONTEXT('2D SPACE',''
  ) );
#15318 = ADVANCED_FACE('',(#15319),#15286,.F.);
#15319 = FACE_BOUND('',#15320,.F.);
#15320 = EDGE_LOOP('',(#15321,#15322,#15345,#15368));
#15321 = ORIENTED_EDGE('',*,*,#15270,.T.);
#15322 = ORIENTED_EDGE('',*,*,#15323,.T.);
#15323 = EDGE_CURVE('',#15248,#15324,#15326,.T.);
#15324 = VERTEX_POINT('',#15325);
#15325 = CARTESIAN_POINT('',(2.1,-0.375,0.2));
#15326 = SURFACE_CURVE('',#15327,(#15331,#15338),.PCURVE_S1.);
#15327 = LINE('',#15328,#15329);
#15328 = CARTESIAN_POINT('',(2.5,-0.375,0.2));
#15329 = VECTOR('',#15330,1.);
#15330 = DIRECTION('',(-1.,0.,0.));
#15331 = PCURVE('',#15286,#15332);
#15332 = DEFINITIONAL_REPRESENTATION('',(#15333),#15337);
#15333 = LINE('',#15334,#15335);
#15334 = CARTESIAN_POINT('',(0.,-0.2));
#15335 = VECTOR('',#15336,1.);
#15336 = DIRECTION('',(1.,0.));
#15337 = ( GEOMETRIC_REPRESENTATION_CONTEXT(2) 
PARAMETRIC_REPRESENTATION_CONTEXT() REPRESENTATION_CONTEXT('2D SPACE',''
  ) );
#15338 = PCURVE('',#15177,#15339);
#15339 = DEFINITIONAL_REPRESENTATION('',(#15340),#15344);
#15340 = LINE('',#15341,#15342);
#15341 = CARTESIAN_POINT('',(0.2,0.125));
#15342 = VECTOR('',#15343,1.);
#15343 = DIRECTION('',(-1.,0.));
#15344 = ( GEOMETRIC_REPRESENTATION_CONTEXT(2) 
PARAMETRIC_REPRESENTATION_CONTEXT() REPRESENTATION_CONTEXT('2D SPACE',''
  ) );
#15345 = ORIENTED_EDGE('',*,*,#15346,.F.);
#15346 = EDGE_CURVE('',#15347,#15324,#15349,.T.);
#15347 = VERTEX_POINT('',#15348);
#15348 = CARTESIAN_POINT('',(2.1,-0.375,0.));
#15349 = SURFACE_CURVE('',#15350,(#15354,#15361),.PCURVE_S1.);
#15350 = LINE('',#15351,#15352);
#15351 = CARTESIAN_POINT('',(2.1,-0.375,0.));
#15352 = VECTOR('',#15353,1.);
#15353 = DIRECTION('',(0.,0.,1.));
#15354 = PCURVE('',#15286,#15355);
#15355 = DEFINITIONAL_REPRESENTATION('',(#15356),#15360);
#15356 = LINE('',#15357,#15358);
#15357 = CARTESIAN_POINT('',(0.4,0.));
#15358 = VECTOR('',#15359,1.);
#15359 = DIRECTION('',(0.,-1.));
#15360 = ( GEOMETRIC_REPRESENTATION_CONTEXT(2) 
PARAMETRIC_REPRESENTATION_CONTEXT() REPRESENTATION_CONTEXT('2D SPACE',''
  ) );
#15361 = PCURVE('',#15149,#15362);
#15362 = DEFINITIONAL_REPRESENTATION('',(#15363),#15367);
#15363 = LINE('',#15364,#15365);
#15364 = CARTESIAN_POINT('',(0.,0.));
#15365 = VECTOR('',#15366,1.);
#15366 = DIRECTION('',(0.,-1.));
#15367 = ( GEOMETRIC_REPRESENTATION_CONTEXT(2) 
PARAMETRIC_REPRESENTATION_CONTEXT() REPRESENTATION_CONTEXT('2D SPACE',''
  ) );
#15368 = ORIENTED_EDGE('',*,*,#15369,.F.);
#15369 = EDGE_CURVE('',#15271,#15347,#15370,.T.);
#15370 = SURFACE_CURVE('',#15371,(#15375,#15382),.PCURVE_S1.);
#15371 = LINE('',#15372,#15373);
#15372 = CARTESIAN_POINT('',(2.5,-0.375,0.));
#15373 = VECTOR('',#15374,1.);
#15374 = DIRECTION('',(-1.,0.,0.));
#15375 = PCURVE('',#15286,#15376);
#15376 = DEFINITIONAL_REPRESENTATION('',(#15377),#15381);
#15377 = LINE('',#15378,#15379);
#15378 = CARTESIAN_POINT('',(0.,-0.));
#15379 = VECTOR('',#15380,1.);
#15380 = DIRECTION('',(1.,0.));
#15381 = ( GEOMETRIC_REPRESENTATION_CONTEXT(2) 
PARAMETRIC_REPRESENTATION_CONTEXT() REPRESENTATION_CONTEXT('2D SPACE',''
  ) );
#15382 = PCURVE('',#15231,#15383);
#15383 = DEFINITIONAL_REPRESENTATION('',(#15384),#15388);
#15384 = LINE('',#15385,#15386);
#15385 = CARTESIAN_POINT('',(0.2,0.125));
#15386 = VECTOR('',#15387,1.);
#15387 = DIRECTION('',(-1.,0.));
#15388 = ( GEOMETRIC_REPRESENTATION_CONTEXT(2) 
PARAMETRIC_REPRESENTATION_CONTEXT() REPRESENTATION_CONTEXT('2D SPACE',''
  ) );
#15389 = ADVANCED_FACE('',(#15390),#15149,.F.);
#15390 = FACE_BOUND('',#15391,.F.);
#15391 = EDGE_LOOP('',(#15392,#15393,#15414,#15415));
#15392 = ORIENTED_EDGE('',*,*,#15346,.T.);
#15393 = ORIENTED_EDGE('',*,*,#15394,.T.);
#15394 = EDGE_CURVE('',#15324,#15129,#15395,.T.);
#15395 = SURFACE_CURVE('',#15396,(#15400,#15407),.PCURVE_S1.);
#15396 = LINE('',#15397,#15398);
#15397 = CARTESIAN_POINT('',(2.1,-0.375,0.2));
#15398 = VECTOR('',#15399,1.);
#15399 = DIRECTION('',(0.,-1.,0.));
#15400 = PCURVE('',#15149,#15401);
#15401 = DEFINITIONAL_REPRESENTATION('',(#15402),#15406);
#15402 = LINE('',#15403,#15404);
#15403 = CARTESIAN_POINT('',(0.,-0.2));
#15404 = VECTOR('',#15405,1.);
#15405 = DIRECTION('',(1.,0.));
#15406 = ( GEOMETRIC_REPRESENTATION_CONTEXT(2) 
PARAMETRIC_REPRESENTATION_CONTEXT() REPRESENTATION_CONTEXT('2D SPACE',''
  ) );
#15407 = PCURVE('',#15177,#15408);
#15408 = DEFINITIONAL_REPRESENTATION('',(#15409),#15413);
#15409 = LINE('',#15410,#15411);
#15410 = CARTESIAN_POINT('',(-0.2,0.125));
#15411 = VECTOR('',#15412,1.);
#15412 = DIRECTION('',(0.,-1.));
#15413 = ( GEOMETRIC_REPRESENTATION_CONTEXT(2) 
PARAMETRIC_REPRESENTATION_CONTEXT() REPRESENTATION_CONTEXT('2D SPACE',''
  ) );
#15414 = ORIENTED_EDGE('',*,*,#15126,.F.);
#15415 = ORIENTED_EDGE('',*,*,#15416,.F.);
#15416 = EDGE_CURVE('',#15347,#15127,#15417,.T.);
#15417 = SURFACE_CURVE('',#15418,(#15422,#15429),.PCURVE_S1.);
#15418 = LINE('',#15419,#15420);
#15419 = CARTESIAN_POINT('',(2.1,-0.375,0.));
#15420 = VECTOR('',#15421,1.);
#15421 = DIRECTION('',(0.,-1.,0.));
#15422 = PCURVE('',#15149,#15423);
#15423 = DEFINITIONAL_REPRESENTATION('',(#15424),#15428);
#15424 = LINE('',#15425,#15426);
#15425 = CARTESIAN_POINT('',(0.,0.));
#15426 = VECTOR('',#15427,1.);
#15427 = DIRECTION('',(1.,0.));
#15428 = ( GEOMETRIC_REPRESENTATION_CONTEXT(2) 
PARAMETRIC_REPRESENTATION_CONTEXT() REPRESENTATION_CONTEXT('2D SPACE',''
  ) );
#15429 = PCURVE('',#15231,#15430);
#15430 = DEFINITIONAL_REPRESENTATION('',(#15431),#15435);
#15431 = LINE('',#15432,#15433);
#15432 = CARTESIAN_POINT('',(-0.2,0.125));
#15433 = VECTOR('',#15434,1.);
#15434 = DIRECTION('',(0.,-1.));
#15435 = ( GEOMETRIC_REPRESENTATION_CONTEXT(2) 
PARAMETRIC_REPRESENTATION_CONTEXT() REPRESENTATION_CONTEXT('2D SPACE',''
  ) );
#15436 = ADVANCED_FACE('',(#15437),#15231,.F.);
#15437 = FACE_BOUND('',#15438,.F.);
#15438 = EDGE_LOOP('',(#15439,#15440,#15441,#15442));
#15439 = ORIENTED_EDGE('',*,*,#15217,.T.);
#15440 = ORIENTED_EDGE('',*,*,#15298,.T.);
#15441 = ORIENTED_EDGE('',*,*,#15369,.T.);
#15442 = ORIENTED_EDGE('',*,*,#15416,.T.);
#15443 = ADVANCED_FACE('',(#15444),#15177,.T.);
#15444 = FACE_BOUND('',#15445,.T.);
#15445 = EDGE_LOOP('',(#15446,#15447,#15448,#15449));
#15446 = ORIENTED_EDGE('',*,*,#15161,.T.);
#15447 = ORIENTED_EDGE('',*,*,#15247,.T.);
#15448 = ORIENTED_EDGE('',*,*,#15323,.T.);
#15449 = ORIENTED_EDGE('',*,*,#15394,.T.);
#15450 = ( GEOMETRIC_REPRESENTATION_CONTEXT(3) 
GLOBAL_UNCERTAINTY_ASSIGNED_CONTEXT((#15454)) 
GLOBAL_UNIT_ASSIGNED_CONTEXT((#15451,#15452,#15453)) 
REPRESENTATION_CONTEXT('Context #1',
  '3D Context with UNIT and UNCERTAINTY') );
#15451 = ( LENGTH_UNIT() NAMED_UNIT(*) SI_UNIT(.MILLI.,.METRE.) );
#15452 = ( NAMED_UNIT(*) PLANE_ANGLE_UNIT() SI_UNIT($,.RADIAN.) );
#15453 = ( NAMED_UNIT(*) SI_UNIT($,.STERADIAN.) SOLID_ANGLE_UNIT() );
#15454 = UNCERTAINTY_MEASURE_WITH_UNIT(LENGTH_MEASURE(1.E-07),#15451,
  'distance_accuracy_value','confusion accuracy');
#15455 = CONTEXT_DEPENDENT_SHAPE_REPRESENTATION(#15456,#15458);
#15456 = ( REPRESENTATION_RELATIONSHIP('','',#15119,#10) 
REPRESENTATION_RELATIONSHIP_WITH_TRANSFORMATION(#15457) 
SHAPE_REPRESENTATION_RELATIONSHIP() );
#15457 = ITEM_DEFINED_TRANSFORMATION('','',#11,#91);
#15458 = PRODUCT_DEFINITION_SHAPE('Placement','Placement of an item',
  #15459);
#15459 = NEXT_ASSEMBLY_USAGE_OCCURRENCE('20','terminal17','',#5,#15114,$
  );
#15460 = PRODUCT_RELATED_PRODUCT_CATEGORY('part',$,(#15116));
#15461 = SHAPE_DEFINITION_REPRESENTATION(#15462,#15468);
#15462 = PRODUCT_DEFINITION_SHAPE('','',#15463);
#15463 = PRODUCT_DEFINITION('design','',#15464,#15467);
#15464 = PRODUCT_DEFINITION_FORMATION('','',#15465);
#15465 = PRODUCT('terminal18','terminal18','',(#15466));
#15466 = PRODUCT_CONTEXT('',#2,'mechanical');
#15467 = PRODUCT_DEFINITION_CONTEXT('part definition',#2,'design');
#15468 = ADVANCED_BREP_SHAPE_REPRESENTATION('',(#11,#15469),#15799);
#15469 = MANIFOLD_SOLID_BREP('',#15470);
#15470 = CLOSED_SHELL('',(#15471,#15591,#15667,#15738,#15785,#15792));
#15471 = ADVANCED_FACE('',(#15472),#15486,.F.);
#15472 = FACE_BOUND('',#15473,.F.);
#15473 = EDGE_LOOP('',(#15474,#15509,#15537,#15565));
#15474 = ORIENTED_EDGE('',*,*,#15475,.T.);
#15475 = EDGE_CURVE('',#15476,#15478,#15480,.T.);
#15476 = VERTEX_POINT('',#15477);
#15477 = CARTESIAN_POINT('',(2.1,-0.125,0.));
#15478 = VERTEX_POINT('',#15479);
#15479 = CARTESIAN_POINT('',(2.1,-0.125,0.2));
#15480 = SURFACE_CURVE('',#15481,(#15485,#15497),.PCURVE_S1.);
#15481 = LINE('',#15482,#15483);
#15482 = CARTESIAN_POINT('',(2.1,-0.125,0.));
#15483 = VECTOR('',#15484,1.);
#15484 = DIRECTION('',(0.,0.,1.));
#15485 = PCURVE('',#15486,#15491);
#15486 = PLANE('',#15487);
#15487 = AXIS2_PLACEMENT_3D('',#15488,#15489,#15490);
#15488 = CARTESIAN_POINT('',(2.1,-0.125,0.));
#15489 = DIRECTION('',(0.,1.,0.));
#15490 = DIRECTION('',(1.,0.,0.));
#15491 = DEFINITIONAL_REPRESENTATION('',(#15492),#15496);
#15492 = LINE('',#15493,#15494);
#15493 = CARTESIAN_POINT('',(0.,0.));
#15494 = VECTOR('',#15495,1.);
#15495 = DIRECTION('',(0.,-1.));
#15496 = ( GEOMETRIC_REPRESENTATION_CONTEXT(2) 
PARAMETRIC_REPRESENTATION_CONTEXT() REPRESENTATION_CONTEXT('2D SPACE',''
  ) );
#15497 = PCURVE('',#15498,#15503);
#15498 = PLANE('',#15499);
#15499 = AXIS2_PLACEMENT_3D('',#15500,#15501,#15502);
#15500 = CARTESIAN_POINT('',(2.1,0.125,0.));
#15501 = DIRECTION('',(1.,0.,-0.));
#15502 = DIRECTION('',(0.,-1.,0.));
#15503 = DEFINITIONAL_REPRESENTATION('',(#15504),#15508);
#15504 = LINE('',#15505,#15506);
#15505 = CARTESIAN_POINT('',(0.25,0.));
#15506 = VECTOR('',#15507,1.);
#15507 = DIRECTION('',(0.,-1.));
#15508 = ( GEOMETRIC_REPRESENTATION_CONTEXT(2) 
PARAMETRIC_REPRESENTATION_CONTEXT() REPRESENTATION_CONTEXT('2D SPACE',''
  ) );
#15509 = ORIENTED_EDGE('',*,*,#15510,.T.);
#15510 = EDGE_CURVE('',#15478,#15511,#15513,.T.);
#15511 = VERTEX_POINT('',#15512);
#15512 = CARTESIAN_POINT('',(2.5,-0.125,0.2));
#15513 = SURFACE_CURVE('',#15514,(#15518,#15525),.PCURVE_S1.);
#15514 = LINE('',#15515,#15516);
#15515 = CARTESIAN_POINT('',(2.1,-0.125,0.2));
#15516 = VECTOR('',#15517,1.);
#15517 = DIRECTION('',(1.,0.,0.));
#15518 = PCURVE('',#15486,#15519);
#15519 = DEFINITIONAL_REPRESENTATION('',(#15520),#15524);
#15520 = LINE('',#15521,#15522);
#15521 = CARTESIAN_POINT('',(0.,-0.2));
#15522 = VECTOR('',#15523,1.);
#15523 = DIRECTION('',(1.,0.));
#15524 = ( GEOMETRIC_REPRESENTATION_CONTEXT(2) 
PARAMETRIC_REPRESENTATION_CONTEXT() REPRESENTATION_CONTEXT('2D SPACE',''
  ) );
#15525 = PCURVE('',#15526,#15531);
#15526 = PLANE('',#15527);
#15527 = AXIS2_PLACEMENT_3D('',#15528,#15529,#15530);
#15528 = CARTESIAN_POINT('',(2.3,0.,0.2));
#15529 = DIRECTION('',(0.,0.,1.));
#15530 = DIRECTION('',(1.,0.,-0.));
#15531 = DEFINITIONAL_REPRESENTATION('',(#15532),#15536);
#15532 = LINE('',#15533,#15534);
#15533 = CARTESIAN_POINT('',(-0.2,-0.125));
#15534 = VECTOR('',#15535,1.);
#15535 = DIRECTION('',(1.,0.));
#15536 = ( GEOMETRIC_REPRESENTATION_CONTEXT(2) 
PARAMETRIC_REPRESENTATION_CONTEXT() REPRESENTATION_CONTEXT('2D SPACE',''
  ) );
#15537 = ORIENTED_EDGE('',*,*,#15538,.F.);
#15538 = EDGE_CURVE('',#15539,#15511,#15541,.T.);
#15539 = VERTEX_POINT('',#15540);
#15540 = CARTESIAN_POINT('',(2.5,-0.125,0.));
#15541 = SURFACE_CURVE('',#15542,(#15546,#15553),.PCURVE_S1.);
#15542 = LINE('',#15543,#15544);
#15543 = CARTESIAN_POINT('',(2.5,-0.125,0.));
#15544 = VECTOR('',#15545,1.);
#15545 = DIRECTION('',(0.,0.,1.));
#15546 = PCURVE('',#15486,#15547);
#15547 = DEFINITIONAL_REPRESENTATION('',(#15548),#15552);
#15548 = LINE('',#15549,#15550);
#15549 = CARTESIAN_POINT('',(0.4,0.));
#15550 = VECTOR('',#15551,1.);
#15551 = DIRECTION('',(0.,-1.));
#15552 = ( GEOMETRIC_REPRESENTATION_CONTEXT(2) 
PARAMETRIC_REPRESENTATION_CONTEXT() REPRESENTATION_CONTEXT('2D SPACE',''
  ) );
#15553 = PCURVE('',#15554,#15559);
#15554 = PLANE('',#15555);
#15555 = AXIS2_PLACEMENT_3D('',#15556,#15557,#15558);
#15556 = CARTESIAN_POINT('',(2.5,-0.125,0.));
#15557 = DIRECTION('',(-1.,0.,0.));
#15558 = DIRECTION('',(0.,1.,0.));
#15559 = DEFINITIONAL_REPRESENTATION('',(#15560),#15564);
#15560 = LINE('',#15561,#15562);
#15561 = CARTESIAN_POINT('',(0.,0.));
#15562 = VECTOR('',#15563,1.);
#15563 = DIRECTION('',(0.,-1.));
#15564 = ( GEOMETRIC_REPRESENTATION_CONTEXT(2) 
PARAMETRIC_REPRESENTATION_CONTEXT() REPRESENTATION_CONTEXT('2D SPACE',''
  ) );
#15565 = ORIENTED_EDGE('',*,*,#15566,.F.);
#15566 = EDGE_CURVE('',#15476,#15539,#15567,.T.);
#15567 = SURFACE_CURVE('',#15568,(#15572,#15579),.PCURVE_S1.);
#15568 = LINE('',#15569,#15570);
#15569 = CARTESIAN_POINT('',(2.1,-0.125,0.));
#15570 = VECTOR('',#15571,1.);
#15571 = DIRECTION('',(1.,0.,0.));
#15572 = PCURVE('',#15486,#15573);
#15573 = DEFINITIONAL_REPRESENTATION('',(#15574),#15578);
#15574 = LINE('',#15575,#15576);
#15575 = CARTESIAN_POINT('',(0.,0.));
#15576 = VECTOR('',#15577,1.);
#15577 = DIRECTION('',(1.,0.));
#15578 = ( GEOMETRIC_REPRESENTATION_CONTEXT(2) 
PARAMETRIC_REPRESENTATION_CONTEXT() REPRESENTATION_CONTEXT('2D SPACE',''
  ) );
#15579 = PCURVE('',#15580,#15585);
#15580 = PLANE('',#15581);
#15581 = AXIS2_PLACEMENT_3D('',#15582,#15583,#15584);
#15582 = CARTESIAN_POINT('',(2.3,0.,0.));
#15583 = DIRECTION('',(0.,0.,1.));
#15584 = DIRECTION('',(1.,0.,-0.));
#15585 = DEFINITIONAL_REPRESENTATION('',(#15586),#15590);
#15586 = LINE('',#15587,#15588);
#15587 = CARTESIAN_POINT('',(-0.2,-0.125));
#15588 = VECTOR('',#15589,1.);
#15589 = DIRECTION('',(1.,0.));
#15590 = ( GEOMETRIC_REPRESENTATION_CONTEXT(2) 
PARAMETRIC_REPRESENTATION_CONTEXT() REPRESENTATION_CONTEXT('2D SPACE',''
  ) );
#15591 = ADVANCED_FACE('',(#15592),#15554,.F.);
#15592 = FACE_BOUND('',#15593,.F.);
#15593 = EDGE_LOOP('',(#15594,#15595,#15618,#15646));
#15594 = ORIENTED_EDGE('',*,*,#15538,.T.);
#15595 = ORIENTED_EDGE('',*,*,#15596,.T.);
#15596 = EDGE_CURVE('',#15511,#15597,#15599,.T.);
#15597 = VERTEX_POINT('',#15598);
#15598 = CARTESIAN_POINT('',(2.5,0.125,0.2));
#15599 = SURFACE_CURVE('',#15600,(#15604,#15611),.PCURVE_S1.);
#15600 = LINE('',#15601,#15602);
#15601 = CARTESIAN_POINT('',(2.5,-0.125,0.2));
#15602 = VECTOR('',#15603,1.);
#15603 = DIRECTION('',(0.,1.,0.));
#15604 = PCURVE('',#15554,#15605);
#15605 = DEFINITIONAL_REPRESENTATION('',(#15606),#15610);
#15606 = LINE('',#15607,#15608);
#15607 = CARTESIAN_POINT('',(0.,-0.2));
#15608 = VECTOR('',#15609,1.);
#15609 = DIRECTION('',(1.,0.));
#15610 = ( GEOMETRIC_REPRESENTATION_CONTEXT(2) 
PARAMETRIC_REPRESENTATION_CONTEXT() REPRESENTATION_CONTEXT('2D SPACE',''
  ) );
#15611 = PCURVE('',#15526,#15612);
#15612 = DEFINITIONAL_REPRESENTATION('',(#15613),#15617);
#15613 = LINE('',#15614,#15615);
#15614 = CARTESIAN_POINT('',(0.2,-0.125));
#15615 = VECTOR('',#15616,1.);
#15616 = DIRECTION('',(0.,1.));
#15617 = ( GEOMETRIC_REPRESENTATION_CONTEXT(2) 
PARAMETRIC_REPRESENTATION_CONTEXT() REPRESENTATION_CONTEXT('2D SPACE',''
  ) );
#15618 = ORIENTED_EDGE('',*,*,#15619,.F.);
#15619 = EDGE_CURVE('',#15620,#15597,#15622,.T.);
#15620 = VERTEX_POINT('',#15621);
#15621 = CARTESIAN_POINT('',(2.5,0.125,0.));
#15622 = SURFACE_CURVE('',#15623,(#15627,#15634),.PCURVE_S1.);
#15623 = LINE('',#15624,#15625);
#15624 = CARTESIAN_POINT('',(2.5,0.125,0.));
#15625 = VECTOR('',#15626,1.);
#15626 = DIRECTION('',(0.,0.,1.));
#15627 = PCURVE('',#15554,#15628);
#15628 = DEFINITIONAL_REPRESENTATION('',(#15629),#15633);
#15629 = LINE('',#15630,#15631);
#15630 = CARTESIAN_POINT('',(0.25,0.));
#15631 = VECTOR('',#15632,1.);
#15632 = DIRECTION('',(0.,-1.));
#15633 = ( GEOMETRIC_REPRESENTATION_CONTEXT(2) 
PARAMETRIC_REPRESENTATION_CONTEXT() REPRESENTATION_CONTEXT('2D SPACE',''
  ) );
#15634 = PCURVE('',#15635,#15640);
#15635 = PLANE('',#15636);
#15636 = AXIS2_PLACEMENT_3D('',#15637,#15638,#15639);
#15637 = CARTESIAN_POINT('',(2.5,0.125,0.));
#15638 = DIRECTION('',(0.,-1.,0.));
#15639 = DIRECTION('',(-1.,0.,0.));
#15640 = DEFINITIONAL_REPRESENTATION('',(#15641),#15645);
#15641 = LINE('',#15642,#15643);
#15642 = CARTESIAN_POINT('',(0.,-0.));
#15643 = VECTOR('',#15644,1.);
#15644 = DIRECTION('',(0.,-1.));
#15645 = ( GEOMETRIC_REPRESENTATION_CONTEXT(2) 
PARAMETRIC_REPRESENTATION_CONTEXT() REPRESENTATION_CONTEXT('2D SPACE',''
  ) );
#15646 = ORIENTED_EDGE('',*,*,#15647,.F.);
#15647 = EDGE_CURVE('',#15539,#15620,#15648,.T.);
#15648 = SURFACE_CURVE('',#15649,(#15653,#15660),.PCURVE_S1.);
#15649 = LINE('',#15650,#15651);
#15650 = CARTESIAN_POINT('',(2.5,-0.125,0.));
#15651 = VECTOR('',#15652,1.);
#15652 = DIRECTION('',(0.,1.,0.));
#15653 = PCURVE('',#15554,#15654);
#15654 = DEFINITIONAL_REPRESENTATION('',(#15655),#15659);
#15655 = LINE('',#15656,#15657);
#15656 = CARTESIAN_POINT('',(0.,0.));
#15657 = VECTOR('',#15658,1.);
#15658 = DIRECTION('',(1.,0.));
#15659 = ( GEOMETRIC_REPRESENTATION_CONTEXT(2) 
PARAMETRIC_REPRESENTATION_CONTEXT() REPRESENTATION_CONTEXT('2D SPACE',''
  ) );
#15660 = PCURVE('',#15580,#15661);
#15661 = DEFINITIONAL_REPRESENTATION('',(#15662),#15666);
#15662 = LINE('',#15663,#15664);
#15663 = CARTESIAN_POINT('',(0.2,-0.125));
#15664 = VECTOR('',#15665,1.);
#15665 = DIRECTION('',(0.,1.));
#15666 = ( GEOMETRIC_REPRESENTATION_CONTEXT(2) 
PARAMETRIC_REPRESENTATION_CONTEXT() REPRESENTATION_CONTEXT('2D SPACE',''
  ) );
#15667 = ADVANCED_FACE('',(#15668),#15635,.F.);
#15668 = FACE_BOUND('',#15669,.F.);
#15669 = EDGE_LOOP('',(#15670,#15671,#15694,#15717));
#15670 = ORIENTED_EDGE('',*,*,#15619,.T.);
#15671 = ORIENTED_EDGE('',*,*,#15672,.T.);
#15672 = EDGE_CURVE('',#15597,#15673,#15675,.T.);
#15673 = VERTEX_POINT('',#15674);
#15674 = CARTESIAN_POINT('',(2.1,0.125,0.2));
#15675 = SURFACE_CURVE('',#15676,(#15680,#15687),.PCURVE_S1.);
#15676 = LINE('',#15677,#15678);
#15677 = CARTESIAN_POINT('',(2.5,0.125,0.2));
#15678 = VECTOR('',#15679,1.);
#15679 = DIRECTION('',(-1.,0.,0.));
#15680 = PCURVE('',#15635,#15681);
#15681 = DEFINITIONAL_REPRESENTATION('',(#15682),#15686);
#15682 = LINE('',#15683,#15684);
#15683 = CARTESIAN_POINT('',(0.,-0.2));
#15684 = VECTOR('',#15685,1.);
#15685 = DIRECTION('',(1.,0.));
#15686 = ( GEOMETRIC_REPRESENTATION_CONTEXT(2) 
PARAMETRIC_REPRESENTATION_CONTEXT() REPRESENTATION_CONTEXT('2D SPACE',''
  ) );
#15687 = PCURVE('',#15526,#15688);
#15688 = DEFINITIONAL_REPRESENTATION('',(#15689),#15693);
#15689 = LINE('',#15690,#15691);
#15690 = CARTESIAN_POINT('',(0.2,0.125));
#15691 = VECTOR('',#15692,1.);
#15692 = DIRECTION('',(-1.,0.));
#15693 = ( GEOMETRIC_REPRESENTATION_CONTEXT(2) 
PARAMETRIC_REPRESENTATION_CONTEXT() REPRESENTATION_CONTEXT('2D SPACE',''
  ) );
#15694 = ORIENTED_EDGE('',*,*,#15695,.F.);
#15695 = EDGE_CURVE('',#15696,#15673,#15698,.T.);
#15696 = VERTEX_POINT('',#15697);
#15697 = CARTESIAN_POINT('',(2.1,0.125,0.));
#15698 = SURFACE_CURVE('',#15699,(#15703,#15710),.PCURVE_S1.);
#15699 = LINE('',#15700,#15701);
#15700 = CARTESIAN_POINT('',(2.1,0.125,0.));
#15701 = VECTOR('',#15702,1.);
#15702 = DIRECTION('',(0.,0.,1.));
#15703 = PCURVE('',#15635,#15704);
#15704 = DEFINITIONAL_REPRESENTATION('',(#15705),#15709);
#15705 = LINE('',#15706,#15707);
#15706 = CARTESIAN_POINT('',(0.4,0.));
#15707 = VECTOR('',#15708,1.);
#15708 = DIRECTION('',(0.,-1.));
#15709 = ( GEOMETRIC_REPRESENTATION_CONTEXT(2) 
PARAMETRIC_REPRESENTATION_CONTEXT() REPRESENTATION_CONTEXT('2D SPACE',''
  ) );
#15710 = PCURVE('',#15498,#15711);
#15711 = DEFINITIONAL_REPRESENTATION('',(#15712),#15716);
#15712 = LINE('',#15713,#15714);
#15713 = CARTESIAN_POINT('',(0.,0.));
#15714 = VECTOR('',#15715,1.);
#15715 = DIRECTION('',(0.,-1.));
#15716 = ( GEOMETRIC_REPRESENTATION_CONTEXT(2) 
PARAMETRIC_REPRESENTATION_CONTEXT() REPRESENTATION_CONTEXT('2D SPACE',''
  ) );
#15717 = ORIENTED_EDGE('',*,*,#15718,.F.);
#15718 = EDGE_CURVE('',#15620,#15696,#15719,.T.);
#15719 = SURFACE_CURVE('',#15720,(#15724,#15731),.PCURVE_S1.);
#15720 = LINE('',#15721,#15722);
#15721 = CARTESIAN_POINT('',(2.5,0.125,0.));
#15722 = VECTOR('',#15723,1.);
#15723 = DIRECTION('',(-1.,0.,0.));
#15724 = PCURVE('',#15635,#15725);
#15725 = DEFINITIONAL_REPRESENTATION('',(#15726),#15730);
#15726 = LINE('',#15727,#15728);
#15727 = CARTESIAN_POINT('',(0.,-0.));
#15728 = VECTOR('',#15729,1.);
#15729 = DIRECTION('',(1.,0.));
#15730 = ( GEOMETRIC_REPRESENTATION_CONTEXT(2) 
PARAMETRIC_REPRESENTATION_CONTEXT() REPRESENTATION_CONTEXT('2D SPACE',''
  ) );
#15731 = PCURVE('',#15580,#15732);
#15732 = DEFINITIONAL_REPRESENTATION('',(#15733),#15737);
#15733 = LINE('',#15734,#15735);
#15734 = CARTESIAN_POINT('',(0.2,0.125));
#15735 = VECTOR('',#15736,1.);
#15736 = DIRECTION('',(-1.,0.));
#15737 = ( GEOMETRIC_REPRESENTATION_CONTEXT(2) 
PARAMETRIC_REPRESENTATION_CONTEXT() REPRESENTATION_CONTEXT('2D SPACE',''
  ) );
#15738 = ADVANCED_FACE('',(#15739),#15498,.F.);
#15739 = FACE_BOUND('',#15740,.F.);
#15740 = EDGE_LOOP('',(#15741,#15742,#15763,#15764));
#15741 = ORIENTED_EDGE('',*,*,#15695,.T.);
#15742 = ORIENTED_EDGE('',*,*,#15743,.T.);
#15743 = EDGE_CURVE('',#15673,#15478,#15744,.T.);
#15744 = SURFACE_CURVE('',#15745,(#15749,#15756),.PCURVE_S1.);
#15745 = LINE('',#15746,#15747);
#15746 = CARTESIAN_POINT('',(2.1,0.125,0.2));
#15747 = VECTOR('',#15748,1.);
#15748 = DIRECTION('',(0.,-1.,0.));
#15749 = PCURVE('',#15498,#15750);
#15750 = DEFINITIONAL_REPRESENTATION('',(#15751),#15755);
#15751 = LINE('',#15752,#15753);
#15752 = CARTESIAN_POINT('',(0.,-0.2));
#15753 = VECTOR('',#15754,1.);
#15754 = DIRECTION('',(1.,0.));
#15755 = ( GEOMETRIC_REPRESENTATION_CONTEXT(2) 
PARAMETRIC_REPRESENTATION_CONTEXT() REPRESENTATION_CONTEXT('2D SPACE',''
  ) );
#15756 = PCURVE('',#15526,#15757);
#15757 = DEFINITIONAL_REPRESENTATION('',(#15758),#15762);
#15758 = LINE('',#15759,#15760);
#15759 = CARTESIAN_POINT('',(-0.2,0.125));
#15760 = VECTOR('',#15761,1.);
#15761 = DIRECTION('',(0.,-1.));
#15762 = ( GEOMETRIC_REPRESENTATION_CONTEXT(2) 
PARAMETRIC_REPRESENTATION_CONTEXT() REPRESENTATION_CONTEXT('2D SPACE',''
  ) );
#15763 = ORIENTED_EDGE('',*,*,#15475,.F.);
#15764 = ORIENTED_EDGE('',*,*,#15765,.F.);
#15765 = EDGE_CURVE('',#15696,#15476,#15766,.T.);
#15766 = SURFACE_CURVE('',#15767,(#15771,#15778),.PCURVE_S1.);
#15767 = LINE('',#15768,#15769);
#15768 = CARTESIAN_POINT('',(2.1,0.125,0.));
#15769 = VECTOR('',#15770,1.);
#15770 = DIRECTION('',(0.,-1.,0.));
#15771 = PCURVE('',#15498,#15772);
#15772 = DEFINITIONAL_REPRESENTATION('',(#15773),#15777);
#15773 = LINE('',#15774,#15775);
#15774 = CARTESIAN_POINT('',(0.,0.));
#15775 = VECTOR('',#15776,1.);
#15776 = DIRECTION('',(1.,0.));
#15777 = ( GEOMETRIC_REPRESENTATION_CONTEXT(2) 
PARAMETRIC_REPRESENTATION_CONTEXT() REPRESENTATION_CONTEXT('2D SPACE',''
  ) );
#15778 = PCURVE('',#15580,#15779);
#15779 = DEFINITIONAL_REPRESENTATION('',(#15780),#15784);
#15780 = LINE('',#15781,#15782);
#15781 = CARTESIAN_POINT('',(-0.2,0.125));
#15782 = VECTOR('',#15783,1.);
#15783 = DIRECTION('',(0.,-1.));
#15784 = ( GEOMETRIC_REPRESENTATION_CONTEXT(2) 
PARAMETRIC_REPRESENTATION_CONTEXT() REPRESENTATION_CONTEXT('2D SPACE',''
  ) );
#15785 = ADVANCED_FACE('',(#15786),#15580,.F.);
#15786 = FACE_BOUND('',#15787,.F.);
#15787 = EDGE_LOOP('',(#15788,#15789,#15790,#15791));
#15788 = ORIENTED_EDGE('',*,*,#15566,.T.);
#15789 = ORIENTED_EDGE('',*,*,#15647,.T.);
#15790 = ORIENTED_EDGE('',*,*,#15718,.T.);
#15791 = ORIENTED_EDGE('',*,*,#15765,.T.);
#15792 = ADVANCED_FACE('',(#15793),#15526,.T.);
#15793 = FACE_BOUND('',#15794,.T.);
#15794 = EDGE_LOOP('',(#15795,#15796,#15797,#15798));
#15795 = ORIENTED_EDGE('',*,*,#15510,.T.);
#15796 = ORIENTED_EDGE('',*,*,#15596,.T.);
#15797 = ORIENTED_EDGE('',*,*,#15672,.T.);
#15798 = ORIENTED_EDGE('',*,*,#15743,.T.);
#15799 = ( GEOMETRIC_REPRESENTATION_CONTEXT(3) 
GLOBAL_UNCERTAINTY_ASSIGNED_CONTEXT((#15803)) 
GLOBAL_UNIT_ASSIGNED_CONTEXT((#15800,#15801,#15802)) 
REPRESENTATION_CONTEXT('Context #1',
  '3D Context with UNIT and UNCERTAINTY') );
#15800 = ( LENGTH_UNIT() NAMED_UNIT(*) SI_UNIT(.MILLI.,.METRE.) );
#15801 = ( NAMED_UNIT(*) PLANE_ANGLE_UNIT() SI_UNIT($,.RADIAN.) );
#15802 = ( NAMED_UNIT(*) SI_UNIT($,.STERADIAN.) SOLID_ANGLE_UNIT() );
#15803 = UNCERTAINTY_MEASURE_WITH_UNIT(LENGTH_MEASURE(1.E-07),#15800,
  'distance_accuracy_value','confusion accuracy');
#15804 = CONTEXT_DEPENDENT_SHAPE_REPRESENTATION(#15805,#15807);
#15805 = ( REPRESENTATION_RELATIONSHIP('','',#15468,#10) 
REPRESENTATION_RELATIONSHIP_WITH_TRANSFORMATION(#15806) 
SHAPE_REPRESENTATION_RELATIONSHIP() );
#15806 = ITEM_DEFINED_TRANSFORMATION('','',#11,#95);
#15807 = PRODUCT_DEFINITION_SHAPE('Placement','Placement of an item',
  #15808);
#15808 = NEXT_ASSEMBLY_USAGE_OCCURRENCE('21','terminal18','',#5,#15463,$
  );
#15809 = PRODUCT_RELATED_PRODUCT_CATEGORY('part',$,(#15465));
#15810 = SHAPE_DEFINITION_REPRESENTATION(#15811,#15817);
#15811 = PRODUCT_DEFINITION_SHAPE('','',#15812);
#15812 = PRODUCT_DEFINITION('design','',#15813,#15816);
#15813 = PRODUCT_DEFINITION_FORMATION('','',#15814);
#15814 = PRODUCT('terminal19','terminal19','',(#15815));
#15815 = PRODUCT_CONTEXT('',#2,'mechanical');
#15816 = PRODUCT_DEFINITION_CONTEXT('part definition',#2,'design');
#15817 = ADVANCED_BREP_SHAPE_REPRESENTATION('',(#11,#15818),#16148);
#15818 = MANIFOLD_SOLID_BREP('',#15819);
#15819 = CLOSED_SHELL('',(#15820,#15940,#16016,#16087,#16134,#16141));
#15820 = ADVANCED_FACE('',(#15821),#15835,.F.);
#15821 = FACE_BOUND('',#15822,.F.);
#15822 = EDGE_LOOP('',(#15823,#15858,#15886,#15914));
#15823 = ORIENTED_EDGE('',*,*,#15824,.T.);
#15824 = EDGE_CURVE('',#15825,#15827,#15829,.T.);
#15825 = VERTEX_POINT('',#15826);
#15826 = CARTESIAN_POINT('',(2.1,0.375,0.));
#15827 = VERTEX_POINT('',#15828);
#15828 = CARTESIAN_POINT('',(2.1,0.375,0.2));
#15829 = SURFACE_CURVE('',#15830,(#15834,#15846),.PCURVE_S1.);
#15830 = LINE('',#15831,#15832);
#15831 = CARTESIAN_POINT('',(2.1,0.375,0.));
#15832 = VECTOR('',#15833,1.);
#15833 = DIRECTION('',(0.,0.,1.));
#15834 = PCURVE('',#15835,#15840);
#15835 = PLANE('',#15836);
#15836 = AXIS2_PLACEMENT_3D('',#15837,#15838,#15839);
#15837 = CARTESIAN_POINT('',(2.1,0.375,0.));
#15838 = DIRECTION('',(0.,1.,0.));
#15839 = DIRECTION('',(1.,0.,0.));
#15840 = DEFINITIONAL_REPRESENTATION('',(#15841),#15845);
#15841 = LINE('',#15842,#15843);
#15842 = CARTESIAN_POINT('',(0.,0.));
#15843 = VECTOR('',#15844,1.);
#15844 = DIRECTION('',(0.,-1.));
#15845 = ( GEOMETRIC_REPRESENTATION_CONTEXT(2) 
PARAMETRIC_REPRESENTATION_CONTEXT() REPRESENTATION_CONTEXT('2D SPACE',''
  ) );
#15846 = PCURVE('',#15847,#15852);
#15847 = PLANE('',#15848);
#15848 = AXIS2_PLACEMENT_3D('',#15849,#15850,#15851);
#15849 = CARTESIAN_POINT('',(2.1,0.625,0.));
#15850 = DIRECTION('',(1.,0.,-0.));
#15851 = DIRECTION('',(0.,-1.,0.));
#15852 = DEFINITIONAL_REPRESENTATION('',(#15853),#15857);
#15853 = LINE('',#15854,#15855);
#15854 = CARTESIAN_POINT('',(0.25,0.));
#15855 = VECTOR('',#15856,1.);
#15856 = DIRECTION('',(0.,-1.));
#15857 = ( GEOMETRIC_REPRESENTATION_CONTEXT(2) 
PARAMETRIC_REPRESENTATION_CONTEXT() REPRESENTATION_CONTEXT('2D SPACE',''
  ) );
#15858 = ORIENTED_EDGE('',*,*,#15859,.T.);
#15859 = EDGE_CURVE('',#15827,#15860,#15862,.T.);
#15860 = VERTEX_POINT('',#15861);
#15861 = CARTESIAN_POINT('',(2.5,0.375,0.2));
#15862 = SURFACE_CURVE('',#15863,(#15867,#15874),.PCURVE_S1.);
#15863 = LINE('',#15864,#15865);
#15864 = CARTESIAN_POINT('',(2.1,0.375,0.2));
#15865 = VECTOR('',#15866,1.);
#15866 = DIRECTION('',(1.,0.,0.));
#15867 = PCURVE('',#15835,#15868);
#15868 = DEFINITIONAL_REPRESENTATION('',(#15869),#15873);
#15869 = LINE('',#15870,#15871);
#15870 = CARTESIAN_POINT('',(0.,-0.2));
#15871 = VECTOR('',#15872,1.);
#15872 = DIRECTION('',(1.,0.));
#15873 = ( GEOMETRIC_REPRESENTATION_CONTEXT(2) 
PARAMETRIC_REPRESENTATION_CONTEXT() REPRESENTATION_CONTEXT('2D SPACE',''
  ) );
#15874 = PCURVE('',#15875,#15880);
#15875 = PLANE('',#15876);
#15876 = AXIS2_PLACEMENT_3D('',#15877,#15878,#15879);
#15877 = CARTESIAN_POINT('',(2.3,0.5,0.2));
#15878 = DIRECTION('',(0.,0.,1.));
#15879 = DIRECTION('',(1.,0.,-0.));
#15880 = DEFINITIONAL_REPRESENTATION('',(#15881),#15885);
#15881 = LINE('',#15882,#15883);
#15882 = CARTESIAN_POINT('',(-0.2,-0.125));
#15883 = VECTOR('',#15884,1.);
#15884 = DIRECTION('',(1.,0.));
#15885 = ( GEOMETRIC_REPRESENTATION_CONTEXT(2) 
PARAMETRIC_REPRESENTATION_CONTEXT() REPRESENTATION_CONTEXT('2D SPACE',''
  ) );
#15886 = ORIENTED_EDGE('',*,*,#15887,.F.);
#15887 = EDGE_CURVE('',#15888,#15860,#15890,.T.);
#15888 = VERTEX_POINT('',#15889);
#15889 = CARTESIAN_POINT('',(2.5,0.375,0.));
#15890 = SURFACE_CURVE('',#15891,(#15895,#15902),.PCURVE_S1.);
#15891 = LINE('',#15892,#15893);
#15892 = CARTESIAN_POINT('',(2.5,0.375,0.));
#15893 = VECTOR('',#15894,1.);
#15894 = DIRECTION('',(0.,0.,1.));
#15895 = PCURVE('',#15835,#15896);
#15896 = DEFINITIONAL_REPRESENTATION('',(#15897),#15901);
#15897 = LINE('',#15898,#15899);
#15898 = CARTESIAN_POINT('',(0.4,0.));
#15899 = VECTOR('',#15900,1.);
#15900 = DIRECTION('',(0.,-1.));
#15901 = ( GEOMETRIC_REPRESENTATION_CONTEXT(2) 
PARAMETRIC_REPRESENTATION_CONTEXT() REPRESENTATION_CONTEXT('2D SPACE',''
  ) );
#15902 = PCURVE('',#15903,#15908);
#15903 = PLANE('',#15904);
#15904 = AXIS2_PLACEMENT_3D('',#15905,#15906,#15907);
#15905 = CARTESIAN_POINT('',(2.5,0.375,0.));
#15906 = DIRECTION('',(-1.,0.,0.));
#15907 = DIRECTION('',(0.,1.,0.));
#15908 = DEFINITIONAL_REPRESENTATION('',(#15909),#15913);
#15909 = LINE('',#15910,#15911);
#15910 = CARTESIAN_POINT('',(0.,0.));
#15911 = VECTOR('',#15912,1.);
#15912 = DIRECTION('',(0.,-1.));
#15913 = ( GEOMETRIC_REPRESENTATION_CONTEXT(2) 
PARAMETRIC_REPRESENTATION_CONTEXT() REPRESENTATION_CONTEXT('2D SPACE',''
  ) );
#15914 = ORIENTED_EDGE('',*,*,#15915,.F.);
#15915 = EDGE_CURVE('',#15825,#15888,#15916,.T.);
#15916 = SURFACE_CURVE('',#15917,(#15921,#15928),.PCURVE_S1.);
#15917 = LINE('',#15918,#15919);
#15918 = CARTESIAN_POINT('',(2.1,0.375,0.));
#15919 = VECTOR('',#15920,1.);
#15920 = DIRECTION('',(1.,0.,0.));
#15921 = PCURVE('',#15835,#15922);
#15922 = DEFINITIONAL_REPRESENTATION('',(#15923),#15927);
#15923 = LINE('',#15924,#15925);
#15924 = CARTESIAN_POINT('',(0.,0.));
#15925 = VECTOR('',#15926,1.);
#15926 = DIRECTION('',(1.,0.));
#15927 = ( GEOMETRIC_REPRESENTATION_CONTEXT(2) 
PARAMETRIC_REPRESENTATION_CONTEXT() REPRESENTATION_CONTEXT('2D SPACE',''
  ) );
#15928 = PCURVE('',#15929,#15934);
#15929 = PLANE('',#15930);
#15930 = AXIS2_PLACEMENT_3D('',#15931,#15932,#15933);
#15931 = CARTESIAN_POINT('',(2.3,0.5,0.));
#15932 = DIRECTION('',(0.,0.,1.));
#15933 = DIRECTION('',(1.,0.,-0.));
#15934 = DEFINITIONAL_REPRESENTATION('',(#15935),#15939);
#15935 = LINE('',#15936,#15937);
#15936 = CARTESIAN_POINT('',(-0.2,-0.125));
#15937 = VECTOR('',#15938,1.);
#15938 = DIRECTION('',(1.,0.));
#15939 = ( GEOMETRIC_REPRESENTATION_CONTEXT(2) 
PARAMETRIC_REPRESENTATION_CONTEXT() REPRESENTATION_CONTEXT('2D SPACE',''
  ) );
#15940 = ADVANCED_FACE('',(#15941),#15903,.F.);
#15941 = FACE_BOUND('',#15942,.F.);
#15942 = EDGE_LOOP('',(#15943,#15944,#15967,#15995));
#15943 = ORIENTED_EDGE('',*,*,#15887,.T.);
#15944 = ORIENTED_EDGE('',*,*,#15945,.T.);
#15945 = EDGE_CURVE('',#15860,#15946,#15948,.T.);
#15946 = VERTEX_POINT('',#15947);
#15947 = CARTESIAN_POINT('',(2.5,0.625,0.2));
#15948 = SURFACE_CURVE('',#15949,(#15953,#15960),.PCURVE_S1.);
#15949 = LINE('',#15950,#15951);
#15950 = CARTESIAN_POINT('',(2.5,0.375,0.2));
#15951 = VECTOR('',#15952,1.);
#15952 = DIRECTION('',(0.,1.,0.));
#15953 = PCURVE('',#15903,#15954);
#15954 = DEFINITIONAL_REPRESENTATION('',(#15955),#15959);
#15955 = LINE('',#15956,#15957);
#15956 = CARTESIAN_POINT('',(0.,-0.2));
#15957 = VECTOR('',#15958,1.);
#15958 = DIRECTION('',(1.,0.));
#15959 = ( GEOMETRIC_REPRESENTATION_CONTEXT(2) 
PARAMETRIC_REPRESENTATION_CONTEXT() REPRESENTATION_CONTEXT('2D SPACE',''
  ) );
#15960 = PCURVE('',#15875,#15961);
#15961 = DEFINITIONAL_REPRESENTATION('',(#15962),#15966);
#15962 = LINE('',#15963,#15964);
#15963 = CARTESIAN_POINT('',(0.2,-0.125));
#15964 = VECTOR('',#15965,1.);
#15965 = DIRECTION('',(0.,1.));
#15966 = ( GEOMETRIC_REPRESENTATION_CONTEXT(2) 
PARAMETRIC_REPRESENTATION_CONTEXT() REPRESENTATION_CONTEXT('2D SPACE',''
  ) );
#15967 = ORIENTED_EDGE('',*,*,#15968,.F.);
#15968 = EDGE_CURVE('',#15969,#15946,#15971,.T.);
#15969 = VERTEX_POINT('',#15970);
#15970 = CARTESIAN_POINT('',(2.5,0.625,0.));
#15971 = SURFACE_CURVE('',#15972,(#15976,#15983),.PCURVE_S1.);
#15972 = LINE('',#15973,#15974);
#15973 = CARTESIAN_POINT('',(2.5,0.625,0.));
#15974 = VECTOR('',#15975,1.);
#15975 = DIRECTION('',(0.,0.,1.));
#15976 = PCURVE('',#15903,#15977);
#15977 = DEFINITIONAL_REPRESENTATION('',(#15978),#15982);
#15978 = LINE('',#15979,#15980);
#15979 = CARTESIAN_POINT('',(0.25,0.));
#15980 = VECTOR('',#15981,1.);
#15981 = DIRECTION('',(0.,-1.));
#15982 = ( GEOMETRIC_REPRESENTATION_CONTEXT(2) 
PARAMETRIC_REPRESENTATION_CONTEXT() REPRESENTATION_CONTEXT('2D SPACE',''
  ) );
#15983 = PCURVE('',#15984,#15989);
#15984 = PLANE('',#15985);
#15985 = AXIS2_PLACEMENT_3D('',#15986,#15987,#15988);
#15986 = CARTESIAN_POINT('',(2.5,0.625,0.));
#15987 = DIRECTION('',(0.,-1.,0.));
#15988 = DIRECTION('',(-1.,0.,0.));
#15989 = DEFINITIONAL_REPRESENTATION('',(#15990),#15994);
#15990 = LINE('',#15991,#15992);
#15991 = CARTESIAN_POINT('',(0.,-0.));
#15992 = VECTOR('',#15993,1.);
#15993 = DIRECTION('',(0.,-1.));
#15994 = ( GEOMETRIC_REPRESENTATION_CONTEXT(2) 
PARAMETRIC_REPRESENTATION_CONTEXT() REPRESENTATION_CONTEXT('2D SPACE',''
  ) );
#15995 = ORIENTED_EDGE('',*,*,#15996,.F.);
#15996 = EDGE_CURVE('',#15888,#15969,#15997,.T.);
#15997 = SURFACE_CURVE('',#15998,(#16002,#16009),.PCURVE_S1.);
#15998 = LINE('',#15999,#16000);
#15999 = CARTESIAN_POINT('',(2.5,0.375,0.));
#16000 = VECTOR('',#16001,1.);
#16001 = DIRECTION('',(0.,1.,0.));
#16002 = PCURVE('',#15903,#16003);
#16003 = DEFINITIONAL_REPRESENTATION('',(#16004),#16008);
#16004 = LINE('',#16005,#16006);
#16005 = CARTESIAN_POINT('',(0.,0.));
#16006 = VECTOR('',#16007,1.);
#16007 = DIRECTION('',(1.,0.));
#16008 = ( GEOMETRIC_REPRESENTATION_CONTEXT(2) 
PARAMETRIC_REPRESENTATION_CONTEXT() REPRESENTATION_CONTEXT('2D SPACE',''
  ) );
#16009 = PCURVE('',#15929,#16010);
#16010 = DEFINITIONAL_REPRESENTATION('',(#16011),#16015);
#16011 = LINE('',#16012,#16013);
#16012 = CARTESIAN_POINT('',(0.2,-0.125));
#16013 = VECTOR('',#16014,1.);
#16014 = DIRECTION('',(0.,1.));
#16015 = ( GEOMETRIC_REPRESENTATION_CONTEXT(2) 
PARAMETRIC_REPRESENTATION_CONTEXT() REPRESENTATION_CONTEXT('2D SPACE',''
  ) );
#16016 = ADVANCED_FACE('',(#16017),#15984,.F.);
#16017 = FACE_BOUND('',#16018,.F.);
#16018 = EDGE_LOOP('',(#16019,#16020,#16043,#16066));
#16019 = ORIENTED_EDGE('',*,*,#15968,.T.);
#16020 = ORIENTED_EDGE('',*,*,#16021,.T.);
#16021 = EDGE_CURVE('',#15946,#16022,#16024,.T.);
#16022 = VERTEX_POINT('',#16023);
#16023 = CARTESIAN_POINT('',(2.1,0.625,0.2));
#16024 = SURFACE_CURVE('',#16025,(#16029,#16036),.PCURVE_S1.);
#16025 = LINE('',#16026,#16027);
#16026 = CARTESIAN_POINT('',(2.5,0.625,0.2));
#16027 = VECTOR('',#16028,1.);
#16028 = DIRECTION('',(-1.,0.,0.));
#16029 = PCURVE('',#15984,#16030);
#16030 = DEFINITIONAL_REPRESENTATION('',(#16031),#16035);
#16031 = LINE('',#16032,#16033);
#16032 = CARTESIAN_POINT('',(0.,-0.2));
#16033 = VECTOR('',#16034,1.);
#16034 = DIRECTION('',(1.,0.));
#16035 = ( GEOMETRIC_REPRESENTATION_CONTEXT(2) 
PARAMETRIC_REPRESENTATION_CONTEXT() REPRESENTATION_CONTEXT('2D SPACE',''
  ) );
#16036 = PCURVE('',#15875,#16037);
#16037 = DEFINITIONAL_REPRESENTATION('',(#16038),#16042);
#16038 = LINE('',#16039,#16040);
#16039 = CARTESIAN_POINT('',(0.2,0.125));
#16040 = VECTOR('',#16041,1.);
#16041 = DIRECTION('',(-1.,0.));
#16042 = ( GEOMETRIC_REPRESENTATION_CONTEXT(2) 
PARAMETRIC_REPRESENTATION_CONTEXT() REPRESENTATION_CONTEXT('2D SPACE',''
  ) );
#16043 = ORIENTED_EDGE('',*,*,#16044,.F.);
#16044 = EDGE_CURVE('',#16045,#16022,#16047,.T.);
#16045 = VERTEX_POINT('',#16046);
#16046 = CARTESIAN_POINT('',(2.1,0.625,0.));
#16047 = SURFACE_CURVE('',#16048,(#16052,#16059),.PCURVE_S1.);
#16048 = LINE('',#16049,#16050);
#16049 = CARTESIAN_POINT('',(2.1,0.625,0.));
#16050 = VECTOR('',#16051,1.);
#16051 = DIRECTION('',(0.,0.,1.));
#16052 = PCURVE('',#15984,#16053);
#16053 = DEFINITIONAL_REPRESENTATION('',(#16054),#16058);
#16054 = LINE('',#16055,#16056);
#16055 = CARTESIAN_POINT('',(0.4,0.));
#16056 = VECTOR('',#16057,1.);
#16057 = DIRECTION('',(0.,-1.));
#16058 = ( GEOMETRIC_REPRESENTATION_CONTEXT(2) 
PARAMETRIC_REPRESENTATION_CONTEXT() REPRESENTATION_CONTEXT('2D SPACE',''
  ) );
#16059 = PCURVE('',#15847,#16060);
#16060 = DEFINITIONAL_REPRESENTATION('',(#16061),#16065);
#16061 = LINE('',#16062,#16063);
#16062 = CARTESIAN_POINT('',(0.,0.));
#16063 = VECTOR('',#16064,1.);
#16064 = DIRECTION('',(0.,-1.));
#16065 = ( GEOMETRIC_REPRESENTATION_CONTEXT(2) 
PARAMETRIC_REPRESENTATION_CONTEXT() REPRESENTATION_CONTEXT('2D SPACE',''
  ) );
#16066 = ORIENTED_EDGE('',*,*,#16067,.F.);
#16067 = EDGE_CURVE('',#15969,#16045,#16068,.T.);
#16068 = SURFACE_CURVE('',#16069,(#16073,#16080),.PCURVE_S1.);
#16069 = LINE('',#16070,#16071);
#16070 = CARTESIAN_POINT('',(2.5,0.625,0.));
#16071 = VECTOR('',#16072,1.);
#16072 = DIRECTION('',(-1.,0.,0.));
#16073 = PCURVE('',#15984,#16074);
#16074 = DEFINITIONAL_REPRESENTATION('',(#16075),#16079);
#16075 = LINE('',#16076,#16077);
#16076 = CARTESIAN_POINT('',(0.,-0.));
#16077 = VECTOR('',#16078,1.);
#16078 = DIRECTION('',(1.,0.));
#16079 = ( GEOMETRIC_REPRESENTATION_CONTEXT(2) 
PARAMETRIC_REPRESENTATION_CONTEXT() REPRESENTATION_CONTEXT('2D SPACE',''
  ) );
#16080 = PCURVE('',#15929,#16081);
#16081 = DEFINITIONAL_REPRESENTATION('',(#16082),#16086);
#16082 = LINE('',#16083,#16084);
#16083 = CARTESIAN_POINT('',(0.2,0.125));
#16084 = VECTOR('',#16085,1.);
#16085 = DIRECTION('',(-1.,0.));
#16086 = ( GEOMETRIC_REPRESENTATION_CONTEXT(2) 
PARAMETRIC_REPRESENTATION_CONTEXT() REPRESENTATION_CONTEXT('2D SPACE',''
  ) );
#16087 = ADVANCED_FACE('',(#16088),#15847,.F.);
#16088 = FACE_BOUND('',#16089,.F.);
#16089 = EDGE_LOOP('',(#16090,#16091,#16112,#16113));
#16090 = ORIENTED_EDGE('',*,*,#16044,.T.);
#16091 = ORIENTED_EDGE('',*,*,#16092,.T.);
#16092 = EDGE_CURVE('',#16022,#15827,#16093,.T.);
#16093 = SURFACE_CURVE('',#16094,(#16098,#16105),.PCURVE_S1.);
#16094 = LINE('',#16095,#16096);
#16095 = CARTESIAN_POINT('',(2.1,0.625,0.2));
#16096 = VECTOR('',#16097,1.);
#16097 = DIRECTION('',(0.,-1.,0.));
#16098 = PCURVE('',#15847,#16099);
#16099 = DEFINITIONAL_REPRESENTATION('',(#16100),#16104);
#16100 = LINE('',#16101,#16102);
#16101 = CARTESIAN_POINT('',(0.,-0.2));
#16102 = VECTOR('',#16103,1.);
#16103 = DIRECTION('',(1.,0.));
#16104 = ( GEOMETRIC_REPRESENTATION_CONTEXT(2) 
PARAMETRIC_REPRESENTATION_CONTEXT() REPRESENTATION_CONTEXT('2D SPACE',''
  ) );
#16105 = PCURVE('',#15875,#16106);
#16106 = DEFINITIONAL_REPRESENTATION('',(#16107),#16111);
#16107 = LINE('',#16108,#16109);
#16108 = CARTESIAN_POINT('',(-0.2,0.125));
#16109 = VECTOR('',#16110,1.);
#16110 = DIRECTION('',(0.,-1.));
#16111 = ( GEOMETRIC_REPRESENTATION_CONTEXT(2) 
PARAMETRIC_REPRESENTATION_CONTEXT() REPRESENTATION_CONTEXT('2D SPACE',''
  ) );
#16112 = ORIENTED_EDGE('',*,*,#15824,.F.);
#16113 = ORIENTED_EDGE('',*,*,#16114,.F.);
#16114 = EDGE_CURVE('',#16045,#15825,#16115,.T.);
#16115 = SURFACE_CURVE('',#16116,(#16120,#16127),.PCURVE_S1.);
#16116 = LINE('',#16117,#16118);
#16117 = CARTESIAN_POINT('',(2.1,0.625,0.));
#16118 = VECTOR('',#16119,1.);
#16119 = DIRECTION('',(0.,-1.,0.));
#16120 = PCURVE('',#15847,#16121);
#16121 = DEFINITIONAL_REPRESENTATION('',(#16122),#16126);
#16122 = LINE('',#16123,#16124);
#16123 = CARTESIAN_POINT('',(0.,0.));
#16124 = VECTOR('',#16125,1.);
#16125 = DIRECTION('',(1.,0.));
#16126 = ( GEOMETRIC_REPRESENTATION_CONTEXT(2) 
PARAMETRIC_REPRESENTATION_CONTEXT() REPRESENTATION_CONTEXT('2D SPACE',''
  ) );
#16127 = PCURVE('',#15929,#16128);
#16128 = DEFINITIONAL_REPRESENTATION('',(#16129),#16133);
#16129 = LINE('',#16130,#16131);
#16130 = CARTESIAN_POINT('',(-0.2,0.125));
#16131 = VECTOR('',#16132,1.);
#16132 = DIRECTION('',(0.,-1.));
#16133 = ( GEOMETRIC_REPRESENTATION_CONTEXT(2) 
PARAMETRIC_REPRESENTATION_CONTEXT() REPRESENTATION_CONTEXT('2D SPACE',''
  ) );
#16134 = ADVANCED_FACE('',(#16135),#15929,.F.);
#16135 = FACE_BOUND('',#16136,.F.);
#16136 = EDGE_LOOP('',(#16137,#16138,#16139,#16140));
#16137 = ORIENTED_EDGE('',*,*,#15915,.T.);
#16138 = ORIENTED_EDGE('',*,*,#15996,.T.);
#16139 = ORIENTED_EDGE('',*,*,#16067,.T.);
#16140 = ORIENTED_EDGE('',*,*,#16114,.T.);
#16141 = ADVANCED_FACE('',(#16142),#15875,.T.);
#16142 = FACE_BOUND('',#16143,.T.);
#16143 = EDGE_LOOP('',(#16144,#16145,#16146,#16147));
#16144 = ORIENTED_EDGE('',*,*,#15859,.T.);
#16145 = ORIENTED_EDGE('',*,*,#15945,.T.);
#16146 = ORIENTED_EDGE('',*,*,#16021,.T.);
#16147 = ORIENTED_EDGE('',*,*,#16092,.T.);
#16148 = ( GEOMETRIC_REPRESENTATION_CONTEXT(3) 
GLOBAL_UNCERTAINTY_ASSIGNED_CONTEXT((#16152)) 
GLOBAL_UNIT_ASSIGNED_CONTEXT((#16149,#16150,#16151)) 
REPRESENTATION_CONTEXT('Context #1',
  '3D Context with UNIT and UNCERTAINTY') );
#16149 = ( LENGTH_UNIT() NAMED_UNIT(*) SI_UNIT(.MILLI.,.METRE.) );
#16150 = ( NAMED_UNIT(*) PLANE_ANGLE_UNIT() SI_UNIT($,.RADIAN.) );
#16151 = ( NAMED_UNIT(*) SI_UNIT($,.STERADIAN.) SOLID_ANGLE_UNIT() );
#16152 = UNCERTAINTY_MEASURE_WITH_UNIT(LENGTH_MEASURE(1.E-07),#16149,
  'distance_accuracy_value','confusion accuracy');
#16153 = CONTEXT_DEPENDENT_SHAPE_REPRESENTATION(#16154,#16156);
#16154 = ( REPRESENTATION_RELATIONSHIP('','',#15817,#10) 
REPRESENTATION_RELATIONSHIP_WITH_TRANSFORMATION(#16155) 
SHAPE_REPRESENTATION_RELATIONSHIP() );
#16155 = ITEM_DEFINED_TRANSFORMATION('','',#11,#99);
#16156 = PRODUCT_DEFINITION_SHAPE('Placement','Placement of an item',
  #16157);
#16157 = NEXT_ASSEMBLY_USAGE_OCCURRENCE('22','terminal19','',#5,#15812,$
  );
#16158 = PRODUCT_RELATED_PRODUCT_CATEGORY('part',$,(#15814));
#16159 = SHAPE_DEFINITION_REPRESENTATION(#16160,#16166);
#16160 = PRODUCT_DEFINITION_SHAPE('','',#16161);
#16161 = PRODUCT_DEFINITION('design','',#16162,#16165);
#16162 = PRODUCT_DEFINITION_FORMATION('','',#16163);
#16163 = PRODUCT('terminal20','terminal20','',(#16164));
#16164 = PRODUCT_CONTEXT('',#2,'mechanical');
#16165 = PRODUCT_DEFINITION_CONTEXT('part definition',#2,'design');
#16166 = ADVANCED_BREP_SHAPE_REPRESENTATION('',(#11,#16167),#16497);
#16167 = MANIFOLD_SOLID_BREP('',#16168);
#16168 = CLOSED_SHELL('',(#16169,#16289,#16365,#16436,#16483,#16490));
#16169 = ADVANCED_FACE('',(#16170),#16184,.F.);
#16170 = FACE_BOUND('',#16171,.F.);
#16171 = EDGE_LOOP('',(#16172,#16207,#16235,#16263));
#16172 = ORIENTED_EDGE('',*,*,#16173,.T.);
#16173 = EDGE_CURVE('',#16174,#16176,#16178,.T.);
#16174 = VERTEX_POINT('',#16175);
#16175 = CARTESIAN_POINT('',(2.1,0.875,0.));
#16176 = VERTEX_POINT('',#16177);
#16177 = CARTESIAN_POINT('',(2.1,0.875,0.2));
#16178 = SURFACE_CURVE('',#16179,(#16183,#16195),.PCURVE_S1.);
#16179 = LINE('',#16180,#16181);
#16180 = CARTESIAN_POINT('',(2.1,0.875,0.));
#16181 = VECTOR('',#16182,1.);
#16182 = DIRECTION('',(0.,0.,1.));
#16183 = PCURVE('',#16184,#16189);
#16184 = PLANE('',#16185);
#16185 = AXIS2_PLACEMENT_3D('',#16186,#16187,#16188);
#16186 = CARTESIAN_POINT('',(2.1,0.875,0.));
#16187 = DIRECTION('',(0.,1.,0.));
#16188 = DIRECTION('',(1.,0.,0.));
#16189 = DEFINITIONAL_REPRESENTATION('',(#16190),#16194);
#16190 = LINE('',#16191,#16192);
#16191 = CARTESIAN_POINT('',(0.,0.));
#16192 = VECTOR('',#16193,1.);
#16193 = DIRECTION('',(0.,-1.));
#16194 = ( GEOMETRIC_REPRESENTATION_CONTEXT(2) 
PARAMETRIC_REPRESENTATION_CONTEXT() REPRESENTATION_CONTEXT('2D SPACE',''
  ) );
#16195 = PCURVE('',#16196,#16201);
#16196 = PLANE('',#16197);
#16197 = AXIS2_PLACEMENT_3D('',#16198,#16199,#16200);
#16198 = CARTESIAN_POINT('',(2.1,1.125,0.));
#16199 = DIRECTION('',(1.,0.,-0.));
#16200 = DIRECTION('',(0.,-1.,0.));
#16201 = DEFINITIONAL_REPRESENTATION('',(#16202),#16206);
#16202 = LINE('',#16203,#16204);
#16203 = CARTESIAN_POINT('',(0.25,0.));
#16204 = VECTOR('',#16205,1.);
#16205 = DIRECTION('',(0.,-1.));
#16206 = ( GEOMETRIC_REPRESENTATION_CONTEXT(2) 
PARAMETRIC_REPRESENTATION_CONTEXT() REPRESENTATION_CONTEXT('2D SPACE',''
  ) );
#16207 = ORIENTED_EDGE('',*,*,#16208,.T.);
#16208 = EDGE_CURVE('',#16176,#16209,#16211,.T.);
#16209 = VERTEX_POINT('',#16210);
#16210 = CARTESIAN_POINT('',(2.5,0.875,0.2));
#16211 = SURFACE_CURVE('',#16212,(#16216,#16223),.PCURVE_S1.);
#16212 = LINE('',#16213,#16214);
#16213 = CARTESIAN_POINT('',(2.1,0.875,0.2));
#16214 = VECTOR('',#16215,1.);
#16215 = DIRECTION('',(1.,0.,0.));
#16216 = PCURVE('',#16184,#16217);
#16217 = DEFINITIONAL_REPRESENTATION('',(#16218),#16222);
#16218 = LINE('',#16219,#16220);
#16219 = CARTESIAN_POINT('',(0.,-0.2));
#16220 = VECTOR('',#16221,1.);
#16221 = DIRECTION('',(1.,0.));
#16222 = ( GEOMETRIC_REPRESENTATION_CONTEXT(2) 
PARAMETRIC_REPRESENTATION_CONTEXT() REPRESENTATION_CONTEXT('2D SPACE',''
  ) );
#16223 = PCURVE('',#16224,#16229);
#16224 = PLANE('',#16225);
#16225 = AXIS2_PLACEMENT_3D('',#16226,#16227,#16228);
#16226 = CARTESIAN_POINT('',(2.3,1.,0.2));
#16227 = DIRECTION('',(0.,0.,1.));
#16228 = DIRECTION('',(1.,0.,-0.));
#16229 = DEFINITIONAL_REPRESENTATION('',(#16230),#16234);
#16230 = LINE('',#16231,#16232);
#16231 = CARTESIAN_POINT('',(-0.2,-0.125));
#16232 = VECTOR('',#16233,1.);
#16233 = DIRECTION('',(1.,0.));
#16234 = ( GEOMETRIC_REPRESENTATION_CONTEXT(2) 
PARAMETRIC_REPRESENTATION_CONTEXT() REPRESENTATION_CONTEXT('2D SPACE',''
  ) );
#16235 = ORIENTED_EDGE('',*,*,#16236,.F.);
#16236 = EDGE_CURVE('',#16237,#16209,#16239,.T.);
#16237 = VERTEX_POINT('',#16238);
#16238 = CARTESIAN_POINT('',(2.5,0.875,0.));
#16239 = SURFACE_CURVE('',#16240,(#16244,#16251),.PCURVE_S1.);
#16240 = LINE('',#16241,#16242);
#16241 = CARTESIAN_POINT('',(2.5,0.875,0.));
#16242 = VECTOR('',#16243,1.);
#16243 = DIRECTION('',(0.,0.,1.));
#16244 = PCURVE('',#16184,#16245);
#16245 = DEFINITIONAL_REPRESENTATION('',(#16246),#16250);
#16246 = LINE('',#16247,#16248);
#16247 = CARTESIAN_POINT('',(0.4,0.));
#16248 = VECTOR('',#16249,1.);
#16249 = DIRECTION('',(0.,-1.));
#16250 = ( GEOMETRIC_REPRESENTATION_CONTEXT(2) 
PARAMETRIC_REPRESENTATION_CONTEXT() REPRESENTATION_CONTEXT('2D SPACE',''
  ) );
#16251 = PCURVE('',#16252,#16257);
#16252 = PLANE('',#16253);
#16253 = AXIS2_PLACEMENT_3D('',#16254,#16255,#16256);
#16254 = CARTESIAN_POINT('',(2.5,0.875,0.));
#16255 = DIRECTION('',(-1.,0.,0.));
#16256 = DIRECTION('',(0.,1.,0.));
#16257 = DEFINITIONAL_REPRESENTATION('',(#16258),#16262);
#16258 = LINE('',#16259,#16260);
#16259 = CARTESIAN_POINT('',(0.,0.));
#16260 = VECTOR('',#16261,1.);
#16261 = DIRECTION('',(0.,-1.));
#16262 = ( GEOMETRIC_REPRESENTATION_CONTEXT(2) 
PARAMETRIC_REPRESENTATION_CONTEXT() REPRESENTATION_CONTEXT('2D SPACE',''
  ) );
#16263 = ORIENTED_EDGE('',*,*,#16264,.F.);
#16264 = EDGE_CURVE('',#16174,#16237,#16265,.T.);
#16265 = SURFACE_CURVE('',#16266,(#16270,#16277),.PCURVE_S1.);
#16266 = LINE('',#16267,#16268);
#16267 = CARTESIAN_POINT('',(2.1,0.875,0.));
#16268 = VECTOR('',#16269,1.);
#16269 = DIRECTION('',(1.,0.,0.));
#16270 = PCURVE('',#16184,#16271);
#16271 = DEFINITIONAL_REPRESENTATION('',(#16272),#16276);
#16272 = LINE('',#16273,#16274);
#16273 = CARTESIAN_POINT('',(0.,0.));
#16274 = VECTOR('',#16275,1.);
#16275 = DIRECTION('',(1.,0.));
#16276 = ( GEOMETRIC_REPRESENTATION_CONTEXT(2) 
PARAMETRIC_REPRESENTATION_CONTEXT() REPRESENTATION_CONTEXT('2D SPACE',''
  ) );
#16277 = PCURVE('',#16278,#16283);
#16278 = PLANE('',#16279);
#16279 = AXIS2_PLACEMENT_3D('',#16280,#16281,#16282);
#16280 = CARTESIAN_POINT('',(2.3,1.,0.));
#16281 = DIRECTION('',(0.,0.,1.));
#16282 = DIRECTION('',(1.,0.,-0.));
#16283 = DEFINITIONAL_REPRESENTATION('',(#16284),#16288);
#16284 = LINE('',#16285,#16286);
#16285 = CARTESIAN_POINT('',(-0.2,-0.125));
#16286 = VECTOR('',#16287,1.);
#16287 = DIRECTION('',(1.,0.));
#16288 = ( GEOMETRIC_REPRESENTATION_CONTEXT(2) 
PARAMETRIC_REPRESENTATION_CONTEXT() REPRESENTATION_CONTEXT('2D SPACE',''
  ) );
#16289 = ADVANCED_FACE('',(#16290),#16252,.F.);
#16290 = FACE_BOUND('',#16291,.F.);
#16291 = EDGE_LOOP('',(#16292,#16293,#16316,#16344));
#16292 = ORIENTED_EDGE('',*,*,#16236,.T.);
#16293 = ORIENTED_EDGE('',*,*,#16294,.T.);
#16294 = EDGE_CURVE('',#16209,#16295,#16297,.T.);
#16295 = VERTEX_POINT('',#16296);
#16296 = CARTESIAN_POINT('',(2.5,1.125,0.2));
#16297 = SURFACE_CURVE('',#16298,(#16302,#16309),.PCURVE_S1.);
#16298 = LINE('',#16299,#16300);
#16299 = CARTESIAN_POINT('',(2.5,0.875,0.2));
#16300 = VECTOR('',#16301,1.);
#16301 = DIRECTION('',(0.,1.,0.));
#16302 = PCURVE('',#16252,#16303);
#16303 = DEFINITIONAL_REPRESENTATION('',(#16304),#16308);
#16304 = LINE('',#16305,#16306);
#16305 = CARTESIAN_POINT('',(0.,-0.2));
#16306 = VECTOR('',#16307,1.);
#16307 = DIRECTION('',(1.,0.));
#16308 = ( GEOMETRIC_REPRESENTATION_CONTEXT(2) 
PARAMETRIC_REPRESENTATION_CONTEXT() REPRESENTATION_CONTEXT('2D SPACE',''
  ) );
#16309 = PCURVE('',#16224,#16310);
#16310 = DEFINITIONAL_REPRESENTATION('',(#16311),#16315);
#16311 = LINE('',#16312,#16313);
#16312 = CARTESIAN_POINT('',(0.2,-0.125));
#16313 = VECTOR('',#16314,1.);
#16314 = DIRECTION('',(0.,1.));
#16315 = ( GEOMETRIC_REPRESENTATION_CONTEXT(2) 
PARAMETRIC_REPRESENTATION_CONTEXT() REPRESENTATION_CONTEXT('2D SPACE',''
  ) );
#16316 = ORIENTED_EDGE('',*,*,#16317,.F.);
#16317 = EDGE_CURVE('',#16318,#16295,#16320,.T.);
#16318 = VERTEX_POINT('',#16319);
#16319 = CARTESIAN_POINT('',(2.5,1.125,0.));
#16320 = SURFACE_CURVE('',#16321,(#16325,#16332),.PCURVE_S1.);
#16321 = LINE('',#16322,#16323);
#16322 = CARTESIAN_POINT('',(2.5,1.125,0.));
#16323 = VECTOR('',#16324,1.);
#16324 = DIRECTION('',(0.,0.,1.));
#16325 = PCURVE('',#16252,#16326);
#16326 = DEFINITIONAL_REPRESENTATION('',(#16327),#16331);
#16327 = LINE('',#16328,#16329);
#16328 = CARTESIAN_POINT('',(0.25,0.));
#16329 = VECTOR('',#16330,1.);
#16330 = DIRECTION('',(0.,-1.));
#16331 = ( GEOMETRIC_REPRESENTATION_CONTEXT(2) 
PARAMETRIC_REPRESENTATION_CONTEXT() REPRESENTATION_CONTEXT('2D SPACE',''
  ) );
#16332 = PCURVE('',#16333,#16338);
#16333 = PLANE('',#16334);
#16334 = AXIS2_PLACEMENT_3D('',#16335,#16336,#16337);
#16335 = CARTESIAN_POINT('',(2.5,1.125,0.));
#16336 = DIRECTION('',(0.,-1.,0.));
#16337 = DIRECTION('',(-1.,0.,0.));
#16338 = DEFINITIONAL_REPRESENTATION('',(#16339),#16343);
#16339 = LINE('',#16340,#16341);
#16340 = CARTESIAN_POINT('',(0.,-0.));
#16341 = VECTOR('',#16342,1.);
#16342 = DIRECTION('',(0.,-1.));
#16343 = ( GEOMETRIC_REPRESENTATION_CONTEXT(2) 
PARAMETRIC_REPRESENTATION_CONTEXT() REPRESENTATION_CONTEXT('2D SPACE',''
  ) );
#16344 = ORIENTED_EDGE('',*,*,#16345,.F.);
#16345 = EDGE_CURVE('',#16237,#16318,#16346,.T.);
#16346 = SURFACE_CURVE('',#16347,(#16351,#16358),.PCURVE_S1.);
#16347 = LINE('',#16348,#16349);
#16348 = CARTESIAN_POINT('',(2.5,0.875,0.));
#16349 = VECTOR('',#16350,1.);
#16350 = DIRECTION('',(0.,1.,0.));
#16351 = PCURVE('',#16252,#16352);
#16352 = DEFINITIONAL_REPRESENTATION('',(#16353),#16357);
#16353 = LINE('',#16354,#16355);
#16354 = CARTESIAN_POINT('',(0.,0.));
#16355 = VECTOR('',#16356,1.);
#16356 = DIRECTION('',(1.,0.));
#16357 = ( GEOMETRIC_REPRESENTATION_CONTEXT(2) 
PARAMETRIC_REPRESENTATION_CONTEXT() REPRESENTATION_CONTEXT('2D SPACE',''
  ) );
#16358 = PCURVE('',#16278,#16359);
#16359 = DEFINITIONAL_REPRESENTATION('',(#16360),#16364);
#16360 = LINE('',#16361,#16362);
#16361 = CARTESIAN_POINT('',(0.2,-0.125));
#16362 = VECTOR('',#16363,1.);
#16363 = DIRECTION('',(0.,1.));
#16364 = ( GEOMETRIC_REPRESENTATION_CONTEXT(2) 
PARAMETRIC_REPRESENTATION_CONTEXT() REPRESENTATION_CONTEXT('2D SPACE',''
  ) );
#16365 = ADVANCED_FACE('',(#16366),#16333,.F.);
#16366 = FACE_BOUND('',#16367,.F.);
#16367 = EDGE_LOOP('',(#16368,#16369,#16392,#16415));
#16368 = ORIENTED_EDGE('',*,*,#16317,.T.);
#16369 = ORIENTED_EDGE('',*,*,#16370,.T.);
#16370 = EDGE_CURVE('',#16295,#16371,#16373,.T.);
#16371 = VERTEX_POINT('',#16372);
#16372 = CARTESIAN_POINT('',(2.1,1.125,0.2));
#16373 = SURFACE_CURVE('',#16374,(#16378,#16385),.PCURVE_S1.);
#16374 = LINE('',#16375,#16376);
#16375 = CARTESIAN_POINT('',(2.5,1.125,0.2));
#16376 = VECTOR('',#16377,1.);
#16377 = DIRECTION('',(-1.,0.,0.));
#16378 = PCURVE('',#16333,#16379);
#16379 = DEFINITIONAL_REPRESENTATION('',(#16380),#16384);
#16380 = LINE('',#16381,#16382);
#16381 = CARTESIAN_POINT('',(0.,-0.2));
#16382 = VECTOR('',#16383,1.);
#16383 = DIRECTION('',(1.,0.));
#16384 = ( GEOMETRIC_REPRESENTATION_CONTEXT(2) 
PARAMETRIC_REPRESENTATION_CONTEXT() REPRESENTATION_CONTEXT('2D SPACE',''
  ) );
#16385 = PCURVE('',#16224,#16386);
#16386 = DEFINITIONAL_REPRESENTATION('',(#16387),#16391);
#16387 = LINE('',#16388,#16389);
#16388 = CARTESIAN_POINT('',(0.2,0.125));
#16389 = VECTOR('',#16390,1.);
#16390 = DIRECTION('',(-1.,0.));
#16391 = ( GEOMETRIC_REPRESENTATION_CONTEXT(2) 
PARAMETRIC_REPRESENTATION_CONTEXT() REPRESENTATION_CONTEXT('2D SPACE',''
  ) );
#16392 = ORIENTED_EDGE('',*,*,#16393,.F.);
#16393 = EDGE_CURVE('',#16394,#16371,#16396,.T.);
#16394 = VERTEX_POINT('',#16395);
#16395 = CARTESIAN_POINT('',(2.1,1.125,0.));
#16396 = SURFACE_CURVE('',#16397,(#16401,#16408),.PCURVE_S1.);
#16397 = LINE('',#16398,#16399);
#16398 = CARTESIAN_POINT('',(2.1,1.125,0.));
#16399 = VECTOR('',#16400,1.);
#16400 = DIRECTION('',(0.,0.,1.));
#16401 = PCURVE('',#16333,#16402);
#16402 = DEFINITIONAL_REPRESENTATION('',(#16403),#16407);
#16403 = LINE('',#16404,#16405);
#16404 = CARTESIAN_POINT('',(0.4,0.));
#16405 = VECTOR('',#16406,1.);
#16406 = DIRECTION('',(0.,-1.));
#16407 = ( GEOMETRIC_REPRESENTATION_CONTEXT(2) 
PARAMETRIC_REPRESENTATION_CONTEXT() REPRESENTATION_CONTEXT('2D SPACE',''
  ) );
#16408 = PCURVE('',#16196,#16409);
#16409 = DEFINITIONAL_REPRESENTATION('',(#16410),#16414);
#16410 = LINE('',#16411,#16412);
#16411 = CARTESIAN_POINT('',(0.,0.));
#16412 = VECTOR('',#16413,1.);
#16413 = DIRECTION('',(0.,-1.));
#16414 = ( GEOMETRIC_REPRESENTATION_CONTEXT(2) 
PARAMETRIC_REPRESENTATION_CONTEXT() REPRESENTATION_CONTEXT('2D SPACE',''
  ) );
#16415 = ORIENTED_EDGE('',*,*,#16416,.F.);
#16416 = EDGE_CURVE('',#16318,#16394,#16417,.T.);
#16417 = SURFACE_CURVE('',#16418,(#16422,#16429),.PCURVE_S1.);
#16418 = LINE('',#16419,#16420);
#16419 = CARTESIAN_POINT('',(2.5,1.125,0.));
#16420 = VECTOR('',#16421,1.);
#16421 = DIRECTION('',(-1.,0.,0.));
#16422 = PCURVE('',#16333,#16423);
#16423 = DEFINITIONAL_REPRESENTATION('',(#16424),#16428);
#16424 = LINE('',#16425,#16426);
#16425 = CARTESIAN_POINT('',(0.,-0.));
#16426 = VECTOR('',#16427,1.);
#16427 = DIRECTION('',(1.,0.));
#16428 = ( GEOMETRIC_REPRESENTATION_CONTEXT(2) 
PARAMETRIC_REPRESENTATION_CONTEXT() REPRESENTATION_CONTEXT('2D SPACE',''
  ) );
#16429 = PCURVE('',#16278,#16430);
#16430 = DEFINITIONAL_REPRESENTATION('',(#16431),#16435);
#16431 = LINE('',#16432,#16433);
#16432 = CARTESIAN_POINT('',(0.2,0.125));
#16433 = VECTOR('',#16434,1.);
#16434 = DIRECTION('',(-1.,0.));
#16435 = ( GEOMETRIC_REPRESENTATION_CONTEXT(2) 
PARAMETRIC_REPRESENTATION_CONTEXT() REPRESENTATION_CONTEXT('2D SPACE',''
  ) );
#16436 = ADVANCED_FACE('',(#16437),#16196,.F.);
#16437 = FACE_BOUND('',#16438,.F.);
#16438 = EDGE_LOOP('',(#16439,#16440,#16461,#16462));
#16439 = ORIENTED_EDGE('',*,*,#16393,.T.);
#16440 = ORIENTED_EDGE('',*,*,#16441,.T.);
#16441 = EDGE_CURVE('',#16371,#16176,#16442,.T.);
#16442 = SURFACE_CURVE('',#16443,(#16447,#16454),.PCURVE_S1.);
#16443 = LINE('',#16444,#16445);
#16444 = CARTESIAN_POINT('',(2.1,1.125,0.2));
#16445 = VECTOR('',#16446,1.);
#16446 = DIRECTION('',(0.,-1.,0.));
#16447 = PCURVE('',#16196,#16448);
#16448 = DEFINITIONAL_REPRESENTATION('',(#16449),#16453);
#16449 = LINE('',#16450,#16451);
#16450 = CARTESIAN_POINT('',(0.,-0.2));
#16451 = VECTOR('',#16452,1.);
#16452 = DIRECTION('',(1.,0.));
#16453 = ( GEOMETRIC_REPRESENTATION_CONTEXT(2) 
PARAMETRIC_REPRESENTATION_CONTEXT() REPRESENTATION_CONTEXT('2D SPACE',''
  ) );
#16454 = PCURVE('',#16224,#16455);
#16455 = DEFINITIONAL_REPRESENTATION('',(#16456),#16460);
#16456 = LINE('',#16457,#16458);
#16457 = CARTESIAN_POINT('',(-0.2,0.125));
#16458 = VECTOR('',#16459,1.);
#16459 = DIRECTION('',(0.,-1.));
#16460 = ( GEOMETRIC_REPRESENTATION_CONTEXT(2) 
PARAMETRIC_REPRESENTATION_CONTEXT() REPRESENTATION_CONTEXT('2D SPACE',''
  ) );
#16461 = ORIENTED_EDGE('',*,*,#16173,.F.);
#16462 = ORIENTED_EDGE('',*,*,#16463,.F.);
#16463 = EDGE_CURVE('',#16394,#16174,#16464,.T.);
#16464 = SURFACE_CURVE('',#16465,(#16469,#16476),.PCURVE_S1.);
#16465 = LINE('',#16466,#16467);
#16466 = CARTESIAN_POINT('',(2.1,1.125,0.));
#16467 = VECTOR('',#16468,1.);
#16468 = DIRECTION('',(0.,-1.,0.));
#16469 = PCURVE('',#16196,#16470);
#16470 = DEFINITIONAL_REPRESENTATION('',(#16471),#16475);
#16471 = LINE('',#16472,#16473);
#16472 = CARTESIAN_POINT('',(0.,0.));
#16473 = VECTOR('',#16474,1.);
#16474 = DIRECTION('',(1.,0.));
#16475 = ( GEOMETRIC_REPRESENTATION_CONTEXT(2) 
PARAMETRIC_REPRESENTATION_CONTEXT() REPRESENTATION_CONTEXT('2D SPACE',''
  ) );
#16476 = PCURVE('',#16278,#16477);
#16477 = DEFINITIONAL_REPRESENTATION('',(#16478),#16482);
#16478 = LINE('',#16479,#16480);
#16479 = CARTESIAN_POINT('',(-0.2,0.125));
#16480 = VECTOR('',#16481,1.);
#16481 = DIRECTION('',(0.,-1.));
#16482 = ( GEOMETRIC_REPRESENTATION_CONTEXT(2) 
PARAMETRIC_REPRESENTATION_CONTEXT() REPRESENTATION_CONTEXT('2D SPACE',''
  ) );
#16483 = ADVANCED_FACE('',(#16484),#16278,.F.);
#16484 = FACE_BOUND('',#16485,.F.);
#16485 = EDGE_LOOP('',(#16486,#16487,#16488,#16489));
#16486 = ORIENTED_EDGE('',*,*,#16264,.T.);
#16487 = ORIENTED_EDGE('',*,*,#16345,.T.);
#16488 = ORIENTED_EDGE('',*,*,#16416,.T.);
#16489 = ORIENTED_EDGE('',*,*,#16463,.T.);
#16490 = ADVANCED_FACE('',(#16491),#16224,.T.);
#16491 = FACE_BOUND('',#16492,.T.);
#16492 = EDGE_LOOP('',(#16493,#16494,#16495,#16496));
#16493 = ORIENTED_EDGE('',*,*,#16208,.T.);
#16494 = ORIENTED_EDGE('',*,*,#16294,.T.);
#16495 = ORIENTED_EDGE('',*,*,#16370,.T.);
#16496 = ORIENTED_EDGE('',*,*,#16441,.T.);
#16497 = ( GEOMETRIC_REPRESENTATION_CONTEXT(3) 
GLOBAL_UNCERTAINTY_ASSIGNED_CONTEXT((#16501)) 
GLOBAL_UNIT_ASSIGNED_CONTEXT((#16498,#16499,#16500)) 
REPRESENTATION_CONTEXT('Context #1',
  '3D Context with UNIT and UNCERTAINTY') );
#16498 = ( LENGTH_UNIT() NAMED_UNIT(*) SI_UNIT(.MILLI.,.METRE.) );
#16499 = ( NAMED_UNIT(*) PLANE_ANGLE_UNIT() SI_UNIT($,.RADIAN.) );
#16500 = ( NAMED_UNIT(*) SI_UNIT($,.STERADIAN.) SOLID_ANGLE_UNIT() );
#16501 = UNCERTAINTY_MEASURE_WITH_UNIT(LENGTH_MEASURE(1.E-07),#16498,
  'distance_accuracy_value','confusion accuracy');
#16502 = CONTEXT_DEPENDENT_SHAPE_REPRESENTATION(#16503,#16505);
#16503 = ( REPRESENTATION_RELATIONSHIP('','',#16166,#10) 
REPRESENTATION_RELATIONSHIP_WITH_TRANSFORMATION(#16504) 
SHAPE_REPRESENTATION_RELATIONSHIP() );
#16504 = ITEM_DEFINED_TRANSFORMATION('','',#11,#103);
#16505 = PRODUCT_DEFINITION_SHAPE('Placement','Placement of an item',
  #16506);
#16506 = NEXT_ASSEMBLY_USAGE_OCCURRENCE('23','terminal20','',#5,#16161,$
  );
#16507 = PRODUCT_RELATED_PRODUCT_CATEGORY('part',$,(#16163));
#16508 = SHAPE_DEFINITION_REPRESENTATION(#16509,#16515);
#16509 = PRODUCT_DEFINITION_SHAPE('','',#16510);
#16510 = PRODUCT_DEFINITION('design','',#16511,#16514);
#16511 = PRODUCT_DEFINITION_FORMATION('','',#16512);
#16512 = PRODUCT('terminal21','terminal21','',(#16513));
#16513 = PRODUCT_CONTEXT('',#2,'mechanical');
#16514 = PRODUCT_DEFINITION_CONTEXT('part definition',#2,'design');
#16515 = ADVANCED_BREP_SHAPE_REPRESENTATION('',(#11,#16516),#16846);
#16516 = MANIFOLD_SOLID_BREP('',#16517);
#16517 = CLOSED_SHELL('',(#16518,#16638,#16714,#16785,#16832,#16839));
#16518 = ADVANCED_FACE('',(#16519),#16533,.F.);
#16519 = FACE_BOUND('',#16520,.F.);
#16520 = EDGE_LOOP('',(#16521,#16556,#16584,#16612));
#16521 = ORIENTED_EDGE('',*,*,#16522,.T.);
#16522 = EDGE_CURVE('',#16523,#16525,#16527,.T.);
#16523 = VERTEX_POINT('',#16524);
#16524 = CARTESIAN_POINT('',(2.1,1.375,0.));
#16525 = VERTEX_POINT('',#16526);
#16526 = CARTESIAN_POINT('',(2.1,1.375,0.2));
#16527 = SURFACE_CURVE('',#16528,(#16532,#16544),.PCURVE_S1.);
#16528 = LINE('',#16529,#16530);
#16529 = CARTESIAN_POINT('',(2.1,1.375,0.));
#16530 = VECTOR('',#16531,1.);
#16531 = DIRECTION('',(0.,0.,1.));
#16532 = PCURVE('',#16533,#16538);
#16533 = PLANE('',#16534);
#16534 = AXIS2_PLACEMENT_3D('',#16535,#16536,#16537);
#16535 = CARTESIAN_POINT('',(2.1,1.375,0.));
#16536 = DIRECTION('',(0.,1.,0.));
#16537 = DIRECTION('',(1.,0.,0.));
#16538 = DEFINITIONAL_REPRESENTATION('',(#16539),#16543);
#16539 = LINE('',#16540,#16541);
#16540 = CARTESIAN_POINT('',(0.,0.));
#16541 = VECTOR('',#16542,1.);
#16542 = DIRECTION('',(0.,-1.));
#16543 = ( GEOMETRIC_REPRESENTATION_CONTEXT(2) 
PARAMETRIC_REPRESENTATION_CONTEXT() REPRESENTATION_CONTEXT('2D SPACE',''
  ) );
#16544 = PCURVE('',#16545,#16550);
#16545 = PLANE('',#16546);
#16546 = AXIS2_PLACEMENT_3D('',#16547,#16548,#16549);
#16547 = CARTESIAN_POINT('',(2.1,1.625,0.));
#16548 = DIRECTION('',(1.,0.,-0.));
#16549 = DIRECTION('',(0.,-1.,0.));
#16550 = DEFINITIONAL_REPRESENTATION('',(#16551),#16555);
#16551 = LINE('',#16552,#16553);
#16552 = CARTESIAN_POINT('',(0.25,0.));
#16553 = VECTOR('',#16554,1.);
#16554 = DIRECTION('',(0.,-1.));
#16555 = ( GEOMETRIC_REPRESENTATION_CONTEXT(2) 
PARAMETRIC_REPRESENTATION_CONTEXT() REPRESENTATION_CONTEXT('2D SPACE',''
  ) );
#16556 = ORIENTED_EDGE('',*,*,#16557,.T.);
#16557 = EDGE_CURVE('',#16525,#16558,#16560,.T.);
#16558 = VERTEX_POINT('',#16559);
#16559 = CARTESIAN_POINT('',(2.5,1.375,0.2));
#16560 = SURFACE_CURVE('',#16561,(#16565,#16572),.PCURVE_S1.);
#16561 = LINE('',#16562,#16563);
#16562 = CARTESIAN_POINT('',(2.1,1.375,0.2));
#16563 = VECTOR('',#16564,1.);
#16564 = DIRECTION('',(1.,0.,0.));
#16565 = PCURVE('',#16533,#16566);
#16566 = DEFINITIONAL_REPRESENTATION('',(#16567),#16571);
#16567 = LINE('',#16568,#16569);
#16568 = CARTESIAN_POINT('',(0.,-0.2));
#16569 = VECTOR('',#16570,1.);
#16570 = DIRECTION('',(1.,0.));
#16571 = ( GEOMETRIC_REPRESENTATION_CONTEXT(2) 
PARAMETRIC_REPRESENTATION_CONTEXT() REPRESENTATION_CONTEXT('2D SPACE',''
  ) );
#16572 = PCURVE('',#16573,#16578);
#16573 = PLANE('',#16574);
#16574 = AXIS2_PLACEMENT_3D('',#16575,#16576,#16577);
#16575 = CARTESIAN_POINT('',(2.3,1.5,0.2));
#16576 = DIRECTION('',(0.,0.,1.));
#16577 = DIRECTION('',(1.,0.,-0.));
#16578 = DEFINITIONAL_REPRESENTATION('',(#16579),#16583);
#16579 = LINE('',#16580,#16581);
#16580 = CARTESIAN_POINT('',(-0.2,-0.125));
#16581 = VECTOR('',#16582,1.);
#16582 = DIRECTION('',(1.,0.));
#16583 = ( GEOMETRIC_REPRESENTATION_CONTEXT(2) 
PARAMETRIC_REPRESENTATION_CONTEXT() REPRESENTATION_CONTEXT('2D SPACE',''
  ) );
#16584 = ORIENTED_EDGE('',*,*,#16585,.F.);
#16585 = EDGE_CURVE('',#16586,#16558,#16588,.T.);
#16586 = VERTEX_POINT('',#16587);
#16587 = CARTESIAN_POINT('',(2.5,1.375,0.));
#16588 = SURFACE_CURVE('',#16589,(#16593,#16600),.PCURVE_S1.);
#16589 = LINE('',#16590,#16591);
#16590 = CARTESIAN_POINT('',(2.5,1.375,0.));
#16591 = VECTOR('',#16592,1.);
#16592 = DIRECTION('',(0.,0.,1.));
#16593 = PCURVE('',#16533,#16594);
#16594 = DEFINITIONAL_REPRESENTATION('',(#16595),#16599);
#16595 = LINE('',#16596,#16597);
#16596 = CARTESIAN_POINT('',(0.4,0.));
#16597 = VECTOR('',#16598,1.);
#16598 = DIRECTION('',(0.,-1.));
#16599 = ( GEOMETRIC_REPRESENTATION_CONTEXT(2) 
PARAMETRIC_REPRESENTATION_CONTEXT() REPRESENTATION_CONTEXT('2D SPACE',''
  ) );
#16600 = PCURVE('',#16601,#16606);
#16601 = PLANE('',#16602);
#16602 = AXIS2_PLACEMENT_3D('',#16603,#16604,#16605);
#16603 = CARTESIAN_POINT('',(2.5,1.375,0.));
#16604 = DIRECTION('',(-1.,0.,0.));
#16605 = DIRECTION('',(0.,1.,0.));
#16606 = DEFINITIONAL_REPRESENTATION('',(#16607),#16611);
#16607 = LINE('',#16608,#16609);
#16608 = CARTESIAN_POINT('',(0.,0.));
#16609 = VECTOR('',#16610,1.);
#16610 = DIRECTION('',(0.,-1.));
#16611 = ( GEOMETRIC_REPRESENTATION_CONTEXT(2) 
PARAMETRIC_REPRESENTATION_CONTEXT() REPRESENTATION_CONTEXT('2D SPACE',''
  ) );
#16612 = ORIENTED_EDGE('',*,*,#16613,.F.);
#16613 = EDGE_CURVE('',#16523,#16586,#16614,.T.);
#16614 = SURFACE_CURVE('',#16615,(#16619,#16626),.PCURVE_S1.);
#16615 = LINE('',#16616,#16617);
#16616 = CARTESIAN_POINT('',(2.1,1.375,0.));
#16617 = VECTOR('',#16618,1.);
#16618 = DIRECTION('',(1.,0.,0.));
#16619 = PCURVE('',#16533,#16620);
#16620 = DEFINITIONAL_REPRESENTATION('',(#16621),#16625);
#16621 = LINE('',#16622,#16623);
#16622 = CARTESIAN_POINT('',(0.,0.));
#16623 = VECTOR('',#16624,1.);
#16624 = DIRECTION('',(1.,0.));
#16625 = ( GEOMETRIC_REPRESENTATION_CONTEXT(2) 
PARAMETRIC_REPRESENTATION_CONTEXT() REPRESENTATION_CONTEXT('2D SPACE',''
  ) );
#16626 = PCURVE('',#16627,#16632);
#16627 = PLANE('',#16628);
#16628 = AXIS2_PLACEMENT_3D('',#16629,#16630,#16631);
#16629 = CARTESIAN_POINT('',(2.3,1.5,0.));
#16630 = DIRECTION('',(0.,0.,1.));
#16631 = DIRECTION('',(1.,0.,-0.));
#16632 = DEFINITIONAL_REPRESENTATION('',(#16633),#16637);
#16633 = LINE('',#16634,#16635);
#16634 = CARTESIAN_POINT('',(-0.2,-0.125));
#16635 = VECTOR('',#16636,1.);
#16636 = DIRECTION('',(1.,0.));
#16637 = ( GEOMETRIC_REPRESENTATION_CONTEXT(2) 
PARAMETRIC_REPRESENTATION_CONTEXT() REPRESENTATION_CONTEXT('2D SPACE',''
  ) );
#16638 = ADVANCED_FACE('',(#16639),#16601,.F.);
#16639 = FACE_BOUND('',#16640,.F.);
#16640 = EDGE_LOOP('',(#16641,#16642,#16665,#16693));
#16641 = ORIENTED_EDGE('',*,*,#16585,.T.);
#16642 = ORIENTED_EDGE('',*,*,#16643,.T.);
#16643 = EDGE_CURVE('',#16558,#16644,#16646,.T.);
#16644 = VERTEX_POINT('',#16645);
#16645 = CARTESIAN_POINT('',(2.5,1.625,0.2));
#16646 = SURFACE_CURVE('',#16647,(#16651,#16658),.PCURVE_S1.);
#16647 = LINE('',#16648,#16649);
#16648 = CARTESIAN_POINT('',(2.5,1.375,0.2));
#16649 = VECTOR('',#16650,1.);
#16650 = DIRECTION('',(0.,1.,0.));
#16651 = PCURVE('',#16601,#16652);
#16652 = DEFINITIONAL_REPRESENTATION('',(#16653),#16657);
#16653 = LINE('',#16654,#16655);
#16654 = CARTESIAN_POINT('',(0.,-0.2));
#16655 = VECTOR('',#16656,1.);
#16656 = DIRECTION('',(1.,0.));
#16657 = ( GEOMETRIC_REPRESENTATION_CONTEXT(2) 
PARAMETRIC_REPRESENTATION_CONTEXT() REPRESENTATION_CONTEXT('2D SPACE',''
  ) );
#16658 = PCURVE('',#16573,#16659);
#16659 = DEFINITIONAL_REPRESENTATION('',(#16660),#16664);
#16660 = LINE('',#16661,#16662);
#16661 = CARTESIAN_POINT('',(0.2,-0.125));
#16662 = VECTOR('',#16663,1.);
#16663 = DIRECTION('',(0.,1.));
#16664 = ( GEOMETRIC_REPRESENTATION_CONTEXT(2) 
PARAMETRIC_REPRESENTATION_CONTEXT() REPRESENTATION_CONTEXT('2D SPACE',''
  ) );
#16665 = ORIENTED_EDGE('',*,*,#16666,.F.);
#16666 = EDGE_CURVE('',#16667,#16644,#16669,.T.);
#16667 = VERTEX_POINT('',#16668);
#16668 = CARTESIAN_POINT('',(2.5,1.625,0.));
#16669 = SURFACE_CURVE('',#16670,(#16674,#16681),.PCURVE_S1.);
#16670 = LINE('',#16671,#16672);
#16671 = CARTESIAN_POINT('',(2.5,1.625,0.));
#16672 = VECTOR('',#16673,1.);
#16673 = DIRECTION('',(0.,0.,1.));
#16674 = PCURVE('',#16601,#16675);
#16675 = DEFINITIONAL_REPRESENTATION('',(#16676),#16680);
#16676 = LINE('',#16677,#16678);
#16677 = CARTESIAN_POINT('',(0.25,0.));
#16678 = VECTOR('',#16679,1.);
#16679 = DIRECTION('',(0.,-1.));
#16680 = ( GEOMETRIC_REPRESENTATION_CONTEXT(2) 
PARAMETRIC_REPRESENTATION_CONTEXT() REPRESENTATION_CONTEXT('2D SPACE',''
  ) );
#16681 = PCURVE('',#16682,#16687);
#16682 = PLANE('',#16683);
#16683 = AXIS2_PLACEMENT_3D('',#16684,#16685,#16686);
#16684 = CARTESIAN_POINT('',(2.5,1.625,0.));
#16685 = DIRECTION('',(0.,-1.,0.));
#16686 = DIRECTION('',(-1.,0.,0.));
#16687 = DEFINITIONAL_REPRESENTATION('',(#16688),#16692);
#16688 = LINE('',#16689,#16690);
#16689 = CARTESIAN_POINT('',(0.,-0.));
#16690 = VECTOR('',#16691,1.);
#16691 = DIRECTION('',(0.,-1.));
#16692 = ( GEOMETRIC_REPRESENTATION_CONTEXT(2) 
PARAMETRIC_REPRESENTATION_CONTEXT() REPRESENTATION_CONTEXT('2D SPACE',''
  ) );
#16693 = ORIENTED_EDGE('',*,*,#16694,.F.);
#16694 = EDGE_CURVE('',#16586,#16667,#16695,.T.);
#16695 = SURFACE_CURVE('',#16696,(#16700,#16707),.PCURVE_S1.);
#16696 = LINE('',#16697,#16698);
#16697 = CARTESIAN_POINT('',(2.5,1.375,0.));
#16698 = VECTOR('',#16699,1.);
#16699 = DIRECTION('',(0.,1.,0.));
#16700 = PCURVE('',#16601,#16701);
#16701 = DEFINITIONAL_REPRESENTATION('',(#16702),#16706);
#16702 = LINE('',#16703,#16704);
#16703 = CARTESIAN_POINT('',(0.,0.));
#16704 = VECTOR('',#16705,1.);
#16705 = DIRECTION('',(1.,0.));
#16706 = ( GEOMETRIC_REPRESENTATION_CONTEXT(2) 
PARAMETRIC_REPRESENTATION_CONTEXT() REPRESENTATION_CONTEXT('2D SPACE',''
  ) );
#16707 = PCURVE('',#16627,#16708);
#16708 = DEFINITIONAL_REPRESENTATION('',(#16709),#16713);
#16709 = LINE('',#16710,#16711);
#16710 = CARTESIAN_POINT('',(0.2,-0.125));
#16711 = VECTOR('',#16712,1.);
#16712 = DIRECTION('',(0.,1.));
#16713 = ( GEOMETRIC_REPRESENTATION_CONTEXT(2) 
PARAMETRIC_REPRESENTATION_CONTEXT() REPRESENTATION_CONTEXT('2D SPACE',''
  ) );
#16714 = ADVANCED_FACE('',(#16715),#16682,.F.);
#16715 = FACE_BOUND('',#16716,.F.);
#16716 = EDGE_LOOP('',(#16717,#16718,#16741,#16764));
#16717 = ORIENTED_EDGE('',*,*,#16666,.T.);
#16718 = ORIENTED_EDGE('',*,*,#16719,.T.);
#16719 = EDGE_CURVE('',#16644,#16720,#16722,.T.);
#16720 = VERTEX_POINT('',#16721);
#16721 = CARTESIAN_POINT('',(2.1,1.625,0.2));
#16722 = SURFACE_CURVE('',#16723,(#16727,#16734),.PCURVE_S1.);
#16723 = LINE('',#16724,#16725);
#16724 = CARTESIAN_POINT('',(2.5,1.625,0.2));
#16725 = VECTOR('',#16726,1.);
#16726 = DIRECTION('',(-1.,0.,0.));
#16727 = PCURVE('',#16682,#16728);
#16728 = DEFINITIONAL_REPRESENTATION('',(#16729),#16733);
#16729 = LINE('',#16730,#16731);
#16730 = CARTESIAN_POINT('',(0.,-0.2));
#16731 = VECTOR('',#16732,1.);
#16732 = DIRECTION('',(1.,0.));
#16733 = ( GEOMETRIC_REPRESENTATION_CONTEXT(2) 
PARAMETRIC_REPRESENTATION_CONTEXT() REPRESENTATION_CONTEXT('2D SPACE',''
  ) );
#16734 = PCURVE('',#16573,#16735);
#16735 = DEFINITIONAL_REPRESENTATION('',(#16736),#16740);
#16736 = LINE('',#16737,#16738);
#16737 = CARTESIAN_POINT('',(0.2,0.125));
#16738 = VECTOR('',#16739,1.);
#16739 = DIRECTION('',(-1.,0.));
#16740 = ( GEOMETRIC_REPRESENTATION_CONTEXT(2) 
PARAMETRIC_REPRESENTATION_CONTEXT() REPRESENTATION_CONTEXT('2D SPACE',''
  ) );
#16741 = ORIENTED_EDGE('',*,*,#16742,.F.);
#16742 = EDGE_CURVE('',#16743,#16720,#16745,.T.);
#16743 = VERTEX_POINT('',#16744);
#16744 = CARTESIAN_POINT('',(2.1,1.625,0.));
#16745 = SURFACE_CURVE('',#16746,(#16750,#16757),.PCURVE_S1.);
#16746 = LINE('',#16747,#16748);
#16747 = CARTESIAN_POINT('',(2.1,1.625,0.));
#16748 = VECTOR('',#16749,1.);
#16749 = DIRECTION('',(0.,0.,1.));
#16750 = PCURVE('',#16682,#16751);
#16751 = DEFINITIONAL_REPRESENTATION('',(#16752),#16756);
#16752 = LINE('',#16753,#16754);
#16753 = CARTESIAN_POINT('',(0.4,0.));
#16754 = VECTOR('',#16755,1.);
#16755 = DIRECTION('',(0.,-1.));
#16756 = ( GEOMETRIC_REPRESENTATION_CONTEXT(2) 
PARAMETRIC_REPRESENTATION_CONTEXT() REPRESENTATION_CONTEXT('2D SPACE',''
  ) );
#16757 = PCURVE('',#16545,#16758);
#16758 = DEFINITIONAL_REPRESENTATION('',(#16759),#16763);
#16759 = LINE('',#16760,#16761);
#16760 = CARTESIAN_POINT('',(0.,0.));
#16761 = VECTOR('',#16762,1.);
#16762 = DIRECTION('',(0.,-1.));
#16763 = ( GEOMETRIC_REPRESENTATION_CONTEXT(2) 
PARAMETRIC_REPRESENTATION_CONTEXT() REPRESENTATION_CONTEXT('2D SPACE',''
  ) );
#16764 = ORIENTED_EDGE('',*,*,#16765,.F.);
#16765 = EDGE_CURVE('',#16667,#16743,#16766,.T.);
#16766 = SURFACE_CURVE('',#16767,(#16771,#16778),.PCURVE_S1.);
#16767 = LINE('',#16768,#16769);
#16768 = CARTESIAN_POINT('',(2.5,1.625,0.));
#16769 = VECTOR('',#16770,1.);
#16770 = DIRECTION('',(-1.,0.,0.));
#16771 = PCURVE('',#16682,#16772);
#16772 = DEFINITIONAL_REPRESENTATION('',(#16773),#16777);
#16773 = LINE('',#16774,#16775);
#16774 = CARTESIAN_POINT('',(0.,-0.));
#16775 = VECTOR('',#16776,1.);
#16776 = DIRECTION('',(1.,0.));
#16777 = ( GEOMETRIC_REPRESENTATION_CONTEXT(2) 
PARAMETRIC_REPRESENTATION_CONTEXT() REPRESENTATION_CONTEXT('2D SPACE',''
  ) );
#16778 = PCURVE('',#16627,#16779);
#16779 = DEFINITIONAL_REPRESENTATION('',(#16780),#16784);
#16780 = LINE('',#16781,#16782);
#16781 = CARTESIAN_POINT('',(0.2,0.125));
#16782 = VECTOR('',#16783,1.);
#16783 = DIRECTION('',(-1.,0.));
#16784 = ( GEOMETRIC_REPRESENTATION_CONTEXT(2) 
PARAMETRIC_REPRESENTATION_CONTEXT() REPRESENTATION_CONTEXT('2D SPACE',''
  ) );
#16785 = ADVANCED_FACE('',(#16786),#16545,.F.);
#16786 = FACE_BOUND('',#16787,.F.);
#16787 = EDGE_LOOP('',(#16788,#16789,#16810,#16811));
#16788 = ORIENTED_EDGE('',*,*,#16742,.T.);
#16789 = ORIENTED_EDGE('',*,*,#16790,.T.);
#16790 = EDGE_CURVE('',#16720,#16525,#16791,.T.);
#16791 = SURFACE_CURVE('',#16792,(#16796,#16803),.PCURVE_S1.);
#16792 = LINE('',#16793,#16794);
#16793 = CARTESIAN_POINT('',(2.1,1.625,0.2));
#16794 = VECTOR('',#16795,1.);
#16795 = DIRECTION('',(0.,-1.,0.));
#16796 = PCURVE('',#16545,#16797);
#16797 = DEFINITIONAL_REPRESENTATION('',(#16798),#16802);
#16798 = LINE('',#16799,#16800);
#16799 = CARTESIAN_POINT('',(0.,-0.2));
#16800 = VECTOR('',#16801,1.);
#16801 = DIRECTION('',(1.,0.));
#16802 = ( GEOMETRIC_REPRESENTATION_CONTEXT(2) 
PARAMETRIC_REPRESENTATION_CONTEXT() REPRESENTATION_CONTEXT('2D SPACE',''
  ) );
#16803 = PCURVE('',#16573,#16804);
#16804 = DEFINITIONAL_REPRESENTATION('',(#16805),#16809);
#16805 = LINE('',#16806,#16807);
#16806 = CARTESIAN_POINT('',(-0.2,0.125));
#16807 = VECTOR('',#16808,1.);
#16808 = DIRECTION('',(0.,-1.));
#16809 = ( GEOMETRIC_REPRESENTATION_CONTEXT(2) 
PARAMETRIC_REPRESENTATION_CONTEXT() REPRESENTATION_CONTEXT('2D SPACE',''
  ) );
#16810 = ORIENTED_EDGE('',*,*,#16522,.F.);
#16811 = ORIENTED_EDGE('',*,*,#16812,.F.);
#16812 = EDGE_CURVE('',#16743,#16523,#16813,.T.);
#16813 = SURFACE_CURVE('',#16814,(#16818,#16825),.PCURVE_S1.);
#16814 = LINE('',#16815,#16816);
#16815 = CARTESIAN_POINT('',(2.1,1.625,0.));
#16816 = VECTOR('',#16817,1.);
#16817 = DIRECTION('',(0.,-1.,0.));
#16818 = PCURVE('',#16545,#16819);
#16819 = DEFINITIONAL_REPRESENTATION('',(#16820),#16824);
#16820 = LINE('',#16821,#16822);
#16821 = CARTESIAN_POINT('',(0.,0.));
#16822 = VECTOR('',#16823,1.);
#16823 = DIRECTION('',(1.,0.));
#16824 = ( GEOMETRIC_REPRESENTATION_CONTEXT(2) 
PARAMETRIC_REPRESENTATION_CONTEXT() REPRESENTATION_CONTEXT('2D SPACE',''
  ) );
#16825 = PCURVE('',#16627,#16826);
#16826 = DEFINITIONAL_REPRESENTATION('',(#16827),#16831);
#16827 = LINE('',#16828,#16829);
#16828 = CARTESIAN_POINT('',(-0.2,0.125));
#16829 = VECTOR('',#16830,1.);
#16830 = DIRECTION('',(0.,-1.));
#16831 = ( GEOMETRIC_REPRESENTATION_CONTEXT(2) 
PARAMETRIC_REPRESENTATION_CONTEXT() REPRESENTATION_CONTEXT('2D SPACE',''
  ) );
#16832 = ADVANCED_FACE('',(#16833),#16627,.F.);
#16833 = FACE_BOUND('',#16834,.F.);
#16834 = EDGE_LOOP('',(#16835,#16836,#16837,#16838));
#16835 = ORIENTED_EDGE('',*,*,#16613,.T.);
#16836 = ORIENTED_EDGE('',*,*,#16694,.T.);
#16837 = ORIENTED_EDGE('',*,*,#16765,.T.);
#16838 = ORIENTED_EDGE('',*,*,#16812,.T.);
#16839 = ADVANCED_FACE('',(#16840),#16573,.T.);
#16840 = FACE_BOUND('',#16841,.T.);
#16841 = EDGE_LOOP('',(#16842,#16843,#16844,#16845));
#16842 = ORIENTED_EDGE('',*,*,#16557,.T.);
#16843 = ORIENTED_EDGE('',*,*,#16643,.T.);
#16844 = ORIENTED_EDGE('',*,*,#16719,.T.);
#16845 = ORIENTED_EDGE('',*,*,#16790,.T.);
#16846 = ( GEOMETRIC_REPRESENTATION_CONTEXT(3) 
GLOBAL_UNCERTAINTY_ASSIGNED_CONTEXT((#16850)) 
GLOBAL_UNIT_ASSIGNED_CONTEXT((#16847,#16848,#16849)) 
REPRESENTATION_CONTEXT('Context #1',
  '3D Context with UNIT and UNCERTAINTY') );
#16847 = ( LENGTH_UNIT() NAMED_UNIT(*) SI_UNIT(.MILLI.,.METRE.) );
#16848 = ( NAMED_UNIT(*) PLANE_ANGLE_UNIT() SI_UNIT($,.RADIAN.) );
#16849 = ( NAMED_UNIT(*) SI_UNIT($,.STERADIAN.) SOLID_ANGLE_UNIT() );
#16850 = UNCERTAINTY_MEASURE_WITH_UNIT(LENGTH_MEASURE(1.E-07),#16847,
  'distance_accuracy_value','confusion accuracy');
#16851 = CONTEXT_DEPENDENT_SHAPE_REPRESENTATION(#16852,#16854);
#16852 = ( REPRESENTATION_RELATIONSHIP('','',#16515,#10) 
REPRESENTATION_RELATIONSHIP_WITH_TRANSFORMATION(#16853) 
SHAPE_REPRESENTATION_RELATIONSHIP() );
#16853 = ITEM_DEFINED_TRANSFORMATION('','',#11,#107);
#16854 = PRODUCT_DEFINITION_SHAPE('Placement','Placement of an item',
  #16855);
#16855 = NEXT_ASSEMBLY_USAGE_OCCURRENCE('24','terminal21','',#5,#16510,$
  );
#16856 = PRODUCT_RELATED_PRODUCT_CATEGORY('part',$,(#16512));
#16857 = SHAPE_DEFINITION_REPRESENTATION(#16858,#16864);
#16858 = PRODUCT_DEFINITION_SHAPE('','',#16859);
#16859 = PRODUCT_DEFINITION('design','',#16860,#16863);
#16860 = PRODUCT_DEFINITION_FORMATION('','',#16861);
#16861 = PRODUCT('terminal22','terminal22','',(#16862));
#16862 = PRODUCT_CONTEXT('',#2,'mechanical');
#16863 = PRODUCT_DEFINITION_CONTEXT('part definition',#2,'design');
#16864 = ADVANCED_BREP_SHAPE_REPRESENTATION('',(#11,#16865),#17195);
#16865 = MANIFOLD_SOLID_BREP('',#16866);
#16866 = CLOSED_SHELL('',(#16867,#16987,#17063,#17134,#17181,#17188));
#16867 = ADVANCED_FACE('',(#16868),#16882,.F.);
#16868 = FACE_BOUND('',#16869,.F.);
#16869 = EDGE_LOOP('',(#16870,#16905,#16933,#16961));
#16870 = ORIENTED_EDGE('',*,*,#16871,.T.);
#16871 = EDGE_CURVE('',#16872,#16874,#16876,.T.);
#16872 = VERTEX_POINT('',#16873);
#16873 = CARTESIAN_POINT('',(1.375,2.1,0.));
#16874 = VERTEX_POINT('',#16875);
#16875 = CARTESIAN_POINT('',(1.375,2.1,0.2));
#16876 = SURFACE_CURVE('',#16877,(#16881,#16893),.PCURVE_S1.);
#16877 = LINE('',#16878,#16879);
#16878 = CARTESIAN_POINT('',(1.375,2.1,0.));
#16879 = VECTOR('',#16880,1.);
#16880 = DIRECTION('',(0.,0.,1.));
#16881 = PCURVE('',#16882,#16887);
#16882 = PLANE('',#16883);
#16883 = AXIS2_PLACEMENT_3D('',#16884,#16885,#16886);
#16884 = CARTESIAN_POINT('',(1.375,2.1,0.));
#16885 = DIRECTION('',(0.,1.,0.));
#16886 = DIRECTION('',(1.,0.,0.));
#16887 = DEFINITIONAL_REPRESENTATION('',(#16888),#16892);
#16888 = LINE('',#16889,#16890);
#16889 = CARTESIAN_POINT('',(0.,0.));
#16890 = VECTOR('',#16891,1.);
#16891 = DIRECTION('',(0.,-1.));
#16892 = ( GEOMETRIC_REPRESENTATION_CONTEXT(2) 
PARAMETRIC_REPRESENTATION_CONTEXT() REPRESENTATION_CONTEXT('2D SPACE',''
  ) );
#16893 = PCURVE('',#16894,#16899);
#16894 = PLANE('',#16895);
#16895 = AXIS2_PLACEMENT_3D('',#16896,#16897,#16898);
#16896 = CARTESIAN_POINT('',(1.375,2.5,0.));
#16897 = DIRECTION('',(1.,0.,-0.));
#16898 = DIRECTION('',(0.,-1.,0.));
#16899 = DEFINITIONAL_REPRESENTATION('',(#16900),#16904);
#16900 = LINE('',#16901,#16902);
#16901 = CARTESIAN_POINT('',(0.4,0.));
#16902 = VECTOR('',#16903,1.);
#16903 = DIRECTION('',(0.,-1.));
#16904 = ( GEOMETRIC_REPRESENTATION_CONTEXT(2) 
PARAMETRIC_REPRESENTATION_CONTEXT() REPRESENTATION_CONTEXT('2D SPACE',''
  ) );
#16905 = ORIENTED_EDGE('',*,*,#16906,.T.);
#16906 = EDGE_CURVE('',#16874,#16907,#16909,.T.);
#16907 = VERTEX_POINT('',#16908);
#16908 = CARTESIAN_POINT('',(1.625,2.1,0.2));
#16909 = SURFACE_CURVE('',#16910,(#16914,#16921),.PCURVE_S1.);
#16910 = LINE('',#16911,#16912);
#16911 = CARTESIAN_POINT('',(1.375,2.1,0.2));
#16912 = VECTOR('',#16913,1.);
#16913 = DIRECTION('',(1.,0.,0.));
#16914 = PCURVE('',#16882,#16915);
#16915 = DEFINITIONAL_REPRESENTATION('',(#16916),#16920);
#16916 = LINE('',#16917,#16918);
#16917 = CARTESIAN_POINT('',(0.,-0.2));
#16918 = VECTOR('',#16919,1.);
#16919 = DIRECTION('',(1.,0.));
#16920 = ( GEOMETRIC_REPRESENTATION_CONTEXT(2) 
PARAMETRIC_REPRESENTATION_CONTEXT() REPRESENTATION_CONTEXT('2D SPACE',''
  ) );
#16921 = PCURVE('',#16922,#16927);
#16922 = PLANE('',#16923);
#16923 = AXIS2_PLACEMENT_3D('',#16924,#16925,#16926);
#16924 = CARTESIAN_POINT('',(1.5,2.3,0.2));
#16925 = DIRECTION('',(0.,0.,1.));
#16926 = DIRECTION('',(1.,0.,-0.));
#16927 = DEFINITIONAL_REPRESENTATION('',(#16928),#16932);
#16928 = LINE('',#16929,#16930);
#16929 = CARTESIAN_POINT('',(-0.125,-0.2));
#16930 = VECTOR('',#16931,1.);
#16931 = DIRECTION('',(1.,0.));
#16932 = ( GEOMETRIC_REPRESENTATION_CONTEXT(2) 
PARAMETRIC_REPRESENTATION_CONTEXT() REPRESENTATION_CONTEXT('2D SPACE',''
  ) );
#16933 = ORIENTED_EDGE('',*,*,#16934,.F.);
#16934 = EDGE_CURVE('',#16935,#16907,#16937,.T.);
#16935 = VERTEX_POINT('',#16936);
#16936 = CARTESIAN_POINT('',(1.625,2.1,0.));
#16937 = SURFACE_CURVE('',#16938,(#16942,#16949),.PCURVE_S1.);
#16938 = LINE('',#16939,#16940);
#16939 = CARTESIAN_POINT('',(1.625,2.1,0.));
#16940 = VECTOR('',#16941,1.);
#16941 = DIRECTION('',(0.,0.,1.));
#16942 = PCURVE('',#16882,#16943);
#16943 = DEFINITIONAL_REPRESENTATION('',(#16944),#16948);
#16944 = LINE('',#16945,#16946);
#16945 = CARTESIAN_POINT('',(0.25,0.));
#16946 = VECTOR('',#16947,1.);
#16947 = DIRECTION('',(0.,-1.));
#16948 = ( GEOMETRIC_REPRESENTATION_CONTEXT(2) 
PARAMETRIC_REPRESENTATION_CONTEXT() REPRESENTATION_CONTEXT('2D SPACE',''
  ) );
#16949 = PCURVE('',#16950,#16955);
#16950 = PLANE('',#16951);
#16951 = AXIS2_PLACEMENT_3D('',#16952,#16953,#16954);
#16952 = CARTESIAN_POINT('',(1.625,2.1,0.));
#16953 = DIRECTION('',(-1.,0.,0.));
#16954 = DIRECTION('',(0.,1.,0.));
#16955 = DEFINITIONAL_REPRESENTATION('',(#16956),#16960);
#16956 = LINE('',#16957,#16958);
#16957 = CARTESIAN_POINT('',(0.,0.));
#16958 = VECTOR('',#16959,1.);
#16959 = DIRECTION('',(0.,-1.));
#16960 = ( GEOMETRIC_REPRESENTATION_CONTEXT(2) 
PARAMETRIC_REPRESENTATION_CONTEXT() REPRESENTATION_CONTEXT('2D SPACE',''
  ) );
#16961 = ORIENTED_EDGE('',*,*,#16962,.F.);
#16962 = EDGE_CURVE('',#16872,#16935,#16963,.T.);
#16963 = SURFACE_CURVE('',#16964,(#16968,#16975),.PCURVE_S1.);
#16964 = LINE('',#16965,#16966);
#16965 = CARTESIAN_POINT('',(1.375,2.1,0.));
#16966 = VECTOR('',#16967,1.);
#16967 = DIRECTION('',(1.,0.,0.));
#16968 = PCURVE('',#16882,#16969);
#16969 = DEFINITIONAL_REPRESENTATION('',(#16970),#16974);
#16970 = LINE('',#16971,#16972);
#16971 = CARTESIAN_POINT('',(0.,0.));
#16972 = VECTOR('',#16973,1.);
#16973 = DIRECTION('',(1.,0.));
#16974 = ( GEOMETRIC_REPRESENTATION_CONTEXT(2) 
PARAMETRIC_REPRESENTATION_CONTEXT() REPRESENTATION_CONTEXT('2D SPACE',''
  ) );
#16975 = PCURVE('',#16976,#16981);
#16976 = PLANE('',#16977);
#16977 = AXIS2_PLACEMENT_3D('',#16978,#16979,#16980);
#16978 = CARTESIAN_POINT('',(1.5,2.3,0.));
#16979 = DIRECTION('',(0.,0.,1.));
#16980 = DIRECTION('',(1.,0.,-0.));
#16981 = DEFINITIONAL_REPRESENTATION('',(#16982),#16986);
#16982 = LINE('',#16983,#16984);
#16983 = CARTESIAN_POINT('',(-0.125,-0.2));
#16984 = VECTOR('',#16985,1.);
#16985 = DIRECTION('',(1.,0.));
#16986 = ( GEOMETRIC_REPRESENTATION_CONTEXT(2) 
PARAMETRIC_REPRESENTATION_CONTEXT() REPRESENTATION_CONTEXT('2D SPACE',''
  ) );
#16987 = ADVANCED_FACE('',(#16988),#16950,.F.);
#16988 = FACE_BOUND('',#16989,.F.);
#16989 = EDGE_LOOP('',(#16990,#16991,#17014,#17042));
#16990 = ORIENTED_EDGE('',*,*,#16934,.T.);
#16991 = ORIENTED_EDGE('',*,*,#16992,.T.);
#16992 = EDGE_CURVE('',#16907,#16993,#16995,.T.);
#16993 = VERTEX_POINT('',#16994);
#16994 = CARTESIAN_POINT('',(1.625,2.5,0.2));
#16995 = SURFACE_CURVE('',#16996,(#17000,#17007),.PCURVE_S1.);
#16996 = LINE('',#16997,#16998);
#16997 = CARTESIAN_POINT('',(1.625,2.1,0.2));
#16998 = VECTOR('',#16999,1.);
#16999 = DIRECTION('',(0.,1.,0.));
#17000 = PCURVE('',#16950,#17001);
#17001 = DEFINITIONAL_REPRESENTATION('',(#17002),#17006);
#17002 = LINE('',#17003,#17004);
#17003 = CARTESIAN_POINT('',(0.,-0.2));
#17004 = VECTOR('',#17005,1.);
#17005 = DIRECTION('',(1.,0.));
#17006 = ( GEOMETRIC_REPRESENTATION_CONTEXT(2) 
PARAMETRIC_REPRESENTATION_CONTEXT() REPRESENTATION_CONTEXT('2D SPACE',''
  ) );
#17007 = PCURVE('',#16922,#17008);
#17008 = DEFINITIONAL_REPRESENTATION('',(#17009),#17013);
#17009 = LINE('',#17010,#17011);
#17010 = CARTESIAN_POINT('',(0.125,-0.2));
#17011 = VECTOR('',#17012,1.);
#17012 = DIRECTION('',(0.,1.));
#17013 = ( GEOMETRIC_REPRESENTATION_CONTEXT(2) 
PARAMETRIC_REPRESENTATION_CONTEXT() REPRESENTATION_CONTEXT('2D SPACE',''
  ) );
#17014 = ORIENTED_EDGE('',*,*,#17015,.F.);
#17015 = EDGE_CURVE('',#17016,#16993,#17018,.T.);
#17016 = VERTEX_POINT('',#17017);
#17017 = CARTESIAN_POINT('',(1.625,2.5,0.));
#17018 = SURFACE_CURVE('',#17019,(#17023,#17030),.PCURVE_S1.);
#17019 = LINE('',#17020,#17021);
#17020 = CARTESIAN_POINT('',(1.625,2.5,0.));
#17021 = VECTOR('',#17022,1.);
#17022 = DIRECTION('',(0.,0.,1.));
#17023 = PCURVE('',#16950,#17024);
#17024 = DEFINITIONAL_REPRESENTATION('',(#17025),#17029);
#17025 = LINE('',#17026,#17027);
#17026 = CARTESIAN_POINT('',(0.4,0.));
#17027 = VECTOR('',#17028,1.);
#17028 = DIRECTION('',(0.,-1.));
#17029 = ( GEOMETRIC_REPRESENTATION_CONTEXT(2) 
PARAMETRIC_REPRESENTATION_CONTEXT() REPRESENTATION_CONTEXT('2D SPACE',''
  ) );
#17030 = PCURVE('',#17031,#17036);
#17031 = PLANE('',#17032);
#17032 = AXIS2_PLACEMENT_3D('',#17033,#17034,#17035);
#17033 = CARTESIAN_POINT('',(1.625,2.5,0.));
#17034 = DIRECTION('',(0.,-1.,0.));
#17035 = DIRECTION('',(-1.,0.,0.));
#17036 = DEFINITIONAL_REPRESENTATION('',(#17037),#17041);
#17037 = LINE('',#17038,#17039);
#17038 = CARTESIAN_POINT('',(0.,-0.));
#17039 = VECTOR('',#17040,1.);
#17040 = DIRECTION('',(0.,-1.));
#17041 = ( GEOMETRIC_REPRESENTATION_CONTEXT(2) 
PARAMETRIC_REPRESENTATION_CONTEXT() REPRESENTATION_CONTEXT('2D SPACE',''
  ) );
#17042 = ORIENTED_EDGE('',*,*,#17043,.F.);
#17043 = EDGE_CURVE('',#16935,#17016,#17044,.T.);
#17044 = SURFACE_CURVE('',#17045,(#17049,#17056),.PCURVE_S1.);
#17045 = LINE('',#17046,#17047);
#17046 = CARTESIAN_POINT('',(1.625,2.1,0.));
#17047 = VECTOR('',#17048,1.);
#17048 = DIRECTION('',(0.,1.,0.));
#17049 = PCURVE('',#16950,#17050);
#17050 = DEFINITIONAL_REPRESENTATION('',(#17051),#17055);
#17051 = LINE('',#17052,#17053);
#17052 = CARTESIAN_POINT('',(0.,0.));
#17053 = VECTOR('',#17054,1.);
#17054 = DIRECTION('',(1.,0.));
#17055 = ( GEOMETRIC_REPRESENTATION_CONTEXT(2) 
PARAMETRIC_REPRESENTATION_CONTEXT() REPRESENTATION_CONTEXT('2D SPACE',''
  ) );
#17056 = PCURVE('',#16976,#17057);
#17057 = DEFINITIONAL_REPRESENTATION('',(#17058),#17062);
#17058 = LINE('',#17059,#17060);
#17059 = CARTESIAN_POINT('',(0.125,-0.2));
#17060 = VECTOR('',#17061,1.);
#17061 = DIRECTION('',(0.,1.));
#17062 = ( GEOMETRIC_REPRESENTATION_CONTEXT(2) 
PARAMETRIC_REPRESENTATION_CONTEXT() REPRESENTATION_CONTEXT('2D SPACE',''
  ) );
#17063 = ADVANCED_FACE('',(#17064),#17031,.F.);
#17064 = FACE_BOUND('',#17065,.F.);
#17065 = EDGE_LOOP('',(#17066,#17067,#17090,#17113));
#17066 = ORIENTED_EDGE('',*,*,#17015,.T.);
#17067 = ORIENTED_EDGE('',*,*,#17068,.T.);
#17068 = EDGE_CURVE('',#16993,#17069,#17071,.T.);
#17069 = VERTEX_POINT('',#17070);
#17070 = CARTESIAN_POINT('',(1.375,2.5,0.2));
#17071 = SURFACE_CURVE('',#17072,(#17076,#17083),.PCURVE_S1.);
#17072 = LINE('',#17073,#17074);
#17073 = CARTESIAN_POINT('',(1.625,2.5,0.2));
#17074 = VECTOR('',#17075,1.);
#17075 = DIRECTION('',(-1.,0.,0.));
#17076 = PCURVE('',#17031,#17077);
#17077 = DEFINITIONAL_REPRESENTATION('',(#17078),#17082);
#17078 = LINE('',#17079,#17080);
#17079 = CARTESIAN_POINT('',(0.,-0.2));
#17080 = VECTOR('',#17081,1.);
#17081 = DIRECTION('',(1.,0.));
#17082 = ( GEOMETRIC_REPRESENTATION_CONTEXT(2) 
PARAMETRIC_REPRESENTATION_CONTEXT() REPRESENTATION_CONTEXT('2D SPACE',''
  ) );
#17083 = PCURVE('',#16922,#17084);
#17084 = DEFINITIONAL_REPRESENTATION('',(#17085),#17089);
#17085 = LINE('',#17086,#17087);
#17086 = CARTESIAN_POINT('',(0.125,0.2));
#17087 = VECTOR('',#17088,1.);
#17088 = DIRECTION('',(-1.,0.));
#17089 = ( GEOMETRIC_REPRESENTATION_CONTEXT(2) 
PARAMETRIC_REPRESENTATION_CONTEXT() REPRESENTATION_CONTEXT('2D SPACE',''
  ) );
#17090 = ORIENTED_EDGE('',*,*,#17091,.F.);
#17091 = EDGE_CURVE('',#17092,#17069,#17094,.T.);
#17092 = VERTEX_POINT('',#17093);
#17093 = CARTESIAN_POINT('',(1.375,2.5,0.));
#17094 = SURFACE_CURVE('',#17095,(#17099,#17106),.PCURVE_S1.);
#17095 = LINE('',#17096,#17097);
#17096 = CARTESIAN_POINT('',(1.375,2.5,0.));
#17097 = VECTOR('',#17098,1.);
#17098 = DIRECTION('',(0.,0.,1.));
#17099 = PCURVE('',#17031,#17100);
#17100 = DEFINITIONAL_REPRESENTATION('',(#17101),#17105);
#17101 = LINE('',#17102,#17103);
#17102 = CARTESIAN_POINT('',(0.25,0.));
#17103 = VECTOR('',#17104,1.);
#17104 = DIRECTION('',(0.,-1.));
#17105 = ( GEOMETRIC_REPRESENTATION_CONTEXT(2) 
PARAMETRIC_REPRESENTATION_CONTEXT() REPRESENTATION_CONTEXT('2D SPACE',''
  ) );
#17106 = PCURVE('',#16894,#17107);
#17107 = DEFINITIONAL_REPRESENTATION('',(#17108),#17112);
#17108 = LINE('',#17109,#17110);
#17109 = CARTESIAN_POINT('',(0.,0.));
#17110 = VECTOR('',#17111,1.);
#17111 = DIRECTION('',(0.,-1.));
#17112 = ( GEOMETRIC_REPRESENTATION_CONTEXT(2) 
PARAMETRIC_REPRESENTATION_CONTEXT() REPRESENTATION_CONTEXT('2D SPACE',''
  ) );
#17113 = ORIENTED_EDGE('',*,*,#17114,.F.);
#17114 = EDGE_CURVE('',#17016,#17092,#17115,.T.);
#17115 = SURFACE_CURVE('',#17116,(#17120,#17127),.PCURVE_S1.);
#17116 = LINE('',#17117,#17118);
#17117 = CARTESIAN_POINT('',(1.625,2.5,0.));
#17118 = VECTOR('',#17119,1.);
#17119 = DIRECTION('',(-1.,0.,0.));
#17120 = PCURVE('',#17031,#17121);
#17121 = DEFINITIONAL_REPRESENTATION('',(#17122),#17126);
#17122 = LINE('',#17123,#17124);
#17123 = CARTESIAN_POINT('',(0.,-0.));
#17124 = VECTOR('',#17125,1.);
#17125 = DIRECTION('',(1.,0.));
#17126 = ( GEOMETRIC_REPRESENTATION_CONTEXT(2) 
PARAMETRIC_REPRESENTATION_CONTEXT() REPRESENTATION_CONTEXT('2D SPACE',''
  ) );
#17127 = PCURVE('',#16976,#17128);
#17128 = DEFINITIONAL_REPRESENTATION('',(#17129),#17133);
#17129 = LINE('',#17130,#17131);
#17130 = CARTESIAN_POINT('',(0.125,0.2));
#17131 = VECTOR('',#17132,1.);
#17132 = DIRECTION('',(-1.,0.));
#17133 = ( GEOMETRIC_REPRESENTATION_CONTEXT(2) 
PARAMETRIC_REPRESENTATION_CONTEXT() REPRESENTATION_CONTEXT('2D SPACE',''
  ) );
#17134 = ADVANCED_FACE('',(#17135),#16894,.F.);
#17135 = FACE_BOUND('',#17136,.F.);
#17136 = EDGE_LOOP('',(#17137,#17138,#17159,#17160));
#17137 = ORIENTED_EDGE('',*,*,#17091,.T.);
#17138 = ORIENTED_EDGE('',*,*,#17139,.T.);
#17139 = EDGE_CURVE('',#17069,#16874,#17140,.T.);
#17140 = SURFACE_CURVE('',#17141,(#17145,#17152),.PCURVE_S1.);
#17141 = LINE('',#17142,#17143);
#17142 = CARTESIAN_POINT('',(1.375,2.5,0.2));
#17143 = VECTOR('',#17144,1.);
#17144 = DIRECTION('',(0.,-1.,0.));
#17145 = PCURVE('',#16894,#17146);
#17146 = DEFINITIONAL_REPRESENTATION('',(#17147),#17151);
#17147 = LINE('',#17148,#17149);
#17148 = CARTESIAN_POINT('',(0.,-0.2));
#17149 = VECTOR('',#17150,1.);
#17150 = DIRECTION('',(1.,0.));
#17151 = ( GEOMETRIC_REPRESENTATION_CONTEXT(2) 
PARAMETRIC_REPRESENTATION_CONTEXT() REPRESENTATION_CONTEXT('2D SPACE',''
  ) );
#17152 = PCURVE('',#16922,#17153);
#17153 = DEFINITIONAL_REPRESENTATION('',(#17154),#17158);
#17154 = LINE('',#17155,#17156);
#17155 = CARTESIAN_POINT('',(-0.125,0.2));
#17156 = VECTOR('',#17157,1.);
#17157 = DIRECTION('',(0.,-1.));
#17158 = ( GEOMETRIC_REPRESENTATION_CONTEXT(2) 
PARAMETRIC_REPRESENTATION_CONTEXT() REPRESENTATION_CONTEXT('2D SPACE',''
  ) );
#17159 = ORIENTED_EDGE('',*,*,#16871,.F.);
#17160 = ORIENTED_EDGE('',*,*,#17161,.F.);
#17161 = EDGE_CURVE('',#17092,#16872,#17162,.T.);
#17162 = SURFACE_CURVE('',#17163,(#17167,#17174),.PCURVE_S1.);
#17163 = LINE('',#17164,#17165);
#17164 = CARTESIAN_POINT('',(1.375,2.5,0.));
#17165 = VECTOR('',#17166,1.);
#17166 = DIRECTION('',(0.,-1.,0.));
#17167 = PCURVE('',#16894,#17168);
#17168 = DEFINITIONAL_REPRESENTATION('',(#17169),#17173);
#17169 = LINE('',#17170,#17171);
#17170 = CARTESIAN_POINT('',(0.,0.));
#17171 = VECTOR('',#17172,1.);
#17172 = DIRECTION('',(1.,0.));
#17173 = ( GEOMETRIC_REPRESENTATION_CONTEXT(2) 
PARAMETRIC_REPRESENTATION_CONTEXT() REPRESENTATION_CONTEXT('2D SPACE',''
  ) );
#17174 = PCURVE('',#16976,#17175);
#17175 = DEFINITIONAL_REPRESENTATION('',(#17176),#17180);
#17176 = LINE('',#17177,#17178);
#17177 = CARTESIAN_POINT('',(-0.125,0.2));
#17178 = VECTOR('',#17179,1.);
#17179 = DIRECTION('',(0.,-1.));
#17180 = ( GEOMETRIC_REPRESENTATION_CONTEXT(2) 
PARAMETRIC_REPRESENTATION_CONTEXT() REPRESENTATION_CONTEXT('2D SPACE',''
  ) );
#17181 = ADVANCED_FACE('',(#17182),#16976,.F.);
#17182 = FACE_BOUND('',#17183,.F.);
#17183 = EDGE_LOOP('',(#17184,#17185,#17186,#17187));
#17184 = ORIENTED_EDGE('',*,*,#16962,.T.);
#17185 = ORIENTED_EDGE('',*,*,#17043,.T.);
#17186 = ORIENTED_EDGE('',*,*,#17114,.T.);
#17187 = ORIENTED_EDGE('',*,*,#17161,.T.);
#17188 = ADVANCED_FACE('',(#17189),#16922,.T.);
#17189 = FACE_BOUND('',#17190,.T.);
#17190 = EDGE_LOOP('',(#17191,#17192,#17193,#17194));
#17191 = ORIENTED_EDGE('',*,*,#16906,.T.);
#17192 = ORIENTED_EDGE('',*,*,#16992,.T.);
#17193 = ORIENTED_EDGE('',*,*,#17068,.T.);
#17194 = ORIENTED_EDGE('',*,*,#17139,.T.);
#17195 = ( GEOMETRIC_REPRESENTATION_CONTEXT(3) 
GLOBAL_UNCERTAINTY_ASSIGNED_CONTEXT((#17199)) 
GLOBAL_UNIT_ASSIGNED_CONTEXT((#17196,#17197,#17198)) 
REPRESENTATION_CONTEXT('Context #1',
  '3D Context with UNIT and UNCERTAINTY') );
#17196 = ( LENGTH_UNIT() NAMED_UNIT(*) SI_UNIT(.MILLI.,.METRE.) );
#17197 = ( NAMED_UNIT(*) PLANE_ANGLE_UNIT() SI_UNIT($,.RADIAN.) );
#17198 = ( NAMED_UNIT(*) SI_UNIT($,.STERADIAN.) SOLID_ANGLE_UNIT() );
#17199 = UNCERTAINTY_MEASURE_WITH_UNIT(LENGTH_MEASURE(1.E-07),#17196,
  'distance_accuracy_value','confusion accuracy');
#17200 = CONTEXT_DEPENDENT_SHAPE_REPRESENTATION(#17201,#17203);
#17201 = ( REPRESENTATION_RELATIONSHIP('','',#16864,#10) 
REPRESENTATION_RELATIONSHIP_WITH_TRANSFORMATION(#17202) 
SHAPE_REPRESENTATION_RELATIONSHIP() );
#17202 = ITEM_DEFINED_TRANSFORMATION('','',#11,#111);
#17203 = PRODUCT_DEFINITION_SHAPE('Placement','Placement of an item',
  #17204);
#17204 = NEXT_ASSEMBLY_USAGE_OCCURRENCE('25','terminal22','',#5,#16859,$
  );
#17205 = PRODUCT_RELATED_PRODUCT_CATEGORY('part',$,(#16861));
#17206 = SHAPE_DEFINITION_REPRESENTATION(#17207,#17213);
#17207 = PRODUCT_DEFINITION_SHAPE('','',#17208);
#17208 = PRODUCT_DEFINITION('design','',#17209,#17212);
#17209 = PRODUCT_DEFINITION_FORMATION('','',#17210);
#17210 = PRODUCT('terminal23','terminal23','',(#17211));
#17211 = PRODUCT_CONTEXT('',#2,'mechanical');
#17212 = PRODUCT_DEFINITION_CONTEXT('part definition',#2,'design');
#17213 = ADVANCED_BREP_SHAPE_REPRESENTATION('',(#11,#17214),#17544);
#17214 = MANIFOLD_SOLID_BREP('',#17215);
#17215 = CLOSED_SHELL('',(#17216,#17336,#17412,#17483,#17530,#17537));
#17216 = ADVANCED_FACE('',(#17217),#17231,.F.);
#17217 = FACE_BOUND('',#17218,.F.);
#17218 = EDGE_LOOP('',(#17219,#17254,#17282,#17310));
#17219 = ORIENTED_EDGE('',*,*,#17220,.T.);
#17220 = EDGE_CURVE('',#17221,#17223,#17225,.T.);
#17221 = VERTEX_POINT('',#17222);
#17222 = CARTESIAN_POINT('',(0.875,2.1,0.));
#17223 = VERTEX_POINT('',#17224);
#17224 = CARTESIAN_POINT('',(0.875,2.1,0.2));
#17225 = SURFACE_CURVE('',#17226,(#17230,#17242),.PCURVE_S1.);
#17226 = LINE('',#17227,#17228);
#17227 = CARTESIAN_POINT('',(0.875,2.1,0.));
#17228 = VECTOR('',#17229,1.);
#17229 = DIRECTION('',(0.,0.,1.));
#17230 = PCURVE('',#17231,#17236);
#17231 = PLANE('',#17232);
#17232 = AXIS2_PLACEMENT_3D('',#17233,#17234,#17235);
#17233 = CARTESIAN_POINT('',(0.875,2.1,0.));
#17234 = DIRECTION('',(0.,1.,0.));
#17235 = DIRECTION('',(1.,0.,0.));
#17236 = DEFINITIONAL_REPRESENTATION('',(#17237),#17241);
#17237 = LINE('',#17238,#17239);
#17238 = CARTESIAN_POINT('',(0.,0.));
#17239 = VECTOR('',#17240,1.);
#17240 = DIRECTION('',(0.,-1.));
#17241 = ( GEOMETRIC_REPRESENTATION_CONTEXT(2) 
PARAMETRIC_REPRESENTATION_CONTEXT() REPRESENTATION_CONTEXT('2D SPACE',''
  ) );
#17242 = PCURVE('',#17243,#17248);
#17243 = PLANE('',#17244);
#17244 = AXIS2_PLACEMENT_3D('',#17245,#17246,#17247);
#17245 = CARTESIAN_POINT('',(0.875,2.5,0.));
#17246 = DIRECTION('',(1.,0.,-0.));
#17247 = DIRECTION('',(0.,-1.,0.));
#17248 = DEFINITIONAL_REPRESENTATION('',(#17249),#17253);
#17249 = LINE('',#17250,#17251);
#17250 = CARTESIAN_POINT('',(0.4,0.));
#17251 = VECTOR('',#17252,1.);
#17252 = DIRECTION('',(0.,-1.));
#17253 = ( GEOMETRIC_REPRESENTATION_CONTEXT(2) 
PARAMETRIC_REPRESENTATION_CONTEXT() REPRESENTATION_CONTEXT('2D SPACE',''
  ) );
#17254 = ORIENTED_EDGE('',*,*,#17255,.T.);
#17255 = EDGE_CURVE('',#17223,#17256,#17258,.T.);
#17256 = VERTEX_POINT('',#17257);
#17257 = CARTESIAN_POINT('',(1.125,2.1,0.2));
#17258 = SURFACE_CURVE('',#17259,(#17263,#17270),.PCURVE_S1.);
#17259 = LINE('',#17260,#17261);
#17260 = CARTESIAN_POINT('',(0.875,2.1,0.2));
#17261 = VECTOR('',#17262,1.);
#17262 = DIRECTION('',(1.,0.,0.));
#17263 = PCURVE('',#17231,#17264);
#17264 = DEFINITIONAL_REPRESENTATION('',(#17265),#17269);
#17265 = LINE('',#17266,#17267);
#17266 = CARTESIAN_POINT('',(0.,-0.2));
#17267 = VECTOR('',#17268,1.);
#17268 = DIRECTION('',(1.,0.));
#17269 = ( GEOMETRIC_REPRESENTATION_CONTEXT(2) 
PARAMETRIC_REPRESENTATION_CONTEXT() REPRESENTATION_CONTEXT('2D SPACE',''
  ) );
#17270 = PCURVE('',#17271,#17276);
#17271 = PLANE('',#17272);
#17272 = AXIS2_PLACEMENT_3D('',#17273,#17274,#17275);
#17273 = CARTESIAN_POINT('',(1.,2.3,0.2));
#17274 = DIRECTION('',(0.,0.,1.));
#17275 = DIRECTION('',(1.,0.,-0.));
#17276 = DEFINITIONAL_REPRESENTATION('',(#17277),#17281);
#17277 = LINE('',#17278,#17279);
#17278 = CARTESIAN_POINT('',(-0.125,-0.2));
#17279 = VECTOR('',#17280,1.);
#17280 = DIRECTION('',(1.,0.));
#17281 = ( GEOMETRIC_REPRESENTATION_CONTEXT(2) 
PARAMETRIC_REPRESENTATION_CONTEXT() REPRESENTATION_CONTEXT('2D SPACE',''
  ) );
#17282 = ORIENTED_EDGE('',*,*,#17283,.F.);
#17283 = EDGE_CURVE('',#17284,#17256,#17286,.T.);
#17284 = VERTEX_POINT('',#17285);
#17285 = CARTESIAN_POINT('',(1.125,2.1,0.));
#17286 = SURFACE_CURVE('',#17287,(#17291,#17298),.PCURVE_S1.);
#17287 = LINE('',#17288,#17289);
#17288 = CARTESIAN_POINT('',(1.125,2.1,0.));
#17289 = VECTOR('',#17290,1.);
#17290 = DIRECTION('',(0.,0.,1.));
#17291 = PCURVE('',#17231,#17292);
#17292 = DEFINITIONAL_REPRESENTATION('',(#17293),#17297);
#17293 = LINE('',#17294,#17295);
#17294 = CARTESIAN_POINT('',(0.25,0.));
#17295 = VECTOR('',#17296,1.);
#17296 = DIRECTION('',(0.,-1.));
#17297 = ( GEOMETRIC_REPRESENTATION_CONTEXT(2) 
PARAMETRIC_REPRESENTATION_CONTEXT() REPRESENTATION_CONTEXT('2D SPACE',''
  ) );
#17298 = PCURVE('',#17299,#17304);
#17299 = PLANE('',#17300);
#17300 = AXIS2_PLACEMENT_3D('',#17301,#17302,#17303);
#17301 = CARTESIAN_POINT('',(1.125,2.1,0.));
#17302 = DIRECTION('',(-1.,0.,0.));
#17303 = DIRECTION('',(0.,1.,0.));
#17304 = DEFINITIONAL_REPRESENTATION('',(#17305),#17309);
#17305 = LINE('',#17306,#17307);
#17306 = CARTESIAN_POINT('',(0.,0.));
#17307 = VECTOR('',#17308,1.);
#17308 = DIRECTION('',(0.,-1.));
#17309 = ( GEOMETRIC_REPRESENTATION_CONTEXT(2) 
PARAMETRIC_REPRESENTATION_CONTEXT() REPRESENTATION_CONTEXT('2D SPACE',''
  ) );
#17310 = ORIENTED_EDGE('',*,*,#17311,.F.);
#17311 = EDGE_CURVE('',#17221,#17284,#17312,.T.);
#17312 = SURFACE_CURVE('',#17313,(#17317,#17324),.PCURVE_S1.);
#17313 = LINE('',#17314,#17315);
#17314 = CARTESIAN_POINT('',(0.875,2.1,0.));
#17315 = VECTOR('',#17316,1.);
#17316 = DIRECTION('',(1.,0.,0.));
#17317 = PCURVE('',#17231,#17318);
#17318 = DEFINITIONAL_REPRESENTATION('',(#17319),#17323);
#17319 = LINE('',#17320,#17321);
#17320 = CARTESIAN_POINT('',(0.,0.));
#17321 = VECTOR('',#17322,1.);
#17322 = DIRECTION('',(1.,0.));
#17323 = ( GEOMETRIC_REPRESENTATION_CONTEXT(2) 
PARAMETRIC_REPRESENTATION_CONTEXT() REPRESENTATION_CONTEXT('2D SPACE',''
  ) );
#17324 = PCURVE('',#17325,#17330);
#17325 = PLANE('',#17326);
#17326 = AXIS2_PLACEMENT_3D('',#17327,#17328,#17329);
#17327 = CARTESIAN_POINT('',(1.,2.3,0.));
#17328 = DIRECTION('',(0.,0.,1.));
#17329 = DIRECTION('',(1.,0.,-0.));
#17330 = DEFINITIONAL_REPRESENTATION('',(#17331),#17335);
#17331 = LINE('',#17332,#17333);
#17332 = CARTESIAN_POINT('',(-0.125,-0.2));
#17333 = VECTOR('',#17334,1.);
#17334 = DIRECTION('',(1.,0.));
#17335 = ( GEOMETRIC_REPRESENTATION_CONTEXT(2) 
PARAMETRIC_REPRESENTATION_CONTEXT() REPRESENTATION_CONTEXT('2D SPACE',''
  ) );
#17336 = ADVANCED_FACE('',(#17337),#17299,.F.);
#17337 = FACE_BOUND('',#17338,.F.);
#17338 = EDGE_LOOP('',(#17339,#17340,#17363,#17391));
#17339 = ORIENTED_EDGE('',*,*,#17283,.T.);
#17340 = ORIENTED_EDGE('',*,*,#17341,.T.);
#17341 = EDGE_CURVE('',#17256,#17342,#17344,.T.);
#17342 = VERTEX_POINT('',#17343);
#17343 = CARTESIAN_POINT('',(1.125,2.5,0.2));
#17344 = SURFACE_CURVE('',#17345,(#17349,#17356),.PCURVE_S1.);
#17345 = LINE('',#17346,#17347);
#17346 = CARTESIAN_POINT('',(1.125,2.1,0.2));
#17347 = VECTOR('',#17348,1.);
#17348 = DIRECTION('',(0.,1.,0.));
#17349 = PCURVE('',#17299,#17350);
#17350 = DEFINITIONAL_REPRESENTATION('',(#17351),#17355);
#17351 = LINE('',#17352,#17353);
#17352 = CARTESIAN_POINT('',(0.,-0.2));
#17353 = VECTOR('',#17354,1.);
#17354 = DIRECTION('',(1.,0.));
#17355 = ( GEOMETRIC_REPRESENTATION_CONTEXT(2) 
PARAMETRIC_REPRESENTATION_CONTEXT() REPRESENTATION_CONTEXT('2D SPACE',''
  ) );
#17356 = PCURVE('',#17271,#17357);
#17357 = DEFINITIONAL_REPRESENTATION('',(#17358),#17362);
#17358 = LINE('',#17359,#17360);
#17359 = CARTESIAN_POINT('',(0.125,-0.2));
#17360 = VECTOR('',#17361,1.);
#17361 = DIRECTION('',(0.,1.));
#17362 = ( GEOMETRIC_REPRESENTATION_CONTEXT(2) 
PARAMETRIC_REPRESENTATION_CONTEXT() REPRESENTATION_CONTEXT('2D SPACE',''
  ) );
#17363 = ORIENTED_EDGE('',*,*,#17364,.F.);
#17364 = EDGE_CURVE('',#17365,#17342,#17367,.T.);
#17365 = VERTEX_POINT('',#17366);
#17366 = CARTESIAN_POINT('',(1.125,2.5,0.));
#17367 = SURFACE_CURVE('',#17368,(#17372,#17379),.PCURVE_S1.);
#17368 = LINE('',#17369,#17370);
#17369 = CARTESIAN_POINT('',(1.125,2.5,0.));
#17370 = VECTOR('',#17371,1.);
#17371 = DIRECTION('',(0.,0.,1.));
#17372 = PCURVE('',#17299,#17373);
#17373 = DEFINITIONAL_REPRESENTATION('',(#17374),#17378);
#17374 = LINE('',#17375,#17376);
#17375 = CARTESIAN_POINT('',(0.4,0.));
#17376 = VECTOR('',#17377,1.);
#17377 = DIRECTION('',(0.,-1.));
#17378 = ( GEOMETRIC_REPRESENTATION_CONTEXT(2) 
PARAMETRIC_REPRESENTATION_CONTEXT() REPRESENTATION_CONTEXT('2D SPACE',''
  ) );
#17379 = PCURVE('',#17380,#17385);
#17380 = PLANE('',#17381);
#17381 = AXIS2_PLACEMENT_3D('',#17382,#17383,#17384);
#17382 = CARTESIAN_POINT('',(1.125,2.5,0.));
#17383 = DIRECTION('',(0.,-1.,0.));
#17384 = DIRECTION('',(-1.,0.,0.));
#17385 = DEFINITIONAL_REPRESENTATION('',(#17386),#17390);
#17386 = LINE('',#17387,#17388);
#17387 = CARTESIAN_POINT('',(0.,-0.));
#17388 = VECTOR('',#17389,1.);
#17389 = DIRECTION('',(0.,-1.));
#17390 = ( GEOMETRIC_REPRESENTATION_CONTEXT(2) 
PARAMETRIC_REPRESENTATION_CONTEXT() REPRESENTATION_CONTEXT('2D SPACE',''
  ) );
#17391 = ORIENTED_EDGE('',*,*,#17392,.F.);
#17392 = EDGE_CURVE('',#17284,#17365,#17393,.T.);
#17393 = SURFACE_CURVE('',#17394,(#17398,#17405),.PCURVE_S1.);
#17394 = LINE('',#17395,#17396);
#17395 = CARTESIAN_POINT('',(1.125,2.1,0.));
#17396 = VECTOR('',#17397,1.);
#17397 = DIRECTION('',(0.,1.,0.));
#17398 = PCURVE('',#17299,#17399);
#17399 = DEFINITIONAL_REPRESENTATION('',(#17400),#17404);
#17400 = LINE('',#17401,#17402);
#17401 = CARTESIAN_POINT('',(0.,0.));
#17402 = VECTOR('',#17403,1.);
#17403 = DIRECTION('',(1.,0.));
#17404 = ( GEOMETRIC_REPRESENTATION_CONTEXT(2) 
PARAMETRIC_REPRESENTATION_CONTEXT() REPRESENTATION_CONTEXT('2D SPACE',''
  ) );
#17405 = PCURVE('',#17325,#17406);
#17406 = DEFINITIONAL_REPRESENTATION('',(#17407),#17411);
#17407 = LINE('',#17408,#17409);
#17408 = CARTESIAN_POINT('',(0.125,-0.2));
#17409 = VECTOR('',#17410,1.);
#17410 = DIRECTION('',(0.,1.));
#17411 = ( GEOMETRIC_REPRESENTATION_CONTEXT(2) 
PARAMETRIC_REPRESENTATION_CONTEXT() REPRESENTATION_CONTEXT('2D SPACE',''
  ) );
#17412 = ADVANCED_FACE('',(#17413),#17380,.F.);
#17413 = FACE_BOUND('',#17414,.F.);
#17414 = EDGE_LOOP('',(#17415,#17416,#17439,#17462));
#17415 = ORIENTED_EDGE('',*,*,#17364,.T.);
#17416 = ORIENTED_EDGE('',*,*,#17417,.T.);
#17417 = EDGE_CURVE('',#17342,#17418,#17420,.T.);
#17418 = VERTEX_POINT('',#17419);
#17419 = CARTESIAN_POINT('',(0.875,2.5,0.2));
#17420 = SURFACE_CURVE('',#17421,(#17425,#17432),.PCURVE_S1.);
#17421 = LINE('',#17422,#17423);
#17422 = CARTESIAN_POINT('',(1.125,2.5,0.2));
#17423 = VECTOR('',#17424,1.);
#17424 = DIRECTION('',(-1.,0.,0.));
#17425 = PCURVE('',#17380,#17426);
#17426 = DEFINITIONAL_REPRESENTATION('',(#17427),#17431);
#17427 = LINE('',#17428,#17429);
#17428 = CARTESIAN_POINT('',(0.,-0.2));
#17429 = VECTOR('',#17430,1.);
#17430 = DIRECTION('',(1.,0.));
#17431 = ( GEOMETRIC_REPRESENTATION_CONTEXT(2) 
PARAMETRIC_REPRESENTATION_CONTEXT() REPRESENTATION_CONTEXT('2D SPACE',''
  ) );
#17432 = PCURVE('',#17271,#17433);
#17433 = DEFINITIONAL_REPRESENTATION('',(#17434),#17438);
#17434 = LINE('',#17435,#17436);
#17435 = CARTESIAN_POINT('',(0.125,0.2));
#17436 = VECTOR('',#17437,1.);
#17437 = DIRECTION('',(-1.,0.));
#17438 = ( GEOMETRIC_REPRESENTATION_CONTEXT(2) 
PARAMETRIC_REPRESENTATION_CONTEXT() REPRESENTATION_CONTEXT('2D SPACE',''
  ) );
#17439 = ORIENTED_EDGE('',*,*,#17440,.F.);
#17440 = EDGE_CURVE('',#17441,#17418,#17443,.T.);
#17441 = VERTEX_POINT('',#17442);
#17442 = CARTESIAN_POINT('',(0.875,2.5,0.));
#17443 = SURFACE_CURVE('',#17444,(#17448,#17455),.PCURVE_S1.);
#17444 = LINE('',#17445,#17446);
#17445 = CARTESIAN_POINT('',(0.875,2.5,0.));
#17446 = VECTOR('',#17447,1.);
#17447 = DIRECTION('',(0.,0.,1.));
#17448 = PCURVE('',#17380,#17449);
#17449 = DEFINITIONAL_REPRESENTATION('',(#17450),#17454);
#17450 = LINE('',#17451,#17452);
#17451 = CARTESIAN_POINT('',(0.25,0.));
#17452 = VECTOR('',#17453,1.);
#17453 = DIRECTION('',(0.,-1.));
#17454 = ( GEOMETRIC_REPRESENTATION_CONTEXT(2) 
PARAMETRIC_REPRESENTATION_CONTEXT() REPRESENTATION_CONTEXT('2D SPACE',''
  ) );
#17455 = PCURVE('',#17243,#17456);
#17456 = DEFINITIONAL_REPRESENTATION('',(#17457),#17461);
#17457 = LINE('',#17458,#17459);
#17458 = CARTESIAN_POINT('',(0.,0.));
#17459 = VECTOR('',#17460,1.);
#17460 = DIRECTION('',(0.,-1.));
#17461 = ( GEOMETRIC_REPRESENTATION_CONTEXT(2) 
PARAMETRIC_REPRESENTATION_CONTEXT() REPRESENTATION_CONTEXT('2D SPACE',''
  ) );
#17462 = ORIENTED_EDGE('',*,*,#17463,.F.);
#17463 = EDGE_CURVE('',#17365,#17441,#17464,.T.);
#17464 = SURFACE_CURVE('',#17465,(#17469,#17476),.PCURVE_S1.);
#17465 = LINE('',#17466,#17467);
#17466 = CARTESIAN_POINT('',(1.125,2.5,0.));
#17467 = VECTOR('',#17468,1.);
#17468 = DIRECTION('',(-1.,0.,0.));
#17469 = PCURVE('',#17380,#17470);
#17470 = DEFINITIONAL_REPRESENTATION('',(#17471),#17475);
#17471 = LINE('',#17472,#17473);
#17472 = CARTESIAN_POINT('',(0.,-0.));
#17473 = VECTOR('',#17474,1.);
#17474 = DIRECTION('',(1.,0.));
#17475 = ( GEOMETRIC_REPRESENTATION_CONTEXT(2) 
PARAMETRIC_REPRESENTATION_CONTEXT() REPRESENTATION_CONTEXT('2D SPACE',''
  ) );
#17476 = PCURVE('',#17325,#17477);
#17477 = DEFINITIONAL_REPRESENTATION('',(#17478),#17482);
#17478 = LINE('',#17479,#17480);
#17479 = CARTESIAN_POINT('',(0.125,0.2));
#17480 = VECTOR('',#17481,1.);
#17481 = DIRECTION('',(-1.,0.));
#17482 = ( GEOMETRIC_REPRESENTATION_CONTEXT(2) 
PARAMETRIC_REPRESENTATION_CONTEXT() REPRESENTATION_CONTEXT('2D SPACE',''
  ) );
#17483 = ADVANCED_FACE('',(#17484),#17243,.F.);
#17484 = FACE_BOUND('',#17485,.F.);
#17485 = EDGE_LOOP('',(#17486,#17487,#17508,#17509));
#17486 = ORIENTED_EDGE('',*,*,#17440,.T.);
#17487 = ORIENTED_EDGE('',*,*,#17488,.T.);
#17488 = EDGE_CURVE('',#17418,#17223,#17489,.T.);
#17489 = SURFACE_CURVE('',#17490,(#17494,#17501),.PCURVE_S1.);
#17490 = LINE('',#17491,#17492);
#17491 = CARTESIAN_POINT('',(0.875,2.5,0.2));
#17492 = VECTOR('',#17493,1.);
#17493 = DIRECTION('',(0.,-1.,0.));
#17494 = PCURVE('',#17243,#17495);
#17495 = DEFINITIONAL_REPRESENTATION('',(#17496),#17500);
#17496 = LINE('',#17497,#17498);
#17497 = CARTESIAN_POINT('',(0.,-0.2));
#17498 = VECTOR('',#17499,1.);
#17499 = DIRECTION('',(1.,0.));
#17500 = ( GEOMETRIC_REPRESENTATION_CONTEXT(2) 
PARAMETRIC_REPRESENTATION_CONTEXT() REPRESENTATION_CONTEXT('2D SPACE',''
  ) );
#17501 = PCURVE('',#17271,#17502);
#17502 = DEFINITIONAL_REPRESENTATION('',(#17503),#17507);
#17503 = LINE('',#17504,#17505);
#17504 = CARTESIAN_POINT('',(-0.125,0.2));
#17505 = VECTOR('',#17506,1.);
#17506 = DIRECTION('',(0.,-1.));
#17507 = ( GEOMETRIC_REPRESENTATION_CONTEXT(2) 
PARAMETRIC_REPRESENTATION_CONTEXT() REPRESENTATION_CONTEXT('2D SPACE',''
  ) );
#17508 = ORIENTED_EDGE('',*,*,#17220,.F.);
#17509 = ORIENTED_EDGE('',*,*,#17510,.F.);
#17510 = EDGE_CURVE('',#17441,#17221,#17511,.T.);
#17511 = SURFACE_CURVE('',#17512,(#17516,#17523),.PCURVE_S1.);
#17512 = LINE('',#17513,#17514);
#17513 = CARTESIAN_POINT('',(0.875,2.5,0.));
#17514 = VECTOR('',#17515,1.);
#17515 = DIRECTION('',(0.,-1.,0.));
#17516 = PCURVE('',#17243,#17517);
#17517 = DEFINITIONAL_REPRESENTATION('',(#17518),#17522);
#17518 = LINE('',#17519,#17520);
#17519 = CARTESIAN_POINT('',(0.,0.));
#17520 = VECTOR('',#17521,1.);
#17521 = DIRECTION('',(1.,0.));
#17522 = ( GEOMETRIC_REPRESENTATION_CONTEXT(2) 
PARAMETRIC_REPRESENTATION_CONTEXT() REPRESENTATION_CONTEXT('2D SPACE',''
  ) );
#17523 = PCURVE('',#17325,#17524);
#17524 = DEFINITIONAL_REPRESENTATION('',(#17525),#17529);
#17525 = LINE('',#17526,#17527);
#17526 = CARTESIAN_POINT('',(-0.125,0.2));
#17527 = VECTOR('',#17528,1.);
#17528 = DIRECTION('',(0.,-1.));
#17529 = ( GEOMETRIC_REPRESENTATION_CONTEXT(2) 
PARAMETRIC_REPRESENTATION_CONTEXT() REPRESENTATION_CONTEXT('2D SPACE',''
  ) );
#17530 = ADVANCED_FACE('',(#17531),#17325,.F.);
#17531 = FACE_BOUND('',#17532,.F.);
#17532 = EDGE_LOOP('',(#17533,#17534,#17535,#17536));
#17533 = ORIENTED_EDGE('',*,*,#17311,.T.);
#17534 = ORIENTED_EDGE('',*,*,#17392,.T.);
#17535 = ORIENTED_EDGE('',*,*,#17463,.T.);
#17536 = ORIENTED_EDGE('',*,*,#17510,.T.);
#17537 = ADVANCED_FACE('',(#17538),#17271,.T.);
#17538 = FACE_BOUND('',#17539,.T.);
#17539 = EDGE_LOOP('',(#17540,#17541,#17542,#17543));
#17540 = ORIENTED_EDGE('',*,*,#17255,.T.);
#17541 = ORIENTED_EDGE('',*,*,#17341,.T.);
#17542 = ORIENTED_EDGE('',*,*,#17417,.T.);
#17543 = ORIENTED_EDGE('',*,*,#17488,.T.);
#17544 = ( GEOMETRIC_REPRESENTATION_CONTEXT(3) 
GLOBAL_UNCERTAINTY_ASSIGNED_CONTEXT((#17548)) 
GLOBAL_UNIT_ASSIGNED_CONTEXT((#17545,#17546,#17547)) 
REPRESENTATION_CONTEXT('Context #1',
  '3D Context with UNIT and UNCERTAINTY') );
#17545 = ( LENGTH_UNIT() NAMED_UNIT(*) SI_UNIT(.MILLI.,.METRE.) );
#17546 = ( NAMED_UNIT(*) PLANE_ANGLE_UNIT() SI_UNIT($,.RADIAN.) );
#17547 = ( NAMED_UNIT(*) SI_UNIT($,.STERADIAN.) SOLID_ANGLE_UNIT() );
#17548 = UNCERTAINTY_MEASURE_WITH_UNIT(LENGTH_MEASURE(1.E-07),#17545,
  'distance_accuracy_value','confusion accuracy');
#17549 = CONTEXT_DEPENDENT_SHAPE_REPRESENTATION(#17550,#17552);
#17550 = ( REPRESENTATION_RELATIONSHIP('','',#17213,#10) 
REPRESENTATION_RELATIONSHIP_WITH_TRANSFORMATION(#17551) 
SHAPE_REPRESENTATION_RELATIONSHIP() );
#17551 = ITEM_DEFINED_TRANSFORMATION('','',#11,#115);
#17552 = PRODUCT_DEFINITION_SHAPE('Placement','Placement of an item',
  #17553);
#17553 = NEXT_ASSEMBLY_USAGE_OCCURRENCE('26','terminal23','',#5,#17208,$
  );
#17554 = PRODUCT_RELATED_PRODUCT_CATEGORY('part',$,(#17210));
#17555 = SHAPE_DEFINITION_REPRESENTATION(#17556,#17562);
#17556 = PRODUCT_DEFINITION_SHAPE('','',#17557);
#17557 = PRODUCT_DEFINITION('design','',#17558,#17561);
#17558 = PRODUCT_DEFINITION_FORMATION('','',#17559);
#17559 = PRODUCT('terminal24','terminal24','',(#17560));
#17560 = PRODUCT_CONTEXT('',#2,'mechanical');
#17561 = PRODUCT_DEFINITION_CONTEXT('part definition',#2,'design');
#17562 = ADVANCED_BREP_SHAPE_REPRESENTATION('',(#11,#17563),#17893);
#17563 = MANIFOLD_SOLID_BREP('',#17564);
#17564 = CLOSED_SHELL('',(#17565,#17685,#17761,#17832,#17879,#17886));
#17565 = ADVANCED_FACE('',(#17566),#17580,.F.);
#17566 = FACE_BOUND('',#17567,.F.);
#17567 = EDGE_LOOP('',(#17568,#17603,#17631,#17659));
#17568 = ORIENTED_EDGE('',*,*,#17569,.T.);
#17569 = EDGE_CURVE('',#17570,#17572,#17574,.T.);
#17570 = VERTEX_POINT('',#17571);
#17571 = CARTESIAN_POINT('',(0.375,2.1,0.));
#17572 = VERTEX_POINT('',#17573);
#17573 = CARTESIAN_POINT('',(0.375,2.1,0.2));
#17574 = SURFACE_CURVE('',#17575,(#17579,#17591),.PCURVE_S1.);
#17575 = LINE('',#17576,#17577);
#17576 = CARTESIAN_POINT('',(0.375,2.1,0.));
#17577 = VECTOR('',#17578,1.);
#17578 = DIRECTION('',(0.,0.,1.));
#17579 = PCURVE('',#17580,#17585);
#17580 = PLANE('',#17581);
#17581 = AXIS2_PLACEMENT_3D('',#17582,#17583,#17584);
#17582 = CARTESIAN_POINT('',(0.375,2.1,0.));
#17583 = DIRECTION('',(0.,1.,0.));
#17584 = DIRECTION('',(1.,0.,0.));
#17585 = DEFINITIONAL_REPRESENTATION('',(#17586),#17590);
#17586 = LINE('',#17587,#17588);
#17587 = CARTESIAN_POINT('',(0.,0.));
#17588 = VECTOR('',#17589,1.);
#17589 = DIRECTION('',(0.,-1.));
#17590 = ( GEOMETRIC_REPRESENTATION_CONTEXT(2) 
PARAMETRIC_REPRESENTATION_CONTEXT() REPRESENTATION_CONTEXT('2D SPACE',''
  ) );
#17591 = PCURVE('',#17592,#17597);
#17592 = PLANE('',#17593);
#17593 = AXIS2_PLACEMENT_3D('',#17594,#17595,#17596);
#17594 = CARTESIAN_POINT('',(0.375,2.5,0.));
#17595 = DIRECTION('',(1.,0.,-0.));
#17596 = DIRECTION('',(0.,-1.,0.));
#17597 = DEFINITIONAL_REPRESENTATION('',(#17598),#17602);
#17598 = LINE('',#17599,#17600);
#17599 = CARTESIAN_POINT('',(0.4,0.));
#17600 = VECTOR('',#17601,1.);
#17601 = DIRECTION('',(0.,-1.));
#17602 = ( GEOMETRIC_REPRESENTATION_CONTEXT(2) 
PARAMETRIC_REPRESENTATION_CONTEXT() REPRESENTATION_CONTEXT('2D SPACE',''
  ) );
#17603 = ORIENTED_EDGE('',*,*,#17604,.T.);
#17604 = EDGE_CURVE('',#17572,#17605,#17607,.T.);
#17605 = VERTEX_POINT('',#17606);
#17606 = CARTESIAN_POINT('',(0.625,2.1,0.2));
#17607 = SURFACE_CURVE('',#17608,(#17612,#17619),.PCURVE_S1.);
#17608 = LINE('',#17609,#17610);
#17609 = CARTESIAN_POINT('',(0.375,2.1,0.2));
#17610 = VECTOR('',#17611,1.);
#17611 = DIRECTION('',(1.,0.,0.));
#17612 = PCURVE('',#17580,#17613);
#17613 = DEFINITIONAL_REPRESENTATION('',(#17614),#17618);
#17614 = LINE('',#17615,#17616);
#17615 = CARTESIAN_POINT('',(0.,-0.2));
#17616 = VECTOR('',#17617,1.);
#17617 = DIRECTION('',(1.,0.));
#17618 = ( GEOMETRIC_REPRESENTATION_CONTEXT(2) 
PARAMETRIC_REPRESENTATION_CONTEXT() REPRESENTATION_CONTEXT('2D SPACE',''
  ) );
#17619 = PCURVE('',#17620,#17625);
#17620 = PLANE('',#17621);
#17621 = AXIS2_PLACEMENT_3D('',#17622,#17623,#17624);
#17622 = CARTESIAN_POINT('',(0.5,2.3,0.2));
#17623 = DIRECTION('',(0.,0.,1.));
#17624 = DIRECTION('',(1.,0.,-0.));
#17625 = DEFINITIONAL_REPRESENTATION('',(#17626),#17630);
#17626 = LINE('',#17627,#17628);
#17627 = CARTESIAN_POINT('',(-0.125,-0.2));
#17628 = VECTOR('',#17629,1.);
#17629 = DIRECTION('',(1.,0.));
#17630 = ( GEOMETRIC_REPRESENTATION_CONTEXT(2) 
PARAMETRIC_REPRESENTATION_CONTEXT() REPRESENTATION_CONTEXT('2D SPACE',''
  ) );
#17631 = ORIENTED_EDGE('',*,*,#17632,.F.);
#17632 = EDGE_CURVE('',#17633,#17605,#17635,.T.);
#17633 = VERTEX_POINT('',#17634);
#17634 = CARTESIAN_POINT('',(0.625,2.1,0.));
#17635 = SURFACE_CURVE('',#17636,(#17640,#17647),.PCURVE_S1.);
#17636 = LINE('',#17637,#17638);
#17637 = CARTESIAN_POINT('',(0.625,2.1,0.));
#17638 = VECTOR('',#17639,1.);
#17639 = DIRECTION('',(0.,0.,1.));
#17640 = PCURVE('',#17580,#17641);
#17641 = DEFINITIONAL_REPRESENTATION('',(#17642),#17646);
#17642 = LINE('',#17643,#17644);
#17643 = CARTESIAN_POINT('',(0.25,0.));
#17644 = VECTOR('',#17645,1.);
#17645 = DIRECTION('',(0.,-1.));
#17646 = ( GEOMETRIC_REPRESENTATION_CONTEXT(2) 
PARAMETRIC_REPRESENTATION_CONTEXT() REPRESENTATION_CONTEXT('2D SPACE',''
  ) );
#17647 = PCURVE('',#17648,#17653);
#17648 = PLANE('',#17649);
#17649 = AXIS2_PLACEMENT_3D('',#17650,#17651,#17652);
#17650 = CARTESIAN_POINT('',(0.625,2.1,0.));
#17651 = DIRECTION('',(-1.,0.,0.));
#17652 = DIRECTION('',(0.,1.,0.));
#17653 = DEFINITIONAL_REPRESENTATION('',(#17654),#17658);
#17654 = LINE('',#17655,#17656);
#17655 = CARTESIAN_POINT('',(0.,0.));
#17656 = VECTOR('',#17657,1.);
#17657 = DIRECTION('',(0.,-1.));
#17658 = ( GEOMETRIC_REPRESENTATION_CONTEXT(2) 
PARAMETRIC_REPRESENTATION_CONTEXT() REPRESENTATION_CONTEXT('2D SPACE',''
  ) );
#17659 = ORIENTED_EDGE('',*,*,#17660,.F.);
#17660 = EDGE_CURVE('',#17570,#17633,#17661,.T.);
#17661 = SURFACE_CURVE('',#17662,(#17666,#17673),.PCURVE_S1.);
#17662 = LINE('',#17663,#17664);
#17663 = CARTESIAN_POINT('',(0.375,2.1,0.));
#17664 = VECTOR('',#17665,1.);
#17665 = DIRECTION('',(1.,0.,0.));
#17666 = PCURVE('',#17580,#17667);
#17667 = DEFINITIONAL_REPRESENTATION('',(#17668),#17672);
#17668 = LINE('',#17669,#17670);
#17669 = CARTESIAN_POINT('',(0.,0.));
#17670 = VECTOR('',#17671,1.);
#17671 = DIRECTION('',(1.,0.));
#17672 = ( GEOMETRIC_REPRESENTATION_CONTEXT(2) 
PARAMETRIC_REPRESENTATION_CONTEXT() REPRESENTATION_CONTEXT('2D SPACE',''
  ) );
#17673 = PCURVE('',#17674,#17679);
#17674 = PLANE('',#17675);
#17675 = AXIS2_PLACEMENT_3D('',#17676,#17677,#17678);
#17676 = CARTESIAN_POINT('',(0.5,2.3,0.));
#17677 = DIRECTION('',(0.,0.,1.));
#17678 = DIRECTION('',(1.,0.,-0.));
#17679 = DEFINITIONAL_REPRESENTATION('',(#17680),#17684);
#17680 = LINE('',#17681,#17682);
#17681 = CARTESIAN_POINT('',(-0.125,-0.2));
#17682 = VECTOR('',#17683,1.);
#17683 = DIRECTION('',(1.,0.));
#17684 = ( GEOMETRIC_REPRESENTATION_CONTEXT(2) 
PARAMETRIC_REPRESENTATION_CONTEXT() REPRESENTATION_CONTEXT('2D SPACE',''
  ) );
#17685 = ADVANCED_FACE('',(#17686),#17648,.F.);
#17686 = FACE_BOUND('',#17687,.F.);
#17687 = EDGE_LOOP('',(#17688,#17689,#17712,#17740));
#17688 = ORIENTED_EDGE('',*,*,#17632,.T.);
#17689 = ORIENTED_EDGE('',*,*,#17690,.T.);
#17690 = EDGE_CURVE('',#17605,#17691,#17693,.T.);
#17691 = VERTEX_POINT('',#17692);
#17692 = CARTESIAN_POINT('',(0.625,2.5,0.2));
#17693 = SURFACE_CURVE('',#17694,(#17698,#17705),.PCURVE_S1.);
#17694 = LINE('',#17695,#17696);
#17695 = CARTESIAN_POINT('',(0.625,2.1,0.2));
#17696 = VECTOR('',#17697,1.);
#17697 = DIRECTION('',(0.,1.,0.));
#17698 = PCURVE('',#17648,#17699);
#17699 = DEFINITIONAL_REPRESENTATION('',(#17700),#17704);
#17700 = LINE('',#17701,#17702);
#17701 = CARTESIAN_POINT('',(0.,-0.2));
#17702 = VECTOR('',#17703,1.);
#17703 = DIRECTION('',(1.,0.));
#17704 = ( GEOMETRIC_REPRESENTATION_CONTEXT(2) 
PARAMETRIC_REPRESENTATION_CONTEXT() REPRESENTATION_CONTEXT('2D SPACE',''
  ) );
#17705 = PCURVE('',#17620,#17706);
#17706 = DEFINITIONAL_REPRESENTATION('',(#17707),#17711);
#17707 = LINE('',#17708,#17709);
#17708 = CARTESIAN_POINT('',(0.125,-0.2));
#17709 = VECTOR('',#17710,1.);
#17710 = DIRECTION('',(0.,1.));
#17711 = ( GEOMETRIC_REPRESENTATION_CONTEXT(2) 
PARAMETRIC_REPRESENTATION_CONTEXT() REPRESENTATION_CONTEXT('2D SPACE',''
  ) );
#17712 = ORIENTED_EDGE('',*,*,#17713,.F.);
#17713 = EDGE_CURVE('',#17714,#17691,#17716,.T.);
#17714 = VERTEX_POINT('',#17715);
#17715 = CARTESIAN_POINT('',(0.625,2.5,0.));
#17716 = SURFACE_CURVE('',#17717,(#17721,#17728),.PCURVE_S1.);
#17717 = LINE('',#17718,#17719);
#17718 = CARTESIAN_POINT('',(0.625,2.5,0.));
#17719 = VECTOR('',#17720,1.);
#17720 = DIRECTION('',(0.,0.,1.));
#17721 = PCURVE('',#17648,#17722);
#17722 = DEFINITIONAL_REPRESENTATION('',(#17723),#17727);
#17723 = LINE('',#17724,#17725);
#17724 = CARTESIAN_POINT('',(0.4,0.));
#17725 = VECTOR('',#17726,1.);
#17726 = DIRECTION('',(0.,-1.));
#17727 = ( GEOMETRIC_REPRESENTATION_CONTEXT(2) 
PARAMETRIC_REPRESENTATION_CONTEXT() REPRESENTATION_CONTEXT('2D SPACE',''
  ) );
#17728 = PCURVE('',#17729,#17734);
#17729 = PLANE('',#17730);
#17730 = AXIS2_PLACEMENT_3D('',#17731,#17732,#17733);
#17731 = CARTESIAN_POINT('',(0.625,2.5,0.));
#17732 = DIRECTION('',(0.,-1.,0.));
#17733 = DIRECTION('',(-1.,0.,0.));
#17734 = DEFINITIONAL_REPRESENTATION('',(#17735),#17739);
#17735 = LINE('',#17736,#17737);
#17736 = CARTESIAN_POINT('',(0.,-0.));
#17737 = VECTOR('',#17738,1.);
#17738 = DIRECTION('',(0.,-1.));
#17739 = ( GEOMETRIC_REPRESENTATION_CONTEXT(2) 
PARAMETRIC_REPRESENTATION_CONTEXT() REPRESENTATION_CONTEXT('2D SPACE',''
  ) );
#17740 = ORIENTED_EDGE('',*,*,#17741,.F.);
#17741 = EDGE_CURVE('',#17633,#17714,#17742,.T.);
#17742 = SURFACE_CURVE('',#17743,(#17747,#17754),.PCURVE_S1.);
#17743 = LINE('',#17744,#17745);
#17744 = CARTESIAN_POINT('',(0.625,2.1,0.));
#17745 = VECTOR('',#17746,1.);
#17746 = DIRECTION('',(0.,1.,0.));
#17747 = PCURVE('',#17648,#17748);
#17748 = DEFINITIONAL_REPRESENTATION('',(#17749),#17753);
#17749 = LINE('',#17750,#17751);
#17750 = CARTESIAN_POINT('',(0.,0.));
#17751 = VECTOR('',#17752,1.);
#17752 = DIRECTION('',(1.,0.));
#17753 = ( GEOMETRIC_REPRESENTATION_CONTEXT(2) 
PARAMETRIC_REPRESENTATION_CONTEXT() REPRESENTATION_CONTEXT('2D SPACE',''
  ) );
#17754 = PCURVE('',#17674,#17755);
#17755 = DEFINITIONAL_REPRESENTATION('',(#17756),#17760);
#17756 = LINE('',#17757,#17758);
#17757 = CARTESIAN_POINT('',(0.125,-0.2));
#17758 = VECTOR('',#17759,1.);
#17759 = DIRECTION('',(0.,1.));
#17760 = ( GEOMETRIC_REPRESENTATION_CONTEXT(2) 
PARAMETRIC_REPRESENTATION_CONTEXT() REPRESENTATION_CONTEXT('2D SPACE',''
  ) );
#17761 = ADVANCED_FACE('',(#17762),#17729,.F.);
#17762 = FACE_BOUND('',#17763,.F.);
#17763 = EDGE_LOOP('',(#17764,#17765,#17788,#17811));
#17764 = ORIENTED_EDGE('',*,*,#17713,.T.);
#17765 = ORIENTED_EDGE('',*,*,#17766,.T.);
#17766 = EDGE_CURVE('',#17691,#17767,#17769,.T.);
#17767 = VERTEX_POINT('',#17768);
#17768 = CARTESIAN_POINT('',(0.375,2.5,0.2));
#17769 = SURFACE_CURVE('',#17770,(#17774,#17781),.PCURVE_S1.);
#17770 = LINE('',#17771,#17772);
#17771 = CARTESIAN_POINT('',(0.625,2.5,0.2));
#17772 = VECTOR('',#17773,1.);
#17773 = DIRECTION('',(-1.,0.,0.));
#17774 = PCURVE('',#17729,#17775);
#17775 = DEFINITIONAL_REPRESENTATION('',(#17776),#17780);
#17776 = LINE('',#17777,#17778);
#17777 = CARTESIAN_POINT('',(0.,-0.2));
#17778 = VECTOR('',#17779,1.);
#17779 = DIRECTION('',(1.,0.));
#17780 = ( GEOMETRIC_REPRESENTATION_CONTEXT(2) 
PARAMETRIC_REPRESENTATION_CONTEXT() REPRESENTATION_CONTEXT('2D SPACE',''
  ) );
#17781 = PCURVE('',#17620,#17782);
#17782 = DEFINITIONAL_REPRESENTATION('',(#17783),#17787);
#17783 = LINE('',#17784,#17785);
#17784 = CARTESIAN_POINT('',(0.125,0.2));
#17785 = VECTOR('',#17786,1.);
#17786 = DIRECTION('',(-1.,0.));
#17787 = ( GEOMETRIC_REPRESENTATION_CONTEXT(2) 
PARAMETRIC_REPRESENTATION_CONTEXT() REPRESENTATION_CONTEXT('2D SPACE',''
  ) );
#17788 = ORIENTED_EDGE('',*,*,#17789,.F.);
#17789 = EDGE_CURVE('',#17790,#17767,#17792,.T.);
#17790 = VERTEX_POINT('',#17791);
#17791 = CARTESIAN_POINT('',(0.375,2.5,0.));
#17792 = SURFACE_CURVE('',#17793,(#17797,#17804),.PCURVE_S1.);
#17793 = LINE('',#17794,#17795);
#17794 = CARTESIAN_POINT('',(0.375,2.5,0.));
#17795 = VECTOR('',#17796,1.);
#17796 = DIRECTION('',(0.,0.,1.));
#17797 = PCURVE('',#17729,#17798);
#17798 = DEFINITIONAL_REPRESENTATION('',(#17799),#17803);
#17799 = LINE('',#17800,#17801);
#17800 = CARTESIAN_POINT('',(0.25,0.));
#17801 = VECTOR('',#17802,1.);
#17802 = DIRECTION('',(0.,-1.));
#17803 = ( GEOMETRIC_REPRESENTATION_CONTEXT(2) 
PARAMETRIC_REPRESENTATION_CONTEXT() REPRESENTATION_CONTEXT('2D SPACE',''
  ) );
#17804 = PCURVE('',#17592,#17805);
#17805 = DEFINITIONAL_REPRESENTATION('',(#17806),#17810);
#17806 = LINE('',#17807,#17808);
#17807 = CARTESIAN_POINT('',(0.,0.));
#17808 = VECTOR('',#17809,1.);
#17809 = DIRECTION('',(0.,-1.));
#17810 = ( GEOMETRIC_REPRESENTATION_CONTEXT(2) 
PARAMETRIC_REPRESENTATION_CONTEXT() REPRESENTATION_CONTEXT('2D SPACE',''
  ) );
#17811 = ORIENTED_EDGE('',*,*,#17812,.F.);
#17812 = EDGE_CURVE('',#17714,#17790,#17813,.T.);
#17813 = SURFACE_CURVE('',#17814,(#17818,#17825),.PCURVE_S1.);
#17814 = LINE('',#17815,#17816);
#17815 = CARTESIAN_POINT('',(0.625,2.5,0.));
#17816 = VECTOR('',#17817,1.);
#17817 = DIRECTION('',(-1.,0.,0.));
#17818 = PCURVE('',#17729,#17819);
#17819 = DEFINITIONAL_REPRESENTATION('',(#17820),#17824);
#17820 = LINE('',#17821,#17822);
#17821 = CARTESIAN_POINT('',(0.,-0.));
#17822 = VECTOR('',#17823,1.);
#17823 = DIRECTION('',(1.,0.));
#17824 = ( GEOMETRIC_REPRESENTATION_CONTEXT(2) 
PARAMETRIC_REPRESENTATION_CONTEXT() REPRESENTATION_CONTEXT('2D SPACE',''
  ) );
#17825 = PCURVE('',#17674,#17826);
#17826 = DEFINITIONAL_REPRESENTATION('',(#17827),#17831);
#17827 = LINE('',#17828,#17829);
#17828 = CARTESIAN_POINT('',(0.125,0.2));
#17829 = VECTOR('',#17830,1.);
#17830 = DIRECTION('',(-1.,0.));
#17831 = ( GEOMETRIC_REPRESENTATION_CONTEXT(2) 
PARAMETRIC_REPRESENTATION_CONTEXT() REPRESENTATION_CONTEXT('2D SPACE',''
  ) );
#17832 = ADVANCED_FACE('',(#17833),#17592,.F.);
#17833 = FACE_BOUND('',#17834,.F.);
#17834 = EDGE_LOOP('',(#17835,#17836,#17857,#17858));
#17835 = ORIENTED_EDGE('',*,*,#17789,.T.);
#17836 = ORIENTED_EDGE('',*,*,#17837,.T.);
#17837 = EDGE_CURVE('',#17767,#17572,#17838,.T.);
#17838 = SURFACE_CURVE('',#17839,(#17843,#17850),.PCURVE_S1.);
#17839 = LINE('',#17840,#17841);
#17840 = CARTESIAN_POINT('',(0.375,2.5,0.2));
#17841 = VECTOR('',#17842,1.);
#17842 = DIRECTION('',(0.,-1.,0.));
#17843 = PCURVE('',#17592,#17844);
#17844 = DEFINITIONAL_REPRESENTATION('',(#17845),#17849);
#17845 = LINE('',#17846,#17847);
#17846 = CARTESIAN_POINT('',(0.,-0.2));
#17847 = VECTOR('',#17848,1.);
#17848 = DIRECTION('',(1.,0.));
#17849 = ( GEOMETRIC_REPRESENTATION_CONTEXT(2) 
PARAMETRIC_REPRESENTATION_CONTEXT() REPRESENTATION_CONTEXT('2D SPACE',''
  ) );
#17850 = PCURVE('',#17620,#17851);
#17851 = DEFINITIONAL_REPRESENTATION('',(#17852),#17856);
#17852 = LINE('',#17853,#17854);
#17853 = CARTESIAN_POINT('',(-0.125,0.2));
#17854 = VECTOR('',#17855,1.);
#17855 = DIRECTION('',(0.,-1.));
#17856 = ( GEOMETRIC_REPRESENTATION_CONTEXT(2) 
PARAMETRIC_REPRESENTATION_CONTEXT() REPRESENTATION_CONTEXT('2D SPACE',''
  ) );
#17857 = ORIENTED_EDGE('',*,*,#17569,.F.);
#17858 = ORIENTED_EDGE('',*,*,#17859,.F.);
#17859 = EDGE_CURVE('',#17790,#17570,#17860,.T.);
#17860 = SURFACE_CURVE('',#17861,(#17865,#17872),.PCURVE_S1.);
#17861 = LINE('',#17862,#17863);
#17862 = CARTESIAN_POINT('',(0.375,2.5,0.));
#17863 = VECTOR('',#17864,1.);
#17864 = DIRECTION('',(0.,-1.,0.));
#17865 = PCURVE('',#17592,#17866);
#17866 = DEFINITIONAL_REPRESENTATION('',(#17867),#17871);
#17867 = LINE('',#17868,#17869);
#17868 = CARTESIAN_POINT('',(0.,0.));
#17869 = VECTOR('',#17870,1.);
#17870 = DIRECTION('',(1.,0.));
#17871 = ( GEOMETRIC_REPRESENTATION_CONTEXT(2) 
PARAMETRIC_REPRESENTATION_CONTEXT() REPRESENTATION_CONTEXT('2D SPACE',''
  ) );
#17872 = PCURVE('',#17674,#17873);
#17873 = DEFINITIONAL_REPRESENTATION('',(#17874),#17878);
#17874 = LINE('',#17875,#17876);
#17875 = CARTESIAN_POINT('',(-0.125,0.2));
#17876 = VECTOR('',#17877,1.);
#17877 = DIRECTION('',(0.,-1.));
#17878 = ( GEOMETRIC_REPRESENTATION_CONTEXT(2) 
PARAMETRIC_REPRESENTATION_CONTEXT() REPRESENTATION_CONTEXT('2D SPACE',''
  ) );
#17879 = ADVANCED_FACE('',(#17880),#17674,.F.);
#17880 = FACE_BOUND('',#17881,.F.);
#17881 = EDGE_LOOP('',(#17882,#17883,#17884,#17885));
#17882 = ORIENTED_EDGE('',*,*,#17660,.T.);
#17883 = ORIENTED_EDGE('',*,*,#17741,.T.);
#17884 = ORIENTED_EDGE('',*,*,#17812,.T.);
#17885 = ORIENTED_EDGE('',*,*,#17859,.T.);
#17886 = ADVANCED_FACE('',(#17887),#17620,.T.);
#17887 = FACE_BOUND('',#17888,.T.);
#17888 = EDGE_LOOP('',(#17889,#17890,#17891,#17892));
#17889 = ORIENTED_EDGE('',*,*,#17604,.T.);
#17890 = ORIENTED_EDGE('',*,*,#17690,.T.);
#17891 = ORIENTED_EDGE('',*,*,#17766,.T.);
#17892 = ORIENTED_EDGE('',*,*,#17837,.T.);
#17893 = ( GEOMETRIC_REPRESENTATION_CONTEXT(3) 
GLOBAL_UNCERTAINTY_ASSIGNED_CONTEXT((#17897)) 
GLOBAL_UNIT_ASSIGNED_CONTEXT((#17894,#17895,#17896)) 
REPRESENTATION_CONTEXT('Context #1',
  '3D Context with UNIT and UNCERTAINTY') );
#17894 = ( LENGTH_UNIT() NAMED_UNIT(*) SI_UNIT(.MILLI.,.METRE.) );
#17895 = ( NAMED_UNIT(*) PLANE_ANGLE_UNIT() SI_UNIT($,.RADIAN.) );
#17896 = ( NAMED_UNIT(*) SI_UNIT($,.STERADIAN.) SOLID_ANGLE_UNIT() );
#17897 = UNCERTAINTY_MEASURE_WITH_UNIT(LENGTH_MEASURE(1.E-07),#17894,
  'distance_accuracy_value','confusion accuracy');
#17898 = CONTEXT_DEPENDENT_SHAPE_REPRESENTATION(#17899,#17901);
#17899 = ( REPRESENTATION_RELATIONSHIP('','',#17562,#10) 
REPRESENTATION_RELATIONSHIP_WITH_TRANSFORMATION(#17900) 
SHAPE_REPRESENTATION_RELATIONSHIP() );
#17900 = ITEM_DEFINED_TRANSFORMATION('','',#11,#119);
#17901 = PRODUCT_DEFINITION_SHAPE('Placement','Placement of an item',
  #17902);
#17902 = NEXT_ASSEMBLY_USAGE_OCCURRENCE('27','terminal24','',#5,#17557,$
  );
#17903 = PRODUCT_RELATED_PRODUCT_CATEGORY('part',$,(#17559));
#17904 = SHAPE_DEFINITION_REPRESENTATION(#17905,#17911);
#17905 = PRODUCT_DEFINITION_SHAPE('','',#17906);
#17906 = PRODUCT_DEFINITION('design','',#17907,#17910);
#17907 = PRODUCT_DEFINITION_FORMATION('','',#17908);
#17908 = PRODUCT('terminal25','terminal25','',(#17909));
#17909 = PRODUCT_CONTEXT('',#2,'mechanical');
#17910 = PRODUCT_DEFINITION_CONTEXT('part definition',#2,'design');
#17911 = ADVANCED_BREP_SHAPE_REPRESENTATION('',(#11,#17912),#18242);
#17912 = MANIFOLD_SOLID_BREP('',#17913);
#17913 = CLOSED_SHELL('',(#17914,#18034,#18110,#18181,#18228,#18235));
#17914 = ADVANCED_FACE('',(#17915),#17929,.F.);
#17915 = FACE_BOUND('',#17916,.F.);
#17916 = EDGE_LOOP('',(#17917,#17952,#17980,#18008));
#17917 = ORIENTED_EDGE('',*,*,#17918,.T.);
#17918 = EDGE_CURVE('',#17919,#17921,#17923,.T.);
#17919 = VERTEX_POINT('',#17920);
#17920 = CARTESIAN_POINT('',(-0.125,2.1,0.));
#17921 = VERTEX_POINT('',#17922);
#17922 = CARTESIAN_POINT('',(-0.125,2.1,0.2));
#17923 = SURFACE_CURVE('',#17924,(#17928,#17940),.PCURVE_S1.);
#17924 = LINE('',#17925,#17926);
#17925 = CARTESIAN_POINT('',(-0.125,2.1,0.));
#17926 = VECTOR('',#17927,1.);
#17927 = DIRECTION('',(0.,0.,1.));
#17928 = PCURVE('',#17929,#17934);
#17929 = PLANE('',#17930);
#17930 = AXIS2_PLACEMENT_3D('',#17931,#17932,#17933);
#17931 = CARTESIAN_POINT('',(-0.125,2.1,0.));
#17932 = DIRECTION('',(0.,1.,0.));
#17933 = DIRECTION('',(1.,0.,0.));
#17934 = DEFINITIONAL_REPRESENTATION('',(#17935),#17939);
#17935 = LINE('',#17936,#17937);
#17936 = CARTESIAN_POINT('',(0.,0.));
#17937 = VECTOR('',#17938,1.);
#17938 = DIRECTION('',(0.,-1.));
#17939 = ( GEOMETRIC_REPRESENTATION_CONTEXT(2) 
PARAMETRIC_REPRESENTATION_CONTEXT() REPRESENTATION_CONTEXT('2D SPACE',''
  ) );
#17940 = PCURVE('',#17941,#17946);
#17941 = PLANE('',#17942);
#17942 = AXIS2_PLACEMENT_3D('',#17943,#17944,#17945);
#17943 = CARTESIAN_POINT('',(-0.125,2.5,0.));
#17944 = DIRECTION('',(1.,0.,-0.));
#17945 = DIRECTION('',(0.,-1.,0.));
#17946 = DEFINITIONAL_REPRESENTATION('',(#17947),#17951);
#17947 = LINE('',#17948,#17949);
#17948 = CARTESIAN_POINT('',(0.4,0.));
#17949 = VECTOR('',#17950,1.);
#17950 = DIRECTION('',(0.,-1.));
#17951 = ( GEOMETRIC_REPRESENTATION_CONTEXT(2) 
PARAMETRIC_REPRESENTATION_CONTEXT() REPRESENTATION_CONTEXT('2D SPACE',''
  ) );
#17952 = ORIENTED_EDGE('',*,*,#17953,.T.);
#17953 = EDGE_CURVE('',#17921,#17954,#17956,.T.);
#17954 = VERTEX_POINT('',#17955);
#17955 = CARTESIAN_POINT('',(0.125,2.1,0.2));
#17956 = SURFACE_CURVE('',#17957,(#17961,#17968),.PCURVE_S1.);
#17957 = LINE('',#17958,#17959);
#17958 = CARTESIAN_POINT('',(-0.125,2.1,0.2));
#17959 = VECTOR('',#17960,1.);
#17960 = DIRECTION('',(1.,0.,0.));
#17961 = PCURVE('',#17929,#17962);
#17962 = DEFINITIONAL_REPRESENTATION('',(#17963),#17967);
#17963 = LINE('',#17964,#17965);
#17964 = CARTESIAN_POINT('',(0.,-0.2));
#17965 = VECTOR('',#17966,1.);
#17966 = DIRECTION('',(1.,0.));
#17967 = ( GEOMETRIC_REPRESENTATION_CONTEXT(2) 
PARAMETRIC_REPRESENTATION_CONTEXT() REPRESENTATION_CONTEXT('2D SPACE',''
  ) );
#17968 = PCURVE('',#17969,#17974);
#17969 = PLANE('',#17970);
#17970 = AXIS2_PLACEMENT_3D('',#17971,#17972,#17973);
#17971 = CARTESIAN_POINT('',(0.,2.3,0.2));
#17972 = DIRECTION('',(0.,0.,1.));
#17973 = DIRECTION('',(1.,0.,-0.));
#17974 = DEFINITIONAL_REPRESENTATION('',(#17975),#17979);
#17975 = LINE('',#17976,#17977);
#17976 = CARTESIAN_POINT('',(-0.125,-0.2));
#17977 = VECTOR('',#17978,1.);
#17978 = DIRECTION('',(1.,0.));
#17979 = ( GEOMETRIC_REPRESENTATION_CONTEXT(2) 
PARAMETRIC_REPRESENTATION_CONTEXT() REPRESENTATION_CONTEXT('2D SPACE',''
  ) );
#17980 = ORIENTED_EDGE('',*,*,#17981,.F.);
#17981 = EDGE_CURVE('',#17982,#17954,#17984,.T.);
#17982 = VERTEX_POINT('',#17983);
#17983 = CARTESIAN_POINT('',(0.125,2.1,0.));
#17984 = SURFACE_CURVE('',#17985,(#17989,#17996),.PCURVE_S1.);
#17985 = LINE('',#17986,#17987);
#17986 = CARTESIAN_POINT('',(0.125,2.1,0.));
#17987 = VECTOR('',#17988,1.);
#17988 = DIRECTION('',(0.,0.,1.));
#17989 = PCURVE('',#17929,#17990);
#17990 = DEFINITIONAL_REPRESENTATION('',(#17991),#17995);
#17991 = LINE('',#17992,#17993);
#17992 = CARTESIAN_POINT('',(0.25,0.));
#17993 = VECTOR('',#17994,1.);
#17994 = DIRECTION('',(0.,-1.));
#17995 = ( GEOMETRIC_REPRESENTATION_CONTEXT(2) 
PARAMETRIC_REPRESENTATION_CONTEXT() REPRESENTATION_CONTEXT('2D SPACE',''
  ) );
#17996 = PCURVE('',#17997,#18002);
#17997 = PLANE('',#17998);
#17998 = AXIS2_PLACEMENT_3D('',#17999,#18000,#18001);
#17999 = CARTESIAN_POINT('',(0.125,2.1,0.));
#18000 = DIRECTION('',(-1.,0.,0.));
#18001 = DIRECTION('',(0.,1.,0.));
#18002 = DEFINITIONAL_REPRESENTATION('',(#18003),#18007);
#18003 = LINE('',#18004,#18005);
#18004 = CARTESIAN_POINT('',(0.,0.));
#18005 = VECTOR('',#18006,1.);
#18006 = DIRECTION('',(0.,-1.));
#18007 = ( GEOMETRIC_REPRESENTATION_CONTEXT(2) 
PARAMETRIC_REPRESENTATION_CONTEXT() REPRESENTATION_CONTEXT('2D SPACE',''
  ) );
#18008 = ORIENTED_EDGE('',*,*,#18009,.F.);
#18009 = EDGE_CURVE('',#17919,#17982,#18010,.T.);
#18010 = SURFACE_CURVE('',#18011,(#18015,#18022),.PCURVE_S1.);
#18011 = LINE('',#18012,#18013);
#18012 = CARTESIAN_POINT('',(-0.125,2.1,0.));
#18013 = VECTOR('',#18014,1.);
#18014 = DIRECTION('',(1.,0.,0.));
#18015 = PCURVE('',#17929,#18016);
#18016 = DEFINITIONAL_REPRESENTATION('',(#18017),#18021);
#18017 = LINE('',#18018,#18019);
#18018 = CARTESIAN_POINT('',(0.,0.));
#18019 = VECTOR('',#18020,1.);
#18020 = DIRECTION('',(1.,0.));
#18021 = ( GEOMETRIC_REPRESENTATION_CONTEXT(2) 
PARAMETRIC_REPRESENTATION_CONTEXT() REPRESENTATION_CONTEXT('2D SPACE',''
  ) );
#18022 = PCURVE('',#18023,#18028);
#18023 = PLANE('',#18024);
#18024 = AXIS2_PLACEMENT_3D('',#18025,#18026,#18027);
#18025 = CARTESIAN_POINT('',(0.,2.3,0.));
#18026 = DIRECTION('',(0.,0.,1.));
#18027 = DIRECTION('',(1.,0.,-0.));
#18028 = DEFINITIONAL_REPRESENTATION('',(#18029),#18033);
#18029 = LINE('',#18030,#18031);
#18030 = CARTESIAN_POINT('',(-0.125,-0.2));
#18031 = VECTOR('',#18032,1.);
#18032 = DIRECTION('',(1.,0.));
#18033 = ( GEOMETRIC_REPRESENTATION_CONTEXT(2) 
PARAMETRIC_REPRESENTATION_CONTEXT() REPRESENTATION_CONTEXT('2D SPACE',''
  ) );
#18034 = ADVANCED_FACE('',(#18035),#17997,.F.);
#18035 = FACE_BOUND('',#18036,.F.);
#18036 = EDGE_LOOP('',(#18037,#18038,#18061,#18089));
#18037 = ORIENTED_EDGE('',*,*,#17981,.T.);
#18038 = ORIENTED_EDGE('',*,*,#18039,.T.);
#18039 = EDGE_CURVE('',#17954,#18040,#18042,.T.);
#18040 = VERTEX_POINT('',#18041);
#18041 = CARTESIAN_POINT('',(0.125,2.5,0.2));
#18042 = SURFACE_CURVE('',#18043,(#18047,#18054),.PCURVE_S1.);
#18043 = LINE('',#18044,#18045);
#18044 = CARTESIAN_POINT('',(0.125,2.1,0.2));
#18045 = VECTOR('',#18046,1.);
#18046 = DIRECTION('',(0.,1.,0.));
#18047 = PCURVE('',#17997,#18048);
#18048 = DEFINITIONAL_REPRESENTATION('',(#18049),#18053);
#18049 = LINE('',#18050,#18051);
#18050 = CARTESIAN_POINT('',(0.,-0.2));
#18051 = VECTOR('',#18052,1.);
#18052 = DIRECTION('',(1.,0.));
#18053 = ( GEOMETRIC_REPRESENTATION_CONTEXT(2) 
PARAMETRIC_REPRESENTATION_CONTEXT() REPRESENTATION_CONTEXT('2D SPACE',''
  ) );
#18054 = PCURVE('',#17969,#18055);
#18055 = DEFINITIONAL_REPRESENTATION('',(#18056),#18060);
#18056 = LINE('',#18057,#18058);
#18057 = CARTESIAN_POINT('',(0.125,-0.2));
#18058 = VECTOR('',#18059,1.);
#18059 = DIRECTION('',(0.,1.));
#18060 = ( GEOMETRIC_REPRESENTATION_CONTEXT(2) 
PARAMETRIC_REPRESENTATION_CONTEXT() REPRESENTATION_CONTEXT('2D SPACE',''
  ) );
#18061 = ORIENTED_EDGE('',*,*,#18062,.F.);
#18062 = EDGE_CURVE('',#18063,#18040,#18065,.T.);
#18063 = VERTEX_POINT('',#18064);
#18064 = CARTESIAN_POINT('',(0.125,2.5,0.));
#18065 = SURFACE_CURVE('',#18066,(#18070,#18077),.PCURVE_S1.);
#18066 = LINE('',#18067,#18068);
#18067 = CARTESIAN_POINT('',(0.125,2.5,0.));
#18068 = VECTOR('',#18069,1.);
#18069 = DIRECTION('',(0.,0.,1.));
#18070 = PCURVE('',#17997,#18071);
#18071 = DEFINITIONAL_REPRESENTATION('',(#18072),#18076);
#18072 = LINE('',#18073,#18074);
#18073 = CARTESIAN_POINT('',(0.4,0.));
#18074 = VECTOR('',#18075,1.);
#18075 = DIRECTION('',(0.,-1.));
#18076 = ( GEOMETRIC_REPRESENTATION_CONTEXT(2) 
PARAMETRIC_REPRESENTATION_CONTEXT() REPRESENTATION_CONTEXT('2D SPACE',''
  ) );
#18077 = PCURVE('',#18078,#18083);
#18078 = PLANE('',#18079);
#18079 = AXIS2_PLACEMENT_3D('',#18080,#18081,#18082);
#18080 = CARTESIAN_POINT('',(0.125,2.5,0.));
#18081 = DIRECTION('',(0.,-1.,0.));
#18082 = DIRECTION('',(-1.,0.,0.));
#18083 = DEFINITIONAL_REPRESENTATION('',(#18084),#18088);
#18084 = LINE('',#18085,#18086);
#18085 = CARTESIAN_POINT('',(0.,-0.));
#18086 = VECTOR('',#18087,1.);
#18087 = DIRECTION('',(0.,-1.));
#18088 = ( GEOMETRIC_REPRESENTATION_CONTEXT(2) 
PARAMETRIC_REPRESENTATION_CONTEXT() REPRESENTATION_CONTEXT('2D SPACE',''
  ) );
#18089 = ORIENTED_EDGE('',*,*,#18090,.F.);
#18090 = EDGE_CURVE('',#17982,#18063,#18091,.T.);
#18091 = SURFACE_CURVE('',#18092,(#18096,#18103),.PCURVE_S1.);
#18092 = LINE('',#18093,#18094);
#18093 = CARTESIAN_POINT('',(0.125,2.1,0.));
#18094 = VECTOR('',#18095,1.);
#18095 = DIRECTION('',(0.,1.,0.));
#18096 = PCURVE('',#17997,#18097);
#18097 = DEFINITIONAL_REPRESENTATION('',(#18098),#18102);
#18098 = LINE('',#18099,#18100);
#18099 = CARTESIAN_POINT('',(0.,0.));
#18100 = VECTOR('',#18101,1.);
#18101 = DIRECTION('',(1.,0.));
#18102 = ( GEOMETRIC_REPRESENTATION_CONTEXT(2) 
PARAMETRIC_REPRESENTATION_CONTEXT() REPRESENTATION_CONTEXT('2D SPACE',''
  ) );
#18103 = PCURVE('',#18023,#18104);
#18104 = DEFINITIONAL_REPRESENTATION('',(#18105),#18109);
#18105 = LINE('',#18106,#18107);
#18106 = CARTESIAN_POINT('',(0.125,-0.2));
#18107 = VECTOR('',#18108,1.);
#18108 = DIRECTION('',(0.,1.));
#18109 = ( GEOMETRIC_REPRESENTATION_CONTEXT(2) 
PARAMETRIC_REPRESENTATION_CONTEXT() REPRESENTATION_CONTEXT('2D SPACE',''
  ) );
#18110 = ADVANCED_FACE('',(#18111),#18078,.F.);
#18111 = FACE_BOUND('',#18112,.F.);
#18112 = EDGE_LOOP('',(#18113,#18114,#18137,#18160));
#18113 = ORIENTED_EDGE('',*,*,#18062,.T.);
#18114 = ORIENTED_EDGE('',*,*,#18115,.T.);
#18115 = EDGE_CURVE('',#18040,#18116,#18118,.T.);
#18116 = VERTEX_POINT('',#18117);
#18117 = CARTESIAN_POINT('',(-0.125,2.5,0.2));
#18118 = SURFACE_CURVE('',#18119,(#18123,#18130),.PCURVE_S1.);
#18119 = LINE('',#18120,#18121);
#18120 = CARTESIAN_POINT('',(0.125,2.5,0.2));
#18121 = VECTOR('',#18122,1.);
#18122 = DIRECTION('',(-1.,0.,0.));
#18123 = PCURVE('',#18078,#18124);
#18124 = DEFINITIONAL_REPRESENTATION('',(#18125),#18129);
#18125 = LINE('',#18126,#18127);
#18126 = CARTESIAN_POINT('',(0.,-0.2));
#18127 = VECTOR('',#18128,1.);
#18128 = DIRECTION('',(1.,0.));
#18129 = ( GEOMETRIC_REPRESENTATION_CONTEXT(2) 
PARAMETRIC_REPRESENTATION_CONTEXT() REPRESENTATION_CONTEXT('2D SPACE',''
  ) );
#18130 = PCURVE('',#17969,#18131);
#18131 = DEFINITIONAL_REPRESENTATION('',(#18132),#18136);
#18132 = LINE('',#18133,#18134);
#18133 = CARTESIAN_POINT('',(0.125,0.2));
#18134 = VECTOR('',#18135,1.);
#18135 = DIRECTION('',(-1.,0.));
#18136 = ( GEOMETRIC_REPRESENTATION_CONTEXT(2) 
PARAMETRIC_REPRESENTATION_CONTEXT() REPRESENTATION_CONTEXT('2D SPACE',''
  ) );
#18137 = ORIENTED_EDGE('',*,*,#18138,.F.);
#18138 = EDGE_CURVE('',#18139,#18116,#18141,.T.);
#18139 = VERTEX_POINT('',#18140);
#18140 = CARTESIAN_POINT('',(-0.125,2.5,0.));
#18141 = SURFACE_CURVE('',#18142,(#18146,#18153),.PCURVE_S1.);
#18142 = LINE('',#18143,#18144);
#18143 = CARTESIAN_POINT('',(-0.125,2.5,0.));
#18144 = VECTOR('',#18145,1.);
#18145 = DIRECTION('',(0.,0.,1.));
#18146 = PCURVE('',#18078,#18147);
#18147 = DEFINITIONAL_REPRESENTATION('',(#18148),#18152);
#18148 = LINE('',#18149,#18150);
#18149 = CARTESIAN_POINT('',(0.25,0.));
#18150 = VECTOR('',#18151,1.);
#18151 = DIRECTION('',(0.,-1.));
#18152 = ( GEOMETRIC_REPRESENTATION_CONTEXT(2) 
PARAMETRIC_REPRESENTATION_CONTEXT() REPRESENTATION_CONTEXT('2D SPACE',''
  ) );
#18153 = PCURVE('',#17941,#18154);
#18154 = DEFINITIONAL_REPRESENTATION('',(#18155),#18159);
#18155 = LINE('',#18156,#18157);
#18156 = CARTESIAN_POINT('',(0.,0.));
#18157 = VECTOR('',#18158,1.);
#18158 = DIRECTION('',(0.,-1.));
#18159 = ( GEOMETRIC_REPRESENTATION_CONTEXT(2) 
PARAMETRIC_REPRESENTATION_CONTEXT() REPRESENTATION_CONTEXT('2D SPACE',''
  ) );
#18160 = ORIENTED_EDGE('',*,*,#18161,.F.);
#18161 = EDGE_CURVE('',#18063,#18139,#18162,.T.);
#18162 = SURFACE_CURVE('',#18163,(#18167,#18174),.PCURVE_S1.);
#18163 = LINE('',#18164,#18165);
#18164 = CARTESIAN_POINT('',(0.125,2.5,0.));
#18165 = VECTOR('',#18166,1.);
#18166 = DIRECTION('',(-1.,0.,0.));
#18167 = PCURVE('',#18078,#18168);
#18168 = DEFINITIONAL_REPRESENTATION('',(#18169),#18173);
#18169 = LINE('',#18170,#18171);
#18170 = CARTESIAN_POINT('',(0.,-0.));
#18171 = VECTOR('',#18172,1.);
#18172 = DIRECTION('',(1.,0.));
#18173 = ( GEOMETRIC_REPRESENTATION_CONTEXT(2) 
PARAMETRIC_REPRESENTATION_CONTEXT() REPRESENTATION_CONTEXT('2D SPACE',''
  ) );
#18174 = PCURVE('',#18023,#18175);
#18175 = DEFINITIONAL_REPRESENTATION('',(#18176),#18180);
#18176 = LINE('',#18177,#18178);
#18177 = CARTESIAN_POINT('',(0.125,0.2));
#18178 = VECTOR('',#18179,1.);
#18179 = DIRECTION('',(-1.,0.));
#18180 = ( GEOMETRIC_REPRESENTATION_CONTEXT(2) 
PARAMETRIC_REPRESENTATION_CONTEXT() REPRESENTATION_CONTEXT('2D SPACE',''
  ) );
#18181 = ADVANCED_FACE('',(#18182),#17941,.F.);
#18182 = FACE_BOUND('',#18183,.F.);
#18183 = EDGE_LOOP('',(#18184,#18185,#18206,#18207));
#18184 = ORIENTED_EDGE('',*,*,#18138,.T.);
#18185 = ORIENTED_EDGE('',*,*,#18186,.T.);
#18186 = EDGE_CURVE('',#18116,#17921,#18187,.T.);
#18187 = SURFACE_CURVE('',#18188,(#18192,#18199),.PCURVE_S1.);
#18188 = LINE('',#18189,#18190);
#18189 = CARTESIAN_POINT('',(-0.125,2.5,0.2));
#18190 = VECTOR('',#18191,1.);
#18191 = DIRECTION('',(0.,-1.,0.));
#18192 = PCURVE('',#17941,#18193);
#18193 = DEFINITIONAL_REPRESENTATION('',(#18194),#18198);
#18194 = LINE('',#18195,#18196);
#18195 = CARTESIAN_POINT('',(0.,-0.2));
#18196 = VECTOR('',#18197,1.);
#18197 = DIRECTION('',(1.,0.));
#18198 = ( GEOMETRIC_REPRESENTATION_CONTEXT(2) 
PARAMETRIC_REPRESENTATION_CONTEXT() REPRESENTATION_CONTEXT('2D SPACE',''
  ) );
#18199 = PCURVE('',#17969,#18200);
#18200 = DEFINITIONAL_REPRESENTATION('',(#18201),#18205);
#18201 = LINE('',#18202,#18203);
#18202 = CARTESIAN_POINT('',(-0.125,0.2));
#18203 = VECTOR('',#18204,1.);
#18204 = DIRECTION('',(0.,-1.));
#18205 = ( GEOMETRIC_REPRESENTATION_CONTEXT(2) 
PARAMETRIC_REPRESENTATION_CONTEXT() REPRESENTATION_CONTEXT('2D SPACE',''
  ) );
#18206 = ORIENTED_EDGE('',*,*,#17918,.F.);
#18207 = ORIENTED_EDGE('',*,*,#18208,.F.);
#18208 = EDGE_CURVE('',#18139,#17919,#18209,.T.);
#18209 = SURFACE_CURVE('',#18210,(#18214,#18221),.PCURVE_S1.);
#18210 = LINE('',#18211,#18212);
#18211 = CARTESIAN_POINT('',(-0.125,2.5,0.));
#18212 = VECTOR('',#18213,1.);
#18213 = DIRECTION('',(0.,-1.,0.));
#18214 = PCURVE('',#17941,#18215);
#18215 = DEFINITIONAL_REPRESENTATION('',(#18216),#18220);
#18216 = LINE('',#18217,#18218);
#18217 = CARTESIAN_POINT('',(0.,0.));
#18218 = VECTOR('',#18219,1.);
#18219 = DIRECTION('',(1.,0.));
#18220 = ( GEOMETRIC_REPRESENTATION_CONTEXT(2) 
PARAMETRIC_REPRESENTATION_CONTEXT() REPRESENTATION_CONTEXT('2D SPACE',''
  ) );
#18221 = PCURVE('',#18023,#18222);
#18222 = DEFINITIONAL_REPRESENTATION('',(#18223),#18227);
#18223 = LINE('',#18224,#18225);
#18224 = CARTESIAN_POINT('',(-0.125,0.2));
#18225 = VECTOR('',#18226,1.);
#18226 = DIRECTION('',(0.,-1.));
#18227 = ( GEOMETRIC_REPRESENTATION_CONTEXT(2) 
PARAMETRIC_REPRESENTATION_CONTEXT() REPRESENTATION_CONTEXT('2D SPACE',''
  ) );
#18228 = ADVANCED_FACE('',(#18229),#18023,.F.);
#18229 = FACE_BOUND('',#18230,.F.);
#18230 = EDGE_LOOP('',(#18231,#18232,#18233,#18234));
#18231 = ORIENTED_EDGE('',*,*,#18009,.T.);
#18232 = ORIENTED_EDGE('',*,*,#18090,.T.);
#18233 = ORIENTED_EDGE('',*,*,#18161,.T.);
#18234 = ORIENTED_EDGE('',*,*,#18208,.T.);
#18235 = ADVANCED_FACE('',(#18236),#17969,.T.);
#18236 = FACE_BOUND('',#18237,.T.);
#18237 = EDGE_LOOP('',(#18238,#18239,#18240,#18241));
#18238 = ORIENTED_EDGE('',*,*,#17953,.T.);
#18239 = ORIENTED_EDGE('',*,*,#18039,.T.);
#18240 = ORIENTED_EDGE('',*,*,#18115,.T.);
#18241 = ORIENTED_EDGE('',*,*,#18186,.T.);
#18242 = ( GEOMETRIC_REPRESENTATION_CONTEXT(3) 
GLOBAL_UNCERTAINTY_ASSIGNED_CONTEXT((#18246)) 
GLOBAL_UNIT_ASSIGNED_CONTEXT((#18243,#18244,#18245)) 
REPRESENTATION_CONTEXT('Context #1',
  '3D Context with UNIT and UNCERTAINTY') );
#18243 = ( LENGTH_UNIT() NAMED_UNIT(*) SI_UNIT(.MILLI.,.METRE.) );
#18244 = ( NAMED_UNIT(*) PLANE_ANGLE_UNIT() SI_UNIT($,.RADIAN.) );
#18245 = ( NAMED_UNIT(*) SI_UNIT($,.STERADIAN.) SOLID_ANGLE_UNIT() );
#18246 = UNCERTAINTY_MEASURE_WITH_UNIT(LENGTH_MEASURE(1.E-07),#18243,
  'distance_accuracy_value','confusion accuracy');
#18247 = CONTEXT_DEPENDENT_SHAPE_REPRESENTATION(#18248,#18250);
#18248 = ( REPRESENTATION_RELATIONSHIP('','',#17911,#10) 
REPRESENTATION_RELATIONSHIP_WITH_TRANSFORMATION(#18249) 
SHAPE_REPRESENTATION_RELATIONSHIP() );
#18249 = ITEM_DEFINED_TRANSFORMATION('','',#11,#123);
#18250 = PRODUCT_DEFINITION_SHAPE('Placement','Placement of an item',
  #18251);
#18251 = NEXT_ASSEMBLY_USAGE_OCCURRENCE('28','terminal25','',#5,#17906,$
  );
#18252 = PRODUCT_RELATED_PRODUCT_CATEGORY('part',$,(#17908));
#18253 = SHAPE_DEFINITION_REPRESENTATION(#18254,#18260);
#18254 = PRODUCT_DEFINITION_SHAPE('','',#18255);
#18255 = PRODUCT_DEFINITION('design','',#18256,#18259);
#18256 = PRODUCT_DEFINITION_FORMATION('','',#18257);
#18257 = PRODUCT('terminal26','terminal26','',(#18258));
#18258 = PRODUCT_CONTEXT('',#2,'mechanical');
#18259 = PRODUCT_DEFINITION_CONTEXT('part definition',#2,'design');
#18260 = ADVANCED_BREP_SHAPE_REPRESENTATION('',(#11,#18261),#18591);
#18261 = MANIFOLD_SOLID_BREP('',#18262);
#18262 = CLOSED_SHELL('',(#18263,#18383,#18459,#18530,#18577,#18584));
#18263 = ADVANCED_FACE('',(#18264),#18278,.F.);
#18264 = FACE_BOUND('',#18265,.F.);
#18265 = EDGE_LOOP('',(#18266,#18301,#18329,#18357));
#18266 = ORIENTED_EDGE('',*,*,#18267,.T.);
#18267 = EDGE_CURVE('',#18268,#18270,#18272,.T.);
#18268 = VERTEX_POINT('',#18269);
#18269 = CARTESIAN_POINT('',(-0.625,2.1,0.));
#18270 = VERTEX_POINT('',#18271);
#18271 = CARTESIAN_POINT('',(-0.625,2.1,0.2));
#18272 = SURFACE_CURVE('',#18273,(#18277,#18289),.PCURVE_S1.);
#18273 = LINE('',#18274,#18275);
#18274 = CARTESIAN_POINT('',(-0.625,2.1,0.));
#18275 = VECTOR('',#18276,1.);
#18276 = DIRECTION('',(0.,0.,1.));
#18277 = PCURVE('',#18278,#18283);
#18278 = PLANE('',#18279);
#18279 = AXIS2_PLACEMENT_3D('',#18280,#18281,#18282);
#18280 = CARTESIAN_POINT('',(-0.625,2.1,0.));
#18281 = DIRECTION('',(0.,1.,0.));
#18282 = DIRECTION('',(1.,0.,0.));
#18283 = DEFINITIONAL_REPRESENTATION('',(#18284),#18288);
#18284 = LINE('',#18285,#18286);
#18285 = CARTESIAN_POINT('',(0.,0.));
#18286 = VECTOR('',#18287,1.);
#18287 = DIRECTION('',(0.,-1.));
#18288 = ( GEOMETRIC_REPRESENTATION_CONTEXT(2) 
PARAMETRIC_REPRESENTATION_CONTEXT() REPRESENTATION_CONTEXT('2D SPACE',''
  ) );
#18289 = PCURVE('',#18290,#18295);
#18290 = PLANE('',#18291);
#18291 = AXIS2_PLACEMENT_3D('',#18292,#18293,#18294);
#18292 = CARTESIAN_POINT('',(-0.625,2.5,0.));
#18293 = DIRECTION('',(1.,0.,-0.));
#18294 = DIRECTION('',(0.,-1.,0.));
#18295 = DEFINITIONAL_REPRESENTATION('',(#18296),#18300);
#18296 = LINE('',#18297,#18298);
#18297 = CARTESIAN_POINT('',(0.4,0.));
#18298 = VECTOR('',#18299,1.);
#18299 = DIRECTION('',(0.,-1.));
#18300 = ( GEOMETRIC_REPRESENTATION_CONTEXT(2) 
PARAMETRIC_REPRESENTATION_CONTEXT() REPRESENTATION_CONTEXT('2D SPACE',''
  ) );
#18301 = ORIENTED_EDGE('',*,*,#18302,.T.);
#18302 = EDGE_CURVE('',#18270,#18303,#18305,.T.);
#18303 = VERTEX_POINT('',#18304);
#18304 = CARTESIAN_POINT('',(-0.375,2.1,0.2));
#18305 = SURFACE_CURVE('',#18306,(#18310,#18317),.PCURVE_S1.);
#18306 = LINE('',#18307,#18308);
#18307 = CARTESIAN_POINT('',(-0.625,2.1,0.2));
#18308 = VECTOR('',#18309,1.);
#18309 = DIRECTION('',(1.,0.,0.));
#18310 = PCURVE('',#18278,#18311);
#18311 = DEFINITIONAL_REPRESENTATION('',(#18312),#18316);
#18312 = LINE('',#18313,#18314);
#18313 = CARTESIAN_POINT('',(0.,-0.2));
#18314 = VECTOR('',#18315,1.);
#18315 = DIRECTION('',(1.,0.));
#18316 = ( GEOMETRIC_REPRESENTATION_CONTEXT(2) 
PARAMETRIC_REPRESENTATION_CONTEXT() REPRESENTATION_CONTEXT('2D SPACE',''
  ) );
#18317 = PCURVE('',#18318,#18323);
#18318 = PLANE('',#18319);
#18319 = AXIS2_PLACEMENT_3D('',#18320,#18321,#18322);
#18320 = CARTESIAN_POINT('',(-0.5,2.3,0.2));
#18321 = DIRECTION('',(0.,0.,1.));
#18322 = DIRECTION('',(1.,0.,-0.));
#18323 = DEFINITIONAL_REPRESENTATION('',(#18324),#18328);
#18324 = LINE('',#18325,#18326);
#18325 = CARTESIAN_POINT('',(-0.125,-0.2));
#18326 = VECTOR('',#18327,1.);
#18327 = DIRECTION('',(1.,0.));
#18328 = ( GEOMETRIC_REPRESENTATION_CONTEXT(2) 
PARAMETRIC_REPRESENTATION_CONTEXT() REPRESENTATION_CONTEXT('2D SPACE',''
  ) );
#18329 = ORIENTED_EDGE('',*,*,#18330,.F.);
#18330 = EDGE_CURVE('',#18331,#18303,#18333,.T.);
#18331 = VERTEX_POINT('',#18332);
#18332 = CARTESIAN_POINT('',(-0.375,2.1,0.));
#18333 = SURFACE_CURVE('',#18334,(#18338,#18345),.PCURVE_S1.);
#18334 = LINE('',#18335,#18336);
#18335 = CARTESIAN_POINT('',(-0.375,2.1,0.));
#18336 = VECTOR('',#18337,1.);
#18337 = DIRECTION('',(0.,0.,1.));
#18338 = PCURVE('',#18278,#18339);
#18339 = DEFINITIONAL_REPRESENTATION('',(#18340),#18344);
#18340 = LINE('',#18341,#18342);
#18341 = CARTESIAN_POINT('',(0.25,0.));
#18342 = VECTOR('',#18343,1.);
#18343 = DIRECTION('',(0.,-1.));
#18344 = ( GEOMETRIC_REPRESENTATION_CONTEXT(2) 
PARAMETRIC_REPRESENTATION_CONTEXT() REPRESENTATION_CONTEXT('2D SPACE',''
  ) );
#18345 = PCURVE('',#18346,#18351);
#18346 = PLANE('',#18347);
#18347 = AXIS2_PLACEMENT_3D('',#18348,#18349,#18350);
#18348 = CARTESIAN_POINT('',(-0.375,2.1,0.));
#18349 = DIRECTION('',(-1.,0.,0.));
#18350 = DIRECTION('',(0.,1.,0.));
#18351 = DEFINITIONAL_REPRESENTATION('',(#18352),#18356);
#18352 = LINE('',#18353,#18354);
#18353 = CARTESIAN_POINT('',(0.,0.));
#18354 = VECTOR('',#18355,1.);
#18355 = DIRECTION('',(0.,-1.));
#18356 = ( GEOMETRIC_REPRESENTATION_CONTEXT(2) 
PARAMETRIC_REPRESENTATION_CONTEXT() REPRESENTATION_CONTEXT('2D SPACE',''
  ) );
#18357 = ORIENTED_EDGE('',*,*,#18358,.F.);
#18358 = EDGE_CURVE('',#18268,#18331,#18359,.T.);
#18359 = SURFACE_CURVE('',#18360,(#18364,#18371),.PCURVE_S1.);
#18360 = LINE('',#18361,#18362);
#18361 = CARTESIAN_POINT('',(-0.625,2.1,0.));
#18362 = VECTOR('',#18363,1.);
#18363 = DIRECTION('',(1.,0.,0.));
#18364 = PCURVE('',#18278,#18365);
#18365 = DEFINITIONAL_REPRESENTATION('',(#18366),#18370);
#18366 = LINE('',#18367,#18368);
#18367 = CARTESIAN_POINT('',(0.,0.));
#18368 = VECTOR('',#18369,1.);
#18369 = DIRECTION('',(1.,0.));
#18370 = ( GEOMETRIC_REPRESENTATION_CONTEXT(2) 
PARAMETRIC_REPRESENTATION_CONTEXT() REPRESENTATION_CONTEXT('2D SPACE',''
  ) );
#18371 = PCURVE('',#18372,#18377);
#18372 = PLANE('',#18373);
#18373 = AXIS2_PLACEMENT_3D('',#18374,#18375,#18376);
#18374 = CARTESIAN_POINT('',(-0.5,2.3,0.));
#18375 = DIRECTION('',(0.,0.,1.));
#18376 = DIRECTION('',(1.,0.,-0.));
#18377 = DEFINITIONAL_REPRESENTATION('',(#18378),#18382);
#18378 = LINE('',#18379,#18380);
#18379 = CARTESIAN_POINT('',(-0.125,-0.2));
#18380 = VECTOR('',#18381,1.);
#18381 = DIRECTION('',(1.,0.));
#18382 = ( GEOMETRIC_REPRESENTATION_CONTEXT(2) 
PARAMETRIC_REPRESENTATION_CONTEXT() REPRESENTATION_CONTEXT('2D SPACE',''
  ) );
#18383 = ADVANCED_FACE('',(#18384),#18346,.F.);
#18384 = FACE_BOUND('',#18385,.F.);
#18385 = EDGE_LOOP('',(#18386,#18387,#18410,#18438));
#18386 = ORIENTED_EDGE('',*,*,#18330,.T.);
#18387 = ORIENTED_EDGE('',*,*,#18388,.T.);
#18388 = EDGE_CURVE('',#18303,#18389,#18391,.T.);
#18389 = VERTEX_POINT('',#18390);
#18390 = CARTESIAN_POINT('',(-0.375,2.5,0.2));
#18391 = SURFACE_CURVE('',#18392,(#18396,#18403),.PCURVE_S1.);
#18392 = LINE('',#18393,#18394);
#18393 = CARTESIAN_POINT('',(-0.375,2.1,0.2));
#18394 = VECTOR('',#18395,1.);
#18395 = DIRECTION('',(0.,1.,0.));
#18396 = PCURVE('',#18346,#18397);
#18397 = DEFINITIONAL_REPRESENTATION('',(#18398),#18402);
#18398 = LINE('',#18399,#18400);
#18399 = CARTESIAN_POINT('',(0.,-0.2));
#18400 = VECTOR('',#18401,1.);
#18401 = DIRECTION('',(1.,0.));
#18402 = ( GEOMETRIC_REPRESENTATION_CONTEXT(2) 
PARAMETRIC_REPRESENTATION_CONTEXT() REPRESENTATION_CONTEXT('2D SPACE',''
  ) );
#18403 = PCURVE('',#18318,#18404);
#18404 = DEFINITIONAL_REPRESENTATION('',(#18405),#18409);
#18405 = LINE('',#18406,#18407);
#18406 = CARTESIAN_POINT('',(0.125,-0.2));
#18407 = VECTOR('',#18408,1.);
#18408 = DIRECTION('',(0.,1.));
#18409 = ( GEOMETRIC_REPRESENTATION_CONTEXT(2) 
PARAMETRIC_REPRESENTATION_CONTEXT() REPRESENTATION_CONTEXT('2D SPACE',''
  ) );
#18410 = ORIENTED_EDGE('',*,*,#18411,.F.);
#18411 = EDGE_CURVE('',#18412,#18389,#18414,.T.);
#18412 = VERTEX_POINT('',#18413);
#18413 = CARTESIAN_POINT('',(-0.375,2.5,0.));
#18414 = SURFACE_CURVE('',#18415,(#18419,#18426),.PCURVE_S1.);
#18415 = LINE('',#18416,#18417);
#18416 = CARTESIAN_POINT('',(-0.375,2.5,0.));
#18417 = VECTOR('',#18418,1.);
#18418 = DIRECTION('',(0.,0.,1.));
#18419 = PCURVE('',#18346,#18420);
#18420 = DEFINITIONAL_REPRESENTATION('',(#18421),#18425);
#18421 = LINE('',#18422,#18423);
#18422 = CARTESIAN_POINT('',(0.4,0.));
#18423 = VECTOR('',#18424,1.);
#18424 = DIRECTION('',(0.,-1.));
#18425 = ( GEOMETRIC_REPRESENTATION_CONTEXT(2) 
PARAMETRIC_REPRESENTATION_CONTEXT() REPRESENTATION_CONTEXT('2D SPACE',''
  ) );
#18426 = PCURVE('',#18427,#18432);
#18427 = PLANE('',#18428);
#18428 = AXIS2_PLACEMENT_3D('',#18429,#18430,#18431);
#18429 = CARTESIAN_POINT('',(-0.375,2.5,0.));
#18430 = DIRECTION('',(0.,-1.,0.));
#18431 = DIRECTION('',(-1.,0.,0.));
#18432 = DEFINITIONAL_REPRESENTATION('',(#18433),#18437);
#18433 = LINE('',#18434,#18435);
#18434 = CARTESIAN_POINT('',(0.,-0.));
#18435 = VECTOR('',#18436,1.);
#18436 = DIRECTION('',(0.,-1.));
#18437 = ( GEOMETRIC_REPRESENTATION_CONTEXT(2) 
PARAMETRIC_REPRESENTATION_CONTEXT() REPRESENTATION_CONTEXT('2D SPACE',''
  ) );
#18438 = ORIENTED_EDGE('',*,*,#18439,.F.);
#18439 = EDGE_CURVE('',#18331,#18412,#18440,.T.);
#18440 = SURFACE_CURVE('',#18441,(#18445,#18452),.PCURVE_S1.);
#18441 = LINE('',#18442,#18443);
#18442 = CARTESIAN_POINT('',(-0.375,2.1,0.));
#18443 = VECTOR('',#18444,1.);
#18444 = DIRECTION('',(0.,1.,0.));
#18445 = PCURVE('',#18346,#18446);
#18446 = DEFINITIONAL_REPRESENTATION('',(#18447),#18451);
#18447 = LINE('',#18448,#18449);
#18448 = CARTESIAN_POINT('',(0.,0.));
#18449 = VECTOR('',#18450,1.);
#18450 = DIRECTION('',(1.,0.));
#18451 = ( GEOMETRIC_REPRESENTATION_CONTEXT(2) 
PARAMETRIC_REPRESENTATION_CONTEXT() REPRESENTATION_CONTEXT('2D SPACE',''
  ) );
#18452 = PCURVE('',#18372,#18453);
#18453 = DEFINITIONAL_REPRESENTATION('',(#18454),#18458);
#18454 = LINE('',#18455,#18456);
#18455 = CARTESIAN_POINT('',(0.125,-0.2));
#18456 = VECTOR('',#18457,1.);
#18457 = DIRECTION('',(0.,1.));
#18458 = ( GEOMETRIC_REPRESENTATION_CONTEXT(2) 
PARAMETRIC_REPRESENTATION_CONTEXT() REPRESENTATION_CONTEXT('2D SPACE',''
  ) );
#18459 = ADVANCED_FACE('',(#18460),#18427,.F.);
#18460 = FACE_BOUND('',#18461,.F.);
#18461 = EDGE_LOOP('',(#18462,#18463,#18486,#18509));
#18462 = ORIENTED_EDGE('',*,*,#18411,.T.);
#18463 = ORIENTED_EDGE('',*,*,#18464,.T.);
#18464 = EDGE_CURVE('',#18389,#18465,#18467,.T.);
#18465 = VERTEX_POINT('',#18466);
#18466 = CARTESIAN_POINT('',(-0.625,2.5,0.2));
#18467 = SURFACE_CURVE('',#18468,(#18472,#18479),.PCURVE_S1.);
#18468 = LINE('',#18469,#18470);
#18469 = CARTESIAN_POINT('',(-0.375,2.5,0.2));
#18470 = VECTOR('',#18471,1.);
#18471 = DIRECTION('',(-1.,0.,0.));
#18472 = PCURVE('',#18427,#18473);
#18473 = DEFINITIONAL_REPRESENTATION('',(#18474),#18478);
#18474 = LINE('',#18475,#18476);
#18475 = CARTESIAN_POINT('',(0.,-0.2));
#18476 = VECTOR('',#18477,1.);
#18477 = DIRECTION('',(1.,0.));
#18478 = ( GEOMETRIC_REPRESENTATION_CONTEXT(2) 
PARAMETRIC_REPRESENTATION_CONTEXT() REPRESENTATION_CONTEXT('2D SPACE',''
  ) );
#18479 = PCURVE('',#18318,#18480);
#18480 = DEFINITIONAL_REPRESENTATION('',(#18481),#18485);
#18481 = LINE('',#18482,#18483);
#18482 = CARTESIAN_POINT('',(0.125,0.2));
#18483 = VECTOR('',#18484,1.);
#18484 = DIRECTION('',(-1.,0.));
#18485 = ( GEOMETRIC_REPRESENTATION_CONTEXT(2) 
PARAMETRIC_REPRESENTATION_CONTEXT() REPRESENTATION_CONTEXT('2D SPACE',''
  ) );
#18486 = ORIENTED_EDGE('',*,*,#18487,.F.);
#18487 = EDGE_CURVE('',#18488,#18465,#18490,.T.);
#18488 = VERTEX_POINT('',#18489);
#18489 = CARTESIAN_POINT('',(-0.625,2.5,0.));
#18490 = SURFACE_CURVE('',#18491,(#18495,#18502),.PCURVE_S1.);
#18491 = LINE('',#18492,#18493);
#18492 = CARTESIAN_POINT('',(-0.625,2.5,0.));
#18493 = VECTOR('',#18494,1.);
#18494 = DIRECTION('',(0.,0.,1.));
#18495 = PCURVE('',#18427,#18496);
#18496 = DEFINITIONAL_REPRESENTATION('',(#18497),#18501);
#18497 = LINE('',#18498,#18499);
#18498 = CARTESIAN_POINT('',(0.25,0.));
#18499 = VECTOR('',#18500,1.);
#18500 = DIRECTION('',(0.,-1.));
#18501 = ( GEOMETRIC_REPRESENTATION_CONTEXT(2) 
PARAMETRIC_REPRESENTATION_CONTEXT() REPRESENTATION_CONTEXT('2D SPACE',''
  ) );
#18502 = PCURVE('',#18290,#18503);
#18503 = DEFINITIONAL_REPRESENTATION('',(#18504),#18508);
#18504 = LINE('',#18505,#18506);
#18505 = CARTESIAN_POINT('',(0.,0.));
#18506 = VECTOR('',#18507,1.);
#18507 = DIRECTION('',(0.,-1.));
#18508 = ( GEOMETRIC_REPRESENTATION_CONTEXT(2) 
PARAMETRIC_REPRESENTATION_CONTEXT() REPRESENTATION_CONTEXT('2D SPACE',''
  ) );
#18509 = ORIENTED_EDGE('',*,*,#18510,.F.);
#18510 = EDGE_CURVE('',#18412,#18488,#18511,.T.);
#18511 = SURFACE_CURVE('',#18512,(#18516,#18523),.PCURVE_S1.);
#18512 = LINE('',#18513,#18514);
#18513 = CARTESIAN_POINT('',(-0.375,2.5,0.));
#18514 = VECTOR('',#18515,1.);
#18515 = DIRECTION('',(-1.,0.,0.));
#18516 = PCURVE('',#18427,#18517);
#18517 = DEFINITIONAL_REPRESENTATION('',(#18518),#18522);
#18518 = LINE('',#18519,#18520);
#18519 = CARTESIAN_POINT('',(0.,-0.));
#18520 = VECTOR('',#18521,1.);
#18521 = DIRECTION('',(1.,0.));
#18522 = ( GEOMETRIC_REPRESENTATION_CONTEXT(2) 
PARAMETRIC_REPRESENTATION_CONTEXT() REPRESENTATION_CONTEXT('2D SPACE',''
  ) );
#18523 = PCURVE('',#18372,#18524);
#18524 = DEFINITIONAL_REPRESENTATION('',(#18525),#18529);
#18525 = LINE('',#18526,#18527);
#18526 = CARTESIAN_POINT('',(0.125,0.2));
#18527 = VECTOR('',#18528,1.);
#18528 = DIRECTION('',(-1.,0.));
#18529 = ( GEOMETRIC_REPRESENTATION_CONTEXT(2) 
PARAMETRIC_REPRESENTATION_CONTEXT() REPRESENTATION_CONTEXT('2D SPACE',''
  ) );
#18530 = ADVANCED_FACE('',(#18531),#18290,.F.);
#18531 = FACE_BOUND('',#18532,.F.);
#18532 = EDGE_LOOP('',(#18533,#18534,#18555,#18556));
#18533 = ORIENTED_EDGE('',*,*,#18487,.T.);
#18534 = ORIENTED_EDGE('',*,*,#18535,.T.);
#18535 = EDGE_CURVE('',#18465,#18270,#18536,.T.);
#18536 = SURFACE_CURVE('',#18537,(#18541,#18548),.PCURVE_S1.);
#18537 = LINE('',#18538,#18539);
#18538 = CARTESIAN_POINT('',(-0.625,2.5,0.2));
#18539 = VECTOR('',#18540,1.);
#18540 = DIRECTION('',(0.,-1.,0.));
#18541 = PCURVE('',#18290,#18542);
#18542 = DEFINITIONAL_REPRESENTATION('',(#18543),#18547);
#18543 = LINE('',#18544,#18545);
#18544 = CARTESIAN_POINT('',(0.,-0.2));
#18545 = VECTOR('',#18546,1.);
#18546 = DIRECTION('',(1.,0.));
#18547 = ( GEOMETRIC_REPRESENTATION_CONTEXT(2) 
PARAMETRIC_REPRESENTATION_CONTEXT() REPRESENTATION_CONTEXT('2D SPACE',''
  ) );
#18548 = PCURVE('',#18318,#18549);
#18549 = DEFINITIONAL_REPRESENTATION('',(#18550),#18554);
#18550 = LINE('',#18551,#18552);
#18551 = CARTESIAN_POINT('',(-0.125,0.2));
#18552 = VECTOR('',#18553,1.);
#18553 = DIRECTION('',(0.,-1.));
#18554 = ( GEOMETRIC_REPRESENTATION_CONTEXT(2) 
PARAMETRIC_REPRESENTATION_CONTEXT() REPRESENTATION_CONTEXT('2D SPACE',''
  ) );
#18555 = ORIENTED_EDGE('',*,*,#18267,.F.);
#18556 = ORIENTED_EDGE('',*,*,#18557,.F.);
#18557 = EDGE_CURVE('',#18488,#18268,#18558,.T.);
#18558 = SURFACE_CURVE('',#18559,(#18563,#18570),.PCURVE_S1.);
#18559 = LINE('',#18560,#18561);
#18560 = CARTESIAN_POINT('',(-0.625,2.5,0.));
#18561 = VECTOR('',#18562,1.);
#18562 = DIRECTION('',(0.,-1.,0.));
#18563 = PCURVE('',#18290,#18564);
#18564 = DEFINITIONAL_REPRESENTATION('',(#18565),#18569);
#18565 = LINE('',#18566,#18567);
#18566 = CARTESIAN_POINT('',(0.,0.));
#18567 = VECTOR('',#18568,1.);
#18568 = DIRECTION('',(1.,0.));
#18569 = ( GEOMETRIC_REPRESENTATION_CONTEXT(2) 
PARAMETRIC_REPRESENTATION_CONTEXT() REPRESENTATION_CONTEXT('2D SPACE',''
  ) );
#18570 = PCURVE('',#18372,#18571);
#18571 = DEFINITIONAL_REPRESENTATION('',(#18572),#18576);
#18572 = LINE('',#18573,#18574);
#18573 = CARTESIAN_POINT('',(-0.125,0.2));
#18574 = VECTOR('',#18575,1.);
#18575 = DIRECTION('',(0.,-1.));
#18576 = ( GEOMETRIC_REPRESENTATION_CONTEXT(2) 
PARAMETRIC_REPRESENTATION_CONTEXT() REPRESENTATION_CONTEXT('2D SPACE',''
  ) );
#18577 = ADVANCED_FACE('',(#18578),#18372,.F.);
#18578 = FACE_BOUND('',#18579,.F.);
#18579 = EDGE_LOOP('',(#18580,#18581,#18582,#18583));
#18580 = ORIENTED_EDGE('',*,*,#18358,.T.);
#18581 = ORIENTED_EDGE('',*,*,#18439,.T.);
#18582 = ORIENTED_EDGE('',*,*,#18510,.T.);
#18583 = ORIENTED_EDGE('',*,*,#18557,.T.);
#18584 = ADVANCED_FACE('',(#18585),#18318,.T.);
#18585 = FACE_BOUND('',#18586,.T.);
#18586 = EDGE_LOOP('',(#18587,#18588,#18589,#18590));
#18587 = ORIENTED_EDGE('',*,*,#18302,.T.);
#18588 = ORIENTED_EDGE('',*,*,#18388,.T.);
#18589 = ORIENTED_EDGE('',*,*,#18464,.T.);
#18590 = ORIENTED_EDGE('',*,*,#18535,.T.);
#18591 = ( GEOMETRIC_REPRESENTATION_CONTEXT(3) 
GLOBAL_UNCERTAINTY_ASSIGNED_CONTEXT((#18595)) 
GLOBAL_UNIT_ASSIGNED_CONTEXT((#18592,#18593,#18594)) 
REPRESENTATION_CONTEXT('Context #1',
  '3D Context with UNIT and UNCERTAINTY') );
#18592 = ( LENGTH_UNIT() NAMED_UNIT(*) SI_UNIT(.MILLI.,.METRE.) );
#18593 = ( NAMED_UNIT(*) PLANE_ANGLE_UNIT() SI_UNIT($,.RADIAN.) );
#18594 = ( NAMED_UNIT(*) SI_UNIT($,.STERADIAN.) SOLID_ANGLE_UNIT() );
#18595 = UNCERTAINTY_MEASURE_WITH_UNIT(LENGTH_MEASURE(1.E-07),#18592,
  'distance_accuracy_value','confusion accuracy');
#18596 = CONTEXT_DEPENDENT_SHAPE_REPRESENTATION(#18597,#18599);
#18597 = ( REPRESENTATION_RELATIONSHIP('','',#18260,#10) 
REPRESENTATION_RELATIONSHIP_WITH_TRANSFORMATION(#18598) 
SHAPE_REPRESENTATION_RELATIONSHIP() );
#18598 = ITEM_DEFINED_TRANSFORMATION('','',#11,#127);
#18599 = PRODUCT_DEFINITION_SHAPE('Placement','Placement of an item',
  #18600);
#18600 = NEXT_ASSEMBLY_USAGE_OCCURRENCE('29','terminal26','',#5,#18255,$
  );
#18601 = PRODUCT_RELATED_PRODUCT_CATEGORY('part',$,(#18257));
#18602 = SHAPE_DEFINITION_REPRESENTATION(#18603,#18609);
#18603 = PRODUCT_DEFINITION_SHAPE('','',#18604);
#18604 = PRODUCT_DEFINITION('design','',#18605,#18608);
#18605 = PRODUCT_DEFINITION_FORMATION('','',#18606);
#18606 = PRODUCT('terminal27','terminal27','',(#18607));
#18607 = PRODUCT_CONTEXT('',#2,'mechanical');
#18608 = PRODUCT_DEFINITION_CONTEXT('part definition',#2,'design');
#18609 = ADVANCED_BREP_SHAPE_REPRESENTATION('',(#11,#18610),#18940);
#18610 = MANIFOLD_SOLID_BREP('',#18611);
#18611 = CLOSED_SHELL('',(#18612,#18732,#18808,#18879,#18926,#18933));
#18612 = ADVANCED_FACE('',(#18613),#18627,.F.);
#18613 = FACE_BOUND('',#18614,.F.);
#18614 = EDGE_LOOP('',(#18615,#18650,#18678,#18706));
#18615 = ORIENTED_EDGE('',*,*,#18616,.T.);
#18616 = EDGE_CURVE('',#18617,#18619,#18621,.T.);
#18617 = VERTEX_POINT('',#18618);
#18618 = CARTESIAN_POINT('',(-1.125,2.1,0.));
#18619 = VERTEX_POINT('',#18620);
#18620 = CARTESIAN_POINT('',(-1.125,2.1,0.2));
#18621 = SURFACE_CURVE('',#18622,(#18626,#18638),.PCURVE_S1.);
#18622 = LINE('',#18623,#18624);
#18623 = CARTESIAN_POINT('',(-1.125,2.1,0.));
#18624 = VECTOR('',#18625,1.);
#18625 = DIRECTION('',(0.,0.,1.));
#18626 = PCURVE('',#18627,#18632);
#18627 = PLANE('',#18628);
#18628 = AXIS2_PLACEMENT_3D('',#18629,#18630,#18631);
#18629 = CARTESIAN_POINT('',(-1.125,2.1,0.));
#18630 = DIRECTION('',(0.,1.,0.));
#18631 = DIRECTION('',(1.,0.,0.));
#18632 = DEFINITIONAL_REPRESENTATION('',(#18633),#18637);
#18633 = LINE('',#18634,#18635);
#18634 = CARTESIAN_POINT('',(0.,0.));
#18635 = VECTOR('',#18636,1.);
#18636 = DIRECTION('',(0.,-1.));
#18637 = ( GEOMETRIC_REPRESENTATION_CONTEXT(2) 
PARAMETRIC_REPRESENTATION_CONTEXT() REPRESENTATION_CONTEXT('2D SPACE',''
  ) );
#18638 = PCURVE('',#18639,#18644);
#18639 = PLANE('',#18640);
#18640 = AXIS2_PLACEMENT_3D('',#18641,#18642,#18643);
#18641 = CARTESIAN_POINT('',(-1.125,2.5,0.));
#18642 = DIRECTION('',(1.,0.,-0.));
#18643 = DIRECTION('',(0.,-1.,0.));
#18644 = DEFINITIONAL_REPRESENTATION('',(#18645),#18649);
#18645 = LINE('',#18646,#18647);
#18646 = CARTESIAN_POINT('',(0.4,0.));
#18647 = VECTOR('',#18648,1.);
#18648 = DIRECTION('',(0.,-1.));
#18649 = ( GEOMETRIC_REPRESENTATION_CONTEXT(2) 
PARAMETRIC_REPRESENTATION_CONTEXT() REPRESENTATION_CONTEXT('2D SPACE',''
  ) );
#18650 = ORIENTED_EDGE('',*,*,#18651,.T.);
#18651 = EDGE_CURVE('',#18619,#18652,#18654,.T.);
#18652 = VERTEX_POINT('',#18653);
#18653 = CARTESIAN_POINT('',(-0.875,2.1,0.2));
#18654 = SURFACE_CURVE('',#18655,(#18659,#18666),.PCURVE_S1.);
#18655 = LINE('',#18656,#18657);
#18656 = CARTESIAN_POINT('',(-1.125,2.1,0.2));
#18657 = VECTOR('',#18658,1.);
#18658 = DIRECTION('',(1.,0.,0.));
#18659 = PCURVE('',#18627,#18660);
#18660 = DEFINITIONAL_REPRESENTATION('',(#18661),#18665);
#18661 = LINE('',#18662,#18663);
#18662 = CARTESIAN_POINT('',(0.,-0.2));
#18663 = VECTOR('',#18664,1.);
#18664 = DIRECTION('',(1.,0.));
#18665 = ( GEOMETRIC_REPRESENTATION_CONTEXT(2) 
PARAMETRIC_REPRESENTATION_CONTEXT() REPRESENTATION_CONTEXT('2D SPACE',''
  ) );
#18666 = PCURVE('',#18667,#18672);
#18667 = PLANE('',#18668);
#18668 = AXIS2_PLACEMENT_3D('',#18669,#18670,#18671);
#18669 = CARTESIAN_POINT('',(-1.,2.3,0.2));
#18670 = DIRECTION('',(0.,0.,1.));
#18671 = DIRECTION('',(1.,0.,-0.));
#18672 = DEFINITIONAL_REPRESENTATION('',(#18673),#18677);
#18673 = LINE('',#18674,#18675);
#18674 = CARTESIAN_POINT('',(-0.125,-0.2));
#18675 = VECTOR('',#18676,1.);
#18676 = DIRECTION('',(1.,0.));
#18677 = ( GEOMETRIC_REPRESENTATION_CONTEXT(2) 
PARAMETRIC_REPRESENTATION_CONTEXT() REPRESENTATION_CONTEXT('2D SPACE',''
  ) );
#18678 = ORIENTED_EDGE('',*,*,#18679,.F.);
#18679 = EDGE_CURVE('',#18680,#18652,#18682,.T.);
#18680 = VERTEX_POINT('',#18681);
#18681 = CARTESIAN_POINT('',(-0.875,2.1,0.));
#18682 = SURFACE_CURVE('',#18683,(#18687,#18694),.PCURVE_S1.);
#18683 = LINE('',#18684,#18685);
#18684 = CARTESIAN_POINT('',(-0.875,2.1,0.));
#18685 = VECTOR('',#18686,1.);
#18686 = DIRECTION('',(0.,0.,1.));
#18687 = PCURVE('',#18627,#18688);
#18688 = DEFINITIONAL_REPRESENTATION('',(#18689),#18693);
#18689 = LINE('',#18690,#18691);
#18690 = CARTESIAN_POINT('',(0.25,0.));
#18691 = VECTOR('',#18692,1.);
#18692 = DIRECTION('',(0.,-1.));
#18693 = ( GEOMETRIC_REPRESENTATION_CONTEXT(2) 
PARAMETRIC_REPRESENTATION_CONTEXT() REPRESENTATION_CONTEXT('2D SPACE',''
  ) );
#18694 = PCURVE('',#18695,#18700);
#18695 = PLANE('',#18696);
#18696 = AXIS2_PLACEMENT_3D('',#18697,#18698,#18699);
#18697 = CARTESIAN_POINT('',(-0.875,2.1,0.));
#18698 = DIRECTION('',(-1.,0.,0.));
#18699 = DIRECTION('',(0.,1.,0.));
#18700 = DEFINITIONAL_REPRESENTATION('',(#18701),#18705);
#18701 = LINE('',#18702,#18703);
#18702 = CARTESIAN_POINT('',(0.,0.));
#18703 = VECTOR('',#18704,1.);
#18704 = DIRECTION('',(0.,-1.));
#18705 = ( GEOMETRIC_REPRESENTATION_CONTEXT(2) 
PARAMETRIC_REPRESENTATION_CONTEXT() REPRESENTATION_CONTEXT('2D SPACE',''
  ) );
#18706 = ORIENTED_EDGE('',*,*,#18707,.F.);
#18707 = EDGE_CURVE('',#18617,#18680,#18708,.T.);
#18708 = SURFACE_CURVE('',#18709,(#18713,#18720),.PCURVE_S1.);
#18709 = LINE('',#18710,#18711);
#18710 = CARTESIAN_POINT('',(-1.125,2.1,0.));
#18711 = VECTOR('',#18712,1.);
#18712 = DIRECTION('',(1.,0.,0.));
#18713 = PCURVE('',#18627,#18714);
#18714 = DEFINITIONAL_REPRESENTATION('',(#18715),#18719);
#18715 = LINE('',#18716,#18717);
#18716 = CARTESIAN_POINT('',(0.,0.));
#18717 = VECTOR('',#18718,1.);
#18718 = DIRECTION('',(1.,0.));
#18719 = ( GEOMETRIC_REPRESENTATION_CONTEXT(2) 
PARAMETRIC_REPRESENTATION_CONTEXT() REPRESENTATION_CONTEXT('2D SPACE',''
  ) );
#18720 = PCURVE('',#18721,#18726);
#18721 = PLANE('',#18722);
#18722 = AXIS2_PLACEMENT_3D('',#18723,#18724,#18725);
#18723 = CARTESIAN_POINT('',(-1.,2.3,0.));
#18724 = DIRECTION('',(0.,0.,1.));
#18725 = DIRECTION('',(1.,0.,-0.));
#18726 = DEFINITIONAL_REPRESENTATION('',(#18727),#18731);
#18727 = LINE('',#18728,#18729);
#18728 = CARTESIAN_POINT('',(-0.125,-0.2));
#18729 = VECTOR('',#18730,1.);
#18730 = DIRECTION('',(1.,0.));
#18731 = ( GEOMETRIC_REPRESENTATION_CONTEXT(2) 
PARAMETRIC_REPRESENTATION_CONTEXT() REPRESENTATION_CONTEXT('2D SPACE',''
  ) );
#18732 = ADVANCED_FACE('',(#18733),#18695,.F.);
#18733 = FACE_BOUND('',#18734,.F.);
#18734 = EDGE_LOOP('',(#18735,#18736,#18759,#18787));
#18735 = ORIENTED_EDGE('',*,*,#18679,.T.);
#18736 = ORIENTED_EDGE('',*,*,#18737,.T.);
#18737 = EDGE_CURVE('',#18652,#18738,#18740,.T.);
#18738 = VERTEX_POINT('',#18739);
#18739 = CARTESIAN_POINT('',(-0.875,2.5,0.2));
#18740 = SURFACE_CURVE('',#18741,(#18745,#18752),.PCURVE_S1.);
#18741 = LINE('',#18742,#18743);
#18742 = CARTESIAN_POINT('',(-0.875,2.1,0.2));
#18743 = VECTOR('',#18744,1.);
#18744 = DIRECTION('',(0.,1.,0.));
#18745 = PCURVE('',#18695,#18746);
#18746 = DEFINITIONAL_REPRESENTATION('',(#18747),#18751);
#18747 = LINE('',#18748,#18749);
#18748 = CARTESIAN_POINT('',(0.,-0.2));
#18749 = VECTOR('',#18750,1.);
#18750 = DIRECTION('',(1.,0.));
#18751 = ( GEOMETRIC_REPRESENTATION_CONTEXT(2) 
PARAMETRIC_REPRESENTATION_CONTEXT() REPRESENTATION_CONTEXT('2D SPACE',''
  ) );
#18752 = PCURVE('',#18667,#18753);
#18753 = DEFINITIONAL_REPRESENTATION('',(#18754),#18758);
#18754 = LINE('',#18755,#18756);
#18755 = CARTESIAN_POINT('',(0.125,-0.2));
#18756 = VECTOR('',#18757,1.);
#18757 = DIRECTION('',(0.,1.));
#18758 = ( GEOMETRIC_REPRESENTATION_CONTEXT(2) 
PARAMETRIC_REPRESENTATION_CONTEXT() REPRESENTATION_CONTEXT('2D SPACE',''
  ) );
#18759 = ORIENTED_EDGE('',*,*,#18760,.F.);
#18760 = EDGE_CURVE('',#18761,#18738,#18763,.T.);
#18761 = VERTEX_POINT('',#18762);
#18762 = CARTESIAN_POINT('',(-0.875,2.5,0.));
#18763 = SURFACE_CURVE('',#18764,(#18768,#18775),.PCURVE_S1.);
#18764 = LINE('',#18765,#18766);
#18765 = CARTESIAN_POINT('',(-0.875,2.5,0.));
#18766 = VECTOR('',#18767,1.);
#18767 = DIRECTION('',(0.,0.,1.));
#18768 = PCURVE('',#18695,#18769);
#18769 = DEFINITIONAL_REPRESENTATION('',(#18770),#18774);
#18770 = LINE('',#18771,#18772);
#18771 = CARTESIAN_POINT('',(0.4,0.));
#18772 = VECTOR('',#18773,1.);
#18773 = DIRECTION('',(0.,-1.));
#18774 = ( GEOMETRIC_REPRESENTATION_CONTEXT(2) 
PARAMETRIC_REPRESENTATION_CONTEXT() REPRESENTATION_CONTEXT('2D SPACE',''
  ) );
#18775 = PCURVE('',#18776,#18781);
#18776 = PLANE('',#18777);
#18777 = AXIS2_PLACEMENT_3D('',#18778,#18779,#18780);
#18778 = CARTESIAN_POINT('',(-0.875,2.5,0.));
#18779 = DIRECTION('',(0.,-1.,0.));
#18780 = DIRECTION('',(-1.,0.,0.));
#18781 = DEFINITIONAL_REPRESENTATION('',(#18782),#18786);
#18782 = LINE('',#18783,#18784);
#18783 = CARTESIAN_POINT('',(0.,-0.));
#18784 = VECTOR('',#18785,1.);
#18785 = DIRECTION('',(0.,-1.));
#18786 = ( GEOMETRIC_REPRESENTATION_CONTEXT(2) 
PARAMETRIC_REPRESENTATION_CONTEXT() REPRESENTATION_CONTEXT('2D SPACE',''
  ) );
#18787 = ORIENTED_EDGE('',*,*,#18788,.F.);
#18788 = EDGE_CURVE('',#18680,#18761,#18789,.T.);
#18789 = SURFACE_CURVE('',#18790,(#18794,#18801),.PCURVE_S1.);
#18790 = LINE('',#18791,#18792);
#18791 = CARTESIAN_POINT('',(-0.875,2.1,0.));
#18792 = VECTOR('',#18793,1.);
#18793 = DIRECTION('',(0.,1.,0.));
#18794 = PCURVE('',#18695,#18795);
#18795 = DEFINITIONAL_REPRESENTATION('',(#18796),#18800);
#18796 = LINE('',#18797,#18798);
#18797 = CARTESIAN_POINT('',(0.,0.));
#18798 = VECTOR('',#18799,1.);
#18799 = DIRECTION('',(1.,0.));
#18800 = ( GEOMETRIC_REPRESENTATION_CONTEXT(2) 
PARAMETRIC_REPRESENTATION_CONTEXT() REPRESENTATION_CONTEXT('2D SPACE',''
  ) );
#18801 = PCURVE('',#18721,#18802);
#18802 = DEFINITIONAL_REPRESENTATION('',(#18803),#18807);
#18803 = LINE('',#18804,#18805);
#18804 = CARTESIAN_POINT('',(0.125,-0.2));
#18805 = VECTOR('',#18806,1.);
#18806 = DIRECTION('',(0.,1.));
#18807 = ( GEOMETRIC_REPRESENTATION_CONTEXT(2) 
PARAMETRIC_REPRESENTATION_CONTEXT() REPRESENTATION_CONTEXT('2D SPACE',''
  ) );
#18808 = ADVANCED_FACE('',(#18809),#18776,.F.);
#18809 = FACE_BOUND('',#18810,.F.);
#18810 = EDGE_LOOP('',(#18811,#18812,#18835,#18858));
#18811 = ORIENTED_EDGE('',*,*,#18760,.T.);
#18812 = ORIENTED_EDGE('',*,*,#18813,.T.);
#18813 = EDGE_CURVE('',#18738,#18814,#18816,.T.);
#18814 = VERTEX_POINT('',#18815);
#18815 = CARTESIAN_POINT('',(-1.125,2.5,0.2));
#18816 = SURFACE_CURVE('',#18817,(#18821,#18828),.PCURVE_S1.);
#18817 = LINE('',#18818,#18819);
#18818 = CARTESIAN_POINT('',(-0.875,2.5,0.2));
#18819 = VECTOR('',#18820,1.);
#18820 = DIRECTION('',(-1.,0.,0.));
#18821 = PCURVE('',#18776,#18822);
#18822 = DEFINITIONAL_REPRESENTATION('',(#18823),#18827);
#18823 = LINE('',#18824,#18825);
#18824 = CARTESIAN_POINT('',(0.,-0.2));
#18825 = VECTOR('',#18826,1.);
#18826 = DIRECTION('',(1.,0.));
#18827 = ( GEOMETRIC_REPRESENTATION_CONTEXT(2) 
PARAMETRIC_REPRESENTATION_CONTEXT() REPRESENTATION_CONTEXT('2D SPACE',''
  ) );
#18828 = PCURVE('',#18667,#18829);
#18829 = DEFINITIONAL_REPRESENTATION('',(#18830),#18834);
#18830 = LINE('',#18831,#18832);
#18831 = CARTESIAN_POINT('',(0.125,0.2));
#18832 = VECTOR('',#18833,1.);
#18833 = DIRECTION('',(-1.,0.));
#18834 = ( GEOMETRIC_REPRESENTATION_CONTEXT(2) 
PARAMETRIC_REPRESENTATION_CONTEXT() REPRESENTATION_CONTEXT('2D SPACE',''
  ) );
#18835 = ORIENTED_EDGE('',*,*,#18836,.F.);
#18836 = EDGE_CURVE('',#18837,#18814,#18839,.T.);
#18837 = VERTEX_POINT('',#18838);
#18838 = CARTESIAN_POINT('',(-1.125,2.5,0.));
#18839 = SURFACE_CURVE('',#18840,(#18844,#18851),.PCURVE_S1.);
#18840 = LINE('',#18841,#18842);
#18841 = CARTESIAN_POINT('',(-1.125,2.5,0.));
#18842 = VECTOR('',#18843,1.);
#18843 = DIRECTION('',(0.,0.,1.));
#18844 = PCURVE('',#18776,#18845);
#18845 = DEFINITIONAL_REPRESENTATION('',(#18846),#18850);
#18846 = LINE('',#18847,#18848);
#18847 = CARTESIAN_POINT('',(0.25,0.));
#18848 = VECTOR('',#18849,1.);
#18849 = DIRECTION('',(0.,-1.));
#18850 = ( GEOMETRIC_REPRESENTATION_CONTEXT(2) 
PARAMETRIC_REPRESENTATION_CONTEXT() REPRESENTATION_CONTEXT('2D SPACE',''
  ) );
#18851 = PCURVE('',#18639,#18852);
#18852 = DEFINITIONAL_REPRESENTATION('',(#18853),#18857);
#18853 = LINE('',#18854,#18855);
#18854 = CARTESIAN_POINT('',(0.,0.));
#18855 = VECTOR('',#18856,1.);
#18856 = DIRECTION('',(0.,-1.));
#18857 = ( GEOMETRIC_REPRESENTATION_CONTEXT(2) 
PARAMETRIC_REPRESENTATION_CONTEXT() REPRESENTATION_CONTEXT('2D SPACE',''
  ) );
#18858 = ORIENTED_EDGE('',*,*,#18859,.F.);
#18859 = EDGE_CURVE('',#18761,#18837,#18860,.T.);
#18860 = SURFACE_CURVE('',#18861,(#18865,#18872),.PCURVE_S1.);
#18861 = LINE('',#18862,#18863);
#18862 = CARTESIAN_POINT('',(-0.875,2.5,0.));
#18863 = VECTOR('',#18864,1.);
#18864 = DIRECTION('',(-1.,0.,0.));
#18865 = PCURVE('',#18776,#18866);
#18866 = DEFINITIONAL_REPRESENTATION('',(#18867),#18871);
#18867 = LINE('',#18868,#18869);
#18868 = CARTESIAN_POINT('',(0.,-0.));
#18869 = VECTOR('',#18870,1.);
#18870 = DIRECTION('',(1.,0.));
#18871 = ( GEOMETRIC_REPRESENTATION_CONTEXT(2) 
PARAMETRIC_REPRESENTATION_CONTEXT() REPRESENTATION_CONTEXT('2D SPACE',''
  ) );
#18872 = PCURVE('',#18721,#18873);
#18873 = DEFINITIONAL_REPRESENTATION('',(#18874),#18878);
#18874 = LINE('',#18875,#18876);
#18875 = CARTESIAN_POINT('',(0.125,0.2));
#18876 = VECTOR('',#18877,1.);
#18877 = DIRECTION('',(-1.,0.));
#18878 = ( GEOMETRIC_REPRESENTATION_CONTEXT(2) 
PARAMETRIC_REPRESENTATION_CONTEXT() REPRESENTATION_CONTEXT('2D SPACE',''
  ) );
#18879 = ADVANCED_FACE('',(#18880),#18639,.F.);
#18880 = FACE_BOUND('',#18881,.F.);
#18881 = EDGE_LOOP('',(#18882,#18883,#18904,#18905));
#18882 = ORIENTED_EDGE('',*,*,#18836,.T.);
#18883 = ORIENTED_EDGE('',*,*,#18884,.T.);
#18884 = EDGE_CURVE('',#18814,#18619,#18885,.T.);
#18885 = SURFACE_CURVE('',#18886,(#18890,#18897),.PCURVE_S1.);
#18886 = LINE('',#18887,#18888);
#18887 = CARTESIAN_POINT('',(-1.125,2.5,0.2));
#18888 = VECTOR('',#18889,1.);
#18889 = DIRECTION('',(0.,-1.,0.));
#18890 = PCURVE('',#18639,#18891);
#18891 = DEFINITIONAL_REPRESENTATION('',(#18892),#18896);
#18892 = LINE('',#18893,#18894);
#18893 = CARTESIAN_POINT('',(0.,-0.2));
#18894 = VECTOR('',#18895,1.);
#18895 = DIRECTION('',(1.,0.));
#18896 = ( GEOMETRIC_REPRESENTATION_CONTEXT(2) 
PARAMETRIC_REPRESENTATION_CONTEXT() REPRESENTATION_CONTEXT('2D SPACE',''
  ) );
#18897 = PCURVE('',#18667,#18898);
#18898 = DEFINITIONAL_REPRESENTATION('',(#18899),#18903);
#18899 = LINE('',#18900,#18901);
#18900 = CARTESIAN_POINT('',(-0.125,0.2));
#18901 = VECTOR('',#18902,1.);
#18902 = DIRECTION('',(0.,-1.));
#18903 = ( GEOMETRIC_REPRESENTATION_CONTEXT(2) 
PARAMETRIC_REPRESENTATION_CONTEXT() REPRESENTATION_CONTEXT('2D SPACE',''
  ) );
#18904 = ORIENTED_EDGE('',*,*,#18616,.F.);
#18905 = ORIENTED_EDGE('',*,*,#18906,.F.);
#18906 = EDGE_CURVE('',#18837,#18617,#18907,.T.);
#18907 = SURFACE_CURVE('',#18908,(#18912,#18919),.PCURVE_S1.);
#18908 = LINE('',#18909,#18910);
#18909 = CARTESIAN_POINT('',(-1.125,2.5,0.));
#18910 = VECTOR('',#18911,1.);
#18911 = DIRECTION('',(0.,-1.,0.));
#18912 = PCURVE('',#18639,#18913);
#18913 = DEFINITIONAL_REPRESENTATION('',(#18914),#18918);
#18914 = LINE('',#18915,#18916);
#18915 = CARTESIAN_POINT('',(0.,0.));
#18916 = VECTOR('',#18917,1.);
#18917 = DIRECTION('',(1.,0.));
#18918 = ( GEOMETRIC_REPRESENTATION_CONTEXT(2) 
PARAMETRIC_REPRESENTATION_CONTEXT() REPRESENTATION_CONTEXT('2D SPACE',''
  ) );
#18919 = PCURVE('',#18721,#18920);
#18920 = DEFINITIONAL_REPRESENTATION('',(#18921),#18925);
#18921 = LINE('',#18922,#18923);
#18922 = CARTESIAN_POINT('',(-0.125,0.2));
#18923 = VECTOR('',#18924,1.);
#18924 = DIRECTION('',(0.,-1.));
#18925 = ( GEOMETRIC_REPRESENTATION_CONTEXT(2) 
PARAMETRIC_REPRESENTATION_CONTEXT() REPRESENTATION_CONTEXT('2D SPACE',''
  ) );
#18926 = ADVANCED_FACE('',(#18927),#18721,.F.);
#18927 = FACE_BOUND('',#18928,.F.);
#18928 = EDGE_LOOP('',(#18929,#18930,#18931,#18932));
#18929 = ORIENTED_EDGE('',*,*,#18707,.T.);
#18930 = ORIENTED_EDGE('',*,*,#18788,.T.);
#18931 = ORIENTED_EDGE('',*,*,#18859,.T.);
#18932 = ORIENTED_EDGE('',*,*,#18906,.T.);
#18933 = ADVANCED_FACE('',(#18934),#18667,.T.);
#18934 = FACE_BOUND('',#18935,.T.);
#18935 = EDGE_LOOP('',(#18936,#18937,#18938,#18939));
#18936 = ORIENTED_EDGE('',*,*,#18651,.T.);
#18937 = ORIENTED_EDGE('',*,*,#18737,.T.);
#18938 = ORIENTED_EDGE('',*,*,#18813,.T.);
#18939 = ORIENTED_EDGE('',*,*,#18884,.T.);
#18940 = ( GEOMETRIC_REPRESENTATION_CONTEXT(3) 
GLOBAL_UNCERTAINTY_ASSIGNED_CONTEXT((#18944)) 
GLOBAL_UNIT_ASSIGNED_CONTEXT((#18941,#18942,#18943)) 
REPRESENTATION_CONTEXT('Context #1',
  '3D Context with UNIT and UNCERTAINTY') );
#18941 = ( LENGTH_UNIT() NAMED_UNIT(*) SI_UNIT(.MILLI.,.METRE.) );
#18942 = ( NAMED_UNIT(*) PLANE_ANGLE_UNIT() SI_UNIT($,.RADIAN.) );
#18943 = ( NAMED_UNIT(*) SI_UNIT($,.STERADIAN.) SOLID_ANGLE_UNIT() );
#18944 = UNCERTAINTY_MEASURE_WITH_UNIT(LENGTH_MEASURE(1.E-07),#18941,
  'distance_accuracy_value','confusion accuracy');
#18945 = CONTEXT_DEPENDENT_SHAPE_REPRESENTATION(#18946,#18948);
#18946 = ( REPRESENTATION_RELATIONSHIP('','',#18609,#10) 
REPRESENTATION_RELATIONSHIP_WITH_TRANSFORMATION(#18947) 
SHAPE_REPRESENTATION_RELATIONSHIP() );
#18947 = ITEM_DEFINED_TRANSFORMATION('','',#11,#131);
#18948 = PRODUCT_DEFINITION_SHAPE('Placement','Placement of an item',
  #18949);
#18949 = NEXT_ASSEMBLY_USAGE_OCCURRENCE('30','terminal27','',#5,#18604,$
  );
#18950 = PRODUCT_RELATED_PRODUCT_CATEGORY('part',$,(#18606));
#18951 = SHAPE_DEFINITION_REPRESENTATION(#18952,#18958);
#18952 = PRODUCT_DEFINITION_SHAPE('','',#18953);
#18953 = PRODUCT_DEFINITION('design','',#18954,#18957);
#18954 = PRODUCT_DEFINITION_FORMATION('','',#18955);
#18955 = PRODUCT('terminal28','terminal28','',(#18956));
#18956 = PRODUCT_CONTEXT('',#2,'mechanical');
#18957 = PRODUCT_DEFINITION_CONTEXT('part definition',#2,'design');
#18958 = ADVANCED_BREP_SHAPE_REPRESENTATION('',(#11,#18959),#19289);
#18959 = MANIFOLD_SOLID_BREP('',#18960);
#18960 = CLOSED_SHELL('',(#18961,#19081,#19157,#19228,#19275,#19282));
#18961 = ADVANCED_FACE('',(#18962),#18976,.F.);
#18962 = FACE_BOUND('',#18963,.F.);
#18963 = EDGE_LOOP('',(#18964,#18999,#19027,#19055));
#18964 = ORIENTED_EDGE('',*,*,#18965,.T.);
#18965 = EDGE_CURVE('',#18966,#18968,#18970,.T.);
#18966 = VERTEX_POINT('',#18967);
#18967 = CARTESIAN_POINT('',(-1.625,2.1,0.));
#18968 = VERTEX_POINT('',#18969);
#18969 = CARTESIAN_POINT('',(-1.625,2.1,0.2));
#18970 = SURFACE_CURVE('',#18971,(#18975,#18987),.PCURVE_S1.);
#18971 = LINE('',#18972,#18973);
#18972 = CARTESIAN_POINT('',(-1.625,2.1,0.));
#18973 = VECTOR('',#18974,1.);
#18974 = DIRECTION('',(0.,0.,1.));
#18975 = PCURVE('',#18976,#18981);
#18976 = PLANE('',#18977);
#18977 = AXIS2_PLACEMENT_3D('',#18978,#18979,#18980);
#18978 = CARTESIAN_POINT('',(-1.625,2.1,0.));
#18979 = DIRECTION('',(0.,1.,0.));
#18980 = DIRECTION('',(1.,0.,0.));
#18981 = DEFINITIONAL_REPRESENTATION('',(#18982),#18986);
#18982 = LINE('',#18983,#18984);
#18983 = CARTESIAN_POINT('',(0.,0.));
#18984 = VECTOR('',#18985,1.);
#18985 = DIRECTION('',(0.,-1.));
#18986 = ( GEOMETRIC_REPRESENTATION_CONTEXT(2) 
PARAMETRIC_REPRESENTATION_CONTEXT() REPRESENTATION_CONTEXT('2D SPACE',''
  ) );
#18987 = PCURVE('',#18988,#18993);
#18988 = PLANE('',#18989);
#18989 = AXIS2_PLACEMENT_3D('',#18990,#18991,#18992);
#18990 = CARTESIAN_POINT('',(-1.625,2.5,0.));
#18991 = DIRECTION('',(1.,0.,-0.));
#18992 = DIRECTION('',(0.,-1.,0.));
#18993 = DEFINITIONAL_REPRESENTATION('',(#18994),#18998);
#18994 = LINE('',#18995,#18996);
#18995 = CARTESIAN_POINT('',(0.4,0.));
#18996 = VECTOR('',#18997,1.);
#18997 = DIRECTION('',(0.,-1.));
#18998 = ( GEOMETRIC_REPRESENTATION_CONTEXT(2) 
PARAMETRIC_REPRESENTATION_CONTEXT() REPRESENTATION_CONTEXT('2D SPACE',''
  ) );
#18999 = ORIENTED_EDGE('',*,*,#19000,.T.);
#19000 = EDGE_CURVE('',#18968,#19001,#19003,.T.);
#19001 = VERTEX_POINT('',#19002);
#19002 = CARTESIAN_POINT('',(-1.375,2.1,0.2));
#19003 = SURFACE_CURVE('',#19004,(#19008,#19015),.PCURVE_S1.);
#19004 = LINE('',#19005,#19006);
#19005 = CARTESIAN_POINT('',(-1.625,2.1,0.2));
#19006 = VECTOR('',#19007,1.);
#19007 = DIRECTION('',(1.,0.,0.));
#19008 = PCURVE('',#18976,#19009);
#19009 = DEFINITIONAL_REPRESENTATION('',(#19010),#19014);
#19010 = LINE('',#19011,#19012);
#19011 = CARTESIAN_POINT('',(0.,-0.2));
#19012 = VECTOR('',#19013,1.);
#19013 = DIRECTION('',(1.,0.));
#19014 = ( GEOMETRIC_REPRESENTATION_CONTEXT(2) 
PARAMETRIC_REPRESENTATION_CONTEXT() REPRESENTATION_CONTEXT('2D SPACE',''
  ) );
#19015 = PCURVE('',#19016,#19021);
#19016 = PLANE('',#19017);
#19017 = AXIS2_PLACEMENT_3D('',#19018,#19019,#19020);
#19018 = CARTESIAN_POINT('',(-1.5,2.3,0.2));
#19019 = DIRECTION('',(0.,0.,1.));
#19020 = DIRECTION('',(1.,0.,-0.));
#19021 = DEFINITIONAL_REPRESENTATION('',(#19022),#19026);
#19022 = LINE('',#19023,#19024);
#19023 = CARTESIAN_POINT('',(-0.125,-0.2));
#19024 = VECTOR('',#19025,1.);
#19025 = DIRECTION('',(1.,0.));
#19026 = ( GEOMETRIC_REPRESENTATION_CONTEXT(2) 
PARAMETRIC_REPRESENTATION_CONTEXT() REPRESENTATION_CONTEXT('2D SPACE',''
  ) );
#19027 = ORIENTED_EDGE('',*,*,#19028,.F.);
#19028 = EDGE_CURVE('',#19029,#19001,#19031,.T.);
#19029 = VERTEX_POINT('',#19030);
#19030 = CARTESIAN_POINT('',(-1.375,2.1,0.));
#19031 = SURFACE_CURVE('',#19032,(#19036,#19043),.PCURVE_S1.);
#19032 = LINE('',#19033,#19034);
#19033 = CARTESIAN_POINT('',(-1.375,2.1,0.));
#19034 = VECTOR('',#19035,1.);
#19035 = DIRECTION('',(0.,0.,1.));
#19036 = PCURVE('',#18976,#19037);
#19037 = DEFINITIONAL_REPRESENTATION('',(#19038),#19042);
#19038 = LINE('',#19039,#19040);
#19039 = CARTESIAN_POINT('',(0.25,0.));
#19040 = VECTOR('',#19041,1.);
#19041 = DIRECTION('',(0.,-1.));
#19042 = ( GEOMETRIC_REPRESENTATION_CONTEXT(2) 
PARAMETRIC_REPRESENTATION_CONTEXT() REPRESENTATION_CONTEXT('2D SPACE',''
  ) );
#19043 = PCURVE('',#19044,#19049);
#19044 = PLANE('',#19045);
#19045 = AXIS2_PLACEMENT_3D('',#19046,#19047,#19048);
#19046 = CARTESIAN_POINT('',(-1.375,2.1,0.));
#19047 = DIRECTION('',(-1.,0.,0.));
#19048 = DIRECTION('',(0.,1.,0.));
#19049 = DEFINITIONAL_REPRESENTATION('',(#19050),#19054);
#19050 = LINE('',#19051,#19052);
#19051 = CARTESIAN_POINT('',(0.,0.));
#19052 = VECTOR('',#19053,1.);
#19053 = DIRECTION('',(0.,-1.));
#19054 = ( GEOMETRIC_REPRESENTATION_CONTEXT(2) 
PARAMETRIC_REPRESENTATION_CONTEXT() REPRESENTATION_CONTEXT('2D SPACE',''
  ) );
#19055 = ORIENTED_EDGE('',*,*,#19056,.F.);
#19056 = EDGE_CURVE('',#18966,#19029,#19057,.T.);
#19057 = SURFACE_CURVE('',#19058,(#19062,#19069),.PCURVE_S1.);
#19058 = LINE('',#19059,#19060);
#19059 = CARTESIAN_POINT('',(-1.625,2.1,0.));
#19060 = VECTOR('',#19061,1.);
#19061 = DIRECTION('',(1.,0.,0.));
#19062 = PCURVE('',#18976,#19063);
#19063 = DEFINITIONAL_REPRESENTATION('',(#19064),#19068);
#19064 = LINE('',#19065,#19066);
#19065 = CARTESIAN_POINT('',(0.,0.));
#19066 = VECTOR('',#19067,1.);
#19067 = DIRECTION('',(1.,0.));
#19068 = ( GEOMETRIC_REPRESENTATION_CONTEXT(2) 
PARAMETRIC_REPRESENTATION_CONTEXT() REPRESENTATION_CONTEXT('2D SPACE',''
  ) );
#19069 = PCURVE('',#19070,#19075);
#19070 = PLANE('',#19071);
#19071 = AXIS2_PLACEMENT_3D('',#19072,#19073,#19074);
#19072 = CARTESIAN_POINT('',(-1.5,2.3,0.));
#19073 = DIRECTION('',(0.,0.,1.));
#19074 = DIRECTION('',(1.,0.,-0.));
#19075 = DEFINITIONAL_REPRESENTATION('',(#19076),#19080);
#19076 = LINE('',#19077,#19078);
#19077 = CARTESIAN_POINT('',(-0.125,-0.2));
#19078 = VECTOR('',#19079,1.);
#19079 = DIRECTION('',(1.,0.));
#19080 = ( GEOMETRIC_REPRESENTATION_CONTEXT(2) 
PARAMETRIC_REPRESENTATION_CONTEXT() REPRESENTATION_CONTEXT('2D SPACE',''
  ) );
#19081 = ADVANCED_FACE('',(#19082),#19044,.F.);
#19082 = FACE_BOUND('',#19083,.F.);
#19083 = EDGE_LOOP('',(#19084,#19085,#19108,#19136));
#19084 = ORIENTED_EDGE('',*,*,#19028,.T.);
#19085 = ORIENTED_EDGE('',*,*,#19086,.T.);
#19086 = EDGE_CURVE('',#19001,#19087,#19089,.T.);
#19087 = VERTEX_POINT('',#19088);
#19088 = CARTESIAN_POINT('',(-1.375,2.5,0.2));
#19089 = SURFACE_CURVE('',#19090,(#19094,#19101),.PCURVE_S1.);
#19090 = LINE('',#19091,#19092);
#19091 = CARTESIAN_POINT('',(-1.375,2.1,0.2));
#19092 = VECTOR('',#19093,1.);
#19093 = DIRECTION('',(0.,1.,0.));
#19094 = PCURVE('',#19044,#19095);
#19095 = DEFINITIONAL_REPRESENTATION('',(#19096),#19100);
#19096 = LINE('',#19097,#19098);
#19097 = CARTESIAN_POINT('',(0.,-0.2));
#19098 = VECTOR('',#19099,1.);
#19099 = DIRECTION('',(1.,0.));
#19100 = ( GEOMETRIC_REPRESENTATION_CONTEXT(2) 
PARAMETRIC_REPRESENTATION_CONTEXT() REPRESENTATION_CONTEXT('2D SPACE',''
  ) );
#19101 = PCURVE('',#19016,#19102);
#19102 = DEFINITIONAL_REPRESENTATION('',(#19103),#19107);
#19103 = LINE('',#19104,#19105);
#19104 = CARTESIAN_POINT('',(0.125,-0.2));
#19105 = VECTOR('',#19106,1.);
#19106 = DIRECTION('',(0.,1.));
#19107 = ( GEOMETRIC_REPRESENTATION_CONTEXT(2) 
PARAMETRIC_REPRESENTATION_CONTEXT() REPRESENTATION_CONTEXT('2D SPACE',''
  ) );
#19108 = ORIENTED_EDGE('',*,*,#19109,.F.);
#19109 = EDGE_CURVE('',#19110,#19087,#19112,.T.);
#19110 = VERTEX_POINT('',#19111);
#19111 = CARTESIAN_POINT('',(-1.375,2.5,0.));
#19112 = SURFACE_CURVE('',#19113,(#19117,#19124),.PCURVE_S1.);
#19113 = LINE('',#19114,#19115);
#19114 = CARTESIAN_POINT('',(-1.375,2.5,0.));
#19115 = VECTOR('',#19116,1.);
#19116 = DIRECTION('',(0.,0.,1.));
#19117 = PCURVE('',#19044,#19118);
#19118 = DEFINITIONAL_REPRESENTATION('',(#19119),#19123);
#19119 = LINE('',#19120,#19121);
#19120 = CARTESIAN_POINT('',(0.4,0.));
#19121 = VECTOR('',#19122,1.);
#19122 = DIRECTION('',(0.,-1.));
#19123 = ( GEOMETRIC_REPRESENTATION_CONTEXT(2) 
PARAMETRIC_REPRESENTATION_CONTEXT() REPRESENTATION_CONTEXT('2D SPACE',''
  ) );
#19124 = PCURVE('',#19125,#19130);
#19125 = PLANE('',#19126);
#19126 = AXIS2_PLACEMENT_3D('',#19127,#19128,#19129);
#19127 = CARTESIAN_POINT('',(-1.375,2.5,0.));
#19128 = DIRECTION('',(0.,-1.,0.));
#19129 = DIRECTION('',(-1.,0.,0.));
#19130 = DEFINITIONAL_REPRESENTATION('',(#19131),#19135);
#19131 = LINE('',#19132,#19133);
#19132 = CARTESIAN_POINT('',(0.,-0.));
#19133 = VECTOR('',#19134,1.);
#19134 = DIRECTION('',(0.,-1.));
#19135 = ( GEOMETRIC_REPRESENTATION_CONTEXT(2) 
PARAMETRIC_REPRESENTATION_CONTEXT() REPRESENTATION_CONTEXT('2D SPACE',''
  ) );
#19136 = ORIENTED_EDGE('',*,*,#19137,.F.);
#19137 = EDGE_CURVE('',#19029,#19110,#19138,.T.);
#19138 = SURFACE_CURVE('',#19139,(#19143,#19150),.PCURVE_S1.);
#19139 = LINE('',#19140,#19141);
#19140 = CARTESIAN_POINT('',(-1.375,2.1,0.));
#19141 = VECTOR('',#19142,1.);
#19142 = DIRECTION('',(0.,1.,0.));
#19143 = PCURVE('',#19044,#19144);
#19144 = DEFINITIONAL_REPRESENTATION('',(#19145),#19149);
#19145 = LINE('',#19146,#19147);
#19146 = CARTESIAN_POINT('',(0.,0.));
#19147 = VECTOR('',#19148,1.);
#19148 = DIRECTION('',(1.,0.));
#19149 = ( GEOMETRIC_REPRESENTATION_CONTEXT(2) 
PARAMETRIC_REPRESENTATION_CONTEXT() REPRESENTATION_CONTEXT('2D SPACE',''
  ) );
#19150 = PCURVE('',#19070,#19151);
#19151 = DEFINITIONAL_REPRESENTATION('',(#19152),#19156);
#19152 = LINE('',#19153,#19154);
#19153 = CARTESIAN_POINT('',(0.125,-0.2));
#19154 = VECTOR('',#19155,1.);
#19155 = DIRECTION('',(0.,1.));
#19156 = ( GEOMETRIC_REPRESENTATION_CONTEXT(2) 
PARAMETRIC_REPRESENTATION_CONTEXT() REPRESENTATION_CONTEXT('2D SPACE',''
  ) );
#19157 = ADVANCED_FACE('',(#19158),#19125,.F.);
#19158 = FACE_BOUND('',#19159,.F.);
#19159 = EDGE_LOOP('',(#19160,#19161,#19184,#19207));
#19160 = ORIENTED_EDGE('',*,*,#19109,.T.);
#19161 = ORIENTED_EDGE('',*,*,#19162,.T.);
#19162 = EDGE_CURVE('',#19087,#19163,#19165,.T.);
#19163 = VERTEX_POINT('',#19164);
#19164 = CARTESIAN_POINT('',(-1.625,2.5,0.2));
#19165 = SURFACE_CURVE('',#19166,(#19170,#19177),.PCURVE_S1.);
#19166 = LINE('',#19167,#19168);
#19167 = CARTESIAN_POINT('',(-1.375,2.5,0.2));
#19168 = VECTOR('',#19169,1.);
#19169 = DIRECTION('',(-1.,0.,0.));
#19170 = PCURVE('',#19125,#19171);
#19171 = DEFINITIONAL_REPRESENTATION('',(#19172),#19176);
#19172 = LINE('',#19173,#19174);
#19173 = CARTESIAN_POINT('',(0.,-0.2));
#19174 = VECTOR('',#19175,1.);
#19175 = DIRECTION('',(1.,0.));
#19176 = ( GEOMETRIC_REPRESENTATION_CONTEXT(2) 
PARAMETRIC_REPRESENTATION_CONTEXT() REPRESENTATION_CONTEXT('2D SPACE',''
  ) );
#19177 = PCURVE('',#19016,#19178);
#19178 = DEFINITIONAL_REPRESENTATION('',(#19179),#19183);
#19179 = LINE('',#19180,#19181);
#19180 = CARTESIAN_POINT('',(0.125,0.2));
#19181 = VECTOR('',#19182,1.);
#19182 = DIRECTION('',(-1.,0.));
#19183 = ( GEOMETRIC_REPRESENTATION_CONTEXT(2) 
PARAMETRIC_REPRESENTATION_CONTEXT() REPRESENTATION_CONTEXT('2D SPACE',''
  ) );
#19184 = ORIENTED_EDGE('',*,*,#19185,.F.);
#19185 = EDGE_CURVE('',#19186,#19163,#19188,.T.);
#19186 = VERTEX_POINT('',#19187);
#19187 = CARTESIAN_POINT('',(-1.625,2.5,0.));
#19188 = SURFACE_CURVE('',#19189,(#19193,#19200),.PCURVE_S1.);
#19189 = LINE('',#19190,#19191);
#19190 = CARTESIAN_POINT('',(-1.625,2.5,0.));
#19191 = VECTOR('',#19192,1.);
#19192 = DIRECTION('',(0.,0.,1.));
#19193 = PCURVE('',#19125,#19194);
#19194 = DEFINITIONAL_REPRESENTATION('',(#19195),#19199);
#19195 = LINE('',#19196,#19197);
#19196 = CARTESIAN_POINT('',(0.25,0.));
#19197 = VECTOR('',#19198,1.);
#19198 = DIRECTION('',(0.,-1.));
#19199 = ( GEOMETRIC_REPRESENTATION_CONTEXT(2) 
PARAMETRIC_REPRESENTATION_CONTEXT() REPRESENTATION_CONTEXT('2D SPACE',''
  ) );
#19200 = PCURVE('',#18988,#19201);
#19201 = DEFINITIONAL_REPRESENTATION('',(#19202),#19206);
#19202 = LINE('',#19203,#19204);
#19203 = CARTESIAN_POINT('',(0.,0.));
#19204 = VECTOR('',#19205,1.);
#19205 = DIRECTION('',(0.,-1.));
#19206 = ( GEOMETRIC_REPRESENTATION_CONTEXT(2) 
PARAMETRIC_REPRESENTATION_CONTEXT() REPRESENTATION_CONTEXT('2D SPACE',''
  ) );
#19207 = ORIENTED_EDGE('',*,*,#19208,.F.);
#19208 = EDGE_CURVE('',#19110,#19186,#19209,.T.);
#19209 = SURFACE_CURVE('',#19210,(#19214,#19221),.PCURVE_S1.);
#19210 = LINE('',#19211,#19212);
#19211 = CARTESIAN_POINT('',(-1.375,2.5,0.));
#19212 = VECTOR('',#19213,1.);
#19213 = DIRECTION('',(-1.,0.,0.));
#19214 = PCURVE('',#19125,#19215);
#19215 = DEFINITIONAL_REPRESENTATION('',(#19216),#19220);
#19216 = LINE('',#19217,#19218);
#19217 = CARTESIAN_POINT('',(0.,-0.));
#19218 = VECTOR('',#19219,1.);
#19219 = DIRECTION('',(1.,0.));
#19220 = ( GEOMETRIC_REPRESENTATION_CONTEXT(2) 
PARAMETRIC_REPRESENTATION_CONTEXT() REPRESENTATION_CONTEXT('2D SPACE',''
  ) );
#19221 = PCURVE('',#19070,#19222);
#19222 = DEFINITIONAL_REPRESENTATION('',(#19223),#19227);
#19223 = LINE('',#19224,#19225);
#19224 = CARTESIAN_POINT('',(0.125,0.2));
#19225 = VECTOR('',#19226,1.);
#19226 = DIRECTION('',(-1.,0.));
#19227 = ( GEOMETRIC_REPRESENTATION_CONTEXT(2) 
PARAMETRIC_REPRESENTATION_CONTEXT() REPRESENTATION_CONTEXT('2D SPACE',''
  ) );
#19228 = ADVANCED_FACE('',(#19229),#18988,.F.);
#19229 = FACE_BOUND('',#19230,.F.);
#19230 = EDGE_LOOP('',(#19231,#19232,#19253,#19254));
#19231 = ORIENTED_EDGE('',*,*,#19185,.T.);
#19232 = ORIENTED_EDGE('',*,*,#19233,.T.);
#19233 = EDGE_CURVE('',#19163,#18968,#19234,.T.);
#19234 = SURFACE_CURVE('',#19235,(#19239,#19246),.PCURVE_S1.);
#19235 = LINE('',#19236,#19237);
#19236 = CARTESIAN_POINT('',(-1.625,2.5,0.2));
#19237 = VECTOR('',#19238,1.);
#19238 = DIRECTION('',(0.,-1.,0.));
#19239 = PCURVE('',#18988,#19240);
#19240 = DEFINITIONAL_REPRESENTATION('',(#19241),#19245);
#19241 = LINE('',#19242,#19243);
#19242 = CARTESIAN_POINT('',(0.,-0.2));
#19243 = VECTOR('',#19244,1.);
#19244 = DIRECTION('',(1.,0.));
#19245 = ( GEOMETRIC_REPRESENTATION_CONTEXT(2) 
PARAMETRIC_REPRESENTATION_CONTEXT() REPRESENTATION_CONTEXT('2D SPACE',''
  ) );
#19246 = PCURVE('',#19016,#19247);
#19247 = DEFINITIONAL_REPRESENTATION('',(#19248),#19252);
#19248 = LINE('',#19249,#19250);
#19249 = CARTESIAN_POINT('',(-0.125,0.2));
#19250 = VECTOR('',#19251,1.);
#19251 = DIRECTION('',(0.,-1.));
#19252 = ( GEOMETRIC_REPRESENTATION_CONTEXT(2) 
PARAMETRIC_REPRESENTATION_CONTEXT() REPRESENTATION_CONTEXT('2D SPACE',''
  ) );
#19253 = ORIENTED_EDGE('',*,*,#18965,.F.);
#19254 = ORIENTED_EDGE('',*,*,#19255,.F.);
#19255 = EDGE_CURVE('',#19186,#18966,#19256,.T.);
#19256 = SURFACE_CURVE('',#19257,(#19261,#19268),.PCURVE_S1.);
#19257 = LINE('',#19258,#19259);
#19258 = CARTESIAN_POINT('',(-1.625,2.5,0.));
#19259 = VECTOR('',#19260,1.);
#19260 = DIRECTION('',(0.,-1.,0.));
#19261 = PCURVE('',#18988,#19262);
#19262 = DEFINITIONAL_REPRESENTATION('',(#19263),#19267);
#19263 = LINE('',#19264,#19265);
#19264 = CARTESIAN_POINT('',(0.,0.));
#19265 = VECTOR('',#19266,1.);
#19266 = DIRECTION('',(1.,0.));
#19267 = ( GEOMETRIC_REPRESENTATION_CONTEXT(2) 
PARAMETRIC_REPRESENTATION_CONTEXT() REPRESENTATION_CONTEXT('2D SPACE',''
  ) );
#19268 = PCURVE('',#19070,#19269);
#19269 = DEFINITIONAL_REPRESENTATION('',(#19270),#19274);
#19270 = LINE('',#19271,#19272);
#19271 = CARTESIAN_POINT('',(-0.125,0.2));
#19272 = VECTOR('',#19273,1.);
#19273 = DIRECTION('',(0.,-1.));
#19274 = ( GEOMETRIC_REPRESENTATION_CONTEXT(2) 
PARAMETRIC_REPRESENTATION_CONTEXT() REPRESENTATION_CONTEXT('2D SPACE',''
  ) );
#19275 = ADVANCED_FACE('',(#19276),#19070,.F.);
#19276 = FACE_BOUND('',#19277,.F.);
#19277 = EDGE_LOOP('',(#19278,#19279,#19280,#19281));
#19278 = ORIENTED_EDGE('',*,*,#19056,.T.);
#19279 = ORIENTED_EDGE('',*,*,#19137,.T.);
#19280 = ORIENTED_EDGE('',*,*,#19208,.T.);
#19281 = ORIENTED_EDGE('',*,*,#19255,.T.);
#19282 = ADVANCED_FACE('',(#19283),#19016,.T.);
#19283 = FACE_BOUND('',#19284,.T.);
#19284 = EDGE_LOOP('',(#19285,#19286,#19287,#19288));
#19285 = ORIENTED_EDGE('',*,*,#19000,.T.);
#19286 = ORIENTED_EDGE('',*,*,#19086,.T.);
#19287 = ORIENTED_EDGE('',*,*,#19162,.T.);
#19288 = ORIENTED_EDGE('',*,*,#19233,.T.);
#19289 = ( GEOMETRIC_REPRESENTATION_CONTEXT(3) 
GLOBAL_UNCERTAINTY_ASSIGNED_CONTEXT((#19293)) 
GLOBAL_UNIT_ASSIGNED_CONTEXT((#19290,#19291,#19292)) 
REPRESENTATION_CONTEXT('Context #1',
  '3D Context with UNIT and UNCERTAINTY') );
#19290 = ( LENGTH_UNIT() NAMED_UNIT(*) SI_UNIT(.MILLI.,.METRE.) );
#19291 = ( NAMED_UNIT(*) PLANE_ANGLE_UNIT() SI_UNIT($,.RADIAN.) );
#19292 = ( NAMED_UNIT(*) SI_UNIT($,.STERADIAN.) SOLID_ANGLE_UNIT() );
#19293 = UNCERTAINTY_MEASURE_WITH_UNIT(LENGTH_MEASURE(1.E-07),#19290,
  'distance_accuracy_value','confusion accuracy');
#19294 = CONTEXT_DEPENDENT_SHAPE_REPRESENTATION(#19295,#19297);
#19295 = ( REPRESENTATION_RELATIONSHIP('','',#18958,#10) 
REPRESENTATION_RELATIONSHIP_WITH_TRANSFORMATION(#19296) 
SHAPE_REPRESENTATION_RELATIONSHIP() );
#19296 = ITEM_DEFINED_TRANSFORMATION('','',#11,#135);
#19297 = PRODUCT_DEFINITION_SHAPE('Placement','Placement of an item',
  #19298);
#19298 = NEXT_ASSEMBLY_USAGE_OCCURRENCE('31','terminal28','',#5,#18953,$
  );
#19299 = PRODUCT_RELATED_PRODUCT_CATEGORY('part',$,(#18955));
#19300 = MECHANICAL_DESIGN_GEOMETRIC_PRESENTATION_REPRESENTATION('',(
    #19301),#17544);
#19301 = STYLED_ITEM('color',(#19302),#17214);
#19302 = PRESENTATION_STYLE_ASSIGNMENT((#19303));
#19303 = SURFACE_STYLE_USAGE(.BOTH.,#19304);
#19304 = SURFACE_SIDE_STYLE('',(#19305));
#19305 = SURFACE_STYLE_FILL_AREA(#19306);
#19306 = FILL_AREA_STYLE('',(#19307));
#19307 = FILL_AREA_STYLE_COLOUR('',#19308);
#19308 = COLOUR_RGB('',0.800000010877,0.800000010877,0.819999987296);
#19309 = MECHANICAL_DESIGN_GEOMETRIC_PRESENTATION_REPRESENTATION('',(
    #19310),#16148);
#19310 = STYLED_ITEM('color',(#19311),#15818);
#19311 = PRESENTATION_STYLE_ASSIGNMENT((#19312));
#19312 = SURFACE_STYLE_USAGE(.BOTH.,#19313);
#19313 = SURFACE_SIDE_STYLE('',(#19314));
#19314 = SURFACE_STYLE_FILL_AREA(#19315);
#19315 = FILL_AREA_STYLE('',(#19316));
#19316 = FILL_AREA_STYLE_COLOUR('',#19308);
#19317 = MECHANICAL_DESIGN_GEOMETRIC_PRESENTATION_REPRESENTATION('',(
    #19318),#16846);
#19318 = STYLED_ITEM('color',(#19319),#16516);
#19319 = PRESENTATION_STYLE_ASSIGNMENT((#19320));
#19320 = SURFACE_STYLE_USAGE(.BOTH.,#19321);
#19321 = SURFACE_SIDE_STYLE('',(#19322));
#19322 = SURFACE_STYLE_FILL_AREA(#19323);
#19323 = FILL_AREA_STYLE('',(#19324));
#19324 = FILL_AREA_STYLE_COLOUR('',#19308);
#19325 = MECHANICAL_DESIGN_GEOMETRIC_PRESENTATION_REPRESENTATION('',(
    #19326),#18591);
#19326 = STYLED_ITEM('color',(#19327),#18261);
#19327 = PRESENTATION_STYLE_ASSIGNMENT((#19328));
#19328 = SURFACE_STYLE_USAGE(.BOTH.,#19329);
#19329 = SURFACE_SIDE_STYLE('',(#19330));
#19330 = SURFACE_STYLE_FILL_AREA(#19331);
#19331 = FILL_AREA_STYLE('',(#19332));
#19332 = FILL_AREA_STYLE_COLOUR('',#19308);
#19333 = MECHANICAL_DESIGN_GEOMETRIC_PRESENTATION_REPRESENTATION('',(
    #19334),#15450);
#19334 = STYLED_ITEM('color',(#19335),#15120);
#19335 = PRESENTATION_STYLE_ASSIGNMENT((#19336));
#19336 = SURFACE_STYLE_USAGE(.BOTH.,#19337);
#19337 = SURFACE_SIDE_STYLE('',(#19338));
#19338 = SURFACE_STYLE_FILL_AREA(#19339);
#19339 = FILL_AREA_STYLE('',(#19340));
#19340 = FILL_AREA_STYLE_COLOUR('',#19308);
#19341 = MECHANICAL_DESIGN_GEOMETRIC_PRESENTATION_REPRESENTATION('',(
    #19342),#15799);
#19342 = STYLED_ITEM('color',(#19343),#15469);
#19343 = PRESENTATION_STYLE_ASSIGNMENT((#19344));
#19344 = SURFACE_STYLE_USAGE(.BOTH.,#19345);
#19345 = SURFACE_SIDE_STYLE('',(#19346));
#19346 = SURFACE_STYLE_FILL_AREA(#19347);
#19347 = FILL_AREA_STYLE('',(#19348));
#19348 = FILL_AREA_STYLE_COLOUR('',#19308);
#19349 = MECHANICAL_DESIGN_GEOMETRIC_PRESENTATION_REPRESENTATION('',(
    #19350),#17195);
#19350 = STYLED_ITEM('color',(#19351),#16865);
#19351 = PRESENTATION_STYLE_ASSIGNMENT((#19352));
#19352 = SURFACE_STYLE_USAGE(.BOTH.,#19353);
#19353 = SURFACE_SIDE_STYLE('',(#19354));
#19354 = SURFACE_STYLE_FILL_AREA(#19355);
#19355 = FILL_AREA_STYLE('',(#19356));
#19356 = FILL_AREA_STYLE_COLOUR('',#19308);
#19357 = MECHANICAL_DESIGN_GEOMETRIC_PRESENTATION_REPRESENTATION('',(
    #19358),#10215);
#19358 = STYLED_ITEM('color',(#19359),#9885);
#19359 = PRESENTATION_STYLE_ASSIGNMENT((#19360));
#19360 = SURFACE_STYLE_USAGE(.BOTH.,#19361);
#19361 = SURFACE_SIDE_STYLE('',(#19362));
#19362 = SURFACE_STYLE_FILL_AREA(#19363);
#19363 = FILL_AREA_STYLE('',(#19364));
#19364 = FILL_AREA_STYLE_COLOUR('',#19308);
#19365 = MECHANICAL_DESIGN_GEOMETRIC_PRESENTATION_REPRESENTATION('',(
    #19366),#12309);
#19366 = STYLED_ITEM('color',(#19367),#11979);
#19367 = PRESENTATION_STYLE_ASSIGNMENT((#19368));
#19368 = SURFACE_STYLE_USAGE(.BOTH.,#19369);
#19369 = SURFACE_SIDE_STYLE('',(#19370));
#19370 = SURFACE_STYLE_FILL_AREA(#19371);
#19371 = FILL_AREA_STYLE('',(#19372));
#19372 = FILL_AREA_STYLE_COLOUR('',#19308);
#19373 = MECHANICAL_DESIGN_GEOMETRIC_PRESENTATION_REPRESENTATION('',(
    #19374),#10913);
#19374 = STYLED_ITEM('color',(#19375),#10583);
#19375 = PRESENTATION_STYLE_ASSIGNMENT((#19376));
#19376 = SURFACE_STYLE_USAGE(.BOTH.,#19377);
#19377 = SURFACE_SIDE_STYLE('',(#19378));
#19378 = SURFACE_STYLE_FILL_AREA(#19379);
#19379 = FILL_AREA_STYLE('',(#19380));
#19380 = FILL_AREA_STYLE_COLOUR('',#19308);
#19381 = MECHANICAL_DESIGN_GEOMETRIC_PRESENTATION_REPRESENTATION('',(
    #19382),#16497);
#19382 = STYLED_ITEM('color',(#19383),#16167);
#19383 = PRESENTATION_STYLE_ASSIGNMENT((#19384));
#19384 = SURFACE_STYLE_USAGE(.BOTH.,#19385);
#19385 = SURFACE_SIDE_STYLE('',(#19386));
#19386 = SURFACE_STYLE_FILL_AREA(#19387);
#19387 = FILL_AREA_STYLE('',(#19388));
#19388 = FILL_AREA_STYLE_COLOUR('',#19308);
#19389 = MECHANICAL_DESIGN_GEOMETRIC_PRESENTATION_REPRESENTATION('',(
    #19390),#11611);
#19390 = STYLED_ITEM('color',(#19391),#11281);
#19391 = PRESENTATION_STYLE_ASSIGNMENT((#19392));
#19392 = SURFACE_STYLE_USAGE(.BOTH.,#19393);
#19393 = SURFACE_SIDE_STYLE('',(#19394));
#19394 = SURFACE_STYLE_FILL_AREA(#19395);
#19395 = FILL_AREA_STYLE('',(#19396));
#19396 = FILL_AREA_STYLE_COLOUR('',#19308);
#19397 = MECHANICAL_DESIGN_GEOMETRIC_PRESENTATION_REPRESENTATION('',(
    #19398),#15101);
#19398 = STYLED_ITEM('color',(#19399),#14771);
#19399 = PRESENTATION_STYLE_ASSIGNMENT((#19400));
#19400 = SURFACE_STYLE_USAGE(.BOTH.,#19401);
#19401 = SURFACE_SIDE_STYLE('',(#19402));
#19402 = SURFACE_STYLE_FILL_AREA(#19403);
#19403 = FILL_AREA_STYLE('',(#19404));
#19404 = FILL_AREA_STYLE_COLOUR('',#19308);
#19405 = MECHANICAL_DESIGN_GEOMETRIC_PRESENTATION_REPRESENTATION('',(
    #19406),#9168);
#19406 = STYLED_ITEM('color',(#19407),#9070);
#19407 = PRESENTATION_STYLE_ASSIGNMENT((#19408));
#19408 = SURFACE_STYLE_USAGE(.BOTH.,#19409);
#19409 = SURFACE_SIDE_STYLE('',(#19410));
#19410 = SURFACE_STYLE_FILL_AREA(#19411);
#19411 = FILL_AREA_STYLE('',(#19412));
#19412 = FILL_AREA_STYLE_COLOUR('',#19413);
#19413 = COLOUR_RGB('',0.299999996101,0.299999996101,0.319999999843);
#19414 = MECHANICAL_DESIGN_GEOMETRIC_PRESENTATION_REPRESENTATION('',(
    #19415),#14752);
#19415 = STYLED_ITEM('color',(#19416),#14422);
#19416 = PRESENTATION_STYLE_ASSIGNMENT((#19417));
#19417 = SURFACE_STYLE_USAGE(.BOTH.,#19418);
#19418 = SURFACE_SIDE_STYLE('',(#19419));
#19419 = SURFACE_STYLE_FILL_AREA(#19420);
#19420 = FILL_AREA_STYLE('',(#19421));
#19421 = FILL_AREA_STYLE_COLOUR('',#19308);
#19422 = MECHANICAL_DESIGN_GEOMETRIC_PRESENTATION_REPRESENTATION('',(
    #19423),#19289);
#19423 = STYLED_ITEM('color',(#19424),#18959);
#19424 = PRESENTATION_STYLE_ASSIGNMENT((#19425));
#19425 = SURFACE_STYLE_USAGE(.BOTH.,#19426);
#19426 = SURFACE_SIDE_STYLE('',(#19427));
#19427 = SURFACE_STYLE_FILL_AREA(#19428);
#19428 = FILL_AREA_STYLE('',(#19429));
#19429 = FILL_AREA_STYLE_COLOUR('',#19308);
#19430 = MECHANICAL_DESIGN_GEOMETRIC_PRESENTATION_REPRESENTATION('',(
    #19431),#18940);
#19431 = STYLED_ITEM('color',(#19432),#18610);
#19432 = PRESENTATION_STYLE_ASSIGNMENT((#19433));
#19433 = SURFACE_STYLE_USAGE(.BOTH.,#19434);
#19434 = SURFACE_SIDE_STYLE('',(#19435));
#19435 = SURFACE_STYLE_FILL_AREA(#19436);
#19436 = FILL_AREA_STYLE('',(#19437));
#19437 = FILL_AREA_STYLE_COLOUR('',#19308);
#19438 = MECHANICAL_DESIGN_GEOMETRIC_PRESENTATION_REPRESENTATION('',(
    #19439),#10564);
#19439 = STYLED_ITEM('color',(#19440),#10234);
#19440 = PRESENTATION_STYLE_ASSIGNMENT((#19441));
#19441 = SURFACE_STYLE_USAGE(.BOTH.,#19442);
#19442 = SURFACE_SIDE_STYLE('',(#19443));
#19443 = SURFACE_STYLE_FILL_AREA(#19444);
#19444 = FILL_AREA_STYLE('',(#19445));
#19445 = FILL_AREA_STYLE_COLOUR('',#19308);
#19446 = MECHANICAL_DESIGN_GEOMETRIC_PRESENTATION_REPRESENTATION('',(
    #19447),#18242);
#19447 = STYLED_ITEM('color',(#19448),#17912);
#19448 = PRESENTATION_STYLE_ASSIGNMENT((#19449));
#19449 = SURFACE_STYLE_USAGE(.BOTH.,#19450);
#19450 = SURFACE_SIDE_STYLE('',(#19451));
#19451 = SURFACE_STYLE_FILL_AREA(#19452);
#19452 = FILL_AREA_STYLE('',(#19453));
#19453 = FILL_AREA_STYLE_COLOUR('',#19308);
#19454 = MECHANICAL_DESIGN_GEOMETRIC_PRESENTATION_REPRESENTATION('',(
    #19455),#11262);
#19455 = STYLED_ITEM('color',(#19456),#10932);
#19456 = PRESENTATION_STYLE_ASSIGNMENT((#19457));
#19457 = SURFACE_STYLE_USAGE(.BOTH.,#19458);
#19458 = SURFACE_SIDE_STYLE('',(#19459));
#19459 = SURFACE_STYLE_FILL_AREA(#19460);
#19460 = FILL_AREA_STYLE('',(#19461));
#19461 = FILL_AREA_STYLE_COLOUR('',#19308);
#19462 = MECHANICAL_DESIGN_GEOMETRIC_PRESENTATION_REPRESENTATION('',(
    #19463),#9517);
#19463 = STYLED_ITEM('color',(#19464),#9187);
#19464 = PRESENTATION_STYLE_ASSIGNMENT((#19465));
#19465 = SURFACE_STYLE_USAGE(.BOTH.,#19466);
#19466 = SURFACE_SIDE_STYLE('',(#19467));
#19467 = SURFACE_STYLE_FILL_AREA(#19468);
#19468 = FILL_AREA_STYLE('',(#19469));
#19469 = FILL_AREA_STYLE_COLOUR('',#19308);
#19470 = MECHANICAL_DESIGN_GEOMETRIC_PRESENTATION_REPRESENTATION('',(
    #19471),#9051);
#19471 = STYLED_ITEM('color',(#19472),#153);
#19472 = PRESENTATION_STYLE_ASSIGNMENT((#19473));
#19473 = SURFACE_STYLE_USAGE(.BOTH.,#19474);
#19474 = SURFACE_SIDE_STYLE('',(#19475));
#19475 = SURFACE_STYLE_FILL_AREA(#19476);
#19476 = FILL_AREA_STYLE('',(#19477));
#19477 = FILL_AREA_STYLE_COLOUR('',#19478);
#19478 = COLOUR_RGB('',9.999999991362E-02,9.999999991362E-02,
  0.109999998779);
#19479 = MECHANICAL_DESIGN_GEOMETRIC_PRESENTATION_REPRESENTATION('',(
    #19480),#14054);
#19480 = STYLED_ITEM('color',(#19481),#13724);
#19481 = PRESENTATION_STYLE_ASSIGNMENT((#19482));
#19482 = SURFACE_STYLE_USAGE(.BOTH.,#19483);
#19483 = SURFACE_SIDE_STYLE('',(#19484));
#19484 = SURFACE_STYLE_FILL_AREA(#19485);
#19485 = FILL_AREA_STYLE('',(#19486));
#19486 = FILL_AREA_STYLE_COLOUR('',#19308);
#19487 = MECHANICAL_DESIGN_GEOMETRIC_PRESENTATION_REPRESENTATION('',(
    #19488),#11960);
#19488 = STYLED_ITEM('color',(#19489),#11630);
#19489 = PRESENTATION_STYLE_ASSIGNMENT((#19490));
#19490 = SURFACE_STYLE_USAGE(.BOTH.,#19491);
#19491 = SURFACE_SIDE_STYLE('',(#19492));
#19492 = SURFACE_STYLE_FILL_AREA(#19493);
#19493 = FILL_AREA_STYLE('',(#19494));
#19494 = FILL_AREA_STYLE_COLOUR('',#19308);
#19495 = MECHANICAL_DESIGN_GEOMETRIC_PRESENTATION_REPRESENTATION('',(
    #19496),#13705);
#19496 = STYLED_ITEM('color',(#19497),#13375);
#19497 = PRESENTATION_STYLE_ASSIGNMENT((#19498));
#19498 = SURFACE_STYLE_USAGE(.BOTH.,#19499);
#19499 = SURFACE_SIDE_STYLE('',(#19500));
#19500 = SURFACE_STYLE_FILL_AREA(#19501);
#19501 = FILL_AREA_STYLE('',(#19502));
#19502 = FILL_AREA_STYLE_COLOUR('',#19308);
#19503 = MECHANICAL_DESIGN_GEOMETRIC_PRESENTATION_REPRESENTATION('',(
    #19504),#14403);
#19504 = STYLED_ITEM('color',(#19505),#14073);
#19505 = PRESENTATION_STYLE_ASSIGNMENT((#19506));
#19506 = SURFACE_STYLE_USAGE(.BOTH.,#19507);
#19507 = SURFACE_SIDE_STYLE('',(#19508));
#19508 = SURFACE_STYLE_FILL_AREA(#19509);
#19509 = FILL_AREA_STYLE('',(#19510));
#19510 = FILL_AREA_STYLE_COLOUR('',#19308);
#19511 = MECHANICAL_DESIGN_GEOMETRIC_PRESENTATION_REPRESENTATION('',(
    #19512),#13356);
#19512 = STYLED_ITEM('color',(#19513),#13026);
#19513 = PRESENTATION_STYLE_ASSIGNMENT((#19514));
#19514 = SURFACE_STYLE_USAGE(.BOTH.,#19515);
#19515 = SURFACE_SIDE_STYLE('',(#19516));
#19516 = SURFACE_STYLE_FILL_AREA(#19517);
#19517 = FILL_AREA_STYLE('',(#19518));
#19518 = FILL_AREA_STYLE_COLOUR('',#19308);
#19519 = MECHANICAL_DESIGN_GEOMETRIC_PRESENTATION_REPRESENTATION('',(
    #19520),#13007);
#19520 = STYLED_ITEM('color',(#19521),#12677);
#19521 = PRESENTATION_STYLE_ASSIGNMENT((#19522));
#19522 = SURFACE_STYLE_USAGE(.BOTH.,#19523);
#19523 = SURFACE_SIDE_STYLE('',(#19524));
#19524 = SURFACE_STYLE_FILL_AREA(#19525);
#19525 = FILL_AREA_STYLE('',(#19526));
#19526 = FILL_AREA_STYLE_COLOUR('',#19308);
#19527 = MECHANICAL_DESIGN_GEOMETRIC_PRESENTATION_REPRESENTATION('',(
    #19528),#9866);
#19528 = STYLED_ITEM('color',(#19529),#9536);
#19529 = PRESENTATION_STYLE_ASSIGNMENT((#19530));
#19530 = SURFACE_STYLE_USAGE(.BOTH.,#19531);
#19531 = SURFACE_SIDE_STYLE('',(#19532));
#19532 = SURFACE_STYLE_FILL_AREA(#19533);
#19533 = FILL_AREA_STYLE('',(#19534));
#19534 = FILL_AREA_STYLE_COLOUR('',#19308);
#19535 = MECHANICAL_DESIGN_GEOMETRIC_PRESENTATION_REPRESENTATION('',(
    #19536),#17893);
#19536 = STYLED_ITEM('color',(#19537),#17563);
#19537 = PRESENTATION_STYLE_ASSIGNMENT((#19538));
#19538 = SURFACE_STYLE_USAGE(.BOTH.,#19539);
#19539 = SURFACE_SIDE_STYLE('',(#19540));
#19540 = SURFACE_STYLE_FILL_AREA(#19541);
#19541 = FILL_AREA_STYLE('',(#19542));
#19542 = FILL_AREA_STYLE_COLOUR('',#19308);
#19543 = MECHANICAL_DESIGN_GEOMETRIC_PRESENTATION_REPRESENTATION('',(
    #19544),#12658);
#19544 = STYLED_ITEM('color',(#19545),#12328);
#19545 = PRESENTATION_STYLE_ASSIGNMENT((#19546));
#19546 = SURFACE_STYLE_USAGE(.BOTH.,#19547);
#19547 = SURFACE_SIDE_STYLE('',(#19548));
#19548 = SURFACE_STYLE_FILL_AREA(#19549);
#19549 = FILL_AREA_STYLE('',(#19550));
#19550 = FILL_AREA_STYLE_COLOUR('',#19308);
ENDSEC;
END-ISO-10303-21;
