time_ms,state,num_sats,pdop,lat,lon,alt_m,h_acc,acc_x,acc_y,acc_z,gyro_x,gyro_y,gyro_z,pressure_alt,alt_rate,max_alt,max_speed,voltage,current,soc,roll,pitch,yaw,speed,launch,vel_apo,alt_apo,landed,rssi,snr,next_ch,rx_freq_mhz,seq,gap,event
0,INIT,0,0.0,nan,nan,nan,0.0,0.00,0.00,0.00,0.0,0.0,0.0,0.0,0.0,0.0,0.0,8.37,-76,98.0,0.0,0.0,0.0,0.0,0,0,0,0,-38,12.5,255,915.000,0,-1,
462,INIT,0,0.0,nan,nan,nan,0.0,0.00,0.00,0.00,0.0,0.0,0.0,0.0,0.0,0.0,0.0,8.37,-81,98.0,0.0,0.0,0.0,0.0,0,0,0,0,-36,12.5,255,915.000,1,0,
962,INIT,0,0.0,nan,nan,nan,0.0,0.00,0.00,0.00,0.0,0.0,0.0,0.0,0.0,0.0,0.0,8.37,-82,98.0,0.0,0.0,0.0,0.0,0,0,0,0,-39,13.0,255,915.000,2,0,
1463,INIT,0,0.0,nan,nan,nan,0.0,0.00,0.00,0.00,0.0,0.0,0.0,0.0,0.0,0.0,0.0,8.37,-84,98.0,0.0,0.0,0.0,0.0,0,0,0,0,-37,12.8,255,915.000,3,0,
1962,INIT,0,0.0,nan,nan,nan,0.0,0.00,0.00,0.00,0.0,0.0,0.0,0.0,0.0,0.0,0.0,8.37,-82,98.0,0.0,0.0,0.0,0.0,0,0,0,0,-35,12.5,255,915.000,4,0,
2462,INIT,0,0.0,nan,nan,nan,0.0,0.00,0.00,0.00,0.0,0.0,0.0,0.0,0.0,0.0,0.0,8.37,-77,98.0,0.0,0.0,0.0,0.0,0,0,0,0,-36,13.2,255,915.000,5,0,
2962,INIT,0,0.0,nan,nan,nan,0.0,0.00,0.00,0.00,0.0,0.0,0.0,0.0,0.0,0.0,0.0,8.37,-76,98.0,0.0,0.0,0.0,0.0,0,0,0,0,-35,12.5,255,915.000,6,0,
3464,INIT,0,0.0,nan,nan,nan,0.0,0.00,0.00,0.00,0.0,0.0,0.0,0.0,0.0,0.0,0.0,8.37,-81,98.0,0.0,0.0,0.0,0.0,0,0,0,0,-36,14.2,255,915.000,7,0,
3962,INIT,0,0.0,nan,nan,nan,0.0,0.00,0.00,0.00,0.0,0.0,0.0,0.0,0.0,0.0,0.0,8.37,-79,98.0,0.0,0.0,0.0,0.0,0,0,0,0,-36,14.8,255,915.000,8,0,
4462,INIT,0,0.0,nan,nan,nan,0.0,0.00,0.00,0.00,0.0,0.0,0.0,0.0,0.0,0.0,0.0,8.37,-79,98.0,0.0,0.0,0.0,0.0,0,0,0,0,-36,13.5,255,915.000,9,0,
4963,INIT,0,0.0,nan,nan,nan,0.0,0.00,0.00,0.00,0.0,0.0,0.0,0.0,0.0,0.0,0.0,8.37,-79,98.0,0.0,0.0,0.0,0.0,0,0,0,0,-36,13.5,255,915.000,10,0,
5464,INIT,0,0.0,nan,nan,nan,0.0,0.00,0.00,0.00,0.0,0.0,0.0,0.0,0.0,0.0,0.0,8.37,-79,98.0,0.0,0.0,0.0,0.0,0,0,0,0,-35,12.8,255,915.000,11,0,
5965,INIT,0,0.0,nan,nan,nan,0.0,0.00,0.00,0.00,0.0,0.0,0.0,0.0,0.0,0.0,0.0,8.37,-81,98.0,0.0,0.0,0.0,0.0,0,0,0,0,-35,12.2,255,915.000,12,0,
6466,INIT,0,0.0,nan,nan,nan,0.0,0.00,0.00,0.00,0.0,0.0,0.0,0.0,0.0,0.0,0.0,8.37,-91,98.0,0.0,0.0,0.0,0.0,0,0,0,0,-35,12.5,255,915.000,13,0,
6967,INIT,0,0.0,nan,nan,nan,0.0,0.00,0.00,0.00,0.0,0.0,0.0,0.0,0.0,0.0,0.0,8.37,-81,98.0,0.0,0.0,0.0,0.0,0,0,0,0,-36,13.8,255,915.000,14,0,
7466,INIT,0,0.0,nan,nan,nan,0.0,0.00,0.00,0.00,0.0,0.0,0.0,0.0,0.0,0.0,0.0,8.37,-80,98.0,0.0,0.0,0.0,0.0,0,0,0,0,-36,13.0,255,915.000,15,0,
7966,INIT,0,0.0,nan,nan,nan,0.0,0.00,0.00,0.00,0.0,0.0,0.0,0.0,0.0,0.0,0.0,8.37,-79,98.0,0.0,0.0,0.0,0.0,0,0,0,0,-36,13.5,255,915.000,16,0,
8466,INIT,0,0.0,nan,nan,nan,0.0,0.00,0.00,0.00,0.0,0.0,0.0,0.0,0.0,0.0,0.0,8.37,-81,98.0,0.0,0.0,0.0,0.0,0,0,0,0,-35,12.5,255,915.000,17,0,
8966,INIT,0,0.0,nan,nan,nan,0.0,0.00,0.00,0.00,0.0,0.0,0.0,0.0,0.0,0.0,0.0,8.34,-89,98.0,0.0,0.0,0.0,0.0,0,0,0,0,-35,12.5,255,915.000,18,0,
9467,INIT,0,0.0,nan,nan,nan,0.0,0.00,0.00,0.00,0.0,0.0,0.0,0.0,0.0,0.0,0.0,8.37,-81,98.0,0.0,0.0,0.0,0.0,0,0,0,0,-36,14.8,255,915.000,19,0,
9967,INIT,0,0.0,nan,nan,nan,0.0,0.00,0.00,0.00,0.0,0.0,0.0,0.0,0.0,0.0,0.0,8.34,-79,98.0,0.0,0.0,0.0,0.0,0,0,0,0,-36,13.8,255,915.000,20,0,
10466,INIT,0,0.0,nan,nan,nan,0.0,0.00,0.00,0.00,0.0,0.0,0.0,0.0,0.0,0.0,0.0,8.37,-85,98.0,0.0,0.0,0.0,0.0,0,0,0,0,-35,12.5,255,915.000,21,0,
10970,READY,0,26.0,nan,nan,nan,0.0,9.60,0.00,-0.50,0.5,0.0,-0.1,0.0,0.0,0.0,0.0,8.34,-109,98.0,0.0,0.0,0.0,0.0,0,0,0,0,-35,12.5,255,915.000,22,0,
11473,READY,0,26.0,nan,nan,nan,0.0,9.70,-0.20,-0.70,0.1,-0.3,-0.1,0.0,0.0,0.0,0.0,8.34,-112,98.0,0.0,0.0,0.0,0.0,0,0,0,0,-36,14.8,255,915.000,23,0,
11975,READY,0,26.0,nan,nan,nan,0.0,9.70,-0.20,-0.70,0.0,-0.2,-0.1,0.0,0.0,0.0,0.0,8.34,-182,97.0,0.0,0.0,0.0,0.0,0,0,0,0,-35,12.8,255,915.000,24,0,
12476,READY,0,26.0,nan,nan,nan,0.0,9.70,-0.20,-0.70,0.1,-0.1,-0.1,0.0,0.0,0.0,0.0,8.34,-87,98.0,0.0,0.0,0.0,0.0,0,0,0,0,-36,14.0,255,915.000,25,0,
12994,READY,0,26.0,nan,nan,nan,0.0,9.70,-0.20,-0.70,0.0,0.0,0.0,0.0,0.0,0.0,0.0,8.34,-91,98.0,0.0,0.0,0.0,0.0,0,0,0,0,-35,12.2,255,915.000,26,0,
13480,READY,0,26.0,nan,nan,nan,0.0,9.70,-0.20,-0.70,0.0,-0.2,0.0,0.0,0.0,0.0,0.0,8.34,-92,98.0,0.0,0.0,0.0,0.0,0,0,0,0,-34,12.8,255,915.000,27,0,
13979,READY,0,26.0,nan,nan,nan,0.0,9.70,-0.20,-0.70,0.0,-0.2,-0.1,0.0,0.0,0.0,0.0,8.34,-92,98.0,0.0,0.0,0.0,0.0,0,0,0,0,-34,12.8,255,915.000,28,0,
14481,READY,0,26.0,nan,nan,nan,0.0,9.70,-0.20,-0.70,-0.2,0.0,-0.1,0.0,0.0,0.0,0.0,8.34,-91,98.0,0.0,0.0,0.0,0.0,0,0,0,0,-33,12.8,255,915.000,29,0,
14994,READY,0,26.0,nan,nan,nan,0.0,9.70,-0.20,-0.60,0.0,-0.2,-0.1,0.0,0.0,0.0,0.0,8.34,-92,98.0,0.0,0.0,0.0,0.0,0,0,0,0,-33,12.8,255,915.000,30,0,
15484,READY,0,26.0,nan,nan,nan,0.0,9.70,-0.20,-0.70,-0.3,0.0,-0.1,0.0,0.0,0.0,0.0,8.34,-97,98.0,0.0,0.0,0.0,0.0,0,0,0,0,-32,12.8,255,915.000,31,0,
15986,READY,0,26.0,nan,nan,nan,0.0,9.70,-0.20,-0.60,-0.4,0.1,0.0,0.0,0.0,0.0,0.0,8.34,-95,98.0,0.0,0.0,0.0,0.0,0,0,0,0,-33,12.8,255,915.000,32,0,
16486,READY,0,26.0,nan,nan,nan,0.0,9.70,-0.20,-0.70,-0.2,0.0,-0.1,0.0,0.0,0.0,0.0,8.34,-92,98.0,0.0,0.0,0.0,0.0,0,0,0,0,-33,12.5,255,915.000,33,0,
16994,READY,0,26.0,nan,nan,nan,0.0,9.70,-0.20,-0.80,0.7,0.0,0.1,0.0,0.0,0.0,0.0,8.34,-99,98.0,0.0,0.0,0.0,0.0,0,0,0,0,-32,13.0,255,915.000,34,0,
17486,READY,0,26.0,nan,nan,nan,0.0,9.70,-0.20,-0.70,0.3,-0.1,-0.1,0.0,0.0,0.0,0.0,8.34,-95,98.0,0.0,0.0,0.0,0.0,0,0,0,0,-34,12.5,255,915.000,35,0,
17990,READY,0,26.0,nan,nan,nan,0.0,9.70,-0.20,-0.70,0.1,-0.1,-0.1,0.0,0.0,0.0,0.0,8.34,-105,98.0,0.0,0.0,0.0,0.0,0,0,0,0,-32,13.0,255,915.000,36,0,
18490,READY,0,26.0,nan,nan,nan,0.0,9.70,-0.20,-0.70,-0.1,-0.1,-0.1,0.0,0.0,0.0,0.0,8.34,-105,98.0,0.0,0.0,0.0,0.0,0,0,0,0,-34,14.0,255,915.000,37,0,
18994,READY,0,26.0,nan,nan,nan,0.0,9.70,-0.20,-0.70,0.0,-0.2,0.0,0.0,0.0,0.0,0.0,8.34,-104,98.0,0.0,0.0,0.0,0.0,0,0,0,0,-39,12.8,255,915.000,38,0,
19491,READY,0,26.0,nan,nan,nan,0.0,9.70,-0.20,-0.70,-0.3,-0.1,-0.1,0.0,0.0,0.0,0.0,8.34,-89,98.0,0.0,0.0,0.0,0.0,0,0,0,0,-39,12.8,255,915.000,39,0,
19992,READY,0,26.0,nan,nan,nan,0.0,9.70,-0.30,-0.70,-0.1,0.1,-0.1,0.0,0.0,0.0,0.0,8.34,-117,98.0,0.0,0.0,0.0,0.0,0,0,0,0,-48,13.0,255,915.000,40,0,
20495,READY,0,26.0,nan,nan,nan,0.0,9.70,-0.20,-0.70,-0.2,0.0,-0.1,0.0,0.0,0.0,0.0,8.34,-92,98.0,0.0,0.0,0.0,0.0,0,0,0,0,-46,12.8,255,915.000,41,0,
20999,READY,0,26.0,nan,nan,nan,0.0,9.70,-0.30,-0.60,-0.1,-0.1,0.0,0.0,0.0,0.0,0.0,8.34,-91,98.0,0.0,0.0,0.0,0.0,0,0,0,0,-47,12.5,255,915.000,42,0,
21500,READY,0,26.0,nan,nan,nan,0.0,9.60,-0.20,-0.70,-0.1,-0.3,-0.1,0.0,0.0,0.0,0.0,8.34,-89,98.0,0.0,0.0,0.0,0.0,0,0,0,0,-48,12.5,255,915.000,43,0,
21999,READY,0,26.0,nan,nan,nan,0.0,9.70,-0.30,-0.70,0.1,-0.1,0.0,0.0,0.0,0.0,0.0,8.34,-114,98.0,0.0,0.0,0.0,0.0,0,0,0,0,-48,12.2,255,915.000,44,0,
22503,READY,0,26.0,nan,nan,nan,0.0,9.70,-0.20,-0.70,-0.1,0.1,-0.2,0.0,0.0,0.0,0.0,8.34,-92,98.0,0.0,0.0,0.0,0.0,0,0,0,0,-45,14.5,255,915.000,45,0,
23006,READY,0,26.0,nan,nan,nan,0.0,9.70,-0.20,-0.70,0.0,0.0,0.1,0.0,0.0,0.0,0.0,8.34,-94,98.0,0.0,0.0,0.0,0.0,0,0,0,0,-45,13.2,255,915.000,46,0,
23507,READY,0,26.0,nan,nan,nan,0.0,9.70,-0.20,-0.70,0.3,-0.1,-0.1,0.0,0.0,0.0,0.0,8.34,-97,98.0,0.0,0.0,0.0,0.0,0,0,0,0,-45,14.2,255,915.000,47,0,
24008,READY,0,26.0,nan,nan,nan,0.0,9.70,-0.20,-0.70,0.2,-0.2,-0.1,0.0,0.0,0.0,0.0,8.34,-102,98.0,0.0,0.0,0.0,0.0,0,0,0,0,-45,14.5,255,915.000,48,0,
24509,READY,0,26.0,nan,nan,nan,0.0,9.70,-0.20,-0.70,0.1,-0.1,-0.1,0.0,0.0,0.0,0.0,8.34,-99,98.0,0.0,0.0,0.0,0.0,0,0,0,0,-44,12.5,255,915.000,49,0,
25011,READY,0,26.0,nan,nan,nan,0.0,9.70,-0.30,-0.70,0.0,0.0,-0.1,0.0,0.0,0.0,0.0,8.34,-91,98.0,0.0,0.0,0.0,0.0,0,0,0,0,-47,13.0,255,915.000,50,0,
25511,READY,0,26.0,nan,nan,nan,0.0,9.70,-0.20,-0.60,0.1,-0.1,-0.1,0.0,0.0,0.0,0.0,8.34,-112,98.0,0.0,0.0,0.0,0.0,0,0,0,0,-51,14.2,255,915.000,51,0,
26013,READY,0,26.0,nan,nan,nan,0.0,9.70,-0.20,-0.70,0.3,-0.1,0.0,0.0,0.0,0.0,0.0,8.34,-109,98.0,0.0,0.0,0.0,0.0,0,0,0,0,-51,12.8,255,915.000,52,0,
26512,READY,0,26.0,nan,nan,nan,0.0,9.70,-0.20,-0.70,0.1,-0.1,-0.1,0.0,0.0,0.0,0.0,8.34,-100,98.0,0.0,0.0,0.0,0.0,0,0,0,0,-50,14.8,255,915.000,53,0,
27014,READY,0,26.0,nan,nan,nan,0.0,9.70,-0.20,-0.70,0.1,-0.3,0.0,0.0,0.0,0.0,0.0,8.34,-106,98.0,0.0,0.0,0.0,0.0,0,0,0,0,-46,12.8,255,915.000,54,0,
27515,READY,0,26.0,nan,nan,nan,0.0,9.70,-0.20,-0.70,0.3,-0.1,0.0,0.0,0.0,0.0,0.0,8.34,-100,98.0,0.0,0.0,0.0,0.0,0,0,0,0,-45,13.0,255,915.000,55,0,
28015,READY,0,26.0,nan,nan,nan,0.0,9.70,-0.20,-0.70,-0.3,-0.1,0.0,0.0,0.0,0.0,0.0,8.34,-107,98.0,0.0,0.0,0.0,0.0,0,0,0,0,-47,12.8,255,915.000,56,0,
28514,READY,0,26.0,nan,nan,nan,0.0,9.70,-0.20,-0.70,0.0,-0.2,0.0,0.0,0.0,0.0,0.0,8.34,-111,98.0,0.0,0.0,0.0,0.0,0,0,0,0,-46,12.8,255,915.000,57,0,
29015,READY,0,26.0,nan,nan,nan,0.0,9.70,-0.20,-0.60,0.4,-0.3,0.0,0.0,0.0,0.0,0.0,8.34,-184,97.0,0.0,0.0,0.0,0.0,0,0,0,0,-45,14.5,255,915.000,58,0,
29515,READY,4,26.0,40.1630214,-74.0807723,49.1,100.0,9.70,-0.20,-0.70,0.3,-0.2,0.0,0.0,0.0,0.0,0.0,8.34,-91,98.0,0.0,0.0,0.0,0.0,0,0,0,0,-47,12.5,255,915.000,59,0,
30019,READY,4,26.0,40.1630254,-74.0807578,48.6,100.0,9.70,-0.20,-0.70,-0.2,0.0,-0.1,0.0,0.0,0.0,0.0,8.34,-95,98.0,0.0,0.0,0.0,0.0,0,0,0,0,-48,14.5,255,915.000,60,0,
30518,READY,4,26.0,40.1630299,-74.0807836,49.5,100.0,9.70,-0.30,-0.70,0.1,0.1,-0.1,0.0,0.0,0.0,0.0,8.34,-89,98.0,0.0,0.0,0.0,0.0,0,0,0,0,-50,14.2,255,915.000,61,0,
31019,READY,4,26.0,40.1630299,-74.0807836,49.5,100.0,9.70,-0.20,-0.70,0.1,0.1,-0.1,0.0,0.0,0.0,0.0,8.34,-96,98.0,0.0,0.0,0.0,0.0,0,0,0,0,-42,13.5,255,915.000,62,0,
31519,READY,4,26.0,40.1630360,-74.0808207,50.3,100.0,9.70,-0.20,-0.70,0.3,0.0,-0.1,0.0,0.0,0.0,0.0,8.34,-90,98.0,0.0,0.0,0.0,0.0,0,0,0,0,-54,14.2,255,915.000,63,0,
32019,READY,4,26.0,40.1630425,-74.0808981,52.5,100.0,9.70,-0.20,-0.60,0.2,0.0,-0.1,0.0,0.0,0.0,0.0,8.34,-92,98.0,0.0,0.0,0.0,0.0,0,0,0,0,-44,12.8,255,915.000,64,0,
32538,PRELAUNCH,4,26.0,40.1630536,-74.0810013,55.7,100.0,9.70,-0.20,-0.70,0.3,-0.3,-0.1,0.0,0.0,0.0,0.0,8.34,-111,98.0,0.0,0.0,0.0,0.0,0,0,0,0,-41,12.8,255,915.000,65,0,
33039,PRELAUNCH,4,26.0,40.1630760,-74.0811302,60.5,100.0,9.70,-0.20,-0.70,-0.1,-0.3,0.0,0.0,0.0,0.0,0.0,8.34,-102,98.0,0.0,0.0,0.0,0.0,0,0,0,0,-42,12.8,255,915.000,66,0,
33850,PRELAUNCH,0,26.0,nan,nan,nan,100.0,9.70,-0.20,-0.70,0.2,0.0,-0.1,0.0,0.0,0.0,0.0,8.34,-89,98.0,0.0,0.0,0.0,0.0,0,0,0,0,-44,14.5,255,915.000,67,0,
34640,PRELAUNCH,0,26.0,nan,nan,nan,100.0,9.70,-0.20,-0.70,-0.5,0.0,-0.1,0.0,0.0,0.0,0.0,8.34,-101,98.0,0.0,0.0,0.0,0.0,0,0,0,0,-40,12.8,255,915.000,68,0,
35398,PRELAUNCH,5,4.0,40.1630231,-74.0806740,44.2,58.0,9.70,-0.20,-0.60,0.0,0.0,-0.2,0.0,0.0,0.0,1.0,8.34,-89,98.0,-1.1,85.8,1.1,1.0,0,0,0,0,-42,14.5,255,915.000,69,0,
36007,PRELAUNCH,5,4.0,40.1630510,-74.0806579,40.5,6.0,10.40,0.10,-0.90,-4.1,1.0,0.5,0.0,0.0,0.0,1.0,8.34,-89,98.0,-105.9,86.0,107.9,0.0,0,0,0,0,-44,12.5,255,915.000,70,0,
36581,PRELAUNCH,5,4.0,40.1630638,-74.0806627,38.9,4.0,8.60,-0.60,-1.20,3.9,0.1,1.6,0.0,0.0,0.0,1.0,8.34,-97,98.0,-133.6,85.6,143.9,0.0,0,0,0,0,-45,14.2,255,915.000,71,0,
37260,PRELAUNCH,5,4.0,40.1630638,-74.0806627,38.9,4.0,9.90,-0.40,-0.60,-2.8,-1.4,0.1,0.0,0.0,0.0,1.0,8.34,-91,98.0,-123.1,85.4,127.0,0.0,0,0,0,0,-41,13.5,255,915.000,72,0,
38278,PRELAUNCH,7,2.0,40.1630681,-74.0806563,36.7,2.0,9.60,1.60,-1.80,-3.1,-1.2,-1.3,0.0,0.0,0.0,1.0,8.34,-96,98.0,-115.6,85.7,117.1,0.0,0,0,0,0,-43,12.2,255,915.000,73,0,
38920,PRELAUNCH,7,2.0,40.1630612,-74.0806563,36.1,2.0,9.50,-0.40,-1.60,33.4,5.1,-6.1,0.0,0.0,0.0,1.0,8.34,-97,98.0,-131.0,86.1,125.0,0.0,0,0,0,0,-43,12.5,255,915.000,74,0,
39532,PRELAUNCH,7,2.0,40.1630612,-74.0806563,36.1,2.0,9.00,-0.30,0.20,4.2,-1.5,-9.3,0.0,0.0,0.0,1.0,8.34,-96,98.0,-141.8,83.7,146.7,0.0,0,0,0,0,-45,14.2,255,915.000,75,0,
41091,PRELAUNCH,7,2.0,40.1630612,-74.0806563,36.1,1.0,9.50,4.90,0.50,6.9,-5.0,-18.6,0.0,0.0,0.0,1.0,8.34,-100,98.0,-140.1,64.2,-140.7,0.0,0,0,0,0,-44,13.0,255,915.000,77,1,
41732,PRELAUNCH,6,3.0,40.1630488,-74.0806595,36.2,1.0,7.60,5.30,-0.70,-1.2,-5.5,-17.2,0.0,0.0,0.0,1.0,8.34,-95,98.0,-131.5,54.7,-145.7,0.0,0,0,0,0,-48,13.0,255,915.000,78,0,
42380,PRELAUNCH,6,3.0,40.1630543,-74.0806563,35.4,1.0,6.50,5.10,-2.80,11.6,-4.3,-10.0,0.0,0.0,0.0,1.0,8.34,-91,98.0,-124.7,46.0,-151.1,1.0,0,0,0,0,-49,12.5,255,915.000,79,0,
43163,PRELAUNCH,7,2.0,40.1630543,-74.0806563,35.4,1.0,5.60,8.50,-1.80,-27.6,-4.1,-15.0,0.0,0.0,0.0,1.0,8.34,-92,98.0,-121.8,34.2,-154.2,1.0,0,0,0,0,-55,12.2,255,915.000,80,0,
43811,PRELAUNCH,7,2.0,40.1630543,-74.0806563,35.4,1.0,5.20,9.10,-1.40,26.4,2.2,-4.9,0.0,0.0,0.0,1.0,8.34,-109,98.0,-114.8,26.5,-158.1,1.0,0,0,0,0,-55,12.8,255,915.000,81,0,
44490,PRELAUNCH,6,3.0,40.1630543,-74.0806563,35.4,1.0,4.70,9.10,-4.40,26.5,-0.4,-3.8,0.0,0.0,0.0,1.0,8.34,-97,98.0,-113.0,18.5,-155.5,1.0,0,0,0,0,-63,12.8,255,915.000,82,0,
45175,PRELAUNCH,6,3.0,40.1630543,-74.0806563,35.4,1.0,2.10,8.80,-4.90,4.7,-0.5,-0.5,0.0,0.0,0.0,1.0,8.34,-87,98.0,-117.6,14.9,-150.7,1.0,0,0,0,0,-70,12.8,255,915.000,83,0,
46531,PRELAUNCH,6,3.0,40.1630556,-74.0806595,36.8,1.0,3.30,11.10,-0.80,8.2,1.5,-0.7,0.0,0.0,0.0,1.0,8.34,-107,98.0,-121.6,12.8,-149.3,1.0,0,0,0,0,-60,13.5,255,915.000,84,0,
47315,PRELAUNCH,6,3.0,40.1630612,-74.0806563,36.1,1.0,2.70,7.20,-3.40,21.8,2.8,4.6,0.0,0.0,0.0,1.0,8.34,-115,98.0,-116.3,17.4,-150.8,1.0,0,0,0,0,-59,12.2,255,915.000,85,0,
47994,PRELAUNCH,6,3.0,40.1630612,-74.0806563,36.1,1.0,1.60,8.30,-4.10,22.4,-0.6,0.5,0.0,0.0,0.0,1.0,8.34,-91,98.0,-115.6,19.6,-150.4,1.0,0,0,0,0,-59,12.5,255,915.000,86,0,
48776,PRELAUNCH,6,3.0,40.1630612,-74.0806563,36.1,1.0,4.40,8.00,-4.50,-1.6,11.0,22.0,0.0,0.0,0.0,1.0,8.34,-94,98.0,-111.8,26.1,-152.4,1.0,0,0,0,0,-45,13.0,255,915.000,87,0,
49796,PRELAUNCH,6,3.0,40.1630668,-74.0806531,35.4,1.0,8.40,3.70,-2.00,-2.2,7.9,20.8,0.0,0.0,0.0,1.0,8.34,-89,98.0,-104.6,55.6,-165.6,1.0,0,0,0,0,-41,12.8,255,915.000,88,0,
50710,PRELAUNCH,5,3.0,40.1630612,-74.0806563,36.1,1.0,9.50,0.30,-1.20,-2.8,9.9,20.9,0.0,0.0,0.0,1.0,8.34,-99,98.0,-76.2,75.7,147.6,0.0,0,0,0,0,-39,13.2,255,915.000,89,0,
51319,PRELAUNCH,5,3.0,40.1630737,-74.0806531,36.0,1.0,9.50,0.20,-0.50,1.3,-1.1,3.4,0.0,0.0,0.0,1.0,8.34,-95,98.0,-78.4,82.1,112.0,0.0,0,0,0,0,-42,14.0,255,915.000,90,0,
52098,PRELAUNCH,7,2.0,40.1630737,-74.0806531,36.0,1.0,9.30,0.00,-0.90,-6.4,1.9,-0.5,0.0,0.0,0.0,1.0,8.34,-80,98.0,-83.2,84.2,108.6,0.0,0,0,0,0,-42,13.0,255,915.000,91,0,
53016,PRELAUNCH,7,2.0,40.1630737,-74.0806531,36.0,1.0,9.50,-0.40,-0.60,-2.7,0.4,-1.0,0.0,0.0,0.0,1.0,8.34,-95,98.0,-90.2,85.1,111.9,0.0,0,0,0,0,-42,14.5,255,915.000,92,0,
53695,PRELAUNCH,7,2.0,40.1630737,-74.0806531,36.0,1.0,9.90,-0.80,-0.40,2.6,0.0,0.0,0.0,0.0,0.0,1.0,8.34,-95,98.0,-91.3,85.4,113.3,0.0,0,0,0,0,-50,14.0,255,915.000,93,0,
54373,PRELAUNCH,7,2.0,40.1630737,-74.0806531,36.0,1.0,9.70,0.00,0.10,1.9,0.0,-1.0,0.0,0.0,0.0,1.0,8.34,-92,98.0,-90.9,85.5,117.5,0.0,0,0,0,0,-48,13.2,255,915.000,94,0,
54995,PRELAUNCH,7,2.0,40.1630668,-74.0806531,35.4,1.0,8.60,0.40,-0.10,-1.4,1.2,-1.5,0.0,0.0,0.0,1.0,8.34,-94,98.0,-94.1,85.8,115.6,0.0,0,0,0,0,-49,14.5,255,915.000,95,0,
55568,PRELAUNCH,7,2.0,40.1630724,-74.0806498,34.6,1.0,9.90,-0.80,-0.20,0.9,0.3,-0.2,0.0,0.0,0.0,1.0,8.34,-90,98.0,-95.6,85.8,115.6,0.0,0,0,0,0,-48,14.2,255,915.000,96,0,
56279,PRELAUNCH,7,2.0,40.1630639,-74.0806386,34.2,1.0,8.40,0.50,-0.60,-3.5,-0.9,2.8,0.0,0.0,0.0,1.0,8.34,-92,98.0,-97.1,85.6,120.6,0.0,0,0,0,0,-49,13.0,255,915.000,97,0,
56860,PRELAUNCH,7,2.0,40.1630639,-74.0806386,34.2,1.0,9.20,0.10,-0.40,-13.0,0.1,-1.6,0.0,0.0,0.0,1.0,8.34,-92,98.0,-94.1,85.9,115.9,0.0,0,0,0,0,-50,14.0,255,915.000,98,0,
57607,PRELAUNCH,7,2.0,40.1630570,-74.0806386,33.5,1.0,9.20,-0.60,-0.90,0.0,0.2,-0.4,0.0,0.0,0.0,1.0,8.34,-87,98.0,-97.0,85.7,119.1,0.0,0,0,0,0,-45,13.2,255,915.000,99,0,
58187,PRELAUNCH,7,2.0,40.1630570,-74.0806386,33.5,1.0,9.70,-0.30,-0.20,1.7,-0.3,0.1,0.0,0.0,0.0,1.0,8.34,-89,98.0,-97.4,85.6,119.1,0.0,0,0,0,0,-46,12.8,255,915.000,100,0,
58899,PRELAUNCH,7,2.0,40.1630502,-74.0806386,32.9,1.0,9.70,-0.40,-0.50,0.4,-0.1,-0.2,0.0,0.0,0.0,1.0,8.34,-97,98.0,-99.5,85.7,120.7,0.0,0,0,0,0,-41,12.2,255,915.000,101,0,
59579,PRELAUNCH,7,2.0,40.1630502,-74.0806386,32.9,1.0,9.70,-0.40,-0.50,0.2,-0.2,0.0,0.0,0.0,0.0,1.0,8.34,-86,98.0,-100.3,85.7,121.6,0.0,0,0,0,0,-41,12.5,255,915.000,102,0,
61148,PRELAUNCH,7,2.0,40.1630486,-74.0806273,33.1,1.0,9.70,-0.40,-0.60,0.2,-0.2,0.2,0.0,0.0,0.0,1.0,8.34,-111,98.0,-101.0,85.7,122.8,0.0,0,0,0,0,-44,14.2,255,915.000,104,1,
61727,PRELAUNCH,7,2.0,40.1630502,-74.0806386,32.9,1.0,9.70,-0.30,-0.50,0.5,-0.3,-0.1,0.0,0.0,0.0,1.0,8.34,-94,98.0,-101.2,85.7,122.8,0.0,0,0,0,0,-44,13.2,255,915.000,105,0,
62539,PRELAUNCH,7,2.0,40.1630446,-74.0806418,33.6,1.0,9.70,-0.60,-0.40,0.2,-0.2,-0.1,0.0,-1.0,0.0,1.0,8.34,-87,98.0,-101.6,85.6,123.4,0.0,0,0,0,0,-44,12.8,255,915.000,106,0,
63286,PRELAUNCH,7,2.0,40.1630514,-74.0806418,34.3,1.0,9.70,-0.30,-0.60,-0.1,0.1,0.2,0.0,1.0,0.0,1.0,8.34,-90,98.0,-101.3,85.8,123.4,0.0,0,0,0,0,-46,12.2,255,915.000,107,0,
63865,PRELAUNCH,7,2.0,40.1630514,-74.0806418,34.3,1.0,9.70,-0.50,-0.40,0.1,0.1,0.1,0.0,0.0,0.0,1.0,8.34,-97,98.0,-101.2,85.8,123.2,0.0,0,0,0,0,-41,13.0,255,915.000,108,0,
64512,PRELAUNCH,7,2.0,40.1630514,-74.0806418,34.3,1.0,9.70,-0.50,-0.50,-0.9,0.2,-0.2,0.0,0.0,0.0,1.0,8.34,-89,98.0,-101.2,85.8,123.1,0.0,0,0,0,0,-40,12.8,255,915.000,109,0,
65432,PRELAUNCH,7,2.0,40.1630514,-74.0806418,34.3,0.0,9.70,-0.40,-0.50,-0.1,-0.1,-0.2,0.0,0.0,0.0,1.0,8.34,-87,98.0,-100.5,85.7,122.7,0.0,0,0,0,0,-41,14.2,255,915.000,110,0,
66075,PRELAUNCH,8,2.0,40.1630514,-74.0806418,34.3,0.0,9.70,-0.40,-0.60,-0.1,-0.1,-0.1,0.0,0.0,0.0,1.0,8.34,-99,98.0,-100.0,85.7,122.5,0.0,0,0,0,0,-43,12.5,255,915.000,111,0,
66791,PRELAUNCH,8,2.0,40.1630514,-74.0806418,34.3,0.0,9.70,-0.40,-0.50,-0.3,0.1,-0.2,0.0,0.0,0.0,1.0,8.34,-89,98.0,-99.8,85.8,122.3,0.0,0,0,0,0,-44,12.5,255,915.000,112,0,
67504,PRELAUNCH,8,2.0,40.1630514,-74.0806418,34.3,0.0,9.70,-0.50,-0.50,-0.2,0.0,0.1,0.0,0.0,0.0,1.0,8.34,-95,98.0,-99.2,85.6,122.1,0.0,0,0,0,0,-46,12.8,255,915.000,113,0,
68150,PRELAUNCH,8,2.0,40.1630514,-74.0806418,34.3,0.0,9.70,-0.40,-0.50,-0.1,0.1,-0.1,0.0,0.0,0.0,1.0,8.34,-91,98.0,-98.9,85.7,121.9,0.0,0,0,0,0,-42,12.2,255,915.000,114,0,
68728,PRELAUNCH,8,2.0,40.1630514,-74.0806418,34.3,0.0,9.70,-0.40,-0.60,0.2,-0.3,0.0,0.0,0.0,0.0,1.0,8.34,-99,98.0,-98.7,85.6,121.6,0.0,0,0,0,0,-42,13.8,255,915.000,115,0,
69307,PRELAUNCH,8,2.0,40.1630514,-74.0806418,34.3,0.0,9.80,-0.40,-0.60,0.3,-0.1,-0.1,0.0,0.0,0.0,1.0,8.34,-92,98.0,-97.0,85.7,119.8,0.0,0,0,0,0,-44,14.5,255,915.000,116,0,
70055,PRELAUNCH,8,2.0,40.1630514,-74.0806418,34.3,0.0,9.70,-0.60,-0.60,0.7,0.0,0.1,0.0,0.0,0.0,1.0,8.34,-92,98.0,-96.8,85.7,120.0,0.0,0,0,0,0,-42,13.2,255,915.000,117,0,
70671,PRELAUNCH,8,2.0,40.1630514,-74.0806418,34.3,0.0,9.60,-0.40,0.60,12.1,0.3,0.0,0.0,0.0,0.0,1.0,8.34,-91,98.0,-99.7,85.6,122.0,0.0,0,0,0,0,-43,14.2,255,915.000,118,0,
71249,PRELAUNCH,8,2.0,40.1630514,-74.0806418,34.3,0.0,9.70,-0.30,-0.30,-0.2,0.0,-0.2,0.0,0.0,0.0,1.0,8.34,-117,97.0,-100.7,85.7,123.3,0.0,0,0,0,0,-44,13.0,255,915.000,119,0,
71829,PRELAUNCH,8,2.0,40.1630514,-74.0806418,34.3,0.0,9.80,-0.50,0.30,-0.6,0.1,0.1,0.0,0.0,0.0,1.0,8.34,-101,98.0,-99.3,85.7,122.2,0.0,0,0,0,0,-42,14.5,255,915.000,120,0,
72709,PRELAUNCH,9,2.0,40.1630514,-74.0806418,34.3,0.0,9.70,-0.40,-0.30,-0.1,0.1,-0.1,0.0,0.0,0.0,1.0,8.34,-95,98.0,-98.2,85.6,120.9,0.0,0,0,0,0,-42,14.2,255,915.000,121,0,
73285,PRELAUNCH,9,2.0,40.1630514,-74.0806418,34.3,0.0,9.60,-0.30,-0.40,1.3,-0.1,-0.2,0.0,0.0,0.0,1.0,8.34,-94,98.0,-98.6,85.6,121.2,0.0,0,0,0,0,-44,14.8,255,915.000,122,0,
73798,PRELAUNCH,9,2.0,40.1630514,-74.0806418,34.3,0.0,9.70,-0.50,-0.50,-0.9,-0.3,-0.1,0.0,0.0,0.0,1.0,8.34,-94,98.0,-98.3,85.7,121.2,0.0,0,0,0,0,-42,13.2,255,915.000,123,0,
74611,PRELAUNCH,9,2.0,40.1630514,-74.0806418,34.3,0.0,9.70,-0.10,-0.70,0.9,-0.2,0.1,0.0,0.0,0.0,1.0,8.34,-85,98.0,-98.9,85.6,121.7,0.0,0,0,0,0,-44,13.8,255,915.000,124,0,
75666,PRELAUNCH,8,2.0,40.1630514,-74.0806418,34.3,0.0,9.70,-0.40,-0.40,-0.9,0.2,-0.1,0.0,0.0,0.0,1.0,8.34,-92,98.0,-98.4,85.6,121.1,0.0,0,0,0,0,-44,14.2,255,915.000,125,0,
76519,PRELAUNCH,8,2.0,40.1630514,-74.0806418,34.3,0.0,9.20,0.80,0.10,-1.6,-0.1,-0.2,0.0,0.0,0.0,1.0,8.34,-95,98.0,-98.7,85.7,121.4,0.0,0,0,0,0,-44,14.5,255,915.000,126,0,
77199,PRELAUNCH,9,2.0,40.1630514,-74.0806418,34.3,0.0,9.70,-0.20,-0.60,1.1,-0.1,0.1,0.0,0.0,0.0,1.0,8.34,-99,98.0,-98.6,85.6,121.4,0.0,0,0,0,0,-44,13.0,255,915.000,127,0,
77845,PRELAUNCH,9,2.0,40.1630514,-74.0806418,34.3,0.0,9.70,-0.10,-0.40,1.6,0.1,-0.1,0.0,0.0,0.0,1.0,8.34,-124,97.0,-99.3,85.6,122.2,0.0,0,0,0,0,-44,12.5,255,915.000,128,0,
78897,PRELAUNCH,8,2.0,40.1630514,-74.0806418,34.3,0.0,9.70,-0.50,-0.70,1.7,-0.5,0.2,0.0,0.0,0.0,1.0,8.34,-97,98.0,-98.7,85.6,121.6,0.0,0,0,0,0,-43,12.8,255,915.000,129,0,
79476,PRELAUNCH,8,2.0,40.1630514,-74.0806418,34.3,0.0,10.20,-0.50,-1.00,-3.9,0.4,-0.2,0.0,0.0,0.0,1.0,8.34,-105,98.0,-97.7,85.7,120.5,0.0,0,0,0,0,-43,12.2,255,915.000,130,0,
80155,PRELAUNCH,9,2.0,40.1630514,-74.0806418,34.3,0.0,9.60,-0.60,-0.70,1.8,0.3,0.2,0.0,0.0,0.0,1.0,8.34,-91,98.0,-98.9,85.6,122.1,0.0,0,0,0,0,-42,13.5,255,915.000,131,0,
81213,PRELAUNCH,11,2.0,40.1630583,-74.0806418,34.9,0.0,9.70,0.00,-0.50,-0.9,0.1,-0.2,0.0,0.0,0.0,1.0,8.34,-89,97.0,-98.8,85.6,121.7,0.0,0,0,0,0,-44,14.2,255,915.000,132,0,
82029,PRELAUNCH,11,2.0,40.1630527,-74.0806450,35.7,0.0,9.70,-0.40,-0.50,0.4,-0.3,-0.5,0.0,0.0,0.0,1.0,8.34,-131,97.0,-98.7,85.6,121.3,0.0,0,0,0,0,-44,12.5,255,915.000,133,0,
82675,PRELAUNCH,11,2.0,40.1630527,-74.0806450,35.7,0.0,9.70,-0.50,-0.50,0.9,-0.3,0.1,0.0,0.0,0.0,1.0,8.34,-101,98.0,-97.9,85.6,120.8,0.0,0,0,0,0,-48,12.8,255,915.000,134,0,
83289,PRELAUNCH,11,2.0,40.1630527,-74.0806450,35.7,0.0,9.70,-0.40,-0.50,-0.5,0.2,-0.2,0.0,0.0,0.0,1.0,8.34,-102,97.0,-97.8,85.7,120.6,0.0,0,0,0,0,-52,13.0,255,915.000,135,0,
84344,PRELAUNCH,12,2.0,40.1630527,-74.0806450,35.7,0.0,9.70,-0.40,-0.40,0.2,-0.2,0.0,0.0,0.0,0.0,1.0,8.34,-111,97.0,-97.4,85.6,120.6,0.0,0,0,0,0,-37,13.5,255,915.000,136,0,
84957,PRELAUNCH,12,2.0,40.1630527,-74.0806450,35.7,0.0,9.70,-0.40,-0.50,-0.1,0.3,-0.1,0.0,0.0,0.0,1.0,8.34,-97,98.0,-97.4,85.7,120.2,0.0,0,0,0,0,-35,12.2,255,915.000,137,0,
85504,PRELAUNCH,12,2.0,40.1630527,-74.0806450,35.7,0.0,9.70,-0.40,-0.50,0.2,-0.2,-0.1,0.0,0.0,0.0,1.0,8.34,-112,97.0,-97.6,85.7,120.5,0.0,0,0,0,0,-37,13.8,255,915.000,138,0,
86424,PRELAUNCH,12,2.0,40.1630527,-74.0806450,35.7,0.0,9.70,-0.50,-0.40,-0.2,0.0,-0.1,0.0,0.0,0.0,1.0,8.34,-112,97.0,-97.1,85.7,120.1,0.0,0,0,0,0,-39,14.2,255,915.000,139,0,
87104,PRELAUNCH,12,2.0,40.1630527,-74.0806450,35.7,0.0,9.70,-0.40,-0.50,-0.1,0.1,-0.1,0.0,0.0,0.0,1.0,8.34,-97,98.0,-97.2,85.7,120.0,0.0,0,0,0,0,-39,14.0,255,915.000,140,0,
87650,PRELAUNCH,12,2.0,40.1630527,-74.0806450,35.7,0.0,9.70,-0.40,-0.60,-0.1,0.1,-0.1,0.0,0.0,0.0,1.0,8.34,-104,98.0,-97.0,85.6,120.2,0.0,0,0,0,0,-44,14.5,255,915.000,141,0,
88366,PRELAUNCH,12,2.0,40.1630527,-74.0806450,35.7,0.0,9.70,-0.40,-0.50,-0.1,-0.1,-0.1,0.0,0.0,0.0,1.0,8.34,-89,98.0,-97.0,85.7,119.9,0.0,0,0,0,0,-45,14.2,255,915.000,142,0,
89385,PRELAUNCH,12,2.0,40.1630527,-74.0806450,35.7,0.0,9.70,-0.40,-0.50,-0.2,0.0,0.0,0.0,0.0,0.0,1.0,8.34,-89,98.0,-96.6,85.6,119.6,0.0,0,0,0,0,-44,13.5,255,915.000,143,0,
89997,PRELAUNCH,13,2.0,40.1630527,-74.0806450,35.7,0.0,9.70,-0.40,-0.50,0.2,-0.2,0.0,0.0,0.0,0.0,1.0,8.34,-100,98.0,-96.8,85.6,119.6,0.0,0,0,0,0,-44,13.2,255,915.000,144,0,
91354,PRELAUNCH,13,2.0,40.1630459,-74.0806450,35.0,0.0,9.70,-0.40,-0.50,0.1,-0.3,-0.2,0.0,0.0,0.0,1.0,8.34,-94,98.0,-96.8,85.6,119.6,0.0,0,0,0,0,-42,12.8,255,915.000,146,1,
92103,PRELAUNCH,13,2.0,40.1630459,-74.0806450,35.0,0.0,9.70,-0.40,-0.50,0.2,-0.2,0.0,0.0,0.0,0.0,1.0,8.34,-95,98.0,-96.6,85.7,119.6,0.0,0,0,0,0,-41,12.8,255,915.000,147,0,
92953,PRELAUNCH,13,2.0,40.1630459,-74.0806450,35.0,0.0,9.70,-0.50,-0.60,0.0,-0.2,-0.2,0.0,0.0,0.0,1.0,8.34,-105,98.0,-96.9,85.6,119.7,0.0,0,0,0,0,-41,13.5,255,915.000,148,0,
93702,PRELAUNCH,13,2.0,40.1630459,-74.0806450,35.0,0.0,9.70,-0.40,-0.50,-0.3,0.2,-0.1,0.0,0.0,0.0,1.0,8.34,-109,97.0,-96.7,85.7,119.6,0.0,0,0,0,0,-41,13.0,255,915.000,149,0,
94217,PRELAUNCH,13,2.0,40.1630459,-74.0806450,35.0,0.0,9.70,-0.40,-0.50,0.2,0.0,-0.1,0.0,0.0,0.0,1.0,8.34,-89,98.0,-96.6,85.7,119.5,0.0,0,0,0,0,-42,12.8,255,915.000,150,0,
94795,PRELAUNCH,13,2.0,40.1630459,-74.0806450,35.0,0.0,9.70,-0.30,-0.50,0.2,0.0,0.0,0.0,0.0,0.0,1.0,8.34,-105,98.0,-96.5,85.7,119.4,0.0,0,0,0,0,-42,12.8,255,915.000,151,0,
95545,PRELAUNCH,13,2.0,40.1630459,-74.0806450,35.0,0.0,9.70,-0.40,-0.50,-0.1,0.1,0.1,0.0,0.0,0.0,1.0,8.34,-94,98.0,-96.6,85.7,119.3,0.0,0,0,0,0,-41,13.5,255,915.000,152,0,
96533,PRELAUNCH,12,2.0,40.1630459,-74.0806450,35.0,0.0,9.70,-0.20,-0.50,-0.1,-0.1,-0.1,0.0,0.0,0.0,1.0,8.34,-91,98.0,-96.6,85.6,119.4,0.0,0,0,0,0,-41,14.2,255,915.000,153,0,
97212,PRELAUNCH,13,2.0,40.1630459,-74.0806450,35.0,0.0,9.70,-0.50,-0.60,-0.4,-0.1,-0.2,0.0,0.0,0.0,1.0,8.34,-114,97.0,-96.6,85.6,119.2,0.0,0,0,0,0,-41,14.2,255,915.000,154,0,
97725,PRELAUNCH,13,2.0,40.1630459,-74.0806450,35.0,0.0,9.70,-0.40,-0.30,-0.3,0.0,-0.1,0.0,0.0,0.0,1.0,8.34,-92,98.0,-96.1,85.7,118.9,0.0,0,0,0,0,-42,14.5,255,915.000,155,0,
98575,PRELAUNCH,13,2.0,40.1630514,-74.0806418,34.3,0.0,9.70,-0.50,-0.40,-0.7,0.2,-0.4,0.0,0.0,0.0,1.0,8.34,-107,97.0,-96.5,85.7,119.0,0.0,0,0,0,0,-43,12.5,255,915.000,156,0,
99224,PRELAUNCH,13,2.0,40.1630514,-74.0806418,34.3,0.0,9.70,-0.40,-0.50,0.3,-0.3,-0.1,0.0,0.0,0.0,1.0,8.34,-89,98.0,-96.5,85.6,119.1,0.0,0,0,0,0,-41,12.5,255,915.000,157,0,
99936,PRELAUNCH,14,1.0,40.1630583,-74.0806418,34.9,0.0,9.70,-0.40,-0.60,-0.2,-0.2,0.0,0.0,0.0,0.0,1.0,8.34,-90,97.0,-96.7,85.6,119.3,0.0,0,0,0,0,-42,13.8,255,915.000,158,0,
101640,PRELAUNCH,14,1.0,40.1630583,-74.0806418,34.9,0.0,9.70,-0.40,-0.50,-0.1,-0.1,-0.1,0.0,0.0,0.0,1.0,8.34,-109,97.0,-96.6,85.7,119.5,0.0,0,0,0,0,-45,12.8,255,915.000,160,1,
102285,PRELAUNCH,14,1.0,40.1630583,-74.0806418,34.9,0.0,9.70,-0.40,-0.60,0.0,0.0,-0.1,0.0,0.0,0.0,1.0,8.34,-97,97.0,-96.5,85.7,119.4,0.0,0,0,0,0,-49,12.5,255,915.000,161,0,
103034,PRELAUNCH,13,1.0,40.1630583,-74.0806418,34.9,0.0,9.70,-0.40,-0.50,-0.3,0.1,0.0,0.0,0.0,0.0,1.0,8.34,-99,97.0,-96.4,85.7,119.4,0.0,0,0,0,0,-46,12.8,255,915.000,162,0,
104023,PRELAUNCH,14,1.0,40.1630583,-74.0806418,34.9,0.0,9.70,-0.40,-0.50,-0.1,-0.1,-0.1,0.0,0.0,0.0,1.0,8.34,-101,97.0,-96.3,85.7,119.1,0.0,0,0,0,0,-50,13.5,255,915.000,163,0,
104671,PRELAUNCH,13,1.0,40.1630599,-74.0806531,34.7,0.0,9.70,-0.40,-0.50,-0.1,-0.1,0.0,0.0,0.0,0.0,1.0,8.34,-101,98.0,-96.2,85.6,119.1,0.0,0,0,0,0,-54,12.5,255,915.000,164,0,
105287,PRELAUNCH,13,1.0,40.1630655,-74.0806498,34.0,0.0,9.70,-0.40,-0.50,0.1,-0.1,-0.1,0.0,0.0,0.0,1.0,8.34,-92,97.0,-96.2,85.7,119.0,0.0,0,0,0,0,-47,12.5,255,915.000,165,0,
106071,PRELAUNCH,13,1.0,40.1630655,-74.0806498,34.0,0.0,9.70,-0.40,-0.50,0.2,0.0,0.0,0.0,0.0,0.0,1.0,8.34,-109,97.0,-96.1,85.7,118.9,0.0,0,0,0,0,-48,13.8,255,915.000,166,0,
106755,PRELAUNCH,14,1.0,40.1630655,-74.0806498,34.0,0.0,9.70,-0.30,-0.60,-0.2,0.0,-0.1,0.0,0.0,0.0,1.0,8.34,-92,97.0,-96.1,85.7,119.1,0.0,0,0,0,0,-47,12.5,255,915.000,167,0,
107507,PRELAUNCH,14,1.0,40.1630655,-74.0806498,34.0,0.0,9.70,-0.40,-0.40,0.2,0.0,-0.1,0.0,0.0,0.0,1.0,8.34,-97,97.0,-95.9,85.6,118.7,0.0,0,0,0,0,-48,13.0,255,915.000,168,0,
108228,PRELAUNCH,13,1.0,40.1630655,-74.0806498,34.0,0.0,9.70,-0.40,-0.50,-0.1,-0.1,-0.1,0.0,0.0,0.0,1.0,8.34,-101,97.0,-95.8,85.7,118.7,0.0,0,0,0,0,-50,12.8,255,915.000,169,0,
108974,PRELAUNCH,14,1.0,40.1630655,-74.0806498,34.0,0.0,9.70,-0.40,-0.50,0.0,-0.2,-0.1,0.0,0.0,0.0,1.0,8.34,-99,97.0,-95.7,85.6,118.6,0.0,0,0,0,0,-49,12.5,255,915.000,170,0,
109500,PRELAUNCH,12,1.0,40.1630655,-74.0806498,34.0,0.0,9.70,-0.40,-0.50,0.0,-0.2,-0.1,0.0,0.0,0.0,1.0,8.34,-97,97.0,-95.8,85.6,118.5,0.0,0,0,0,0,-52,12.5,255,915.000,171,0,
110121,PRELAUNCH,13,1.0,40.1630655,-74.0806498,34.0,0.0,9.70,-0.40,-0.50,0.0,-0.3,-0.1,0.0,0.0,0.0,1.0,8.34,-97,97.0,-95.8,85.7,118.6,0.0,0,0,0,0,-63,13.5,255,915.000,172,0,
110804,PRELAUNCH,13,1.0,40.1630655,-74.0806498,34.0,0.0,9.70,-0.30,-0.50,-0.1,0.1,-0.1,0.0,0.0,0.0,1.0,8.34,-94,98.0,-95.9,85.6,118.6,0.0,0,0,0,0,-54,12.5,255,915.000,173,0,
111362,PRELAUNCH,14,1.0,40.1630655,-74.0806498,34.0,0.0,9.70,-0.40,-0.50,-0.3,-0.1,0.0,0.0,0.0,0.0,1.0,8.34,-96,97.0,-95.7,85.6,118.3,0.0,0,0,0,0,-50,14.0,255,915.000,174,0,
111884,PRELAUNCH,14,2.0,40.1630655,-74.0806498,34.0,0.0,9.70,-0.40,-0.60,0.0,0.0,0.0,0.0,0.0,0.0,1.0,8.34,-91,97.0,-95.7,85.6,118.5,0.0,0,0,0,0,-50,14.0,255,915.000,175,0,
112506,PRELAUNCH,14,1.0,40.1630655,-74.0806498,34.0,0.0,9.70,-0.30,-0.50,0.1,-0.1,0.0,0.0,0.0,0.0,1.0,8.34,-95,97.0,-95.6,85.7,118.6,0.0,0,0,0,0,-44,12.8,255,915.000,176,0,
113158,PRELAUNCH,14,1.0,40.1630711,-74.0806466,33.2,0.0,9.70,-0.40,-0.40,-0.3,0.0,0.0,0.0,0.0,0.0,1.0,8.34,-92,97.0,-95.8,85.7,118.6,0.0,0,0,0,0,-41,14.8,255,915.000,177,0,
113777,PRELAUNCH,14,2.0,40.1630711,-74.0806466,33.2,0.0,9.70,-0.40,-0.30,0.3,0.0,-0.1,0.0,0.0,0.0,1.0,8.34,-95,97.0,-96.1,85.7,118.9,0.0,0,0,0,0,-41,13.2,255,915.000,178,0,
114368,PRELAUNCH,14,1.0,40.1630711,-74.0806466,33.2,0.0,9.70,-0.50,-0.50,-0.1,-0.1,0.1,0.0,0.0,0.0,1.0,8.34,-95,97.0,-95.9,85.7,118.7,0.0,0,0,0,0,-41,14.0,255,915.000,179,0,
115082,PRELAUNCH,14,1.0,40.1630711,-74.0806466,33.2,0.0,9.70,-0.40,-0.50,0.3,0.0,-0.1,0.0,0.0,0.0,1.0,8.34,-101,97.0,-96.0,85.6,118.7,0.0,0,0,0,0,-42,13.5,255,915.000,180,0,
115766,PRELAUNCH,14,1.0,40.1630711,-74.0806466,33.2,0.0,9.70,-0.40,-0.50,-0.2,0.0,-0.1,0.0,0.0,0.0,1.0,8.34,-89,97.0,-96.0,85.8,118.6,0.0,0,0,0,0,-43,12.5,255,915.000,181,0,
116484,PRELAUNCH,14,1.0,40.1630711,-74.0806466,33.2,0.0,9.70,-0.40,-0.60,-0.2,0.0,-0.1,0.0,0.0,0.0,1.0,8.34,-95,97.0,-95.9,85.7,118.6,0.0,0,0,0,0,-44,12.8,255,915.000,182,0,
117169,PRELAUNCH,14,1.0,40.1630711,-74.0806466,33.2,0.0,9.70,-0.40,-0.50,0.0,-0.2,0.0,0.0,0.0,0.0,1.0,8.34,-97,97.0,-95.8,85.7,118.7,0.0,0,0,0,0,-44,14.2,255,915.000,183,0,
117953,PRELAUNCH,14,1.0,40.1630711,-74.0806466,33.2,0.0,9.70,-0.40,-0.50,-0.2,0.0,-0.1,0.0,0.0,0.0,1.0,8.34,-95,97.0,-95.8,85.7,118.6,0.0,0,0,0,0,-45,14.5,255,915.000,184,0,
118606,PRELAUNCH,14,1.0,40.1630711,-74.0806466,33.2,0.0,9.70,-0.40,-0.50,0.0,-0.2,0.0,0.0,0.0,0.0,1.0,8.34,-90,97.0,-95.9,85.8,118.7,0.0,0,0,0,0,-40,12.8,255,915.000,185,0,
119875,PRELAUNCH,14,1.0,40.1630711,-74.0806466,33.2,0.0,9.70,-0.40,-0.50,0.1,-0.1,-0.1,0.0,0.0,0.0,1.0,8.34,-92,97.0,-95.6,85.6,118.3,0.0,0,0,0,0,-40,13.0,255,915.000,186,0,
121698,PRELAUNCH,14,1.0,40.1630711,-74.0806466,33.2,0.0,9.70,-0.40,-0.60,0.0,0.0,-0.1,0.0,0.0,0.0,1.0,8.34,-85,97.0,-95.4,85.7,118.3,0.0,0,0,0,0,-41,12.5,255,915.000,187,0,
122245,PRELAUNCH,14,1.0,40.1630711,-74.0806466,33.2,0.0,9.70,-0.40,-0.50,0.3,-0.3,0.0,0.0,0.0,0.0,1.0,8.34,-112,97.0,-95.4,85.7,118.3,0.0,0,0,0,0,-41,13.2,255,915.000,188,0,
123000,PRELAUNCH,14,1.0,40.1630711,-74.0806466,33.2,0.0,9.70,-0.50,-0.50,0.0,0.0,-0.2,0.0,0.0,0.0,1.0,8.34,-100,97.0,-95.3,85.7,118.1,0.0,0,0,0,0,-42,12.8,255,915.000,189,0,
123862,PRELAUNCH,14,1.0,40.1630711,-74.0806466,33.2,0.0,9.70,-0.40,-0.50,0.0,0.0,0.0,0.0,0.0,0.0,1.0,8.34,-97,97.0,-95.3,85.7,118.1,0.0,0,0,0,0,-41,12.8,255,915.000,190,0,
124599,PRELAUNCH,14,1.0,40.1630711,-74.0806466,33.2,0.0,9.70,-0.40,-0.50,-0.2,0.0,-0.1,0.0,0.0,0.0,1.0,8.34,-97,97.0,-95.4,85.8,118.2,0.0,0,0,0,0,-42,12.8,255,915.000,191,0,
125202,PRELAUNCH,14,1.0,40.1630711,-74.0806466,33.2,0.0,9.70,-0.50,-0.50,-0.2,-0.2,0.0,0.0,0.0,0.0,1.0,8.34,-92,97.0,-95.1,85.7,117.9,0.0,0,0,0,0,-41,12.8,255,915.000,192,0,
125971,PRELAUNCH,14,1.0,40.1630711,-74.0806466,33.2,0.0,9.70,-0.30,-0.60,0.0,-0.2,-0.5,0.0,0.0,0.0,1.0,8.34,-89,97.0,-95.5,85.7,118.0,0.0,0,0,0,0,-41,14.0,255,915.000,193,0,
126708,PRELAUNCH,14,1.0,40.1630711,-74.0806466,33.2,0.0,9.70,-0.50,-0.60,-0.3,-0.1,0.0,0.0,0.0,0.0,1.0,8.34,-97,97.0,-95.2,85.8,118.4,0.0,0,0,0,0,-40,12.8,255,915.000,194,0,
127644,PRELAUNCH,13,2.0,40.1630711,-74.0806466,33.2,0.0,9.70,-0.40,-0.30,0.1,-0.1,-0.1,0.0,0.0,0.0,1.0,8.34,-97,97.0,-95.6,85.8,118.3,0.0,0,0,0,0,-41,13.8,255,915.000,195,0,
128381,PRELAUNCH,13,1.0,40.1630711,-74.0806466,33.2,0.0,9.70,-0.50,-0.50,0.1,0.1,0.0,0.0,0.0,0.0,1.0,8.34,-92,97.0,-95.8,85.8,118.4,0.0,0,0,0,0,-43,12.5,255,915.000,196,0,
129022,PRELAUNCH,12,1.0,40.1630711,-74.0806466,33.2,0.0,9.70,-0.30,-0.50,0.0,0.0,0.2,0.0,0.0,0.0,1.0,8.34,-102,97.0,-95.6,85.8,118.5,0.0,0,0,0,0,-43,14.2,255,915.000,197,0,
129623,PRELAUNCH,14,1.0,40.1630711,-74.0806466,33.2,0.0,9.70,-0.50,-0.60,-0.7,-0.3,0.1,0.0,0.0,0.0,1.0,8.34,-96,97.0,-96.3,85.8,118.7,0.0,0,0,0,0,-45,12.8,255,915.000,198,0,
130231,PRELAUNCH,13,1.0,40.1630711,-74.0806466,33.2,0.0,9.70,-0.30,-0.50,-0.3,0.3,-0.2,0.0,0.0,0.0,1.0,8.34,-95,97.0,-96.1,85.7,118.5,0.0,0,0,0,0,-44,12.5,255,915.000,199,0,
130937,PRELAUNCH,13,1.0,40.1630783,-74.0806547,32.3,0.0,9.70,-0.50,-0.50,0.9,-0.3,0.0,0.0,0.0,0.0,1.0,8.34,-86,97.0,-95.7,85.7,118.3,0.0,0,0,0,0,-55,12.8,255,915.000,200,0,
131620,PRELAUNCH,14,1.0,40.1630783,-74.0806547,32.3,0.0,9.70,-0.30,-0.40,-0.1,-0.3,0.0,0.0,0.0,0.0,1.0,8.34,-91,97.0,-95.4,85.7,118.2,0.0,0,0,0,0,-44,14.8,255,915.000,201,0,
132112,PRELAUNCH,13,1.0,40.1630783,-74.0806547,32.3,0.0,9.70,-0.40,-0.40,-0.5,-0.2,-0.1,0.0,0.0,0.0,1.0,8.34,-95,97.0,-95.4,85.7,118.0,0.0,0,0,0,0,-44,12.5,255,915.000,202,0,
132728,PRELAUNCH,14,1.0,40.1630783,-74.0806547,32.3,0.0,9.70,-0.30,-0.40,-0.3,0.0,-0.1,0.0,0.0,0.0,1.0,8.34,-100,97.0,-95.1,85.8,117.9,0.0,0,0,0,0,-44,13.8,255,915.000,203,0,
133473,PRELAUNCH,13,1.0,40.1630783,-74.0806547,32.3,0.0,9.70,-0.50,-0.40,0.3,-0.2,0.0,0.0,0.0,0.0,1.0,8.34,-92,97.0,-95.4,85.7,118.1,0.0,0,0,0,0,-46,13.2,255,915.000,204,0,
134199,PRELAUNCH,13,1.0,40.1630783,-74.0806547,32.3,0.0,9.70,-0.40,-0.50,0.2,0.0,-0.1,0.0,0.0,0.0,1.0,8.34,-101,97.0,-95.5,85.7,118.2,0.0,0,0,0,0,-48,13.2,255,915.000,205,0,
135260,PRELAUNCH,14,1.0,40.1630783,-74.0806547,32.3,0.0,9.70,-0.40,-0.40,0.2,0.0,0.0,0.0,0.0,0.0,1.0,8.34,-92,97.0,-95.3,85.8,118.0,0.0,0,0,0,0,-55,12.2,255,915.000,206,0,
136865,PRELAUNCH,14,1.0,40.1630783,-74.0806547,32.3,0.0,9.70,-0.50,-0.50,0.2,0.0,-0.1,0.0,0.0,0.0,1.0,8.34,-89,97.0,-95.4,85.7,117.9,0.0,0,0,0,0,-57,13.8,255,915.000,207,0,
137579,PRELAUNCH,13,1.0,40.1630783,-74.0806547,32.3,0.0,9.70,-0.40,-0.50,0.6,-0.1,0.0,0.0,0.0,0.0,1.0,8.34,-100,97.0,-95.4,85.7,118.2,0.0,0,0,0,0,-57,14.0,255,915.000,208,0,
138293,PRELAUNCH,14,1.0,40.1630783,-74.0806547,32.3,0.0,9.70,-0.50,-0.50,0.3,0.1,0.0,0.0,0.0,0.0,1.0,8.34,-91,97.0,-95.4,85.7,118.1,0.0,0,0,0,0,-55,13.0,255,915.000,209,0,
138802,PRELAUNCH,14,1.0,40.1630783,-74.0806547,32.3,0.0,9.70,-0.50,-0.50,-0.2,-0.2,-0.1,0.0,0.0,0.0,1.0,8.34,-90,97.0,-95.5,85.8,118.1,0.0,0,0,0,0,-54,12.5,255,915.000,210,0,
139416,PRELAUNCH,14,1.0,40.1630783,-74.0806547,32.3,0.0,9.70,-0.40,-0.50,0.3,-0.2,0.0,0.0,0.0,0.0,1.0,8.34,-85,97.0,-95.4,85.7,118.0,0.0,0,0,0,0,-50,14.0,255,915.000,211,0,
140151,PRELAUNCH,14,1.0,40.1630783,-74.0806547,32.3,0.0,9.70,-0.30,-0.60,0.5,-0.3,-0.4,0.0,0.0,0.0,1.0,8.34,-92,97.0,-95.6,85.7,117.9,0.0,0,0,0,0,-54,13.8,255,915.000,212,0,
140772,PRELAUNCH,14,2.0,40.1630783,-74.0806547,32.3,0.0,9.70,-0.40,-0.40,0.4,-0.3,-0.4,0.0,0.0,0.0,1.0,8.34,-95,97.0,-95.6,85.7,118.1,0.0,0,0,0,0,-58,12.8,255,915.000,213,0,
141523,PRELAUNCH,14,1.0,40.1630783,-74.0806547,32.3,0.0,9.70,-0.40,-0.60,0.2,0.0,-31.3,0.0,0.0,0.0,1.0,8.34,-95,97.0,-95.3,85.8,118.1,0.0,0,0,0,0,-61,14.5,255,915.000,214,0,
142203,PRELAUNCH,14,1.0,40.1630783,-74.0806547,32.3,0.0,9.70,-0.40,-0.50,-0.1,-0.1,-0.1,0.0,0.0,0.0,1.0,8.34,-90,97.0,-95.4,85.8,118.1,0.0,0,0,0,0,-61,13.0,255,915.000,215,0,
142857,PRELAUNCH,13,1.0,40.1630783,-74.0806547,32.3,0.0,9.70,-0.40,-0.40,0.3,0.0,-0.1,0.0,0.0,0.0,1.0,8.34,-97,97.0,-95.4,85.7,118.2,0.0,0,0,0,0,-70,12.5,255,915.000,216,0,
143473,PRELAUNCH,14,2.0,40.1630783,-74.0806547,32.3,0.0,9.70,-0.40,-0.60,0.3,-0.2,0.0,0.0,0.0,0.0,1.0,8.34,-100,97.0,-95.4,85.8,118.2,0.0,0,0,0,0,-83,13.5,255,915.000,217,0,
144111,PRELAUNCH,14,1.0,40.1630839,-74.0806515,31.6,0.0,9.70,-0.40,-0.50,0.1,-0.1,0.1,0.0,0.0,0.0,1.0,8.34,-97,97.0,-95.2,85.8,118.1,0.0,0,0,0,0,-80,13.0,255,915.000,218,0,
144691,PRELAUNCH,14,1.0,40.1630839,-74.0806515,31.6,0.0,9.70,-0.40,-0.50,0.3,-0.1,-0.1,0.0,0.0,0.0,1.0,8.34,-101,97.0,-95.3,85.7,117.9,0.0,0,0,0,0,-76,12.8,255,915.000,219,0,
145234,PRELAUNCH,14,1.0,40.1630839,-74.0806515,31.6,0.0,9.70,-0.50,-0.50,-0.5,0.0,-0.1,0.0,0.0,0.0,1.0,8.34,-104,97.0,-95.2,85.7,117.7,0.0,0,0,0,0,-74,13.5,255,915.000,220,0,
145780,PRELAUNCH,13,1.0,40.1630839,-74.0806515,31.6,0.0,9.70,-0.40,-0.50,-0.1,0.1,-0.1,0.0,0.0,0.0,1.0,8.34,-95,97.0,-95.1,85.8,118.0,0.0,0,0,0,0,-74,12.0,255,915.000,221,0,
146317,PRELAUNCH,14,1.0,40.1630770,-74.0806515,30.9,0.0,9.70,-0.40,-0.60,-0.2,-0.2,-0.2,0.0,0.0,0.0,1.0,8.34,-95,97.0,-95.4,85.7,117.9,0.0,0,0,0,0,-70,12.8,255,915.000,222,0,
146828,PRELAUNCH,14,1.0,40.1630770,-74.0806515,30.9,0.0,9.70,-0.50,-0.50,0.3,-0.1,-0.1,0.0,0.0,0.0,1.0,8.34,-95,97.0,-95.0,85.7,117.8,0.0,0,0,0,0,-84,12.8,255,915.000,223,0,
147431,PRELAUNCH,14,1.0,40.1630770,-74.0806515,30.9,0.0,9.70,-0.40,-0.50,0.3,-0.1,0.0,0.0,0.0,0.0,1.0,8.34,-92,97.0,-95.2,85.7,118.0,0.0,0,0,0,0,-76,13.5,255,915.000,224,0,
147990,PRELAUNCH,13,1.0,40.1630770,-74.0806515,30.9,0.0,9.70,-0.40,-0.60,0.5,-0.3,-0.1,0.0,0.0,0.0,1.0,8.34,-95,97.0,-95.3,85.6,117.8,0.0,0,0,0,0,-87,11.8,255,915.000,225,0,
148522,PRELAUNCH,14,1.0,40.1630770,-74.0806515,30.9,0.0,9.70,-0.40,-0.50,-0.2,0.2,0.0,0.0,0.0,0.0,1.0,8.34,-99,97.0,-94.9,85.7,117.8,0.0,0,0,0,0,-72,12.8,255,915.000,226,0,
149057,PRELAUNCH,13,2.0,40.1630770,-74.0806515,30.9,0.0,9.70,-0.40,-0.50,0.5,-0.3,-0.1,0.0,0.0,0.0,1.0,8.34,-97,97.0,-95.4,85.8,118.2,0.0,0,0,0,0,-71,13.5,255,915.000,227,0,
149568,PRELAUNCH,13,2.0,40.1630770,-74.0806515,30.9,0.0,9.70,-0.40,-0.50,0.3,-0.1,0.0,0.0,0.0,0.0,1.0,8.34,-106,97.0,-95.2,85.7,117.9,0.0,0,0,0,0,-77,12.5,255,915.000,228,0,
150113,PRELAUNCH,13,2.0,40.1630770,-74.0806515,30.9,0.0,9.70,-0.30,-0.50,-0.2,0.0,-0.4,0.0,0.0,0.0,1.0,8.34,-99,97.0,-95.3,85.8,118.2,0.0,0,0,0,0,-74,13.0,255,915.000,229,0,
151193,PRELAUNCH,13,1.0,40.1630770,-74.0806515,30.9,0.0,9.70,-0.40,-0.50,0.3,0.0,0.0,0.0,0.0,0.0,1.0,8.34,-95,97.0,-95.0,85.7,117.9,0.0,0,0,0,0,-68,12.8,255,915.000,231,1,
151773,PRELAUNCH,11,2.0,40.1630770,-74.0806515,30.9,0.0,9.70,-0.40,-0.60,-0.6,-0.1,-0.4,0.0,0.0,0.0,1.0,8.34,-92,97.0,-95.2,85.6,117.7,0.0,0,0,0,0,-77,13.8,255,915.000,232,0,
152330,PRELAUNCH,13,2.0,40.1630770,-74.0806515,30.9,0.0,9.70,-0.40,-0.40,0.3,-0.1,0.0,0.0,0.0,0.0,1.0,8.34,-95,97.0,-95.2,85.6,117.8,0.0,0,0,0,0,-71,13.2,255,915.000,233,0,
152923,PRELAUNCH,13,1.0,40.1630770,-74.0806515,30.9,0.0,9.70,-0.40,-0.50,0.1,-0.1,0.1,0.0,0.0,0.0,1.0,8.34,-92,97.0,-95.0,85.8,118.0,0.0,0,0,0,0,-75,13.5,255,915.000,234,0,
153412,PRELAUNCH,13,1.0,40.1630826,-74.0806483,30.2,0.0,9.70,-0.40,-0.60,-0.2,-0.2,-0.4,0.0,0.0,0.0,1.0,8.34,-95,97.0,-95.5,85.8,117.8,0.0,0,0,0,0,-72,13.0,255,915.000,235,0,
154002,PRELAUNCH,14,1.0,40.1630826,-74.0806483,30.2,0.0,9.70,-0.40,-0.50,0.0,0.0,0.0,0.0,0.0,0.0,1.0,8.34,-94,97.0,-95.1,85.8,117.7,0.0,0,0,0,0,-76,14.0,255,915.000,236,0,
154490,PRELAUNCH,14,1.0,40.1630826,-74.0806483,30.2,0.0,9.70,-0.30,-0.50,0.3,-0.3,-0.1,0.0,0.0,0.0,1.0,8.34,-95,97.0,-95.3,85.7,117.9,0.0,0,0,0,0,-75,13.0,255,915.000,237,0,
155048,PRELAUNCH,13,1.0,40.1630826,-74.0806483,30.2,0.0,9.70,-0.40,-0.50,0.1,-0.3,-0.1,0.0,0.0,0.0,1.0,8.34,-94,97.0,-95.2,85.8,117.8,0.0,0,0,0,0,-75,12.8,255,915.000,238,0,
155616,PRELAUNCH,12,1.0,40.1630826,-74.0806483,30.2,0.0,9.70,-0.40,-0.50,0.0,0.2,-0.1,0.0,0.0,0.0,1.0,8.34,-96,97.0,-94.9,85.7,117.7,0.0,0,0,0,0,-69,12.8,255,915.000,239,0,
156173,PRELAUNCH,13,1.0,40.1630826,-74.0806483,30.2,0.0,9.70,-0.40,-0.50,0.0,-0.2,-0.1,0.0,0.0,0.0,1.0,8.34,-106,97.0,-95.2,85.8,117.8,0.0,0,0,0,0,-72,12.8,255,915.000,240,0,
156696,PRELAUNCH,14,1.0,40.1630757,-74.0806483,29.5,0.0,9.70,-0.40,-0.50,0.0,-0.2,-0.1,0.0,0.0,0.0,1.0,8.34,-99,97.0,-95.0,85.7,117.6,0.0,0,0,0,0,-77,13.0,255,915.000,241,0,
157218,PRELAUNCH,14,1.0,40.1630757,-74.0806483,29.5,0.0,9.70,-0.40,-0.50,-0.3,0.1,-0.1,0.0,0.0,0.0,1.0,8.34,-100,97.0,-95.0,85.7,117.7,0.0,0,0,0,0,-82,13.0,255,915.000,242,0,
157799,PRELAUNCH,14,1.0,40.1630757,-74.0806483,29.5,0.0,9.70,-0.40,-0.50,-0.3,-0.1,0.0,0.0,0.0,0.0,1.0,8.34,-97,97.0,-94.9,85.7,117.5,0.0,0,0,0,0,-84,12.2,255,915.000,243,0,
158345,PRELAUNCH,13,1.0,40.1630757,-74.0806483,29.5,0.0,9.70,-0.40,-0.40,0.0,-0.2,0.1,0.0,0.0,0.0,1.0,8.34,-92,97.0,-94.7,85.8,117.5,0.0,0,0,0,0,-77,12.8,255,915.000,244,0,
158833,PRELAUNCH,14,1.0,40.1630757,-74.0806483,29.5,0.0,9.70,-0.50,-0.60,0.3,-0.1,0.0,0.0,0.0,0.0,1.0,8.34,-105,97.0,-94.8,85.7,117.6,0.0,0,0,0,0,-81,12.0,255,915.000,245,0,
159355,PRELAUNCH,13,1.0,40.1630757,-74.0806483,29.5,0.0,9.70,-0.50,-0.60,-0.4,0.3,-0.2,0.0,0.0,0.0,1.0,8.34,-96,97.0,-94.8,85.8,117.5,0.0,0,0,0,0,-72,13.8,255,915.000,246,0,
159839,PRELAUNCH,14,1.0,40.1630757,-74.0806483,29.5,0.0,9.70,-0.40,-0.50,-0.2,0.0,-0.2,0.0,0.0,0.0,1.0,8.34,-99,97.0,-94.9,85.7,117.5,0.0,0,0,0,0,-67,12.2,255,915.000,247,0,
160353,PRELAUNCH,13,1.0,40.1630757,-74.0806483,29.5,0.0,9.70,-0.40,-0.50,-0.1,0.1,0.0,0.0,0.0,0.0,1.0,8.34,-95,97.0,-94.9,85.8,117.7,0.0,0,0,0,0,-68,13.2,255,915.000,248,0,
161094,PRELAUNCH,14,1.0,40.1630757,-74.0806483,29.5,0.0,9.70,-0.30,-0.60,-0.5,0.0,-0.1,0.0,0.0,0.0,1.0,8.34,-95,97.0,-95.0,85.7,117.4,0.0,0,0,0,0,-66,12.2,255,915.000,249,0,
161642,PRELAUNCH,14,1.0,40.1630757,-74.0806483,29.5,0.0,9.70,-0.30,-0.60,0.4,-0.3,-0.1,0.0,0.0,0.0,1.0,8.34,-99,97.0,-95.0,85.7,117.7,0.0,0,0,0,0,-70,12.2,255,915.000,250,0,
162222,PRELAUNCH,14,1.0,40.1630757,-74.0806483,29.5,0.0,9.70,-0.30,-0.70,-0.3,0.1,0.0,0.0,0.0,0.0,1.0,8.34,-99,97.0,-95.0,85.7,117.8,0.0,0,0,0,0,-66,12.0,255,915.000,251,0,
162699,PRELAUNCH,14,1.0,40.1630757,-74.0806483,29.5,0.0,9.70,-0.40,-0.60,0.0,-0.2,0.0,0.0,0.0,0.0,1.0,8.34,-102,97.0,-95.2,85.6,117.7,0.0,0,0,0,0,-56,12.8,255,915.000,252,0,
163244,PRELAUNCH,14,1.0,40.1630757,-74.0806483,29.5,0.0,9.70,-0.40,-0.50,-0.4,0.3,0.1,0.0,0.0,0.0,1.0,8.34,-95,97.0,-95.1,85.7,117.8,0.0,0,0,0,0,-55,12.8,255,915.000,253,0,
163799,PRELAUNCH,14,1.0,40.1630757,-74.0806483,29.5,0.0,9.70,-0.40,-0.50,-0.2,0.0,0.0,0.0,0.0,0.0,1.0,8.34,-100,97.0,-95.0,85.7,117.7,0.0,0,0,0,0,-60,12.8,255,915.000,254,0,
164357,PRELAUNCH,14,1.0,40.1630757,-74.0806483,29.5,0.0,9.70,-0.40,-0.50,0.3,-0.3,-0.1,0.0,0.0,0.0,1.0,8.34,-95,97.0,-95.2,85.7,117.8,0.0,0,0,0,0,-60,12.0,255,915.000,255,0,
164867,PRELAUNCH,14,1.0,40.1630757,-74.0806483,29.5,0.0,9.70,-0.40,-0.50,-0.2,0.0,-0.1,0.0,0.0,0.0,1.0,8.34,-101,97.0,-95.0,85.7,117.6,0.0,0,0,0,0,-57,14.2,255,915.000,256,0,
165403,PRELAUNCH,14,1.0,40.1630757,-74.0806483,29.5,0.0,9.70,-0.40,-0.50,0.2,0.0,-0.1,0.0,0.0,0.0,1.0,8.34,-100,97.0,-94.9,85.7,117.5,0.0,0,0,0,0,-55,11.8,255,915.000,257,0,
165409,PRELAUNCH,14,1.0,40.1630757,-74.0806483,29.5,0.0,9.70,-0.40,-0.50,0.2,0.0,-0.1,0.0,0.0,0.0,1.0,8.34,-100,97.0,-94.9,85.7,117.5,0.0,0,0,0,0,-55,11.8,255,915.000,257,-1,
165948,PRELAUNCH,14,1.0,40.1630757,-74.0806483,29.5,0.0,9.70,-0.40,-0.50,0.2,-0.2,-0.2,0.0,0.0,0.0,1.0,8.34,-96,97.0,-95.0,85.6,117.5,0.0,0,0,0,0,-53,13.8,255,915.000,258,0,
165954,PRELAUNCH,14,1.0,40.1630757,-74.0806483,29.5,0.0,9.70,-0.40,-0.50,0.2,-0.2,-0.2,0.0,0.0,0.0,1.0,8.34,-96,97.0,-95.0,85.6,117.5,0.0,0,0,0,0,-53,13.8,255,915.000,258,-1,
166518,PRELAUNCH,13,1.0,40.1630757,-74.0806483,29.5,0.0,9.70,-0.40,-0.50,0.1,-0.1,-0.2,0.0,0.0,0.0,1.0,8.34,-92,97.0,-94.8,85.7,117.5,0.0,0,0,0,0,-53,14.2,255,915.000,259,0,
167064,PRELAUNCH,14,1.0,40.1630688,-74.0806483,28.9,0.0,9.70,-0.40,-0.50,0.1,-0.1,-0.1,0.0,0.0,0.0,1.0,8.34,-99,97.0,-94.8,85.7,117.4,0.0,0,0,0,0,-55,12.5,255,915.000,260,0,
167644,PRELAUNCH,14,1.0,40.1630688,-74.0806483,28.9,0.0,9.70,-0.40,-0.50,0.0,0.0,-0.1,0.0,0.0,0.0,1.0,8.34,-102,97.0,-94.8,85.7,117.4,0.0,0,0,0,0,-56,12.5,255,915.000,261,0,
168201,PRELAUNCH,14,1.0,40.1630688,-74.0806483,28.9,0.0,9.70,-0.40,-0.50,0.0,-0.2,-0.1,0.0,0.0,0.0,1.0,8.34,-94,97.0,-94.7,85.7,117.4,0.0,0,0,0,0,-59,12.2,255,915.000,262,0,
168770,PRELAUNCH,14,1.0,40.1630688,-74.0806483,28.9,0.0,9.70,-0.40,-0.50,-0.1,-0.1,-0.1,0.0,0.0,0.0,1.0,8.34,-92,97.0,-94.7,85.7,117.4,0.0,0,0,0,0,-63,12.5,255,915.000,263,0,
169281,PRELAUNCH,13,1.0,40.1630688,-74.0806483,28.9,0.0,9.70,-0.40,-0.50,0.0,-0.2,0.0,0.0,0.0,0.0,1.0,8.34,-95,97.0,-94.7,85.7,117.3,0.0,0,0,0,0,-76,12.2,255,915.000,264,0,
169886,PRELAUNCH,14,1.0,40.1630688,-74.0806483,28.9,0.0,9.70,-0.40,-0.50,-0.1,-0.1,-0.1,0.0,0.0,0.0,1.0,8.34,-95,97.0,-94.4,85.7,117.1,0.0,0,0,0,0,-74,12.5,255,915.000,265,0,
170439,PRELAUNCH,13,1.0,40.1630744,-74.0806450,28.2,0.0,9.70,-0.40,-0.50,0.0,-0.2,-0.2,0.0,0.0,0.0,1.0,8.34,-100,97.0,-94.4,85.8,117.2,0.0,0,0,0,0,-74,13.0,255,915.000,266,0,
171023,PRELAUNCH,12,1.0,40.1630744,-74.0806450,28.2,0.0,9.70,-0.40,-0.50,0.0,-0.2,0.0,0.0,0.0,0.0,1.0,8.34,-95,97.0,-94.3,85.8,117.2,0.0,0,0,0,0,-71,14.2,255,915.000,267,0,
171534,PRELAUNCH,12,1.0,40.1630744,-74.0806450,28.2,0.0,9.70,-0.40,-0.50,0.1,-0.1,0.0,0.0,0.0,0.0,1.0,8.34,-96,97.0,-94.2,85.6,116.9,0.0,0,0,0,0,-71,13.2,255,915.000,268,0,
172056,PRELAUNCH,13,1.0,40.1630744,-74.0806450,28.2,0.0,9.70,-0.40,-0.50,0.0,-0.2,-0.1,0.0,0.0,0.0,1.0,8.34,-95,97.0,-94.2,85.7,117.0,0.0,0,0,0,0,-77,12.8,255,915.000,269,0,
172567,PRELAUNCH,14,1.0,40.1630744,-74.0806450,28.2,0.0,9.70,-0.40,-0.50,-0.1,-0.1,0.0,0.0,0.0,0.0,1.0,8.34,-100,97.0,-94.1,85.7,116.8,0.0,0,0,0,0,-76,12.8,255,915.000,270,0,
173053,PRELAUNCH,14,1.0,40.1630744,-74.0806450,28.2,0.0,9.70,-0.40,-0.50,-0.2,0.0,-0.1,0.0,0.0,0.0,1.0,8.34,-97,97.0,-94.1,85.7,116.7,0.0,0,0,0,0,-69,12.5,255,915.000,271,0,
173621,PRELAUNCH,15,1.0,40.1630728,-74.0806337,28.4,0.0,9.70,-0.40,-0.50,0.1,-0.1,0.0,0.0,0.0,0.0,1.0,8.34,-94,97.0,-93.9,85.8,116.8,0.0,0,0,0,0,-73,13.2,255,915.000,272,0,
174123,PRELAUNCH,15,1.0,40.1630728,-74.0806337,28.4,0.0,9.70,-0.40,-0.50,0.2,-0.2,-0.1,0.0,0.0,0.0,1.0,8.34,-99,97.0,-94.1,85.7,116.8,0.0,0,0,0,0,-83,13.0,255,915.000,273,0,
174703,PRELAUNCH,14,1.0,40.1630728,-74.0806337,28.4,0.0,9.70,-0.40,-0.50,0.2,0.0,-0.2,0.0,0.0,0.0,1.0,8.34,-96,97.0,-94.0,85.7,116.5,0.0,0,0,0,0,-68,12.8,255,915.000,274,0,
175261,PRELAUNCH,15,1.0,40.1630728,-74.0806337,28.4,0.0,9.70,-0.40,-0.50,-0.3,0.1,-0.2,0.0,0.0,0.0,1.0,8.34,-104,97.0,-93.7,85.8,116.6,0.0,0,0,0,0,-71,14.2,255,915.000,275,0,
175806,PRELAUNCH,15,1.0,40.1630728,-74.0806337,28.4,0.0,9.70,-0.40,-0.50,0.1,-0.1,-0.1,0.0,0.0,0.0,1.0,8.34,-101,97.0,-93.8,85.7,116.4,0.0,0,0,0,0,-76,12.5,255,915.000,276,0,
176398,PRELAUNCH,15,1.0,40.1630728,-74.0806337,28.4,0.0,9.70,-0.40,-0.50,0.0,-0.2,-0.2,0.0,0.0,0.0,1.0,8.34,-97,97.0,-93.8,85.7,116.5,0.0,0,0,0,0,-75,12.5,255,915.000,277,0,
176964,PRELAUNCH,15,1.0,40.1630728,-74.0806337,28.4,0.0,9.70,-0.40,-0.40,0.2,-0.3,0.0,0.0,0.0,0.0,1.0,8.34,-95,97.0,-93.7,85.7,116.4,0.0,0,0,0,0,-65,12.2,255,915.000,278,0,
177463,PRELAUNCH,15,1.0,40.1630728,-74.0806337,28.4,0.0,9.70,-0.50,-0.50,0.2,0.0,0.1,0.0,0.0,0.0,1.0,8.34,-95,97.0,-93.8,85.7,116.7,0.0,0,0,0,0,-67,12.2,255,915.000,279,0,
178105,PRELAUNCH,15,1.0,40.1630728,-74.0806337,28.4,0.0,9.70,-0.40,-0.40,-0.3,0.1,-0.1,0.0,0.0,0.0,1.0,8.34,-96,97.0,-93.8,85.7,116.5,0.0,0,0,0,0,-74,14.2,255,915.000,280,0,
178709,PRELAUNCH,14,1.0,40.1630728,-74.0806337,28.4,0.0,9.70,-0.40,-0.50,-0.2,-0.2,-0.2,0.0,0.0,0.0,1.0,8.34,-101,97.0,-94.1,85.7,116.6,0.0,0,0,0,0,-89,11.8,255,915.000,281,0,
179242,PRELAUNCH,15,1.0,40.1630728,-74.0806337,28.4,0.0,9.70,-0.40,-0.50,0.0,-0.2,0.0,0.0,0.0,0.0,1.0,8.34,-99,97.0,-94.0,85.7,116.4,0.0,0,0,0,0,-78,13.0,255,915.000,282,0,
179765,PRELAUNCH,14,1.0,40.1630728,-74.0806337,28.4,0.0,9.70,-0.40,-0.50,0.0,0.0,-0.2,0.0,0.0,0.0,1.0,8.34,-95,97.0,-93.9,85.7,116.4,0.0,0,0,0,0,-71,12.8,255,915.000,283,0,
180300,PRELAUNCH,15,1.0,40.1630728,-74.0806337,28.4,0.0,9.70,-0.40,-0.50,-0.2,0.0,-0.1,0.0,0.0,0.0,1.0,8.34,-97,97.0,-93.9,85.7,116.4,0.0,0,0,0,0,-71,12.8,255,915.000,284,0,
180938,PRELAUNCH,14,1.0,40.1630728,-74.0806337,28.4,0.0,9.70,-0.40,-0.50,0.1,-0.1,-0.1,0.0,0.0,0.0,1.0,8.34,-101,97.0,-94.0,85.7,116.6,0.0,0,0,0,0,-92,7.2,255,915.000,285,0,
181495,PRELAUNCH,14,1.0,40.1630728,-74.0806337,28.4,0.0,9.70,-0.40,-0.50,-0.3,0.0,-0.1,0.0,0.0,0.0,1.0,8.34,-96,97.0,-94.0,85.8,116.5,0.0,0,0,0,0,-70,12.5,255,915.000,286,0,
182087,PRELAUNCH,15,1.0,40.1630728,-74.0806337,28.4,0.0,9.70,-0.40,-0.50,0.0,-0.2,-0.1,0.0,0.0,0.0,1.0,8.34,-92,97.0,-94.2,85.7,116.7,0.0,0,0,0,0,-87,12.0,255,915.000,287,0,
182656,PRELAUNCH,13,1.0,40.1630728,-74.0806337,28.4,0.0,9.70,-0.40,-0.60,0.1,-0.1,0.0,0.0,0.0,0.0,1.0,8.34,-104,97.0,-94.1,85.7,116.6,0.0,0,0,0,0,-75,13.0,255,915.000,288,0,
183211,PRELAUNCH,15,1.0,40.1630728,-74.0806337,28.4,0.0,9.70,-0.40,-0.70,0.3,-0.2,0.0,0.0,0.0,0.0,1.0,8.34,-87,97.0,-94.1,85.8,116.6,0.0,0,0,0,0,-76,12.8,255,915.000,289,0,
183744,PRELAUNCH,15,1.0,40.1630728,-74.0806337,28.4,0.0,9.70,-0.40,-0.30,0.2,-0.2,-0.4,0.0,0.0,0.0,1.0,8.34,-96,97.0,-94.6,85.7,117.0,0.0,0,0,0,0,-77,13.0,255,915.000,290,0,
184246,PRELAUNCH,15,1.0,40.1630728,-74.0806337,28.4,0.0,9.70,-0.40,-0.30,0.1,-0.1,0.0,0.0,0.0,0.0,1.0,8.34,-96,97.0,-94.1,85.7,117.0,0.0,0,0,0,0,-76,12.2,255,915.000,291,0,
184757,PRELAUNCH,14,1.0,40.1630728,-74.0806337,28.4,0.0,9.70,-0.50,-0.50,0.1,-0.3,0.0,0.0,0.0,0.0,1.0,8.34,-96,97.0,-94.4,85.7,117.3,0.0,0,0,0,0,-76,12.2,255,915.000,292,0,
185350,PRELAUNCH,14,1.0,40.1630728,-74.0806337,28.4,0.0,9.70,-0.40,-0.60,-0.3,0.1,-0.1,0.0,0.0,0.0,1.0,8.34,-95,97.0,-94.2,85.7,116.8,0.0,0,0,0,0,-74,13.5,255,915.000,293,0,
185999,PRELAUNCH,15,1.0,40.1630728,-74.0806337,28.4,0.0,9.70,-0.50,-0.40,0.6,-0.1,0.1,0.0,0.0,0.0,1.0,8.34,-95,97.0,-93.9,85.7,116.6,0.0,0,0,0,0,-78,12.5,255,915.000,294,0,
186568,PRELAUNCH,15,1.0,40.1630728,-74.0806337,28.4,0.0,9.70,-0.50,-0.50,-0.2,0.0,-0.1,0.0,0.0,0.0,1.0,8.34,-94,97.0,-93.8,85.7,116.4,0.0,0,0,0,0,-77,13.5,255,915.000,295,0,
187114,PRELAUNCH,15,1.0,40.1630744,-74.0806450,28.2,0.0,9.70,-0.40,-0.50,-0.3,0.0,-0.4,0.0,0.0,0.0,1.0,8.34,-95,97.0,-93.8,85.8,116.4,655.0,0,0,0,0,-77,14.0,255,915.000,296,0,
187631,PRELAUNCH,15,1.0,40.1630744,-74.0806450,28.2,0.0,9.70,-0.40,-0.50,0.3,-0.1,0.0,0.0,0.0,0.0,1.0,8.34,-100,97.0,-93.6,85.8,116.3,0.0,0,0,0,0,-79,13.0,255,915.000,297,0,
188182,PRELAUNCH,14,1.0,40.1630744,-74.0806450,28.2,0.0,9.70,-0.40,-0.50,0.3,-0.3,0.0,0.0,0.0,0.0,1.0,8.34,-96,97.0,-93.7,85.7,116.4,0.0,0,0,0,0,-78,12.2,255,915.000,298,0,
188740,PRELAUNCH,15,1.0,40.1630744,-74.0806450,28.2,0.0,9.70,-0.50,-0.60,-0.2,0.0,-0.2,0.0,0.0,0.0,1.0,8.34,-99,97.0,-93.8,85.7,116.3,0.0,0,0,0,0,-75,12.2,255,915.000,299,0,
189273,PRELAUNCH,15,1.0,40.1630744,-74.0806450,28.2,0.0,9.70,-0.40,-0.50,-0.2,0.0,-0.1,0.0,0.0,0.0,1.0,8.34,-95,97.0,-93.7,85.8,116.3,0.0,0,0,0,0,-73,12.5,255,915.000,300,0,
189773,PRELAUNCH,15,1.0,40.1630744,-74.0806450,28.2,0.0,9.70,-0.40,-0.50,0.6,-0.3,-0.1,0.0,0.0,0.0,1.0,8.34,-95,97.0,-93.8,85.8,116.3,0.0,0,0,0,0,-73,12.8,255,915.000,301,0,
190354,PRELAUNCH,14,1.0,40.1630744,-74.0806450,28.2,0.0,9.70,-0.50,-0.40,-0.1,-0.1,0.1,0.0,0.0,0.0,1.0,8.34,-89,97.0,-93.7,85.8,116.4,0.0,0,0,0,0,-75,13.8,255,915.000,302,0,
190908,PRELAUNCH,14,1.0,40.1630744,-74.0806450,28.2,0.0,9.70,-0.40,-0.60,0.1,-0.1,-0.2,0.0,0.0,0.0,1.0,8.34,-92,97.0,-94.0,85.8,116.6,0.0,0,0,0,0,-75,14.2,255,915.000,303,0,
191503,PRELAUNCH,13,1.0,40.1630744,-74.0806450,28.2,0.0,9.70,-0.40,-0.50,0.3,-0.3,0.0,0.0,0.0,0.0,1.0,8.34,-97,97.0,-94.1,85.7,116.6,0.0,0,0,0,0,-72,12.8,255,915.000,304,0,
192104,PRELAUNCH,15,1.0,40.1630744,-74.0806450,28.2,0.0,9.70,-0.40,-0.60,0.1,-0.1,0.0,0.0,0.0,0.0,1.0,8.34,-94,97.0,-93.9,85.8,116.5,0.0,0,0,0,0,-72,13.0,255,915.000,305,0,
192571,PRELAUNCH,13,1.0,40.1630744,-74.0806450,28.2,0.0,9.70,-0.40,-0.50,-0.1,0.1,-0.1,0.0,0.0,0.0,1.0,8.34,-97,97.0,-93.8,85.7,116.3,0.0,0,0,0,0,-70,12.2,255,915.000,306,0,
193128,PRELAUNCH,15,1.0,40.1630744,-74.0806450,28.2,0.0,9.70,-0.40,-0.50,0.0,-0.2,-0.1,0.0,0.0,0.0,1.0,8.34,-104,97.0,-93.9,85.8,116.4,0.0,0,0,0,0,-74,13.8,255,915.000,307,0,
193683,PRELAUNCH,15,1.0,40.1630744,-74.0806450,28.2,0.0,9.70,-0.40,-0.50,0.3,0.1,0.0,0.0,0.0,0.0,1.0,8.34,-99,97.0,-93.7,85.7,116.3,0.0,0,0,0,0,-73,12.8,255,915.000,308,0,
194184,PRELAUNCH,14,1.0,40.1630744,-74.0806450,28.2,0.0,9.70,-0.40,-0.50,0.0,-0.2,0.0,0.0,0.0,0.0,1.0,8.34,-92,97.0,-93.7,85.7,116.1,0.0,0,0,0,0,-76,12.5,255,915.000,309,0,
194719,PRELAUNCH,15,1.0,40.1630744,-74.0806450,28.2,0.0,9.70,-0.40,-0.50,-0.4,-0.1,-0.2,0.0,0.0,0.0,1.0,8.34,-97,97.0,-93.6,85.8,116.2,0.0,0,0,0,0,-79,12.0,255,915.000,310,0,
195252,PRELAUNCH,15,1.0,40.1630744,-74.0806450,28.2,0.0,9.70,-0.40,-0.50,1.1,-0.1,-0.1,0.0,0.0,0.0,1.0,8.34,-95,97.0,-93.6,85.7,116.3,0.0,0,0,0,0,-79,13.2,255,915.000,311,0,
195798,PRELAUNCH,15,2.0,40.1630744,-74.0806450,28.2,0.0,9.70,-0.40,-0.60,0.3,-0.1,-0.1,0.0,0.0,0.0,1.0,8.34,-92,97.0,-93.5,85.8,116.2,0.0,0,0,0,0,-82,13.8,255,915.000,312,0,
196309,PRELAUNCH,15,1.0,40.1630744,-74.0806450,28.2,0.0,9.70,-0.50,-0.50,0.2,0.2,-0.1,0.0,0.0,0.0,1.0,8.34,-101,97.0,-93.5,85.8,116.2,0.0,0,0,0,0,-80,12.5,255,915.000,313,0,
196936,PRELAUNCH,13,2.0,40.1630744,-74.0806450,28.2,0.0,9.70,-0.40,-0.50,0.0,-0.2,-0.1,0.0,0.0,0.0,1.0,8.34,-105,97.0,-93.4,85.8,116.2,0.0,0,0,0,0,-77,14.2,255,915.000,314,0,
197459,PRELAUNCH,16,1.0,40.1630744,-74.0806450,28.2,0.0,9.70,-0.40,-0.50,0.3,-0.1,0.0,0.0,0.0,0.0,1.0,8.34,-99,97.0,-93.4,85.7,116.0,0.0,0,0,0,0,-76,13.8,255,915.000,315,0,
198027,PRELAUNCH,14,1.0,40.1630813,-74.0806450,28.8,0.0,9.70,-0.40,-0.50,0.3,-0.2,-0.1,0.0,0.0,0.0,1.0,8.34,-94,97.0,-93.2,85.8,116.1,0.0,0,0,0,0,-77,13.5,255,915.000,316,0,
198584,PRELAUNCH,14,1.0,40.1630813,-74.0806450,28.8,0.0,9.70,-0.40,-0.50,-0.2,0.0,-0.1,0.0,0.0,0.0,1.0,8.34,-102,97.0,-93.1,85.7,115.9,0.0,0,0,0,0,-70,12.5,255,915.000,317,0,
199130,PRELAUNCH,15,1.0,40.1630813,-74.0806450,28.8,0.0,9.70,-0.40,-0.50,0.1,-0.1,0.0,0.0,0.0,0.0,1.0,8.34,-95,97.0,-93.1,85.6,115.8,0.0,0,0,0,0,-67,12.2,255,915.000,318,0,
199697,PRELAUNCH,12,1.0,40.1630813,-74.0806450,28.8,0.0,9.70,-0.40,-0.50,0.1,-0.1,0.0,0.0,0.0,0.0,1.0,8.34,-97,97.0,-93.0,85.7,115.8,0.0,0,0,0,0,-64,12.5,255,915.000,319,0,
200236,PRELAUNCH,13,1.0,40.1630813,-74.0806450,28.8,0.0,9.70,-0.40,-0.50,0.2,-0.2,-0.2,0.0,0.0,0.0,1.0,8.34,-102,97.0,-92.9,85.7,115.6,0.0,0,0,0,0,-71,14.2,255,915.000,320,0,
200721,PRELAUNCH,13,1.0,40.1630813,-74.0806450,28.8,0.0,9.70,-0.40,-0.50,-0.3,-0.1,0.0,0.0,0.0,0.0,1.0,8.34,-96,97.0,-92.8,85.8,115.5,0.0,0,0,0,0,-85,11.2,255,915.000,321,0,
201221,PRELAUNCH,13,1.0,40.1630829,-74.0806563,28.6,0.0,9.70,-0.50,-0.40,0.1,-0.1,0.0,0.0,0.0,0.0,1.0,8.34,-92,97.0,-92.8,85.8,115.6,0.0,0,0,0,0,-70,12.5,255,915.000,322,0,
201731,PRELAUNCH,16,1.0,40.1630829,-74.0806563,28.6,0.0,9.70,-0.40,-0.60,-0.3,0.0,-0.1,0.0,0.0,0.0,1.0,8.34,-101,97.0,-92.9,85.8,115.6,0.0,0,0,0,0,-68,14.2,255,915.000,323,0,
202276,PRELAUNCH,15,1.0,40.1630829,-74.0806563,28.6,0.0,9.70,-0.40,-0.50,-0.3,0.0,-0.1,0.0,0.0,0.0,1.0,8.34,-99,97.0,-92.8,85.8,115.5,0.0,0,0,0,0,-64,14.8,255,915.000,324,0,
202810,PRELAUNCH,15,1.0,40.1630829,-74.0806563,28.6,0.0,9.70,-0.40,-0.50,0.2,-0.2,0.0,0.0,0.0,0.0,1.0,8.34,-95,97.0,-92.8,85.7,115.7,0.0,0,0,0,0,-64,13.2,255,915.000,325,0,
203345,PRELAUNCH,14,1.0,40.1630829,-74.0806563,28.6,0.0,9.70,-0.40,-0.50,-0.3,-0.2,-0.1,0.0,0.0,0.0,1.0,8.34,-109,97.0,-92.9,85.7,115.7,0.0,0,0,0,0,-63,12.8,255,915.000,326,0,
203853,PRELAUNCH,16,1.0,40.1630829,-74.0806563,28.6,0.0,9.70,-0.50,-0.50,-0.7,0.2,0.0,0.0,0.0,0.0,1.0,8.34,-101,97.0,-92.9,85.8,115.7,0.0,0,0,0,0,-79,11.8,255,915.000,327,0,
204387,PRELAUNCH,16,1.0,40.1630829,-74.0806563,28.6,0.0,9.70,-0.40,-0.50,-0.3,-0.1,-0.1,0.0,0.0,0.0,1.0,8.34,-95,97.0,-92.9,85.7,115.6,0.0,0,0,0,0,-76,12.2,255,915.000,328,0,
204912,PRELAUNCH,16,1.0,40.1630829,-74.0806563,28.6,0.0,9.70,-0.40,-0.50,0.0,-0.2,0.0,0.0,0.0,0.0,1.0,8.34,-95,97.0,-92.9,85.7,115.5,0.0,0,0,0,0,-80,13.0,255,915.000,329,0,
205434,PRELAUNCH,16,1.0,40.1630829,-74.0806563,28.6,0.0,9.70,-0.40,-0.50,0.0,-0.2,-0.1,0.0,0.0,0.0,1.0,8.34,-92,97.0,-92.8,85.7,115.5,0.0,0,0,0,0,-67,14.0,255,915.000,330,0,
206061,PRELAUNCH,16,1.0,40.1630829,-74.0806563,28.6,0.0,9.70,-0.40,-0.50,0.0,0.0,-0.1,0.0,0.0,0.0,1.0,8.34,-105,97.0,-92.8,85.8,115.5,0.0,0,0,0,0,-73,12.5,255,915.000,331,0,
206585,PRELAUNCH,16,1.0,40.1630829,-74.0806563,28.6,0.0,9.70,-0.50,-0.50,-0.1,-0.3,-0.1,0.0,0.0,0.0,1.0,8.34,-96,97.0,-92.9,85.8,115.5,0.0,0,0,0,0,-86,12.8,255,915.000,332,0,
207104,PRELAUNCH,16,1.0,40.1630829,-74.0806563,28.6,0.0,9.70,-0.40,-0.50,0.3,-0.2,-0.1,0.0,0.0,0.0,1.0,8.34,-95,97.0,-92.9,85.8,115.5,0.0,0,0,0,0,-78,13.2,255,915.000,333,0,
207640,PRELAUNCH,16,1.0,40.1630829,-74.0806563,28.6,0.0,9.70,-0.40,-0.50,-0.1,-0.1,-0.1,0.0,0.0,0.0,1.0,8.34,-101,97.0,-92.9,85.7,115.5,0.0,0,0,0,0,-72,13.2,255,915.000,334,0,
208163,PRELAUNCH,16,1.0,40.1630829,-74.0806563,28.6,0.0,9.70,-0.40,-0.50,0.1,-0.3,-0.1,0.0,0.0,0.0,1.0,8.34,-96,97.0,-92.8,85.8,115.3,0.0,0,0,0,0,-68,14.2,255,915.000,335,0,
208674,PRELAUNCH,16,1.0,40.1630829,-74.0806563,28.6,0.0,9.70,-0.40,-0.60,0.1,-0.1,-0.1,0.0,1.0,0.0,1.0,8.34,-92,97.0,-93.0,85.8,115.3,0.0,0,0,0,0,-74,13.0,255,915.000,336,0,
209254,PRELAUNCH,16,1.0,40.1630829,-74.0806563,28.6,0.0,9.70,-0.40,-0.50,-0.3,-0.2,-0.2,0.0,0.0,0.0,1.0,8.34,-97,97.0,-93.1,85.7,115.3,0.0,0,0,0,0,-73,12.2,255,915.000,337,0,
209835,PRELAUNCH,16,1.0,40.1630829,-74.0806563,28.6,0.0,9.70,-0.40,-0.60,0.1,-0.1,0.1,0.0,0.0,0.0,1.0,8.34,-95,97.0,-93.2,85.8,115.4,0.0,0,0,0,0,-81,12.2,255,915.000,338,0,
210345,PRELAUNCH,16,1.0,40.1630829,-74.0806563,28.6,0.0,9.70,-0.40,-0.60,0.4,-0.1,0.1,0.0,0.0,0.0,1.0,8.34,-92,97.0,-93.2,85.8,115.3,0.0,0,0,0,0,-73,12.5,255,915.000,339,0,
210960,PRELAUNCH,16,1.0,40.1630829,-74.0806563,28.6,0.0,9.70,-0.30,-0.40,0.6,-0.1,0.0,0.0,0.0,0.0,1.0,8.34,-95,97.0,-93.5,85.7,115.5,0.0,0,0,0,0,-70,12.8,255,915.000,340,0,
211576,PRELAUNCH,16,1.0,40.1630829,-74.0806563,28.6,0.0,9.70,-0.60,-0.50,0.7,0.0,-0.1,0.0,0.0,0.0,1.0,8.34,-101,97.0,-93.6,85.8,115.5,0.0,0,0,0,0,-69,12.8,255,915.000,341,0,
212108,PRELAUNCH,16,1.0,40.1630829,-74.0806563,28.6,0.0,9.70,-0.50,-0.40,-0.3,0.1,-0.2,0.0,0.0,0.0,1.0,8.34,-95,97.0,-93.6,85.8,115.4,0.0,0,0,0,0,-74,13.5,255,915.000,342,0,
212618,PRELAUNCH,15,1.0,40.1630829,-74.0806563,28.6,0.0,9.70,-0.50,-0.50,-0.5,-0.2,-0.1,0.0,0.0,0.0,1.0,8.34,-99,97.0,-93.4,85.8,115.7,0.0,0,0,0,0,-74,14.2,255,915.000,343,0,
213132,PRELAUNCH,15,1.0,40.1630773,-74.0806595,29.3,0.0,9.70,-0.40,-0.40,-0.3,-0.2,0.0,0.0,0.0,0.0,1.0,8.34,-97,97.0,-93.4,85.8,115.9,0.0,0,0,0,0,-70,12.8,255,915.000,344,0,
213701,PRELAUNCH,15,1.0,40.1630773,-74.0806595,29.3,0.0,9.80,-0.50,-0.60,0.5,-0.2,-0.1,0.0,0.0,0.0,1.0,8.34,-92,97.0,-93.3,85.8,115.5,0.0,0,0,0,0,-79,12.2,255,915.000,345,0,
214282,PRELAUNCH,15,1.0,40.1630773,-74.0806595,29.3,0.0,9.70,-0.40,-0.50,-0.1,-0.1,-0.1,0.0,0.0,0.0,1.0,8.34,-97,97.0,-93.3,85.8,115.5,0.0,0,0,0,0,-70,12.8,255,915.000,346,0,
214861,PRELAUNCH,15,1.0,40.1630773,-74.0806595,29.3,0.0,9.70,-0.50,-0.50,-0.9,0.3,0.0,0.0,0.0,0.0,1.0,8.34,-97,97.0,-93.2,85.7,115.8,0.0,0,0,0,0,-69,12.2,255,915.000,347,0,
215350,PRELAUNCH,15,1.0,40.1630773,-74.0806595,29.3,0.0,9.70,-0.40,-0.50,0.2,0.0,0.0,0.0,0.0,0.0,1.0,8.34,-101,97.0,-93.1,85.7,115.5,0.0,0,0,0,0,-67,14.2,255,915.000,348,0,
215872,PRELAUNCH,15,1.0,40.1630842,-74.0806595,30.0,0.0,9.70,-0.40,-0.40,-0.1,-0.1,0.1,0.0,0.0,0.0,1.0,8.34,-100,97.0,-93.0,85.7,115.5,0.0,0,0,0,0,-64,14.0,255,915.000,349,0,
216403,PRELAUNCH,15,1.0,40.1630842,-74.0806595,30.0,0.0,9.70,-0.30,-0.50,-0.1,0.4,-0.2,0.0,0.0,0.0,1.0,8.34,-96,97.0,-93.0,85.8,115.4,0.0,0,0,0,0,-64,13.5,255,915.000,350,0,
216928,PRELAUNCH,15,1.0,40.1630842,-74.0806595,30.0,0.0,9.70,-0.40,-0.30,-0.6,-0.1,-0.2,0.0,0.0,0.0,1.0,8.34,-97,97.0,-93.1,85.7,115.5,0.0,0,0,0,0,-76,12.8,255,915.000,351,0,
217463,PRELAUNCH,15,1.0,40.1630842,-74.0806595,30.0,0.0,9.70,-0.30,-0.40,-0.1,-0.1,0.0,0.0,0.0,0.0,1.0,8.34,-95,97.0,-92.6,85.7,115.5,0.0,0,0,0,0,-66,12.2,255,915.000,352,0,
218002,PRELAUNCH,15,1.0,40.1630842,-74.0806595,30.0,0.0,9.70,-0.40,-0.60,-0.4,-0.3,-0.1,0.0,0.0,0.0,1.0,8.34,-99,97.0,-92.6,85.7,115.3,0.0,0,0,0,0,-80,12.2,255,915.000,353,0,
218507,PRELAUNCH,15,1.0,40.1630842,-74.0806595,30.0,0.0,9.70,-0.50,-0.50,0.3,0.2,-0.1,0.0,0.0,0.0,1.0,8.34,-96,97.0,-92.3,85.8,115.1,0.0,0,0,0,0,-70,13.5,255,915.000,354,0,
219018,PRELAUNCH,14,1.0,40.1630842,-74.0806595,30.0,0.0,9.70,-0.40,-0.50,-0.2,0.0,-0.1,0.0,0.0,0.0,1.0,8.34,-105,97.0,-92.3,85.8,115.1,0.0,0,0,0,0,-80,12.2,255,915.000,355,0,
219541,PRELAUNCH,16,1.0,40.1630842,-74.0806595,30.0,0.0,9.70,-0.40,-0.50,0.4,-0.1,-0.1,0.0,0.0,0.0,1.0,8.34,-92,97.0,-92.3,85.7,115.1,0.0,0,0,0,0,-77,13.5,255,915.000,356,0,
220098,PRELAUNCH,16,1.0,40.1630842,-74.0806595,30.0,0.0,9.70,-0.40,-0.60,0.2,-0.2,0.0,0.0,0.0,0.0,1.0,8.34,-105,97.0,-92.1,85.8,114.9,0.0,0,0,0,0,-77,13.2,255,915.000,357,0,
221160,PRELAUNCH,15,1.0,40.1630757,-74.0806483,29.5,0.0,9.70,-0.40,-0.60,-0.4,0.1,-0.1,0.0,0.0,0.0,1.0,8.34,-96,97.0,-91.9,85.8,114.8,0.0,0,0,0,0,-77,13.2,255,915.000,359,1,
221674,PRELAUNCH,15,1.0,40.1630757,-74.0806483,29.5,0.0,9.70,-0.40,-0.50,-0.3,-0.3,-0.1,0.0,0.0,0.0,1.0,8.34,-99,97.0,-92.1,85.7,114.9,0.0,0,0,0,0,-64,13.5,255,915.000,360,0,
222246,PRELAUNCH,13,1.0,40.1630757,-74.0806483,29.5,0.0,9.70,-0.50,-0.60,-0.3,-0.1,0.0,0.0,0.0,0.0,1.0,8.34,-97,97.0,-92.0,85.8,114.8,0.0,0,0,0,0,-57,13.2,255,915.000,361,0,
222745,PRELAUNCH,16,1.0,40.1630757,-74.0806483,29.5,0.0,9.70,-0.30,-0.60,-0.3,0.0,-0.1,0.0,0.0,0.0,1.0,8.34,-95,97.0,-92.2,85.7,114.9,0.0,0,0,0,0,-64,13.2,255,915.000,362,0,
223302,PRELAUNCH,15,1.0,40.1630757,-74.0806483,29.5,0.0,9.70,-0.60,-0.60,-0.3,-0.2,-0.1,0.0,0.0,0.0,1.0,8.34,-97,97.0,-92.2,85.7,114.8,0.0,0,0,0,0,-65,13.0,255,915.000,363,0,
223813,PRELAUNCH,15,1.0,40.1630757,-74.0806483,29.5,0.0,9.70,-0.50,-0.50,0.3,-0.2,-0.2,0.0,0.0,0.0,1.0,8.34,-102,97.0,-92.3,85.8,115.0,0.0,0,0,0,0,-57,14.2,255,915.000,364,0,
224370,PRELAUNCH,15,1.0,40.1630757,-74.0806483,29.5,0.0,9.70,-0.40,-0.50,-0.5,0.3,-0.2,0.0,0.0,0.0,1.0,8.34,-96,97.0,-92.3,85.8,115.0,0.0,0,0,0,0,-59,12.5,255,915.000,365,0,
224857,PRELAUNCH,15,1.0,40.1630757,-74.0806483,29.5,0.0,9.70,-0.30,-0.40,-0.2,-0.2,0.0,0.0,0.0,0.0,1.0,8.34,-96,97.0,-92.4,85.7,115.0,0.0,0,0,0,0,-58,13.5,255,915.000,366,0,
225392,PRELAUNCH,16,1.0,40.1630757,-74.0806483,29.5,0.0,9.70,-0.40,-0.50,0.1,-0.4,0.2,0.0,0.0,0.0,1.0,8.34,-100,97.0,-92.0,85.7,115.0,0.0,0,0,0,0,-54,13.5,255,915.000,367,0,
226030,PRELAUNCH,15,1.0,40.1630757,-74.0806483,29.5,0.0,9.70,-0.30,-0.50,-0.2,0.2,-0.2,0.0,0.0,0.0,1.0,8.34,-97,97.0,-92.2,85.8,114.8,0.0,0,0,0,0,-54,13.8,255,915.000,368,0,
226550,PRELAUNCH,16,1.0,40.1630813,-74.0806450,28.8,0.0,9.70,-0.40,-0.50,0.3,-0.3,-0.2,0.0,0.0,0.0,1.0,8.34,-101,97.0,-92.4,85.8,114.9,0.0,0,0,0,0,-55,12.8,255,915.000,369,0,
227133,PRELAUNCH,14,1.0,40.1630813,-74.0806450,28.8,0.0,9.70,-0.50,-0.50,0.3,-0.1,0.1,0.0,0.0,0.0,1.0,8.34,-94,97.0,-92.1,85.7,114.8,0.0,0,0,0,0,-56,12.5,255,915.000,370,0,
227702,PRELAUNCH,15,1.0,40.1630813,-74.0806450,28.8,0.0,9.70,-0.40,-0.50,-0.2,0.0,-0.2,0.0,0.0,0.0,1.0,8.34,-99,97.0,-92.1,85.8,114.8,0.0,0,0,0,0,-59,12.2,255,915.000,371,0,
228226,PRELAUNCH,16,1.0,40.1630744,-74.0806450,28.2,0.0,9.70,-0.40,-0.50,0.1,-0.1,-0.2,0.0,0.0,0.0,1.0,8.34,-102,97.0,-92.2,85.7,114.9,0.0,0,0,0,0,-59,12.8,255,915.000,372,0,
228805,PRELAUNCH,15,1.0,40.1630744,-74.0806450,28.2,0.0,9.70,-0.40,-0.50,0.2,-0.2,0.0,0.0,0.0,0.0,1.0,8.34,-102,97.0,-91.8,85.8,114.9,0.0,0,0,0,0,-59,12.8,255,915.000,373,0,
229351,PRELAUNCH,15,1.0,40.1630744,-74.0806450,28.2,0.0,9.70,-0.40,-0.50,0.1,-0.1,-0.2,0.0,0.0,0.0,1.0,8.34,-101,97.0,-91.9,85.7,114.6,0.0,0,0,0,0,-59,12.8,255,915.000,374,0,
229909,PRELAUNCH,17,1.0,40.1630744,-74.0806450,28.2,0.0,9.70,-0.40,-0.50,-0.3,-0.1,-0.2,0.0,0.0,0.0,1.0,8.34,-94,97.0,-91.8,85.8,114.6,0.0,0,0,0,0,-57,12.5,255,915.000,375,0,
230442,PRELAUNCH,16,1.0,40.1630744,-74.0806450,28.2,0.0,9.70,-0.40,-0.50,0.2,-0.3,0.0,0.0,0.0,0.0,1.0,8.34,-99,97.0,-91.8,85.7,114.6,0.0,0,0,0,0,-57,14.2,255,915.000,376,0,
231093,PRELAUNCH,17,1.0,40.1630744,-74.0806450,28.2,0.0,9.70,-0.40,-0.50,-0.2,-0.2,-0.1,0.0,0.0,0.0,1.0,8.34,-99,97.0,-91.8,85.8,114.6,0.0,0,0,0,0,-59,12.5,255,915.000,377,0,
231704,PRELAUNCH,15,1.0,40.1630744,-74.0806450,28.2,0.0,9.70,-0.40,-0.50,0.0,-0.2,-0.2,0.0,0.0,0.0,1.0,8.34,-99,97.0,-91.7,85.8,114.7,0.0,0,0,0,0,-59,12.5,255,915.000,378,0,
232288,PRELAUNCH,16,1.0,40.1630744,-74.0806450,28.2,0.0,9.70,-0.40,-0.50,0.0,0.0,-0.1,0.0,0.0,0.0,1.0,8.34,-97,97.0,-91.6,85.8,114.6,0.0,0,0,0,0,-59,12.5,255,915.000,379,0,
232808,PRELAUNCH,13,2.0,40.1630744,-74.0806450,28.2,0.0,9.70,-0.40,-0.50,-0.1,0.1,-0.1,0.0,0.0,0.0,1.0,8.34,-99,97.0,-91.6,85.7,114.4,0.0,0,0,0,0,-59,12.8,255,915.000,380,0,
233335,PRELAUNCH,16,1.0,40.1630744,-74.0806450,28.2,0.0,9.70,-0.40,-0.50,0.0,-0.2,-0.2,0.0,0.0,0.0,1.0,8.34,-101,97.0,-91.6,85.7,114.4,0.0,0,0,0,0,-56,12.8,255,915.000,381,0,
233899,PRELAUNCH,16,1.0,40.1630744,-74.0806450,28.2,0.0,9.70,-0.40,-0.50,0.1,-0.1,-0.1,0.0,0.0,0.0,1.0,8.34,-99,97.0,-91.7,85.7,114.4,0.0,0,0,0,0,-57,13.0,255,915.000,382,0,
234402,PRELAUNCH,17,1.0,40.1630744,-74.0806450,28.2,0.0,9.70,-0.40,-0.50,-0.2,-0.2,0.0,0.0,0.0,0.0,1.0,8.34,-91,97.0,-91.6,85.7,114.6,0.0,0,0,0,0,-57,14.0,255,915.000,383,0,
234947,PRELAUNCH,14,1.0,40.1630744,-74.0806450,28.2,0.0,9.70,-0.40,-0.60,-0.1,-0.1,-0.2,0.0,0.0,0.0,1.0,8.34,-101,97.0,-91.7,85.8,114.5,0.0,0,0,0,0,-55,12.5,255,915.000,384,0,
235493,PRELAUNCH,16,1.0,40.1630744,-74.0806450,28.2,0.0,9.70,-0.50,-0.60,-0.4,0.1,-0.2,0.0,0.0,0.0,1.0,8.34,-95,97.0,-91.7,85.8,114.4,0.0,0,0,0,0,-57,13.5,255,915.000,385,0,
236027,PRELAUNCH,14,1.0,40.1630744,-74.0806450,28.2,0.0,9.70,-0.40,-0.50,0.1,-0.1,-0.1,0.0,0.0,0.0,1.0,8.31,-100,97.0,-91.8,85.7,114.6,0.0,0,0,0,0,-60,13.5,255,915.000,386,0,
236561,PRELAUNCH,15,1.0,40.1630744,-74.0806450,28.2,0.0,9.70,-0.40,-0.50,0.2,0.0,0.0,0.0,0.0,0.0,1.0,8.34,-106,97.0,-91.8,85.8,114.5,0.0,0,0,0,0,-61,13.5,255,915.000,387,0,
237083,PRELAUNCH,14,1.0,40.1630744,-74.0806450,28.2,0.0,9.70,-0.40,-0.50,-0.1,0.1,-0.1,0.0,0.0,0.0,1.0,8.34,-105,97.0,-91.7,85.8,114.7,0.0,0,0,0,0,-73,12.8,255,915.000,388,0,
237629,PRELAUNCH,16,1.0,40.1630744,-74.0806450,28.2,0.0,9.70,-0.40,-0.50,-0.1,-0.1,-0.2,0.0,0.0,0.0,1.0,8.34,-94,97.0,-91.7,85.8,114.4,0.0,0,0,0,0,-68,13.8,255,915.000,389,0,
238198,PRELAUNCH,16,1.0,40.1630744,-74.0806450,28.2,0.0,9.70,-0.40,-0.50,-0.3,-0.1,-0.1,0.0,0.0,0.0,1.0,8.31,-102,97.0,-91.5,85.7,114.4,0.0,0,0,0,0,-65,14.0,255,915.000,390,0,
238741,PRELAUNCH,16,1.0,40.1630744,-74.0806450,28.2,0.0,9.70,-0.40,-0.50,0.0,0.0,0.0,0.0,0.0,0.0,1.0,8.34,-101,97.0,-91.6,85.7,114.6,0.0,0,0,0,0,-65,12.8,255,915.000,391,0,
239265,PRELAUNCH,15,1.0,40.1630744,-74.0806450,28.2,0.0,9.70,-0.40,-0.50,-0.1,-0.1,-0.1,0.0,0.0,0.0,1.0,8.34,-95,97.0,-91.6,85.7,114.4,0.0,0,0,0,0,-72,13.5,255,915.000,392,0,
239858,PRELAUNCH,16,1.0,40.1630675,-74.0806450,27.5,0.0,9.70,-0.40,-0.50,-0.3,-0.1,0.0,0.0,0.0,0.0,1.0,8.34,-97,97.0,-91.5,85.7,114.4,0.0,0,0,0,0,-68,13.2,255,915.000,393,0,
240438,PRELAUNCH,17,1.0,40.1630675,-74.0806450,27.5,0.0,9.70,-0.40,-0.50,0.1,-0.1,0.0,0.0,0.0,0.0,1.0,8.34,-97,97.0,-91.5,85.7,114.4,0.0,0,0,0,0,-69,12.5,255,915.000,394,0,
240961,PRELAUNCH,16,1.0,40.1630675,-74.0806450,27.5,0.0,9.70,-0.40,-0.50,-0.2,0.0,-0.1,0.0,0.0,0.0,1.0,8.34,-100,97.0,-91.5,85.7,114.4,0.0,0,0,0,0,-64,13.0,255,915.000,395,0,
241515,PRELAUNCH,17,1.0,40.1630675,-74.0806450,27.5,0.0,9.70,-0.40,-0.50,-0.1,0.1,-0.1,0.0,0.0,0.0,1.0,8.34,-95,97.0,-91.5,85.7,114.4,0.0,0,0,0,0,-69,12.5,255,915.000,396,0,
242029,PRELAUNCH,16,1.0,40.1630675,-74.0806450,27.5,0.0,9.70,-0.40,-0.50,0.3,-0.3,-0.1,0.0,0.0,0.0,1.0,8.34,-95,97.0,-91.5,85.7,114.3,0.0,0,0,0,0,-69,12.2,255,915.000,397,0,
242691,PRELAUNCH,17,1.0,40.1630675,-74.0806450,27.5,0.0,9.70,-0.40,-0.50,0.0,0.0,-0.1,0.0,0.0,0.0,1.0,8.34,-94,97.0,-91.5,85.7,114.2,0.0,0,0,0,0,-79,12.5,255,915.000,398,0,
243187,PRELAUNCH,16,1.0,40.1630675,-74.0806450,27.5,0.0,9.70,-0.40,-0.50,-0.1,-0.1,-0.1,0.0,0.0,0.0,1.0,8.34,-101,97.0,-91.5,85.7,114.3,0.0,0,0,0,0,-65,13.8,255,915.000,399,0,
243748,PRELAUNCH,17,1.0,40.1630691,-74.0806563,27.3,0.0,9.70,-0.40,-0.50,-0.1,-0.1,-0.1,0.0,0.0,0.0,1.0,8.34,-99,97.0,-91.5,85.8,114.4,0.0,0,0,0,0,-68,13.5,255,915.000,400,0,
244293,PRELAUNCH,17,1.0,40.1630691,-74.0806563,27.3,0.0,9.70,-0.40,-0.50,0.1,-0.1,-0.1,0.0,0.0,0.0,1.0,8.34,-110,97.0,-91.3,85.8,114.2,0.0,0,0,0,0,-67,12.5,255,915.000,401,0,
244850,PRELAUNCH,17,1.0,40.1630691,-74.0806563,27.3,0.0,9.70,-0.40,-0.50,-0.2,0.0,-0.1,0.0,0.0,0.0,1.0,8.34,-97,97.0,-91.3,85.7,114.1,0.0,0,0,0,0,-83,13.0,255,915.000,402,0,
245518,PRELAUNCH,17,1.0,40.1630691,-74.0806563,27.3,0.0,9.70,-0.40,-0.50,0.3,-0.2,-0.2,0.0,0.0,0.0,1.0,8.34,-100,97.0,-91.3,85.8,114.3,0.0,0,0,0,0,-66,12.5,255,915.000,403,0,
246019,PRELAUNCH,17,1.0,40.1630691,-74.0806563,27.3,0.0,9.70,-0.40,-0.50,0.2,-0.2,-0.1,0.0,0.0,0.0,1.0,8.34,-99,97.0,-91.4,85.8,114.4,0.0,0,0,0,0,-70,12.5,255,915.000,404,0,
246511,PRELAUNCH,16,1.0,40.1630747,-74.0806531,26.6,0.0,9.70,-0.40,-0.50,-0.2,0.0,-0.1,0.0,0.0,0.0,1.0,8.31,-105,97.0,-91.4,85.8,114.3,0.0,0,0,0,0,-80,13.8,255,915.000,405,0,
247033,PRELAUNCH,17,1.0,40.1630747,-74.0806531,26.6,0.0,9.70,-0.40,-0.50,0.1,-0.1,-0.1,0.0,0.0,0.0,1.0,8.34,-97,97.0,-91.6,85.8,114.3,0.0,0,0,0,0,-75,13.0,255,915.000,406,0,
247532,PRELAUNCH,16,1.0,40.1630747,-74.0806531,26.6,0.0,9.70,-0.40,-0.50,-0.3,-0.1,0.0,0.0,0.0,0.0,1.0,8.31,-91,97.0,-91.5,85.7,114.2,0.0,0,0,0,0,-85,13.5,255,915.000,407,0,
248031,PRELAUNCH,16,1.0,40.1630747,-74.0806531,26.6,0.0,9.70,-0.40,-0.50,0.1,-0.1,-0.1,0.0,0.0,0.0,1.0,8.31,-99,97.0,-91.6,85.7,114.3,0.0,0,0,0,0,-69,13.0,255,915.000,408,0,
248589,PRELAUNCH,17,1.0,40.1630747,-74.0806531,26.6,0.0,9.70,-0.40,-0.50,-0.2,0.0,-0.1,0.0,0.0,0.0,1.0,8.34,-104,97.0,-91.5,85.8,114.3,0.0,0,0,0,0,-73,12.2,255,915.000,409,0,
249124,PRELAUNCH,17,1.0,40.1630747,-74.0806531,26.6,0.0,9.70,-0.40,-0.50,0.0,-0.2,-0.2,0.0,0.0,0.0,1.0,8.31,-97,97.0,-91.6,85.7,114.4,0.0,0,0,0,0,-69,12.5,255,915.000,410,0,
249645,PRELAUNCH,17,1.0,40.1630747,-74.0806531,26.6,0.0,9.70,-0.40,-0.50,-0.1,0.1,-0.1,0.0,0.0,0.0,1.0,8.31,-101,97.0,-91.5,85.7,114.3,0.0,0,0,0,0,-68,14.5,255,915.000,411,0,
250226,PRELAUNCH,17,1.0,40.1630747,-74.0806531,26.6,0.0,9.70,-0.40,-0.50,-0.1,-0.1,0.0,0.0,0.0,0.0,1.0,8.31,-99,97.0,-91.4,85.8,114.3,0.0,0,0,0,0,-67,12.2,255,915.000,412,0,
251300,PRELAUNCH,17,1.0,40.1630747,-74.0806531,26.6,0.0,9.70,-0.40,-0.50,-0.1,-0.1,0.0,0.0,0.0,0.0,1.0,8.31,-96,97.0,-91.4,85.8,114.2,0.0,0,0,0,0,-69,13.0,255,915.000,414,1,
251801,PRELAUNCH,17,1.0,40.1630747,-74.0806531,26.6,0.0,9.70,-0.40,-0.50,0.1,-0.1,-0.1,0.0,0.0,0.0,1.0,8.31,-101,97.0,-91.4,85.8,114.3,0.0,0,0,0,0,-67,12.5,255,915.000,415,0,
252327,PRELAUNCH,16,1.0,40.1630747,-74.0806531,26.6,0.0,9.70,-0.40,-0.50,0.0,0.0,-0.1,0.0,0.0,0.0,1.0,8.31,-95,97.0,-91.3,85.8,114.3,0.0,0,0,0,0,-67,12.8,255,915.000,416,0,
252885,PRELAUNCH,17,1.0,40.1630747,-74.0806531,26.6,0.0,9.70,-0.40,-0.50,-0.1,-0.1,-0.1,0.0,0.0,0.0,1.0,8.31,-94,97.0,-91.4,85.7,114.2,0.0,0,0,0,0,-63,12.8,255,915.000,417,0,
253488,PRELAUNCH,15,1.0,40.1630747,-74.0806531,26.6,0.0,9.70,-0.40,-0.50,0.0,-0.2,-0.1,0.0,0.0,0.0,1.0,8.34,-97,97.0,-91.4,85.8,114.2,0.0,0,0,0,0,-64,13.0,255,915.000,418,0,
254022,PRELAUNCH,17,1.0,40.1630747,-74.0806531,26.6,0.0,9.70,-0.40,-0.50,0.1,-0.1,0.1,0.0,0.0,0.0,1.0,8.34,-97,97.0,-91.2,85.7,114.1,0.0,0,0,0,0,-77,11.8,255,915.000,419,0,
254531,PRELAUNCH,17,1.0,40.1630747,-74.0806531,26.6,0.0,9.70,-0.40,-0.50,0.0,-0.3,-0.1,0.0,0.0,0.0,1.0,8.31,-94,97.0,-91.4,85.7,114.2,0.0,0,0,0,0,-64,14.2,255,915.000,420,0,
255064,PRELAUNCH,16,1.0,40.1630747,-74.0806531,26.6,0.0,9.70,-0.40,-0.50,0.2,0.0,-0.1,0.0,0.0,0.0,1.0,8.31,-99,97.0,-91.4,85.6,114.0,0.0,0,0,0,0,-63,12.5,255,915.000,421,0,
255647,PRELAUNCH,17,1.0,40.1630691,-74.0806563,27.3,0.0,9.70,-0.40,-0.50,-0.2,0.0,0.0,0.0,0.0,0.0,1.0,8.31,-99,97.0,-91.3,85.8,114.2,0.0,0,0,0,0,-62,12.8,255,915.000,422,0,
256112,PRELAUNCH,16,1.0,40.1630691,-74.0806563,27.3,0.0,9.70,-0.40,-0.50,-0.1,0.1,0.0,0.0,0.0,0.0,1.0,8.31,-97,97.0,-91.5,85.7,114.3,0.0,0,0,0,0,-65,14.2,255,915.000,423,0,
256716,PRELAUNCH,17,1.0,40.1630691,-74.0806563,27.3,0.0,9.70,-0.40,-0.50,-0.1,-0.1,0.0,0.0,0.0,0.0,1.0,8.34,-97,97.0,-91.4,85.7,114.2,0.0,0,0,0,0,-64,13.5,255,915.000,424,0,
257328,PRELAUNCH,17,1.0,40.1630760,-74.0806563,27.9,0.0,9.70,-0.40,-0.60,-0.1,0.1,-0.1,0.0,0.0,0.0,1.0,8.34,-100,97.0,-91.4,85.8,114.2,0.0,0,0,0,0,-67,13.0,255,915.000,425,0,
257888,PRELAUNCH,17,1.0,40.1630760,-74.0806563,27.9,0.0,9.70,-0.40,-0.50,-0.1,-0.1,-0.1,0.0,0.0,0.0,1.0,8.31,-97,97.0,-91.2,85.8,114.1,0.0,0,0,0,0,-64,12.2,255,915.000,426,0,
258469,PRELAUNCH,16,1.0,40.1630760,-74.0806563,27.9,0.0,9.70,-0.40,-0.50,0.1,-0.1,-0.1,0.0,0.0,0.0,1.0,8.31,-107,97.0,-91.3,85.7,114.1,0.0,0,0,0,0,-63,12.5,255,915.000,427,0,
259049,PRELAUNCH,16,1.0,40.1630760,-74.0806563,27.9,0.0,9.70,-0.40,-0.50,-0.2,0.0,-0.1,0.0,0.0,0.0,1.0,8.31,-97,97.0,-91.3,85.8,114.2,0.0,0,0,0,0,-63,13.0,255,915.000,428,0,
259631,PRELAUNCH,17,1.0,40.1630760,-74.0806563,27.9,0.0,9.70,-0.40,-0.50,0.0,-0.2,0.0,0.0,0.0,0.0,1.0,8.31,-105,97.0,-91.2,85.7,114.2,0.0,0,0,0,0,-64,12.8,255,915.000,429,0,
260152,PRELAUNCH,17,1.0,40.1630760,-74.0806563,27.9,0.0,9.70,-0.40,-0.50,0.1,-0.1,0.0,0.0,0.0,0.0,1.0,8.31,-96,97.0,-91.2,85.7,114.1,0.0,0,0,0,0,-71,12.2,255,915.000,430,0,
261313,PRELAUNCH,16,1.0,40.1630760,-74.0806563,27.9,0.0,9.70,-0.40,-0.50,0.0,-0.2,-0.1,0.0,0.0,0.0,1.0,8.31,-96,97.0,-91.3,85.8,114.1,0.0,0,0,0,0,-67,12.2,255,915.000,432,1,
261824,PRELAUNCH,16,1.0,40.1630760,-74.0806563,27.9,0.0,9.70,-0.40,-0.50,0.2,-0.2,-0.1,0.0,0.0,0.0,1.0,8.31,-96,97.0,-91.3,85.8,114.1,0.0,0,0,0,0,-68,12.8,255,915.000,433,0,
262346,PRELAUNCH,17,1.0,40.1630760,-74.0806563,27.9,0.0,9.70,-0.40,-0.50,0.2,-0.2,-0.2,0.0,0.0,0.0,1.0,8.31,-95,97.0,-91.3,85.8,114.2,0.0,0,0,0,0,-67,12.8,255,915.000,434,0,
262915,PRELAUNCH,17,1.0,40.1630760,-74.0806563,27.9,0.0,9.70,-0.40,-0.50,0.2,-0.2,-0.1,0.0,0.0,0.0,1.0,8.31,-97,97.0,-91.4,85.8,114.2,0.0,0,0,0,0,-66,12.5,255,915.000,435,0,
263493,PRELAUNCH,17,1.0,40.1630760,-74.0806563,27.9,0.0,9.70,-0.50,-0.50,0.1,-0.1,0.0,0.0,0.0,0.0,1.0,8.31,-102,97.0,-91.4,85.8,114.2,0.0,0,0,0,0,-64,13.5,255,915.000,436,0,
264018,PRELAUNCH,17,1.0,40.1630760,-74.0806563,27.9,0.0,9.70,-0.40,-0.60,0.4,-0.3,-0.2,0.0,0.0,0.0,1.0,8.31,-96,97.0,-91.6,85.7,114.3,0.0,0,0,0,0,-58,13.2,255,915.000,437,0,
264538,PRELAUNCH,17,1.0,40.1630760,-74.0806563,27.9,0.0,9.70,-0.50,-0.50,0.4,-0.1,-0.2,0.0,0.0,0.0,1.0,8.31,-99,97.0,-91.6,85.7,114.1,0.0,0,0,0,0,-63,12.8,255,915.000,438,0,
265109,PRELAUNCH,17,1.0,40.1630760,-74.0806563,27.9,0.0,9.70,-0.50,-0.40,-0.1,0.1,-0.1,0.0,0.0,0.0,1.0,8.31,-99,97.0,-91.4,85.7,114.1,0.0,0,0,0,0,-63,12.2,255,915.000,439,0,
265655,PRELAUNCH,17,1.0,40.1630760,-74.0806563,27.9,0.0,9.70,-0.40,-0.50,0.2,0.0,-0.1,0.0,0.0,0.0,1.0,8.31,-92,97.0,-91.4,85.7,114.1,0.0,0,0,0,0,-65,13.2,255,915.000,440,0,
266198,PRELAUNCH,17,1.0,40.1630760,-74.0806563,27.9,0.0,9.70,-0.40,-0.60,0.2,0.0,-0.1,0.0,0.0,0.0,1.0,8.31,-101,97.0,-91.7,85.8,114.4,0.0,0,0,0,0,-66,12.2,255,915.000,441,0,
266793,PRELAUNCH,16,1.0,40.1630760,-74.0806563,27.9,0.0,9.70,-0.40,-0.50,0.5,-0.2,0.0,0.0,0.0,0.0,1.0,8.31,-95,97.0,-91.7,85.7,114.3,0.0,0,0,0,0,-57,14.0,255,915.000,442,0,
267327,PRELAUNCH,16,1.0,40.1630760,-74.0806563,27.9,0.0,9.70,-0.40,-0.50,0.3,0.1,-0.1,0.0,0.0,0.0,1.0,8.31,-101,97.0,-91.6,85.7,114.4,0.0,0,0,0,0,-56,12.8,255,915.000,443,0,
267869,PRELAUNCH,16,1.0,40.1630760,-74.0806563,27.9,0.0,9.70,-0.40,-0.50,0.2,-0.2,-0.1,0.0,0.0,0.0,1.0,8.34,-99,97.0,-91.7,85.7,114.4,0.0,0,0,0,0,-55,12.5,255,915.000,444,0,
268404,PRELAUNCH,17,1.0,40.1630760,-74.0806563,27.9,0.0,9.70,-0.40,-0.50,0.2,0.0,-0.1,0.0,0.0,0.0,1.0,8.31,-97,97.0,-91.6,85.8,114.4,0.0,0,0,0,0,-54,13.8,255,915.000,445,0,
268941,PRELAUNCH,17,1.0,40.1630760,-74.0806563,27.9,0.0,9.70,-0.50,-0.50,-0.1,-0.1,0.1,0.0,0.0,0.0,1.0,8.31,-96,97.0,-91.4,85.8,114.4,0.0,0,0,0,0,-56,12.5,255,915.000,446,0,
269556,PRELAUNCH,17,1.0,40.1630829,-74.0806563,28.6,0.0,9.70,-0.40,-0.40,0.2,0.2,-0.1,0.0,0.0,0.0,1.0,8.31,-99,97.0,-91.8,85.8,114.5,0.0,0,0,0,0,-56,12.2,255,915.000,447,0,
270158,PRELAUNCH,17,1.0,40.1630829,-74.0806563,28.6,0.0,9.70,-0.40,-0.60,-0.2,-0.2,0.0,0.0,0.0,0.0,1.0,8.31,-99,97.0,-92.1,85.7,114.7,0.0,0,0,0,0,-73,13.0,255,915.000,448,0,
271286,PRELAUNCH,17,1.0,40.1630829,-74.0806563,28.6,0.0,9.70,-0.30,-0.50,-0.3,0.1,-0.1,0.0,0.0,0.0,1.0,8.31,-101,97.0,-92.0,85.8,114.7,0.0,0,0,0,0,-66,13.2,255,915.000,450,1,
271820,PRELAUNCH,17,1.0,40.1630829,-74.0806563,28.6,0.0,9.70,-0.40,-0.60,-0.3,-0.3,-0.1,0.0,0.0,0.0,1.0,8.31,-102,97.0,-92.2,85.8,114.8,0.0,0,0,0,0,-61,14.2,255,915.000,451,0,
272261,PRELAUNCH,17,1.0,40.1630829,-74.0806563,28.6,0.0,9.70,-0.40,-0.60,0.4,-0.3,-0.1,0.0,0.0,0.0,1.0,8.31,-99,97.0,-92.1,85.8,114.9,0.0,0,0,0,0,-65,14.0,255,915.000,452,0,
272816,PRELAUNCH,16,1.0,40.1630829,-74.0806563,28.6,0.0,9.70,-0.40,-0.50,0.2,-0.2,-0.2,0.0,0.0,0.0,1.0,8.31,-100,97.0,-92.2,85.7,114.8,0.0,0,0,0,0,-65,12.8,255,915.000,453,0,
273446,PRELAUNCH,17,1.0,40.1630829,-74.0806563,28.6,0.0,9.70,-0.40,-0.50,0.0,-0.2,-0.1,0.0,0.0,0.0,1.0,8.31,-97,97.0,-92.1,85.8,114.8,0.0,0,0,0,0,-67,13.0,255,915.000,454,0,
273921,PRELAUNCH,17,1.0,40.1630829,-74.0806563,28.6,0.0,9.70,-0.30,-0.50,0.2,-0.2,0.0,0.0,0.0,0.0,1.0,8.31,-109,97.0,-91.9,85.8,114.7,0.0,0,0,0,0,-74,13.5,255,915.000,455,0,
274537,PRELAUNCH,17,1.0,40.1630829,-74.0806563,28.6,0.0,9.70,-0.40,-0.60,0.0,0.0,-0.2,0.0,0.0,0.0,1.0,8.31,-97,97.0,-92.0,85.7,114.5,0.0,0,0,0,0,-76,13.0,255,915.000,456,0,
275094,PRELAUNCH,17,1.0,40.1630829,-74.0806563,28.6,0.0,9.70,-0.50,-0.50,0.3,-0.1,0.0,0.0,0.0,0.0,1.0,8.31,-92,97.0,-91.8,85.8,114.4,0.0,0,0,0,0,-74,12.8,255,915.000,457,0,
275640,PRELAUNCH,16,1.0,40.1630829,-74.0806563,28.6,0.0,9.70,-0.30,-0.50,-0.3,0.1,-0.1,0.0,0.0,0.0,1.0,8.31,-92,97.0,-91.6,85.8,114.3,0.0,0,0,0,0,-64,14.0,255,915.000,458,0,
276158,PRELAUNCH,16,1.0,40.1630829,-74.0806563,28.6,0.0,9.70,-0.50,-0.60,0.1,-0.3,0.0,0.0,0.0,0.0,1.0,8.31,-97,97.0,-91.5,85.7,114.1,0.0,0,0,0,0,-62,12.2,255,915.000,459,0,
276661,PRELAUNCH,17,1.0,40.1630829,-74.0806563,28.6,0.0,9.70,-0.40,-0.50,-0.2,-0.2,-0.1,0.0,0.0,0.0,1.0,8.31,-95,97.0,-91.6,85.7,114.2,0.0,0,0,0,0,-65,13.2,255,915.000,460,0,
277230,PRELAUNCH,17,1.0,40.1630773,-74.0806595,29.3,0.0,9.70,-0.40,-0.50,0.1,-0.1,-0.1,0.0,0.0,0.0,1.0,8.31,-96,97.0,-91.7,85.7,114.3,0.0,0,0,0,0,-70,12.5,255,915.000,461,0,
277765,PRELAUNCH,17,1.0,40.1630773,-74.0806595,29.3,0.0,9.70,-0.40,-0.50,0.0,0.0,-0.1,0.0,0.0,0.0,1.0,8.31,-101,97.0,-91.7,85.8,114.4,0.0,0,0,0,0,-69,12.2,255,915.000,462,0,
278287,PRELAUNCH,17,1.0,40.1630773,-74.0806595,29.3,0.0,9.70,-0.40,-0.50,0.0,-0.2,-0.1,0.0,0.0,0.0,1.0,8.31,-95,97.0,-91.8,85.8,114.6,0.0,0,0,0,0,-65,12.8,255,915.000,463,0,
278879,PRELAUNCH,17,1.0,40.1630773,-74.0806595,29.3,0.0,9.70,-0.40,-0.50,0.2,-0.2,-0.1,0.0,0.0,0.0,1.0,8.31,-95,97.0,-91.8,85.7,114.5,0.0,0,0,0,0,-78,12.5,255,915.000,464,0,
279422,PRELAUNCH,16,1.0,40.1630773,-74.0806595,29.3,0.0,9.70,-0.40,-0.50,0.0,-0.2,-0.1,0.0,0.0,0.0,1.0,8.31,-89,97.0,-91.8,85.8,114.6,0.0,0,0,0,0,-78,12.0,255,915.000,465,0,
279970,PRELAUNCH,16,1.0,40.1630773,-74.0806595,29.3,0.0,9.70,-0.40,-0.50,-0.1,-0.1,-0.1,0.0,0.0,0.0,1.0,8.31,-97,97.0,-91.8,85.8,114.6,0.0,0,0,0,0,-65,13.0,255,915.000,466,0,
280528,PRELAUNCH,16,1.0,40.1630773,-74.0806595,29.3,0.0,9.70,-0.40,-0.50,-0.1,-0.1,-0.1,0.0,0.0,0.0,1.0,8.31,-96,97.0,-91.7,85.7,114.4,0.0,0,0,0,0,-68,14.0,255,915.000,467,0,
281121,PRELAUNCH,16,1.0,40.1630773,-74.0806595,29.3,0.0,9.70,-0.40,-0.50,0.2,0.0,0.0,0.0,0.0,0.0,1.0,8.31,-99,97.0,-91.7,85.8,114.5,0.0,0,0,0,0,-68,14.8,255,915.000,468,0,
281677,PRELAUNCH,16,1.0,40.1630773,-74.0806595,29.3,0.0,9.70,-0.40,-0.50,0.1,0.1,-0.1,0.0,0.0,0.0,1.0,8.31,-97,97.0,-91.8,85.7,114.4,0.0,0,0,0,0,-68,13.2,255,915.000,469,0,
282188,PRELAUNCH,17,1.0,40.1630773,-74.0806595,29.3,0.0,9.70,-0.40,-0.50,-0.1,-0.1,-0.1,0.0,0.0,0.0,1.0,8.31,-100,97.0,-91.8,85.7,114.4,0.0,0,0,0,0,-64,14.2,255,915.000,470,0,
282756,PRELAUNCH,17,1.0,40.1630773,-74.0806595,29.3,0.0,9.70,-0.40,-0.50,0.1,-0.1,0.0,0.0,0.0,0.0,1.0,8.31,-91,97.0,-91.7,85.8,114.6,0.0,0,0,0,0,-64,13.0,255,915.000,471,0,
283268,PRELAUNCH,17,1.0,40.1630773,-74.0806595,29.3,0.0,9.70,-0.40,-0.50,0.0,0.0,0.0,0.0,0.0,0.0,1.0,8.31,-95,97.0,-91.7,85.7,114.4,0.0,0,0,0,0,-68,12.8,255,915.000,472,0,
283767,PRELAUNCH,17,1.0,40.1630773,-74.0806595,29.3,0.0,9.70,-0.40,-0.50,-0.1,-0.1,0.0,0.0,0.0,0.0,1.0,8.31,-97,97.0,-91.7,85.7,114.3,0.0,0,0,0,0,-71,14.5,255,915.000,473,0,
284278,PRELAUNCH,17,1.0,40.1630773,-74.0806595,29.3,0.0,9.70,-0.40,-0.50,0.0,-0.2,-0.1,0.0,0.0,0.0,1.0,8.31,-101,97.0,-91.8,85.7,114.4,0.0,0,0,0,0,-65,13.0,255,915.000,474,0,
284858,PRELAUNCH,16,1.0,40.1630773,-74.0806595,29.3,0.0,9.70,-0.40,-0.50,-0.1,-0.1,-0.1,0.0,0.0,0.0,1.0,8.31,-91,97.0,-91.6,85.7,114.3,0.0,0,0,0,0,-79,13.0,255,915.000,475,0,
285438,PRELAUNCH,16,1.0,40.1630773,-74.0806595,29.3,0.0,9.70,-0.40,-0.60,0.0,-0.2,-0.1,0.0,0.0,0.0,1.0,8.31,-100,96.0,-91.6,85.7,114.4,0.0,0,0,0,0,-74,12.5,255,915.000,476,0,
285958,PRELAUNCH,17,1.0,40.1630773,-74.0806595,29.3,0.0,9.70,-0.40,-0.50,0.0,-0.2,-0.2,0.0,0.0,0.0,1.0,8.31,-100,97.0,-91.6,85.7,114.3,0.0,0,0,0,0,-70,12.5,255,915.000,477,0,
286461,PRELAUNCH,16,1.0,40.1630773,-74.0806595,29.3,0.0,9.70,-0.40,-0.50,-0.1,-0.1,-0.1,0.0,0.0,0.0,1.0,8.31,-95,97.0,-91.6,85.7,114.3,0.0,0,0,0,0,-66,12.8,255,915.000,478,0,
287006,PRELAUNCH,17,1.0,40.1630773,-74.0806595,29.3,0.0,9.70,-0.40,-0.50,0.1,-0.3,-0.2,0.0,0.0,0.0,1.0,8.31,-99,97.0,-91.6,85.7,114.4,0.0,0,0,0,0,-74,13.0,255,915.000,479,0,
287559,PRELAUNCH,17,1.0,40.1630773,-74.0806595,29.3,0.0,9.70,-0.40,-0.50,-0.2,0.0,0.0,0.0,0.0,0.0,1.0,8.31,-96,97.0,-91.5,85.7,114.4,0.0,0,0,0,0,-63,12.5,255,915.000,480,0,
288059,PRELAUNCH,17,1.0,40.1630773,-74.0806595,29.3,0.0,9.70,-0.40,-0.50,-0.1,-0.1,-0.2,0.0,0.0,0.0,1.0,8.31,-102,97.0,-91.6,85.7,114.3,0.0,0,0,0,0,-75,12.8,255,915.000,481,0,
288596,PRELAUNCH,16,1.0,40.1630773,-74.0806595,29.3,0.0,9.70,-0.40,-0.50,0.0,-0.2,-0.1,0.0,0.0,0.0,1.0,8.31,-99,97.0,-91.5,85.7,114.2,0.0,0,0,0,0,-74,12.5,255,915.000,482,0,
289105,PRELAUNCH,17,1.0,40.1630773,-74.0806595,29.3,0.0,9.70,-0.40,-0.50,0.2,-0.2,-0.1,0.0,0.0,0.0,1.0,8.31,-95,97.0,-91.6,85.7,114.3,0.0,0,0,0,0,-64,14.2,255,915.000,483,0,
289638,PRELAUNCH,16,1.0,40.1630773,-74.0806595,29.3,0.0,9.70,-0.40,-0.50,-0.1,-0.1,-0.2,0.0,0.0,0.0,1.0,8.31,-91,97.0,-91.6,85.7,114.3,0.0,0,0,0,0,-68,13.0,255,915.000,484,0,
290152,PRELAUNCH,16,1.0,40.1630773,-74.0806595,29.3,0.0,9.70,-0.40,-0.50,0.0,0.0,-0.1,0.0,0.0,0.0,1.0,8.31,-95,97.0,-91.5,85.7,114.3,0.0,0,0,0,0,-68,12.8,255,915.000,485,0,
291229,PRELAUNCH,16,1.0,40.1630704,-74.0806595,28.7,0.0,9.70,-0.40,-0.50,0.3,-0.3,-0.1,0.0,0.0,0.0,1.0,8.31,-100,97.0,-91.5,85.6,114.3,0.0,0,0,0,0,-64,13.5,255,915.000,487,1,
291791,PRELAUNCH,17,1.0,40.1630704,-74.0806595,28.7,0.0,9.70,-0.40,-0.50,0.0,-0.2,-0.2,0.0,0.0,0.0,1.0,8.31,-97,97.0,-91.4,85.8,114.2,0.0,0,0,0,0,-64,12.8,255,915.000,488,0,
292334,PRELAUNCH,17,1.0,40.1630704,-74.0806595,28.7,0.0,9.70,-0.40,-0.50,0.0,0.0,-0.1,0.0,0.0,0.0,1.0,8.31,-99,96.0,-91.3,85.8,114.3,0.0,0,0,0,0,-66,13.0,255,915.000,489,0,
292869,PRELAUNCH,17,1.0,40.1630704,-74.0806595,28.7,0.0,9.70,-0.40,-0.50,0.1,-0.1,-0.1,0.0,0.0,0.0,1.0,8.31,-92,97.0,-91.3,85.8,114.2,0.0,0,0,0,0,-65,12.8,255,915.000,490,0,
293392,PRELAUNCH,17,1.0,40.1630704,-74.0806595,28.7,0.0,9.70,-0.40,-0.50,0.1,0.1,-0.2,0.0,0.0,0.0,1.0,8.31,-99,97.0,-91.2,85.8,114.1,0.0,0,0,0,0,-65,12.5,255,915.000,491,0,
293960,PRELAUNCH,17,1.0,40.1630704,-74.0806595,28.7,0.0,9.70,-0.40,-0.50,0.1,-0.3,-0.1,0.0,0.0,0.0,1.0,8.31,-94,97.0,-91.2,85.8,114.1,0.0,0,0,0,0,-68,14.5,255,915.000,492,0,
294492,PRELAUNCH,17,1.0,40.1630704,-74.0806595,28.7,0.0,9.70,-0.40,-0.50,0.1,-0.3,-0.1,0.0,0.0,0.0,1.0,8.31,-97,97.0,-91.2,85.7,114.0,0.0,0,0,0,0,-66,12.8,255,915.000,493,0,
295074,PRELAUNCH,17,1.0,40.1630704,-74.0806595,28.7,0.0,9.70,-0.40,-0.50,0.1,-0.1,-0.1,0.0,0.0,0.0,1.0,8.31,-95,97.0,-91.2,85.7,114.1,0.0,0,0,0,0,-67,12.5,255,915.000,494,0,
295644,PRELAUNCH,17,1.0,40.1630704,-74.0806595,28.7,0.0,9.70,-0.40,-0.50,0.0,0.0,-0.1,0.0,0.0,0.0,1.0,8.31,-96,96.0,-91.2,85.7,113.9,0.0,0,0,0,0,-67,14.0,255,915.000,495,0,
296175,PRELAUNCH,17,1.0,40.1630704,-74.0806595,28.7,0.0,9.70,-0.40,-0.50,0.0,0.0,-0.1,0.0,0.0,0.0,1.0,8.31,-95,97.0,-91.2,85.8,114.0,0.0,0,0,0,0,-67,12.5,255,915.000,496,0,
296709,PRELAUNCH,17,1.0,40.1630704,-74.0806595,28.7,0.0,9.70,-0.40,-0.50,0.0,-0.2,-0.2,0.0,0.0,0.0,1.0,8.31,-95,96.0,-91.2,85.7,113.9,0.0,0,0,0,0,-75,12.5,255,915.000,497,0,
297200,PRELAUNCH,17,1.0,40.1630704,-74.0806595,28.7,0.0,9.70,-0.40,-0.50,-0.1,-0.1,-0.1,0.0,0.0,0.0,1.0,8.31,-92,97.0,-91.2,85.8,114.0,0.0,0,0,0,0,-74,13.0,255,915.000,498,0,
297768,PRELAUNCH,17,1.0,40.1630704,-74.0806595,28.7,0.0,9.70,-0.40,-0.50,-0.1,-0.1,0.0,0.0,0.0,0.0,1.0,8.31,-91,96.0,-91.2,85.8,114.1,0.0,0,0,0,0,-70,12.5,255,915.000,499,0,
298279,PRELAUNCH,16,1.0,40.1630704,-74.0806595,28.7,0.0,9.70,-0.40,-0.50,0.0,-0.2,-0.1,0.0,0.0,0.0,1.0,8.31,-107,97.0,-91.3,85.7,113.9,0.0,0,0,0,0,-79,13.0,255,915.000,500,0,
298848,PRELAUNCH,16,1.0,40.1630704,-74.0806595,28.7,0.0,9.70,-0.40,-0.50,0.0,-0.2,-0.1,0.0,0.0,0.0,1.0,8.31,-102,97.0,-91.3,85.8,114.1,0.0,0,0,0,0,-76,13.8,255,915.000,501,0,
299464,PRELAUNCH,17,1.0,40.1630704,-74.0806595,28.7,0.0,9.70,-0.40,-0.50,0.1,-0.1,-0.2,0.0,0.0,0.0,1.0,8.31,-94,97.0,-91.3,85.7,114.1,0.0,0,0,0,0,-76,12.8,255,915.000,502,0,
300018,PRELAUNCH,16,1.0,40.1630704,-74.0806595,28.7,0.0,9.70,-0.40,-0.50,0.0,0.0,-0.1,0.0,0.0,0.0,1.0,8.31,-97,97.0,-91.2,85.7,114.1,0.0,0,0,0,0,-73,12.5,255,915.000,503,0,
300601,PRELAUNCH,17,1.0,40.1630704,-74.0806595,28.7,0.0,9.70,-0.40,-0.50,-0.1,-0.1,0.0,0.0,0.0,0.0,1.0,8.31,-94,97.0,-91.2,85.7,114.1,0.0,0,0,0,0,-77,14.0,255,915.000,504,0,
301260,PRELAUNCH,17,1.0,40.1630704,-74.0806595,28.7,0.0,9.70,-0.40,-0.50,-0.1,-0.1,-0.2,0.0,0.0,0.0,1.0,8.31,-95,96.0,-91.3,85.8,114.2,0.0,0,0,0,0,-74,13.8,255,915.000,505,0,
301809,PRELAUNCH,17,1.0,40.1630704,-74.0806595,28.7,0.0,9.70,-0.40,-0.50,-0.2,0.0,-0.1,0.0,0.0,0.0,1.0,8.31,-105,96.0,-91.3,85.8,114.2,0.0,0,0,0,0,-71,13.8,255,915.000,506,0,
302297,PRELAUNCH,16,1.0,40.1630704,-74.0806595,28.7,0.0,9.70,-0.40,-0.50,0.1,-0.1,-0.1,0.0,0.0,0.0,1.0,8.31,-96,96.0,-91.2,85.7,114.2,0.0,0,0,0,0,-71,13.8,255,915.000,507,0,
302865,PRELAUNCH,17,1.0,40.1630704,-74.0806595,28.7,0.0,9.70,-0.40,-0.60,0.2,-0.2,0.0,0.0,0.0,0.0,1.0,8.31,-95,97.0,-91.2,85.8,114.1,0.0,0,0,0,0,-69,13.0,255,915.000,508,0,
303457,PRELAUNCH,17,1.0,40.1630704,-74.0806595,28.7,0.0,9.70,-0.40,-0.50,0.1,-0.1,-0.1,0.0,0.0,0.0,1.0,8.31,-102,97.0,-91.1,85.7,113.8,0.0,0,0,0,0,-68,13.0,255,915.000,509,0,
304014,PRELAUNCH,17,1.0,40.1630704,-74.0806595,28.7,0.0,9.70,-0.40,-0.60,0.1,-0.1,-0.1,0.0,0.0,0.0,1.0,8.31,-99,97.0,-91.1,85.8,114.1,0.0,0,0,0,0,-70,12.2,255,915.000,510,0,
304526,PRELAUNCH,17,1.0,40.1630704,-74.0806595,28.7,0.0,9.70,-0.40,-0.50,0.3,-0.1,-0.2,0.0,0.0,0.0,1.0,8.31,-95,97.0,-91.3,85.8,114.1,0.0,0,0,0,0,-69,14.2,255,915.000,511,0,
305060,PRELAUNCH,17,1.0,40.1630704,-74.0806595,28.7,0.0,9.70,-0.40,-0.40,0.1,-0.1,0.0,0.0,0.0,0.0,1.0,8.31,-99,97.0,-91.2,85.7,113.9,0.0,0,0,0,0,-68,12.5,255,915.000,512,0,
305640,PRELAUNCH,14,1.0,40.1630704,-74.0806595,28.7,0.0,9.70,-0.40,-0.50,0.1,-0.3,-0.1,0.0,0.0,0.0,1.0,8.31,-102,96.0,-91.3,85.8,114.1,0.0,0,0,0,0,-66,12.5,255,915.000,513,0,
306162,PRELAUNCH,16,1.0,40.1630704,-74.0806595,28.7,0.0,9.70,-0.40,-0.50,-0.1,0.1,0.0,0.0,0.0,0.0,1.0,8.31,-109,97.0,-91.3,85.8,114.0,0.0,0,0,0,0,-69,12.8,255,915.000,514,0,
306740,PRELAUNCH,16,1.0,40.1630704,-74.0806595,28.7,0.0,9.70,-0.40,-0.50,-0.2,0.2,-0.2,0.0,0.0,0.0,1.0,8.31,-100,96.0,-91.2,85.8,114.1,0.0,0,0,0,0,-75,13.0,255,915.000,515,0,
307265,PRELAUNCH,17,1.0,40.1630704,-74.0806595,28.7,0.0,9.70,-0.40,-0.50,0.0,-0.2,-0.1,0.0,0.0,0.0,1.0,8.31,-107,97.0,-91.4,85.8,114.1,0.0,0,0,0,0,-72,14.0,255,915.000,516,0,
307800,PRELAUNCH,16,1.0,40.1630704,-74.0806595,28.7,0.0,9.70,-0.40,-0.50,0.2,-0.2,0.0,0.0,0.0,0.0,1.0,8.31,-99,97.0,-91.2,85.8,114.1,0.0,0,0,0,0,-72,12.2,255,915.000,517,0,
308310,PRELAUNCH,16,1.0,40.1630704,-74.0806595,28.7,0.0,9.70,-0.40,-0.60,0.3,-0.3,-0.1,0.0,0.0,0.0,1.0,8.31,-95,97.0,-91.4,85.8,114.2,0.0,0,0,0,0,-82,12.8,255,915.000,518,0,
308852,PRELAUNCH,17,1.0,40.1630704,-74.0806595,28.7,0.0,9.70,-0.40,-0.50,0.0,0.0,-0.1,0.0,0.0,0.0,1.0,8.31,-96,96.0,-91.4,85.8,113.9,0.0,0,0,0,0,-77,13.2,255,915.000,519,0,
309332,PRELAUNCH,16,1.0,40.1630704,-74.0806595,28.7,0.0,9.70,-0.40,-0.50,-0.3,0.2,0.0,0.0,0.0,0.0,1.0,8.31,-99,96.0,-91.3,85.8,114.2,0.0,0,0,0,0,-67,14.5,255,915.000,520,0,
309901,PRELAUNCH,17,1.0,40.1630704,-74.0806595,28.7,0.0,9.70,-0.40,-0.50,0.0,0.0,-0.2,0.0,0.0,0.0,1.0,8.31,-92,97.0,-91.4,85.8,114.2,0.0,0,0,0,0,-72,12.5,255,915.000,521,0,
310458,PRELAUNCH,17,1.0,40.1630704,-74.0806595,28.7,0.0,9.70,-0.40,-0.50,0.3,-0.3,-0.1,0.0,0.0,0.0,1.0,8.31,-105,96.0,-91.3,85.8,114.0,0.0,0,0,0,0,-63,13.0,255,915.000,522,0,
311050,PRELAUNCH,17,1.0,40.1630704,-74.0806595,28.7,0.0,9.70,-0.40,-0.50,-0.1,0.1,-0.1,0.0,0.0,0.0,1.0,8.31,-99,97.0,-91.2,85.8,113.9,0.0,0,0,0,0,-63,12.8,255,915.000,523,0,
311547,PRELAUNCH,17,1.0,40.1630704,-74.0806595,28.7,0.0,9.70,-0.40,-0.50,-0.1,-0.1,-0.1,0.0,0.0,0.0,1.0,8.31,-105,96.0,-91.3,85.8,114.0,0.0,0,0,0,0,-56,12.5,255,915.000,524,0,
312127,PRELAUNCH,17,1.0,40.1630704,-74.0806595,28.7,0.0,9.70,-0.40,-0.60,0.1,-0.1,0.0,0.0,0.0,0.0,1.0,8.31,-96,96.0,-91.3,85.7,114.0,0.0,0,0,0,0,-63,13.5,255,915.000,525,0,
312699,PRELAUNCH,14,1.0,40.1630704,-74.0806595,28.7,0.0,9.70,-0.40,-0.60,0.2,-0.2,0.0,0.0,0.0,0.0,1.0,8.31,-94,96.0,-91.3,85.7,113.9,0.0,0,0,0,0,-63,12.5,255,915.000,526,0,
313234,PRELAUNCH,15,1.0,40.1630704,-74.0806595,28.7,0.0,9.70,-0.40,-0.50,-0.2,0.0,-0.1,0.0,0.0,0.0,1.0,8.31,-91,96.0,-91.3,85.8,113.9,0.0,0,0,0,0,-55,12.8,255,915.000,527,0,
313779,PRELAUNCH,16,1.0,40.1630704,-74.0806595,28.7,0.0,9.70,-0.40,-0.50,-0.1,-0.1,0.0,0.0,0.0,0.0,1.0,8.31,-100,97.0,-91.3,85.8,114.0,0.0,0,0,0,0,-72,12.8,255,915.000,528,0,
314324,PRELAUNCH,16,1.0,40.1630704,-74.0806595,28.7,0.0,9.70,-0.40,-0.50,0.1,-0.1,-0.1,0.0,0.0,0.0,1.0,8.31,-99,97.0,-91.6,85.7,114.2,0.0,0,0,0,0,-72,12.2,255,915.000,529,0,
314858,PRELAUNCH,13,1.0,40.1630704,-74.0806595,28.7,0.0,9.70,-0.40,-0.50,0.0,0.0,0.0,0.0,0.0,0.0,1.0,8.31,-100,97.0,-91.5,85.7,114.0,0.0,0,0,0,0,-78,13.2,255,915.000,530,0,
315438,PRELAUNCH,17,1.0,40.1630704,-74.0806595,28.7,0.0,9.70,-0.40,-0.50,0.0,0.0,0.1,0.0,0.0,0.0,1.0,8.31,-107,96.0,-91.3,85.8,114.0,0.0,0,0,0,0,-71,14.5,255,915.000,531,0,
315973,PRELAUNCH,17,1.0,40.1630704,-74.0806595,28.7,0.0,9.70,-0.40,-0.50,0.1,-0.1,0.0,0.0,0.0,0.0,1.0,8.31,-97,97.0,-91.5,85.9,114.3,0.0,0,0,0,0,-71,12.8,255,915.000,532,0,
316518,PRELAUNCH,17,1.0,40.1630704,-74.0806595,28.7,0.0,9.70,-0.30,-0.60,0.2,-0.2,0.0,0.0,0.0,0.0,1.0,8.31,-104,96.0,-91.5,85.8,114.2,0.0,0,0,0,0,-71,13.2,255,915.000,533,0,
317053,PRELAUNCH,17,1.0,40.1630704,-74.0806595,28.7,0.0,9.70,-0.40,-0.50,-0.1,-0.1,-0.1,0.0,0.0,0.0,1.0,8.31,-96,96.0,-91.4,85.8,114.1,0.0,0,0,0,0,-75,12.2,255,915.000,534,0,
317586,PRELAUNCH,17,1.0,40.1630704,-74.0806595,28.7,0.0,9.70,-0.40,-0.40,0.2,0.0,-0.1,0.0,0.0,0.0,1.0,8.31,-92,97.0,-91.4,85.7,114.0,0.0,0,0,0,0,-65,14.2,255,915.000,535,0,
318097,PRELAUNCH,17,1.0,40.1630704,-74.0806595,28.7,0.0,9.70,-0.30,-0.40,-0.4,-0.1,-0.2,0.0,0.0,0.0,1.0,8.31,-104,96.0,-91.5,85.7,114.1,0.0,0,0,0,0,-69,13.0,255,915.000,536,0,
318644,PRELAUNCH,17,1.0,40.1630704,-74.0806595,28.7,0.0,9.70,-0.40,-0.50,0.3,-0.2,0.0,0.0,0.0,0.0,1.0,8.31,-99,97.0,-91.7,85.8,114.3,0.0,0,0,0,0,-65,14.2,255,915.000,537,0,
319189,PRELAUNCH,17,1.0,40.1630704,-74.0806595,28.7,0.0,9.70,-0.50,-0.60,0.0,-0.2,-0.1,0.0,0.0,0.0,1.0,8.31,-99,96.0,-91.5,85.8,114.1,0.0,0,0,0,0,-65,12.5,255,915.000,538,0,
319711,PRELAUNCH,17,1.0,40.1630704,-74.0806595,28.7,0.0,9.70,-0.40,-0.50,-0.3,-0.1,-0.1,0.0,0.0,0.0,1.0,8.31,-95,96.0,-91.7,85.9,114.4,0.0,0,0,0,0,-71,12.2,255,915.000,539,0,
320269,PRELAUNCH,17,1.0,40.1630704,-74.0806595,28.7,0.0,9.70,-0.40,-0.50,0.1,-0.1,-0.2,0.0,0.0,0.0,1.0,8.31,-94,96.0,-91.8,85.7,114.3,0.0,0,0,0,0,-64,14.5,255,915.000,540,0,
320808,PRELAUNCH,17,1.0,40.1630704,-74.0806595,28.7,0.0,9.70,-0.30,-0.60,-0.3,-0.1,0.0,0.0,0.0,0.0,1.0,8.31,-94,97.0,-91.7,85.8,114.5,0.0,0,0,0,0,-71,14.0,255,915.000,541,0,
321311,PRELAUNCH,17,1.0,40.1630704,-74.0806595,28.7,0.0,9.70,-0.50,-0.40,-0.1,-0.1,-0.2,0.0,0.0,0.0,1.0,8.31,-100,96.0,-91.9,85.7,114.4,0.0,0,0,0,0,-67,12.2,255,915.000,542,0,
321858,PRELAUNCH,17,1.0,40.1630704,-74.0806595,28.7,0.0,9.70,-0.40,-0.50,-0.3,0.0,-0.1,0.0,0.0,0.0,1.0,8.31,-95,96.0,-91.7,85.8,114.5,0.0,0,0,0,0,-67,14.2,255,915.000,543,0,
322462,PRELAUNCH,16,1.0,40.1630704,-74.0806595,28.7,0.0,9.70,-0.40,-0.40,0.0,-0.2,0.0,0.0,0.0,0.0,1.0,8.31,-105,96.0,-91.9,85.7,114.5,0.0,0,0,0,0,-65,12.8,255,915.000,544,0,
323004,PRELAUNCH,17,1.0,40.1630704,-74.0806595,28.7,0.0,9.70,-0.40,-0.70,0.1,-0.3,-0.2,0.0,0.0,0.0,1.0,8.31,-95,96.0,-92.2,85.7,114.4,0.0,0,0,0,0,-60,12.2,255,915.000,545,0,
323519,PRELAUNCH,17,1.0,40.1630704,-74.0806595,28.7,0.0,9.70,-0.40,-0.60,-0.3,0.0,-0.1,0.0,0.0,0.0,1.0,8.31,-94,96.0,-92.1,85.9,114.8,0.0,0,0,0,0,-64,12.5,255,915.000,546,0,
324086,PRELAUNCH,16,1.0,40.1630704,-74.0806595,28.7,0.0,9.70,-0.50,-0.50,-0.3,-0.1,-0.2,0.0,0.0,0.0,1.0,8.31,-95,96.0,-92.2,85.8,114.5,0.0,0,0,0,0,-63,12.5,255,915.000,547,0,
324630,PRELAUNCH,15,1.0,40.1630704,-74.0806595,28.7,0.0,9.70,-0.40,-0.40,0.3,-0.1,0.0,0.0,0.0,0.0,1.0,8.31,-101,96.0,-92.1,85.8,114.7,0.0,0,0,0,0,-67,12.0,255,915.000,548,0,
324639,PRELAUNCH,15,1.0,40.1630704,-74.0806595,28.7,0.0,9.70,-0.40,-0.40,0.3,-0.1,0.0,0.0,0.0,0.0,1.0,8.31,-101,96.0,-92.1,85.8,114.7,0.0,0,0,0,0,-67,12.0,255,915.000,548,-1,
325141,PRELAUNCH,17,1.0,40.1630704,-74.0806595,28.7,0.0,9.70,-0.40,-0.50,0.2,0.0,0.0,0.0,0.0,0.0,1.0,8.31,-97,96.0,-92.2,85.8,114.7,0.0,0,0,0,0,-68,14.2,255,915.000,549,0,
325748,PRELAUNCH,15,1.0,40.1630760,-74.0806563,27.9,0.0,9.70,-0.50,-0.50,-0.3,0.1,-0.2,0.0,0.0,0.0,1.0,8.31,-95,96.0,-92.3,85.7,114.5,0.0,0,0,0,0,-71,13.8,255,915.000,550,0,
326247,PRELAUNCH,15,1.0,40.1630760,-74.0806563,27.9,0.0,9.70,-0.40,-0.40,-0.3,0.3,0.0,0.0,0.0,0.0,1.0,8.31,-92,97.0,-91.9,85.8,114.7,0.0,0,0,0,0,-74,12.5,255,915.000,551,0,
326778,PRELAUNCH,17,1.0,40.1630760,-74.0806563,27.9,0.0,9.70,-0.40,-0.50,-0.3,-0.1,-0.1,0.0,0.0,0.0,1.0,8.31,-95,96.0,-92.2,85.8,114.6,0.0,0,0,0,0,-75,12.5,255,915.000,552,0,
327278,PRELAUNCH,15,1.0,40.1630760,-74.0806563,27.9,0.0,9.70,-0.40,-0.50,0.4,-0.1,0.1,0.0,0.0,0.0,1.0,8.31,-92,96.0,-92.0,85.8,114.5,0.0,0,0,0,0,-83,13.2,255,915.000,553,0,
327872,PRELAUNCH,17,1.0,40.1630760,-74.0806563,27.9,0.0,9.70,-0.40,-0.50,0.0,0.2,0.0,0.0,0.0,0.0,1.0,8.31,-97,96.0,-91.9,85.8,114.6,0.0,0,0,0,0,-86,11.5,255,915.000,554,0,
328349,PRELAUNCH,17,1.0,40.1630760,-74.0806563,27.9,0.0,9.70,-0.50,-0.50,0.1,-0.3,-0.1,0.0,0.0,0.0,1.0,8.31,-101,96.0,-92.3,85.8,114.6,0.0,0,0,0,0,-77,13.5,255,915.000,555,0,
328883,PRELAUNCH,14,1.0,40.1630760,-74.0806563,27.9,0.0,9.70,-0.30,-0.60,-0.1,0.3,-0.2,0.0,0.0,0.0,1.0,8.31,-95,96.0,-92.1,85.9,114.8,0.0,0,0,0,0,-85,12.2,255,915.000,556,0,
329417,PRELAUNCH,17,1.0,40.1630760,-74.0806563,27.9,0.0,9.70,-0.30,-0.50,0.3,-0.2,-0.1,0.0,0.0,0.0,1.0,8.31,-99,96.0,-92.5,85.7,115.1,0.0,0,0,0,0,-85,13.0,255,915.000,557,0,
329997,PRELAUNCH,16,1.0,40.1630760,-74.0806563,27.9,0.0,9.70,-0.40,-0.50,0.4,-0.3,-0.1,0.0,0.0,0.0,1.0,8.31,-102,96.0,-92.3,85.7,114.6,0.0,0,0,0,0,-76,12.5,255,915.000,558,0,
330006,PRELAUNCH,16,1.0,40.1630760,-74.0806563,27.9,0.0,9.70,-0.40,-0.50,0.4,-0.3,-0.1,0.0,0.0,0.0,1.0,8.31,-102,96.0,-92.3,85.7,114.6,0.0,0,0,0,0,-76,12.5,255,915.000,558,-1,
330520,PRELAUNCH,17,1.0,40.1630760,-74.0806563,27.9,0.0,9.70,-0.40,-0.60,-0.4,0.1,-0.1,0.0,0.0,0.0,1.0,8.31,-105,97.0,-92.0,85.7,114.5,0.0,0,0,0,0,-73,12.5,255,915.000,559,0,
331623,PRELAUNCH,15,1.0,40.1630704,-74.0806595,28.7,0.0,9.70,-0.40,-0.50,0.2,-0.2,0.0,0.0,0.0,0.0,1.0,8.31,-99,96.0,-92.0,85.8,114.6,0.0,0,0,0,0,-60,12.8,255,915.000,561,1,
332192,PRELAUNCH,17,1.0,40.1630704,-74.0806595,28.7,0.0,9.70,-0.50,-0.50,0.2,0.2,0.0,0.0,0.0,0.0,1.0,8.31,-100,96.0,-92.1,85.8,114.5,0.0,0,0,0,0,-64,12.5,255,915.000,562,0,
332723,PRELAUNCH,17,1.0,40.1630704,-74.0806595,28.7,0.0,9.70,-0.40,-0.50,-0.3,-0.2,-0.1,0.0,0.0,0.0,1.0,8.31,-96,96.0,-92.3,85.9,114.6,0.0,0,0,0,0,-60,12.5,255,915.000,563,0,
333295,PRELAUNCH,15,1.0,40.1630704,-74.0806595,28.7,0.0,9.70,-0.40,-0.50,0.3,-0.3,0.0,0.0,0.0,0.0,1.0,8.31,-102,96.0,-92.2,85.8,114.6,0.0,0,0,0,0,-57,13.8,255,915.000,564,0,
333840,PRELAUNCH,15,1.0,40.1630704,-74.0806595,28.7,0.0,9.70,-0.50,-0.60,-0.1,-0.1,0.0,0.0,0.0,0.0,1.0,8.31,-102,96.0,-92.2,85.8,114.5,0.0,0,0,0,0,-57,13.0,255,915.000,565,0,
334372,PRELAUNCH,17,1.0,40.1630704,-74.0806595,28.7,0.0,9.70,-0.40,-0.60,-0.3,0.0,-0.2,0.0,0.0,0.0,1.0,8.31,-96,96.0,-92.3,85.8,114.7,0.0,0,0,0,0,-60,14.2,255,915.000,566,0,
334921,PRELAUNCH,16,1.0,40.1630704,-74.0806595,28.7,0.0,9.70,-0.50,-0.40,0.1,-0.3,0.0,0.0,0.0,0.0,1.0,8.31,-105,96.0,-92.2,85.8,114.8,0.0,0,0,0,0,-59,12.5,255,915.000,567,0,
335428,PRELAUNCH,17,1.0,40.1630704,-74.0806595,28.7,0.0,9.70,-0.40,-0.50,0.1,-0.1,-0.2,0.0,0.0,0.0,1.0,8.31,-101,96.0,-92.6,85.8,114.9,0.0,0,0,0,0,-58,13.2,255,915.000,568,0,
336035,PRELAUNCH,17,1.0,40.1630704,-74.0806595,28.7,0.0,9.70,-0.40,-0.60,-0.3,-0.1,-0.2,0.0,0.0,0.0,1.0,8.31,-101,96.0,-92.6,85.8,114.7,0.0,0,0,0,0,-57,13.2,255,915.000,569,0,
336534,PRELAUNCH,17,1.0,40.1630704,-74.0806595,28.7,0.0,9.70,-0.40,-0.50,-0.1,0.1,0.1,0.0,0.0,0.0,1.0,8.31,-94,96.0,-92.6,85.9,115.1,0.0,0,0,0,0,-57,14.5,255,915.000,570,0,
337045,PRELAUNCH,17,1.0,40.1630704,-74.0806595,28.7,0.0,9.70,-0.40,-0.50,-0.5,0.0,0.0,0.0,0.0,0.0,1.0,8.31,-94,96.0,-92.4,85.9,115.0,0.0,0,0,0,0,-59,12.5,255,915.000,571,0,
337567,PRELAUNCH,16,1.0,40.1630704,-74.0806595,28.7,0.0,9.70,-0.40,-0.50,0.3,-0.3,-0.1,0.0,0.0,0.0,1.0,8.31,-100,96.0,-92.6,85.8,114.9,0.0,0,0,0,0,-57,13.5,255,915.000,572,0,
338078,PRELAUNCH,17,1.0,40.1630704,-74.0806595,28.7,0.0,9.70,-0.40,-0.50,0.2,0.0,-0.1,0.0,0.0,0.0,1.0,8.31,-101,96.0,-92.5,85.7,114.7,0.0,0,0,0,0,-56,12.5,255,915.000,573,0,
338635,PRELAUNCH,15,1.0,40.1630704,-74.0806595,28.7,0.0,9.70,-0.40,-0.50,-0.3,-0.2,0.1,0.0,0.0,0.0,1.0,8.31,-99,96.0,-92.3,85.7,114.8,0.0,0,0,0,0,-58,12.5,255,915.000,574,0,
339178,PRELAUNCH,17,1.0,40.1630704,-74.0806595,28.7,0.0,9.70,-0.30,-0.50,0.4,-0.3,-0.1,0.0,0.0,0.0,1.0,8.31,-99,96.0,-92.6,85.8,114.9,0.0,0,0,0,0,-57,13.2,255,915.000,575,0,
339654,PRELAUNCH,17,1.0,40.1630704,-74.0806595,28.7,0.0,9.70,-0.40,-0.50,-0.8,0.1,0.2,0.0,0.0,0.0,1.0,8.31,-106,96.0,-92.2,85.7,115.0,0.0,0,0,0,0,-57,14.2,255,915.000,576,0,
340259,PRELAUNCH,17,1.0,40.1630704,-74.0806595,28.7,0.0,9.70,-0.30,-0.50,-0.4,-0.1,0.0,0.0,0.0,0.0,1.0,8.31,-105,96.0,-92.5,85.8,115.1,0.0,0,0,0,0,-58,13.0,255,915.000,577,0,
340760,PRELAUNCH,17,1.0,40.1630704,-74.0806595,28.7,0.0,9.70,-0.60,-0.60,0.3,-0.1,0.1,0.0,0.0,0.0,1.0,8.31,-101,96.0,-91.8,85.8,114.4,0.0,0,0,0,0,-58,13.8,255,915.000,578,0,
341419,PRELAUNCH,16,1.0,40.1630704,-74.0806595,28.7,0.0,9.70,-0.40,-0.50,-0.3,0.2,-0.1,0.0,0.0,0.0,1.0,8.31,-105,96.0,-91.9,85.8,114.8,0.0,0,0,0,0,-58,13.0,255,915.000,579,0,
342013,PRELAUNCH,16,1.0,40.1630704,-74.0806595,28.7,0.0,9.70,-0.50,-0.40,0.3,-0.2,0.0,0.0,0.0,0.0,1.0,8.31,-97,96.0,-92.2,85.8,114.9,0.0,0,0,0,0,-58,12.5,255,915.000,580,0,
342640,PRELAUNCH,17,1.0,40.1630704,-74.0806595,28.7,0.0,9.70,-0.40,-0.50,0.3,-0.1,-0.2,0.0,0.0,0.0,1.0,8.31,-95,96.0,-92.8,85.7,115.0,0.0,0,0,0,0,-57,12.2,255,915.000,581,0,
343233,PRELAUNCH,17,1.0,40.1630704,-74.0806595,28.7,0.0,9.70,-0.50,-0.50,0.3,-0.1,0.0,0.0,0.0,0.0,1.0,8.31,-109,96.0,-92.6,85.9,115.3,0.0,0,0,0,0,-56,12.8,255,915.000,582,0,
343767,PRELAUNCH,17,1.0,40.1630704,-74.0806595,28.7,0.0,9.70,-0.50,-0.60,-0.2,-0.2,-0.2,0.0,0.0,0.0,1.0,8.31,-97,96.0,-92.8,85.8,115.2,0.0,0,0,0,0,-57,12.2,255,915.000,583,0,
344290,PRELAUNCH,17,1.0,40.1630704,-74.0806595,28.7,0.0,9.70,-0.40,-0.50,0.3,-0.1,0.0,0.0,0.0,0.0,1.0,8.31,-101,96.0,-92.7,85.8,114.9,0.0,0,0,0,0,-57,13.8,255,915.000,584,0,
344847,PRELAUNCH,16,1.0,40.1630704,-74.0806595,28.7,0.0,9.70,-0.40,-0.60,0.0,0.0,0.0,0.0,0.0,0.0,1.0,8.31,-99,96.0,-92.5,85.8,114.9,0.0,0,0,0,0,-57,14.0,255,915.000,585,0,
345417,PRELAUNCH,17,1.0,40.1630704,-74.0806595,28.7,0.0,9.80,-0.50,-0.60,0.9,-0.2,0.0,0.0,0.0,0.0,1.0,8.31,-95,96.0,-92.7,85.8,114.9,0.0,0,0,0,0,-58,12.8,255,915.000,586,0,
345938,PRELAUNCH,17,1.0,40.1630704,-74.0806595,28.7,0.0,9.70,-0.40,-0.60,-0.7,0.0,-0.1,0.0,0.0,0.0,1.0,8.31,-95,96.0,-92.8,85.8,115.1,0.0,0,0,0,0,-57,13.2,255,915.000,587,0,
346492,PRELAUNCH,17,1.0,40.1630704,-74.0806595,28.7,0.0,9.70,-0.50,-0.30,0.0,0.0,0.4,0.0,0.0,0.0,1.0,8.31,-99,96.0,-92.6,85.8,115.3,0.0,0,0,0,0,-59,12.2,255,915.000,588,0,
347070,PRELAUNCH,17,1.0,40.1630704,-74.0806595,28.7,0.0,9.80,-0.10,-0.80,-0.3,-0.3,-0.2,0.0,0.0,0.0,1.0,8.31,-94,97.0,-93.6,85.8,115.5,0.0,0,0,0,0,-63,12.5,255,915.000,589,0,
347595,PRELAUNCH,17,1.0,40.1630704,-74.0806595,28.7,0.0,9.70,-0.60,-0.50,-0.5,0.0,-0.2,0.0,0.0,0.0,1.0,8.31,-96,96.0,-92.9,85.8,115.1,0.0,0,0,0,0,-57,13.5,255,915.000,590,0,
348109,PRELAUNCH,17,1.0,40.1630704,-74.0806595,28.7,0.0,9.70,-0.30,-0.60,0.3,0.0,0.0,0.0,0.0,0.0,1.0,8.31,-100,96.0,-92.8,85.8,115.5,0.0,0,0,0,0,-60,14.0,255,915.000,591,0,
348724,PRELAUNCH,17,1.0,40.1630704,-74.0806595,28.7,0.0,9.70,-0.40,-0.60,-0.1,-0.4,-0.2,0.0,0.0,0.0,1.0,8.31,-99,96.0,-93.1,85.8,115.1,0.0,0,0,0,0,-63,12.2,255,915.000,592,0,
349224,PRELAUNCH,17,1.0,40.1630704,-74.0806595,28.7,0.0,9.70,-0.50,-0.50,0.1,-0.1,0.1,0.0,0.0,0.0,1.0,8.31,-97,96.0,-92.3,85.8,114.8,0.0,0,0,0,0,-61,13.5,255,915.000,593,0,
349740,PRELAUNCH,17,1.0,40.1630704,-74.0806595,28.7,0.0,9.70,-0.30,-0.70,-0.4,0.1,-0.2,0.0,0.0,0.0,1.0,8.31,-101,96.0,-92.5,85.8,114.9,0.0,0,0,0,0,-63,13.2,255,915.000,594,0,
350244,PRELAUNCH,17,1.0,40.1630704,-74.0806595,28.7,0.0,9.70,-0.40,-0.50,-0.1,0.1,-0.1,0.0,0.0,0.0,1.0,8.31,-91,96.0,-92.3,85.8,114.6,0.0,0,0,0,0,-63,12.5,255,915.000,595,0,
350756,PRELAUNCH,17,1.0,40.1630704,-74.0806595,28.7,0.0,9.70,-0.30,-0.60,-0.2,0.0,-0.1,0.0,0.0,0.0,1.0,8.31,-105,96.0,-92.3,85.8,115.0,0.0,0,0,0,0,-61,13.0,255,915.000,596,0,
351267,PRELAUNCH,17,1.0,40.1630704,-74.0806595,28.7,0.0,9.70,-0.40,-0.50,0.0,-0.2,-0.1,0.0,0.0,0.0,1.0,8.31,-92,96.0,-92.3,85.8,114.8,0.0,0,0,0,0,-61,12.0,255,915.000,597,0,
351812,PRELAUNCH,17,1.0,40.1630704,-74.0806595,28.7,0.0,9.70,-0.40,-0.60,-0.3,0.0,0.1,0.0,0.0,0.0,1.0,8.31,-99,96.0,-92.1,85.8,114.8,0.0,0,0,0,0,-57,12.8,255,915.000,598,0,
352344,PRELAUNCH,18,1.0,40.1630704,-74.0806595,28.7,0.0,9.70,-0.40,-0.60,-0.1,0.1,-0.1,0.0,0.0,0.0,1.0,8.31,-100,96.0,-92.2,85.8,114.7,0.0,0,0,0,0,-59,12.2,255,915.000,599,0,
352927,PRELAUNCH,17,1.0,40.1630704,-74.0806595,28.7,0.0,9.70,-0.40,-0.50,-0.2,-0.2,0.0,0.0,0.0,0.0,1.0,8.31,-97,96.0,-91.9,85.8,114.4,0.0,0,0,0,0,-57,14.5,255,915.000,600,0,
353531,PRELAUNCH,18,1.0,40.1630704,-74.0806595,28.7,0.0,9.70,-0.40,-0.60,0.4,-0.1,0.0,0.0,0.0,0.0,1.0,8.31,-97,96.0,-92.1,85.8,114.7,0.0,0,0,0,0,-61,13.2,255,915.000,601,0,
354099,PRELAUNCH,16,1.0,40.1630704,-74.0806595,28.7,0.0,9.70,-0.40,-0.60,0.9,-0.2,-0.1,0.0,0.0,0.0,1.0,8.31,-99,96.0,-92.2,85.7,114.8,0.0,0,0,0,0,-61,13.2,255,915.000,602,0,
354610,PRELAUNCH,16,1.0,40.1630704,-74.0806595,28.7,0.0,9.70,-0.40,-0.60,-0.4,-0.1,0.0,0.0,0.0,0.0,1.0,8.31,-100,96.0,-92.1,85.9,114.7,0.0,0,0,0,0,-67,13.5,255,915.000,603,0,
355191,PRELAUNCH,16,1.0,40.1630704,-74.0806595,28.7,0.0,9.70,-0.40,-0.50,-0.2,-0.2,0.0,0.0,0.0,0.0,1.0,8.31,-95,96.0,-92.2,85.7,114.6,0.0,0,0,0,0,-65,12.8,255,915.000,604,0,
355771,PRELAUNCH,17,1.0,40.1630704,-74.0806595,28.7,0.0,9.70,-0.40,-0.50,-0.1,-0.3,-0.1,0.0,0.0,0.0,1.0,8.31,-99,96.0,-92.3,85.8,114.8,0.0,0,0,0,0,-63,12.5,255,915.000,605,0,
355794,PRELAUNCH,17,1.0,40.1630704,-74.0806595,28.7,0.0,9.70,-0.40,-0.50,-0.1,-0.3,-0.1,0.0,0.0,0.0,1.0,8.31,-99,96.0,-92.3,85.8,114.8,0.0,0,0,0,0,-63,12.5,255,915.000,605,-1,
356268,PRELAUNCH,17,1.0,40.1630704,-74.0806595,28.7,0.0,9.70,-0.50,-0.40,0.2,-0.2,-0.1,0.0,0.0,0.0,1.0,8.31,-96,96.0,-92.1,85.8,114.6,0.0,0,0,0,0,-64,13.2,255,915.000,606,0,
356782,PRELAUNCH,16,1.0,40.1630704,-74.0806595,28.7,0.0,9.70,-0.40,-0.50,0.1,-0.1,0.0,0.0,0.0,0.0,1.0,8.31,-95,96.0,-91.9,85.8,114.7,0.0,0,0,0,0,-65,14.5,255,915.000,607,0,
357327,PRELAUNCH,15,1.0,40.1630704,-74.0806595,28.7,0.0,9.70,-0.40,-0.50,0.2,-0.2,-0.2,0.0,0.0,0.0,1.0,8.31,-106,96.0,-92.2,85.7,114.5,0.0,0,0,0,0,-62,12.8,255,915.000,608,0,
357908,PRELAUNCH,17,1.0,40.1630704,-74.0806595,28.7,0.0,9.70,-0.30,-0.50,-0.5,0.2,0.0,0.0,0.0,0.0,1.0,8.31,-96,96.0,-91.8,85.8,114.4,0.0,0,0,0,0,-59,12.8,255,915.000,609,0,
358463,PRELAUNCH,17,1.0,40.1630704,-74.0806595,28.7,0.0,9.70,-0.30,-0.50,-0.4,0.1,0.0,0.0,0.0,0.0,1.0,8.31,-99,96.0,-91.7,85.8,114.4,0.0,0,0,0,0,-57,14.8,255,915.000,610,0,
359008,PRELAUNCH,18,1.0,40.1630760,-74.0806563,27.9,0.0,9.70,-0.50,-0.60,-0.5,0.2,-0.1,0.0,0.0,0.0,1.0,8.31,-96,96.0,-91.7,85.8,114.2,0.0,0,0,0,0,-57,14.0,255,915.000,611,0,
359527,PRELAUNCH,18,1.0,40.1630760,-74.0806563,27.9,0.0,9.70,-0.40,-0.50,0.1,-0.1,0.0,0.0,0.0,0.0,1.0,8.31,-101,96.0,-91.6,85.8,114.3,0.0,0,0,0,0,-56,12.8,255,915.000,612,0,
360021,PRELAUNCH,15,1.0,40.1630760,-74.0806563,27.9,0.0,9.70,-0.40,-0.50,0.0,-0.2,-0.1,0.0,0.0,0.0,1.0,8.31,-90,96.0,-91.7,85.8,114.3,0.0,0,0,0,0,-57,14.0,255,915.000,613,0,
360529,PRELAUNCH,18,1.0,40.1630760,-74.0806563,27.9,0.0,9.70,-0.40,-0.50,-0.1,-0.1,0.0,0.0,0.0,0.0,1.0,8.31,-95,96.0,-91.5,85.7,114.2,0.0,0,0,0,0,-57,14.5,255,915.000,614,0,
361578,PRELAUNCH,17,1.0,40.1630704,-74.0806595,28.7,0.0,9.70,-0.40,-0.60,-0.2,0.0,-0.1,0.0,0.0,0.0,1.0,8.31,-97,96.0,-91.5,85.8,114.1,0.0,0,0,0,0,-57,12.8,255,915.000,616,1,
362157,PRELAUNCH,18,1.0,40.1630704,-74.0806595,28.7,0.0,9.70,-0.40,-0.60,-0.2,-0.2,-0.2,0.0,0.0,0.0,1.0,8.31,-94,96.0,-91.5,85.7,113.9,0.0,0,0,0,0,-63,12.5,255,915.000,617,0,
362679,PRELAUNCH,17,1.0,40.1630760,-74.0806563,27.9,0.0,9.70,-0.40,-0.50,-0.4,-0.1,-0.1,0.0,0.0,0.0,1.0,8.31,-90,96.0,-91.4,85.8,114.0,0.0,0,0,0,0,-75,13.2,255,915.000,618,0,
363237,PRELAUNCH,18,1.0,40.1630760,-74.0806563,27.9,0.0,9.70,-0.40,-0.50,0.0,-0.2,0.0,0.0,0.0,0.0,1.0,8.31,-107,96.0,-91.3,85.7,114.0,0.0,0,0,0,0,-60,14.0,255,915.000,619,0,
363759,PRELAUNCH,18,1.0,40.1630760,-74.0806563,27.9,0.0,9.70,-0.50,-0.60,0.3,-0.1,-0.1,0.0,0.0,0.0,1.0,8.31,-97,96.0,-91.3,85.8,113.9,0.0,0,0,0,0,-61,14.5,255,915.000,620,0,
364316,PRELAUNCH,17,1.0,40.1630704,-74.0806595,28.7,0.0,9.70,-0.40,-0.50,0.1,-0.3,-0.1,0.0,0.0,0.0,1.0,8.31,-96,96.0,-91.4,85.7,114.1,0.0,0,0,0,0,-59,12.5,255,915.000,621,0,
364815,PRELAUNCH,17,1.0,40.1630704,-74.0806595,28.7,0.0,9.70,-0.40,-0.50,0.3,-0.3,-0.1,0.0,0.0,0.0,1.0,8.31,-102,96.0,-91.3,85.8,114.2,0.0,0,0,0,0,-58,12.8,255,915.000,622,0,
364824,PRELAUNCH,17,1.0,40.1630704,-74.0806595,28.7,0.0,9.70,-0.40,-0.50,0.3,-0.3,-0.1,0.0,0.0,0.0,1.0,8.31,-102,96.0,-91.3,85.8,114.2,0.0,0,0,0,0,-58,12.8,255,915.000,622,-1,
365326,PRELAUNCH,18,1.0,40.1630704,-74.0806595,28.7,0.0,9.70,-0.30,-0.50,-0.6,-0.1,0.0,0.0,0.0,0.0,1.0,8.31,-97,96.0,-91.3,85.8,114.0,0.0,0,0,0,0,-60,12.2,255,915.000,623,0,
365896,PRELAUNCH,18,1.0,40.1630704,-74.0806595,28.7,0.0,9.70,-0.40,-0.40,0.3,-0.2,-0.1,0.0,0.0,0.0,1.0,8.31,-95,96.0,-91.6,85.8,114.1,0.0,0,0,0,0,-59,12.5,255,915.000,624,0,
366441,PRELAUNCH,18,1.0,40.1630704,-74.0806595,28.7,0.0,9.70,-0.40,-0.50,0.2,-0.2,0.1,0.0,0.0,0.0,1.0,8.31,-102,96.0,-91.4,85.7,114.1,0.0,0,0,0,0,-59,12.5,255,915.000,625,0,
366953,PRELAUNCH,16,1.0,40.1630704,-74.0806595,28.7,0.0,9.70,-0.40,-0.60,0.9,-0.3,0.0,0.0,0.0,0.0,1.0,8.31,-101,96.0,-91.8,85.8,114.3,0.0,0,0,0,0,-58,13.8,255,915.000,626,0,
367509,PRELAUNCH,17,1.0,40.1630773,-74.0806595,29.3,0.0,9.80,-0.60,-0.50,0.0,-0.5,0.1,0.0,0.0,0.0,1.0,8.31,-100,96.0,-91.4,85.8,114.2,0.0,0,0,0,0,-57,13.5,255,915.000,627,0,
368055,PRELAUNCH,18,1.0,40.1630773,-74.0806595,29.3,0.0,9.70,-0.20,-0.30,-1.4,0.0,-0.4,0.0,0.0,0.0,1.0,8.31,-102,96.0,-91.6,85.9,113.9,0.0,0,0,0,0,-57,13.8,255,915.000,628,0,
368601,PRELAUNCH,18,1.0,40.1630773,-74.0806595,29.3,0.0,9.70,-0.40,-0.40,0.0,-0.2,-0.2,0.0,0.0,0.0,1.0,8.31,-94,96.0,-91.7,85.9,114.1,0.0,0,0,0,0,-57,13.2,255,915.000,629,0,
369262,PRELAUNCH,18,1.0,40.1630773,-74.0806595,29.3,0.0,9.70,-0.60,-0.50,0.0,0.0,-0.2,0.0,0.0,0.0,1.0,8.31,-101,96.0,-91.5,85.9,113.9,0.0,0,0,0,0,-59,12.5,255,915.000,630,0,
369828,PRELAUNCH,18,1.0,40.1630773,-74.0806595,29.3,0.0,9.70,-0.50,-0.60,-0.3,0.1,-0.1,0.0,0.0,0.0,1.0,8.31,-102,96.0,-91.7,85.8,114.1,0.0,0,0,0,0,-65,13.2,255,915.000,631,0,
370327,PRELAUNCH,18,1.0,40.1630773,-74.0806595,29.3,0.0,9.70,-0.30,-0.50,0.8,-0.3,-0.4,0.0,0.0,0.0,1.0,8.31,-96,96.0,-92.5,85.8,114.4,0.0,0,0,0,0,-65,13.8,255,915.000,632,0,
370887,PRELAUNCH,18,1.0,40.1630773,-74.0806595,29.3,0.0,9.70,-0.60,-0.80,-0.5,0.3,0.0,0.0,1.0,0.0,1.0,8.31,-92,96.0,-92.1,85.8,114.1,0.0,0,0,0,0,-64,12.8,255,915.000,633,0,
371410,PRELAUNCH,18,1.0,40.1630773,-74.0806595,29.3,0.0,9.70,-0.40,-0.70,-0.5,0.0,0.0,0.0,0.0,0.0,1.0,8.31,-97,96.0,-92.7,85.8,115.1,0.0,0,0,0,0,-64,14.5,255,915.000,634,0,
371897,PRELAUNCH,18,1.0,40.1630773,-74.0806595,29.3,0.0,9.70,-0.40,-0.60,0.1,-0.1,-0.1,0.0,0.0,0.0,1.0,8.31,-100,96.0,-93.0,85.9,115.2,0.0,0,0,0,0,-63,12.5,255,915.000,635,0,
372444,PRELAUNCH,18,1.0,40.1630773,-74.0806595,29.3,0.0,9.70,-0.40,-0.50,0.2,-0.2,-0.1,0.0,0.0,0.0,1.0,8.31,-94,96.0,-92.8,85.9,115.3,0.0,0,0,0,0,-64,13.8,255,915.000,636,0,
373032,PRELAUNCH,17,1.0,40.1630773,-74.0806595,29.3,0.0,9.80,-0.40,-0.50,-0.6,0.1,-0.2,0.0,0.0,0.0,1.0,8.31,-99,96.0,-92.6,85.8,114.9,0.0,0,0,0,0,-64,13.2,255,915.000,637,0,
373532,PRELAUNCH,17,1.0,40.1630773,-74.0806595,29.3,0.0,9.60,-0.50,-0.40,-2.0,-0.3,-0.4,0.0,0.0,0.0,1.0,8.31,-101,96.0,-92.3,85.8,114.6,0.0,0,0,0,0,-62,13.0,255,915.000,638,0,
374091,PRELAUNCH,17,1.0,40.1630773,-74.0806595,29.3,0.0,9.80,-0.20,-0.60,-0.7,0.0,-0.1,0.0,0.0,0.0,1.0,8.31,-106,96.0,-92.2,85.9,114.5,0.0,0,0,0,0,-57,14.5,255,915.000,639,0,
374100,PRELAUNCH,17,1.0,40.1630773,-74.0806595,29.3,0.0,9.80,-0.20,-0.60,-0.7,0.0,-0.1,0.0,0.0,0.0,1.0,8.31,-106,96.0,-92.2,85.9,114.5,0.0,0,0,0,0,-57,14.5,255,915.000,639,-1,
374614,PRELAUNCH,18,1.0,40.1630773,-74.0806595,29.3,0.0,9.70,-0.20,-0.70,-0.4,-0.1,-0.1,0.0,0.0,0.0,1.0,8.31,-97,96.0,-91.9,85.9,114.2,0.0,0,0,0,0,-60,14.2,255,915.000,640,0,
375183,PRELAUNCH,17,1.0,40.1630773,-74.0806595,29.3,0.0,9.70,-0.30,-0.60,-1.1,0.3,-0.5,0.0,0.0,0.0,1.0,8.31,-96,96.0,-92.2,85.8,114.2,0.0,0,0,0,0,-61,13.0,255,915.000,641,0,
375706,PRELAUNCH,17,1.0,40.1630773,-74.0806595,29.3,0.0,9.70,-0.40,-0.50,-0.1,-0.1,-0.1,0.0,0.0,0.0,1.0,8.31,-92,96.0,-92.2,85.8,114.5,0.0,0,0,0,0,-59,12.0,255,915.000,642,0,
376273,PRELAUNCH,17,1.0,40.1630773,-74.0806595,29.3,0.0,9.70,-0.40,-0.60,0.0,-0.3,-0.1,0.0,0.0,0.0,1.0,8.31,-95,96.0,-92.2,85.8,114.3,0.0,0,0,0,0,-64,13.8,255,915.000,643,0,
376832,PRELAUNCH,18,1.0,40.1630773,-74.0806595,29.3,0.0,9.70,-0.40,-0.60,-0.1,-0.1,0.0,0.0,0.0,0.0,1.0,8.31,-95,96.0,-92.0,85.9,114.6,0.0,0,0,0,0,-66,12.2,255,915.000,644,0,
377354,PRELAUNCH,17,1.0,40.1630773,-74.0806595,29.3,0.0,9.70,-0.40,-0.50,-0.3,-0.2,-0.1,0.0,0.0,0.0,1.0,8.31,-102,96.0,-92.1,85.8,114.5,0.0,0,0,0,0,-66,12.8,255,915.000,645,0,
377863,PRELAUNCH,18,1.0,40.1630773,-74.0806595,29.3,0.0,9.70,-0.30,-0.50,0.0,0.0,0.0,0.0,0.0,0.0,1.0,8.31,-101,96.0,-91.8,85.8,114.6,0.0,0,0,0,0,-67,12.8,255,915.000,646,0,
378373,PRELAUNCH,17,1.0,40.1630773,-74.0806595,29.3,0.0,9.70,-0.50,-0.50,0.0,-0.2,-0.4,0.0,0.0,0.0,1.0,8.31,-97,96.0,-92.0,85.8,114.3,0.0,0,0,0,0,-66,12.2,255,915.000,647,0,
378870,PRELAUNCH,18,1.0,40.1630773,-74.0806595,29.3,0.0,9.70,-0.30,-0.60,0.0,0.0,0.1,0.0,0.0,0.0,1.0,8.31,-99,96.0,-91.6,85.8,114.3,0.0,0,0,0,0,-64,12.5,255,915.000,648,0,
379375,PRELAUNCH,20,1.0,40.1630773,-74.0806595,29.3,0.0,9.70,-0.50,-0.50,0.5,-0.3,-0.1,0.0,0.0,0.0,1.0,8.31,-106,96.0,-92.0,85.8,114.4,0.0,0,0,0,0,-61,14.0,255,915.000,649,0,
379885,PRELAUNCH,18,1.0,40.1630773,-74.0806595,29.3,0.0,9.70,-0.30,-0.50,-0.3,-0.1,-0.1,0.0,0.0,0.0,1.0,8.31,-97,96.0,-91.6,85.8,114.3,0.0,0,0,0,0,-64,12.8,255,915.000,650,0,
380524,PRELAUNCH,19,1.0,40.1630704,-74.0806595,28.7,0.0,9.70,-0.30,-0.60,0.2,-0.2,-0.1,0.0,0.0,0.0,1.0,8.31,-100,96.0,-91.8,85.8,114.5,0.0,0,0,0,0,-63,12.5,255,915.000,651,0,
381110,PRELAUNCH,19,1.0,40.1630704,-74.0806595,28.7,0.0,9.70,-0.50,-0.40,0.1,-0.1,0.0,0.0,0.0,0.0,1.0,8.31,-101,96.0,-91.9,85.8,114.3,0.0,0,0,0,0,-64,12.8,255,915.000,652,0,
381616,PRELAUNCH,20,1.0,40.1630704,-74.0806595,28.7,0.0,9.70,-0.40,-0.50,-0.2,0.0,-0.1,0.0,0.0,0.0,1.0,8.31,-96,96.0,-91.6,85.7,114.2,0.0,0,0,0,0,-63,12.5,255,915.000,653,0,
382184,PRELAUNCH,20,1.0,40.1630704,-74.0806595,28.7,0.0,9.70,-0.50,-0.40,0.3,-0.1,0.0,0.0,0.0,0.0,1.0,8.31,-97,96.0,-91.6,85.8,114.3,0.0,0,0,0,0,-63,12.5,255,915.000,654,0,
382660,PRELAUNCH,19,1.0,40.1630704,-74.0806595,28.7,0.0,9.70,-0.30,-0.50,0.0,-0.2,-0.1,0.0,0.0,0.0,1.0,8.31,-101,96.0,-91.7,85.8,114.2,0.0,0,0,0,0,-63,12.5,255,915.000,655,0,
383195,PRELAUNCH,20,1.0,40.1630704,-74.0806595,28.7,0.0,9.70,-0.50,-0.50,0.3,-0.1,-0.1,0.0,0.0,0.0,1.0,8.31,-101,96.0,-91.6,85.8,114.1,0.0,0,0,0,0,-60,14.2,255,915.000,656,0,
383740,PRELAUNCH,18,1.0,40.1630704,-74.0806595,28.7,0.0,9.70,-0.40,-0.50,0.1,0.1,0.0,0.0,0.0,0.0,1.0,8.31,-92,96.0,-91.6,85.8,114.1,0.0,0,0,0,0,-60,14.0,255,915.000,657,0,
384286,PRELAUNCH,20,1.0,40.1630704,-74.0806595,28.7,0.0,9.70,-0.40,-0.60,0.2,0.2,-0.1,0.0,0.0,0.0,1.0,8.31,-106,96.0,-91.7,85.9,114.3,0.0,0,0,0,0,-61,13.5,255,915.000,658,0,
384843,PRELAUNCH,20,1.0,40.1630720,-74.0806708,28.5,0.0,9.70,-0.30,-0.50,0.0,0.0,-0.2,0.0,0.0,0.0,1.0,8.31,-95,96.0,-91.9,85.8,114.5,0.0,0,0,0,0,-61,13.5,255,915.000,659,0,
385400,PRELAUNCH,19,1.0,40.1630720,-74.0806708,28.5,0.0,9.70,-0.50,-0.70,0.5,-0.3,0.0,0.0,0.0,0.0,1.0,8.31,-95,96.0,-91.8,85.8,114.3,0.0,0,0,0,0,-62,12.8,255,915.000,660,0,
386024,PRELAUNCH,20,1.0,40.1630720,-74.0806708,28.5,0.0,9.70,-0.50,-0.50,0.2,0.0,-0.1,0.0,0.0,0.0,1.0,8.31,-97,96.0,-91.8,85.8,114.3,0.0,0,0,0,0,-62,12.5,255,915.000,661,0,
386616,PRELAUNCH,19,1.0,40.1630720,-74.0806708,28.5,0.0,9.70,-0.40,-0.60,-0.3,-0.1,0.0,0.0,0.0,0.0,1.0,8.31,-97,96.0,-92.1,85.8,114.6,0.0,0,0,0,0,-62,12.5,255,915.000,662,0,
387153,PRELAUNCH,20,1.0,40.1630720,-74.0806708,28.5,0.0,9.70,-0.40,-0.50,0.2,0.0,-0.2,0.0,0.0,0.0,1.0,8.31,-97,96.0,-92.1,85.7,114.2,0.0,0,0,0,0,-63,12.5,255,915.000,663,0,
387652,PRELAUNCH,19,1.0,40.1630720,-74.0806708,28.5,0.0,9.70,-0.40,-0.50,-0.2,0.0,-0.1,0.0,0.0,0.0,1.0,8.31,-101,96.0,-91.9,85.8,114.4,0.0,0,0,0,0,-63,12.8,255,915.000,664,0,
388175,PRELAUNCH,18,1.0,40.1630720,-74.0806708,28.5,0.0,9.70,-0.40,-0.50,-0.1,-0.1,-0.1,0.0,0.0,0.0,1.0,8.31,-101,96.0,-91.9,85.7,114.4,0.0,0,0,0,0,-62,12.5,255,915.000,665,0,
388707,PRELAUNCH,20,1.0,40.1630704,-74.0806595,28.7,0.0,9.70,-0.50,-0.50,0.0,0.0,-0.1,0.0,0.0,0.0,1.0,8.31,-102,96.0,-91.9,85.8,114.4,0.0,0,0,0,0,-63,12.2,255,915.000,666,0,
389278,PRELAUNCH,18,1.0,40.1630704,-74.0806595,28.7,0.0,9.70,-0.40,-0.60,0.0,0.0,0.0,0.0,0.0,0.0,1.0,8.31,-100,96.0,-91.8,85.8,114.3,0.0,0,0,0,0,-60,14.2,255,915.000,667,0,
389812,PRELAUNCH,20,1.0,40.1630635,-74.0806595,28.0,0.0,9.70,-0.40,-0.60,0.0,-0.2,-0.2,0.0,0.0,0.0,1.0,8.31,-99,96.0,-91.8,85.8,114.3,0.0,0,0,0,0,-61,14.0,255,915.000,668,0,
390288,PRELAUNCH,20,1.0,40.1630635,-74.0806595,28.0,0.0,9.70,-0.40,-0.60,0.3,0.0,-0.1,0.0,0.0,0.0,1.0,8.31,-99,96.0,-91.6,85.7,114.3,0.0,0,0,0,0,-61,13.5,255,915.000,669,0,
390868,PRELAUNCH,20,1.0,40.1630691,-74.0806563,27.3,0.0,9.70,-0.40,-0.50,0.1,-0.1,-0.1,0.0,0.0,0.0,1.0,8.31,-99,96.0,-91.6,85.8,114.3,0.0,0,0,0,0,-64,12.5,255,915.000,670,0,
391936,PRELAUNCH,19,1.0,40.1630635,-74.0806595,28.0,0.0,9.70,-0.40,-0.50,0.0,-0.2,-0.4,0.0,0.0,0.0,1.0,8.31,-95,96.0,-91.6,85.8,114.2,0.0,0,0,0,0,-63,12.5,255,915.000,672,1,
392436,PRELAUNCH,19,1.0,40.1630635,-74.0806595,28.0,0.0,9.70,-0.40,-0.50,0.3,-0.1,-0.1,0.0,0.0,0.0,1.0,8.31,-92,96.0,-91.5,85.7,114.1,0.0,0,0,0,0,-63,12.2,255,915.000,673,0,
392982,PRELAUNCH,20,1.0,40.1630635,-74.0806595,28.0,0.0,9.70,-0.40,-0.60,0.1,-0.1,0.0,0.0,0.0,0.0,1.0,8.31,-96,96.0,-91.4,85.8,113.9,0.0,0,0,0,0,-63,12.5,255,915.000,674,0,
393597,PRELAUNCH,18,1.0,40.1630635,-74.0806595,28.0,0.0,9.70,-0.40,-0.50,0.1,-0.1,-0.1,0.0,0.0,0.0,1.0,8.31,-97,96.0,-91.4,85.7,113.9,0.0,0,0,0,0,-63,12.2,255,915.000,675,0,
394186,PRELAUNCH,20,1.0,40.1630691,-74.0806563,27.3,0.0,9.70,-0.40,-0.60,0.0,0.0,-0.1,0.0,0.0,0.0,1.0,8.31,-96,96.0,-91.2,85.8,113.8,0.0,0,0,0,0,-61,14.2,255,915.000,676,0,
394711,PRELAUNCH,19,1.0,40.1630691,-74.0806563,27.3,0.0,9.70,-0.40,-0.50,-0.2,-0.2,-0.1,0.0,0.0,0.0,1.0,8.31,-99,96.0,-91.2,85.8,113.9,0.0,0,0,0,0,-63,12.5,255,915.000,677,0,
395269,PRELAUNCH,20,1.0,40.1630691,-74.0806563,27.3,0.0,9.70,-0.40,-0.50,0.2,-0.2,0.0,0.0,0.0,0.0,1.0,8.31,-102,96.0,-91.3,85.7,113.9,0.0,0,0,0,0,-60,12.2,255,915.000,678,0,
395803,PRELAUNCH,19,1.0,40.1630691,-74.0806563,27.3,0.0,9.70,-0.40,-0.50,0.1,-0.1,0.0,0.0,0.0,0.0,1.0,8.31,-97,96.0,-91.0,85.7,113.8,0.0,0,0,0,0,-63,12.2,255,915.000,679,0,
396360,PRELAUNCH,19,1.0,40.1630691,-74.0806563,27.3,0.0,9.70,-0.50,-0.40,0.0,0.0,-0.1,0.0,0.0,0.0,1.0,8.31,-99,96.0,-91.2,85.8,113.8,0.0,0,0,0,0,-63,12.2,255,915.000,680,0,
396915,PRELAUNCH,19,1.0,40.1630691,-74.0806563,27.3,0.0,9.70,-0.40,-0.50,-0.2,0.0,-0.1,0.0,0.0,0.0,1.0,8.31,-99,96.0,-91.2,85.8,113.9,0.0,0,0,0,0,-64,13.8,255,915.000,681,0,
397451,PRELAUNCH,19,1.0,40.1630691,-74.0806563,27.3,0.0,9.70,-0.40,-0.50,-0.3,-0.1,-0.1,0.0,0.0,0.0,1.0,8.31,-97,96.0,-91.2,85.8,113.9,0.0,0,0,0,0,-64,14.2,255,915.000,682,0,
397974,PRELAUNCH,20,1.0,40.1630691,-74.0806563,27.3,0.0,9.70,-0.40,-0.50,0.1,-0.1,0.0,0.0,0.0,0.0,1.0,8.31,-102,96.0,-91.1,85.8,113.7,0.0,0,0,0,0,-61,13.2,255,915.000,683,0,
398543,PRELAUNCH,20,1.0,40.1630691,-74.0806563,27.3,0.0,9.70,-0.40,-0.50,-0.3,0.0,-0.1,0.0,0.0,0.0,1.0,8.31,-101,96.0,-91.1,85.9,113.8,0.0,0,0,0,0,-60,14.2,255,915.000,684,0,
399108,PRELAUNCH,19,1.0,40.1630691,-74.0806563,27.3,0.0,9.70,-0.40,-0.40,0.2,0.0,-0.1,0.0,0.0,0.0,1.0,8.31,-101,96.0,-91.0,85.8,113.6,0.0,0,0,0,0,-62,12.2,255,915.000,685,0,
399612,PRELAUNCH,20,1.0,40.1630635,-74.0806595,28.0,0.0,9.70,-0.40,-0.50,0.0,0.0,-0.1,0.0,0.0,0.0,1.0,8.31,-99,96.0,-91.0,85.7,113.5,0.0,0,0,0,0,-63,12.5,255,915.000,686,0,
400214,PRELAUNCH,19,1.0,40.1630635,-74.0806595,28.0,0.0,9.70,-0.40,-0.60,-0.5,-0.2,-0.2,0.0,0.0,0.0,1.0,8.31,-97,96.0,-90.9,85.8,113.7,0.0,0,0,0,0,-62,12.8,255,915.000,687,0,
400734,PRELAUNCH,19,1.0,40.1630635,-74.0806595,28.0,0.0,9.70,-0.50,-0.40,-0.4,-0.1,-0.1,0.0,0.0,0.0,1.0,8.31,-99,96.0,-90.9,85.7,113.6,0.0,0,0,0,0,-61,13.2,255,915.000,688,0,
401805,PRELAUNCH,19,1.0,40.1630635,-74.0806595,28.0,0.0,9.70,-0.40,-0.50,-0.3,-0.3,-0.1,0.0,0.0,0.0,1.0,8.31,-101,96.0,-91.0,85.7,113.7,0.0,0,0,0,0,-63,12.2,255,915.000,690,1,
402351,PRELAUNCH,19,1.0,40.1630635,-74.0806595,28.0,0.0,9.70,-0.40,-0.50,0.1,-0.1,-0.1,0.0,0.0,0.0,1.0,8.31,-101,96.0,-91.1,85.8,113.7,0.0,0,0,0,0,-63,12.5,255,915.000,691,0,
402908,PRELAUNCH,19,1.0,40.1630635,-74.0806595,28.0,0.0,9.70,-0.40,-0.50,0.1,0.1,-0.1,0.0,0.0,0.0,1.0,8.31,-97,96.0,-91.2,85.8,113.7,0.0,0,0,0,0,-63,12.5,255,915.000,692,0,
403454,PRELAUNCH,17,1.0,40.1630635,-74.0806595,28.0,0.0,9.70,-0.40,-0.40,-0.3,-0.1,-0.1,0.0,0.0,0.0,1.0,8.31,-101,96.0,-90.9,85.7,113.6,0.0,0,0,0,0,-63,12.2,255,915.000,693,0,
404008,PRELAUNCH,19,1.0,40.1630691,-74.0806563,27.3,0.0,9.70,-0.40,-0.50,-0.2,0.0,0.0,0.0,0.0,0.0,1.0,8.31,-99,96.0,-90.9,85.7,113.6,0.0,0,0,0,0,-63,12.5,255,915.000,694,0,
404557,PRELAUNCH,19,1.0,40.1630691,-74.0806563,27.3,0.0,9.70,-0.40,-0.50,0.3,-0.2,-0.1,0.0,0.0,0.0,1.0,8.31,-94,96.0,-90.9,85.8,113.7,0.0,0,0,0,0,-64,14.2,255,915.000,695,0,
405112,PRELAUNCH,18,1.0,40.1630691,-74.0806563,27.3,0.0,9.70,-0.40,-0.50,0.2,-0.2,-0.1,0.0,0.0,0.0,1.0,8.31,-97,96.0,-90.9,85.8,113.6,0.0,0,0,0,0,-64,14.2,255,915.000,696,0,
405613,PRELAUNCH,19,1.0,40.1630691,-74.0806563,27.3,0.0,9.70,-0.40,-0.60,-0.2,-0.2,-0.1,0.0,0.0,0.0,1.0,8.31,-97,96.0,-90.9,85.9,113.7,0.0,0,0,0,0,-66,12.5,255,915.000,697,0,
406216,PRELAUNCH,18,1.0,40.1630691,-74.0806563,27.3,0.0,9.70,-0.40,-0.50,-0.1,0.1,-0.1,0.0,0.0,0.0,1.0,8.31,-94,96.0,-90.9,85.7,113.5,0.0,0,0,0,0,-75,13.0,255,915.000,698,0,
406771,PRELAUNCH,19,1.0,40.1630622,-74.0806563,26.7,0.0,9.70,-0.40,-0.50,0.3,-0.1,-0.1,0.0,0.0,0.0,1.0,8.31,-95,96.0,-90.8,85.7,113.6,0.0,0,0,0,0,-73,12.2,255,915.000,699,0,
407343,PRELAUNCH,20,1.0,40.1630622,-74.0806563,26.7,0.0,9.70,-0.40,-0.50,0.0,0.0,0.0,0.0,0.0,0.0,1.0,8.31,-100,96.0,-90.8,85.8,113.6,0.0,0,0,0,0,-69,12.8,255,915.000,700,0,
407924,PRELAUNCH,20,1.0,40.1630622,-74.0806563,26.7,0.0,9.70,-0.40,-0.50,0.3,-0.1,-0.1,0.0,0.0,0.0,1.0,8.31,-102,96.0,-90.8,85.8,113.5,0.0,0,0,0,0,-65,13.8,255,915.000,701,0,
408512,PRELAUNCH,20,1.0,40.1630622,-74.0806563,26.7,0.0,9.70,-0.40,-0.50,0.0,-0.2,0.0,0.0,0.0,0.0,1.0,8.31,-101,96.0,-90.7,85.8,113.5,0.0,0,0,0,0,-70,13.8,255,915.000,702,0,
409012,PRELAUNCH,20,1.0,40.1630622,-74.0806563,26.7,0.0,9.70,-0.40,-0.50,-0.2,0.0,0.0,0.0,0.0,0.0,1.0,8.31,-99,96.0,-90.7,85.7,113.3,0.0,0,0,0,0,-68,14.2,255,915.000,703,0,
409595,PRELAUNCH,20,1.0,40.1630622,-74.0806563,26.7,0.0,9.70,-0.40,-0.50,-0.2,0.0,-0.1,0.0,0.0,0.0,1.0,8.31,-95,96.0,-90.5,85.7,113.3,0.0,0,0,0,0,-68,13.0,255,915.000,704,0,
410164,PRELAUNCH,20,1.0,40.1630678,-74.0806531,25.9,0.0,9.70,-0.40,-0.50,-0.1,-0.1,0.0,0.0,0.0,0.0,1.0,8.31,-99,96.0,-90.5,85.8,113.3,0.0,0,0,0,0,-71,13.2,255,915.000,705,0,
410710,PRELAUNCH,20,1.0,40.1630678,-74.0806531,25.9,0.0,9.70,-0.40,-0.50,-0.1,-0.3,-0.1,0.0,0.0,0.0,1.0,8.31,-100,96.0,-90.6,85.8,113.4,0.0,0,0,0,0,-67,14.0,255,915.000,706,0,
411868,PRELAUNCH,20,1.0,40.1630678,-74.0806531,25.9,0.0,9.70,-0.40,-0.50,0.0,-0.2,-0.1,0.0,0.0,0.0,1.0,8.31,-97,96.0,-90.5,85.8,113.3,0.0,0,0,0,0,-78,13.0,255,915.000,708,1,
412417,PRELAUNCH,20,1.0,40.1630678,-74.0806531,25.9,0.0,9.70,-0.40,-0.50,0.1,0.1,-0.2,0.0,0.0,0.0,1.0,8.31,-89,96.0,-90.5,85.8,113.2,0.0,0,0,0,0,-71,13.8,255,915.000,709,0,
412974,PRELAUNCH,20,1.0,40.1630678,-74.0806531,25.9,0.0,9.70,-0.40,-0.60,-0.1,-0.1,-0.1,0.0,0.0,0.0,1.0,8.31,-95,96.0,-90.5,85.8,113.2,0.0,0,0,0,0,-75,12.8,255,915.000,710,0,
413508,PRELAUNCH,20,1.0,40.1630678,-74.0806531,25.9,0.0,9.70,-0.40,-0.60,0.1,-0.1,-0.1,0.0,0.0,0.0,1.0,8.31,-97,96.0,-90.6,85.8,113.3,0.0,0,0,0,0,-74,12.8,255,915.000,711,0,
414026,PRELAUNCH,19,1.0,40.1630678,-74.0806531,25.9,0.0,9.70,-0.40,-0.50,0.0,0.0,-0.1,0.0,0.0,0.0,1.0,8.31,-102,96.0,-90.7,85.8,113.2,0.0,0,0,0,0,-75,12.5,255,915.000,712,0,
414538,PRELAUNCH,19,1.0,40.1630678,-74.0806531,25.9,0.0,9.70,-0.40,-0.50,0.3,-0.2,-0.1,0.0,0.0,0.0,1.0,8.31,-99,96.0,-90.5,85.8,113.3,0.0,0,0,0,0,-79,12.5,255,915.000,713,0,
415061,PRELAUNCH,20,1.0,40.1630678,-74.0806531,25.9,0.0,9.70,-0.40,-0.60,-0.3,-0.1,-0.1,0.0,0.0,0.0,1.0,8.31,-102,96.0,-90.5,85.9,113.4,0.0,0,0,0,0,-68,13.0,255,915.000,714,0,
415668,PRELAUNCH,20,1.0,40.1630622,-74.0806563,26.7,0.0,9.70,-0.40,-0.60,0.1,-0.1,-0.1,0.0,0.0,0.0,1.0,8.31,-95,96.0,-90.8,85.9,113.5,0.0,0,0,0,0,-79,13.5,255,915.000,715,0,
416213,PRELAUNCH,20,1.0,40.1630622,-74.0806563,26.7,0.0,9.70,-0.40,-0.60,0.3,-0.2,-0.2,0.0,0.0,0.0,1.0,8.31,-99,96.0,-90.9,85.7,113.4,0.0,0,0,0,0,-74,12.8,255,915.000,716,0,
416782,PRELAUNCH,20,1.0,40.1630622,-74.0806563,26.7,0.0,9.70,-0.40,-0.40,0.1,0.1,-0.1,0.0,0.0,0.0,1.0,8.31,-95,96.0,-90.8,85.8,113.5,0.0,0,0,0,0,-76,12.8,255,915.000,717,0,
417290,PRELAUNCH,20,1.0,40.1630622,-74.0806563,26.7,0.0,9.70,-0.40,-0.60,0.4,-0.3,-0.1,0.0,0.0,0.0,1.0,8.31,-99,96.0,-90.9,85.8,113.5,0.0,0,0,0,0,-73,12.5,255,915.000,718,0,
417859,PRELAUNCH,20,1.0,40.1630553,-74.0806563,26.0,0.0,9.70,-0.40,-0.60,-0.3,0.0,-0.1,0.0,0.0,0.0,1.0,8.31,-107,96.0,-91.0,85.8,113.7,0.0,0,0,0,0,-95,11.5,255,915.000,719,0,
418361,PRELAUNCH,20,1.0,40.1630553,-74.0806563,26.0,0.0,9.70,-0.50,-0.50,-0.5,0.0,-0.2,0.0,0.0,0.0,1.0,8.31,-104,96.0,-91.1,85.8,113.7,0.0,0,0,0,0,-74,14.0,255,915.000,720,0,
418895,PRELAUNCH,20,1.0,40.1630553,-74.0806563,26.0,0.0,9.70,-0.40,-0.50,-0.3,0.2,-0.1,0.0,0.0,0.0,1.0,8.31,-95,96.0,-90.7,85.8,113.6,0.0,0,0,0,0,-74,12.5,255,915.000,721,0,
419463,PRELAUNCH,20,1.0,40.1630553,-74.0806563,26.0,0.0,9.70,-0.30,-0.50,0.2,-0.2,0.0,0.0,0.0,0.0,1.0,8.31,-104,96.0,-90.8,85.7,113.5,0.0,0,0,0,0,-67,12.5,255,915.000,722,0,
420017,PRELAUNCH,19,1.0,40.1630622,-74.0806563,26.7,0.0,9.70,-0.50,-0.50,0.3,-0.3,-0.1,0.0,0.0,0.0,1.0,8.31,-96,96.0,-90.7,85.8,113.2,0.0,0,0,0,0,-71,13.5,255,915.000,723,0,
420554,PRELAUNCH,20,1.0,40.1630553,-74.0806563,26.0,0.0,9.70,-0.40,-0.50,-0.7,0.2,0.0,0.0,0.0,0.0,1.0,8.31,-94,96.0,-90.6,85.9,113.4,0.0,0,0,0,0,-74,12.8,255,915.000,724,0,
421053,PRELAUNCH,20,1.0,40.1630553,-74.0806563,26.0,0.0,9.70,-0.40,-0.40,0.1,-0.1,-0.2,0.0,0.0,0.0,1.0,8.31,-101,96.0,-90.7,85.7,113.3,0.0,0,0,0,0,-73,12.8,255,915.000,725,0,
421562,PRELAUNCH,20,1.0,40.1630553,-74.0806563,26.0,0.0,9.70,-0.40,-0.40,0.3,0.1,0.1,0.0,0.0,0.0,1.0,8.31,-101,96.0,-90.4,85.8,113.3,0.0,0,0,0,0,-71,13.2,255,915.000,726,0,
422099,PRELAUNCH,20,1.0,40.1630537,-74.0806450,26.2,0.0,9.70,-0.40,-0.50,0.3,-0.3,-0.1,0.0,0.0,0.0,1.0,8.31,-96,96.0,-90.5,85.8,113.3,0.0,0,0,0,0,-79,12.2,255,915.000,727,0,
422621,PRELAUNCH,20,1.0,40.1630537,-74.0806450,26.2,0.0,9.70,-0.40,-0.50,-0.3,0.0,-0.1,0.0,0.0,0.0,1.0,8.31,-101,96.0,-90.4,85.8,113.1,0.0,0,0,0,0,-65,14.5,255,915.000,728,0,
423199,PRELAUNCH,20,1.0,40.1630537,-74.0806450,26.2,0.0,9.70,-0.40,-0.50,-0.3,0.0,-0.1,0.0,0.0,0.0,1.0,8.31,-100,96.0,-90.4,85.8,113.2,0.0,0,0,0,0,-72,12.5,255,915.000,729,0,
423701,PRELAUNCH,19,1.0,40.1630606,-74.0806450,26.9,0.0,9.70,-0.40,-0.50,0.3,-0.3,-0.1,0.0,0.0,0.0,1.0,8.31,-101,96.0,-90.4,85.8,113.1,0.0,0,0,0,0,-75,12.5,255,915.000,730,0,
424247,PRELAUNCH,20,1.0,40.1630606,-74.0806450,26.9,0.0,9.70,-0.40,-0.60,0.1,0.1,-0.1,0.0,0.0,0.0,1.0,8.31,-110,96.0,-90.3,85.8,113.2,0.0,0,0,0,0,-92,10.5,255,915.000,731,0,
424778,PRELAUNCH,19,1.0,40.1630606,-74.0806450,26.9,0.0,9.70,-0.40,-0.50,0.0,-0.2,-0.2,0.0,0.0,0.0,1.0,8.31,-95,96.0,-90.5,85.8,113.1,0.0,0,0,0,0,-73,12.2,255,915.000,732,0,
425300,PRELAUNCH,20,1.0,40.1630606,-74.0806450,26.9,0.0,9.70,-0.40,-0.50,-0.2,-0.2,-0.1,0.0,0.0,0.0,1.0,8.31,-97,96.0,-90.3,85.8,113.0,0.0,0,0,0,0,-79,13.0,255,915.000,733,0,
425823,PRELAUNCH,20,1.0,40.1630606,-74.0806450,26.9,0.0,9.70,-0.40,-0.50,-0.2,0.0,0.0,0.0,0.0,0.0,1.0,8.31,-96,96.0,-90.4,85.8,113.4,0.0,0,0,0,0,-82,12.8,255,915.000,734,0,
426338,PRELAUNCH,20,1.0,40.1630606,-74.0806450,26.9,0.0,9.70,-0.50,-0.50,0.1,-0.3,-0.1,0.0,0.0,0.0,1.0,8.31,-105,96.0,-90.5,85.8,113.2,0.0,0,0,0,0,-76,13.2,255,915.000,735,0,
426853,PRELAUNCH,20,1.0,40.1630606,-74.0806450,26.9,0.0,9.70,-0.40,-0.50,-0.1,0.1,-0.1,0.0,0.0,0.0,1.0,8.31,-95,96.0,-90.3,85.8,113.2,0.0,0,0,0,0,-69,12.8,255,915.000,736,0,
427416,PRELAUNCH,20,1.0,40.1630606,-74.0806450,26.9,0.0,9.70,-0.40,-0.50,0.0,-0.2,-0.1,0.0,0.0,0.0,1.0,8.31,-100,96.0,-90.7,85.8,113.5,0.0,0,0,0,0,-72,12.2,255,915.000,737,0,
427939,PRELAUNCH,20,1.0,40.1630606,-74.0806450,26.9,0.0,9.70,-0.40,-0.50,0.1,-0.1,0.0,0.0,0.0,0.0,1.0,8.31,-104,96.0,-90.5,85.8,113.2,0.0,0,0,0,0,-73,12.5,255,915.000,738,0,
428450,PRELAUNCH,20,1.0,40.1630606,-74.0806450,26.9,0.0,9.70,-0.50,-0.60,0.0,-0.2,0.0,0.0,0.0,0.0,1.0,8.31,-101,96.0,-90.5,85.8,113.4,0.0,0,0,0,0,-70,12.8,255,915.000,739,0,
429030,PRELAUNCH,20,1.0,40.1630606,-74.0806450,26.9,0.0,9.70,-0.40,-0.50,-0.2,0.2,-0.2,0.0,0.0,0.0,1.0,8.31,-99,96.0,-90.7,85.8,113.4,0.0,0,0,0,0,-70,12.5,255,915.000,740,0,
429596,PRELAUNCH,20,1.0,40.1630606,-74.0806450,26.9,0.0,9.70,-0.40,-0.50,0.3,-0.3,-0.1,0.0,0.0,0.0,1.0,8.31,-97,96.0,-90.6,85.8,113.3,0.0,0,0,0,0,-69,13.0,255,915.000,741,0,
430133,PRELAUNCH,20,1.0,40.1630606,-74.0806450,26.9,0.0,9.70,-0.40,-0.60,-0.1,-0.3,0.0,0.0,0.0,0.0,1.0,8.31,-99,96.0,-90.5,85.8,113.3,0.0,0,0,0,0,-68,14.0,255,915.000,742,0,
430679,PRELAUNCH,20,1.0,40.1630606,-74.0806450,26.9,0.0,9.70,-0.40,-0.60,0.0,-0.2,-0.1,0.0,0.0,0.0,1.0,8.31,-102,96.0,-90.6,85.8,113.5,0.0,0,0,0,0,-67,12.5,255,915.000,743,0,
431167,PRELAUNCH,19,1.0,40.1630606,-74.0806450,26.9,0.0,9.70,-0.40,-0.50,-0.1,-0.1,-0.2,0.0,0.0,0.0,1.0,8.31,-99,96.0,-90.5,85.7,113.3,0.0,0,0,0,0,-66,12.8,255,915.000,744,0,
431944,PRELAUNCH,20,1.0,40.1630606,-74.0806450,26.9,0.0,9.70,-0.40,-0.60,0.0,0.0,-0.1,0.0,0.0,0.0,1.0,8.31,-97,96.0,-90.6,85.8,113.3,0.0,0,0,0,0,-70,12.8,255,915.000,745,0,
432487,PRELAUNCH,19,1.0,40.1630606,-74.0806450,26.9,0.0,9.70,-0.40,-0.50,-0.1,-0.1,0.0,0.0,0.0,0.0,1.0,8.31,-92,96.0,-90.6,85.8,113.4,0.0,0,0,0,0,-71,14.2,255,915.000,746,0,
433071,PRELAUNCH,18,1.0,40.1630606,-74.0806450,26.9,0.0,9.70,-0.40,-0.50,0.1,-0.1,-0.1,0.0,0.0,0.0,1.0,8.31,-109,96.0,-90.6,85.8,113.3,0.0,0,0,0,0,-73,12.0,255,915.000,747,0,
433628,PRELAUNCH,18,1.0,40.1630606,-74.0806450,26.9,0.0,9.70,-0.40,-0.50,0.0,-0.2,-0.1,0.0,0.0,0.0,1.0,8.31,-99,96.0,-90.7,85.9,113.6,0.0,0,0,0,0,-71,14.0,255,915.000,748,0,
434174,PRELAUNCH,19,1.0,40.1630606,-74.0806450,26.9,0.0,9.70,-0.40,-0.50,0.0,-0.2,0.0,0.0,0.0,0.0,1.0,8.31,-97,96.0,-90.6,85.8,113.3,0.0,0,0,0,0,-76,12.8,255,915.000,749,0,
434673,PRELAUNCH,19,1.0,40.1630606,-74.0806450,26.9,0.0,9.70,-0.40,-0.50,-0.1,-0.3,-0.1,0.0,0.0,0.0,1.0,8.31,-92,96.0,-90.5,85.8,113.3,0.0,0,0,0,0,-70,12.5,255,915.000,750,0,
435207,PRELAUNCH,19,1.0,40.1630606,-74.0806450,26.9,0.0,9.70,-0.50,-0.50,0.2,-0.2,-0.2,0.0,0.0,0.0,1.0,8.31,-91,96.0,-90.6,85.8,113.3,0.0,0,0,0,0,-74,14.2,255,915.000,751,0,
435764,PRELAUNCH,19,1.0,40.1630606,-74.0806450,26.9,0.0,9.70,-0.50,-0.60,0.3,-0.2,-0.1,0.0,0.0,0.0,1.0,8.31,-97,96.0,-90.7,85.8,113.4,0.0,0,0,0,0,-81,12.5,255,915.000,752,0,
436286,PRELAUNCH,20,1.0,40.1630606,-74.0806450,26.9,0.0,9.70,-0.40,-0.50,0.5,-0.3,-0.1,0.0,0.0,0.0,1.0,8.31,-97,96.0,-90.9,85.8,113.5,0.0,0,0,0,0,-75,12.8,255,915.000,753,0,
436821,PRELAUNCH,19,1.0,40.1630606,-74.0806450,26.9,0.0,9.70,-0.40,-0.40,-0.5,0.0,-0.2,0.0,0.0,0.0,1.0,8.31,-102,96.0,-90.8,85.8,113.4,0.0,0,0,0,0,-72,13.0,255,915.000,754,0,
437379,PRELAUNCH,18,1.0,40.1630606,-74.0806450,26.9,0.0,9.70,-0.40,-0.50,0.2,0.0,0.0,0.0,0.0,0.0,1.0,8.31,-99,96.0,-90.8,85.8,113.6,0.0,0,0,0,0,-81,12.5,255,915.000,755,0,
437912,PRELAUNCH,20,1.0,40.1630606,-74.0806450,26.9,0.0,9.70,-0.40,-0.50,-0.3,0.2,0.0,0.0,0.0,0.0,1.0,8.31,-97,96.0,-90.7,85.9,113.6,0.0,0,0,0,0,-91,10.5,255,915.000,756,0,
438516,PRELAUNCH,19,1.0,40.1630537,-74.0806450,26.2,0.0,9.70,-0.40,-0.50,0.3,-0.1,-0.2,0.0,0.0,0.0,1.0,8.31,-101,96.0,-90.8,85.8,113.5,0.0,0,0,0,0,-74,13.5,255,915.000,757,0,
439026,PRELAUNCH,19,1.0,40.1630593,-74.0806418,25.5,0.0,9.70,-0.40,-0.50,0.1,-0.1,0.1,0.0,0.0,0.0,1.0,8.31,-102,96.0,-90.5,85.8,113.4,0.0,0,0,0,0,-73,12.5,255,915.000,758,0,
439636,PRELAUNCH,19,1.0,40.1630593,-74.0806418,25.5,0.0,9.70,-0.40,-0.60,0.1,-0.1,-0.1,0.0,0.0,0.0,1.0,8.31,-97,96.0,-90.5,85.8,113.3,0.0,0,0,0,0,-80,13.0,255,915.000,759,0,
440141,PRELAUNCH,19,1.0,40.1630593,-74.0806418,25.5,0.0,9.70,-0.40,-0.50,-0.3,0.1,-0.1,0.0,0.0,0.0,1.0,8.31,-97,96.0,-90.4,85.8,113.1,0.0,0,0,0,0,-78,13.5,255,915.000,760,0,
440646,PRELAUNCH,19,1.0,40.1630593,-74.0806418,25.5,0.0,9.70,-0.40,-0.50,0.3,-0.2,-0.1,0.0,0.0,0.0,1.0,8.31,-99,96.0,-90.5,85.8,113.2,0.0,0,0,0,0,-74,12.2,255,915.000,761,0,
441244,PRELAUNCH,20,1.0,40.1630593,-74.0806418,25.5,0.0,9.70,-0.40,-0.60,-0.3,0.1,-0.1,0.0,0.0,0.0,1.0,8.31,-101,96.0,-90.5,85.9,113.2,0.0,0,0,0,0,-78,12.2,255,915.000,762,0,
441871,PRELAUNCH,18,1.0,40.1630593,-74.0806418,25.5,0.0,9.70,-0.40,-0.50,-0.1,-0.1,-0.1,0.0,0.0,0.0,1.0,8.31,-102,96.0,-90.5,85.8,113.2,0.0,0,0,0,0,-74,13.2,255,915.000,763,0,
442394,PRELAUNCH,19,1.0,40.1630593,-74.0806418,25.5,0.0,9.70,-0.40,-0.60,0.0,-0.3,-0.1,0.0,0.0,0.0,1.0,8.31,-100,96.0,-90.6,85.9,113.2,0.0,0,0,0,0,-71,14.2,255,915.000,764,0,
442925,PRELAUNCH,19,1.0,40.1630593,-74.0806418,25.5,0.0,9.70,-0.40,-0.40,0.3,-0.1,-0.1,0.0,0.0,0.0,1.0,8.31,-101,96.0,-90.5,85.8,113.0,0.0,0,0,0,0,-76,12.5,255,915.000,765,0,
443496,PRELAUNCH,19,1.0,40.1630593,-74.0806418,25.5,0.0,9.70,-0.40,-0.60,0.0,0.0,0.0,0.0,0.0,0.0,1.0,8.31,-100,96.0,-90.6,85.9,113.3,0.0,0,0,0,0,-76,12.5,255,915.000,766,0,
444007,PRELAUNCH,19,1.0,40.1630593,-74.0806418,25.5,0.0,9.70,-0.40,-0.60,0.0,0.0,-0.2,0.0,0.0,0.0,1.0,8.31,-101,96.0,-90.8,85.8,113.3,0.0,0,0,0,0,-65,14.5,255,915.000,767,0,
444576,PRELAUNCH,19,1.0,40.1630593,-74.0806418,25.5,0.0,9.70,-0.50,-0.40,1.0,-0.3,-0.2,0.0,0.0,0.0,1.0,8.31,-100,96.0,-91.0,85.8,113.6,0.0,0,0,0,0,-73,12.2,255,915.000,768,0,
445098,PRELAUNCH,19,1.0,40.1630593,-74.0806418,25.5,0.0,9.70,-0.40,-0.60,0.8,-0.3,0.0,0.0,0.0,0.0,1.0,8.31,-96,96.0,-91.1,85.8,113.7,0.0,0,0,0,0,-67,12.2,255,915.000,769,0,
445664,PRELAUNCH,19,1.0,40.1630593,-74.0806418,25.5,0.0,9.70,-0.40,-0.50,0.1,-0.1,-0.1,0.0,0.0,0.0,1.0,8.31,-95,96.0,-90.9,85.7,113.5,0.0,0,0,0,0,-68,13.2,255,915.000,770,0,
446199,PRELAUNCH,18,1.0,40.1630593,-74.0806418,25.5,0.0,9.70,-0.40,-0.60,0.3,-0.2,0.0,0.0,0.0,0.0,1.0,8.31,-105,96.0,-90.9,85.7,113.4,0.0,0,0,0,0,-68,12.2,255,915.000,771,0,
446736,PRELAUNCH,19,1.0,40.1630593,-74.0806418,25.5,0.0,9.70,-0.40,-0.50,-0.2,0.0,-0.1,0.0,0.0,0.0,1.0,8.31,-102,96.0,-90.9,85.8,113.4,0.0,0,0,0,0,-70,12.5,255,915.000,772,0,
447290,PRELAUNCH,19,1.0,40.1630593,-74.0806418,25.5,0.0,9.70,-0.40,-0.50,-0.1,0.1,-0.1,0.0,0.0,0.0,1.0,8.31,-102,96.0,-90.9,85.7,113.3,0.0,0,0,0,0,-74,13.2,255,915.000,773,0,
447816,PRELAUNCH,19,1.0,40.1630593,-74.0806418,25.5,0.0,9.70,-0.40,-0.50,0.1,-0.3,0.0,0.0,0.0,0.0,1.0,8.31,-101,96.0,-90.9,85.7,113.4,0.0,0,0,0,0,-71,12.8,255,915.000,774,0,
448359,PRELAUNCH,18,1.0,40.1630593,-74.0806418,25.5,0.0,9.70,-0.40,-0.50,0.0,0.0,-0.1,0.0,0.0,0.0,1.0,8.31,-97,96.0,-90.9,85.7,113.3,0.0,0,0,0,0,-82,14.0,255,915.000,775,0,
448907,PRELAUNCH,19,1.0,40.1630593,-74.0806418,25.5,0.0,9.70,-0.40,-0.50,-0.1,-0.1,-0.1,0.0,0.0,0.0,1.0,8.31,-102,96.0,-91.0,85.7,113.4,0.0,0,0,0,0,-73,12.0,255,915.000,776,0,
449449,PRELAUNCH,19,1.0,40.1630593,-74.0806418,25.5,0.0,9.70,-0.40,-0.60,-0.2,0.0,0.0,0.0,0.0,0.0,1.0,8.31,-99,96.0,-90.9,85.8,113.4,0.0,0,0,0,0,-68,13.8,255,915.000,777,0,
450009,PRELAUNCH,19,1.0,40.1630593,-74.0806418,25.5,0.0,9.70,-0.40,-0.50,0.3,-0.1,-0.1,0.0,0.0,0.0,1.0,8.31,-94,96.0,-91.0,85.8,113.4,0.0,0,0,0,0,-70,12.0,255,915.000,778,0,
450555,PRELAUNCH,19,1.0,40.1630593,-74.0806418,25.5,0.0,9.70,-0.40,-0.40,0.2,0.0,-0.1,0.0,0.0,0.0,1.0,8.31,-96,96.0,-91.0,85.7,113.4,0.0,0,0,0,0,-68,13.0,255,915.000,779,0,
451132,PRELAUNCH,19,1.0,40.1630593,-74.0806418,25.5,0.0,9.70,-0.40,-0.50,0.2,0.0,0.0,0.0,0.0,0.0,1.0,8.31,-95,96.0,-90.9,85.8,113.4,0.0,0,0,0,0,-67,12.0,255,915.000,780,0,
452214,PRELAUNCH,19,1.0,40.1630593,-74.0806418,25.5,0.0,9.70,-0.40,-0.60,-0.3,0.0,-0.4,0.0,0.0,0.0,1.0,8.31,-92,96.0,-91.1,85.8,113.2,0.0,0,0,0,0,-69,12.5,255,915.000,782,1,
452748,PRELAUNCH,19,1.0,40.1630593,-74.0806418,25.5,0.0,9.70,-0.40,-0.60,-0.3,0.1,-0.4,0.0,0.0,0.0,1.0,8.31,-102,96.0,-91.1,85.8,113.4,0.0,0,0,0,0,-64,13.5,255,915.000,783,0,
453296,PRELAUNCH,19,1.0,40.1630593,-74.0806418,25.5,0.0,9.70,-0.40,-0.40,0.2,-0.2,0.0,0.0,0.0,0.0,1.0,8.31,-97,96.0,-91.1,85.7,113.5,0.0,0,0,0,0,-69,12.8,255,915.000,784,0,
453826,PRELAUNCH,19,1.0,40.1630593,-74.0806418,25.5,0.0,9.70,-0.40,-0.60,0.1,-0.1,0.0,0.0,0.0,0.0,1.0,8.31,-107,96.0,-90.7,85.9,113.6,0.0,0,0,0,0,-72,12.5,255,915.000,785,0,
454340,PRELAUNCH,19,1.0,40.1630593,-74.0806418,25.5,0.0,9.70,-0.40,-0.60,-0.4,-0.1,-0.2,0.0,0.0,0.0,1.0,8.31,-97,96.0,-90.9,85.8,113.4,0.0,0,0,0,0,-73,12.2,255,915.000,786,0,
454932,PRELAUNCH,19,1.0,40.1630593,-74.0806418,25.5,0.0,9.70,-0.40,-0.50,-0.3,0.0,-0.1,0.0,0.0,0.0,1.0,8.31,-97,96.0,-90.4,85.8,113.1,0.0,0,0,0,0,-68,14.2,255,915.000,787,0,
455466,PRELAUNCH,20,1.0,40.1630593,-74.0806418,25.5,0.0,9.70,-0.40,-0.60,0.3,-0.2,0.1,0.0,0.0,0.0,1.0,8.31,-99,96.0,-90.3,85.8,113.0,0.0,0,0,0,0,-69,13.2,255,915.000,788,0,
456021,PRELAUNCH,20,1.0,40.1630593,-74.0806418,25.5,0.0,9.70,-0.40,-0.50,-0.2,-0.2,-0.2,0.0,0.0,0.0,1.0,8.31,-99,96.0,-90.2,85.8,113.0,0.0,0,0,0,0,-67,12.8,255,915.000,789,0,
456511,PRELAUNCH,20,1.0,40.1630593,-74.0806418,25.5,0.0,9.70,-0.40,-0.50,-0.3,0.1,0.0,0.0,0.0,0.0,1.0,8.31,-99,96.0,-90.1,85.8,113.1,0.0,0,0,0,0,-79,13.5,255,915.000,790,0,
457080,PRELAUNCH,20,1.0,40.1630593,-74.0806418,25.5,0.0,9.70,-0.40,-0.50,0.1,-0.1,-0.1,0.0,0.0,0.0,1.0,8.31,-109,96.0,-90.2,85.8,113.0,0.0,0,0,0,0,-87,12.5,255,915.000,791,0,
457602,PRELAUNCH,19,1.0,40.1630593,-74.0806418,25.5,0.0,9.70,-0.40,-0.50,0.1,-0.3,0.1,0.0,0.0,0.0,1.0,8.31,-91,96.0,-90.1,85.8,112.9,0.0,0,0,0,0,-71,13.5,255,915.000,792,0,
458148,PRELAUNCH,20,1.0,40.1630537,-74.0806450,26.2,0.0,9.70,-0.40,-0.60,0.0,0.0,-0.2,0.0,0.0,0.0,1.0,8.31,-94,96.0,-90.2,85.8,112.9,0.0,0,0,0,0,-70,13.0,255,915.000,793,0,
458669,PRELAUNCH,20,1.0,40.1630537,-74.0806450,26.2,0.0,9.70,-0.40,-0.50,-0.4,0.1,-0.1,0.0,0.0,0.0,1.0,8.31,-97,96.0,-90.1,85.8,112.7,0.0,0,0,0,0,-70,12.0,255,915.000,794,0,
459205,PRELAUNCH,20,1.0,40.1630537,-74.0806450,26.2,0.0,9.70,-0.40,-0.60,-0.4,-0.1,-0.1,0.0,0.0,0.0,1.0,8.31,-99,96.0,-90.2,85.8,113.0,0.0,0,0,0,0,-70,13.8,255,915.000,795,0,
459727,PRELAUNCH,20,1.0,40.1630537,-74.0806450,26.2,0.0,9.70,-0.40,-0.60,-0.1,-0.3,-0.1,0.0,0.0,0.0,1.0,8.31,-89,96.0,-90.2,85.8,112.9,0.0,0,0,0,0,-68,13.2,255,915.000,796,0,
460305,PRELAUNCH,20,1.0,40.1630537,-74.0806450,26.2,0.0,9.70,-0.40,-0.60,-0.2,-0.2,0.0,0.0,0.0,0.0,1.0,8.31,-105,96.0,-90.2,85.8,112.9,0.0,0,0,0,0,-68,12.8,255,915.000,797,0,
460920,PRELAUNCH,20,1.0,40.1630537,-74.0806450,26.2,0.0,9.70,-0.40,-0.50,-0.1,-0.1,-0.1,0.0,0.0,0.0,1.0,8.31,-109,96.0,-90.1,85.8,112.8,0.0,0,0,0,0,-68,13.8,255,915.000,798,0,
461491,PRELAUNCH,19,1.0,40.1630537,-74.0806450,26.2,0.0,9.70,-0.40,-0.50,0.0,0.0,0.0,0.0,0.0,0.0,1.0,8.31,-102,96.0,-90.1,85.8,112.8,0.0,0,0,0,0,-68,12.2,255,915.000,799,0,
461968,PRELAUNCH,20,1.0,40.1630537,-74.0806450,26.2,0.0,9.70,-0.40,-0.60,0.2,-0.2,0.0,0.0,0.0,0.0,1.0,8.31,-96,96.0,-90.1,85.8,112.8,0.0,0,0,0,0,-67,12.5,255,915.000,800,0,
462476,PRELAUNCH,19,1.0,40.1630537,-74.0806450,26.2,0.0,9.70,-0.40,-0.60,-0.3,0.1,-0.1,0.0,0.0,0.0,1.0,8.31,-96,96.0,-90.2,85.8,112.8,0.0,0,0,0,0,-66,12.2,255,915.000,801,0,
463059,PRELAUNCH,20,1.0,40.1630537,-74.0806450,26.2,0.0,9.70,-0.40,-0.50,0.0,0.0,0.0,0.0,0.0,0.0,1.0,8.31,-97,96.0,-90.1,85.9,113.0,0.0,0,0,0,0,-68,12.5,255,915.000,802,0,
463546,PRELAUNCH,20,1.0,40.1630537,-74.0806450,26.2,0.0,9.70,-0.40,-0.50,0.2,-0.2,0.0,0.0,0.0,0.0,1.0,8.31,-99,96.0,-90.1,85.8,112.8,0.0,0,0,0,0,-68,13.8,255,915.000,803,0,
464069,PRELAUNCH,20,1.0,40.1630537,-74.0806450,26.2,0.0,9.70,-0.40,-0.60,0.1,-0.3,0.0,0.0,0.0,0.0,1.0,8.31,-102,96.0,-90.0,85.8,112.8,0.0,0,0,0,0,-71,12.2,255,915.000,804,0,
464638,PRELAUNCH,20,1.0,40.1630537,-74.0806450,26.2,0.0,9.70,-0.40,-0.50,-0.1,-0.1,-0.1,0.0,0.0,0.0,1.0,8.31,-100,96.0,-89.9,85.8,112.6,0.0,0,0,0,0,-71,12.2,255,915.000,805,0,
465207,PRELAUNCH,20,1.0,40.1630537,-74.0806450,26.2,0.0,9.70,-0.40,-0.50,-0.3,0.0,-0.1,0.0,0.0,0.0,1.0,8.31,-101,96.0,-89.8,85.8,112.7,0.0,0,0,0,0,-74,13.0,255,915.000,806,0,
465761,PRELAUNCH,19,1.0,40.1630537,-74.0806450,26.2,0.0,9.70,-0.40,-0.60,0.3,-0.3,-0.1,0.0,0.0,0.0,1.0,8.31,-101,96.0,-89.8,85.9,112.8,0.0,0,0,0,0,-76,12.5,255,915.000,807,0,
466298,PRELAUNCH,19,1.0,40.1630537,-74.0806450,26.2,0.0,9.70,-0.40,-0.50,-0.3,0.0,-0.1,0.0,0.0,0.0,1.0,8.31,-99,96.0,-89.7,85.8,112.7,0.0,0,0,0,0,-74,14.0,255,915.000,808,0,
467015,PRELAUNCH,19,1.0,40.1630537,-74.0806450,26.2,0.0,9.70,-0.40,-0.50,0.4,-0.3,-0.1,0.0,0.0,0.0,1.0,8.31,-95,96.0,-89.7,85.8,112.5,0.0,0,0,0,0,-72,14.2,255,915.000,809,0,
467541,PRELAUNCH,18,1.0,40.1630537,-74.0806450,26.2,0.0,9.70,-0.40,-0.60,0.1,-0.3,-0.1,0.0,0.0,0.0,1.0,8.31,-95,96.0,-89.7,85.8,112.5,0.0,0,0,0,0,-69,13.2,255,915.000,810,0,
468086,PRELAUNCH,20,1.0,40.1630537,-74.0806450,26.2,0.0,9.70,-0.40,-0.60,-0.2,0.0,-0.1,0.0,0.0,0.0,1.0,8.31,-92,96.0,-89.8,85.8,112.6,0.0,0,0,0,0,-75,13.5,255,915.000,811,0,
468585,PRELAUNCH,20,1.0,40.1630537,-74.0806450,26.2,0.0,9.70,-0.40,-0.60,0.0,0.0,-0.1,0.0,0.0,0.0,1.0,8.31,-100,96.0,-89.7,85.8,112.5,0.0,0,0,0,0,-71,14.2,255,915.000,812,0,
469120,PRELAUNCH,19,1.0,40.1630537,-74.0806450,26.2,0.0,9.70,-0.40,-0.50,0.1,-0.1,-0.2,0.0,0.0,0.0,1.0,8.31,-102,96.0,-89.8,85.8,112.5,0.0,0,0,0,0,-68,14.2,255,915.000,813,0,
469712,PRELAUNCH,20,1.0,40.1630537,-74.0806450,26.2,0.0,9.70,-0.40,-0.50,0.0,-0.2,0.0,0.0,0.0,0.0,1.0,8.31,-109,96.0,-89.6,85.8,112.6,0.0,0,0,0,0,-67,12.5,255,915.000,814,0,
470275,PRELAUNCH,20,1.0,40.1630537,-74.0806450,26.2,0.0,9.70,-0.40,-0.60,-0.3,-0.1,-0.1,0.0,0.0,0.0,1.0,8.31,-99,96.0,-89.7,85.8,112.4,0.0,0,0,0,0,-67,12.5,255,915.000,815,0,
470812,PRELAUNCH,19,1.0,40.1630537,-74.0806450,26.2,0.0,9.70,-0.40,-0.60,0.3,-0.2,-0.1,0.0,0.0,0.0,1.0,8.31,-101,96.0,-89.7,85.8,112.4,0.0,0,0,0,0,-66,12.5,255,915.000,816,0,
471337,PRELAUNCH,20,1.0,40.1630537,-74.0806450,26.2,0.0,9.70,-0.40,-0.50,0.3,-0.3,-0.1,0.0,0.0,0.0,1.0,8.31,-99,96.0,-89.7,85.8,112.6,0.0,0,0,0,0,-68,12.8,255,915.000,817,0,
472045,PRELAUNCH,20,1.0,40.1630537,-74.0806450,26.2,0.0,9.70,-0.40,-0.60,0.3,-0.2,-0.1,0.0,0.0,0.0,1.0,8.31,-100,96.0,-89.8,85.8,112.4,0.0,0,0,0,0,-74,14.2,255,915.000,818,0,
472695,PRELAUNCH,21,1.0,40.1630593,-74.0806418,25.5,0.0,9.70,-0.40,-0.40,0.0,0.0,-0.2,0.0,0.0,0.0,1.0,8.31,-115,96.0,-89.8,85.8,112.5,0.0,0,0,0,0,-70,12.5,255,915.000,819,0,
473229,PRELAUNCH,21,1.0,40.1630593,-74.0806418,25.5,0.0,9.70,-0.40,-0.50,0.2,-0.2,0.0,0.0,0.0,0.0,1.0,8.31,-101,96.0,-89.7,85.8,112.6,0.0,0,0,0,0,-54,12.8,255,915.000,820,0,
473763,PRELAUNCH,21,1.0,40.1630593,-74.0806418,25.5,0.0,9.70,-0.40,-0.50,0.1,-0.3,-0.1,0.0,0.0,0.0,1.0,8.31,-97,96.0,-89.8,85.8,112.5,0.0,0,0,0,0,-56,12.5,255,915.000,821,0,
474297,PRELAUNCH,21,1.0,40.1630593,-74.0806418,25.5,0.0,9.70,-0.40,-0.50,-0.1,0.1,-0.1,0.0,0.0,0.0,1.0,8.31,-100,96.0,-89.5,85.8,112.5,0.0,0,0,0,0,-70,12.8,255,915.000,822,0,
474855,PRELAUNCH,20,1.0,40.1630593,-74.0806418,25.5,0.0,9.70,-0.40,-0.50,-0.1,-0.1,-0.1,0.0,0.0,0.0,1.0,8.31,-95,96.0,-89.5,85.8,112.7,0.0,0,0,0,0,-71,13.8,255,915.000,823,0,
475389,PRELAUNCH,21,1.0,40.1630593,-74.0806418,25.5,0.0,9.70,-0.40,-0.50,0.1,-0.3,-0.1,0.0,0.0,0.0,1.0,8.31,-97,96.0,-89.6,85.8,112.4,0.0,0,0,0,0,-73,12.8,255,915.000,824,0,
475923,PRELAUNCH,21,1.0,40.1630593,-74.0806418,25.5,0.0,9.70,-0.50,-0.50,0.3,-0.3,-0.1,0.0,0.0,0.0,1.0,8.31,-99,96.0,-89.4,85.8,112.3,0.0,0,0,0,0,-67,12.5,255,915.000,825,0,
476445,PRELAUNCH,20,1.0,40.1630593,-74.0806418,25.5,0.0,9.70,-0.40,-0.60,0.2,0.0,-0.1,0.0,0.0,0.0,1.0,8.31,-101,96.0,-89.6,85.8,112.4,0.0,0,0,0,0,-71,14.0,255,915.000,826,0,
477000,PRELAUNCH,20,1.0,40.1630593,-74.0806418,25.5,0.0,9.70,-0.40,-0.60,-0.3,0.0,0.0,0.0,0.0,0.0,1.0,8.31,-102,96.0,-89.5,85.8,112.5,0.0,0,0,0,0,-70,12.8,255,915.000,827,0,
477569,PRELAUNCH,21,1.0,40.1630593,-74.0806418,25.5,0.0,9.70,-0.40,-0.60,-0.4,-0.1,-0.1,0.0,0.0,0.0,1.0,8.31,-102,96.0,-89.6,85.8,112.5,0.0,0,0,0,0,-69,13.0,255,915.000,828,0,
478068,PRELAUNCH,20,1.0,40.1630593,-74.0806418,25.5,0.0,9.70,-0.40,-0.40,0.1,-0.3,0.0,0.0,0.0,0.0,1.0,8.31,-97,96.0,-89.8,85.8,112.7,0.0,0,0,0,0,-64,14.2,255,915.000,829,0,
478593,PRELAUNCH,21,1.0,40.1630537,-74.0806450,26.2,0.0,9.70,-0.40,-0.40,0.0,-0.2,0.0,0.0,0.0,0.0,1.0,8.31,-97,96.0,-89.6,85.8,112.5,0.0,0,0,0,0,-67,13.8,255,915.000,830,0,
479127,PRELAUNCH,21,1.0,40.1630537,-74.0806450,26.2,0.0,9.70,-0.50,-0.50,0.0,-0.2,-0.1,0.0,0.0,0.0,1.0,8.31,-99,96.0,-89.6,85.8,112.4,0.0,0,0,0,0,-82,13.2,255,915.000,831,0,
479647,PRELAUNCH,21,1.0,40.1630537,-74.0806450,26.2,0.0,9.70,-0.50,-0.50,0.6,-0.1,-0.1,0.0,0.0,0.0,1.0,8.31,-100,96.0,-89.5,85.9,112.6,0.0,0,0,0,0,-73,13.8,255,915.000,832,0,
480181,PRELAUNCH,19,1.0,40.1630537,-74.0806450,26.2,0.0,9.70,-0.50,-0.60,-0.3,-0.3,-0.2,0.0,0.0,0.0,1.0,8.31,-94,96.0,-89.7,85.8,112.5,0.0,0,0,0,0,-80,12.5,255,915.000,833,0,
480764,PRELAUNCH,21,1.0,40.1630537,-74.0806450,26.2,0.0,9.70,-0.50,-0.60,-0.2,0.0,0.0,0.0,0.0,0.0,1.0,8.31,-95,96.0,-89.4,85.8,112.2,0.0,0,0,0,0,-81,12.2,255,915.000,834,0,
481286,PRELAUNCH,21,1.0,40.1630537,-74.0806450,26.2,0.0,9.70,-0.40,-0.60,0.3,-0.1,-0.1,0.0,0.0,0.0,1.0,8.31,-92,96.0,-89.7,85.8,112.5,0.0,0,0,0,0,-75,12.8,255,915.000,835,0,
482331,PRELAUNCH,20,1.0,40.1630537,-74.0806450,26.2,0.0,9.70,-0.40,-0.60,0.3,-0.2,-0.1,0.0,0.0,0.0,1.0,8.31,-105,96.0,-89.8,85.8,112.6,0.0,0,0,0,0,-69,12.8,255,915.000,837,1,
482842,PRELAUNCH,20,1.0,40.1630537,-74.0806450,26.2,0.0,9.70,-0.50,-0.50,0.0,-0.2,-0.1,0.0,0.0,0.0,1.0,8.31,-97,96.0,-89.9,85.8,112.4,0.0,0,0,0,0,-70,12.8,255,915.000,838,0,
483423,PRELAUNCH,20,1.0,40.1630537,-74.0806450,26.2,0.0,9.70,-0.50,-0.60,0.0,0.0,-0.1,0.0,0.0,0.0,1.0,8.31,-107,96.0,-89.6,85.8,112.3,0.0,0,0,0,0,-70,12.2,255,915.000,839,0,
483980,PRELAUNCH,20,1.0,40.1630537,-74.0806450,26.2,0.0,9.70,-0.40,-0.50,-0.1,-0.1,0.0,0.0,0.0,0.0,1.0,8.31,-100,96.0,-89.7,85.8,112.4,0.0,0,0,0,0,-69,12.5,255,915.000,840,0,
484549,PRELAUNCH,21,1.0,40.1630537,-74.0806450,26.2,0.0,9.70,-0.50,-0.50,0.2,-0.3,0.0,0.0,0.0,0.0,1.0,8.31,-96,96.0,-89.7,85.7,112.3,0.0,0,0,0,0,-67,12.2,255,915.000,841,0,
485026,PRELAUNCH,21,1.0,40.1630537,-74.0806450,26.2,0.0,9.70,-0.40,-0.50,0.3,0.0,-0.1,0.0,0.0,0.0,1.0,8.31,-102,96.0,-89.7,85.8,112.5,0.0,0,0,0,0,-72,13.0,255,915.000,842,0,
485616,PRELAUNCH,20,1.0,40.1630537,-74.0806450,26.2,0.0,9.70,-0.40,-0.50,0.0,0.0,-0.1,0.0,0.0,0.0,1.0,8.31,-99,96.0,-89.8,85.8,112.6,0.0,0,0,0,0,-73,12.2,255,915.000,843,0,
486172,PRELAUNCH,21,1.0,40.1630537,-74.0806450,26.2,0.0,9.70,-0.40,-0.50,0.1,-0.1,0.0,0.0,0.0,0.0,1.0,8.31,-97,96.0,-89.8,85.7,112.5,0.0,0,0,0,0,-68,13.8,255,915.000,844,0,
486671,PRELAUNCH,21,1.0,40.1630537,-74.0806450,26.2,0.0,9.70,-0.40,-0.50,0.3,-0.3,-0.1,0.0,0.0,0.0,1.0,8.31,-101,96.0,-89.8,85.8,112.6,0.0,0,0,0,0,-72,12.8,255,915.000,845,0,
487173,PRELAUNCH,21,1.0,40.1630537,-74.0806450,26.2,0.0,9.70,-0.40,-0.60,-0.2,-0.2,-0.1,0.0,0.0,0.0,1.0,8.31,-99,96.0,-89.7,85.8,112.6,0.0,0,0,0,0,-74,13.2,255,915.000,846,0,
487718,PRELAUNCH,21,1.0,40.1630537,-74.0806450,26.2,0.0,9.70,-0.40,-0.50,-0.1,-0.1,-0.2,0.0,0.0,0.0,1.0,8.31,-100,96.0,-89.8,85.7,112.7,0.0,0,0,0,0,-74,12.0,255,915.000,847,0,
488262,PRELAUNCH,20,1.0,40.1630550,-74.0806483,27.6,0.0,9.70,-0.40,-0.50,0.2,0.0,-0.2,0.0,0.0,0.0,1.0,8.31,-100,96.0,-89.8,85.7,112.6,0.0,0,0,0,0,-66,12.5,255,915.000,848,0,
488810,PRELAUNCH,20,1.0,40.1630550,-74.0806483,27.6,0.0,9.70,-0.40,-0.50,0.2,-0.2,0.0,0.0,0.0,0.0,1.0,8.31,-96,96.0,-89.6,85.8,112.5,0.0,0,0,0,0,-71,13.5,255,915.000,849,0,
489344,PRELAUNCH,20,1.0,40.1630550,-74.0806483,27.6,0.0,9.70,-0.40,-0.50,0.1,-0.1,-0.1,0.0,0.0,0.0,1.0,8.31,-99,96.0,-89.7,85.8,112.7,0.0,0,0,0,0,-68,13.2,255,915.000,850,0,
489899,PRELAUNCH,21,1.0,40.1630550,-74.0806483,27.6,0.0,9.70,-0.40,-0.50,0.0,-0.2,-0.1,0.0,0.0,0.0,1.0,8.31,-105,96.0,-89.8,85.8,112.5,0.0,0,0,0,0,-68,14.0,255,915.000,851,0,
490436,PRELAUNCH,21,1.0,40.1630550,-74.0806483,27.6,0.0,9.70,-0.40,-0.50,0.0,-0.2,-0.1,0.0,0.0,0.0,1.0,8.31,-101,96.0,-89.6,85.8,112.7,0.0,0,0,0,0,-67,13.2,255,915.000,852,0,
490932,PRELAUNCH,20,1.0,40.1630550,-74.0806483,27.6,0.0,9.70,-0.40,-0.50,0.0,-0.2,-0.1,0.0,0.0,0.0,1.0,8.31,-95,96.0,-89.8,85.8,112.5,0.0,0,0,0,0,-62,12.8,255,915.000,853,0,
491469,PRELAUNCH,21,1.0,40.1630550,-74.0806483,27.6,0.0,9.70,-0.40,-0.50,-0.1,-0.1,-0.1,0.0,0.0,0.0,1.0,8.31,-99,95.0,-89.6,85.8,112.5,0.0,0,0,0,0,-68,14.2,255,915.000,854,0,
492000,PRELAUNCH,21,1.0,40.1630606,-74.0806450,26.9,0.0,9.70,-0.40,-0.50,0.1,-0.3,-0.1,0.0,0.0,0.0,1.0,8.31,-102,96.0,-89.7,85.8,112.7,0.0,0,0,0,0,-64,13.2,255,915.000,855,0,
492548,PRELAUNCH,20,1.0,40.1630606,-74.0806450,26.9,0.0,9.70,-0.40,-0.50,0.1,-0.1,-0.1,0.0,0.0,0.0,1.0,8.31,-100,96.0,-89.8,85.8,112.5,0.0,0,0,0,0,-67,12.5,255,915.000,856,0,
493048,PRELAUNCH,20,1.0,40.1630537,-74.0806450,26.2,0.0,9.70,-0.50,-0.50,-0.2,0.0,-0.1,0.0,0.0,0.0,1.0,8.31,-100,96.0,-89.8,85.8,112.6,0.0,0,0,0,0,-70,12.5,255,915.000,857,0,
493570,PRELAUNCH,21,1.0,40.1630537,-74.0806450,26.2,0.0,9.70,-0.40,-0.60,0.0,0.0,-0.1,0.0,0.0,0.0,1.0,8.31,-109,96.0,-89.8,85.8,112.4,0.0,0,0,0,0,-68,13.0,255,915.000,858,0,
494081,PRELAUNCH,21,1.0,40.1630537,-74.0806450,26.2,0.0,9.70,-0.50,-0.50,0.1,-0.1,-0.1,0.0,0.0,0.0,1.0,8.31,-92,96.0,-89.8,85.8,112.6,0.0,0,0,0,0,-72,13.2,255,915.000,859,0,
494638,PRELAUNCH,21,1.0,40.1630537,-74.0806450,26.2,0.0,9.70,-0.40,-0.60,0.1,-0.1,0.0,0.0,0.0,0.0,1.0,8.31,-101,96.0,-89.8,85.8,112.6,0.0,0,0,0,0,-77,13.0,255,915.000,860,0,
495138,PRELAUNCH,20,1.0,40.1630553,-74.0806563,26.0,0.0,9.70,-0.50,-0.50,-0.1,0.1,-0.1,0.0,0.0,0.0,1.0,8.31,-95,96.0,-89.8,85.8,112.5,0.0,0,0,0,0,-75,12.8,255,915.000,861,0,
495684,PRELAUNCH,21,1.0,40.1630553,-74.0806563,26.0,0.0,9.70,-0.40,-0.50,-0.1,-0.1,31.1,0.0,0.0,0.0,1.0,8.31,-94,96.0,-89.8,85.7,112.6,0.0,0,0,0,0,-76,12.8,255,915.000,862,0,
496182,PRELAUNCH,20,1.0,40.1630553,-74.0806563,26.0,0.0,9.70,-0.40,-0.60,0.0,0.0,0.0,0.0,0.0,0.0,1.0,8.31,-102,96.0,-89.8,85.8,112.6,0.0,0,0,0,0,-72,12.8,255,915.000,863,0,
496740,PRELAUNCH,20,1.0,40.1630553,-74.0806563,26.0,0.0,9.70,-0.40,-0.50,-0.2,-0.2,-0.2,0.0,0.0,0.0,1.0,8.31,-95,96.0,-89.8,85.8,112.8,0.0,0,0,0,0,-75,14.2,255,915.000,864,0,
497378,PRELAUNCH,21,1.0,40.1630553,-74.0806563,26.0,0.0,9.70,-0.40,-0.50,-0.1,-0.3,-0.2,0.0,0.0,0.0,1.0,8.31,-97,96.0,-89.9,85.8,112.8,0.0,0,0,0,0,-72,12.2,255,915.000,865,0,
497843,PRELAUNCH,20,1.0,40.1630537,-74.0806450,26.2,0.0,9.70,-0.40,-0.50,0.2,-0.2,-0.1,0.0,0.0,0.0,1.0,8.31,-99,96.0,-89.8,85.7,112.7,0.0,0,0,0,0,-73,12.2,255,915.000,866,0,
498423,PRELAUNCH,20,1.0,40.1630537,-74.0806450,26.2,0.0,9.70,-0.50,-0.50,0.4,-0.1,-0.1,0.0,0.0,0.0,1.0,8.31,-105,96.0,-89.8,85.8,112.8,0.0,0,0,0,0,-71,12.8,255,915.000,867,0,
498922,PRELAUNCH,21,1.0,40.1630469,-74.0806450,25.6,0.0,9.70,-0.30,-0.50,-0.1,-0.1,0.0,0.0,0.0,0.0,1.0,8.31,-97,96.0,-89.8,85.8,112.8,0.0,0,0,0,0,-72,12.0,255,915.000,868,0,
499421,PRELAUNCH,21,1.0,40.1630469,-74.0806450,25.6,0.0,9.70,-0.50,-0.40,0.0,0.0,-0.1,0.0,0.0,0.0,1.0,8.31,-94,96.0,-89.9,85.8,112.8,0.0,0,0,0,0,-74,14.2,255,915.000,869,0,
499944,PRELAUNCH,21,1.0,40.1630469,-74.0806450,25.6,0.0,9.70,-0.40,-0.50,0.2,0.0,-0.1,0.0,0.0,0.0,1.0,8.31,-109,96.0,-89.9,85.7,112.7,0.0,0,0,0,0,-75,12.5,255,915.000,870,0,
500478,PRELAUNCH,21,1.0,40.1630469,-74.0806450,25.6,0.0,9.70,-0.40,-0.50,0.2,-0.2,-0.2,0.0,0.0,0.0,1.0,8.31,-104,96.0,-90.0,85.8,112.7,0.0,0,0,0,0,-73,12.5,255,915.000,871,0,
500978,PRELAUNCH,21,1.0,40.1630469,-74.0806450,25.6,0.0,9.70,-0.40,-0.60,0.0,0.0,-0.1,0.0,0.0,0.0,1.0,8.31,-101,96.0,-89.9,85.9,112.8,0.0,0,0,0,0,-73,12.5,255,915.000,872,0,
501534,PRELAUNCH,21,1.0,40.1630400,-74.0806450,24.9,0.0,9.70,-0.40,-0.50,0.0,-0.2,-0.1,0.0,0.0,0.0,1.0,8.31,-99,96.0,-90.0,85.7,112.7,0.0,0,0,0,0,-75,12.2,255,915.000,873,0,
502179,PRELAUNCH,21,1.0,40.1630400,-74.0806450,24.9,0.0,9.70,-0.40,-0.50,0.2,-0.2,-0.1,0.0,0.0,0.0,1.0,8.31,-102,96.0,-90.2,85.8,112.9,0.0,0,0,0,0,-76,12.5,255,915.000,874,0,
502739,PRELAUNCH,21,1.0,40.1630456,-74.0806418,24.2,0.0,9.70,-0.40,-0.60,-0.2,-0.2,-0.2,0.0,0.0,0.0,1.0,8.31,-99,96.0,-90.1,85.8,112.7,0.0,0,0,0,0,-75,13.2,255,915.000,875,0,
503218,PRELAUNCH,21,1.0,40.1630456,-74.0806418,24.2,0.0,9.70,-0.40,-0.60,0.2,-0.3,-0.1,0.0,0.0,0.0,1.0,8.31,-95,96.0,-90.2,85.8,113.1,0.0,0,0,0,0,-71,12.2,255,915.000,876,0,
503821,PRELAUNCH,21,1.0,40.1630456,-74.0806418,24.2,0.0,9.70,-0.40,-0.40,-0.2,-0.2,-0.2,0.0,0.0,0.0,1.0,8.31,-95,96.0,-90.3,85.8,113.0,0.0,0,0,0,0,-67,12.8,255,915.000,877,0,
504355,PRELAUNCH,21,1.0,40.1630456,-74.0806418,24.2,0.0,9.70,-0.40,-0.50,0.2,-0.2,-0.1,0.0,0.0,0.0,1.0,8.31,-107,96.0,-90.2,85.8,113.1,0.0,0,0,0,0,-67,12.2,255,915.000,878,0,
504855,PRELAUNCH,21,1.0,40.1630456,-74.0806418,24.2,0.0,9.70,-0.40,-0.50,0.1,-0.1,-0.2,0.0,0.0,0.0,1.0,8.31,-99,96.0,-90.2,85.8,112.9,0.0,0,0,0,0,-66,13.0,255,915.000,879,0,
505422,PRELAUNCH,20,1.0,40.1630456,-74.0806418,24.2,0.0,9.70,-0.50,-0.50,0.0,-0.2,-0.1,0.0,0.0,0.0,1.0,8.31,-101,96.0,-90.2,85.7,112.9,0.0,0,0,0,0,-71,14.0,255,915.000,880,0,
505994,PRELAUNCH,20,1.0,40.1630456,-74.0806418,24.2,0.0,9.70,-0.40,-0.60,-0.1,-0.1,-0.1,0.0,0.0,0.0,1.0,8.31,-100,96.0,-90.0,85.8,113.0,0.0,0,0,0,0,-64,13.0,255,915.000,881,0,
506550,PRELAUNCH,21,1.0,40.1630456,-74.0806418,24.2,0.0,9.70,-0.40,-0.50,0.2,-0.2,-0.1,0.0,0.0,0.0,1.0,8.31,-95,96.0,-90.2,85.7,112.9,0.0,0,0,0,0,-70,12.5,255,915.000,882,0,
507084,PRELAUNCH,20,1.0,40.1630387,-74.0806418,23.6,0.0,9.70,-0.40,-0.50,-0.2,0.0,0.0,0.0,0.0,0.0,1.0,8.31,-94,96.0,-90.0,85.8,112.7,0.0,0,0,0,0,-73,12.8,255,915.000,883,0,
507628,PRELAUNCH,20,1.0,40.1630443,-74.0806386,22.8,0.0,9.70,-0.40,-0.50,-0.2,0.0,-0.1,0.0,0.0,0.0,1.0,8.31,-106,96.0,-90.2,85.8,113.0,0.0,0,0,0,0,-71,13.0,255,915.000,884,0,
508161,PRELAUNCH,19,1.0,40.1630443,-74.0806386,22.8,0.0,9.70,-0.40,-0.50,-0.1,-0.1,-0.1,0.0,0.0,0.0,1.0,8.31,-105,96.0,-90.1,85.8,112.9,0.0,0,0,0,0,-67,12.5,255,915.000,885,0,
508627,PRELAUNCH,20,1.0,40.1630443,-74.0806386,22.8,0.0,9.70,-0.40,-0.60,0.1,-0.3,0.0,0.0,0.0,0.0,1.0,8.31,-107,96.0,-90.1,85.7,112.9,0.0,0,0,0,0,-67,12.8,255,915.000,886,0,
509185,PRELAUNCH,20,1.0,40.1630443,-74.0806386,22.8,0.0,9.70,-0.40,-0.50,0.2,-0.2,-0.1,0.0,0.0,0.0,1.0,8.31,-91,96.0,-90.1,85.7,112.9,0.0,0,0,0,0,-68,14.2,255,915.000,887,0,
509705,PRELAUNCH,20,1.0,40.1630443,-74.0806386,22.8,0.0,9.70,-0.40,-0.50,0.0,0.0,0.0,0.0,0.0,0.0,1.0,8.31,-92,96.0,-90.0,85.8,112.8,0.0,0,0,0,0,-68,13.5,255,915.000,888,0,
510213,PRELAUNCH,20,1.0,40.1630443,-74.0806386,22.8,0.0,9.70,-0.40,-0.60,0.0,0.0,0.0,0.0,0.0,0.0,1.0,8.31,-106,96.0,-90.1,85.8,112.7,0.0,0,0,0,0,-70,12.5,255,915.000,889,0,
510811,PRELAUNCH,22,1.0,40.1630443,-74.0806386,22.8,0.0,9.70,-0.40,-0.50,0.3,-0.3,-0.1,0.0,0.0,0.0,1.0,8.31,-101,96.0,-90.0,85.8,112.8,0.0,0,0,0,0,-67,12.5,255,915.000,890,0,
511404,PRELAUNCH,22,1.0,40.1630443,-74.0806386,22.8,0.0,9.70,-0.40,-0.50,-0.1,-0.1,0.0,0.0,0.0,0.0,1.0,8.31,-101,96.0,-90.0,85.8,112.7,0.0,0,0,0,0,-67,12.2,255,915.000,891,0,
512482,PRELAUNCH,21,1.0,40.1630443,-74.0806386,22.8,0.0,9.70,-0.40,-0.50,0.0,-0.2,-0.1,0.0,0.0,0.0,1.0,8.31,-99,96.0,-90.1,85.7,112.7,0.0,0,0,0,0,-70,12.2,255,915.000,893,1,
513063,PRELAUNCH,22,1.0,40.1630443,-74.0806386,22.8,0.0,9.70,-0.40,-0.50,-0.1,-0.1,-0.1,0.0,0.0,0.0,1.0,8.31,-100,95.0,-90.1,85.9,113.1,0.0,0,0,0,0,-71,13.8,255,915.000,894,0,
513586,PRELAUNCH,22,1.0,40.1630443,-74.0806386,22.8,0.0,9.70,-0.40,-0.50,0.0,0.0,-0.1,0.0,0.0,0.0,1.0,8.31,-91,96.0,-90.3,85.8,112.9,0.0,0,0,0,0,-72,12.8,255,915.000,895,0,
514094,PRELAUNCH,21,1.0,40.1630443,-74.0806386,22.8,0.0,9.70,-0.40,-0.50,0.1,-0.1,0.0,0.0,0.0,0.0,1.0,8.31,-95,96.0,-90.1,85.8,113.0,0.0,0,0,0,0,-69,13.5,255,915.000,896,0,
514697,PRELAUNCH,22,1.0,40.1630443,-74.0806386,22.8,0.0,9.70,-0.40,-0.60,-0.1,-0.3,-0.1,0.0,0.0,0.0,1.0,8.31,-102,96.0,-90.2,85.7,112.9,0.0,0,0,0,0,-85,12.0,255,915.000,897,0,
515176,PRELAUNCH,21,1.0,40.1630443,-74.0806386,22.8,0.0,9.70,-0.50,-0.50,0.0,-0.2,-0.1,0.0,0.0,0.0,1.0,8.31,-101,96.0,-90.2,85.8,112.9,0.0,0,0,0,0,-81,12.8,255,915.000,898,0,
515730,PRELAUNCH,21,1.0,40.1630443,-74.0806386,22.8,0.0,9.70,-0.40,-0.50,0.0,-0.2,-0.1,0.0,0.0,0.0,1.0,8.31,-112,96.0,-90.1,85.8,112.9,0.0,0,0,0,0,-75,13.2,255,915.000,899,0,
516232,PRELAUNCH,20,1.0,40.1630443,-74.0806386,22.8,0.0,9.70,-0.50,-0.50,0.0,0.0,-0.1,0.0,0.0,0.0,1.0,8.31,-97,96.0,-90.2,85.8,112.9,0.0,0,0,0,0,-72,12.2,255,915.000,900,0,
516762,PRELAUNCH,21,1.0,40.1630443,-74.0806386,22.8,0.0,9.70,-0.40,-0.50,0.0,0.2,0.1,0.0,0.0,0.0,1.0,8.31,-92,96.0,-89.9,85.8,112.8,0.0,0,0,0,0,-74,12.8,255,915.000,901,0,
517243,PRELAUNCH,20,1.0,40.1630511,-74.0806386,23.5,0.0,9.70,-0.50,-0.50,0.3,-0.1,-0.2,0.0,0.0,0.0,1.0,8.31,-97,96.0,-90.2,85.8,112.9,0.0,0,0,0,0,-70,12.2,255,915.000,902,0,
517846,PRELAUNCH,21,1.0,40.1630511,-74.0806386,23.5,0.0,9.70,-0.50,-0.50,-0.3,0.0,-0.4,0.0,0.0,0.0,1.0,8.27,-110,95.0,-90.1,85.8,112.9,0.0,0,0,0,0,-68,14.5,255,915.000,903,0,
518392,PRELAUNCH,22,1.0,40.1630511,-74.0806386,23.5,0.0,9.70,-0.40,-0.50,0.0,-0.3,-0.2,0.0,0.0,0.0,1.0,8.31,-99,96.0,-90.2,85.8,112.9,0.0,0,0,0,0,-69,14.0,255,915.000,904,0,
518914,PRELAUNCH,21,1.0,40.1630511,-74.0806386,23.5,0.0,9.70,-0.40,-0.40,0.3,-0.3,-0.1,0.0,0.0,0.0,1.0,8.31,-96,96.0,-90.2,85.8,113.0,0.0,0,0,0,0,-55,12.8,255,915.000,905,0,
519402,PRELAUNCH,20,1.0,40.1630511,-74.0806386,23.5,0.0,9.70,-0.50,-0.60,0.0,0.0,0.0,0.0,0.0,0.0,1.0,8.31,-107,96.0,-90.2,85.8,112.9,0.0,0,0,0,0,-56,12.2,255,915.000,906,0,
519983,PRELAUNCH,22,1.0,40.1630443,-74.0806386,22.8,0.0,9.70,-0.40,-0.50,-0.3,0.1,-0.2,0.0,0.0,0.0,1.0,8.31,-101,96.0,-90.2,85.8,112.9,0.0,0,0,0,0,-56,12.8,255,915.000,907,0,
520517,PRELAUNCH,21,1.0,40.1630443,-74.0806386,22.8,0.0,9.70,-0.40,-0.50,0.0,0.0,-0.1,0.0,0.0,0.0,1.0,8.31,-101,96.0,-90.5,85.8,113.1,0.0,0,0,0,0,-58,13.0,255,915.000,908,0,
521016,PRELAUNCH,22,1.0,40.1630443,-74.0806386,22.8,0.0,9.70,-0.40,-0.50,0.4,-0.1,-0.1,0.0,0.0,0.0,1.0,8.31,-99,96.0,-90.2,85.8,112.9,0.0,0,0,0,0,-62,13.0,255,915.000,909,0,
521620,PRELAUNCH,21,1.0,40.1630443,-74.0806386,22.8,0.0,9.70,-0.40,-0.50,0.2,-0.2,0.0,0.0,0.0,0.0,1.0,8.31,-99,96.0,-90.3,85.8,113.1,0.0,0,0,0,0,-63,12.2,255,915.000,910,0,
522165,PRELAUNCH,20,1.0,40.1630443,-74.0806386,22.8,0.0,9.70,-0.50,-0.50,-0.1,0.1,-0.1,0.0,0.0,0.0,1.0,8.31,-100,96.0,-90.4,85.8,112.8,0.0,0,0,0,0,-58,13.0,255,915.000,911,0,
522742,PRELAUNCH,20,1.0,40.1630443,-74.0806386,22.8,0.0,9.70,-0.40,-0.60,-0.1,-0.1,-0.1,0.0,0.0,0.0,1.0,8.31,-101,96.0,-90.2,85.8,113.1,0.0,0,0,0,0,-60,14.2,255,915.000,912,0,
523265,PRELAUNCH,22,1.0,40.1630443,-74.0806386,22.8,0.0,9.70,-0.50,-0.50,-0.5,0.0,-0.2,0.0,0.0,0.0,1.0,8.31,-100,96.0,-90.4,85.8,113.1,0.0,0,0,0,0,-66,12.5,255,915.000,913,0,
523802,PRELAUNCH,20,1.0,40.1630443,-74.0806386,22.8,0.0,9.70,-0.40,-0.50,-0.3,0.0,0.0,0.0,0.0,0.0,1.0,8.31,-95,96.0,-90.3,85.8,113.2,0.0,0,0,0,0,-66,12.5,255,915.000,914,0,
524371,PRELAUNCH,20,1.0,40.1630443,-74.0806386,22.8,0.0,9.70,-0.40,-0.50,0.4,-0.1,-0.2,0.0,0.0,0.0,1.0,8.31,-102,96.0,-90.5,85.8,113.2,0.0,0,0,0,0,-66,12.5,255,915.000,915,0,
524926,PRELAUNCH,22,1.0,40.1630443,-74.0806386,22.8,0.0,9.70,-0.40,-0.60,-0.1,-0.3,0.0,0.0,0.0,0.0,1.0,8.31,-96,95.0,-90.7,85.8,113.1,0.0,0,0,0,0,-66,12.5,255,915.000,916,0,
525451,PRELAUNCH,20,1.0,40.1630443,-74.0806386,22.8,0.0,9.70,-0.30,-0.50,0.6,-0.3,-0.1,0.0,0.0,0.0,1.0,8.31,-97,95.0,-90.5,85.8,113.1,0.0,0,0,0,0,-66,12.2,255,915.000,917,0,
525973,PRELAUNCH,20,1.0,40.1630443,-74.0806386,22.8,0.0,9.70,-0.40,-0.50,-0.2,-0.2,0.0,0.0,0.0,0.0,1.0,8.31,-91,96.0,-90.5,85.8,113.1,0.0,0,0,0,0,-65,13.0,255,915.000,918,0,
526539,PRELAUNCH,20,1.0,40.1630443,-74.0806386,22.8,0.0,9.70,-0.40,-0.50,-0.8,0.1,-0.1,0.0,0.0,0.0,1.0,8.27,-97,95.0,-90.7,85.8,113.2,0.0,0,0,0,0,-65,12.8,255,915.000,919,0,
527285,PRELAUNCH,21,1.0,40.1630443,-74.0806386,22.8,0.0,9.70,-0.40,-0.50,0.3,-0.3,-0.1,0.0,0.0,0.0,1.0,8.31,-99,96.0,-91.0,85.7,113.4,0.0,0,0,0,0,-66,12.5,255,915.000,920,0,
527805,PRELAUNCH,21,1.0,40.1630443,-74.0806386,22.8,0.0,9.70,-0.40,-0.50,-0.3,-0.1,-0.2,0.0,0.0,0.0,1.0,8.31,-99,96.0,-90.6,85.8,113.3,0.0,0,0,0,0,-68,12.8,255,915.000,921,0,
528365,PRELAUNCH,21,1.0,40.1630443,-74.0806386,22.8,0.0,9.70,-0.40,-0.50,0.0,-0.2,-0.1,0.0,0.0,0.0,1.0,8.31,-97,96.0,-90.4,85.8,113.3,0.0,0,0,0,0,-67,12.2,255,915.000,922,0,
528922,PRELAUNCH,20,1.0,40.1630443,-74.0806386,22.8,0.0,9.70,-0.40,-0.50,0.1,-0.3,-0.2,0.0,0.0,0.0,1.0,8.31,-100,96.0,-90.5,85.8,113.2,0.0,0,0,0,0,-69,13.2,255,915.000,923,0,
529477,PRELAUNCH,21,1.0,40.1630443,-74.0806386,22.8,0.0,9.70,-0.40,-0.40,-0.1,-0.1,-0.1,0.0,0.0,0.0,1.0,8.31,-97,96.0,-90.3,85.8,113.0,0.0,0,0,0,0,-68,13.5,255,915.000,924,0,
530037,PRELAUNCH,21,1.0,40.1630443,-74.0806386,22.8,0.0,9.70,-0.40,-0.60,0.0,0.0,0.0,0.0,0.0,0.0,1.0,8.31,-95,96.0,-90.1,85.8,113.1,0.0,0,0,0,0,-70,12.5,255,915.000,925,0,
530556,PRELAUNCH,21,1.0,40.1630443,-74.0806386,22.8,0.0,9.70,-0.40,-0.50,-0.3,-0.1,-0.1,0.0,0.0,0.0,1.0,8.31,-96,96.0,-90.3,85.8,113.1,0.0,0,0,0,0,-70,12.2,255,915.000,926,0,
531070,PRELAUNCH,22,1.0,40.1630443,-74.0806386,22.8,0.0,9.70,-0.40,-0.50,-0.1,-0.1,-0.1,0.0,0.0,0.0,1.0,8.31,-95,96.0,-90.3,85.8,113.2,0.0,0,0,0,0,-68,12.8,255,915.000,927,0,
531627,PRELAUNCH,21,1.0,40.1630443,-74.0806386,22.8,0.0,9.70,-0.40,-0.50,0.2,-0.2,-0.1,0.0,0.0,0.0,1.0,8.31,-99,96.0,-90.2,85.7,113.1,0.0,0,0,0,0,-71,12.8,255,915.000,928,0,
532310,PRELAUNCH,22,1.0,40.1630443,-74.0806386,22.8,0.0,9.70,-0.40,-0.50,-0.1,-0.1,-0.2,0.0,0.0,0.0,1.0,8.31,-95,96.0,-90.1,85.8,113.1,0.0,0,0,0,0,-70,12.0,255,915.000,929,0,
532858,PRELAUNCH,22,1.0,40.1630443,-74.0806386,22.8,0.0,9.70,-0.40,-0.50,-0.2,-0.2,-0.1,0.0,0.0,0.0,1.0,8.31,-99,96.0,-90.1,85.7,112.9,0.0,0,0,0,0,-68,13.5,255,915.000,930,0,
533334,PRELAUNCH,22,1.0,40.1630443,-74.0806386,22.8,0.0,9.70,-0.40,-0.50,0.0,-0.2,0.0,0.0,0.0,0.0,1.0,8.31,-104,96.0,-89.9,85.7,112.8,0.0,0,0,0,0,-69,12.5,255,915.000,931,0,
533891,PRELAUNCH,22,1.0,40.1630443,-74.0806386,22.8,0.0,9.70,-0.40,-0.50,0.1,-0.1,-0.1,0.0,0.0,0.0,1.0,8.31,-106,96.0,-89.9,85.8,112.9,0.0,0,0,0,0,-71,14.0,255,915.000,932,0,
534457,PRELAUNCH,22,1.0,40.1630511,-74.0806386,23.5,0.0,9.70,-0.40,-0.50,0.0,0.0,-0.1,0.0,0.0,0.0,1.0,8.27,-95,95.0,-89.5,85.8,112.4,0.0,0,0,0,0,-71,12.8,255,915.000,933,0,
535017,PRELAUNCH,22,1.0,40.1630511,-74.0806386,23.5,0.0,9.70,-0.40,-0.50,-0.1,-0.1,-0.1,0.0,0.0,0.0,1.0,8.31,-95,96.0,-89.6,85.8,112.4,0.0,0,0,0,0,-68,14.0,255,915.000,934,0,
535517,PRELAUNCH,21,1.0,40.1630511,-74.0806386,23.5,0.0,9.70,-0.40,-0.50,0.0,-0.2,-0.1,0.0,0.0,0.0,1.0,8.31,-102,96.0,-89.7,85.8,112.7,0.0,0,0,0,0,-71,12.8,255,915.000,935,0,
536074,PRELAUNCH,22,1.0,40.1630511,-74.0806386,23.5,0.0,9.70,-0.40,-0.50,0.1,-0.1,0.0,0.0,0.0,0.0,1.0,8.31,-95,95.0,-89.8,85.8,112.5,0.0,0,0,0,0,-71,12.5,255,915.000,936,0,
536631,PRELAUNCH,22,1.0,40.1630511,-74.0806386,23.5,0.0,9.70,-0.40,-0.50,-0.2,0.0,0.0,0.0,0.0,0.0,1.0,8.27,-101,95.0,-89.8,85.8,112.6,0.0,0,0,0,0,-71,13.5,255,915.000,937,0,
537174,PRELAUNCH,22,1.0,40.1630511,-74.0806386,23.5,0.0,9.70,-0.40,-0.50,0.3,-0.1,-0.1,0.0,0.0,0.0,1.0,8.31,-96,95.0,-89.9,85.7,112.6,0.0,0,0,0,0,-73,12.2,255,915.000,938,0,
537665,PRELAUNCH,22,1.0,40.1630511,-74.0806386,23.5,0.0,9.70,-0.40,-0.60,0.1,-0.1,-0.1,0.0,0.0,0.0,1.0,8.31,-99,95.0,-89.9,85.8,112.8,0.0,0,0,0,0,-71,14.2,255,915.000,939,0,
538210,PRELAUNCH,22,1.0,40.1630511,-74.0806386,23.5,0.0,9.70,-0.40,-0.50,0.1,-0.1,-0.2,0.0,0.0,0.0,1.0,8.31,-100,96.0,-89.9,85.8,112.6,0.0,0,0,0,0,-72,13.5,255,915.000,940,0,
538814,PRELAUNCH,22,1.0,40.1630511,-74.0806386,23.5,0.0,9.70,-0.40,-0.50,0.1,0.1,-0.1,0.0,0.0,0.0,1.0,8.31,-95,96.0,-89.9,85.8,112.5,0.0,0,0,0,0,-71,14.0,255,915.000,941,0,
539345,PRELAUNCH,22,1.0,40.1630511,-74.0806386,23.5,0.0,9.70,-0.40,-0.50,0.1,-0.3,-0.1,0.0,0.0,0.0,1.0,8.31,-104,95.0,-89.9,85.8,112.8,0.0,0,0,0,0,-72,12.2,255,915.000,942,0,
539902,PRELAUNCH,21,1.0,40.1630511,-74.0806386,23.5,0.0,9.70,-0.40,-0.60,-0.1,0.1,-0.1,0.0,0.0,0.0,1.0,8.31,-101,96.0,-89.8,85.8,112.5,0.0,0,0,0,0,-71,14.0,255,915.000,943,0,
540462,PRELAUNCH,21,1.0,40.1630511,-74.0806386,23.5,0.0,9.70,-0.40,-0.50,-0.4,0.1,-0.1,0.0,0.0,0.0,1.0,8.31,-105,95.0,-89.7,85.8,112.8,0.0,0,0,0,0,-71,13.0,255,915.000,944,0,
540997,PRELAUNCH,22,1.0,40.1630511,-74.0806386,23.5,0.0,9.70,-0.30,-0.40,0.3,-0.3,0.0,0.0,0.0,0.0,1.0,8.31,-99,96.0,-89.7,85.8,112.7,0.0,0,0,0,0,-71,12.5,255,915.000,945,0,
541566,PRELAUNCH,21,1.0,40.1630511,-74.0806386,23.5,0.0,9.70,-0.40,-0.60,-0.3,-0.1,-0.1,0.0,0.0,0.0,1.0,8.27,-100,95.0,-89.7,85.8,112.5,0.0,0,0,0,0,-72,12.5,255,915.000,946,0,
542622,PRELAUNCH,21,1.0,40.1630583,-74.0806467,22.5,0.0,9.70,-0.40,-0.60,-0.2,-0.2,0.0,0.0,0.0,0.0,1.0,8.31,-111,95.0,-89.6,85.8,112.6,0.0,0,0,0,0,-71,13.8,255,915.000,948,1,
543180,PRELAUNCH,22,1.0,40.1630583,-74.0806467,22.5,0.0,9.70,-0.40,-0.50,0.0,0.0,0.0,0.0,0.0,0.0,1.0,8.31,-97,96.0,-89.6,85.8,112.5,0.0,0,0,0,0,-71,14.2,255,915.000,949,0,
543690,PRELAUNCH,22,1.0,40.1630583,-74.0806467,22.5,0.0,9.70,-0.40,-0.60,-0.3,0.0,0.0,0.0,0.0,0.0,1.0,8.31,-105,95.0,-89.5,85.8,112.3,0.0,0,0,0,0,-67,12.5,255,915.000,950,0,
544213,PRELAUNCH,22,1.0,40.1630583,-74.0806467,22.5,0.0,9.70,-0.40,-0.50,-0.3,0.1,-0.1,0.0,0.0,0.0,1.0,8.31,-100,96.0,-89.8,85.8,112.6,0.0,0,0,0,0,-70,12.8,255,915.000,951,0,
544723,PRELAUNCH,22,1.0,40.1630583,-74.0806467,22.5,0.0,9.70,-0.40,-0.50,0.1,-0.1,-0.1,0.0,0.0,0.0,1.0,8.27,-105,95.0,-89.9,85.7,112.6,0.0,0,0,0,0,-68,13.8,255,915.000,952,0,
545347,PRELAUNCH,22,1.0,40.1630583,-74.0806467,22.5,0.0,9.70,-0.40,-0.50,0.1,0.1,0.1,0.0,0.0,0.0,1.0,8.27,-100,95.0,-89.8,85.8,112.6,0.0,0,0,0,0,-87,12.5,255,915.000,953,0,
545884,PRELAUNCH,22,1.0,40.1630583,-74.0806467,22.5,0.0,9.70,-0.40,-0.50,-0.1,-0.1,-0.2,0.0,0.0,0.0,1.0,8.27,-96,95.0,-89.8,85.8,112.6,0.0,0,0,0,0,-75,13.2,255,915.000,954,0,
546395,PRELAUNCH,22,1.0,40.1630583,-74.0806467,22.5,0.0,9.70,-0.40,-0.50,0.0,-0.3,-0.1,0.0,0.0,0.0,1.0,8.31,-97,96.0,-89.8,85.8,112.6,0.0,0,0,0,0,-72,14.0,255,915.000,955,0,
546998,PRELAUNCH,22,1.0,40.1630583,-74.0806467,22.5,0.0,9.70,-0.40,-0.50,-0.2,0.0,0.0,0.0,0.0,0.0,1.0,8.31,-99,95.0,-89.5,85.8,112.5,0.0,0,0,0,0,-73,12.8,255,915.000,956,0,
547533,PRELAUNCH,22,1.0,40.1630583,-74.0806467,22.5,0.0,9.70,-0.40,-0.50,0.1,-0.3,-0.1,0.0,0.0,0.0,1.0,8.27,-107,95.0,-89.7,85.8,112.6,0.0,0,0,0,0,-77,13.0,255,915.000,957,0,
548122,PRELAUNCH,22,1.0,40.1630583,-74.0806467,22.5,0.0,9.70,-0.40,-0.50,0.0,-0.2,-0.1,0.0,0.0,0.0,1.0,8.31,-97,96.0,-89.7,85.9,112.6,0.0,0,0,0,0,-74,12.8,255,915.000,958,0,
548630,PRELAUNCH,21,1.0,40.1630583,-74.0806467,22.5,0.0,9.70,-0.40,-0.50,0.0,-0.2,0.0,0.0,0.0,0.0,1.0,8.31,-102,96.0,-89.7,85.8,112.4,0.0,0,0,0,0,-91,12.0,255,915.000,959,0,
549190,PRELAUNCH,21,1.0,40.1630583,-74.0806467,22.5,0.0,9.70,-0.40,-0.50,0.0,0.0,-0.2,0.0,0.0,0.0,1.0,8.31,-95,96.0,-89.6,85.8,112.5,0.0,0,0,0,0,-63,12.2,255,915.000,960,0,
549704,PRELAUNCH,22,1.0,40.1630583,-74.0806467,22.5,0.0,9.70,-0.40,-0.50,-0.1,-0.1,0.0,0.0,0.0,0.0,1.0,8.31,-102,95.0,-89.7,85.8,112.4,0.0,0,0,0,0,-64,12.2,255,915.000,961,0,
550249,PRELAUNCH,22,1.0,40.1630583,-74.0806467,22.5,0.0,9.70,-0.40,-0.50,-0.1,0.1,-0.1,0.0,0.0,0.0,1.0,8.27,-101,95.0,-89.6,85.8,112.7,0.0,0,0,0,0,-63,12.0,255,915.000,962,0,
550795,PRELAUNCH,22,1.0,40.1630583,-74.0806467,22.5,0.0,9.70,-0.40,-0.50,-0.1,-0.1,-0.1,0.0,0.0,0.0,1.0,8.27,-101,95.0,-89.6,85.8,112.5,0.0,0,0,0,0,-64,13.8,255,915.000,963,0,
551364,PRELAUNCH,22,1.0,40.1630583,-74.0806467,22.5,0.0,9.70,-0.40,-0.50,0.1,-0.3,-0.1,0.0,0.0,0.0,1.0,8.27,-105,95.0,-89.7,85.8,112.5,0.0,0,0,0,0,-63,12.2,255,915.000,964,0,
551930,PRELAUNCH,22,1.0,40.1630527,-74.0806499,23.3,0.0,9.70,-0.40,-0.50,0.0,0.0,-0.1,0.0,0.0,0.0,1.0,8.27,-106,95.0,-89.5,85.8,112.4,0.0,0,0,0,0,-64,13.5,255,915.000,965,0,
552639,PRELAUNCH,22,1.0,40.1630527,-74.0806499,23.3,0.0,9.70,-0.40,-0.50,-0.1,-0.1,-0.1,0.0,0.0,0.0,1.0,8.27,-99,95.0,-89.6,85.8,112.5,0.0,0,0,0,0,-62,12.5,255,915.000,966,0,
553175,PRELAUNCH,21,1.0,40.1630527,-74.0806499,23.3,0.0,9.70,-0.40,-0.50,-0.1,-0.3,0.0,0.0,0.0,0.0,1.0,8.27,-101,95.0,-89.4,85.8,112.4,0.0,0,0,0,0,-64,14.0,255,915.000,967,0,
553676,PRELAUNCH,21,1.0,40.1630527,-74.0806499,23.3,0.0,9.70,-0.40,-0.50,0.0,0.0,0.0,0.0,0.0,0.0,1.0,8.27,-95,95.0,-89.5,85.7,112.3,0.0,0,0,0,0,-66,12.0,255,915.000,968,0,
554267,PRELAUNCH,21,1.0,40.1630527,-74.0806499,23.3,0.0,9.70,-0.40,-0.50,0.1,-0.3,-0.1,0.0,0.0,0.0,1.0,8.27,-96,95.0,-89.4,85.8,112.2,0.0,0,0,0,0,-65,12.0,255,915.000,969,0,
554824,PRELAUNCH,21,1.0,40.1630527,-74.0806499,23.3,0.0,9.70,-0.40,-0.60,0.3,-0.1,-0.1,0.0,0.0,0.0,1.0,8.31,-99,96.0,-89.4,85.8,112.1,0.0,0,0,0,0,-68,14.2,255,915.000,970,0,
555381,PRELAUNCH,22,1.0,40.1630527,-74.0806499,23.3,0.0,9.70,-0.40,-0.30,-0.2,-0.2,-0.1,0.0,0.0,0.0,1.0,8.31,-95,95.0,-89.7,85.8,112.5,0.0,0,0,0,0,-71,13.0,255,915.000,971,0,
555869,PRELAUNCH,21,1.0,40.1630527,-74.0806499,23.3,0.0,9.70,-0.40,-0.40,0.3,-0.3,-0.1,0.0,0.0,0.0,1.0,8.27,-101,95.0,-90.1,85.8,113.0,0.0,0,0,0,0,-68,12.8,255,915.000,972,0,
556368,PRELAUNCH,21,1.0,40.1630527,-74.0806499,23.3,0.0,9.70,-0.40,-0.60,-0.3,-0.1,0.0,0.0,0.0,0.0,1.0,8.27,-102,95.0,-90.3,85.8,113.2,0.0,0,0,0,0,-65,12.5,255,915.000,973,0,
556957,PRELAUNCH,22,1.0,40.1630527,-74.0806499,23.3,0.0,9.70,-0.40,-0.60,0.1,-0.1,-0.1,0.0,0.0,0.0,1.0,8.27,-96,95.0,-90.2,85.8,113.1,0.0,0,0,0,0,-70,12.2,255,915.000,974,0,
557483,PRELAUNCH,21,1.0,40.1630472,-74.0806531,24.0,0.0,9.70,-0.40,-0.50,-0.1,-0.3,-0.1,0.0,0.0,0.0,1.0,8.27,-95,95.0,-90.1,85.8,112.8,0.0,0,0,0,0,-68,14.0,255,915.000,975,0,
558017,PRELAUNCH,21,1.0,40.1630472,-74.0806531,24.0,0.0,9.70,-0.40,-0.50,0.2,-0.2,-0.1,0.0,0.0,0.0,1.0,8.27,-102,95.0,-90.0,85.9,112.9,0.0,0,0,0,0,-68,13.5,255,915.000,976,0,
558609,PRELAUNCH,20,1.0,40.1630472,-74.0806531,24.0,0.0,9.70,-0.40,-0.50,0.1,-0.1,-0.2,0.0,0.0,0.0,1.0,8.27,-97,95.0,-89.8,85.8,112.6,0.0,0,0,0,0,-68,13.0,255,915.000,977,0,
559167,PRELAUNCH,20,1.0,40.1630472,-74.0806531,24.0,0.0,9.70,-0.40,-0.60,0.7,-0.2,0.0,0.0,0.0,0.0,1.0,8.27,-107,95.0,-89.9,85.8,112.6,0.0,0,0,0,0,-73,12.2,255,915.000,978,0,
559711,PRELAUNCH,22,1.0,40.1630472,-74.0806531,24.0,0.0,9.70,-0.40,-0.60,-0.2,0.0,-0.1,0.0,0.0,0.0,1.0,8.31,-102,95.0,-89.8,85.8,112.7,0.0,0,0,0,0,-68,14.0,255,915.000,979,0,
560269,PRELAUNCH,22,1.0,40.1630472,-74.0806531,24.0,0.0,9.70,-0.40,-0.50,-0.4,-0.1,-0.1,0.0,0.0,0.0,1.0,8.27,-101,95.0,-89.8,85.8,112.7,0.0,0,0,0,0,-70,12.2,255,915.000,980,0,
560815,PRELAUNCH,21,1.0,40.1630472,-74.0806531,24.0,0.0,9.70,-0.40,-0.50,0.1,-0.3,0.0,0.0,0.0,0.0,1.0,8.27,-97,95.0,-89.7,85.8,112.4,0.0,0,0,0,0,-71,14.5,255,915.000,981,0,
561359,PRELAUNCH,20,1.0,40.1630540,-74.0806531,24.6,0.0,9.70,-0.40,-0.60,0.1,-0.1,-0.1,0.0,0.0,0.0,1.0,8.31,-101,95.0,-89.6,85.8,112.5,0.0,0,0,0,0,-73,12.2,255,915.000,982,0,
561989,PRELAUNCH,21,1.0,40.1630540,-74.0806531,24.6,0.0,9.70,-0.40,-0.60,-0.2,-0.2,-0.1,0.0,0.0,0.0,1.0,8.27,-97,95.0,-89.7,85.8,112.5,0.0,0,0,0,0,-73,12.2,255,915.000,983,0,
562451,PRELAUNCH,20,1.0,40.1630540,-74.0806531,24.6,0.0,9.70,-0.40,-0.50,-0.2,-0.2,-0.1,0.0,0.0,0.0,1.0,8.27,-99,95.0,-89.6,85.8,112.3,0.0,0,0,0,0,-67,12.2,255,915.000,984,0,
562971,PRELAUNCH,22,1.0,40.1630540,-74.0806531,24.6,0.0,9.70,-0.40,-0.60,0.4,-0.3,-0.2,0.0,0.0,0.0,1.0,8.27,-105,95.0,-89.6,85.8,112.3,0.0,0,0,0,0,-68,13.2,255,915.000,985,0,
563462,PRELAUNCH,22,1.0,40.1630540,-74.0806531,24.6,0.0,9.70,-0.40,-0.50,-0.3,-0.1,-0.2,0.0,0.0,0.0,1.0,8.27,-102,95.0,-89.7,85.8,112.4,0.0,0,0,0,0,-81,12.5,255,915.000,986,0,
564051,PRELAUNCH,22,1.0,40.1630540,-74.0806531,24.6,0.0,9.70,-0.50,-0.60,0.2,-0.2,-0.1,0.0,0.0,0.0,1.0,8.27,-100,95.0,-89.5,85.8,112.4,0.0,0,0,0,0,-66,12.2,255,915.000,987,0,
564600,PRELAUNCH,21,1.0,40.1630540,-74.0806531,24.6,0.0,9.70,-0.40,-0.50,0.1,-0.1,-0.1,0.0,0.0,0.0,1.0,8.27,-92,95.0,-89.6,85.8,112.4,0.0,0,0,0,0,-63,12.2,255,915.000,988,0,
565157,PRELAUNCH,22,1.0,40.1630540,-74.0806531,24.6,0.0,9.70,-0.40,-0.50,0.1,-0.1,0.0,0.0,0.0,0.0,1.0,8.27,-100,95.0,-89.6,85.8,112.2,0.0,0,0,0,0,-73,12.5,255,915.000,989,0,
565738,PRELAUNCH,22,1.0,40.1630472,-74.0806531,24.0,0.0,9.70,-0.40,-0.50,-0.3,-0.1,-0.1,0.0,0.0,0.0,1.0,8.27,-91,95.0,-89.4,85.7,112.2,0.0,0,0,0,0,-72,12.5,255,915.000,990,0,
566341,PRELAUNCH,22,1.0,40.1630472,-74.0806531,24.0,0.0,9.70,-0.40,-0.50,0.2,0.0,-0.2,0.0,0.0,0.0,1.0,8.27,-94,95.0,-89.3,85.9,112.3,0.0,0,0,0,0,-71,13.0,255,915.000,991,0,
566852,PRELAUNCH,21,1.0,40.1630527,-74.0806499,23.3,0.0,9.70,-0.40,-0.60,-0.1,-0.1,-0.2,0.0,0.0,0.0,1.0,8.27,-97,95.0,-89.5,85.8,112.3,0.0,0,0,0,0,-71,12.5,255,915.000,992,0,
567420,PRELAUNCH,21,1.0,40.1630527,-74.0806499,23.3,0.0,9.70,-0.40,-0.50,0.1,-0.3,-0.1,0.0,0.0,0.0,1.0,8.27,-101,95.0,-89.4,85.8,112.3,0.0,0,0,0,0,-67,12.0,255,915.000,993,0,
567941,PRELAUNCH,22,1.0,40.1630527,-74.0806499,23.3,0.0,9.70,-0.40,-0.50,0.3,0.1,-0.1,0.0,0.0,0.0,1.0,8.27,-101,95.0,-89.5,85.8,112.2,0.0,0,0,0,0,-71,12.8,255,915.000,994,0,
568500,PRELAUNCH,20,1.0,40.1630527,-74.0806499,23.3,0.0,9.70,-0.40,-0.50,0.0,-0.2,-0.1,0.0,0.0,0.0,1.0,8.27,-94,95.0,-89.6,85.8,112.2,0.0,0,0,0,0,-74,13.8,255,915.000,995,0,
569023,PRELAUNCH,21,1.0,40.1630527,-74.0806499,23.3,0.0,9.70,-0.50,-0.50,0.2,-0.2,-0.2,0.0,0.0,0.0,1.0,8.27,-116,95.0,-89.6,85.8,112.4,0.0,0,0,0,0,-76,14.2,255,915.000,996,0,
569580,PRELAUNCH,20,1.0,40.1630583,-74.0806467,22.5,0.0,9.70,-0.40,-0.60,0.0,-0.3,-0.1,0.0,0.0,0.0,1.0,8.27,-109,95.0,-89.6,85.8,112.5,0.0,0,0,0,0,-83,12.8,255,915.000,997,0,
570161,PRELAUNCH,22,1.0,40.1630583,-74.0806467,22.5,0.0,9.70,-0.50,-0.50,0.1,-0.1,-0.1,0.0,0.0,0.0,1.0,8.27,-99,95.0,-89.5,85.8,112.3,0.0,0,0,0,0,-81,12.5,255,915.000,998,0,
570730,PRELAUNCH,21,1.0,40.1630583,-74.0806467,22.5,0.0,9.70,-0.40,-0.50,-0.1,-0.1,0.0,0.0,0.0,0.0,1.0,8.27,-99,95.0,-89.7,85.8,112.4,0.0,0,0,0,0,-79,12.2,255,915.000,999,0,
571241,PRELAUNCH,21,1.0,40.1630514,-74.0806467,21.9,0.0,9.70,-0.30,-0.50,0.3,-0.3,0.0,0.0,0.0,0.0,1.0,8.27,-110,95.0,-89.7,85.8,112.6,0.0,0,0,0,0,-79,12.0,255,915.000,1000,0,
571749,PRELAUNCH,22,1.0,40.1630514,-74.0806467,21.9,0.0,9.70,-0.40,-0.50,0.1,-0.3,0.0,0.0,0.0,0.0,1.0,8.27,-96,95.0,-89.6,85.8,112.4,0.0,0,0,0,0,-76,13.2,255,915.000,1001,0,
572866,PRELAUNCH,21,1.0,40.1630514,-74.0806467,21.9,0.0,9.70,-0.40,-0.50,-0.1,-0.1,-0.1,0.0,0.0,0.0,1.0,8.27,-96,95.0,-89.7,85.8,112.4,0.0,0,0,0,0,-73,12.2,255,915.000,1003,1,
573469,PRELAUNCH,22,1.0,40.1630514,-74.0806467,21.9,0.0,9.70,-0.40,-0.50,-0.3,0.0,-0.2,0.0,0.0,0.0,1.0,8.27,-110,95.0,-89.8,85.8,112.3,0.0,0,0,0,0,-77,13.8,255,915.000,1004,0,
573969,PRELAUNCH,21,1.0,40.1630514,-74.0806467,21.9,0.0,9.70,-0.40,-0.60,0.0,0.0,0.0,0.0,0.0,0.0,1.0,8.27,-99,95.0,-89.7,85.8,112.4,0.0,0,0,0,0,-77,12.5,255,915.000,1005,0,
574526,PRELAUNCH,21,1.0,40.1630514,-74.0806467,21.9,0.0,9.70,-0.40,-0.50,0.2,0.0,-0.1,0.0,0.0,0.0,1.0,8.27,-95,95.0,-89.7,85.8,112.4,0.0,0,0,0,0,-74,13.2,255,915.000,1006,0,
575130,PRELAUNCH,22,1.0,40.1630514,-74.0806467,21.9,0.0,9.70,-0.40,-0.50,0.1,-0.1,-0.1,0.0,0.0,0.0,1.0,8.27,-105,95.0,-89.9,85.8,112.3,0.0,0,0,0,0,-77,12.5,255,915.000,1007,0,
575745,PRELAUNCH,21,1.0,40.1630514,-74.0806467,21.9,0.0,9.70,-0.50,-0.50,0.5,-0.2,-0.1,0.0,0.0,0.0,1.0,8.27,-99,95.0,-90.2,85.8,112.6,0.0,0,0,0,0,-78,12.0,255,915.000,1008,0,
576256,PRELAUNCH,21,1.0,40.1630514,-74.0806467,21.9,0.0,9.70,-0.50,-0.50,-0.7,0.3,-0.2,0.0,0.0,0.0,1.0,8.27,-101,95.0,-90.2,85.8,112.7,0.0,0,0,0,0,-86,12.8,255,915.000,1009,0,
576917,PRELAUNCH,22,1.0,40.1630514,-74.0806467,21.9,0.0,9.70,-0.40,-0.50,-0.1,-0.3,-0.1,0.0,0.0,0.0,1.0,8.27,-99,95.0,-90.4,85.8,113.1,0.0,0,0,0,0,-81,12.8,255,915.000,1010,0,
577626,PRELAUNCH,21,1.0,40.1630514,-74.0806467,21.9,0.0,9.70,-0.40,-0.50,0.2,0.0,0.0,0.0,0.0,0.0,1.0,8.27,-101,95.0,-90.2,85.8,112.9,0.0,0,0,0,0,-82,13.0,255,915.000,1011,0,
578113,PRELAUNCH,22,1.0,40.1630514,-74.0806467,21.9,0.0,9.70,-0.40,-0.50,-0.3,-0.1,0.0,0.0,0.0,0.0,1.0,8.27,-100,95.0,-90.1,85.8,112.9,0.0,0,0,0,0,-79,13.5,255,915.000,1012,0,
578122,PRELAUNCH,22,1.0,40.1630514,-74.0806467,21.9,0.0,9.70,-0.40,-0.50,-0.3,-0.1,0.0,0.0,0.0,0.0,1.0,8.27,-100,95.0,-90.1,85.8,112.9,0.0,0,0,0,0,-79,13.5,255,915.000,1012,-1,
578705,PRELAUNCH,21,1.0,40.1630514,-74.0806467,21.9,0.0,9.70,-0.40,-0.60,-0.1,0.1,-0.1,0.0,0.0,0.0,1.0,8.27,-101,95.0,-90.1,85.8,112.6,0.0,0,0,0,0,-71,14.2,255,915.000,1013,0,
579216,PRELAUNCH,22,1.0,40.1630514,-74.0806467,21.9,0.0,9.70,-0.40,-0.50,0.0,0.0,0.0,0.0,1.0,0.0,1.0,8.27,-102,95.0,-89.8,85.8,112.7,0.0,0,0,0,0,-73,12.2,255,915.000,1014,0,
579751,PRELAUNCH,22,1.0,40.1630514,-74.0806467,21.9,0.0,9.70,-0.40,-0.50,0.7,-0.3,-0.1,0.0,0.0,0.0,1.0,8.27,-101,95.0,-90.1,85.8,112.8,0.0,0,0,0,0,-71,13.5,255,915.000,1015,0,
580293,PRELAUNCH,22,1.0,40.1630514,-74.0806467,21.9,0.0,9.70,-0.50,-0.50,-0.2,0.0,-0.1,0.0,0.0,0.0,1.0,8.27,-99,95.0,-89.8,85.9,112.6,0.0,0,0,0,0,-70,12.5,255,915.000,1016,0,
580808,PRELAUNCH,21,1.0,40.1630514,-74.0806467,21.9,0.0,9.70,-0.40,-0.60,0.0,-0.2,-0.1,0.0,0.0,0.0,1.0,8.27,-99,95.0,-89.7,85.8,112.5,0.0,0,0,0,0,-67,12.5,255,915.000,1017,0,
581318,PRELAUNCH,21,1.0,40.1630514,-74.0806467,21.9,0.0,9.70,-0.40,-0.60,0.1,-0.3,-0.1,0.0,0.0,0.0,1.0,8.27,-94,95.0,-89.8,85.8,112.5,0.0,0,0,0,0,-69,13.0,255,915.000,1018,0,
581956,PRELAUNCH,22,1.0,40.1630498,-74.0806354,22.1,0.0,9.70,-0.40,-0.50,0.2,-0.2,0.0,0.0,0.0,0.0,1.0,8.27,-97,95.0,-89.6,85.8,112.4,0.0,0,0,0,0,-66,13.2,255,915.000,1019,0,
582595,PRELAUNCH,22,1.0,40.1630498,-74.0806354,22.1,0.0,9.70,-0.40,-0.40,0.0,0.0,-0.1,0.0,0.0,0.0,1.0,8.27,-104,95.0,-89.6,85.7,112.3,0.0,0,0,0,0,-70,12.5,255,915.000,1020,0,
583288,PRELAUNCH,22,1.0,40.1630498,-74.0806354,22.1,0.0,9.70,-0.40,-0.50,0.3,-0.3,-0.1,0.0,0.0,0.0,1.0,8.27,-101,95.0,-89.6,85.8,112.4,0.0,0,0,0,0,-71,13.2,255,915.000,1021,0,
583826,PRELAUNCH,21,1.0,40.1630498,-74.0806354,22.1,0.0,9.70,-0.40,-0.50,-0.2,0.0,-0.1,0.0,0.0,0.0,1.0,8.27,-99,95.0,-89.7,85.8,112.6,0.0,0,0,0,0,-66,12.5,255,915.000,1022,0,
584336,PRELAUNCH,20,1.0,40.1630443,-74.0806386,22.8,0.0,9.70,-0.40,-0.50,-0.2,-0.2,-0.1,0.0,0.0,0.0,1.0,8.27,-99,95.0,-89.7,85.8,112.5,0.0,0,0,0,0,-64,13.0,255,915.000,1023,0,
584847,PRELAUNCH,20,1.0,40.1630443,-74.0806386,22.8,0.0,9.70,-0.40,-0.60,0.1,-0.1,0.0,0.0,0.0,0.0,1.0,8.27,-100,95.0,-89.6,85.8,112.4,0.0,0,0,0,0,-66,13.0,255,915.000,1024,0,
585448,PRELAUNCH,22,1.0,40.1630443,-74.0806386,22.8,0.0,9.70,-0.40,-0.50,0.2,0.0,-0.1,0.0,0.0,0.0,1.0,8.27,-92,95.0,-89.7,85.8,112.5,0.0,0,0,0,0,-66,12.5,255,915.000,1025,0,
585971,PRELAUNCH,21,1.0,40.1630443,-74.0806386,22.8,0.0,9.70,-0.40,-0.40,-0.5,0.0,-0.2,0.0,0.0,0.0,1.0,8.27,-101,95.0,-89.8,85.8,112.4,0.0,0,0,0,0,-68,13.2,255,915.000,1026,0,
586469,PRELAUNCH,22,1.0,40.1630443,-74.0806386,22.8,0.0,9.70,-0.40,-0.30,-0.1,-0.3,0.0,0.0,0.0,0.0,1.0,8.27,-99,95.0,-90.0,85.8,112.8,0.0,0,0,0,0,-68,14.2,255,915.000,1027,0,
586958,PRELAUNCH,22,1.0,40.1630443,-74.0806386,22.8,0.0,9.70,-0.40,-0.60,0.3,-0.2,0.0,0.0,0.0,0.0,1.0,8.27,-111,95.0,-90.2,85.8,112.9,0.0,0,0,0,0,-70,12.0,255,915.000,1028,0,
587494,PRELAUNCH,22,1.0,40.1630443,-74.0806386,22.8,0.0,9.70,-0.40,-0.60,0.1,-0.3,-0.1,0.0,0.0,0.0,1.0,8.27,-99,95.0,-90.1,85.8,112.8,0.0,0,0,0,0,-69,13.0,255,915.000,1029,0,
588028,PRELAUNCH,22,1.0,40.1630443,-74.0806386,22.8,0.0,9.70,-0.40,-0.50,0.1,0.1,-0.1,0.0,0.0,0.0,1.0,8.27,-101,95.0,-90.0,85.8,112.7,0.0,0,0,0,0,-68,13.8,255,915.000,1030,0,
588574,PRELAUNCH,22,1.0,40.1630443,-74.0806386,22.8,0.0,9.70,-0.40,-0.50,0.1,-0.1,-0.1,0.0,0.0,0.0,1.0,8.27,-105,95.0,-89.9,85.8,112.6,0.0,0,0,0,0,-69,12.5,255,915.000,1031,0,
589131,PRELAUNCH,21,1.0,40.1630387,-74.0806418,23.6,0.0,9.70,-0.40,-0.60,-0.3,0.0,-0.2,0.0,0.0,0.0,1.0,8.27,-99,95.0,-90.0,85.8,112.6,0.0,0,0,0,0,-71,13.2,255,915.000,1032,0,
589607,PRELAUNCH,21,1.0,40.1630387,-74.0806418,23.6,0.0,9.70,-0.40,-0.50,-0.1,-0.1,-0.1,0.0,0.0,0.0,1.0,8.27,-101,95.0,-89.9,85.8,112.5,0.0,0,0,0,0,-68,14.2,255,915.000,1033,0,
590153,PRELAUNCH,22,1.0,40.1630456,-74.0806418,24.2,0.0,9.70,-0.50,-0.70,-0.1,0.1,0.1,0.0,0.0,0.0,1.0,8.27,-100,95.0,-90.2,85.8,112.8,0.0,0,0,0,0,-71,14.0,255,915.000,1034,0,
590672,PRELAUNCH,20,1.0,40.1630456,-74.0806418,24.2,0.0,9.70,-0.20,-0.60,1.2,-0.3,0.2,0.0,0.0,0.0,1.0,8.27,-102,95.0,-90.6,85.8,113.2,0.0,0,0,0,0,-70,12.2,255,915.000,1035,0,
591199,PRELAUNCH,22,1.0,40.1630456,-74.0806418,24.2,0.0,9.70,-0.50,-0.60,0.3,-0.2,0.0,0.0,0.0,0.0,1.0,8.27,-112,95.0,-90.2,85.9,112.8,0.0,0,0,0,0,-75,13.5,255,915.000,1036,0,
591732,PRELAUNCH,22,1.0,40.1630456,-74.0806418,24.2,0.0,9.70,-0.30,-0.40,-0.2,0.0,-0.2,0.0,0.0,0.0,1.0,8.27,-96,95.0,-90.2,85.9,112.8,0.0,0,0,0,0,-71,14.0,255,915.000,1037,0,
592775,PRELAUNCH,21,1.0,40.1630456,-74.0806418,24.2,0.0,9.70,-0.30,-0.20,0.4,-0.3,0.0,0.0,0.0,0.0,1.0,8.27,-97,95.0,-90.5,85.8,113.2,0.0,0,0,0,0,-71,13.5,255,915.000,1039,1,
593311,PRELAUNCH,20,1.0,40.1630456,-74.0806418,24.2,0.0,9.70,-0.40,-0.50,0.8,-0.3,-0.1,0.0,0.0,0.0,1.0,8.27,-95,95.0,-90.6,85.8,113.1,0.0,0,0,0,0,-75,13.2,255,915.000,1040,0,
593822,PRELAUNCH,21,1.0,40.1630456,-74.0806418,24.2,0.0,9.70,-0.40,-0.60,-0.3,0.0,0.2,0.0,0.0,0.0,1.0,8.27,-100,95.0,-90.3,85.8,113.1,0.0,0,0,0,0,-79,14.0,255,915.000,1041,0,
594353,PRELAUNCH,19,1.0,40.1630400,-74.0806450,24.9,0.0,9.70,-0.30,-0.50,-0.4,-0.1,-0.2,0.0,1.0,0.0,1.0,8.27,-102,95.0,-90.4,85.8,112.7,0.0,0,0,0,0,-76,12.5,255,915.000,1042,0,
594852,PRELAUNCH,20,1.0,40.1630400,-74.0806450,24.9,0.0,9.70,-0.30,-0.70,-0.2,0.2,-0.1,0.0,-1.0,0.0,1.0,8.27,-101,95.0,-90.3,85.8,112.8,0.0,0,0,0,0,-70,12.2,255,915.000,1043,0,
595366,PRELAUNCH,21,1.0,40.1630400,-74.0806450,24.9,0.0,9.70,-0.40,-0.60,-0.1,-0.1,-0.1,0.0,0.0,0.0,1.0,8.27,-99,95.0,-90.5,85.8,113.0,0.0,0,0,0,0,-71,13.2,255,915.000,1044,0,
595877,PRELAUNCH,21,1.0,40.1630400,-74.0806450,24.9,0.0,9.70,-0.50,-0.50,0.0,-0.2,-0.1,0.0,0.0,0.0,1.0,8.27,-95,95.0,-90.4,85.9,112.8,0.0,0,0,0,0,-73,12.5,255,915.000,1045,0,
596444,PRELAUNCH,21,1.0,40.1630400,-74.0806450,24.9,0.0,9.70,-0.40,-0.50,-0.3,0.3,0.0,0.0,0.0,0.0,1.0,8.27,-97,95.0,-90.7,85.8,113.3,0.0,0,0,0,0,-74,14.0,255,915.000,1046,0,
596956,PRELAUNCH,21,1.0,40.1630400,-74.0806450,24.9,0.0,9.70,-0.40,-0.40,-0.5,0.0,-0.2,0.0,1.0,0.0,1.0,8.27,-111,95.0,-90.9,85.9,113.0,0.0,0,0,0,0,-72,12.0,255,915.000,1047,0,
597490,PRELAUNCH,21,1.0,40.1630400,-74.0806450,24.9,0.0,9.70,-0.40,-0.50,-0.8,0.1,0.1,0.0,0.0,0.0,1.0,8.27,-102,95.0,-90.3,85.9,113.2,0.0,0,0,0,0,-71,13.0,255,915.000,1048,0,
598048,PRELAUNCH,20,1.0,40.1630400,-74.0806450,24.9,0.0,9.70,-0.50,-0.70,0.2,-0.2,-0.2,0.0,0.0,0.0,1.0,8.27,-86,95.0,-90.6,85.8,112.9,0.0,0,0,0,0,-68,13.8,255,915.000,1049,0,
598535,PRELAUNCH,20,1.0,40.1630400,-74.0806450,24.9,0.0,9.70,-0.30,-0.40,-0.7,0.0,-0.2,0.0,0.0,0.0,1.0,8.27,-95,95.0,-90.5,85.8,112.9,0.0,0,0,0,0,-68,13.2,255,915.000,1050,0,
599105,PRELAUNCH,19,1.0,40.1630400,-74.0806450,24.9,0.0,9.70,-0.30,-0.60,0.2,-0.2,0.1,0.0,0.0,0.0,1.0,8.27,-101,95.0,-90.2,85.8,112.9,0.0,0,0,0,0,-71,13.0,255,915.000,1051,0,
599621,PRELAUNCH,19,1.0,40.1630400,-74.0806450,24.9,0.0,9.70,-0.50,-0.60,0.7,-0.2,0.0,0.0,0.0,0.0,1.0,8.27,-94,95.0,-90.0,85.8,112.6,0.0,0,0,0,0,-70,12.2,255,915.000,1052,0,
600129,PRELAUNCH,21,1.0,40.1630400,-74.0806450,24.9,0.0,9.70,-0.40,-0.50,-0.5,0.2,-0.2,0.0,0.0,0.0,1.0,8.27,-99,95.0,-89.9,85.8,112.4,0.0,0,0,0,0,-71,14.2,255,915.000,1053,0,
600654,PRELAUNCH,20,1.0,40.1630400,-74.0806450,24.9,0.0,9.70,-0.40,-0.50,-0.4,-0.1,-0.4,0.0,0.0,0.0,1.0,8.27,-107,95.0,-90.0,85.9,112.6,0.0,0,0,0,0,-71,13.2,255,915.000,1054,0,
601240,PRELAUNCH,19,1.0,40.1630400,-74.0806450,24.9,0.0,9.70,-0.40,-0.40,0.3,-0.1,-0.1,0.0,0.0,0.0,1.0,8.27,-96,95.0,-89.7,85.8,112.6,0.0,0,0,0,0,-68,14.2,255,915.000,1055,0,
601752,PRELAUNCH,19,1.0,40.1630400,-74.0806450,24.9,0.0,9.70,-0.40,-0.60,0.3,-0.2,-0.1,0.0,0.0,0.0,1.0,8.27,-102,95.0,-89.7,85.8,112.6,0.0,0,0,0,0,-68,14.0,255,915.000,1056,0,
602854,PRELAUNCH,19,1.0,40.1630400,-74.0806450,24.9,0.0,9.70,-0.40,-0.60,-0.3,0.1,0.0,0.0,0.0,0.0,1.0,8.27,-107,95.0,-89.3,85.9,112.2,0.0,0,0,0,0,-69,14.0,255,915.000,1058,1,
603377,PRELAUNCH,20,1.0,40.1630400,-74.0806450,24.9,0.0,9.70,-0.50,-0.60,-0.2,-0.2,-0.4,0.0,0.0,0.0,1.0,8.27,-101,95.0,-89.3,85.9,112.2,0.0,0,0,0,0,-68,13.8,255,915.000,1059,0,
603969,PRELAUNCH,20,1.0,40.1630400,-74.0806450,24.9,0.0,9.70,-0.40,-0.50,0.5,-0.2,0.0,0.0,0.0,0.0,1.0,8.27,-107,95.0,-89.1,85.9,112.0,0.0,0,0,0,0,-68,12.2,255,915.000,1060,0,
604503,PRELAUNCH,21,1.0,40.1630344,-74.0806483,25.7,0.0,9.70,-0.40,-0.50,0.1,-0.3,-0.1,0.0,0.0,0.0,1.0,8.27,-97,95.0,-89.1,85.8,111.9,0.0,0,0,0,0,-68,13.8,255,915.000,1061,0,
605025,PRELAUNCH,20,1.0,40.1630413,-74.0806483,26.3,0.0,9.70,-0.40,-0.50,-0.3,-0.1,-0.1,0.0,0.0,0.0,1.0,8.27,-97,95.0,-89.1,85.7,111.7,0.0,0,0,0,0,-68,14.0,255,915.000,1062,0,
605571,PRELAUNCH,19,1.0,40.1630413,-74.0806483,26.3,0.0,9.70,-0.40,-0.50,-0.1,-0.1,-0.1,0.0,0.0,0.0,1.0,8.27,-109,95.0,-89.1,85.8,112.0,0.0,0,0,0,0,-68,12.8,255,915.000,1063,0,
606140,PRELAUNCH,20,1.0,40.1630413,-74.0806483,26.3,0.0,9.70,-0.40,-0.60,0.2,0.0,-0.1,0.0,0.0,0.0,1.0,8.27,-107,95.0,-89.1,85.7,112.0,0.0,0,0,0,0,-68,13.5,255,915.000,1064,0,
606686,PRELAUNCH,19,1.0,40.1630413,-74.0806483,26.3,0.0,9.70,-0.40,-0.50,-0.1,-0.1,-0.2,0.0,0.0,0.0,1.0,8.27,-99,95.0,-89.2,85.7,111.9,0.0,0,0,0,0,-68,14.0,255,915.000,1065,0,
607244,PRELAUNCH,20,1.0,40.1630413,-74.0806483,26.3,0.0,9.70,-0.40,-0.50,0.0,0.0,-0.1,0.0,0.0,0.0,1.0,8.27,-101,95.0,-89.2,85.8,112.1,0.0,0,0,0,0,-71,12.5,255,915.000,1066,0,
607766,PRELAUNCH,19,1.0,40.1630413,-74.0806483,26.3,0.0,9.70,-0.40,-0.50,-0.1,-0.1,-0.1,0.0,0.0,0.0,1.0,8.27,-96,95.0,-89.1,85.7,112.0,0.0,0,0,0,0,-73,12.2,255,915.000,1067,0,
608311,PRELAUNCH,20,1.0,40.1630413,-74.0806483,26.3,0.0,9.70,-0.40,-0.50,0.0,-0.2,0.0,0.0,0.0,0.0,1.0,8.27,-99,95.0,-89.2,85.8,112.1,0.0,0,0,0,0,-72,13.0,255,915.000,1068,0,
608845,PRELAUNCH,20,1.0,40.1630413,-74.0806483,26.3,0.0,9.70,-0.40,-0.60,-0.2,0.0,-0.2,0.0,0.0,0.0,1.0,8.27,-101,95.0,-89.2,85.8,112.0,0.0,0,0,0,0,-73,12.5,255,915.000,1069,0,
609391,PRELAUNCH,21,1.0,40.1630413,-74.0806483,26.3,0.0,9.70,-0.40,-0.50,-0.2,-0.2,-0.2,0.0,0.0,0.0,1.0,8.27,-97,95.0,-89.3,85.9,112.1,0.0,0,0,0,0,-71,14.0,255,915.000,1070,0,
609936,PRELAUNCH,20,1.0,40.1630413,-74.0806483,26.3,0.0,9.70,-0.50,-0.50,0.3,-0.1,-0.1,0.0,0.0,0.0,1.0,8.27,-101,95.0,-89.2,85.7,111.9,0.0,0,0,0,0,-70,12.2,255,915.000,1071,0,
610456,PRELAUNCH,21,1.0,40.1630413,-74.0806483,26.3,0.0,9.70,-0.40,-0.50,0.1,-0.1,0.0,0.0,0.0,0.0,1.0,8.27,-102,95.0,-89.1,85.7,112.1,0.0,0,0,0,0,-68,13.0,255,915.000,1072,0,
610993,PRELAUNCH,20,1.0,40.1630413,-74.0806483,26.3,0.0,9.70,-0.40,-0.50,0.2,-0.2,-0.2,0.0,0.0,0.0,1.0,8.27,-95,95.0,-89.2,85.8,112.1,0.0,0,0,0,0,-61,13.8,255,915.000,1073,0,
611597,PRELAUNCH,21,1.0,40.1630413,-74.0806483,26.3,0.0,9.70,-0.40,-0.50,0.2,-0.2,0.0,0.0,0.0,0.0,1.0,8.27,-102,95.0,-89.1,85.8,111.9,0.0,0,0,0,0,-64,14.0,255,915.000,1074,0,
612233,PRELAUNCH,22,1.0,40.1630413,-74.0806483,26.3,0.0,9.70,-0.40,-0.50,-0.2,-0.2,0.0,0.0,0.0,0.0,1.0,8.27,-96,95.0,-89.1,85.8,112.1,0.0,0,0,0,0,-61,12.8,255,915.000,1075,0,
612871,PRELAUNCH,21,1.0,40.1630413,-74.0806483,26.3,0.0,9.70,-0.40,-0.50,0.0,0.0,0.0,0.0,0.0,0.0,1.0,8.27,-94,95.0,-89.2,85.9,112.1,0.0,0,0,0,0,-63,12.2,255,915.000,1076,0,
613384,PRELAUNCH,22,1.0,40.1630413,-74.0806483,26.3,0.0,9.70,-0.40,-0.50,0.0,-0.2,0.0,0.0,0.0,0.0,1.0,8.27,-99,95.0,-89.3,85.9,112.1,0.0,0,0,0,0,-63,12.5,255,915.000,1077,0,
613907,PRELAUNCH,20,1.0,40.1630413,-74.0806483,26.3,0.0,9.70,-0.40,-0.50,0.0,-0.2,-0.1,0.0,0.0,0.0,1.0,8.27,-102,95.0,-89.3,85.8,111.9,0.0,0,0,0,0,-63,13.0,255,915.000,1078,0,
614476,PRELAUNCH,22,1.0,40.1630413,-74.0806483,26.3,0.0,9.70,-0.40,-0.50,0.2,-0.3,0.0,0.0,0.0,0.0,1.0,8.27,-97,95.0,-89.2,85.9,112.2,0.0,0,0,0,0,-62,13.2,255,915.000,1079,0,
615033,PRELAUNCH,21,1.0,40.1630413,-74.0806483,26.3,0.0,9.70,-0.40,-0.50,0.1,-0.1,0.0,0.0,0.0,0.0,1.0,8.27,-104,95.0,-89.1,85.8,112.1,0.0,0,0,0,0,-64,14.2,255,915.000,1080,0,
615567,PRELAUNCH,22,1.0,40.1630413,-74.0806483,26.3,0.0,9.70,-0.40,-0.60,-0.2,0.2,-0.2,0.0,0.0,0.0,1.0,8.27,-96,95.0,-89.2,85.8,112.0,0.0,0,0,0,0,-65,12.8,255,915.000,1081,0,
616133,PRELAUNCH,20,1.0,40.1630413,-74.0806483,26.3,0.0,9.70,-0.40,-0.40,-0.5,0.2,0.0,0.0,0.0,0.0,1.0,8.27,-101,95.0,-89.1,85.8,112.1,0.0,0,0,0,0,-61,13.8,255,915.000,1082,0,
616740,PRELAUNCH,22,1.0,40.1630413,-74.0806483,26.3,0.0,9.70,-0.50,-0.60,0.4,-0.1,0.0,0.0,0.0,0.0,1.0,8.27,-101,95.0,-89.2,85.9,112.1,0.0,0,0,0,0,-67,13.5,255,915.000,1083,0,
617402,PRELAUNCH,22,1.0,40.1630413,-74.0806483,26.3,0.0,9.70,-0.50,-0.50,-0.3,0.0,-0.1,0.0,0.0,0.0,1.0,8.27,-104,95.0,-89.2,85.8,112.0,0.0,0,0,0,0,-64,13.5,255,915.000,1084,0,
617914,PRELAUNCH,22,1.0,40.1630413,-74.0806483,26.3,0.0,9.70,-0.30,-0.60,0.2,0.0,0.0,0.0,0.0,0.0,1.0,8.27,-102,95.0,-89.2,85.9,112.3,0.0,0,0,0,0,-64,12.8,255,915.000,1085,0,
618490,PRELAUNCH,22,1.0,40.1630413,-74.0806483,26.3,0.0,9.70,-0.40,-0.60,0.0,-0.3,-0.1,0.0,0.0,0.0,1.0,8.27,-95,95.0,-89.3,85.8,111.9,0.0,0,0,0,0,-62,12.5,255,915.000,1086,0,
619050,PRELAUNCH,23,1.0,40.1630357,-74.0806515,27.0,0.0,9.70,-0.50,-0.50,-0.3,0.0,-0.2,0.0,0.0,0.0,1.0,8.27,-99,95.0,-89.1,85.7,111.8,0.0,0,0,0,0,-60,14.2,255,915.000,1087,0,
619630,PRELAUNCH,22,1.0,40.1630413,-74.0806483,26.3,0.0,9.70,-0.40,-0.50,-0.2,0.0,-0.1,0.0,0.0,0.0,1.0,8.27,-99,95.0,-89.1,85.8,112.0,0.0,0,0,0,0,-59,12.5,255,915.000,1088,0,
620188,PRELAUNCH,23,1.0,40.1630413,-74.0806483,26.3,0.0,9.70,-0.50,-0.60,-0.3,0.0,-0.2,0.0,0.0,0.0,1.0,8.27,-97,95.0,-89.2,85.8,112.0,0.0,0,0,0,0,-61,13.2,255,915.000,1089,0,
620722,PRELAUNCH,22,1.0,40.1630413,-74.0806483,26.3,0.0,9.70,-0.40,-0.50,0.2,0.0,-0.1,0.0,0.0,0.0,1.0,8.27,-102,95.0,-89.2,85.8,112.1,0.0,0,0,0,0,-61,14.2,255,915.000,1090,0,
621268,PRELAUNCH,22,1.0,40.1630413,-74.0806483,26.3,0.0,9.70,-0.30,-0.50,0.0,-0.2,-0.1,0.0,0.0,0.0,1.0,8.27,-101,95.0,-89.3,85.9,112.3,0.0,0,0,0,0,-62,14.0,255,915.000,1091,0,
621813,PRELAUNCH,23,1.0,40.1630357,-74.0806515,27.0,0.0,9.70,-0.40,-0.50,0.2,-0.2,-0.1,0.0,0.0,0.0,1.0,8.27,-111,95.0,-89.5,85.8,112.2,0.0,0,0,0,0,-59,12.5,255,915.000,1092,0,
622847,PRELAUNCH,23,1.0,40.1630357,-74.0806515,27.0,0.0,9.70,-0.50,-0.50,0.2,-0.2,0.0,0.0,0.0,0.0,1.0,8.27,-95,95.0,-89.7,85.8,112.3,0.0,0,0,0,0,-67,12.5,255,915.000,1094,1,
623370,PRELAUNCH,23,1.0,40.1630357,-74.0806515,27.0,0.0,9.70,-0.40,-0.50,-0.4,-0.1,0.0,0.0,0.0,0.0,1.0,8.27,-99,95.0,-89.4,85.8,112.4,0.0,0,0,0,0,-63,12.2,255,915.000,1095,0,
623950,PRELAUNCH,22,1.0,40.1630357,-74.0806515,27.0,0.0,9.70,-0.40,-0.50,0.0,-0.3,-0.1,0.0,0.0,0.0,1.0,8.27,-99,95.0,-89.6,85.8,112.4,0.0,0,0,0,0,-61,13.8,255,915.000,1096,0,
624501,PRELAUNCH,23,1.0,40.1630357,-74.0806515,27.0,0.0,9.70,-0.40,-0.50,-0.3,0.1,-0.1,0.0,0.0,0.0,1.0,8.27,-94,95.0,-89.7,85.8,112.3,0.0,0,0,0,0,-66,12.5,255,915.000,1097,0,
625076,PRELAUNCH,22,1.0,40.1630357,-74.0806515,27.0,0.0,9.70,-0.40,-0.50,-0.1,-0.1,-0.1,0.0,0.0,0.0,1.0,8.27,-102,95.0,-89.7,85.8,112.5,0.0,0,0,0,0,-62,12.5,255,915.000,1098,0,
625622,PRELAUNCH,23,1.0,40.1630357,-74.0806515,27.0,0.0,9.70,-0.40,-0.50,0.2,-0.2,0.0,0.0,0.0,0.0,1.0,8.27,-99,95.0,-89.8,85.8,112.7,0.0,0,0,0,0,-61,13.8,255,915.000,1099,0,
626167,PRELAUNCH,23,1.0,40.1630357,-74.0806515,27.0,0.0,9.70,-0.40,-0.50,0.3,-0.2,-0.1,0.0,0.0,0.0,1.0,8.27,-99,95.0,-89.8,85.8,112.6,0.0,0,0,0,0,-63,12.5,255,915.000,1100,0,
626724,PRELAUNCH,22,1.0,40.1630357,-74.0806515,27.0,0.0,9.70,-0.40,-0.50,0.1,0.1,0.0,0.0,0.0,0.0,1.0,8.27,-97,95.0,-89.8,85.8,112.7,0.0,0,0,0,0,-63,12.5,255,915.000,1101,0,
627282,PRELAUNCH,20,1.0,40.1630357,-74.0806515,27.0,0.0,9.70,-0.40,-0.50,-0.1,-0.1,0.0,0.0,0.0,0.0,1.0,8.27,-96,95.0,-89.9,85.8,112.8,0.0,0,0,0,0,-64,14.0,255,915.000,1102,0,
627932,PRELAUNCH,21,1.0,40.1630357,-74.0806515,27.0,0.0,9.70,-0.40,-0.40,0.0,-0.2,-0.1,0.0,0.0,0.0,1.0,8.27,-95,95.0,-90.0,85.8,112.6,0.0,0,0,0,0,-66,12.5,255,915.000,1103,0,
628467,PRELAUNCH,21,1.0,40.1630357,-74.0806515,27.0,0.0,9.70,-0.40,-0.70,0.3,0.2,-0.1,0.0,0.0,0.0,1.0,8.27,-99,95.0,-90.1,85.8,112.7,0.0,0,0,0,0,-64,13.2,255,915.000,1104,0,
628988,PRELAUNCH,20,1.0,40.1630373,-74.0806628,26.8,0.0,9.70,-0.40,-0.50,-0.4,0.3,-0.1,0.0,0.0,0.0,1.0,8.27,-95,95.0,-90.2,85.8,112.9,0.0,0,0,0,0,-66,12.2,255,915.000,1105,0,
629510,PRELAUNCH,20,1.0,40.1630373,-74.0806628,26.8,0.0,9.70,-0.40,-0.50,0.2,-0.2,0.0,0.0,0.0,0.0,1.0,8.27,-101,95.0,-90.0,85.8,112.9,0.0,0,0,0,0,-66,12.8,255,915.000,1106,0,
630102,PRELAUNCH,20,1.0,40.1630373,-74.0806628,26.8,0.0,9.70,-0.40,-0.50,0.5,0.0,0.0,0.0,0.0,0.0,1.0,8.27,-101,95.0,-90.0,85.8,112.8,0.0,0,0,0,0,-64,13.0,255,915.000,1107,0,
630718,PRELAUNCH,20,1.0,40.1630373,-74.0806628,26.8,0.0,9.70,-0.40,-0.50,-0.1,-0.1,0.0,0.0,0.0,0.0,1.0,8.27,-99,95.0,-89.9,85.8,112.8,0.0,0,0,0,0,-61,13.5,255,915.000,1108,0,
631264,PRELAUNCH,21,1.0,40.1630373,-74.0806628,26.8,0.0,9.70,-0.40,-0.60,0.0,-0.2,0.0,0.0,0.0,0.0,1.0,8.27,-95,95.0,-89.9,85.9,112.8,0.0,0,0,0,0,-59,12.2,255,915.000,1109,0,
631833,PRELAUNCH,22,1.0,40.1630373,-74.0806628,26.8,0.0,9.70,-0.40,-0.50,0.7,-0.2,0.0,0.0,0.0,0.0,1.0,8.27,-95,95.0,-90.1,85.9,112.8,0.0,0,0,0,0,-60,12.2,255,915.000,1110,0,
632912,PRELAUNCH,22,1.0,40.1630373,-74.0806628,26.8,0.0,9.70,-0.40,-0.50,-0.2,-0.2,-0.1,0.0,0.0,0.0,1.0,8.27,-101,95.0,-90.2,85.8,112.8,0.0,0,0,0,0,-59,12.8,255,915.000,1112,1,
632921,PRELAUNCH,22,1.0,40.1630373,-74.0806628,26.8,0.0,9.70,-0.40,-0.50,-0.2,-0.2,-0.1,0.0,0.0,0.0,1.0,8.27,-101,95.0,-90.2,85.8,112.8,0.0,0,0,0,0,-59,12.8,255,915.000,1112,-1,
633493,PRELAUNCH,18,1.0,40.1630373,-74.0806628,26.8,0.0,9.70,-0.50,-0.50,0.3,-0.1,-0.1,0.0,0.0,0.0,1.0,8.27,-102,95.0,-90.0,85.8,112.6,0.0,0,0,0,0,-62,13.2,255,915.000,1113,0,
634004,PRELAUNCH,20,1.0,40.1630373,-74.0806628,26.8,0.0,9.70,-0.40,-0.50,-0.5,0.2,-0.2,0.0,0.0,0.0,1.0,8.27,-96,95.0,-90.0,85.9,112.7,0.0,0,0,0,0,-62,12.8,255,915.000,1114,0,
634558,PRELAUNCH,20,1.0,40.1630373,-74.0806628,26.8,0.0,9.70,-0.30,-0.60,-0.5,0.0,-0.2,0.0,0.0,0.0,1.0,8.27,-97,95.0,-90.0,85.8,112.6,0.0,0,0,0,0,-64,12.8,255,915.000,1115,0,
635084,PRELAUNCH,23,1.0,40.1630373,-74.0806628,26.8,0.0,9.70,-0.40,-0.60,-0.5,0.0,0.0,0.0,0.0,0.0,1.0,8.27,-92,95.0,-89.9,85.9,112.6,0.0,0,0,0,0,-65,12.5,255,915.000,1116,0,
635618,PRELAUNCH,21,1.0,40.1630373,-74.0806628,26.8,0.0,9.70,-0.40,-0.60,-0.2,-0.2,-0.1,0.0,0.0,0.0,1.0,8.27,-99,95.0,-90.1,85.8,112.7,0.0,0,0,0,0,-66,12.2,255,915.000,1117,0,
636152,PRELAUNCH,20,1.0,40.1630373,-74.0806628,26.8,0.0,9.70,-0.40,-0.60,-0.2,0.0,-0.1,0.0,0.0,0.0,1.0,8.27,-101,95.0,-90.1,85.8,112.7,0.0,0,0,0,0,-67,12.2,255,915.000,1118,0,
636697,PRELAUNCH,22,1.0,40.1630373,-74.0806628,26.8,0.0,9.70,-0.50,-0.50,-0.8,0.1,-0.1,0.0,0.0,0.0,1.0,8.27,-101,95.0,-90.3,85.9,112.8,0.0,0,0,0,0,-69,12.8,255,915.000,1119,0,
637197,PRELAUNCH,20,1.0,40.1630373,-74.0806628,26.8,0.0,9.70,-0.40,-0.50,-0.2,-0.2,0.0,0.0,0.0,0.0,1.0,8.27,-96,95.0,-90.1,85.8,112.9,0.0,0,0,0,0,-69,13.5,255,915.000,1120,0,
637731,PRELAUNCH,23,1.0,40.1630373,-74.0806628,26.8,0.0,9.70,-0.40,-0.60,-0.1,-0.1,-0.2,0.0,0.0,0.0,1.0,8.27,-95,95.0,-90.5,85.9,113.1,0.0,0,0,0,0,-69,12.8,255,915.000,1121,0,
638324,PRELAUNCH,20,1.0,40.1630373,-74.0806628,26.8,0.0,9.70,-0.40,-0.60,-0.3,-0.3,-0.5,0.0,0.0,0.0,1.0,8.27,-111,95.0,-90.6,85.8,112.8,0.0,0,0,0,0,-69,12.5,255,915.000,1122,0,
638858,PRELAUNCH,20,1.0,40.1630373,-74.0806628,26.8,0.0,9.70,-0.50,-0.40,-0.1,-0.1,0.1,0.0,0.0,0.0,1.0,8.27,-101,95.0,-89.8,85.8,112.7,0.0,0,0,0,0,-71,13.2,255,915.000,1123,0,
639391,PRELAUNCH,21,1.0,40.1630373,-74.0806628,26.8,0.0,9.70,-0.40,-0.50,-0.1,-0.3,0.0,0.0,0.0,0.0,1.0,8.27,-101,95.0,-90.2,85.8,112.9,0.0,0,0,0,0,-72,14.2,255,915.000,1124,0,
639867,PRELAUNCH,21,1.0,40.1630373,-74.0806628,26.8,0.0,9.70,-0.40,-0.50,-0.1,-0.3,0.0,0.0,0.0,0.0,1.0,8.27,-94,95.0,-89.9,85.8,112.8,0.0,0,0,0,0,-71,13.5,255,915.000,1125,0,
640447,PRELAUNCH,20,1.0,40.1630373,-74.0806628,26.8,0.0,9.70,-0.40,-0.50,-0.3,0.1,-0.1,0.0,0.0,0.0,1.0,8.27,-95,95.0,-90.2,85.8,112.8,0.0,0,0,0,0,-68,12.8,255,915.000,1126,0,
640456,PRELAUNCH,20,1.0,40.1630373,-74.0806628,26.8,0.0,9.70,-0.40,-0.50,-0.3,0.1,-0.1,0.0,0.0,0.0,1.0,8.27,-95,95.0,-90.2,85.8,112.8,0.0,0,0,0,0,-68,12.8,255,915.000,1126,-1,
640969,PRELAUNCH,22,1.0,40.1630373,-74.0806628,26.8,0.0,9.70,-0.30,-0.50,-0.1,-0.3,-0.2,0.0,0.0,0.0,1.0,8.27,-109,95.0,-90.1,85.8,112.7,0.0,0,0,0,0,-65,12.8,255,915.000,1127,0,
641469,PRELAUNCH,20,1.0,40.1630373,-74.0806628,26.8,0.0,9.70,-0.40,-0.50,-0.1,0.1,0.0,0.0,0.0,0.0,1.0,8.27,-109,95.0,-90.1,85.8,113.0,0.0,0,0,0,0,-71,13.0,255,915.000,1128,0,
642050,PRELAUNCH,22,1.0,40.1630357,-74.0806515,27.0,0.0,9.70,-0.50,-0.70,0.1,-0.1,-0.2,0.0,0.0,0.0,1.0,8.27,-99,95.0,-90.1,85.8,112.8,0.0,0,0,0,0,-69,12.8,255,915.000,1129,0,
643129,PRELAUNCH,20,1.0,40.1630357,-74.0806515,27.0,0.0,9.70,-0.30,-0.50,0.2,0.0,-0.1,0.0,0.0,0.0,1.0,8.27,-102,95.0,-89.8,85.8,112.8,0.0,0,0,0,0,-70,12.2,255,915.000,1131,1,
643686,PRELAUNCH,19,1.0,40.1630357,-74.0806515,27.0,0.0,9.70,-0.50,-0.50,-0.1,-0.1,-0.1,0.0,0.0,0.0,1.0,8.27,-99,95.0,-89.8,85.9,112.7,0.0,0,0,0,0,-70,12.5,255,915.000,1132,0,
644265,PRELAUNCH,20,1.0,40.1630357,-74.0806515,27.0,0.0,9.70,-0.40,-0.50,-0.3,0.1,-0.1,0.0,0.0,0.0,1.0,8.27,-101,95.0,-89.7,85.8,112.5,0.0,0,0,0,0,-70,12.5,255,915.000,1133,0,
644836,PRELAUNCH,22,1.0,40.1630357,-74.0806515,27.0,0.0,9.70,-0.30,-0.40,0.0,-0.2,-0.1,0.0,0.0,0.0,1.0,8.27,-92,95.0,-89.7,85.8,112.7,0.0,0,0,0,0,-68,14.0,255,915.000,1134,0,
645393,PRELAUNCH,23,1.0,40.1630357,-74.0806515,27.0,0.0,9.70,-0.50,-0.50,0.1,-0.1,-0.1,0.0,0.0,0.0,1.0,8.27,-97,95.0,-89.7,85.8,112.2,0.0,0,0,0,0,-70,12.5,255,915.000,1135,0,
645901,PRELAUNCH,24,1.0,40.1630357,-74.0806515,27.0,0.0,9.70,-0.40,-0.50,-0.1,0.1,-0.1,0.0,0.0,0.0,1.0,8.27,-107,95.0,-89.6,85.9,112.6,0.0,0,0,0,0,-69,12.5,255,915.000,1136,0,
646450,PRELAUNCH,22,1.0,40.1630357,-74.0806515,27.0,0.0,9.70,-0.40,-0.50,0.0,0.0,-0.1,0.0,0.0,0.0,1.0,8.27,-97,95.0,-89.8,85.8,112.4,0.0,0,0,0,0,-71,14.0,255,915.000,1137,0,
647007,PRELAUNCH,24,1.0,40.1630357,-74.0806515,27.0,0.0,9.70,-0.40,-0.50,0.1,-0.1,0.0,0.0,0.0,0.0,1.0,8.27,-101,95.0,-89.5,85.8,112.4,0.0,0,0,0,0,-71,13.2,255,915.000,1138,0,
647548,PRELAUNCH,21,1.0,40.1630357,-74.0806515,27.0,0.0,9.70,-0.40,-0.60,-0.1,-0.1,-0.1,0.0,0.0,0.0,1.0,8.27,-97,95.0,-89.7,85.8,112.4,0.0,0,0,0,0,-71,13.2,255,915.000,1139,0,
648063,PRELAUNCH,21,1.0,40.1630357,-74.0806515,27.0,0.0,9.70,-0.40,-0.50,-0.2,0.0,-0.2,0.0,0.0,0.0,1.0,8.27,-92,95.0,-89.7,85.8,112.4,0.0,0,0,0,0,-71,12.8,255,915.000,1140,0,
648597,PRELAUNCH,22,1.0,40.1630357,-74.0806515,27.0,0.0,9.70,-0.40,-0.50,-0.5,0.0,-0.2,0.0,0.0,0.0,1.0,8.27,-100,95.0,-89.7,85.8,112.5,0.0,0,0,0,0,-70,12.2,255,915.000,1141,0,
649106,PRELAUNCH,20,1.0,40.1630357,-74.0806515,27.0,0.0,9.70,-0.40,-0.50,0.3,-0.3,0.0,0.0,0.0,0.0,1.0,8.27,-107,95.0,-89.8,85.8,112.5,0.0,0,0,0,0,-70,12.5,255,915.000,1142,0,
649631,PRELAUNCH,21,1.0,40.1630357,-74.0806515,27.0,0.0,9.70,-0.50,-0.60,-0.5,0.0,0.0,0.0,0.0,0.0,1.0,8.27,-99,95.0,-89.6,85.8,112.4,0.0,0,0,0,0,-71,13.2,255,915.000,1143,0,
650141,PRELAUNCH,19,1.0,40.1630357,-74.0806515,27.0,0.0,9.70,-0.40,-0.60,0.2,0.0,-0.2,0.0,0.0,0.0,1.0,8.27,-101,95.0,-89.9,85.9,112.5,0.0,0,0,0,0,-71,12.5,255,915.000,1144,0,
650664,PRELAUNCH,22,1.0,40.1630357,-74.0806515,27.0,0.0,9.70,-0.40,-0.50,-0.1,0.1,0.0,0.0,0.0,0.0,1.0,8.27,-101,95.0,-89.6,85.9,112.6,0.0,0,0,0,0,-69,13.0,255,915.000,1145,0,
651265,PRELAUNCH,20,1.0,40.1630288,-74.0806515,26.4,0.0,9.70,-0.40,-0.50,0.7,-0.3,0.0,0.0,0.0,0.0,1.0,8.27,-95,95.0,-90.0,85.8,112.9,0.0,0,0,0,0,-71,13.5,255,915.000,1146,0,
651837,PRELAUNCH,21,1.0,40.1630288,-74.0806515,26.4,0.0,9.70,-0.50,-0.50,0.3,-0.4,-0.4,0.0,0.0,0.0,1.0,8.27,-97,95.0,-90.3,85.9,112.6,0.0,0,0,0,0,-71,13.8,255,915.000,1147,0,
652420,PRELAUNCH,21,1.0,40.1630288,-74.0806515,26.4,0.0,9.70,-0.40,-0.50,-0.2,-0.2,-0.1,0.0,0.0,0.0,1.0,8.27,-95,95.0,-90.0,85.8,112.6,0.0,0,0,0,0,-70,12.5,255,915.000,1148,0,
653033,PRELAUNCH,20,1.0,40.1630288,-74.0806515,26.4,0.0,9.70,-0.40,-0.50,0.3,0.1,0.1,0.0,0.0,0.0,1.0,8.27,-104,95.0,-89.8,85.9,112.7,0.0,0,0,0,0,-70,12.5,255,915.000,1149,0,
653590,PRELAUNCH,22,1.0,40.1630288,-74.0806515,26.4,0.0,9.70,-0.40,-0.50,0.0,-0.2,-0.2,0.0,0.0,0.0,1.0,8.27,-97,95.0,-90.1,85.9,112.7,0.0,0,0,0,0,-70,12.8,255,915.000,1150,0,
654089,PRELAUNCH,20,1.0,40.1630288,-74.0806515,26.4,0.0,9.80,-0.50,-0.80,-0.3,-0.2,-0.4,0.0,0.0,0.0,1.0,8.27,-101,95.0,-90.1,86.0,112.8,0.0,0,0,0,0,-71,13.8,255,915.000,1151,0,
654671,PRELAUNCH,22,1.0,40.1630288,-74.0806515,26.4,0.0,9.70,-0.40,-0.50,-0.4,-0.3,-0.1,0.0,0.0,0.0,1.0,8.27,-94,95.0,-90.4,85.8,112.7,0.0,0,0,0,0,-70,12.2,255,915.000,1152,0,
655215,PRELAUNCH,22,1.0,40.1630288,-74.0806515,26.4,0.0,9.70,-0.50,-0.60,0.3,-0.3,0.1,0.0,0.0,0.0,1.0,8.27,-95,95.0,-90.1,85.8,112.7,0.0,0,0,0,0,-67,12.8,255,915.000,1153,0,
655793,PRELAUNCH,24,1.0,40.1630288,-74.0806515,26.4,0.0,9.70,-0.50,-0.60,-0.3,-0.1,0.0,0.0,0.0,0.0,1.0,8.27,-97,95.0,-90.4,85.9,112.9,0.0,0,0,0,0,-68,12.2,255,915.000,1154,0,
656364,PRELAUNCH,23,1.0,40.1630288,-74.0806515,26.4,0.0,9.70,-0.30,-0.50,-1.0,0.2,-0.2,0.0,0.0,0.0,1.0,8.27,-106,95.0,-90.8,85.9,112.8,0.0,0,0,0,0,-67,12.2,255,915.000,1155,0,
656895,PRELAUNCH,24,1.0,40.1630288,-74.0806515,26.4,0.0,9.80,-0.30,-0.60,0.4,-0.1,0.2,0.0,0.0,0.0,1.0,8.27,-101,95.0,-90.7,85.9,113.2,0.0,0,0,0,0,-67,12.5,255,915.000,1156,0,
657409,PRELAUNCH,20,1.0,40.1630288,-74.0806515,26.4,0.0,9.70,-0.50,-0.60,-0.3,-0.4,0.0,0.0,0.0,0.0,1.0,8.27,-102,95.0,-91.0,85.8,113.0,0.0,0,0,0,0,-68,12.8,255,915.000,1157,0,
657967,PRELAUNCH,22,1.0,40.1630288,-74.0806515,26.4,0.0,9.70,-0.40,-0.50,-0.2,-0.2,-0.2,0.0,0.0,0.0,1.0,8.27,-97,95.0,-90.8,85.9,113.0,0.0,0,0,0,0,-67,12.5,255,915.000,1158,0,
658524,PRELAUNCH,23,1.0,40.1630288,-74.0806515,26.4,0.0,9.80,-0.50,-0.50,0.1,-0.1,-0.1,0.0,0.0,0.0,1.0,8.27,-101,95.0,-90.7,85.8,113.0,0.0,0,0,0,0,-66,13.0,255,915.000,1159,0,
659105,PRELAUNCH,22,1.0,40.1630288,-74.0806515,26.4,0.0,9.70,-0.40,-0.50,-0.9,0.0,0.0,0.0,0.0,0.0,1.0,8.27,-99,95.0,-90.6,85.9,113.2,0.0,0,0,0,0,-66,13.0,255,915.000,1160,0,
659615,PRELAUNCH,22,1.0,40.1630344,-74.0806483,25.7,0.0,9.70,-0.40,-0.50,-0.3,-0.1,-0.1,0.0,0.0,0.0,1.0,8.27,-97,95.0,-90.9,86.0,113.5,0.0,0,0,0,0,-67,12.5,255,915.000,1161,0,
660162,PRELAUNCH,21,1.0,40.1630344,-74.0806483,25.7,0.0,9.70,-0.40,-0.50,-0.2,0.0,-0.1,0.0,0.0,0.0,1.0,8.27,-97,95.0,-91.0,85.9,113.5,0.0,0,0,0,0,-66,12.2,255,915.000,1162,0,
660730,PRELAUNCH,21,1.0,40.1630344,-74.0806483,25.7,0.0,9.70,-0.60,-0.60,0.1,-0.3,0.0,0.0,0.0,0.0,1.0,8.27,-102,95.0,-90.9,85.8,113.4,0.0,0,0,0,0,-71,13.5,255,915.000,1163,0,
661264,PRELAUNCH,23,1.0,40.1630344,-74.0806483,25.7,0.0,9.70,-0.40,-0.50,-0.2,0.0,0.0,0.0,0.0,0.0,1.0,8.27,-102,95.0,-91.0,85.8,113.5,0.0,0,0,0,0,-74,13.8,255,915.000,1164,0,
661865,PRELAUNCH,24,1.0,40.1630344,-74.0806483,25.7,0.0,9.70,-0.40,-0.50,-0.6,-0.1,-0.2,0.0,0.0,0.0,1.0,8.27,-104,95.0,-91.1,85.8,113.5,0.0,0,0,0,0,-67,12.2,255,915.000,1165,0,
662469,PRELAUNCH,24,1.0,40.1630344,-74.0806483,25.7,0.0,9.70,-0.40,-0.50,-0.1,-0.1,-0.1,0.0,0.0,0.0,1.0,8.27,-99,95.0,-90.9,85.8,113.6,0.0,0,0,0,0,-66,12.5,255,915.000,1166,0,
662994,PRELAUNCH,22,1.0,40.1630344,-74.0806483,25.7,0.0,9.70,-0.40,-0.50,-0.3,-0.1,0.0,0.0,0.0,0.0,1.0,8.27,-101,95.0,-90.8,85.8,113.7,0.0,0,0,0,0,-67,12.8,255,915.000,1167,0,
663525,PRELAUNCH,22,1.0,40.1630344,-74.0806483,25.7,0.0,9.70,-0.30,-0.50,-0.2,0.0,-0.1,0.0,0.0,0.0,1.0,8.27,-101,95.0,-90.8,85.8,113.5,0.0,0,0,0,0,-72,14.2,255,915.000,1168,0,
664062,PRELAUNCH,22,1.0,40.1630344,-74.0806483,25.7,0.0,9.70,-0.40,-0.50,0.3,-0.3,-0.1,0.0,0.0,0.0,1.0,8.27,-105,95.0,-91.0,85.8,113.6,0.0,0,0,0,0,-71,13.5,255,915.000,1169,0,
664605,PRELAUNCH,24,1.0,40.1630344,-74.0806483,25.7,0.0,9.70,-0.30,-0.60,0.2,0.0,0.0,0.0,0.0,0.0,1.0,8.27,-111,95.0,-90.8,85.9,113.8,0.0,0,0,0,0,-71,13.0,255,915.000,1170,0,
665174,PRELAUNCH,22,1.0,40.1630344,-74.0806483,25.7,0.0,9.70,-0.40,-0.60,-0.2,0.0,-0.2,0.0,0.0,0.0,1.0,8.27,-99,95.0,-90.9,85.9,113.6,0.0,0,0,0,0,-71,13.5,255,915.000,1171,0,
665710,PRELAUNCH,22,1.0,40.1630344,-74.0806483,25.7,0.0,9.70,-0.40,-0.50,-0.3,0.0,-0.1,0.0,0.0,0.0,1.0,8.27,-107,95.0,-90.8,85.8,113.4,0.0,0,0,0,0,-72,12.5,255,915.000,1172,0,
666268,PRELAUNCH,22,1.0,40.1630344,-74.0806483,25.7,0.0,9.70,-0.40,-0.50,0.2,-0.2,0.0,0.0,0.0,0.0,1.0,8.27,-92,95.0,-90.8,85.8,113.3,0.0,0,0,0,0,-69,12.8,255,915.000,1173,0,
666869,PRELAUNCH,20,1.0,40.1630400,-74.0806450,24.9,0.0,9.70,-0.50,-0.50,0.2,0.0,-0.2,0.0,0.0,0.0,1.0,8.27,-102,95.0,-90.7,85.9,113.5,0.0,0,0,0,0,-67,12.5,255,915.000,1174,0,
667464,PRELAUNCH,21,1.0,40.1630400,-74.0806450,24.9,0.0,9.70,-0.50,-0.50,-0.2,-0.2,-0.1,0.0,0.0,0.0,1.0,8.27,-96,95.0,-90.7,85.8,113.4,0.0,0,0,0,0,-68,14.2,255,915.000,1175,0,
668053,PRELAUNCH,20,1.0,40.1630400,-74.0806450,24.9,0.0,9.70,-0.40,-0.50,-0.1,-0.1,-0.1,0.0,0.0,0.0,1.0,8.27,-102,95.0,-90.6,85.8,113.4,0.0,0,0,0,0,-70,12.5,255,915.000,1176,0,
668531,PRELAUNCH,22,1.0,40.1630400,-74.0806450,24.9,0.0,9.70,-0.40,-0.50,-0.3,-0.1,-0.2,0.0,0.0,0.0,1.0,8.27,-95,95.0,-90.7,85.8,113.4,0.0,0,0,0,0,-70,12.5,255,915.000,1177,0,
669144,PRELAUNCH,21,1.0,40.1630400,-74.0806450,24.9,0.0,9.70,-0.50,-0.50,-0.3,0.1,0.0,0.0,0.0,0.0,1.0,8.27,-101,95.0,-90.6,85.8,113.3,0.0,0,0,0,0,-71,13.0,255,915.000,1178,0,
669681,PRELAUNCH,19,1.0,40.1630400,-74.0806450,24.9,0.0,9.70,-0.40,-0.50,0.2,-0.2,0.0,0.0,0.0,0.0,1.0,8.27,-96,95.0,-90.6,85.8,113.5,0.0,0,0,0,0,-68,13.2,255,915.000,1179,0,
670224,PRELAUNCH,22,1.0,40.1630400,-74.0806450,24.9,0.0,9.70,-0.40,-0.50,-0.1,-0.1,-0.1,0.0,0.0,0.0,1.0,8.27,-99,95.0,-90.8,85.9,113.6,0.0,0,0,0,0,-71,13.5,255,915.000,1180,0,
670796,PRELAUNCH,20,1.0,40.1630400,-74.0806450,24.9,0.0,9.70,-0.40,-0.50,-0.1,-0.1,-0.1,0.0,0.0,0.0,1.0,8.27,-99,95.0,-90.8,85.8,113.6,0.0,0,0,0,0,-75,13.2,255,915.000,1181,0,
671292,PRELAUNCH,22,1.0,40.1630400,-74.0806450,24.9,0.0,9.70,-0.40,-0.50,0.1,-0.1,-0.2,0.0,0.0,0.0,1.0,8.27,-94,95.0,-90.7,85.8,113.5,0.0,0,0,0,0,-76,13.2,255,915.000,1182,0,
671838,PRELAUNCH,21,1.0,40.1630400,-74.0806450,24.9,0.0,9.70,-0.40,-0.50,0.1,-0.3,-0.2,0.0,0.0,0.0,1.0,8.27,-96,95.0,-90.6,85.8,113.4,0.0,0,0,0,0,-73,12.8,255,915.000,1183,0,
672386,PRELAUNCH,22,1.0,40.1630400,-74.0806450,24.9,0.0,9.70,-0.40,-0.50,-0.1,-0.1,-0.2,0.0,0.0,0.0,1.0,8.27,-97,95.0,-90.6,85.8,113.3,0.0,0,0,0,0,-73,12.8,255,915.000,1184,0,
672909,PRELAUNCH,20,1.0,40.1630469,-74.0806450,25.6,0.0,9.70,-0.40,-0.50,-0.1,-0.1,0.0,0.0,0.0,0.0,1.0,8.27,-99,95.0,-90.4,85.8,113.4,0.0,0,0,0,0,-70,12.8,255,915.000,1185,0,
673463,PRELAUNCH,21,1.0,40.1630469,-74.0806450,25.6,0.0,9.70,-0.40,-0.50,0.0,-0.2,0.0,0.0,0.0,0.0,1.0,8.27,-100,95.0,-90.4,85.8,113.3,0.0,0,0,0,0,-69,12.8,255,915.000,1186,0,
673965,PRELAUNCH,21,1.0,40.1630469,-74.0806450,25.6,0.0,9.70,-0.40,-0.50,0.1,-0.1,-0.2,0.0,0.0,0.0,1.0,8.27,-96,95.0,-90.3,85.8,113.0,0.0,0,0,0,0,-70,12.5,255,915.000,1187,0,
674476,PRELAUNCH,20,1.0,40.1630469,-74.0806450,25.6,0.0,9.70,-0.40,-0.50,0.2,-0.2,-0.2,0.0,0.0,0.0,1.0,8.27,-95,95.0,-90.4,85.8,113.2,0.0,0,0,0,0,-69,13.5,255,915.000,1188,0,
675010,PRELAUNCH,18,1.0,40.1630469,-74.0806450,25.6,0.0,9.70,-0.40,-0.50,-0.1,0.1,-0.1,0.0,0.0,0.0,1.0,8.27,-101,95.0,-90.3,85.8,113.2,0.0,0,0,0,0,-71,13.2,255,915.000,1189,0,
675614,PRELAUNCH,20,1.0,40.1630469,-74.0806450,25.6,0.0,9.70,-0.40,-0.50,0.1,-0.3,-0.1,0.0,0.0,0.0,1.0,8.27,-100,95.0,-90.3,85.8,113.1,0.0,0,0,0,0,-69,12.5,255,915.000,1190,0,
676192,PRELAUNCH,20,1.0,40.1630469,-74.0806450,25.6,0.0,9.70,-0.40,-0.50,0.1,0.1,-0.1,0.0,0.0,0.0,1.0,8.27,-97,95.0,-90.4,85.8,113.2,0.0,0,0,0,0,-65,13.0,255,915.000,1191,0,
676694,PRELAUNCH,21,1.0,40.1630469,-74.0806450,25.6,0.0,9.70,-0.40,-0.50,-0.2,-0.2,-0.1,0.0,0.0,0.0,1.0,8.27,-95,95.0,-90.3,85.8,113.0,0.0,0,0,0,0,-67,12.2,255,915.000,1192,0,
677239,PRELAUNCH,20,1.0,40.1630469,-74.0806450,25.6,0.0,9.70,-0.40,-0.60,0.1,-0.1,-0.1,0.0,0.0,0.0,1.0,8.27,-100,95.0,-90.3,85.8,113.0,0.0,0,0,0,0,-70,12.2,255,915.000,1193,0,
677758,PRELAUNCH,19,1.0,40.1630469,-74.0806450,25.6,0.0,9.70,-0.40,-0.50,-0.1,-0.1,-0.1,0.0,0.0,0.0,1.0,8.27,-110,95.0,-90.4,85.8,113.2,0.0,0,0,0,0,-70,12.8,255,915.000,1194,0,
678318,PRELAUNCH,21,1.0,40.1630400,-74.0806450,24.9,0.0,9.70,-0.40,-0.50,-0.1,-0.1,-0.1,0.0,0.0,0.0,1.0,8.27,-105,95.0,-90.3,85.8,113.2,0.0,0,0,0,0,-67,11.8,255,915.000,1195,0,
678853,PRELAUNCH,21,1.0,40.1630400,-74.0806450,24.9,0.0,9.70,-0.40,-0.50,0.0,0.0,-0.1,0.0,0.0,0.0,1.0,8.27,-97,95.0,-90.2,85.8,113.1,0.0,0,0,0,0,-79,11.8,255,915.000,1196,0,
679341,PRELAUNCH,22,1.0,40.1630400,-74.0806450,24.9,0.0,9.70,-0.40,-0.50,0.3,-0.1,0.0,0.0,0.0,0.0,1.0,8.27,-106,95.0,-90.2,85.8,112.9,0.0,0,0,0,0,-73,12.5,255,915.000,1197,0,
679886,PRELAUNCH,21,1.0,40.1630416,-74.0806563,24.7,0.0,9.70,-0.40,-0.50,-0.1,-0.3,-0.1,0.0,0.0,0.0,1.0,8.27,-95,95.0,-90.1,85.8,112.9,0.0,0,0,0,0,-65,14.0,255,915.000,1198,0,
680443,PRELAUNCH,19,1.0,40.1630416,-74.0806563,24.7,0.0,9.70,-0.40,-0.50,-0.1,-0.1,-0.1,0.0,0.0,0.0,1.0,8.27,-97,95.0,-90.1,85.8,112.9,0.0,0,0,0,0,-67,11.5,255,915.000,1199,0,
680997,PRELAUNCH,21,1.0,40.1630416,-74.0806563,24.7,0.0,9.70,-0.40,-0.50,-0.1,-0.1,-0.1,0.0,0.0,0.0,1.0,8.27,-105,95.0,-90.0,85.8,112.9,0.0,0,0,0,0,-68,12.8,255,915.000,1200,0,
681569,PRELAUNCH,20,1.0,40.1630416,-74.0806563,24.7,0.0,9.70,-0.40,-0.50,-0.1,-0.1,0.0,0.0,0.0,0.0,1.0,8.27,-97,95.0,-89.9,85.8,112.9,0.0,0,0,0,0,-67,12.5,255,915.000,1201,0,
682136,PRELAUNCH,20,1.0,40.1630416,-74.0806563,24.7,0.0,9.70,-0.40,-0.50,0.1,-0.1,-0.1,0.0,0.0,0.0,1.0,8.27,-95,95.0,-89.9,85.8,112.7,0.0,0,0,0,0,-67,11.8,255,915.000,1202,0,
683195,PRELAUNCH,18,1.0,40.1630416,-74.0806563,24.7,0.0,9.70,-0.40,-0.50,0.3,-0.3,0.0,0.0,0.0,0.0,1.0,8.27,-95,95.0,-89.9,85.8,112.7,0.0,0,0,0,0,-67,12.5,255,915.000,1204,1,
683726,PRELAUNCH,18,1.0,40.1630416,-74.0806563,24.7,0.0,9.70,-0.50,-0.50,0.4,-0.1,0.0,0.0,0.0,0.0,1.0,8.27,-97,95.0,-89.9,85.9,112.9,0.0,0,0,0,0,-71,12.8,255,915.000,1205,0,
684205,PRELAUNCH,21,1.0,40.1630416,-74.0806563,24.7,0.0,9.70,-0.40,-0.50,-0.2,0.2,-0.1,0.0,0.0,0.0,1.0,8.27,-99,95.0,-90.0,85.8,112.7,0.0,0,0,0,0,-69,13.2,255,915.000,1206,0,
684771,PRELAUNCH,22,1.0,40.1630416,-74.0806563,24.7,0.0,9.70,-0.40,-0.60,0.0,-0.2,-0.2,0.0,0.0,0.0,1.0,8.27,-102,95.0,-90.1,85.8,112.8,0.0,0,0,0,0,-68,14.0,255,915.000,1207,0,
685270,PRELAUNCH,21,1.0,40.1630484,-74.0806563,25.4,0.0,9.70,-0.40,-0.50,-0.1,-0.3,0.0,0.0,0.0,0.0,1.0,8.27,-101,95.0,-90.1,85.8,112.8,0.0,0,0,0,0,-69,12.8,255,915.000,1208,0,
685854,PRELAUNCH,18,1.0,40.1630484,-74.0806563,25.4,0.0,9.70,-0.40,-0.60,0.1,-0.1,0.0,0.0,0.0,0.0,1.0,8.27,-99,95.0,-89.9,85.8,112.9,0.0,0,0,0,0,-71,12.0,255,915.000,1209,0,
686377,PRELAUNCH,20,1.0,40.1630484,-74.0806563,25.4,0.0,9.70,-0.40,-0.50,-0.2,0.0,-0.2,0.0,0.0,0.0,1.0,8.27,-97,95.0,-90.1,85.8,112.7,0.0,0,0,0,0,-74,12.5,255,915.000,1210,0,
686910,PRELAUNCH,20,1.0,40.1630484,-74.0806563,25.4,0.0,9.70,-0.40,-0.50,0.0,-0.2,-0.1,0.0,0.0,0.0,1.0,8.27,-100,95.0,-89.9,85.8,112.8,0.0,0,0,0,0,-70,12.5,255,915.000,1211,0,
687445,PRELAUNCH,20,1.0,40.1630484,-74.0806563,25.4,0.0,9.70,-0.40,-0.50,0.0,-0.3,-0.1,0.0,0.0,0.0,1.0,8.27,-90,95.0,-90.0,85.8,113.1,0.0,0,0,0,0,-68,12.8,255,915.000,1212,0,
688013,PRELAUNCH,19,1.0,40.1630484,-74.0806563,25.4,0.0,9.70,-0.40,-0.50,-0.1,-0.3,-0.1,0.0,0.0,0.0,1.0,8.27,-101,95.0,-90.0,85.8,112.8,0.0,0,0,0,0,-66,12.5,255,915.000,1213,0,
688605,PRELAUNCH,20,1.0,40.1630484,-74.0806563,25.4,0.0,9.70,-0.40,-0.50,-0.1,-0.1,-0.1,0.0,0.0,0.0,1.0,8.27,-100,95.0,-89.9,85.8,112.7,0.0,0,0,0,0,-71,14.0,255,915.000,1214,0,
689162,PRELAUNCH,21,1.0,40.1630484,-74.0806563,25.4,0.0,9.70,-0.40,-0.50,-0.1,-0.1,0.0,0.0,0.0,0.0,1.0,8.27,-97,95.0,-89.9,85.8,113.0,0.0,0,0,0,0,-68,13.5,255,915.000,1215,0,
689754,PRELAUNCH,20,1.0,40.1630484,-74.0806563,25.4,0.0,9.70,-0.40,-0.50,-0.1,-0.3,-0.2,0.0,0.0,0.0,1.0,8.27,-104,95.0,-89.9,85.8,112.7,0.0,0,0,0,0,-68,13.8,255,915.000,1216,0,
690251,PRELAUNCH,19,1.0,40.1630484,-74.0806563,25.4,0.0,9.70,-0.40,-0.50,-0.1,-0.1,-0.1,0.0,0.0,0.0,1.0,8.27,-101,95.0,-89.8,85.8,112.6,0.0,0,0,0,0,-67,12.5,255,915.000,1217,0,
690765,PRELAUNCH,20,1.0,40.1630484,-74.0806563,25.4,0.0,9.70,-0.40,-0.50,0.0,-0.2,-0.1,0.0,0.0,0.0,1.0,8.27,-97,95.0,-89.7,85.8,112.7,0.0,0,0,0,0,-69,13.2,255,915.000,1218,0,
691276,PRELAUNCH,21,1.0,40.1630484,-74.0806563,25.4,0.0,9.70,-0.40,-0.50,0.0,-0.2,0.1,0.0,0.0,0.0,1.0,8.27,-100,95.0,-89.7,85.8,112.6,0.0,0,0,0,0,-68,14.2,255,915.000,1219,0,
691810,PRELAUNCH,17,1.0,40.1630484,-74.0806563,25.4,0.0,9.70,-0.40,-0.50,-0.3,-0.1,0.0,0.0,0.0,0.0,1.0,8.27,-99,95.0,-89.7,85.8,112.6,0.0,0,0,0,0,-68,14.0,255,915.000,1220,0,
692367,PRELAUNCH,19,1.0,40.1630484,-74.0806563,25.4,0.0,9.70,-0.40,-0.50,-0.1,-0.1,-0.1,0.0,0.0,0.0,1.0,8.27,-100,95.0,-89.7,85.8,112.6,0.0,0,0,0,0,-70,12.5,255,915.000,1221,0,
693400,PRELAUNCH,19,1.0,40.1630484,-74.0806563,25.4,0.0,9.70,-0.40,-0.50,0.0,-0.2,-0.1,0.0,0.0,0.0,1.0,8.27,-102,95.0,-89.7,85.8,112.6,0.0,0,0,0,0,-69,14.0,255,915.000,1223,1,
693922,PRELAUNCH,20,1.0,40.1630484,-74.0806563,25.4,0.0,9.70,-0.40,-0.50,-0.1,-0.1,-0.1,0.0,0.0,0.0,1.0,8.27,-95,95.0,-89.7,85.7,112.5,0.0,0,0,0,0,-74,13.8,255,915.000,1224,0,
694492,PRELAUNCH,20,1.0,40.1630484,-74.0806563,25.4,0.0,9.70,-0.40,-0.50,0.2,-0.2,0.1,0.0,0.0,0.0,1.0,8.27,-101,95.0,-89.7,85.8,112.6,0.0,0,0,0,0,-73,12.5,255,915.000,1225,0,
694968,PRELAUNCH,21,1.0,40.1630484,-74.0806563,25.4,0.0,9.70,-0.40,-0.50,0.0,-0.2,0.0,0.0,0.0,0.0,1.0,8.27,-95,95.0,-89.8,85.8,112.6,0.0,0,0,0,0,-69,12.5,255,915.000,1226,0,
695534,PRELAUNCH,17,1.0,40.1630484,-74.0806563,25.4,0.0,9.70,-0.40,-0.50,0.1,-0.1,-0.1,0.0,0.0,0.0,1.0,8.27,-100,95.0,-89.7,85.8,112.6,0.0,0,0,0,0,-69,12.8,255,915.000,1227,0,
696129,PRELAUNCH,22,1.0,40.1630484,-74.0806563,25.4,0.0,9.70,-0.40,-0.50,0.0,0.0,0.0,0.0,0.0,0.0,1.0,8.27,-96,95.0,-89.6,85.8,112.4,0.0,0,0,0,0,-64,13.8,255,915.000,1228,0,
696744,PRELAUNCH,16,1.0,40.1630484,-74.0806563,25.4,0.0,9.70,-0.40,-0.50,-0.1,-0.1,-0.1,0.0,0.0,0.0,1.0,8.27,-94,95.0,-89.6,85.8,112.5,0.0,0,0,0,0,-68,12.5,255,915.000,1229,0,
697291,PRELAUNCH,21,1.0,40.1630553,-74.0806563,26.0,0.0,9.70,-0.40,-0.50,0.0,0.0,-0.2,0.0,0.0,0.0,1.0,8.27,-95,95.0,-89.7,85.8,112.6,0.0,0,0,0,0,-68,13.2,255,915.000,1230,0,
697858,PRELAUNCH,22,1.0,40.1630553,-74.0806563,26.0,0.0,9.70,-0.40,-0.50,0.0,-0.2,0.0,0.0,0.0,0.0,1.0,8.27,-97,95.0,-89.7,85.8,112.6,0.0,0,0,0,0,-71,13.5,255,915.000,1231,0,
698346,PRELAUNCH,21,1.0,40.1630553,-74.0806563,26.0,0.0,9.70,-0.40,-0.50,0.1,-0.1,-0.1,0.0,0.0,0.0,1.0,8.27,-101,95.0,-89.6,85.8,112.4,0.0,0,0,0,0,-68,13.2,255,915.000,1232,0,
698915,PRELAUNCH,21,1.0,40.1630553,-74.0806563,26.0,0.0,9.70,-0.40,-0.50,0.0,0.0,-0.1,0.0,0.0,0.0,1.0,8.27,-95,95.0,-89.6,85.8,112.4,0.0,0,0,0,0,-68,12.5,255,915.000,1233,0,
699449,PRELAUNCH,21,1.0,40.1630553,-74.0806563,26.0,0.0,9.70,-0.40,-0.50,0.0,0.0,-0.1,0.0,0.0,0.0,1.0,8.27,-97,95.0,-89.7,85.8,112.6,0.0,0,0,0,0,-67,12.2,255,915.000,1234,0,
699960,PRELAUNCH,20,1.0,40.1630553,-74.0806563,26.0,0.0,9.70,-0.40,-0.50,-0.1,-0.1,-0.1,0.0,0.0,0.0,1.0,8.27,-109,95.0,-89.7,85.8,112.6,0.0,0,0,0,0,-67,12.8,255,915.000,1235,0,
700549,PRELAUNCH,21,1.0,40.1630553,-74.0806563,26.0,0.0,9.70,-0.40,-0.50,-0.1,-0.1,-0.1,0.0,0.0,0.0,1.0,8.27,-97,95.0,-89.6,85.8,112.4,0.0,0,0,0,0,-69,13.2,255,915.000,1236,0,
701083,PRELAUNCH,20,1.0,40.1630553,-74.0806563,26.0,0.0,9.70,-0.40,-0.50,-0.1,-0.1,-0.1,0.0,0.0,0.0,1.0,8.27,-101,95.0,-89.6,85.8,112.4,0.0,0,0,0,0,-70,12.5,255,915.000,1237,0,
701596,PRELAUNCH,22,1.0,40.1630553,-74.0806563,26.0,0.0,9.70,-0.40,-0.50,-0.1,-0.1,-0.1,0.0,0.0,0.0,1.0,8.27,-99,95.0,-89.5,85.8,112.4,0.0,0,0,0,0,-71,12.5,255,915.000,1238,0,
702117,PRELAUNCH,20,1.0,40.1630553,-74.0806563,26.0,0.0,9.70,-0.40,-0.50,0.1,-0.3,-0.1,0.0,0.0,0.0,1.0,8.27,-96,95.0,-89.6,85.8,112.5,0.0,0,0,0,0,-70,12.5,255,915.000,1239,0,
703257,PRELAUNCH,20,1.0,40.1630553,-74.0806563,26.0,0.0,9.70,-0.40,-0.50,0.0,-0.2,-0.1,0.0,0.0,0.0,1.0,8.27,-109,95.0,-89.5,85.8,112.4,0.0,0,0,0,0,-68,13.5,255,915.000,1241,1,
703834,PRELAUNCH,21,1.0,40.1630553,-74.0806563,26.0,0.0,9.70,-0.40,-0.50,0.0,-0.2,0.0,0.0,0.0,0.0,1.0,8.27,-97,95.0,-89.5,85.8,112.3,0.0,0,0,0,0,-64,14.0,255,915.000,1242,0,
704360,PRELAUNCH,21,1.0,40.1630553,-74.0806563,26.0,0.0,9.70,-0.40,-0.50,-0.1,-0.1,-0.1,0.0,0.0,0.0,1.0,8.27,-99,95.0,-89.5,85.8,112.3,0.0,0,0,0,0,-61,14.5,255,915.000,1243,0,
704894,PRELAUNCH,22,1.0,40.1630553,-74.0806563,26.0,0.0,9.70,-0.40,-0.50,0.1,-0.1,-0.1,0.0,0.0,0.0,1.0,8.27,-102,95.0,-89.5,85.8,112.4,0.0,0,0,0,0,-60,13.8,255,915.000,1244,0,
705416,PRELAUNCH,19,1.0,40.1630553,-74.0806563,26.0,0.0,9.70,-0.40,-0.50,0.0,0.0,-0.1,0.0,0.0,0.0,1.0,8.27,-110,95.0,-89.4,85.8,112.3,0.0,0,0,0,0,-60,12.2,255,915.000,1245,0,
705986,PRELAUNCH,19,2.0,40.1630553,-74.0806563,26.0,0.0,9.70,-0.40,-0.50,-0.1,-0.1,-0.1,0.0,0.0,0.0,1.0,8.27,-94,95.0,-89.4,85.7,112.3,0.0,0,0,0,0,-60,14.2,255,915.000,1246,0,
706542,PRELAUNCH,19,2.0,40.1630553,-74.0806563,26.0,0.0,9.70,-0.40,-0.50,0.0,-0.2,-0.1,0.0,0.0,0.0,1.0,8.27,-101,95.0,-89.5,85.8,112.3,0.0,0,0,0,0,-62,12.5,255,915.000,1247,0,
707007,PRELAUNCH,19,1.0,40.1630553,-74.0806563,26.0,0.0,9.70,-0.40,-0.50,-0.1,0.1,0.0,0.0,0.0,0.0,1.0,8.27,-89,95.0,-89.4,85.8,112.4,0.0,0,0,0,0,-63,12.5,255,915.000,1248,0,
707599,PRELAUNCH,21,1.0,40.1630553,-74.0806563,26.0,0.0,9.70,-0.40,-0.50,-0.1,-0.1,-0.1,0.0,0.0,0.0,1.0,8.27,-95,95.0,-89.4,85.8,112.5,0.0,0,0,0,0,-64,12.0,255,915.000,1249,0,
708121,PRELAUNCH,19,1.0,40.1630553,-74.0806563,26.0,0.0,9.70,-0.50,-0.40,-0.1,-0.1,0.0,0.0,0.0,0.0,1.0,8.27,-97,95.0,-89.3,85.9,112.3,0.0,0,0,0,0,-64,13.5,255,915.000,1250,0,
708663,PRELAUNCH,20,1.0,40.1630553,-74.0806563,26.0,0.0,9.70,-0.40,-0.60,-0.3,0.0,0.0,0.0,0.0,0.0,1.0,8.27,-99,95.0,-89.4,85.8,112.3,0.0,0,0,0,0,-65,13.0,255,915.000,1251,0,
709224,PRELAUNCH,20,1.0,40.1630553,-74.0806563,26.0,0.0,9.70,-0.40,-0.50,0.2,-0.2,-0.1,0.0,0.0,0.0,1.0,8.27,-97,95.0,-89.7,85.8,112.3,0.0,0,0,0,0,-66,12.2,255,915.000,1252,0,
709791,PRELAUNCH,20,1.0,40.1630553,-74.0806563,26.0,0.0,9.70,-0.50,-0.60,-0.3,0.1,-0.1,0.0,0.0,0.0,1.0,8.27,-99,95.0,-89.7,85.8,112.4,0.0,0,0,0,0,-65,14.2,255,915.000,1253,0,
710314,PRELAUNCH,21,1.0,40.1630553,-74.0806563,26.0,0.0,9.70,-0.40,-0.50,-0.2,0.0,-0.1,0.0,0.0,0.0,1.0,8.27,-100,95.0,-89.9,85.8,112.5,0.0,0,0,0,0,-65,12.5,255,915.000,1254,0,
710893,PRELAUNCH,18,2.0,40.1630553,-74.0806563,26.0,0.0,9.70,-0.40,-0.50,0.0,-0.2,0.0,0.0,0.0,0.0,1.0,8.27,-104,95.0,-89.9,85.7,112.6,0.0,0,0,0,0,-66,12.2,255,915.000,1255,0,
711396,PRELAUNCH,20,1.0,40.1630553,-74.0806563,26.0,0.0,9.70,-0.50,-0.50,-0.1,0.1,-0.2,0.0,0.0,0.0,1.0,8.27,-99,95.0,-90.0,85.8,112.6,0.0,0,0,0,0,-65,12.5,255,915.000,1256,0,
711976,PRELAUNCH,21,1.0,40.1630553,-74.0806563,26.0,0.0,9.70,-0.40,-0.60,-0.3,0.0,-0.2,0.0,0.0,0.0,1.0,8.27,-94,95.0,-89.9,85.8,112.8,0.0,0,0,0,0,-67,13.2,255,915.000,1257,0,
712635,PRELAUNCH,20,1.0,40.1630553,-74.0806563,26.0,0.0,9.70,-0.40,-0.60,0.4,-0.3,0.1,0.0,0.0,0.0,1.0,8.27,-97,95.0,-89.7,85.7,112.7,0.0,0,0,0,0,-66,12.5,255,915.000,1258,0,
713195,PRELAUNCH,20,1.0,40.1630553,-74.0806563,26.0,0.0,9.70,-0.40,-0.50,-0.3,-0.1,-0.1,0.0,0.0,0.0,1.0,8.27,-102,95.0,-89.7,85.8,112.5,0.0,0,0,0,0,-67,12.2,255,915.000,1259,0,
713811,PRELAUNCH,20,1.0,40.1630553,-74.0806563,26.0,0.0,9.70,-0.40,-0.50,0.1,-0.3,0.0,0.0,0.0,0.0,1.0,8.27,-97,95.0,-89.6,85.8,112.4,0.0,0,0,0,0,-67,12.5,255,915.000,1260,0,
714284,PRELAUNCH,20,1.0,40.1630553,-74.0806563,26.0,0.0,9.70,-0.40,-0.50,0.3,-0.3,0.0,0.0,0.0,0.0,1.0,8.27,-102,95.0,-89.5,85.8,112.5,0.0,0,0,0,0,-67,12.2,255,915.000,1261,0,
714867,PRELAUNCH,20,1.0,40.1630553,-74.0806563,26.0,0.0,9.70,-0.40,-0.50,0.1,-0.1,0.0,0.0,0.0,0.0,1.0,8.27,-161,94.0,-89.6,85.8,112.4,0.0,0,0,0,0,-66,12.5,255,915.000,1262,0,
715398,PRELAUNCH,21,1.0,40.1630553,-74.0806563,26.0,0.0,9.70,-0.40,-0.50,-0.2,0.2,-0.1,0.0,0.0,0.0,1.0,8.27,-100,95.0,-89.5,85.8,112.3,0.0,0,0,0,0,-65,12.8,255,915.000,1263,0,
715911,PRELAUNCH,19,1.0,40.1630553,-74.0806563,26.0,0.0,9.70,-0.40,-0.50,0.0,-0.2,-0.4,0.0,0.0,0.0,1.0,8.27,-95,95.0,-89.5,85.8,112.5,0.0,0,0,0,0,-67,12.2,255,915.000,1264,0,
716477,PRELAUNCH,21,1.0,40.1630553,-74.0806563,26.0,0.0,9.70,-0.40,-0.50,0.0,-0.2,-0.1,0.0,0.0,0.0,1.0,8.27,-99,95.0,-89.4,85.8,112.2,0.0,0,0,0,0,-67,13.8,255,915.000,1265,0,
716989,PRELAUNCH,19,1.0,40.1630553,-74.0806563,26.0,0.0,9.70,-0.40,-0.50,-0.3,0.1,-0.1,0.0,0.0,0.0,1.0,8.27,-105,95.0,-89.4,85.9,112.2,0.0,0,0,0,0,-66,12.5,255,915.000,1266,0,
717549,PRELAUNCH,20,1.0,40.1630553,-74.0806563,26.0,0.0,9.70,-0.40,-0.50,0.1,-0.1,0.0,0.0,0.0,0.0,1.0,8.27,-96,95.0,-89.4,85.8,112.2,0.0,0,0,0,0,-68,13.8,255,915.000,1267,0,
718152,PRELAUNCH,21,1.0,40.1630553,-74.0806563,26.0,0.0,9.70,-0.40,-0.50,-0.1,-0.1,-0.1,0.0,0.0,0.0,1.0,8.27,-99,95.0,-89.4,85.8,112.2,0.0,0,0,0,0,-68,12.5,255,915.000,1268,0,
718709,PRELAUNCH,20,1.0,40.1630553,-74.0806563,26.0,0.0,9.70,-0.40,-0.50,0.1,-0.1,0.0,0.0,0.0,0.0,1.0,8.27,-100,95.0,-89.3,85.8,112.1,0.0,0,0,0,0,-68,12.8,255,915.000,1269,0,
719197,PRELAUNCH,20,1.0,40.1630553,-74.0806563,26.0,0.0,9.70,-0.40,-0.50,-0.3,0.1,-0.1,0.0,0.0,0.0,1.0,8.27,-97,95.0,-89.4,85.8,112.1,0.0,0,0,0,0,-68,12.8,255,915.000,1270,0,
719798,PRELAUNCH,18,1.0,40.1630553,-74.0806563,26.0,0.0,9.70,-0.40,-0.50,-0.1,-0.1,-0.1,0.0,0.0,0.0,1.0,8.27,-109,95.0,-89.2,85.8,112.0,0.0,0,0,0,0,-70,12.2,255,915.000,1271,0,
720277,PRELAUNCH,21,1.0,40.1630553,-74.0806563,26.0,0.0,9.70,-0.40,-0.60,-0.2,0.0,-0.1,0.0,0.0,0.0,1.0,8.27,-101,95.0,-89.2,85.8,112.1,0.0,0,0,0,0,-71,12.5,255,915.000,1272,0,
720881,PRELAUNCH,21,1.0,40.1630553,-74.0806563,26.0,0.0,9.70,-0.30,-0.70,-0.3,-0.2,-0.2,0.0,0.0,0.0,1.0,8.27,-102,95.0,-89.2,85.7,111.9,0.0,0,0,0,0,-70,12.2,255,915.000,1273,0,
721438,PRELAUNCH,22,1.0,40.1630553,-74.0806563,26.0,0.0,9.70,-0.40,-0.40,0.0,-0.2,-0.2,0.0,0.0,0.0,1.0,8.27,-99,95.0,-89.4,85.8,112.1,0.0,0,0,0,0,-70,12.2,255,915.000,1274,0,
721984,PRELAUNCH,21,1.0,40.1630553,-74.0806563,26.0,0.0,9.70,-0.40,-0.50,-0.1,-0.1,0.0,0.0,0.0,0.0,1.0,8.27,-102,95.0,-89.3,85.9,112.2,0.0,0,0,0,0,-70,12.5,255,915.000,1275,0,
722518,PRELAUNCH,21,1.0,40.1630553,-74.0806563,26.0,0.0,9.70,-0.40,-0.50,0.0,-0.2,-0.1,0.0,0.0,0.0,1.0,8.27,-104,95.0,-89.4,85.8,112.1,0.0,0,0,0,0,-69,12.8,255,915.000,1276,0,
723131,PRELAUNCH,21,1.0,40.1630553,-74.0806563,26.0,0.0,9.70,-0.50,-0.50,0.3,-0.1,-0.1,0.0,0.0,0.0,1.0,8.27,-102,95.0,-89.5,85.9,112.2,0.0,0,0,0,0,-71,14.5,255,915.000,1277,0,
723702,PRELAUNCH,20,1.0,40.1630553,-74.0806563,26.0,0.0,9.70,-0.40,-0.50,-0.1,0.1,-0.1,0.0,0.0,0.0,1.0,8.27,-99,95.0,-89.4,85.8,112.2,0.0,0,0,0,0,-70,12.5,255,915.000,1278,0,
724295,PRELAUNCH,20,1.0,40.1630553,-74.0806563,26.0,0.0,9.70,-0.40,-0.50,-0.2,-0.2,-0.1,0.0,0.0,0.0,1.0,8.27,-95,95.0,-89.5,85.9,112.3,0.0,0,0,0,0,-68,12.5,255,915.000,1279,0,
724885,PRELAUNCH,21,1.0,40.1630553,-74.0806563,26.0,0.0,9.70,-0.40,-0.50,0.3,-0.2,-0.2,0.0,0.0,0.0,1.0,8.27,-99,95.0,-89.7,85.8,112.3,0.0,0,0,0,0,-65,12.2,255,915.000,1280,0,
725421,PRELAUNCH,20,1.0,40.1630553,-74.0806563,26.0,0.0,9.70,-0.40,-0.60,-0.1,0.1,-0.1,0.0,0.0,0.0,1.0,8.27,-102,95.0,-89.4,85.8,112.4,0.0,0,0,0,0,-66,12.8,255,915.000,1281,0,
725931,PRELAUNCH,19,1.0,40.1630553,-74.0806563,26.0,0.0,9.70,-0.40,-0.60,0.1,-0.3,-0.1,0.0,0.0,0.0,1.0,8.27,-97,95.0,-89.5,85.8,112.4,0.0,0,0,0,0,-64,13.2,255,915.000,1282,0,
726477,PRELAUNCH,21,1.0,40.1630553,-74.0806563,26.0,0.0,9.70,-0.40,-0.50,0.0,-0.2,-0.1,0.0,0.0,0.0,1.0,8.27,-95,95.0,-89.4,85.9,112.2,0.0,0,0,0,0,-64,13.5,255,915.000,1283,0,
726982,PRELAUNCH,20,1.0,40.1630553,-74.0806563,26.0,0.0,9.70,-0.40,-0.50,-0.2,0.0,0.0,0.0,0.0,0.0,1.0,8.27,-102,95.0,-89.5,85.8,112.2,0.0,0,0,0,0,-64,12.8,255,915.000,1284,0,
727533,PRELAUNCH,20,1.0,40.1630553,-74.0806563,26.0,0.0,9.70,-0.40,-0.50,0.0,-0.2,-0.1,0.0,0.0,0.0,1.0,8.27,-102,95.0,-89.6,85.8,112.3,0.0,0,0,0,0,-64,13.2,255,915.000,1285,0,
728079,PRELAUNCH,19,1.0,40.1630553,-74.0806563,26.0,0.0,9.70,-0.40,-0.50,-0.1,-0.1,-0.1,0.0,0.0,0.0,1.0,8.27,-97,95.0,-89.4,85.8,112.3,0.0,0,0,0,0,-66,12.5,255,915.000,1286,0,
728590,PRELAUNCH,20,1.0,40.1630553,-74.0806563,26.0,0.0,9.70,-0.40,-0.50,0.3,-0.3,0.0,0.0,0.0,0.0,1.0,8.27,-96,95.0,-89.6,85.8,112.4,0.0,0,0,0,0,-66,12.5,255,915.000,1287,0,
729147,PRELAUNCH,21,1.0,40.1630553,-74.0806563,26.0,0.0,9.70,-0.40,-0.50,0.1,-0.1,-0.1,0.0,0.0,0.0,1.0,8.27,-100,95.0,-89.5,85.8,112.3,0.0,0,0,0,0,-64,12.5,255,915.000,1288,0,
729706,PRELAUNCH,21,1.0,40.1630553,-74.0806563,26.0,0.0,9.70,-0.50,-0.50,0.6,-0.3,-0.1,0.0,0.0,0.0,1.0,8.27,-105,95.0,-89.5,85.9,112.5,0.0,0,0,0,0,-64,13.2,255,915.000,1289,0,
730239,PRELAUNCH,20,1.0,40.1630553,-74.0806563,26.0,0.0,9.70,-0.50,-0.60,0.6,-0.3,-0.1,0.0,0.0,0.0,1.0,8.27,-95,95.0,-89.6,85.8,112.3,0.0,0,0,0,0,-70,12.2,255,915.000,1290,0,
730842,PRELAUNCH,19,1.0,40.1630553,-74.0806563,26.0,0.0,9.70,-0.40,-0.50,0.2,0.0,0.0,0.0,0.0,0.0,1.0,8.27,-94,95.0,-89.4,85.8,112.3,0.0,0,0,0,0,-70,12.2,255,915.000,1291,0,
731376,PRELAUNCH,21,1.0,40.1630553,-74.0806563,26.0,0.0,9.70,-0.40,-0.60,0.1,-0.3,-0.2,0.0,0.0,0.0,1.0,8.27,-102,95.0,-89.8,85.8,112.4,0.0,0,0,0,0,-67,12.2,255,915.000,1292,0,
731957,PRELAUNCH,21,1.0,40.1630553,-74.0806563,26.0,0.0,9.70,-0.30,-0.40,-0.2,-0.2,-0.4,0.0,0.0,0.0,1.0,8.27,-95,95.0,-89.7,85.9,112.3,0.0,0,0,0,0,-71,13.5,255,915.000,1293,0,
732499,PRELAUNCH,19,1.0,40.1630553,-74.0806563,26.0,0.0,9.70,-0.40,-0.50,0.0,-0.2,0.0,0.0,0.0,0.0,1.0,8.27,-99,95.0,-89.7,85.8,112.6,0.0,0,0,0,0,-67,13.0,255,915.000,1294,0,
733593,PRELAUNCH,18,1.0,40.1630553,-74.0806563,26.0,0.0,9.70,-0.40,-0.50,0.3,-0.1,0.0,0.0,0.0,0.0,1.0,8.27,-96,95.0,-89.8,85.8,112.4,0.0,0,0,0,0,-64,13.0,255,915.000,1296,1,
734093,PRELAUNCH,21,1.0,40.1630553,-74.0806563,26.0,0.0,9.70,-0.40,-0.60,0.1,-0.3,-0.1,0.0,0.0,0.0,1.0,8.27,-104,95.0,-90.0,85.8,112.5,0.0,0,0,0,0,-71,14.0,255,915.000,1297,0,
734730,PRELAUNCH,20,1.0,40.1630553,-74.0806563,26.0,0.0,9.70,-0.40,-0.40,-0.4,-0.1,-0.2,0.0,0.0,0.0,1.0,8.27,-97,95.0,-90.1,85.8,112.6,0.0,0,0,0,0,-75,12.8,255,915.000,1298,0,
735262,PRELAUNCH,18,1.0,40.1630553,-74.0806563,26.0,0.0,9.70,-0.40,-0.50,0.5,-0.2,0.0,0.0,0.0,0.0,1.0,8.27,-100,95.0,-90.2,85.8,113.0,0.0,0,0,0,0,-74,12.5,255,915.000,1299,0,
735773,PRELAUNCH,21,1.0,40.1630553,-74.0806563,26.0,0.0,9.70,-0.40,-0.50,-0.3,0.0,-0.2,0.0,0.0,0.0,1.0,8.27,-94,95.0,-90.5,85.8,113.0,0.0,0,0,0,0,-69,12.8,255,915.000,1300,0,
736276,PRELAUNCH,20,1.0,40.1630553,-74.0806563,26.0,0.0,9.70,-0.40,-0.40,-0.1,0.1,0.0,0.0,0.0,0.0,1.0,8.27,-105,95.0,-90.3,85.9,113.1,0.0,0,0,0,0,-68,14.5,255,915.000,1301,0,
736830,PRELAUNCH,19,1.0,40.1630553,-74.0806563,26.0,0.0,9.70,-0.30,-0.60,0.4,-0.3,-0.2,0.0,0.0,0.0,1.0,8.27,-100,95.0,-90.6,85.8,113.3,0.0,0,0,0,0,-66,12.2,255,915.000,1302,0,
737390,PRELAUNCH,22,1.0,40.1630553,-74.0806563,26.0,0.0,9.70,-0.40,-0.50,0.1,-0.3,-0.1,0.0,0.0,0.0,1.0,8.27,-104,95.0,-90.4,85.8,112.9,0.0,0,0,0,0,-65,13.8,255,915.000,1303,0,
737948,PRELAUNCH,17,1.0,40.1630553,-74.0806563,26.0,0.0,9.70,-0.40,-0.50,-0.2,-0.2,-0.1,0.0,0.0,0.0,1.0,8.27,-99,95.0,-90.3,85.9,113.1,0.0,0,0,0,0,-64,12.8,255,915.000,1304,0,
738459,PRELAUNCH,22,1.0,40.1630553,-74.0806563,26.0,0.0,9.70,-0.40,-0.60,-0.1,0.1,-0.2,0.0,0.0,0.0,1.0,8.27,-95,95.0,-90.2,85.8,112.9,0.0,0,0,0,0,-64,12.8,255,915.000,1305,0,
739004,PRELAUNCH,20,1.0,40.1630553,-74.0806563,26.0,0.0,9.70,-0.40,-0.60,0.3,-0.3,0.0,0.0,0.0,0.0,1.0,8.27,-99,95.0,-90.2,85.8,112.9,0.0,0,0,0,0,-66,12.2,255,915.000,1306,0,
739489,PRELAUNCH,18,1.0,40.1630553,-74.0806563,26.0,0.0,9.70,-0.40,-0.70,-0.1,-0.1,-0.1,0.0,0.0,0.0,1.0,8.27,-102,95.0,-90.2,85.8,112.8,0.0,0,0,0,0,-67,12.5,255,915.000,1307,0,
740034,PRELAUNCH,21,1.0,40.1630497,-74.0806595,26.7,0.0,9.70,-0.40,-0.50,-0.3,-0.1,-0.1,0.0,0.0,0.0,1.0,8.27,-95,95.0,-90.3,85.9,113.1,0.0,0,0,0,0,-66,12.8,255,915.000,1308,0,
740535,PRELAUNCH,18,1.0,40.1630497,-74.0806595,26.7,0.0,9.70,-0.40,-0.60,-0.5,0.0,-0.1,0.0,0.0,0.0,1.0,8.27,-101,95.0,-90.2,85.9,113.0,0.0,0,0,0,0,-68,13.8,255,915.000,1309,0,
741070,PRELAUNCH,20,1.0,40.1630497,-74.0806595,26.7,0.0,9.70,-0.40,-0.40,0.2,-0.2,-0.1,0.0,0.0,0.0,1.0,8.27,-102,95.0,-90.3,85.7,112.9,0.0,0,0,0,0,-69,12.5,255,915.000,1310,0,
741639,PRELAUNCH,19,1.0,40.1630497,-74.0806595,26.7,0.0,9.70,-0.40,-0.70,-0.3,-0.2,-0.1,0.0,0.0,0.0,1.0,8.27,-99,95.0,-90.4,85.9,113.1,0.0,0,0,0,0,-66,13.0,255,915.000,1311,0,
742229,PRELAUNCH,20,1.0,40.1630497,-74.0806595,26.7,0.0,9.70,-0.30,-0.50,-0.3,-0.1,0.0,0.0,0.0,0.0,1.0,8.27,-96,95.0,-90.3,85.9,113.1,0.0,0,0,0,0,-66,12.8,255,915.000,1312,0,
742742,PRELAUNCH,19,1.0,40.1630497,-74.0806595,26.7,0.0,9.70,-0.40,-0.50,-0.5,-0.2,0.0,0.0,0.0,0.0,1.0,8.27,-97,95.0,-90.4,85.8,113.2,0.0,0,0,0,0,-68,13.8,255,915.000,1313,0,
743486,PRELAUNCH,21,1.0,40.1630497,-74.0806595,26.7,0.0,9.70,-0.30,-0.50,-0.1,-0.1,-0.1,0.0,0.0,0.0,1.0,8.27,-94,95.0,-90.4,85.8,113.0,0.0,0,0,0,0,-67,12.0,255,915.000,1314,0,
744147,PRELAUNCH,20,1.0,40.1630497,-74.0806595,26.7,0.0,9.70,-0.40,-0.60,-0.5,-0.2,-0.2,0.0,0.0,0.0,1.0,8.27,-101,95.0,-90.2,85.9,112.8,0.0,0,0,0,0,-65,13.0,255,915.000,1315,0,
744763,PRELAUNCH,21,1.0,40.1630497,-74.0806595,26.7,0.0,9.70,-0.40,-0.50,-0.2,-0.2,0.0,0.0,0.0,0.0,1.0,8.27,-97,95.0,-89.8,85.8,112.6,0.0,0,0,0,0,-67,13.0,255,915.000,1316,0,
745308,PRELAUNCH,20,1.0,40.1630497,-74.0806595,26.7,0.0,9.70,-0.40,-0.60,-0.3,-0.1,-0.2,0.0,0.0,0.0,1.0,8.27,-102,95.0,-89.9,85.8,112.7,0.0,0,0,0,0,-67,12.5,255,915.000,1317,0,
745816,PRELAUNCH,21,1.0,40.1630497,-74.0806595,26.7,0.0,9.70,-0.40,-0.50,0.1,-0.1,-0.2,0.0,0.0,0.0,1.0,8.27,-94,95.0,-89.9,85.8,112.5,0.0,0,0,0,0,-67,12.2,255,915.000,1318,0,
746376,PRELAUNCH,21,1.0,40.1630497,-74.0806595,26.7,0.0,9.70,-0.40,-0.60,-0.6,-0.1,0.0,0.0,0.0,0.0,1.0,8.27,-107,95.0,-89.6,85.8,112.5,0.0,0,0,0,0,-67,12.5,255,915.000,1319,0,
746933,PRELAUNCH,20,1.0,40.1630497,-74.0806595,26.7,0.0,9.70,-0.40,-0.50,0.1,-0.3,-0.2,0.0,0.0,0.0,1.0,8.27,-100,95.0,-89.8,85.9,112.5,0.0,0,0,0,0,-67,12.2,255,915.000,1320,0,
747526,PRELAUNCH,19,1.0,40.1630553,-74.0806563,26.0,0.0,9.70,-0.40,-0.50,-0.6,-0.1,-0.1,0.0,0.0,0.0,1.0,8.27,-101,95.0,-89.7,85.8,112.6,0.0,0,0,0,0,-68,12.8,255,915.000,1321,0,
748118,PRELAUNCH,18,1.0,40.1630553,-74.0806563,26.0,0.0,9.70,-0.40,-0.50,0.1,-0.1,-0.1,0.0,0.0,0.0,1.0,8.27,-107,95.0,-89.6,85.8,112.3,0.0,0,0,0,0,-69,12.5,255,915.000,1322,0,
748686,PRELAUNCH,18,1.0,40.1630553,-74.0806563,26.0,0.0,9.70,-0.40,-0.50,-0.3,0.1,-0.1,0.0,0.0,0.0,1.0,8.27,-96,95.0,-89.4,85.8,112.2,0.0,0,0,0,0,-69,12.5,255,915.000,1323,0,
749278,PRELAUNCH,20,1.0,40.1630553,-74.0806563,26.0,0.0,9.70,-0.40,-0.50,0.0,-0.2,-0.1,0.0,0.0,0.0,1.0,8.27,-95,95.0,-89.4,85.8,112.2,0.0,0,0,0,0,-68,13.8,255,915.000,1324,0,
749825,PRELAUNCH,21,1.0,40.1630553,-74.0806563,26.0,0.0,9.70,-0.40,-0.50,0.0,-0.2,0.0,0.0,0.0,0.0,1.0,8.27,-97,95.0,-89.3,85.8,112.2,0.0,0,0,0,0,-67,12.0,255,915.000,1325,0,
750348,PRELAUNCH,19,1.0,40.1630553,-74.0806563,26.0,0.0,9.70,-0.40,-0.50,-0.2,0.0,-0.1,0.0,0.0,0.0,1.0,8.27,-101,95.0,-89.3,85.8,112.2,0.0,0,0,0,0,-69,12.5,255,915.000,1326,0,
750985,PRELAUNCH,19,1.0,40.1630553,-74.0806563,26.0,0.0,9.70,-0.40,-0.50,-0.1,-0.1,-0.1,0.0,0.0,0.0,1.0,8.27,-109,95.0,-89.2,85.8,112.2,0.0,0,0,0,0,-62,12.8,255,915.000,1327,0,
751519,PRELAUNCH,20,1.0,40.1630553,-74.0806563,26.0,0.0,9.70,-0.40,-0.50,0.1,-0.1,-0.1,0.0,0.0,0.0,1.0,8.27,-101,95.0,-89.2,85.8,111.9,0.0,0,0,0,0,-61,13.5,255,915.000,1328,0,
752112,PRELAUNCH,20,1.0,40.1630553,-74.0806563,26.0,0.0,9.70,-0.40,-0.50,-0.3,-0.1,0.0,0.0,0.0,0.0,1.0,8.27,-97,95.0,-89.2,85.9,112.2,0.0,0,0,0,0,-61,13.0,255,915.000,1329,0,
752669,PRELAUNCH,21,1.0,40.1630553,-74.0806563,26.0,0.0,9.70,-0.40,-0.50,-0.2,0.0,-0.2,0.0,0.0,0.0,1.0,8.27,-99,95.0,-89.2,85.8,112.0,0.0,0,0,0,0,-60,12.5,255,915.000,1330,0,
753273,PRELAUNCH,21,1.0,40.1630553,-74.0806563,26.0,0.0,9.70,-0.40,-0.50,0.0,-0.3,-0.1,0.0,0.0,0.0,1.0,8.27,-111,95.0,-89.2,85.8,112.0,0.0,0,0,0,0,-59,12.5,255,915.000,1331,0,
753807,PRELAUNCH,17,1.0,40.1630553,-74.0806563,26.0,0.0,9.70,-0.40,-0.60,-0.3,-0.1,-0.1,0.0,0.0,0.0,1.0,8.27,-104,95.0,-89.2,85.9,112.1,0.0,0,0,0,0,-59,12.2,255,915.000,1332,0,
754347,PRELAUNCH,20,1.0,40.1630553,-74.0806563,26.0,0.0,9.70,-0.40,-0.50,0.3,-0.1,-0.1,0.0,0.0,0.0,1.0,8.27,-109,94.0,-89.3,85.8,112.1,0.0,0,0,0,0,-61,14.2,255,915.000,1333,0,
754851,PRELAUNCH,21,1.0,40.1630553,-74.0806563,26.0,0.0,9.70,-0.40,-0.40,0.1,-0.1,-0.1,0.0,0.0,0.0,1.0,8.27,-109,95.0,-89.2,85.8,112.0,0.0,0,0,0,0,-65,12.8,255,915.000,1334,0,
755422,PRELAUNCH,20,1.0,40.1630553,-74.0806563,26.0,0.0,9.70,-0.40,-0.60,0.2,0.0,0.0,0.0,0.0,0.0,1.0,8.27,-96,95.0,-89.2,85.8,112.1,0.0,0,0,0,0,-74,13.2,255,915.000,1335,0,
755955,PRELAUNCH,19,1.0,40.1630553,-74.0806563,26.0,0.0,9.70,-0.40,-0.50,-0.1,-0.1,-0.2,0.0,0.0,0.0,1.0,8.27,-101,95.0,-89.4,85.8,112.1,0.0,0,0,0,0,-67,12.5,255,915.000,1336,0,
756466,PRELAUNCH,20,1.0,40.1630553,-74.0806563,26.0,0.0,9.70,-0.40,-0.50,-0.1,-0.1,0.0,0.0,0.0,0.0,1.0,8.27,-97,95.0,-89.2,85.8,112.2,0.0,0,0,0,0,-65,12.2,255,915.000,1337,0,
757046,PRELAUNCH,21,1.0,40.1630553,-74.0806563,26.0,0.0,9.70,-0.40,-0.60,-0.2,-0.2,0.0,0.0,0.0,0.0,1.0,8.27,-99,95.0,-89.2,85.9,112.2,0.0,0,0,0,0,-64,13.2,255,915.000,1338,0,
757563,PRELAUNCH,20,1.0,40.1630553,-74.0806563,26.0,0.0,9.70,-0.40,-0.50,0.2,0.0,0.0,0.0,0.0,0.0,1.0,8.27,-100,95.0,-89.1,85.8,112.0,0.0,0,0,0,0,-70,12.8,255,915.000,1339,0,
758120,PRELAUNCH,18,1.0,40.1630553,-74.0806563,26.0,0.0,9.70,-0.40,-0.50,0.1,-0.1,-0.1,0.0,0.0,0.0,1.0,8.27,-99,95.0,-89.1,85.8,112.0,0.0,0,0,0,0,-69,12.8,255,915.000,1340,0,
758648,PRELAUNCH,20,1.0,40.1630553,-74.0806563,26.0,0.0,9.70,-0.40,-0.60,-0.2,-0.2,0.0,0.0,0.0,0.0,1.0,8.27,-99,95.0,-89.2,85.8,112.0,0.0,0,0,0,0,-59,12.2,255,915.000,1341,0,
759214,PRELAUNCH,20,1.0,40.1630553,-74.0806563,26.0,0.0,9.70,-0.40,-0.50,0.2,0.0,0.0,0.0,0.0,0.0,1.0,8.27,-102,95.0,-89.1,85.9,112.0,0.0,0,0,0,0,-59,12.8,255,915.000,1342,0,
759763,PRELAUNCH,19,1.0,40.1630553,-74.0806563,26.0,0.0,9.70,-0.40,-0.60,0.2,-0.2,-0.1,0.0,0.0,0.0,1.0,8.27,-101,94.0,-89.0,85.8,111.9,0.0,0,0,0,0,-57,13.5,255,915.000,1343,0,
760273,PRELAUNCH,20,1.0,40.1630553,-74.0806563,26.0,0.0,9.70,-0.40,-0.50,0.0,-0.2,-0.1,0.0,0.0,0.0,1.0,8.27,-105,95.0,-88.9,85.8,111.8,0.0,0,0,0,0,-59,12.5,255,915.000,1344,0,
760843,PRELAUNCH,20,1.0,40.1630553,-74.0806563,26.0,0.0,9.70,-0.30,-0.50,0.1,-0.1,-0.1,0.0,1.0,0.0,1.0,8.27,-95,95.0,-88.9,85.8,111.9,0.0,0,0,0,0,-57,13.8,255,915.000,1345,0,
761434,PRELAUNCH,20,1.0,40.1630553,-74.0806563,26.0,0.0,9.70,-0.40,-0.60,0.2,-0.2,0.0,0.0,0.0,0.0,1.0,8.27,-96,94.0,-89.0,85.8,111.8,0.0,0,0,0,0,-60,13.2,255,915.000,1346,0,
761968,PRELAUNCH,21,1.0,40.1630553,-74.0806563,26.0,0.0,9.70,-0.40,-0.60,-0.3,0.1,-0.1,0.0,0.0,0.0,1.0,8.27,-97,95.0,-88.9,85.8,111.7,0.0,0,0,0,0,-61,13.8,255,915.000,1347,0,
762491,PRELAUNCH,20,1.0,40.1630609,-74.0806531,25.3,0.0,9.70,-0.40,-0.50,-0.1,-0.1,-0.1,0.0,0.0,0.0,1.0,8.27,-105,95.0,-89.0,85.8,111.9,0.0,0,0,0,0,-62,12.8,255,915.000,1348,0,
763629,PRELAUNCH,21,1.0,40.1630609,-74.0806531,25.3,0.0,9.70,-0.40,-0.60,-0.1,0.1,-0.2,0.0,0.0,0.0,1.0,8.27,-102,95.0,-88.9,85.8,111.7,0.0,0,0,0,0,-56,12.5,255,915.000,1350,1,
764186,PRELAUNCH,19,1.0,40.1630609,-74.0806531,25.3,0.0,9.70,-0.40,-0.50,-0.1,-0.1,-0.1,0.0,0.0,0.0,1.0,8.27,-101,94.0,-88.9,85.8,111.9,0.0,0,0,0,0,-55,12.5,255,915.000,1351,0,
764741,PRELAUNCH,20,1.0,40.1630540,-74.0806531,24.6,0.0,9.70,-0.40,-0.50,0.2,-0.2,0.1,0.0,0.0,0.0,1.0,8.27,-100,95.0,-88.9,85.7,111.8,0.0,0,0,0,0,-55,12.8,255,915.000,1352,0,
765254,PRELAUNCH,21,1.0,40.1630540,-74.0806531,24.6,0.0,9.70,-0.40,-0.50,-0.3,0.0,0.0,0.0,0.0,0.0,1.0,8.27,-102,95.0,-88.7,85.8,111.7,0.0,0,0,0,0,-57,14.0,255,915.000,1353,0,
765800,PRELAUNCH,20,1.0,40.1630540,-74.0806531,24.6,0.0,9.70,-0.40,-0.50,-0.1,0.1,-0.2,0.0,0.0,0.0,1.0,8.27,-101,95.0,-88.8,85.8,111.8,0.0,0,0,0,0,-57,13.2,255,915.000,1354,0,
766335,PRELAUNCH,22,1.0,40.1630540,-74.0806531,24.6,0.0,9.70,-0.40,-0.50,0.1,-0.1,-0.1,0.0,0.0,0.0,1.0,8.27,-101,95.0,-88.8,85.8,111.9,0.0,0,0,0,0,-57,13.8,255,915.000,1355,0,
766911,PRELAUNCH,22,1.0,40.1630540,-74.0806531,24.6,0.0,9.70,-0.40,-0.50,0.0,0.0,0.0,0.0,0.0,0.0,1.0,8.27,-97,94.0,-88.7,85.8,112.0,0.0,0,0,0,0,-56,12.2,255,915.000,1356,0,
767411,PRELAUNCH,20,1.0,40.1630540,-74.0806531,24.6,0.0,9.70,-0.40,-0.60,0.2,-0.2,-0.1,0.0,0.0,0.0,1.0,8.27,-101,95.0,-88.8,85.8,111.8,0.0,0,0,0,0,-56,12.8,255,915.000,1357,0,
768017,PRELAUNCH,19,1.0,40.1630540,-74.0806531,24.6,0.0,9.70,-0.40,-0.50,0.0,0.0,0.0,0.0,0.0,0.0,1.0,8.27,-111,94.0,-88.7,85.8,111.8,0.0,0,0,0,0,-54,13.2,255,915.000,1358,0,
768458,PRELAUNCH,18,1.0,40.1630540,-74.0806531,24.6,0.0,9.70,-0.40,-0.50,-0.2,-0.2,-0.1,0.0,0.0,0.0,1.0,8.27,-96,95.0,-88.7,85.8,111.9,0.0,0,0,0,0,-55,13.0,255,915.000,1359,0,
769062,PRELAUNCH,19,1.0,40.1630540,-74.0806531,24.6,0.0,9.70,-0.40,-0.50,0.0,-0.2,-0.1,0.0,0.0,0.0,1.0,8.27,-99,95.0,-88.7,85.9,111.7,0.0,0,0,0,0,-67,12.2,255,915.000,1360,0,
769620,PRELAUNCH,20,1.0,40.1630540,-74.0806531,24.6,0.0,9.70,-0.40,-0.50,0.0,-0.2,-0.1,0.0,0.0,0.0,1.0,8.27,-106,95.0,-88.5,85.8,111.5,0.0,0,0,0,0,-75,12.5,255,915.000,1361,0,
770171,PRELAUNCH,20,1.0,40.1630540,-74.0806531,24.6,0.0,9.70,-0.40,-0.50,0.2,0.0,-0.2,0.0,0.0,0.0,1.0,8.27,-99,94.0,-88.6,85.7,111.6,0.0,0,0,0,0,-70,12.0,255,915.000,1362,0,
770687,PRELAUNCH,18,1.0,40.1630540,-74.0806531,24.6,0.0,9.70,-0.40,-0.50,0.0,-0.2,-0.1,0.0,0.0,0.0,1.0,8.27,-96,95.0,-88.7,85.8,111.5,0.0,0,0,0,0,-70,12.2,255,915.000,1363,0,
771233,PRELAUNCH,21,1.0,40.1630540,-74.0806531,24.6,0.0,9.70,-0.40,-0.50,-0.1,-0.1,-0.1,0.0,0.0,0.0,1.0,8.27,-102,95.0,-88.7,85.8,111.9,0.0,0,0,0,0,-68,12.5,255,915.000,1364,0,
771731,PRELAUNCH,20,1.0,40.1630540,-74.0806531,24.6,0.0,9.70,-0.40,-0.50,0.0,-0.2,-0.1,0.0,0.0,0.0,1.0,8.27,-99,95.0,-88.8,85.8,111.8,0.0,0,0,0,0,-70,13.2,255,915.000,1365,0,
772313,PRELAUNCH,22,1.0,40.1630540,-74.0806531,24.6,0.0,9.70,-0.40,-0.50,-0.2,0.0,0.0,0.0,0.0,0.0,1.0,8.27,-97,95.0,-88.6,85.8,111.7,0.0,0,0,0,0,-73,12.5,255,915.000,1366,0,
772836,PRELAUNCH,21,1.0,40.1630540,-74.0806531,24.6,0.0,9.70,-0.40,-0.60,0.0,-0.2,-0.2,0.0,0.0,0.0,1.0,8.27,-101,94.0,-88.7,85.8,111.6,0.0,0,0,0,0,-68,13.0,255,915.000,1367,0,
773520,PRELAUNCH,21,1.0,40.1630540,-74.0806531,24.6,0.0,9.70,-0.40,-0.60,0.0,-0.2,0.0,0.0,0.0,0.0,1.0,8.27,-100,94.0,-88.6,85.9,111.7,0.0,0,0,0,0,-67,13.0,255,915.000,1368,0,
774124,PRELAUNCH,22,1.0,40.1630540,-74.0806531,24.6,0.0,9.70,-0.40,-0.60,-0.3,-0.1,-0.1,0.0,0.0,0.0,1.0,8.27,-102,95.0,-88.8,85.8,111.6,0.0,0,0,0,0,-67,14.2,255,915.000,1369,0,
774728,PRELAUNCH,21,1.0,40.1630540,-74.0806531,24.6,0.0,9.70,-0.40,-0.50,0.2,-0.2,-0.1,0.0,0.0,0.0,1.0,8.27,-97,94.0,-88.9,85.7,111.7,0.0,0,0,0,0,-64,13.2,255,915.000,1370,0,
775250,PRELAUNCH,22,1.0,40.1630540,-74.0806531,24.6,0.0,9.70,-0.40,-0.50,0.1,-0.1,-0.2,0.0,0.0,0.0,1.0,8.27,-95,95.0,-88.8,85.8,111.7,0.0,0,0,0,0,-67,12.5,255,915.000,1371,0,
775808,PRELAUNCH,22,1.0,40.1630540,-74.0806531,24.6,0.0,9.70,-0.40,-0.50,-0.3,0.0,-0.2,0.0,0.0,0.0,1.0,8.27,-107,94.0,-88.8,85.8,111.7,0.0,0,0,0,0,-65,13.2,255,915.000,1372,0,
776327,PRELAUNCH,22,1.0,40.1630540,-74.0806531,24.6,0.0,9.70,-0.40,-0.50,-0.3,-0.1,0.0,0.0,0.0,0.0,1.0,8.27,-110,94.0,-88.8,85.8,111.6,0.0,0,0,0,0,-66,12.2,255,915.000,1373,0,
776899,PRELAUNCH,21,1.0,40.1630596,-74.0806499,23.9,0.0,9.70,-0.40,-0.50,-0.1,-0.3,-0.1,0.0,0.0,0.0,1.0,8.27,-99,94.0,-88.8,85.8,111.6,0.0,0,0,0,0,-66,12.2,255,915.000,1374,0,
777421,PRELAUNCH,23,1.0,40.1630596,-74.0806499,23.9,0.0,9.70,-0.40,-0.50,-0.2,0.0,-0.1,0.0,0.0,0.0,1.0,8.27,-109,94.0,-88.9,85.8,111.7,0.0,0,0,0,0,-70,13.0,255,915.000,1375,0,
777955,PRELAUNCH,22,1.0,40.1630596,-74.0806499,23.9,0.0,9.70,-0.40,-0.50,-0.2,0.0,-0.2,0.0,0.0,0.0,1.0,8.27,-111,94.0,-88.8,85.8,111.8,0.0,0,0,0,0,-59,12.0,255,915.000,1376,0,
778489,PRELAUNCH,23,1.0,40.1630596,-74.0806499,23.9,0.0,9.70,-0.40,-0.50,0.1,-0.3,-0.1,0.0,0.0,0.0,1.0,8.27,-101,94.0,-88.8,85.8,111.8,0.0,0,0,0,0,-67,12.0,255,915.000,1377,0,
778498,PRELAUNCH,23,1.0,40.1630596,-74.0806499,23.9,0.0,9.70,-0.40,-0.50,0.1,-0.3,-0.1,0.0,0.0,0.0,1.0,8.27,-101,94.0,-88.8,85.8,111.8,0.0,0,0,0,0,-67,12.0,255,915.000,1377,-1,
779113,PRELAUNCH,23,1.0,40.1630596,-74.0806499,23.9,0.0,9.70,-0.40,-0.50,0.0,0.0,0.0,0.0,0.0,0.0,1.0,8.27,-101,95.0,-88.8,85.8,111.8,0.0,0,0,0,0,-61,13.0,255,915.000,1378,0,
779697,PRELAUNCH,23,1.0,40.1630596,-74.0806499,23.9,0.0,9.70,-0.40,-0.50,0.0,-0.2,-0.1,0.0,0.0,0.0,1.0,8.27,-102,94.0,-88.8,85.9,111.9,0.0,0,0,0,0,-62,14.0,255,915.000,1379,0,
780216,PRELAUNCH,23,1.0,40.1630596,-74.0806499,23.9,0.0,9.70,-0.40,-0.50,0.0,-0.2,-0.1,0.0,0.0,0.0,1.0,8.27,-107,94.0,-88.7,85.8,111.7,0.0,0,0,0,0,-63,12.0,255,915.000,1380,0,
780739,PRELAUNCH,21,1.0,40.1630596,-74.0806499,23.9,0.0,9.70,-0.40,-0.50,0.0,0.0,-0.1,0.0,0.0,0.0,1.0,8.27,-101,94.0,-88.7,85.8,111.6,0.0,0,0,0,0,-62,12.2,255,915.000,1381,0,
781253,PRELAUNCH,23,1.0,40.1630596,-74.0806499,23.9,0.0,9.70,-0.40,-0.60,0.1,-0.1,-0.1,0.0,0.0,0.0,1.0,8.27,-97,94.0,-88.7,85.8,111.6,0.0,0,0,0,0,-63,12.0,255,915.000,1382,0,
781822,PRELAUNCH,23,1.0,40.1630596,-74.0806499,23.9,0.0,9.70,-0.40,-0.50,0.0,-0.2,-0.2,0.0,0.0,0.0,1.0,8.27,-105,94.0,-88.7,85.8,111.7,0.0,0,0,0,0,-63,12.2,255,915.000,1383,0,
782298,PRELAUNCH,21,1.0,40.1630596,-74.0806499,23.9,0.0,9.70,-0.40,-0.50,0.0,0.0,-0.1,0.0,0.0,0.0,1.0,8.27,-99,95.0,-88.7,85.8,111.8,0.0,0,0,0,0,-62,12.8,255,915.000,1384,0,
782831,PRELAUNCH,20,1.0,40.1630596,-74.0806499,23.9,0.0,9.70,-0.40,-0.50,0.0,-0.2,-0.1,0.0,0.0,0.0,1.0,8.27,-105,94.0,-88.8,85.8,111.6,0.0,0,0,0,0,-60,13.8,255,915.000,1385,0,
783354,PRELAUNCH,22,1.0,40.1630596,-74.0806499,23.9,0.0,9.70,-0.40,-0.50,-0.1,-0.1,0.0,0.0,0.0,0.0,1.0,8.27,-99,94.0,-88.7,85.8,111.7,0.0,0,0,0,0,-62,13.8,255,915.000,1386,0,
783911,PRELAUNCH,22,1.0,40.1630596,-74.0806499,23.9,0.0,9.70,-0.40,-0.60,0.0,-0.2,-0.1,0.0,0.0,0.0,1.0,8.27,-105,94.0,-88.7,85.8,111.8,0.0,0,0,0,0,-63,12.5,255,915.000,1387,0,
784454,PRELAUNCH,22,1.0,40.1630596,-74.0806499,23.9,0.0,9.70,-0.40,-0.50,0.0,0.0,0.0,0.0,0.0,0.0,1.0,8.27,-101,94.0,-88.7,85.9,111.6,0.0,0,0,0,0,-61,13.5,255,915.000,1388,0,
785026,PRELAUNCH,18,1.0,40.1630596,-74.0806499,23.9,0.0,9.70,-0.40,-0.50,-0.1,-0.3,0.0,0.0,0.0,0.0,1.0,8.27,-107,94.0,-88.6,85.9,111.7,0.0,0,0,0,0,-62,12.5,255,915.000,1389,0,
785572,PRELAUNCH,22,1.0,40.1630596,-74.0806499,23.9,0.0,9.70,-0.40,-0.50,0.1,-0.1,-0.1,0.0,0.0,0.0,1.0,8.27,-104,94.0,-88.6,85.8,111.5,0.0,0,0,0,0,-63,12.5,255,915.000,1390,0,
786129,PRELAUNCH,23,1.0,40.1630596,-74.0806499,23.9,0.0,9.70,-0.40,-0.50,-0.1,-0.1,0.0,0.0,0.0,0.0,1.0,8.27,-97,94.0,-88.7,85.9,111.6,0.0,0,0,0,0,-62,13.0,255,915.000,1391,0,
786674,PRELAUNCH,22,1.0,40.1630596,-74.0806499,23.9,0.0,9.70,-0.40,-0.50,0.0,-0.2,-0.2,0.0,0.0,0.0,1.0,8.27,-109,94.0,-88.6,85.9,111.6,0.0,0,0,0,0,-62,14.0,255,915.000,1392,0,
787197,PRELAUNCH,21,1.0,40.1630596,-74.0806499,23.9,0.0,9.70,-0.40,-0.50,-0.1,-0.1,-0.1,0.0,0.0,0.0,1.0,8.27,-97,94.0,-88.6,85.8,111.6,0.0,0,0,0,0,-62,12.5,255,915.000,1393,0,
787760,PRELAUNCH,19,1.0,40.1630596,-74.0806499,23.9,0.0,9.70,-0.40,-0.50,-0.1,-0.1,0.0,0.0,0.0,0.0,1.0,8.27,-95,94.0,-88.6,85.8,111.7,0.0,0,0,0,0,-62,12.5,255,915.000,1394,0,
788253,PRELAUNCH,21,1.0,40.1630652,-74.0806467,23.2,0.0,9.70,-0.40,-0.50,-0.1,-0.1,-0.1,0.0,0.0,0.0,1.0,8.27,-107,94.0,-88.6,85.7,111.4,0.0,0,0,0,0,-63,12.5,255,915.000,1395,0,
788761,PRELAUNCH,23,1.0,40.1630652,-74.0806467,23.2,0.0,9.70,-0.40,-0.50,-0.1,-0.1,0.0,0.0,0.0,0.0,1.0,8.27,-99,94.0,-88.5,85.7,111.4,0.0,0,0,0,0,-63,12.2,255,915.000,1396,0,
789310,PRELAUNCH,23,1.0,40.1630652,-74.0806467,23.2,0.0,9.70,-0.40,-0.50,0.0,-0.2,-0.1,0.0,0.0,0.0,1.0,8.27,-106,95.0,-88.6,85.8,111.6,0.0,0,0,0,0,-64,14.0,255,915.000,1397,0,
789890,PRELAUNCH,22,1.0,40.1630721,-74.0806467,23.8,0.0,9.70,-0.40,-0.60,0.2,-0.2,-0.1,0.0,0.0,0.0,1.0,8.27,-104,94.0,-88.6,85.7,111.5,0.0,0,0,0,0,-68,13.0,255,915.000,1398,0,
790398,PRELAUNCH,23,1.0,40.1630721,-74.0806467,23.8,0.0,9.70,-0.40,-0.50,-0.1,-0.1,-0.1,0.0,0.0,0.0,1.0,8.27,-99,94.0,-88.5,85.9,111.6,0.0,0,0,0,0,-67,12.8,255,915.000,1399,0,
790911,PRELAUNCH,21,1.0,40.1630721,-74.0806467,23.8,0.0,9.70,-0.40,-0.50,-0.1,-0.1,-0.1,0.0,0.0,0.0,1.0,8.27,-102,94.0,-88.6,85.8,111.5,0.0,0,0,0,0,-66,12.2,255,915.000,1400,0,
791504,PRELAUNCH,23,1.0,40.1630721,-74.0806467,23.8,0.0,9.70,-0.40,-0.50,-0.2,0.0,-0.1,0.0,0.0,0.0,1.0,8.27,-97,94.0,-88.6,85.8,111.5,0.0,0,0,0,0,-65,12.2,255,915.000,1401,0,
792024,PRELAUNCH,21,1.0,40.1630721,-74.0806467,23.8,0.0,9.70,-0.40,-0.50,0.0,-0.2,-0.1,0.0,0.0,0.0,1.0,8.27,-99,94.0,-88.6,85.8,111.6,0.0,0,0,0,0,-66,12.2,255,915.000,1402,0,
792572,PRELAUNCH,24,1.0,40.1630721,-74.0806467,23.8,0.0,9.70,-0.40,-0.50,0.0,0.0,0.0,0.0,0.0,0.0,1.0,8.27,-96,95.0,-88.6,85.9,111.6,0.0,0,0,0,0,-66,12.5,255,915.000,1403,0,
793104,PRELAUNCH,22,1.0,40.1630721,-74.0806467,23.8,0.0,9.70,-0.50,-0.50,-0.1,-0.1,-0.1,0.0,0.0,0.0,1.0,8.27,-100,94.0,-88.6,85.9,111.6,0.0,0,0,0,0,-66,12.0,255,915.000,1404,0,
793591,PRELAUNCH,22,1.0,40.1630721,-74.0806467,23.8,0.0,9.70,-0.40,-0.60,0.2,-0.2,-0.2,0.0,0.0,0.0,1.0,8.27,-97,94.0,-88.6,85.9,111.8,0.0,0,0,0,0,-66,12.2,255,915.000,1405,0,
794104,PRELAUNCH,23,1.0,40.1630721,-74.0806467,23.8,0.0,9.70,-0.40,-0.50,0.0,0.0,-0.1,0.0,0.0,0.0,1.0,8.27,-95,94.0,-88.6,85.9,111.5,0.0,0,0,0,0,-68,12.5,255,915.000,1406,0,
794717,PRELAUNCH,23,1.0,40.1630721,-74.0806467,23.8,0.0,9.70,-0.40,-0.50,0.1,-0.3,0.0,0.0,0.0,0.0,1.0,8.27,-101,94.0,-88.5,85.8,111.4,0.0,0,0,0,0,-67,12.2,255,915.000,1407,0,
795286,PRELAUNCH,23,1.0,40.1630721,-74.0806467,23.8,0.0,9.70,-0.40,-0.50,-0.2,0.0,0.0,0.0,0.0,0.0,1.0,8.27,-104,94.0,-88.5,85.8,111.4,0.0,0,0,0,0,-66,12.2,255,915.000,1408,0,
795788,PRELAUNCH,23,1.0,40.1630721,-74.0806467,23.8,0.0,9.70,-0.40,-0.50,-0.1,-0.1,-0.1,0.0,0.0,0.0,1.0,8.27,-96,94.0,-88.7,85.8,111.4,0.0,0,0,0,0,-65,14.2,255,915.000,1409,0,
796334,PRELAUNCH,23,1.0,40.1630721,-74.0806467,23.8,0.0,9.70,-0.40,-0.50,0.1,-0.3,0.0,0.0,0.0,0.0,1.0,8.27,-99,94.0,-88.6,85.8,111.6,0.0,0,0,0,0,-65,12.8,255,915.000,1410,0,
796865,PRELAUNCH,23,1.0,40.1630737,-74.0806580,23.6,0.0,9.70,-0.40,-0.50,0.0,0.0,-0.1,0.0,0.0,0.0,1.0,8.27,-97,94.0,-88.7,85.8,111.6,0.0,0,0,0,0,-65,12.5,255,915.000,1411,0,
797402,PRELAUNCH,24,1.0,40.1630737,-74.0806580,23.6,0.0,9.70,-0.40,-0.50,-0.3,-0.1,0.0,0.0,0.0,0.0,1.0,8.27,-101,94.0,-88.7,85.9,111.6,0.0,0,0,0,0,-66,12.2,255,915.000,1412,0,
798017,PRELAUNCH,24,1.0,40.1630737,-74.0806580,23.6,0.0,9.70,-0.40,-0.50,-0.1,0.1,-0.1,0.0,0.0,0.0,1.0,8.27,-104,94.0,-88.5,85.8,111.6,0.0,0,0,0,0,-67,12.2,255,915.000,1413,0,
798492,PRELAUNCH,24,1.0,40.1630737,-74.0806580,23.6,0.0,9.70,-0.40,-0.50,0.1,-0.1,-0.1,0.0,0.0,0.0,1.0,8.27,-111,94.0,-88.6,85.7,111.4,0.0,0,0,0,0,-67,12.2,255,915.000,1414,0,
798981,PRELAUNCH,24,1.0,40.1630737,-74.0806580,23.6,0.0,9.70,-0.40,-0.50,-0.1,-0.1,-0.1,0.0,0.0,0.0,1.0,8.27,-109,94.0,-88.4,85.8,111.6,0.0,0,0,0,0,-65,12.5,255,915.000,1415,0,
799550,PRELAUNCH,23,1.0,40.1630681,-74.0806612,24.3,0.0,9.70,-0.40,-0.60,-0.1,0.1,-0.2,0.0,0.0,0.0,1.0,8.27,-96,94.0,-88.5,85.8,111.4,0.0,0,0,0,0,-65,12.8,255,915.000,1416,0,
800038,PRELAUNCH,25,1.0,40.1630681,-74.0806612,24.3,0.0,9.70,-0.40,-0.50,-0.1,-0.1,-0.1,0.0,0.0,0.0,1.0,8.27,-94,94.0,-88.4,85.8,111.4,0.0,0,0,0,0,-64,14.2,255,915.000,1417,0,
800571,PRELAUNCH,25,1.0,40.1630681,-74.0806612,24.3,0.0,9.70,-0.40,-0.50,-0.2,-0.2,-0.1,0.0,0.0,0.0,1.0,8.27,-99,94.0,-88.4,85.8,111.4,0.0,0,0,0,0,-67,12.2,255,915.000,1418,0,
801129,PRELAUNCH,24,1.0,40.1630681,-74.0806612,24.3,0.0,9.70,-0.40,-0.50,0.2,-0.2,-0.1,0.0,0.0,0.0,1.0,8.27,-102,94.0,-88.5,85.8,111.5,0.0,0,0,0,0,-66,12.2,255,915.000,1419,0,
801651,PRELAUNCH,24,1.0,40.1630681,-74.0806612,24.3,0.0,9.70,-0.40,-0.50,-0.1,0.1,0.0,0.0,0.0,0.0,1.0,8.27,-100,94.0,-88.4,85.8,111.6,0.0,0,0,0,0,-64,12.8,255,915.000,1420,0,
802208,PRELAUNCH,24,1.0,40.1630681,-74.0806612,24.3,0.0,9.70,-0.40,-0.50,-0.1,-0.1,-0.1,0.0,0.0,0.0,1.0,8.27,-107,94.0,-88.6,85.8,111.5,0.0,0,0,0,0,-67,12.5,255,915.000,1421,0,
802708,PRELAUNCH,24,1.0,40.1630681,-74.0806612,24.3,0.0,9.70,-0.40,-0.60,0.3,-0.1,0.0,0.0,0.0,0.0,1.0,8.27,-102,94.0,-88.7,85.9,111.6,0.0,0,0,0,0,-65,13.0,255,915.000,1422,0,
803877,PRELAUNCH,23,1.0,40.1630681,-74.0806612,24.3,0.0,9.70,-0.40,-0.60,0.0,0.0,0.0,0.0,0.0,0.0,1.0,8.27,-104,94.0,-88.8,85.8,111.7,0.0,0,0,0,0,-66,12.2,255,915.000,1424,1,
804413,PRELAUNCH,22,1.0,40.1630681,-74.0806612,24.3,0.0,9.70,-0.40,-0.60,0.0,0.0,-0.1,0.0,0.0,0.0,1.0,8.27,-95,94.0,-88.9,85.8,111.8,0.0,0,0,0,0,-66,12.5,255,915.000,1425,0,
804422,PRELAUNCH,22,1.0,40.1630681,-74.0806612,24.3,0.0,9.70,-0.40,-0.60,0.0,0.0,-0.1,0.0,0.0,0.0,1.0,8.27,-95,94.0,-88.9,85.8,111.8,0.0,0,0,0,0,-66,12.5,255,915.000,1425,-1,
804995,PRELAUNCH,22,1.0,40.1630665,-74.0806499,24.5,0.0,9.70,-0.40,-0.60,0.2,-0.2,-0.1,0.0,0.0,0.0,1.0,8.27,-99,94.0,-88.9,85.7,111.8,0.0,0,0,0,0,-65,12.5,255,915.000,1426,0,
805504,PRELAUNCH,23,1.0,40.1630665,-74.0806499,24.5,0.0,9.70,-0.40,-0.60,0.1,-0.3,-0.2,0.0,0.0,0.0,1.0,8.27,-100,94.0,-89.2,85.8,111.9,0.0,0,0,0,0,-66,12.0,255,915.000,1427,0,
806084,PRELAUNCH,24,1.0,40.1630665,-74.0806499,24.5,0.0,9.70,-0.40,-0.50,0.3,0.1,-0.1,0.0,0.0,0.0,1.0,8.27,-101,94.0,-89.0,85.7,111.7,0.0,0,0,0,0,-66,12.2,255,915.000,1428,0,
806617,PRELAUNCH,22,1.0,40.1630665,-74.0806499,24.5,0.0,9.70,-0.40,-0.50,0.1,-0.3,0.0,0.0,0.0,0.0,1.0,8.27,-101,94.0,-88.9,85.8,111.9,0.0,0,0,0,0,-65,12.5,255,915.000,1429,0,
807154,PRELAUNCH,21,1.0,40.1630665,-74.0806499,24.5,0.0,9.70,-0.40,-0.50,0.3,-0.3,-0.1,0.0,0.0,0.0,1.0,8.27,-97,94.0,-89.2,85.9,111.7,0.0,0,0,0,0,-64,13.0,255,915.000,1430,0,
807816,PRELAUNCH,23,1.0,40.1630665,-74.0806499,24.5,0.0,9.70,-0.50,-0.40,0.6,-0.1,0.0,0.0,0.0,0.0,1.0,8.27,-105,94.0,-89.1,85.8,111.9,0.0,0,0,0,0,-65,12.2,255,915.000,1431,0,
808373,PRELAUNCH,23,1.0,40.1630665,-74.0806499,24.5,0.0,9.70,-0.40,-0.60,-0.5,-0.2,-0.1,0.0,0.0,0.0,1.0,8.27,-97,94.0,-89.5,85.9,112.0,0.0,0,0,0,0,-66,12.0,255,915.000,1432,0,
809012,PRELAUNCH,23,1.0,40.1630665,-74.0806499,24.5,0.0,9.70,-0.40,-0.40,-0.6,-0.1,-0.4,0.0,0.0,0.0,1.0,8.27,-119,94.0,-89.7,85.8,111.9,0.0,0,0,0,0,-66,13.8,255,915.000,1433,0,
809601,PRELAUNCH,21,1.0,40.1630609,-74.0806531,25.3,0.0,9.70,-0.40,-0.30,0.3,-0.2,-0.1,0.0,0.0,0.0,1.0,8.27,-101,94.0,-89.9,85.8,112.2,0.0,0,0,0,0,-66,12.8,255,915.000,1434,0,
810205,PRELAUNCH,22,1.0,40.1630609,-74.0806531,25.3,0.0,9.70,-0.40,-0.50,-0.1,-0.1,0.0,0.0,0.0,0.0,1.0,8.27,-95,94.0,-89.9,85.9,112.4,0.0,0,0,0,0,-66,12.2,255,915.000,1435,0,
810730,PRELAUNCH,23,2.0,40.1630609,-74.0806531,25.3,0.0,9.70,-0.50,-0.50,0.1,-0.3,-0.2,0.0,0.0,0.0,1.0,8.27,-95,94.0,-90.1,85.9,112.5,0.0,0,0,0,0,-66,12.2,255,915.000,1436,0,
811264,PRELAUNCH,22,1.0,40.1630609,-74.0806531,25.3,0.0,9.70,-0.40,-0.50,-0.4,-0.1,0.1,0.0,0.0,0.0,1.0,8.27,-102,94.0,-89.6,85.8,112.3,0.0,0,0,0,0,-66,12.2,255,915.000,1437,0,
811763,PRELAUNCH,23,1.0,40.1630609,-74.0806531,25.3,0.0,9.70,-0.40,-0.50,-0.1,-0.3,0.0,0.0,0.0,0.0,1.0,8.27,-104,94.0,-89.8,85.8,112.5,0.0,0,0,0,0,-67,12.2,255,915.000,1438,0,
812332,PRELAUNCH,24,1.0,40.1630609,-74.0806531,25.3,0.0,9.70,-0.50,-0.60,0.3,-0.2,-0.1,0.0,0.0,0.0,1.0,8.27,-101,94.0,-89.7,85.8,112.1,0.0,0,0,0,0,-68,13.5,255,915.000,1439,0,
812820,PRELAUNCH,23,1.0,40.1630609,-74.0806531,25.3,0.0,9.70,-0.40,-0.60,0.4,-0.1,-0.1,0.0,0.0,0.0,1.0,8.27,-100,94.0,-89.7,85.8,112.4,0.0,0,0,0,0,-66,12.5,255,915.000,1440,0,
813932,PRELAUNCH,23,1.0,40.1630678,-74.0806531,25.9,0.0,9.70,-0.40,-0.50,-0.2,-0.2,0.1,0.0,0.0,0.0,1.0,8.27,-97,94.0,-89.2,85.9,112.1,0.0,0,0,0,0,-63,12.2,255,915.000,1442,1,
814458,PRELAUNCH,22,1.0,40.1630678,-74.0806531,25.9,0.0,9.70,-0.40,-0.60,0.1,-0.3,0.0,0.0,0.0,0.0,1.0,8.27,-102,94.0,-89.4,85.8,112.1,0.0,0,0,0,0,-60,12.8,255,915.000,1443,0,
814991,PRELAUNCH,23,1.0,40.1630678,-74.0806531,25.9,0.0,9.70,-0.50,-0.40,0.1,-0.1,-0.2,0.0,0.0,0.0,1.0,8.27,-102,94.0,-89.1,85.8,111.8,0.0,0,0,0,0,-60,11.8,255,915.000,1444,0,
815490,PRELAUNCH,23,1.0,40.1630678,-74.0806531,25.9,0.0,9.70,-0.40,-0.60,0.3,-0.2,-0.1,0.0,0.0,0.0,1.0,8.27,-99,94.0,-89.1,85.8,112.0,0.0,0,0,0,0,-61,13.0,255,915.000,1445,0,
816036,PRELAUNCH,22,1.0,40.1630678,-74.0806531,25.9,0.0,9.70,-0.40,-0.50,0.2,-0.3,-0.1,0.0,0.0,0.0,1.0,8.27,-99,94.0,-89.0,85.8,111.7,0.0,0,0,0,0,-59,12.2,255,915.000,1446,0,
816570,PRELAUNCH,21,1.0,40.1630678,-74.0806531,25.9,0.0,9.70,-0.50,-0.70,-0.4,0.3,0.0,0.0,0.0,0.0,1.0,8.27,-109,94.0,-88.8,85.8,111.7,0.0,0,0,0,0,-62,12.8,255,915.000,1447,0,
817139,PRELAUNCH,22,1.0,40.1630678,-74.0806531,25.9,0.0,9.70,-0.40,-0.50,0.1,-0.3,-0.4,0.0,0.0,0.0,1.0,8.27,-106,94.0,-89.3,85.8,112.0,0.0,0,0,0,0,-60,13.0,255,915.000,1448,0,
817673,PRELAUNCH,23,1.0,40.1630678,-74.0806531,25.9,0.0,9.70,-0.40,-0.60,0.5,-0.3,-0.1,0.0,0.0,0.0,1.0,8.27,-102,94.0,-89.1,85.8,111.8,0.0,0,0,0,0,-61,14.0,255,915.000,1449,0,
818207,PRELAUNCH,24,1.0,40.1630678,-74.0806531,25.9,0.0,9.70,-0.30,-0.70,0.3,-0.3,0.0,0.0,0.0,0.0,1.0,8.27,-100,94.0,-89.4,85.9,112.2,0.0,0,0,0,0,-60,14.2,255,915.000,1450,0,
818715,PRELAUNCH,23,1.0,40.1630678,-74.0806531,25.9,0.0,9.70,-0.60,-0.50,-0.1,-0.1,-0.1,0.0,0.0,0.0,1.0,8.27,-96,94.0,-89.3,85.9,111.8,0.0,0,0,0,0,-62,12.5,255,915.000,1451,0,
819284,PRELAUNCH,22,1.0,40.1630678,-74.0806531,25.9,0.0,9.70,-0.30,-0.50,-0.7,0.0,-0.1,0.0,0.0,0.0,1.0,8.27,-90,94.0,-89.2,85.9,112.0,0.0,0,0,0,0,-61,13.5,255,915.000,1452,0,
819798,PRELAUNCH,23,1.0,40.1630678,-74.0806531,25.9,0.0,9.70,-0.40,-0.60,0.4,-0.3,-0.2,0.0,0.0,0.0,1.0,8.27,-99,94.0,-89.4,85.9,111.8,0.0,0,0,0,0,-59,12.5,255,915.000,1453,0,
820320,PRELAUNCH,24,1.0,40.1630678,-74.0806531,25.9,0.0,9.70,-0.40,-0.50,-0.2,-0.2,-0.1,0.0,0.0,0.0,1.0,8.27,-107,94.0,-89.4,85.8,112.2,0.0,0,0,0,0,-61,13.2,255,915.000,1454,0,
820854,PRELAUNCH,24,1.0,40.1630678,-74.0806531,25.9,0.0,9.70,-0.40,-0.60,0.3,-0.3,-0.2,0.0,0.0,0.0,1.0,8.27,-99,94.0,-89.6,86.0,112.3,0.0,0,0,0,0,-61,13.0,255,915.000,1455,0,
821420,PRELAUNCH,22,1.0,40.1630678,-74.0806531,25.9,0.0,9.70,-0.40,-0.60,0.3,-0.1,0.0,0.0,0.0,0.0,1.0,8.27,-101,94.0,-89.3,85.9,112.0,0.0,0,0,0,0,-60,14.0,255,915.000,1456,0,
821945,PRELAUNCH,24,1.0,40.1630678,-74.0806531,25.9,0.0,9.70,-0.40,-0.60,-0.8,0.3,-0.1,0.0,0.0,0.0,1.0,8.27,-106,94.0,-89.3,85.9,112.3,0.0,0,0,0,0,-60,13.5,255,915.000,1457,0,
822456,PRELAUNCH,24,1.0,40.1630678,-74.0806531,25.9,0.0,9.70,-0.50,-0.50,-0.3,0.0,0.0,0.0,0.0,0.0,1.0,8.27,-100,94.0,-89.5,85.8,112.2,0.0,0,0,0,0,-59,12.8,255,915.000,1458,0,
823048,PRELAUNCH,23,1.0,40.1630678,-74.0806531,25.9,0.0,9.70,-0.40,-0.60,-0.3,0.0,0.0,0.0,0.0,0.0,1.0,8.27,-97,94.0,-89.3,85.8,112.2,0.0,0,0,0,0,-60,13.2,255,915.000,1459,0,
823547,PRELAUNCH,23,1.0,40.1630678,-74.0806531,25.9,0.0,9.70,-0.40,-0.60,-0.3,-0.3,-0.4,0.0,0.0,0.0,1.0,8.27,-99,94.0,-89.8,85.8,112.2,0.0,0,0,0,0,-60,13.8,255,915.000,1460,0,
824093,PRELAUNCH,23,1.0,40.1630678,-74.0806531,25.9,0.0,9.70,-0.50,-0.60,-0.2,-0.2,0.1,0.0,0.0,0.0,1.0,8.27,-110,94.0,-89.3,85.8,112.2,0.0,0,0,0,0,-62,14.0,255,915.000,1461,0,
824650,PRELAUNCH,22,1.0,40.1630678,-74.0806531,25.9,0.0,9.70,-0.40,-0.50,-0.4,0.1,-0.1,0.0,0.0,0.0,1.0,8.27,-100,94.0,-89.2,85.9,112.3,0.0,0,0,0,0,-60,12.5,255,915.000,1462,0,
825183,PRELAUNCH,24,1.0,40.1630678,-74.0806531,25.9,0.0,9.70,-0.40,-0.50,0.2,-0.2,-0.2,0.0,0.0,0.0,1.0,8.27,-95,94.0,-89.5,85.8,112.2,0.0,0,0,0,0,-59,12.0,255,915.000,1463,0,
825730,PRELAUNCH,24,1.0,40.1630678,-74.0806531,25.9,0.0,9.70,-0.40,-0.50,-0.2,0.2,0.0,0.0,0.0,0.0,1.0,8.27,-101,94.0,-89.2,85.9,112.1,0.0,0,0,0,0,-60,12.5,255,915.000,1464,0,
826365,PRELAUNCH,24,1.0,40.1630678,-74.0806531,25.9,0.0,9.70,-0.40,-0.50,-0.1,-0.1,0.0,0.0,0.0,0.0,1.0,8.27,-99,94.0,-89.2,85.8,112.2,0.0,0,0,0,0,-61,14.0,255,915.000,1465,0,
826914,PRELAUNCH,22,1.0,40.1630678,-74.0806531,25.9,0.0,9.70,-0.40,-0.60,0.0,-0.2,-0.1,0.0,0.0,0.0,1.0,8.27,-107,94.0,-89.2,85.7,112.0,0.0,0,0,0,0,-60,12.8,255,915.000,1466,0,
827460,PRELAUNCH,23,1.0,40.1630678,-74.0806531,25.9,0.0,9.70,-0.40,-0.50,0.0,0.0,0.0,0.0,0.0,0.0,1.0,8.27,-99,94.0,-89.1,85.8,112.0,0.0,0,0,0,0,-59,12.0,255,915.000,1467,0,
828052,PRELAUNCH,24,1.0,40.1630678,-74.0806531,25.9,0.0,9.70,-0.40,-0.50,0.3,-0.1,-0.1,0.0,0.0,0.0,1.0,8.27,-101,94.0,-89.2,85.8,112.1,0.0,0,0,0,0,-59,12.0,255,915.000,1468,0,
828642,PRELAUNCH,23,1.0,40.1630678,-74.0806531,25.9,0.0,9.70,-0.40,-0.50,-0.1,-0.1,-0.1,0.0,0.0,0.0,1.0,8.27,-101,94.0,-89.2,85.9,112.1,0.0,0,0,0,0,-61,13.2,255,915.000,1469,0,
829196,PRELAUNCH,21,1.0,40.1630678,-74.0806531,25.9,0.0,3.80,9.90,-1.80,16.7,-14.5,-3.1,0.0,0.0,0.0,1.0,8.27,-97,94.0,-90.3,85.9,112.4,0.0,0,0,0,0,-59,12.5,255,915.000,1470,0,
829759,PRELAUNCH,22,1.0,40.1630678,-74.0806531,25.9,0.0,9.50,-0.30,-0.40,1.6,-0.3,-0.4,0.0,0.0,0.0,1.0,8.27,-99,94.0,-92.0,86.0,113.9,0.0,0,0,0,0,-59,12.5,255,915.000,1471,0,
830348,PRELAUNCH,21,1.0,40.1630678,-74.0806531,25.9,0.0,32.10,-0.10,-0.10,28.1,9.7,0.1,0.0,0.0,0.0,2.0,8.27,-99,94.0,-90.2,85.8,114.4,1.0,0,0,0,0,-57,13.5,255,915.000,1472,0,
830903,INFLIGHT,20,1.0,40.1630733,-74.0806741,29.9,0.0,84.60,0.20,-2.10,138.7,76.0,-23.9,19.0,37.0,19.0,38.0,8.27,-102,94.0,-93.3,61.0,111.2,37.0,1,0,0,0,-65,12.8,255,915.000,1473,0,
831413,INFLIGHT,14,1.0,40.1630790,-74.0806369,49.3,0.0,81.00,-0.80,-2.60,8.1,-40.2,-36.6,45.0,57.0,45.0,74.0,8.24,-107,94.0,14.9,68.8,99.5,74.0,1,0,0,0,-70,12.5,255,915.000,1474,0,
831929,INFLIGHT,0,26.0,nan,nan,nan,2.0,-5.70,-3.70,-1.80,6.5,-3.4,10.5,93.0,79.0,93.0,98.0,8.21,-372,92.0,19.4,67.7,97.9,96.0,1,0,0,0,-82,12.8,255,915.000,1475,0,
832454,INFLIGHT,0,26.0,nan,nan,nan,6.0,-4.70,-2.10,-0.70,0.3,-9.8,4.0,135.0,67.0,136.0,98.0,8.27,-104,94.0,21.3,66.9,96.4,88.0,1,0,0,0,-105,6.0,255,915.000,1476,0,
832968,INFLIGHT,15,2.0,40.1629672,-74.0803834,135.3,6.0,-4.00,-1.20,-1.20,12.9,-0.8,0.0,169.0,56.0,169.0,98.0,8.24,-189,93.0,23.3,66.0,95.9,77.0,1,0,0,0,-97,11.0,255,915.000,1477,0,
833481,INFLIGHT,15,1.0,40.1632622,-74.0802124,172.5,4.0,-3.10,-1.80,-1.00,57.9,1.1,-2.9,200.0,54.0,200.0,98.0,8.24,-206,93.0,29.7,64.3,93.9,67.0,1,0,0,0,-93,11.5,255,915.000,1478,0,
833984,INFLIGHT,17,1.0,40.1633631,-74.0801139,215.0,2.0,-2.30,-1.20,-0.80,54.8,-1.1,3.8,228.0,50.0,228.0,98.0,8.24,-115,94.0,58.3,63.6,93.3,60.0,1,0,0,0,-94,10.5,255,915.000,1479,0,
834478,INFLIGHT,15,1.0,40.1634261,-74.0800138,248.6,2.0,-2.10,-1.20,-0.60,52.7,0.5,0.9,253.0,43.0,253.0,98.0,8.24,-109,94.0,89.7,63.1,94.8,52.0,1,0,0,0,-89,12.2,255,915.000,1480,0,
834995,INFLIGHT,9,2.0,40.1634750,-74.0799057,282.4,2.0,-2.00,-0.30,0.00,54.2,-0.9,3.8,275.0,40.0,275.0,98.0,8.24,-107,94.0,121.1,62.6,97.0,47.0,1,0,0,0,-85,13.2,255,915.000,1481,0,
835501,INFLIGHT,11,2.0,40.1635219,-74.0798073,310.4,1.0,-1.20,-0.60,-0.30,55.4,-0.5,3.5,295.0,35.0,295.0,98.0,8.27,-105,94.0,148.8,60.5,100.3,41.0,1,0,0,0,-84,12.2,255,915.000,1482,0,
836009,INFLIGHT,15,1.0,40.1635718,-74.0796992,334.8,1.0,-0.70,-0.50,0.00,56.5,4.6,5.5,313.0,31.0,313.0,98.0,8.24,-110,94.0,173.1,58.1,103.0,36.0,1,0,0,0,-82,14.0,255,915.000,1483,0,
836513,INFLIGHT,16,1.0,40.1636273,-74.0795878,358.5,1.0,-0.80,-0.50,-0.20,52.4,8.4,6.8,328.0,26.0,328.0,98.0,8.24,-111,94.0,-164.3,54.5,104.7,32.0,1,0,0,0,-82,14.2,255,915.000,1484,0,
837026,INFLIGHT,15,1.0,40.1636687,-74.0794975,374.8,1.0,-0.70,-0.30,0.00,52.3,10.4,2.6,341.0,22.0,341.0,98.0,8.24,-100,94.0,-138.6,50.3,107.8,29.0,1,0,0,0,-85,13.2,255,915.000,1485,0,
837536,INFLIGHT,12,2.0,40.1637214,-74.0794088,388.0,0.0,-69.00,7.90,-1.40,423.9,53.9,-27.3,356.0,34.0,356.0,98.0,8.24,-90,94.0,-26.3,55.8,111.3,26.0,1,0,0,0,-92,12.2,255,915.000,1486,0,
838048,INFLIGHT,12,2.0,40.1637532,-74.0793411,393.1,0.0,-2.80,0.60,1.70,165.1,-100.4,-83.4,355.0,1.0,356.0,98.0,8.27,-99,94.0,163.6,19.6,104.1,16.0,1,1,0,0,-86,13.2,255,915.000,1487,0,
838546,INFLIGHT,14,1.0,40.1637749,-74.0793120,393.4,0.0,-0.10,-1.40,-1.40,-1012.2,-110.7,-162.1,354.0,-3.0,356.0,98.0,8.27,-97,94.0,82.5,-58.1,-41.2,23.0,1,1,0,0,-85,12.2,255,915.000,1488,0,
839047,INFLIGHT,15,1.0,40.1637895,-74.0792750,394.6,0.0,-3.50,0.00,0.80,-82.5,184.2,71.8,355.0,0.0,356.0,98.0,8.27,-91,94.0,91.0,-20.6,141.1,44.0,1,1,0,0,-86,12.5,255,915.000,1489,0,
839546,INFLIGHT,19,1.0,40.1638075,-74.0792685,393.7,0.0,-10.20,-5.30,-2.30,-441.8,-111.0,51.1,353.0,-3.0,356.0,98.0,8.24,-96,94.0,105.1,-56.1,-168.4,48.0,1,1,0,0,-99,10.0,255,915.000,1490,0,
840060,INFLIGHT,19,1.0,40.1638102,-74.0792508,391.8,0.0,-6.10,1.70,0.30,-771.3,-41.3,212.0,350.0,-6.0,356.0,98.0,8.27,-87,94.0,-147.3,-20.4,-97.1,42.0,1,1,1,0,-85,13.8,255,915.000,1491,0,
840567,INFLIGHT,19,1.0,40.1638201,-74.0792411,389.0,0.0,-12.30,-3.30,3.90,138.2,322.4,445.9,348.0,-2.0,356.0,98.0,8.27,-99,94.0,178.2,-15.9,-55.5,39.0,1,1,1,0,-84,12.2,255,915.000,1492,0,
841070,INFLIGHT,20,1.0,40.1638260,-74.0792460,386.7,0.0,-8.70,1.30,-3.70,123.9,104.9,-255.7,344.0,-4.0,356.0,98.0,8.24,-87,94.0,-140.3,-26.8,-133.2,40.0,1,1,1,0,-82,14.0,255,915.000,1493,0,
841571,INFLIGHT,20,1.0,40.1638375,-74.0792476,383.6,0.0,-14.60,-0.80,-0.60,100.1,158.1,69.2,341.0,-5.0,356.0,98.0,8.27,-89,94.0,-143.3,-86.0,139.4,39.0,1,1,1,0,-89,12.8,255,915.000,1494,0,
842079,INFLIGHT,20,1.0,40.1638309,-74.0792557,381.4,0.0,-4.40,1.00,-6.10,-370.0,-279.4,-146.0,340.0,-3.0,356.0,98.0,8.27,-90,94.0,-101.6,-43.6,74.6,39.0,1,1,1,0,-79,12.5,255,915.000,1495,0,
842585,INFLIGHT,18,1.0,40.1638299,-74.0792605,378.4,0.0,-8.90,-2.40,-2.00,-297.0,-318.1,68.1,336.0,-4.0,356.0,98.0,8.27,-89,94.0,-93.6,-21.2,4.8,30.0,1,1,1,0,-83,12.5,255,915.000,1496,0,
843095,INFLIGHT,22,1.0,40.1638398,-74.0792509,375.5,0.0,-11.90,0.70,1.00,157.5,89.3,-235.8,333.0,-6.0,356.0,98.0,8.27,-87,94.0,-37.5,-55.8,-64.5,26.0,1,1,1,0,-88,12.0,255,915.000,1497,0,
843609,INFLIGHT,19,1.0,40.1638568,-74.0792493,371.7,0.0,-12.70,1.20,3.00,-161.8,-66.7,163.0,330.0,-7.0,356.0,98.0,8.24,-101,94.0,-22.2,-67.1,-103.8,19.0,1,1,1,0,-78,13.0,255,915.000,1498,0,
844123,INFLIGHT,17,1.0,40.1638712,-74.0792654,369.9,0.0,-1.20,-0.30,0.80,-734.0,-6.0,13.9,329.0,-2.0,356.0,98.0,8.24,-95,94.0,-113.9,-24.6,-153.9,21.0,1,1,1,0,-93,11.5,255,915.000,1499,0,
844634,INFLIGHT,17,1.0,40.1638662,-74.0792848,367.4,0.0,-16.80,-4.40,-1.30,-1396.9,323.4,-449.8,326.0,-7.0,356.0,98.0,8.27,-89,94.0,64.8,-61.2,121.7,18.0,1,1,1,0,-81,12.2,255,915.000,1500,0,
845141,INFLIGHT,19,1.0,40.1638776,-74.0792864,364.4,0.0,-0.20,-4.10,1.10,-994.2,15.5,-15.5,323.0,-4.0,356.0,98.0,8.27,-87,94.0,-56.4,-18.3,157.8,17.0,1,1,1,0,-85,12.8,255,915.000,1501,0,
845653,INFLIGHT,19,1.0,40.1638750,-74.0792800,361.6,0.0,-8.20,-4.20,2.80,-1245.5,192.1,250.4,320.0,-5.0,356.0,98.0,8.27,-96,94.0,-133.8,-37.1,175.6,16.0,1,1,1,0,-82,12.5,255,915.000,1502,0,
846156,INFLIGHT,18,1.0,40.1638849,-74.0792703,358.7,0.0,-21.40,-1.30,0.10,-269.0,17.4,439.5,317.0,-5.0,356.0,98.0,8.27,-99,94.0,-55.5,-11.5,141.9,18.0,1,1,1,0,-78,12.5,255,915.000,1503,0,
846669,INFLIGHT,17,1.0,40.1638993,-74.0792864,356.9,0.0,-8.00,-0.40,-1.70,-466.4,13.0,52.7,315.0,-3.0,356.0,98.0,8.27,-97,94.0,113.8,-12.7,161.5,23.0,1,1,1,0,-84,12.5,255,915.000,1504,0,
847173,INFLIGHT,16,1.0,40.1639068,-74.0793026,354.3,0.0,-10.90,-3.30,-5.70,-811.5,-197.2,-279.3,312.0,-10.0,356.0,98.0,8.24,-99,94.0,15.8,-4.5,75.4,29.0,1,1,1,0,-86,13.2,255,915.000,1505,0,
847680,INFLIGHT,18,1.0,40.1638989,-74.0793074,350.7,0.0,-18.00,-2.10,5.40,-245.2,-184.1,92.0,309.0,-6.0,356.0,98.0,8.27,-89,94.0,23.5,-20.2,-2.2,30.0,1,1,1,0,-86,12.5,255,915.000,1506,0,
848178,INFLIGHT,18,1.0,40.1639048,-74.0793123,348.4,0.0,-7.60,-5.60,2.90,307.3,131.9,159.7,307.0,-4.0,356.0,98.0,8.27,-86,94.0,-64.4,-17.8,16.7,28.0,1,1,1,0,-82,12.5,255,915.000,1507,0,
848680,INFLIGHT,21,1.0,40.1639231,-74.0793139,346.0,0.0,-7.20,-0.40,6.00,15.9,114.3,-392.8,304.0,-3.0,356.0,98.0,8.24,-97,94.0,90.0,-5.3,91.6,29.0,1,1,1,0,-76,14.2,255,915.000,1508,0,
849203,INFLIGHT,20,1.0,40.1639277,-74.0793155,342.3,0.0,-5.70,-3.30,-5.60,1205.8,-230.6,67.0,302.0,-3.0,356.0,98.0,8.24,-91,94.0,-82.2,-51.3,132.8,29.0,1,1,1,0,-79,11.8,255,915.000,1509,0,
849707,INFLIGHT,18,1.0,40.1639267,-74.0793204,339.3,0.0,-11.90,2.70,0.90,314.6,-93.8,265.7,298.0,-5.0,356.0,98.0,8.24,-104,94.0,-75.6,-61.7,-130.0,23.0,1,1,1,0,-91,13.5,255,915.000,1510,0,
850216,INFLIGHT,21,1.0,40.1639257,-74.0793252,336.3,0.0,-4.60,-0.80,-0.20,1109.8,-38.4,-88.4,296.0,-3.0,356.0,98.0,8.24,-91,94.0,-106.5,-43.4,-122.9,19.0,1,1,1,0,-90,12.5,255,915.000,1511,0,
850723,INFLIGHT,20,1.0,40.1639456,-74.0793381,333.7,0.0,-19.70,-4.70,-2.00,1297.1,-315.3,41.4,292.0,-6.0,356.0,98.0,8.24,-101,94.0,-28.5,-39.2,-19.5,12.0,1,1,1,0,-80,12.8,255,915.000,1512,0,
851231,INFLIGHT,20,1.0,40.1639643,-74.0793478,329.7,0.0,-11.00,-2.30,0.20,691.2,259.8,80.8,289.0,-4.0,356.0,98.0,8.27,-97,94.0,177.1,-67.9,23.0,9.0,1,1,1,0,-77,12.5,255,915.000,1513,0,
851733,INFLIGHT,19,1.0,40.1639702,-74.0793527,327.4,0.0,-9.20,0.90,2.10,185.4,-173.8,-59.1,287.0,-4.0,356.0,98.0,8.27,-99,94.0,-25.4,-84.1,-71.4,7.0,1,1,1,0,-75,12.5,255,915.000,1514,0,
852235,INFLIGHT,21,1.0,40.1639792,-74.0793801,324.6,0.0,-13.10,-2.20,1.80,494.3,-169.8,-6.7,284.0,-6.0,356.0,98.0,8.24,-99,94.0,126.6,-56.8,47.6,7.0,1,1,1,0,-91,12.5,255,915.000,1515,0,
852746,INFLIGHT,22,1.0,40.1639923,-74.0793930,321.4,0.0,-11.60,-2.10,-2.00,24.6,-296.2,184.6,282.0,-4.0,356.0,98.0,8.24,-96,94.0,-124.5,-55.9,50.6,8.0,1,1,1,0,-81,12.5,255,915.000,1516,0,
853257,INFLIGHT,21,1.0,40.1640054,-74.0794059,318.1,0.0,-12.60,1.20,0.50,242.3,186.9,64.6,278.0,-5.0,356.0,98.0,8.24,-104,94.0,-153.2,-83.2,157.2,7.0,1,1,1,0,-84,11.5,255,915.000,1517,0,
853756,INFLIGHT,22,1.0,40.1640253,-74.0794188,315.5,0.0,-11.40,-1.90,-0.50,451.6,171.8,-140.6,275.0,-6.0,356.0,98.0,8.27,-107,94.0,75.8,-75.4,152.0,7.0,1,1,1,0,-84,12.5,255,915.000,1518,0,
854261,INFLIGHT,19,1.0,40.1640384,-74.0794318,312.2,0.0,-8.10,1.30,1.00,167.4,2.2,-39.6,273.0,-4.0,356.0,98.0,8.24,-96,94.0,-75.1,-64.6,170.6,6.0,1,1,1,0,-80,13.5,255,915.000,1519,0,
854767,INFLIGHT,19,1.0,40.1640474,-74.0794592,309.5,0.0,-7.60,0.20,-1.60,16.7,12.9,-196.8,271.0,-4.0,356.0,98.0,8.24,-100,94.0,-133.0,-68.1,79.5,7.0,1,1,1,0,-86,13.0,255,915.000,1520,0,
855266,INFLIGHT,22,1.0,40.1640464,-74.0794640,306.5,0.0,-10.10,2.00,-0.50,-367.1,91.2,46.4,268.0,-5.0,356.0,98.0,8.27,-95,94.0,53.1,-56.5,-28.4,6.0,1,1,1,0,-88,11.2,255,915.000,1521,0,
855776,INFLIGHT,23,1.0,40.1640579,-74.0794657,303.4,0.0,-12.30,-0.40,-1.20,-493.1,53.6,96.8,264.0,-7.0,356.0,98.0,8.27,-91,94.0,-102.8,-62.3,-130.4,6.0,1,1,1,0,-74,13.5,255,915.000,1522,0,
856283,INFLIGHT,23,1.0,40.1640638,-74.0794705,301.1,0.0,-5.90,-2.40,-2.00,-578.1,45.5,-27.3,262.0,-3.0,356.0,98.0,8.24,-101,94.0,162.8,-57.7,155.1,6.0,1,1,1,0,-79,12.8,255,915.000,1523,0,
856789,INFLIGHT,20,1.0,40.1640572,-74.0794786,298.9,0.0,-9.70,-0.10,-0.40,-773.7,-89.1,91.7,259.0,-4.0,356.0,98.0,8.24,-92,94.0,169.3,-67.7,-62.9,5.0,1,1,1,0,-75,12.5,255,915.000,1524,0,
857288,INFLIGHT,19,1.0,40.1640578,-74.0794947,295.7,0.0,-13.00,-0.50,1.00,-533.0,-2.3,10.1,257.0,-5.0,356.0,98.0,8.27,-92,94.0,97.7,-83.5,124.0,5.0,1,1,1,0,-95,11.2,255,915.000,1525,0,
857796,INFLIGHT,17,1.0,40.1640669,-74.0795221,292.9,0.0,-12.00,-1.90,-0.60,-355.2,8.0,-98.3,254.0,-4.0,356.0,98.0,8.24,-87,94.0,-115.0,-63.3,-1.8,5.0,1,1,1,0,-80,13.8,255,915.000,1526,0,
858298,INFLIGHT,18,1.0,40.1640619,-74.0795415,290.5,0.0,-16.00,-0.50,1.20,-327.7,83.5,-242.7,251.0,-4.0,356.0,98.0,8.24,-97,94.0,69.4,-76.6,-85.9,5.0,1,1,1,0,-81,12.2,255,915.000,1527,0,
858798,INFLIGHT,18,1.0,40.1640677,-74.0795463,288.2,0.0,-9.50,1.40,3.50,18.4,203.1,58.7,249.0,-4.0,356.0,98.0,8.27,-89,94.0,152.9,-46.9,-23.0,6.0,1,1,1,0,-73,13.5,255,915.000,1528,0,
859300,INFLIGHT,19,1.0,40.1640667,-74.0795512,285.2,0.0,-9.60,0.60,1.60,-89.3,81.8,168.9,246.0,-5.0,356.0,98.0,8.27,-94,94.0,-89.5,-60.1,-138.6,5.0,1,1,1,0,-77,13.5,255,915.000,1529,0,
859800,INFLIGHT,22,1.0,40.1640602,-74.0795593,283.0,0.0,-9.80,-0.40,0.50,-338.0,-161.6,76.7,244.0,-5.0,356.0,98.0,8.27,-89,94.0,38.5,-81.7,-160.4,5.0,1,1,1,0,-76,12.5,255,915.000,1530,0,
860304,INFLIGHT,24,1.0,40.1640676,-74.0795754,280.4,0.0,-7.90,1.20,-0.50,95.4,-76.4,-51.3,242.0,-4.0,356.0,98.0,8.24,-99,94.0,44.5,-60.8,-1.1,5.0,1,1,1,0,-81,12.2,255,915.000,1531,0,
860804,INFLIGHT,23,1.0,40.1640735,-74.0795802,278.1,0.0,-12.50,-4.80,-1.30,110.4,21.1,270.4,239.0,-4.0,356.0,98.0,8.24,-92,94.0,-79.6,-64.0,5.0,6.0,1,1,1,0,-76,12.2,255,915.000,1532,0,
861315,INFLIGHT,24,1.0,40.1640866,-74.0795932,274.8,0.0,-5.90,0.00,-3.00,177.1,51.8,14.3,237.0,-3.0,356.0,98.0,8.24,-96,94.0,-112.2,-37.5,140.6,6.0,1,1,1,0,-76,12.2,255,915.000,1533,0,
861823,INFLIGHT,21,1.0,40.1640941,-74.0796093,272.3,0.0,-11.00,-0.30,-2.00,229.0,-3.2,-174.7,233.0,-6.0,356.0,98.0,8.24,-91,94.0,164.2,-82.8,92.7,7.0,1,1,1,0,-88,12.8,255,915.000,1534,0,
862336,INFLIGHT,22,1.0,40.1640946,-74.0796254,269.1,0.0,-4.70,-2.90,0.40,-73.6,115.4,-66.5,231.0,-4.0,356.0,98.0,8.24,-95,94.0,112.2,-52.5,-170.1,6.0,1,1,1,0,-94,9.8,255,915.000,1535,0,
862847,INFLIGHT,21,1.0,40.1641021,-74.0796416,266.6,0.0,-5.50,0.50,-0.80,125.9,-41.9,-119.8,229.0,-4.0,356.0,98.0,8.24,-101,94.0,-136.1,-76.2,-82.9,6.0,1,1,1,0,-82,13.2,255,915.000,1536,0,
863346,INFLIGHT,23,1.0,40.1641221,-74.0796545,264.0,0.0,-8.50,0.10,-4.30,151.1,4.1,52.9,226.0,-4.0,356.0,98.0,8.24,-92,94.0,114.0,-60.6,-112.3,7.0,1,1,1,0,-77,13.5,255,915.000,1537,0,
863857,INFLIGHT,24,1.0,40.1641351,-74.0796674,260.7,0.0,-10.80,0.20,0.80,186.4,-144.5,112.4,223.0,-5.0,356.0,98.0,8.24,-97,94.0,41.0,-53.2,100.9,6.0,1,1,1,0,-81,12.5,255,915.000,1538,0,
864365,INFLIGHT,22,1.0,40.1641410,-74.0796723,258.4,0.0,-12.00,2.30,-2.80,116.2,-4.5,-192.6,221.0,-4.0,356.0,98.0,8.24,-101,94.0,-22.6,-51.6,116.7,7.0,1,1,1,0,-76,12.2,255,915.000,1539,0,
864885,INFLIGHT,25,1.0,40.1641432,-74.0796997,255.0,0.0,-2.30,1.90,1.00,21.9,-49.0,-12.3,219.0,-3.0,356.0,98.0,8.24,-100,94.0,-23.0,-43.8,163.1,7.0,1,1,1,0,-75,12.5,255,915.000,1540,0,
865386,INFLIGHT,22,1.0,40.1641454,-74.0797271,251.6,0.0,-14.60,-3.50,3.80,-239.3,-120.0,-349.7,215.0,-5.0,356.0,98.0,8.27,-101,94.0,32.4,-59.5,-140.9,6.0,1,1,1,0,-88,12.8,255,915.000,1541,0,
865886,INFLIGHT,24,1.0,40.1641529,-74.0797432,249.1,0.0,-9.40,-0.30,3.00,165.7,-41.3,140.1,213.0,-4.0,356.0,98.0,8.27,-95,94.0,-59.0,-74.6,-111.1,6.0,1,1,1,0,-73,13.8,255,915.000,1542,0,
866398,INFLIGHT,23,1.0,40.1641672,-74.0797594,247.2,0.0,-7.20,0.10,0.80,-53.1,66.4,-188.4,210.0,-4.0,356.0,98.0,8.27,-89,94.0,-94.2,-69.6,58.7,7.0,1,1,1,0,-75,12.5,255,915.000,1543,0,
866899,INFLIGHT,21,1.0,40.1641678,-74.0797755,244.0,0.0,-7.20,-1.10,-2.20,-25.3,86.1,-22.0,208.0,-5.0,356.0,98.0,8.27,-91,94.0,-56.5,-59.8,-22.2,6.0,1,1,1,0,-81,12.5,255,915.000,1544,0,
867399,INFLIGHT,23,1.0,40.1641684,-74.0797916,240.8,0.0,-8.00,1.70,-1.70,182.6,116.4,67.3,204.0,-7.0,356.0,98.0,8.24,-87,94.0,-32.5,-75.3,-162.8,6.0,1,1,1,0,-87,13.0,255,915.000,1545,0,
867913,INFLIGHT,24,1.0,40.1641690,-74.0798078,237.6,0.0,-8.90,-1.30,-0.70,469.0,178.7,-21.9,201.0,-5.0,356.0,98.0,8.24,-97,94.0,-120.5,-74.8,162.2,6.0,1,1,1,0,-83,13.5,255,915.000,1546,0,
868412,INFLIGHT,20,1.0,40.1641805,-74.0798094,234.6,0.0,-6.80,-0.20,1.50,329.4,-0.9,-66.8,199.0,-5.0,356.0,98.0,8.24,-95,94.0,123.3,-65.5,44.3,6.0,1,1,1,0,-76,12.5,255,915.000,1547,0,
868919,INFLIGHT,22,1.0,40.1641879,-74.0798255,232.1,0.0,-12.30,-1.10,-1.40,483.9,-54.0,-236.1,196.0,-5.0,356.0,98.0,8.24,-87,94.0,-90.6,-72.4,-158.7,6.0,1,1,1,0,-83,13.2,255,915.000,1548,0,
869438,INFLIGHT,20,1.0,40.1641925,-74.0798272,228.3,0.0,-6.40,-1.20,0.90,390.6,111.3,41.6,193.0,-4.0,356.0,98.0,8.27,-81,94.0,35.9,-64.7,-92.9,6.0,1,1,1,0,-85,11.5,255,915.000,1549,0,
869934,INFLIGHT,19,1.0,40.1641984,-74.0798320,226.0,0.0,-9.20,0.30,2.60,283.5,11.6,-26.5,191.0,-5.0,356.0,98.0,8.24,-101,94.0,-133.5,-50.5,-25.7,6.0,1,1,1,0,-74,14.2,255,915.000,1550,0,
870436,INFLIGHT,19,1.0,40.1642131,-74.0798562,222.5,0.0,-5.50,-2.20,-0.50,298.0,-143.6,51.1,188.0,-4.0,356.0,98.0,8.24,-102,94.0,41.0,-59.9,-154.5,6.0,1,1,1,0,-93,11.8,255,915.000,1551,0,
870937,INFLIGHT,20,1.0,40.1642137,-74.0798724,219.4,0.0,-14.10,-1.60,-0.80,-313.8,-126.2,262.1,185.0,-6.0,356.0,98.0,8.24,-99,94.0,-23.8,-72.2,-22.3,6.0,1,1,1,0,-82,14.0,255,915.000,1552,0,
871458,INFLIGHT,22,1.0,40.1642195,-74.0798772,217.0,0.0,-10.20,-1.00,2.40,-219.9,-83.7,-135.5,183.0,-4.0,356.0,98.0,8.24,-91,94.0,96.1,-67.7,56.3,5.0,1,1,1,0,-74,12.2,255,915.000,1553,0,
871961,INFLIGHT,24,1.0,40.1642254,-74.0798821,214.7,0.0,-8.30,0.80,2.30,-73.4,-96.0,249.8,180.0,-4.0,356.0,98.0,8.24,-87,94.0,92.0,-43.9,4.9,5.0,1,1,1,0,-79,14.0,255,915.000,1554,0,
872472,INFLIGHT,21,1.0,40.1642385,-74.0798950,211.4,0.0,-11.30,1.30,-1.20,-440.5,-204.1,-389.8,177.0,-5.0,356.0,98.0,8.24,-92,94.0,-117.9,-70.1,-118.9,5.0,1,1,1,0,-74,14.0,255,915.000,1555,0,
872983,INFLIGHT,21,1.0,40.1642444,-74.0798998,209.1,0.0,-4.90,-4.20,-2.70,-1100.8,161.0,122.7,175.0,-3.0,356.0,98.0,8.24,-95,94.0,-36.6,-47.6,-24.0,6.0,1,1,1,0,-72,12.8,255,915.000,1556,0,
873493,INFLIGHT,21,1.0,40.1642534,-74.0799273,206.4,0.0,-8.20,1.60,-1.50,-674.2,268.9,92.4,172.0,-4.0,356.0,98.0,8.24,-97,94.0,-11.6,-49.0,-46.6,8.0,1,1,1,0,-85,12.5,255,915.000,1557,0,
874003,INFLIGHT,21,1.0,40.1642524,-74.0799321,203.4,0.0,-12.30,2.90,-1.70,-494.4,-16.4,-46.6,169.0,-4.0,356.0,98.0,8.24,-107,94.0,9.7,-55.3,-102.9,10.0,1,1,1,0,-100,9.5,255,915.000,1558,0,
874504,INFLIGHT,21,1.0,40.1642599,-74.0799482,200.9,0.0,-8.30,-0.10,3.60,-373.2,-77.3,-139.8,168.0,-2.0,356.0,98.0,8.24,-97,94.0,157.2,15.5,-87.8,16.0,1,1,1,0,-92,11.2,255,915.000,1559,0,
875013,INFLIGHT,22,1.0,40.1642799,-74.0799612,198.3,0.0,-15.30,1.50,-2.40,71.8,309.4,-179.6,164.0,-9.0,356.0,98.0,8.27,-96,94.0,-25.0,-55.1,-171.8,18.0,1,1,1,0,-73,13.8,255,915.000,1560,0,
875520,INFLIGHT,17,1.0,40.1643083,-74.0799854,196.1,0.0,-10.90,-3.40,0.40,-1301.5,82.9,-88.0,162.0,-6.0,356.0,98.0,8.24,-95,94.0,81.8,-54.3,81.8,16.0,1,1,1,0,-82,13.8,255,915.000,1561,0,
876024,INFLIGHT,21,1.0,40.1643173,-74.0800128,193.3,0.0,-6.40,1.10,-1.60,-589.3,-2.7,142.5,160.0,-3.0,356.0,98.0,8.24,-101,94.0,-146.5,-47.7,100.2,11.0,1,1,1,0,-97,10.5,255,915.000,1562,0,
876532,INFLIGHT,22,1.0,40.1643232,-74.0800176,191.0,0.0,-8.50,-3.20,-4.60,-698.3,-35.4,87.2,157.0,-3.0,356.0,98.0,8.24,-87,94.0,-165.4,-36.7,50.2,8.0,1,1,1,0,-77,13.2,255,915.000,1563,0,
877032,INFLIGHT,19,1.0,40.1643347,-74.0800193,187.9,0.0,-10.50,-3.10,2.10,-602.3,-100.5,54.0,153.0,-4.0,356.0,98.0,8.27,-85,94.0,-82.7,-14.8,-16.4,10.0,1,1,1,0,-77,12.5,255,915.000,1564,0,
877533,INFLIGHT,22,1.0,40.1643422,-74.0800354,185.4,0.0,-10.10,1.10,-3.30,-200.3,-196.7,-102.3,151.0,-5.0,356.0,98.0,8.24,-97,94.0,20.4,-55.4,15.6,11.0,1,1,1,0,-93,11.5,255,915.000,1565,0,
878048,INFLIGHT,22,1.0,40.1643584,-74.0800709,181.7,0.0,-18.50,0.30,3.30,345.3,-137.1,-241.1,148.0,-6.0,356.0,98.0,8.24,-96,94.0,-16.7,-57.6,-110.5,10.0,1,1,1,0,-83,14.2,255,915.000,1566,0,
878567,INFLIGHT,23,1.0,40.1643675,-74.0800983,179.0,0.0,-6.00,-6.70,-2.80,1160.9,-84.5,215.3,145.0,-3.0,356.0,98.0,8.24,-94,94.0,159.4,-45.5,-135.5,9.0,1,1,1,0,-104,7.2,255,915.000,1567,0,
879069,INFLIGHT,17,1.0,40.1643665,-74.0801032,176.0,0.0,-12.90,-1.00,1.30,933.4,90.8,190.4,142.0,-4.0,356.0,98.0,8.24,-95,94.0,-29.9,-65.6,-68.6,11.0,1,1,1,0,-82,12.8,255,915.000,1568,0,
879571,INFLIGHT,22,1.0,40.1643796,-74.0801161,172.7,0.0,-11.80,-2.00,-1.60,638.2,-208.5,-75.1,140.0,-4.0,356.0,98.0,8.24,-107,94.0,-65.5,-47.9,-48.9,12.0,1,1,1,0,-87,12.2,255,915.000,1569,0,
880073,INFLIGHT,20,1.0,40.1643926,-74.0801290,169.5,0.0,-12.20,-1.90,1.80,663.2,-7.7,66.7,137.0,-4.0,356.0,98.0,8.24,-95,94.0,-29.8,-54.8,-54.6,14.0,1,1,1,0,-81,12.2,255,915.000,1570,0,
880582,INFLIGHT,23,1.0,40.1644057,-74.0801419,166.2,0.0,-8.20,-1.00,-2.40,776.3,-29.0,-34.9,134.0,-4.0,356.0,98.0,8.24,-102,94.0,-80.8,-63.3,86.1,14.0,1,1,1,0,-84,13.0,255,915.000,1571,0,
881087,INFLIGHT,23,1.0,40.1644203,-74.0801661,162.7,0.0,-14.10,-2.40,1.00,749.6,-223.2,-4.9,131.0,-6.0,356.0,98.0,8.24,-87,94.0,-83.5,-63.9,-100.1,12.0,1,1,1,0,-76,12.5,255,915.000,1572,0,
881598,INFLIGHT,22,1.0,40.1644363,-74.0801935,160.6,0.0,-13.90,-1.30,-1.30,850.6,180.1,-208.6,128.0,-5.0,356.0,98.0,8.24,-95,94.0,-151.2,-67.5,-65.8,12.0,1,1,1,0,-83,13.0,255,915.000,1573,0,
882105,INFLIGHT,24,1.0,40.1644618,-74.0802032,157.3,0.0,-8.50,-1.00,-3.60,544.8,-143.1,-85.4,126.0,-4.0,356.0,98.0,8.24,-84,94.0,-119.0,-76.4,171.0,11.0,1,1,1,0,-81,12.8,255,915.000,1574,0,
882616,INFLIGHT,23,1.0,40.1644709,-74.0802307,154.5,0.0,-8.90,-1.20,-0.10,413.9,133.7,20.4,123.0,-5.0,356.0,98.0,8.24,-89,94.0,54.3,-53.4,-59.6,11.0,1,1,1,0,-82,12.0,255,915.000,1575,0,
883128,INFLIGHT,21,1.0,40.1644855,-74.0802549,151.0,0.0,-10.20,-1.10,1.60,-82.3,-3.2,-44.8,120.0,-6.0,356.0,98.0,8.24,-86,94.0,-0.0,-64.6,154.2,10.0,1,1,1,0,-73,12.5,255,915.000,1576,0,
883636,INFLIGHT,23,1.0,40.1644946,-74.0802823,148.3,0.0,-17.10,1.00,-2.50,87.0,183.2,-39.4,117.0,-6.0,356.0,98.0,8.24,-96,94.0,21.0,-49.5,34.2,7.0,1,1,1,0,-85,12.8,255,915.000,1577,0,
884148,INFLIGHT,22,1.0,40.1645077,-74.0802952,145.0,0.0,-0.40,0.80,-1.00,-79.3,105.6,-108.3,115.0,-3.0,356.0,98.0,8.27,-96,94.0,103.9,-10.4,-26.1,8.0,1,1,1,0,-86,11.8,255,915.000,1578,0,
884659,INFLIGHT,22,1.0,40.1645292,-74.0803194,142.2,0.0,-21.90,-5.40,2.00,-1186.4,191.0,762.9,112.0,-7.0,356.0,98.0,8.24,-87,94.0,136.2,-62.8,-38.2,6.0,1,1,1,0,-79,13.0,255,915.000,1579,0,
885163,INFLIGHT,23,1.0,40.1645298,-74.0803356,139.0,0.0,-39.50,5.90,-3.30,51.4,-122.2,797.0,108.0,-6.0,356.0,98.0,8.24,-96,94.0,-2.7,-56.1,151.9,6.0,1,1,1,0,-86,12.8,255,915.000,1580,0,
885669,INFLIGHT,25,1.0,40.1645373,-74.0803517,136.5,0.0,-10.00,1.90,-1.10,121.0,135.0,170.2,106.0,-5.0,356.0,98.0,8.24,-97,94.0,15.7,-61.4,92.6,7.0,1,1,1,0,-74,13.0,255,915.000,1581,0,
886171,INFLIGHT,23,1.0,40.1645588,-74.0803759,133.6,0.0,-7.00,-3.80,2.50,600.9,9.0,-1.8,103.0,-4.0,356.0,98.0,8.27,-87,94.0,-130.7,-42.3,16.5,6.0,1,1,1,0,-78,12.2,255,915.000,1582,0,
886682,INFLIGHT,22,1.0,40.1645735,-74.0804001,130.2,0.0,-6.30,2.10,-2.50,206.1,-32.5,-297.5,100.0,-6.0,356.0,98.0,8.24,-101,94.0,11.6,-32.5,72.7,7.0,1,1,1,0,-77,12.5,255,915.000,1583,0,
887185,INFLIGHT,22,1.0,40.1645881,-74.0804243,126.7,0.0,-4.70,1.30,-3.80,-368.3,-60.0,-93.3,97.0,-5.0,356.0,98.0,8.24,-91,94.0,56.7,-39.2,-8.2,7.0,1,1,1,0,-76,14.0,255,915.000,1584,0,
887692,INFLIGHT,22,1.0,40.1645972,-74.0804517,123.9,0.0,-12.30,0.70,0.80,-207.4,214.2,-133.4,94.0,-5.0,356.0,98.0,8.24,-92,94.0,121.4,-79.2,81.9,6.0,1,1,1,0,-80,12.8,255,915.000,1585,0,
888200,INFLIGHT,22,1.0,40.1646243,-74.0804727,120.4,0.0,-11.50,-2.80,1.30,20.5,22.6,-104.5,91.0,-7.0,356.0,98.0,8.24,-101,94.0,-107.3,-57.7,19.1,6.0,1,1,1,0,-75,12.2,255,915.000,1586,0,
888711,INFLIGHT,24,1.0,40.1646443,-74.0804856,117.8,0.0,-6.10,-0.60,-0.30,176.1,85.6,48.8,88.0,-4.0,356.0,98.0,8.24,-97,94.0,-165.5,-68.9,34.3,7.0,1,1,1,0,-76,13.0,255,915.000,1587,0,
889213,INFLIGHT,19,1.0,40.1646549,-74.0805244,114.8,0.0,-4.20,-0.80,-0.40,-98.2,-86.0,146.5,85.0,-6.0,356.0,98.0,8.24,-85,94.0,157.4,-78.5,134.1,7.0,1,1,1,0,-83,13.5,255,915.000,1588,0,
889721,INFLIGHT,22,1.0,40.1646780,-74.0805598,111.8,0.0,-12.00,0.50,-0.90,-88.8,43.9,-69.9,82.0,-6.0,356.0,98.0,8.24,-102,94.0,-127.0,-80.4,179.2,7.0,1,1,1,0,-76,13.5,255,915.000,1589,0,
890220,INFLIGHT,19,1.0,40.1646871,-74.0805873,109.0,0.0,-8.00,1.40,0.80,-44.6,102.1,-21.4,80.0,-4.0,356.0,98.0,8.24,-90,94.0,-114.8,-51.3,-146.3,7.0,1,1,1,0,-82,12.5,255,915.000,1590,0,
890728,INFLIGHT,21,1.0,40.1646893,-74.0806147,105.6,0.0,-12.50,-2.90,-2.50,-386.4,48.3,-11.7,77.0,-7.0,356.0,98.0,8.24,-91,94.0,-91.3,-62.2,61.0,6.0,1,1,1,0,-76,12.2,255,915.000,1591,0,
891234,INFLIGHT,23,1.0,40.1646984,-74.0806421,102.9,0.0,-4.70,-1.10,1.10,-143.8,164.0,55.9,74.0,-5.0,356.0,98.0,8.24,-92,94.0,79.6,-53.5,132.7,7.0,1,1,1,0,-90,11.8,255,915.000,1592,0,
891739,INFLIGHT,21,1.0,40.1647058,-74.0806583,100.3,0.0,-12.50,-2.00,-1.10,-330.0,-242.3,97.7,71.0,-5.0,356.0,98.0,8.24,-87,94.0,157.1,-42.8,95.8,7.0,1,1,1,0,-79,14.5,255,915.000,1593,0,
892242,INFLIGHT,24,1.0,40.1647165,-74.0806970,97.4,0.0,-19.20,-1.30,0.70,-209.0,-328.4,-257.8,68.0,-6.0,356.0,98.0,8.24,-92,94.0,-99.7,-70.7,21.9,8.0,1,1,1,0,-80,13.0,255,915.000,1594,0,
892743,INFLIGHT,24,1.0,40.1647256,-74.0807244,94.6,0.0,-5.70,-1.60,0.20,-30.6,-88.4,74.0,66.0,-3.0,356.0,98.0,8.24,-97,94.0,-78.7,-37.1,-13.7,8.0,1,1,1,0,-88,12.2,255,915.000,1595,0,
893256,INFLIGHT,23,1.0,40.1647222,-74.0807550,92.0,0.0,-16.90,1.50,3.50,-193.4,308.4,36.0,63.0,-7.0,356.0,98.0,8.24,-99,94.0,-2.9,-73.3,-158.4,8.0,1,1,1,0,-73,14.2,255,915.000,1596,0,
893756,INFLIGHT,22,1.0,40.1647188,-74.0807857,89.3,0.0,-6.70,-0.90,-1.20,-440.4,-99.4,-95.2,60.0,-5.0,356.0,98.0,8.24,-89,94.0,-161.0,-57.4,-170.0,7.0,1,1,1,0,-78,12.2,255,915.000,1597,0,
894271,INFLIGHT,23,1.0,40.1647194,-74.0808018,86.2,0.0,-5.40,-1.30,0.40,-279.4,-127.0,-72.4,58.0,-4.0,356.0,98.0,8.24,-89,94.0,0.5,-49.9,-163.3,7.0,1,1,1,0,-79,12.5,255,915.000,1598,0,
894782,INFLIGHT,21,1.0,40.1647200,-74.0808180,83.0,0.0,-16.90,-1.00,-1.20,65.9,-436.5,-213.4,55.0,-5.0,356.0,98.0,8.24,-91,94.0,3.0,-68.7,-175.2,6.0,1,1,1,0,-79,13.8,255,915.000,1599,0,
895283,INFLIGHT,22,1.0,40.1647290,-74.0808454,80.2,0.0,-5.60,1.90,-3.20,276.3,155.5,9.9,53.0,-3.0,356.0,98.0,8.24,-104,94.0,-126.1,-23.2,168.6,8.0,1,1,1,0,-81,13.0,255,915.000,1600,0,
895793,INFLIGHT,23,1.0,40.1647397,-74.0808841,77.3,0.0,-14.70,0.90,-3.40,34.4,21.3,-292.6,49.0,-8.0,356.0,98.0,8.24,-99,94.0,-179.7,-68.0,-103.8,6.0,1,1,1,0,-74,13.8,255,915.000,1601,0,
896304,INFLIGHT,21,1.0,40.1647403,-74.0809002,74.1,0.0,-6.90,-2.00,-2.50,-252.6,85.3,-75.1,47.0,-3.0,356.0,98.0,8.24,-99,94.0,-90.0,-46.7,1.4,5.0,1,1,1,0,-81,12.8,255,915.000,1602,0,
896810,INFLIGHT,21,1.0,40.1647409,-74.0809164,70.9,0.0,-9.00,-4.50,-2.80,-778.2,-186.8,20.5,43.0,-9.0,356.0,98.0,8.24,-91,94.0,-174.5,-50.4,-149.0,7.0,1,1,1,0,-77,12.5,255,915.000,1603,0,
897325,INFLIGHT,20,1.0,40.1647524,-74.0809180,67.9,0.0,-10.00,-3.40,-0.50,-1218.1,-38.5,231.7,40.0,-5.0,356.0,98.0,8.24,-106,94.0,60.5,-54.9,-102.7,10.0,1,1,1,0,-97,10.8,255,915.000,1604,0,
897828,INFLIGHT,23,1.0,40.1647598,-74.0809342,65.3,0.0,-8.60,-2.40,4.00,-489.0,-1.3,23.3,37.0,-5.0,356.0,98.0,8.24,-95,94.0,132.3,-63.1,-97.3,12.0,1,1,1,0,-83,12.5,255,915.000,1605,0,
898338,INFLIGHT,20,1.0,40.1647676,-74.0809584,61.2,0.0,-14.00,3.30,0.40,83.7,-37.1,-124.6,34.0,-5.0,356.0,98.0,8.24,-87,94.0,143.7,-40.5,-79.7,14.0,1,1,1,0,-82,12.8,255,915.000,1606,0,
898837,INFLIGHT,20,1.0,40.1647735,-74.0809632,58.9,0.0,-9.30,-2.80,0.00,139.6,-123.3,-87.2,31.0,-5.0,356.0,98.0,8.24,-87,94.0,122.9,-55.6,175.5,15.0,1,1,1,0,-75,12.5,255,915.000,1607,0,
899345,INFLIGHT,21,1.0,40.1647866,-74.0809761,55.6,0.0,-13.70,-0.20,0.00,630.3,203.0,64.1,28.0,-5.0,356.0,98.0,8.24,-91,94.0,-154.9,-53.8,-56.0,17.0,1,1,1,0,-82,13.2,255,915.000,1608,0,
899854,INFLIGHT,21,1.0,40.1647911,-74.0809778,51.9,0.0,-8.00,1.90,0.10,324.6,-116.7,68.6,25.0,-5.0,356.0,98.0,8.24,-90,94.0,-32.5,-71.5,112.8,16.0,1,1,1,0,-79,12.5,255,915.000,1609,0,
900359,INFLIGHT,20,1.0,40.1648026,-74.0809794,48.9,0.0,-7.70,-1.10,-0.10,278.1,-106.0,41.3,22.0,-5.0,356.0,98.0,8.24,-99,94.0,164.9,-72.3,-14.6,15.0,1,1,1,0,-72,12.5,255,915.000,1610,0,
900858,INFLIGHT,21,1.0,40.1648101,-74.0809955,46.3,0.0,-7.70,2.00,-1.90,198.4,-87.4,-50.8,20.0,-4.0,356.0,98.0,8.24,-95,94.0,45.8,-56.7,31.3,13.0,1,1,1,0,-79,13.5,255,915.000,1611,0,
901369,INFLIGHT,22,1.0,40.1648179,-74.0810197,42.2,0.0,-9.90,-1.20,1.30,217.9,-121.6,63.5,16.0,-5.0,356.0,98.0,8.24,-87,94.0,-45.8,-71.4,-155.6,11.0,1,1,1,0,-94,11.2,255,915.000,1612,0,
901876,INFLIGHT,20,1.0,40.1648269,-74.0810472,39.5,0.0,-12.30,2.00,1.10,284.1,108.5,12.8,13.0,-6.0,356.0,98.0,8.24,-85,94.0,-163.6,-77.8,-7.9,8.0,1,0,0,0,-74,13.2,255,915.000,1613,0,
902398,INFLIGHT,23,1.0,40.1648275,-74.0810633,36.3,0.0,-26.70,0.40,1.80,132.2,318.7,-333.0,10.0,-5.0,356.0,98.0,8.24,-92,94.0,97.3,-80.2,18.5,7.0,1,0,0,0,-80,13.0,255,915.000,1614,0,
902907,INFLIGHT,21,1.0,40.1648297,-74.0810907,32.9,0.0,-20.60,0.80,0.50,-329.7,341.5,-134.4,7.0,-6.0,356.0,98.0,8.24,-92,94.0,168.9,-83.3,-66.9,6.0,1,0,0,0,-88,12.2,255,915.000,1615,0,
903421,INFLIGHT,21,1.0,40.1648428,-74.0811036,29.6,0.0,-5.60,-2.70,1.10,-440.9,4.5,-116.5,4.0,-4.0,356.0,98.0,8.24,-86,94.0,53.2,-52.3,171.8,6.0,1,0,0,0,-88,13.2,255,915.000,1616,0,
903930,INFLIGHT,22,1.0,40.1648365,-74.0811198,25.8,0.0,-13.40,-0.60,1.60,-738.4,-67.1,-266.5,1.0,-6.0,356.0,98.0,8.24,-96,94.0,28.6,-43.7,62.6,7.0,1,0,0,0,-85,14.2,255,915.000,1617,0,
904447,INFLIGHT,20,1.0,40.1648339,-74.0811133,23.0,0.0,-11.60,-1.00,-0.70,-681.0,51.5,213.7,-2.0,-5.0,356.0,98.0,8.24,-95,94.0,70.7,-35.1,8.4,8.0,1,0,0,0,-92,12.0,255,915.000,1618,0,
904955,INFLIGHT,19,1.0,40.1648414,-74.0811295,20.5,0.0,-20.40,5.00,-4.50,-524.3,-21.6,-351.3,-5.0,-5.0,356.0,98.0,8.24,-94,94.0,-2.7,-34.0,-0.4,9.0,1,0,0,0,-104,7.0,255,915.000,1619,0,
905476,INFLIGHT,21,1.0,40.1648504,-74.0811569,17.8,0.0,-1.60,-0.10,1.30,-778.7,31.8,-100.5,-7.0,-5.0,356.0,98.0,8.24,-97,94.0,17.0,-38.7,70.6,12.0,1,0,0,1,-103,8.2,255,915.000,1620,0,
905976,INFLIGHT,23,1.0,40.1648520,-74.0811682,17.5,0.0,1.00,-8.30,-5.10,5.6,0.3,0.4,-7.0,0.0,356.0,98.0,8.24,-96,94.0,162.1,-20.8,103.7,16.0,1,0,0,1,-104,8.0,255,915.000,1621,0,
906486,INFLIGHT,22,1.0,40.1648520,-74.0811682,17.5,0.0,0.90,-8.20,-5.30,0.1,-0.1,-0.1,-7.0,0.0,356.0,98.0,8.24,-92,94.0,164.8,-10.9,105.8,19.0,1,0,0,1,-100,9.5,255,915.000,1622,0,
906997,INFLIGHT,20,1.0,40.1648504,-74.0811569,17.8,0.0,0.90,-8.20,-5.30,0.0,0.0,-0.1,-7.0,0.0,356.0,98.0,8.24,-105,94.0,166.3,-4.3,104.7,20.0,1,0,0,1,-101,9.5,255,915.000,1623,0,
907508,INFLIGHT,21,1.0,40.1648504,-74.0811569,17.8,0.0,0.90,-8.20,-5.30,0.2,0.0,-0.1,-7.0,0.0,356.0,98.0,8.24,-81,94.0,166.9,0.1,103.1,21.0,1,0,0,1,-100,9.5,255,915.000,1624,0,
908004,LANDED,22,1.0,40.1648504,-74.0811569,17.8,0.0,0.90,-8.20,-5.30,0.2,-0.2,-0.1,0.0,0.0,356.0,98.0,8.24,-90,94.0,166.9,3.2,101.8,20.0,1,0,0,1,-118,-5.8,255,915.000,1625,0,
