ISO-10303-21;
HEADER;
/* Generated by software containing ST-Developer
 * from STEP Tools, Inc. (www.steptools.com) 
 */

FILE_DESCRIPTION(
/* description */ (''),
/* implementation_level */ '2;1');

FILE_NAME(
/* name */ '100 mm Rocket Airfoil.step',
/* time_stamp */ '2026-08-09T09:06:31-10:00',
/* author */ (''),
/* organization */ (''),
/* preprocessor_version */ 'ST-DEVELOPER v20.1',
/* originating_system */ 'Autodesk Translation Framework v15.8.0.0',
/* authorisation */ '');

FILE_SCHEMA (('AUTOMOTIVE_DESIGN { 1 0 10303 214 3 1 1 }'));
ENDSEC;

DATA;
#10=MECHANICAL_DESIGN_GEOMETRIC_PRESENTATION_REPRESENTATION('',(#46,#47,
#48,#49,#50,#51),#7772);
#11=ITEM_DEFINED_TRANSFORMATION($,$,#2603,#2795);
#12=ITEM_DEFINED_TRANSFORMATION($,$,#2619,#2796);
#13=ITEM_DEFINED_TRANSFORMATION($,$,#2645,#2797);
#14=ITEM_DEFINED_TRANSFORMATION($,$,#2708,#2798);
#15=(
REPRESENTATION_RELATIONSHIP($,$,#7792,#7791)
REPRESENTATION_RELATIONSHIP_WITH_TRANSFORMATION(#11)
SHAPE_REPRESENTATION_RELATIONSHIP()
);
#16=(
REPRESENTATION_RELATIONSHIP($,$,#7793,#7791)
REPRESENTATION_RELATIONSHIP_WITH_TRANSFORMATION(#12)
SHAPE_REPRESENTATION_RELATIONSHIP()
);
#17=(
REPRESENTATION_RELATIONSHIP($,$,#7794,#7791)
REPRESENTATION_RELATIONSHIP_WITH_TRANSFORMATION(#13)
SHAPE_REPRESENTATION_RELATIONSHIP()
);
#18=(
REPRESENTATION_RELATIONSHIP($,$,#7795,#7791)
REPRESENTATION_RELATIONSHIP_WITH_TRANSFORMATION(#14)
SHAPE_REPRESENTATION_RELATIONSHIP()
);
#19=CONTEXT_DEPENDENT_SHAPE_REPRESENTATION(#15,#7787);
#20=CONTEXT_DEPENDENT_SHAPE_REPRESENTATION(#16,#7788);
#21=CONTEXT_DEPENDENT_SHAPE_REPRESENTATION(#17,#7789);
#22=CONTEXT_DEPENDENT_SHAPE_REPRESENTATION(#18,#7790);
#23=NEXT_ASSEMBLY_USAGE_OCCURRENCE('Fin Tab:1','Fin Tab:1','Fin Tab:1',
#7797,#7798,'Fin Tab:1');
#24=NEXT_ASSEMBLY_USAGE_OCCURRENCE('Servo Cover:1','Servo Cover:1',
'Servo Cover:1',#7797,#7799,'Servo Cover:1');
#25=NEXT_ASSEMBLY_USAGE_OCCURRENCE('Airfoil Body:1','Airfoil Body:1',
'Airfoil Body:1',#7797,#7800,'Airfoil Body:1');
#26=NEXT_ASSEMBLY_USAGE_OCCURRENCE('DS-239HV:1','DS-239HV:1',
'DS-239HV:1',#7797,#7801,'DS-239HV:1');
#27=SPHERICAL_SURFACE('',#2685,2.);
#28=(
BOUNDED_SURFACE()
B_SPLINE_SURFACE(1,2,((#6008,#6009,#6010,#6011,#6012,#6013,#6014),(#6015,
#6016,#6017,#6018,#6019,#6020,#6021)),.UNSPECIFIED.,.F.,.F.,.F.)
B_SPLINE_SURFACE_WITH_KNOTS((2,2),(3,2,2,3),(-4.76194999772443E-15,0.0906307787036653),
(-1.59192881274446,-0.530642937581357,0.530642937581744,1.59192881274485),
 .UNSPECIFIED.)
GEOMETRIC_REPRESENTATION_ITEM()
RATIONAL_B_SPLINE_SURFACE(((1.,0.862481865824639,1.,0.862481865824639,1.,
0.862481865824639,1.),(1.,0.862481865824639,1.,0.862481865824639,1.,0.862481865824639,
1.)))
REPRESENTATION_ITEM('')
SURFACE()
);
#29=ELLIPSE('',#2660,5.51688959481247,5.);
#30=ELLIPSE('',#2661,5.51688959481247,5.);
#31=ELLIPSE('',#2662,5.51688959481247,5.);
#32=ELLIPSE('',#2670,24.2966471763635,5.);
#33=ELLIPSE('',#2671,5.51688959481247,5.);
#34=ELLIPSE('',#2672,24.2966471763635,5.);
#35=ELLIPSE('',#2674,5.51688959481246,5.);
#36=(
BOUNDED_CURVE()
B_SPLINE_CURVE(5,(#5227,#5228,#5229,#5230,#5231,#5232,#5233,#5234,#5235,
#5236,#5237,#5238,#5239,#5240,#5241,#5242,#5243,#5244,#5245,#5246,#5247,
#5248,#5249,#5250,#5251,#5252,#5253,#5254,#5255,#5256,#5257,#5258,#5259,
#5260,#5261,#5262,#5263,#5264,#5265,#5266,#5267,#5268,#5269,#5270,#5271,
#5272,#5273,#5274,#5275,#5276,#5277,#5278,#5279,#5280,#5281,#5282,#5283,
#5284,#5285,#5286,#5287,#5288,#5289,#5290,#5291,#5292,#5293,#5294,#5295,
#5296,#5297,#5298,#5299,#5300,#5301,#5302,#5303,#5304,#5305,#5306,#5307,
#5308,#5309,#5310,#5311,#5312,#5313,#5314,#5315,#5316,#5317,#5318,#5319,
#5320,#5321,#5322,#5323,#5324,#5325,#5326,#5327,#5328,#5329,#5330,#5331,
#5332,#5333,#5334,#5335,#5336,#5337,#5338,#5339,#5340,#5341,#5342,#5343,
#5344,#5345,#5346,#5347,#5348,#5349,#5350,#5351,#5352,#5353,#5354,#5355,
#5356,#5357,#5358,#5359,#5360,#5361,#5362,#5363,#5364,#5365,#5366,#5367,
#5368,#5369,#5370,#5371,#5372,#5373,#5374,#5375,#5376,#5377,#5378,#5379,
#5380,#5381,#5382,#5383,#5384,#5385,#5386),.UNSPECIFIED.,.F.,.F.)
B_SPLINE_CURVE_WITH_KNOTS((6,1,1,1,1,1,1,1,1,1,1,1,1,1,1,1,1,1,1,1,1,1,
1,1,1,1,1,1,1,1,1,1,1,1,1,1,1,1,1,1,1,1,1,1,1,1,1,1,1,1,1,1,1,1,1,1,1,1,
1,1,1,1,1,1,1,1,1,1,1,1,1,1,1,1,1,1,1,1,1,1,1,1,1,1,1,1,1,1,1,1,1,1,1,1,
1,1,1,1,1,1,1,1,1,1,1,1,1,1,1,1,1,1,1,1,1,1,1,1,1,1,1,1,1,1,1,1,1,1,1,1,
1,1,1,1,1,1,1,1,1,1,1,1,1,1,1,1,1,1,1,1,1,1,1,1,1,6),(0.516188395005853,
0.517142857142856,0.519999999999999,0.522857142857142,0.525714285714285,
0.528571428571427,0.53142857142857,0.534285714285713,0.537142857142856,
0.539999999999999,0.542857142857142,0.545714285714285,0.548571428571428,
0.551428571428571,0.554285714285713,0.557142857142856,0.559999999999999,
0.562857142857142,0.565714285714285,0.568571428571428,0.571428571428571,
0.574285714285714,0.577142857142857,0.58,0.582857142857142,0.585714285714285,
0.588571428571428,0.591428571428571,0.594285714285714,0.597142857142857,
0.6,0.602857142857143,0.605714285714286,0.608571428571428,0.611428571428571,
0.614285714285714,0.617142857142857,0.62,0.622857142857143,0.625714285714286,
0.628571428571429,0.631428571428572,0.634285714285714,0.637142857142857,
0.64,0.642857142857143,0.645714285714286,0.648571428571429,0.651428571428572,
0.654285714285715,0.657142857142858,0.66,0.662857142857143,0.665714285714286,
0.668571428571429,0.671428571428572,0.674285714285715,0.677142857142858,
0.680000000000001,0.682857142857144,0.685714285714286,0.688571428571429,
0.691428571428572,0.694285714285715,0.697142857142858,0.700000000000001,
0.702857142857144,0.705714285714287,0.70857142857143,0.711428571428573,
0.714285714285715,0.717142857142858,0.720000000000001,0.722857142857144,
0.725714285714287,0.72857142857143,0.731428571428573,0.734285714285716,
0.737142857142859,0.740000000000001,0.742857142857144,0.745714285714287,
0.74857142857143,0.751428571428573,0.754285714285716,0.757142857142859,
0.760000000000002,0.762857142857145,0.765714285714287,0.76857142857143,
0.771428571428573,0.774285714285716,0.777142857142859,0.780000000000002,
0.782857142857145,0.785714285714288,0.788571428571431,0.791428571428573,
0.794285714285716,0.797142857142859,0.800000000000002,0.802857142857145,
0.805714285714288,0.808571428571431,0.811428571428574,0.814285714285717,
0.81714285714286,0.820000000000002,0.822857142857145,0.825714285714288,
0.828571428571431,0.831428571428574,0.834285714285717,0.83714285714286,
0.840000000000003,0.842857142857146,0.845714285714288,0.848571428571431,
0.851428571428574,0.854285714285717,0.85714285714286,0.860000000000003,
0.862857142857146,0.865714285714289,0.868571428571432,0.871428571428574,
0.874285714285717,0.87714285714286,0.880000000000003,0.882857142857146,
0.885714285714289,0.888571428571432,0.891428571428575,0.894285714285718,
0.89714285714286,0.900000000000003,0.902857142857146,0.905714285714289,
0.908571428571432,0.911428571428575,0.914285714285718,0.917142857142861,
0.920000000000004,0.922857142857146,0.925714285714289,0.928571428571432,
0.931428571428575,0.934285714285718,0.937142857142861,0.940000000000004,
0.942857142857147,0.94571428571429,0.948571428571433,0.951428571428575,
0.954285714285718,0.954847862672539),.UNSPECIFIED.)
CURVE()
GEOMETRIC_REPRESENTATION_ITEM()
RATIONAL_B_SPLINE_CURVE((1.,1.,1.,1.,1.,1.,1.,1.,1.,1.,1.,1.,1.,1.,1.,1.,
1.,1.,1.,1.,1.,1.,1.,1.,1.,1.,1.,1.,1.,1.,1.,1.,1.,1.,1.,1.,1.,1.,1.,1.,
1.,1.,1.,1.,1.,1.,1.,1.,1.,1.,1.,1.,1.,1.,1.,1.,1.,1.,1.,1.,1.,1.,1.,1.,
1.,1.,1.,1.,1.,1.,1.,1.,1.,1.,1.,1.,1.,1.,1.,1.,1.,1.,1.,1.,1.,1.,1.,1.,
1.,1.,1.,1.,1.,1.,1.,1.,1.,1.,1.,1.,1.,1.,1.,1.,1.,1.,1.,1.,1.,1.,1.,1.,
1.,1.,1.,1.,1.,1.,1.,1.,1.,1.,1.,1.,1.,1.,1.,1.,1.,1.,1.,1.,1.,1.,1.,1.,
1.,1.,1.,1.,1.,1.,1.,1.,1.,1.,1.,1.,1.,1.,1.,1.,1.,1.,1.,1.,1.,1.,1.,1.))
REPRESENTATION_ITEM('')
);
#37=(
BOUNDED_CURVE()
B_SPLINE_CURVE(5,(#5681,#5682,#5683,#5684,#5685,#5686,#5687,#5688,#5689,
#5690,#5691,#5692,#5693,#5694,#5695,#5696,#5697,#5698,#5699,#5700,#5701,
#5702,#5703,#5704,#5705,#5706,#5707,#5708,#5709,#5710,#5711,#5712,#5713,
#5714,#5715,#5716,#5717,#5718,#5719,#5720,#5721,#5722,#5723,#5724,#5725,
#5726,#5727,#5728,#5729,#5730,#5731,#5732,#5733,#5734,#5735,#5736,#5737,
#5738,#5739,#5740,#5741,#5742,#5743,#5744,#5745,#5746,#5747,#5748,#5749,
#5750,#5751,#5752,#5753,#5754,#5755,#5756,#5757,#5758,#5759,#5760,#5761,
#5762,#5763,#5764,#5765,#5766,#5767,#5768,#5769,#5770,#5771,#5772,#5773,
#5774,#5775,#5776,#5777,#5778,#5779,#5780,#5781,#5782,#5783,#5784,#5785,
#5786,#5787,#5788,#5789,#5790,#5791,#5792,#5793,#5794,#5795,#5796,#5797,
#5798,#5799,#5800,#5801,#5802,#5803,#5804,#5805,#5806,#5807,#5808,#5809,
#5810,#5811,#5812,#5813,#5814,#5815,#5816,#5817,#5818,#5819,#5820,#5821,
#5822,#5823,#5824,#5825,#5826,#5827,#5828,#5829,#5830,#5831,#5832,#5833,
#5834,#5835,#5836,#5837,#5838,#5839),.UNSPECIFIED.,.F.,.F.)
B_SPLINE_CURVE_WITH_KNOTS((6,1,1,1,1,1,1,1,1,1,1,1,1,1,1,1,1,1,1,1,1,1,
1,1,1,1,1,1,1,1,1,1,1,1,1,1,1,1,1,1,1,1,1,1,1,1,1,1,1,1,1,1,1,1,1,1,1,1,
1,1,1,1,1,1,1,1,1,1,1,1,1,1,1,1,1,1,1,1,1,1,1,1,1,1,1,1,1,1,1,1,1,1,1,1,
1,1,1,1,1,1,1,1,1,1,1,1,1,1,1,1,1,1,1,1,1,1,1,1,1,1,1,1,1,1,1,1,1,1,1,1,
1,1,1,1,1,1,1,1,1,1,1,1,1,1,1,1,1,1,1,1,1,1,1,1,6),(0.0451481300726688,
0.0457142857142857,0.0485714285714286,0.0514285714285714,0.0542857142857143,
0.0571428571428571,0.06,0.0628571428571429,0.0657142857142857,0.0685714285714286,
0.0714285714285715,0.0742857142857143,0.0771428571428572,0.08,0.0828571428571429,
0.0857142857142858,0.0885714285714286,0.0914285714285715,0.0942857142857144,
0.0971428571428572,0.1,0.102857142857143,0.105714285714286,0.108571428571429,
0.111428571428572,0.114285714285714,0.117142857142857,0.12,0.122857142857143,
0.125714285714286,0.128571428571429,0.131428571428572,0.134285714285714,
0.137142857142857,0.14,0.142857142857143,0.145714285714286,0.148571428571429,
0.151428571428572,0.154285714285714,0.157142857142857,0.16,0.162857142857143,
0.165714285714286,0.168571428571429,0.171428571428572,0.174285714285715,
0.177142857142857,0.18,0.182857142857143,0.185714285714286,0.188571428571429,
0.191428571428572,0.194285714285715,0.197142857142857,0.2,0.202857142857143,
0.205714285714286,0.208571428571429,0.211428571428572,0.214285714285715,
0.217142857142857,0.22,0.222857142857143,0.225714285714286,0.228571428571429,
0.231428571428572,0.234285714285715,0.237142857142858,0.24,0.242857142857143,
0.245714285714286,0.248571428571429,0.251428571428572,0.254285714285715,
0.257142857142858,0.26,0.262857142857143,0.265714285714286,0.268571428571429,
0.271428571428572,0.274285714285715,0.277142857142857,0.28,0.282857142857143,
0.285714285714286,0.288571428571429,0.291428571428572,0.294285714285714,
0.297142857142857,0.3,0.302857142857143,0.305714285714286,0.308571428571429,
0.311428571428571,0.314285714285714,0.317142857142857,0.32,0.322857142857143,
0.325714285714286,0.328571428571428,0.331428571428571,0.334285714285714,
0.337142857142857,0.34,0.342857142857143,0.345714285714285,0.348571428571428,
0.351428571428571,0.354285714285714,0.357142857142857,0.36,0.362857142857142,
0.365714285714285,0.368571428571428,0.371428571428571,0.374285714285714,
0.377142857142857,0.379999999999999,0.382857142857142,0.385714285714285,
0.388571428571428,0.391428571428571,0.394285714285714,0.397142857142856,
0.399999999999999,0.402857142857142,0.405714285714285,0.408571428571428,
0.411428571428571,0.414285714285713,0.417142857142856,0.419999999999999,
0.422857142857142,0.425714285714285,0.428571428571428,0.43142857142857,
0.434285714285713,0.437142857142856,0.439999999999999,0.442857142857142,
0.445714285714285,0.448571428571428,0.45142857142857,0.454285714285713,
0.457142857142856,0.459999999999999,0.462857142857142,0.465714285714285,
0.468571428571427,0.47142857142857,0.474285714285713,0.477142857142856,
0.479999999999999,0.482545821823447),.UNSPECIFIED.)
CURVE()
GEOMETRIC_REPRESENTATION_ITEM()
RATIONAL_B_SPLINE_CURVE((1.,1.,1.,1.,1.,1.,1.,1.,1.,1.,1.,1.,1.,1.,1.,1.,
1.,1.,1.,1.,1.,1.,1.,1.,1.,1.,1.,1.,1.,1.,1.,1.,1.,1.,1.,1.,1.,1.,1.,1.,
1.,1.,1.,1.,1.,1.,1.,1.,1.,1.,1.,1.,1.,1.,1.,1.,1.,1.,1.,1.,1.,1.,1.,1.,
1.,1.,1.,1.,1.,1.,1.,1.,1.,1.,1.,1.,1.,1.,1.,1.,1.,1.,1.,1.,1.,1.,1.,1.,
1.,1.,1.,1.,1.,1.,1.,1.,1.,1.,1.,1.,1.,1.,1.,1.,1.,1.,1.,1.,1.,1.,1.,1.,
1.,1.,1.,1.,1.,1.,1.,1.,1.,1.,1.,1.,1.,1.,1.,1.,1.,1.,1.,1.,1.,1.,1.,1.,
1.,1.,1.,1.,1.,1.,1.,1.,1.,1.,1.,1.,1.,1.,1.,1.,1.,1.,1.,1.,1.,1.,1.))
REPRESENTATION_ITEM('')
);
#38=SHAPE_REPRESENTATION_RELATIONSHIP('SRR','None',#7792,#42);
#39=SHAPE_REPRESENTATION_RELATIONSHIP('SRR','None',#7793,#43);
#40=SHAPE_REPRESENTATION_RELATIONSHIP('SRR','None',#7794,#44);
#41=SHAPE_REPRESENTATION_RELATIONSHIP('SRR','None',#7795,#45);
#42=ADVANCED_BREP_SHAPE_REPRESENTATION('',(#52),#7768);
#43=ADVANCED_BREP_SHAPE_REPRESENTATION('',(#53),#7769);
#44=ADVANCED_BREP_SHAPE_REPRESENTATION('',(#54),#7770);
#45=ADVANCED_BREP_SHAPE_REPRESENTATION('',(#55,#56,#57),#7771);
#46=STYLED_ITEM('',(#7820),#52);
#47=STYLED_ITEM('',(#7820),#53);
#48=STYLED_ITEM('',(#7820),#54);
#49=STYLED_ITEM('',(#7821),#55);
#50=STYLED_ITEM('',(#7822),#56);
#51=STYLED_ITEM('',(#7823),#57);
#52=MANIFOLD_SOLID_BREP('Fin Tab',#2551);
#53=MANIFOLD_SOLID_BREP('Servo Cover',#2552);
#54=MANIFOLD_SOLID_BREP('Airfoil Body',#2553);
#55=MANIFOLD_SOLID_BREP('Body1',#2554);
#56=MANIFOLD_SOLID_BREP('Body2',#2555);
#57=MANIFOLD_SOLID_BREP('Body3',#2556);
#58=CYLINDRICAL_SURFACE('',#2607,4.125);
#59=CYLINDRICAL_SURFACE('',#2610,2.5);
#60=CYLINDRICAL_SURFACE('',#2615,1.5);
#61=CYLINDRICAL_SURFACE('',#2623,1.1);
#62=CYLINDRICAL_SURFACE('',#2625,1.1);
#63=CYLINDRICAL_SURFACE('',#2627,1.09999999999999);
#64=CYLINDRICAL_SURFACE('',#2673,5.);
#65=CYLINDRICAL_SURFACE('',#2677,1.75000000000001);
#66=CYLINDRICAL_SURFACE('',#2680,1.75000000000001);
#67=CYLINDRICAL_SURFACE('',#2689,2.875);
#68=CYLINDRICAL_SURFACE('',#2693,1.5);
#69=CYLINDRICAL_SURFACE('',#2695,0.900000000000003);
#70=CYLINDRICAL_SURFACE('',#2698,0.899999999999999);
#71=CYLINDRICAL_SURFACE('',#2701,0.89999999999999);
#72=CYLINDRICAL_SURFACE('',#2710,1.25);
#73=CYLINDRICAL_SURFACE('',#2714,1.25);
#74=CYLINDRICAL_SURFACE('',#2718,1.25);
#75=CYLINDRICAL_SURFACE('',#2722,1.25);
#76=CYLINDRICAL_SURFACE('',#2730,0.5);
#77=CYLINDRICAL_SURFACE('',#2738,0.5);
#78=CYLINDRICAL_SURFACE('',#2741,0.5);
#79=CYLINDRICAL_SURFACE('',#2747,0.5);
#80=CYLINDRICAL_SURFACE('',#2750,0.5);
#81=CYLINDRICAL_SURFACE('',#2756,0.5);
#82=CYLINDRICAL_SURFACE('',#2761,1.25);
#83=CYLINDRICAL_SURFACE('',#2764,1.25);
#84=CYLINDRICAL_SURFACE('',#2783,3.85);
#85=CYLINDRICAL_SURFACE('',#2785,2.375);
#86=CYLINDRICAL_SURFACE('',#2792,1.75);
#87=FACE_BOUND('',#840,.T.);
#88=FACE_BOUND('',#847,.T.);
#89=FACE_BOUND('',#852,.T.);
#90=FACE_BOUND('',#860,.T.);
#91=FACE_BOUND('',#861,.T.);
#92=FACE_BOUND('',#862,.T.);
#93=FACE_BOUND('',#871,.T.);
#94=FACE_BOUND('',#873,.T.);
#95=FACE_BOUND('',#875,.T.);
#96=FACE_BOUND('',#890,.T.);
#97=FACE_BOUND('',#892,.T.);
#98=FACE_BOUND('',#898,.T.);
#99=FACE_BOUND('',#902,.T.);
#100=FACE_BOUND('',#906,.T.);
#101=FACE_BOUND('',#911,.T.);
#102=FACE_BOUND('',#927,.T.);
#103=FACE_BOUND('',#930,.T.);
#104=FACE_BOUND('',#940,.T.);
#105=FACE_BOUND('',#943,.T.);
#106=FACE_BOUND('',#960,.T.);
#107=FACE_BOUND('',#966,.T.);
#108=FACE_BOUND('',#971,.T.);
#109=FACE_BOUND('',#975,.T.);
#110=FACE_BOUND('',#977,.T.);
#111=FACE_BOUND('',#978,.T.);
#112=FACE_BOUND('',#985,.T.);
#113=FACE_BOUND('',#989,.T.);
#114=FACE_BOUND('',#992,.T.);
#115=FACE_BOUND('',#995,.T.);
#116=CIRCLE('',#2605,4.125);
#117=CIRCLE('',#2606,2.5);
#118=CIRCLE('',#2608,4.125);
#119=CIRCLE('',#2611,2.5);
#120=CIRCLE('',#2614,1.5);
#121=CIRCLE('',#2616,1.5);
#122=CIRCLE('',#2624,1.1);
#123=CIRCLE('',#2626,1.1);
#124=CIRCLE('',#2628,1.09999999999999);
#125=CIRCLE('',#2649,0.89999999999999);
#126=CIRCLE('',#2656,0.899999999999999);
#127=CIRCLE('',#2667,0.900000000000003);
#128=CIRCLE('',#2678,1.75000000000001);
#129=CIRCLE('',#2681,1.75000000000001);
#130=CIRCLE('',#2683,2.00000000000001);
#131=CIRCLE('',#2684,1.99999999999999);
#132=CIRCLE('',#2686,1.99999999999987);
#133=CIRCLE('',#2688,2.875);
#134=CIRCLE('',#2690,2.875);
#135=CIRCLE('',#2692,1.5);
#136=CIRCLE('',#2694,1.5);
#137=CIRCLE('',#2696,0.900000000000003);
#138=CIRCLE('',#2699,0.899999999999999);
#139=CIRCLE('',#2702,0.89999999999999);
#140=CIRCLE('',#2711,1.25);
#141=CIRCLE('',#2712,1.25);
#142=CIRCLE('',#2715,1.25);
#143=CIRCLE('',#2716,1.25);
#144=CIRCLE('',#2719,1.25);
#145=CIRCLE('',#2720,1.25);
#146=CIRCLE('',#2723,1.25);
#147=CIRCLE('',#2724,1.25);
#148=CIRCLE('',#2731,0.5);
#149=CIRCLE('',#2732,0.5);
#150=CIRCLE('',#2735,0.5);
#151=CIRCLE('',#2736,1.25);
#152=CIRCLE('',#2737,1.25);
#153=CIRCLE('',#2739,0.5);
#154=CIRCLE('',#2742,0.5);
#155=CIRCLE('',#2743,0.5);
#156=CIRCLE('',#2746,0.5);
#157=CIRCLE('',#2748,0.5);
#158=CIRCLE('',#2751,0.5);
#159=CIRCLE('',#2752,0.5);
#160=CIRCLE('',#2754,0.5);
#161=CIRCLE('',#2757,0.5);
#162=CIRCLE('',#2762,1.25);
#163=CIRCLE('',#2765,1.25);
#164=CIRCLE('',#2778,3.85);
#165=CIRCLE('',#2780,3.85);
#166=CIRCLE('',#2781,3.85);
#167=CIRCLE('',#2782,2.375);
#168=CIRCLE('',#2784,3.85);
#169=CIRCLE('',#2786,2.375);
#170=CIRCLE('',#2791,1.75);
#171=CIRCLE('',#2793,1.75);
#172=LINE('',#3544,#387);
#173=LINE('',#3645,#388);
#174=LINE('',#3648,#389);
#175=LINE('',#3747,#390);
#176=LINE('',#3750,#391);
#177=LINE('',#3753,#392);
#178=LINE('',#3754,#393);
#179=LINE('',#3757,#394);
#180=LINE('',#3760,#395);
#181=LINE('',#3767,#396);
#182=LINE('',#3935,#397);
#183=LINE('',#4017,#398);
#184=LINE('',#4019,#399);
#185=LINE('',#4020,#400);
#186=LINE('',#4034,#401);
#187=LINE('',#4036,#402);
#188=LINE('',#4038,#403);
#189=LINE('',#4040,#404);
#190=LINE('',#4042,#405);
#191=LINE('',#4043,#406);
#192=LINE('',#4051,#407);
#193=LINE('',#4052,#408);
#194=LINE('',#4199,#409);
#195=LINE('',#4430,#410);
#196=LINE('',#4573,#411);
#197=LINE('',#4616,#412);
#198=LINE('',#4755,#413);
#199=LINE('',#4797,#414);
#200=LINE('',#4801,#415);
#201=LINE('',#4803,#416);
#202=LINE('',#4805,#417);
#203=LINE('',#4807,#418);
#204=LINE('',#4809,#419);
#205=LINE('',#4811,#420);
#206=LINE('',#4813,#421);
#207=LINE('',#4815,#422);
#208=LINE('',#4817,#423);
#209=LINE('',#4819,#424);
#210=LINE('',#4820,#425);
#211=LINE('',#4822,#426);
#212=LINE('',#4823,#427);
#213=LINE('',#4826,#428);
#214=LINE('',#4827,#429);
#215=LINE('',#4830,#430);
#216=LINE('',#4831,#431);
#217=LINE('',#4835,#432);
#218=LINE('',#4837,#433);
#219=LINE('',#4839,#434);
#220=LINE('',#4840,#435);
#221=LINE('',#4842,#436);
#222=LINE('',#4843,#437);
#223=LINE('',#4845,#438);
#224=LINE('',#4846,#439);
#225=LINE('',#4847,#440);
#226=LINE('',#4849,#441);
#227=LINE('',#4851,#442);
#228=LINE('',#4852,#443);
#229=LINE('',#4854,#444);
#230=LINE('',#4858,#445);
#231=LINE('',#4874,#446);
#232=LINE('',#4876,#447);
#233=LINE('',#4877,#448);
#234=LINE('',#4880,#449);
#235=LINE('',#4882,#450);
#236=LINE('',#4895,#451);
#237=LINE('',#4896,#452);
#238=LINE('',#5513,#453);
#239=LINE('',#5515,#454);
#240=LINE('',#5517,#455);
#241=LINE('',#5519,#456);
#242=LINE('',#5525,#457);
#243=LINE('',#5528,#458);
#244=LINE('',#5529,#459);
#245=LINE('',#5580,#460);
#246=LINE('',#5582,#461);
#247=LINE('',#5584,#462);
#248=LINE('',#5585,#463);
#249=LINE('',#5586,#464);
#250=LINE('',#5949,#465);
#251=LINE('',#5952,#466);
#252=LINE('',#5953,#467);
#253=LINE('',#5956,#468);
#254=LINE('',#5957,#469);
#255=LINE('',#5961,#470);
#256=LINE('',#5964,#471);
#257=LINE('',#5965,#472);
#258=LINE('',#5968,#473);
#259=LINE('',#5970,#474);
#260=LINE('',#5971,#475);
#261=LINE('',#5973,#476);
#262=LINE('',#5975,#477);
#263=LINE('',#5977,#478);
#264=LINE('',#5978,#479);
#265=LINE('',#5987,#480);
#266=LINE('',#5988,#481);
#267=LINE('',#5991,#482);
#268=LINE('',#5992,#483);
#269=LINE('',#5994,#484);
#270=LINE('',#6000,#485);
#271=LINE('',#6002,#486);
#272=LINE('',#6003,#487);
#273=LINE('',#6006,#488);
#274=LINE('',#6007,#489);
#275=LINE('',#6030,#490);
#276=LINE('',#6033,#491);
#277=LINE('',#6034,#492);
#278=LINE('',#6036,#493);
#279=LINE('',#6039,#494);
#280=LINE('',#6044,#495);
#281=LINE('',#7453,#496);
#282=LINE('',#7460,#497);
#283=LINE('',#7464,#498);
#284=LINE('',#7469,#499);
#285=LINE('',#7474,#500);
#286=LINE('',#7480,#501);
#287=LINE('',#7486,#502);
#288=LINE('',#7488,#503);
#289=LINE('',#7490,#504);
#290=LINE('',#7491,#505);
#291=LINE('',#7497,#506);
#292=LINE('',#7500,#507);
#293=LINE('',#7502,#508);
#294=LINE('',#7503,#509);
#295=LINE('',#7510,#510);
#296=LINE('',#7512,#511);
#297=LINE('',#7514,#512);
#298=LINE('',#7515,#513);
#299=LINE('',#7521,#514);
#300=LINE('',#7524,#515);
#301=LINE('',#7526,#516);
#302=LINE('',#7527,#517);
#303=LINE('',#7534,#518);
#304=LINE('',#7536,#519);
#305=LINE('',#7538,#520);
#306=LINE('',#7539,#521);
#307=LINE('',#7542,#522);
#308=LINE('',#7544,#523);
#309=LINE('',#7545,#524);
#310=LINE('',#7548,#525);
#311=LINE('',#7550,#526);
#312=LINE('',#7551,#527);
#313=LINE('',#7553,#528);
#314=LINE('',#7554,#529);
#315=LINE('',#7561,#530);
#316=LINE('',#7564,#531);
#317=LINE('',#7567,#532);
#318=LINE('',#7569,#533);
#319=LINE('',#7570,#534);
#320=LINE('',#7573,#535);
#321=LINE('',#7575,#536);
#322=LINE('',#7577,#537);
#323=LINE('',#7583,#538);
#324=LINE('',#7586,#539);
#325=LINE('',#7590,#540);
#326=LINE('',#7593,#541);
#327=LINE('',#7594,#542);
#328=LINE('',#7600,#543);
#329=LINE('',#7603,#544);
#330=LINE('',#7606,#545);
#331=LINE('',#7608,#546);
#332=LINE('',#7609,#547);
#333=LINE('',#7612,#548);
#334=LINE('',#7614,#549);
#335=LINE('',#7616,#550);
#336=LINE('',#7621,#551);
#337=LINE('',#7624,#552);
#338=LINE('',#7625,#553);
#339=LINE('',#7631,#554);
#340=LINE('',#7634,#555);
#341=LINE('',#7637,#556);
#342=LINE('',#7641,#557);
#343=LINE('',#7643,#558);
#344=LINE('',#7644,#559);
#345=LINE('',#7647,#560);
#346=LINE('',#7648,#561);
#347=LINE('',#7652,#562);
#348=LINE('',#7656,#563);
#349=LINE('',#7658,#564);
#350=LINE('',#7660,#565);
#351=LINE('',#7661,#566);
#352=LINE('',#7663,#567);
#353=LINE('',#7664,#568);
#354=LINE('',#7668,#569);
#355=LINE('',#7669,#570);
#356=LINE('',#7670,#571);
#357=LINE('',#7672,#572);
#358=LINE('',#7673,#573);
#359=LINE('',#7676,#574);
#360=LINE('',#7678,#575);
#361=LINE('',#7679,#576);
#362=LINE('',#7683,#577);
#363=LINE('',#7686,#578);
#364=LINE('',#7687,#579);
#365=LINE('',#7691,#580);
#366=LINE('',#7695,#581);
#367=LINE('',#7696,#582);
#368=LINE('',#7699,#583);
#369=LINE('',#7700,#584);
#370=LINE('',#7702,#585);
#371=LINE('',#7704,#586);
#372=LINE('',#7708,#587);
#373=LINE('',#7709,#588);
#374=LINE('',#7712,#589);
#375=LINE('',#7713,#590);
#376=LINE('',#7715,#591);
#377=LINE('',#7727,#592);
#378=LINE('',#7730,#593);
#379=LINE('',#7733,#594);
#380=LINE('',#7736,#595);
#381=LINE('',#7737,#596);
#382=LINE('',#7740,#597);
#383=LINE('',#7743,#598);
#384=LINE('',#7745,#599);
#385=LINE('',#7747,#600);
#386=LINE('',#7755,#601);
#387=VECTOR('',#2805,10.);
#388=VECTOR('',#2808,10.);
#389=VECTOR('',#2811,10.);
#390=VECTOR('',#2814,10.);
#391=VECTOR('',#2817,10.);
#392=VECTOR('',#2820,10.);
#393=VECTOR('',#2821,10.);
#394=VECTOR('',#2824,10.);
#395=VECTOR('',#2829,10.);
#396=VECTOR('',#2838,1.5);
#397=VECTOR('',#2841,10.);
#398=VECTOR('',#2848,10.);
#399=VECTOR('',#2849,10.);
#400=VECTOR('',#2850,10.);
#401=VECTOR('',#2853,10.);
#402=VECTOR('',#2854,10.);
#403=VECTOR('',#2855,10.);
#404=VECTOR('',#2856,10.);
#405=VECTOR('',#2857,10.);
#406=VECTOR('',#2858,10.);
#407=VECTOR('',#2861,10.);
#408=VECTOR('',#2862,10.);
#409=VECTOR('',#2863,10.);
#410=VECTOR('',#2866,0.900000000000003);
#411=VECTOR('',#2869,10.);
#412=VECTOR('',#2872,0.899999999999999);
#413=VECTOR('',#2875,10.);
#414=VECTOR('',#2878,0.89999999999999);
#415=VECTOR('',#2883,10.);
#416=VECTOR('',#2884,10.);
#417=VECTOR('',#2885,10.);
#418=VECTOR('',#2886,10.);
#419=VECTOR('',#2887,10.);
#420=VECTOR('',#2888,10.);
#421=VECTOR('',#2889,10.);
#422=VECTOR('',#2890,10.);
#423=VECTOR('',#2891,10.);
#424=VECTOR('',#2892,10.);
#425=VECTOR('',#2893,10.);
#426=VECTOR('',#2896,10.);
#427=VECTOR('',#2897,10.);
#428=VECTOR('',#2900,10.);
#429=VECTOR('',#2901,10.);
#430=VECTOR('',#2904,10.);
#431=VECTOR('',#2905,10.);
#432=VECTOR('',#2908,10.);
#433=VECTOR('',#2909,10.);
#434=VECTOR('',#2910,10.);
#435=VECTOR('',#2911,10.);
#436=VECTOR('',#2914,10.);
#437=VECTOR('',#2915,10.);
#438=VECTOR('',#2918,10.);
#439=VECTOR('',#2919,10.);
#440=VECTOR('',#2920,10.);
#441=VECTOR('',#2923,10.);
#442=VECTOR('',#2926,10.);
#443=VECTOR('',#2927,10.);
#444=VECTOR('',#2930,10.);
#445=VECTOR('',#2937,10.);
#446=VECTOR('',#2948,10.);
#447=VECTOR('',#2949,10.);
#448=VECTOR('',#2950,10.);
#449=VECTOR('',#2953,10.);
#450=VECTOR('',#2954,10.);
#451=VECTOR('',#2957,10.);
#452=VECTOR('',#2958,10.);
#453=VECTOR('',#2963,10.);
#454=VECTOR('',#2964,10.);
#455=VECTOR('',#2965,10.);
#456=VECTOR('',#2966,10.);
#457=VECTOR('',#2967,10.);
#458=VECTOR('',#2970,10.);
#459=VECTOR('',#2971,10.);
#460=VECTOR('',#2974,10.);
#461=VECTOR('',#2975,10.);
#462=VECTOR('',#2976,10.);
#463=VECTOR('',#2977,10.);
#464=VECTOR('',#2978,10.);
#465=VECTOR('',#2981,10.);
#466=VECTOR('',#2984,10.);
#467=VECTOR('',#2985,10.);
#468=VECTOR('',#2988,10.);
#469=VECTOR('',#2989,10.);
#470=VECTOR('',#2994,10.);
#471=VECTOR('',#2997,10.);
#472=VECTOR('',#2998,10.);
#473=VECTOR('',#3001,10.);
#474=VECTOR('',#3002,10.);
#475=VECTOR('',#3003,10.);
#476=VECTOR('',#3004,10.);
#477=VECTOR('',#3005,10.);
#478=VECTOR('',#3006,10.);
#479=VECTOR('',#3007,10.);
#480=VECTOR('',#3016,10.);
#481=VECTOR('',#3017,10.);
#482=VECTOR('',#3020,10.);
#483=VECTOR('',#3021,10.);
#484=VECTOR('',#3024,10.);
#485=VECTOR('',#3031,10.);
#486=VECTOR('',#3032,10.);
#487=VECTOR('',#3033,10.);
#488=VECTOR('',#3036,10.);
#489=VECTOR('',#3037,10.);
#490=VECTOR('',#3048,5.);
#491=VECTOR('',#3051,10.);
#492=VECTOR('',#3052,10.);
#493=VECTOR('',#3055,10.);
#494=VECTOR('',#3058,1.75000000000001);
#495=VECTOR('',#3065,1.75000000000001);
#496=VECTOR('',#3084,2.875);
#497=VECTOR('',#3093,1.5);
#498=VECTOR('',#3098,0.900000000000003);
#499=VECTOR('',#3105,0.899999999999999);
#500=VECTOR('',#3112,0.89999999999999);
#501=VECTOR('',#3123,10.);
#502=VECTOR('',#3130,10.);
#503=VECTOR('',#3131,10.);
#504=VECTOR('',#3132,10.);
#505=VECTOR('',#3133,10.);
#506=VECTOR('',#3140,10.);
#507=VECTOR('',#3143,10.);
#508=VECTOR('',#3144,10.);
#509=VECTOR('',#3145,10.);
#510=VECTOR('',#3154,10.);
#511=VECTOR('',#3155,10.);
#512=VECTOR('',#3156,10.);
#513=VECTOR('',#3157,10.);
#514=VECTOR('',#3164,10.);
#515=VECTOR('',#3167,10.);
#516=VECTOR('',#3168,10.);
#517=VECTOR('',#3169,10.);
#518=VECTOR('',#3178,10.);
#519=VECTOR('',#3179,10.);
#520=VECTOR('',#3180,10.);
#521=VECTOR('',#3181,10.);
#522=VECTOR('',#3184,10.);
#523=VECTOR('',#3185,10.);
#524=VECTOR('',#3186,10.);
#525=VECTOR('',#3189,10.);
#526=VECTOR('',#3190,10.);
#527=VECTOR('',#3191,10.);
#528=VECTOR('',#3194,10.);
#529=VECTOR('',#3195,10.);
#530=VECTOR('',#3202,10.);
#531=VECTOR('',#3205,10.);
#532=VECTOR('',#3208,10.);
#533=VECTOR('',#3209,10.);
#534=VECTOR('',#3210,10.);
#535=VECTOR('',#3213,10.);
#536=VECTOR('',#3214,10.);
#537=VECTOR('',#3215,10.);
#538=VECTOR('',#3220,10.);
#539=VECTOR('',#3223,10.);
#540=VECTOR('',#3228,10.);
#541=VECTOR('',#3231,10.);
#542=VECTOR('',#3232,10.);
#543=VECTOR('',#3237,10.);
#544=VECTOR('',#3240,10.);
#545=VECTOR('',#3243,10.);
#546=VECTOR('',#3244,10.);
#547=VECTOR('',#3245,10.);
#548=VECTOR('',#3248,10.);
#549=VECTOR('',#3249,10.);
#550=VECTOR('',#3250,10.);
#551=VECTOR('',#3257,10.);
#552=VECTOR('',#3260,10.);
#553=VECTOR('',#3261,10.);
#554=VECTOR('',#3266,10.);
#555=VECTOR('',#3269,10.);
#556=VECTOR('',#3272,10.);
#557=VECTOR('',#3275,10.);
#558=VECTOR('',#3276,10.);
#559=VECTOR('',#3277,10.);
#560=VECTOR('',#3280,10.);
#561=VECTOR('',#3281,10.);
#562=VECTOR('',#3286,10.);
#563=VECTOR('',#3289,10.);
#564=VECTOR('',#3290,10.);
#565=VECTOR('',#3291,10.);
#566=VECTOR('',#3292,10.);
#567=VECTOR('',#3293,10.);
#568=VECTOR('',#3294,10.);
#569=VECTOR('',#3297,10.);
#570=VECTOR('',#3298,10.);
#571=VECTOR('',#3299,10.);
#572=VECTOR('',#3300,10.);
#573=VECTOR('',#3301,10.);
#574=VECTOR('',#3304,10.);
#575=VECTOR('',#3305,10.);
#576=VECTOR('',#3306,10.);
#577=VECTOR('',#3311,10.);
#578=VECTOR('',#3314,10.);
#579=VECTOR('',#3315,10.);
#580=VECTOR('',#3322,10.);
#581=VECTOR('',#3327,10.);
#582=VECTOR('',#3328,10.);
#583=VECTOR('',#3331,10.);
#584=VECTOR('',#3332,10.);
#585=VECTOR('',#3335,10.);
#586=VECTOR('',#3338,10.);
#587=VECTOR('',#3343,10.);
#588=VECTOR('',#3344,10.);
#589=VECTOR('',#3347,10.);
#590=VECTOR('',#3348,10.);
#591=VECTOR('',#3351,10.);
#592=VECTOR('',#3364,10.);
#593=VECTOR('',#3367,10.);
#594=VECTOR('',#3370,10.);
#595=VECTOR('',#3373,10.);
#596=VECTOR('',#3374,3.85);
#597=VECTOR('',#3377,10.);
#598=VECTOR('',#3380,10.);
#599=VECTOR('',#3383,10.);
#600=VECTOR('',#3386,10.);
#601=VECTOR('',#3397,1.75);
#602=PLANE('',#2604);
#603=PLANE('',#2609);
#604=PLANE('',#2612);
#605=PLANE('',#2613);
#606=PLANE('',#2617);
#607=PLANE('',#2618);
#608=PLANE('',#2620);
#609=PLANE('',#2621);
#610=PLANE('',#2622);
#611=PLANE('',#2629);
#612=PLANE('',#2630);
#613=PLANE('',#2631);
#614=PLANE('',#2632);
#615=PLANE('',#2633);
#616=PLANE('',#2634);
#617=PLANE('',#2635);
#618=PLANE('',#2636);
#619=PLANE('',#2637);
#620=PLANE('',#2638);
#621=PLANE('',#2639);
#622=PLANE('',#2640);
#623=PLANE('',#2641);
#624=PLANE('',#2642);
#625=PLANE('',#2643);
#626=PLANE('',#2644);
#627=PLANE('',#2646);
#628=PLANE('',#2647);
#629=PLANE('',#2648);
#630=PLANE('',#2650);
#631=PLANE('',#2651);
#632=PLANE('',#2652);
#633=PLANE('',#2653);
#634=PLANE('',#2654);
#635=PLANE('',#2655);
#636=PLANE('',#2657);
#637=PLANE('',#2658);
#638=PLANE('',#2659);
#639=PLANE('',#2663);
#640=PLANE('',#2664);
#641=PLANE('',#2665);
#642=PLANE('',#2666);
#643=PLANE('',#2668);
#644=PLANE('',#2669);
#645=PLANE('',#2675);
#646=PLANE('',#2676);
#647=PLANE('',#2679);
#648=PLANE('',#2682);
#649=PLANE('',#2687);
#650=PLANE('',#2691);
#651=PLANE('',#2697);
#652=PLANE('',#2700);
#653=PLANE('',#2703);
#654=PLANE('',#2704);
#655=PLANE('',#2705);
#656=PLANE('',#2706);
#657=PLANE('',#2707);
#658=PLANE('',#2709);
#659=PLANE('',#2713);
#660=PLANE('',#2717);
#661=PLANE('',#2721);
#662=PLANE('',#2725);
#663=PLANE('',#2726);
#664=PLANE('',#2727);
#665=PLANE('',#2728);
#666=PLANE('',#2729);
#667=PLANE('',#2733);
#668=PLANE('',#2734);
#669=PLANE('',#2740);
#670=PLANE('',#2744);
#671=PLANE('',#2745);
#672=PLANE('',#2749);
#673=PLANE('',#2753);
#674=PLANE('',#2755);
#675=PLANE('',#2758);
#676=PLANE('',#2759);
#677=PLANE('',#2760);
#678=PLANE('',#2763);
#679=PLANE('',#2766);
#680=PLANE('',#2767);
#681=PLANE('',#2768);
#682=PLANE('',#2769);
#683=PLANE('',#2770);
#684=PLANE('',#2771);
#685=PLANE('',#2772);
#686=PLANE('',#2773);
#687=PLANE('',#2774);
#688=PLANE('',#2775);
#689=PLANE('',#2776);
#690=PLANE('',#2777);
#691=PLANE('',#2779);
#692=PLANE('',#2787);
#693=PLANE('',#2788);
#694=PLANE('',#2789);
#695=PLANE('',#2790);
#696=PLANE('',#2794);
#697=FACE_OUTER_BOUND('',#838,.T.);
#698=FACE_OUTER_BOUND('',#839,.T.);
#699=FACE_OUTER_BOUND('',#841,.T.);
#700=FACE_OUTER_BOUND('',#842,.T.);
#701=FACE_OUTER_BOUND('',#843,.T.);
#702=FACE_OUTER_BOUND('',#844,.T.);
#703=FACE_OUTER_BOUND('',#845,.T.);
#704=FACE_OUTER_BOUND('',#846,.T.);
#705=FACE_OUTER_BOUND('',#848,.T.);
#706=FACE_OUTER_BOUND('',#849,.T.);
#707=FACE_OUTER_BOUND('',#850,.T.);
#708=FACE_OUTER_BOUND('',#851,.T.);
#709=FACE_OUTER_BOUND('',#853,.T.);
#710=FACE_OUTER_BOUND('',#854,.T.);
#711=FACE_OUTER_BOUND('',#855,.T.);
#712=FACE_OUTER_BOUND('',#856,.T.);
#713=FACE_OUTER_BOUND('',#857,.T.);
#714=FACE_OUTER_BOUND('',#858,.T.);
#715=FACE_OUTER_BOUND('',#859,.T.);
#716=FACE_OUTER_BOUND('',#863,.T.);
#717=FACE_OUTER_BOUND('',#864,.T.);
#718=FACE_OUTER_BOUND('',#865,.T.);
#719=FACE_OUTER_BOUND('',#866,.T.);
#720=FACE_OUTER_BOUND('',#867,.T.);
#721=FACE_OUTER_BOUND('',#868,.T.);
#722=FACE_OUTER_BOUND('',#869,.T.);
#723=FACE_OUTER_BOUND('',#870,.T.);
#724=FACE_OUTER_BOUND('',#872,.T.);
#725=FACE_OUTER_BOUND('',#874,.T.);
#726=FACE_OUTER_BOUND('',#876,.T.);
#727=FACE_OUTER_BOUND('',#877,.T.);
#728=FACE_OUTER_BOUND('',#878,.T.);
#729=FACE_OUTER_BOUND('',#879,.T.);
#730=FACE_OUTER_BOUND('',#880,.T.);
#731=FACE_OUTER_BOUND('',#881,.T.);
#732=FACE_OUTER_BOUND('',#882,.T.);
#733=FACE_OUTER_BOUND('',#883,.T.);
#734=FACE_OUTER_BOUND('',#884,.T.);
#735=FACE_OUTER_BOUND('',#885,.T.);
#736=FACE_OUTER_BOUND('',#886,.T.);
#737=FACE_OUTER_BOUND('',#887,.T.);
#738=FACE_OUTER_BOUND('',#888,.T.);
#739=FACE_OUTER_BOUND('',#889,.T.);
#740=FACE_OUTER_BOUND('',#891,.T.);
#741=FACE_OUTER_BOUND('',#893,.T.);
#742=FACE_OUTER_BOUND('',#894,.T.);
#743=FACE_OUTER_BOUND('',#895,.T.);
#744=FACE_OUTER_BOUND('',#896,.T.);
#745=FACE_OUTER_BOUND('',#897,.T.);
#746=FACE_OUTER_BOUND('',#899,.T.);
#747=FACE_OUTER_BOUND('',#900,.T.);
#748=FACE_OUTER_BOUND('',#901,.T.);
#749=FACE_OUTER_BOUND('',#903,.T.);
#750=FACE_OUTER_BOUND('',#904,.T.);
#751=FACE_OUTER_BOUND('',#905,.T.);
#752=FACE_OUTER_BOUND('',#907,.T.);
#753=FACE_OUTER_BOUND('',#908,.T.);
#754=FACE_OUTER_BOUND('',#909,.T.);
#755=FACE_OUTER_BOUND('',#910,.T.);
#756=FACE_OUTER_BOUND('',#912,.T.);
#757=FACE_OUTER_BOUND('',#913,.T.);
#758=FACE_OUTER_BOUND('',#914,.T.);
#759=FACE_OUTER_BOUND('',#915,.T.);
#760=FACE_OUTER_BOUND('',#916,.T.);
#761=FACE_OUTER_BOUND('',#917,.T.);
#762=FACE_OUTER_BOUND('',#918,.T.);
#763=FACE_OUTER_BOUND('',#919,.T.);
#764=FACE_OUTER_BOUND('',#920,.T.);
#765=FACE_OUTER_BOUND('',#921,.T.);
#766=FACE_OUTER_BOUND('',#922,.T.);
#767=FACE_OUTER_BOUND('',#923,.T.);
#768=FACE_OUTER_BOUND('',#924,.T.);
#769=FACE_OUTER_BOUND('',#925,.T.);
#770=FACE_OUTER_BOUND('',#926,.T.);
#771=FACE_OUTER_BOUND('',#928,.T.);
#772=FACE_OUTER_BOUND('',#929,.T.);
#773=FACE_OUTER_BOUND('',#931,.T.);
#774=FACE_OUTER_BOUND('',#932,.T.);
#775=FACE_OUTER_BOUND('',#933,.T.);
#776=FACE_OUTER_BOUND('',#934,.T.);
#777=FACE_OUTER_BOUND('',#935,.T.);
#778=FACE_OUTER_BOUND('',#936,.T.);
#779=FACE_OUTER_BOUND('',#937,.T.);
#780=FACE_OUTER_BOUND('',#938,.T.);
#781=FACE_OUTER_BOUND('',#939,.T.);
#782=FACE_OUTER_BOUND('',#941,.T.);
#783=FACE_OUTER_BOUND('',#942,.T.);
#784=FACE_OUTER_BOUND('',#944,.T.);
#785=FACE_OUTER_BOUND('',#945,.T.);
#786=FACE_OUTER_BOUND('',#946,.T.);
#787=FACE_OUTER_BOUND('',#947,.T.);
#788=FACE_OUTER_BOUND('',#948,.T.);
#789=FACE_OUTER_BOUND('',#949,.T.);
#790=FACE_OUTER_BOUND('',#950,.T.);
#791=FACE_OUTER_BOUND('',#951,.T.);
#792=FACE_OUTER_BOUND('',#952,.T.);
#793=FACE_OUTER_BOUND('',#953,.T.);
#794=FACE_OUTER_BOUND('',#954,.T.);
#795=FACE_OUTER_BOUND('',#955,.T.);
#796=FACE_OUTER_BOUND('',#956,.T.);
#797=FACE_OUTER_BOUND('',#957,.T.);
#798=FACE_OUTER_BOUND('',#958,.T.);
#799=FACE_OUTER_BOUND('',#959,.T.);
#800=FACE_OUTER_BOUND('',#961,.T.);
#801=FACE_OUTER_BOUND('',#962,.T.);
#802=FACE_OUTER_BOUND('',#963,.T.);
#803=FACE_OUTER_BOUND('',#964,.T.);
#804=FACE_OUTER_BOUND('',#965,.T.);
#805=FACE_OUTER_BOUND('',#967,.T.);
#806=FACE_OUTER_BOUND('',#968,.T.);
#807=FACE_OUTER_BOUND('',#969,.T.);
#808=FACE_OUTER_BOUND('',#970,.T.);
#809=FACE_OUTER_BOUND('',#972,.T.);
#810=FACE_OUTER_BOUND('',#973,.T.);
#811=FACE_OUTER_BOUND('',#974,.T.);
#812=FACE_OUTER_BOUND('',#976,.T.);
#813=FACE_OUTER_BOUND('',#979,.T.);
#814=FACE_OUTER_BOUND('',#980,.T.);
#815=FACE_OUTER_BOUND('',#981,.T.);
#816=FACE_OUTER_BOUND('',#982,.T.);
#817=FACE_OUTER_BOUND('',#983,.T.);
#818=FACE_OUTER_BOUND('',#984,.T.);
#819=FACE_OUTER_BOUND('',#986,.T.);
#820=FACE_OUTER_BOUND('',#987,.T.);
#821=FACE_OUTER_BOUND('',#988,.T.);
#822=FACE_OUTER_BOUND('',#990,.T.);
#823=FACE_OUTER_BOUND('',#991,.T.);
#824=FACE_OUTER_BOUND('',#993,.T.);
#825=FACE_OUTER_BOUND('',#994,.T.);
#826=FACE_OUTER_BOUND('',#996,.T.);
#827=FACE_OUTER_BOUND('',#997,.T.);
#828=FACE_OUTER_BOUND('',#998,.T.);
#829=FACE_OUTER_BOUND('',#999,.T.);
#830=FACE_OUTER_BOUND('',#1000,.T.);
#831=FACE_OUTER_BOUND('',#1001,.T.);
#832=FACE_OUTER_BOUND('',#1002,.T.);
#833=FACE_OUTER_BOUND('',#1003,.T.);
#834=FACE_OUTER_BOUND('',#1004,.T.);
#835=FACE_OUTER_BOUND('',#1005,.T.);
#836=FACE_OUTER_BOUND('',#1006,.T.);
#837=FACE_OUTER_BOUND('',#1007,.T.);
#838=EDGE_LOOP('',(#1681,#1682,#1683,#1684));
#839=EDGE_LOOP('',(#1685,#1686,#1687,#1688,#1689,#1690));
#840=EDGE_LOOP('',(#1691,#1692,#1693,#1694));
#841=EDGE_LOOP('',(#1695,#1696,#1697,#1698));
#842=EDGE_LOOP('',(#1699,#1700,#1701,#1702));
#843=EDGE_LOOP('',(#1703,#1704,#1705,#1706));
#844=EDGE_LOOP('',(#1707,#1708,#1709,#1710));
#845=EDGE_LOOP('',(#1711,#1712,#1713,#1714));
#846=EDGE_LOOP('',(#1715,#1716,#1717,#1718));
#847=EDGE_LOOP('',(#1719));
#848=EDGE_LOOP('',(#1720,#1721,#1722,#1723));
#849=EDGE_LOOP('',(#1724,#1725,#1726,#1727));
#850=EDGE_LOOP('',(#1728,#1729,#1730,#1731));
#851=EDGE_LOOP('',(#1732,#1733,#1734,#1735,#1736,#1737));
#852=EDGE_LOOP('',(#1738));
#853=EDGE_LOOP('',(#1739,#1740,#1741,#1742));
#854=EDGE_LOOP('',(#1743,#1744,#1745,#1746));
#855=EDGE_LOOP('',(#1747,#1748,#1749,#1750));
#856=EDGE_LOOP('',(#1751,#1752,#1753,#1754,#1755,#1756,#1757,#1758));
#857=EDGE_LOOP('',(#1759,#1760,#1761,#1762));
#858=EDGE_LOOP('',(#1763,#1764,#1765,#1766,#1767));
#859=EDGE_LOOP('',(#1768,#1769,#1770,#1771,#1772,#1773,#1774,#1775,#1776,
#1777,#1778,#1779));
#860=EDGE_LOOP('',(#1780));
#861=EDGE_LOOP('',(#1781));
#862=EDGE_LOOP('',(#1782));
#863=EDGE_LOOP('',(#1783,#1784,#1785,#1786,#1787));
#864=EDGE_LOOP('',(#1788,#1789,#1790,#1791,#1792));
#865=EDGE_LOOP('',(#1793,#1794,#1795,#1796,#1797));
#866=EDGE_LOOP('',(#1798,#1799,#1800,#1801,#1802));
#867=EDGE_LOOP('',(#1803,#1804,#1805,#1806,#1807));
#868=EDGE_LOOP('',(#1808,#1809,#1810,#1811,#1812,#1813,#1814,#1815,#1816,
#1817,#1818,#1819));
#869=EDGE_LOOP('',(#1820,#1821,#1822,#1823));
#870=EDGE_LOOP('',(#1824,#1825,#1826,#1827));
#871=EDGE_LOOP('',(#1828));
#872=EDGE_LOOP('',(#1829,#1830,#1831,#1832));
#873=EDGE_LOOP('',(#1833));
#874=EDGE_LOOP('',(#1834,#1835,#1836,#1837));
#875=EDGE_LOOP('',(#1838));
#876=EDGE_LOOP('',(#1839,#1840,#1841,#1842,#1843,#1844));
#877=EDGE_LOOP('',(#1845,#1846,#1847,#1848,#1849,#1850));
#878=EDGE_LOOP('',(#1851,#1852,#1853,#1854));
#879=EDGE_LOOP('',(#1855,#1856,#1857,#1858,#1859,#1860));
#880=EDGE_LOOP('',(#1861,#1862,#1863,#1864,#1865,#1866));
#881=EDGE_LOOP('',(#1867,#1868,#1869,#1870));
#882=EDGE_LOOP('',(#1871,#1872,#1873,#1874));
#883=EDGE_LOOP('',(#1875,#1876,#1877,#1878));
#884=EDGE_LOOP('',(#1879,#1880,#1881,#1882));
#885=EDGE_LOOP('',(#1883,#1884,#1885,#1886));
#886=EDGE_LOOP('',(#1887,#1888,#1889,#1890));
#887=EDGE_LOOP('',(#1891,#1892,#1893,#1894));
#888=EDGE_LOOP('',(#1895,#1896,#1897,#1898));
#889=EDGE_LOOP('',(#1899,#1900,#1901,#1902));
#890=EDGE_LOOP('',(#1903));
#891=EDGE_LOOP('',(#1904,#1905,#1906,#1907,#1908,#1909,#1910,#1911,#1912,
#1913,#1914,#1915,#1916,#1917,#1918,#1919,#1920,#1921,#1922,#1923,#1924));
#892=EDGE_LOOP('',(#1925,#1926));
#893=EDGE_LOOP('',(#1927,#1928,#1929,#1930,#1931,#1932,#1933));
#894=EDGE_LOOP('',(#1934,#1935,#1936,#1937,#1938,#1939,#1940));
#895=EDGE_LOOP('',(#1941,#1942,#1943,#1944));
#896=EDGE_LOOP('',(#1945,#1946,#1947,#1948,#1949,#1950,#1951,#1952,#1953));
#897=EDGE_LOOP('',(#1954,#1955,#1956,#1957,#1958,#1959,#1960,#1961,#1962,
#1963));
#898=EDGE_LOOP('',(#1964,#1965));
#899=EDGE_LOOP('',(#1966,#1967,#1968,#1969));
#900=EDGE_LOOP('',(#1970,#1971,#1972,#1973));
#901=EDGE_LOOP('',(#1974,#1975,#1976,#1977));
#902=EDGE_LOOP('',(#1978));
#903=EDGE_LOOP('',(#1979,#1980,#1981,#1982));
#904=EDGE_LOOP('',(#1983,#1984,#1985,#1986,#1987,#1988));
#905=EDGE_LOOP('',(#1989,#1990,#1991,#1992,#1993,#1994,#1995,#1996,#1997,
#1998));
#906=EDGE_LOOP('',(#1999,#2000,#2001));
#907=EDGE_LOOP('',(#2002,#2003,#2004,#2005));
#908=EDGE_LOOP('',(#2006,#2007,#2008,#2009));
#909=EDGE_LOOP('',(#2010,#2011,#2012,#2013));
#910=EDGE_LOOP('',(#2014,#2015,#2016,#2017));
#911=EDGE_LOOP('',(#2018));
#912=EDGE_LOOP('',(#2019,#2020,#2021,#2022,#2023,#2024,#2025,#2026));
#913=EDGE_LOOP('',(#2027,#2028,#2029,#2030));
#914=EDGE_LOOP('',(#2031,#2032,#2033,#2034));
#915=EDGE_LOOP('',(#2035,#2036,#2037,#2038,#2039,#2040,#2041,#2042));
#916=EDGE_LOOP('',(#2043,#2044,#2045,#2046));
#917=EDGE_LOOP('',(#2047,#2048,#2049,#2050));
#918=EDGE_LOOP('',(#2051,#2052,#2053,#2054,#2055));
#919=EDGE_LOOP('',(#2056));
#920=EDGE_LOOP('',(#2057,#2058,#2059,#2060,#2061));
#921=EDGE_LOOP('',(#2062));
#922=EDGE_LOOP('',(#2063,#2064,#2065,#2066,#2067));
#923=EDGE_LOOP('',(#2068,#2069,#2070,#2071,#2072));
#924=EDGE_LOOP('',(#2073,#2074,#2075));
#925=EDGE_LOOP('',(#2076,#2077,#2078,#2079));
#926=EDGE_LOOP('',(#2080,#2081));
#927=EDGE_LOOP('',(#2082));
#928=EDGE_LOOP('',(#2083,#2084,#2085,#2086));
#929=EDGE_LOOP('',(#2087));
#930=EDGE_LOOP('',(#2088));
#931=EDGE_LOOP('',(#2089,#2090,#2091,#2092));
#932=EDGE_LOOP('',(#2093,#2094,#2095,#2096));
#933=EDGE_LOOP('',(#2097));
#934=EDGE_LOOP('',(#2098,#2099,#2100,#2101));
#935=EDGE_LOOP('',(#2102));
#936=EDGE_LOOP('',(#2103,#2104,#2105,#2106));
#937=EDGE_LOOP('',(#2107));
#938=EDGE_LOOP('',(#2108,#2109,#2110,#2111,#2112,#2113,#2114,#2115));
#939=EDGE_LOOP('',(#2116,#2117,#2118,#2119));
#940=EDGE_LOOP('',(#2120));
#941=EDGE_LOOP('',(#2121,#2122,#2123,#2124,#2125));
#942=EDGE_LOOP('',(#2126,#2127,#2128,#2129));
#943=EDGE_LOOP('',(#2130));
#944=EDGE_LOOP('',(#2131,#2132,#2133,#2134));
#945=EDGE_LOOP('',(#2135,#2136,#2137,#2138));
#946=EDGE_LOOP('',(#2139,#2140,#2141,#2142));
#947=EDGE_LOOP('',(#2143,#2144,#2145,#2146));
#948=EDGE_LOOP('',(#2147,#2148,#2149,#2150));
#949=EDGE_LOOP('',(#2151,#2152,#2153,#2154));
#950=EDGE_LOOP('',(#2155,#2156,#2157,#2158));
#951=EDGE_LOOP('',(#2159,#2160,#2161,#2162));
#952=EDGE_LOOP('',(#2163,#2164,#2165,#2166));
#953=EDGE_LOOP('',(#2167,#2168,#2169,#2170));
#954=EDGE_LOOP('',(#2171,#2172,#2173,#2174));
#955=EDGE_LOOP('',(#2175,#2176,#2177,#2178));
#956=EDGE_LOOP('',(#2179,#2180,#2181,#2182));
#957=EDGE_LOOP('',(#2183,#2184,#2185,#2186));
#958=EDGE_LOOP('',(#2187,#2188,#2189,#2190));
#959=EDGE_LOOP('',(#2191,#2192,#2193,#2194,#2195,#2196));
#960=EDGE_LOOP('',(#2197,#2198,#2199,#2200));
#961=EDGE_LOOP('',(#2201,#2202,#2203,#2204));
#962=EDGE_LOOP('',(#2205,#2206,#2207,#2208));
#963=EDGE_LOOP('',(#2209,#2210,#2211,#2212));
#964=EDGE_LOOP('',(#2213,#2214,#2215,#2216));
#965=EDGE_LOOP('',(#2217,#2218,#2219,#2220,#2221,#2222));
#966=EDGE_LOOP('',(#2223,#2224,#2225,#2226));
#967=EDGE_LOOP('',(#2227,#2228,#2229,#2230));
#968=EDGE_LOOP('',(#2231,#2232,#2233,#2234));
#969=EDGE_LOOP('',(#2235,#2236,#2237,#2238));
#970=EDGE_LOOP('',(#2239,#2240,#2241,#2242,#2243,#2244));
#971=EDGE_LOOP('',(#2245,#2246,#2247,#2248));
#972=EDGE_LOOP('',(#2249,#2250,#2251,#2252));
#973=EDGE_LOOP('',(#2253,#2254,#2255,#2256));
#974=EDGE_LOOP('',(#2257,#2258,#2259,#2260));
#975=EDGE_LOOP('',(#2261,#2262,#2263,#2264));
#976=EDGE_LOOP('',(#2265,#2266,#2267,#2268));
#977=EDGE_LOOP('',(#2269,#2270,#2271,#2272));
#978=EDGE_LOOP('',(#2273,#2274,#2275,#2276));
#979=EDGE_LOOP('',(#2277,#2278,#2279,#2280));
#980=EDGE_LOOP('',(#2281,#2282,#2283,#2284));
#981=EDGE_LOOP('',(#2285,#2286,#2287,#2288));
#982=EDGE_LOOP('',(#2289,#2290,#2291,#2292));
#983=EDGE_LOOP('',(#2293,#2294,#2295,#2296));
#984=EDGE_LOOP('',(#2297,#2298,#2299,#2300,#2301,#2302));
#985=EDGE_LOOP('',(#2303,#2304,#2305,#2306));
#986=EDGE_LOOP('',(#2307,#2308,#2309,#2310));
#987=EDGE_LOOP('',(#2311,#2312,#2313,#2314));
#988=EDGE_LOOP('',(#2315,#2316,#2317,#2318,#2319,#2320));
#989=EDGE_LOOP('',(#2321,#2322,#2323,#2324));
#990=EDGE_LOOP('',(#2325,#2326,#2327,#2328));
#991=EDGE_LOOP('',(#2329,#2330,#2331,#2332,#2333,#2334));
#992=EDGE_LOOP('',(#2335,#2336,#2337,#2338));
#993=EDGE_LOOP('',(#2339,#2340,#2341,#2342));
#994=EDGE_LOOP('',(#2343,#2344,#2345,#2346));
#995=EDGE_LOOP('',(#2347,#2348,#2349,#2350));
#996=EDGE_LOOP('',(#2351,#2352,#2353,#2354));
#997=EDGE_LOOP('',(#2355,#2356,#2357,#2358));
#998=EDGE_LOOP('',(#2359));
#999=EDGE_LOOP('',(#2360,#2361,#2362,#2363,#2364));
#1000=EDGE_LOOP('',(#2365,#2366,#2367,#2368,#2369,#2370,#2371,#2372));
#1001=EDGE_LOOP('',(#2373,#2374,#2375,#2376));
#1002=EDGE_LOOP('',(#2377,#2378,#2379,#2380));
#1003=EDGE_LOOP('',(#2381,#2382,#2383,#2384));
#1004=EDGE_LOOP('',(#2385,#2386,#2387,#2388));
#1005=EDGE_LOOP('',(#2389));
#1006=EDGE_LOOP('',(#2390,#2391,#2392,#2393));
#1007=EDGE_LOOP('',(#2394));
#1008=B_SPLINE_CURVE_WITH_KNOTS('',3,(#3428,#3429,#3430,#3431,#3432,#3433),
 .UNSPECIFIED.,.F.,.F.,(4,2,4),(0.,0.0135697780339561,0.0271391429732772),
 .UNSPECIFIED.);
#1009=B_SPLINE_CURVE_WITH_KNOTS('',3,(#3435,#3436,#3437,#3438),
 .UNSPECIFIED.,.F.,.F.,(4,4),(-2.40027931471708,-0.000301272812048003),
 .UNSPECIFIED.);
#1010=B_SPLINE_CURVE_WITH_KNOTS('',3,(#3440,#3441,#3442,#3443,#3444,#3445,
#3446),.UNSPECIFIED.,.F.,.F.,(4,3,4),(0.,0.024775752306703,0.0495539284469802),
 .UNSPECIFIED.);
#1011=B_SPLINE_CURVE_WITH_KNOTS('',3,(#3447,#3448,#3449,#3450),
 .UNSPECIFIED.,.F.,.F.,(4,4),(-9.82226568944494E-5,2.40015678477873),
 .UNSPECIFIED.);
#1012=B_SPLINE_CURVE_WITH_KNOTS('',3,(#3453,#3454,#3455,#3456,#3457,#3458,
#3459,#3460,#3461,#3462,#3463,#3464,#3465,#3466,#3467,#3468,#3469,#3470,
#3471,#3472,#3473,#3474,#3475,#3476,#3477,#3478,#3479,#3480,#3481,#3482,
#3483,#3484,#3485,#3486,#3487,#3488,#3489,#3490,#3491,#3492,#3493,#3494,
#3495,#3496,#3497,#3498,#3499,#3500,#3501,#3502,#3503,#3504,#3505,#3506,
#3507,#3508,#3509,#3510,#3511,#3512,#3513,#3514,#3515,#3516,#3517,#3518,
#3519,#3520,#3521,#3522),.UNSPECIFIED.,.F.,.F.,(4,3,3,3,3,3,3,3,3,3,3,3,
3,3,3,3,3,3,3,3,3,3,3,4),(0.,0.0680905160784583,0.138961374644293,0.208515749357245,
0.280044849849521,0.351573950341798,0.414146887375753,0.486396384631191,
0.555942905932163,0.62533774894418,0.693868253448553,0.703144876397507,
0.772612181480638,0.828419837992469,0.897640015199891,0.967286281224814,
1.03686234360191,1.05471872211508,1.12417892057633,1.19357813111727,1.2586492716458,
1.32808628984911,1.39666735613294,1.44899424368633),.UNSPECIFIED.);
#1013=B_SPLINE_CURVE_WITH_KNOTS('',3,(#3524,#3525,#3526,#3527,#3528,#3529,
#3530,#3531,#3532,#3533,#3534,#3535,#3536,#3537,#3538,#3539,#3540,#3541,
#3542),.UNSPECIFIED.,.F.,.F.,(4,3,3,3,3,3,4),(-7.42156790844056,-6.43293889264228,
-5.444309876844,-4.45568086104572,-3.46705184524745,-2.47842282944917,-1.15595066419296),
 .UNSPECIFIED.);
#1014=B_SPLINE_CURVE_WITH_KNOTS('',3,(#3546,#3547,#3548,#3549,#3550,#3551,
#3552,#3553,#3554,#3555,#3556,#3557,#3558,#3559,#3560,#3561,#3562,#3563,
#3564,#3565,#3566,#3567),.UNSPECIFIED.,.F.,.F.,(4,3,3,3,3,3,3,4),(-6.73477282756837,
-6.37485847091258,-5.32458441354503,-4.27431035617748,-3.22403629880993,
-2.17376224144238,-1.12348818407483,-0.0732141282401901),.UNSPECIFIED.);
#1015=B_SPLINE_CURVE_WITH_KNOTS('',3,(#3568,#3569,#3570,#3571,#3572,#3573,
#3574,#3575,#3576,#3577,#3578,#3579,#3580,#3581,#3582,#3583,#3584,#3585,
#3586,#3587,#3588,#3589,#3590,#3591,#3592,#3593,#3594,#3595,#3596,#3597,
#3598,#3599,#3600,#3601,#3602,#3603,#3604,#3605,#3606,#3607,#3608,#3609,
#3610,#3611,#3612,#3613,#3614,#3615,#3616,#3617,#3618,#3619,#3620,#3621,
#3622,#3623,#3624,#3625,#3626,#3627,#3628,#3629,#3630,#3631,#3632,#3633,
#3634,#3635,#3636,#3637,#3638,#3639,#3640),.UNSPECIFIED.,.F.,.F.,(4,3,3,
3,3,3,3,3,3,3,3,3,3,3,3,3,3,3,3,3,3,3,3,3,4),(0.0135790099706972,0.0811000997389337,
0.150254202384944,0.21991056292831,0.28954403499644,0.351600375454408,0.420971093729265,
0.490735384940056,0.560179203047776,0.628518158229616,0.658969424513866,
0.703195370587201,0.77126383099042,0.842142796136913,0.911695469751432,
0.983237580663911,1.05477969157639,1.08896911900596,1.1579776185841,1.22735605561043,
1.28659680718179,1.35596387784439,1.42525864710826,1.49381108186126,1.51841124879405),
 .UNSPECIFIED.);
#1016=B_SPLINE_CURVE_WITH_KNOTS('',3,(#3674,#3675,#3676,#3677,#3678,#3679,
#3680,#3681,#3682,#3683,#3684,#3685,#3686,#3687,#3688,#3689,#3690,#3691,
#3692,#3693,#3694,#3695,#3696,#3697,#3698,#3699,#3700,#3701,#3702,#3703,
#3704,#3705,#3706,#3707,#3708,#3709,#3710,#3711,#3712,#3713,#3714,#3715,
#3716,#3717,#3718,#3719,#3720,#3721,#3722,#3723,#3724,#3725,#3726,#3727,
#3728,#3729,#3730,#3731,#3732,#3733,#3734,#3735,#3736,#3737,#3738,#3739,
#3740),.UNSPECIFIED.,.F.,.F.,(4,3,3,3,3,3,3,3,3,3,3,3,3,3,3,3,3,3,3,3,3,
3,4),(0.0248206511740502,0.0927167322936467,0.162038683529032,0.231720164680849,
0.301156723054118,0.351669613715281,0.42124920496491,0.490929774062781,
0.559985087309177,0.605507002363869,0.674942224440043,0.70333234616935,
0.771721145639706,0.841156439173742,0.910673533189355,0.979577772220977,
1.00056052212687,1.05495996386661,1.12368838844694,1.19319413784231,1.26262289147573,
1.33115777987887,1.3954851548602),.UNSPECIFIED.);
#1017=B_SPLINE_CURVE_WITH_KNOTS('',3,(#3741,#3742,#3743,#3744),
 .UNSPECIFIED.,.F.,.F.,(4,4),(2.79368418770023E-9,2.39524156016017),
 .UNSPECIFIED.);
#1018=B_SPLINE_CURVE_WITH_KNOTS('',3,(#3793,#3794,#3795,#3796),
 .UNSPECIFIED.,.F.,.F.,(4,4),(-2.39528382473637,-2.26515094305546E-9),
 .UNSPECIFIED.);
#1019=B_SPLINE_CURVE_WITH_KNOTS('',3,(#3797,#3798,#3799,#3800,#3801,#3802,
#3803,#3804,#3805,#3806,#3807,#3808,#3809,#3810,#3811,#3812,#3813,#3814,
#3815,#3816,#3817,#3818,#3819,#3820,#3821,#3822,#3823,#3824,#3825,#3826,
#3827,#3828,#3829,#3830,#3831,#3832,#3833,#3834,#3835,#3836,#3837,#3838,
#3839,#3840,#3841,#3842,#3843,#3844,#3845,#3846,#3847,#3848,#3849,#3850,
#3851,#3852,#3853,#3854,#3855,#3856,#3857,#3858,#3859,#3860,#3861,#3862,
#3863),.UNSPECIFIED.,.F.,.F.,(4,3,3,3,3,3,3,3,3,3,3,3,3,3,3,3,3,3,3,3,3,
3,4),(-1.11022302462516E-16,0.0680791680099182,0.138950130955842,0.208512317087114,
0.280037668440364,0.351563019793614,0.42360311233061,0.493484512772206,
0.563024868557387,0.633076791327191,0.703128714096995,0.775256917787455,
0.847385121477915,0.916682259339316,0.986405628901715,1.05471354777377,
1.12415858072054,1.19377872149194,1.26296628131272,1.27515110835712,1.3446654101263,
1.41336938005653,1.47076842067776),.UNSPECIFIED.);
#1020=B_SPLINE_CURVE_WITH_KNOTS('',3,(#3905,#3906,#3907,#3908,#3909,#3910),
 .UNSPECIFIED.,.F.,.F.,(4,2,4),(-5.49094174569757,-5.45122758197833,-3.10641306178593),
 .UNSPECIFIED.);
#1021=B_SPLINE_CURVE_WITH_KNOTS('',3,(#3911,#3912,#3913,#3914,#3915,#3916,
#3917,#3918,#3919,#3920,#3921,#3922,#3923,#3924,#3925,#3926,#3927,#3928,
#3929,#3930,#3931,#3932),.UNSPECIFIED.,.F.,.F.,(4,3,3,3,3,3,3,4),(-8.82428732070306,
-7.85296670676813,-6.73066906572655,-5.60837142468498,-4.4860737836434,
-3.36377614260182,-2.24147850156024,-1.11918086052923),.UNSPECIFIED.);
#1022=B_SPLINE_CURVE_WITH_KNOTS('',3,(#3936,#3937,#3938,#3939,#3940,#3941,
#3942,#3943,#3944,#3945,#3946,#3947,#3948,#3949,#3950,#3951,#3952,#3953,
#3954),.UNSPECIFIED.,.F.,.F.,(4,3,3,3,3,3,4),(-6.33226862617835,-4.50897119376029,
-3.59732247754853,-2.68567376133677,-1.774025045125,-0.862376328913241,
-0.0732933403819027),.UNSPECIFIED.);
#1023=B_SPLINE_CURVE_WITH_KNOTS('',3,(#3991,#3992,#3993,#3994,#3995,#3996,
#3997,#3998,#3999,#4000),.UNSPECIFIED.,.F.,.F.,(4,3,3,4),(-7.820159636648,
-6.38399589033648,-5.47061416646383,-5.4419048662691),.UNSPECIFIED.);
#1024=B_SPLINE_CURVE_WITH_KNOTS('',3,(#4006,#4007,#4008,#4009,#4010,#4011,
#4012,#4013,#4014,#4015),.UNSPECIFIED.,.F.,.F.,(4,3,3,4),(-5.35064379868266,
-4.51876525666265,-4.37038904714559,-4.32015107094302),.UNSPECIFIED.);
#1025=B_SPLINE_CURVE_WITH_KNOTS('',3,(#4023,#4024,#4025,#4026,#4027,#4028,
#4029,#4030,#4031,#4032),.UNSPECIFIED.,.F.,.F.,(4,3,3,4),(0.158352932324533,
1.29867365014076,1.94978943439096,4.55425257139158),.UNSPECIFIED.);
#1026=B_SPLINE_CURVE_WITH_KNOTS('',3,(#4046,#4047,#4048,#4049),
 .UNSPECIFIED.,.F.,.F.,(4,4),(2.84016371508235,3.80355419547183),
 .UNSPECIFIED.);
#1027=B_SPLINE_CURVE_WITH_KNOTS('',3,(#4201,#4202,#4203,#4204),
 .UNSPECIFIED.,.F.,.F.,(4,4),(-0.694767384456916,-0.690739657215641),
 .UNSPECIFIED.);
#1028=B_SPLINE_CURVE_WITH_KNOTS('',3,(#4205,#4206,#4207,#4208,#4209,#4210,
#4211,#4212,#4213,#4214,#4215,#4216,#4217,#4218,#4219,#4220,#4221,#4222,
#4223,#4224,#4225,#4226,#4227,#4228,#4229,#4230,#4231,#4232,#4233,#4234,
#4235,#4236,#4237,#4238,#4239,#4240),.UNSPECIFIED.,.F.,.F.,(4,2,2,2,2,2,
2,2,2,2,2,2,2,2,2,2,2,4),(-0.690739657215641,-0.673512403676433,-0.636074859230065,
-0.592526634930252,-0.548993282098658,-0.507038884520691,-0.466662407475341,
-0.422438868873316,-0.390450690063892,-0.337525429159186,-0.303722472755321,
-0.260226124016395,-0.216692549841425,-0.174042096871697,-0.133165845886529,
-0.0892972467612276,-0.0534790382091603,0.),.UNSPECIFIED.);
#1029=B_SPLINE_CURVE_WITH_KNOTS('',3,(#4241,#4242,#4243,#4244,#4245,#4246,
#4247,#4248,#4249,#4250,#4251,#4252,#4253,#4254,#4255,#4256,#4257,#4258,
#4259,#4260,#4261,#4262,#4263,#4264,#4265,#4266,#4267,#4268,#4269,#4270,
#4271,#4272,#4273,#4274,#4275,#4276),.UNSPECIFIED.,.T.,.F.,(4,2,2,2,2,2,
2,2,2,2,2,2,2,2,2,2,2,4),(0.,0.0534790382091603,0.0892972467612276,0.133165845886529,
0.174042096871697,0.216692549841425,0.260226124016395,0.303722472755321,
0.337525429159186,0.390450690063892,0.422438868873316,0.466662407475341,
0.507038884520691,0.548993282098658,0.592526634930252,0.636074859230065,
0.673512403676433,0.694767384456916),.UNSPECIFIED.);
#1030=B_SPLINE_CURVE_WITH_KNOTS('',3,(#4302,#4303,#4304,#4305),
 .UNSPECIFIED.,.F.,.F.,(4,4),(-0.621711496417269,-0.595321779111076),
 .UNSPECIFIED.);
#1031=B_SPLINE_CURVE_WITH_KNOTS('',3,(#4307,#4308,#4309,#4310,#4311,#4312,
#4313),.UNSPECIFIED.,.F.,.F.,(4,3,4),(-4.20873967220678,-1.97865142012789,
-1.93036603959019),.UNSPECIFIED.);
#1032=B_SPLINE_CURVE_WITH_KNOTS('',3,(#4315,#4316,#4317,#4318),
 .UNSPECIFIED.,.F.,.F.,(4,4),(-2.18559639661363,-2.04320744957161),
 .UNSPECIFIED.);
#1033=B_SPLINE_CURVE_WITH_KNOTS('',3,(#4320,#4321,#4322,#4323,#4324,#4325,
#4326),.UNSPECIFIED.,.F.,.F.,(4,3,4),(-1.99141455325258,-1.46118357458881,
-1.4103386810423),.UNSPECIFIED.);
#1034=B_SPLINE_CURVE_WITH_KNOTS('',3,(#4328,#4329,#4330,#4331,#4332,#4333,
#4334,#4335,#4336,#4337),.UNSPECIFIED.,.F.,.F.,(4,3,3,4),(-0.663030931932378,
-0.659878803412066,-0.620907780296205,-0.603955358857479),.UNSPECIFIED.);
#1035=B_SPLINE_CURVE_WITH_KNOTS('',3,(#4339,#4340,#4341,#4342),
 .UNSPECIFIED.,.F.,.F.,(4,4),(-9.31225331383505,-8.75867403303332),
 .UNSPECIFIED.);
#1036=B_SPLINE_CURVE_WITH_KNOTS('',3,(#4344,#4345,#4346,#4347),
 .UNSPECIFIED.,.F.,.F.,(4,4),(-1.84735459398893,-1.61519290010826),
 .UNSPECIFIED.);
#1037=B_SPLINE_CURVE_WITH_KNOTS('',3,(#4349,#4350,#4351,#4352),
 .UNSPECIFIED.,.F.,.F.,(4,4),(-9.22369971603755,-6.69438679641307),
 .UNSPECIFIED.);
#1038=B_SPLINE_CURVE_WITH_KNOTS('',3,(#4353,#4354,#4355,#4356),
 .UNSPECIFIED.,.F.,.F.,(4,4),(0.530396138505942,1.12893324037574),
 .UNSPECIFIED.);
#1039=B_SPLINE_CURVE_WITH_KNOTS('',3,(#4358,#4359,#4360,#4361,#4362,#4363,
#4364,#4365,#4366,#4367,#4368,#4369,#4370,#4371,#4372,#4373,#4374,#4375,
#4376,#4377,#4378,#4379,#4380,#4381,#4382,#4383,#4384,#4385,#4386,#4387,
#4388,#4389,#4390,#4391,#4392),.UNSPECIFIED.,.T.,.F.,(4,2,2,2,2,2,2,2,2,
2,2,2,1,2,2,2,2,4),(0.,0.0294598923239727,0.0641547053948596,0.108285332643819,
0.191155206520165,0.234663719489204,0.27856314259757,0.31587403336541,0.346006411412385,
0.375234378963065,0.409406546824333,0.453519504655632,0.516744764946228,
0.579970025236825,0.623911207350725,0.662150964325135,0.692765654159712,
0.697266670079616),.UNSPECIFIED.);
#1040=B_SPLINE_CURVE_WITH_KNOTS('',3,(#4394,#4395,#4396,#4397,#4398,#4399,
#4400,#4401,#4402,#4403,#4404,#4405,#4406,#4407,#4408,#4409,#4410,#4411,
#4412,#4413,#4414,#4415,#4416,#4417,#4418,#4419,#4420,#4421,#4422,#4423,
#4424,#4425,#4426,#4427),.UNSPECIFIED.,.T.,.F.,(4,2,2,2,2,2,2,2,2,2,2,2,
2,2,2,2,4),(0.,0.0321445048191158,0.0761894356716497,0.116781965135297,
0.158942432224897,0.246583769516985,0.284415309051262,0.341897937745049,
0.373031928954664,0.41515423231125,0.455528316054704,0.497377908054068,
0.541091443437209,0.58466615046608,0.62495358604118,0.656114097866901,0.693138365184897),
 .UNSPECIFIED.);
#1041=B_SPLINE_CURVE_WITH_KNOTS('',3,(#4575,#4576,#4577,#4578,#4579,#4580),
 .UNSPECIFIED.,.F.,.F.,(4,2,4),(-0.697266670079616,-0.692765654159712,-0.667927243926711),
 .UNSPECIFIED.);
#1042=B_SPLINE_CURVE_WITH_KNOTS('',3,(#4581,#4582,#4583,#4584,#4585,#4586,
#4587,#4588,#4589,#4590,#4591,#4592,#4593,#4594,#4595,#4596,#4597,#4598,
#4599,#4600,#4601,#4602,#4603,#4604,#4605,#4606,#4607,#4608,#4609,#4610,
#4611,#4612,#4613),.UNSPECIFIED.,.F.,.F.,(4,2,2,2,1,2,2,2,2,2,2,2,2,2,2,
2,4),(-0.667927243926711,-0.662150964325135,-0.623911207350725,-0.579970025236825,
-0.516744764946228,-0.453519504655632,-0.409406546824333,-0.375234378963065,
-0.346006411412385,-0.31587403336541,-0.27856314259757,-0.234663719489204,
-0.191155206520165,-0.108285332643819,-0.0641547053948596,-0.0294598923239727,
0.),.UNSPECIFIED.);
#1043=B_SPLINE_CURVE_WITH_KNOTS('',3,(#4757,#4758,#4759,#4760,#4761,#4762),
 .UNSPECIFIED.,.F.,.F.,(4,2,4),(-0.693138365184897,-0.656114097866901,-0.649883959866957),
 .UNSPECIFIED.);
#1044=B_SPLINE_CURVE_WITH_KNOTS('',3,(#4763,#4764,#4765,#4766,#4767,#4768,
#4769,#4770,#4771,#4772,#4773,#4774,#4775,#4776,#4777,#4778,#4779,#4780,
#4781,#4782,#4783,#4784,#4785,#4786,#4787,#4788,#4789,#4790,#4791,#4792,
#4793,#4794),.UNSPECIFIED.,.F.,.F.,(4,2,2,2,2,2,2,2,2,2,2,2,2,2,2,4),(-0.649883959866957,
-0.62495358604118,-0.58466615046608,-0.541091443437209,-0.497377908054068,
-0.455528316054704,-0.41515423231125,-0.373031928954664,-0.341897937745049,
-0.284415309051262,-0.246583769516985,-0.158942432224897,-0.116781965135297,
-0.0761894356716497,-0.0321445048191158,0.),.UNSPECIFIED.);
#1045=B_SPLINE_CURVE_WITH_KNOTS('',3,(#4866,#4867,#4868,#4869,#4870,#4871,
#4872),.UNSPECIFIED.,.F.,.F.,(4,3,4),(-0.132924456983122,-0.128102837822111,
-0.127280867277246),.UNSPECIFIED.);
#1046=B_SPLINE_CURVE_WITH_KNOTS('',3,(#4883,#4884,#4885,#4886,#4887,#4888,
#4889,#4890,#4891,#4892),.UNSPECIFIED.,.F.,.F.,(4,3,3,4),(-6.40124435947219,
-5.71108282838866,-5.36004969204203,-5.31107964591991),.UNSPECIFIED.);
#1047=B_SPLINE_CURVE_WITH_KNOTS('',3,(#4989,#4990,#4991,#4992),
 .UNSPECIFIED.,.F.,.F.,(4,4),(-3.46298671786149,-1.64155059166425),
 .UNSPECIFIED.);
#1048=B_SPLINE_CURVE_WITH_KNOTS('',3,(#4994,#4995,#4996,#4997),
 .UNSPECIFIED.,.F.,.F.,(4,4),(-7.73117601613301,-5.37107755341823),
 .UNSPECIFIED.);
#1049=B_SPLINE_CURVE_WITH_KNOTS('',3,(#4999,#5000,#5001,#5002,#5003,#5004,
#5005,#5006,#5007,#5008,#5009,#5010,#5011,#5012,#5013,#5014,#5015,#5016,
#5017,#5018,#5019,#5020),.UNSPECIFIED.,.F.,.F.,(4,3,3,3,3,3,3,4),(-7.28041137736866,
-6.28470377053537,-5.56319899101512,-4.12018943197461,-3.03793226269424,
-1.95567509341386,-0.873417924133477,-0.123801283606819),.UNSPECIFIED.);
#1050=B_SPLINE_CURVE_WITH_KNOTS('',3,(#5022,#5023,#5024,#5025),
 .UNSPECIFIED.,.F.,.F.,(4,4),(-3.0569662495017,-0.200054105903616),
 .UNSPECIFIED.);
#1051=B_SPLINE_CURVE_WITH_KNOTS('',3,(#5027,#5028,#5029,#5030,#5031,#5032,
#5033,#5034,#5035,#5036,#5037,#5038,#5039,#5040,#5041,#5042,#5043,#5044,
#5045,#5046,#5047,#5048,#5049,#5050,#5051,#5052,#5053,#5054,#5055,#5056,
#5057,#5058,#5059,#5060,#5061,#5062,#5063,#5064,#5065,#5066,#5067,#5068,
#5069,#5070,#5071,#5072,#5073,#5074,#5075,#5076,#5077,#5078,#5079,#5080,
#5081,#5082,#5083,#5084,#5085,#5086,#5087,#5088,#5089,#5090,#5091,#5092,
#5093,#5094,#5095,#5096,#5097,#5098,#5099,#5100,#5101,#5102,#5103,#5104,
#5105,#5106,#5107,#5108,#5109,#5110,#5111,#5112,#5113,#5114,#5115,#5116,
#5117,#5118,#5119,#5120,#5121,#5122,#5123,#5124,#5125,#5126,#5127,#5128,
#5129,#5130,#5131,#5132,#5133,#5134,#5135,#5136,#5137,#5138,#5139,#5140,
#5141,#5142,#5143,#5144,#5145,#5146,#5147,#5148,#5149,#5150,#5151,#5152,
#5153,#5154,#5155,#5156,#5157,#5158,#5159,#5160,#5161,#5162,#5163,#5164,
#5165,#5166,#5167,#5168,#5169,#5170,#5171,#5172,#5173,#5174,#5175,#5176,
#5177,#5178,#5179,#5180,#5181,#5182,#5183,#5184,#5185,#5186,#5187,#5188,
#5189,#5190,#5191,#5192,#5193,#5194,#5195,#5196,#5197,#5198,#5199,#5200,
#5201,#5202,#5203,#5204,#5205,#5206,#5207,#5208,#5209,#5210,#5211,#5212,
#5213,#5214,#5215,#5216),.UNSPECIFIED.,.F.,.F.,(4,1,1,1,1,1,1,1,1,1,1,1,
1,1,1,1,1,1,1,1,1,1,1,1,1,1,1,1,1,1,1,1,1,1,1,1,1,1,1,1,1,1,1,1,1,1,1,1,
1,1,1,1,1,1,1,1,1,1,1,1,1,1,1,1,1,1,1,1,1,1,1,1,1,1,1,1,1,1,1,1,1,1,1,1,
1,1,1,1,1,1,1,1,1,1,1,1,1,1,1,1,1,1,1,1,1,1,1,1,1,1,1,1,1,1,1,1,1,1,1,1,
1,1,1,1,1,1,1,1,1,1,1,1,1,1,1,1,1,1,1,1,1,1,1,1,1,1,1,1,1,1,1,1,1,1,1,1,
1,1,1,1,1,1,1,1,1,1,1,1,1,1,1,1,1,1,1,1,1,1,1,1,1,1,1,1,1,1,1,4),(0.,0.0223118440076496,
0.0446236880152991,0.0892473760305982,0.0893345316712531,0.089421687311908,
0.0894652651322354,0.0895959985932177,0.0899446211558373,0.0906418662810763,
0.0908161775623861,0.0913391114063153,0.0920363565315544,0.0934308467820325,
0.093779469344652,0.0948253370325106,0.0976143175334668,0.100403298034423,
0.103192278535379,0.111559220038248,0.11713718104016,0.119926161541116,
0.120623406666355,0.122715142042073,0.133871064045897,0.145026986049722,
0.147815966550678,0.156182908053547,0.167338830057372,0.178494752061196,
0.184072713063109,0.200806596068846,0.223118440076496,0.245430284084145,
0.267742128091795,0.273320089093707,0.290053972099444,0.312365816107094,
0.334677660114743,0.356989504122393,0.368145426126218,0.379301348130042,
0.401613192137692,0.446236880152991,0.49086056816829,0.535484256183589,
0.580107944198888,0.624731632214187,0.713979008244786,0.803226384275384,
0.892473760305982,0.98172113633658,1.07096851236718,1.16021588839778,1.24946326442837,
1.33871064045897,1.42795801648957,1.51720539252017,1.60645276855077,1.65107645656607,
1.69570014458137,1.78494752061196,1.87419489664256,1.96344227267316,2.05268964870376,
2.14193702473436,2.18656071274966,2.23118440076496,2.32043177679555,2.40967915282615,
2.49892652885675,2.58817390488735,2.67742128091795,2.72204496893325,2.76666865694854,
2.85591603297914,2.91541428366621,2.97491253435327,3.03441078504034,3.0939090357274,
3.12365816107094,3.15340728641447,3.21290553710154,3.2724037877886,3.33190203847567,
3.39140028916273,3.4508985398498,3.4955222278651,3.51039679053686,3.56989504122393,
3.62939329191099,3.68889154259806,3.74838979328513,3.80788804397219,3.83763716931572,
3.86738629465926,3.92688454534632,3.98638279603339,4.04588104672045,4.10537929740752,
4.16487754809458,4.19462667343812,4.22437579878165,4.28387404946871,4.34337230015578,
4.40287055084285,4.46236880152991,4.52186705221698,4.55161617756051,4.58136530290404,
4.64086355359111,4.70036180427817,4.75986005496524,4.8193583056523,4.87885655633937,
4.92348024435467,4.93835480702643,4.9978530577135,5.05735130840057,5.11684955908763,
5.1763478097747,5.23584606046176,5.29534431114883,5.32509343649236,5.35484256183589,
5.41434081252296,5.47383906321002,5.53333731389709,5.59283556458415,5.62258468992769,
5.65233381527122,5.71183206595829,5.80107944198888,5.89032681801948,5.97957419405008,
6.06882157008068,6.15806894611128,6.18038079011892,6.24731632214187,6.33656369817247,
6.42581107420307,6.51505845023367,6.60430582626427,6.64892951427957,6.69355320229487,
6.78280057832546,6.87204795435606,6.96129533038666,7.05054270641726,7.13979008244786,
7.18441377046316,7.22903745847845,7.31828483450905,7.40753221053965,7.49677958657025,
7.58602696260085,7.67527433863145,7.71989802664675,7.76452171466204,7.85376909069264,
7.94301646672324,8.03226384275384,8.12151121878444,8.21075859481504,8.25538228283034,
8.30000597084564,8.38925334687623,8.47850072290683,8.56774809893743,8.65699547496803,
8.74624285099862,8.79086653901392,8.83549022702922,8.92473760305982,9.01398497909042,
9.10323235512102,9.19247973115161,9.28172710718221,9.32635079519751,9.37097448321281,
9.46022185924341,9.54946923527401,9.63871661130461,9.7279639873352,9.8172113633658,
9.8618350513811,9.9064587393964,9.98470930994948),.UNSPECIFIED.);
#1052=B_SPLINE_CURVE_WITH_KNOTS('',3,(#5218,#5219,#5220,#5221,#5222,#5223,
#5224,#5225),.UNSPECIFIED.,.F.,.F.,(4,1,1,1,1,4),(-0.00192108259838782,
0.843058663762173,1.69740697347226,3.40610359289245,5.11480021231263,11.9495866899934),
 .UNSPECIFIED.);
#1053=B_SPLINE_CURVE_WITH_KNOTS('',3,(#5388,#5389,#5390,#5391),
 .UNSPECIFIED.,.F.,.F.,(4,4),(-10.9360532637855,-5.55096714511487),
 .UNSPECIFIED.);
#1054=B_SPLINE_CURVE_WITH_KNOTS('',3,(#5393,#5394,#5395,#5396,#5397,#5398),
 .UNSPECIFIED.,.F.,.F.,(4,2,4),(-7.72888181123085,-4.29682876541326,-2.72543166267779),
 .UNSPECIFIED.);
#1055=B_SPLINE_CURVE_WITH_KNOTS('',3,(#5400,#5401,#5402,#5403),
 .UNSPECIFIED.,.F.,.F.,(4,4),(-6.4249257886727,-5.43351020637896),
 .UNSPECIFIED.);
#1056=B_SPLINE_CURVE_WITH_KNOTS('',3,(#5405,#5406,#5407,#5408),
 .UNSPECIFIED.,.F.,.F.,(4,4),(-6.04505265142117,-5.16149099103679),
 .UNSPECIFIED.);
#1057=B_SPLINE_CURVE_WITH_KNOTS('',3,(#5410,#5411,#5412,#5413),
 .UNSPECIFIED.,.F.,.F.,(4,4),(-2.47924778439533,-0.0500067704019147),
 .UNSPECIFIED.);
#1058=B_SPLINE_CURVE_WITH_KNOTS('',3,(#5415,#5416,#5417,#5418),
 .UNSPECIFIED.,.F.,.F.,(4,4),(0.603552632412951,0.643053525199241),
 .UNSPECIFIED.);
#1059=B_SPLINE_CURVE_WITH_KNOTS('',3,(#5420,#5421,#5422,#5423,#5424,#5425,
#5426),.UNSPECIFIED.,.F.,.F.,(4,3,4),(-0.57007474084788,-0.0501170893216573,
-0.000118659417717229),.UNSPECIFIED.);
#1060=B_SPLINE_CURVE_WITH_KNOTS('',3,(#5428,#5429,#5430,#5431,#5432,#5433,
#5434,#5435,#5436,#5437),.UNSPECIFIED.,.F.,.F.,(4,3,3,4),(-0.10788796742927,
-0.104766727728071,-0.0984722018778242,-0.0984128033726721),
 .UNSPECIFIED.);
#1061=B_SPLINE_CURVE_WITH_KNOTS('',3,(#5439,#5440,#5441,#5442),
 .UNSPECIFIED.,.F.,.F.,(4,4),(-9.43437888317622,-8.88913262171682),
 .UNSPECIFIED.);
#1062=B_SPLINE_CURVE_WITH_KNOTS('',3,(#5444,#5445,#5446,#5447),
 .UNSPECIFIED.,.F.,.F.,(4,4),(8.63990087667705,9.49468180281739),
 .UNSPECIFIED.);
#1063=B_SPLINE_CURVE_WITH_KNOTS('',3,(#5448,#5449,#5450,#5451),
 .UNSPECIFIED.,.F.,.F.,(4,4),(1.88746844842037,4.1807104641128),
 .UNSPECIFIED.);
#1064=B_SPLINE_CURVE_WITH_KNOTS('',3,(#5452,#5453,#5454,#5455,#5456,#5457,
#5458),.UNSPECIFIED.,.F.,.F.,(4,3,4),(-0.820881457291347,-0.788423064434514,
-0.767899369893308),.UNSPECIFIED.);
#1065=B_SPLINE_CURVE_WITH_KNOTS('',3,(#5461,#5462,#5463,#5464,#5465,#5466,
#5467,#5468,#5469,#5470,#5471,#5472,#5473,#5474,#5475,#5476,#5477,#5478,
#5479,#5480,#5481,#5482,#5483,#5484,#5485,#5486,#5487,#5488,#5489,#5490,
#5491,#5492),.UNSPECIFIED.,.F.,.F.,(4,2,2,2,2,2,2,2,2,2,2,2,2,2,2,4),(-2.50231794869568,
-2.47458302945042,-2.38532143605583,-1.99839182754145,-1.53360159694449,
-1.41748697456917,-1.38092640985022,-1.36546546966325,-1.35682391061847,
-1.35031795462599,-1.3435081384907,-1.33347579223601,-1.30962924915009,
-1.1684500515271,-1.13812679070655,-0.720753725340262),.UNSPECIFIED.);
#1066=B_SPLINE_CURVE_WITH_KNOTS('',3,(#5493,#5494,#5495,#5496,#5497,#5498,
#5499,#5500,#5501,#5502,#5503,#5504,#5505,#5506,#5507,#5508,#5509,#5510),
 .UNSPECIFIED.,.F.,.F.,(4,2,2,2,2,2,2,2,4),(-0.720753725340262,-0.464541330646779,
-0.201604914436277,-0.100547956594323,-0.0615079166941537,-0.0416857140472381,
-0.0283565734632927,-0.015629433790417,0.),.UNSPECIFIED.);
#1067=B_SPLINE_CURVE_WITH_KNOTS('',3,(#5521,#5522,#5523,#5524),
 .UNSPECIFIED.,.F.,.F.,(4,4),(-2.52640072121898,-0.0499802749672322),
 .UNSPECIFIED.);
#1068=B_SPLINE_CURVE_WITH_KNOTS('',3,(#5544,#5545,#5546,#5547,#5548,#5549),
 .UNSPECIFIED.,.F.,.F.,(4,2,4),(-0.0100403388082151,-0.00803088364604843,
0.),.UNSPECIFIED.);
#1069=B_SPLINE_CURVE_WITH_KNOTS('',3,(#5550,#5551,#5552,#5553),
 .UNSPECIFIED.,.F.,.F.,(4,4),(-8.30666144014362,-5.966715201122),
 .UNSPECIFIED.);
#1070=B_SPLINE_CURVE_WITH_KNOTS('',3,(#5554,#5555,#5556,#5557),
 .UNSPECIFIED.,.F.,.F.,(4,4),(-8.30666144014362,-5.96807187570207),
 .UNSPECIFIED.);
#1071=B_SPLINE_CURVE_WITH_KNOTS('',3,(#5560,#5561,#5562,#5563,#5564,#5565,
#5566,#5567,#5568,#5569,#5570,#5571,#5572,#5573,#5574,#5575,#5576,#5577,
#5578),.UNSPECIFIED.,.F.,.F.,(4,3,3,3,3,3,4),(-5.6632356279291,-4.90331078034556,
-4.26574411546526,-3.62817745058495,-2.35304412082434,-1.07791079106372,
-0.0512313809474749),.UNSPECIFIED.);
#1072=B_SPLINE_CURVE_WITH_KNOTS('',3,(#5676,#5677,#5678,#5679),
 .UNSPECIFIED.,.F.,.F.,(4,4),(-5.38198227336355,0.),.UNSPECIFIED.);
#1073=B_SPLINE_CURVE_WITH_KNOTS('',3,(#5841,#5842,#5843,#5844,#5845,#5846,
#5847,#5848),.UNSPECIFIED.,.F.,.F.,(4,1,1,1,1,4),(-11.9495866899934,-5.11480021231263,
-3.40610359289245,-1.69740697347226,-0.843058663762173,5.09137648966846E-11),
 .UNSPECIFIED.);
#1074=B_SPLINE_CURVE_WITH_KNOTS('',3,(#5850,#5851,#5852,#5853,#5854,#5855,
#5856,#5857,#5858,#5859,#5860,#5861,#5862,#5863,#5864,#5865,#5866,#5867,
#5868,#5869),.UNSPECIFIED.,.F.,.F.,(4,1,1,1,1,1,1,1,1,1,1,1,1,1,1,1,1,4),
(0.312562117124041,1.72938563657793,2.44321910364066,3.1570525707034,3.87088603776614,
4.2278027712975,4.58471950482887,7.44005337307982,8.86772030720529,9.22463704073666,
9.58155377426802,9.76001214103371,9.93847050779939,10.0276996911822,10.1169288745651,
10.2061580579479,10.2507726496393,10.2953872413308),.UNSPECIFIED.);
#1075=B_SPLINE_CURVE_WITH_KNOTS('',3,(#5871,#5872,#5873,#5874),
 .UNSPECIFIED.,.F.,.F.,(4,4),(-10.722584729846,-7.86947127026777),
 .UNSPECIFIED.);
#1076=B_SPLINE_CURVE_WITH_KNOTS('',3,(#5875,#5876,#5877,#5878,#5879,#5880,
#5881,#5882,#5883,#5884,#5885,#5886,#5887,#5888,#5889,#5890,#5891,#5892,
#5893,#5894,#5895,#5896,#5897,#5898,#5899),.UNSPECIFIED.,.F.,.F.,(4,3,3,
3,3,3,3,3,4),(-9.1503823057687,-8.2013165854987,-6.82901518073953,-5.45671377598037,
-4.77056307360079,-4.08441237122121,-2.71211096646204,-1.33980956170288,
-0.0502338878198572),.UNSPECIFIED.);
#1077=B_SPLINE_CURVE_WITH_KNOTS('',3,(#5902,#5903,#5904,#5905,#5906,#5907,
#5908,#5909,#5910,#5911,#5912,#5913,#5914,#5915,#5916,#5917),
 .UNSPECIFIED.,.F.,.F.,(4,2,2,2,2,2,2,4),(-2.92807361475697,-2.91884145472198,
-2.90987399809889,-2.89618513140567,-2.88009628429809,-2.85033413274933,
-2.72096596753503,-2.10085603623851),.UNSPECIFIED.);
#1078=B_SPLINE_CURVE_WITH_KNOTS('',3,(#5918,#5919,#5920,#5921,#5922,#5923,
#5924,#5925,#5926,#5927,#5928,#5929,#5930,#5931,#5932,#5933,#5934,#5935,
#5936,#5937,#5938,#5939,#5940,#5941,#5942,#5943,#5944,#5945,#5946,#5947),
 .UNSPECIFIED.,.F.,.F.,(4,2,2,2,2,2,2,2,2,2,2,2,2,2,4),(-2.10085603623851,
-1.89116346425178,-1.5043063064446,-1.35877426067035,-1.31128028202467,
-1.29484260315697,-1.28149284034947,-1.26696612276714,-1.24453807528403,
-1.18241536636594,-0.846523895873229,-0.36112334939059,-0.144368351017407,
-0.0351261151344466,0.),.UNSPECIFIED.);
#1079=B_SPLINE_CURVE_WITH_KNOTS('',3,(#6149,#6150,#6151,#6152,#6153,#6154),
 .UNSPECIFIED.,.F.,.F.,(4,2,4),(0.0108464989740303,0.799240193713204,0.803373110951543),
 .UNSPECIFIED.);
#1080=B_SPLINE_CURVE_WITH_KNOTS('',3,(#6155,#6156,#6157,#6158,#6159,#6160,
#6161,#6162,#6163,#6164,#6165,#6166,#6167,#6168,#6169,#6170,#6171,#6172,
#6173,#6174,#6175,#6176,#6177,#6178,#6179,#6180,#6181,#6182,#6183,#6184,
#6185),.UNSPECIFIED.,.F.,.F.,(4,3,3,3,3,3,3,3,3,3,4),(0.115906211809978,
0.135975744682686,0.158063871399557,0.18044771483434,0.203107388958134,
0.225671876222337,0.236393574079048,0.258897378133931,0.276363800708277,
0.298577484088703,0.316313146219432),.UNSPECIFIED.);
#1081=B_SPLINE_CURVE_WITH_KNOTS('',3,(#6188,#6189,#6190,#6191,#6192,#6193,
#6194,#6195,#6196,#6197,#6198,#6199,#6200,#6201,#6202,#6203,#6204,#6205,
#6206,#6207),.UNSPECIFIED.,.F.,.F.,(4,1,1,1,1,1,1,1,1,1,1,1,1,1,1,1,1,4),
(-10.2953872413308,-10.2507726496393,-10.2061580579479,-10.1169288745651,
-10.0276996911822,-9.93847050779939,-9.76001214103371,-9.58155377426802,
-9.22463704073666,-8.86772030720529,-7.44005337307982,-4.58471950482887,
-4.2278027712975,-3.87088603776614,-3.1570525707034,-2.44321910364066,-1.72938563657793,
-1.10657028150132),.UNSPECIFIED.);
#1082=B_SPLINE_CURVE_WITH_KNOTS('',3,(#7158,#7159,#7160,#7161,#7162,#7163,
#7164,#7165,#7166,#7167,#7168,#7169,#7170,#7171,#7172,#7173,#7174,#7175,
#7176,#7177,#7178,#7179,#7180,#7181,#7182,#7183,#7184,#7185,#7186,#7187,
#7188,#7189,#7190,#7191,#7192,#7193,#7194,#7195,#7196,#7197,#7198,#7199,
#7200,#7201,#7202,#7203,#7204,#7205,#7206,#7207,#7208,#7209,#7210,#7211,
#7212,#7213,#7214,#7215,#7216,#7217,#7218,#7219,#7220,#7221,#7222,#7223,
#7224,#7225,#7226,#7227,#7228,#7229,#7230,#7231,#7232,#7233,#7234,#7235,
#7236,#7237,#7238,#7239,#7240,#7241,#7242,#7243,#7244,#7245,#7246,#7247,
#7248,#7249,#7250,#7251,#7252,#7253,#7254,#7255,#7256,#7257,#7258,#7259,
#7260,#7261,#7262,#7263,#7264,#7265,#7266,#7267,#7268,#7269,#7270,#7271,
#7272,#7273,#7274,#7275,#7276,#7277,#7278,#7279,#7280,#7281,#7282,#7283,
#7284,#7285,#7286,#7287,#7288,#7289,#7290,#7291,#7292,#7293,#7294,#7295,
#7296,#7297,#7298,#7299,#7300,#7301,#7302,#7303,#7304,#7305,#7306,#7307,
#7308,#7309,#7310,#7311,#7312,#7313,#7314,#7315,#7316,#7317,#7318,#7319,
#7320,#7321,#7322,#7323,#7324,#7325,#7326,#7327,#7328,#7329,#7330,#7331,
#7332,#7333,#7334,#7335,#7336),.UNSPECIFIED.,.F.,.F.,(4,1,1,1,1,1,1,1,1,
1,1,1,1,1,1,1,1,1,1,1,1,1,1,1,1,1,1,1,1,1,1,1,1,1,1,1,1,1,1,1,1,1,1,1,1,
1,1,1,1,1,1,1,1,1,1,1,1,1,1,1,1,1,1,1,1,1,1,1,1,1,1,1,1,1,1,1,1,1,1,1,1,
1,1,1,1,1,1,1,1,1,1,1,1,1,1,1,1,1,1,1,1,1,1,1,1,1,1,1,1,1,1,1,1,1,1,1,1,
1,1,1,1,1,1,1,1,1,1,1,1,1,1,1,1,1,1,1,1,1,1,1,1,1,1,1,1,1,1,1,1,1,1,1,1,
1,1,1,1,1,1,1,1,1,1,1,1,1,1,1,1,1,1,1,1,1,1,1,4),(-9.19067640366058,-9.10323235512102,
-9.01398497909042,-8.92473760305982,-8.83549022702922,-8.79086653901392,
-8.74624285099862,-8.65699547496803,-8.56774809893743,-8.47850072290683,
-8.38925334687623,-8.30000597084564,-8.25538228283034,-8.21075859481504,
-8.12151121878444,-8.03226384275384,-7.94301646672324,-7.85376909069264,
-7.76452171466204,-7.71989802664675,-7.67527433863145,-7.58602696260085,
-7.49677958657025,-7.40753221053965,-7.31828483450905,-7.22903745847845,
-7.18441377046316,-7.13979008244786,-7.05054270641726,-6.96129533038666,
-6.87204795435606,-6.78280057832546,-6.69355320229487,-6.64892951427957,
-6.60430582626427,-6.51505845023367,-6.42581107420307,-6.33656369817247,
-6.24731632214187,-6.18038079011892,-6.15806894611128,-6.06882157008068,
-5.97957419405008,-5.89032681801948,-5.80107944198888,-5.71183206595829,
-5.65233381527122,-5.62258468992769,-5.59283556458415,-5.53333731389709,
-5.47383906321002,-5.41434081252296,-5.35484256183589,-5.32509343649236,
-5.29534431114883,-5.23584606046176,-5.1763478097747,-5.11684955908763,
-5.05735130840057,-4.9978530577135,-4.93835480702643,-4.92348024435467,
-4.87885655633937,-4.8193583056523,-4.75986005496524,-4.70036180427817,
-4.64086355359111,-4.58136530290404,-4.55161617756051,-4.52186705221698,
-4.46236880152991,-4.40287055084285,-4.34337230015578,-4.28387404946871,
-4.22437579878165,-4.19462667343812,-4.16487754809458,-4.10537929740752,
-4.04588104672045,-3.98638279603339,-3.92688454534632,-3.86738629465926,
-3.83763716931572,-3.80788804397219,-3.74838979328513,-3.68889154259806,
-3.62939329191099,-3.56989504122393,-3.51039679053686,-3.4955222278651,
-3.4508985398498,-3.39140028916273,-3.33190203847567,-3.2724037877886,-3.21290553710154,
-3.15340728641447,-3.12365816107094,-3.0939090357274,-3.03441078504034,
-2.97491253435327,-2.91541428366621,-2.85591603297914,-2.76666865694854,
-2.72204496893325,-2.67742128091795,-2.58817390488735,-2.49892652885675,
-2.40967915282615,-2.32043177679555,-2.23118440076496,-2.18656071274966,
-2.14193702473436,-2.05268964870376,-1.96344227267316,-1.87419489664256,
-1.78494752061196,-1.69570014458137,-1.65107645656607,-1.60645276855077,
-1.51720539252017,-1.42795801648957,-1.33871064045897,-1.24946326442837,
-1.16021588839778,-1.07096851236718,-0.98172113633658,-0.892473760305982,
-0.803226384275384,-0.713979008244786,-0.624731632214187,-0.580107944198888,
-0.535484256183589,-0.49086056816829,-0.446236880152991,-0.401613192137692,
-0.379301348130042,-0.368145426126218,-0.356989504122393,-0.334677660114743,
-0.312365816107094,-0.290053972099444,-0.273320089093707,-0.267742128091795,
-0.245430284084145,-0.223118440076496,-0.200806596068846,-0.184072713063109,
-0.178494752061196,-0.167338830057372,-0.156182908053547,-0.147815966550678,
-0.145026986049722,-0.133871064045897,-0.122715142042073,-0.120623406666355,
-0.119926161541116,-0.11713718104016,-0.111559220038248,-0.103192278535379,
-0.100403298034423,-0.0976143175334668,-0.0948253370325106,-0.093779469344652,
-0.0934308467820325,-0.0920363565315544,-0.0913391114063153,-0.0908161775623861,
-0.0906418662810763,-0.0899446211558373,-0.0895959985932177,-0.0894652651322354,
-0.089421687311908,-0.0893345316712531,-0.0892473760305982,-0.0446236880152991,
-0.0223118440076496,0.),.UNSPECIFIED.);
#1083=B_SPLINE_CURVE_WITH_KNOTS('',3,(#7338,#7339,#7340,#7341,#7342,#7343,
#7344,#7345,#7346,#7347,#7348,#7349,#7350,#7351,#7352,#7353,#7354,#7355,
#7356,#7357,#7358,#7359,#7360,#7361,#7362,#7363,#7364,#7365,#7366,#7367,
#7368,#7369,#7370,#7371),.UNSPECIFIED.,.F.,.F.,(4,3,3,3,3,3,3,3,3,3,3,4),
(0.,0.0219219130150194,0.0442919347886824,0.0669471518162604,0.0776092029642218,
0.100195711317782,0.122884496838016,0.145213721294583,0.155508438110007,
0.178164860423753,0.180487260974791,0.200555547802005),.UNSPECIFIED.);
#1084=B_SPLINE_CURVE_WITH_KNOTS('',3,(#7414,#7415,#7416,#7417,#7418,#7419,
#7420,#7421,#7422,#7423,#7424,#7425,#7426,#7427,#7428,#7429,#7430,#7431,
#7432,#7433,#7434,#7435,#7436,#7437,#7438,#7439,#7440,#7441,#7442,#7443,
#7444,#7445,#7446,#7447),.UNSPECIFIED.,.F.,.F.,(4,3,3,3,3,3,3,3,3,3,3,4),
(-1.38777878078145E-17,0.0225559970876452,0.0448382675594116,0.0663863769702426,
0.0753342418094765,0.0819920368894629,0.104300016031633,0.12683998363626,
0.132789773414716,0.154935817027655,0.177541136985091,0.190765964682025),
 .UNSPECIFIED.);
#1085=VERTEX_POINT('',#3426);
#1086=VERTEX_POINT('',#3427);
#1087=VERTEX_POINT('',#3434);
#1088=VERTEX_POINT('',#3439);
#1089=VERTEX_POINT('',#3452);
#1090=VERTEX_POINT('',#3523);
#1091=VERTEX_POINT('',#3543);
#1092=VERTEX_POINT('',#3545);
#1093=VERTEX_POINT('',#3641);
#1094=VERTEX_POINT('',#3642);
#1095=VERTEX_POINT('',#3644);
#1096=VERTEX_POINT('',#3646);
#1097=VERTEX_POINT('',#3673);
#1098=VERTEX_POINT('',#3746);
#1099=VERTEX_POINT('',#3748);
#1100=VERTEX_POINT('',#3752);
#1101=VERTEX_POINT('',#3756);
#1102=VERTEX_POINT('',#3762);
#1103=VERTEX_POINT('',#3765);
#1104=VERTEX_POINT('',#3792);
#1105=VERTEX_POINT('',#3904);
#1106=VERTEX_POINT('',#3934);
#1107=VERTEX_POINT('',#4004);
#1108=VERTEX_POINT('',#4005);
#1109=VERTEX_POINT('',#4016);
#1110=VERTEX_POINT('',#4018);
#1111=VERTEX_POINT('',#4022);
#1112=VERTEX_POINT('',#4033);
#1113=VERTEX_POINT('',#4035);
#1114=VERTEX_POINT('',#4037);
#1115=VERTEX_POINT('',#4039);
#1116=VERTEX_POINT('',#4041);
#1117=VERTEX_POINT('',#4045);
#1118=VERTEX_POINT('',#4050);
#1119=VERTEX_POINT('',#4197);
#1120=VERTEX_POINT('',#4198);
#1121=VERTEX_POINT('',#4200);
#1122=VERTEX_POINT('',#4301);
#1123=VERTEX_POINT('',#4306);
#1124=VERTEX_POINT('',#4314);
#1125=VERTEX_POINT('',#4319);
#1126=VERTEX_POINT('',#4327);
#1127=VERTEX_POINT('',#4338);
#1128=VERTEX_POINT('',#4343);
#1129=VERTEX_POINT('',#4348);
#1130=VERTEX_POINT('',#4357);
#1131=VERTEX_POINT('',#4393);
#1132=VERTEX_POINT('',#4429);
#1133=VERTEX_POINT('',#4572);
#1134=VERTEX_POINT('',#4574);
#1135=VERTEX_POINT('',#4615);
#1136=VERTEX_POINT('',#4754);
#1137=VERTEX_POINT('',#4756);
#1138=VERTEX_POINT('',#4796);
#1139=VERTEX_POINT('',#4800);
#1140=VERTEX_POINT('',#4802);
#1141=VERTEX_POINT('',#4804);
#1142=VERTEX_POINT('',#4806);
#1143=VERTEX_POINT('',#4808);
#1144=VERTEX_POINT('',#4810);
#1145=VERTEX_POINT('',#4812);
#1146=VERTEX_POINT('',#4814);
#1147=VERTEX_POINT('',#4816);
#1148=VERTEX_POINT('',#4818);
#1149=VERTEX_POINT('',#4825);
#1150=VERTEX_POINT('',#4829);
#1151=VERTEX_POINT('',#4833);
#1152=VERTEX_POINT('',#4834);
#1153=VERTEX_POINT('',#4836);
#1154=VERTEX_POINT('',#4838);
#1155=VERTEX_POINT('',#4864);
#1156=VERTEX_POINT('',#4865);
#1157=VERTEX_POINT('',#4873);
#1158=VERTEX_POINT('',#4875);
#1159=VERTEX_POINT('',#4879);
#1160=VERTEX_POINT('',#4881);
#1161=VERTEX_POINT('',#4894);
#1162=VERTEX_POINT('',#4897);
#1163=VERTEX_POINT('',#4987);
#1164=VERTEX_POINT('',#4988);
#1165=VERTEX_POINT('',#4993);
#1166=VERTEX_POINT('',#4998);
#1167=VERTEX_POINT('',#5021);
#1168=VERTEX_POINT('',#5026);
#1169=VERTEX_POINT('',#5217);
#1170=VERTEX_POINT('',#5226);
#1171=VERTEX_POINT('',#5387);
#1172=VERTEX_POINT('',#5392);
#1173=VERTEX_POINT('',#5399);
#1174=VERTEX_POINT('',#5404);
#1175=VERTEX_POINT('',#5409);
#1176=VERTEX_POINT('',#5414);
#1177=VERTEX_POINT('',#5419);
#1178=VERTEX_POINT('',#5427);
#1179=VERTEX_POINT('',#5438);
#1180=VERTEX_POINT('',#5443);
#1181=VERTEX_POINT('',#5459);
#1182=VERTEX_POINT('',#5460);
#1183=VERTEX_POINT('',#5512);
#1184=VERTEX_POINT('',#5514);
#1185=VERTEX_POINT('',#5516);
#1186=VERTEX_POINT('',#5518);
#1187=VERTEX_POINT('',#5520);
#1188=VERTEX_POINT('',#5527);
#1189=VERTEX_POINT('',#5542);
#1190=VERTEX_POINT('',#5543);
#1191=VERTEX_POINT('',#5559);
#1192=VERTEX_POINT('',#5579);
#1193=VERTEX_POINT('',#5581);
#1194=VERTEX_POINT('',#5583);
#1195=VERTEX_POINT('',#5675);
#1196=VERTEX_POINT('',#5680);
#1197=VERTEX_POINT('',#5840);
#1198=VERTEX_POINT('',#5849);
#1199=VERTEX_POINT('',#5870);
#1200=VERTEX_POINT('',#5900);
#1201=VERTEX_POINT('',#5901);
#1202=VERTEX_POINT('',#5951);
#1203=VERTEX_POINT('',#5955);
#1204=VERTEX_POINT('',#5958);
#1205=VERTEX_POINT('',#5963);
#1206=VERTEX_POINT('',#5967);
#1207=VERTEX_POINT('',#5969);
#1208=VERTEX_POINT('',#5972);
#1209=VERTEX_POINT('',#5974);
#1210=VERTEX_POINT('',#5976);
#1211=VERTEX_POINT('',#5979);
#1212=VERTEX_POINT('',#5980);
#1213=VERTEX_POINT('',#5982);
#1214=VERTEX_POINT('',#5986);
#1215=VERTEX_POINT('',#5990);
#1216=VERTEX_POINT('',#5996);
#1217=VERTEX_POINT('',#5999);
#1218=VERTEX_POINT('',#6001);
#1219=VERTEX_POINT('',#6005);
#1220=VERTEX_POINT('',#6022);
#1221=VERTEX_POINT('',#6024);
#1222=VERTEX_POINT('',#6028);
#1223=VERTEX_POINT('',#6032);
#1224=VERTEX_POINT('',#6038);
#1225=VERTEX_POINT('',#6043);
#1226=VERTEX_POINT('',#6147);
#1227=VERTEX_POINT('',#6148);
#1228=VERTEX_POINT('',#6186);
#1229=VERTEX_POINT('',#7449);
#1230=VERTEX_POINT('',#7452);
#1231=VERTEX_POINT('',#7456);
#1232=VERTEX_POINT('',#7459);
#1233=VERTEX_POINT('',#7463);
#1234=VERTEX_POINT('',#7468);
#1235=VERTEX_POINT('',#7473);
#1236=VERTEX_POINT('',#7484);
#1237=VERTEX_POINT('',#7485);
#1238=VERTEX_POINT('',#7487);
#1239=VERTEX_POINT('',#7489);
#1240=VERTEX_POINT('',#7493);
#1241=VERTEX_POINT('',#7495);
#1242=VERTEX_POINT('',#7499);
#1243=VERTEX_POINT('',#7501);
#1244=VERTEX_POINT('',#7508);
#1245=VERTEX_POINT('',#7509);
#1246=VERTEX_POINT('',#7511);
#1247=VERTEX_POINT('',#7513);
#1248=VERTEX_POINT('',#7517);
#1249=VERTEX_POINT('',#7519);
#1250=VERTEX_POINT('',#7523);
#1251=VERTEX_POINT('',#7525);
#1252=VERTEX_POINT('',#7532);
#1253=VERTEX_POINT('',#7533);
#1254=VERTEX_POINT('',#7535);
#1255=VERTEX_POINT('',#7537);
#1256=VERTEX_POINT('',#7541);
#1257=VERTEX_POINT('',#7543);
#1258=VERTEX_POINT('',#7547);
#1259=VERTEX_POINT('',#7549);
#1260=VERTEX_POINT('',#7557);
#1261=VERTEX_POINT('',#7558);
#1262=VERTEX_POINT('',#7560);
#1263=VERTEX_POINT('',#7562);
#1264=VERTEX_POINT('',#7566);
#1265=VERTEX_POINT('',#7568);
#1266=VERTEX_POINT('',#7572);
#1267=VERTEX_POINT('',#7574);
#1268=VERTEX_POINT('',#7576);
#1269=VERTEX_POINT('',#7579);
#1270=VERTEX_POINT('',#7580);
#1271=VERTEX_POINT('',#7582);
#1272=VERTEX_POINT('',#7584);
#1273=VERTEX_POINT('',#7588);
#1274=VERTEX_POINT('',#7592);
#1275=VERTEX_POINT('',#7596);
#1276=VERTEX_POINT('',#7597);
#1277=VERTEX_POINT('',#7599);
#1278=VERTEX_POINT('',#7601);
#1279=VERTEX_POINT('',#7605);
#1280=VERTEX_POINT('',#7607);
#1281=VERTEX_POINT('',#7611);
#1282=VERTEX_POINT('',#7613);
#1283=VERTEX_POINT('',#7615);
#1284=VERTEX_POINT('',#7619);
#1285=VERTEX_POINT('',#7623);
#1286=VERTEX_POINT('',#7627);
#1287=VERTEX_POINT('',#7628);
#1288=VERTEX_POINT('',#7630);
#1289=VERTEX_POINT('',#7632);
#1290=VERTEX_POINT('',#7636);
#1291=VERTEX_POINT('',#7638);
#1292=VERTEX_POINT('',#7640);
#1293=VERTEX_POINT('',#7642);
#1294=VERTEX_POINT('',#7646);
#1295=VERTEX_POINT('',#7650);
#1296=VERTEX_POINT('',#7654);
#1297=VERTEX_POINT('',#7655);
#1298=VERTEX_POINT('',#7657);
#1299=VERTEX_POINT('',#7659);
#1300=VERTEX_POINT('',#7662);
#1301=VERTEX_POINT('',#7666);
#1302=VERTEX_POINT('',#7667);
#1303=VERTEX_POINT('',#7671);
#1304=VERTEX_POINT('',#7675);
#1305=VERTEX_POINT('',#7677);
#1306=VERTEX_POINT('',#7681);
#1307=VERTEX_POINT('',#7685);
#1308=VERTEX_POINT('',#7694);
#1309=VERTEX_POINT('',#7698);
#1310=VERTEX_POINT('',#7707);
#1311=VERTEX_POINT('',#7711);
#1312=VERTEX_POINT('',#7718);
#1313=VERTEX_POINT('',#7721);
#1314=VERTEX_POINT('',#7722);
#1315=VERTEX_POINT('',#7724);
#1316=VERTEX_POINT('',#7726);
#1317=VERTEX_POINT('',#7728);
#1318=VERTEX_POINT('',#7732);
#1319=VERTEX_POINT('',#7734);
#1320=VERTEX_POINT('',#7739);
#1321=VERTEX_POINT('',#7741);
#1322=VERTEX_POINT('',#7750);
#1323=VERTEX_POINT('',#7753);
#1324=EDGE_CURVE('',#1085,#1086,#1008,.T.);
#1325=EDGE_CURVE('',#1086,#1087,#1009,.T.);
#1326=EDGE_CURVE('',#1087,#1088,#1010,.T.);
#1327=EDGE_CURVE('',#1088,#1085,#1011,.T.);
#1328=EDGE_CURVE('',#1089,#1085,#1012,.T.);
#1329=EDGE_CURVE('',#1090,#1089,#1013,.T.);
#1330=EDGE_CURVE('',#1091,#1090,#172,.T.);
#1331=EDGE_CURVE('',#1092,#1091,#1014,.T.);
#1332=EDGE_CURVE('',#1086,#1092,#1015,.T.);
#1333=EDGE_CURVE('',#1093,#1094,#116,.T.);
#1334=EDGE_CURVE('',#1094,#1095,#173,.T.);
#1335=EDGE_CURVE('',#1095,#1096,#117,.T.);
#1336=EDGE_CURVE('',#1096,#1093,#174,.T.);
#1337=EDGE_CURVE('',#1088,#1097,#1016,.T.);
#1338=EDGE_CURVE('',#1097,#1089,#1017,.T.);
#1339=EDGE_CURVE('',#1093,#1098,#175,.T.);
#1340=EDGE_CURVE('',#1098,#1099,#118,.T.);
#1341=EDGE_CURVE('',#1094,#1099,#176,.T.);
#1342=EDGE_CURVE('',#1096,#1100,#177,.T.);
#1343=EDGE_CURVE('',#1100,#1098,#178,.T.);
#1344=EDGE_CURVE('',#1095,#1101,#179,.T.);
#1345=EDGE_CURVE('',#1101,#1100,#119,.T.);
#1346=EDGE_CURVE('',#1099,#1101,#180,.T.);
#1347=EDGE_CURVE('',#1102,#1102,#120,.T.);
#1348=EDGE_CURVE('',#1103,#1103,#121,.T.);
#1349=EDGE_CURVE('',#1103,#1102,#181,.T.);
#1350=EDGE_CURVE('',#1092,#1104,#1018,.T.);
#1351=EDGE_CURVE('',#1104,#1087,#1019,.T.);
#1352=EDGE_CURVE('',#1091,#1105,#1020,.T.);
#1353=EDGE_CURVE('',#1105,#1104,#1021,.T.);
#1354=EDGE_CURVE('',#1106,#1105,#182,.T.);
#1355=EDGE_CURVE('',#1097,#1106,#1022,.T.);
#1356=EDGE_CURVE('',#1106,#1090,#1023,.T.);
#1357=EDGE_CURVE('',#1107,#1108,#1024,.T.);
#1358=EDGE_CURVE('',#1109,#1107,#183,.F.);
#1359=EDGE_CURVE('',#1109,#1110,#184,.T.);
#1360=EDGE_CURVE('',#1110,#1108,#185,.F.);
#1361=EDGE_CURVE('',#1111,#1107,#1025,.T.);
#1362=EDGE_CURVE('',#1111,#1112,#186,.T.);
#1363=EDGE_CURVE('',#1112,#1113,#187,.T.);
#1364=EDGE_CURVE('',#1113,#1114,#188,.T.);
#1365=EDGE_CURVE('',#1114,#1115,#189,.T.);
#1366=EDGE_CURVE('',#1115,#1116,#190,.T.);
#1367=EDGE_CURVE('',#1116,#1109,#191,.T.);
#1368=EDGE_CURVE('',#1117,#1111,#1026,.T.);
#1369=EDGE_CURVE('',#1118,#1117,#192,.T.);
#1370=EDGE_CURVE('',#1118,#1112,#193,.T.);
#1371=EDGE_CURVE('',#1119,#1120,#194,.T.);
#1372=EDGE_CURVE('',#1120,#1121,#1027,.T.);
#1373=EDGE_CURVE('',#1121,#1120,#1028,.T.);
#1374=EDGE_CURVE('',#1119,#1119,#1029,.T.);
#1375=EDGE_CURVE('',#1108,#1122,#1030,.T.);
#1376=EDGE_CURVE('',#1122,#1123,#1031,.T.);
#1377=EDGE_CURVE('',#1123,#1124,#1032,.T.);
#1378=EDGE_CURVE('',#1124,#1125,#1033,.T.);
#1379=EDGE_CURVE('',#1125,#1126,#1034,.T.);
#1380=EDGE_CURVE('',#1126,#1127,#1035,.T.);
#1381=EDGE_CURVE('',#1127,#1128,#1036,.T.);
#1382=EDGE_CURVE('',#1128,#1129,#1037,.T.);
#1383=EDGE_CURVE('',#1129,#1117,#1038,.T.);
#1384=EDGE_CURVE('',#1130,#1130,#1039,.T.);
#1385=EDGE_CURVE('',#1131,#1131,#1040,.T.);
#1386=EDGE_CURVE('',#1121,#1132,#195,.T.);
#1387=EDGE_CURVE('',#1132,#1132,#122,.T.);
#1388=EDGE_CURVE('',#1130,#1133,#196,.T.);
#1389=EDGE_CURVE('',#1133,#1134,#1041,.T.);
#1390=EDGE_CURVE('',#1134,#1133,#1042,.T.);
#1391=EDGE_CURVE('',#1134,#1135,#197,.T.);
#1392=EDGE_CURVE('',#1135,#1135,#123,.T.);
#1393=EDGE_CURVE('',#1131,#1136,#198,.T.);
#1394=EDGE_CURVE('',#1136,#1137,#1043,.T.);
#1395=EDGE_CURVE('',#1137,#1136,#1044,.T.);
#1396=EDGE_CURVE('',#1137,#1138,#199,.T.);
#1397=EDGE_CURVE('',#1138,#1138,#124,.T.);
#1398=EDGE_CURVE('',#1139,#1114,#200,.T.);
#1399=EDGE_CURVE('',#1140,#1139,#201,.T.);
#1400=EDGE_CURVE('',#1141,#1140,#202,.T.);
#1401=EDGE_CURVE('',#1142,#1141,#203,.T.);
#1402=EDGE_CURVE('',#1142,#1143,#204,.T.);
#1403=EDGE_CURVE('',#1144,#1143,#205,.T.);
#1404=EDGE_CURVE('',#1145,#1144,#206,.F.);
#1405=EDGE_CURVE('',#1146,#1145,#207,.T.);
#1406=EDGE_CURVE('',#1147,#1146,#208,.T.);
#1407=EDGE_CURVE('',#1147,#1148,#209,.T.);
#1408=EDGE_CURVE('',#1115,#1148,#210,.T.);
#1409=EDGE_CURVE('',#1140,#1129,#211,.F.);
#1410=EDGE_CURVE('',#1141,#1128,#212,.F.);
#1411=EDGE_CURVE('',#1149,#1118,#213,.T.);
#1412=EDGE_CURVE('',#1113,#1149,#214,.T.);
#1413=EDGE_CURVE('',#1110,#1150,#215,.T.);
#1414=EDGE_CURVE('',#1150,#1116,#216,.T.);
#1415=EDGE_CURVE('',#1151,#1152,#217,.T.);
#1416=EDGE_CURVE('',#1153,#1151,#218,.T.);
#1417=EDGE_CURVE('',#1154,#1153,#219,.T.);
#1418=EDGE_CURVE('',#1152,#1154,#220,.T.);
#1419=EDGE_CURVE('',#1148,#1150,#221,.F.);
#1420=EDGE_CURVE('',#1122,#1147,#222,.F.);
#1421=EDGE_CURVE('',#1151,#1125,#223,.F.);
#1422=EDGE_CURVE('',#1145,#1124,#224,.T.);
#1423=EDGE_CURVE('',#1153,#1144,#225,.F.);
#1424=EDGE_CURVE('',#1152,#1126,#226,.F.);
#1425=EDGE_CURVE('',#1143,#1154,#227,.F.);
#1426=EDGE_CURVE('',#1127,#1142,#228,.F.);
#1427=EDGE_CURVE('',#1149,#1139,#229,.T.);
#1428=EDGE_CURVE('',#1146,#1123,#230,.F.);
#1429=EDGE_CURVE('',#1155,#1156,#1045,.T.);
#1430=EDGE_CURVE('',#1155,#1157,#231,.T.);
#1431=EDGE_CURVE('',#1157,#1158,#232,.T.);
#1432=EDGE_CURVE('',#1158,#1156,#233,.T.);
#1433=EDGE_CURVE('',#1158,#1159,#234,.T.);
#1434=EDGE_CURVE('',#1159,#1160,#235,.T.);
#1435=EDGE_CURVE('',#1156,#1160,#1046,.T.);
#1436=EDGE_CURVE('',#1157,#1161,#236,.T.);
#1437=EDGE_CURVE('',#1159,#1161,#237,.T.);
#1438=EDGE_CURVE('',#1162,#1162,#125,.T.);
#1439=EDGE_CURVE('',#1163,#1164,#1047,.T.);
#1440=EDGE_CURVE('',#1164,#1165,#1048,.F.);
#1441=EDGE_CURVE('',#1165,#1166,#1049,.T.);
#1442=EDGE_CURVE('',#1166,#1167,#1050,.T.);
#1443=EDGE_CURVE('',#1168,#1167,#1051,.T.);
#1444=EDGE_CURVE('',#1169,#1168,#1052,.T.);
#1445=EDGE_CURVE('',#1169,#1170,#36,.T.);
#1446=EDGE_CURVE('',#1170,#1171,#1053,.T.);
#1447=EDGE_CURVE('',#1171,#1172,#1054,.T.);
#1448=EDGE_CURVE('',#1172,#1173,#1055,.F.);
#1449=EDGE_CURVE('',#1173,#1174,#1056,.F.);
#1450=EDGE_CURVE('',#1174,#1175,#1057,.T.);
#1451=EDGE_CURVE('',#1176,#1175,#1058,.T.);
#1452=EDGE_CURVE('',#1176,#1177,#1059,.T.);
#1453=EDGE_CURVE('',#1177,#1178,#1060,.T.);
#1454=EDGE_CURVE('',#1178,#1179,#1061,.T.);
#1455=EDGE_CURVE('',#1179,#1180,#1062,.T.);
#1456=EDGE_CURVE('',#1180,#1155,#1063,.T.);
#1457=EDGE_CURVE('',#1160,#1163,#1064,.T.);
#1458=EDGE_CURVE('',#1181,#1182,#1065,.T.);
#1459=EDGE_CURVE('',#1182,#1181,#1066,.T.);
#1460=EDGE_CURVE('',#1183,#1164,#238,.T.);
#1461=EDGE_CURVE('',#1184,#1183,#239,.T.);
#1462=EDGE_CURVE('',#1184,#1185,#240,.T.);
#1463=EDGE_CURVE('',#1186,#1185,#241,.T.);
#1464=EDGE_CURVE('',#1187,#1186,#1067,.T.);
#1465=EDGE_CURVE('',#1165,#1187,#242,.T.);
#1466=EDGE_CURVE('',#1161,#1188,#243,.T.);
#1467=EDGE_CURVE('',#1188,#1183,#244,.T.);
#1468=EDGE_CURVE('',#1189,#1190,#1068,.T.);
#1469=EDGE_CURVE('',#1186,#1189,#1069,.T.);
#1470=EDGE_CURVE('',#1185,#1190,#1070,.T.);
#1471=EDGE_CURVE('',#1190,#1191,#1071,.T.);
#1472=EDGE_CURVE('',#1192,#1184,#245,.T.);
#1473=EDGE_CURVE('',#1193,#1192,#246,.T.);
#1474=EDGE_CURVE('',#1194,#1193,#247,.T.);
#1475=EDGE_CURVE('',#1172,#1194,#248,.T.);
#1476=EDGE_CURVE('',#1191,#1171,#249,.T.);
#1477=EDGE_CURVE('',#1191,#1195,#1072,.T.);
#1478=EDGE_CURVE('',#1195,#1196,#37,.T.);
#1479=EDGE_CURVE('',#1197,#1196,#1073,.T.);
#1480=EDGE_CURVE('',#1198,#1197,#1074,.T.);
#1481=EDGE_CURVE('',#1198,#1199,#1075,.T.);
#1482=EDGE_CURVE('',#1199,#1187,#1076,.T.);
#1483=EDGE_CURVE('',#1200,#1201,#1077,.T.);
#1484=EDGE_CURVE('',#1201,#1200,#1078,.T.);
#1485=EDGE_CURVE('',#1195,#1170,#250,.T.);
#1486=EDGE_CURVE('',#1202,#1194,#251,.T.);
#1487=EDGE_CURVE('',#1202,#1173,#252,.T.);
#1488=EDGE_CURVE('',#1193,#1203,#253,.T.);
#1489=EDGE_CURVE('',#1202,#1203,#254,.T.);
#1490=EDGE_CURVE('',#1204,#1204,#126,.T.);
#1491=EDGE_CURVE('',#1203,#1174,#255,.T.);
#1492=EDGE_CURVE('',#1205,#1180,#256,.T.);
#1493=EDGE_CURVE('',#1188,#1205,#257,.T.);
#1494=EDGE_CURVE('',#1206,#1179,#258,.T.);
#1495=EDGE_CURVE('',#1207,#1206,#259,.T.);
#1496=EDGE_CURVE('',#1207,#1176,#260,.T.);
#1497=EDGE_CURVE('',#1175,#1208,#261,.T.);
#1498=EDGE_CURVE('',#1209,#1208,#262,.T.);
#1499=EDGE_CURVE('',#1210,#1209,#263,.T.);
#1500=EDGE_CURVE('',#1205,#1210,#264,.T.);
#1501=EDGE_CURVE('',#1211,#1212,#29,.T.);
#1502=EDGE_CURVE('',#1213,#1211,#30,.T.);
#1503=EDGE_CURVE('',#1212,#1213,#31,.T.);
#1504=EDGE_CURVE('',#1214,#1178,#265,.T.);
#1505=EDGE_CURVE('',#1214,#1206,#266,.T.);
#1506=EDGE_CURVE('',#1215,#1207,#267,.T.);
#1507=EDGE_CURVE('',#1177,#1215,#268,.F.);
#1508=EDGE_CURVE('',#1214,#1215,#269,.F.);
#1509=EDGE_CURVE('',#1216,#1216,#127,.T.);
#1510=EDGE_CURVE('',#1217,#1192,#270,.T.);
#1511=EDGE_CURVE('',#1218,#1217,#271,.T.);
#1512=EDGE_CURVE('',#1208,#1218,#272,.T.);
#1513=EDGE_CURVE('',#1218,#1219,#273,.T.);
#1514=EDGE_CURVE('',#1219,#1209,#274,.T.);
#1515=EDGE_CURVE('',#1220,#1211,#32,.T.);
#1516=EDGE_CURVE('',#1220,#1221,#33,.T.);
#1517=EDGE_CURVE('',#1213,#1221,#34,.T.);
#1518=EDGE_CURVE('',#1222,#1222,#35,.T.);
#1519=EDGE_CURVE('',#1222,#1212,#275,.T.);
#1520=EDGE_CURVE('',#1217,#1223,#276,.T.);
#1521=EDGE_CURVE('',#1223,#1219,#277,.T.);
#1522=EDGE_CURVE('',#1210,#1223,#278,.T.);
#1523=EDGE_CURVE('',#1201,#1224,#279,.T.);
#1524=EDGE_CURVE('',#1224,#1224,#128,.T.);
#1525=EDGE_CURVE('',#1182,#1225,#280,.T.);
#1526=EDGE_CURVE('',#1225,#1225,#129,.T.);
#1527=EDGE_CURVE('',#1226,#1227,#1079,.T.);
#1528=EDGE_CURVE('',#1226,#1198,#1080,.T.);
#1529=EDGE_CURVE('',#1197,#1228,#130,.T.);
#1530=EDGE_CURVE('',#1228,#1227,#1081,.T.);
#1531=EDGE_CURVE('',#1227,#1228,#1082,.T.);
#1532=EDGE_CURVE('',#1228,#1168,#131,.T.);
#1533=EDGE_CURVE('',#1167,#1226,#1083,.T.);
#1534=EDGE_CURVE('',#1197,#1168,#132,.T.);
#1535=EDGE_CURVE('',#1196,#1169,#1084,.T.);
#1536=EDGE_CURVE('',#1229,#1229,#133,.T.);
#1537=EDGE_CURVE('',#1229,#1230,#281,.T.);
#1538=EDGE_CURVE('',#1230,#1230,#134,.T.);
#1539=EDGE_CURVE('',#1231,#1231,#135,.T.);
#1540=EDGE_CURVE('',#1231,#1232,#282,.T.);
#1541=EDGE_CURVE('',#1232,#1232,#136,.T.);
#1542=EDGE_CURVE('',#1216,#1233,#283,.T.);
#1543=EDGE_CURVE('',#1233,#1233,#137,.T.);
#1544=EDGE_CURVE('',#1204,#1234,#284,.T.);
#1545=EDGE_CURVE('',#1234,#1234,#138,.T.);
#1546=EDGE_CURVE('',#1162,#1235,#285,.T.);
#1547=EDGE_CURVE('',#1235,#1235,#139,.T.);
#1548=EDGE_CURVE('',#1166,#1199,#286,.T.);
#1549=EDGE_CURVE('',#1236,#1237,#287,.T.);
#1550=EDGE_CURVE('',#1238,#1236,#288,.T.);
#1551=EDGE_CURVE('',#1239,#1238,#289,.T.);
#1552=EDGE_CURVE('',#1237,#1239,#290,.T.);
#1553=EDGE_CURVE('',#1240,#1236,#140,.T.);
#1554=EDGE_CURVE('',#1237,#1241,#141,.T.);
#1555=EDGE_CURVE('',#1241,#1240,#291,.T.);
#1556=EDGE_CURVE('',#1242,#1241,#292,.T.);
#1557=EDGE_CURVE('',#1243,#1242,#293,.T.);
#1558=EDGE_CURVE('',#1240,#1243,#294,.T.);
#1559=EDGE_CURVE('',#1238,#1243,#142,.T.);
#1560=EDGE_CURVE('',#1242,#1239,#143,.T.);
#1561=EDGE_CURVE('',#1244,#1245,#295,.T.);
#1562=EDGE_CURVE('',#1246,#1244,#296,.T.);
#1563=EDGE_CURVE('',#1247,#1246,#297,.T.);
#1564=EDGE_CURVE('',#1245,#1247,#298,.T.);
#1565=EDGE_CURVE('',#1248,#1244,#144,.T.);
#1566=EDGE_CURVE('',#1245,#1249,#145,.T.);
#1567=EDGE_CURVE('',#1249,#1248,#299,.T.);
#1568=EDGE_CURVE('',#1250,#1249,#300,.T.);
#1569=EDGE_CURVE('',#1251,#1250,#301,.T.);
#1570=EDGE_CURVE('',#1248,#1251,#302,.T.);
#1571=EDGE_CURVE('',#1246,#1251,#146,.T.);
#1572=EDGE_CURVE('',#1250,#1247,#147,.T.);
#1573=EDGE_CURVE('',#1252,#1253,#303,.T.);
#1574=EDGE_CURVE('',#1252,#1254,#304,.T.);
#1575=EDGE_CURVE('',#1255,#1254,#305,.T.);
#1576=EDGE_CURVE('',#1253,#1255,#306,.T.);
#1577=EDGE_CURVE('',#1253,#1256,#307,.T.);
#1578=EDGE_CURVE('',#1257,#1255,#308,.T.);
#1579=EDGE_CURVE('',#1256,#1257,#309,.T.);
#1580=EDGE_CURVE('',#1256,#1258,#310,.T.);
#1581=EDGE_CURVE('',#1259,#1257,#311,.T.);
#1582=EDGE_CURVE('',#1258,#1259,#312,.T.);
#1583=EDGE_CURVE('',#1258,#1252,#313,.T.);
#1584=EDGE_CURVE('',#1254,#1259,#314,.T.);
#1585=EDGE_CURVE('',#1260,#1261,#148,.T.);
#1586=EDGE_CURVE('',#1261,#1262,#315,.T.);
#1587=EDGE_CURVE('',#1262,#1263,#149,.T.);
#1588=EDGE_CURVE('',#1263,#1260,#316,.T.);
#1589=EDGE_CURVE('',#1264,#1263,#317,.T.);
#1590=EDGE_CURVE('',#1265,#1264,#318,.T.);
#1591=EDGE_CURVE('',#1260,#1265,#319,.T.);
#1592=EDGE_CURVE('',#1262,#1266,#320,.T.);
#1593=EDGE_CURVE('',#1267,#1266,#321,.T.);
#1594=EDGE_CURVE('',#1267,#1268,#322,.T.);
#1595=EDGE_CURVE('',#1264,#1268,#150,.T.);
#1596=EDGE_CURVE('',#1269,#1270,#151,.T.);
#1597=EDGE_CURVE('',#1270,#1271,#323,.T.);
#1598=EDGE_CURVE('',#1271,#1272,#152,.T.);
#1599=EDGE_CURVE('',#1272,#1269,#324,.T.);
#1600=EDGE_CURVE('',#1273,#1265,#153,.T.);
#1601=EDGE_CURVE('',#1268,#1273,#325,.T.);
#1602=EDGE_CURVE('',#1274,#1267,#326,.T.);
#1603=EDGE_CURVE('',#1273,#1274,#327,.T.);
#1604=EDGE_CURVE('',#1275,#1276,#154,.T.);
#1605=EDGE_CURVE('',#1276,#1277,#328,.T.);
#1606=EDGE_CURVE('',#1277,#1278,#155,.T.);
#1607=EDGE_CURVE('',#1278,#1275,#329,.T.);
#1608=EDGE_CURVE('',#1279,#1278,#330,.T.);
#1609=EDGE_CURVE('',#1280,#1279,#331,.T.);
#1610=EDGE_CURVE('',#1275,#1280,#332,.T.);
#1611=EDGE_CURVE('',#1277,#1281,#333,.T.);
#1612=EDGE_CURVE('',#1282,#1281,#334,.T.);
#1613=EDGE_CURVE('',#1282,#1283,#335,.T.);
#1614=EDGE_CURVE('',#1279,#1283,#156,.T.);
#1615=EDGE_CURVE('',#1284,#1280,#157,.T.);
#1616=EDGE_CURVE('',#1283,#1284,#336,.T.);
#1617=EDGE_CURVE('',#1285,#1282,#337,.T.);
#1618=EDGE_CURVE('',#1284,#1285,#338,.T.);
#1619=EDGE_CURVE('',#1286,#1287,#158,.T.);
#1620=EDGE_CURVE('',#1287,#1288,#339,.T.);
#1621=EDGE_CURVE('',#1288,#1289,#159,.T.);
#1622=EDGE_CURVE('',#1289,#1286,#340,.T.);
#1623=EDGE_CURVE('',#1286,#1290,#341,.T.);
#1624=EDGE_CURVE('',#1291,#1290,#160,.T.);
#1625=EDGE_CURVE('',#1291,#1292,#342,.T.);
#1626=EDGE_CURVE('',#1293,#1292,#343,.T.);
#1627=EDGE_CURVE('',#1293,#1287,#344,.T.);
#1628=EDGE_CURVE('',#1294,#1289,#345,.T.);
#1629=EDGE_CURVE('',#1290,#1294,#346,.T.);
#1630=EDGE_CURVE('',#1294,#1295,#161,.T.);
#1631=EDGE_CURVE('',#1295,#1291,#347,.T.);
#1632=EDGE_CURVE('',#1296,#1297,#348,.T.);
#1633=EDGE_CURVE('',#1297,#1298,#349,.T.);
#1634=EDGE_CURVE('',#1298,#1299,#350,.T.);
#1635=EDGE_CURVE('',#1299,#1296,#351,.T.);
#1636=EDGE_CURVE('',#1266,#1300,#352,.T.);
#1637=EDGE_CURVE('',#1300,#1274,#353,.T.);
#1638=EDGE_CURVE('',#1301,#1302,#354,.T.);
#1639=EDGE_CURVE('',#1302,#1297,#355,.T.);
#1640=EDGE_CURVE('',#1301,#1296,#356,.T.);
#1641=EDGE_CURVE('',#1281,#1303,#357,.T.);
#1642=EDGE_CURVE('',#1303,#1285,#358,.T.);
#1643=EDGE_CURVE('',#1304,#1270,#359,.T.);
#1644=EDGE_CURVE('',#1305,#1304,#360,.T.);
#1645=EDGE_CURVE('',#1271,#1305,#361,.T.);
#1646=EDGE_CURVE('',#1306,#1305,#162,.T.);
#1647=EDGE_CURVE('',#1272,#1306,#362,.T.);
#1648=EDGE_CURVE('',#1307,#1306,#363,.T.);
#1649=EDGE_CURVE('',#1269,#1307,#364,.T.);
#1650=EDGE_CURVE('',#1304,#1307,#163,.T.);
#1651=EDGE_CURVE('',#1300,#1261,#365,.T.);
#1652=EDGE_CURVE('',#1308,#1295,#366,.T.);
#1653=EDGE_CURVE('',#1292,#1308,#367,.T.);
#1654=EDGE_CURVE('',#1309,#1293,#368,.T.);
#1655=EDGE_CURVE('',#1288,#1309,#369,.T.);
#1656=EDGE_CURVE('',#1308,#1309,#370,.T.);
#1657=EDGE_CURVE('',#1303,#1276,#371,.T.);
#1658=EDGE_CURVE('',#1310,#1301,#372,.T.);
#1659=EDGE_CURVE('',#1310,#1299,#373,.T.);
#1660=EDGE_CURVE('',#1311,#1310,#374,.T.);
#1661=EDGE_CURVE('',#1311,#1298,#375,.T.);
#1662=EDGE_CURVE('',#1302,#1311,#376,.T.);
#1663=EDGE_CURVE('',#1312,#1312,#164,.T.);
#1664=EDGE_CURVE('',#1313,#1314,#165,.T.);
#1665=EDGE_CURVE('',#1314,#1315,#166,.T.);
#1666=EDGE_CURVE('',#1315,#1316,#377,.T.);
#1667=EDGE_CURVE('',#1316,#1317,#167,.T.);
#1668=EDGE_CURVE('',#1313,#1317,#378,.T.);
#1669=EDGE_CURVE('',#1313,#1318,#379,.T.);
#1670=EDGE_CURVE('',#1318,#1319,#168,.T.);
#1671=EDGE_CURVE('',#1319,#1315,#380,.T.);
#1672=EDGE_CURVE('',#1314,#1312,#381,.T.);
#1673=EDGE_CURVE('',#1316,#1320,#382,.T.);
#1674=EDGE_CURVE('',#1321,#1320,#169,.T.);
#1675=EDGE_CURVE('',#1317,#1321,#383,.T.);
#1676=EDGE_CURVE('',#1318,#1321,#384,.T.);
#1677=EDGE_CURVE('',#1320,#1319,#385,.T.);
#1678=EDGE_CURVE('',#1322,#1322,#170,.T.);
#1679=EDGE_CURVE('',#1323,#1323,#171,.T.);
#1680=EDGE_CURVE('',#1323,#1322,#386,.T.);
#1681=ORIENTED_EDGE('',*,*,#1324,.T.);
#1682=ORIENTED_EDGE('',*,*,#1325,.T.);
#1683=ORIENTED_EDGE('',*,*,#1326,.T.);
#1684=ORIENTED_EDGE('',*,*,#1327,.T.);
#1685=ORIENTED_EDGE('',*,*,#1324,.F.);
#1686=ORIENTED_EDGE('',*,*,#1328,.F.);
#1687=ORIENTED_EDGE('',*,*,#1329,.F.);
#1688=ORIENTED_EDGE('',*,*,#1330,.F.);
#1689=ORIENTED_EDGE('',*,*,#1331,.F.);
#1690=ORIENTED_EDGE('',*,*,#1332,.F.);
#1691=ORIENTED_EDGE('',*,*,#1333,.T.);
#1692=ORIENTED_EDGE('',*,*,#1334,.T.);
#1693=ORIENTED_EDGE('',*,*,#1335,.T.);
#1694=ORIENTED_EDGE('',*,*,#1336,.T.);
#1695=ORIENTED_EDGE('',*,*,#1327,.F.);
#1696=ORIENTED_EDGE('',*,*,#1337,.T.);
#1697=ORIENTED_EDGE('',*,*,#1338,.T.);
#1698=ORIENTED_EDGE('',*,*,#1328,.T.);
#1699=ORIENTED_EDGE('',*,*,#1333,.F.);
#1700=ORIENTED_EDGE('',*,*,#1339,.T.);
#1701=ORIENTED_EDGE('',*,*,#1340,.T.);
#1702=ORIENTED_EDGE('',*,*,#1341,.F.);
#1703=ORIENTED_EDGE('',*,*,#1336,.F.);
#1704=ORIENTED_EDGE('',*,*,#1342,.T.);
#1705=ORIENTED_EDGE('',*,*,#1343,.T.);
#1706=ORIENTED_EDGE('',*,*,#1339,.F.);
#1707=ORIENTED_EDGE('',*,*,#1335,.F.);
#1708=ORIENTED_EDGE('',*,*,#1344,.T.);
#1709=ORIENTED_EDGE('',*,*,#1345,.T.);
#1710=ORIENTED_EDGE('',*,*,#1342,.F.);
#1711=ORIENTED_EDGE('',*,*,#1334,.F.);
#1712=ORIENTED_EDGE('',*,*,#1341,.T.);
#1713=ORIENTED_EDGE('',*,*,#1346,.T.);
#1714=ORIENTED_EDGE('',*,*,#1344,.F.);
#1715=ORIENTED_EDGE('',*,*,#1346,.F.);
#1716=ORIENTED_EDGE('',*,*,#1340,.F.);
#1717=ORIENTED_EDGE('',*,*,#1343,.F.);
#1718=ORIENTED_EDGE('',*,*,#1345,.F.);
#1719=ORIENTED_EDGE('',*,*,#1347,.F.);
#1720=ORIENTED_EDGE('',*,*,#1348,.F.);
#1721=ORIENTED_EDGE('',*,*,#1349,.T.);
#1722=ORIENTED_EDGE('',*,*,#1347,.T.);
#1723=ORIENTED_EDGE('',*,*,#1349,.F.);
#1724=ORIENTED_EDGE('',*,*,#1325,.F.);
#1725=ORIENTED_EDGE('',*,*,#1332,.T.);
#1726=ORIENTED_EDGE('',*,*,#1350,.T.);
#1727=ORIENTED_EDGE('',*,*,#1351,.T.);
#1728=ORIENTED_EDGE('',*,*,#1350,.F.);
#1729=ORIENTED_EDGE('',*,*,#1331,.T.);
#1730=ORIENTED_EDGE('',*,*,#1352,.T.);
#1731=ORIENTED_EDGE('',*,*,#1353,.T.);
#1732=ORIENTED_EDGE('',*,*,#1326,.F.);
#1733=ORIENTED_EDGE('',*,*,#1351,.F.);
#1734=ORIENTED_EDGE('',*,*,#1353,.F.);
#1735=ORIENTED_EDGE('',*,*,#1354,.F.);
#1736=ORIENTED_EDGE('',*,*,#1355,.F.);
#1737=ORIENTED_EDGE('',*,*,#1337,.F.);
#1738=ORIENTED_EDGE('',*,*,#1348,.T.);
#1739=ORIENTED_EDGE('',*,*,#1338,.F.);
#1740=ORIENTED_EDGE('',*,*,#1355,.T.);
#1741=ORIENTED_EDGE('',*,*,#1356,.T.);
#1742=ORIENTED_EDGE('',*,*,#1329,.T.);
#1743=ORIENTED_EDGE('',*,*,#1330,.T.);
#1744=ORIENTED_EDGE('',*,*,#1356,.F.);
#1745=ORIENTED_EDGE('',*,*,#1354,.T.);
#1746=ORIENTED_EDGE('',*,*,#1352,.F.);
#1747=ORIENTED_EDGE('',*,*,#1357,.F.);
#1748=ORIENTED_EDGE('',*,*,#1358,.F.);
#1749=ORIENTED_EDGE('',*,*,#1359,.T.);
#1750=ORIENTED_EDGE('',*,*,#1360,.T.);
#1751=ORIENTED_EDGE('',*,*,#1361,.F.);
#1752=ORIENTED_EDGE('',*,*,#1362,.T.);
#1753=ORIENTED_EDGE('',*,*,#1363,.T.);
#1754=ORIENTED_EDGE('',*,*,#1364,.T.);
#1755=ORIENTED_EDGE('',*,*,#1365,.T.);
#1756=ORIENTED_EDGE('',*,*,#1366,.T.);
#1757=ORIENTED_EDGE('',*,*,#1367,.T.);
#1758=ORIENTED_EDGE('',*,*,#1358,.T.);
#1759=ORIENTED_EDGE('',*,*,#1362,.F.);
#1760=ORIENTED_EDGE('',*,*,#1368,.F.);
#1761=ORIENTED_EDGE('',*,*,#1369,.F.);
#1762=ORIENTED_EDGE('',*,*,#1370,.T.);
#1763=ORIENTED_EDGE('',*,*,#1371,.T.);
#1764=ORIENTED_EDGE('',*,*,#1372,.T.);
#1765=ORIENTED_EDGE('',*,*,#1373,.T.);
#1766=ORIENTED_EDGE('',*,*,#1371,.F.);
#1767=ORIENTED_EDGE('',*,*,#1374,.T.);
#1768=ORIENTED_EDGE('',*,*,#1357,.T.);
#1769=ORIENTED_EDGE('',*,*,#1375,.T.);
#1770=ORIENTED_EDGE('',*,*,#1376,.T.);
#1771=ORIENTED_EDGE('',*,*,#1377,.T.);
#1772=ORIENTED_EDGE('',*,*,#1378,.T.);
#1773=ORIENTED_EDGE('',*,*,#1379,.T.);
#1774=ORIENTED_EDGE('',*,*,#1380,.T.);
#1775=ORIENTED_EDGE('',*,*,#1381,.T.);
#1776=ORIENTED_EDGE('',*,*,#1382,.T.);
#1777=ORIENTED_EDGE('',*,*,#1383,.T.);
#1778=ORIENTED_EDGE('',*,*,#1368,.T.);
#1779=ORIENTED_EDGE('',*,*,#1361,.T.);
#1780=ORIENTED_EDGE('',*,*,#1384,.F.);
#1781=ORIENTED_EDGE('',*,*,#1385,.F.);
#1782=ORIENTED_EDGE('',*,*,#1374,.F.);
#1783=ORIENTED_EDGE('',*,*,#1372,.F.);
#1784=ORIENTED_EDGE('',*,*,#1373,.F.);
#1785=ORIENTED_EDGE('',*,*,#1386,.T.);
#1786=ORIENTED_EDGE('',*,*,#1387,.T.);
#1787=ORIENTED_EDGE('',*,*,#1386,.F.);
#1788=ORIENTED_EDGE('',*,*,#1388,.T.);
#1789=ORIENTED_EDGE('',*,*,#1389,.T.);
#1790=ORIENTED_EDGE('',*,*,#1390,.T.);
#1791=ORIENTED_EDGE('',*,*,#1388,.F.);
#1792=ORIENTED_EDGE('',*,*,#1384,.T.);
#1793=ORIENTED_EDGE('',*,*,#1389,.F.);
#1794=ORIENTED_EDGE('',*,*,#1390,.F.);
#1795=ORIENTED_EDGE('',*,*,#1391,.T.);
#1796=ORIENTED_EDGE('',*,*,#1392,.T.);
#1797=ORIENTED_EDGE('',*,*,#1391,.F.);
#1798=ORIENTED_EDGE('',*,*,#1393,.T.);
#1799=ORIENTED_EDGE('',*,*,#1394,.T.);
#1800=ORIENTED_EDGE('',*,*,#1395,.T.);
#1801=ORIENTED_EDGE('',*,*,#1393,.F.);
#1802=ORIENTED_EDGE('',*,*,#1385,.T.);
#1803=ORIENTED_EDGE('',*,*,#1394,.F.);
#1804=ORIENTED_EDGE('',*,*,#1395,.F.);
#1805=ORIENTED_EDGE('',*,*,#1396,.T.);
#1806=ORIENTED_EDGE('',*,*,#1397,.T.);
#1807=ORIENTED_EDGE('',*,*,#1396,.F.);
#1808=ORIENTED_EDGE('',*,*,#1365,.F.);
#1809=ORIENTED_EDGE('',*,*,#1398,.F.);
#1810=ORIENTED_EDGE('',*,*,#1399,.F.);
#1811=ORIENTED_EDGE('',*,*,#1400,.F.);
#1812=ORIENTED_EDGE('',*,*,#1401,.F.);
#1813=ORIENTED_EDGE('',*,*,#1402,.T.);
#1814=ORIENTED_EDGE('',*,*,#1403,.F.);
#1815=ORIENTED_EDGE('',*,*,#1404,.F.);
#1816=ORIENTED_EDGE('',*,*,#1405,.F.);
#1817=ORIENTED_EDGE('',*,*,#1406,.F.);
#1818=ORIENTED_EDGE('',*,*,#1407,.T.);
#1819=ORIENTED_EDGE('',*,*,#1408,.F.);
#1820=ORIENTED_EDGE('',*,*,#1400,.T.);
#1821=ORIENTED_EDGE('',*,*,#1409,.T.);
#1822=ORIENTED_EDGE('',*,*,#1382,.F.);
#1823=ORIENTED_EDGE('',*,*,#1410,.F.);
#1824=ORIENTED_EDGE('',*,*,#1370,.F.);
#1825=ORIENTED_EDGE('',*,*,#1411,.F.);
#1826=ORIENTED_EDGE('',*,*,#1412,.F.);
#1827=ORIENTED_EDGE('',*,*,#1363,.F.);
#1828=ORIENTED_EDGE('',*,*,#1392,.F.);
#1829=ORIENTED_EDGE('',*,*,#1413,.F.);
#1830=ORIENTED_EDGE('',*,*,#1359,.F.);
#1831=ORIENTED_EDGE('',*,*,#1367,.F.);
#1832=ORIENTED_EDGE('',*,*,#1414,.F.);
#1833=ORIENTED_EDGE('',*,*,#1397,.F.);
#1834=ORIENTED_EDGE('',*,*,#1415,.F.);
#1835=ORIENTED_EDGE('',*,*,#1416,.F.);
#1836=ORIENTED_EDGE('',*,*,#1417,.F.);
#1837=ORIENTED_EDGE('',*,*,#1418,.F.);
#1838=ORIENTED_EDGE('',*,*,#1387,.F.);
#1839=ORIENTED_EDGE('',*,*,#1413,.T.);
#1840=ORIENTED_EDGE('',*,*,#1419,.F.);
#1841=ORIENTED_EDGE('',*,*,#1407,.F.);
#1842=ORIENTED_EDGE('',*,*,#1420,.F.);
#1843=ORIENTED_EDGE('',*,*,#1375,.F.);
#1844=ORIENTED_EDGE('',*,*,#1360,.F.);
#1845=ORIENTED_EDGE('',*,*,#1416,.T.);
#1846=ORIENTED_EDGE('',*,*,#1421,.T.);
#1847=ORIENTED_EDGE('',*,*,#1378,.F.);
#1848=ORIENTED_EDGE('',*,*,#1422,.F.);
#1849=ORIENTED_EDGE('',*,*,#1404,.T.);
#1850=ORIENTED_EDGE('',*,*,#1423,.F.);
#1851=ORIENTED_EDGE('',*,*,#1415,.T.);
#1852=ORIENTED_EDGE('',*,*,#1424,.T.);
#1853=ORIENTED_EDGE('',*,*,#1379,.F.);
#1854=ORIENTED_EDGE('',*,*,#1421,.F.);
#1855=ORIENTED_EDGE('',*,*,#1418,.T.);
#1856=ORIENTED_EDGE('',*,*,#1425,.F.);
#1857=ORIENTED_EDGE('',*,*,#1402,.F.);
#1858=ORIENTED_EDGE('',*,*,#1426,.F.);
#1859=ORIENTED_EDGE('',*,*,#1380,.F.);
#1860=ORIENTED_EDGE('',*,*,#1424,.F.);
#1861=ORIENTED_EDGE('',*,*,#1411,.T.);
#1862=ORIENTED_EDGE('',*,*,#1369,.T.);
#1863=ORIENTED_EDGE('',*,*,#1383,.F.);
#1864=ORIENTED_EDGE('',*,*,#1409,.F.);
#1865=ORIENTED_EDGE('',*,*,#1399,.T.);
#1866=ORIENTED_EDGE('',*,*,#1427,.F.);
#1867=ORIENTED_EDGE('',*,*,#1417,.T.);
#1868=ORIENTED_EDGE('',*,*,#1423,.T.);
#1869=ORIENTED_EDGE('',*,*,#1403,.T.);
#1870=ORIENTED_EDGE('',*,*,#1425,.T.);
#1871=ORIENTED_EDGE('',*,*,#1410,.T.);
#1872=ORIENTED_EDGE('',*,*,#1381,.F.);
#1873=ORIENTED_EDGE('',*,*,#1426,.T.);
#1874=ORIENTED_EDGE('',*,*,#1401,.T.);
#1875=ORIENTED_EDGE('',*,*,#1405,.T.);
#1876=ORIENTED_EDGE('',*,*,#1422,.T.);
#1877=ORIENTED_EDGE('',*,*,#1377,.F.);
#1878=ORIENTED_EDGE('',*,*,#1428,.F.);
#1879=ORIENTED_EDGE('',*,*,#1412,.T.);
#1880=ORIENTED_EDGE('',*,*,#1427,.T.);
#1881=ORIENTED_EDGE('',*,*,#1398,.T.);
#1882=ORIENTED_EDGE('',*,*,#1364,.F.);
#1883=ORIENTED_EDGE('',*,*,#1414,.T.);
#1884=ORIENTED_EDGE('',*,*,#1366,.F.);
#1885=ORIENTED_EDGE('',*,*,#1408,.T.);
#1886=ORIENTED_EDGE('',*,*,#1419,.T.);
#1887=ORIENTED_EDGE('',*,*,#1428,.T.);
#1888=ORIENTED_EDGE('',*,*,#1376,.F.);
#1889=ORIENTED_EDGE('',*,*,#1420,.T.);
#1890=ORIENTED_EDGE('',*,*,#1406,.T.);
#1891=ORIENTED_EDGE('',*,*,#1429,.F.);
#1892=ORIENTED_EDGE('',*,*,#1430,.T.);
#1893=ORIENTED_EDGE('',*,*,#1431,.T.);
#1894=ORIENTED_EDGE('',*,*,#1432,.T.);
#1895=ORIENTED_EDGE('',*,*,#1432,.F.);
#1896=ORIENTED_EDGE('',*,*,#1433,.T.);
#1897=ORIENTED_EDGE('',*,*,#1434,.T.);
#1898=ORIENTED_EDGE('',*,*,#1435,.F.);
#1899=ORIENTED_EDGE('',*,*,#1436,.T.);
#1900=ORIENTED_EDGE('',*,*,#1437,.F.);
#1901=ORIENTED_EDGE('',*,*,#1433,.F.);
#1902=ORIENTED_EDGE('',*,*,#1431,.F.);
#1903=ORIENTED_EDGE('',*,*,#1438,.T.);
#1904=ORIENTED_EDGE('',*,*,#1439,.T.);
#1905=ORIENTED_EDGE('',*,*,#1440,.T.);
#1906=ORIENTED_EDGE('',*,*,#1441,.T.);
#1907=ORIENTED_EDGE('',*,*,#1442,.T.);
#1908=ORIENTED_EDGE('',*,*,#1443,.F.);
#1909=ORIENTED_EDGE('',*,*,#1444,.F.);
#1910=ORIENTED_EDGE('',*,*,#1445,.T.);
#1911=ORIENTED_EDGE('',*,*,#1446,.T.);
#1912=ORIENTED_EDGE('',*,*,#1447,.T.);
#1913=ORIENTED_EDGE('',*,*,#1448,.T.);
#1914=ORIENTED_EDGE('',*,*,#1449,.T.);
#1915=ORIENTED_EDGE('',*,*,#1450,.T.);
#1916=ORIENTED_EDGE('',*,*,#1451,.F.);
#1917=ORIENTED_EDGE('',*,*,#1452,.T.);
#1918=ORIENTED_EDGE('',*,*,#1453,.T.);
#1919=ORIENTED_EDGE('',*,*,#1454,.T.);
#1920=ORIENTED_EDGE('',*,*,#1455,.T.);
#1921=ORIENTED_EDGE('',*,*,#1456,.T.);
#1922=ORIENTED_EDGE('',*,*,#1429,.T.);
#1923=ORIENTED_EDGE('',*,*,#1435,.T.);
#1924=ORIENTED_EDGE('',*,*,#1457,.T.);
#1925=ORIENTED_EDGE('',*,*,#1458,.T.);
#1926=ORIENTED_EDGE('',*,*,#1459,.T.);
#1927=ORIENTED_EDGE('',*,*,#1440,.F.);
#1928=ORIENTED_EDGE('',*,*,#1460,.F.);
#1929=ORIENTED_EDGE('',*,*,#1461,.F.);
#1930=ORIENTED_EDGE('',*,*,#1462,.T.);
#1931=ORIENTED_EDGE('',*,*,#1463,.F.);
#1932=ORIENTED_EDGE('',*,*,#1464,.F.);
#1933=ORIENTED_EDGE('',*,*,#1465,.F.);
#1934=ORIENTED_EDGE('',*,*,#1466,.T.);
#1935=ORIENTED_EDGE('',*,*,#1467,.T.);
#1936=ORIENTED_EDGE('',*,*,#1460,.T.);
#1937=ORIENTED_EDGE('',*,*,#1439,.F.);
#1938=ORIENTED_EDGE('',*,*,#1457,.F.);
#1939=ORIENTED_EDGE('',*,*,#1434,.F.);
#1940=ORIENTED_EDGE('',*,*,#1437,.T.);
#1941=ORIENTED_EDGE('',*,*,#1468,.F.);
#1942=ORIENTED_EDGE('',*,*,#1469,.F.);
#1943=ORIENTED_EDGE('',*,*,#1463,.T.);
#1944=ORIENTED_EDGE('',*,*,#1470,.T.);
#1945=ORIENTED_EDGE('',*,*,#1471,.F.);
#1946=ORIENTED_EDGE('',*,*,#1470,.F.);
#1947=ORIENTED_EDGE('',*,*,#1462,.F.);
#1948=ORIENTED_EDGE('',*,*,#1472,.F.);
#1949=ORIENTED_EDGE('',*,*,#1473,.F.);
#1950=ORIENTED_EDGE('',*,*,#1474,.F.);
#1951=ORIENTED_EDGE('',*,*,#1475,.F.);
#1952=ORIENTED_EDGE('',*,*,#1447,.F.);
#1953=ORIENTED_EDGE('',*,*,#1476,.F.);
#1954=ORIENTED_EDGE('',*,*,#1468,.T.);
#1955=ORIENTED_EDGE('',*,*,#1471,.T.);
#1956=ORIENTED_EDGE('',*,*,#1477,.T.);
#1957=ORIENTED_EDGE('',*,*,#1478,.T.);
#1958=ORIENTED_EDGE('',*,*,#1479,.F.);
#1959=ORIENTED_EDGE('',*,*,#1480,.F.);
#1960=ORIENTED_EDGE('',*,*,#1481,.T.);
#1961=ORIENTED_EDGE('',*,*,#1482,.T.);
#1962=ORIENTED_EDGE('',*,*,#1464,.T.);
#1963=ORIENTED_EDGE('',*,*,#1469,.T.);
#1964=ORIENTED_EDGE('',*,*,#1483,.T.);
#1965=ORIENTED_EDGE('',*,*,#1484,.T.);
#1966=ORIENTED_EDGE('',*,*,#1476,.T.);
#1967=ORIENTED_EDGE('',*,*,#1446,.F.);
#1968=ORIENTED_EDGE('',*,*,#1485,.F.);
#1969=ORIENTED_EDGE('',*,*,#1477,.F.);
#1970=ORIENTED_EDGE('',*,*,#1475,.T.);
#1971=ORIENTED_EDGE('',*,*,#1486,.F.);
#1972=ORIENTED_EDGE('',*,*,#1487,.T.);
#1973=ORIENTED_EDGE('',*,*,#1448,.F.);
#1974=ORIENTED_EDGE('',*,*,#1474,.T.);
#1975=ORIENTED_EDGE('',*,*,#1488,.T.);
#1976=ORIENTED_EDGE('',*,*,#1489,.F.);
#1977=ORIENTED_EDGE('',*,*,#1486,.T.);
#1978=ORIENTED_EDGE('',*,*,#1490,.T.);
#1979=ORIENTED_EDGE('',*,*,#1487,.F.);
#1980=ORIENTED_EDGE('',*,*,#1489,.T.);
#1981=ORIENTED_EDGE('',*,*,#1491,.T.);
#1982=ORIENTED_EDGE('',*,*,#1449,.F.);
#1983=ORIENTED_EDGE('',*,*,#1466,.F.);
#1984=ORIENTED_EDGE('',*,*,#1436,.F.);
#1985=ORIENTED_EDGE('',*,*,#1430,.F.);
#1986=ORIENTED_EDGE('',*,*,#1456,.F.);
#1987=ORIENTED_EDGE('',*,*,#1492,.F.);
#1988=ORIENTED_EDGE('',*,*,#1493,.F.);
#1989=ORIENTED_EDGE('',*,*,#1492,.T.);
#1990=ORIENTED_EDGE('',*,*,#1455,.F.);
#1991=ORIENTED_EDGE('',*,*,#1494,.F.);
#1992=ORIENTED_EDGE('',*,*,#1495,.F.);
#1993=ORIENTED_EDGE('',*,*,#1496,.T.);
#1994=ORIENTED_EDGE('',*,*,#1451,.T.);
#1995=ORIENTED_EDGE('',*,*,#1497,.T.);
#1996=ORIENTED_EDGE('',*,*,#1498,.F.);
#1997=ORIENTED_EDGE('',*,*,#1499,.F.);
#1998=ORIENTED_EDGE('',*,*,#1500,.F.);
#1999=ORIENTED_EDGE('',*,*,#1501,.F.);
#2000=ORIENTED_EDGE('',*,*,#1502,.F.);
#2001=ORIENTED_EDGE('',*,*,#1503,.F.);
#2002=ORIENTED_EDGE('',*,*,#1494,.T.);
#2003=ORIENTED_EDGE('',*,*,#1454,.F.);
#2004=ORIENTED_EDGE('',*,*,#1504,.F.);
#2005=ORIENTED_EDGE('',*,*,#1505,.T.);
#2006=ORIENTED_EDGE('',*,*,#1452,.F.);
#2007=ORIENTED_EDGE('',*,*,#1496,.F.);
#2008=ORIENTED_EDGE('',*,*,#1506,.F.);
#2009=ORIENTED_EDGE('',*,*,#1507,.F.);
#2010=ORIENTED_EDGE('',*,*,#1508,.F.);
#2011=ORIENTED_EDGE('',*,*,#1504,.T.);
#2012=ORIENTED_EDGE('',*,*,#1453,.F.);
#2013=ORIENTED_EDGE('',*,*,#1507,.T.);
#2014=ORIENTED_EDGE('',*,*,#1495,.T.);
#2015=ORIENTED_EDGE('',*,*,#1505,.F.);
#2016=ORIENTED_EDGE('',*,*,#1508,.T.);
#2017=ORIENTED_EDGE('',*,*,#1506,.T.);
#2018=ORIENTED_EDGE('',*,*,#1509,.T.);
#2019=ORIENTED_EDGE('',*,*,#1473,.T.);
#2020=ORIENTED_EDGE('',*,*,#1510,.F.);
#2021=ORIENTED_EDGE('',*,*,#1511,.F.);
#2022=ORIENTED_EDGE('',*,*,#1512,.F.);
#2023=ORIENTED_EDGE('',*,*,#1497,.F.);
#2024=ORIENTED_EDGE('',*,*,#1450,.F.);
#2025=ORIENTED_EDGE('',*,*,#1491,.F.);
#2026=ORIENTED_EDGE('',*,*,#1488,.F.);
#2027=ORIENTED_EDGE('',*,*,#1512,.T.);
#2028=ORIENTED_EDGE('',*,*,#1513,.T.);
#2029=ORIENTED_EDGE('',*,*,#1514,.T.);
#2030=ORIENTED_EDGE('',*,*,#1498,.T.);
#2031=ORIENTED_EDGE('',*,*,#1515,.F.);
#2032=ORIENTED_EDGE('',*,*,#1516,.T.);
#2033=ORIENTED_EDGE('',*,*,#1517,.F.);
#2034=ORIENTED_EDGE('',*,*,#1502,.T.);
#2035=ORIENTED_EDGE('',*,*,#1518,.F.);
#2036=ORIENTED_EDGE('',*,*,#1519,.T.);
#2037=ORIENTED_EDGE('',*,*,#1503,.T.);
#2038=ORIENTED_EDGE('',*,*,#1517,.T.);
#2039=ORIENTED_EDGE('',*,*,#1516,.F.);
#2040=ORIENTED_EDGE('',*,*,#1515,.T.);
#2041=ORIENTED_EDGE('',*,*,#1501,.T.);
#2042=ORIENTED_EDGE('',*,*,#1519,.F.);
#2043=ORIENTED_EDGE('',*,*,#1511,.T.);
#2044=ORIENTED_EDGE('',*,*,#1520,.T.);
#2045=ORIENTED_EDGE('',*,*,#1521,.T.);
#2046=ORIENTED_EDGE('',*,*,#1513,.F.);
#2047=ORIENTED_EDGE('',*,*,#1521,.F.);
#2048=ORIENTED_EDGE('',*,*,#1522,.F.);
#2049=ORIENTED_EDGE('',*,*,#1499,.T.);
#2050=ORIENTED_EDGE('',*,*,#1514,.F.);
#2051=ORIENTED_EDGE('',*,*,#1483,.F.);
#2052=ORIENTED_EDGE('',*,*,#1484,.F.);
#2053=ORIENTED_EDGE('',*,*,#1523,.T.);
#2054=ORIENTED_EDGE('',*,*,#1524,.T.);
#2055=ORIENTED_EDGE('',*,*,#1523,.F.);
#2056=ORIENTED_EDGE('',*,*,#1524,.F.);
#2057=ORIENTED_EDGE('',*,*,#1458,.F.);
#2058=ORIENTED_EDGE('',*,*,#1459,.F.);
#2059=ORIENTED_EDGE('',*,*,#1525,.T.);
#2060=ORIENTED_EDGE('',*,*,#1526,.T.);
#2061=ORIENTED_EDGE('',*,*,#1525,.F.);
#2062=ORIENTED_EDGE('',*,*,#1526,.F.);
#2063=ORIENTED_EDGE('',*,*,#1527,.F.);
#2064=ORIENTED_EDGE('',*,*,#1528,.T.);
#2065=ORIENTED_EDGE('',*,*,#1480,.T.);
#2066=ORIENTED_EDGE('',*,*,#1529,.T.);
#2067=ORIENTED_EDGE('',*,*,#1530,.T.);
#2068=ORIENTED_EDGE('',*,*,#1527,.T.);
#2069=ORIENTED_EDGE('',*,*,#1531,.T.);
#2070=ORIENTED_EDGE('',*,*,#1532,.T.);
#2071=ORIENTED_EDGE('',*,*,#1443,.T.);
#2072=ORIENTED_EDGE('',*,*,#1533,.T.);
#2073=ORIENTED_EDGE('',*,*,#1529,.F.);
#2074=ORIENTED_EDGE('',*,*,#1534,.T.);
#2075=ORIENTED_EDGE('',*,*,#1532,.F.);
#2076=ORIENTED_EDGE('',*,*,#1534,.F.);
#2077=ORIENTED_EDGE('',*,*,#1479,.T.);
#2078=ORIENTED_EDGE('',*,*,#1535,.T.);
#2079=ORIENTED_EDGE('',*,*,#1444,.T.);
#2080=ORIENTED_EDGE('',*,*,#1530,.F.);
#2081=ORIENTED_EDGE('',*,*,#1531,.F.);
#2082=ORIENTED_EDGE('',*,*,#1536,.T.);
#2083=ORIENTED_EDGE('',*,*,#1536,.F.);
#2084=ORIENTED_EDGE('',*,*,#1537,.T.);
#2085=ORIENTED_EDGE('',*,*,#1538,.T.);
#2086=ORIENTED_EDGE('',*,*,#1537,.F.);
#2087=ORIENTED_EDGE('',*,*,#1538,.F.);
#2088=ORIENTED_EDGE('',*,*,#1539,.F.);
#2089=ORIENTED_EDGE('',*,*,#1539,.T.);
#2090=ORIENTED_EDGE('',*,*,#1540,.T.);
#2091=ORIENTED_EDGE('',*,*,#1541,.F.);
#2092=ORIENTED_EDGE('',*,*,#1540,.F.);
#2093=ORIENTED_EDGE('',*,*,#1509,.F.);
#2094=ORIENTED_EDGE('',*,*,#1542,.T.);
#2095=ORIENTED_EDGE('',*,*,#1543,.T.);
#2096=ORIENTED_EDGE('',*,*,#1542,.F.);
#2097=ORIENTED_EDGE('',*,*,#1543,.F.);
#2098=ORIENTED_EDGE('',*,*,#1490,.F.);
#2099=ORIENTED_EDGE('',*,*,#1544,.T.);
#2100=ORIENTED_EDGE('',*,*,#1545,.T.);
#2101=ORIENTED_EDGE('',*,*,#1544,.F.);
#2102=ORIENTED_EDGE('',*,*,#1545,.F.);
#2103=ORIENTED_EDGE('',*,*,#1438,.F.);
#2104=ORIENTED_EDGE('',*,*,#1546,.T.);
#2105=ORIENTED_EDGE('',*,*,#1547,.T.);
#2106=ORIENTED_EDGE('',*,*,#1546,.F.);
#2107=ORIENTED_EDGE('',*,*,#1547,.F.);
#2108=ORIENTED_EDGE('',*,*,#1461,.T.);
#2109=ORIENTED_EDGE('',*,*,#1467,.F.);
#2110=ORIENTED_EDGE('',*,*,#1493,.T.);
#2111=ORIENTED_EDGE('',*,*,#1500,.T.);
#2112=ORIENTED_EDGE('',*,*,#1522,.T.);
#2113=ORIENTED_EDGE('',*,*,#1520,.F.);
#2114=ORIENTED_EDGE('',*,*,#1510,.T.);
#2115=ORIENTED_EDGE('',*,*,#1472,.T.);
#2116=ORIENTED_EDGE('',*,*,#1535,.F.);
#2117=ORIENTED_EDGE('',*,*,#1478,.F.);
#2118=ORIENTED_EDGE('',*,*,#1485,.T.);
#2119=ORIENTED_EDGE('',*,*,#1445,.F.);
#2120=ORIENTED_EDGE('',*,*,#1518,.T.);
#2121=ORIENTED_EDGE('',*,*,#1533,.F.);
#2122=ORIENTED_EDGE('',*,*,#1442,.F.);
#2123=ORIENTED_EDGE('',*,*,#1548,.T.);
#2124=ORIENTED_EDGE('',*,*,#1481,.F.);
#2125=ORIENTED_EDGE('',*,*,#1528,.F.);
#2126=ORIENTED_EDGE('',*,*,#1441,.F.);
#2127=ORIENTED_EDGE('',*,*,#1465,.T.);
#2128=ORIENTED_EDGE('',*,*,#1482,.F.);
#2129=ORIENTED_EDGE('',*,*,#1548,.F.);
#2130=ORIENTED_EDGE('',*,*,#1541,.T.);
#2131=ORIENTED_EDGE('',*,*,#1549,.F.);
#2132=ORIENTED_EDGE('',*,*,#1550,.F.);
#2133=ORIENTED_EDGE('',*,*,#1551,.F.);
#2134=ORIENTED_EDGE('',*,*,#1552,.F.);
#2135=ORIENTED_EDGE('',*,*,#1553,.T.);
#2136=ORIENTED_EDGE('',*,*,#1549,.T.);
#2137=ORIENTED_EDGE('',*,*,#1554,.T.);
#2138=ORIENTED_EDGE('',*,*,#1555,.T.);
#2139=ORIENTED_EDGE('',*,*,#1555,.F.);
#2140=ORIENTED_EDGE('',*,*,#1556,.F.);
#2141=ORIENTED_EDGE('',*,*,#1557,.F.);
#2142=ORIENTED_EDGE('',*,*,#1558,.F.);
#2143=ORIENTED_EDGE('',*,*,#1559,.T.);
#2144=ORIENTED_EDGE('',*,*,#1557,.T.);
#2145=ORIENTED_EDGE('',*,*,#1560,.T.);
#2146=ORIENTED_EDGE('',*,*,#1551,.T.);
#2147=ORIENTED_EDGE('',*,*,#1561,.F.);
#2148=ORIENTED_EDGE('',*,*,#1562,.F.);
#2149=ORIENTED_EDGE('',*,*,#1563,.F.);
#2150=ORIENTED_EDGE('',*,*,#1564,.F.);
#2151=ORIENTED_EDGE('',*,*,#1565,.T.);
#2152=ORIENTED_EDGE('',*,*,#1561,.T.);
#2153=ORIENTED_EDGE('',*,*,#1566,.T.);
#2154=ORIENTED_EDGE('',*,*,#1567,.T.);
#2155=ORIENTED_EDGE('',*,*,#1567,.F.);
#2156=ORIENTED_EDGE('',*,*,#1568,.F.);
#2157=ORIENTED_EDGE('',*,*,#1569,.F.);
#2158=ORIENTED_EDGE('',*,*,#1570,.F.);
#2159=ORIENTED_EDGE('',*,*,#1571,.T.);
#2160=ORIENTED_EDGE('',*,*,#1569,.T.);
#2161=ORIENTED_EDGE('',*,*,#1572,.T.);
#2162=ORIENTED_EDGE('',*,*,#1563,.T.);
#2163=ORIENTED_EDGE('',*,*,#1573,.F.);
#2164=ORIENTED_EDGE('',*,*,#1574,.T.);
#2165=ORIENTED_EDGE('',*,*,#1575,.F.);
#2166=ORIENTED_EDGE('',*,*,#1576,.F.);
#2167=ORIENTED_EDGE('',*,*,#1577,.F.);
#2168=ORIENTED_EDGE('',*,*,#1576,.T.);
#2169=ORIENTED_EDGE('',*,*,#1578,.F.);
#2170=ORIENTED_EDGE('',*,*,#1579,.F.);
#2171=ORIENTED_EDGE('',*,*,#1580,.F.);
#2172=ORIENTED_EDGE('',*,*,#1579,.T.);
#2173=ORIENTED_EDGE('',*,*,#1581,.F.);
#2174=ORIENTED_EDGE('',*,*,#1582,.F.);
#2175=ORIENTED_EDGE('',*,*,#1583,.F.);
#2176=ORIENTED_EDGE('',*,*,#1582,.T.);
#2177=ORIENTED_EDGE('',*,*,#1584,.F.);
#2178=ORIENTED_EDGE('',*,*,#1574,.F.);
#2179=ORIENTED_EDGE('',*,*,#1584,.T.);
#2180=ORIENTED_EDGE('',*,*,#1581,.T.);
#2181=ORIENTED_EDGE('',*,*,#1578,.T.);
#2182=ORIENTED_EDGE('',*,*,#1575,.T.);
#2183=ORIENTED_EDGE('',*,*,#1585,.T.);
#2184=ORIENTED_EDGE('',*,*,#1586,.T.);
#2185=ORIENTED_EDGE('',*,*,#1587,.T.);
#2186=ORIENTED_EDGE('',*,*,#1588,.T.);
#2187=ORIENTED_EDGE('',*,*,#1588,.F.);
#2188=ORIENTED_EDGE('',*,*,#1589,.F.);
#2189=ORIENTED_EDGE('',*,*,#1590,.F.);
#2190=ORIENTED_EDGE('',*,*,#1591,.F.);
#2191=ORIENTED_EDGE('',*,*,#1587,.F.);
#2192=ORIENTED_EDGE('',*,*,#1592,.T.);
#2193=ORIENTED_EDGE('',*,*,#1593,.F.);
#2194=ORIENTED_EDGE('',*,*,#1594,.T.);
#2195=ORIENTED_EDGE('',*,*,#1595,.F.);
#2196=ORIENTED_EDGE('',*,*,#1589,.T.);
#2197=ORIENTED_EDGE('',*,*,#1596,.T.);
#2198=ORIENTED_EDGE('',*,*,#1597,.T.);
#2199=ORIENTED_EDGE('',*,*,#1598,.T.);
#2200=ORIENTED_EDGE('',*,*,#1599,.T.);
#2201=ORIENTED_EDGE('',*,*,#1600,.T.);
#2202=ORIENTED_EDGE('',*,*,#1590,.T.);
#2203=ORIENTED_EDGE('',*,*,#1595,.T.);
#2204=ORIENTED_EDGE('',*,*,#1601,.T.);
#2205=ORIENTED_EDGE('',*,*,#1601,.F.);
#2206=ORIENTED_EDGE('',*,*,#1594,.F.);
#2207=ORIENTED_EDGE('',*,*,#1602,.F.);
#2208=ORIENTED_EDGE('',*,*,#1603,.F.);
#2209=ORIENTED_EDGE('',*,*,#1604,.T.);
#2210=ORIENTED_EDGE('',*,*,#1605,.T.);
#2211=ORIENTED_EDGE('',*,*,#1606,.T.);
#2212=ORIENTED_EDGE('',*,*,#1607,.T.);
#2213=ORIENTED_EDGE('',*,*,#1607,.F.);
#2214=ORIENTED_EDGE('',*,*,#1608,.F.);
#2215=ORIENTED_EDGE('',*,*,#1609,.F.);
#2216=ORIENTED_EDGE('',*,*,#1610,.F.);
#2217=ORIENTED_EDGE('',*,*,#1606,.F.);
#2218=ORIENTED_EDGE('',*,*,#1611,.T.);
#2219=ORIENTED_EDGE('',*,*,#1612,.F.);
#2220=ORIENTED_EDGE('',*,*,#1613,.T.);
#2221=ORIENTED_EDGE('',*,*,#1614,.F.);
#2222=ORIENTED_EDGE('',*,*,#1608,.T.);
#2223=ORIENTED_EDGE('',*,*,#1553,.F.);
#2224=ORIENTED_EDGE('',*,*,#1558,.T.);
#2225=ORIENTED_EDGE('',*,*,#1559,.F.);
#2226=ORIENTED_EDGE('',*,*,#1550,.T.);
#2227=ORIENTED_EDGE('',*,*,#1615,.T.);
#2228=ORIENTED_EDGE('',*,*,#1609,.T.);
#2229=ORIENTED_EDGE('',*,*,#1614,.T.);
#2230=ORIENTED_EDGE('',*,*,#1616,.T.);
#2231=ORIENTED_EDGE('',*,*,#1616,.F.);
#2232=ORIENTED_EDGE('',*,*,#1613,.F.);
#2233=ORIENTED_EDGE('',*,*,#1617,.F.);
#2234=ORIENTED_EDGE('',*,*,#1618,.F.);
#2235=ORIENTED_EDGE('',*,*,#1619,.T.);
#2236=ORIENTED_EDGE('',*,*,#1620,.T.);
#2237=ORIENTED_EDGE('',*,*,#1621,.T.);
#2238=ORIENTED_EDGE('',*,*,#1622,.T.);
#2239=ORIENTED_EDGE('',*,*,#1619,.F.);
#2240=ORIENTED_EDGE('',*,*,#1623,.T.);
#2241=ORIENTED_EDGE('',*,*,#1624,.F.);
#2242=ORIENTED_EDGE('',*,*,#1625,.T.);
#2243=ORIENTED_EDGE('',*,*,#1626,.F.);
#2244=ORIENTED_EDGE('',*,*,#1627,.T.);
#2245=ORIENTED_EDGE('',*,*,#1562,.T.);
#2246=ORIENTED_EDGE('',*,*,#1565,.F.);
#2247=ORIENTED_EDGE('',*,*,#1570,.T.);
#2248=ORIENTED_EDGE('',*,*,#1571,.F.);
#2249=ORIENTED_EDGE('',*,*,#1622,.F.);
#2250=ORIENTED_EDGE('',*,*,#1628,.F.);
#2251=ORIENTED_EDGE('',*,*,#1629,.F.);
#2252=ORIENTED_EDGE('',*,*,#1623,.F.);
#2253=ORIENTED_EDGE('',*,*,#1630,.T.);
#2254=ORIENTED_EDGE('',*,*,#1631,.T.);
#2255=ORIENTED_EDGE('',*,*,#1624,.T.);
#2256=ORIENTED_EDGE('',*,*,#1629,.T.);
#2257=ORIENTED_EDGE('',*,*,#1632,.T.);
#2258=ORIENTED_EDGE('',*,*,#1633,.T.);
#2259=ORIENTED_EDGE('',*,*,#1634,.T.);
#2260=ORIENTED_EDGE('',*,*,#1635,.T.);
#2261=ORIENTED_EDGE('',*,*,#1602,.T.);
#2262=ORIENTED_EDGE('',*,*,#1593,.T.);
#2263=ORIENTED_EDGE('',*,*,#1636,.T.);
#2264=ORIENTED_EDGE('',*,*,#1637,.T.);
#2265=ORIENTED_EDGE('',*,*,#1638,.T.);
#2266=ORIENTED_EDGE('',*,*,#1639,.T.);
#2267=ORIENTED_EDGE('',*,*,#1632,.F.);
#2268=ORIENTED_EDGE('',*,*,#1640,.F.);
#2269=ORIENTED_EDGE('',*,*,#1573,.T.);
#2270=ORIENTED_EDGE('',*,*,#1577,.T.);
#2271=ORIENTED_EDGE('',*,*,#1580,.T.);
#2272=ORIENTED_EDGE('',*,*,#1583,.T.);
#2273=ORIENTED_EDGE('',*,*,#1617,.T.);
#2274=ORIENTED_EDGE('',*,*,#1612,.T.);
#2275=ORIENTED_EDGE('',*,*,#1641,.T.);
#2276=ORIENTED_EDGE('',*,*,#1642,.T.);
#2277=ORIENTED_EDGE('',*,*,#1643,.F.);
#2278=ORIENTED_EDGE('',*,*,#1644,.F.);
#2279=ORIENTED_EDGE('',*,*,#1645,.F.);
#2280=ORIENTED_EDGE('',*,*,#1597,.F.);
#2281=ORIENTED_EDGE('',*,*,#1645,.T.);
#2282=ORIENTED_EDGE('',*,*,#1646,.F.);
#2283=ORIENTED_EDGE('',*,*,#1647,.F.);
#2284=ORIENTED_EDGE('',*,*,#1598,.F.);
#2285=ORIENTED_EDGE('',*,*,#1647,.T.);
#2286=ORIENTED_EDGE('',*,*,#1648,.F.);
#2287=ORIENTED_EDGE('',*,*,#1649,.F.);
#2288=ORIENTED_EDGE('',*,*,#1599,.F.);
#2289=ORIENTED_EDGE('',*,*,#1649,.T.);
#2290=ORIENTED_EDGE('',*,*,#1650,.F.);
#2291=ORIENTED_EDGE('',*,*,#1643,.T.);
#2292=ORIENTED_EDGE('',*,*,#1596,.F.);
#2293=ORIENTED_EDGE('',*,*,#1586,.F.);
#2294=ORIENTED_EDGE('',*,*,#1651,.F.);
#2295=ORIENTED_EDGE('',*,*,#1636,.F.);
#2296=ORIENTED_EDGE('',*,*,#1592,.F.);
#2297=ORIENTED_EDGE('',*,*,#1585,.F.);
#2298=ORIENTED_EDGE('',*,*,#1591,.T.);
#2299=ORIENTED_EDGE('',*,*,#1600,.F.);
#2300=ORIENTED_EDGE('',*,*,#1603,.T.);
#2301=ORIENTED_EDGE('',*,*,#1637,.F.);
#2302=ORIENTED_EDGE('',*,*,#1651,.T.);
#2303=ORIENTED_EDGE('',*,*,#1650,.T.);
#2304=ORIENTED_EDGE('',*,*,#1648,.T.);
#2305=ORIENTED_EDGE('',*,*,#1646,.T.);
#2306=ORIENTED_EDGE('',*,*,#1644,.T.);
#2307=ORIENTED_EDGE('',*,*,#1631,.F.);
#2308=ORIENTED_EDGE('',*,*,#1652,.F.);
#2309=ORIENTED_EDGE('',*,*,#1653,.F.);
#2310=ORIENTED_EDGE('',*,*,#1625,.F.);
#2311=ORIENTED_EDGE('',*,*,#1620,.F.);
#2312=ORIENTED_EDGE('',*,*,#1627,.F.);
#2313=ORIENTED_EDGE('',*,*,#1654,.F.);
#2314=ORIENTED_EDGE('',*,*,#1655,.F.);
#2315=ORIENTED_EDGE('',*,*,#1621,.F.);
#2316=ORIENTED_EDGE('',*,*,#1655,.T.);
#2317=ORIENTED_EDGE('',*,*,#1656,.F.);
#2318=ORIENTED_EDGE('',*,*,#1652,.T.);
#2319=ORIENTED_EDGE('',*,*,#1630,.F.);
#2320=ORIENTED_EDGE('',*,*,#1628,.T.);
#2321=ORIENTED_EDGE('',*,*,#1564,.T.);
#2322=ORIENTED_EDGE('',*,*,#1572,.F.);
#2323=ORIENTED_EDGE('',*,*,#1568,.T.);
#2324=ORIENTED_EDGE('',*,*,#1566,.F.);
#2325=ORIENTED_EDGE('',*,*,#1605,.F.);
#2326=ORIENTED_EDGE('',*,*,#1657,.F.);
#2327=ORIENTED_EDGE('',*,*,#1641,.F.);
#2328=ORIENTED_EDGE('',*,*,#1611,.F.);
#2329=ORIENTED_EDGE('',*,*,#1604,.F.);
#2330=ORIENTED_EDGE('',*,*,#1610,.T.);
#2331=ORIENTED_EDGE('',*,*,#1615,.F.);
#2332=ORIENTED_EDGE('',*,*,#1618,.T.);
#2333=ORIENTED_EDGE('',*,*,#1642,.F.);
#2334=ORIENTED_EDGE('',*,*,#1657,.T.);
#2335=ORIENTED_EDGE('',*,*,#1552,.T.);
#2336=ORIENTED_EDGE('',*,*,#1560,.F.);
#2337=ORIENTED_EDGE('',*,*,#1556,.T.);
#2338=ORIENTED_EDGE('',*,*,#1554,.F.);
#2339=ORIENTED_EDGE('',*,*,#1658,.T.);
#2340=ORIENTED_EDGE('',*,*,#1640,.T.);
#2341=ORIENTED_EDGE('',*,*,#1635,.F.);
#2342=ORIENTED_EDGE('',*,*,#1659,.F.);
#2343=ORIENTED_EDGE('',*,*,#1660,.T.);
#2344=ORIENTED_EDGE('',*,*,#1659,.T.);
#2345=ORIENTED_EDGE('',*,*,#1634,.F.);
#2346=ORIENTED_EDGE('',*,*,#1661,.F.);
#2347=ORIENTED_EDGE('',*,*,#1653,.T.);
#2348=ORIENTED_EDGE('',*,*,#1656,.T.);
#2349=ORIENTED_EDGE('',*,*,#1654,.T.);
#2350=ORIENTED_EDGE('',*,*,#1626,.T.);
#2351=ORIENTED_EDGE('',*,*,#1662,.T.);
#2352=ORIENTED_EDGE('',*,*,#1661,.T.);
#2353=ORIENTED_EDGE('',*,*,#1633,.F.);
#2354=ORIENTED_EDGE('',*,*,#1639,.F.);
#2355=ORIENTED_EDGE('',*,*,#1638,.F.);
#2356=ORIENTED_EDGE('',*,*,#1658,.F.);
#2357=ORIENTED_EDGE('',*,*,#1660,.F.);
#2358=ORIENTED_EDGE('',*,*,#1662,.F.);
#2359=ORIENTED_EDGE('',*,*,#1663,.F.);
#2360=ORIENTED_EDGE('',*,*,#1664,.T.);
#2361=ORIENTED_EDGE('',*,*,#1665,.T.);
#2362=ORIENTED_EDGE('',*,*,#1666,.T.);
#2363=ORIENTED_EDGE('',*,*,#1667,.T.);
#2364=ORIENTED_EDGE('',*,*,#1668,.F.);
#2365=ORIENTED_EDGE('',*,*,#1664,.F.);
#2366=ORIENTED_EDGE('',*,*,#1669,.T.);
#2367=ORIENTED_EDGE('',*,*,#1670,.T.);
#2368=ORIENTED_EDGE('',*,*,#1671,.T.);
#2369=ORIENTED_EDGE('',*,*,#1665,.F.);
#2370=ORIENTED_EDGE('',*,*,#1672,.T.);
#2371=ORIENTED_EDGE('',*,*,#1663,.T.);
#2372=ORIENTED_EDGE('',*,*,#1672,.F.);
#2373=ORIENTED_EDGE('',*,*,#1667,.F.);
#2374=ORIENTED_EDGE('',*,*,#1673,.T.);
#2375=ORIENTED_EDGE('',*,*,#1674,.F.);
#2376=ORIENTED_EDGE('',*,*,#1675,.F.);
#2377=ORIENTED_EDGE('',*,*,#1669,.F.);
#2378=ORIENTED_EDGE('',*,*,#1668,.T.);
#2379=ORIENTED_EDGE('',*,*,#1675,.T.);
#2380=ORIENTED_EDGE('',*,*,#1676,.F.);
#2381=ORIENTED_EDGE('',*,*,#1670,.F.);
#2382=ORIENTED_EDGE('',*,*,#1676,.T.);
#2383=ORIENTED_EDGE('',*,*,#1674,.T.);
#2384=ORIENTED_EDGE('',*,*,#1677,.T.);
#2385=ORIENTED_EDGE('',*,*,#1671,.F.);
#2386=ORIENTED_EDGE('',*,*,#1677,.F.);
#2387=ORIENTED_EDGE('',*,*,#1673,.F.);
#2388=ORIENTED_EDGE('',*,*,#1666,.F.);
#2389=ORIENTED_EDGE('',*,*,#1678,.T.);
#2390=ORIENTED_EDGE('',*,*,#1679,.F.);
#2391=ORIENTED_EDGE('',*,*,#1680,.T.);
#2392=ORIENTED_EDGE('',*,*,#1678,.F.);
#2393=ORIENTED_EDGE('',*,*,#1680,.F.);
#2394=ORIENTED_EDGE('',*,*,#1679,.T.);
#2395=B_SPLINE_SURFACE_WITH_KNOTS('',3,3,((#3410,#3411,#3412,#3413),(#3414,
#3415,#3416,#3417),(#3418,#3419,#3420,#3421),(#3422,#3423,#3424,#3425)),
 .UNSPECIFIED.,.F.,.F.,.F.,(4,4),(4,4),(0.,1.),(-9.82226568944494E-5,2.40027931471708),
 .UNSPECIFIED.);
#2396=B_SPLINE_SURFACE_WITH_KNOTS('',3,3,((#3649,#3650,#3651,#3652),(#3653,
#3654,#3655,#3656),(#3657,#3658,#3659,#3660),(#3661,#3662,#3663,#3664),
(#3665,#3666,#3667,#3668),(#3669,#3670,#3671,#3672)),.UNSPECIFIED.,.F.,
 .F.,.F.,(4,1,1,4),(4,4),(0.00930591978594197,0.433889097020538,0.716944548510269,
1.),(-2.39524156016017,0.0118219296601462),.UNSPECIFIED.);
#2397=B_SPLINE_SURFACE_WITH_KNOTS('',3,3,((#3768,#3769,#3770,#3771),(#3772,
#3773,#3774,#3775),(#3776,#3777,#3778,#3779),(#3780,#3781,#3782,#3783),
(#3784,#3785,#3786,#3787),(#3788,#3789,#3790,#3791)),.UNSPECIFIED.,.F.,
 .F.,.F.,(4,1,1,4),(4,4),(0.00896320319871194,0.433693258970693,0.716846629485346,
1.),(-0.0105667791113037,2.39534204542461),.UNSPECIFIED.);
#2398=B_SPLINE_SURFACE_WITH_KNOTS('',3,3,((#3864,#3865,#3866,#3867),(#3868,
#3869,#3870,#3871),(#3872,#3873,#3874,#3875),(#3876,#3877,#3878,#3879),
(#3880,#3881,#3882,#3883),(#3884,#3885,#3886,#3887),(#3888,#3889,#3890,
#3891),(#3892,#3893,#3894,#3895),(#3896,#3897,#3898,#3899),(#3900,#3901,
#3902,#3903)),.UNSPECIFIED.,.F.,.F.,.F.,(4,1,1,1,1,1,1,4),(4,4),(0.545517434550598,
0.595816354903032,0.646115275255466,0.6964141956079,0.746713115960334,0.797012036312768,
0.847310956665202,0.897609877017636),(0.497115741762197,0.715297559950999),
 .UNSPECIFIED.);
#2399=B_SPLINE_SURFACE_WITH_KNOTS('',3,3,((#3955,#3956,#3957,#3958),(#3959,
#3960,#3961,#3962),(#3963,#3964,#3965,#3966),(#3967,#3968,#3969,#3970),
(#3971,#3972,#3973,#3974),(#3975,#3976,#3977,#3978),(#3979,#3980,#3981,
#3982),(#3983,#3984,#3985,#3986),(#3987,#3988,#3989,#3990)),
 .UNSPECIFIED.,.F.,.F.,.F.,(4,1,1,1,1,1,4),(4,4),(0.103131687282365,0.15385775463505,
0.204583821987735,0.25530988934042,0.306035956693105,0.35676202404579,0.458214158751161),
(0.497115741766258,0.715297559949932),.UNSPECIFIED.);
#2400=B_SPLINE_SURFACE_WITH_KNOTS('',3,3,((#4053,#4054,#4055,#4056,#4057,
#4058,#4059,#4060,#4061,#4062,#4063,#4064,#4065,#4066,#4067,#4068,#4069,
#4070,#4071,#4072,#4073,#4074,#4075,#4076,#4077,#4078,#4079,#4080,#4081,
#4082,#4083,#4084,#4085,#4086,#4087,#4088),(#4089,#4090,#4091,#4092,#4093,
#4094,#4095,#4096,#4097,#4098,#4099,#4100,#4101,#4102,#4103,#4104,#4105,
#4106,#4107,#4108,#4109,#4110,#4111,#4112,#4113,#4114,#4115,#4116,#4117,
#4118,#4119,#4120,#4121,#4122,#4123,#4124),(#4125,#4126,#4127,#4128,#4129,
#4130,#4131,#4132,#4133,#4134,#4135,#4136,#4137,#4138,#4139,#4140,#4141,
#4142,#4143,#4144,#4145,#4146,#4147,#4148,#4149,#4150,#4151,#4152,#4153,
#4154,#4155,#4156,#4157,#4158,#4159,#4160),(#4161,#4162,#4163,#4164,#4165,
#4166,#4167,#4168,#4169,#4170,#4171,#4172,#4173,#4174,#4175,#4176,#4177,
#4178,#4179,#4180,#4181,#4182,#4183,#4184,#4185,#4186,#4187,#4188,#4189,
#4190,#4191,#4192,#4193,#4194,#4195,#4196)),.UNSPECIFIED.,.F.,.T.,.F.,(4,
4),(4,2,2,2,2,2,2,2,2,2,2,2,2,2,2,2,2,4),(0.,1.),(-0.694767384456916,-0.673512403676433,
-0.636074859230065,-0.592526634930252,-0.548993282098658,-0.507038884520691,
-0.466662407475341,-0.422438868873316,-0.390450690063892,-0.337525429159186,
-0.303722472755321,-0.260226124016395,-0.216692549841425,-0.174042096871697,
-0.133165845886529,-0.0892972467612276,-0.0534790382091603,0.),
 .UNSPECIFIED.);
#2401=B_SPLINE_SURFACE_WITH_KNOTS('',3,3,((#4277,#4278,#4279,#4280),(#4281,
#4282,#4283,#4284),(#4285,#4286,#4287,#4288),(#4289,#4290,#4291,#4292),
(#4293,#4294,#4295,#4296),(#4297,#4298,#4299,#4300)),.UNSPECIFIED.,.F.,
 .F.,.F.,(4,1,1,4),(4,4),(0.387794865077226,0.539525517780368,0.577458180956154,
0.653323507307725),(0.127153229117778,0.487153229118926),.UNSPECIFIED.);
#2402=B_SPLINE_SURFACE_WITH_KNOTS('',3,3,((#4432,#4433,#4434,#4435,#4436,
#4437,#4438,#4439,#4440,#4441,#4442,#4443,#4444,#4445,#4446,#4447,#4448,
#4449,#4450,#4451,#4452,#4453,#4454,#4455,#4456,#4457,#4458,#4459,#4460,
#4461,#4462,#4463,#4464,#4465,#4466),(#4467,#4468,#4469,#4470,#4471,#4472,
#4473,#4474,#4475,#4476,#4477,#4478,#4479,#4480,#4481,#4482,#4483,#4484,
#4485,#4486,#4487,#4488,#4489,#4490,#4491,#4492,#4493,#4494,#4495,#4496,
#4497,#4498,#4499,#4500,#4501),(#4502,#4503,#4504,#4505,#4506,#4507,#4508,
#4509,#4510,#4511,#4512,#4513,#4514,#4515,#4516,#4517,#4518,#4519,#4520,
#4521,#4522,#4523,#4524,#4525,#4526,#4527,#4528,#4529,#4530,#4531,#4532,
#4533,#4534,#4535,#4536),(#4537,#4538,#4539,#4540,#4541,#4542,#4543,#4544,
#4545,#4546,#4547,#4548,#4549,#4550,#4551,#4552,#4553,#4554,#4555,#4556,
#4557,#4558,#4559,#4560,#4561,#4562,#4563,#4564,#4565,#4566,#4567,#4568,
#4569,#4570,#4571)),.UNSPECIFIED.,.F.,.T.,.F.,(4,4),(4,2,2,2,2,1,2,2,2,
2,2,2,2,2,2,2,2,4),(0.,1.),(-0.697266670079616,-0.692765654159712,-0.662150964325135,
-0.623911207350725,-0.579970025236825,-0.516744764946228,-0.453519504655632,
-0.409406546824333,-0.375234378963065,-0.346006411412385,-0.31587403336541,
-0.27856314259757,-0.234663719489204,-0.191155206520165,-0.108285332643819,
-0.0641547053948596,-0.0294598923239727,0.),.UNSPECIFIED.);
#2403=B_SPLINE_SURFACE_WITH_KNOTS('',3,3,((#4618,#4619,#4620,#4621,#4622,
#4623,#4624,#4625,#4626,#4627,#4628,#4629,#4630,#4631,#4632,#4633,#4634,
#4635,#4636,#4637,#4638,#4639,#4640,#4641,#4642,#4643,#4644,#4645,#4646,
#4647,#4648,#4649,#4650,#4651),(#4652,#4653,#4654,#4655,#4656,#4657,#4658,
#4659,#4660,#4661,#4662,#4663,#4664,#4665,#4666,#4667,#4668,#4669,#4670,
#4671,#4672,#4673,#4674,#4675,#4676,#4677,#4678,#4679,#4680,#4681,#4682,
#4683,#4684,#4685),(#4686,#4687,#4688,#4689,#4690,#4691,#4692,#4693,#4694,
#4695,#4696,#4697,#4698,#4699,#4700,#4701,#4702,#4703,#4704,#4705,#4706,
#4707,#4708,#4709,#4710,#4711,#4712,#4713,#4714,#4715,#4716,#4717,#4718,
#4719),(#4720,#4721,#4722,#4723,#4724,#4725,#4726,#4727,#4728,#4729,#4730,
#4731,#4732,#4733,#4734,#4735,#4736,#4737,#4738,#4739,#4740,#4741,#4742,
#4743,#4744,#4745,#4746,#4747,#4748,#4749,#4750,#4751,#4752,#4753)),
 .UNSPECIFIED.,.F.,.T.,.F.,(4,4),(4,2,2,2,2,2,2,2,2,2,2,2,2,2,2,2,4),(0.,
1.),(-0.693138365184897,-0.656114097866901,-0.62495358604118,-0.58466615046608,
-0.541091443437209,-0.497377908054068,-0.455528316054704,-0.41515423231125,
-0.373031928954664,-0.341897937745049,-0.284415309051262,-0.246583769516985,
-0.158942432224897,-0.116781965135297,-0.0761894356716497,-0.0321445048191158,
0.),.UNSPECIFIED.);
#2404=B_SPLINE_SURFACE_WITH_KNOTS('',3,3,((#4899,#4900,#4901,#4902),(#4903,
#4904,#4905,#4906),(#4907,#4908,#4909,#4910),(#4911,#4912,#4913,#4914),
(#4915,#4916,#4917,#4918),(#4919,#4920,#4921,#4922),(#4923,#4924,#4925,
#4926),(#4927,#4928,#4929,#4930),(#4931,#4932,#4933,#4934),(#4935,#4936,
#4937,#4938),(#4939,#4940,#4941,#4942),(#4943,#4944,#4945,#4946),(#4947,
#4948,#4949,#4950),(#4951,#4952,#4953,#4954),(#4955,#4956,#4957,#4958),
(#4959,#4960,#4961,#4962),(#4963,#4964,#4965,#4966),(#4967,#4968,#4969,
#4970),(#4971,#4972,#4973,#4974),(#4975,#4976,#4977,#4978),(#4979,#4980,
#4981,#4982),(#4983,#4984,#4985,#4986)),.UNSPECIFIED.,.F.,.F.,.F.,(4,1,
1,1,1,1,1,1,1,1,1,1,1,1,1,1,1,1,1,4),(4,4),(0.0346404761464909,0.042455355697226,
0.050270235247961,0.0658999943494312,0.0971595125523715,0.101066952327739,
0.112789271653842,0.128419030755312,0.144048789856782,0.159678548958252,
0.180518227760212,0.284716621770013,0.409754694581775,0.534792767393536,
0.576472124997456,0.659830840205297,0.722349876611178,0.784868913017058,
0.847387949422939,0.909906985828819),(0.,0.987458727336655),
 .UNSPECIFIED.);
#2405=B_SPLINE_SURFACE_WITH_KNOTS('',3,1,((#5530,#5531),(#5532,#5533),(#5534,
#5535),(#5536,#5537),(#5538,#5539),(#5540,#5541)),.UNSPECIFIED.,.F.,.F.,
 .F.,(4,2,4),(2,2),(-8.30666144014362,-3.57345773612829,-0.123677973416994),
(0.,0.00999999999999979),.UNSPECIFIED.);
#2406=B_SPLINE_SURFACE_WITH_KNOTS('',3,3,((#5587,#5588,#5589,#5590),(#5591,
#5592,#5593,#5594),(#5595,#5596,#5597,#5598),(#5599,#5600,#5601,#5602),
(#5603,#5604,#5605,#5606),(#5607,#5608,#5609,#5610),(#5611,#5612,#5613,
#5614),(#5615,#5616,#5617,#5618),(#5619,#5620,#5621,#5622),(#5623,#5624,
#5625,#5626),(#5627,#5628,#5629,#5630),(#5631,#5632,#5633,#5634),(#5635,
#5636,#5637,#5638),(#5639,#5640,#5641,#5642),(#5643,#5644,#5645,#5646),
(#5647,#5648,#5649,#5650),(#5651,#5652,#5653,#5654),(#5655,#5656,#5657,
#5658),(#5659,#5660,#5661,#5662),(#5663,#5664,#5665,#5666),(#5667,#5668,
#5669,#5670),(#5671,#5672,#5673,#5674)),.UNSPECIFIED.,.F.,.F.,.F.,(4,1,
1,1,1,1,1,1,1,1,1,1,1,1,1,1,1,1,1,4),(4,4),(0.0907390624015756,0.153530867925521,
0.216322673449466,0.279114478973412,0.310510381735384,0.341906284497357,
0.404698090021302,0.467489895545247,0.593073506593138,0.634934710275768,
0.718657117641029,0.844240728688919,0.875636631450892,0.891334582831878,
0.907032534212864,0.922730485593851,0.938428436974837,0.954126388355823,
0.961975364046316,0.96982433973681),(0.,0.987438735502213),
 .UNSPECIFIED.);
#2407=B_SPLINE_SURFACE_WITH_KNOTS('',3,3,((#6047,#6048,#6049,#6050,#6051,
#6052,#6053,#6054,#6055,#6056,#6057,#6058,#6059,#6060,#6061,#6062,#6063,
#6064,#6065,#6066),(#6067,#6068,#6069,#6070,#6071,#6072,#6073,#6074,#6075,
#6076,#6077,#6078,#6079,#6080,#6081,#6082,#6083,#6084,#6085,#6086),(#6087,
#6088,#6089,#6090,#6091,#6092,#6093,#6094,#6095,#6096,#6097,#6098,#6099,
#6100,#6101,#6102,#6103,#6104,#6105,#6106),(#6107,#6108,#6109,#6110,#6111,
#6112,#6113,#6114,#6115,#6116,#6117,#6118,#6119,#6120,#6121,#6122,#6123,
#6124,#6125,#6126),(#6127,#6128,#6129,#6130,#6131,#6132,#6133,#6134,#6135,
#6136,#6137,#6138,#6139,#6140,#6141,#6142,#6143,#6144,#6145,#6146)),
 .UNSPECIFIED.,.F.,.F.,.F.,(4,1,4),(4,1,1,1,1,1,1,1,1,1,1,1,1,1,1,1,1,4),
(0.,0.571428571428571,1.),(0.301718702452455,1.72938563657793,2.44321910364066,
3.1570525707034,3.87088603776614,4.2278027712975,4.58471950482887,7.44005337307982,
8.86772030720529,9.22463704073666,9.58155377426802,9.76001214103371,9.93847050779939,
10.0276996911822,10.1169288745651,10.2061580579479,10.2507726496393,10.2953872413308),
 .UNSPECIFIED.);
#2408=B_SPLINE_SURFACE_WITH_KNOTS('',3,3,((#6208,#6209,#6210,#6211,#6212,
#6213,#6214,#6215,#6216,#6217,#6218,#6219,#6220,#6221,#6222,#6223,#6224,
#6225,#6226,#6227,#6228,#6229,#6230,#6231,#6232,#6233,#6234,#6235,#6236,
#6237,#6238,#6239,#6240,#6241,#6242,#6243,#6244,#6245,#6246,#6247,#6248,
#6249,#6250,#6251,#6252,#6253,#6254,#6255,#6256,#6257,#6258,#6259,#6260,
#6261,#6262,#6263,#6264,#6265,#6266,#6267,#6268,#6269,#6270,#6271,#6272,
#6273,#6274,#6275,#6276,#6277,#6278,#6279,#6280,#6281,#6282,#6283,#6284,
#6285,#6286,#6287,#6288,#6289,#6290,#6291,#6292,#6293,#6294,#6295,#6296,
#6297,#6298,#6299,#6300,#6301,#6302,#6303,#6304,#6305,#6306,#6307,#6308,
#6309,#6310,#6311,#6312,#6313,#6314,#6315,#6316,#6317,#6318,#6319,#6320,
#6321,#6322,#6323,#6324,#6325,#6326,#6327,#6328,#6329,#6330,#6331,#6332,
#6333,#6334,#6335,#6336,#6337,#6338,#6339,#6340,#6341,#6342,#6343,#6344,
#6345,#6346,#6347,#6348,#6349,#6350,#6351,#6352,#6353,#6354,#6355,#6356,
#6357,#6358,#6359,#6360,#6361,#6362,#6363,#6364,#6365,#6366,#6367,#6368,
#6369,#6370,#6371,#6372,#6373,#6374,#6375,#6376,#6377,#6378,#6379,#6380,
#6381,#6382,#6383,#6384,#6385,#6386,#6387,#6388,#6389,#6390,#6391,#6392,
#6393,#6394,#6395,#6396,#6397),(#6398,#6399,#6400,#6401,#6402,#6403,#6404,
#6405,#6406,#6407,#6408,#6409,#6410,#6411,#6412,#6413,#6414,#6415,#6416,
#6417,#6418,#6419,#6420,#6421,#6422,#6423,#6424,#6425,#6426,#6427,#6428,
#6429,#6430,#6431,#6432,#6433,#6434,#6435,#6436,#6437,#6438,#6439,#6440,
#6441,#6442,#6443,#6444,#6445,#6446,#6447,#6448,#6449,#6450,#6451,#6452,
#6453,#6454,#6455,#6456,#6457,#6458,#6459,#6460,#6461,#6462,#6463,#6464,
#6465,#6466,#6467,#6468,#6469,#6470,#6471,#6472,#6473,#6474,#6475,#6476,
#6477,#6478,#6479,#6480,#6481,#6482,#6483,#6484,#6485,#6486,#6487,#6488,
#6489,#6490,#6491,#6492,#6493,#6494,#6495,#6496,#6497,#6498,#6499,#6500,
#6501,#6502,#6503,#6504,#6505,#6506,#6507,#6508,#6509,#6510,#6511,#6512,
#6513,#6514,#6515,#6516,#6517,#6518,#6519,#6520,#6521,#6522,#6523,#6524,
#6525,#6526,#6527,#6528,#6529,#6530,#6531,#6532,#6533,#6534,#6535,#6536,
#6537,#6538,#6539,#6540,#6541,#6542,#6543,#6544,#6545,#6546,#6547,#6548,
#6549,#6550,#6551,#6552,#6553,#6554,#6555,#6556,#6557,#6558,#6559,#6560,
#6561,#6562,#6563,#6564,#6565,#6566,#6567,#6568,#6569,#6570,#6571,#6572,
#6573,#6574,#6575,#6576,#6577,#6578,#6579,#6580,#6581,#6582,#6583,#6584,
#6585,#6586,#6587),(#6588,#6589,#6590,#6591,#6592,#6593,#6594,#6595,#6596,
#6597,#6598,#6599,#6600,#6601,#6602,#6603,#6604,#6605,#6606,#6607,#6608,
#6609,#6610,#6611,#6612,#6613,#6614,#6615,#6616,#6617,#6618,#6619,#6620,
#6621,#6622,#6623,#6624,#6625,#6626,#6627,#6628,#6629,#6630,#6631,#6632,
#6633,#6634,#6635,#6636,#6637,#6638,#6639,#6640,#6641,#6642,#6643,#6644,
#6645,#6646,#6647,#6648,#6649,#6650,#6651,#6652,#6653,#6654,#6655,#6656,
#6657,#6658,#6659,#6660,#6661,#6662,#6663,#6664,#6665,#6666,#6667,#6668,
#6669,#6670,#6671,#6672,#6673,#6674,#6675,#6676,#6677,#6678,#6679,#6680,
#6681,#6682,#6683,#6684,#6685,#6686,#6687,#6688,#6689,#6690,#6691,#6692,
#6693,#6694,#6695,#6696,#6697,#6698,#6699,#6700,#6701,#6702,#6703,#6704,
#6705,#6706,#6707,#6708,#6709,#6710,#6711,#6712,#6713,#6714,#6715,#6716,
#6717,#6718,#6719,#6720,#6721,#6722,#6723,#6724,#6725,#6726,#6727,#6728,
#6729,#6730,#6731,#6732,#6733,#6734,#6735,#6736,#6737,#6738,#6739,#6740,
#6741,#6742,#6743,#6744,#6745,#6746,#6747,#6748,#6749,#6750,#6751,#6752,
#6753,#6754,#6755,#6756,#6757,#6758,#6759,#6760,#6761,#6762,#6763,#6764,
#6765,#6766,#6767,#6768,#6769,#6770,#6771,#6772,#6773,#6774,#6775,#6776,
#6777),(#6778,#6779,#6780,#6781,#6782,#6783,#6784,#6785,#6786,#6787,#6788,
#6789,#6790,#6791,#6792,#6793,#6794,#6795,#6796,#6797,#6798,#6799,#6800,
#6801,#6802,#6803,#6804,#6805,#6806,#6807,#6808,#6809,#6810,#6811,#6812,
#6813,#6814,#6815,#6816,#6817,#6818,#6819,#6820,#6821,#6822,#6823,#6824,
#6825,#6826,#6827,#6828,#6829,#6830,#6831,#6832,#6833,#6834,#6835,#6836,
#6837,#6838,#6839,#6840,#6841,#6842,#6843,#6844,#6845,#6846,#6847,#6848,
#6849,#6850,#6851,#6852,#6853,#6854,#6855,#6856,#6857,#6858,#6859,#6860,
#6861,#6862,#6863,#6864,#6865,#6866,#6867,#6868,#6869,#6870,#6871,#6872,
#6873,#6874,#6875,#6876,#6877,#6878,#6879,#6880,#6881,#6882,#6883,#6884,
#6885,#6886,#6887,#6888,#6889,#6890,#6891,#6892,#6893,#6894,#6895,#6896,
#6897,#6898,#6899,#6900,#6901,#6902,#6903,#6904,#6905,#6906,#6907,#6908,
#6909,#6910,#6911,#6912,#6913,#6914,#6915,#6916,#6917,#6918,#6919,#6920,
#6921,#6922,#6923,#6924,#6925,#6926,#6927,#6928,#6929,#6930,#6931,#6932,
#6933,#6934,#6935,#6936,#6937,#6938,#6939,#6940,#6941,#6942,#6943,#6944,
#6945,#6946,#6947,#6948,#6949,#6950,#6951,#6952,#6953,#6954,#6955,#6956,
#6957,#6958,#6959,#6960,#6961,#6962,#6963,#6964,#6965,#6966,#6967),(#6968,
#6969,#6970,#6971,#6972,#6973,#6974,#6975,#6976,#6977,#6978,#6979,#6980,
#6981,#6982,#6983,#6984,#6985,#6986,#6987,#6988,#6989,#6990,#6991,#6992,
#6993,#6994,#6995,#6996,#6997,#6998,#6999,#7000,#7001,#7002,#7003,#7004,
#7005,#7006,#7007,#7008,#7009,#7010,#7011,#7012,#7013,#7014,#7015,#7016,
#7017,#7018,#7019,#7020,#7021,#7022,#7023,#7024,#7025,#7026,#7027,#7028,
#7029,#7030,#7031,#7032,#7033,#7034,#7035,#7036,#7037,#7038,#7039,#7040,
#7041,#7042,#7043,#7044,#7045,#7046,#7047,#7048,#7049,#7050,#7051,#7052,
#7053,#7054,#7055,#7056,#7057,#7058,#7059,#7060,#7061,#7062,#7063,#7064,
#7065,#7066,#7067,#7068,#7069,#7070,#7071,#7072,#7073,#7074,#7075,#7076,
#7077,#7078,#7079,#7080,#7081,#7082,#7083,#7084,#7085,#7086,#7087,#7088,
#7089,#7090,#7091,#7092,#7093,#7094,#7095,#7096,#7097,#7098,#7099,#7100,
#7101,#7102,#7103,#7104,#7105,#7106,#7107,#7108,#7109,#7110,#7111,#7112,
#7113,#7114,#7115,#7116,#7117,#7118,#7119,#7120,#7121,#7122,#7123,#7124,
#7125,#7126,#7127,#7128,#7129,#7130,#7131,#7132,#7133,#7134,#7135,#7136,
#7137,#7138,#7139,#7140,#7141,#7142,#7143,#7144,#7145,#7146,#7147,#7148,
#7149,#7150,#7151,#7152,#7153,#7154,#7155,#7156,#7157)),.UNSPECIFIED.,.F.,
 .F.,.F.,(4,1,4),(4,1,1,1,1,1,1,1,1,1,1,1,1,1,1,1,1,1,1,1,1,1,1,1,1,1,1,
1,1,1,1,1,1,1,1,1,1,1,1,1,1,1,1,1,1,1,1,1,1,1,1,1,1,1,1,1,1,1,1,1,1,1,1,
1,1,1,1,1,1,1,1,1,1,1,1,1,1,1,1,1,1,1,1,1,1,1,1,1,1,1,1,1,1,1,1,1,1,1,1,
1,1,1,1,1,1,1,1,1,1,1,1,1,1,1,1,1,1,1,1,1,1,1,1,1,1,1,1,1,1,1,1,1,1,1,1,
1,1,1,1,1,1,1,1,1,1,1,1,1,1,1,1,1,1,1,1,1,1,1,1,1,1,1,1,1,1,1,1,1,1,1,1,
1,1,1,1,1,1,1,1,1,1,1,1,1,1,1,1,4),(0.,0.571428571428571,1.),(0.,0.0223118440076496,
0.0446236880152991,0.0892473760305982,0.0893345316712531,0.089421687311908,
0.0894652651322354,0.0895959985932177,0.0899446211558373,0.0906418662810763,
0.0908161775623861,0.0913391114063153,0.0920363565315544,0.0934308467820325,
0.093779469344652,0.0948253370325106,0.0976143175334668,0.100403298034423,
0.103192278535379,0.111559220038248,0.11713718104016,0.119926161541116,
0.120623406666355,0.122715142042073,0.133871064045897,0.145026986049722,
0.147815966550678,0.156182908053547,0.167338830057372,0.178494752061196,
0.184072713063109,0.200806596068846,0.223118440076496,0.245430284084145,
0.267742128091795,0.273320089093707,0.290053972099444,0.312365816107094,
0.334677660114743,0.356989504122393,0.368145426126218,0.379301348130042,
0.401613192137692,0.446236880152991,0.49086056816829,0.535484256183589,
0.580107944198888,0.624731632214187,0.713979008244786,0.803226384275384,
0.892473760305982,0.98172113633658,1.07096851236718,1.16021588839778,1.24946326442837,
1.33871064045897,1.42795801648957,1.51720539252017,1.60645276855077,1.65107645656607,
1.69570014458137,1.78494752061196,1.87419489664256,1.96344227267316,2.05268964870376,
2.14193702473436,2.18656071274966,2.23118440076496,2.32043177679555,2.40967915282615,
2.49892652885675,2.58817390488735,2.67742128091795,2.72204496893325,2.76666865694854,
2.85591603297914,2.91541428366621,2.97491253435327,3.03441078504034,3.0939090357274,
3.12365816107094,3.15340728641447,3.21290553710154,3.2724037877886,3.33190203847567,
3.39140028916273,3.4508985398498,3.4955222278651,3.51039679053686,3.56989504122393,
3.62939329191099,3.68889154259806,3.74838979328513,3.80788804397219,3.83763716931572,
3.86738629465926,3.92688454534632,3.98638279603339,4.04588104672045,4.10537929740752,
4.16487754809458,4.19462667343812,4.22437579878165,4.28387404946871,4.34337230015578,
4.40287055084285,4.46236880152991,4.52186705221698,4.55161617756051,4.58136530290404,
4.64086355359111,4.70036180427817,4.75986005496524,4.8193583056523,4.87885655633937,
4.92348024435467,4.93835480702643,4.9978530577135,5.05735130840057,5.11684955908763,
5.1763478097747,5.23584606046176,5.29534431114883,5.32509343649236,5.35484256183589,
5.41434081252296,5.47383906321002,5.53333731389709,5.59283556458415,5.62258468992769,
5.65233381527122,5.71183206595829,5.80107944198888,5.89032681801948,5.97957419405008,
6.06882157008068,6.15806894611128,6.18038079011892,6.24731632214187,6.33656369817247,
6.42581107420307,6.51505845023367,6.60430582626427,6.64892951427957,6.69355320229487,
6.78280057832546,6.87204795435606,6.96129533038666,7.05054270641726,7.13979008244786,
7.18441377046316,7.22903745847845,7.31828483450905,7.40753221053965,7.49677958657025,
7.58602696260085,7.67527433863145,7.71989802664675,7.76452171466204,7.85376909069264,
7.94301646672324,8.03226384275384,8.12151121878444,8.21075859481504,8.25538228283034,
8.30000597084564,8.38925334687623,8.47850072290683,8.56774809893743,8.65699547496803,
8.74624285099862,8.79086653901392,8.83549022702922,8.92473760305982,9.01398497909042,
9.10323235512102,9.19247973115161,9.28172710718221,9.32635079519751,9.37097448321281,
9.46022185924341,9.54946923527401,9.63871661130461,9.7279639873352,9.8172113633658,
9.8618350513811,9.9064587393964,9.995706115427),.UNSPECIFIED.);
#2409=B_SPLINE_SURFACE_WITH_KNOTS('',3,3,((#7374,#7375,#7376,#7377,#7378,
#7379,#7380,#7381),(#7382,#7383,#7384,#7385,#7386,#7387,#7388,#7389),(#7390,
#7391,#7392,#7393,#7394,#7395,#7396,#7397),(#7398,#7399,#7400,#7401,#7402,
#7403,#7404,#7405),(#7406,#7407,#7408,#7409,#7410,#7411,#7412,#7413)),
 .UNSPECIFIED.,.F.,.F.,.F.,(4,1,4),(4,1,1,1,1,4),(0.,0.571428571428571,
1.),(-0.0112896459479182,0.843058663762173,1.69740697347226,3.40610359289245,
5.11480021231263,11.9495866899934),.UNSPECIFIED.);
#2410=ADVANCED_FACE('',(#697),#2395,.F.);
#2411=ADVANCED_FACE('',(#698,#87),#602,.F.);
#2412=ADVANCED_FACE('',(#699),#2396,.F.);
#2413=ADVANCED_FACE('',(#700),#58,.F.);
#2414=ADVANCED_FACE('',(#701),#603,.F.);
#2415=ADVANCED_FACE('',(#702),#59,.F.);
#2416=ADVANCED_FACE('',(#703),#604,.F.);
#2417=ADVANCED_FACE('',(#704,#88),#605,.T.);
#2418=ADVANCED_FACE('',(#705),#60,.F.);
#2419=ADVANCED_FACE('',(#706),#2397,.F.);
#2420=ADVANCED_FACE('',(#707),#2398,.T.);
#2421=ADVANCED_FACE('',(#708,#89),#606,.F.);
#2422=ADVANCED_FACE('',(#709),#2399,.T.);
#2423=ADVANCED_FACE('',(#710),#607,.F.);
#2424=ADVANCED_FACE('',(#711),#608,.F.);
#2425=ADVANCED_FACE('',(#712),#609,.F.);
#2426=ADVANCED_FACE('',(#713),#610,.F.);
#2427=ADVANCED_FACE('',(#714),#2400,.T.);
#2428=ADVANCED_FACE('',(#715,#90,#91,#92),#2401,.T.);
#2429=ADVANCED_FACE('',(#716),#61,.F.);
#2430=ADVANCED_FACE('',(#717),#2402,.T.);
#2431=ADVANCED_FACE('',(#718),#62,.F.);
#2432=ADVANCED_FACE('',(#719),#2403,.T.);
#2433=ADVANCED_FACE('',(#720),#63,.F.);
#2434=ADVANCED_FACE('',(#721),#611,.F.);
#2435=ADVANCED_FACE('',(#722),#612,.F.);
#2436=ADVANCED_FACE('',(#723,#93),#613,.F.);
#2437=ADVANCED_FACE('',(#724,#94),#614,.F.);
#2438=ADVANCED_FACE('',(#725,#95),#615,.F.);
#2439=ADVANCED_FACE('',(#726),#616,.F.);
#2440=ADVANCED_FACE('',(#727),#617,.F.);
#2441=ADVANCED_FACE('',(#728),#618,.F.);
#2442=ADVANCED_FACE('',(#729),#619,.F.);
#2443=ADVANCED_FACE('',(#730),#620,.F.);
#2444=ADVANCED_FACE('',(#731),#621,.F.);
#2445=ADVANCED_FACE('',(#732),#622,.F.);
#2446=ADVANCED_FACE('',(#733),#623,.F.);
#2447=ADVANCED_FACE('',(#734),#624,.F.);
#2448=ADVANCED_FACE('',(#735),#625,.F.);
#2449=ADVANCED_FACE('',(#736),#626,.F.);
#2450=ADVANCED_FACE('',(#737),#627,.F.);
#2451=ADVANCED_FACE('',(#738),#628,.F.);
#2452=ADVANCED_FACE('',(#739,#96),#629,.T.);
#2453=ADVANCED_FACE('',(#740,#97),#2404,.T.);
#2454=ADVANCED_FACE('',(#741),#630,.F.);
#2455=ADVANCED_FACE('',(#742),#631,.F.);
#2456=ADVANCED_FACE('',(#743),#2405,.F.);
#2457=ADVANCED_FACE('',(#744),#632,.F.);
#2458=ADVANCED_FACE('',(#745,#98),#2406,.T.);
#2459=ADVANCED_FACE('',(#746),#633,.F.);
#2460=ADVANCED_FACE('',(#747),#634,.F.);
#2461=ADVANCED_FACE('',(#748,#99),#635,.T.);
#2462=ADVANCED_FACE('',(#749),#636,.F.);
#2463=ADVANCED_FACE('',(#750),#637,.F.);
#2464=ADVANCED_FACE('',(#751,#100),#638,.F.);
#2465=ADVANCED_FACE('',(#752),#639,.F.);
#2466=ADVANCED_FACE('',(#753),#640,.F.);
#2467=ADVANCED_FACE('',(#754),#641,.F.);
#2468=ADVANCED_FACE('',(#755,#101),#642,.T.);
#2469=ADVANCED_FACE('',(#756),#643,.F.);
#2470=ADVANCED_FACE('',(#757),#644,.F.);
#2471=ADVANCED_FACE('',(#758),#28,.F.);
#2472=ADVANCED_FACE('',(#759),#64,.F.);
#2473=ADVANCED_FACE('',(#760),#645,.F.);
#2474=ADVANCED_FACE('',(#761),#646,.F.);
#2475=ADVANCED_FACE('',(#762),#65,.F.);
#2476=ADVANCED_FACE('',(#763),#647,.T.);
#2477=ADVANCED_FACE('',(#764),#66,.F.);
#2478=ADVANCED_FACE('',(#765),#648,.T.);
#2479=ADVANCED_FACE('',(#766),#2407,.F.);
#2480=ADVANCED_FACE('',(#767),#2408,.F.);
#2481=ADVANCED_FACE('',(#768),#27,.T.);
#2482=ADVANCED_FACE('',(#769),#2409,.F.);
#2483=ADVANCED_FACE('',(#770,#102),#649,.T.);
#2484=ADVANCED_FACE('',(#771),#67,.F.);
#2485=ADVANCED_FACE('',(#772,#103),#650,.T.);
#2486=ADVANCED_FACE('',(#773),#68,.F.);
#2487=ADVANCED_FACE('',(#774),#69,.F.);
#2488=ADVANCED_FACE('',(#775),#651,.F.);
#2489=ADVANCED_FACE('',(#776),#70,.F.);
#2490=ADVANCED_FACE('',(#777),#652,.F.);
#2491=ADVANCED_FACE('',(#778),#71,.F.);
#2492=ADVANCED_FACE('',(#779),#653,.F.);
#2493=ADVANCED_FACE('',(#780),#654,.F.);
#2494=ADVANCED_FACE('',(#781,#104),#655,.F.);
#2495=ADVANCED_FACE('',(#782),#656,.F.);
#2496=ADVANCED_FACE('',(#783,#105),#657,.F.);
#2497=ADVANCED_FACE('',(#784),#658,.F.);
#2498=ADVANCED_FACE('',(#785),#72,.F.);
#2499=ADVANCED_FACE('',(#786),#659,.F.);
#2500=ADVANCED_FACE('',(#787),#73,.F.);
#2501=ADVANCED_FACE('',(#788),#660,.F.);
#2502=ADVANCED_FACE('',(#789),#74,.F.);
#2503=ADVANCED_FACE('',(#790),#661,.F.);
#2504=ADVANCED_FACE('',(#791),#75,.F.);
#2505=ADVANCED_FACE('',(#792),#662,.T.);
#2506=ADVANCED_FACE('',(#793),#663,.T.);
#2507=ADVANCED_FACE('',(#794),#664,.T.);
#2508=ADVANCED_FACE('',(#795),#665,.T.);
#2509=ADVANCED_FACE('',(#796),#666,.T.);
#2510=ADVANCED_FACE('',(#797),#76,.T.);
#2511=ADVANCED_FACE('',(#798),#667,.T.);
#2512=ADVANCED_FACE('',(#799,#106),#668,.F.);
#2513=ADVANCED_FACE('',(#800),#77,.T.);
#2514=ADVANCED_FACE('',(#801),#669,.T.);
#2515=ADVANCED_FACE('',(#802),#78,.T.);
#2516=ADVANCED_FACE('',(#803),#670,.T.);
#2517=ADVANCED_FACE('',(#804,#107),#671,.F.);
#2518=ADVANCED_FACE('',(#805),#79,.T.);
#2519=ADVANCED_FACE('',(#806),#672,.T.);
#2520=ADVANCED_FACE('',(#807),#80,.T.);
#2521=ADVANCED_FACE('',(#808,#108),#673,.F.);
#2522=ADVANCED_FACE('',(#809),#674,.T.);
#2523=ADVANCED_FACE('',(#810),#81,.T.);
#2524=ADVANCED_FACE('',(#811,#109),#675,.T.);
#2525=ADVANCED_FACE('',(#812,#110,#111),#676,.T.);
#2526=ADVANCED_FACE('',(#813),#677,.T.);
#2527=ADVANCED_FACE('',(#814),#82,.F.);
#2528=ADVANCED_FACE('',(#815),#678,.T.);
#2529=ADVANCED_FACE('',(#816),#83,.F.);
#2530=ADVANCED_FACE('',(#817),#679,.T.);
#2531=ADVANCED_FACE('',(#818,#112),#680,.T.);
#2532=ADVANCED_FACE('',(#819),#681,.T.);
#2533=ADVANCED_FACE('',(#820),#682,.T.);
#2534=ADVANCED_FACE('',(#821,#113),#683,.T.);
#2535=ADVANCED_FACE('',(#822),#684,.T.);
#2536=ADVANCED_FACE('',(#823,#114),#685,.T.);
#2537=ADVANCED_FACE('',(#824),#686,.T.);
#2538=ADVANCED_FACE('',(#825,#115),#687,.T.);
#2539=ADVANCED_FACE('',(#826),#688,.T.);
#2540=ADVANCED_FACE('',(#827),#689,.F.);
#2541=ADVANCED_FACE('',(#828),#690,.F.);
#2542=ADVANCED_FACE('',(#829),#691,.T.);
#2543=ADVANCED_FACE('',(#830),#84,.T.);
#2544=ADVANCED_FACE('',(#831),#85,.T.);
#2545=ADVANCED_FACE('',(#832),#692,.T.);
#2546=ADVANCED_FACE('',(#833),#693,.F.);
#2547=ADVANCED_FACE('',(#834),#694,.T.);
#2548=ADVANCED_FACE('',(#835),#695,.F.);
#2549=ADVANCED_FACE('',(#836),#86,.T.);
#2550=ADVANCED_FACE('',(#837),#696,.T.);
#2551=CLOSED_SHELL('',(#2410,#2411,#2412,#2413,#2414,#2415,#2416,#2417,
#2418,#2419,#2420,#2421,#2422,#2423));
#2552=CLOSED_SHELL('',(#2424,#2425,#2426,#2427,#2428,#2429,#2430,#2431,
#2432,#2433,#2434,#2435,#2436,#2437,#2438,#2439,#2440,#2441,#2442,#2443,
#2444,#2445,#2446,#2447,#2448,#2449));
#2553=CLOSED_SHELL('',(#2450,#2451,#2452,#2453,#2454,#2455,#2456,#2457,
#2458,#2459,#2460,#2461,#2462,#2463,#2464,#2465,#2466,#2467,#2468,#2469,
#2470,#2471,#2472,#2473,#2474,#2475,#2476,#2477,#2478,#2479,#2480,#2481,
#2482,#2483,#2484,#2485,#2486,#2487,#2488,#2489,#2490,#2491,#2492,#2493,
#2494,#2495,#2496));
#2554=CLOSED_SHELL('',(#2497,#2498,#2499,#2500,#2501,#2502,#2503,#2504,
#2505,#2506,#2507,#2508,#2509,#2510,#2511,#2512,#2513,#2514,#2515,#2516,
#2517,#2518,#2519,#2520,#2521,#2522,#2523,#2524,#2525,#2526,#2527,#2528,
#2529,#2530,#2531,#2532,#2533,#2534,#2535,#2536,#2537,#2538,#2539,#2540));
#2555=CLOSED_SHELL('',(#2541,#2542,#2543,#2544,#2545,#2546,#2547));
#2556=CLOSED_SHELL('',(#2548,#2549,#2550));
#2557=DERIVED_UNIT_ELEMENT(#2565,1.);
#2558=DERIVED_UNIT_ELEMENT(#7774,-3.);
#2559=DERIVED_UNIT_ELEMENT(#2565,1.);
#2560=DERIVED_UNIT_ELEMENT(#7774,-3.);
#2561=DERIVED_UNIT_ELEMENT(#2565,1.);
#2562=DERIVED_UNIT_ELEMENT(#7774,-3.);
#2563=DERIVED_UNIT_ELEMENT(#2565,1.);
#2564=DERIVED_UNIT_ELEMENT(#7774,-3.);
#2565=(
MASS_UNIT()
NAMED_UNIT(*)
SI_UNIT(.KILO.,.GRAM.)
);
#2566=DERIVED_UNIT((#2557,#2558));
#2567=DERIVED_UNIT((#2559,#2560));
#2568=DERIVED_UNIT((#2561,#2562));
#2569=DERIVED_UNIT((#2563,#2564));
#2570=MEASURE_REPRESENTATION_ITEM('density measure',
POSITIVE_RATIO_MEASURE(7850.),#2566);
#2571=MEASURE_REPRESENTATION_ITEM('density measure',
POSITIVE_RATIO_MEASURE(7850.),#2567);
#2572=MEASURE_REPRESENTATION_ITEM('density measure',
POSITIVE_RATIO_MEASURE(7850.),#2568);
#2573=MEASURE_REPRESENTATION_ITEM('density measure',
POSITIVE_RATIO_MEASURE(7850.),#2569);
#2574=PROPERTY_DEFINITION_REPRESENTATION(#2594,#2582);
#2575=PROPERTY_DEFINITION_REPRESENTATION(#2595,#2583);
#2576=PROPERTY_DEFINITION_REPRESENTATION(#2596,#2584);
#2577=PROPERTY_DEFINITION_REPRESENTATION(#2597,#2585);
#2578=PROPERTY_DEFINITION_REPRESENTATION(#2598,#2586);
#2579=PROPERTY_DEFINITION_REPRESENTATION(#2599,#2587);
#2580=PROPERTY_DEFINITION_REPRESENTATION(#2600,#2588);
#2581=PROPERTY_DEFINITION_REPRESENTATION(#2601,#2589);
#2582=REPRESENTATION('material name',(#2590),#7768);
#2583=REPRESENTATION('density',(#2570),#7768);
#2584=REPRESENTATION('material name',(#2591),#7769);
#2585=REPRESENTATION('density',(#2571),#7769);
#2586=REPRESENTATION('material name',(#2592),#7770);
#2587=REPRESENTATION('density',(#2572),#7770);
#2588=REPRESENTATION('material name',(#2593),#7771);
#2589=REPRESENTATION('density',(#2573),#7771);
#2590=DESCRIPTIVE_REPRESENTATION_ITEM('Steel','Steel');
#2591=DESCRIPTIVE_REPRESENTATION_ITEM('Steel','Steel');
#2592=DESCRIPTIVE_REPRESENTATION_ITEM('Steel','Steel');
#2593=DESCRIPTIVE_REPRESENTATION_ITEM('Steel','Steel');
#2594=PROPERTY_DEFINITION('material property','material name',#7798);
#2595=PROPERTY_DEFINITION('material property','density of part',#7798);
#2596=PROPERTY_DEFINITION('material property','material name',#7799);
#2597=PROPERTY_DEFINITION('material property','density of part',#7799);
#2598=PROPERTY_DEFINITION('material property','material name',#7800);
#2599=PROPERTY_DEFINITION('material property','density of part',#7800);
#2600=PROPERTY_DEFINITION('material property','material name',#7801);
#2601=PROPERTY_DEFINITION('material property','density of part',#7801);
#2602=AXIS2_PLACEMENT_3D('',#3408,#2799,#2800);
#2603=AXIS2_PLACEMENT_3D('',#3409,#2801,#2802);
#2604=AXIS2_PLACEMENT_3D('',#3451,#2803,#2804);
#2605=AXIS2_PLACEMENT_3D('',#3643,#2806,#2807);
#2606=AXIS2_PLACEMENT_3D('',#3647,#2809,#2810);
#2607=AXIS2_PLACEMENT_3D('',#3745,#2812,#2813);
#2608=AXIS2_PLACEMENT_3D('',#3749,#2815,#2816);
#2609=AXIS2_PLACEMENT_3D('',#3751,#2818,#2819);
#2610=AXIS2_PLACEMENT_3D('',#3755,#2822,#2823);
#2611=AXIS2_PLACEMENT_3D('',#3758,#2825,#2826);
#2612=AXIS2_PLACEMENT_3D('',#3759,#2827,#2828);
#2613=AXIS2_PLACEMENT_3D('',#3761,#2830,#2831);
#2614=AXIS2_PLACEMENT_3D('',#3763,#2832,#2833);
#2615=AXIS2_PLACEMENT_3D('',#3764,#2834,#2835);
#2616=AXIS2_PLACEMENT_3D('',#3766,#2836,#2837);
#2617=AXIS2_PLACEMENT_3D('',#3933,#2839,#2840);
#2618=AXIS2_PLACEMENT_3D('',#4001,#2842,#2843);
#2619=AXIS2_PLACEMENT_3D('',#4002,#2844,#2845);
#2620=AXIS2_PLACEMENT_3D('',#4003,#2846,#2847);
#2621=AXIS2_PLACEMENT_3D('',#4021,#2851,#2852);
#2622=AXIS2_PLACEMENT_3D('',#4044,#2859,#2860);
#2623=AXIS2_PLACEMENT_3D('',#4428,#2864,#2865);
#2624=AXIS2_PLACEMENT_3D('',#4431,#2867,#2868);
#2625=AXIS2_PLACEMENT_3D('',#4614,#2870,#2871);
#2626=AXIS2_PLACEMENT_3D('',#4617,#2873,#2874);
#2627=AXIS2_PLACEMENT_3D('',#4795,#2876,#2877);
#2628=AXIS2_PLACEMENT_3D('',#4798,#2879,#2880);
#2629=AXIS2_PLACEMENT_3D('',#4799,#2881,#2882);
#2630=AXIS2_PLACEMENT_3D('',#4821,#2894,#2895);
#2631=AXIS2_PLACEMENT_3D('',#4824,#2898,#2899);
#2632=AXIS2_PLACEMENT_3D('',#4828,#2902,#2903);
#2633=AXIS2_PLACEMENT_3D('',#4832,#2906,#2907);
#2634=AXIS2_PLACEMENT_3D('',#4841,#2912,#2913);
#2635=AXIS2_PLACEMENT_3D('',#4844,#2916,#2917);
#2636=AXIS2_PLACEMENT_3D('',#4848,#2921,#2922);
#2637=AXIS2_PLACEMENT_3D('',#4850,#2924,#2925);
#2638=AXIS2_PLACEMENT_3D('',#4853,#2928,#2929);
#2639=AXIS2_PLACEMENT_3D('',#4855,#2931,#2932);
#2640=AXIS2_PLACEMENT_3D('',#4856,#2933,#2934);
#2641=AXIS2_PLACEMENT_3D('',#4857,#2935,#2936);
#2642=AXIS2_PLACEMENT_3D('',#4859,#2938,#2939);
#2643=AXIS2_PLACEMENT_3D('',#4860,#2940,#2941);
#2644=AXIS2_PLACEMENT_3D('',#4861,#2942,#2943);
#2645=AXIS2_PLACEMENT_3D('',#4862,#2944,#2945);
#2646=AXIS2_PLACEMENT_3D('',#4863,#2946,#2947);
#2647=AXIS2_PLACEMENT_3D('',#4878,#2951,#2952);
#2648=AXIS2_PLACEMENT_3D('',#4893,#2955,#2956);
#2649=AXIS2_PLACEMENT_3D('',#4898,#2959,#2960);
#2650=AXIS2_PLACEMENT_3D('',#5511,#2961,#2962);
#2651=AXIS2_PLACEMENT_3D('',#5526,#2968,#2969);
#2652=AXIS2_PLACEMENT_3D('',#5558,#2972,#2973);
#2653=AXIS2_PLACEMENT_3D('',#5948,#2979,#2980);
#2654=AXIS2_PLACEMENT_3D('',#5950,#2982,#2983);
#2655=AXIS2_PLACEMENT_3D('',#5954,#2986,#2987);
#2656=AXIS2_PLACEMENT_3D('',#5959,#2990,#2991);
#2657=AXIS2_PLACEMENT_3D('',#5960,#2992,#2993);
#2658=AXIS2_PLACEMENT_3D('',#5962,#2995,#2996);
#2659=AXIS2_PLACEMENT_3D('',#5966,#2999,#3000);
#2660=AXIS2_PLACEMENT_3D('',#5981,#3008,#3009);
#2661=AXIS2_PLACEMENT_3D('',#5983,#3010,#3011);
#2662=AXIS2_PLACEMENT_3D('',#5984,#3012,#3013);
#2663=AXIS2_PLACEMENT_3D('',#5985,#3014,#3015);
#2664=AXIS2_PLACEMENT_3D('',#5989,#3018,#3019);
#2665=AXIS2_PLACEMENT_3D('',#5993,#3022,#3023);
#2666=AXIS2_PLACEMENT_3D('',#5995,#3025,#3026);
#2667=AXIS2_PLACEMENT_3D('',#5997,#3027,#3028);
#2668=AXIS2_PLACEMENT_3D('',#5998,#3029,#3030);
#2669=AXIS2_PLACEMENT_3D('',#6004,#3034,#3035);
#2670=AXIS2_PLACEMENT_3D('',#6023,#3038,#3039);
#2671=AXIS2_PLACEMENT_3D('',#6025,#3040,#3041);
#2672=AXIS2_PLACEMENT_3D('',#6026,#3042,#3043);
#2673=AXIS2_PLACEMENT_3D('',#6027,#3044,#3045);
#2674=AXIS2_PLACEMENT_3D('',#6029,#3046,#3047);
#2675=AXIS2_PLACEMENT_3D('',#6031,#3049,#3050);
#2676=AXIS2_PLACEMENT_3D('',#6035,#3053,#3054);
#2677=AXIS2_PLACEMENT_3D('',#6037,#3056,#3057);
#2678=AXIS2_PLACEMENT_3D('',#6040,#3059,#3060);
#2679=AXIS2_PLACEMENT_3D('',#6041,#3061,#3062);
#2680=AXIS2_PLACEMENT_3D('',#6042,#3063,#3064);
#2681=AXIS2_PLACEMENT_3D('',#6045,#3066,#3067);
#2682=AXIS2_PLACEMENT_3D('',#6046,#3068,#3069);
#2683=AXIS2_PLACEMENT_3D('',#6187,#3070,#3071);
#2684=AXIS2_PLACEMENT_3D('',#7337,#3072,#3073);
#2685=AXIS2_PLACEMENT_3D('',#7372,#3074,#3075);
#2686=AXIS2_PLACEMENT_3D('',#7373,#3076,#3077);
#2687=AXIS2_PLACEMENT_3D('',#7448,#3078,#3079);
#2688=AXIS2_PLACEMENT_3D('',#7450,#3080,#3081);
#2689=AXIS2_PLACEMENT_3D('',#7451,#3082,#3083);
#2690=AXIS2_PLACEMENT_3D('',#7454,#3085,#3086);
#2691=AXIS2_PLACEMENT_3D('',#7455,#3087,#3088);
#2692=AXIS2_PLACEMENT_3D('',#7457,#3089,#3090);
#2693=AXIS2_PLACEMENT_3D('',#7458,#3091,#3092);
#2694=AXIS2_PLACEMENT_3D('',#7461,#3094,#3095);
#2695=AXIS2_PLACEMENT_3D('',#7462,#3096,#3097);
#2696=AXIS2_PLACEMENT_3D('',#7465,#3099,#3100);
#2697=AXIS2_PLACEMENT_3D('',#7466,#3101,#3102);
#2698=AXIS2_PLACEMENT_3D('',#7467,#3103,#3104);
#2699=AXIS2_PLACEMENT_3D('',#7470,#3106,#3107);
#2700=AXIS2_PLACEMENT_3D('',#7471,#3108,#3109);
#2701=AXIS2_PLACEMENT_3D('',#7472,#3110,#3111);
#2702=AXIS2_PLACEMENT_3D('',#7475,#3113,#3114);
#2703=AXIS2_PLACEMENT_3D('',#7476,#3115,#3116);
#2704=AXIS2_PLACEMENT_3D('',#7477,#3117,#3118);
#2705=AXIS2_PLACEMENT_3D('',#7478,#3119,#3120);
#2706=AXIS2_PLACEMENT_3D('',#7479,#3121,#3122);
#2707=AXIS2_PLACEMENT_3D('',#7481,#3124,#3125);
#2708=AXIS2_PLACEMENT_3D('',#7482,#3126,#3127);
#2709=AXIS2_PLACEMENT_3D('',#7483,#3128,#3129);
#2710=AXIS2_PLACEMENT_3D('',#7492,#3134,#3135);
#2711=AXIS2_PLACEMENT_3D('',#7494,#3136,#3137);
#2712=AXIS2_PLACEMENT_3D('',#7496,#3138,#3139);
#2713=AXIS2_PLACEMENT_3D('',#7498,#3141,#3142);
#2714=AXIS2_PLACEMENT_3D('',#7504,#3146,#3147);
#2715=AXIS2_PLACEMENT_3D('',#7505,#3148,#3149);
#2716=AXIS2_PLACEMENT_3D('',#7506,#3150,#3151);
#2717=AXIS2_PLACEMENT_3D('',#7507,#3152,#3153);
#2718=AXIS2_PLACEMENT_3D('',#7516,#3158,#3159);
#2719=AXIS2_PLACEMENT_3D('',#7518,#3160,#3161);
#2720=AXIS2_PLACEMENT_3D('',#7520,#3162,#3163);
#2721=AXIS2_PLACEMENT_3D('',#7522,#3165,#3166);
#2722=AXIS2_PLACEMENT_3D('',#7528,#3170,#3171);
#2723=AXIS2_PLACEMENT_3D('',#7529,#3172,#3173);
#2724=AXIS2_PLACEMENT_3D('',#7530,#3174,#3175);
#2725=AXIS2_PLACEMENT_3D('',#7531,#3176,#3177);
#2726=AXIS2_PLACEMENT_3D('',#7540,#3182,#3183);
#2727=AXIS2_PLACEMENT_3D('',#7546,#3187,#3188);
#2728=AXIS2_PLACEMENT_3D('',#7552,#3192,#3193);
#2729=AXIS2_PLACEMENT_3D('',#7555,#3196,#3197);
#2730=AXIS2_PLACEMENT_3D('',#7556,#3198,#3199);
#2731=AXIS2_PLACEMENT_3D('',#7559,#3200,#3201);
#2732=AXIS2_PLACEMENT_3D('',#7563,#3203,#3204);
#2733=AXIS2_PLACEMENT_3D('',#7565,#3206,#3207);
#2734=AXIS2_PLACEMENT_3D('',#7571,#3211,#3212);
#2735=AXIS2_PLACEMENT_3D('',#7578,#3216,#3217);
#2736=AXIS2_PLACEMENT_3D('',#7581,#3218,#3219);
#2737=AXIS2_PLACEMENT_3D('',#7585,#3221,#3222);
#2738=AXIS2_PLACEMENT_3D('',#7587,#3224,#3225);
#2739=AXIS2_PLACEMENT_3D('',#7589,#3226,#3227);
#2740=AXIS2_PLACEMENT_3D('',#7591,#3229,#3230);
#2741=AXIS2_PLACEMENT_3D('',#7595,#3233,#3234);
#2742=AXIS2_PLACEMENT_3D('',#7598,#3235,#3236);
#2743=AXIS2_PLACEMENT_3D('',#7602,#3238,#3239);
#2744=AXIS2_PLACEMENT_3D('',#7604,#3241,#3242);
#2745=AXIS2_PLACEMENT_3D('',#7610,#3246,#3247);
#2746=AXIS2_PLACEMENT_3D('',#7617,#3251,#3252);
#2747=AXIS2_PLACEMENT_3D('',#7618,#3253,#3254);
#2748=AXIS2_PLACEMENT_3D('',#7620,#3255,#3256);
#2749=AXIS2_PLACEMENT_3D('',#7622,#3258,#3259);
#2750=AXIS2_PLACEMENT_3D('',#7626,#3262,#3263);
#2751=AXIS2_PLACEMENT_3D('',#7629,#3264,#3265);
#2752=AXIS2_PLACEMENT_3D('',#7633,#3267,#3268);
#2753=AXIS2_PLACEMENT_3D('',#7635,#3270,#3271);
#2754=AXIS2_PLACEMENT_3D('',#7639,#3273,#3274);
#2755=AXIS2_PLACEMENT_3D('',#7645,#3278,#3279);
#2756=AXIS2_PLACEMENT_3D('',#7649,#3282,#3283);
#2757=AXIS2_PLACEMENT_3D('',#7651,#3284,#3285);
#2758=AXIS2_PLACEMENT_3D('',#7653,#3287,#3288);
#2759=AXIS2_PLACEMENT_3D('',#7665,#3295,#3296);
#2760=AXIS2_PLACEMENT_3D('',#7674,#3302,#3303);
#2761=AXIS2_PLACEMENT_3D('',#7680,#3307,#3308);
#2762=AXIS2_PLACEMENT_3D('',#7682,#3309,#3310);
#2763=AXIS2_PLACEMENT_3D('',#7684,#3312,#3313);
#2764=AXIS2_PLACEMENT_3D('',#7688,#3316,#3317);
#2765=AXIS2_PLACEMENT_3D('',#7689,#3318,#3319);
#2766=AXIS2_PLACEMENT_3D('',#7690,#3320,#3321);
#2767=AXIS2_PLACEMENT_3D('',#7692,#3323,#3324);
#2768=AXIS2_PLACEMENT_3D('',#7693,#3325,#3326);
#2769=AXIS2_PLACEMENT_3D('',#7697,#3329,#3330);
#2770=AXIS2_PLACEMENT_3D('',#7701,#3333,#3334);
#2771=AXIS2_PLACEMENT_3D('',#7703,#3336,#3337);
#2772=AXIS2_PLACEMENT_3D('',#7705,#3339,#3340);
#2773=AXIS2_PLACEMENT_3D('',#7706,#3341,#3342);
#2774=AXIS2_PLACEMENT_3D('',#7710,#3345,#3346);
#2775=AXIS2_PLACEMENT_3D('',#7714,#3349,#3350);
#2776=AXIS2_PLACEMENT_3D('',#7716,#3352,#3353);
#2777=AXIS2_PLACEMENT_3D('',#7717,#3354,#3355);
#2778=AXIS2_PLACEMENT_3D('',#7719,#3356,#3357);
#2779=AXIS2_PLACEMENT_3D('',#7720,#3358,#3359);
#2780=AXIS2_PLACEMENT_3D('',#7723,#3360,#3361);
#2781=AXIS2_PLACEMENT_3D('',#7725,#3362,#3363);
#2782=AXIS2_PLACEMENT_3D('',#7729,#3365,#3366);
#2783=AXIS2_PLACEMENT_3D('',#7731,#3368,#3369);
#2784=AXIS2_PLACEMENT_3D('',#7735,#3371,#3372);
#2785=AXIS2_PLACEMENT_3D('',#7738,#3375,#3376);
#2786=AXIS2_PLACEMENT_3D('',#7742,#3378,#3379);
#2787=AXIS2_PLACEMENT_3D('',#7744,#3381,#3382);
#2788=AXIS2_PLACEMENT_3D('',#7746,#3384,#3385);
#2789=AXIS2_PLACEMENT_3D('',#7748,#3387,#3388);
#2790=AXIS2_PLACEMENT_3D('',#7749,#3389,#3390);
#2791=AXIS2_PLACEMENT_3D('',#7751,#3391,#3392);
#2792=AXIS2_PLACEMENT_3D('',#7752,#3393,#3394);
#2793=AXIS2_PLACEMENT_3D('',#7754,#3395,#3396);
#2794=AXIS2_PLACEMENT_3D('',#7756,#3398,#3399);
#2795=AXIS2_PLACEMENT_3D('',#7757,#3400,#3401);
#2796=AXIS2_PLACEMENT_3D('',#7758,#3402,#3403);
#2797=AXIS2_PLACEMENT_3D('',#7759,#3404,#3405);
#2798=AXIS2_PLACEMENT_3D('',#7760,#3406,#3407);
#2799=DIRECTION('axis',(0.,0.,1.));
#2800=DIRECTION('refdir',(1.,0.,0.));
#2801=DIRECTION('axis',(0.,0.,1.));
#2802=DIRECTION('refdir',(1.,0.,0.));
#2803=DIRECTION('center_axis',(1.,0.,0.));
#2804=DIRECTION('ref_axis',(0.,0.,-1.));
#2805=DIRECTION('',(0.,1.,0.));
#2806=DIRECTION('center_axis',(1.,0.,0.));
#2807=DIRECTION('ref_axis',(0.,-1.,0.));
#2808=DIRECTION('',(0.,0.0852152196073601,-0.996362567716827));
#2809=DIRECTION('center_axis',(1.,0.,0.));
#2810=DIRECTION('ref_axis',(0.,-1.,0.));
#2811=DIRECTION('',(0.,0.0852152196073601,0.996362567716827));
#2812=DIRECTION('center_axis',(1.,0.,0.));
#2813=DIRECTION('ref_axis',(0.,-1.,0.));
#2814=DIRECTION('',(1.,0.,0.));
#2815=DIRECTION('center_axis',(1.,0.,0.));
#2816=DIRECTION('ref_axis',(0.,-1.,0.));
#2817=DIRECTION('',(1.,0.,0.));
#2818=DIRECTION('center_axis',(0.,0.996362567716827,-0.0852152196073601));
#2819=DIRECTION('ref_axis',(0.,0.0852152196073601,0.996362567716827));
#2820=DIRECTION('',(1.,0.,0.));
#2821=DIRECTION('',(0.,0.0852152196073601,0.996362567716827));
#2822=DIRECTION('center_axis',(1.,0.,0.));
#2823=DIRECTION('ref_axis',(0.,-1.,0.));
#2824=DIRECTION('',(1.,0.,0.));
#2825=DIRECTION('center_axis',(1.,0.,0.));
#2826=DIRECTION('ref_axis',(0.,-1.,0.));
#2827=DIRECTION('center_axis',(0.,-0.996362567716827,-0.0852152196073601));
#2828=DIRECTION('ref_axis',(0.,0.0852152196073601,-0.996362567716827));
#2829=DIRECTION('',(0.,0.0852152196073601,-0.996362567716827));
#2830=DIRECTION('center_axis',(-1.,0.,0.));
#2831=DIRECTION('ref_axis',(0.,-1.,0.));
#2832=DIRECTION('center_axis',(-1.,0.,0.));
#2833=DIRECTION('ref_axis',(0.,1.,0.));
#2834=DIRECTION('center_axis',(-1.,0.,0.));
#2835=DIRECTION('ref_axis',(0.,1.,0.));
#2836=DIRECTION('center_axis',(-1.,0.,0.));
#2837=DIRECTION('ref_axis',(0.,1.,0.));
#2838=DIRECTION('',(-1.,0.,0.));
#2839=DIRECTION('center_axis',(-1.,0.,0.));
#2840=DIRECTION('ref_axis',(0.,0.,1.));
#2841=DIRECTION('',(0.,-1.,0.));
#2842=DIRECTION('center_axis',(0.,0.,1.));
#2843=DIRECTION('ref_axis',(1.,0.,0.));
#2844=DIRECTION('axis',(0.,0.,1.));
#2845=DIRECTION('refdir',(1.,0.,0.));
#2846=DIRECTION('center_axis',(-5.79246795456606E-15,-8.88178419700102E-16,
-1.));
#2847=DIRECTION('ref_axis',(1.,-4.03722948791681E-15,-5.79246795456606E-15));
#2848=DIRECTION('',(3.99680288865056E-15,1.,-8.88178419700125E-16));
#2849=DIRECTION('',(-1.,4.05231403988182E-15,5.79246795456606E-15));
#2850=DIRECTION('',(3.99680288865056E-15,1.,-8.88178419700125E-16));
#2851=DIRECTION('center_axis',(-1.,3.99680288865056E-15,-4.90029472938001E-15));
#2852=DIRECTION('ref_axis',(4.90029472938001E-15,-1.16629062284151E-15,
-1.));
#2853=DIRECTION('',(0.,1.,0.));
#2854=DIRECTION('',(-4.93432455388958E-15,3.31596646943894E-16,1.));
#2855=DIRECTION('',(0.,-1.,0.));
#2856=DIRECTION('',(-4.90029472938001E-15,4.35233602880559E-29,1.));
#2857=DIRECTION('',(3.99680288865056E-15,1.,-1.33226762955019E-15));
#2858=DIRECTION('',(-9.86864910777925E-15,3.31596646943914E-16,1.));
#2859=DIRECTION('center_axis',(-4.82705662880503E-15,0.,1.));
#2860=DIRECTION('ref_axis',(-1.,0.,-4.82705662880503E-15));
#2861=DIRECTION('',(0.,-1.,0.));
#2862=DIRECTION('',(1.,0.,0.));
#2863=DIRECTION('',(-0.708258401189914,0.696186766704189,0.117021463885368));
#2864=DIRECTION('center_axis',(0.,1.,0.));
#2865=DIRECTION('ref_axis',(-1.,0.,0.));
#2866=DIRECTION('',(0.,1.,0.));
#2867=DIRECTION('center_axis',(4.05231403988182E-15,1.,-3.31596646943874E-16));
#2868=DIRECTION('ref_axis',(-1.,0.,0.));
#2869=DIRECTION('',(-0.712786026730611,0.70063678323493,0.0323137443791084));
#2870=DIRECTION('center_axis',(0.,1.,0.));
#2871=DIRECTION('ref_axis',(-1.,0.,0.));
#2872=DIRECTION('',(0.,1.,0.));
#2873=DIRECTION('center_axis',(4.05231403988182E-15,1.,-3.31596646943874E-16));
#2874=DIRECTION('ref_axis',(-1.,0.,0.));
#2875=DIRECTION('',(-0.668574033916009,0.696001887464161,-0.261897181771016));
#2876=DIRECTION('center_axis',(0.,1.,0.));
#2877=DIRECTION('ref_axis',(-1.,0.,0.));
#2878=DIRECTION('',(0.,1.,0.));
#2879=DIRECTION('center_axis',(4.05231403988182E-15,1.,-3.31596646943874E-16));
#2880=DIRECTION('ref_axis',(-1.,0.,0.));
#2881=DIRECTION('center_axis',(-8.88178419700124E-15,-1.,0.));
#2882=DIRECTION('ref_axis',(0.,0.,-1.));
#2883=DIRECTION('',(1.,-8.88178419700124E-15,-5.31843365089889E-16));
#2884=DIRECTION('',(-6.57909940518611E-15,5.84341411274823E-29,1.));
#2885=DIRECTION('',(1.,-8.88178419700124E-15,-5.31843365089889E-16));
#2886=DIRECTION('',(4.90029472938001E-15,-4.35233602880559E-29,-1.));
#2887=DIRECTION('',(1.,-8.88178419700124E-15,3.7794826370218E-15));
#2888=DIRECTION('',(4.90029472938001E-15,-2.1761680144028E-29,-1.));
#2889=DIRECTION('',(-1.,8.88178419700124E-15,-5.66922395553271E-15));
#2890=DIRECTION('',(4.90029472938001E-15,-4.35233602880559E-29,-1.));
#2891=DIRECTION('',(-1.,8.88178419700124E-15,5.31843365089889E-16));
#2892=DIRECTION('',(4.93432455388958E-15,-4.38256058456117E-29,-1.));
#2893=DIRECTION('',(-1.,8.88178419700124E-15,5.31843365089889E-16));
#2894=DIRECTION('center_axis',(5.31843365089901E-16,1.33226762955019E-15,
1.));
#2895=DIRECTION('ref_axis',(-1.,4.02004011474736E-15,5.31843365089896E-16));
#2896=DIRECTION('',(8.76512116912234E-30,1.,-1.33226762955019E-15));
#2897=DIRECTION('',(3.99680288865056E-15,1.,-1.33226762955019E-15));
#2898=DIRECTION('center_axis',(-4.05231403988182E-15,-1.,3.31596646943874E-16));
#2899=DIRECTION('ref_axis',(4.8898486590892E-15,-3.31596646943893E-16,-1.));
#2900=DIRECTION('',(6.57909940518611E-15,-3.315966469439E-16,-1.));
#2901=DIRECTION('',(-1.,4.05231403988181E-15,-5.79246795456603E-15));
#2902=DIRECTION('center_axis',(-4.05231403988182E-15,-1.,3.31596646943874E-16));
#2903=DIRECTION('ref_axis',(4.8898486590892E-15,-3.31596646943893E-16,-1.));
#2904=DIRECTION('',(4.93432455388957E-15,-3.31596646943894E-16,-1.));
#2905=DIRECTION('',(1.,-3.88578058618806E-15,0.));
#2906=DIRECTION('center_axis',(-4.05231403988182E-15,-1.,3.31596646943874E-16));
#2907=DIRECTION('ref_axis',(4.8898486590892E-15,-3.31596646943893E-16,-1.));
#2908=DIRECTION('',(4.98467480443948E-15,-3.31596646943894E-16,-1.));
#2909=DIRECTION('',(-1.,4.05231403988181E-15,-5.66922395553271E-15));
#2910=DIRECTION('',(-4.98467480443947E-15,3.31596646943894E-16,1.));
#2911=DIRECTION('',(1.,-4.05231403988181E-15,3.7794826370218E-15));
#2912=DIRECTION('center_axis',(1.,-3.99680288865056E-15,4.93432455388958E-15));
#2913=DIRECTION('ref_axis',(-4.93432455388957E-15,1.11559474641281E-15,
1.));
#2914=DIRECTION('',(-3.99680288865056E-15,-1.,8.88178419700125E-16));
#2915=DIRECTION('',(-3.99680288865057E-15,-1.,1.33226762955019E-15));
#2916=DIRECTION('center_axis',(5.66922395553271E-15,0.,-1.));
#2917=DIRECTION('ref_axis',(1.,-9.32723131997613E-33,5.66922395553271E-15));
#2918=DIRECTION('',(0.,1.,0.));
#2919=DIRECTION('',(-3.99680288865056E-15,-1.,-2.26587706818801E-29));
#2920=DIRECTION('',(0.,1.,0.));
#2921=DIRECTION('center_axis',(1.,0.,4.98467480443948E-15));
#2922=DIRECTION('ref_axis',(-4.98467480443948E-15,0.,1.));
#2923=DIRECTION('',(0.,1.,0.));
#2924=DIRECTION('center_axis',(-3.7794826370218E-15,0.,1.));
#2925=DIRECTION('ref_axis',(-1.,1.82096254539227E-31,-3.7794826370218E-15));
#2926=DIRECTION('',(0.,-1.,0.));
#2927=DIRECTION('',(-3.99680288865056E-15,-1.,-1.51058471212534E-29));
#2928=DIRECTION('center_axis',(1.,0.,6.57909940518611E-15));
#2929=DIRECTION('ref_axis',(-6.57909940518611E-15,2.56996070515086E-17,
1.));
#2930=DIRECTION('',(-1.18329135783152E-29,-1.,1.33226762955019E-15));
#2931=DIRECTION('center_axis',(-1.,0.,-4.98467480443947E-15));
#2932=DIRECTION('ref_axis',(4.98467480443947E-15,-8.28586131765796E-32,
-1.));
#2933=DIRECTION('center_axis',(1.,-3.99680288865056E-15,4.90029472938001E-15));
#2934=DIRECTION('ref_axis',(-4.90029472938001E-15,1.20282322223509E-15,
1.));
#2935=DIRECTION('center_axis',(1.,-3.99680288865056E-15,4.90029472938001E-15));
#2936=DIRECTION('ref_axis',(-4.90029472938001E-15,1.20282322223509E-15,
1.));
#2937=DIRECTION('',(3.99680288865056E-15,1.,-1.33226762955019E-15));
#2938=DIRECTION('center_axis',(5.79246795456603E-15,0.,-1.));
#2939=DIRECTION('ref_axis',(1.,-1.2783518614422E-18,5.79246795456603E-15));
#2940=DIRECTION('center_axis',(3.59519631134526E-30,8.88178419700125E-16,
1.));
#2941=DIRECTION('ref_axis',(-1.,4.06665915302502E-15,-1.67225886475504E-32));
#2942=DIRECTION('center_axis',(-5.31843365089901E-16,-1.33226762955019E-15,
-1.));
#2943=DIRECTION('ref_axis',(1.,-4.05176003637652E-15,-5.31843365089896E-16));
#2944=DIRECTION('axis',(0.,0.,1.));
#2945=DIRECTION('refdir',(1.,0.,0.));
#2946=DIRECTION('center_axis',(-1.,4.44089209850063E-15,-4.8898486590892E-15));
#2947=DIRECTION('ref_axis',(4.8898486590892E-15,-3.31596646943893E-16,-1.));
#2948=DIRECTION('',(4.44089209850063E-15,1.,0.));
#2949=DIRECTION('',(-4.8898486590892E-15,3.31596646943893E-16,1.));
#2950=DIRECTION('',(-4.44089209850063E-15,-1.,0.));
#2951=DIRECTION('center_axis',(-4.8898486590892E-15,2.17152902730131E-29,
1.));
#2952=DIRECTION('ref_axis',(-1.,4.05231403988181E-15,-4.8898486590892E-15));
#2953=DIRECTION('',(1.,-4.05231403988181E-15,4.8898486590892E-15));
#2954=DIRECTION('',(-4.44089209850063E-15,-1.,0.));
#2955=DIRECTION('center_axis',(-4.05231403988182E-15,-1.,3.31596646943874E-16));
#2956=DIRECTION('ref_axis',(4.8898486590892E-15,-3.31596646943893E-16,-1.));
#2957=DIRECTION('',(1.,-4.05231403988181E-15,4.8898486590892E-15));
#2958=DIRECTION('',(4.8898486590892E-15,-3.31596646943893E-16,-1.));
#2959=DIRECTION('center_axis',(4.05231403988182E-15,1.,-3.31596646943874E-16));
#2960=DIRECTION('ref_axis',(-1.,0.,0.));
#2961=DIRECTION('center_axis',(0.,0.,1.));
#2962=DIRECTION('ref_axis',(1.,0.,0.));
#2963=DIRECTION('',(-4.44089209850063E-15,-1.,0.));
#2964=DIRECTION('',(1.,-4.05231403988182E-15,0.));
#2965=DIRECTION('',(0.,1.,0.));
#2966=DIRECTION('',(-1.,0.,0.));
#2967=DIRECTION('',(0.,1.,0.));
#2968=DIRECTION('center_axis',(1.,-4.44089209850063E-15,4.8898486590892E-15));
#2969=DIRECTION('ref_axis',(-4.8898486590892E-15,3.31596646943893E-16,1.));
#2970=DIRECTION('',(4.44089209850063E-15,1.,0.));
#2971=DIRECTION('',(4.8898486590892E-15,-3.31596646943893E-16,-1.));
#2972=DIRECTION('center_axis',(-1.,0.,0.));
#2973=DIRECTION('ref_axis',(0.,0.,1.));
#2974=DIRECTION('',(0.,3.31596646943874E-16,1.));
#2975=DIRECTION('',(0.,1.,-2.17152902730131E-29));
#2976=DIRECTION('',(0.,3.31596646943874E-16,1.));
#2977=DIRECTION('',(0.,1.,-2.17152902730131E-29));
#2978=DIRECTION('',(0.,-1.,0.));
#2979=DIRECTION('center_axis',(0.,0.,1.));
#2980=DIRECTION('ref_axis',(1.,0.,0.));
#2981=DIRECTION('',(0.,-1.,0.));
#2982=DIRECTION('center_axis',(4.8898486590892E-15,-2.17152902730131E-29,
-1.));
#2983=DIRECTION('ref_axis',(1.,-4.05231403988181E-15,4.8898486590892E-15));
#2984=DIRECTION('',(1.,-3.72558061954753E-15,0.));
#2985=DIRECTION('',(-4.44089209850063E-15,-1.,0.));
#2986=DIRECTION('center_axis',(-4.05231403988182E-15,-1.,3.31596646943874E-16));
#2987=DIRECTION('ref_axis',(4.8898486590892E-15,-3.31596646943893E-16,-1.));
#2988=DIRECTION('',(-1.,4.05231403988181E-15,-4.8898486590892E-15));
#2989=DIRECTION('',(-4.8898486590892E-15,3.31596646943893E-16,1.));
#2990=DIRECTION('center_axis',(4.05231403988182E-15,1.,-3.31596646943874E-16));
#2991=DIRECTION('ref_axis',(-1.,0.,0.));
#2992=DIRECTION('center_axis',(-1.,4.44089209850063E-15,-4.8898486590892E-15));
#2993=DIRECTION('ref_axis',(4.8898486590892E-15,-3.31596646943893E-16,-1.));
#2994=DIRECTION('',(-4.44089209850063E-15,-1.,0.));
#2995=DIRECTION('center_axis',(-4.8898486590892E-15,2.17152902730131E-29,
1.));
#2996=DIRECTION('ref_axis',(-1.,4.05231403988181E-15,-4.8898486590892E-15));
#2997=DIRECTION('',(-4.44089209850063E-15,-1.,0.));
#2998=DIRECTION('',(-1.,4.44089209850062E-15,0.));
#2999=DIRECTION('center_axis',(-1.,4.44089209850063E-15,-4.8898486590892E-15));
#3000=DIRECTION('ref_axis',(4.8898486590892E-15,-3.31596646943893E-16,-1.));
#3001=DIRECTION('',(-4.44089209850063E-15,-1.,0.));
#3002=DIRECTION('',(-4.8898486590892E-15,3.31596646943893E-16,1.));
#3003=DIRECTION('',(-4.44089209850063E-15,-1.,0.));
#3004=DIRECTION('',(4.44089209850063E-15,1.,0.));
#3005=DIRECTION('',(0.,0.,1.));
#3006=DIRECTION('',(0.,-1.,0.));
#3007=DIRECTION('',(0.,0.,-1.));
#3008=DIRECTION('center_axis',(1.,-4.44089209850063E-15,4.8898486590892E-15));
#3009=DIRECTION('ref_axis',(4.93039848556928E-15,-3.70629808679421E-14,
-1.));
#3010=DIRECTION('center_axis',(1.,-4.44089209850063E-15,4.8898486590892E-15));
#3011=DIRECTION('ref_axis',(4.93039848556928E-15,-3.70629808679421E-14,
-1.));
#3012=DIRECTION('center_axis',(1.,-4.44089209850063E-15,4.8898486590892E-15));
#3013=DIRECTION('ref_axis',(4.93039848556928E-15,-3.70629808679421E-14,
-1.));
#3014=DIRECTION('center_axis',(-4.8898486590892E-15,2.17152902730131E-29,
1.));
#3015=DIRECTION('ref_axis',(-1.,4.05231403988181E-15,-4.8898486590892E-15));
#3016=DIRECTION('',(-4.44089209850063E-15,-1.,0.));
#3017=DIRECTION('',(1.,-4.05231403988181E-15,4.8898486590892E-15));
#3018=DIRECTION('center_axis',(4.8898486590892E-15,-2.17152902730131E-29,
-1.));
#3019=DIRECTION('ref_axis',(1.,-4.05231403988181E-15,4.8898486590892E-15));
#3020=DIRECTION('',(1.,-4.05231403988181E-15,4.8898486590892E-15));
#3021=DIRECTION('',(-4.44089209850063E-15,-1.,0.));
#3022=DIRECTION('center_axis',(-1.,4.44089209850063E-15,-4.8898486590892E-15));
#3023=DIRECTION('ref_axis',(4.8898486590892E-15,-3.31596646943893E-16,-1.));
#3024=DIRECTION('',(-4.8898486590892E-15,3.31596646943893E-16,1.));
#3025=DIRECTION('center_axis',(-4.05231403988182E-15,-1.,3.31596646943874E-16));
#3026=DIRECTION('ref_axis',(4.8898486590892E-15,-3.31596646943893E-16,-1.));
#3027=DIRECTION('center_axis',(4.05231403988182E-15,1.,-3.31596646943874E-16));
#3028=DIRECTION('ref_axis',(-1.,0.,0.));
#3029=DIRECTION('center_axis',(4.8898486590892E-15,-2.17152902730131E-29,
-1.));
#3030=DIRECTION('ref_axis',(1.,-4.05231403988181E-15,4.8898486590892E-15));
#3031=DIRECTION('',(1.,-4.05231403988181E-15,4.8898486590892E-15));
#3032=DIRECTION('',(0.,1.,-2.17152902730131E-29));
#3033=DIRECTION('',(1.,0.,4.8898486590892E-15));
#3034=DIRECTION('center_axis',(0.,-1.,0.));
#3035=DIRECTION('ref_axis',(-1.,0.,0.));
#3036=DIRECTION('',(0.,0.,-1.));
#3037=DIRECTION('',(-1.,4.44089209850062E-15,0.));
#3038=DIRECTION('center_axis',(0.227063823035611,2.42902898088154E-13,0.97387987979445));
#3039=DIRECTION('ref_axis',(0.97387987979445,-1.27405575920385E-14,-0.227063823035611));
#3040=DIRECTION('center_axis',(-1.,4.44089209850063E-15,-4.8898486590892E-15));
#3041=DIRECTION('ref_axis',(4.93039848556928E-15,-3.70629808679421E-14,
-1.));
#3042=DIRECTION('center_axis',(0.227063823035611,2.42902898088154E-13,0.97387987979445));
#3043=DIRECTION('ref_axis',(0.97387987979445,-1.27405575920385E-14,-0.227063823035611));
#3044=DIRECTION('center_axis',(0.90630778703665,-1.01030295240889E-13,-0.422618261740699));
#3045=DIRECTION('ref_axis',(-9.41918451022852E-14,-1.,3.70629808679416E-14));
#3046=DIRECTION('center_axis',(1.,0.,0.));
#3047=DIRECTION('ref_axis',(0.,-3.70629808679416E-14,-1.));
#3048=DIRECTION('',(0.90630778703665,-1.01030295240889E-13,-0.422618261740699));
#3049=DIRECTION('center_axis',(1.,0.,0.));
#3050=DIRECTION('ref_axis',(0.,-1.,0.));
#3051=DIRECTION('',(0.,0.,-1.));
#3052=DIRECTION('',(0.,-1.,0.));
#3053=DIRECTION('center_axis',(0.,0.,-1.));
#3054=DIRECTION('ref_axis',(-1.,0.,0.));
#3055=DIRECTION('',(1.,0.,0.));
#3056=DIRECTION('center_axis',(0.,0.,1.));
#3057=DIRECTION('ref_axis',(1.,0.,0.));
#3058=DIRECTION('',(0.,0.,1.));
#3059=DIRECTION('center_axis',(0.,0.,1.));
#3060=DIRECTION('ref_axis',(1.,0.,0.));
#3061=DIRECTION('center_axis',(0.,0.,-1.));
#3062=DIRECTION('ref_axis',(1.,0.,0.));
#3063=DIRECTION('center_axis',(0.,0.,1.));
#3064=DIRECTION('ref_axis',(1.,0.,0.));
#3065=DIRECTION('',(0.,0.,1.));
#3066=DIRECTION('center_axis',(0.,0.,1.));
#3067=DIRECTION('ref_axis',(1.,0.,0.));
#3068=DIRECTION('center_axis',(0.,0.,-1.));
#3069=DIRECTION('ref_axis',(1.,0.,0.));
#3070=DIRECTION('center_axis',(-1.60583587454205E-16,0.712077966395703,
-0.702100398642359));
#3071=DIRECTION('ref_axis',(0.309130452621582,0.667711271164718,0.677200134097426));
#3072=DIRECTION('center_axis',(1.61022688802038E-16,-0.714025079421097,
-0.700120122520198));
#3073=DIRECTION('ref_axis',(1.,2.25514051876986E-16,0.));
#3074=DIRECTION('center_axis',(0.,0.,1.));
#3075=DIRECTION('ref_axis',(1.,0.,0.));
#3076=DIRECTION('center_axis',(0.909607051490333,0.000252798264649115,-0.415469551197317));
#3077=DIRECTION('ref_axis',(0.310230003515922,-0.665577266968239,0.678796174572015));
#3078=DIRECTION('center_axis',(1.,2.27550482399007E-16,-7.56202954660321E-19));
#3079=DIRECTION('ref_axis',(-7.56202954660322E-19,0.,-1.));
#3080=DIRECTION('center_axis',(-1.,-2.27550482399007E-16,7.56202954660321E-19));
#3081=DIRECTION('ref_axis',(0.,1.,0.));
#3082=DIRECTION('center_axis',(-1.,0.,0.));
#3083=DIRECTION('ref_axis',(0.,1.,0.));
#3084=DIRECTION('',(-1.,0.,0.));
#3085=DIRECTION('center_axis',(-1.,0.,0.));
#3086=DIRECTION('ref_axis',(0.,1.,0.));
#3087=DIRECTION('center_axis',(1.,0.,0.));
#3088=DIRECTION('ref_axis',(0.,1.,0.));
#3089=DIRECTION('center_axis',(1.,0.,0.));
#3090=DIRECTION('ref_axis',(0.,1.,0.));
#3091=DIRECTION('center_axis',(-1.,0.,0.));
#3092=DIRECTION('ref_axis',(0.,1.,0.));
#3093=DIRECTION('',(-1.,0.,0.));
#3094=DIRECTION('center_axis',(1.,0.,0.));
#3095=DIRECTION('ref_axis',(0.,1.,0.));
#3096=DIRECTION('center_axis',(0.,1.,0.));
#3097=DIRECTION('ref_axis',(-1.,0.,0.));
#3098=DIRECTION('',(0.,1.,0.));
#3099=DIRECTION('center_axis',(0.,1.,0.));
#3100=DIRECTION('ref_axis',(-1.,0.,0.));
#3101=DIRECTION('center_axis',(0.,1.,0.));
#3102=DIRECTION('ref_axis',(-1.,0.,0.));
#3103=DIRECTION('center_axis',(0.,1.,0.));
#3104=DIRECTION('ref_axis',(-1.,0.,0.));
#3105=DIRECTION('',(0.,1.,0.));
#3106=DIRECTION('center_axis',(0.,1.,0.));
#3107=DIRECTION('ref_axis',(-1.,0.,0.));
#3108=DIRECTION('center_axis',(0.,1.,0.));
#3109=DIRECTION('ref_axis',(-1.,0.,0.));
#3110=DIRECTION('center_axis',(0.,1.,0.));
#3111=DIRECTION('ref_axis',(-1.,0.,0.));
#3112=DIRECTION('',(0.,1.,0.));
#3113=DIRECTION('center_axis',(0.,1.,0.));
#3114=DIRECTION('ref_axis',(-1.,0.,0.));
#3115=DIRECTION('center_axis',(0.,1.,0.));
#3116=DIRECTION('ref_axis',(-1.,0.,0.));
#3117=DIRECTION('center_axis',(4.05231403988182E-15,1.,-3.31596646943874E-16));
#3118=DIRECTION('ref_axis',(4.8898486590892E-15,-3.31596646943893E-16,-1.));
#3119=DIRECTION('center_axis',(1.,0.,0.));
#3120=DIRECTION('ref_axis',(0.,0.,-1.));
#3121=DIRECTION('center_axis',(0.,0.,1.));
#3122=DIRECTION('ref_axis',(1.,0.,0.));
#3123=DIRECTION('',(0.,1.,0.));
#3124=DIRECTION('center_axis',(1.,0.,0.));
#3125=DIRECTION('ref_axis',(0.,0.,-1.));
#3126=DIRECTION('axis',(0.,0.,1.));
#3127=DIRECTION('refdir',(1.,0.,0.));
#3128=DIRECTION('center_axis',(-1.,0.,0.));
#3129=DIRECTION('ref_axis',(0.,0.,-1.));
#3130=DIRECTION('',(0.,-1.,0.));
#3131=DIRECTION('',(0.,0.,-1.));
#3132=DIRECTION('',(0.,1.,0.));
#3133=DIRECTION('',(0.,0.,1.));
#3134=DIRECTION('center_axis',(0.,-1.,0.));
#3135=DIRECTION('ref_axis',(0.707106781186547,0.,-0.707106781186547));
#3136=DIRECTION('center_axis',(0.,1.,0.));
#3137=DIRECTION('ref_axis',(0.707106781186547,0.,-0.707106781186547));
#3138=DIRECTION('center_axis',(0.,-1.,0.));
#3139=DIRECTION('ref_axis',(-0.707106781186547,0.,-0.707106781186547));
#3140=DIRECTION('',(0.,1.,0.));
#3141=DIRECTION('center_axis',(1.,0.,0.));
#3142=DIRECTION('ref_axis',(0.,0.,1.));
#3143=DIRECTION('',(0.,0.,-1.));
#3144=DIRECTION('',(0.,-1.,0.));
#3145=DIRECTION('',(0.,0.,1.));
#3146=DIRECTION('center_axis',(0.,-1.,0.));
#3147=DIRECTION('ref_axis',(-0.707106781186547,0.,0.707106781186547));
#3148=DIRECTION('center_axis',(0.,1.,0.));
#3149=DIRECTION('ref_axis',(-0.707106781186547,0.,0.707106781186547));
#3150=DIRECTION('center_axis',(0.,-1.,0.));
#3151=DIRECTION('ref_axis',(0.707106781186547,0.,0.707106781186547));
#3152=DIRECTION('center_axis',(1.,0.,0.));
#3153=DIRECTION('ref_axis',(0.,0.,1.));
#3154=DIRECTION('',(0.,-1.,0.));
#3155=DIRECTION('',(0.,0.,1.));
#3156=DIRECTION('',(0.,1.,0.));
#3157=DIRECTION('',(0.,0.,-1.));
#3158=DIRECTION('center_axis',(0.,-1.,0.));
#3159=DIRECTION('ref_axis',(-0.707106781186547,0.,0.707106781186547));
#3160=DIRECTION('center_axis',(0.,1.,0.));
#3161=DIRECTION('ref_axis',(-0.707106781186547,0.,0.707106781186547));
#3162=DIRECTION('center_axis',(0.,-1.,0.));
#3163=DIRECTION('ref_axis',(0.707106781186547,0.,0.707106781186547));
#3164=DIRECTION('',(0.,1.,0.));
#3165=DIRECTION('center_axis',(-1.,0.,0.));
#3166=DIRECTION('ref_axis',(0.,0.,-1.));
#3167=DIRECTION('',(0.,0.,1.));
#3168=DIRECTION('',(0.,-1.,0.));
#3169=DIRECTION('',(0.,0.,-1.));
#3170=DIRECTION('center_axis',(0.,-1.,0.));
#3171=DIRECTION('ref_axis',(0.707106781186547,0.,-0.707106781186547));
#3172=DIRECTION('center_axis',(0.,1.,0.));
#3173=DIRECTION('ref_axis',(0.707106781186547,0.,-0.707106781186547));
#3174=DIRECTION('center_axis',(0.,-1.,0.));
#3175=DIRECTION('ref_axis',(-0.707106781186548,0.,-0.707106781186547));
#3176=DIRECTION('center_axis',(0.,-1.,0.));
#3177=DIRECTION('ref_axis',(0.,0.,1.));
#3178=DIRECTION('',(0.,0.,-1.));
#3179=DIRECTION('',(-1.,0.,0.));
#3180=DIRECTION('',(0.,0.,1.));
#3181=DIRECTION('',(-1.,0.,0.));
#3182=DIRECTION('center_axis',(0.,0.,-1.));
#3183=DIRECTION('ref_axis',(0.,-1.,0.));
#3184=DIRECTION('',(0.,1.,0.));
#3185=DIRECTION('',(0.,-1.,0.));
#3186=DIRECTION('',(-1.,0.,0.));
#3187=DIRECTION('center_axis',(0.,1.,0.));
#3188=DIRECTION('ref_axis',(0.,0.,-1.));
#3189=DIRECTION('',(0.,0.,1.));
#3190=DIRECTION('',(0.,0.,-1.));
#3191=DIRECTION('',(-1.,0.,0.));
#3192=DIRECTION('center_axis',(0.,0.,1.));
#3193=DIRECTION('ref_axis',(0.,1.,0.));
#3194=DIRECTION('',(0.,-1.,0.));
#3195=DIRECTION('',(0.,1.,0.));
#3196=DIRECTION('center_axis',(-1.,0.,0.));
#3197=DIRECTION('ref_axis',(0.,0.,1.));
#3198=DIRECTION('center_axis',(0.,-1.,0.));
#3199=DIRECTION('ref_axis',(0.707106781186548,0.,0.707106781186548));
#3200=DIRECTION('center_axis',(0.,1.,0.));
#3201=DIRECTION('ref_axis',(0.707106781186548,0.,0.707106781186548));
#3202=DIRECTION('',(0.,1.,0.));
#3203=DIRECTION('center_axis',(0.,-1.,0.));
#3204=DIRECTION('ref_axis',(0.707106781186548,0.,0.707106781186548));
#3205=DIRECTION('',(0.,-1.,0.));
#3206=DIRECTION('center_axis',(0.,0.,1.));
#3207=DIRECTION('ref_axis',(-1.,0.,0.));
#3208=DIRECTION('',(1.,0.,0.));
#3209=DIRECTION('',(0.,1.,0.));
#3210=DIRECTION('',(-1.,0.,0.));
#3211=DIRECTION('center_axis',(0.,-1.,0.));
#3212=DIRECTION('ref_axis',(-1.,0.,0.));
#3213=DIRECTION('',(0.,0.,-1.));
#3214=DIRECTION('',(1.,0.,0.));
#3215=DIRECTION('',(0.,0.,1.));
#3216=DIRECTION('center_axis',(0.,-1.,0.));
#3217=DIRECTION('ref_axis',(-0.707106781186551,0.,0.707106781186544));
#3218=DIRECTION('center_axis',(0.,-1.,0.));
#3219=DIRECTION('ref_axis',(-1.77635683940025E-15,0.,1.));
#3220=DIRECTION('',(1.,0.,0.));
#3221=DIRECTION('center_axis',(0.,-1.,0.));
#3222=DIRECTION('ref_axis',(1.77635683940025E-15,0.,-1.));
#3223=DIRECTION('',(-1.,0.,0.));
#3224=DIRECTION('center_axis',(0.,-1.,0.));
#3225=DIRECTION('ref_axis',(-0.707106781186551,0.,0.707106781186544));
#3226=DIRECTION('center_axis',(0.,1.,0.));
#3227=DIRECTION('ref_axis',(-0.707106781186551,0.,0.707106781186544));
#3228=DIRECTION('',(0.,-1.,0.));
#3229=DIRECTION('center_axis',(-1.,0.,0.));
#3230=DIRECTION('ref_axis',(0.,0.,-1.));
#3231=DIRECTION('',(0.,1.,0.));
#3232=DIRECTION('',(0.,0.,-1.));
#3233=DIRECTION('center_axis',(0.,-1.,0.));
#3234=DIRECTION('ref_axis',(-0.707106781186549,0.,0.707106781186546));
#3235=DIRECTION('center_axis',(0.,1.,0.));
#3236=DIRECTION('ref_axis',(-0.707106781186549,0.,0.707106781186546));
#3237=DIRECTION('',(0.,1.,0.));
#3238=DIRECTION('center_axis',(0.,-1.,0.));
#3239=DIRECTION('ref_axis',(-0.707106781186549,0.,0.707106781186546));
#3240=DIRECTION('',(0.,-1.,0.));
#3241=DIRECTION('center_axis',(-1.,0.,0.));
#3242=DIRECTION('ref_axis',(0.,0.,-1.));
#3243=DIRECTION('',(0.,0.,1.));
#3244=DIRECTION('',(0.,1.,0.));
#3245=DIRECTION('',(0.,0.,-1.));
#3246=DIRECTION('center_axis',(0.,-1.,0.));
#3247=DIRECTION('ref_axis',(-1.,0.,0.));
#3248=DIRECTION('',(1.,0.,0.));
#3249=DIRECTION('',(0.,0.,1.));
#3250=DIRECTION('',(-1.,0.,0.));
#3251=DIRECTION('center_axis',(0.,-1.,0.));
#3252=DIRECTION('ref_axis',(-0.707106781186548,0.,-0.707106781186547));
#3253=DIRECTION('center_axis',(0.,-1.,0.));
#3254=DIRECTION('ref_axis',(-0.707106781186548,0.,-0.707106781186547));
#3255=DIRECTION('center_axis',(0.,1.,0.));
#3256=DIRECTION('ref_axis',(-0.707106781186548,0.,-0.707106781186547));
#3257=DIRECTION('',(0.,-1.,0.));
#3258=DIRECTION('center_axis',(0.,0.,-1.));
#3259=DIRECTION('ref_axis',(1.,0.,0.));
#3260=DIRECTION('',(0.,1.,0.));
#3261=DIRECTION('',(1.,0.,0.));
#3262=DIRECTION('center_axis',(0.,1.,0.));
#3263=DIRECTION('ref_axis',(0.707106781186548,0.,0.707106781186548));
#3264=DIRECTION('center_axis',(0.,-1.,0.));
#3265=DIRECTION('ref_axis',(0.707106781186548,0.,0.707106781186548));
#3266=DIRECTION('',(0.,-1.,0.));
#3267=DIRECTION('center_axis',(0.,1.,0.));
#3268=DIRECTION('ref_axis',(0.707106781186548,0.,0.707106781186548));
#3269=DIRECTION('',(0.,1.,0.));
#3270=DIRECTION('center_axis',(0.,-1.,0.));
#3271=DIRECTION('ref_axis',(-1.,0.,0.));
#3272=DIRECTION('',(0.,0.,-1.));
#3273=DIRECTION('center_axis',(0.,-1.,0.));
#3274=DIRECTION('ref_axis',(0.707106781186546,0.,-0.707106781186549));
#3275=DIRECTION('',(-1.,0.,0.));
#3276=DIRECTION('',(0.,0.,-1.));
#3277=DIRECTION('',(1.,0.,0.));
#3278=DIRECTION('center_axis',(1.,0.,0.));
#3279=DIRECTION('ref_axis',(0.,0.,1.));
#3280=DIRECTION('',(0.,0.,1.));
#3281=DIRECTION('',(0.,-1.,0.));
#3282=DIRECTION('center_axis',(0.,-1.,0.));
#3283=DIRECTION('ref_axis',(0.707106781186546,0.,-0.707106781186549));
#3284=DIRECTION('center_axis',(0.,1.,0.));
#3285=DIRECTION('ref_axis',(0.707106781186546,0.,-0.707106781186549));
#3286=DIRECTION('',(0.,1.,0.));
#3287=DIRECTION('center_axis',(0.,0.,1.));
#3288=DIRECTION('ref_axis',(1.,0.,0.));
#3289=DIRECTION('',(0.,-1.,0.));
#3290=DIRECTION('',(1.,0.,0.));
#3291=DIRECTION('',(0.,1.,0.));
#3292=DIRECTION('',(-1.,0.,0.));
#3293=DIRECTION('',(0.,-1.,0.));
#3294=DIRECTION('',(-1.,0.,0.));
#3295=DIRECTION('center_axis',(-1.,0.,0.));
#3296=DIRECTION('ref_axis',(0.,-1.,0.));
#3297=DIRECTION('',(0.,-1.,0.));
#3298=DIRECTION('',(0.,0.,1.));
#3299=DIRECTION('',(0.,0.,1.));
#3300=DIRECTION('',(0.,-1.,0.));
#3301=DIRECTION('',(0.,0.,-1.));
#3302=DIRECTION('center_axis',(0.,0.,1.));
#3303=DIRECTION('ref_axis',(-1.,0.,0.));
#3304=DIRECTION('',(0.,1.,0.));
#3305=DIRECTION('',(-1.,0.,0.));
#3306=DIRECTION('',(0.,-1.,0.));
#3307=DIRECTION('center_axis',(0.,-1.,0.));
#3308=DIRECTION('ref_axis',(1.77635683940025E-15,0.,-1.));
#3309=DIRECTION('center_axis',(0.,1.,0.));
#3310=DIRECTION('ref_axis',(1.77635683940025E-15,0.,-1.));
#3311=DIRECTION('',(0.,-1.,0.));
#3312=DIRECTION('center_axis',(0.,0.,-1.));
#3313=DIRECTION('ref_axis',(1.,0.,0.));
#3314=DIRECTION('',(1.,0.,0.));
#3315=DIRECTION('',(0.,-1.,0.));
#3316=DIRECTION('center_axis',(0.,-1.,0.));
#3317=DIRECTION('ref_axis',(-1.77635683940025E-15,0.,1.));
#3318=DIRECTION('center_axis',(0.,1.,0.));
#3319=DIRECTION('ref_axis',(-1.77635683940025E-15,0.,1.));
#3320=DIRECTION('center_axis',(1.,0.,0.));
#3321=DIRECTION('ref_axis',(0.,0.,1.));
#3322=DIRECTION('',(0.,0.,1.));
#3323=DIRECTION('center_axis',(0.,-1.,0.));
#3324=DIRECTION('ref_axis',(-1.,0.,0.));
#3325=DIRECTION('center_axis',(0.,0.,-1.));
#3326=DIRECTION('ref_axis',(1.,0.,0.));
#3327=DIRECTION('',(1.,0.,0.));
#3328=DIRECTION('',(0.,-1.,0.));
#3329=DIRECTION('center_axis',(0.,0.,1.));
#3330=DIRECTION('ref_axis',(-1.,0.,0.));
#3331=DIRECTION('',(0.,1.,0.));
#3332=DIRECTION('',(-1.,0.,0.));
#3333=DIRECTION('center_axis',(0.,-1.,0.));
#3334=DIRECTION('ref_axis',(-1.,0.,0.));
#3335=DIRECTION('',(0.,0.,1.));
#3336=DIRECTION('center_axis',(0.,0.,1.));
#3337=DIRECTION('ref_axis',(-1.,0.,0.));
#3338=DIRECTION('',(-1.,0.,0.));
#3339=DIRECTION('center_axis',(0.,-1.,0.));
#3340=DIRECTION('ref_axis',(-1.,0.,0.));
#3341=DIRECTION('center_axis',(0.,1.,0.));
#3342=DIRECTION('ref_axis',(-1.,0.,0.));
#3343=DIRECTION('',(-1.,0.,0.));
#3344=DIRECTION('',(0.,0.,1.));
#3345=DIRECTION('center_axis',(1.,0.,0.));
#3346=DIRECTION('ref_axis',(0.,1.,0.));
#3347=DIRECTION('',(0.,1.,0.));
#3348=DIRECTION('',(0.,0.,1.));
#3349=DIRECTION('center_axis',(0.,-1.,0.));
#3350=DIRECTION('ref_axis',(1.,0.,0.));
#3351=DIRECTION('',(1.,0.,0.));
#3352=DIRECTION('center_axis',(0.,0.,1.));
#3353=DIRECTION('ref_axis',(1.,0.,0.));
#3354=DIRECTION('center_axis',(0.,0.,-1.));
#3355=DIRECTION('ref_axis',(-1.,1.22464679914735E-16,0.));
#3356=DIRECTION('center_axis',(0.,0.,-1.));
#3357=DIRECTION('ref_axis',(-1.,1.22464679914735E-16,0.));
#3358=DIRECTION('center_axis',(0.,0.,-1.));
#3359=DIRECTION('ref_axis',(-1.,1.22464679914735E-16,0.));
#3360=DIRECTION('center_axis',(0.,0.,-1.));
#3361=DIRECTION('ref_axis',(-1.,1.22464679914735E-16,0.));
#3362=DIRECTION('center_axis',(0.,0.,-1.));
#3363=DIRECTION('ref_axis',(-1.,1.22464679914735E-16,0.));
#3364=DIRECTION('',(-0.997070507896027,0.0764879224711881,0.));
#3365=DIRECTION('center_axis',(0.,0.,-1.));
#3366=DIRECTION('ref_axis',(-1.,1.22464679914735E-16,0.));
#3367=DIRECTION('',(-0.997070507302008,-0.0764879302146143,0.));
#3368=DIRECTION('center_axis',(0.,0.,-1.));
#3369=DIRECTION('ref_axis',(-1.,1.22464679914735E-16,0.));
#3370=DIRECTION('',(0.,0.,1.));
#3371=DIRECTION('center_axis',(0.,0.,1.));
#3372=DIRECTION('ref_axis',(-1.,1.22464679914735E-16,0.));
#3373=DIRECTION('',(0.,0.,-1.));
#3374=DIRECTION('',(0.,0.,1.));
#3375=DIRECTION('center_axis',(0.,0.,1.));
#3376=DIRECTION('ref_axis',(-1.,1.22464679914735E-16,0.));
#3377=DIRECTION('',(0.,0.,1.));
#3378=DIRECTION('center_axis',(0.,0.,1.));
#3379=DIRECTION('ref_axis',(-1.,1.22464679914735E-16,0.));
#3380=DIRECTION('',(0.,0.,1.));
#3381=DIRECTION('center_axis',(-0.0764879302146143,0.997070507302008,0.));
#3382=DIRECTION('ref_axis',(-0.997070507302008,-0.0764879302146143,0.));
#3383=DIRECTION('',(-0.997070507302008,-0.0764879302146143,0.));
#3384=DIRECTION('center_axis',(0.,0.,-1.));
#3385=DIRECTION('ref_axis',(-1.,1.22464679914735E-16,0.));
#3386=DIRECTION('',(0.997070507896027,-0.0764879224711881,0.));
#3387=DIRECTION('center_axis',(-0.0764879224711881,-0.997070507896027,0.));
#3388=DIRECTION('ref_axis',(0.997070507896027,-0.0764879224711881,0.));
#3389=DIRECTION('center_axis',(0.,0.,-1.));
#3390=DIRECTION('ref_axis',(-1.,0.,0.));
#3391=DIRECTION('center_axis',(0.,0.,1.));
#3392=DIRECTION('ref_axis',(1.,0.,0.));
#3393=DIRECTION('center_axis',(0.,0.,-1.));
#3394=DIRECTION('ref_axis',(1.,0.,0.));
#3395=DIRECTION('center_axis',(0.,0.,-1.));
#3396=DIRECTION('ref_axis',(1.,0.,0.));
#3397=DIRECTION('',(0.,0.,1.));
#3398=DIRECTION('center_axis',(0.,0.,-1.));
#3399=DIRECTION('ref_axis',(1.,0.,0.));
#3400=DIRECTION('',(0.,0.,1.));
#3401=DIRECTION('',(1.,0.,0.));
#3402=DIRECTION('',(0.,0.,1.));
#3403=DIRECTION('',(1.,0.,0.));
#3404=DIRECTION('',(0.,0.,1.));
#3405=DIRECTION('',(1.,0.,0.));
#3406=DIRECTION('',(-1.,1.67979975674457E-30,2.81719092498632E-15));
#3407=DIRECTION('',(-7.81595659335335E-15,9.08642484035391E-16,0.999999999999993));
#3408=CARTESIAN_POINT('',(0.,0.,0.));
#3409=CARTESIAN_POINT('',(0.,0.,0.));
#3410=CARTESIAN_POINT('Ctrl Pts',(78.6827315942941,0.698625203545003,69.6440807839525));
#3411=CARTESIAN_POINT('Ctrl Pts',(70.6828045983086,0.553706166107482,69.6560955675026));
#3412=CARTESIAN_POINT('Ctrl Pts',(62.6822869102619,0.444564868436436,69.6618522270555));
#3413=CARTESIAN_POINT('Ctrl Pts',(54.6815063680999,0.363558207116075,69.6655118934611));
#3414=CARTESIAN_POINT('Ctrl Pts',(78.6840557094008,0.535037761973235,69.6667330293766));
#3415=CARTESIAN_POINT('Ctrl Pts',(70.6836562769679,0.421643236480158,69.6698724074874));
#3416=CARTESIAN_POINT('Ctrl Pts',(62.6828702642476,0.336519689489049,69.6713725594909));
#3417=CARTESIAN_POINT('Ctrl Pts',(54.681914080275,0.273359228796703,69.6723235929726));
#3418=CARTESIAN_POINT('Ctrl Pts',(78.685393434542,0.369577604399098,69.6758453983165));
#3419=CARTESIAN_POINT('Ctrl Pts',(70.6845113365728,0.288810298263499,69.6753962728955));
#3420=CARTESIAN_POINT('Ctrl Pts',(62.6834559116143,0.227982393850065,69.6751888310602));
#3421=CARTESIAN_POINT('Ctrl Pts',(54.6823230460443,0.182852061654066,69.6750529111367));
#3422=CARTESIAN_POINT('Ctrl Pts',(78.6867266003396,0.204492059563774,69.671294123885));
#3423=CARTESIAN_POINT('Ctrl Pts',(70.6853652783288,0.156131589277729,69.6726406032997));
#3424=CARTESIAN_POINT('Ctrl Pts',(62.6840407948918,0.119543516958259,69.6732810137424));
#3425=CARTESIAN_POINT('Ctrl Pts',(54.682731594294,0.0924065356556292,69.6736886954262));
#3426=CARTESIAN_POINT('',(54.682731594294,0.363570612561906,69.6655113330074));
#3427=CARTESIAN_POINT('',(54.682731594294,0.092406535655629,69.6736886954262));
#3428=CARTESIAN_POINT('Ctrl Pts',(54.682731594294,0.363570612561906,69.6655113330074));
#3429=CARTESIAN_POINT('Ctrl Pts',(54.682731594294,0.318466455183553,69.6689175768458));
#3430=CARTESIAN_POINT('Ctrl Pts',(54.6827315942941,0.273291030003914,69.6713033168147));
#3431=CARTESIAN_POINT('Ctrl Pts',(54.6827315942941,0.18286832475569,69.6740300877593));
#3432=CARTESIAN_POINT('Ctrl Pts',(54.682731594294,0.137632608138169,69.6743708323401));
#3433=CARTESIAN_POINT('Ctrl Pts',(54.682731594294,0.0924065356556292,69.6736886954262));
#3434=CARTESIAN_POINT('',(78.682731594294,0.204467914597324,69.6712947961082));
#3435=CARTESIAN_POINT('Ctrl Pts',(54.682731594294,0.0924065356556292,69.6736886954262));
#3436=CARTESIAN_POINT('Ctrl Pts',(62.6827091348836,0.119539000543277,69.673281081593));
#3437=CARTESIAN_POINT('Ctrl Pts',(70.6827019532256,0.156119410814393,69.6726408164606));
#3438=CARTESIAN_POINT('Ctrl Pts',(78.6827315942942,0.204467914604402,69.6712947961111));
#3439=CARTESIAN_POINT('',(78.682731594294,0.698625203545008,69.6440807839525));
#3440=CARTESIAN_POINT('Ctrl Pts',(78.6827315942941,0.204467914604402,69.6712947961111));
#3441=CARTESIAN_POINT('Ctrl Pts',(78.6827315942945,0.287022400649893,69.6735703078058));
#3442=CARTESIAN_POINT('Ctrl Pts',(78.6827315959657,0.369635372488714,69.6724303560466));
#3443=CARTESIAN_POINT('Ctrl Pts',(78.6827315962239,0.45209624776545,69.6678894417644));
#3444=CARTESIAN_POINT('Ctrl Pts',(78.6827315964821,0.534565190261924,69.6633480832406));
#3445=CARTESIAN_POINT('Ctrl Pts',(78.682731594294,0.616811830070966,69.6554089615437));
#3446=CARTESIAN_POINT('Ctrl Pts',(78.682731594294,0.698625203545001,69.6440807839525));
#3447=CARTESIAN_POINT('Ctrl Pts',(78.6827315942941,0.698625203545003,69.6440807839525));
#3448=CARTESIAN_POINT('Ctrl Pts',(70.6832129634704,0.553713563660762,69.6560949541946));
#3449=CARTESIAN_POINT('Ctrl Pts',(62.6831037008891,0.444576011007266,69.6618516393291));
#3450=CARTESIAN_POINT('Ctrl Pts',(54.6827315942941,0.363570612561098,69.6655113330095));
#3451=CARTESIAN_POINT('Origin',(54.682731594294,0.,69.6747122798712));
#3452=CARTESIAN_POINT('',(54.682731594294,8.63125840395471,59.6994860253914));
#3453=CARTESIAN_POINT('Ctrl Pts',(54.682731594294,8.63125840395471,59.6994860253914));
#3454=CARTESIAN_POINT('Ctrl Pts',(54.682731594294,8.65626406397109,59.92507273961));
#3455=CARTESIAN_POINT('Ctrl Pts',(54.6827304138092,8.67250439385123,60.1511077460378));
#3456=CARTESIAN_POINT('Ctrl Pts',(54.6827289582399,8.68015710751032,60.3771294009109));
#3457=CARTESIAN_POINT('Ctrl Pts',(54.6827274432352,8.68812230470097,60.6123802061312));
#3458=CARTESIAN_POINT('Ctrl Pts',(54.6827256314649,8.68678450783769,60.847617147432));
#3459=CARTESIAN_POINT('Ctrl Pts',(54.6827241469043,8.67628660648546,61.0823306570792));
#3460=CARTESIAN_POINT('Ctrl Pts',(54.6827226899207,8.66598371219113,61.31268417234));
#3461=CARTESIAN_POINT('Ctrl Pts',(54.6827215457265,8.64685759376257,61.5425341857948));
#3462=CARTESIAN_POINT('Ctrl Pts',(54.6827209440369,8.6189900312913,61.7713996855149));
#3463=CARTESIAN_POINT('Ctrl Pts',(54.6827203252648,8.59033127783822,62.0067629304043));
#3464=CARTESIAN_POINT('Ctrl Pts',(54.6827202807287,8.5524278397349,62.2410857223971));
#3465=CARTESIAN_POINT('Ctrl Pts',(54.6827206862248,8.50531200574425,62.4738348531337));
#3466=CARTESIAN_POINT('Ctrl Pts',(54.682721091721,8.45819617175359,62.7065839838704));
#3467=CARTESIAN_POINT('Ctrl Pts',(54.6827219460543,8.40186785499965,62.937760203701));
#3468=CARTESIAN_POINT('Ctrl Pts',(54.6827227641638,8.33630328900039,63.166809023377));
#3469=CARTESIAN_POINT('Ctrl Pts',(54.6827234798377,8.27894806669652,63.3671786250168));
#3470=CARTESIAN_POINT('Ctrl Pts',(54.6827241375179,8.21471633944073,63.5652469567693));
#3471=CARTESIAN_POINT('Ctrl Pts',(54.6827241931594,8.14369672493525,63.760671821459));
#3472=CARTESIAN_POINT('Ctrl Pts',(54.6827242574056,8.06169431803989,63.9863180655754));
#3473=CARTESIAN_POINT('Ctrl Pts',(54.6827235273641,7.97064363094255,64.2084409038119));
#3474=CARTESIAN_POINT('Ctrl Pts',(54.6827227719372,7.87092582809824,64.4265479161313));
#3475=CARTESIAN_POINT('Ctrl Pts',(54.682722044772,7.77493863700293,64.6364951760346));
#3476=CARTESIAN_POINT('Ctrl Pts',(54.6827212888467,7.67091998568471,64.8427219845494));
#3477=CARTESIAN_POINT('Ctrl Pts',(54.6827208642399,7.55915903974138,65.0447706020945));
#3478=CARTESIAN_POINT('Ctrl Pts',(54.6827204405592,7.44764184012405,65.2463785593734));
#3479=CARTESIAN_POINT('Ctrl Pts',(54.6827203438004,7.32841571315035,65.4438271234194));
#3480=CARTESIAN_POINT('Ctrl Pts',(54.6827206584487,7.20172389688012,65.6366343989923));
#3481=CARTESIAN_POINT('Ctrl Pts',(54.682720969178,7.07661007417041,65.8270401884375));
#3482=CARTESIAN_POINT('Ctrl Pts',(54.6827216779867,6.94421497433367,66.0129201002205));
#3483=CARTESIAN_POINT('Ctrl Pts',(54.6827226453617,6.80473570412741,66.1937754001102));
#3484=CARTESIAN_POINT('Ctrl Pts',(54.6827227763103,6.78585511061279,66.2182568545739));
#3485=CARTESIAN_POINT('Ctrl Pts',(54.6827229117028,6.76684465818938,66.2426461805083));
#3486=CARTESIAN_POINT('Ctrl Pts',(54.6827230509255,6.74770478879374,66.2669420833101));
#3487=CARTESIAN_POINT('Ctrl Pts',(54.682724093484,6.60437729193694,66.4488801551161));
#3488=CARTESIAN_POINT('Ctrl Pts',(54.6827253135759,6.4543297390147,66.6249042385769));
#3489=CARTESIAN_POINT('Ctrl Pts',(54.6827262881631,6.29787764116837,66.7945811375336));
#3490=CARTESIAN_POINT('Ctrl Pts',(54.6827270711131,6.17218937779447,66.9308937537152));
#3491=CARTESIAN_POINT('Ctrl Pts',(54.6827276890026,6.04236662228263,67.0631096727847));
#3492=CARTESIAN_POINT('Ctrl Pts',(54.6827277951963,5.90855229038386,67.190991391075));
#3493=CARTESIAN_POINT('Ctrl Pts',(54.6827279269119,5.74257772083781,67.3496075336425));
#3494=CARTESIAN_POINT('Ctrl Pts',(54.6827272759818,5.57046326336335,67.5015572848436));
#3495=CARTESIAN_POINT('Ctrl Pts',(54.6827263684961,5.39269381749218,67.646674650243));
#3496=CARTESIAN_POINT('Ctrl Pts',(54.6827254554243,5.21383010148137,67.7926852940059));
#3497=CARTESIAN_POINT('Ctrl Pts',(54.6827242785342,5.02924099416539,67.931779508525));
#3498=CARTESIAN_POINT('Ctrl Pts',(54.6827231940251,4.83938816105062,68.0637463555026));
#3499=CARTESIAN_POINT('Ctrl Pts',(54.6827221106092,4.64972670016864,68.1955801794974));
#3500=CARTESIAN_POINT('Ctrl Pts',(54.682721115081,4.45481151389377,68.3203012907587));
#3501=CARTESIAN_POINT('Ctrl Pts',(54.6827204472256,4.2550796771251,68.4376531376731));
#3502=CARTESIAN_POINT('Ctrl Pts',(54.6827202758235,4.20381941380147,68.4677709529982));
#3503=CARTESIAN_POINT('Ctrl Pts',(54.6827201255993,4.15224179999242,68.497403127699));
#3504=CARTESIAN_POINT('Ctrl Pts',(54.6827199999128,4.10035405243775,68.5265447960836));
#3505=CARTESIAN_POINT('Ctrl Pts',(54.6827195110003,3.89851395142303,68.6399040681215));
#3506=CARTESIAN_POINT('Ctrl Pts',(54.682719357373,3.69257853483242,68.7455102961228));
#3507=CARTESIAN_POINT('Ctrl Pts',(54.6827195687498,3.48303064395551,68.8431847966505));
#3508=CARTESIAN_POINT('Ctrl Pts',(54.682719779941,3.27366674175631,68.9407735363427));
#3509=CARTESIAN_POINT('Ctrl Pts',(54.6827203511467,3.06069609068511,69.0304447454943));
#3510=CARTESIAN_POINT('Ctrl Pts',(54.6827211888796,2.84457583201023,69.1119746118321));
#3511=CARTESIAN_POINT('Ctrl Pts',(54.6827219743675,2.641933876667,69.188419881863));
#3512=CARTESIAN_POINT('Ctrl Pts',(54.6827229902073,2.43652229154302,69.2577074042048));
#3513=CARTESIAN_POINT('Ctrl Pts',(54.6827241117433,2.22870556473744,69.3196129153846));
#3514=CARTESIAN_POINT('Ctrl Pts',(54.6827253085276,2.00694558681866,69.3856719136341));
#3515=CARTESIAN_POINT('Ctrl Pts',(54.6827266115596,1.78293015315299,69.4431815717352));
#3516=CARTESIAN_POINT('Ctrl Pts',(54.6827278039643,1.5571203288628,69.4919313806789));
#3517=CARTESIAN_POINT('Ctrl Pts',(54.6827289816702,1.33409406811756,69.5400802494668));
#3518=CARTESIAN_POINT('Ctrl Pts',(54.6827300472259,1.1093167700496,69.579684071776));
#3519=CARTESIAN_POINT('Ctrl Pts',(54.6827307465801,0.883219491765053,69.6104914634556));
#3520=CARTESIAN_POINT('Ctrl Pts',(54.6827312801827,0.710708804807225,69.6339972939652));
#3521=CARTESIAN_POINT('Ctrl Pts',(54.6827315992219,0.537429348988742,69.6523812614897));
#3522=CARTESIAN_POINT('Ctrl Pts',(54.6827315955363,0.363570610433612,69.6655113328773));
#3523=CARTESIAN_POINT('',(54.6827315942941,0.862990425779464,10.));
#3524=CARTESIAN_POINT('Ctrl Pts',(54.6827315942941,0.862990425779799,9.99999999999996));
#3525=CARTESIAN_POINT('Ctrl Pts',(54.6827315942942,1.10184725155148,12.1643508180372));
#3526=CARTESIAN_POINT('Ctrl Pts',(54.6827315942942,1.38341724186488,14.4888963481022));
#3527=CARTESIAN_POINT('Ctrl Pts',(54.6827315942941,1.71012147052854,16.9105867894527));
#3528=CARTESIAN_POINT('Ctrl Pts',(54.6827315942941,2.03682569919219,19.3322772308032));
#3529=CARTESIAN_POINT('Ctrl Pts',(54.682731594294,2.4086641662061,21.8511125834391));
#3530=CARTESIAN_POINT('Ctrl Pts',(54.682731594294,2.81715401519691,24.4337264731891));
#3531=CARTESIAN_POINT('Ctrl Pts',(54.6827315942941,3.22564386418771,27.016340362939));
#3532=CARTESIAN_POINT('Ctrl Pts',(54.6827315942941,3.67078509515541,29.6627327898029));
#3533=CARTESIAN_POINT('Ctrl Pts',(54.6827315942941,4.14793235692486,32.3437378719895));
#3534=CARTESIAN_POINT('Ctrl Pts',(54.6827315942941,4.62507961869431,35.0247429541761));
#3535=CARTESIAN_POINT('Ctrl Pts',(54.6827315942941,5.13423291126551,37.7403606916853));
#3536=CARTESIAN_POINT('Ctrl Pts',(54.6827315942941,5.64227138120195,40.4606982288675));
#3537=CARTESIAN_POINT('Ctrl Pts',(54.682731594294,6.15030985113839,43.1810357660497));
#3538=CARTESIAN_POINT('Ctrl Pts',(54.682731594294,6.65723349844006,45.9060931029049));
#3539=CARTESIAN_POINT('Ctrl Pts',(54.682731594294,7.10928154384637,48.6446917367664));
#3540=CARTESIAN_POINT('Ctrl Pts',(54.682731594294,7.71397850079902,52.3080684000199));
#3541=CARTESIAN_POINT('Ctrl Pts',(54.682731594294,8.22048129501071,55.9956758010884));
#3542=CARTESIAN_POINT('Ctrl Pts',(54.6827315942941,8.63138992714495,59.7007753922151));
#3543=CARTESIAN_POINT('',(54.6827315942947,-0.876555970858214,10.));
#3544=CARTESIAN_POINT('',(54.682731594294,-0.0815616102154604,10.));
#3545=CARTESIAN_POINT('',(54.682731594294,-8.71575150456526,59.6695180921177));
#3546=CARTESIAN_POINT('Ctrl Pts',(54.682731594294,-8.71579575308931,59.6689207124304));
#3547=CARTESIAN_POINT('Ctrl Pts',(54.682731594294,-8.609211143404,58.7205783812695));
#3548=CARTESIAN_POINT('Ctrl Pts',(54.682731594294,-8.49640467760052,57.7734650968956));
#3549=CARTESIAN_POINT('Ctrl Pts',(54.682731594294,-8.37736822837532,56.8278921038293));
#3550=CARTESIAN_POINT('Ctrl Pts',(54.6827315942939,-8.03000532886771,54.0685946054115));
#3551=CARTESIAN_POINT('Ctrl Pts',(54.6827315942939,-7.62959139864279,51.3224133604315));
#3552=CARTESIAN_POINT('Ctrl Pts',(54.6827315942939,-7.17359088561355,48.5881541883144));
#3553=CARTESIAN_POINT('Ctrl Pts',(54.6827315942939,-6.71759037258431,45.8538950161973));
#3554=CARTESIAN_POINT('Ctrl Pts',(54.682731594294,-6.20600327675075,43.1315579169431));
#3555=CARTESIAN_POINT('Ctrl Pts',(54.682731594294,-5.69389774473851,40.4149966277876));
#3556=CARTESIAN_POINT('Ctrl Pts',(54.6827315942941,-5.18179221272628,37.6984353386322));
#3557=CARTESIAN_POINT('Ctrl Pts',(54.682731594294,-4.66916824453537,34.9876498595754));
#3558=CARTESIAN_POINT('Ctrl Pts',(54.682731594294,-4.1885347151959,32.3107839244948));
#3559=CARTESIAN_POINT('Ctrl Pts',(54.682731594294,-3.70790118585643,29.6339179894142));
#3560=CARTESIAN_POINT('Ctrl Pts',(54.6827315942941,-3.2592580953684,26.9909715983098));
#3561=CARTESIAN_POINT('Ctrl Pts',(54.6827315942941,-2.8479364390383,24.4120780483819));
#3562=CARTESIAN_POINT('Ctrl Pts',(54.682731594294,-2.4366147827082,21.8331844984541));
#3563=CARTESIAN_POINT('Ctrl Pts',(54.6827315942939,-2.06261456053602,19.3183437897028));
#3564=CARTESIAN_POINT('Ctrl Pts',(54.6827315942939,-1.73283671813885,16.900451926754));
#3565=CARTESIAN_POINT('Ctrl Pts',(54.6827315942939,-1.40305887622299,14.4825600673342));
#3566=CARTESIAN_POINT('Ctrl Pts',(54.682731594294,-1.11750341395305,12.1616170534339));
#3567=CARTESIAN_POINT('Ctrl Pts',(54.682731594294,-0.87655597085856,9.99999999999998));
#3568=CARTESIAN_POINT('Ctrl Pts',(54.6827315945397,0.0924065339678142,69.6736886954293));
#3569=CARTESIAN_POINT('Ctrl Pts',(54.6827316146855,-0.132480800872557,69.6702965900386));
#3570=CARTESIAN_POINT('Ctrl Pts',(54.6827308983661,-0.356752457218221,69.6580915045595));
#3571=CARTESIAN_POINT('Ctrl Pts',(54.6827297503955,-0.579991518092485,69.6373747884169));
#3572=CARTESIAN_POINT('Ctrl Pts',(54.6827285746608,-0.80862966631088,69.6161570337935));
#3573=CARTESIAN_POINT('Ctrl Pts',(54.6827269500134,-1.03618524079137,69.5860109140458));
#3574=CARTESIAN_POINT('Ctrl Pts',(54.6827252229819,-1.26221266344463,69.5472052795013));
#3575=CARTESIAN_POINT('Ctrl Pts',(54.6827234834071,-1.48988169597646,69.5081178043188));
#3576=CARTESIAN_POINT('Ctrl Pts',(54.6827216441791,-1.71600092228623,69.4602443731659));
#3577=CARTESIAN_POINT('Ctrl Pts',(54.6827200168231,-1.94010819440258,69.4038067770861));
#3578=CARTESIAN_POINT('Ctrl Pts',(54.6827183900018,-2.16414182681528,69.3473877259103));
#3579=CARTESIAN_POINT('Ctrl Pts',(54.6827169791425,-2.38616545113756,69.2824098822396));
#3580=CARTESIAN_POINT('Ctrl Pts',(54.6827159895759,-2.60570124530558,69.2090455922759));
#3581=CARTESIAN_POINT('Ctrl Pts',(54.6827151076886,-2.80134836128268,69.143664401015));
#3582=CARTESIAN_POINT('Ctrl Pts',(54.6827145609972,-2.99501969550525,69.0716218124958));
#3583=CARTESIAN_POINT('Ctrl Pts',(54.6827143825883,-3.18636014873522,68.9930092719415));
#3584=CARTESIAN_POINT('Ctrl Pts',(54.682714183151,-3.40025323436667,68.9051309451965));
#3585=CARTESIAN_POINT('Ctrl Pts',(54.6827145149984,-3.61043762280208,68.8093705950753));
#3586=CARTESIAN_POINT('Ctrl Pts',(54.682715283387,-3.81647309855032,68.7059902855988));
#3587=CARTESIAN_POINT('Ctrl Pts',(54.6827160561351,-4.02367751112253,68.60202345067));
#3588=CARTESIAN_POINT('Ctrl Pts',(54.6827172746875,-4.22668643299107,68.4903497155161));
#3589=CARTESIAN_POINT('Ctrl Pts',(54.6827187434461,-4.42503714449155,68.3711854610458));
#3590=CARTESIAN_POINT('Ctrl Pts',(54.6827202054579,-4.62247670120341,68.2525686060795));
#3591=CARTESIAN_POINT('Ctrl Pts',(54.682721919433,-4.81530134202437,68.126529592618));
#3592=CARTESIAN_POINT('Ctrl Pts',(54.6827235321872,-5.00303074032784,67.9932363708597));
#3593=CARTESIAN_POINT('Ctrl Pts',(54.6827251192822,-5.18777333205968,67.8620638668703));
#3594=CARTESIAN_POINT('Ctrl Pts',(54.6827266117489,-5.36758202331477,67.7238658062269));
#3595=CARTESIAN_POINT('Ctrl Pts',(54.6827274629426,-5.54196778391463,67.5787629924105));
#3596=CARTESIAN_POINT('Ctrl Pts',(54.6827278422274,-5.61967261885215,67.5141063933982));
#3597=CARTESIAN_POINT('Ctrl Pts',(54.682728091068,-5.69630025701049,67.4480783473932));
#3598=CARTESIAN_POINT('Ctrl Pts',(54.6827281446425,-5.77180498739063,67.3806872361251));
#3599=CARTESIAN_POINT('Ctrl Pts',(54.6827282224514,-5.88146440525861,67.2828116461597));
#3600=CARTESIAN_POINT('Ctrl Pts',(54.6827278904781,-5.9887555553276,67.1820610572834));
#3601=CARTESIAN_POINT('Ctrl Pts',(54.6827273398808,-6.09359602848813,67.0785444269981));
#3602=CARTESIAN_POINT('Ctrl Pts',(54.6827264924527,-6.25495672802295,66.9192212632164));
#3603=CARTESIAN_POINT('Ctrl Pts',(54.6827251926163,-6.40992474147231,66.7539295196051));
#3604=CARTESIAN_POINT('Ctrl Pts',(54.6827239645625,-6.55830547560624,66.5831726541709));
#3605=CARTESIAN_POINT('Ctrl Pts',(54.6827226858031,-6.71281275872663,66.4053653430911));
#3606=CARTESIAN_POINT('Ctrl Pts',(54.6827214890732,-6.86017818090149,66.2216319598337));
#3607=CARTESIAN_POINT('Ctrl Pts',(54.6827207179038,-7.00014546973081,66.0324952475262));
#3608=CARTESIAN_POINT('Ctrl Pts',(54.6827199611645,-7.1374936820888,65.8468976729503));
#3609=CARTESIAN_POINT('Ctrl Pts',(54.6827196159229,-7.26771829147172,65.6560963681182));
#3610=CARTESIAN_POINT('Ctrl Pts',(54.6827197318856,-7.39053666597406,65.4605507981742));
#3611=CARTESIAN_POINT('Ctrl Pts',(54.6827198511652,-7.51686805359885,65.2594119759499));
#3612=CARTESIAN_POINT('Ctrl Pts',(54.6827204628614,-7.63536411585071,65.0532530810615));
#3613=CARTESIAN_POINT('Ctrl Pts',(54.682721277645,-7.74566670730089,64.8425464048828));
#3614=CARTESIAN_POINT('Ctrl Pts',(54.6827220924287,-7.85596929875108,64.6318397287041));
#3615=CARTESIAN_POINT('Ctrl Pts',(54.6827231134002,-7.95807887480596,64.4165845935262));
#3616=CARTESIAN_POINT('Ctrl Pts',(54.6827236577533,-8.05157937291791,64.1972352445598));
#3617=CARTESIAN_POINT('Ctrl Pts',(54.6827239178956,-8.0962625455844,64.0924098689515));
#3618=CARTESIAN_POINT('Ctrl Pts',(54.6827240678173,-8.13891050843082,63.9868091129497));
#3619=CARTESIAN_POINT('Ctrl Pts',(54.6827240061326,-8.17949154631372,63.8804886672941));
#3620=CARTESIAN_POINT('Ctrl Pts',(54.6827238816273,-8.26140097698174,63.6658897406439));
#3621=CARTESIAN_POINT('Ctrl Pts',(54.6827229164456,-8.33489288259887,63.448360025094));
#3622=CARTESIAN_POINT('Ctrl Pts',(54.6827219286333,-8.39995119470029,63.2283948604258));
#3623=CARTESIAN_POINT('Ctrl Pts',(54.6827209355257,-8.46535826827471,63.0072505170737));
#3624=CARTESIAN_POINT('Ctrl Pts',(54.6827199204765,-8.52224122209966,62.7836439139879));
#3625=CARTESIAN_POINT('Ctrl Pts',(54.6827193724278,-8.57053356166956,62.5580626274757));
#3626=CARTESIAN_POINT('Ctrl Pts',(54.6827189044608,-8.61176934924105,62.365443630476));
#3627=CARTESIAN_POINT('Ctrl Pts',(54.6827187715963,-8.64674085773834,62.1713843918958));
#3628=CARTESIAN_POINT('Ctrl Pts',(54.6827190745785,-8.67537684412233,61.9761846820888));
#3629=CARTESIAN_POINT('Ctrl Pts',(54.682719429351,-8.70890772342928,61.7476185058614));
#3630=CARTESIAN_POINT('Ctrl Pts',(54.6827203911963,-8.73367031524571,61.518053821419));
#3631=CARTESIAN_POINT('Ctrl Pts',(54.6827217999572,-8.74963170021917,61.2879835308871));
#3632=CARTESIAN_POINT('Ctrl Pts',(54.6827232072497,-8.76557644861785,61.058153042954));
#3633=CARTESIAN_POINT('Ctrl Pts',(54.6827250610527,-8.77273840521425,60.8278173548657));
#3634=CARTESIAN_POINT('Ctrl Pts',(54.6827268510764,-8.77103341942861,60.5974602668351));
#3635=CARTESIAN_POINT('Ctrl Pts',(54.6827286219242,-8.76934669865494,60.3695709266316));
#3636=CARTESIAN_POINT('Ctrl Pts',(54.6827303303767,-8.75898199957054,60.1416600261637));
#3637=CARTESIAN_POINT('Ctrl Pts',(54.682731135804,-8.73980710328582,59.9141979808446));
#3638=CARTESIAN_POINT('Ctrl Pts',(54.6827314248331,-8.73292615658826,59.832572808728));
#3639=CARTESIAN_POINT('Ctrl Pts',(54.6827315943051,-8.7249102010692,59.7510055010913));
#3640=CARTESIAN_POINT('Ctrl Pts',(54.6827315942945,-8.71575150456579,59.6695180921198));
#3641=CARTESIAN_POINT('',(54.682731594294,4.16978274474931,61.58956640592));
#3642=CARTESIAN_POINT('',(54.682731594294,-4.08021725525068,61.58956640592));
#3643=CARTESIAN_POINT('Origin',(54.682731594294,0.0447827447493132,61.58956640592));
#3644=CARTESIAN_POINT('',(54.682731594294,-2.45521725525069,42.58956640592));
#3645=CARTESIAN_POINT('',(54.682731594294,-4.40863841992198,65.4295677159229));
#3646=CARTESIAN_POINT('',(54.682731594294,2.54478274474931,42.58956640592));
#3647=CARTESIAN_POINT('Origin',(54.682731594294,0.0447827447493132,42.58956640592));
#3648=CARTESIAN_POINT('',(54.682731594294,3.68537871353427,55.9257654255596));
#3649=CARTESIAN_POINT('Ctrl Pts',(54.6194006494318,0.363156245199719,69.665523189317));
#3650=CARTESIAN_POINT('Ctrl Pts',(62.6413824036725,0.415594332341466,69.6640226397459));
#3651=CARTESIAN_POINT('Ctrl Pts',(70.6624416547263,0.48648272380786,69.6620367168646));
#3652=CARTESIAN_POINT('Ctrl Pts',(78.6812803517235,0.580993364880547,69.6595773986463));
#3653=CARTESIAN_POINT('Ctrl Pts',(54.6332862199738,2.42200458027266,69.510237583584));
#3654=CARTESIAN_POINT('Ctrl Pts',(62.6583664675483,2.44732173913375,69.485794587171));
#3655=CARTESIAN_POINT('Ctrl Pts',(70.6828227212605,2.48417311220473,69.4553044580625));
#3656=CARTESIAN_POINT('Ctrl Pts',(78.7053434154877,2.53427636136438,69.4153447902288));
#3657=CARTESIAN_POINT('Ctrl Pts',(54.6567145633456,5.74700751191141,68.0208060255423));
#3658=CARTESIAN_POINT('Ctrl Pts',(62.6871184147363,5.71599533329774,67.9920166814344));
#3659=CARTESIAN_POINT('Ctrl Pts',(70.7175063451789,5.68076037048803,67.9510549326046));
#3660=CARTESIAN_POINT('Ctrl Pts',(78.746613461081,5.64030930113074,67.8994872817572));
#3661=CARTESIAN_POINT('Ctrl Pts',(54.6781073050945,8.44449890438439,63.8671647329474));
#3662=CARTESIAN_POINT('Ctrl Pts',(62.7138783850312,8.37625536444913,63.8903844867394));
#3663=CARTESIAN_POINT('Ctrl Pts',(70.7506538694869,8.28988701391699,63.9119044473927));
#3664=CARTESIAN_POINT('Ctrl Pts',(78.7876369876399,8.18084681570986,63.9337419957155));
#3665=CARTESIAN_POINT('Ctrl Pts',(54.6826368483357,8.78291086760484,61.0676017316997));
#3666=CARTESIAN_POINT('Ctrl Pts',(62.7199517925265,8.72432760119126,61.1284589358507));
#3667=CARTESIAN_POINT('Ctrl Pts',(70.7588644545131,8.64611752062514,61.1958824368295));
#3668=CARTESIAN_POINT('Ctrl Pts',(78.7990586612511,8.5423884285363,61.2750109051068));
#3669=CARTESIAN_POINT('Ctrl Pts',(54.682731594294,8.63125840395471,59.6994860253914));
#3670=CARTESIAN_POINT('Ctrl Pts',(62.7203601044143,8.58529217845635,59.7759237578767));
#3671=CARTESIAN_POINT('Ctrl Pts',(70.7598669933799,8.52060333141007,59.8630148999168));
#3672=CARTESIAN_POINT('Ctrl Pts',(78.8012130671408,8.43125885431517,59.9672994845098));
#3673=CARTESIAN_POINT('',(78.682731594294,8.43257346885127,59.9657641067632));
#3674=CARTESIAN_POINT('Ctrl Pts',(78.6827315362391,0.698614048545575,69.6440524090393));
#3675=CARTESIAN_POINT('Ctrl Pts',(78.6827313658688,0.922476890453169,69.6129437378054));
#3676=CARTESIAN_POINT('Ctrl Pts',(78.682730617044,1.14470844052669,69.5731690085544));
#3677=CARTESIAN_POINT('Ctrl Pts',(78.682729510539,1.36491073762655,69.5250509403257));
#3678=CARTESIAN_POINT('Ctrl Pts',(78.6827283807965,1.58973745295033,69.4759223555196));
#3679=CARTESIAN_POINT('Ctrl Pts',(78.6827268855068,1.81244937436892,69.4180961978704));
#3680=CARTESIAN_POINT('Ctrl Pts',(78.6827253536217,2.03261794287344,69.3518617781219));
#3681=CARTESIAN_POINT('Ctrl Pts',(78.6827238137917,2.2539283890318,69.2852838415657));
#3682=CARTESIAN_POINT('Ctrl Pts',(78.6827222449785,2.47266964113417,69.2102099360024));
#3683=CARTESIAN_POINT('Ctrl Pts',(78.6827209586458,2.68839238987076,69.1268828632451));
#3684=CARTESIAN_POINT('Ctrl Pts',(78.6827196768344,2.90335689675968,69.0438486760272));
#3685=CARTESIAN_POINT('Ctrl Pts',(78.6827186834094,3.11532466862839,68.9526189155515));
#3686=CARTESIAN_POINT('Ctrl Pts',(78.6827181452273,3.32382828234095,68.8533877884917));
#3687=CARTESIAN_POINT('Ctrl Pts',(78.6827177537169,3.47550803849047,68.7812002954939));
#3688=CARTESIAN_POINT('Ctrl Pts',(78.6827176006518,3.62535408891875,68.7047774301492));
#3689=CARTESIAN_POINT('Ctrl Pts',(78.6827176667914,3.7731761471359,68.6241800029706));
#3690=CARTESIAN_POINT('Ctrl Pts',(78.6827177578961,3.97679531073336,68.5131601666338));
#3691=CARTESIAN_POINT('Ctrl Pts',(78.6827184059993,4.17581516881543,68.3946356329821));
#3692=CARTESIAN_POINT('Ctrl Pts',(78.6827193816998,4.3698124869376,68.2688976332735));
#3693=CARTESIAN_POINT('Ctrl Pts',(78.6827203588163,4.56409134496819,68.14297715545));
#3694=CARTESIAN_POINT('Ctrl Pts',(78.682721672536,4.75333367457568,68.0098219447254));
#3695=CARTESIAN_POINT('Ctrl Pts',(78.6827229840551,4.9370939663938,67.8696763659377));
#3696=CARTESIAN_POINT('Ctrl Pts',(78.6827242838056,5.11920534519047,67.7307883377746));
#3697=CARTESIAN_POINT('Ctrl Pts',(78.6827255888417,5.29593316418678,67.585034463151));
#3698=CARTESIAN_POINT('Ctrl Pts',(78.6827263478999,5.46681533999126,67.4326105470042));
#3699=CARTESIAN_POINT('Ctrl Pts',(78.6827268482783,5.57946248509329,67.3321312610963));
#3700=CARTESIAN_POINT('Ctrl Pts',(78.6827271066718,5.6895687688705,67.2287526138363));
#3701=CARTESIAN_POINT('Ctrl Pts',(78.6827268880507,5.7969932429181,67.1225216979025));
#3702=CARTESIAN_POINT('Ctrl Pts',(78.6827265545848,5.96084931538232,66.9604861765418));
#3703=CARTESIAN_POINT('Ctrl Pts',(78.6827251337853,6.11846807416742,66.7918157044108));
#3704=CARTESIAN_POINT('Ctrl Pts',(78.6827235781045,6.26955954374928,66.6169538204277));
#3705=CARTESIAN_POINT('Ctrl Pts',(78.6827229420302,6.33133662295244,66.545457683112));
#3706=CARTESIAN_POINT('Ctrl Pts',(78.6827222782383,6.39202198421576,66.4729261633005));
#3707=CARTESIAN_POINT('Ctrl Pts',(78.6827216289097,6.45159360143329,66.3993883737257));
#3708=CARTESIAN_POINT('Ctrl Pts',(78.6827200647459,6.59509532442201,66.2222436191988));
#3709=CARTESIAN_POINT('Ctrl Pts',(78.6827187181188,6.73161065189502,66.0399117772132));
#3710=CARTESIAN_POINT('Ctrl Pts',(78.6827179252922,6.86095393759601,65.852895833258));
#3711=CARTESIAN_POINT('Ctrl Pts',(78.6827171203337,6.9922764506224,65.6630181476626));
#3712=CARTESIAN_POINT('Ctrl Pts',(78.6827168927215,7.11620617224434,65.4683114027487));
#3713=CARTESIAN_POINT('Ctrl Pts',(78.6827172459306,7.23251110736369,65.2692641663581));
#3714=CARTESIAN_POINT('Ctrl Pts',(78.6827175995558,7.34895305925389,65.0699824359664));
#3715=CARTESIAN_POINT('Ctrl Pts',(78.6827185412585,7.45775260371673,64.8663493807352));
#3716=CARTESIAN_POINT('Ctrl Pts',(78.6827196358,7.55863367037658,64.6588261302597));
#3717=CARTESIAN_POINT('Ctrl Pts',(78.6827207206922,7.65862538075121,64.4531323817239));
#3718=CARTESIAN_POINT('Ctrl Pts',(78.6827219607318,7.7508378921506,64.2436161150867));
#3719=CARTESIAN_POINT('Ctrl Pts',(78.6827224214454,7.83495530356833,64.0307068300793));
#3720=CARTESIAN_POINT('Ctrl Pts',(78.6827225617421,7.86057077558159,63.9658715987099));
#3721=CARTESIAN_POINT('Ctrl Pts',(78.6827226258763,7.88543521863238,63.9007216203558));
#3722=CARTESIAN_POINT('Ctrl Pts',(78.682722576839,7.9095387727118,63.8352687913192));
#3723=CARTESIAN_POINT('Ctrl Pts',(78.6827224497058,7.97202914655436,63.6655771457605));
#3724=CARTESIAN_POINT('Ctrl Pts',(78.6827215781594,8.0294066094277,63.4938500063389));
#3725=CARTESIAN_POINT('Ctrl Pts',(78.6827205653303,8.08160754275578,63.3203119718099));
#3726=CARTESIAN_POINT('Ctrl Pts',(78.6827192857188,8.14755836494299,63.1010634770367));
#3727=CARTESIAN_POINT('Ctrl Pts',(78.6827178585658,8.20500860967632,62.8797213383314));
#3728=CARTESIAN_POINT('Ctrl Pts',(78.6827170468944,8.25396917186728,62.6567787982657));
#3729=CARTESIAN_POINT('Ctrl Pts',(78.6827162260431,8.30348348252814,62.4313147575287));
#3730=CARTESIAN_POINT('Ctrl Pts',(78.6827160384331,8.34431516357616,62.2042133053522));
#3731=CARTESIAN_POINT('Ctrl Pts',(78.6827167276712,8.37642597656124,61.9759651496959));
#3732=CARTESIAN_POINT('Ctrl Pts',(78.6827174161458,8.40850121843841,61.7479698384561));
#3733=CARTESIAN_POINT('Ctrl Pts',(78.682718982319,8.43187499091496,61.5188297201255));
#3734=CARTESIAN_POINT('Ctrl Pts',(78.6827210800432,8.44645821987387,61.2890240089953));
#3735=CARTESIAN_POINT('Ctrl Pts',(78.6827231507601,8.46085369605559,61.0621769471876));
#3736=CARTESIAN_POINT('Ctrl Pts',(78.68272574103,8.46668351660893,60.834680709597));
#3737=CARTESIAN_POINT('Ctrl Pts',(78.6827279129253,8.4638118472706,60.6069959426426));
#3738=CARTESIAN_POINT('Ctrl Pts',(78.6827299514829,8.46111647627558,60.3932892638594));
#3739=CARTESIAN_POINT('Ctrl Pts',(78.6827316182579,8.45075487124072,60.1794160844441));
#3740=CARTESIAN_POINT('Ctrl Pts',(78.6827316210612,8.43257347665223,59.9657641938454));
#3741=CARTESIAN_POINT('Ctrl Pts',(78.682731593261,8.43257347696027,59.9657641934855));
#3742=CARTESIAN_POINT('Ctrl Pts',(70.6808973664677,8.52123829899638,59.862159686645));
#3743=CARTESIAN_POINT('Ctrl Pts',(62.6808844936805,8.58551793470055,59.7755483453817));
#3744=CARTESIAN_POINT('Ctrl Pts',(54.682731594294,8.63125840395471,59.6994860253914));
#3745=CARTESIAN_POINT('Origin',(54.682731594294,0.0447827447493132,61.58956640592));
#3746=CARTESIAN_POINT('',(58.932731594294,4.16978274474931,61.58956640592));
#3747=CARTESIAN_POINT('',(54.682731594294,4.16978274474931,61.58956640592));
#3748=CARTESIAN_POINT('',(58.932731594294,-4.08021725525068,61.58956640592));
#3749=CARTESIAN_POINT('Origin',(58.932731594294,0.0447827447493132,61.58956640592));
#3750=CARTESIAN_POINT('',(54.682731594294,-4.08021725525068,61.58956640592));
#3751=CARTESIAN_POINT('Origin',(54.682731594294,2.54478274474931,42.58956640592));
#3752=CARTESIAN_POINT('',(58.932731594294,2.54478274474931,42.58956640592));
#3753=CARTESIAN_POINT('',(54.682731594294,2.54478274474931,42.58956640592));
#3754=CARTESIAN_POINT('',(58.932731594294,4.16978274474931,61.58956640592));
#3755=CARTESIAN_POINT('Origin',(54.682731594294,0.0447827447493132,42.58956640592));
#3756=CARTESIAN_POINT('',(58.932731594294,-2.45521725525069,42.58956640592));
#3757=CARTESIAN_POINT('',(54.682731594294,-2.45521725525069,42.58956640592));
#3758=CARTESIAN_POINT('Origin',(58.932731594294,0.0447827447493132,42.58956640592));
#3759=CARTESIAN_POINT('Origin',(54.682731594294,-4.08021725525068,61.58956640592));
#3760=CARTESIAN_POINT('',(58.932731594294,-2.45521725525069,42.58956640592));
#3761=CARTESIAN_POINT('Origin',(58.932731594294,0.0447827447493132,52.90206640592));
#3762=CARTESIAN_POINT('',(58.932731594294,-1.45521725525069,61.58956640592));
#3763=CARTESIAN_POINT('Origin',(58.932731594294,0.0447827447493132,61.58956640592));
#3764=CARTESIAN_POINT('Origin',(110.,0.0447827447493132,61.58956640592));
#3765=CARTESIAN_POINT('',(78.682731594294,-1.45521725525069,61.58956640592));
#3766=CARTESIAN_POINT('Origin',(78.682731594294,0.0447827447493132,61.58956640592));
#3767=CARTESIAN_POINT('',(110.,-1.45521725525069,61.58956640592));
#3768=CARTESIAN_POINT('Ctrl Pts',(78.6813430949672,0.318770390054511,69.6737193223467));
#3769=CARTESIAN_POINT('Ctrl Pts',(70.6619781750764,0.220618144908856,69.6737083847389));
#3770=CARTESIAN_POINT('Ctrl Pts',(62.6423501924781,0.146819003191709,69.6736980906153));
#3771=CARTESIAN_POINT('Ctrl Pts',(54.6226268822661,0.0919952961966521,69.6736886244687));
#3772=CARTESIAN_POINT('Ctrl Pts',(78.7069905429692,-1.79254989576963,69.642351730484));
#3773=CARTESIAN_POINT('Ctrl Pts',(70.6835059881399,-1.90246926900856,69.6422373018969));
#3774=CARTESIAN_POINT('Ctrl Pts',(62.6601649394332,-1.98697744259856,69.6414441301711));
#3775=CARTESIAN_POINT('Ctrl Pts',(54.6371144418651,-2.0518154443591,69.6413513030536));
#3776=CARTESIAN_POINT('Ctrl Pts',(78.7493208741187,-5.27721967088484,68.2953606584292));
#3777=CARTESIAN_POINT('Ctrl Pts',(70.7190442489745,-5.40577862149497,68.2795781381608));
#3778=CARTESIAN_POINT('Ctrl Pts',(62.6895450951156,-5.50787868533234,68.2646961941936));
#3779=CARTESIAN_POINT('Ctrl Pts',(54.6610150747403,-5.58853487001918,68.251006559112));
#3780=CARTESIAN_POINT('Ctrl Pts',(78.7848939825477,-8.20562897889861,64.156100093674));
#3781=CARTESIAN_POINT('Ctrl Pts',(70.7486547960807,-8.32956277671812,64.1008003102397));
#3782=CARTESIAN_POINT('Ctrl Pts',(62.7138800711933,-8.42671728140165,64.0487033894335));
#3783=CARTESIAN_POINT('Ctrl Pts',(54.6807081729215,-8.50264025176563,64.0011274124512));
#3784=CARTESIAN_POINT('Ctrl Pts',(78.7901080476118,-8.63485536199167,61.29973699965));
#3785=CARTESIAN_POINT('Ctrl Pts',(70.7527622542821,-8.73889995301054,61.2245145479358));
#3786=CARTESIAN_POINT('Ctrl Pts',(62.7171073474089,-8.81710796211139,61.1542279218188));
#3787=CARTESIAN_POINT('Ctrl Pts',(54.6832272252617,-8.87539947501626,61.0899719755884));
#3788=CARTESIAN_POINT('Ctrl Pts',(78.7886307474633,-8.5132427254605,59.8971943116506));
#3789=CARTESIAN_POINT('Ctrl Pts',(70.7513693442287,-8.60377845459973,59.8153506081638));
#3790=CARTESIAN_POINT('Ctrl Pts',(62.7158532123905,-8.66928543683332,59.7390996833906));
#3791=CARTESIAN_POINT('Ctrl Pts',(54.6821483704132,-8.71575487814709,59.6695130403178));
#3792=CARTESIAN_POINT('',(78.682731594294,-8.51443417480812,59.8961161638442));
#3793=CARTESIAN_POINT('Ctrl Pts',(54.6827315942945,-8.71575150456579,59.6695180921198));
#3794=CARTESIAN_POINT('Ctrl Pts',(62.6809579843516,-8.66948636481519,59.7387977469771));
#3795=CARTESIAN_POINT('Ctrl Pts',(70.6809796999337,-8.60435131676518,59.8146829260528));
#3796=CARTESIAN_POINT('Ctrl Pts',(78.6827315933735,-8.51443417970501,59.8961162597114));
#3797=CARTESIAN_POINT('Ctrl Pts',(78.6827316157587,-8.51443417945347,59.8961162599392));
#3798=CARTESIAN_POINT('Ctrl Pts',(78.6827316097576,-8.53406759816529,60.1221959286888));
#3799=CARTESIAN_POINT('Ctrl Pts',(78.6827293892469,-8.54493190076695,60.3485293555298));
#3800=CARTESIAN_POINT('Ctrl Pts',(78.6827266310892,-8.54721627895442,60.5746546459732));
#3801=CARTESIAN_POINT('Ctrl Pts',(78.6827237598247,-8.54959433507071,60.8100528969891));
#3802=CARTESIAN_POINT('Ctrl Pts',(78.6827203089022,-8.54267458980481,61.0452262011324));
#3803=CARTESIAN_POINT('Ctrl Pts',(78.6827174610207,-8.52661274595014,61.2796632077636));
#3804=CARTESIAN_POINT('Ctrl Pts',(78.6827146657313,-8.51084751678735,61.5097708571232));
#3805=CARTESIAN_POINT('Ctrl Pts',(78.6827124478891,-8.48627443894767,61.7391698153149));
#3806=CARTESIAN_POINT('Ctrl Pts',(78.6827112713032,-8.45298744875881,61.9673760094082));
#3807=CARTESIAN_POINT('Ctrl Pts',(78.682710061512,-8.41876104212666,62.2020225770522));
#3808=CARTESIAN_POINT('Ctrl Pts',(78.6827099543483,-8.37532208277578,62.4354088730431));
#3809=CARTESIAN_POINT('Ctrl Pts',(78.6827107617482,-8.32271632613565,62.6669972519956));
#3810=CARTESIAN_POINT('Ctrl Pts',(78.6827115691481,-8.27011056949552,62.8985856309482));
#3811=CARTESIAN_POINT('Ctrl Pts',(78.6827132898302,-8.20833790986884,63.128376846431));
#3812=CARTESIAN_POINT('Ctrl Pts',(78.6827150541804,-8.13738863017738,63.3558105404173));
#3813=CARTESIAN_POINT('Ctrl Pts',(78.6827168312281,-8.06592875507432,63.5848809895771));
#3814=CARTESIAN_POINT('Ctrl Pts',(78.6827186064439,-7.98543598153332,63.8106735383098));
#3815=CARTESIAN_POINT('Ctrl Pts',(78.6827188276273,-7.89605484049146,64.0326634151168));
#3816=CARTESIAN_POINT('Ctrl Pts',(78.682719042183,-7.8093520186445,64.2480013322241));
#3817=CARTESIAN_POINT('Ctrl Pts',(78.6827177914278,-7.71428529392113,64.4597617282284));
#3818=CARTESIAN_POINT('Ctrl Pts',(78.6827164216423,-7.61121500618024,64.6675153310355));
#3819=CARTESIAN_POINT('Ctrl Pts',(78.6827150585417,-7.50864773598976,64.8742550266278));
#3820=CARTESIAN_POINT('Ctrl Pts',(78.6827135722855,-7.39815440010123,65.0770275135693));
#3821=CARTESIAN_POINT('Ctrl Pts',(78.6827126906134,-7.28004107868405,65.2753892587393));
#3822=CARTESIAN_POINT('Ctrl Pts',(78.6827118024554,-7.16105886790041,65.4752102331394));
#3823=CARTESIAN_POINT('Ctrl Pts',(78.6827115237314,-7.03434381391605,65.6705559742504));
#3824=CARTESIAN_POINT('Ctrl Pts',(78.682712057729,-6.90016456236968,65.8609430369448));
#3825=CARTESIAN_POINT('Ctrl Pts',(78.6827125917267,-6.7659853108233,66.0513300996393));
#3826=CARTESIAN_POINT('Ctrl Pts',(78.6827139337546,-6.62434147728589,66.2367591084009));
#3827=CARTESIAN_POINT('Ctrl Pts',(78.682715815379,-6.47546311264847,66.416707211735));
#3828=CARTESIAN_POINT('Ctrl Pts',(78.6827177527731,-6.32217211669741,66.6019888276823));
#3829=CARTESIAN_POINT('Ctrl Pts',(78.6827201742326,-6.16180509945472,66.7807422734366));
#3830=CARTESIAN_POINT('Ctrl Pts',(78.6827222286112,-5.99473783237622,66.9525012925417));
#3831=CARTESIAN_POINT('Ctrl Pts',(78.6827242829898,-5.82767056529772,67.1242603116468));
#3832=CARTESIAN_POINT('Ctrl Pts',(78.6827259644214,-5.65390256796458,67.2890255965676));
#3833=CARTESIAN_POINT('Ctrl Pts',(78.6827258158414,-5.47375966004897,67.4462966885427));
#3834=CARTESIAN_POINT('Ctrl Pts',(78.6827256730932,-5.30068744577125,67.5973948163845));
#3835=CARTESIAN_POINT('Ctrl Pts',(78.682723832599,-5.12173024201443,67.7415758002268));
#3836=CARTESIAN_POINT('Ctrl Pts',(78.6827214225529,-4.93737639910855,67.8786895429171));
#3837=CARTESIAN_POINT('Ctrl Pts',(78.682718997683,-4.75188863560404,68.016646642571));
#3838=CARTESIAN_POINT('Ctrl Pts',(78.6827159890489,-4.56093705308681,68.1474496016457));
#3839=CARTESIAN_POINT('Ctrl Pts',(78.6827131970692,-4.36499010809105,68.2709014670638));
#3840=CARTESIAN_POINT('Ctrl Pts',(78.6827104617693,-4.17302107237168,68.3918471422443));
#3841=CARTESIAN_POINT('Ctrl Pts',(78.682707926591,-3.97625679391247,68.5057372651135));
#3842=CARTESIAN_POINT('Ctrl Pts',(78.6827061237955,-3.77511935868885,68.6123417518955));
#3843=CARTESIAN_POINT('Ctrl Pts',(78.6827042909891,-3.57063361169819,68.7207208713168));
#3844=CARTESIAN_POINT('Ctrl Pts',(78.682703149879,-3.36224972545384,68.8212405292549));
#3845=CARTESIAN_POINT('Ctrl Pts',(78.6827028753035,-3.15046369210106,68.9137539670959));
#3846=CARTESIAN_POINT('Ctrl Pts',(78.6827026000356,-2.93814363363494,69.0065006804666));
#3847=CARTESIAN_POINT('Ctrl Pts',(78.6827031880957,-2.72240362678032,69.0912010179645));
#3848=CARTESIAN_POINT('Ctrl Pts',(78.6827045270805,-2.50371914743937,69.1676607575461));
#3849=CARTESIAN_POINT('Ctrl Pts',(78.6827058577456,-2.28639345219327,69.2436454187025));
#3850=CARTESIAN_POINT('Ctrl Pts',(78.682707922351,-2.06615913006665,69.3114917761978));
#3851=CARTESIAN_POINT('Ctrl Pts',(78.6827104405295,-1.84346831573638,69.3709600179535));
#3852=CARTESIAN_POINT('Ctrl Pts',(78.6827108840134,-1.80424957375415,69.3814331469713));
#3853=CARTESIAN_POINT('Ctrl Pts',(78.6827113413045,-1.76495461891791,69.3916462936776));
#3854=CARTESIAN_POINT('Ctrl Pts',(78.6827118105971,-1.72558589657109,69.4015979811715));
#3855=CARTESIAN_POINT('Ctrl Pts',(78.682714487907,-1.50098773317416,69.4583722578205));
#3856=CARTESIAN_POINT('Ctrl Pts',(78.6827175292968,-1.27451825598679,69.5065072755608));
#3857=CARTESIAN_POINT('Ctrl Pts',(78.6827204575615,-1.04665190501849,69.5458208018207));
#3858=CARTESIAN_POINT('Ctrl Pts',(78.6827233516912,-0.821441803980247,69.5846760482559));
#3859=CARTESIAN_POINT('Ctrl Pts',(78.6827261277189,-0.594866579903966,69.6149144132752));
#3860=CARTESIAN_POINT('Ctrl Pts',(78.68272818968,-0.367372513969581,69.6363110012917));
#3861=CARTESIAN_POINT('Ctrl Pts',(78.6827299123547,-0.177311573605935,69.6541868769648));
#3862=CARTESIAN_POINT('Ctrl Pts',(78.6827311321939,0.0133910791410364,69.6658905494416));
#3863=CARTESIAN_POINT('Ctrl Pts',(78.6827314847727,0.204476930489694,69.6712629789185));
#3864=CARTESIAN_POINT('Ctrl Pts',(54.6827315938417,-9.26050579081688,65.1373992179279));
#3865=CARTESIAN_POINT('Ctrl Pts',(62.6827315940978,-9.01181525214611,63.3903048665677));
#3866=CARTESIAN_POINT('Ctrl Pts',(70.6827315943538,-8.76312471347534,61.6432105152075));
#3867=CARTESIAN_POINT('Ctrl Pts',(78.6827315946099,-8.51443417480458,59.8961161638474));
#3868=CARTESIAN_POINT('Ctrl Pts',(54.6827315938417,-9.01904299668691,62.359603354197));
#3869=CARTESIAN_POINT('Ctrl Pts',(62.6827315940978,-8.77688126912728,60.6868670239612));
#3870=CARTESIAN_POINT('Ctrl Pts',(70.6827315943538,-8.53474845914138,59.0142605372095));
#3871=CARTESIAN_POINT('Ctrl Pts',(78.6827315946099,-8.29258673158174,57.3415242069737));
#3872=CARTESIAN_POINT('Ctrl Pts',(54.6827315938416,-8.43041925910543,56.8147758504778));
#3873=CARTESIAN_POINT('Ctrl Pts',(62.6827315940977,-8.20417466080499,55.2906253119704));
#3874=CARTESIAN_POINT('Ctrl Pts',(70.6827315943538,-7.97788253651537,53.7663813793039));
#3875=CARTESIAN_POINT('Ctrl Pts',(78.6827315946099,-7.75163793821493,52.2422308407965));
#3876=CARTESIAN_POINT('Ctrl Pts',(54.6827315938415,-7.22917746842882,48.5762321155251));
#3877=CARTESIAN_POINT('Ctrl Pts',(62.6827315940976,-7.03527813207027,47.2726715961973));
#3878=CARTESIAN_POINT('Ctrl Pts',(70.6827315943536,-6.8413573656806,45.9691786537077));
#3879=CARTESIAN_POINT('Ctrl Pts',(78.6827315946097,-6.64745802932205,44.6656181343799));
#3880=CARTESIAN_POINT('Ctrl Pts',(54.6827315938418,-5.69441618092583,40.4092208177503));
#3881=CARTESIAN_POINT('Ctrl Pts',(62.6827315940978,-5.54169055819194,39.3244476066377));
#3882=CARTESIAN_POINT('Ctrl Pts',(70.682731594354,-5.38897079899829,38.2396992070937));
#3883=CARTESIAN_POINT('Ctrl Pts',(78.68273159461,-5.2362451762644,37.154925995981));
#3884=CARTESIAN_POINT('Ctrl Pts',(54.6827315938416,-4.15654427635076,32.2768643805676));
#3885=CARTESIAN_POINT('Ctrl Pts',(62.6827315940977,-4.04496247080246,31.4099307007244));
#3886=CARTESIAN_POINT('Ctrl Pts',(70.6827315943538,-3.93339879290313,30.5429793930955));
#3887=CARTESIAN_POINT('Ctrl Pts',(78.6827315946099,-3.82181698735483,29.6760457132523));
#3888=CARTESIAN_POINT('Ctrl Pts',(54.6827315938418,-2.81061500488466,24.3480252072424));
#3889=CARTESIAN_POINT('Ctrl Pts',(62.6827315940979,-2.73500686870173,23.6934587128573));
#3890=CARTESIAN_POINT('Ctrl Pts',(70.682731594354,-2.65960802287586,23.0389398265665));
#3891=CARTESIAN_POINT('Ctrl Pts',(78.6827315946101,-2.58399988669293,22.3843733321814));
#3892=CARTESIAN_POINT('Ctrl Pts',(54.6827315938415,-1.68861433836641,16.8035030809771));
#3893=CARTESIAN_POINT('Ctrl Pts',(62.6827315940976,-1.64315438255924,16.3511404928036));
#3894=CARTESIAN_POINT('Ctrl Pts',(70.6827315943536,-1.59764251970635,15.898731613599));
#3895=CARTESIAN_POINT('Ctrl Pts',(78.6827315946097,-1.55218256389918,15.4463690254254));
#3896=CARTESIAN_POINT('Ctrl Pts',(54.6827315938417,-1.11750341312121,12.1616170466774));
#3897=CARTESIAN_POINT('Ctrl Pts',(62.6827315940977,-1.08732408052409,11.833799071477));
#3898=CARTESIAN_POINT('Ctrl Pts',(70.6827315943538,-1.05724201435759,11.5058079514661));
#3899=CARTESIAN_POINT('Ctrl Pts',(78.6827315946099,-1.02706268176048,11.1779899762656));
#3900=CARTESIAN_POINT('Ctrl Pts',(54.6827315938417,-0.876555969804886,9.99999999055039));
#3901=CARTESIAN_POINT('Ctrl Pts',(62.6827315940978,-0.852883370331086,9.73014812568638));
#3902=CARTESIAN_POINT('Ctrl Pts',(70.6827315943538,-0.829210770857285,9.46029626082237));
#3903=CARTESIAN_POINT('Ctrl Pts',(78.6827315946099,-0.805538171383484,9.19044439595836));
#3904=CARTESIAN_POINT('',(78.6827315944515,-0.897167616035088,10.));
#3905=CARTESIAN_POINT('Ctrl Pts',(54.6827315942953,-0.876555970858563,10.));
#3906=CARTESIAN_POINT('Ctrl Pts',(54.8150312127873,-0.876661922809072,10.));
#3907=CARTESIAN_POINT('Ctrl Pts',(54.9473142181471,-0.876767979489367,10.000000005546));
#3908=CARTESIAN_POINT('Ctrl Pts',(62.8888734740637,-0.883142086132226,10.000000005546));
#3909=CARTESIAN_POINT('Ctrl Pts',(70.7794966807876,-0.889885759857579,10.));
#3910=CARTESIAN_POINT('Ctrl Pts',(78.6827315946099,-0.897167616035084,10.));
#3911=CARTESIAN_POINT('Ctrl Pts',(78.6827315944515,-0.897166896064529,10.0003894463321));
#3912=CARTESIAN_POINT('Ctrl Pts',(78.6827315944514,-1.09844076218427,11.7538083879347));
#3913=CARTESIAN_POINT('Ctrl Pts',(78.6827315944514,-1.330417248054,13.6112861370585));
#3914=CARTESIAN_POINT('Ctrl Pts',(78.6827315944514,-1.59287214716438,15.5356083142705));
#3915=CARTESIAN_POINT('Ctrl Pts',(78.6827315944514,-1.89612167149819,17.7590371276877));
#3916=CARTESIAN_POINT('Ctrl Pts',(78.6827315944515,-2.24006077909631,20.0717052299411));
#3917=CARTESIAN_POINT('Ctrl Pts',(78.6827315944515,-2.6183331830058,22.4433180112469));
#3918=CARTESIAN_POINT('Ctrl Pts',(78.6827315944516,-2.9966055869153,24.8149307925528));
#3919=CARTESIAN_POINT('Ctrl Pts',(78.6827315944515,-3.40921128713617,27.2454882529111));
#3920=CARTESIAN_POINT('Ctrl Pts',(78.6827315944515,-3.85125216873166,29.7072470302125));
#3921=CARTESIAN_POINT('Ctrl Pts',(78.6827315944515,-4.29329305032716,32.1690058075138));
#3922=CARTESIAN_POINT('Ctrl Pts',(78.6827315944515,-4.76476911329729,34.6619659017582));
#3923=CARTESIAN_POINT('Ctrl Pts',(78.6827315944515,-5.23570928695877,37.1602279719476));
#3924=CARTESIAN_POINT('Ctrl Pts',(78.6827315944515,-5.70664946062025,39.6584900421369));
#3925=CARTESIAN_POINT('Ctrl Pts',(78.6827315944513,-6.17705374497307,42.1620540882713));
#3926=CARTESIAN_POINT('Ctrl Pts',(78.6827315944513,-6.59628587196507,44.676604895742));
#3927=CARTESIAN_POINT('Ctrl Pts',(78.6827315944513,-7.01551799895706,47.1911557032127));
#3928=CARTESIAN_POINT('Ctrl Pts',(78.6827315944514,-7.38357796858824,49.7166932720197));
#3929=CARTESIAN_POINT('Ctrl Pts',(78.6827315944514,-7.70284515174561,52.2542853979682));
#3930=CARTESIAN_POINT('Ctrl Pts',(78.6827315944514,-8.02211233489997,54.7918775238929));
#3931=CARTESIAN_POINT('Ctrl Pts',(78.6827315944515,-8.29258673158145,57.3415242069588));
#3932=CARTESIAN_POINT('Ctrl Pts',(78.6827315944515,-8.51443417480323,59.8961161638098));
#3933=CARTESIAN_POINT('Origin',(78.682731594294,0.,9.77340158724737));
#3934=CARTESIAN_POINT('',(78.6827315939308,0.883732721219274,10.));
#3935=CARTESIAN_POINT('',(78.682731594294,-0.0815616102154604,10.));
#3936=CARTESIAN_POINT('Ctrl Pts',(78.682731594294,8.43257346885127,59.9657641067632));
#3937=CARTESIAN_POINT('Ctrl Pts',(78.682731594294,7.99723473384458,54.8499822580452));
#3938=CARTESIAN_POINT('Ctrl Pts',(78.6827315942938,7.36800801985957,49.7632567064122));
#3939=CARTESIAN_POINT('Ctrl Pts',(78.6827315942939,6.53679257849717,44.7263980679471));
#3940=CARTESIAN_POINT('Ctrl Pts',(78.6827315942939,6.12118485781472,42.207968748707));
#3941=CARTESIAN_POINT('Ctrl Pts',(78.682731594294,5.65507995528761,39.702006157759));
#3942=CARTESIAN_POINT('Ctrl Pts',(78.682731594294,5.18790039894535,37.2003782038127));
#3943=CARTESIAN_POINT('Ctrl Pts',(78.6827315942941,4.72072084260309,34.6987502498664));
#3944=CARTESIAN_POINT('Ctrl Pts',(78.6827315942941,4.25246663244566,32.201456932922));
#3945=CARTESIAN_POINT('Ctrl Pts',(78.6827315942941,3.81366052329856,29.736006266136));
#3946=CARTESIAN_POINT('Ctrl Pts',(78.6827315942941,3.37485441415145,27.27055559935));
#3947=CARTESIAN_POINT('Ctrl Pts',(78.682731594294,2.96549640601467,24.8369475827226));
#3948=CARTESIAN_POINT('Ctrl Pts',(78.682731594294,2.58985436227605,22.4620314357968));
#3949=CARTESIAN_POINT('Ctrl Pts',(78.6827315942939,2.21421231853743,20.087115288871));
#3950=CARTESIAN_POINT('Ctrl Pts',(78.682731594294,1.87228623919698,17.7708910116469));
#3951=CARTESIAN_POINT('Ctrl Pts',(78.6827315942941,1.57188365216915,15.5440858318184));
#3952=CARTESIAN_POINT('Ctrl Pts',(78.6827315942941,1.31186839967204,13.6166613151934));
#3953=CARTESIAN_POINT('Ctrl Pts',(78.6827315942942,1.08296201348137,11.7562284361016));
#3954=CARTESIAN_POINT('Ctrl Pts',(78.6827315942941,0.883717374000774,10.0004068053571));
#3955=CARTESIAN_POINT('Ctrl Pts',(54.6827315942884,0.862990425779815,10.0000000000002));
#3956=CARTESIAN_POINT('Ctrl Pts',(62.6827315943564,0.839665202067542,9.72998035094001));
#3957=CARTESIAN_POINT('Ctrl Pts',(70.6827315944245,0.81633997835527,9.45996070187987));
#3958=CARTESIAN_POINT('Ctrl Pts',(78.6827315944926,0.793014754642997,9.18994105281973));
#3959=CARTESIAN_POINT('Ctrl Pts',(54.6827315942885,1.1018472515515,12.1643508180374));
#3960=CARTESIAN_POINT('Ctrl Pts',(62.6827315943566,1.07206732336824,11.8362550470338));
#3961=CARTESIAN_POINT('Ctrl Pts',(70.6827315944247,1.04238189860863,11.5079903405521));
#3962=CARTESIAN_POINT('Ctrl Pts',(78.6827315944928,1.01260197042537,11.1798945695485));
#3963=CARTESIAN_POINT('Ctrl Pts',(54.6827315942883,1.66498723217831,16.8134418781676));
#3964=CARTESIAN_POINT('Ctrl Pts',(62.6827315943564,1.62015134940428,16.3605507661215));
#3965=CARTESIAN_POINT('Ctrl Pts',(70.6827315944245,1.57519604262944,15.9075578464577));
#3966=CARTESIAN_POINT('Ctrl Pts',(78.6827315944926,1.53036015985541,15.4546667344116));
#3967=CARTESIAN_POINT('Ctrl Pts',(54.6827315942882,2.78050263322006,24.3699479360755));
#3968=CARTESIAN_POINT('Ctrl Pts',(62.6827315943563,2.70570137714197,23.7144407362436));
#3969=CARTESIAN_POINT('Ctrl Pts',(70.6827315944244,2.63093965395412,23.0588467659107));
#3970=CARTESIAN_POINT('Ctrl Pts',(78.6827315944924,2.55613839787602,22.4033395660788));
#3971=CARTESIAN_POINT('Ctrl Pts',(54.6827315942884,4.11592632612319,32.3091252166675));
#3972=CARTESIAN_POINT('Ctrl Pts',(62.6827315943565,4.00538157237944,31.4408166348637));
#3973=CARTESIAN_POINT('Ctrl Pts',(70.6827315944246,3.89475717602925,30.5724721977597));
#3974=CARTESIAN_POINT('Ctrl Pts',(78.6827315944927,3.7842124222855,29.704163615956));
#3975=CARTESIAN_POINT('Ctrl Pts',(54.6827315942883,5.64338620383682,40.4559784291954));
#3976=CARTESIAN_POINT('Ctrl Pts',(62.6827315943564,5.49192353262891,39.3693827562491));
#3977=CARTESIAN_POINT('Ctrl Pts',(70.6827315944245,5.34043772396467,38.2826392397302));
#3978=CARTESIAN_POINT('Ctrl Pts',(78.6827315944926,5.18897505275675,37.196043566784));
#3979=CARTESIAN_POINT('Ctrl Pts',(54.6827315942882,7.67108079304355,51.3562077766161));
#3980=CARTESIAN_POINT('Ctrl Pts',(62.6827315943562,7.46512108901517,49.9773778278005));
#3981=CARTESIAN_POINT('Ctrl Pts',(70.6827315944243,7.25935436689219,48.5987238793846));
#3982=CARTESIAN_POINT('Ctrl Pts',(78.6827315944923,7.05339466286381,47.2198939305689));
#3983=CARTESIAN_POINT('Ctrl Pts',(54.6827315942884,8.69797131789029,59.6532514602396));
#3984=CARTESIAN_POINT('Ctrl Pts',(62.6827315943564,8.46443490569586,58.0523556048994));
#3985=CARTESIAN_POINT('Ctrl Pts',(70.6827315944245,8.23077114603698,56.4508781133761));
#3986=CARTESIAN_POINT('Ctrl Pts',(78.6827315944926,7.99723473384255,54.8499822580359));
#3987=CARTESIAN_POINT('Ctrl Pts',(54.6827315942884,9.1717522755422,65.2162576339293));
#3988=CARTESIAN_POINT('Ctrl Pts',(62.6827315943564,8.92535933997782,63.4660931248748));
#3989=CARTESIAN_POINT('Ctrl Pts',(70.6827315944245,8.67896640441344,61.7159286158203));
#3990=CARTESIAN_POINT('Ctrl Pts',(78.6827315944926,8.43257346884907,59.9657641067658));
#3991=CARTESIAN_POINT('Ctrl Pts',(78.6827315935655,0.883717374001621,10.0004068053705));
#3992=CARTESIAN_POINT('Ctrl Pts',(73.828802702694,0.879247904090444,10.0002546343141));
#3993=CARTESIAN_POINT('Ctrl Pts',(68.9783155394634,0.87495480466732,10.000144149931));
#3994=CARTESIAN_POINT('Ctrl Pts',(64.1501499923439,0.870845708359979,10.000073901351));
#3995=CARTESIAN_POINT('Ctrl Pts',(61.0794986255366,0.868232375807618,10.0000292241552));
#3996=CARTESIAN_POINT('Ctrl Pts',(58.0178758990224,0.865693175942033,10.0000018090485));
#3997=CARTESIAN_POINT('Ctrl Pts',(54.9701385488173,0.86322318056378,10.0000000813146));
#3998=CARTESIAN_POINT('Ctrl Pts',(54.8743424458214,0.863145543974906,10.0000000270087));
#3999=CARTESIAN_POINT('Ctrl Pts',(54.7785401050034,0.863067958749592,9.99999999627712));
#4000=CARTESIAN_POINT('Ctrl Pts',(54.6827315942942,0.862990425779803,10.));
#4001=CARTESIAN_POINT('Origin',(55.0000000000002,-0.163123220430921,10.));
#4002=CARTESIAN_POINT('',(0.,0.,0.));
#4003=CARTESIAN_POINT('Origin',(43.8868552029555,1.04428418897756,91.4310676459273));
#4004=CARTESIAN_POINT('',(53.5868552029555,-10.2191274267146,91.4310676459256));
#4005=CARTESIAN_POINT('',(43.3868552029555,-10.5971710051211,91.4310676459274));
#4006=CARTESIAN_POINT('Ctrl Pts',(53.5868552029551,-10.219127426704,91.4310676459273));
#4007=CARTESIAN_POINT('Ctrl Pts',(50.8605966988465,-10.3254579845463,91.4310676459273));
#4008=CARTESIAN_POINT('Ctrl Pts',(48.1177604260866,-10.4281918386749,91.4310876317562));
#4009=CARTESIAN_POINT('Ctrl Pts',(45.3623933631231,-10.5274764874691,91.431090534852));
#4010=CARTESIAN_POINT('Ctrl Pts',(44.8709383008998,-10.5451851782301,91.4310910526564));
#4011=CARTESIAN_POINT('Ctrl Pts',(44.3790845929073,-10.5627840363449,91.4310911134542));
#4012=CARTESIAN_POINT('Ctrl Pts',(43.8868552029555,-10.5802737814247,91.4310906088303));
#4013=CARTESIAN_POINT('Ctrl Pts',(43.7201936575561,-10.5861955488021,91.4310904379721));
#4014=CARTESIAN_POINT('Ctrl Pts',(43.5535262744387,-10.5921034843235,91.4310902059555));
#4015=CARTESIAN_POINT('Ctrl Pts',(43.3868552029555,-10.5979975897043,91.4310899104055));
#4016=CARTESIAN_POINT('',(53.5868552029555,-1.45571581102242,91.4310676459273));
#4017=CARTESIAN_POINT('',(53.5868552029555,3.04428418897746,91.4310676459273));
#4018=CARTESIAN_POINT('',(43.3868552029555,-1.45571581102238,91.4310676459273));
#4019=CARTESIAN_POINT('',(46.1868552029555,-1.45571581102239,91.4310676459273));
#4020=CARTESIAN_POINT('',(43.3868552029555,1.04428418897756,91.4310676459273));
#4021=CARTESIAN_POINT('Origin',(53.5868552029556,5.04428418897741,84.5310676459273));
#4022=CARTESIAN_POINT('',(53.5868552029552,-7.25886855485906,49.1310676459274));
#4023=CARTESIAN_POINT('Ctrl Pts',(53.5868552029551,-7.2586589779749,49.1313892469429));
#4024=CARTESIAN_POINT('Ctrl Pts',(53.5868552029551,-7.85541975279074,52.7574393100981));
#4025=CARTESIAN_POINT('Ctrl Pts',(53.5868552029551,-8.36380079634144,56.407231156585));
#4026=CARTESIAN_POINT('Ctrl Pts',(53.5868552029552,-8.77166492210724,60.0754168325816));
#4027=CARTESIAN_POINT('Ctrl Pts',(53.5868552029552,-9.00455271057442,62.1699272241632));
#4028=CARTESIAN_POINT('Ctrl Pts',(53.5868552029552,-9.20466860209262,64.2704346229996));
#4029=CARTESIAN_POINT('Ctrl Pts',(53.5868552029552,-9.37839812013698,66.3742122117526));
#4030=CARTESIAN_POINT('Ctrl Pts',(53.5868552029552,-10.0733161923144,74.7893225667643));
#4031=CARTESIAN_POINT('Ctrl Pts',(53.5868552029551,-10.3460522889104,83.2567559604426));
#4032=CARTESIAN_POINT('Ctrl Pts',(53.5868552029551,-10.2191274267041,91.4310676459256));
#4033=CARTESIAN_POINT('',(53.5868552029557,-1.45571581102244,49.1310676459274));
#4034=CARTESIAN_POINT('',(53.5868552029557,1.04428418897758,49.1310676459274));
#4035=CARTESIAN_POINT('',(53.5868552029557,-1.45571581102244,55.5310676459274));
#4036=CARTESIAN_POINT('',(53.5868552029557,-1.45571581102244,53.1810676459274));
#4037=CARTESIAN_POINT('',(53.5868552029557,-5.45571581102243,55.5310676459274));
#4038=CARTESIAN_POINT('',(53.5868552029557,1.04428418897758,55.5310676459274));
#4039=CARTESIAN_POINT('',(53.5868552029555,-5.45571581102243,84.5310676459273));
#4040=CARTESIAN_POINT('',(53.5868552029555,-5.45571581102257,84.7810676459274));
#4041=CARTESIAN_POINT('',(53.5868552029555,-1.45571581102243,84.5310676459273));
#4042=CARTESIAN_POINT('',(53.5868552029555,2.04428418897749,84.5310676459273));
#4043=CARTESIAN_POINT('',(53.5868552029555,-1.45571581102242,89.5810676459273));
#4044=CARTESIAN_POINT('Origin',(53.0868552029557,1.04428418897758,49.1310676459274));
#4045=CARTESIAN_POINT('',(43.8868552029557,-7.2259590610218,49.1310676459273));
#4046=CARTESIAN_POINT('Ctrl Pts',(43.8868552029557,-7.2259590610218,49.1310676459273));
#4047=CARTESIAN_POINT('Ctrl Pts',(47.1206905309907,-7.23869385557804,49.1310676459274));
#4048=CARTESIAN_POINT('Ctrl Pts',(50.3530752496444,-7.24977476422694,49.1310676459274));
#4049=CARTESIAN_POINT('Ctrl Pts',(53.5868552029528,-7.25886855485901,49.1310676459274));
#4050=CARTESIAN_POINT('',(43.8868552029557,-1.4557158110224,49.1310676459273));
#4051=CARTESIAN_POINT('',(43.8868552029557,1.04428418897758,49.1310676459273));
#4052=CARTESIAN_POINT('',(53.0868552029557,-1.45571581102244,49.1310676459274));
#4053=CARTESIAN_POINT('Ctrl Pts',(19.1159390394924,-10.0782586724992,69.8224170369332));
#4054=CARTESIAN_POINT('Ctrl Pts',(19.1063414299193,-10.064058291945,69.6792435756741));
#4055=CARTESIAN_POINT('Ctrl Pts',(19.0830001363223,-10.0499734939887,69.5372778215026));
#4056=CARTESIAN_POINT('Ctrl Pts',(18.9813841059173,-10.011922175857,69.153932356486));
#4057=CARTESIAN_POINT('Ctrl Pts',(18.8755236090948,-9.98885007785614,68.921809021727));
#4058=CARTESIAN_POINT('Ctrl Pts',(18.5666940194368,-9.94385715393667,68.4678840849271));
#4059=CARTESIAN_POINT('Ctrl Pts',(18.3536420459383,-9.92318025189386,68.2583419733507));
#4060=CARTESIAN_POINT('Ctrl Pts',(17.8572368119065,-9.89193619137573,67.9334204029115));
#4061=CARTESIAN_POINT('Ctrl Pts',(17.5788623807138,-9.88170339868889,67.8213063851453));
#4062=CARTESIAN_POINT('Ctrl Pts',(17.0045766004305,-9.87402356280234,67.7135688407269));
#4063=CARTESIAN_POINT('Ctrl Pts',(16.7151628778563,-9.87621257720854,67.7149075271722));
#4064=CARTESIAN_POINT('Ctrl Pts',(16.1634709404883,-9.89215927549142,67.823577190207));
#4065=CARTESIAN_POINT('Ctrl Pts',(15.905444469098,-9.90533311555564,67.9259316978854));
#4066=CARTESIAN_POINT('Ctrl Pts',(15.4178733923428,-9.94248651797093,68.2315432838489));
#4067=CARTESIAN_POINT('Ctrl Pts',(15.1983610667477,-9.96698012396095,68.4403061386797));
#4068=CARTESIAN_POINT('Ctrl Pts',(14.9023922485499,-10.0148496032784,68.862463671101));
#4069=CARTESIAN_POINT('Ctrl Pts',(14.8047043180801,-10.0364079460059,69.0564619020654));
#4070=CARTESIAN_POINT('Ctrl Pts',(14.6230499666995,-10.0954253213372,69.5998376750016));
#4071=CARTESIAN_POINT('Ctrl Pts',(14.5925744295015,-10.1336421420653,69.9646289694095));
#4072=CARTESIAN_POINT('Ctrl Pts',(14.6835834109352,-10.1916121531485,70.5431026500953));
#4073=CARTESIAN_POINT('Ctrl Pts',(14.7532809014942,-10.2129139836236,70.7622116730344));
#4074=CARTESIAN_POINT('Ctrl Pts',(14.9862947520311,-10.2570073860029,71.23115865648));
#4075=CARTESIAN_POINT('Ctrl Pts',(15.1684362256088,-10.2780559961515,71.4673320791839));
#4076=CARTESIAN_POINT('Ctrl Pts',(15.6151525383546,-10.3106181376646,71.8565366774543));
#4077=CARTESIAN_POINT('Ctrl Pts',(15.8753552980771,-10.3218130622111,72.0055751969996));
#4078=CARTESIAN_POINT('Ctrl Pts',(16.4336452470445,-10.3331400228472,72.1922355538876));
#4079=CARTESIAN_POINT('Ctrl Pts',(16.7253886013512,-10.3333959937679,72.2302116421741));
#4080=CARTESIAN_POINT('Ctrl Pts',(17.2947990088951,-10.323759366119,72.1937903376325));
#4081=CARTESIAN_POINT('Ctrl Pts',(17.5674277258797,-10.3143801877243,72.1243486649489));
#4082=CARTESIAN_POINT('Ctrl Pts',(18.091178715327,-10.2862868520124,71.8814372200485));
#4083=CARTESIAN_POINT('Ctrl Pts',(18.3339492988321,-10.2672221638051,71.7032263666897));
#4084=CARTESIAN_POINT('Ctrl Pts',(18.6983612975034,-10.2260379757306,71.3040443322215));
#4085=CARTESIAN_POINT('Ctrl Pts',(18.8316315766805,-10.2053745784708,71.0995089075591));
#4086=CARTESIAN_POINT('Ctrl Pts',(19.0758636540396,-10.1501161910057,70.5474407738383));
#4087=CARTESIAN_POINT('Ctrl Pts',(19.1400873054627,-10.1139878365048,70.1826516136801));
#4088=CARTESIAN_POINT('Ctrl Pts',(19.1159390394924,-10.0782586724992,69.8224170369333));
#4089=CARTESIAN_POINT('Ctrl Pts',(18.7340437531837,-9.70287245166774,69.8855153995925));
#4090=CARTESIAN_POINT('Ctrl Pts',(18.7285267973801,-9.69103615189982,69.7663123081977));
#4091=CARTESIAN_POINT('Ctrl Pts',(18.7115294849303,-9.67928500394776,69.6476381678956));
#4092=CARTESIAN_POINT('Ctrl Pts',(18.6331828353484,-9.64751175420465,69.3259997562722));
#4093=CARTESIAN_POINT('Ctrl Pts',(18.5483616655476,-9.62821845734631,69.1298264095262));
#4094=CARTESIAN_POINT('Ctrl Pts',(18.2956360695604,-9.59057169194596,68.7441266074721));
#4095=CARTESIAN_POINT('Ctrl Pts',(18.1187393162603,-9.57325727057772,68.5647008475024));
#4096=CARTESIAN_POINT('Ctrl Pts',(17.7025645710579,-9.54712270602865,68.285622995034));
#4097=CARTESIAN_POINT('Ctrl Pts',(17.4674947229538,-9.53858274391091,68.1888950191268));
#4098=CARTESIAN_POINT('Ctrl Pts',(16.9813219028491,-9.53225868231347,68.0963846644967));
#4099=CARTESIAN_POINT('Ctrl Pts',(16.735888276404,-9.53416535746203,68.097995851678));
#4100=CARTESIAN_POINT('Ctrl Pts',(16.2694077417204,-9.54766997312834,68.1929526202501));
#4101=CARTESIAN_POINT('Ctrl Pts',(16.0520067094423,-9.55877482994377,68.2819122733144));
#4102=CARTESIAN_POINT('Ctrl Pts',(15.6442313316303,-9.589969762097,68.5454606238907));
#4103=CARTESIAN_POINT('Ctrl Pts',(15.4626109416963,-9.61047877568103,68.7245130740473));
#4104=CARTESIAN_POINT('Ctrl Pts',(15.2214425180771,-9.65041855916947,69.0831598864671));
#4105=CARTESIAN_POINT('Ctrl Pts',(15.1431931106278,-9.66836504767055,69.246996274541));
#4106=CARTESIAN_POINT('Ctrl Pts',(15.0014353856614,-9.71738958872452,69.7029947150182));
#4107=CARTESIAN_POINT('Ctrl Pts',(14.9830653159171,-9.74901014193374,70.0058262175636));
#4108=CARTESIAN_POINT('Ctrl Pts',(15.0675181849993,-9.79683955399202,70.4813320800057));
#4109=CARTESIAN_POINT('Ctrl Pts',(15.1282302200791,-9.81437750796429,70.6603060565312));
#4110=CARTESIAN_POINT('Ctrl Pts',(15.3256675887533,-9.85064533316424,71.041528657208));
#4111=CARTESIAN_POINT('Ctrl Pts',(15.4772293137269,-9.86792969319811,71.2321785395337));
#4112=CARTESIAN_POINT('Ctrl Pts',(15.8448292636687,-9.89468809096498,71.5454273731896));
#4113=CARTESIAN_POINT('Ctrl Pts',(16.0573125748227,-9.90390063852989,71.6649015700168));
#4114=CARTESIAN_POINT('Ctrl Pts',(16.511705680014,-9.91329322006502,71.8147783026526));
#4115=CARTESIAN_POINT('Ctrl Pts',(16.7485753787883,-9.91357013456253,71.8454914103));
#4116=CARTESIAN_POINT('Ctrl Pts',(17.2115568331379,-9.90579584942819,71.8172941563738));
#4117=CARTESIAN_POINT('Ctrl Pts',(17.4336274012829,-9.89816127282037,71.7623005022714));
#4118=CARTESIAN_POINT('Ctrl Pts',(17.8624096372949,-9.87516491778237,71.5683592744852));
#4119=CARTESIAN_POINT('Ctrl Pts',(18.0625234285215,-9.8595088868529,71.4255082437511));
#4120=CARTESIAN_POINT('Ctrl Pts',(18.3660869044705,-9.8255511067863,71.1030525774892));
#4121=CARTESIAN_POINT('Ctrl Pts',(18.4785123119146,-9.80847648985738,70.9370757667585));
#4122=CARTESIAN_POINT('Ctrl Pts',(18.6881991742585,-9.7626864677943,70.4860642714773));
#4123=CARTESIAN_POINT('Ctrl Pts',(18.7478598754463,-9.73265699918154,70.185536697784));
#4124=CARTESIAN_POINT('Ctrl Pts',(18.7340437531837,-9.70287245166774,69.8855153995926));
#4125=CARTESIAN_POINT('Ctrl Pts',(18.3521484668751,-9.32748623083628,69.9486137622518));
#4126=CARTESIAN_POINT('Ctrl Pts',(18.3506998323528,-9.3180146382098,69.8533722422505));
#4127=CARTESIAN_POINT('Ctrl Pts',(18.3400723933949,-9.30859602495478,69.7580037707295));
#4128=CARTESIAN_POINT('Ctrl Pts',(18.2849526075463,-9.28310274850618,69.4980569229005));
#4129=CARTESIAN_POINT('Ctrl Pts',(18.2212157490425,-9.26758697881972,69.3378353988604));
#4130=CARTESIAN_POINT('Ctrl Pts',(18.0245492236502,-9.23728748935097,69.0203841381519));
#4131=CARTESIAN_POINT('Ctrl Pts',(17.88382387834,-9.22333603089702,68.8710432847356));
#4132=CARTESIAN_POINT('Ctrl Pts',(17.5478939666036,-9.2023097896728,68.6378584419204));
#4133=CARTESIAN_POINT('Ctrl Pts',(17.3560939616546,-9.19546449273119,68.5564904982373));
#4134=CARTESIAN_POINT('Ctrl Pts',(16.9580916416595,-9.19049465120431,68.4792215033949));
#4135=CARTESIAN_POINT('Ctrl Pts',(16.7565872548112,-9.19212059661141,68.4811193302431));
#4136=CARTESIAN_POINT('Ctrl Pts',(16.3753675397822,-9.20318236456167,68.5623300490851));
#4137=CARTESIAN_POINT('Ctrl Pts',(16.1985616992499,-9.21221946923076,68.6379429831474));
#4138=CARTESIAN_POINT('Ctrl Pts',(15.8705966420063,-9.2374551767012,68.8593667608169));
#4139=CARTESIAN_POINT('Ctrl Pts',(15.7268995160836,-9.25398126239118,69.0087836148397));
#4140=CARTESIAN_POINT('Ctrl Pts',(15.5404589049221,-9.28599009667664,69.303845409952));
#4141=CARTESIAN_POINT('Ctrl Pts',(15.4817141545616,-9.30032943297963,69.4376331436642));
#4142=CARTESIAN_POINT('Ctrl Pts',(15.3797598603696,-9.33934921855766,69.8060235570956));
#4143=CARTESIAN_POINT('Ctrl Pts',(15.3735171273988,-9.36437826965089,70.046952577018));
#4144=CARTESIAN_POINT('Ctrl Pts',(15.4515018995049,-9.40205438904127,70.4194663896105));
#4145=CARTESIAN_POINT('Ctrl Pts',(15.5031971499635,-9.41583359212767,70.5583011761288));
#4146=CARTESIAN_POINT('Ctrl Pts',(15.6650529660447,-9.44427455415556,70.8518219842897));
#4147=CARTESIAN_POINT('Ctrl Pts',(15.7860285500155,-9.45779618177516,70.9969172176163));
#4148=CARTESIAN_POINT('Ctrl Pts',(16.0745358833811,-9.47874945266198,71.2342524620532));
#4149=CARTESIAN_POINT('Ctrl Pts',(16.2392653323197,-9.4859816358526,71.3241324618855));
#4150=CARTESIAN_POINT('Ctrl Pts',(16.589812958237,-9.493437092041,71.4372412814426));
#4151=CARTESIAN_POINT('Ctrl Pts',(16.7717633484481,-9.49373710245818,71.4606879086965));
#4152=CARTESIAN_POINT('Ctrl Pts',(17.128365262923,-9.48782293294943,71.4406961232166));
#4153=CARTESIAN_POINT('Ctrl Pts',(17.2998403786954,-9.48193348902773,71.4001627558304));
#4154=CARTESIAN_POINT('Ctrl Pts',(17.6336919771671,-9.46403426136652,71.2551670014572));
#4155=CARTESIAN_POINT('Ctrl Pts',(17.7911330267712,-9.45178300656691,71.1476772699003));
#4156=CARTESIAN_POINT('Ctrl Pts',(18.0338531411034,-9.42505763119492,70.9019465241736));
#4157=CARTESIAN_POINT('Ctrl Pts',(18.125415416815,-9.41156189559318,70.7744745564498));
#4158=CARTESIAN_POINT('Ctrl Pts',(18.3005977398578,-9.37525853110752,70.4246523026054));
#4159=CARTESIAN_POINT('Ctrl Pts',(18.3558582635976,-9.35131385090266,70.1881503062927));
#4160=CARTESIAN_POINT('Ctrl Pts',(18.3521484668751,-9.32748623083628,69.9486137622518));
#4161=CARTESIAN_POINT('Ctrl Pts',(17.9702531805664,-8.95210001000482,70.0117121249111));
#4162=CARTESIAN_POINT('Ctrl Pts',(17.9728851998136,-8.94499249816459,69.9404409747741));
#4163=CARTESIAN_POINT('Ctrl Pts',(17.9686017420029,-8.93790753491384,69.8683641171225));
#4164=CARTESIAN_POINT('Ctrl Pts',(17.9367513369774,-8.91869232685382,69.6701243226867));
#4165=CARTESIAN_POINT('Ctrl Pts',(17.8940538054952,-8.90695535830989,69.5458527866596));
#4166=CARTESIAN_POINT('Ctrl Pts',(17.7534912737738,-8.88400202736025,69.2966266606968));
#4167=CARTESIAN_POINT('Ctrl Pts',(17.648921148662,-8.87341304958088,69.1774021588873));
#4168=CARTESIAN_POINT('Ctrl Pts',(17.393221725755,-8.85749630432572,68.9900610340429));
#4169=CARTESIAN_POINT('Ctrl Pts',(17.2447263038946,-8.85234383795321,68.9240791322187));
#4170=CARTESIAN_POINT('Ctrl Pts',(16.9348369440781,-8.84872977071544,68.8620373271647));
#4171=CARTESIAN_POINT('Ctrl Pts',(16.7773126533588,-8.85007337686489,68.8642076547489));
#4172=CARTESIAN_POINT('Ctrl Pts',(16.4813043410142,-8.8586930621986,68.9317054791281));
#4173=CARTESIAN_POINT('Ctrl Pts',(16.3451239395943,-8.86566118361888,68.9939235585764));
#4174=CARTESIAN_POINT('Ctrl Pts',(16.0969545812937,-8.88493842082726,69.1732841008587));
#4175=CARTESIAN_POINT('Ctrl Pts',(15.9911493910322,-8.89747991411125,69.2929905502073));
#4176=CARTESIAN_POINT('Ctrl Pts',(15.8595091744494,-8.92155905256774,69.5245416253181));
#4177=CARTESIAN_POINT('Ctrl Pts',(15.8202029471093,-8.93228653464423,69.6281675161398));
#4178=CARTESIAN_POINT('Ctrl Pts',(15.7581452793315,-8.96131348594502,69.9091805971122));
#4179=CARTESIAN_POINT('Ctrl Pts',(15.7640080138144,-8.97974626951937,70.0881498251721));
#4180=CARTESIAN_POINT('Ctrl Pts',(15.8354366735689,-9.00728178988475,70.3576958195209));
#4181=CARTESIAN_POINT('Ctrl Pts',(15.8781464685485,-9.01729711646832,70.4563955596255));
#4182=CARTESIAN_POINT('Ctrl Pts',(16.0044258027669,-9.03791250131694,70.6621919850177));
#4183=CARTESIAN_POINT('Ctrl Pts',(16.0948216381336,-9.04766987882179,70.7617636779662));
#4184=CARTESIAN_POINT('Ctrl Pts',(16.3042126086952,-9.06281940596233,70.9231431577885));
#4185=CARTESIAN_POINT('Ctrl Pts',(16.4212226090653,-9.06806921217139,70.9834588349026));
#4186=CARTESIAN_POINT('Ctrl Pts',(16.6678733912065,-9.07359028925887,71.0597840302077));
#4187=CARTESIAN_POINT('Ctrl Pts',(16.7949501258853,-9.07391124325284,71.0759676768225));
#4188=CARTESIAN_POINT('Ctrl Pts',(17.0451230871658,-9.06985941625857,71.0641999419579));
#4189=CARTESIAN_POINT('Ctrl Pts',(17.1660400540986,-9.06571457412375,71.0381145931528));
#4190=CARTESIAN_POINT('Ctrl Pts',(17.4049228991349,-9.05291232713649,70.9420890558938));
#4191=CARTESIAN_POINT('Ctrl Pts',(17.5197071564605,-9.04406972961471,70.8699591469617));
#4192=CARTESIAN_POINT('Ctrl Pts',(17.7015787480705,-9.02457076225058,70.7009547694413));
#4193=CARTESIAN_POINT('Ctrl Pts',(17.7722961520492,-9.01466380697978,70.6120414156492));
#4194=CARTESIAN_POINT('Ctrl Pts',(17.9129332600766,-8.98782880789608,70.3632758002445));
#4195=CARTESIAN_POINT('Ctrl Pts',(17.9636308335813,-8.96998301357943,70.1910353903966));
#4196=CARTESIAN_POINT('Ctrl Pts',(17.9702531805664,-8.95210001000482,70.0117121249111));
#4197=CARTESIAN_POINT('',(19.1159390394924,-10.0782586724992,69.8224170369333));
#4198=CARTESIAN_POINT('',(17.9702531805664,-8.95210001000482,70.0117121249111));
#4199=CARTESIAN_POINT('',(19.1159390394924,-10.0782586724992,69.8224170369332));
#4200=CARTESIAN_POINT('',(17.9710021915376,-8.94806261678291,69.9711160311287));
#4201=CARTESIAN_POINT('Ctrl Pts',(17.9702531805664,-8.95210001000482,70.0117121249111));
#4202=CARTESIAN_POINT('Ctrl Pts',(17.9707519368688,-8.95075316714704,69.9982065491645));
#4203=CARTESIAN_POINT('Ctrl Pts',(17.9710023679583,-8.9494071339779,69.9846720415758));
#4204=CARTESIAN_POINT('Ctrl Pts',(17.9710021915376,-8.94806261678291,69.9711160311287));
#4205=CARTESIAN_POINT('Ctrl Pts',(17.9710021915376,-8.94806261678291,69.9711160311287));
#4206=CARTESIAN_POINT('Ctrl Pts',(17.9710014369573,-8.94231189504371,69.9131347392085));
#4207=CARTESIAN_POINT('Ctrl Pts',(17.9664160336274,-8.93658890674695,69.8547600709979));
#4208=CARTESIAN_POINT('Ctrl Pts',(17.9367513369774,-8.91869232685382,69.6701243226867));
#4209=CARTESIAN_POINT('Ctrl Pts',(17.8940538054952,-8.90695535830989,69.5458527866596));
#4210=CARTESIAN_POINT('Ctrl Pts',(17.7534912737738,-8.88400202736025,69.2966266606968));
#4211=CARTESIAN_POINT('Ctrl Pts',(17.648921148662,-8.87341304958088,69.1774021588873));
#4212=CARTESIAN_POINT('Ctrl Pts',(17.393221725755,-8.85749630432572,68.9900610340429));
#4213=CARTESIAN_POINT('Ctrl Pts',(17.2447263038946,-8.85234383795321,68.9240791322187));
#4214=CARTESIAN_POINT('Ctrl Pts',(16.9348369440781,-8.84872977071544,68.8620373271647));
#4215=CARTESIAN_POINT('Ctrl Pts',(16.7773126533588,-8.85007337686489,68.8642076547489));
#4216=CARTESIAN_POINT('Ctrl Pts',(16.4813043410142,-8.8586930621986,68.9317054791281));
#4217=CARTESIAN_POINT('Ctrl Pts',(16.3451239395943,-8.86566118361888,68.9939235585764));
#4218=CARTESIAN_POINT('Ctrl Pts',(16.0969545812937,-8.88493842082726,69.1732841008587));
#4219=CARTESIAN_POINT('Ctrl Pts',(15.9911493910322,-8.89747991411125,69.2929905502073));
#4220=CARTESIAN_POINT('Ctrl Pts',(15.8595091744494,-8.92155905256774,69.5245416253181));
#4221=CARTESIAN_POINT('Ctrl Pts',(15.8202029471093,-8.93228653464423,69.6281675161398));
#4222=CARTESIAN_POINT('Ctrl Pts',(15.7581452793315,-8.96131348594502,69.9091805971122));
#4223=CARTESIAN_POINT('Ctrl Pts',(15.7640080138144,-8.97974626951937,70.0881498251721));
#4224=CARTESIAN_POINT('Ctrl Pts',(15.8354366735689,-9.00728178988475,70.3576958195209));
#4225=CARTESIAN_POINT('Ctrl Pts',(15.8781464685485,-9.01729711646832,70.4563955596255));
#4226=CARTESIAN_POINT('Ctrl Pts',(16.0044258027669,-9.03791250131694,70.6621919850177));
#4227=CARTESIAN_POINT('Ctrl Pts',(16.0948216381336,-9.04766987882179,70.7617636779662));
#4228=CARTESIAN_POINT('Ctrl Pts',(16.3042126086952,-9.06281940596233,70.9231431577885));
#4229=CARTESIAN_POINT('Ctrl Pts',(16.4212226090653,-9.06806921217139,70.9834588349026));
#4230=CARTESIAN_POINT('Ctrl Pts',(16.6678733912065,-9.07359028925887,71.0597840302077));
#4231=CARTESIAN_POINT('Ctrl Pts',(16.7949501258853,-9.07391124325284,71.0759676768225));
#4232=CARTESIAN_POINT('Ctrl Pts',(17.0451230871658,-9.06985941625857,71.0641999419579));
#4233=CARTESIAN_POINT('Ctrl Pts',(17.1660400540986,-9.06571457412375,71.0381145931528));
#4234=CARTESIAN_POINT('Ctrl Pts',(17.4049228991349,-9.05291232713649,70.9420890558938));
#4235=CARTESIAN_POINT('Ctrl Pts',(17.5197071564605,-9.04406972961471,70.8699591469617));
#4236=CARTESIAN_POINT('Ctrl Pts',(17.7015787480705,-9.02457076225058,70.7009547694413));
#4237=CARTESIAN_POINT('Ctrl Pts',(17.7722961520492,-9.01466380697978,70.6120414156492));
#4238=CARTESIAN_POINT('Ctrl Pts',(17.9129332600766,-8.98782880789608,70.3632758002445));
#4239=CARTESIAN_POINT('Ctrl Pts',(17.9636308335813,-8.96998301357943,70.1910353903966));
#4240=CARTESIAN_POINT('Ctrl Pts',(17.9702531805664,-8.95210001000482,70.0117121249111));
#4241=CARTESIAN_POINT('Ctrl Pts',(19.1159390394924,-10.0782586724992,69.8224170369333));
#4242=CARTESIAN_POINT('Ctrl Pts',(19.1400873054627,-10.1139878365048,70.1826516136801));
#4243=CARTESIAN_POINT('Ctrl Pts',(19.0758636540396,-10.1501161910057,70.5474407738383));
#4244=CARTESIAN_POINT('Ctrl Pts',(18.8316315766805,-10.2053745784708,71.0995089075591));
#4245=CARTESIAN_POINT('Ctrl Pts',(18.6983612975034,-10.2260379757306,71.3040443322215));
#4246=CARTESIAN_POINT('Ctrl Pts',(18.3339492988321,-10.2672221638051,71.7032263666897));
#4247=CARTESIAN_POINT('Ctrl Pts',(18.091178715327,-10.2862868520124,71.8814372200485));
#4248=CARTESIAN_POINT('Ctrl Pts',(17.5674277258797,-10.3143801877243,72.1243486649489));
#4249=CARTESIAN_POINT('Ctrl Pts',(17.2947990088951,-10.323759366119,72.1937903376325));
#4250=CARTESIAN_POINT('Ctrl Pts',(16.7253886013512,-10.3333959937679,72.2302116421741));
#4251=CARTESIAN_POINT('Ctrl Pts',(16.4336452470445,-10.3331400228472,72.1922355538876));
#4252=CARTESIAN_POINT('Ctrl Pts',(15.8753552980771,-10.3218130622111,72.0055751969996));
#4253=CARTESIAN_POINT('Ctrl Pts',(15.6151525383546,-10.3106181376646,71.8565366774543));
#4254=CARTESIAN_POINT('Ctrl Pts',(15.1684362256088,-10.2780559961515,71.4673320791839));
#4255=CARTESIAN_POINT('Ctrl Pts',(14.9862947520311,-10.2570073860029,71.23115865648));
#4256=CARTESIAN_POINT('Ctrl Pts',(14.7532809014942,-10.2129139836236,70.7622116730344));
#4257=CARTESIAN_POINT('Ctrl Pts',(14.6835834109352,-10.1916121531485,70.5431026500953));
#4258=CARTESIAN_POINT('Ctrl Pts',(14.5925744295015,-10.1336421420653,69.9646289694095));
#4259=CARTESIAN_POINT('Ctrl Pts',(14.6230499666995,-10.0954253213372,69.5998376750016));
#4260=CARTESIAN_POINT('Ctrl Pts',(14.8047043180801,-10.0364079460059,69.0564619020654));
#4261=CARTESIAN_POINT('Ctrl Pts',(14.9023922485499,-10.0148496032784,68.862463671101));
#4262=CARTESIAN_POINT('Ctrl Pts',(15.1983610667477,-9.96698012396095,68.4403061386797));
#4263=CARTESIAN_POINT('Ctrl Pts',(15.4178733923428,-9.94248651797093,68.2315432838489));
#4264=CARTESIAN_POINT('Ctrl Pts',(15.905444469098,-9.90533311555564,67.9259316978854));
#4265=CARTESIAN_POINT('Ctrl Pts',(16.1634709404883,-9.89215927549142,67.823577190207));
#4266=CARTESIAN_POINT('Ctrl Pts',(16.7151628778563,-9.87621257720854,67.7149075271722));
#4267=CARTESIAN_POINT('Ctrl Pts',(17.0045766004305,-9.87402356280234,67.7135688407269));
#4268=CARTESIAN_POINT('Ctrl Pts',(17.5788623807138,-9.88170339868889,67.8213063851453));
#4269=CARTESIAN_POINT('Ctrl Pts',(17.8572368119065,-9.89193619137573,67.9334204029115));
#4270=CARTESIAN_POINT('Ctrl Pts',(18.3536420459383,-9.92318025189386,68.2583419733507));
#4271=CARTESIAN_POINT('Ctrl Pts',(18.5666940194368,-9.94385715393667,68.4678840849271));
#4272=CARTESIAN_POINT('Ctrl Pts',(18.8755236090948,-9.98885007785614,68.921809021727));
#4273=CARTESIAN_POINT('Ctrl Pts',(18.9813841059173,-10.011922175857,69.153932356486));
#4274=CARTESIAN_POINT('Ctrl Pts',(19.0830001363223,-10.0499734939887,69.5372778215026));
#4275=CARTESIAN_POINT('Ctrl Pts',(19.1063414299193,-10.064058291945,69.6792435756741));
#4276=CARTESIAN_POINT('Ctrl Pts',(19.1159390394924,-10.0782586724992,69.8224170369332));
#4277=CARTESIAN_POINT('Ctrl Pts',(13.9868552029556,-11.575873629416,103.522548793406));
#4278=CARTESIAN_POINT('Ctrl Pts',(27.1868552029977,-11.1236248951772,99.4920550775669));
#4279=CARTESIAN_POINT('Ctrl Pts',(40.3868552030398,-10.6713761609385,95.4615613617277));
#4280=CARTESIAN_POINT('Ctrl Pts',(53.5868552030819,-10.2191274266997,91.4310676458886));
#4281=CARTESIAN_POINT('Ctrl Pts',(13.9868552029556,-11.7181369487178,94.2671380668626));
#4282=CARTESIAN_POINT('Ctrl Pts',(27.1868552029977,-11.2611620913428,90.5969589009754));
#4283=CARTESIAN_POINT('Ctrl Pts',(40.3868552030398,-10.803027146281,86.9269351262957));
#4284=CARTESIAN_POINT('Ctrl Pts',(53.5868552030819,-10.346052288906,83.2567559604085));
#4285=CARTESIAN_POINT('Ctrl Pts',(13.9868552029556,-11.3308989196397,82.2842792141159));
#4286=CARTESIAN_POINT('Ctrl Pts',(27.1868552029977,-10.8890406977259,79.080419758329));
#4287=CARTESIAN_POINT('Ctrl Pts',(40.3868552030399,-10.446990390075,75.8763236741013));
#4288=CARTESIAN_POINT('Ctrl Pts',(53.586855203082,-10.0051321681612,72.6724642183144));
#4289=CARTESIAN_POINT('Ctrl Pts',(13.9868552029556,-9.74325018502232,65.6385059880829));
#4290=CARTESIAN_POINT('Ctrl Pts',(27.1868552029977,-9.36367222494766,63.0819833735213));
#4291=CARTESIAN_POINT('Ctrl Pts',(40.3868552030398,-8.98389888760902,60.5254350410274));
#4292=CARTESIAN_POINT('Ctrl Pts',(53.5868552030819,-8.60432092753436,57.9689124264658));
#4293=CARTESIAN_POINT('Ctrl Pts',(13.9868552029556,-8.72903253779842,58.5657265692495));
#4294=CARTESIAN_POINT('Ctrl Pts',(27.1868552029977,-8.38910132434054,56.284448746975));
#4295=CARTESIAN_POINT('Ctrl Pts',(40.3868552030398,-8.04895739389729,54.0026411175271));
#4296=CARTESIAN_POINT('Ctrl Pts',(53.5868552030819,-7.70902618043941,51.7213632952527));
#4297=CARTESIAN_POINT('Ctrl Pts',(13.9868552029556,-7.92508783341956,53.8866606174918));
#4298=CARTESIAN_POINT('Ctrl Pts',(27.1868552029977,-7.61644235529775,51.7872015129501));
#4299=CARTESIAN_POINT('Ctrl Pts',(40.3868552030398,-7.30779687717594,49.6877424084085));
#4300=CARTESIAN_POINT('Ctrl Pts',(53.5868552030819,-6.99915139905413,47.5882833038668));
#4301=CARTESIAN_POINT('',(43.3868552029555,-10.5382403644402,85.0310676459273));
#4302=CARTESIAN_POINT('Ctrl Pts',(43.3868552029555,-10.5979975897043,91.4310899104055));
#4303=CARTESIAN_POINT('Ctrl Pts',(43.3868552029555,-10.6053077253135,89.3118564420251));
#4304=CARTESIAN_POINT('Ctrl Pts',(43.3868552029555,-10.5868974284792,87.176591183081));
#4305=CARTESIAN_POINT('Ctrl Pts',(43.3868552029555,-10.5424032857456,85.0307867483728));
#4306=CARTESIAN_POINT('',(19.6868552029555,-11.1357314479726,85.0310676459274));
#4307=CARTESIAN_POINT('Ctrl Pts',(43.3868552029555,-10.5382403644402,85.0310676459273));
#4308=CARTESIAN_POINT('Ctrl Pts',(35.6662575528372,-10.7567517706169,85.0310676459273));
#4309=CARTESIAN_POINT('Ctrl Pts',(27.8842590578758,-10.9513635268495,85.0310676459273));
#4310=CARTESIAN_POINT('Ctrl Pts',(20.1868552029555,-11.1245114260978,85.0310676459273));
#4311=CARTESIAN_POINT('Ctrl Pts',(20.0201927070005,-11.1282603862617,85.0310676459273));
#4312=CARTESIAN_POINT('Ctrl Pts',(19.8535254291973,-11.1320003897966,85.0310676459274));
#4313=CARTESIAN_POINT('Ctrl Pts',(19.6868552029555,-11.1357314479726,85.0310676459274));
#4314=CARTESIAN_POINT('',(19.6868552029556,-10.5876647530682,75.7310676459272));
#4315=CARTESIAN_POINT('Ctrl Pts',(19.6868552029556,-11.1427297362904,85.0311774145061));
#4316=CARTESIAN_POINT('Ctrl Pts',(19.6868552029556,-11.008452926165,81.9371282437963));
#4317=CARTESIAN_POINT('Ctrl Pts',(19.6868552029556,-10.8238466799492,78.8328273240572));
#4318=CARTESIAN_POINT('Ctrl Pts',(19.6868552029556,-10.5879991562668,75.7321721731006));
#4319=CARTESIAN_POINT('',(13.9868552029556,-10.6682811048342,75.7310676459272));
#4320=CARTESIAN_POINT('Ctrl Pts',(19.6868552029556,-10.5879991562668,75.7321721731001));
#4321=CARTESIAN_POINT('Ctrl Pts',(17.9581843514479,-10.6131076312567,75.7321541926005));
#4322=CARTESIAN_POINT('Ctrl Pts',(16.2249556703709,-10.6374470200622,75.7321271808352));
#4323=CARTESIAN_POINT('Ctrl Pts',(14.4868552029555,-10.6610416109663,75.7320966744252));
#4324=CARTESIAN_POINT('Ctrl Pts',(14.3201853236105,-10.6633041427893,75.7320937491054));
#4325=CARTESIAN_POINT('Ctrl Pts',(14.153519169446,-10.6655591656614,75.7320907947093));
#4326=CARTESIAN_POINT('Ctrl Pts',(13.9868552029556,-10.667806729789,75.7320878175607));
#4327=CARTESIAN_POINT('',(13.9868552029556,-9.56464057049613,64.9310676459275));
#4328=CARTESIAN_POINT('Ctrl Pts',(13.9868552029556,-10.667806729789,75.7320878175606));
#4329=CARTESIAN_POINT('Ctrl Pts',(13.9868552029556,-10.6522684924277,75.5394020999909));
#4330=CARTESIAN_POINT('Ctrl Pts',(13.9868552029556,-10.6365350412424,75.3467374969287));
#4331=CARTESIAN_POINT('Ctrl Pts',(13.9868552029556,-10.6206061621206,75.154097236325));
#4332=CARTESIAN_POINT('Ctrl Pts',(13.9868552029556,-10.4236710712869,72.7724087992399));
#4333=CARTESIAN_POINT('Ctrl Pts',(13.9868552029556,-10.1968641091987,70.3944411955209));
#4334=CARTESIAN_POINT('Ctrl Pts',(13.9868552029556,-9.93296861811504,68.0232650798379));
#4335=CARTESIAN_POINT('Ctrl Pts',(13.9868552029556,-9.81817390083678,66.9918018642329));
#4336=CARTESIAN_POINT('Ctrl Pts',(13.9868552029556,-9.6963610848146,65.9616237719518));
#4337=CARTESIAN_POINT('Ctrl Pts',(13.9868552029556,-9.56774165863494,64.9328229359715));
#4338=CARTESIAN_POINT('',(19.6868552029563,-9.53709540730304,64.9310676459272));
#4339=CARTESIAN_POINT('Ctrl Pts',(13.9868552029556,-9.56464057049326,64.9310676459272));
#4340=CARTESIAN_POINT('Ctrl Pts',(15.8829973146484,-9.55633065759219,64.9310676459272));
#4341=CARTESIAN_POINT('Ctrl Pts',(17.7833973953983,-9.54716128504478,64.9310676459272));
#4342=CARTESIAN_POINT('Ctrl Pts',(19.6868552029563,-9.53709540730286,64.9310676459272));
#4343=CARTESIAN_POINT('',(19.6868552029557,-8.13579338024625,55.0310676459274));
#4344=CARTESIAN_POINT('Ctrl Pts',(19.6868552029557,-9.54058150727387,64.9324983892123));
#4345=CARTESIAN_POINT('Ctrl Pts',(19.6868552029557,-9.14236308883153,61.6169639256192));
#4346=CARTESIAN_POINT('Ctrl Pts',(19.6868552029557,-8.67157362871666,58.3156056820193));
#4347=CARTESIAN_POINT('Ctrl Pts',(19.6868552029556,-8.1355034091594,55.0315716535354));
#4348=CARTESIAN_POINT('',(43.8868552029557,-8.16034985356395,55.0310676459272));
#4349=CARTESIAN_POINT('Ctrl Pts',(19.6868552029557,-8.13579338024624,55.0310676459274));
#4350=CARTESIAN_POINT('Ctrl Pts',(27.7600644721088,-8.15669896477002,55.0310676459274));
#4351=CARTESIAN_POINT('Ctrl Pts',(35.8065128959038,-8.16612536710855,55.0310676459274));
#4352=CARTESIAN_POINT('Ctrl Pts',(43.8868552029557,-8.16034985356147,55.0310676459274));
#4353=CARTESIAN_POINT('Ctrl Pts',(43.8868552029557,-8.16058986834427,55.0330218311438));
#4354=CARTESIAN_POINT('Ctrl Pts',(43.8868552029557,-7.8748784662189,53.0592620239897));
#4355=CARTESIAN_POINT('Ctrl Pts',(43.8868552029557,-7.56272992833634,51.0916750869813));
#4356=CARTESIAN_POINT('Ctrl Pts',(43.8868552029557,-7.22595906100951,49.1310676458558));
#4357=CARTESIAN_POINT('',(50.7698569011212,-7.76097281538914,52.3342907360599));
#4358=CARTESIAN_POINT('Ctrl Pts',(50.7698569011212,-7.76097281538914,52.3342907360599));
#4359=CARTESIAN_POINT('Ctrl Pts',(50.7493377770252,-7.79055978025984,52.5295596863174));
#4360=CARTESIAN_POINT('Ctrl Pts',(50.7030725636928,-7.81935927406719,52.7215589782048));
#4361=CARTESIAN_POINT('Ctrl Pts',(50.5481986330036,-7.87894308387238,53.1219233578247));
#4362=CARTESIAN_POINT('Ctrl Pts',(50.4308707039649,-7.90882903915368,53.3248110132284));
#4363=CARTESIAN_POINT('Ctrl Pts',(50.0962430833262,-7.96931719655773,53.7377660568816));
#4364=CARTESIAN_POINT('Ctrl Pts',(49.863528515732,-7.9972862054324,53.9303548328051));
#4365=CARTESIAN_POINT('Ctrl Pts',(49.1013801698535,-8.05677562633339,54.3396946016957));
#4366=CARTESIAN_POINT('Ctrl Pts',(48.5003277348961,-8.06752472778442,54.4104776022437));
#4367=CARTESIAN_POINT('Ctrl Pts',(47.6648495557452,-8.03597321010858,54.1879430255985));
#4368=CARTESIAN_POINT('Ctrl Pts',(47.3959505555217,-8.01697315525237,54.0560250794099));
#4369=CARTESIAN_POINT('Ctrl Pts',(46.9246292857614,-7.96411268241916,53.69590360503));
#4370=CARTESIAN_POINT('Ctrl Pts',(46.7275214715779,-7.93068849996794,53.4709495839588));
#4371=CARTESIAN_POINT('Ctrl Pts',(46.4550660236653,-7.85937618140345,52.998934700201));
#4372=CARTESIAN_POINT('Ctrl Pts',(46.3677039364114,-7.82339897419192,52.7635090138141));
#4373=CARTESIAN_POINT('Ctrl Pts',(46.2833961711128,-7.75511816491595,52.3219859650296));
#4374=CARTESIAN_POINT('Ctrl Pts',(46.2726439510413,-7.7237283144579,52.1208026519888));
#4375=CARTESIAN_POINT('Ctrl Pts',(46.3048683110933,-7.66182162473836,51.7270761458018));
#4376=CARTESIAN_POINT('Ctrl Pts',(46.3461236076529,-7.63154837704879,51.5359775482685));
#4377=CARTESIAN_POINT('Ctrl Pts',(46.4888446825472,-7.56811653605371,51.1376820932197));
#4378=CARTESIAN_POINT('Ctrl Pts',(46.5985805058153,-7.53568477269929,50.9353969180272));
#4379=CARTESIAN_POINT('Ctrl Pts',(46.9176571591325,-7.46840943579681,50.5167424170735));
#4380=CARTESIAN_POINT('Ctrl Pts',(47.144107790824,-7.43631423993582,50.3176261789877));
#4381=CARTESIAN_POINT('Ctrl Pts',(47.7763349417993,-7.37798500105888,49.9529428370827));
#4382=CARTESIAN_POINT('Ctrl Pts',(48.6523041423467,-7.34585187528411,49.7434279568054));
#4383=CARTESIAN_POINT('Ctrl Pts',(49.5004819598359,-7.39709087655486,50.0388105295387));
#4384=CARTESIAN_POINT('Ctrl Pts',(50.0900767373005,-7.46717813143761,50.4619593319722));
#4385=CARTESIAN_POINT('Ctrl Pts',(50.2943349472259,-7.50283039882823,50.6806885525584));
#4386=CARTESIAN_POINT('Ctrl Pts',(50.5840072537861,-7.5777327087274,51.149281513992));
#4387=CARTESIAN_POINT('Ctrl Pts',(50.6797826611067,-7.61537210338013,51.3880531209855));
#4388=CARTESIAN_POINT('Ctrl Pts',(50.7756162553487,-7.68506225950121,51.8367982075898));
#4389=CARTESIAN_POINT('Ctrl Pts',(50.7905502282225,-7.71643416465053,52.0410864937751));
#4390=CARTESIAN_POINT('Ctrl Pts',(50.7755229835595,-7.75191681216247,52.2745673499123));
#4391=CARTESIAN_POINT('Ctrl Pts',(50.7729919059339,-7.7564523847494,52.3044566604935));
#4392=CARTESIAN_POINT('Ctrl Pts',(50.7698569011212,-7.76097281538914,52.3342907360599));
#4393=CARTESIAN_POINT('',(50.6100652237905,-10.3502529103534,88.5408799955606));
#4394=CARTESIAN_POINT('Ctrl Pts',(50.6100652237905,-10.3502529103534,88.5408799955606));
#4395=CARTESIAN_POINT('Ctrl Pts',(50.5270770202784,-10.3531037685022,88.7437229151778));
#4396=CARTESIAN_POINT('Ctrl Pts',(50.4149339033503,-10.3567674328937,88.9333548275563));
#4397=CARTESIAN_POINT('Ctrl Pts',(50.0884327581089,-10.3674125407745,89.3371833919479));
#4398=CARTESIAN_POINT('Ctrl Pts',(49.8549341782111,-10.3750297798341,89.5304734998528));
#4399=CARTESIAN_POINT('Ctrl Pts',(49.3467476926511,-10.3920784756129,89.8028419261918));
#4400=CARTESIAN_POINT('Ctrl Pts',(49.0810791800551,-10.4011777512377,89.8873747014426));
#4401=CARTESIAN_POINT('Ctrl Pts',(48.521877154199,-10.4207036079668,89.9572455126867));
#4402=CARTESIAN_POINT('Ctrl Pts',(48.2328577117284,-10.4309766992748,89.9376822447911));
#4403=CARTESIAN_POINT('Ctrl Pts',(47.3779113956599,-10.4613758740379,89.7134014191078));
#4404=CARTESIAN_POINT('Ctrl Pts',(46.8705299296302,-10.4792038364249,89.3240871687023));
#4405=CARTESIAN_POINT('Ctrl Pts',(46.4470184527118,-10.4906345194938,88.580787332322));
#4406=CARTESIAN_POINT('Ctrl Pts',(46.3583706781696,-10.4923083370399,88.3364842008641));
#4407=CARTESIAN_POINT('Ctrl Pts',(46.2444161933526,-10.4917604783653,87.6965958640218));
#4408=CARTESIAN_POINT('Ctrl Pts',(46.2787080059745,-10.486973396831,87.2940373082912));
#4409=CARTESIAN_POINT('Ctrl Pts',(46.4836366318638,-10.4743700946756,86.7258030019939));
#4410=CARTESIAN_POINT('Ctrl Pts',(46.5833981193413,-10.4690201117782,86.5373297468109));
#4411=CARTESIAN_POINT('Ctrl Pts',(46.8767961213298,-10.4548812881929,86.1334975205752));
#4412=CARTESIAN_POINT('Ctrl Pts',(47.0883513580159,-10.4456943234834,85.9357843271617));
#4413=CARTESIAN_POINT('Ctrl Pts',(47.564165625494,-10.4270427416344,85.6369020746024));
#4414=CARTESIAN_POINT('Ctrl Pts',(47.821891570485,-10.4177680406795,85.5345900228581));
#4415=CARTESIAN_POINT('Ctrl Pts',(48.3713150025005,-10.3996210818233,85.426051592602));
#4416=CARTESIAN_POINT('Ctrl Pts',(48.6589711678144,-10.390938183602,85.4244711974221));
#4417=CARTESIAN_POINT('Ctrl Pts',(49.2320997995823,-10.3749805362664,85.531165911524));
#4418=CARTESIAN_POINT('Ctrl Pts',(49.5112637815689,-10.3679293678503,85.6433062559324));
#4419=CARTESIAN_POINT('Ctrl Pts',(50.0089581818331,-10.3562699004577,85.9693687773736));
#4420=CARTESIAN_POINT('Ctrl Pts',(50.2227950307147,-10.3517488135022,86.179779492695));
#4421=CARTESIAN_POINT('Ctrl Pts',(50.5437969489268,-10.345536685258,86.6530165188001));
#4422=CARTESIAN_POINT('Ctrl Pts',(50.6550971823802,-10.3437030941884,86.9067255500395));
#4423=CARTESIAN_POINT('Ctrl Pts',(50.7665443122857,-10.342527959014,87.3810542414412));
#4424=CARTESIAN_POINT('Ctrl Pts',(50.7855798683198,-10.3427273029326,87.59382190574));
#4425=CARTESIAN_POINT('Ctrl Pts',(50.7614322979106,-10.3447943712493,88.0580479602889));
#4426=CARTESIAN_POINT('Ctrl Pts',(50.7056516217871,-10.3469692718348,88.3072440903985));
#4427=CARTESIAN_POINT('Ctrl Pts',(50.6100652237905,-10.3502529103534,88.5408799955606));
#4428=CARTESIAN_POINT('Origin',(16.8710025040371,-0.955715811022283,69.9711171726393));
#4429=CARTESIAN_POINT('',(17.9710025040371,-1.45571581102228,69.9711171726393));
#4430=CARTESIAN_POINT('',(17.9710025040371,-0.955715811022283,69.9711171726393));
#4431=CARTESIAN_POINT('Origin',(16.8710025040371,-1.45571581102228,69.9711171726393));
#4432=CARTESIAN_POINT('Ctrl Pts',(50.7698569011212,-7.76097281538914,52.3342907360599));
#4433=CARTESIAN_POINT('Ctrl Pts',(50.7729919059339,-7.7564523847494,52.3044566604935));
#4434=CARTESIAN_POINT('Ctrl Pts',(50.7755229835595,-7.75191681216247,52.2745673499123));
#4435=CARTESIAN_POINT('Ctrl Pts',(50.7905502282225,-7.71643416465053,52.0410864937751));
#4436=CARTESIAN_POINT('Ctrl Pts',(50.7756162553487,-7.68506225950121,51.8367982075898));
#4437=CARTESIAN_POINT('Ctrl Pts',(50.6797826611067,-7.61537210338013,51.3880531209855));
#4438=CARTESIAN_POINT('Ctrl Pts',(50.5840072537861,-7.5777327087274,51.149281513992));
#4439=CARTESIAN_POINT('Ctrl Pts',(50.2943349472259,-7.50283039882823,50.6806885525584));
#4440=CARTESIAN_POINT('Ctrl Pts',(50.0900767373005,-7.46717813143761,50.4619593319722));
#4441=CARTESIAN_POINT('Ctrl Pts',(49.5004819598359,-7.39709087655486,50.0388105295387));
#4442=CARTESIAN_POINT('Ctrl Pts',(48.6523041423467,-7.34585187528411,49.7434279568054));
#4443=CARTESIAN_POINT('Ctrl Pts',(47.7763349417993,-7.37798500105888,49.9529428370827));
#4444=CARTESIAN_POINT('Ctrl Pts',(47.144107790824,-7.43631423993582,50.3176261789877));
#4445=CARTESIAN_POINT('Ctrl Pts',(46.9176571591325,-7.46840943579681,50.5167424170735));
#4446=CARTESIAN_POINT('Ctrl Pts',(46.5985805058153,-7.53568477269929,50.9353969180272));
#4447=CARTESIAN_POINT('Ctrl Pts',(46.4888446825472,-7.56811653605371,51.1376820932197));
#4448=CARTESIAN_POINT('Ctrl Pts',(46.3461236076529,-7.63154837704879,51.5359775482685));
#4449=CARTESIAN_POINT('Ctrl Pts',(46.3048683110933,-7.66182162473836,51.7270761458018));
#4450=CARTESIAN_POINT('Ctrl Pts',(46.2726439510413,-7.7237283144579,52.1208026519888));
#4451=CARTESIAN_POINT('Ctrl Pts',(46.2833961711128,-7.75511816491595,52.3219859650296));
#4452=CARTESIAN_POINT('Ctrl Pts',(46.3677039364114,-7.82339897419192,52.7635090138141));
#4453=CARTESIAN_POINT('Ctrl Pts',(46.4550660236653,-7.85937618140345,52.998934700201));
#4454=CARTESIAN_POINT('Ctrl Pts',(46.7275214715779,-7.93068849996794,53.4709495839588));
#4455=CARTESIAN_POINT('Ctrl Pts',(46.9246292857614,-7.96411268241916,53.69590360503));
#4456=CARTESIAN_POINT('Ctrl Pts',(47.3959505555217,-8.01697315525237,54.0560250794099));
#4457=CARTESIAN_POINT('Ctrl Pts',(47.6648495557452,-8.03597321010858,54.1879430255985));
#4458=CARTESIAN_POINT('Ctrl Pts',(48.5003277348961,-8.06752472778442,54.4104776022437));
#4459=CARTESIAN_POINT('Ctrl Pts',(49.1013801698535,-8.05677562633339,54.3396946016957));
#4460=CARTESIAN_POINT('Ctrl Pts',(49.863528515732,-7.9972862054324,53.9303548328051));
#4461=CARTESIAN_POINT('Ctrl Pts',(50.0962430833262,-7.96931719655773,53.7377660568816));
#4462=CARTESIAN_POINT('Ctrl Pts',(50.4308707039649,-7.90882903915368,53.3248110132284));
#4463=CARTESIAN_POINT('Ctrl Pts',(50.5481986330036,-7.87894308387238,53.1219233578247));
#4464=CARTESIAN_POINT('Ctrl Pts',(50.7030725636928,-7.81935927406719,52.7215589782048));
#4465=CARTESIAN_POINT('Ctrl Pts',(50.7493377770252,-7.79055978025984,52.5295596863174));
#4466=CARTESIAN_POINT('Ctrl Pts',(50.7698569011212,-7.76097281538914,52.3342907360599));
#4467=CARTESIAN_POINT('Ctrl Pts',(50.3780067015757,-7.3758015956631,52.3520550393826));
#4468=CARTESIAN_POINT('Ctrl Pts',(50.3813524164178,-7.37205234843534,52.3274996828954));
#4469=CARTESIAN_POINT('Ctrl Pts',(50.3842046643186,-7.36828866054067,52.3028649589856));
#4470=CARTESIAN_POINT('Ctrl Pts',(50.4026213369625,-7.33883009191878,52.110224996953));
#4471=CARTESIAN_POINT('Ctrl Pts',(50.3957354252227,-7.31269614930193,51.9402106001484));
#4472=CARTESIAN_POINT('Ctrl Pts',(50.3277614516894,-7.25446266091608,51.5635403654833));
#4473=CARTESIAN_POINT('Ctrl Pts',(50.2539369413154,-7.22288626545699,51.3607924556596));
#4474=CARTESIAN_POINT('Ctrl Pts',(50.0215917565146,-7.15986978787897,50.9590288924841));
#4475=CARTESIAN_POINT('Ctrl Pts',(49.8535586077584,-7.12976256974852,50.7690169896019));
#4476=CARTESIAN_POINT('Ctrl Pts',(49.3601666733538,-7.0704862293735,50.3985513538205));
#4477=CARTESIAN_POINT('Ctrl Pts',(48.6363671000071,-7.02702748854811,50.1353581378814));
#4478=CARTESIAN_POINT('Ctrl Pts',(47.8857061406143,-7.05450623662406,50.3216940117385));
#4479=CARTESIAN_POINT('Ctrl Pts',(47.3525365210394,-7.10400716598317,50.6423045668373));
#4480=CARTESIAN_POINT('Ctrl Pts',(47.1641554260725,-7.13119068055671,50.8162759284676));
#4481=CARTESIAN_POINT('Ctrl Pts',(46.9043371840545,-7.18788755875731,51.1776097969837));
#4482=CARTESIAN_POINT('Ctrl Pts',(46.8172229295538,-7.21514597575054,51.3507848710299));
#4483=CARTESIAN_POINT('Ctrl Pts',(46.7082040478262,-7.26824548386579,51.6882771173511));
#4484=CARTESIAN_POINT('Ctrl Pts',(46.6790236816401,-7.29351141661242,51.8488823573255));
#4485=CARTESIAN_POINT('Ctrl Pts',(46.6627809462891,-7.34499890624658,52.1769261271361));
#4486=CARTESIAN_POINT('Ctrl Pts',(46.6770472589226,-7.37101484430876,52.3430767409819));
#4487=CARTESIAN_POINT('Ctrl Pts',(46.7575716265869,-7.42740916776328,52.70471526233));
#4488=CARTESIAN_POINT('Ctrl Pts',(46.8347636966954,-7.4569907892806,52.8955088979669));
#4489=CARTESIAN_POINT('Ctrl Pts',(47.0668317994499,-7.51540854872973,53.2748412829575));
#4490=CARTESIAN_POINT('Ctrl Pts',(47.2307020557287,-7.54266273983984,53.453713358439));
#4491=CARTESIAN_POINT('Ctrl Pts',(47.6166002591955,-7.58564410183101,53.7381564346516));
#4492=CARTESIAN_POINT('Ctrl Pts',(47.8342293095997,-7.60107633592055,53.8418475906819));
#4493=CARTESIAN_POINT('Ctrl Pts',(48.5073821891229,-7.62665341657662,54.0154804230241));
#4494=CARTESIAN_POINT('Ctrl Pts',(48.9879511356806,-7.61810922873402,53.9606828374654));
#4495=CARTESIAN_POINT('Ctrl Pts',(49.6072130866796,-7.56994875064039,53.6390054602002));
#4496=CARTESIAN_POINT('Ctrl Pts',(49.7980062703106,-7.54719313397845,53.4865635067778));
#4497=CARTESIAN_POINT('Ctrl Pts',(50.0774709135815,-7.49775607240634,53.1570880641808));
#4498=CARTESIAN_POINT('Ctrl Pts',(50.1773433098,-7.47323318866696,52.9940300724096));
#4499=CARTESIAN_POINT('Ctrl Pts',(50.3133427262209,-7.424146879447,52.6695331113336));
#4500=CARTESIAN_POINT('Ctrl Pts',(50.3560961567641,-7.4003403223437,52.5127737877587));
#4501=CARTESIAN_POINT('Ctrl Pts',(50.3780067015757,-7.3758015956631,52.3520550393826));
#4502=CARTESIAN_POINT('Ctrl Pts',(49.9861565020303,-6.99063037593706,52.3698193427053));
#4503=CARTESIAN_POINT('Ctrl Pts',(49.9897107449841,-6.98765231988904,52.3505392126982));
#4504=CARTESIAN_POINT('Ctrl Pts',(49.9928890710568,-6.98466049210116,52.3311665303043));
#4505=CARTESIAN_POINT('Ctrl Pts',(50.0146802585525,-6.96122595327905,52.1793385777823));
#4506=CARTESIAN_POINT('Ctrl Pts',(50.0158884406778,-6.94032902097484,52.0436283416593));
#4507=CARTESIAN_POINT('Ctrl Pts',(49.9757373662736,-6.89355302881932,51.7390155856458));
#4508=CARTESIAN_POINT('Ctrl Pts',(49.9239306276787,-6.86803741903292,51.5722743300994));
#4509=CARTESIAN_POINT('Ctrl Pts',(49.7488757322911,-6.8169084447819,51.2374023009753));
#4510=CARTESIAN_POINT('Ctrl Pts',(49.6171078450296,-6.79234344463969,51.0759972642551));
#4511=CARTESIAN_POINT('Ctrl Pts',(49.219997152907,-6.74387991810922,50.7584254551252));
#4512=CARTESIAN_POINT('Ctrl Pts',(48.6205534925371,-6.70819034509759,50.527133909644));
#4513=CARTESIAN_POINT('Ctrl Pts',(47.9949556279179,-6.73101635463596,50.6905802283296));
#4514=CARTESIAN_POINT('Ctrl Pts',(47.5609872853332,-6.77171565456336,50.9668236172314));
#4515=CARTESIAN_POINT('Ctrl Pts',(47.4107099014356,-6.79396580377308,51.1158324918445));
#4516=CARTESIAN_POINT('Ctrl Pts',(47.2101050986774,-6.84009724249865,51.419726911787));
#4517=CARTESIAN_POINT('Ctrl Pts',(47.1456804258408,-6.86217394016389,51.5638531082594));
#4518=CARTESIAN_POINT('Ctrl Pts',(47.0703276273103,-6.90494508949895,51.8405144525634));
#4519=CARTESIAN_POINT('Ctrl Pts',(47.0532730981899,-6.92520050703267,51.9706365985233));
#4520=CARTESIAN_POINT('Ctrl Pts',(47.0529849656243,-6.96627051109851,52.2329975639526));
#4521=CARTESIAN_POINT('Ctrl Pts',(47.0708238914819,-6.98690926057409,52.3640978426934));
#4522=CARTESIAN_POINT('Ctrl Pts',(47.1475171907916,-7.03142124191446,52.6458910849357));
#4523=CARTESIAN_POINT('Ctrl Pts',(47.214636884325,-7.05459712915008,52.7919489176999));
#4524=CARTESIAN_POINT('Ctrl Pts',(47.4062459847021,-7.10013660155837,53.0787900748302));
#4525=CARTESIAN_POINT('Ctrl Pts',(47.5370079679677,-7.12119032423061,53.2112366917573));
#4526=CARTESIAN_POINT('Ctrl Pts',(47.8374125287126,-7.15433807952225,53.4205325397377));
#4527=CARTESIAN_POINT('Ctrl Pts',(48.0039929950627,-7.16613159610593,53.4952031503579));
#4528=CARTESIAN_POINT('Ctrl Pts',(48.5143687937071,-7.18587212704366,53.62148300327));
#4529=CARTESIAN_POINT('Ctrl Pts',(48.8750821939202,-7.17952014010087,53.5825967645625));
#4530=CARTESIAN_POINT('Ctrl Pts',(49.3504774477508,-7.14257680387519,53.3472187209123));
#4531=CARTESIAN_POINT('Ctrl Pts',(49.4998937172353,-7.12509422642984,53.2356665590039));
#4532=CARTESIAN_POINT('Ctrl Pts',(49.723882677172,-7.08666974465834,52.9891802445568));
#4533=CARTESIAN_POINT('Ctrl Pts',(49.8065340267204,-7.06753066608101,52.866226972922));
#4534=CARTESIAN_POINT('Ctrl Pts',(49.9235368028534,-7.02893031209933,52.6174458836365));
#4535=CARTESIAN_POINT('Ctrl Pts',(49.9629056838685,-7.01012295988983,52.4960110907749));
#4536=CARTESIAN_POINT('Ctrl Pts',(49.9861565020303,-6.99063037593706,52.3698193427053));
#4537=CARTESIAN_POINT('Ctrl Pts',(49.5943063024848,-6.60545915621103,52.387583646028));
#4538=CARTESIAN_POINT('Ctrl Pts',(49.598071255468,-6.60325228357499,52.3735822351001));
#4539=CARTESIAN_POINT('Ctrl Pts',(49.6015707518158,-6.60103234047936,52.3594641393776));
#4540=CARTESIAN_POINT('Ctrl Pts',(49.6267513672925,-6.5836218805473,52.2484770809601));
#4541=CARTESIAN_POINT('Ctrl Pts',(49.6360076105518,-6.56796291077556,52.1470407342179));
#4542=CARTESIAN_POINT('Ctrl Pts',(49.6237161568563,-6.53264358635527,51.9145028301435));
#4543=CARTESIAN_POINT('Ctrl Pts',(49.5938603152081,-6.51319097576252,51.783785271767));
#4544=CARTESIAN_POINT('Ctrl Pts',(49.4761325415798,-6.47394783383263,51.515742640901));
#4545=CARTESIAN_POINT('Ctrl Pts',(49.3805897154875,-6.45492788295059,51.3830549218848));
#4546=CARTESIAN_POINT('Ctrl Pts',(49.0796818664249,-6.41727527092785,51.1181662794071));
#4547=CARTESIAN_POINT('Ctrl Pts',(48.6046164501974,-6.38936595836158,50.91906409072));
#4548=CARTESIAN_POINT('Ctrl Pts',(48.1043268267329,-6.40753759020114,51.0593314029854));
#4549=CARTESIAN_POINT('Ctrl Pts',(47.7694160155486,-6.43940858061072,51.2915020050809));
#4550=CARTESIAN_POINT('Ctrl Pts',(47.6572081683757,-6.45674704853298,51.4153660032386));
#4551=CARTESIAN_POINT('Ctrl Pts',(47.5158617769166,-6.49230002855667,51.6619397907435));
#4552=CARTESIAN_POINT('Ctrl Pts',(47.4740586728474,-6.50920337986072,51.7769558860696));
#4553=CARTESIAN_POINT('Ctrl Pts',(47.4324080674836,-6.54164219631596,51.992814021646));
#4554=CARTESIAN_POINT('Ctrl Pts',(47.4274284687366,-6.55689029890674,52.0924428100469));
#4555=CARTESIAN_POINT('Ctrl Pts',(47.4431219608722,-6.58754110288719,52.2891210390999));
#4556=CARTESIAN_POINT('Ctrl Pts',(47.4644749792918,-6.6028059399669,52.3851886186458));
#4557=CARTESIAN_POINT('Ctrl Pts',(47.5373848809672,-6.63543143548582,52.5870973334516));
#4558=CARTESIAN_POINT('Ctrl Pts',(47.5943345573551,-6.65221173702723,52.6885231154657));
#4559=CARTESIAN_POINT('Ctrl Pts',(47.7455563125741,-6.68485665032017,52.8826817738288));
#4560=CARTESIAN_POINT('Ctrl Pts',(47.8430807379351,-6.69974038165129,52.9690464451663));
#4561=CARTESIAN_POINT('Ctrl Pts',(48.0580622323864,-6.72300902610089,53.1026638949794));
#4562=CARTESIAN_POINT('Ctrl Pts',(48.1733727489172,-6.73123472191791,53.1491077154413));
#4563=CARTESIAN_POINT('Ctrl Pts',(48.5214232479339,-6.74500081583586,53.2264858240504));
#4564=CARTESIAN_POINT('Ctrl Pts',(48.7616531597473,-6.7408537425015,53.2035850003321));
#4565=CARTESIAN_POINT('Ctrl Pts',(49.0941620186984,-6.71523934908318,53.0558693483073));
#4566=CARTESIAN_POINT('Ctrl Pts',(49.2016569042197,-6.70297016385055,52.9844640089001));
#4567=CARTESIAN_POINT('Ctrl Pts',(49.3704828867886,-6.67559677791101,52.8214572955092));
#4568=CARTESIAN_POINT('Ctrl Pts',(49.4356787035168,-6.66182077087559,52.7383336875069));
#4569=CARTESIAN_POINT('Ctrl Pts',(49.5338069653815,-6.63371791747914,52.5654200167653));
#4570=CARTESIAN_POINT('Ctrl Pts',(49.5696640636074,-6.61990350197369,52.4792251922162));
#4571=CARTESIAN_POINT('Ctrl Pts',(49.5943063024848,-6.60545915621103,52.387583646028));
#4572=CARTESIAN_POINT('',(49.5943063024848,-6.60545915621103,52.387583646028));
#4573=CARTESIAN_POINT('',(50.7698569011212,-7.76097281538914,52.3342907360599));
#4574=CARTESIAN_POINT('',(49.6320773088804,-6.56114011799816,52.1019440079371));
#4575=CARTESIAN_POINT('Ctrl Pts',(49.5943063024848,-6.60545915621103,52.387583646028));
#4576=CARTESIAN_POINT('Ctrl Pts',(49.598071255468,-6.60325228357499,52.3735822351001));
#4577=CARTESIAN_POINT('Ctrl Pts',(49.6015707518158,-6.60103234047936,52.3594641393776));
#4578=CARTESIAN_POINT('Ctrl Pts',(49.6226093381803,-6.58648577527471,52.2667336492905));
#4579=CARTESIAN_POINT('Ctrl Pts',(49.6320627427581,-6.57385478529102,52.1851516572247));
#4580=CARTESIAN_POINT('Ctrl Pts',(49.6320773088804,-6.56114011799817,52.1019440079371));
#4581=CARTESIAN_POINT('Ctrl Pts',(49.6320773088804,-6.56114011799817,52.1019440079371));
#4582=CARTESIAN_POINT('Ctrl Pts',(49.6320806962951,-6.55818326719187,52.0825937096384));
#4583=CARTESIAN_POINT('Ctrl Pts',(49.6315736170569,-6.55522189099019,52.0631554933395));
#4584=CARTESIAN_POINT('Ctrl Pts',(49.6237161568563,-6.53264358635527,51.9145028301435));
#4585=CARTESIAN_POINT('Ctrl Pts',(49.5938603152081,-6.51319097576252,51.783785271767));
#4586=CARTESIAN_POINT('Ctrl Pts',(49.4761325415798,-6.47394783383263,51.515742640901));
#4587=CARTESIAN_POINT('Ctrl Pts',(49.3805897154875,-6.45492788295059,51.3830549218848));
#4588=CARTESIAN_POINT('Ctrl Pts',(49.0796818664249,-6.41727527092785,51.1181662794071));
#4589=CARTESIAN_POINT('Ctrl Pts',(48.6046164501974,-6.38936595836158,50.91906409072));
#4590=CARTESIAN_POINT('Ctrl Pts',(48.1043268267329,-6.40753759020114,51.0593314029854));
#4591=CARTESIAN_POINT('Ctrl Pts',(47.7694160155486,-6.43940858061072,51.2915020050809));
#4592=CARTESIAN_POINT('Ctrl Pts',(47.6572081683757,-6.45674704853298,51.4153660032386));
#4593=CARTESIAN_POINT('Ctrl Pts',(47.5158617769166,-6.49230002855667,51.6619397907435));
#4594=CARTESIAN_POINT('Ctrl Pts',(47.4740586728474,-6.50920337986072,51.7769558860696));
#4595=CARTESIAN_POINT('Ctrl Pts',(47.4324080674836,-6.54164219631596,51.992814021646));
#4596=CARTESIAN_POINT('Ctrl Pts',(47.4274284687366,-6.55689029890674,52.0924428100469));
#4597=CARTESIAN_POINT('Ctrl Pts',(47.4431219608722,-6.58754110288719,52.2891210390999));
#4598=CARTESIAN_POINT('Ctrl Pts',(47.4644749792918,-6.6028059399669,52.3851886186458));
#4599=CARTESIAN_POINT('Ctrl Pts',(47.5373848809672,-6.63543143548582,52.5870973334516));
#4600=CARTESIAN_POINT('Ctrl Pts',(47.5943345573551,-6.65221173702723,52.6885231154657));
#4601=CARTESIAN_POINT('Ctrl Pts',(47.7455563125741,-6.68485665032017,52.8826817738288));
#4602=CARTESIAN_POINT('Ctrl Pts',(47.8430807379351,-6.69974038165129,52.9690464451663));
#4603=CARTESIAN_POINT('Ctrl Pts',(48.0580622323864,-6.72300902610089,53.1026638949794));
#4604=CARTESIAN_POINT('Ctrl Pts',(48.1733727489172,-6.73123472191791,53.1491077154413));
#4605=CARTESIAN_POINT('Ctrl Pts',(48.5214232479339,-6.74500081583586,53.2264858240504));
#4606=CARTESIAN_POINT('Ctrl Pts',(48.7616531597473,-6.7408537425015,53.2035850003321));
#4607=CARTESIAN_POINT('Ctrl Pts',(49.0941620186984,-6.71523934908318,53.0558693483073));
#4608=CARTESIAN_POINT('Ctrl Pts',(49.2016569042197,-6.70297016385055,52.9844640089001));
#4609=CARTESIAN_POINT('Ctrl Pts',(49.3704828867886,-6.67559677791101,52.8214572955092));
#4610=CARTESIAN_POINT('Ctrl Pts',(49.4356787035168,-6.66182077087559,52.7383336875069));
#4611=CARTESIAN_POINT('Ctrl Pts',(49.5338069653815,-6.63371791747914,52.5654200167653));
#4612=CARTESIAN_POINT('Ctrl Pts',(49.5696640636074,-6.61990350197369,52.4792251922162));
#4613=CARTESIAN_POINT('Ctrl Pts',(49.5943063024848,-6.60545915621103,52.387583646028));
#4614=CARTESIAN_POINT('Origin',(48.5320403114121,-0.955715811022417,52.1019423251193));
#4615=CARTESIAN_POINT('',(49.6320403114121,-1.45571581102242,52.1019423251193));
#4616=CARTESIAN_POINT('',(49.6320403114121,-0.955715811022417,52.1019423251193));
#4617=CARTESIAN_POINT('Origin',(48.5320403114121,-1.45571581102242,52.1019423251193));
#4618=CARTESIAN_POINT('Ctrl Pts',(50.6100652237905,-10.3502529103534,88.5408799955606));
#4619=CARTESIAN_POINT('Ctrl Pts',(50.7056516217871,-10.3469692718348,88.3072440903985));
#4620=CARTESIAN_POINT('Ctrl Pts',(50.7614322979106,-10.3447943712493,88.0580479602889));
#4621=CARTESIAN_POINT('Ctrl Pts',(50.7855798683198,-10.3427273029326,87.59382190574));
#4622=CARTESIAN_POINT('Ctrl Pts',(50.7665443122857,-10.342527959014,87.3810542414412));
#4623=CARTESIAN_POINT('Ctrl Pts',(50.6550971823802,-10.3437030941884,86.9067255500395));
#4624=CARTESIAN_POINT('Ctrl Pts',(50.5437969489268,-10.345536685258,86.6530165188001));
#4625=CARTESIAN_POINT('Ctrl Pts',(50.2227950307147,-10.3517488135022,86.179779492695));
#4626=CARTESIAN_POINT('Ctrl Pts',(50.0089581818331,-10.3562699004577,85.9693687773736));
#4627=CARTESIAN_POINT('Ctrl Pts',(49.5112637815689,-10.3679293678503,85.6433062559324));
#4628=CARTESIAN_POINT('Ctrl Pts',(49.2320997995823,-10.3749805362664,85.531165911524));
#4629=CARTESIAN_POINT('Ctrl Pts',(48.6589711678144,-10.390938183602,85.4244711974221));
#4630=CARTESIAN_POINT('Ctrl Pts',(48.3713150025005,-10.3996210818233,85.426051592602));
#4631=CARTESIAN_POINT('Ctrl Pts',(47.821891570485,-10.4177680406795,85.5345900228581));
#4632=CARTESIAN_POINT('Ctrl Pts',(47.564165625494,-10.4270427416344,85.6369020746024));
#4633=CARTESIAN_POINT('Ctrl Pts',(47.0883513580159,-10.4456943234834,85.9357843271617));
#4634=CARTESIAN_POINT('Ctrl Pts',(46.8767961213298,-10.4548812881929,86.1334975205752));
#4635=CARTESIAN_POINT('Ctrl Pts',(46.5833981193413,-10.4690201117782,86.5373297468109));
#4636=CARTESIAN_POINT('Ctrl Pts',(46.4836366318638,-10.4743700946756,86.7258030019939));
#4637=CARTESIAN_POINT('Ctrl Pts',(46.2787080059745,-10.486973396831,87.2940373082912));
#4638=CARTESIAN_POINT('Ctrl Pts',(46.2444161933526,-10.4917604783653,87.6965958640218));
#4639=CARTESIAN_POINT('Ctrl Pts',(46.3583706781696,-10.4923083370399,88.3364842008641));
#4640=CARTESIAN_POINT('Ctrl Pts',(46.4470184527118,-10.4906345194938,88.580787332322));
#4641=CARTESIAN_POINT('Ctrl Pts',(46.8705299296302,-10.4792038364249,89.3240871687023));
#4642=CARTESIAN_POINT('Ctrl Pts',(47.3779113956599,-10.4613758740379,89.7134014191078));
#4643=CARTESIAN_POINT('Ctrl Pts',(48.2328577117284,-10.4309766992748,89.9376822447911));
#4644=CARTESIAN_POINT('Ctrl Pts',(48.521877154199,-10.4207036079668,89.9572455126867));
#4645=CARTESIAN_POINT('Ctrl Pts',(49.0810791800551,-10.4011777512377,89.8873747014426));
#4646=CARTESIAN_POINT('Ctrl Pts',(49.3467476926511,-10.3920784756129,89.8028419261918));
#4647=CARTESIAN_POINT('Ctrl Pts',(49.8549341782111,-10.3750297798341,89.5304734998528));
#4648=CARTESIAN_POINT('Ctrl Pts',(50.0884327581089,-10.3674125407745,89.3371833919479));
#4649=CARTESIAN_POINT('Ctrl Pts',(50.4149339033503,-10.3567674328937,88.9333548275563));
#4650=CARTESIAN_POINT('Ctrl Pts',(50.5270770202784,-10.3531037685022,88.7437229151778));
#4651=CARTESIAN_POINT('Ctrl Pts',(50.6100652237905,-10.3502529103534,88.5408799955606));
#4652=CARTESIAN_POINT('Ctrl Pts',(50.2532253055127,-9.97877384588957,88.4010968687871));
#4653=CARTESIAN_POINT('Ctrl Pts',(50.3335715626697,-9.97593356954397,88.2064945614268));
#4654=CARTESIAN_POINT('Ctrl Pts',(50.380615630843,-9.97402684233532,87.9985862855916));
#4655=CARTESIAN_POINT('Ctrl Pts',(50.4012449097946,-9.97218394600983,87.6112188399185));
#4656=CARTESIAN_POINT('Ctrl Pts',(50.3854237228657,-9.97198453102504,87.4336354032631));
#4657=CARTESIAN_POINT('Ctrl Pts',(50.2922456212931,-9.97294451735641,87.0378619950731));
#4658=CARTESIAN_POINT('Ctrl Pts',(50.1990230278566,-9.97450588605651,86.8262854041896));
#4659=CARTESIAN_POINT('Ctrl Pts',(49.930251553725,-9.97982370672933,86.4322287485278));
#4660=CARTESIAN_POINT('Ctrl Pts',(49.7512500115003,-9.98370213290422,86.2574148852451));
#4661=CARTESIAN_POINT('Ctrl Pts',(49.3352459208183,-9.99365404504357,85.9875857698668));
#4662=CARTESIAN_POINT('Ctrl Pts',(49.1021881411776,-9.99964818866241,85.895484509767));
#4663=CARTESIAN_POINT('Ctrl Pts',(48.6247712913519,-10.0131099993746,85.8096069725874));
#4664=CARTESIAN_POINT('Ctrl Pts',(48.3856413100754,-10.0203895063175,85.8125442727163));
#4665=CARTESIAN_POINT('Ctrl Pts',(47.9300840657007,-10.0354929661255,85.9057442461153));
#4666=CARTESIAN_POINT('Ctrl Pts',(47.7169584461356,-10.0431628811581,85.9920907057205));
#4667=CARTESIAN_POINT('Ctrl Pts',(47.3245337842819,-10.058494438787,86.2421773287444));
#4668=CARTESIAN_POINT('Ctrl Pts',(47.1506221711502,-10.065999716399,86.4067639313702));
#4669=CARTESIAN_POINT('Ctrl Pts',(46.9100874939754,-10.077492788238,86.741548160613));
#4670=CARTESIAN_POINT('Ctrl Pts',(46.8284676875455,-10.0818279299165,86.8974058678056));
#4671=CARTESIAN_POINT('Ctrl Pts',(46.6613499509606,-10.0919992288464,87.3665519556913));
#4672=CARTESIAN_POINT('Ctrl Pts',(46.6338036052095,-10.0958331924899,87.6978800394441));
#4673=CARTESIAN_POINT('Ctrl Pts',(46.7276372063468,-10.0962341759829,88.2245938038783));
#4674=CARTESIAN_POINT('Ctrl Pts',(46.8002460593858,-10.094875685745,88.4257971369609));
#4675=CARTESIAN_POINT('Ctrl Pts',(47.1478198979095,-10.0855893614247,89.0385873716803));
#4676=CARTESIAN_POINT('Ctrl Pts',(47.563908346681,-10.0711816148012,89.3619708863408));
#4677=CARTESIAN_POINT('Ctrl Pts',(48.270368706718,-10.0463317432892,89.5527151243131));
#4678=CARTESIAN_POINT('Ctrl Pts',(48.5097787585218,-10.0378928208508,89.5704613429912));
#4679=CARTESIAN_POINT('Ctrl Pts',(48.9743870282876,-10.0217564556958,89.5158224449621));
#4680=CARTESIAN_POINT('Ctrl Pts',(49.1957154589392,-10.0141860421441,89.4470413832338));
#4681=CARTESIAN_POINT('Ctrl Pts',(49.6200220014574,-9.99990431618544,89.2231233012209));
#4682=CARTESIAN_POINT('Ctrl Pts',(49.815505218914,-9.99346292338868,89.0632037517963));
#4683=CARTESIAN_POINT('Ctrl Pts',(50.089273743347,-9.98438810985732,88.7278754323776));
#4684=CARTESIAN_POINT('Ctrl Pts',(50.1834530496774,-9.98124005706396,88.5700846397744));
#4685=CARTESIAN_POINT('Ctrl Pts',(50.2532253055127,-9.97877384588957,88.4010968687871));
#4686=CARTESIAN_POINT('Ctrl Pts',(49.8963853872349,-9.60729478142578,88.2613137420136));
#4687=CARTESIAN_POINT('Ctrl Pts',(49.9615471405522,-9.60489811270787,88.1056275056864));
#4688=CARTESIAN_POINT('Ctrl Pts',(49.9998108222292,-9.60325859448471,87.9391355511967));
#4689=CARTESIAN_POINT('Ctrl Pts',(50.016929011395,-9.60164070736711,87.6286345172156));
#4690=CARTESIAN_POINT('Ctrl Pts',(50.0043307036962,-9.60143972907041,87.4862257881349));
#4691=CARTESIAN_POINT('Ctrl Pts',(49.9294222445867,-9.60218618428844,87.1690322435754));
#4692=CARTESIAN_POINT('Ctrl Pts',(49.8542879336424,-9.60347434890075,86.9995806148549));
#4693=CARTESIAN_POINT('Ctrl Pts',(49.637758538174,-9.60789661927988,86.6847271169173));
#4694=CARTESIAN_POINT('Ctrl Pts',(49.4935966758063,-9.61113399614328,86.5455117354932));
#4695=CARTESIAN_POINT('Ctrl Pts',(49.1593039132566,-9.61937451224142,86.3319302965929));
#4696=CARTESIAN_POINT('Ctrl Pts',(48.9723545528006,-9.62431401276653,86.2598814919707));
#4697=CARTESIAN_POINT('Ctrl Pts',(48.5906690598076,-9.6352770012503,86.1948226784191));
#4698=CARTESIAN_POINT('Ctrl Pts',(48.4000746980745,-9.64115381313709,86.1991401094601));
#4699=CARTESIAN_POINT('Ctrl Pts',(48.0383899395452,-9.653213358707,86.2769951800151));
#4700=CARTESIAN_POINT('Ctrl Pts',(47.8698925493193,-9.65927669298851,86.3474044532129));
#4701=CARTESIAN_POINT('Ctrl Pts',(47.5608377231692,-9.67129064527644,86.5486868895009));
#4702=CARTESIAN_POINT('Ctrl Pts',(47.424643045452,-9.67710853303165,86.680179050429));
#4703=CARTESIAN_POINT('Ctrl Pts',(47.2368967661614,-9.68596264294905,86.9459087924982));
#4704=CARTESIAN_POINT('Ctrl Pts',(47.1735571543992,-9.68927353360399,87.0691992749649));
#4705=CARTESIAN_POINT('Ctrl Pts',(47.0439929569279,-9.69702958965952,87.4391469722829));
#4706=CARTESIAN_POINT('Ctrl Pts',(47.0234088309333,-9.69989731374518,87.6992789599018));
#4707=CARTESIAN_POINT('Ctrl Pts',(47.0971095445652,-9.70015171044025,88.1128134827234));
#4708=CARTESIAN_POINT('Ctrl Pts',(47.1539634859864,-9.69909138896804,88.2707657125491));
#4709=CARTESIAN_POINT('Ctrl Pts',(47.4247030938836,-9.69200489354879,88.7535420902313));
#4710=CARTESIAN_POINT('Ctrl Pts',(47.7499611981207,-9.68099651135008,89.0113280914892));
#4711=CARTESIAN_POINT('Ctrl Pts',(48.3077012564014,-9.66168806656216,89.1672487813953));
#4712=CARTESIAN_POINT('Ctrl Pts',(48.4975975054583,-9.65508805529503,89.1837971541613));
#4713=CARTESIAN_POINT('Ctrl Pts',(48.8675917269765,-9.64233651216787,89.144033677881));
#4714=CARTESIAN_POINT('Ctrl Pts',(49.0446240788524,-9.63629607828371,89.0912407722379));
#4715=CARTESIAN_POINT('Ctrl Pts',(49.3850494513827,-9.6247805408433,88.9156701805185));
#4716=CARTESIAN_POINT('Ctrl Pts',(49.5425530356061,-9.61951247011008,88.7892107719634));
#4717=CARTESIAN_POINT('Ctrl Pts',(49.7635963679937,-9.6120104546429,88.5223730819241));
#4718=CARTESIAN_POINT('Ctrl Pts',(49.839827447154,-9.60937529103824,88.3964468246278));
#4719=CARTESIAN_POINT('Ctrl Pts',(49.8963853872349,-9.60729478142578,88.2613137420136));
#4720=CARTESIAN_POINT('Ctrl Pts',(49.5395454689571,-9.23581571696198,88.1215306152401));
#4721=CARTESIAN_POINT('Ctrl Pts',(49.5894670814347,-9.23386241041708,88.0048779767147));
#4722=CARTESIAN_POINT('Ctrl Pts',(49.6189941551615,-9.23249106557076,87.8796738764994));
#4723=CARTESIAN_POINT('Ctrl Pts',(49.6325940528698,-9.23109735044435,87.6460314513941));
#4724=CARTESIAN_POINT('Ctrl Pts',(49.6232101142762,-9.23089630108142,87.5388069499569));
#4725=CARTESIAN_POINT('Ctrl Pts',(49.5665706834996,-9.23142760745644,87.300168688609));
#4726=CARTESIAN_POINT('Ctrl Pts',(49.5095140125721,-9.23244354969926,87.1728495002444));
#4727=CARTESIAN_POINT('Ctrl Pts',(49.3452150611843,-9.23597151250705,86.9371763727501));
#4728=CARTESIAN_POINT('Ctrl Pts',(49.2358885054734,-9.23856622858975,86.8335578433648));
#4729=CARTESIAN_POINT('Ctrl Pts',(48.9832860525059,-9.24509918943473,86.6762098105273));
#4730=CARTESIAN_POINT('Ctrl Pts',(48.8424428943959,-9.24898166516251,86.6242000902137));
#4731=CARTESIAN_POINT('Ctrl Pts',(48.5564691833452,-9.25744881702285,86.5799584535844));
#4732=CARTESIAN_POINT('Ctrl Pts',(48.4144010056494,-9.26192223763131,86.5856327895745));
#4733=CARTESIAN_POINT('Ctrl Pts',(48.1465824347609,-9.27093828415303,86.6481494032723));
#4734=CARTESIAN_POINT('Ctrl Pts',(48.0226853699608,-9.27539683251229,86.702593084331));
#4735=CARTESIAN_POINT('Ctrl Pts',(47.7970201494351,-9.28409076058001,86.8550798910835));
#4736=CARTESIAN_POINT('Ctrl Pts',(47.6984690952724,-9.28822696123776,86.953445461224));
#4737=CARTESIAN_POINT('Ctrl Pts',(47.5635861407954,-9.29443531940878,87.1501272063003));
#4738=CARTESIAN_POINT('Ctrl Pts',(47.5183882100809,-9.29673136884489,87.2408021407766));
#4739=CARTESIAN_POINT('Ctrl Pts',(47.426634901914,-9.30205542167495,87.511661619683));
#4740=CARTESIAN_POINT('Ctrl Pts',(47.4127962427902,-9.30397002786975,87.700563135324));
#4741=CARTESIAN_POINT('Ctrl Pts',(47.4663760727424,-9.30407754938321,88.0009230857376));
#4742=CARTESIAN_POINT('Ctrl Pts',(47.5071910926604,-9.30333255521928,88.115775517188));
#4743=CARTESIAN_POINT('Ctrl Pts',(47.7019930621629,-9.29839041854865,88.4680422932093));
#4744=CARTESIAN_POINT('Ctrl Pts',(47.9359581491418,-9.2908022521133,88.6598975587222));
#4745=CARTESIAN_POINT('Ctrl Pts',(48.345212251391,-9.27704311057654,88.7822816609173));
#4746=CARTESIAN_POINT('Ctrl Pts',(48.4854991097811,-9.27227726817909,88.7970129844658));
#4747=CARTESIAN_POINT('Ctrl Pts',(48.760899575209,-9.26291521662597,88.7724814214004));
#4748=CARTESIAN_POINT('Ctrl Pts',(48.8935918451405,-9.25840364481489,88.7354402292799));
#4749=CARTESIAN_POINT('Ctrl Pts',(49.1501372746291,-9.24965507719467,88.6083199818866));
#4750=CARTESIAN_POINT('Ctrl Pts',(49.2696254964113,-9.24556285272425,88.5152311318117));
#4751=CARTESIAN_POINT('Ctrl Pts',(49.4379362079905,-9.2396311316065,88.3168936867454));
#4752=CARTESIAN_POINT('Ctrl Pts',(49.496203476553,-9.23751157960004,88.2228085492243));
#4753=CARTESIAN_POINT('Ctrl Pts',(49.5395454689571,-9.23581571696198,88.1215306152401));
#4754=CARTESIAN_POINT('',(49.5395454689571,-9.23581571696198,88.1215306152401));
#4755=CARTESIAN_POINT('',(50.6100652237905,-10.3502529103534,88.5408799955606));
#4756=CARTESIAN_POINT('',(49.6282383434665,-9.23140449031583,87.6887363951828));
#4757=CARTESIAN_POINT('Ctrl Pts',(49.5395454689571,-9.23581571696198,88.1215306152401));
#4758=CARTESIAN_POINT('Ctrl Pts',(49.5894670814347,-9.23386241041708,88.0048779767147));
#4759=CARTESIAN_POINT('Ctrl Pts',(49.6189941551615,-9.23249106557076,87.8796738764994));
#4760=CARTESIAN_POINT('Ctrl Pts',(49.6276215276506,-9.23160693395469,87.7314580388611));
#4761=CARTESIAN_POINT('Ctrl Pts',(49.6282405982706,-9.23149701247123,87.7100918299761));
#4762=CARTESIAN_POINT('Ctrl Pts',(49.6282383434665,-9.23140449031583,87.6887363951828));
#4763=CARTESIAN_POINT('Ctrl Pts',(49.6282383434665,-9.23140449031583,87.6887363951828));
#4764=CARTESIAN_POINT('Ctrl Pts',(49.6282293206957,-9.23103425583284,87.6032809891206));
#4765=CARTESIAN_POINT('Ctrl Pts',(49.6182712534298,-9.23094263008256,87.5179981044357));
#4766=CARTESIAN_POINT('Ctrl Pts',(49.5665706834996,-9.23142760745644,87.300168688609));
#4767=CARTESIAN_POINT('Ctrl Pts',(49.5095140125721,-9.23244354969926,87.1728495002444));
#4768=CARTESIAN_POINT('Ctrl Pts',(49.3452150611843,-9.23597151250705,86.9371763727501));
#4769=CARTESIAN_POINT('Ctrl Pts',(49.2358885054734,-9.23856622858975,86.8335578433648));
#4770=CARTESIAN_POINT('Ctrl Pts',(48.9832860525059,-9.24509918943473,86.6762098105273));
#4771=CARTESIAN_POINT('Ctrl Pts',(48.8424428943959,-9.24898166516251,86.6242000902137));
#4772=CARTESIAN_POINT('Ctrl Pts',(48.5564691833452,-9.25744881702285,86.5799584535844));
#4773=CARTESIAN_POINT('Ctrl Pts',(48.4144010056494,-9.26192223763131,86.5856327895745));
#4774=CARTESIAN_POINT('Ctrl Pts',(48.1465824347609,-9.27093828415303,86.6481494032723));
#4775=CARTESIAN_POINT('Ctrl Pts',(48.0226853699608,-9.27539683251229,86.702593084331));
#4776=CARTESIAN_POINT('Ctrl Pts',(47.7970201494351,-9.28409076058001,86.8550798910835));
#4777=CARTESIAN_POINT('Ctrl Pts',(47.6984690952724,-9.28822696123776,86.953445461224));
#4778=CARTESIAN_POINT('Ctrl Pts',(47.5635861407954,-9.29443531940878,87.1501272063003));
#4779=CARTESIAN_POINT('Ctrl Pts',(47.5183882100809,-9.29673136884489,87.2408021407766));
#4780=CARTESIAN_POINT('Ctrl Pts',(47.426634901914,-9.30205542167495,87.511661619683));
#4781=CARTESIAN_POINT('Ctrl Pts',(47.4127962427902,-9.30397002786975,87.700563135324));
#4782=CARTESIAN_POINT('Ctrl Pts',(47.4663760727424,-9.30407754938321,88.0009230857376));
#4783=CARTESIAN_POINT('Ctrl Pts',(47.5071910926604,-9.30333255521928,88.115775517188));
#4784=CARTESIAN_POINT('Ctrl Pts',(47.7019930621629,-9.29839041854865,88.4680422932093));
#4785=CARTESIAN_POINT('Ctrl Pts',(47.9359581491418,-9.2908022521133,88.6598975587222));
#4786=CARTESIAN_POINT('Ctrl Pts',(48.345212251391,-9.27704311057654,88.7822816609173));
#4787=CARTESIAN_POINT('Ctrl Pts',(48.4854991097811,-9.27227726817909,88.7970129844658));
#4788=CARTESIAN_POINT('Ctrl Pts',(48.760899575209,-9.26291521662597,88.7724814214004));
#4789=CARTESIAN_POINT('Ctrl Pts',(48.8935918451405,-9.25840364481489,88.7354402292799));
#4790=CARTESIAN_POINT('Ctrl Pts',(49.1501372746291,-9.24965507719467,88.6083199818866));
#4791=CARTESIAN_POINT('Ctrl Pts',(49.2696254964113,-9.24556285272425,88.5152311318117));
#4792=CARTESIAN_POINT('Ctrl Pts',(49.4379362079905,-9.2396311316065,88.3168936867454));
#4793=CARTESIAN_POINT('Ctrl Pts',(49.496203476553,-9.23751157960004,88.2228085492243));
#4794=CARTESIAN_POINT('Ctrl Pts',(49.5395454689571,-9.23581571696198,88.1215306152401));
#4795=CARTESIAN_POINT('Origin',(48.5282588989571,-0.955715811022405,87.6887495235347));
#4796=CARTESIAN_POINT('',(49.6282588989571,-1.4557158110224,87.6887495235347));
#4797=CARTESIAN_POINT('',(49.6282588989571,-0.955715811022405,87.6887495235347));
#4798=CARTESIAN_POINT('Origin',(48.5282588989571,-1.4557158110224,87.6887495235347));
#4799=CARTESIAN_POINT('Origin',(54.0868552029555,-5.45571581102258,85.0310676459274));
#4800=CARTESIAN_POINT('',(43.8868552029557,-5.45571581102249,55.5310676459274));
#4801=CARTESIAN_POINT('',(53.8368552029556,-5.45571581102258,55.5310676459274));
#4802=CARTESIAN_POINT('',(43.8868552029557,-5.45571581102249,55.0310676459274));
#4803=CARTESIAN_POINT('',(43.8868552029556,-5.45571581102249,67.0810676459273));
#4804=CARTESIAN_POINT('',(19.6868552029557,-5.45571581102227,55.0310676459274));
#4805=CARTESIAN_POINT('',(53.8368552029556,-5.45571581102258,55.0310676459274));
#4806=CARTESIAN_POINT('',(19.6868552029557,-5.45571581102227,64.9310676459272));
#4807=CARTESIAN_POINT('',(19.6868552029556,-5.45571581102227,70.2810676459273));
#4808=CARTESIAN_POINT('',(20.1868552029557,-5.45571581102228,64.9310676459272));
#4809=CARTESIAN_POINT('',(36.6368552029556,-5.45571581102242,64.9310676459273));
#4810=CARTESIAN_POINT('',(20.1868552029556,-5.45571581102228,75.7310676459272));
#4811=CARTESIAN_POINT('',(20.1868552029556,-5.45571581102228,70.2810676459273));
#4812=CARTESIAN_POINT('',(19.6868552029556,-5.45571581102227,75.7310676459272));
#4813=CARTESIAN_POINT('',(34.2868552029556,-5.4557158110224,75.7310676459273));
#4814=CARTESIAN_POINT('',(19.6868552029556,-5.45571581102227,85.0310676459274));
#4815=CARTESIAN_POINT('',(19.6868552029556,-5.45571581102227,70.2810676459273));
#4816=CARTESIAN_POINT('',(43.3868552029555,-5.45571581102248,85.0310676459273));
#4817=CARTESIAN_POINT('',(37.1368552029555,-5.45571581102243,85.0310676459273));
#4818=CARTESIAN_POINT('',(43.3868552029555,-5.45571581102248,84.5310676459273));
#4819=CARTESIAN_POINT('',(43.3868552029555,-5.45571581102248,85.2810676459273));
#4820=CARTESIAN_POINT('',(37.1368552029555,-5.45571581102243,84.5310676459273));
#4821=CARTESIAN_POINT('Origin',(53.5868552029557,5.04428418897737,55.0310676459274));
#4822=CARTESIAN_POINT('',(43.8868552029557,3.04428418897748,55.0310676459274));
#4823=CARTESIAN_POINT('',(19.6868552029558,5.04428418897751,55.0310676459274));
#4824=CARTESIAN_POINT('Origin',(48.4868552029557,-1.45571581102242,51.8310676459274));
#4825=CARTESIAN_POINT('',(43.8868552029557,-1.4557158110224,55.5310676459273));
#4826=CARTESIAN_POINT('',(43.8868552029557,-1.4557158110224,50.4810676459273));
#4827=CARTESIAN_POINT('',(46.1868552029557,-1.45571581102241,55.5310676459274));
#4828=CARTESIAN_POINT('Origin',(48.4868552029555,-1.4557158110224,88.2310676459274));
#4829=CARTESIAN_POINT('',(43.3868552029556,-1.45571581102239,84.5310676459273));
#4830=CARTESIAN_POINT('',(43.3868552029555,-1.45571581102238,86.8810676459273));
#4831=CARTESIAN_POINT('',(53.0868552029555,-1.45571581102242,84.5310676459273));
#4832=CARTESIAN_POINT('Origin',(16.8368552029556,-1.45571581102228,70.3310676459272));
#4833=CARTESIAN_POINT('',(13.9868552029556,-1.45571581102227,75.7310676459272));
#4834=CARTESIAN_POINT('',(13.9868552029556,-1.45571581102227,64.9310676459272));
#4835=CARTESIAN_POINT('',(13.9868552029556,-1.45571581102227,67.8810676459272));
#4836=CARTESIAN_POINT('',(20.1868552029556,-1.45571581102229,75.7310676459272));
#4837=CARTESIAN_POINT('',(15.6618552029556,-1.45571581102227,75.7310676459272));
#4838=CARTESIAN_POINT('',(20.1868552029556,-1.4557158110223,64.9310676459272));
#4839=CARTESIAN_POINT('',(20.1868552029556,-1.45571581102229,72.7810676459272));
#4840=CARTESIAN_POINT('',(18.0118552029556,-1.45571581102229,64.9310676459272));
#4841=CARTESIAN_POINT('Origin',(43.3868552029556,1.04428418897755,85.5310676459273));
#4842=CARTESIAN_POINT('',(43.3868552029556,1.04428418897755,84.5310676459273));
#4843=CARTESIAN_POINT('',(43.3868552029556,3.0442841889775,85.0310676459273));
#4844=CARTESIAN_POINT('Origin',(14.4868552029556,1.04428418897772,75.7310676459272));
#4845=CARTESIAN_POINT('',(13.9868552029556,1.04428418897772,75.7310676459272));
#4846=CARTESIAN_POINT('',(19.6868552029556,3.04428418897761,75.7310676459272));
#4847=CARTESIAN_POINT('',(20.1868552029556,1.04428418897772,75.7310676459272));
#4848=CARTESIAN_POINT('Origin',(13.9868552029556,1.04428418897772,65.4310676459272));
#4849=CARTESIAN_POINT('',(13.9868552029556,1.04428418897772,64.9310676459272));
#4850=CARTESIAN_POINT('Origin',(19.1868552029556,1.04428418897772,64.9310676459272));
#4851=CARTESIAN_POINT('',(20.1868552029556,1.04428418897772,64.9310676459272));
#4852=CARTESIAN_POINT('',(19.6868552029557,3.04428418897762,64.9310676459272));
#4853=CARTESIAN_POINT('Origin',(43.8868552029557,1.04428418897758,49.1310676459273));
#4854=CARTESIAN_POINT('',(43.8868552029557,2.04428418897749,55.5310676459274));
#4855=CARTESIAN_POINT('Origin',(20.1868552029556,1.04428418897772,75.2310676459272));
#4856=CARTESIAN_POINT('Origin',(19.6868552029558,5.04428418897751,55.5310676459274));
#4857=CARTESIAN_POINT('Origin',(19.6868552029558,5.04428418897751,55.5310676459274));
#4858=CARTESIAN_POINT('',(19.6868552029556,5.04428418897755,85.0310676459273));
#4859=CARTESIAN_POINT('Origin',(43.8868552029557,1.04428418897758,55.5310676459273));
#4860=CARTESIAN_POINT('Origin',(53.0868552029555,1.04428418897751,84.5310676459273));
#4861=CARTESIAN_POINT('Origin',(20.1868552029556,5.04428418897754,85.0310676459273));
#4862=CARTESIAN_POINT('',(0.,0.,0.));
#4863=CARTESIAN_POINT('Origin',(42.8868552029555,1.04428418897762,90.9310676459273));
#4864=CARTESIAN_POINT('',(42.8868552029544,-10.5627537847204,85.5310676459273));
#4865=CARTESIAN_POINT('',(42.8868552029555,-10.6130496946412,91.9310676459273));
#4866=CARTESIAN_POINT('Ctrl Pts',(42.8868552029555,-10.5641238489344,85.5296490541072));
#4867=CARTESIAN_POINT('Ctrl Pts',(42.8868552029555,-10.5999621302997,87.3630978234447));
#4868=CARTESIAN_POINT('Ctrl Pts',(42.8868552029555,-10.6168306065199,89.1887917003209));
#4869=CARTESIAN_POINT('Ctrl Pts',(42.8868552029555,-10.6148687955103,91.0035055418211));
#4870=CARTESIAN_POINT('Ctrl Pts',(42.8868552029555,-10.6145343537366,91.3128707727238));
#4871=CARTESIAN_POINT('Ctrl Pts',(42.8868552029555,-10.6136526646398,91.6219169009547));
#4872=CARTESIAN_POINT('Ctrl Pts',(42.8868552029555,-10.6122199297792,91.9306228763223));
#4873=CARTESIAN_POINT('',(42.8868552029555,1.04428418897762,85.5310676459274));
#4874=CARTESIAN_POINT('',(42.8868552029555,3.04428418897762,85.5310676459273));
#4875=CARTESIAN_POINT('',(42.8868552029555,1.04428418897762,91.9310676459273));
#4876=CARTESIAN_POINT('',(42.8868552029555,1.04428418897762,89.5810676459273));
#4877=CARTESIAN_POINT('',(42.8868552029555,1.04428418897762,91.9310676459274));
#4878=CARTESIAN_POINT('Origin',(53.0868552029555,1.04428418897758,91.9310676459274));
#4879=CARTESIAN_POINT('',(54.0868552029555,1.04428418897757,91.9310676459274));
#4880=CARTESIAN_POINT('',(50.7868552029555,1.04428418897759,91.9310676459274));
#4881=CARTESIAN_POINT('',(54.0868552029555,-10.1909491290592,91.9310676459274));
#4882=CARTESIAN_POINT('',(54.0868552029555,1.04428418897757,91.9310676459274));
#4883=CARTESIAN_POINT('Ctrl Pts',(42.8868552029555,-10.6122199297792,91.9306228763223));
#4884=CARTESIAN_POINT('Ctrl Pts',(45.2636153529922,-10.527344540384,91.9308312936619));
#4885=CARTESIAN_POINT('Ctrl Pts',(47.6338101078004,-10.4398056315828,91.9310648646507));
#4886=CARTESIAN_POINT('Ctrl Pts',(49.9939186139444,-10.3494852954996,91.9312793806749));
#4887=CARTESIAN_POINT('Ctrl Pts',(51.1943278713677,-10.3035461502079,91.9313884888031));
#4888=CARTESIAN_POINT('Ctrl Pts',(52.3921278264574,-10.2568874358216,91.9314934489007));
#4889=CARTESIAN_POINT('Ctrl Pts',(53.5868552029553,-10.2094934720818,91.9315937015164));
#4890=CARTESIAN_POINT('Ctrl Pts',(53.7535228154188,-10.2028818894421,91.9316076870201));
#4891=CARTESIAN_POINT('Ctrl Pts',(53.920189440492,-10.1962536658599,91.9316215514438));
#4892=CARTESIAN_POINT('Ctrl Pts',(54.0868552029555,-10.1896086678507,91.9316352869282));
#4893=CARTESIAN_POINT('Origin',(48.4868552029555,1.0442841889776,88.2310676459274));
#4894=CARTESIAN_POINT('',(54.0868552029555,1.04428418897757,85.5310676459274));
#4895=CARTESIAN_POINT('',(51.2868552029556,1.04428418897758,85.5310676459274));
#4896=CARTESIAN_POINT('',(54.0868552029555,1.04428418897757,86.6310676459274));
#4897=CARTESIAN_POINT('',(49.4282588989571,1.0442841889776,87.6887495235347));
#4898=CARTESIAN_POINT('Origin',(48.5282588989571,1.0442841889776,87.6887495235347));
#4899=CARTESIAN_POINT('Ctrl Pts',(0.,-0.984463425781332,159.719098202926));
#4900=CARTESIAN_POINT('Ctrl Pts',(36.206820002344,-0.876059747480239,143.294102620849));
#4901=CARTESIAN_POINT('Ctrl Pts',(72.413640004688,-0.767656069179145,126.869107038772));
#4902=CARTESIAN_POINT('Ctrl Pts',(108.620460007032,-0.659252390878051,110.444111456696));
#4903=CARTESIAN_POINT('Ctrl Pts',(0.,-1.07023058442297,159.673740111613));
#4904=CARTESIAN_POINT('Ctrl Pts',(36.206820002344,-0.951558525132207,143.254377385786));
#4905=CARTESIAN_POINT('Ctrl Pts',(72.413640004688,-0.834584629636457,126.833785175524));
#4906=CARTESIAN_POINT('Ctrl Pts',(108.620460007032,-0.715912570345691,110.414422449697));
#4907=CARTESIAN_POINT('Ctrl Pts',(0.,-1.25365176545799,159.569398558382));
#4908=CARTESIAN_POINT('Ctrl Pts',(36.206820002344,-1.11505245433976,143.162055515432));
#4909=CARTESIAN_POINT('Ctrl Pts',(72.4136400046879,-0.97494345272025,126.75573228855));
#4910=CARTESIAN_POINT('Ctrl Pts',(108.620460007032,-0.836344141602019,110.3483892456));
#4911=CARTESIAN_POINT('Ctrl Pts',(0.,-1.8305822166893,159.111637005958));
#4912=CARTESIAN_POINT('Ctrl Pts',(36.206820002344,-1.6229524177515,142.763615048766));
#4913=CARTESIAN_POINT('Ctrl Pts',(72.4136400046879,-1.41608555190706,126.415054484169));
#4914=CARTESIAN_POINT('Ctrl Pts',(108.620460007032,-1.20845575296926,110.067032526978));
#4915=CARTESIAN_POINT('Ctrl Pts',(0.,-3.36806587602103,157.537520990641));
#4916=CARTESIAN_POINT('Ctrl Pts',(36.206820002344,-3.00263079633394,141.357695909176));
#4917=CARTESIAN_POINT('Ctrl Pts',(72.4136400046879,-2.6376762850997,125.177523504136));
#4918=CARTESIAN_POINT('Ctrl Pts',(108.620460007032,-2.27224120541261,108.997698422671));
#4919=CARTESIAN_POINT('Ctrl Pts',(0.,-4.18511452483505,155.99667834137));
#4920=CARTESIAN_POINT('Ctrl Pts',(36.206820002344,-3.74348295780339,139.974470389706));
#4921=CARTESIAN_POINT('Ctrl Pts',(72.413640004688,-3.29884928792906,123.954208765386));
#4922=CARTESIAN_POINT('Ctrl Pts',(108.620460007032,-2.8572177208974,107.932000813723));
#4923=CARTESIAN_POINT('Ctrl Pts',(0.,-5.04547845673888,154.257635851454));
#4924=CARTESIAN_POINT('Ctrl Pts',(36.206820002344,-4.51165296112421,138.420447984891));
#4925=CARTESIAN_POINT('Ctrl Pts',(72.4136400046881,-3.98110480336924,122.581066180407));
#4926=CARTESIAN_POINT('Ctrl Pts',(108.620460007032,-3.44727930775457,106.743878313843));
#4927=CARTESIAN_POINT('Ctrl Pts',(0.,-5.61956026794371,153.02436265343));
#4928=CARTESIAN_POINT('Ctrl Pts',(36.206820002344,-5.02839813632273,137.314838905084));
#4929=CARTESIAN_POINT('Ctrl Pts',(72.413640004688,-4.43784223507439,121.604695592575));
#4930=CARTESIAN_POINT('Ctrl Pts',(108.620460007032,-3.84668010345342,105.895171844229));
#4931=CARTESIAN_POINT('Ctrl Pts',(0.,-6.32399278934587,151.238923680587));
#4932=CARTESIAN_POINT('Ctrl Pts',(36.2068200023441,-5.66153203133274,135.714411991343));
#4933=CARTESIAN_POINT('Ctrl Pts',(72.4136400046879,-5.00154733451913,120.188530670218));
#4934=CARTESIAN_POINT('Ctrl Pts',(108.620460007032,-4.33908657650599,104.664018980974));
#4935=CARTESIAN_POINT('Ctrl Pts',(0.,-6.98974341654657,149.196251977494));
#4936=CARTESIAN_POINT('Ctrl Pts',(36.2068200023439,-6.26076512811327,133.883098575213));
#4937=CARTESIAN_POINT('Ctrl Pts',(72.413640004688,-5.53192142733328,118.569370588083));
#4938=CARTESIAN_POINT('Ctrl Pts',(108.620460007032,-4.80294313889997,103.256217185802));
#4939=CARTESIAN_POINT('Ctrl Pts',(0.,-7.70584755993745,146.777621610927));
#4940=CARTESIAN_POINT('Ctrl Pts',(36.2068200023441,-6.90303145765919,131.715044975883));
#4941=CARTESIAN_POINT('Ctrl Pts',(72.4136400046881,-6.10243803434763,116.651653991334));
#4942=CARTESIAN_POINT('Ctrl Pts',(108.620460007032,-5.29962193206937,101.589077356289));
#4943=CARTESIAN_POINT('Ctrl Pts',(0.,-9.44313200908439,139.902985982557));
#4944=CARTESIAN_POINT('Ctrl Pts',(36.2068200023439,-8.46582386018475,125.5495784805));
#4945=CARTESIAN_POINT('Ctrl Pts',(72.4136400046884,-7.48763058213729,111.195656043635));
#4946=CARTESIAN_POINT('Ctrl Pts',(108.620460007032,-6.51032243323765,96.8422485415773));
#4947=CARTESIAN_POINT('Ctrl Pts',(0.,-11.4747127347827,125.963613538842));
#4948=CARTESIAN_POINT('Ctrl Pts',(36.2068200023441,-10.2907945584332,113.044341932729));
#4949=CARTESIAN_POINT('Ctrl Pts',(72.4136400046876,-9.10877372129825,100.124639928125));
#4950=CARTESIAN_POINT('Ctrl Pts',(108.620460007032,-7.92485554494873,87.2053683220119));
#4951=CARTESIAN_POINT('Ctrl Pts',(0.,-12.4102719689889,103.77551892227));
#4952=CARTESIAN_POINT('Ctrl Pts',(36.206820002344,-11.1342126910201,93.1326599902888));
#4953=CARTESIAN_POINT('Ctrl Pts',(72.4136400046882,-9.85777271447317,82.4894899264708));
#4954=CARTESIAN_POINT('Ctrl Pts',(108.620460007032,-8.58171343650435,71.8466309944898));
#4955=CARTESIAN_POINT('Ctrl Pts',(0.,-11.6748539300088,84.626693789194));
#4956=CARTESIAN_POINT('Ctrl Pts',(36.2068200023439,-10.4757061313339,75.9461354009596));
#4957=CARTESIAN_POINT('Ctrl Pts',(72.4136400046879,-9.27595767215186,67.2661895915328));
#4958=CARTESIAN_POINT('Ctrl Pts',(108.620460007032,-8.07680987347693,58.5856312032983));
#4959=CARTESIAN_POINT('Ctrl Pts',(0.,-10.1584885402048,68.2845207145185));
#4960=CARTESIAN_POINT('Ctrl Pts',(36.2068200023441,-9.11560671312311,61.2786885097926));
#4961=CARTESIAN_POINT('Ctrl Pts',(72.413640004688,-8.07330831034735,54.2724535619094));
#4962=CARTESIAN_POINT('Ctrl Pts',(108.620460007032,-7.03042648326567,47.2666213571836));
#4963=CARTESIAN_POINT('Ctrl Pts',(0.,-8.38177648129064,56.174866253912));
#4964=CARTESIAN_POINT('Ctrl Pts',(36.206820002344,-7.52220640459376,50.4096338665673));
#4965=CARTESIAN_POINT('Ctrl Pts',(72.413640004688,-6.66219775898912,44.644356367151));
#4966=CARTESIAN_POINT('Ctrl Pts',(108.620460007032,-5.80262768229224,38.8791239798063));
#4967=CARTESIAN_POINT('Ctrl Pts',(0.,-5.75795679211217,42.8424365582466));
#4968=CARTESIAN_POINT('Ctrl Pts',(36.206820002344,-5.16722400974923,38.4433413592498));
#4969=CARTESIAN_POINT('Ctrl Pts',(72.4136400046877,-4.57632878228517,34.0444431421809));
#4970=CARTESIAN_POINT('Ctrl Pts',(108.620460007032,-3.98559599992224,29.6453479431841));
#4971=CARTESIAN_POINT('Ctrl Pts',(0.,-3.66846063738239,31.01464063749));
#4972=CARTESIAN_POINT('Ctrl Pts',(36.206820002344,-3.29136228931743,27.82805646421));
#4973=CARTESIAN_POINT('Ctrl Pts',(72.4136400046884,-2.91484913763781,24.6398264288969));
#4974=CARTESIAN_POINT('Ctrl Pts',(108.620460007032,-2.53775078957285,21.4532422556169));
#4975=CARTESIAN_POINT('Ctrl Pts',(0.,-1.96986938708948,19.8182709975022));
#4976=CARTESIAN_POINT('Ctrl Pts',(36.206820002344,-1.76725244442614,17.7782636935777));
#4977=CARTESIAN_POINT('Ctrl Pts',(72.4136400046877,-1.56413984867635,15.7397325678323));
#4978=CARTESIAN_POINT('Ctrl Pts',(108.620460007032,-1.36152290601302,13.6997252639078));
#4979=CARTESIAN_POINT('Ctrl Pts',(0.,-1.16180338335874,13.071060470959));
#4980=CARTESIAN_POINT('Ctrl Pts',(36.206820002344,-1.04192859953582,11.7248089586439));
#4981=CARTESIAN_POINT('Ctrl Pts',(72.413640004688,-0.922174874580957,10.3753779661776));
#4982=CARTESIAN_POINT('Ctrl Pts',(108.620460007032,-0.802300090758035,9.02912645386252));
#4983=CARTESIAN_POINT('Ctrl Pts',(0.,-0.838441633178189,9.99999999999999));
#4984=CARTESIAN_POINT('Ctrl Pts',(36.206820002344,-0.751849087326683,8.96807192128166));
#4985=CARTESIAN_POINT('Ctrl Pts',(72.413640004688,-0.665256541475176,7.93614384256333));
#4986=CARTESIAN_POINT('Ctrl Pts',(108.620460007032,-0.578663995623669,6.904215763845));
#4987=CARTESIAN_POINT('',(54.0868552029555,-10.2185971400142,85.0310676459273));
#4988=CARTESIAN_POINT('',(54.0868552029556,-9.65265131637024,70.1747122798003));
#4989=CARTESIAN_POINT('Ctrl Pts',(54.0868552029555,-10.2185971400142,85.0310676459273));
#4990=CARTESIAN_POINT('Ctrl Pts',(54.0868552029555,-10.176175543383,80.7021040146992));
#4991=CARTESIAN_POINT('Ctrl Pts',(54.0868552029555,-10.0136587997229,75.6533075122065));
#4992=CARTESIAN_POINT('Ctrl Pts',(54.0868552029556,-9.65265131637025,70.1747122797294));
#4993=CARTESIAN_POINT('',(79.182731594294,-9.15773056773615,70.1747122798712));
#4994=CARTESIAN_POINT('Ctrl Pts',(79.182731594294,-9.15773056773615,70.1747122798711));
#4995=CARTESIAN_POINT('Ctrl Pts',(70.6121200025185,-9.3528469937633,70.1747122798711));
#4996=CARTESIAN_POINT('Ctrl Pts',(62.1374522497673,-9.51676316014124,70.1747122798712));
#4997=CARTESIAN_POINT('Ctrl Pts',(54.0868552029555,-9.65265131637959,70.1747122798712));
#4998=CARTESIAN_POINT('',(79.1827315944565,-0.897629008155009,9.99999999999999));
#4999=CARTESIAN_POINT('Ctrl Pts',(79.1827315942949,-9.16035431356113,70.1742508372421));
#5000=CARTESIAN_POINT('Ctrl Pts',(79.1827315942949,-9.03833471018095,67.262259701424));
#5001=CARTESIAN_POINT('Ctrl Pts',(79.1827315942949,-8.86245001832096,64.3383048810823));
#5002=CARTESIAN_POINT('Ctrl Pts',(79.1827315942949,-8.63202399274127,61.4186176683241));
#5003=CARTESIAN_POINT('Ctrl Pts',(79.1827315942949,-8.46505381229809,59.302968190252));
#5004=CARTESIAN_POINT('Ctrl Pts',(79.1827315942949,-8.2694457740431,57.1895594923523));
#5005=CARTESIAN_POINT('Ctrl Pts',(79.1827315942949,-8.03706598805037,55.0846037781986));
#5006=CARTESIAN_POINT('Ctrl Pts',(79.182731594295,-7.57230641606492,50.8746923498912));
#5007=CARTESIAN_POINT('Ctrl Pts',(79.1827315942949,-6.96045985312853,46.6985928565683));
#5008=CARTESIAN_POINT('Ctrl Pts',(79.1827315942949,-6.23294663765991,42.5443675801092));
#5009=CARTESIAN_POINT('Ctrl Pts',(79.1827315942948,-5.68731172605844,39.4286986227649));
#5010=CARTESIAN_POINT('Ctrl Pts',(79.1827315942947,-5.0766143224076,36.3253339124066));
#5011=CARTESIAN_POINT('Ctrl Pts',(79.1827315942948,-4.50098656627622,33.2440519754689));
#5012=CARTESIAN_POINT('Ctrl Pts',(79.1827315942949,-3.92535881014484,30.1627700385311));
#5013=CARTESIAN_POINT('Ctrl Pts',(79.1827315942951,-3.38480070153292,27.1035708750138));
#5014=CARTESIAN_POINT('Ctrl Pts',(79.1827315942951,-2.89487268608747,24.1262549968958));
#5015=CARTESIAN_POINT('Ctrl Pts',(79.1827315942951,-2.40494467064201,21.1489391187777));
#5016=CARTESIAN_POINT('Ctrl Pts',(79.1827315942948,-1.96564674836302,18.2535065260588));
#5017=CARTESIAN_POINT('Ctrl Pts',(79.1827315942948,-1.5893460002396,15.4973372036382));
#5018=CARTESIAN_POINT('Ctrl Pts',(79.1827315942948,-1.32870434256086,13.5882989021693));
#5019=CARTESIAN_POINT('Ctrl Pts',(79.1827315942949,-1.09828575394532,11.7460725409599));
#5020=CARTESIAN_POINT('Ctrl Pts',(79.1827315942949,-0.897968030485909,10.0027577919758));
#5021=CARTESIAN_POINT('',(107.997790266933,-0.926844600648936,10.));
#5022=CARTESIAN_POINT('Ctrl Pts',(79.1827315946189,-0.897629008155229,10.));
#5023=CARTESIAN_POINT('Ctrl Pts',(88.8126105918564,-0.906528885498256,10.));
#5024=CARTESIAN_POINT('Ctrl Pts',(98.4590603268696,-0.916230166296063,10.));
#5025=CARTESIAN_POINT('Ctrl Pts',(107.997790266933,-0.926844600648916,10.));
#5026=CARTESIAN_POINT('',(108.620460007032,-1.40606171906707,109.858140806345));
#5027=CARTESIAN_POINT('Ctrl Pts',(108.620460007032,-1.40606171906709,109.858140806345));
#5028=CARTESIAN_POINT('Ctrl Pts',(108.612891691375,-1.4800693789723,109.789033319917));
#5029=CARTESIAN_POINT('Ctrl Pts',(108.597252335086,-1.63907575688654,109.632295437771));
#5030=CARTESIAN_POINT('Ctrl Pts',(108.572569275326,-1.87764691111762,109.380620265434));
#5031=CARTESIAN_POINT('Ctrl Pts',(108.544731486774,-2.09300180744678,109.130333889344));
#5032=CARTESIAN_POINT('Ctrl Pts',(108.525110219461,-2.22137070484627,108.964350592007));
#5033=CARTESIAN_POINT('Ctrl Pts',(108.525014912475,-2.22199487910516,108.963543547203));
#5034=CARTESIAN_POINT('Ctrl Pts',(108.524900461578,-2.22274366618064,108.962574931254));
#5035=CARTESIAN_POINT('Ctrl Pts',(108.524671587732,-2.22424071812583,108.960637771372));
#5036=CARTESIAN_POINT('Ctrl Pts',(108.52415646021,-2.22760573180901,108.956278940276));
#5037=CARTESIAN_POINT('Ctrl Pts',(108.523622022758,-2.23108783793576,108.95175840862));
#5038=CARTESIAN_POINT('Ctrl Pts',(108.523011068703,-2.23506001255624,108.946592025611));
#5039=CARTESIAN_POINT('Ctrl Pts',(108.522399972089,-2.23902638013009,108.941425504797));
#5040=CARTESIAN_POINT('Ctrl Pts',(108.521253828888,-2.24644398300117,108.931738188728));
#5041=CARTESIAN_POINT('Ctrl Pts',(108.520183666285,-2.25333624085751,108.922696486567));
#5042=CARTESIAN_POINT('Ctrl Pts',(108.518960708674,-2.2611830113083,108.912363994981));
#5043=CARTESIAN_POINT('Ctrl Pts',(108.517126343511,-2.27291747082227,108.896865803341));
#5044=CARTESIAN_POINT('Ctrl Pts',(108.51422370415,-2.2913405622365,108.872331366236));
#5045=CARTESIAN_POINT('Ctrl Pts',(108.510567679768,-2.31432143407522,108.841355501778));
#5046=CARTESIAN_POINT('Ctrl Pts',(108.504502945644,-2.35213995336971,108.789759895877));
#5047=CARTESIAN_POINT('Ctrl Pts',(108.497320312517,-2.39637176554178,108.72792316278));
#5048=CARTESIAN_POINT('Ctrl Pts',(108.490367806395,-2.43916607070367,108.666271994712));
#5049=CARTESIAN_POINT('Ctrl Pts',(108.486700205936,-2.46187677356276,108.63296828426));
#5050=CARTESIAN_POINT('Ctrl Pts',(108.484471478196,-2.4757311908099,108.612502204583));
#5051=CARTESIAN_POINT('Ctrl Pts',(108.478956417176,-2.51012672497669,108.561394157614));
#5052=CARTESIAN_POINT('Ctrl Pts',(108.469821611873,-2.56829814141005,108.472500076733));
#5053=CARTESIAN_POINT('Ctrl Pts',(108.461572928469,-2.62461469826309,108.382638817739));
#5054=CARTESIAN_POINT('Ctrl Pts',(108.45492201603,-2.6728717917484,108.303783761411));
#5055=CARTESIAN_POINT('Ctrl Pts',(108.44880783377,-2.71974904910024,108.225725235391));
#5056=CARTESIAN_POINT('Ctrl Pts',(108.441639560012,-2.78127167919844,108.120219591162));
#5057=CARTESIAN_POINT('Ctrl Pts',(108.436251545845,-2.83462051729185,108.026104856226));
#5058=CARTESIAN_POINT('Ctrl Pts',(108.430608842415,-2.89671859405577,107.914607747302));
#5059=CARTESIAN_POINT('Ctrl Pts',(108.424352450124,-2.97648275391777,107.76824874228));
#5060=CARTESIAN_POINT('Ctrl Pts',(108.417688160431,-3.08093607291541,107.571018257991));
#5061=CARTESIAN_POINT('Ctrl Pts',(108.411565070823,-3.19083003209204,107.358357256256));
#5062=CARTESIAN_POINT('Ctrl Pts',(108.407249869524,-3.27138211442053,107.199185786581));
#5063=CARTESIAN_POINT('Ctrl Pts',(108.403363729731,-3.34232232718155,107.057273582981));
#5064=CARTESIAN_POINT('Ctrl Pts',(108.399410954204,-3.41277332243884,106.914932234956));
#5065=CARTESIAN_POINT('Ctrl Pts',(108.39363074613,-3.50872145335843,106.717603461111));
#5066=CARTESIAN_POINT('Ctrl Pts',(108.386696632236,-3.61239578664756,106.499635847775));
#5067=CARTESIAN_POINT('Ctrl Pts',(108.380333217024,-3.69782360936847,106.31555046155));
#5068=CARTESIAN_POINT('Ctrl Pts',(108.374925975375,-3.7653591102943,106.166985967251));
#5069=CARTESIAN_POINT('Ctrl Pts',(108.369342618447,-3.83226274232047,106.017656214852));
#5070=CARTESIAN_POINT('Ctrl Pts',(108.359164253511,-3.94753182950432,105.754487845095));
#5071=CARTESIAN_POINT('Ctrl Pts',(108.344127869531,-4.10573313409054,105.37495714941));
#5072=CARTESIAN_POINT('Ctrl Pts',(108.327182819649,-4.28332403110935,104.918329620269));
#5073=CARTESIAN_POINT('Ctrl Pts',(108.31248612116,-4.4488827447855,104.463569791813));
#5074=CARTESIAN_POINT('Ctrl Pts',(108.300537141647,-4.60378790249191,104.012523528441));
#5075=CARTESIAN_POINT('Ctrl Pts',(108.287908182075,-4.79882423971222,103.416125617472));
#5076=CARTESIAN_POINT('Ctrl Pts',(108.276027528468,-5.02680818112325,102.675914905595));
#5077=CARTESIAN_POINT('Ctrl Pts',(108.262791207624,-5.28411223228464,101.785394082308));
#5078=CARTESIAN_POINT('Ctrl Pts',(108.248802117979,-5.52622908793467,100.888586323187));
#5079=CARTESIAN_POINT('Ctrl Pts',(108.234485141479,-5.75183921551128,99.9867098568878));
#5080=CARTESIAN_POINT('Ctrl Pts',(108.221365067451,-5.96027608856019,99.0840344911221));
#5081=CARTESIAN_POINT('Ctrl Pts',(108.209996677915,-6.15305424795702,98.1826772164052));
#5082=CARTESIAN_POINT('Ctrl Pts',(108.200396999357,-6.33236136937761,97.2833370839352));
#5083=CARTESIAN_POINT('Ctrl Pts',(108.191946967254,-6.50038321740262,96.3849022407151));
#5084=CARTESIAN_POINT('Ctrl Pts',(108.18408433917,-6.65842582357043,95.486147937782));
#5085=CARTESIAN_POINT('Ctrl Pts',(108.176528272816,-6.8071259128478,94.5864388481165));
#5086=CARTESIAN_POINT('Ctrl Pts',(108.17040249132,-6.9234967100269,93.8357026526651));
#5087=CARTESIAN_POINT('Ctrl Pts',(108.165647895706,-7.01216167462591,93.2346733758174));
#5088=CARTESIAN_POINT('Ctrl Pts',(108.161016576755,-7.09792281775601,92.6334392141861));
#5089=CARTESIAN_POINT('Ctrl Pts',(108.155489884134,-7.1997931290349,91.8816347579009));
#5090=CARTESIAN_POINT('Ctrl Pts',(108.149332137163,-7.31398106986059,90.9793806958891));
#5091=CARTESIAN_POINT('Ctrl Pts',(108.143638534915,-7.42065000867282,90.0772023633533));
#5092=CARTESIAN_POINT('Ctrl Pts',(108.138348409597,-7.52032023398225,89.1751011598717));
#5093=CARTESIAN_POINT('Ctrl Pts',(108.134188347018,-7.59790234439903,88.4232884200123));
#5094=CARTESIAN_POINT('Ctrl Pts',(108.130969894512,-7.65683145073643,87.8217478990868));
#5095=CARTESIAN_POINT('Ctrl Pts',(108.127816623453,-7.71370468076226,87.2201410804303));
#5096=CARTESIAN_POINT('Ctrl Pts',(108.123983046815,-7.78100538291992,86.4679978867648));
#5097=CARTESIAN_POINT('Ctrl Pts',(108.119534037635,-7.85586080355804,85.5652345746904));
#5098=CARTESIAN_POINT('Ctrl Pts',(108.115240707197,-7.92495304158272,84.6623705877585));
#5099=CARTESIAN_POINT('Ctrl Pts',(108.11112524093,-7.98844285896842,83.7595458056669));
#5100=CARTESIAN_POINT('Ctrl Pts',(108.107853320062,-8.03684388478433,83.0073123220077));
#5101=CARTESIAN_POINT('Ctrl Pts',(108.105329511537,-8.07296337805756,82.4056286991538));
#5102=CARTESIAN_POINT('Ctrl Pts',(108.102866264393,-8.10738267889388,81.8040180941868));
#5103=CARTESIAN_POINT('Ctrl Pts',(108.100292458865,-8.1419623236723,81.1523968874286));
#5104=CARTESIAN_POINT('Ctrl Pts',(108.097619759264,-8.17608088887227,80.4507892500018));
#5105=CARTESIAN_POINT('Ctrl Pts',(108.095387474313,-8.20323108470882,79.8494904911214));
#5106=CARTESIAN_POINT('Ctrl Pts',(108.093204555081,-8.22832556583014,79.248254150089));
#5107=CARTESIAN_POINT('Ctrl Pts',(108.091420472379,-8.24754946457899,78.7472651559265));
#5108=CARTESIAN_POINT('Ctrl Pts',(108.090011475707,-8.26192779416663,78.3464945646406));
#5109=CARTESIAN_POINT('Ctrl Pts',(108.088614019413,-8.27564218369046,77.9457369799486));
#5110=CARTESIAN_POINT('Ctrl Pts',(108.086887658104,-8.2915463708105,77.4448130761283));
#5111=CARTESIAN_POINT('Ctrl Pts',(108.084846516042,-8.30866597814191,76.8437410847376));
#5112=CARTESIAN_POINT('Ctrl Pts',(108.082835162687,-8.32383532264181,76.2427096973269));
#5113=CARTESIAN_POINT('Ctrl Pts',(108.080854209813,-8.33706955626903,75.6417265193786));
#5114=CARTESIAN_POINT('Ctrl Pts',(108.079068064733,-8.34744225758936,75.0908802221515));
#5115=CARTESIAN_POINT('Ctrl Pts',(108.077789705668,-8.35387810279506,74.6903081901457));
#5116=CARTESIAN_POINT('Ctrl Pts',(108.076523705996,-8.35968642251422,74.2897639462878));
#5117=CARTESIAN_POINT('Ctrl Pts',(108.075117020369,-8.3653409869713,73.8391918729379));
#5118=CARTESIAN_POINT('Ctrl Pts',(108.07327992829,-8.37102770204537,73.2385223702114));
#5119=CARTESIAN_POINT('Ctrl Pts',(108.071481257181,-8.37488686682855,72.6379495579005));
#5120=CARTESIAN_POINT('Ctrl Pts',(108.069720048852,-8.3769434693854,72.0374734302334));
#5121=CARTESIAN_POINT('Ctrl Pts',(108.06828199833,-8.37717502407124,71.5371540854131));
#5122=CARTESIAN_POINT('Ctrl Pts',(108.067147991917,-8.37648177017324,71.1369416254221));
#5123=CARTESIAN_POINT('Ctrl Pts',(108.06602436599,-8.37520601669738,70.7367561697997));
#5124=CARTESIAN_POINT('Ctrl Pts',(108.064638161952,-8.37252488865719,70.236571632189));
#5125=CARTESIAN_POINT('Ctrl Pts',(108.062999779409,-8.36758418626489,69.6364124842577));
#5126=CARTESIAN_POINT('Ctrl Pts',(108.06138205724,-8.36093015275405,69.0363012840651));
#5127=CARTESIAN_POINT('Ctrl Pts',(108.059781862374,-8.35256896590937,68.4362278069249));
#5128=CARTESIAN_POINT('Ctrl Pts',(108.058461320298,-8.34418143729048,67.9361927227961));
#5129=CARTESIAN_POINT('Ctrl Pts',(108.057412145809,-8.33662037494377,67.5361788629534));
#5130=CARTESIAN_POINT('Ctrl Pts',(108.056367806002,-8.32849213843078,67.1361745898923));
#5131=CARTESIAN_POINT('Ctrl Pts',(108.055071463604,-8.31726878236997,66.6361875463171));
#5132=CARTESIAN_POINT('Ctrl Pts',(108.05353130299,-8.30210156447261,66.0362367010186));
#5133=CARTESIAN_POINT('Ctrl Pts',(108.052008345515,-8.28523854873193,65.4363271506607));
#5134=CARTESIAN_POINT('Ctrl Pts',(108.050505247104,-8.26668559476031,64.8364702639793));
#5135=CARTESIAN_POINT('Ctrl Pts',(108.049272080824,-8.24982466296009,64.3366456888748));
#5136=CARTESIAN_POINT('Ctrl Pts',(108.048298804375,-8.2355027302793,63.9368268933687));
#5137=CARTESIAN_POINT('Ctrl Pts',(108.047334621399,-8.22062814143865,63.5370367352562));
#5138=CARTESIAN_POINT('Ctrl Pts',(108.046146796066,-8.201003880939,63.0373548711918));
#5139=CARTESIAN_POINT('Ctrl Pts',(108.044749097523,-8.17582257087189,62.4378281713959));
#5140=CARTESIAN_POINT('Ctrl Pts',(108.043377363439,-8.1490254020632,61.8383893933889));
#5141=CARTESIAN_POINT('Ctrl Pts',(108.04202849173,-8.12062602211219,61.2390297560395));
#5142=CARTESIAN_POINT('Ctrl Pts',(108.040808803064,-8.09313259658698,60.6896761843685));
#5143=CARTESIAN_POINT('Ctrl Pts',(108.039929101676,-8.07220937324155,60.2901732388642));
#5144=CARTESIAN_POINT('Ctrl Pts',(108.039051846108,-8.05075451384682,59.8906797765949));
#5145=CARTESIAN_POINT('Ctrl Pts',(108.038067494666,-8.02586930795018,59.4412599763046));
#5146=CARTESIAN_POINT('Ctrl Pts',(108.036752285763,-7.99107705297622,58.8420274992756));
#5147=CARTESIAN_POINT('Ctrl Pts',(108.035426012688,-7.95464574542965,58.242760772295));
#5148=CARTESIAN_POINT('Ctrl Pts',(108.034082622401,-7.91653953850688,57.6434415746362));
#5149=CARTESIAN_POINT('Ctrl Pts',(108.03271821603,-7.87671562338021,57.0440616050256));
#5150=CARTESIAN_POINT('Ctrl Pts',(108.031561895924,-7.84205852737984,56.544527667021));
#5151=CARTESIAN_POINT('Ctrl Pts',(108.030625213327,-7.8134261010228,56.1448752646318));
#5152=CARTESIAN_POINT('Ctrl Pts',(108.029681031153,-7.78418114646986,55.7452090507642));
#5153=CARTESIAN_POINT('Ctrl Pts',(108.028487299389,-7.7464613721309,55.2456066223717));
#5154=CARTESIAN_POINT('Ctrl Pts',(108.027036573127,-7.69929079064077,54.6460796840594));
#5155=CARTESIAN_POINT('Ctrl Pts',(108.025572720393,-7.65017328380144,54.0465819139547));
#5156=CARTESIAN_POINT('Ctrl Pts',(108.024347598991,-7.60759300764239,53.5470572403445));
#5157=CARTESIAN_POINT('Ctrl Pts',(108.023368130633,-7.57252820951479,53.1474921454646));
#5158=CARTESIAN_POINT('Ctrl Pts',(108.022390162998,-7.53679405868877,52.7479694106368));
#5159=CARTESIAN_POINT('Ctrl Pts',(108.02092868332,-7.48168211554012,52.1487924094552));
#5160=CARTESIAN_POINT('Ctrl Pts',(108.019000297523,-7.40482990426119,51.350174017971));
#5161=CARTESIAN_POINT('Ctrl Pts',(108.016868134418,-7.31381939173438,50.452176027519));
#5162=CARTESIAN_POINT('Ctrl Pts',(108.014776431353,-7.21826623259505,49.5546605877936));
#5163=CARTESIAN_POINT('Ctrl Pts',(108.012722140656,-7.11817684856567,48.6576379740016));
#5164=CARTESIAN_POINT('Ctrl Pts',(108.011202350185,-7.03970070200117,47.985231100406));
#5165=CARTESIAN_POINT('Ctrl Pts',(108.009858030636,-6.96803389720819,47.3877284534974));
#5166=CARTESIAN_POINT('Ctrl Pts',(108.008518535755,-6.89483417237969,46.7903802412421));
#5167=CARTESIAN_POINT('Ctrl Pts',(108.006684943154,-6.79046072228527,45.9694020794493));
#5168=CARTESIAN_POINT('Ctrl Pts',(108.004694881983,-6.67189138113607,45.0742885237604));
#5169=CARTESIAN_POINT('Ctrl Pts',(108.002720270898,-6.5485566889439,44.1797289903372));
#5170=CARTESIAN_POINT('Ctrl Pts',(108.001096427169,-6.44177636407438,43.4347919846669));
#5171=CARTESIAN_POINT('Ctrl Pts',(107.999817993696,-6.35395068113865,42.8392125722406));
#5172=CARTESIAN_POINT('Ctrl Pts',(107.998556581632,-6.26453154252608,42.2439011634301));
#5173=CARTESIAN_POINT('Ctrl Pts',(107.997017928214,-6.14978677556333,41.5003045707236));
#5174=CARTESIAN_POINT('Ctrl Pts',(107.995255083733,-6.0074474038109,40.6089989435308));
#5175=CARTESIAN_POINT('Ctrl Pts',(107.993600926443,-5.86064758793452,39.7188572801999));
#5176=CARTESIAN_POINT('Ctrl Pts',(107.992082405153,-5.70965107301807,38.8300400324577));
#5177=CARTESIAN_POINT('Ctrl Pts',(107.990953473664,-5.58062323901138,38.0905980161612));
#5178=CARTESIAN_POINT('Ctrl Pts',(107.99014681077,-5.47571163399094,37.4998691045114));
#5179=CARTESIAN_POINT('Ctrl Pts',(107.989409103732,-5.36976675866747,36.9097145879859));
#5180=CARTESIAN_POINT('Ctrl Pts',(107.988623820777,-5.23557605460119,36.1731371178766));
#5181=CARTESIAN_POINT('Ctrl Pts',(107.987912145099,-5.07235686249725,35.2910672527934));
#5182=CARTESIAN_POINT('Ctrl Pts',(107.987429204336,-4.90760210054129,34.4107637609294));
#5183=CARTESIAN_POINT('Ctrl Pts',(107.987162346363,-4.74195853924455,33.5320947938265));
#5184=CARTESIAN_POINT('Ctrl Pts',(107.987100988555,-4.60368721451931,32.8010632833429));
#5185=CARTESIAN_POINT('Ctrl Pts',(107.987132871399,-4.4931969970111,32.2168224312776));
#5186=CARTESIAN_POINT('Ctrl Pts',(107.987212538373,-4.38286573812274,31.6329206362028));
#5187=CARTESIAN_POINT('Ctrl Pts',(107.987390675285,-4.24538434508908,30.9035886815811));
#5188=CARTESIAN_POINT('Ctrl Pts',(107.987699591766,-4.08145895366324,30.029011758118));
#5189=CARTESIAN_POINT('Ctrl Pts',(107.98807843235,-3.91887002204209,29.154848644889));
#5190=CARTESIAN_POINT('Ctrl Pts',(107.988506237098,-3.75784553759143,28.2809273913977));
#5191=CARTESIAN_POINT('Ctrl Pts',(107.988889545809,-3.62510817201195,27.5527471064012));
#5192=CARTESIAN_POINT('Ctrl Pts',(107.989205636993,-3.5198556261331,26.9702016310248));
#5193=CARTESIAN_POINT('Ctrl Pts',(107.989526310787,-3.41524523356878,26.3876415654296));
#5194=CARTESIAN_POINT('Ctrl Pts',(107.989932653976,-3.28571753138919,25.6593893075393));
#5195=CARTESIAN_POINT('Ctrl Pts',(107.990421617018,-3.13233883518604,24.7853435403239));
#5196=CARTESIAN_POINT('Ctrl Pts',(107.990907263937,-2.98107514271838,23.9111174386928));
#5197=CARTESIAN_POINT('Ctrl Pts',(107.991387304444,-2.83198037277744,23.0366929966133));
#5198=CARTESIAN_POINT('Ctrl Pts',(107.991782782816,-2.70958898294909,22.3078424719998));
#5199=CARTESIAN_POINT('Ctrl Pts',(107.992097673664,-2.61282391936433,21.7246757760194));
#5200=CARTESIAN_POINT('Ctrl Pts',(107.992412154165,-2.5168395275675,21.1414570304875));
#5201=CARTESIAN_POINT('Ctrl Pts',(107.992805309402,-2.39835229252685,20.4123433534386));
#5202=CARTESIAN_POINT('Ctrl Pts',(107.993278381997,-2.25866402667526,19.5372690589422));
#5203=CARTESIAN_POINT('Ctrl Pts',(107.993752173935,-2.12158815018209,18.6620423175657));
#5204=CARTESIAN_POINT('Ctrl Pts',(107.994224569819,-1.98724066037912,17.7866295733918));
#5205=CARTESIAN_POINT('Ctrl Pts',(107.994613814862,-1.87764690142062,17.0569166584404));
#5206=CARTESIAN_POINT('Ctrl Pts',(107.994919932132,-1.79143246583793,16.4729869551553));
#5207=CARTESIAN_POINT('Ctrl Pts',(107.995221767045,-1.70620267777501,15.8889397114288));
#5208=CARTESIAN_POINT('Ctrl Pts',(107.995589683833,-1.60153171206432,15.1586404059625));
#5209=CARTESIAN_POINT('Ctrl Pts',(107.996012858468,-1.47896240215789,14.2818484850247));
#5210=CARTESIAN_POINT('Ctrl Pts',(107.996415795093,-1.35946899285166,13.4046012407189));
#5211=CARTESIAN_POINT('Ctrl Pts',(107.996798032873,-1.24309198832581,12.5269071821122));
#5212=CARTESIAN_POINT('Ctrl Pts',(107.99710022938,-1.14875354089577,11.7951643196454));
#5213=CARTESIAN_POINT('Ctrl Pts',(107.997332891298,-1.07490649314038,11.2096081553009));
#5214=CARTESIAN_POINT('Ctrl Pts',(107.997545706827,-1.00664046190649,10.6600398324891));
#5215=CARTESIAN_POINT('Ctrl Pts',(107.997696438705,-0.95761963247199,10.2568101571837));
#5216=CARTESIAN_POINT('Ctrl Pts',(107.997790267754,-0.926844590734817,10.0000000065101));
#5217=CARTESIAN_POINT('',(5.55111512312578E-16,-0.984463430511323,159.719098200425));
#5218=CARTESIAN_POINT('Ctrl Pts',(5.59889845361261E-7,-0.984461029999477,
159.71909940944));
#5219=CARTESIAN_POINT('Ctrl Pts',(2.561909247488,-0.992483022207236,158.548618382984));
#5220=CARTESIAN_POINT('Ctrl Pts',(7.71611655579884,-0.999895574408157,156.199120386963));
#5221=CARTESIAN_POINT('Ctrl Pts',(18.027985584847,-1.12462759442467,151.43135182245));
#5222=CARTESIAN_POINT('Ctrl Pts',(30.9529796541281,-1.24532436115815,145.454690759854));
#5223=CARTESIAN_POINT('Ctrl Pts',(62.022744495334,-1.31961298254753,131.222133060197));
#5224=CARTESIAN_POINT('Ctrl Pts',(87.913558802774,-1.366724166307,119.360380883527));
#5225=CARTESIAN_POINT('Ctrl Pts',(108.620460007035,-1.40606171906678,109.858140806344));
#5226=CARTESIAN_POINT('',(0.,-0.838441633178189,9.99999999999999));
#5227=CARTESIAN_POINT('Ctrl Pts',(0.,-0.984463430511317,159.719098200425));
#5228=CARTESIAN_POINT('Ctrl Pts',(0.,-0.997004122301117,159.712466036617));
#5229=CARTESIAN_POINT('Ctrl Pts',(0.,-1.04752313983836,159.685423094078));
#5230=CARTESIAN_POINT('Ctrl Pts',(0.,-1.13972741871713,159.633512280212));
#5231=CARTESIAN_POINT('Ctrl Pts',(0.,-1.2893564078831,159.539882647549));
#5232=CARTESIAN_POINT('Ctrl Pts',(0.,-1.54369150018023,159.344342383374));
#5233=CARTESIAN_POINT('Ctrl Pts',(0.,-1.93030908643439,158.997289702302));
#5234=CARTESIAN_POINT('Ctrl Pts',(0.,-2.3701986429784,158.554900329993));
#5235=CARTESIAN_POINT('Ctrl Pts',(0.,-2.81170207159275,158.060079388462));
#5236=CARTESIAN_POINT('Ctrl Pts',(0.,-3.21330992870381,157.549709224311));
#5237=CARTESIAN_POINT('Ctrl Pts',(0.,-3.56762370837312,157.033817993692));
#5238=CARTESIAN_POINT('Ctrl Pts',(0.,-3.88596157800136,156.507370745756));
#5239=CARTESIAN_POINT('Ctrl Pts',(0.,-4.18885950150233,155.957666302809));
#5240=CARTESIAN_POINT('Ctrl Pts',(0.,-4.49352620862173,155.373994229397));
#5241=CARTESIAN_POINT('Ctrl Pts',(0.,-4.80464139926847,154.754768297105));
#5242=CARTESIAN_POINT('Ctrl Pts',(0.,-5.11918187173316,154.10393231276));
#5243=CARTESIAN_POINT('Ctrl Pts',(0.,-5.4299202210288,153.428388255715));
#5244=CARTESIAN_POINT('Ctrl Pts',(0.,-5.72914496662707,152.735245765564));
#5245=CARTESIAN_POINT('Ctrl Pts',(0.,-6.01299347452988,152.028622673069));
#5246=CARTESIAN_POINT('Ctrl Pts',(0.,-6.28157487361332,151.309568859648));
#5247=CARTESIAN_POINT('Ctrl Pts',(0.,-6.537255041145,150.577355762268));
#5248=CARTESIAN_POINT('Ctrl Pts',(0.,-6.7835071880033,149.830345717302));
#5249=CARTESIAN_POINT('Ctrl Pts',(0.,-7.02359531410767,149.066984946356));
#5250=CARTESIAN_POINT('Ctrl Pts',(0.,-7.25915036389772,148.286877808173));
#5251=CARTESIAN_POINT('Ctrl Pts',(0.,-7.49037366864173,147.490639655357));
#5252=CARTESIAN_POINT('Ctrl Pts',(0.,-7.71657789280402,146.679496549008));
#5253=CARTESIAN_POINT('Ctrl Pts',(0.,-7.93662557843264,145.854961809626));
#5254=CARTESIAN_POINT('Ctrl Pts',(0.,-8.1493740830537,145.018507657097));
#5255=CARTESIAN_POINT('Ctrl Pts',(0.,-8.35420916669727,144.171170657881));
#5256=CARTESIAN_POINT('Ctrl Pts',(0.,-8.55113196592904,143.313490900337));
#5257=CARTESIAN_POINT('Ctrl Pts',(0.,-8.74052294862415,142.445692571147));
#5258=CARTESIAN_POINT('Ctrl Pts',(0.,-8.92300175562933,141.567792870378));
#5259=CARTESIAN_POINT('Ctrl Pts',(0.,-9.09924754104237,140.679740445598));
#5260=CARTESIAN_POINT('Ctrl Pts',(0.,-9.26983612971672,139.781541259802));
#5261=CARTESIAN_POINT('Ctrl Pts',(0.,-9.43507028600837,138.873389599024));
#5262=CARTESIAN_POINT('Ctrl Pts',(0.,-9.59504581434577,137.955619230159));
#5263=CARTESIAN_POINT('Ctrl Pts',(0.,-9.74971552522097,137.028656157474));
#5264=CARTESIAN_POINT('Ctrl Pts',(0.,-9.89895465416024,136.092970297955));
#5265=CARTESIAN_POINT('Ctrl Pts',(0.,-10.042624320822,135.149028603678));
#5266=CARTESIAN_POINT('Ctrl Pts',(0.,-10.1806389993759,134.197245229027));
#5267=CARTESIAN_POINT('Ctrl Pts',(0.,-10.3130230345394,133.237939761844));
#5268=CARTESIAN_POINT('Ctrl Pts',(0.,-10.4398778965596,132.271361163892));
#5269=CARTESIAN_POINT('Ctrl Pts',(0.,-10.5613575784965,131.297705714455));
#5270=CARTESIAN_POINT('Ctrl Pts',(0.,-10.6776409505742,130.317137199633));
#5271=CARTESIAN_POINT('Ctrl Pts',(0.,-10.7889052506334,129.329806250449));
#5272=CARTESIAN_POINT('Ctrl Pts',(0.,-10.8952994632113,128.335869796468));
#5273=CARTESIAN_POINT('Ctrl Pts',(0.,-10.9969167110805,127.335511154192));
#5274=CARTESIAN_POINT('Ctrl Pts',(0.,-11.0938062905294,126.328934021733));
#5275=CARTESIAN_POINT('Ctrl Pts',(0.,-11.1859872397731,125.316355484541));
#5276=CARTESIAN_POINT('Ctrl Pts',(0.,-11.2734611113565,124.297999490882));
#5277=CARTESIAN_POINT('Ctrl Pts',(0.,-11.3562255989169,123.274089893205));
#5278=CARTESIAN_POINT('Ctrl Pts',(0.,-11.4342865868024,122.244844226342));
#5279=CARTESIAN_POINT('Ctrl Pts',(0.,-11.5076739027803,121.210465793177));
#5280=CARTESIAN_POINT('Ctrl Pts',(0.,-11.5764421120598,120.171142556637));
#5281=CARTESIAN_POINT('Ctrl Pts',(0.,-11.6406605521291,119.127050923149));
#5282=CARTESIAN_POINT('Ctrl Pts',(0.,-11.7004065210963,118.078358092149));
#5283=CARTESIAN_POINT('Ctrl Pts',(0.,-11.755757171514,117.025224994687));
#5284=CARTESIAN_POINT('Ctrl Pts',(0.,-11.8067819495231,115.967808982009));
#5285=CARTESIAN_POINT('Ctrl Pts',(0.,-11.853534822127,114.906266614845));
#5286=CARTESIAN_POINT('Ctrl Pts',(0.,-11.8960465302448,113.8407564279));
#5287=CARTESIAN_POINT('Ctrl Pts',(0.,-11.9343301464856,112.771438054892));
#5288=CARTESIAN_POINT('Ctrl Pts',(0.,-11.9683867667491,111.698471319082));
#5289=CARTESIAN_POINT('Ctrl Pts',(0.,-11.9982110894277,110.622015342728));
#5290=CARTESIAN_POINT('Ctrl Pts',(0.,-12.0237971798055,109.542227635928));
#5291=CARTESIAN_POINT('Ctrl Pts',(0.,-12.0451438343231,108.459263223554));
#5292=CARTESIAN_POINT('Ctrl Pts',(0.,-12.062260887693,107.373273685323));
#5293=CARTESIAN_POINT('Ctrl Pts',(0.,-12.0751727037261,106.284406453888));
#5294=CARTESIAN_POINT('Ctrl Pts',(0.,-12.0839126333454,105.192804949798));
#5295=CARTESIAN_POINT('Ctrl Pts',(0.,-12.088518957124,104.09860856953));
#5296=CARTESIAN_POINT('Ctrl Pts',(0.,-12.0890303274052,103.0019527428));
#5297=CARTESIAN_POINT('Ctrl Pts',(0.,-12.0854812334761,101.902968933509));
#5298=CARTESIAN_POINT('Ctrl Pts',(0.,-12.0778979004991,100.80178472675));
#5299=CARTESIAN_POINT('Ctrl Pts',(0.,-12.0662929215042,99.6985237277009));
#5300=CARTESIAN_POINT('Ctrl Pts',(0.,-12.050664155633,98.5933060610644));
#5301=CARTESIAN_POINT('Ctrl Pts',(0.,-12.031001000974,97.4862498968905));
#5302=CARTESIAN_POINT('Ctrl Pts',(0.,-12.0072890605115,96.3774727550425));
#5303=CARTESIAN_POINT('Ctrl Pts',(0.,-11.9795153222651,95.2670928762327));
#5304=CARTESIAN_POINT('Ctrl Pts',(0.,-11.947673421028,94.1552306158628));
#5305=CARTESIAN_POINT('Ctrl Pts',(0.,-11.9117681627695,93.0420097087553));
#5306=CARTESIAN_POINT('Ctrl Pts',(0.,-11.8718220829696,91.9275588813734));
#5307=CARTESIAN_POINT('Ctrl Pts',(0.,-11.8278750317178,90.8120122761978));
#5308=CARTESIAN_POINT('Ctrl Pts',(0.,-11.7799733450139,89.6955080884299));
#5309=CARTESIAN_POINT('Ctrl Pts',(0.,-11.7281614175765,88.5781876342977));
#5310=CARTESIAN_POINT('Ctrl Pts',(0.,-11.6724724897974,87.4601942356363));
#5311=CARTESIAN_POINT('Ctrl Pts',(0.,-11.6129193485668,86.3416722053256));
#5312=CARTESIAN_POINT('Ctrl Pts',(0.,-11.5494860473224,85.2227657378367));
#5313=CARTESIAN_POINT('Ctrl Pts',(0.,-11.4821167920187,84.1036179661671));
#5314=CARTESIAN_POINT('Ctrl Pts',(0.,-11.4107143366596,82.984369513952));
#5315=CARTESIAN_POINT('Ctrl Pts',(0.,-11.3351544865619,81.8651562247947));
#5316=CARTESIAN_POINT('Ctrl Pts',(0.,-11.255297001116,80.7461070551005));
#5317=CARTESIAN_POINT('Ctrl Pts',(0.,-11.170997783646,79.6273419504466));
#5318=CARTESIAN_POINT('Ctrl Pts',(0.,-11.0821208876161,78.5089696147607));
#5319=CARTESIAN_POINT('Ctrl Pts',(0.,-10.988549747355,77.3910855899565));
#5320=CARTESIAN_POINT('Ctrl Pts',(0.,-10.8902008140074,76.2737695595383));
#5321=CARTESIAN_POINT('Ctrl Pts',(0.,-10.7870292922649,75.1570851118598));
#5322=CARTESIAN_POINT('Ctrl Pts',(0.,-10.6790178517173,74.0410847548046));
#5323=CARTESIAN_POINT('Ctrl Pts',(0.,-10.5661688085183,72.9258138794022));
#5324=CARTESIAN_POINT('Ctrl Pts',(0.,-10.4484950335273,71.8113150699225));
#5325=CARTESIAN_POINT('Ctrl Pts',(0.,-10.3260111529917,70.6976324316135));
#5326=CARTESIAN_POINT('Ctrl Pts',(0.,-10.1987252109358,69.5848155247177));
#5327=CARTESIAN_POINT('Ctrl Pts',(0.,-10.0666287164288,68.4729243992872));
#5328=CARTESIAN_POINT('Ctrl Pts',(0.,-9.9296919200096,67.3620311776761));
#5329=CARTESIAN_POINT('Ctrl Pts',(0.,-9.78787342457875,66.2522122638466));
#5330=CARTESIAN_POINT('Ctrl Pts',(0.,-9.64112714102019,65.1435422499941));
#5331=CARTESIAN_POINT('Ctrl Pts',(0.,-9.48941029676709,64.0360872275364));
#5332=CARTESIAN_POINT('Ctrl Pts',(0.,-9.33269099084233,62.9298981773641));
#5333=CARTESIAN_POINT('Ctrl Pts',(0.,-9.17095595438493,61.8250047314025));
#5334=CARTESIAN_POINT('Ctrl Pts',(0.,-9.0042182002573,60.721407796338));
#5335=CARTESIAN_POINT('Ctrl Pts',(0.,-8.83252479058003,59.6190757280343));
#5336=CARTESIAN_POINT('Ctrl Pts',(0.,-8.65596475844767,58.5179519840932));
#5337=CARTESIAN_POINT('Ctrl Pts',(0.,-8.4746770925293,57.4179608252672));
#5338=CARTESIAN_POINT('Ctrl Pts',(0.,-8.28885852667801,56.3190137931685));
#5339=CARTESIAN_POINT('Ctrl Pts',(0.,-8.09877181031424,55.2210158348088));
#5340=CARTESIAN_POINT('Ctrl Pts',(0.,-7.90475285829068,54.1238716278757));
#5341=CARTESIAN_POINT('Ctrl Pts',(0.,-7.70722059146158,53.0274917011143));
#5342=CARTESIAN_POINT('Ctrl Pts',(0.,-7.50667876476651,51.9317990082389));
#5343=CARTESIAN_POINT('Ctrl Pts',(0.,-7.30369060856889,50.8367368758837));
#5344=CARTESIAN_POINT('Ctrl Pts',(0.,-7.09885785364414,49.7422767906518));
#5345=CARTESIAN_POINT('Ctrl Pts',(0.,-6.89279818836283,48.6484261253998));
#5346=CARTESIAN_POINT('Ctrl Pts',(0.,-6.68612303918599,47.5552361792167));
#5347=CARTESIAN_POINT('Ctrl Pts',(0.,-6.47941601826647,46.4628094198865));
#5348=CARTESIAN_POINT('Ctrl Pts',(0.,-6.27320914547907,45.3713086701092));
#5349=CARTESIAN_POINT('Ctrl Pts',(0.,-6.06796605981855,44.2809604891562));
#5350=CARTESIAN_POINT('Ctrl Pts',(0.,-5.86408919924017,43.1920389310696));
#5351=CARTESIAN_POINT('Ctrl Pts',(0.,-5.66192302536398,42.1048524425554));
#5352=CARTESIAN_POINT('Ctrl Pts',(0.,-5.4617588270634,41.0197297000047));
#5353=CARTESIAN_POINT('Ctrl Pts',(0.,-5.26383878402764,39.9370055108608));
#5354=CARTESIAN_POINT('Ctrl Pts',(0.,-5.06836049370871,38.8570075940692));
#5355=CARTESIAN_POINT('Ctrl Pts',(0.,-4.87548093933821,37.7800407955783));
#5356=CARTESIAN_POINT('Ctrl Pts',(0.,-4.68532183971075,36.706379436));
#5357=CARTESIAN_POINT('Ctrl Pts',(0.,-4.4979783757165,35.6362809109361));
#5358=CARTESIAN_POINT('Ctrl Pts',(0.,-4.3135273611421,34.5699954084121));
#5359=CARTESIAN_POINT('Ctrl Pts',(0.,-4.13203547321626,33.507776905687));
#5360=CARTESIAN_POINT('Ctrl Pts',(0.,-3.95356782058054,32.449894213007));
#5361=CARTESIAN_POINT('Ctrl Pts',(0.,-3.77819551756443,31.3966406143885));
#5362=CARTESIAN_POINT('Ctrl Pts',(0.,-3.60600577584099,30.3483475208059));
#5363=CARTESIAN_POINT('Ctrl Pts',(0.,-3.4371029137878,29.3053833597598));
#5364=CARTESIAN_POINT('Ctrl Pts',(0.,-3.27159923192229,28.2681359710344));
#5365=CARTESIAN_POINT('Ctrl Pts',(0.,-3.10960851477336,27.2369992224757));
#5366=CARTESIAN_POINT('Ctrl Pts',(0.,-2.95123853974109,26.2123581571506));
#5367=CARTESIAN_POINT('Ctrl Pts',(0.,-2.79658383411662,25.1945741931865));
#5368=CARTESIAN_POINT('Ctrl Pts',(0.,-2.64571874093505,24.1839716564287));
#5369=CARTESIAN_POINT('Ctrl Pts',(0.,-2.49868923648808,23.1808200987549));
#5370=CARTESIAN_POINT('Ctrl Pts',(0.,-2.35551951893631,22.1853654027876));
#5371=CARTESIAN_POINT('Ctrl Pts',(0.,-2.21622051350892,21.1978675131289));
#5372=CARTESIAN_POINT('Ctrl Pts',(0.,-2.08079748740009,20.2186345120209));
#5373=CARTESIAN_POINT('Ctrl Pts',(0.,-1.94925850451952,19.2480611548762));
#5374=CARTESIAN_POINT('Ctrl Pts',(0.,-1.82162143514039,18.286658692559));
#5375=CARTESIAN_POINT('Ctrl Pts',(0.,-1.69792430940461,17.3351055331482));
#5376=CARTESIAN_POINT('Ctrl Pts',(0.,-1.57822172026475,16.3942100750266));
#5377=CARTESIAN_POINT('Ctrl Pts',(0.,-1.46257190401466,15.4648135546585));
#5378=CARTESIAN_POINT('Ctrl Pts',(0.,-1.35102688379051,14.5477144988173));
#5379=CARTESIAN_POINT('Ctrl Pts',(0.,-1.24362073893287,13.6435761866113));
#5380=CARTESIAN_POINT('Ctrl Pts',(0.,-1.1403600943532,12.7528601553201));
#5381=CARTESIAN_POINT('Ctrl Pts',(0.,-1.04121003606322,11.8757007136396));
#5382=CARTESIAN_POINT('Ctrl Pts',(0.,-0.961381330839156,11.1508114537972));
#5383=CARTESIAN_POINT('Ctrl Pts',(0.,-0.902596612413746,10.6056038116795));
#5384=CARTESIAN_POINT('Ctrl Pts',(0.,-0.863140685140501,10.2343111600744));
#5385=CARTESIAN_POINT('Ctrl Pts',(0.,-0.841922531954065,10.0330591067992));
#5386=CARTESIAN_POINT('Ctrl Pts',(0.,-0.838441633178189,9.99999999999999));
#5387=CARTESIAN_POINT('',(54.082731594294,-0.876076265238932,10.));
#5388=CARTESIAN_POINT('Ctrl Pts',(4.44089209850063E-15,-0.838441633178427,
10.));
#5389=CARTESIAN_POINT('Ctrl Pts',(17.8924381499002,-0.84934430461041,10.));
#5390=CARTESIAN_POINT('Ctrl Pts',(36.1366891644901,-0.861752223130549,10.));
#5391=CARTESIAN_POINT('Ctrl Pts',(54.082731594294,-0.876076265238778,10.));
#5392=CARTESIAN_POINT('',(54.082731594294,-7.17744252193197,48.6310676459274));
#5393=CARTESIAN_POINT('Ctrl Pts',(54.082731594294,-0.876076265238932,10.));
#5394=CARTESIAN_POINT('Ctrl Pts',(54.082731594294,-2.15448155348653,21.4771847783053));
#5395=CARTESIAN_POINT('Ctrl Pts',(54.082731594294,-4.05652354265947,31.7625079834553));
#5396=CARTESIAN_POINT('Ctrl Pts',(54.082731594294,-5.97260788966112,41.9132230306899));
#5397=CARTESIAN_POINT('Ctrl Pts',(54.082731594294,-6.59376952888513,45.1311662622806));
#5398=CARTESIAN_POINT('Ctrl Pts',(54.082731594294,-7.17744252193197,48.6310676459274));
#5399=CARTESIAN_POINT('',(43.3868552029557,-7.13742163318948,48.6310676402372));
#5400=CARTESIAN_POINT('Ctrl Pts',(43.3868552029525,-7.13742163517086,48.6310676459274));
#5401=CARTESIAN_POINT('Ctrl Pts',(47.0556414143613,-7.15322828721221,48.6310676459274));
#5402=CARTESIAN_POINT('Ctrl Pts',(50.6541328826369,-7.16670871336201,48.6310676459274));
#5403=CARTESIAN_POINT('Ctrl Pts',(54.082731594294,-7.17744252193197,48.6310676459274));
#5404=CARTESIAN_POINT('',(43.3868552029556,-8.08772216716234,54.5310676459273));
#5405=CARTESIAN_POINT('Ctrl Pts',(43.3868552029556,-8.08772216716232,54.5310676459272));
#5406=CARTESIAN_POINT('Ctrl Pts',(43.3868552029557,-7.78201983439494,52.4535145771811));
#5407=CARTESIAN_POINT('Ctrl Pts',(43.3868552029557,-7.46276280639256,50.4996843140442));
#5408=CARTESIAN_POINT('Ctrl Pts',(43.3868552029557,-7.13742163415122,48.6310676400709));
#5409=CARTESIAN_POINT('',(19.1868552029557,-8.05204356704884,54.5310676459272));
#5410=CARTESIAN_POINT('Ctrl Pts',(43.3868552029556,-8.08772216716234,54.5310676459274));
#5411=CARTESIAN_POINT('Ctrl Pts',(35.3269750213204,-8.08938671955734,54.5310676459273));
#5412=CARTESIAN_POINT('Ctrl Pts',(27.2821795138866,-8.07627240895706,54.5310676459273));
#5413=CARTESIAN_POINT('Ctrl Pts',(19.1868552029557,-8.05204356704884,54.5310676459272));
#5414=CARTESIAN_POINT('',(19.1868552029556,-9.47907317437408,64.4310676459272));
#5415=CARTESIAN_POINT('Ctrl Pts',(19.1868552029574,-9.4812267116,64.4300267620171));
#5416=CARTESIAN_POINT('Ctrl Pts',(19.1868552029574,-9.073375535259,61.1161370853579));
#5417=CARTESIAN_POINT('Ctrl Pts',(19.1868552029573,-8.59326014522042,57.8184215375032));
#5418=CARTESIAN_POINT('Ctrl Pts',(19.1868552029573,-8.0513514521679,54.5329171254937));
#5419=CARTESIAN_POINT('',(13.4868552029556,-9.50383526864479,64.4310676459272));
#5420=CARTESIAN_POINT('Ctrl Pts',(19.1868552029556,-9.48122671159619,64.4300267619861));
#5421=CARTESIAN_POINT('Ctrl Pts',(17.453619184253,-9.48934403576016,64.4303146076076));
#5422=CARTESIAN_POINT('Ctrl Pts',(15.7200945312378,-9.49670534616799,64.4306199485166));
#5423=CARTESIAN_POINT('Ctrl Pts',(13.9868552029556,-9.50334948654773,64.4309281787144));
#5424=CARTESIAN_POINT('Ctrl Pts',(13.820189235434,-9.50398837816914,64.4309578177165));
#5425=CARTESIAN_POINT('Ctrl Pts',(13.6535224649249,-9.50462065075313,64.4309874854258));
#5426=CARTESIAN_POINT('Ctrl Pts',(13.4868552029556,-9.50524633816608,64.4310171698123));
#5427=CARTESIAN_POINT('',(13.4868552029555,-10.7149060950728,76.231067645927));
#5428=CARTESIAN_POINT('Ctrl Pts',(13.4868552029556,-9.50524633816607,64.4310171698123));
#5429=CARTESIAN_POINT('Ctrl Pts',(13.4868552029556,-9.67013658954354,65.7199436362347));
#5430=CARTESIAN_POINT('Ctrl Pts',(13.4868552029556,-9.82442566194008,67.011216774903));
#5431=CARTESIAN_POINT('Ctrl Pts',(13.4868552029556,-9.96751536225846,68.3050629353997));
#5432=CARTESIAN_POINT('Ctrl Pts',(13.4868552029556,-10.2560807733713,70.914330048195));
#5433=CARTESIAN_POINT('Ctrl Pts',(13.4868552029556,-10.4990985872496,73.5340615835578));
#5434=CARTESIAN_POINT('Ctrl Pts',(13.4868552029556,-10.706604027578,76.1566402005961));
#5435=CARTESIAN_POINT('Ctrl Pts',(13.4868552029556,-10.7085621596533,76.1813882520303));
#5436=CARTESIAN_POINT('Ctrl Pts',(13.4868552029556,-10.7105171294169,76.206136556992));
#5437=CARTESIAN_POINT('Ctrl Pts',(13.4868552029556,-10.7124689371529,76.2308851090574));
#5438=CARTESIAN_POINT('',(19.1868552030727,-10.6323675519097,76.2310676459272));
#5439=CARTESIAN_POINT('Ctrl Pts',(13.4868552029555,-10.7149060950699,76.2310676459272));
#5440=CARTESIAN_POINT('Ctrl Pts',(15.3909114829779,-10.6884028055109,76.2310676459272));
#5441=CARTESIAN_POINT('Ctrl Pts',(17.2910009110629,-10.6608886149639,76.2310676459272));
#5442=CARTESIAN_POINT('Ctrl Pts',(19.1868552031899,-10.6323675519097,76.2310676459272));
#5443=CARTESIAN_POINT('',(19.1868552029555,-11.168432825642,85.5310676459272));
#5444=CARTESIAN_POINT('Ctrl Pts',(19.1868552029701,-10.6304582821271,76.2313293110651));
#5445=CARTESIAN_POINT('Ctrl Pts',(19.1868552029701,-10.8611023512164,79.3332691678483));
#5446=CARTESIAN_POINT('Ctrl Pts',(19.1868552029701,-11.0413302090405,82.4373516257822));
#5447=CARTESIAN_POINT('Ctrl Pts',(19.1868552029701,-11.1717183148282,85.5305010792058));
#5448=CARTESIAN_POINT('Ctrl Pts',(19.1868552028257,-11.168432825645,85.5310676459272));
#5449=CARTESIAN_POINT('Ctrl Pts',(27.0539031821975,-10.9898413599025,85.5310676459273));
#5450=CARTESIAN_POINT('Ctrl Pts',(35.0001252600098,-10.7889047254318,85.5310676459273));
#5451=CARTESIAN_POINT('Ctrl Pts',(42.8868552029544,-10.56275378472,85.5310676459273));
#5452=CARTESIAN_POINT('Ctrl Pts',(54.0868552029555,-10.1896086678507,91.9316352869282));
#5453=CARTESIAN_POINT('Ctrl Pts',(54.0868552029555,-10.2152581259082,90.5351344913787));
#5454=CARTESIAN_POINT('Ctrl Pts',(54.0868552029555,-10.228680187272,89.1295679789405));
#5455=CARTESIAN_POINT('Ctrl Pts',(54.0868552029555,-10.23026433043,87.7170942561972));
#5456=CARTESIAN_POINT('Ctrl Pts',(54.0868552029555,-10.2312659964837,86.8239761230558));
#5457=CARTESIAN_POINT('Ctrl Pts',(54.0868552029555,-10.2275347073254,85.9280963964952));
#5458=CARTESIAN_POINT('Ctrl Pts',(54.0868552029555,-10.2190527470912,85.029868959808));
#5459=CARTESIAN_POINT('',(94.7955330636574,-5.49668041621667,38.0118021270982));
#5460=CARTESIAN_POINT('',(92.8584742912575,-3.75670656133603,28.7452427091569));
#5461=CARTESIAN_POINT('Ctrl Pts',(94.7955330636574,-5.49668041621667,38.0118021270982));
#5462=CARTESIAN_POINT('Ctrl Pts',(94.8739185810191,-5.48825345128816,37.9635149687817));
#5463=CARTESIAN_POINT('Ctrl Pts',(94.9424825392054,-5.47551218241652,37.8921312943417));
#5464=CARTESIAN_POINT('Ctrl Pts',(95.1806357563618,-5.42100063968102,37.5889613551021));
#5465=CARTESIAN_POINT('Ctrl Pts',(95.3258293015464,-5.35715138556215,37.2397199709182));
#5466=CARTESIAN_POINT('Ctrl Pts',(95.8738447427756,-5.06644612277757,35.6624457230453));
#5467=CARTESIAN_POINT('Ctrl Pts',(96.2220975621701,-4.62696970109742,33.3659602457219));
#5468=CARTESIAN_POINT('Ctrl Pts',(96.4515599124527,-3.44613633409607,26.9743253951387));
#5469=CARTESIAN_POINT('Ctrl Pts',(96.2011414861238,-2.82308820861793,23.3355627385368));
#5470=CARTESIAN_POINT('Ctrl Pts',(95.6469329749775,-2.34048589382447,20.3210075601879));
#5471=CARTESIAN_POINT('Ctrl Pts',(95.4838316320885,-2.22365720765477,19.5763128763416));
#5472=CARTESIAN_POINT('Ctrl Pts',(95.2008833562687,-2.10840313518253,18.827902736873));
#5473=CARTESIAN_POINT('Ctrl Pts',(95.11234271913,-2.07734281693262,18.6249931957784));
#5474=CARTESIAN_POINT('Ctrl Pts',(94.962829945551,-2.04235107088476,18.3958806605811));
#5475=CARTESIAN_POINT('Ctrl Pts',(94.9095642758847,-2.03172430693411,18.3262411681122));
#5476=CARTESIAN_POINT('Ctrl Pts',(94.8153991978845,-2.01864905687244,18.2409050647473));
#5477=CARTESIAN_POINT('Ctrl Pts',(94.7775779504105,-2.01440394336406,18.2132920716502));
#5478=CARTESIAN_POINT('Ctrl Pts',(94.7051924373799,-2.00910323834052,18.1792537647877));
#5479=CARTESIAN_POINT('Ctrl Pts',(94.6724753188009,-2.00754276944888,18.1694349659507));
#5480=CARTESIAN_POINT('Ctrl Pts',(94.6024743271651,-2.00635061059891,18.1627656112596));
#5481=CARTESIAN_POINT('Ctrl Pts',(94.567405337428,-2.00685190433089,18.1667634245055));
#5482=CARTESIAN_POINT('Ctrl Pts',(94.4825989995319,-2.01050724128615,18.1927483036982));
#5483=CARTESIAN_POINT('Ctrl Pts',(94.4367622289038,-2.01467689851468,18.2214423247128));
#5484=CARTESIAN_POINT('Ctrl Pts',(94.3005019888528,-2.03131126073066,18.3349026380398));
#5485=CARTESIAN_POINT('Ctrl Pts',(94.2176267095491,-2.04947911760477,18.4573299759922));
#5486=CARTESIAN_POINT('Ctrl Pts',(93.750714980214,-2.17618369857881,19.3049540787559));
#5487=CARTESIAN_POINT('Ctrl Pts',(93.4882010579143,-2.40380642258493,20.7687473453536));
#5488=CARTESIAN_POINT('Ctrl Pts',(93.3573673394555,-2.53266180207906,21.5748148831389));
#5489=CARTESIAN_POINT('Ctrl Pts',(93.3353611211468,-2.55560356361079,21.7177188967057));
#5490=CARTESIAN_POINT('Ctrl Pts',(93.0265090996603,-2.89484107553026,23.8220700005217));
#5491=CARTESIAN_POINT('Ctrl Pts',(92.8584742912575,-3.31348890077027,26.2879840815468));
#5492=CARTESIAN_POINT('Ctrl Pts',(92.8584742912575,-3.75670656133603,28.7452427091569));
#5493=CARTESIAN_POINT('Ctrl Pts',(92.8584742912575,-3.756706561336,28.745242709157));
#5494=CARTESIAN_POINT('Ctrl Pts',(92.8584742912575,-4.02878415236204,30.2536776552614));
#5495=CARTESIAN_POINT('Ctrl Pts',(92.9218921233783,-4.30935282453354,31.758990209672));
#5496=CARTESIAN_POINT('Ctrl Pts',(93.2007964753551,-4.83979114464546,34.5658281817905));
#5497=CARTESIAN_POINT('Ctrl Pts',(93.4072648646549,-5.06185605353936,35.7272020721436));
#5498=CARTESIAN_POINT('Ctrl Pts',(93.7425093021078,-5.28149709923091,36.8864454833535));
#5499=CARTESIAN_POINT('Ctrl Pts',(93.8694121620732,-5.35184819046803,37.2589541511538));
#5500=CARTESIAN_POINT('Ctrl Pts',(94.0889845367204,-5.4290813534591,37.6681188398284));
#5501=CARTESIAN_POINT('Ctrl Pts',(94.1645812715336,-5.45183449767945,37.7886625918604));
#5502=CARTESIAN_POINT('Ctrl Pts',(94.2966103778042,-5.47929276606187,37.9332183957511));
#5503=CARTESIAN_POINT('Ctrl Pts',(94.3476132683581,-5.48809155217659,37.9793382480213));
#5504=CARTESIAN_POINT('Ctrl Pts',(94.4421948251242,-5.49920972571983,38.0367222298495));
#5505=CARTESIAN_POINT('Ctrl Pts',(94.4831149740358,-5.50275394614897,38.0546933473393));
#5506=CARTESIAN_POINT('Ctrl Pts',(94.5681509788076,-5.5067359969864,38.0736577214753));
#5507=CARTESIAN_POINT('Ctrl Pts',(94.6099161761849,-5.50720838111314,38.0749108883351));
#5508=CARTESIAN_POINT('Ctrl Pts',(94.7033244716626,-5.5048929663505,38.0593700890611));
#5509=CARTESIAN_POINT('Ctrl Pts',(94.7513605444265,-5.50142925609032,38.0390133454601));
#5510=CARTESIAN_POINT('Ctrl Pts',(94.7955330636574,-5.49668041621667,38.0118021270982));
#5511=CARTESIAN_POINT('Origin',(54.182731594294,0.,70.1747122798712));
#5512=CARTESIAN_POINT('',(54.0868552029556,5.04428418897757,70.1747122798712));
#5513=CARTESIAN_POINT('',(54.0868552029556,-2.30337390053098,70.1747122798712));
#5514=CARTESIAN_POINT('',(54.082731594294,5.04428418897757,70.1747122798712));
#5515=CARTESIAN_POINT('',(54.1347933986248,5.04428418897757,70.1747122798712));
#5516=CARTESIAN_POINT('',(54.082731594294,9.5484989990458,70.1747122798712));
#5517=CARTESIAN_POINT('',(54.082731594294,0.,70.1747122798712));
#5518=CARTESIAN_POINT('',(54.182731594294,9.5484989990458,70.1747122798712));
#5519=CARTESIAN_POINT('',(54.182731594294,9.5484989990458,70.1747122798712));
#5520=CARTESIAN_POINT('',(79.182731594294,9.05554965092595,70.1747122798712));
#5521=CARTESIAN_POINT('Ctrl Pts',(79.182731594294,9.05554965092595,70.1747122798711));
#5522=CARTESIAN_POINT('Ctrl Pts',(70.9206595834514,9.24351783440692,70.1747122798711));
#5523=CARTESIAN_POINT('Ctrl Pts',(62.4450854460211,9.40898381656499,70.1747122798712));
#5524=CARTESIAN_POINT('Ctrl Pts',(54.182731594294,9.5484989990458,70.1747122798712));
#5525=CARTESIAN_POINT('',(79.182731594294,0.,70.1747122798712));
#5526=CARTESIAN_POINT('Origin',(54.0868552029557,5.04428418897756,55.0310676459274));
#5527=CARTESIAN_POINT('',(54.0868552029556,5.04428418897757,85.5310676459274));
#5528=CARTESIAN_POINT('',(54.0868552029556,5.04428418897757,85.5310676459274));
#5529=CARTESIAN_POINT('',(54.0868552029556,5.04428418897757,85.0310676459274));
#5530=CARTESIAN_POINT('Ctrl Pts',(54.182731594294,9.5484989990458,70.1747122798712));
#5531=CARTESIAN_POINT('Ctrl Pts',(54.082731594294,9.5484989990458,70.1747122798712));
#5532=CARTESIAN_POINT('Ctrl Pts',(54.182731594294,8.63588308015887,56.0049629392718));
#5533=CARTESIAN_POINT('Ctrl Pts',(54.082731594294,8.63588308015887,56.0049629392718));
#5534=CARTESIAN_POINT('Ctrl Pts',(54.182731594294,6.88451340274873,47.1271118177843));
#5535=CARTESIAN_POINT('Ctrl Pts',(54.082731594294,6.88451340274873,47.1271118177843));
#5536=CARTESIAN_POINT('Ctrl Pts',(54.182731594294,4.01959012495251,31.8016588363142));
#5537=CARTESIAN_POINT('Ctrl Pts',(54.082731594294,4.01959012495251,31.8016588363142));
#5538=CARTESIAN_POINT('Ctrl Pts',(54.182731594294,2.11688799962052,21.3721450830824));
#5539=CARTESIAN_POINT('Ctrl Pts',(54.082731594294,2.11688799962052,21.3721450830824));
#5540=CARTESIAN_POINT('Ctrl Pts',(54.182731594294,0.862586333765942,9.99999999999996));
#5541=CARTESIAN_POINT('Ctrl Pts',(54.082731594294,0.862586333765942,9.99999999999996));
#5542=CARTESIAN_POINT('',(54.182731594294,7.69446681537663,52.4014710643058));
#5543=CARTESIAN_POINT('',(54.082731594294,7.69575831346596,52.4102678491098));
#5544=CARTESIAN_POINT('Ctrl Pts',(54.182731594294,7.69446681537663,52.4014710643058));
#5545=CARTESIAN_POINT('Ctrl Pts',(54.1760565195519,7.6945530443322,52.4020583074034));
#5546=CARTESIAN_POINT('Ctrl Pts',(54.1694066878847,7.69463894311825,52.4026433195761));
#5547=CARTESIAN_POINT('Ctrl Pts',(54.1360543482885,7.69506974937135,52.4055774063648));
#5548=CARTESIAN_POINT('Ctrl Pts',(54.1093960397882,7.6954140245085,52.4079224394542));
#5549=CARTESIAN_POINT('Ctrl Pts',(54.082731594294,7.69575831346596,52.4102678491098));
#5550=CARTESIAN_POINT('Ctrl Pts',(54.182731594294,9.5484989990458,70.1747122798712));
#5551=CARTESIAN_POINT('Ctrl Pts',(54.182731594294,9.09733054727197,63.1696362783276));
#5552=CARTESIAN_POINT('Ctrl Pts',(54.182731594294,8.44117059857451,57.4579006958044));
#5553=CARTESIAN_POINT('Ctrl Pts',(54.182731594294,7.69274687964015,52.4017256521493));
#5554=CARTESIAN_POINT('Ctrl Pts',(54.082731594294,9.5484989990458,70.1747122798712));
#5555=CARTESIAN_POINT('Ctrl Pts',(54.082731594294,9.09759212967914,63.173697742811));
#5556=CARTESIAN_POINT('Ctrl Pts',(54.082731594294,8.44193139802061,57.4645243310013));
#5557=CARTESIAN_POINT('Ctrl Pts',(54.082731594294,7.69404856960286,52.4105208540953));
#5558=CARTESIAN_POINT('Origin',(54.082731594294,0.,9.27340158724737));
#5559=CARTESIAN_POINT('',(54.082731594294,0.862505643499757,10.));
#5560=CARTESIAN_POINT('Ctrl Pts',(54.0827315942941,7.69553590593376,52.4111364413284));
#5561=CARTESIAN_POINT('Ctrl Pts',(54.0827315942942,7.39599742472315,50.3794156146518));
#5562=CARTESIAN_POINT('Ctrl Pts',(54.0827315942943,7.06759821105184,48.3544610330475));
#5563=CARTESIAN_POINT('Ctrl Pts',(54.0827315942943,6.7146177074594,46.3353414488472));
#5564=CARTESIAN_POINT('Ctrl Pts',(54.0827315942943,6.41847184098479,44.6413274376109));
#5565=CARTESIAN_POINT('Ctrl Pts',(54.0827315942942,6.10502324642542,42.9514206711034));
#5566=CARTESIAN_POINT('Ctrl Pts',(54.0827315942942,5.78910940478021,41.2631524757054));
#5567=CARTESIAN_POINT('Ctrl Pts',(54.0827315942942,5.473195563135,39.5748842803073));
#5568=CARTESIAN_POINT('Ctrl Pts',(54.0827315942941,5.15481647440394,37.8882546560187));
#5569=CARTESIAN_POINT('Ctrl Pts',(54.0827315942941,4.84507753966634,36.2098717209095));
#5570=CARTESIAN_POINT('Ctrl Pts',(54.0827315942941,4.22559967019113,32.8531058506911));
#5571=CARTESIAN_POINT('Ctrl Pts',(54.0827315942942,3.6406824166897,29.5293267371901));
#5572=CARTESIAN_POINT('Ctrl Pts',(54.0827315942942,3.1120952730197,26.2905357525918));
#5573=CARTESIAN_POINT('Ctrl Pts',(54.0827315942942,2.58350812934969,23.0517447679936));
#5574=CARTESIAN_POINT('Ctrl Pts',(54.0827315942941,2.11125109551109,19.8979419122982));
#5575=CARTESIAN_POINT('Ctrl Pts',(54.0827315942941,1.70719155059312,16.8975803962033));
#5576=CARTESIAN_POINT('Ctrl Pts',(54.0827315942941,1.38186116705896,14.4818256515147));
#5577=CARTESIAN_POINT('Ctrl Pts',(54.0827315942942,1.10074143285781,12.1655429162159));
#5578=CARTESIAN_POINT('Ctrl Pts',(54.0827315942941,0.862493796139452,10.0014280998761));
#5579=CARTESIAN_POINT('',(54.082731594294,5.04428418897756,54.5310676459274));
#5580=CARTESIAN_POINT('',(54.082731594294,5.04428418897756,47.1522346165874));
#5581=CARTESIAN_POINT('',(54.082731594294,1.04428418897756,54.5310676459274));
#5582=CARTESIAN_POINT('',(54.082731594294,2.52214209448885,54.5310676459274));
#5583=CARTESIAN_POINT('',(54.082731594294,1.04428418897756,48.6310676459274));
#5584=CARTESIAN_POINT('',(54.082731594294,1.04428418897755,30.5522346165874));
#5585=CARTESIAN_POINT('',(54.082731594294,0.522142094488801,48.6310676459274));
#5586=CARTESIAN_POINT('',(54.082731594294,-0.0815616102154604,10.));
#5587=CARTESIAN_POINT('Ctrl Pts',(0.,0.824291117910362,9.99999999999991));
#5588=CARTESIAN_POINT('Ctrl Pts',(36.2060869684145,0.739102522141797,8.96754767216468));
#5589=CARTESIAN_POINT('Ctrl Pts',(72.412173936829,0.653913926373232,7.93509534432946));
#5590=CARTESIAN_POINT('Ctrl Pts',(108.618260905243,0.568725330604667,6.90264301649423));
#5591=CARTESIAN_POINT('Ctrl Pts',(0.,1.14358411278036,13.0625441446494));
#5592=CARTESIAN_POINT('Ctrl Pts',(36.2060869684145,1.02554225742539,11.7162413419512));
#5593=CARTESIAN_POINT('Ctrl Pts',(72.4121739368294,0.907521528267305,10.367503814682));
#5594=CARTESIAN_POINT('Ctrl Pts',(108.618260905244,0.789479672912331,9.02120101198378));
#5595=CARTESIAN_POINT('Ctrl Pts',(0.,1.93707763482182,19.7874784232524));
#5596=CARTESIAN_POINT('Ctrl Pts',(36.2060869684145,1.73753372366833,17.7499406545901));
#5597=CARTESIAN_POINT('Ctrl Pts',(72.412173936829,1.53795868466914,15.712858613735));
#5598=CARTESIAN_POINT('Ctrl Pts',(108.618260905244,1.33841477351565,13.6753208450727));
#5599=CARTESIAN_POINT('Ctrl Pts',(0.,3.61015746363551,30.9603163380794));
#5600=CARTESIAN_POINT('Ctrl Pts',(36.2060869684144,3.23896136628675,27.7775447400433));
#5601=CARTESIAN_POINT('Ctrl Pts',(72.4121739368296,2.86792775267244,24.5937399187814));
#5602=CARTESIAN_POINT('Ctrl Pts',(108.618260905244,2.49673165532368,21.4109683207453));
#5603=CARTESIAN_POINT('Ctrl Pts',(0.,5.33671221489743,40.7721773640206));
#5604=CARTESIAN_POINT('Ctrl Pts',(36.2060869684146,4.7887308177055,36.5833164384595));
#5605=CARTESIAN_POINT('Ctrl Pts',(72.412173936829,4.24053129036297,32.394286919217));
#5606=CARTESIAN_POINT('Ctrl Pts',(108.618260905244,3.69254989317104,28.2054259936559));
#5607=CARTESIAN_POINT('Ctrl Pts',(0.,6.84039360438454,48.7385296523902));
#5608=CARTESIAN_POINT('Ctrl Pts',(36.2060869684145,6.13824808899115,43.7330175232842));
#5609=CARTESIAN_POINT('Ctrl Pts',(72.4121739368293,5.43612020799968,38.7274101483076));
#5610=CARTESIAN_POINT('Ctrl Pts',(108.618260905244,4.73397469260629,33.7218980192016));
#5611=CARTESIAN_POINT('Ctrl Pts',(0.,8.32116239928835,56.7203866958965));
#5612=CARTESIAN_POINT('Ctrl Pts',(36.2060869684145,7.46715528909421,50.8967090936064));
#5613=CARTESIAN_POINT('Ctrl Pts',(72.4121739368296,6.61290090838413,45.0727394025027));
#5614=CARTESIAN_POINT('Ctrl Pts',(108.618260905244,5.75889379818999,39.2490618002127));
#5615=CARTESIAN_POINT('Ctrl Pts',(0.,9.86620460904738,66.7702833513775));
#5616=CARTESIAN_POINT('Ctrl Pts',(36.2060869684145,8.85318185523307,59.9163048923385));
#5617=CARTESIAN_POINT('Ctrl Pts',(72.4121739368287,7.84029215453567,53.0625467472515));
#5618=CARTESIAN_POINT('Ctrl Pts',(108.618260905243,6.82726940072137,46.2085682882125));
#5619=CARTESIAN_POINT('Ctrl Pts',(0.,11.4939393717665,83.0467931311358));
#5620=CARTESIAN_POINT('Ctrl Pts',(36.2060869684145,10.3134390450231,74.5245599079955));
#5621=CARTESIAN_POINT('Ctrl Pts',(72.4121739368297,9.13171306252355,66.0023414358121));
#5622=CARTESIAN_POINT('Ctrl Pts',(108.618260905244,7.95121273578018,57.4801082126717));
#5623=CARTESIAN_POINT('Ctrl Pts',(0.,12.0468652013646,98.0540972961617));
#5624=CARTESIAN_POINT('Ctrl Pts',(36.2060869684144,10.8082006351808,87.9931329796763));
#5625=CARTESIAN_POINT('Ctrl Pts',(72.4121739368286,9.56994879897742,77.9325553667183));
#5626=CARTESIAN_POINT('Ctrl Pts',(108.618260905243,8.33128423279363,67.8715910502329));
#5627=CARTESIAN_POINT('Ctrl Pts',(0.,11.818321474491,113.932077542429));
#5628=CARTESIAN_POINT('Ctrl Pts',(36.2060869684145,10.6014101726672,102.242156746851));
#5629=CARTESIAN_POINT('Ctrl Pts',(72.4121739368287,9.38500809237191,90.5527523340879));
#5630=CARTESIAN_POINT('Ctrl Pts',(108.618260905243,8.16809679054806,78.8628315385104));
#5631=CARTESIAN_POINT('Ctrl Pts',(0.,10.906996816463,129.224401016188));
#5632=CARTESIAN_POINT('Ctrl Pts',(36.2060869684145,9.78214672772227,115.964329346666));
#5633=CARTESIAN_POINT('Ctrl Pts',(72.4121739368281,8.6575262195253,102.70464098942));
#5634=CARTESIAN_POINT('Ctrl Pts',(108.618260905243,7.53267613078459,89.4445693198973));
#5635=CARTESIAN_POINT('Ctrl Pts',(0.,8.84344476269389,142.496349158468));
#5636=CARTESIAN_POINT('Ctrl Pts',(36.2060869684145,7.9268947996228,127.872750271408));
#5637=CARTESIAN_POINT('Ctrl Pts',(72.4121739368293,7.01042225876042,113.246729181408));
#5638=CARTESIAN_POINT('Ctrl Pts',(108.618260905244,6.09387229568934,98.6231302943482));
#5639=CARTESIAN_POINT('Ctrl Pts',(0.,6.4427840137409,150.319717516975));
#5640=CARTESIAN_POINT('Ctrl Pts',(36.2060869684145,5.77110667295489,134.885484212448));
#5641=CARTESIAN_POINT('Ctrl Pts',(72.4121739368289,5.09917102901088,119.452205787018));
#5642=CARTESIAN_POINT('Ctrl Pts',(108.618260905243,4.42749368822486,104.017972482491));
#5643=CARTESIAN_POINT('Ctrl Pts',(0.,5.46005672612104,152.907353562178));
#5644=CARTESIAN_POINT('Ctrl Pts',(36.2060869684145,4.88713403691643,137.206421826891));
#5645=CARTESIAN_POINT('Ctrl Pts',(72.4121739368291,4.31513407793086,121.503817784771));
#5646=CARTESIAN_POINT('Ctrl Pts',(108.618260905244,3.74221138872625,105.802886049483));
#5647=CARTESIAN_POINT('Ctrl Pts',(0.,4.59445665538527,154.769879062489));
#5648=CARTESIAN_POINT('Ctrl Pts',(36.2060869684145,4.1093803628937,138.874869756465));
#5649=CARTESIAN_POINT('Ctrl Pts',(72.4121739368291,3.62412912625264,122.980369742185));
#5650=CARTESIAN_POINT('Ctrl Pts',(108.618260905244,3.13905283376106,107.085360436161));
#5651=CARTESIAN_POINT('Ctrl Pts',(0.,3.75704580586747,156.375103442796));
#5652=CARTESIAN_POINT('Ctrl Pts',(36.2060869684145,3.35951188700744,140.310749905061));
#5653=CARTESIAN_POINT('Ctrl Pts',(72.412173936829,2.9627457829581,124.245339091589));
#5654=CARTESIAN_POINT('Ctrl Pts',(108.618260905244,2.56521186409807,108.180985553853));
#5655=CARTESIAN_POINT('Ctrl Pts',(0.,2.86430199825503,157.767694153621));
#5656=CARTESIAN_POINT('Ctrl Pts',(36.2060869684144,2.55510815521089,141.559504992511));
#5657=CARTESIAN_POINT('Ctrl Pts',(72.4121739368291,2.24575102250251,125.351668586339));
#5658=CARTESIAN_POINT('Ctrl Pts',(108.618260905244,1.93655717945837,109.143479425228));
#5659=CARTESIAN_POINT('Ctrl Pts',(0.,1.8215587041269,158.926376244327));
#5660=CARTESIAN_POINT('Ctrl Pts',(36.2060869684146,1.61615745221483,142.596456510243));
#5661=CARTESIAN_POINT('Ctrl Pts',(72.412173936829,1.41162646300661,126.265577137183));
#5662=CARTESIAN_POINT('Ctrl Pts',(108.618260905244,1.20622521109454,109.935657403099));
#5663=CARTESIAN_POINT('Ctrl Pts',(0.,1.14232192704515,159.487800385606));
#5664=CARTESIAN_POINT('Ctrl Pts',(36.2060869684144,1.01399255155905,143.090525252714));
#5665=CARTESIAN_POINT('Ctrl Pts',(72.412173936829,0.884780298869746,126.694047685594));
#5666=CARTESIAN_POINT('Ctrl Pts',(108.618260905243,0.756450923383654,110.296772552702));
#5667=CARTESIAN_POINT('Ctrl Pts',(0.,0.919836251833869,159.621346210959));
#5668=CARTESIAN_POINT('Ctrl Pts',(36.2060869684145,0.817663264909149,143.207746753787));
#5669=CARTESIAN_POINT('Ctrl Pts',(72.4121739368289,0.715891999378754,126.793592017816));
#5670=CARTESIAN_POINT('Ctrl Pts',(108.618260905243,0.613719012454034,110.379992560644));
#5671=CARTESIAN_POINT('Ctrl Pts',(0.,0.831801779644792,159.673472655974));
#5672=CARTESIAN_POINT('Ctrl Pts',(36.2060869684145,0.739976929198503,143.253483239384));
#5673=CARTESIAN_POINT('Ctrl Pts',(72.412173936829,0.648152078752214,126.833493822794));
#5674=CARTESIAN_POINT('Ctrl Pts',(108.618260905243,0.556327228305925,110.413504406204));
#5675=CARTESIAN_POINT('',(0.,0.824291117910371,10.));
#5676=CARTESIAN_POINT('Ctrl Pts',(54.082731594294,0.862505643499629,10.));
#5677=CARTESIAN_POINT('Ctrl Pts',(36.1172393076994,0.848013070397096,10.));
#5678=CARTESIAN_POINT('Ctrl Pts',(17.9399374617856,0.83541608955172,10.));
#5679=CARTESIAN_POINT('Ctrl Pts',(-8.88178419700125E-15,0.824291117910594,
10.));
#5680=CARTESIAN_POINT('',(-6.51549533532888E-15,0.831801779644798,159.673472655974));
#5681=CARTESIAN_POINT('Ctrl Pts',(0.,0.824291117911002,10.0000000000061));
#5682=CARTESIAN_POINT('Ctrl Pts',(0.,0.827762704715833,10.0332982182964));
#5683=CARTESIAN_POINT('Ctrl Pts',(0.,0.848800120442366,10.2348082436862));
#5684=CARTESIAN_POINT('Ctrl Pts',(0.,0.887908666676701,10.6063811858622));
#5685=CARTESIAN_POINT('Ctrl Pts',(0.,0.946179585841789,11.1518956537647));
#5686=CARTESIAN_POINT('Ctrl Pts',(0.,1.02529396665216,11.8771249914958));
#5687=CARTESIAN_POINT('Ctrl Pts',(0.,1.12343631434476,12.7544127824307));
#5688=CARTESIAN_POINT('Ctrl Pts',(0.,1.22550621824093,13.6452723452031));
#5689=CARTESIAN_POINT('Ctrl Pts',(0.,1.33151697052032,14.5495706506931));
#5690=CARTESIAN_POINT('Ctrl Pts',(0.,1.44148545914656,15.4668448504708));
#5691=CARTESIAN_POINT('Ctrl Pts',(0.,1.55542919072116,16.3964287362628));
#5692=CARTESIAN_POINT('Ctrl Pts',(0.,1.67336407864678,17.3375199109044));
#5693=CARTESIAN_POINT('Ctrl Pts',(0.,1.79530188106561,18.2892731461732));
#5694=CARTESIAN_POINT('Ctrl Pts',(0.,1.92124789062226,19.2508766300619));
#5695=CARTESIAN_POINT('Ctrl Pts',(0.,2.05119826576851,20.2216500147881));
#5696=CARTESIAN_POINT('Ctrl Pts',(0.,2.18513840012464,21.2010818823999));
#5697=CARTESIAN_POINT('Ctrl Pts',(0.,2.32304281531315,22.1887784911316));
#5698=CARTESIAN_POINT('Ctrl Pts',(0.,2.46487470644058,23.184433573909));
#5699=CARTESIAN_POINT('Ctrl Pts',(0.,2.61058559982405,24.1877893338313));
#5700=CARTESIAN_POINT('Ctrl Pts',(0.,2.76011502441188,25.1986019472292));
#5701=CARTESIAN_POINT('Ctrl Pts',(0.,2.91339002820033,26.2166033685261));
#5702=CARTESIAN_POINT('Ctrl Pts',(0.,3.07032519029394,27.24146984423));
#5703=CARTESIAN_POINT('Ctrl Pts',(0.,3.23082671851048,28.2728398325107));
#5704=CARTESIAN_POINT('Ctrl Pts',(0.,3.39479623007565,29.3103276542727));
#5705=CARTESIAN_POINT('Ctrl Pts',(0.,3.56213453752284,30.3535384947228));
#5706=CARTESIAN_POINT('Ctrl Pts',(0.,3.73274569554548,31.402083456822));
#5707=CARTESIAN_POINT('Ctrl Pts',(0.,3.90654032149729,32.4555931307322));
#5708=CARTESIAN_POINT('Ctrl Pts',(0.,4.08344075270792,33.5137354289043));
#5709=CARTESIAN_POINT('Ctrl Pts',(0.,4.26337917256311,34.5762167479291));
#5710=CARTESIAN_POINT('Ctrl Pts',(0.,4.4462894422182,35.6427682057659));
#5711=CARTESIAN_POINT('Ctrl Pts',(0.,4.63210067972231,36.713135936026));
#5712=CARTESIAN_POINT('Ctrl Pts',(0.,4.82073014188738,37.7870699617386));
#5713=CARTESIAN_POINT('Ctrl Pts',(0.,5.01207636017833,38.8643131218679));
#5714=CARTESIAN_POINT('Ctrl Pts',(0.,5.20601226971073,39.9445912787358));
#5715=CARTESIAN_POINT('Ctrl Pts',(0.,5.40237807391733,41.0275996315636));
#5716=CARTESIAN_POINT('Ctrl Pts',(0.,5.60097581554948,42.1130103485488));
#5717=CARTESIAN_POINT('Ctrl Pts',(0.,5.80156468306393,43.2004883567917));
#5718=CARTESIAN_POINT('Ctrl Pts',(0.,6.00385596585778,44.2897045585471));
#5719=CARTESIAN_POINT('Ctrl Pts',(0.,6.20750839354907,45.380349930888));
#5720=CARTESIAN_POINT('Ctrl Pts',(0.,6.41212275256272,46.4721496862383));
#5721=CARTESIAN_POINT('Ctrl Pts',(0.,6.61723811351743,47.5648763773013));
#5722=CARTESIAN_POINT('Ctrl Pts',(0.,6.82232398776024,48.6583661296234));
#5723=CARTESIAN_POINT('Ctrl Pts',(0.,7.02679719723345,49.7525153219558));
#5724=CARTESIAN_POINT('Ctrl Pts',(0.,7.23004595435104,50.8472714826311));
#5725=CARTESIAN_POINT('Ctrl Pts',(0.,7.43145164356315,51.9426261236843));
#5726=CARTESIAN_POINT('Ctrl Pts',(0.,7.63041129735849,53.0386067780364));
#5727=CARTESIAN_POINT('Ctrl Pts',(0.,7.82636039093941,54.1352693546123));
#5728=CARTESIAN_POINT('Ctrl Pts',(0.,8.01879405436839,55.2326904203537));
#5729=CARTESIAN_POINT('Ctrl Pts',(0.,8.20729271800326,56.3309593539076));
#5730=CARTESIAN_POINT('Ctrl Pts',(0.,8.39152025396702,57.4301716739063));
#5731=CARTESIAN_POINT('Ctrl Pts',(0.,8.57121401174317,58.530422763098));
#5732=CARTESIAN_POINT('Ctrl Pts',(0.,8.74617757520331,59.631801405131));
#5733=CARTESIAN_POINT('Ctrl Pts',(0.,8.91627238771123,60.7343835187381));
#5734=CARTESIAN_POINT('Ctrl Pts',(0.,9.08140985957076,61.8382255309137));
#5735=CARTESIAN_POINT('Ctrl Pts',(0.,9.24154328763779,62.9433585514958));
#5736=CARTESIAN_POINT('Ctrl Pts',(0.,9.39665981450512,64.0497805295932));
#5737=CARTESIAN_POINT('Ctrl Pts',(0.,9.54677268512924,65.157460286212));
#5738=CARTESIAN_POINT('Ctrl Pts',(0.,9.69191366607088,66.2663452192942));
#5739=CARTESIAN_POINT('Ctrl Pts',(0.,9.83212533945702,67.3763678347335));
#5740=CARTESIAN_POINT('Ctrl Pts',(0.,9.96745360719042,68.4874526540589));
#5741=CARTESIAN_POINT('Ctrl Pts',(0.,10.0979397424559,69.5995232217173));
#5742=CARTESIAN_POINT('Ctrl Pts',(0.,10.2236134870934,70.7125084549647));
#5743=CARTESIAN_POINT('Ctrl Pts',(0.,10.3444835140112,71.8263508538174));
#5744=CARTESIAN_POINT('Ctrl Pts',(0.,10.4605421121729,72.9410044535881));
#5745=CARTESIAN_POINT('Ctrl Pts',(0.,10.5717750597447,74.0564290051587));
#5746=CARTESIAN_POINT('Ctrl Pts',(0.,10.6781698945616,75.1725853496645));
#5747=CARTESIAN_POINT('Ctrl Pts',(0.,10.7797246432794,76.2894303849774));
#5748=CARTESIAN_POINT('Ctrl Pts',(0.,10.8764568393536,77.4069119991817));
#5749=CARTESIAN_POINT('Ctrl Pts',(0.,10.9684112808174,78.5249645053517));
#5750=CARTESIAN_POINT('Ctrl Pts',(0.,11.0556712228114,79.6435026201161));
#5751=CARTESIAN_POINT('Ctrl Pts',(0.,11.1383527181618,80.7624226640853));
#5752=CARTESIAN_POINT('Ctrl Pts',(0.,11.2165911386275,81.8816071256024));
#5753=CARTESIAN_POINT('Ctrl Pts',(0.,11.2905300782825,83.0009281891257));
#5754=CARTESIAN_POINT('Ctrl Pts',(0.,11.3603094860711,84.1202516216819));
#5755=CARTESIAN_POINT('Ctrl Pts',(0.,11.4260536241387,85.239440670828));
#5756=CARTESIAN_POINT('Ctrl Pts',(0.,11.487860282501,86.3583595699197));
#5757=CARTESIAN_POINT('Ctrl Pts',(0.,11.5457864737696,87.4768781885417));
#5758=CARTESIAN_POINT('Ctrl Pts',(0.,11.5998498800432,88.5948715287788));
#5759=CARTESIAN_POINT('Ctrl Pts',(0.,11.6500396019939,89.7122161942934));
#5760=CARTESIAN_POINT('Ctrl Pts',(0.,11.6963241318382,90.8287877298034));
#5761=CARTESIAN_POINT('Ctrl Pts',(0.,11.7386603331685,91.944457718306));
#5762=CARTESIAN_POINT('Ctrl Pts',(0.,11.7770023131209,93.0590907098803));
#5763=CARTESIAN_POINT('Ctrl Pts',(0.,11.8113095806374,94.1725418592202));
#5764=CARTESIAN_POINT('Ctrl Pts',(0.,11.841557417986,95.2846526620061));
#5765=CARTESIAN_POINT('Ctrl Pts',(0.,11.8677376328248,96.3952547460826));
#5766=CARTESIAN_POINT('Ctrl Pts',(0.,11.8898528610239,97.504178964713));
#5767=CARTESIAN_POINT('Ctrl Pts',(0.,11.9079127596103,98.6112630570795));
#5768=CARTESIAN_POINT('Ctrl Pts',(0.,11.9219294946667,99.7163595770086));
#5769=CARTESIAN_POINT('Ctrl Pts',(0.,11.9319133594583,100.819344453083));
#5770=CARTESIAN_POINT('Ctrl Pts',(0.,11.9378687398235,101.920123533075));
#5771=CARTESIAN_POINT('Ctrl Pts',(0.,11.9397889129472,103.018644396823));
#5772=CARTESIAN_POINT('Ctrl Pts',(0.,11.9376562566681,104.114884705736));
#5773=CARTESIAN_POINT('Ctrl Pts',(0.,11.9314456015135,105.208827143524));
#5774=CARTESIAN_POINT('Ctrl Pts',(0.,11.9211266374539,106.300438182183));
#5775=CARTESIAN_POINT('Ctrl Pts',(0.,11.906666670648,107.389645882962));
#5776=CARTESIAN_POINT('Ctrl Pts',(0.,11.8880333249723,108.476316680519));
#5777=CARTESIAN_POINT('Ctrl Pts',(0.,11.8651970443188,109.560235955439));
#5778=CARTESIAN_POINT('Ctrl Pts',(0.,11.8381342573336,110.641078301784));
#5779=CARTESIAN_POINT('Ctrl Pts',(0.,11.8068264425831,111.718439597019));
#5780=CARTESIAN_POINT('Ctrl Pts',(0.,11.7712579119738,112.791888292636));
#5781=CARTESIAN_POINT('Ctrl Pts',(0.,11.7314140230917,113.861010268197));
#5782=CARTESIAN_POINT('Ctrl Pts',(0.,11.6872792106209,114.925456429237));
#5783=CARTESIAN_POINT('Ctrl Pts',(0.,11.63883509929,115.984989010676));
#5784=CARTESIAN_POINT('Ctrl Pts',(0.,11.5860585726371,117.039528724909));
#5785=CARTESIAN_POINT('Ctrl Pts',(0.,11.5289198846202,118.089200794676));
#5786=CARTESIAN_POINT('Ctrl Pts',(0.,11.4673842844117,119.134260704081));
#5787=CARTESIAN_POINT('Ctrl Pts',(0.,11.4014136568413,120.175019863946));
#5788=CARTESIAN_POINT('Ctrl Pts',(0.,11.3309680883076,121.211772874389));
#5789=CARTESIAN_POINT('Ctrl Pts',(0.,11.2560076188994,122.244720585428));
#5790=CARTESIAN_POINT('Ctrl Pts',(0.,11.1764935543516,123.273903167128));
#5791=CARTESIAN_POINT('Ctrl Pts',(0.,11.0923908506704,124.299108739656));
#5792=CARTESIAN_POINT('Ctrl Pts',(0.,11.0036667858291,125.319866570005));
#5793=CARTESIAN_POINT('Ctrl Pts',(0.,10.9102847885334,126.335550333167));
#5794=CARTESIAN_POINT('Ctrl Pts',(0.,10.8121995005151,127.34545365349));
#5795=CARTESIAN_POINT('Ctrl Pts',(0.,10.7093512939601,128.34887718884));
#5796=CARTESIAN_POINT('Ctrl Pts',(0.,10.6016611232356,129.345210068416));
#5797=CARTESIAN_POINT('Ctrl Pts',(0.,10.4890249908234,130.334015436188));
#5798=CARTESIAN_POINT('Ctrl Pts',(0.,10.3713092499115,131.315109547476));
#5799=CARTESIAN_POINT('Ctrl Pts',(0.,10.248368279958,132.288480380733));
#5800=CARTESIAN_POINT('Ctrl Pts',(0.,10.1200616465126,133.254210687319));
#5801=CARTESIAN_POINT('Ctrl Pts',(0.,9.98627110648904,134.212400229895));
#5802=CARTESIAN_POINT('Ctrl Pts',(0.,9.84691846780566,135.163086471637));
#5803=CARTESIAN_POINT('Ctrl Pts',(0.,9.70198123195767,136.106170384505));
#5804=CARTESIAN_POINT('Ctrl Pts',(0.,9.55151413851175,137.0413281532));
#5805=CARTESIAN_POINT('Ctrl Pts',(0.,9.395606250149,137.96807779531));
#5806=CARTESIAN_POINT('Ctrl Pts',(0.,9.2343300918186,138.88586482806));
#5807=CARTESIAN_POINT('Ctrl Pts',(0.,9.06769370929972,139.794141059561));
#5808=CARTESIAN_POINT('Ctrl Pts',(0.,8.8955912778177,140.692446506835));
#5809=CARTESIAN_POINT('Ctrl Pts',(0.,8.71775483182703,141.580489439427));
#5810=CARTESIAN_POINT('Ctrl Pts',(0.,8.53370427614546,142.458228552746));
#5811=CARTESIAN_POINT('Ctrl Pts',(0.,8.34288005107931,143.325725998321));
#5812=CARTESIAN_POINT('Ctrl Pts',(0.,8.1447704357673,144.183005685138));
#5813=CARTESIAN_POINT('Ctrl Pts',(0.,7.93905206810772,145.029898469675));
#5814=CARTESIAN_POINT('Ctrl Pts',(0.,7.72569937688499,145.865918221102));
#5815=CARTESIAN_POINT('Ctrl Pts',(0.,7.5051694937477,146.690062904983));
#5816=CARTESIAN_POINT('Ctrl Pts',(0.,7.27833297292248,147.500868249293));
#5817=CARTESIAN_POINT('Ctrl Pts',(0.,7.04605249411581,148.296811718567));
#5818=CARTESIAN_POINT('Ctrl Pts',(0.,6.80883135215509,149.07664634683));
#5819=CARTESIAN_POINT('Ctrl Pts',(0.,6.56646709574933,149.83973120472));
#5820=CARTESIAN_POINT('Ctrl Pts',(0.,6.31762423574201,150.58643815581));
#5821=CARTESIAN_POINT('Ctrl Pts',(0.,6.05967350996084,151.318305392657));
#5822=CARTESIAN_POINT('Ctrl Pts',(0.,5.78981963956781,152.036963459269));
#5823=CARTESIAN_POINT('Ctrl Pts',(0.,5.50614448574671,152.743143417409));
#5824=CARTESIAN_POINT('Ctrl Pts',(0.,5.20851763890011,153.435807586535));
#5825=CARTESIAN_POINT('Ctrl Pts',(0.,4.89995513020052,154.11086232232));
#5826=CARTESIAN_POINT('Ctrl Pts',(0.,4.58652288105323,154.761229526263));
#5827=CARTESIAN_POINT('Ctrl Pts',(0.,4.27390523371413,155.38003199835));
#5828=CARTESIAN_POINT('Ctrl Pts',(0.,3.96445305004692,155.9633315137));
#5829=CARTESIAN_POINT('Ctrl Pts',(0.,3.65442053024582,156.51268917175));
#5830=CARTESIAN_POINT('Ctrl Pts',(0.,3.33012071431102,157.038743503608));
#5831=CARTESIAN_POINT('Ctrl Pts',(0.,2.97518184896442,157.554120697271));
#5832=CARTESIAN_POINT('Ctrl Pts',(0.,2.5802347003999,158.063818325558));
#5833=CARTESIAN_POINT('Ctrl Pts',(0.,2.15067307068048,158.557863258673));
#5834=CARTESIAN_POINT('Ctrl Pts',(0.,1.71791503444136,158.999541708477));
#5835=CARTESIAN_POINT('Ctrl Pts',(0.,1.33374016894672,159.338617449083));
#5836=CARTESIAN_POINT('Ctrl Pts',(0.,1.08811091628264,159.516588670043));
#5837=CARTESIAN_POINT('Ctrl Pts',(0.,0.944912611871827,159.605892379086));
#5838=CARTESIAN_POINT('Ctrl Pts',(0.,0.866234676056066,159.653084455342));
#5839=CARTESIAN_POINT('Ctrl Pts',(0.,0.831801779644792,159.673472655974));
#5840=CARTESIAN_POINT('',(108.618260905243,1.26051535720031,109.854948725395));
#5841=CARTESIAN_POINT('Ctrl Pts',(108.618260905243,1.26051535719996,109.854948725395));
#5842=CARTESIAN_POINT('Ctrl Pts',(87.9153838756648,1.19896186693125,119.366154322699));
#5843=CARTESIAN_POINT('Ctrl Pts',(62.0299283244133,1.12540656473914,131.239922683623));
#5844=CARTESIAN_POINT('Ctrl Pts',(30.9839644285113,0.913233499305687,145.525548540858));
#5845=CARTESIAN_POINT('Ctrl Pts',(18.0363561952497,0.856014917730737,151.45155521652));
#5846=CARTESIAN_POINT('Ctrl Pts',(7.70581240045902,0.841013595541303,156.161843060459));
#5847=CARTESIAN_POINT('Ctrl Pts',(2.55730654190374,0.834278469318804,158.50839176829));
#5848=CARTESIAN_POINT('Ctrl Pts',(-4.06554305151796E-8,0.831802021381306,
159.673472566746));
#5849=CARTESIAN_POINT('',(107.99781223802,0.913278608418357,10.));
#5850=CARTESIAN_POINT('Ctrl Pts',(107.997812267339,0.913280407903191,9.99999978724181));
#5851=CARTESIAN_POINT('Ctrl Pts',(107.996221563059,1.46349590027107,14.6534413869838));
#5852=CARTESIAN_POINT('Ctrl Pts',(107.992725736016,2.50979168310617,21.6284172289141));
#5853=CARTESIAN_POINT('Ctrl Pts',(107.986289522229,4.18490810154052,30.903965126244));
#5854=CARTESIAN_POINT('Ctrl Pts',(107.988218515155,5.54029779816489,37.931768808398));
#5855=CARTESIAN_POINT('Ctrl Pts',(108.0022940256,6.47165247051684,43.8920710415227));
#5856=CARTESIAN_POINT('Ctrl Pts',(108.012530988119,7.06145114027995,48.6673924871908));
#5857=CARTESIAN_POINT('Ctrl Pts',(108.041670279911,8.25145990135365,60.642978671903));
#5858=CARTESIAN_POINT('Ctrl Pts',(108.072023635636,8.63881587483695,76.2489781038534));
#5859=CARTESIAN_POINT('Ctrl Pts',(108.147834560137,7.23257935501958,91.8983516830916));
#5860=CARTESIAN_POINT('Ctrl Pts',(108.217778941586,5.85483359503568,99.0887812805172));
#5861=CARTESIAN_POINT('Ctrl Pts',(108.266941126356,5.07641575387175,102.091391655675));
#5862=CARTESIAN_POINT('Ctrl Pts',(108.306961757967,4.32095305279886,104.458387111329));
#5863=CARTESIAN_POINT('Ctrl Pts',(108.367551215605,3.71503833747432,105.987507957544));
#5864=CARTESIAN_POINT('Ctrl Pts',(108.408174889656,3.14679634746657,107.155583345908));
#5865=CARTESIAN_POINT('Ctrl Pts',(108.428412940007,2.71181836976352,107.996345020013));
#5866=CARTESIAN_POINT('Ctrl Pts',(108.503594019588,2.20687247561451,108.804654849484));
#5867=CARTESIAN_POINT('Ctrl Pts',(108.571834287496,1.68936612148561,109.425545232692));
#5868=CARTESIAN_POINT('Ctrl Pts',(108.599111098623,1.41891159993969,109.707513479635));
#5869=CARTESIAN_POINT('Ctrl Pts',(108.61826090524,1.26051535720124,109.854948725395));
#5870=CARTESIAN_POINT('',(79.1827315939171,0.8841949470699,10.));
#5871=CARTESIAN_POINT('Ctrl Pts',(107.99781223802,0.913278608418358,10.));
#5872=CARTESIAN_POINT('Ctrl Pts',(98.4804444329375,0.902795254580971,10.));
#5873=CARTESIAN_POINT('Ctrl Pts',(88.8260753333333,0.893122457458331,10.));
#5874=CARTESIAN_POINT('Ctrl Pts',(79.1827315935401,0.8841949470699,10.));
#5875=CARTESIAN_POINT('Ctrl Pts',(79.1827315939173,0.884174835470512,10.0026282937411));
#5876=CARTESIAN_POINT('Ctrl Pts',(79.1827315939173,1.08112662396355,11.7381086499972));
#5877=CARTESIAN_POINT('Ctrl Pts',(79.1827315939173,1.3071925699179,13.5716096519979));
#5878=CARTESIAN_POINT('Ctrl Pts',(79.1827315939172,1.56315391473713,15.4723612225102));
#5879=CARTESIAN_POINT('Ctrl Pts',(79.1827315939172,1.93326117449524,18.2207526084831));
#5880=CARTESIAN_POINT('Ctrl Pts',(79.1827315939174,2.36587286346468,21.1097495243556));
#5881=CARTESIAN_POINT('Ctrl Pts',(79.1827315939174,2.85010136784784,24.0766983175472));
#5882=CARTESIAN_POINT('Ctrl Pts',(79.1827315939174,3.334329872231,27.0436471107387));
#5883=CARTESIAN_POINT('Ctrl Pts',(79.1827315939172,3.87017519202788,30.0885477812495));
#5884=CARTESIAN_POINT('Ctrl Pts',(79.1827315939172,4.43769616038142,33.1636465967534));
#5885=CARTESIAN_POINT('Ctrl Pts',(79.1827315939173,4.72145664455819,34.7011960045053));
#5886=CARTESIAN_POINT('Ctrl Pts',(79.1827315939173,5.01313604087413,36.2462949485056));
#5887=CARTESIAN_POINT('Ctrl Pts',(79.1827315939174,5.302529529139,37.7928903462686));
#5888=CARTESIAN_POINT('Ctrl Pts',(79.1827315939174,5.59192301740388,39.3394857440316));
#5889=CARTESIAN_POINT('Ctrl Pts',(79.1827315939175,5.8790305976177,40.8875775955574));
#5890=CARTESIAN_POINT('Ctrl Pts',(79.1827315939175,6.15027475645652,42.4394420322311));
#5891=CARTESIAN_POINT('Ctrl Pts',(79.1827315939175,6.69276307413417,45.5431709055785));
#5892=CARTESIAN_POINT('Ctrl Pts',(79.1827315939172,7.17179770631188,48.6619901195175));
#5893=CARTESIAN_POINT('Ctrl Pts',(79.1827315939171,7.56885849530457,51.7998831342165));
#5894=CARTESIAN_POINT('Ctrl Pts',(79.182731593917,7.96591928429726,54.9377761489155));
#5895=CARTESIAN_POINT('Ctrl Pts',(79.1827315939172,8.28100623010495,58.0947429643746));
#5896=CARTESIAN_POINT('Ctrl Pts',(79.1827315939173,8.52988812441209,61.2577878033025));
#5897=CARTESIAN_POINT('Ctrl Pts',(79.1827315939174,8.76376680110466,64.2301564575476));
#5898=CARTESIAN_POINT('Ctrl Pts',(79.1827315939173,8.93918184792139,67.2078924260142));
#5899=CARTESIAN_POINT('Ctrl Pts',(79.1827315939172,9.0584442190064,70.1734883347001));
#5900=CARTESIAN_POINT('',(94.8421009392922,5.47762795395005,38.215938283358));
#5901=CARTESIAN_POINT('',(92.8584692011262,3.74329343115292,28.9082495981771));
#5902=CARTESIAN_POINT('Ctrl Pts',(94.8421009392922,5.47762795395005,38.215938283358));
#5903=CARTESIAN_POINT('Ctrl Pts',(94.8178818122055,5.48089050607495,38.2346417727005));
#5904=CARTESIAN_POINT('Ctrl Pts',(94.7921352158279,5.48384228337199,38.2516903657192));
#5905=CARTESIAN_POINT('Ctrl Pts',(94.7385985336855,5.48864951107624,38.2798244472617));
#5906=CARTESIAN_POINT('Ctrl Pts',(94.7113908265799,5.4904866177701,38.2907902811026));
#5907=CARTESIAN_POINT('Ctrl Pts',(94.6410361083352,5.49350761509405,38.3096260259761));
#5908=CARTESIAN_POINT('Ctrl Pts',(94.5986718772282,5.49377334577619,38.3124158956569));
#5909=CARTESIAN_POINT('Ctrl Pts',(94.5070411774223,5.49105359049713,38.3003219391164));
#5910=CARTESIAN_POINT('Ctrl Pts',(94.461406603593,5.4876097889899,38.2828049167189));
#5911=CARTESIAN_POINT('Ctrl Pts',(94.3423123518157,5.47468218047726,38.2154910757171));
#5912=CARTESIAN_POINT('Ctrl Pts',(94.2760615067115,5.46233259333529,38.1497899295864));
#5913=CARTESIAN_POINT('Ctrl Pts',(93.9861696495557,5.39666432992096,37.7992657907507));
#5914=CARTESIAN_POINT('Ctrl Pts',(93.8108887125485,5.30636198232751,37.3144588301996));
#5915=CARTESIAN_POINT('Ctrl Pts',(93.1687358669799,4.91635925045424,35.233146112811));
#5916=CARTESIAN_POINT('Ctrl Pts',(92.8584691960302,4.33714795223033,32.2209192564982));
#5917=CARTESIAN_POINT('Ctrl Pts',(92.8584692011262,3.74329342364444,28.9082495981771));
#5918=CARTESIAN_POINT('Ctrl Pts',(92.8584692011262,3.74329342364444,28.9082495981771));
#5919=CARTESIAN_POINT('Ctrl Pts',(92.8584692028494,3.54247921764586,27.7880575390958));
#5920=CARTESIAN_POINT('Ctrl Pts',(92.8928068838091,3.34024208463294,26.6334650820338));
#5921=CARTESIAN_POINT('Ctrl Pts',(93.0957464565324,2.78306067988135,23.360594841534));
#5922=CARTESIAN_POINT('Ctrl Pts',(93.3377204756929,2.48751634057012,21.5070860055364));
#5923=CARTESIAN_POINT('Ctrl Pts',(93.7492429402144,2.21276227563934,19.7267958902611));
#5924=CARTESIAN_POINT('Ctrl Pts',(93.9204894179752,2.11865001663307,19.1054167906621));
#5925=CARTESIAN_POINT('Ctrl Pts',(94.2068813893033,2.03842322823492,18.5653393125434));
#5926=CARTESIAN_POINT('Ctrl Pts',(94.2930494306176,2.0191419782791,18.4345284130023));
#5927=CARTESIAN_POINT('Ctrl Pts',(94.4245124179355,2.002655518338,18.3213347027197));
#5928=CARTESIAN_POINT('Ctrl Pts',(94.4616738204614,1.99900843866482,18.2961148748332));
#5929=CARTESIAN_POINT('Ctrl Pts',(94.5335482860743,1.9946001094241,18.2651136445512));
#5930=CARTESIAN_POINT('Ctrl Pts',(94.5667042846176,1.99346404739966,18.2568449809129));
#5931=CARTESIAN_POINT('Ctrl Pts',(94.6374305656864,1.99314497485563,18.2533672011421));
#5932=CARTESIAN_POINT('Ctrl Pts',(94.6725735779616,1.99414613754145,18.2594429902706));
#5933=CARTESIAN_POINT('Ctrl Pts',(94.7577910280471,1.99890638686509,18.2898451005017));
#5934=CARTESIAN_POINT('Ctrl Pts',(94.8035330885619,2.00374334231068,18.3214851984263));
#5935=CARTESIAN_POINT('Ctrl Pts',(94.952240122876,2.02385231636701,18.4535721091105));
#5936=CARTESIAN_POINT('Ctrl Pts',(95.0457956420458,2.04689458856043,18.6058630119293));
#5937=CARTESIAN_POINT('Ctrl Pts',(95.5403968449562,2.19903891085522,19.6067383272218));
#5938=CARTESIAN_POINT('Ctrl Pts',(95.8875405973659,2.47689654775328,21.4104453380315));
#5939=CARTESIAN_POINT('Ctrl Pts',(96.4206503952907,3.35763652090483,26.7021090081441));
#5940=CARTESIAN_POINT('Ctrl Pts',(96.4509242873788,4.03040324114916,30.4036544612032));
#5941=CARTESIAN_POINT('Ctrl Pts',(95.998563476966,4.84456820423265,34.7650394382511));
#5942=CARTESIAN_POINT('Ctrl Pts',(95.8042301220143,5.04821477212203,35.8555214071369));
#5943=CARTESIAN_POINT('Ctrl Pts',(95.4735411359291,5.27037318356793,37.0642629639915));
#5944=CARTESIAN_POINT('Ctrl Pts',(95.3034089925848,5.36514157076862,37.5846774072775));
#5945=CARTESIAN_POINT('Ctrl Pts',(95.0167853343553,5.44653550380396,38.039569291075));
#5946=CARTESIAN_POINT('Ctrl Pts',(94.9342488053689,5.46521473958454,38.1447760723941));
#5947=CARTESIAN_POINT('Ctrl Pts',(94.8421009392922,5.47762795395006,38.215938283358));
#5948=CARTESIAN_POINT('Origin',(55.0000000000002,-0.163123220430921,10.));
#5949=CARTESIAN_POINT('',(0.,-0.100598188090946,10.));
#5950=CARTESIAN_POINT('Origin',(43.8868552029557,1.0442841889776,48.6310676459273));
#5951=CARTESIAN_POINT('',(43.3868552029557,1.0442841889776,48.6310676459273));
#5952=CARTESIAN_POINT('',(53.5868552029557,1.04428418897756,48.6310676459274));
#5953=CARTESIAN_POINT('',(43.3868552029557,1.0442841889776,48.6310676459273));
#5954=CARTESIAN_POINT('Origin',(48.4868552029557,1.04428418897758,51.8310676459274));
#5955=CARTESIAN_POINT('',(43.3868552029557,1.04428418897761,54.5310676459273));
#5956=CARTESIAN_POINT('',(34.0868552029557,1.04428418897764,54.5310676459273));
#5957=CARTESIAN_POINT('',(43.3868552029557,1.0442841889776,48.6310676459273));
#5958=CARTESIAN_POINT('',(49.4320403114121,1.04428418897758,52.1019423251193));
#5959=CARTESIAN_POINT('Origin',(48.5320403114121,1.04428418897758,52.1019423251193));
#5960=CARTESIAN_POINT('Origin',(43.3868552029557,1.04428418897761,55.0310676459273));
#5961=CARTESIAN_POINT('',(43.3868552029557,3.0442841889776,54.5310676459273));
#5962=CARTESIAN_POINT('Origin',(54.0868552029556,5.04428418897757,85.5310676459274));
#5963=CARTESIAN_POINT('',(19.1868552029556,5.04428418897771,85.5310676459272));
#5964=CARTESIAN_POINT('',(19.1868552029556,5.04428418897771,85.5310676459272));
#5965=CARTESIAN_POINT('',(19.6868552029556,5.04428418897771,85.5310676459272));
#5966=CARTESIAN_POINT('Origin',(19.1868552029556,5.04428418897771,85.0310676459272));
#5967=CARTESIAN_POINT('',(19.1868552029556,1.04428418897771,76.2310676459272));
#5968=CARTESIAN_POINT('',(19.1868552029556,3.04428418897771,76.2310676459272));
#5969=CARTESIAN_POINT('',(19.1868552029557,1.04428418897771,64.4310676459272));
#5970=CARTESIAN_POINT('',(19.1868552029556,1.04428418897771,77.6810676459272));
#5971=CARTESIAN_POINT('',(19.1868552029557,3.04428418897771,64.4310676459272));
#5972=CARTESIAN_POINT('',(19.186855202956,-5.25817470757342,54.5310676459273));
#5973=CARTESIAN_POINT('',(19.1868552029557,5.0442841889777,54.5310676459272));
#5974=CARTESIAN_POINT('',(19.186855202956,-5.25817470757342,47.5310676459273));
#5975=CARTESIAN_POINT('',(19.186855202956,-5.25817470757342,55.0310676459273));
#5976=CARTESIAN_POINT('',(19.186855202956,5.0442841889777,47.5310676459273));
#5977=CARTESIAN_POINT('',(19.186855202956,-5.25817470757342,47.5310676459273));
#5978=CARTESIAN_POINT('',(19.186855202956,5.0442841889777,55.0310676459273));
#5979=CARTESIAN_POINT('',(19.1868552029557,5.00129445161483,55.1881857256985));
#5980=CARTESIAN_POINT('',(19.1868552029557,5.00241086497246,55.3047626402385));
#5981=CARTESIAN_POINT('Origin',(19.1868552029557,0.00241086497246081,55.3047626402385));
#5982=CARTESIAN_POINT('',(19.1868552029557,-4.99647272166996,55.188185725701));
#5983=CARTESIAN_POINT('Origin',(19.1868552029557,0.00241086497240729,55.071608811161));
#5984=CARTESIAN_POINT('Origin',(19.1868552029557,0.00241086497246081,55.3047626402385));
#5985=CARTESIAN_POINT('Origin',(19.6868552029556,1.04428418897771,76.2310676459272));
#5986=CARTESIAN_POINT('',(13.4868552029556,1.04428418897773,76.2310676459272));
#5987=CARTESIAN_POINT('',(13.4868552029556,1.04428418897773,76.2310676459272));
#5988=CARTESIAN_POINT('',(18.2618552029556,1.04428418897772,76.2310676459272));
#5989=CARTESIAN_POINT('Origin',(14.4868552029556,1.04428418897773,64.4310676459272));
#5990=CARTESIAN_POINT('',(13.4868552029556,1.04428418897773,64.4310676459272));
#5991=CARTESIAN_POINT('',(19.6868552029557,1.04428418897771,64.4310676459272));
#5992=CARTESIAN_POINT('',(13.4868552029556,1.04428418897773,64.4310676459272));
#5993=CARTESIAN_POINT('Origin',(13.4868552029556,1.04428418897773,75.2310676459272));
#5994=CARTESIAN_POINT('',(13.4868552029556,1.04428418897773,72.7810676459272));
#5995=CARTESIAN_POINT('Origin',(16.8368552029556,1.04428418897772,70.3310676459272));
#5996=CARTESIAN_POINT('',(17.7710025040371,1.04428418897772,69.9711171726393));
#5997=CARTESIAN_POINT('Origin',(16.8710025040371,1.04428418897772,69.9711171726393));
#5998=CARTESIAN_POINT('Origin',(19.6868552029557,5.0442841889777,54.5310676459272));
#5999=CARTESIAN_POINT('',(38.7726202674745,5.0442841889777,54.5310676459273));
#6000=CARTESIAN_POINT('',(54.0868552029557,5.04428418897756,54.5310676459274));
#6001=CARTESIAN_POINT('',(38.7726202674745,-5.25817470757343,54.5310676459273));
#6002=CARTESIAN_POINT('',(38.7726202674745,5.04428418897767,54.5310676459273));
#6003=CARTESIAN_POINT('',(29.2297377352151,-5.25817470757343,54.5310676459273));
#6004=CARTESIAN_POINT('Origin',(38.7726202674745,-5.25817470757343,55.0310676459273));
#6005=CARTESIAN_POINT('',(38.7726202674745,-5.25817470757343,47.5310676459273));
#6006=CARTESIAN_POINT('',(38.7726202674745,-5.25817470757343,55.0310676459273));
#6007=CARTESIAN_POINT('',(19.686855202956,-5.25817470757343,47.5310676459273));
#6008=CARTESIAN_POINT('Ctrl Pts',(19.6868552029557,5.00129445161482,55.1881857256985));
#6009=CARTESIAN_POINT('Ctrl Pts',(19.6868552029557,5.0632905426923,51.9517025695537));
#6010=CARTESIAN_POINT('Ctrl Pts',(19.6868552029557,2.53285070383167,50.313391579878));
#6011=CARTESIAN_POINT('Ctrl Pts',(19.6868552029557,0.00241086497216799,
48.6750805902022));
#6012=CARTESIAN_POINT('Ctrl Pts',(19.6868552029557,-2.52802897388888,50.3133915798792));
#6013=CARTESIAN_POINT('Ctrl Pts',(19.6868552029557,-5.05846881274881,51.9517025695562));
#6014=CARTESIAN_POINT('Ctrl Pts',(19.6868552029557,-4.99647272166996,55.188185725701));
#6015=CARTESIAN_POINT('Ctrl Pts',(19.1868552029557,5.00129445161482,55.1881857256985));
#6016=CARTESIAN_POINT('Ctrl Pts',(19.1868552029557,5.0632905426923,51.9517025695537));
#6017=CARTESIAN_POINT('Ctrl Pts',(19.1868552029557,2.53285070383167,50.313391579878));
#6018=CARTESIAN_POINT('Ctrl Pts',(19.1868552029557,0.00241086497217021,
48.6750805902022));
#6019=CARTESIAN_POINT('Ctrl Pts',(19.1868552029557,-2.52802897388888,50.3133915798792));
#6020=CARTESIAN_POINT('Ctrl Pts',(19.1868552029557,-5.05846881274881,51.9517025695562));
#6021=CARTESIAN_POINT('Ctrl Pts',(19.1868552029557,-4.99647272166996,55.188185725701));
#6022=CARTESIAN_POINT('',(19.6868552029557,5.00241086497241,55.0716088111596));
#6023=CARTESIAN_POINT('Origin',(19.6868552029557,0.00241086497240507,55.071608811161));
#6024=CARTESIAN_POINT('',(19.6868552029557,-4.9975891350276,55.0716088111623));
#6025=CARTESIAN_POINT('Origin',(19.6868552029557,0.00241086497240507,55.071608811161));
#6026=CARTESIAN_POINT('Origin',(19.6868552029557,0.00241086497240507,55.071608811161));
#6027=CARTESIAN_POINT('Origin',(19.7023833701288,0.00241086497240334,55.064367907891));
#6028=CARTESIAN_POINT('',(0.,5.0024108649746,64.2517401572878));
#6029=CARTESIAN_POINT('Origin',(0.,0.00241086497459965,64.2517401572878));
#6030=CARTESIAN_POINT('',(19.7023833701293,5.0024108649724,55.0643679078909));
#6031=CARTESIAN_POINT('Origin',(38.7726202674745,5.04428418897763,55.0310676459273));
#6032=CARTESIAN_POINT('',(38.7726202674745,5.0442841889777,47.5310676459273));
#6033=CARTESIAN_POINT('',(38.7726202674745,5.0442841889777,55.0310676459273));
#6034=CARTESIAN_POINT('',(38.7726202674745,-8.13579338024625,47.5310676459273));
#6035=CARTESIAN_POINT('Origin',(29.2297377352152,-0.106945259297861,47.5310676459273));
#6036=CARTESIAN_POINT('',(19.686855202956,5.0442841889777,47.5310676459273));
#6037=CARTESIAN_POINT('Origin',(94.6084692011262,3.74329343866139,10.));
#6038=CARTESIAN_POINT('',(92.8584692011262,3.74329343866139,100.));
#6039=CARTESIAN_POINT('',(92.8584692011262,3.74329343866139,10.));
#6040=CARTESIAN_POINT('Origin',(94.6084692011262,3.74329343866139,100.));
#6041=CARTESIAN_POINT('Origin',(94.6084692011262,3.74329343866139,100.));
#6042=CARTESIAN_POINT('Origin',(94.6084742912575,-3.75670656133602,10.));
#6043=CARTESIAN_POINT('',(92.8584742912575,-3.75670656133602,100.));
#6044=CARTESIAN_POINT('',(92.8584742912575,-3.75670656133602,10.));
#6045=CARTESIAN_POINT('Origin',(94.6084742912575,-3.75670656133602,100.));
#6046=CARTESIAN_POINT('Origin',(94.6084742912575,-3.75670656133602,100.));
#6047=CARTESIAN_POINT('Ctrl Pts',(107.997848660851,0.900673067782689,9.89315415865269));
#6048=CARTESIAN_POINT('Ctrl Pts',(107.996257110909,1.45285160827581,14.582446097626));
#6049=CARTESIAN_POINT('Ctrl Pts',(107.992750271355,2.50340601149128,21.5930581325141));
#6050=CARTESIAN_POINT('Ctrl Pts',(107.986289522229,4.18490810154052,30.903965126244));
#6051=CARTESIAN_POINT('Ctrl Pts',(107.988218515155,5.54029779816489,37.931768808398));
#6052=CARTESIAN_POINT('Ctrl Pts',(108.0022940256,6.47165247051684,43.8920710415227));
#6053=CARTESIAN_POINT('Ctrl Pts',(108.012530988119,7.06145114027995,48.6673924871908));
#6054=CARTESIAN_POINT('Ctrl Pts',(108.041670279911,8.25145990135365,60.642978671903));
#6055=CARTESIAN_POINT('Ctrl Pts',(108.072023635636,8.63881587483695,76.2489781038534));
#6056=CARTESIAN_POINT('Ctrl Pts',(108.147834560137,7.23257935501958,91.8983516830916));
#6057=CARTESIAN_POINT('Ctrl Pts',(108.217778941586,5.85483359503568,99.0887812805172));
#6058=CARTESIAN_POINT('Ctrl Pts',(108.266941126356,5.07641575387175,102.091391655675));
#6059=CARTESIAN_POINT('Ctrl Pts',(108.306961757967,4.32095305279886,104.458387111329));
#6060=CARTESIAN_POINT('Ctrl Pts',(108.367551215605,3.71503833747432,105.987507957544));
#6061=CARTESIAN_POINT('Ctrl Pts',(108.408174889656,3.14679634746657,107.155583345908));
#6062=CARTESIAN_POINT('Ctrl Pts',(108.428412940007,2.71181836976352,107.996345020013));
#6063=CARTESIAN_POINT('Ctrl Pts',(108.503594019588,2.20687247561451,108.804654849484));
#6064=CARTESIAN_POINT('Ctrl Pts',(108.571834287496,1.68936612148561,109.425545232692));
#6065=CARTESIAN_POINT('Ctrl Pts',(108.599111098623,1.41891159993969,109.707513479635));
#6066=CARTESIAN_POINT('Ctrl Pts',(108.61826090524,1.26051535720124,109.854948725395));
#6067=CARTESIAN_POINT('Ctrl Pts',(108.596656694069,0.901312768004605,9.89307883174999));
#6068=CARTESIAN_POINT('Ctrl Pts',(108.59536935175,1.45396323006851,14.5821740770575));
#6069=CARTESIAN_POINT('Ctrl Pts',(108.592526586019,2.50554988744592,21.5928287595288));
#6070=CARTESIAN_POINT('Ctrl Pts',(108.58728696932,4.18896452094333,30.903103332701));
#6071=CARTESIAN_POINT('Ctrl Pts',(108.588859980857,5.54381997314272,37.9310618537617));
#6072=CARTESIAN_POINT('Ctrl Pts',(108.600262841406,6.47100460705015,43.8921679889928));
#6073=CARTESIAN_POINT('Ctrl Pts',(108.608530500362,7.05772166972735,48.6678820021877));
#6074=CARTESIAN_POINT('Ctrl Pts',(108.63203870837,8.23916440653084,60.6439019015433));
#6075=CARTESIAN_POINT('Ctrl Pts',(108.656416444648,8.61746854958874,76.2494100427815));
#6076=CARTESIAN_POINT('Ctrl Pts',(108.716686877936,7.19075483658745,91.8937402279508));
#6077=CARTESIAN_POINT('Ctrl Pts',(108.771486073867,5.79596277499464,99.0760284083385));
#6078=CARTESIAN_POINT('Ctrl Pts',(108.809722486418,5.00707411438647,102.071304081524));
#6079=CARTESIAN_POINT('Ctrl Pts',(108.840563568538,4.24347647527813,104.431593205679));
#6080=CARTESIAN_POINT('Ctrl Pts',(108.886908484958,3.62666872908022,105.949124258592));
#6081=CARTESIAN_POINT('Ctrl Pts',(108.917570805683,3.05287492692528,107.107938952201));
#6082=CARTESIAN_POINT('Ctrl Pts',(108.932914650404,2.61499036390672,107.944277541255));
#6083=CARTESIAN_POINT('Ctrl Pts',(108.989186104895,2.10231483506137,108.733725662068));
#6084=CARTESIAN_POINT('Ctrl Pts',(109.039512759784,1.58340175844419,109.334724459403));
#6085=CARTESIAN_POINT('Ctrl Pts',(109.059512685576,1.31378156817145,109.608260859367));
#6086=CARTESIAN_POINT('Ctrl Pts',(109.073488743241,1.15662378135289,109.749580743553));
#6087=CARTESIAN_POINT('Ctrl Pts',(109.633829532403,0.402966762592686,9.95176078897604));
#6088=CARTESIAN_POINT('Ctrl Pts',(109.633441670488,0.957048902299503,14.6507276614178));
#6089=CARTESIAN_POINT('Ctrl Pts',(109.632591669089,2.01113522264527,21.673737577037));
#6090=CARTESIAN_POINT('Ctrl Pts',(109.631010941963,3.69819579997434,30.9971224781547));
#6091=CARTESIAN_POINT('Ctrl Pts',(109.631482733049,5.05173052237558,38.0209288999918));
#6092=CARTESIAN_POINT('Ctrl Pts',(109.634909566936,5.97309159538693,43.9617057601134));
#6093=CARTESIAN_POINT('Ctrl Pts',(109.637392445811,6.55649390153844,48.7244329281822));
#6094=CARTESIAN_POINT('Ctrl Pts',(109.644413053125,7.72956506900239,60.6664117178495));
#6095=CARTESIAN_POINT('Ctrl Pts',(109.651692551244,8.10215818590684,76.2436780865227));
#6096=CARTESIAN_POINT('Ctrl Pts',(109.669346918475,6.6676822314062,91.8299970065063));
#6097=CARTESIAN_POINT('Ctrl Pts',(109.685177727172,5.27300187514484,98.9628398098153));
#6098=CARTESIAN_POINT('Ctrl Pts',(109.696065706138,4.48697832661913,101.923735862055));
#6099=CARTESIAN_POINT('Ctrl Pts',(109.704843073559,3.72807680959769,104.256169296921));
#6100=CARTESIAN_POINT('Ctrl Pts',(109.717934058639,3.12186902207956,105.731365915806));
#6101=CARTESIAN_POINT('Ctrl Pts',(109.726512362189,2.55967679409825,106.861554571352));
#6102=CARTESIAN_POINT('Ctrl Pts',(109.730805557902,2.12697026352528,107.683728374699));
#6103=CARTESIAN_POINT('Ctrl Pts',(109.746439593914,1.64167521202215,108.419987653359));
#6104=CARTESIAN_POINT('Ctrl Pts',(109.760249194612,1.16038455110281,108.97193320922));
#6105=CARTESIAN_POINT('Ctrl Pts',(109.76569585176,0.908734429873002,109.225777573842));
#6106=CARTESIAN_POINT('Ctrl Pts',(109.769494399391,0.765817790010048,109.353220997698));
#6107=CARTESIAN_POINT('Ctrl Pts',(110.,-0.639577791133709,10.0745239981593));
#6108=CARTESIAN_POINT('Ctrl Pts',(110.000004043516,-0.0836253109751098,
14.7939274421136));
#6109=CARTESIAN_POINT('Ctrl Pts',(109.999994652283,0.973203490838488,21.8436974455659));
#6110=CARTESIAN_POINT('Ctrl Pts',(110.000006254338,2.6634119646055,31.1951869418024));
#6111=CARTESIAN_POINT('Ctrl Pts',(110.000015115945,4.01560804783955,38.2097566993989));
#6112=CARTESIAN_POINT('Ctrl Pts',(110.000008062718,4.93465668257214,44.1065240244937));
#6113=CARTESIAN_POINT('Ctrl Pts',(109.999993484798,5.51819038875229,48.8416571148441));
#6114=CARTESIAN_POINT('Ctrl Pts',(109.999998529076,6.69415359193084,60.7116402110591));
#6115=CARTESIAN_POINT('Ctrl Pts',(109.999986540616,7.07553468246342,76.2305864844313));
#6116=CARTESIAN_POINT('Ctrl Pts',(110.000072193409,5.67409249448068,91.7069720130717));
#6117=CARTESIAN_POINT('Ctrl Pts',(110.000103822394,4.31889284221795,98.7552576155722));
#6118=CARTESIAN_POINT('Ctrl Pts',(110.000190065903,3.56424088604265,101.660596121057));
#6119=CARTESIAN_POINT('Ctrl Pts',(110.000188692878,2.8329286978279,103.95008252091));
#6120=CARTESIAN_POINT('Ctrl Pts',(110.000187308029,2.27222989888949,105.362850986085));
#6121=CARTESIAN_POINT('Ctrl Pts',(110.000163250901,1.74507467380519,106.453693976791));
#6122=CARTESIAN_POINT('Ctrl Pts',(110.000165301435,1.3293048599087,107.256043956524));
#6123=CARTESIAN_POINT('Ctrl Pts',(110.000106673146,0.914831756009354,107.922371076135));
#6124=CARTESIAN_POINT('Ctrl Pts',(110.000038103234,0.511377013830412,108.414348521366));
#6125=CARTESIAN_POINT('Ctrl Pts',(110.00001983007,0.294130088626676,108.644865900563));
#6126=CARTESIAN_POINT('Ctrl Pts',(110.,0.177150421055706,108.756188060843));
#6127=CARTESIAN_POINT('Ctrl Pts',(110.,-1.0856024607041,10.1270449380229));
#6128=CARTESIAN_POINT('Ctrl Pts',(110.,-0.528848993377775,14.8551739841031));
#6129=CARTESIAN_POINT('Ctrl Pts',(110.,0.529154870323711,21.9164204990313));
#6130=CARTESIAN_POINT('Ctrl Pts',(110.,2.22071590493149,31.2799117671768));
#6131=CARTESIAN_POINT('Ctrl Pts',(110.,3.57234154315669,38.2905250996694));
#6132=CARTESIAN_POINT('Ctrl Pts',(110.,4.49039109350688,44.1684753520952));
#6133=CARTESIAN_POINT('Ctrl Pts',(110.,5.07396879395337,48.891816131775));
#6134=CARTESIAN_POINT('Ctrl Pts',(110.,6.25115618598981,60.7310019689852));
#6135=CARTESIAN_POINT('Ctrl Pts',(110.,6.63626308472793,76.2249837139616));
#6136=CARTESIAN_POINT('Ctrl Pts',(110.,5.24896746069106,91.6543107414288));
#6137=CARTESIAN_POINT('Ctrl Pts',(110.,3.910650486793,98.6664054290938));
#6138=CARTESIAN_POINT('Ctrl Pts',(110.,3.16946179692734,101.547949166339));
#6139=CARTESIAN_POINT('Ctrl Pts',(110.,2.44993917036559,103.819053162253));
#6140=CARTESIAN_POINT('Ctrl Pts',(110.,1.90869174620725,105.205095629002));
#6141=CARTESIAN_POINT('Ctrl Pts',(110.,1.39649920666408,106.279091475831));
#6142=CARTESIAN_POINT('Ctrl Pts',(110.,0.987972187125518,107.072952332353));
#6143=CARTESIAN_POINT('Ctrl Pts',(110.,0.603741669629099,107.709330072151));
#6144=CARTESIAN_POINT('Ctrl Pts',(110.,0.233531441102494,108.175615139233));
#6145=CARTESIAN_POINT('Ctrl Pts',(110.,0.0309897072815109,108.396135381827));
#6146=CARTESIAN_POINT('Ctrl Pts',(110.,-0.0749071851291396,108.5005484572));
#6147=CARTESIAN_POINT('',(109.679232155354,-0.00669609213120388,10.));
#6148=CARTESIAN_POINT('',(110.,-0.0130884089997072,18.1046241428327));
#6149=CARTESIAN_POINT('Ctrl Pts',(109.679232155354,-0.00669609213119919,
10.));
#6150=CARTESIAN_POINT('Ctrl Pts',(109.879141003874,-0.00875934894742893,
12.6247980505553));
#6151=CARTESIAN_POINT('Ctrl Pts',(109.998759592911,-0.0112634926183837,
15.4147832623937));
#6152=CARTESIAN_POINT('Ctrl Pts',(109.999996769458,-0.0130695500238278,
18.0768593979983));
#6153=CARTESIAN_POINT('Ctrl Pts',(110.,-0.0130789757624415,18.0907417805666));
#6154=CARTESIAN_POINT('Ctrl Pts',(110.,-0.0130884089992722,18.1046241428298));
#6155=CARTESIAN_POINT('Ctrl Pts',(109.678800273031,-0.00572869615390717,
9.99988608579431));
#6156=CARTESIAN_POINT('Ctrl Pts',(109.642941377312,0.0502388757076226,9.99989198038732));
#6157=CARTESIAN_POINT('Ctrl Pts',(109.604289435628,0.104338977431177,9.9999064979545));
#6158=CARTESIAN_POINT('Ctrl Pts',(109.562892559509,0.156301758681455,9.99993666661122));
#6159=CARTESIAN_POINT('Ctrl Pts',(109.517331985119,0.213490957059757,9.99996986963178));
#6160=CARTESIAN_POINT('Ctrl Pts',(109.468446224213,0.268092027547339,10.0000219467553));
#6161=CARTESIAN_POINT('Ctrl Pts',(109.416509277365,0.31994798366418,10.0000784527061));
#6162=CARTESIAN_POINT('Ctrl Pts',(109.36387652378,0.372498661473599,10.0001357156753));
#6163=CARTESIAN_POINT('Ctrl Pts',(109.308396380431,0.421945304692612,10.0001966584745));
#6164=CARTESIAN_POINT('Ctrl Pts',(109.250414940396,0.468184833105636,10.0002498561673));
#6165=CARTESIAN_POINT('Ctrl Pts',(109.191719009099,0.51499416004405,10.0003037094025));
#6166=CARTESIAN_POINT('Ctrl Pts',(109.130458947595,0.558517353467251,10.0003495669956));
#6167=CARTESIAN_POINT('Ctrl Pts',(109.066956503004,0.598608967941655,10.0003800288623));
#6168=CARTESIAN_POINT('Ctrl Pts',(109.003720814159,0.638532168922693,10.0004103627673));
#6169=CARTESIAN_POINT('Ctrl Pts',(108.938260654671,0.675052983520296,10.0004253818366));
#6170=CARTESIAN_POINT('Ctrl Pts',(108.870869851376,0.707983003259506,10.0004229491719));
#6171=CARTESIAN_POINT('Ctrl Pts',(108.838848568428,0.723629967355138,10.0004217932717));
#6172=CARTESIAN_POINT('Ctrl Pts',(108.806391127834,0.738465525897976,10.0004167771699));
#6173=CARTESIAN_POINT('Ctrl Pts',(108.773528030969,0.752465466578217,10.000408132587));
#6174=CARTESIAN_POINT('Ctrl Pts',(108.70455157758,0.781849984409124,10.000389988446));
#6175=CARTESIAN_POINT('Ctrl Pts',(108.634081853358,0.807431636559078,10.0003553794225));
#6176=CARTESIAN_POINT('Ctrl Pts',(108.562427313177,0.829047171536956,10.0003106998364));
#6177=CARTESIAN_POINT('Ctrl Pts',(108.506812339143,0.845824160315093,10.0002760215869));
#6178=CARTESIAN_POINT('Ctrl Pts',(108.450482973767,0.860211087382449,10.0002353685544));
#6179=CARTESIAN_POINT('Ctrl Pts',(108.393577810852,0.872110800519803,10.0001940893802));
#6180=CARTESIAN_POINT('Ctrl Pts',(108.321206192319,0.887244778804476,10.0001415907932));
#6181=CARTESIAN_POINT('Ctrl Pts',(108.248113969703,0.898313258358288,10.0000880366767));
#6182=CARTESIAN_POINT('Ctrl Pts',(108.174592006274,0.905142802829285,10.0000498420004));
#6183=CARTESIAN_POINT('Ctrl Pts',(108.115891219006,0.910595590247293,10.0000193469284));
#6184=CARTESIAN_POINT('Ctrl Pts',(108.056916016209,0.913345418367123,9.99999873289367));
#6185=CARTESIAN_POINT('Ctrl Pts',(107.997812267602,0.913280316833191,9.99999901701824));
#6186=CARTESIAN_POINT('',(110.,-0.0749071851309794,108.5005484572));
#6187=CARTESIAN_POINT('Origin',(108.,-0.0749071851291394,108.5005484572));
#6188=CARTESIAN_POINT('Ctrl Pts',(110.,-0.0749071851291396,108.5005484572));
#6189=CARTESIAN_POINT('Ctrl Pts',(110.,0.0309897072815109,108.396135381827));
#6190=CARTESIAN_POINT('Ctrl Pts',(110.,0.233531441102494,108.175615139233));
#6191=CARTESIAN_POINT('Ctrl Pts',(110.,0.603741669629099,107.709330072151));
#6192=CARTESIAN_POINT('Ctrl Pts',(110.,0.987972187125518,107.072952332353));
#6193=CARTESIAN_POINT('Ctrl Pts',(110.,1.39649920666408,106.279091475831));
#6194=CARTESIAN_POINT('Ctrl Pts',(110.,1.90869174620725,105.205095629002));
#6195=CARTESIAN_POINT('Ctrl Pts',(110.,2.44993917036559,103.819053162253));
#6196=CARTESIAN_POINT('Ctrl Pts',(110.,3.16946179692734,101.547949166339));
#6197=CARTESIAN_POINT('Ctrl Pts',(110.,3.910650486793,98.6664054290938));
#6198=CARTESIAN_POINT('Ctrl Pts',(110.,5.24896746069106,91.6543107414288));
#6199=CARTESIAN_POINT('Ctrl Pts',(110.,6.63626308472793,76.2249837139616));
#6200=CARTESIAN_POINT('Ctrl Pts',(110.,6.25115618598981,60.7310019689852));
#6201=CARTESIAN_POINT('Ctrl Pts',(110.,5.07396879395337,48.891816131775));
#6202=CARTESIAN_POINT('Ctrl Pts',(110.,4.49039109350688,44.1684753520952));
#6203=CARTESIAN_POINT('Ctrl Pts',(110.,3.57234154315669,38.2905250996694));
#6204=CARTESIAN_POINT('Ctrl Pts',(110.,2.22071590493149,31.2799117671768));
#6205=CARTESIAN_POINT('Ctrl Pts',(110.,1.00596621098685,24.5557688485795));
#6206=CARTESIAN_POINT('Ctrl Pts',(110.,0.296178706319746,20.1574499681665));
#6207=CARTESIAN_POINT('Ctrl Pts',(110.,-0.012167685602746,18.1044858541284));
#6208=CARTESIAN_POINT('Ctrl Pts',(108.620460007032,-1.40606171906709,109.858140806345));
#6209=CARTESIAN_POINT('Ctrl Pts',(108.612891691375,-1.4800693789723,109.789033319917));
#6210=CARTESIAN_POINT('Ctrl Pts',(108.597252335086,-1.63907575688654,109.632295437771));
#6211=CARTESIAN_POINT('Ctrl Pts',(108.572569275326,-1.87764691111762,109.380620265434));
#6212=CARTESIAN_POINT('Ctrl Pts',(108.544731486774,-2.09300180744678,109.130333889344));
#6213=CARTESIAN_POINT('Ctrl Pts',(108.525110219461,-2.22137070484627,108.964350592007));
#6214=CARTESIAN_POINT('Ctrl Pts',(108.525014912475,-2.22199487910516,108.963543547203));
#6215=CARTESIAN_POINT('Ctrl Pts',(108.524900461578,-2.22274366618064,108.962574931254));
#6216=CARTESIAN_POINT('Ctrl Pts',(108.524671587732,-2.22424071812583,108.960637771372));
#6217=CARTESIAN_POINT('Ctrl Pts',(108.52415646021,-2.22760573180901,108.956278940276));
#6218=CARTESIAN_POINT('Ctrl Pts',(108.523622022758,-2.23108783793576,108.95175840862));
#6219=CARTESIAN_POINT('Ctrl Pts',(108.523011068703,-2.23506001255624,108.946592025611));
#6220=CARTESIAN_POINT('Ctrl Pts',(108.522399972089,-2.23902638013009,108.941425504797));
#6221=CARTESIAN_POINT('Ctrl Pts',(108.521253828888,-2.24644398300117,108.931738188728));
#6222=CARTESIAN_POINT('Ctrl Pts',(108.520183666285,-2.25333624085751,108.922696486567));
#6223=CARTESIAN_POINT('Ctrl Pts',(108.518960708674,-2.2611830113083,108.912363994981));
#6224=CARTESIAN_POINT('Ctrl Pts',(108.517126343511,-2.27291747082227,108.896865803341));
#6225=CARTESIAN_POINT('Ctrl Pts',(108.51422370415,-2.2913405622365,108.872331366236));
#6226=CARTESIAN_POINT('Ctrl Pts',(108.510567679768,-2.31432143407522,108.841355501778));
#6227=CARTESIAN_POINT('Ctrl Pts',(108.504502945644,-2.35213995336971,108.789759895877));
#6228=CARTESIAN_POINT('Ctrl Pts',(108.497320312517,-2.39637176554178,108.72792316278));
#6229=CARTESIAN_POINT('Ctrl Pts',(108.490367806395,-2.43916607070367,108.666271994712));
#6230=CARTESIAN_POINT('Ctrl Pts',(108.486700205936,-2.46187677356276,108.63296828426));
#6231=CARTESIAN_POINT('Ctrl Pts',(108.484471478196,-2.4757311908099,108.612502204583));
#6232=CARTESIAN_POINT('Ctrl Pts',(108.478956417176,-2.51012672497669,108.561394157614));
#6233=CARTESIAN_POINT('Ctrl Pts',(108.469821611873,-2.56829814141005,108.472500076733));
#6234=CARTESIAN_POINT('Ctrl Pts',(108.461572928469,-2.62461469826309,108.382638817739));
#6235=CARTESIAN_POINT('Ctrl Pts',(108.45492201603,-2.6728717917484,108.303783761411));
#6236=CARTESIAN_POINT('Ctrl Pts',(108.44880783377,-2.71974904910024,108.225725235391));
#6237=CARTESIAN_POINT('Ctrl Pts',(108.441639560012,-2.78127167919844,108.120219591162));
#6238=CARTESIAN_POINT('Ctrl Pts',(108.436251545845,-2.83462051729185,108.026104856226));
#6239=CARTESIAN_POINT('Ctrl Pts',(108.430608842415,-2.89671859405577,107.914607747302));
#6240=CARTESIAN_POINT('Ctrl Pts',(108.424352450124,-2.97648275391777,107.76824874228));
#6241=CARTESIAN_POINT('Ctrl Pts',(108.417688160431,-3.08093607291541,107.571018257991));
#6242=CARTESIAN_POINT('Ctrl Pts',(108.411565070823,-3.19083003209204,107.358357256256));
#6243=CARTESIAN_POINT('Ctrl Pts',(108.407249869524,-3.27138211442053,107.199185786581));
#6244=CARTESIAN_POINT('Ctrl Pts',(108.403363729731,-3.34232232718155,107.057273582981));
#6245=CARTESIAN_POINT('Ctrl Pts',(108.399410954204,-3.41277332243884,106.914932234956));
#6246=CARTESIAN_POINT('Ctrl Pts',(108.39363074613,-3.50872145335843,106.717603461111));
#6247=CARTESIAN_POINT('Ctrl Pts',(108.386696632236,-3.61239578664756,106.499635847775));
#6248=CARTESIAN_POINT('Ctrl Pts',(108.380333217024,-3.69782360936847,106.31555046155));
#6249=CARTESIAN_POINT('Ctrl Pts',(108.374925975375,-3.7653591102943,106.166985967251));
#6250=CARTESIAN_POINT('Ctrl Pts',(108.369342618447,-3.83226274232047,106.017656214852));
#6251=CARTESIAN_POINT('Ctrl Pts',(108.359164253511,-3.94753182950432,105.754487845095));
#6252=CARTESIAN_POINT('Ctrl Pts',(108.344127869531,-4.10573313409054,105.37495714941));
#6253=CARTESIAN_POINT('Ctrl Pts',(108.327182819649,-4.28332403110935,104.918329620269));
#6254=CARTESIAN_POINT('Ctrl Pts',(108.31248612116,-4.4488827447855,104.463569791813));
#6255=CARTESIAN_POINT('Ctrl Pts',(108.300537141647,-4.60378790249191,104.012523528441));
#6256=CARTESIAN_POINT('Ctrl Pts',(108.287908182075,-4.79882423971222,103.416125617472));
#6257=CARTESIAN_POINT('Ctrl Pts',(108.276027528468,-5.02680818112325,102.675914905595));
#6258=CARTESIAN_POINT('Ctrl Pts',(108.262791207624,-5.28411223228464,101.785394082308));
#6259=CARTESIAN_POINT('Ctrl Pts',(108.248802117979,-5.52622908793467,100.888586323187));
#6260=CARTESIAN_POINT('Ctrl Pts',(108.234485141479,-5.75183921551128,99.9867098568878));
#6261=CARTESIAN_POINT('Ctrl Pts',(108.221365067451,-5.96027608856019,99.0840344911221));
#6262=CARTESIAN_POINT('Ctrl Pts',(108.209996677915,-6.15305424795702,98.1826772164052));
#6263=CARTESIAN_POINT('Ctrl Pts',(108.200396999357,-6.33236136937761,97.2833370839352));
#6264=CARTESIAN_POINT('Ctrl Pts',(108.191946967254,-6.50038321740262,96.3849022407151));
#6265=CARTESIAN_POINT('Ctrl Pts',(108.18408433917,-6.65842582357043,95.486147937782));
#6266=CARTESIAN_POINT('Ctrl Pts',(108.176528272816,-6.8071259128478,94.5864388481165));
#6267=CARTESIAN_POINT('Ctrl Pts',(108.17040249132,-6.9234967100269,93.8357026526651));
#6268=CARTESIAN_POINT('Ctrl Pts',(108.165647895706,-7.01216167462591,93.2346733758174));
#6269=CARTESIAN_POINT('Ctrl Pts',(108.161016576755,-7.09792281775601,92.6334392141861));
#6270=CARTESIAN_POINT('Ctrl Pts',(108.155489884134,-7.1997931290349,91.8816347579009));
#6271=CARTESIAN_POINT('Ctrl Pts',(108.149332137163,-7.31398106986059,90.9793806958891));
#6272=CARTESIAN_POINT('Ctrl Pts',(108.143638534915,-7.42065000867282,90.0772023633533));
#6273=CARTESIAN_POINT('Ctrl Pts',(108.138348409597,-7.52032023398225,89.1751011598717));
#6274=CARTESIAN_POINT('Ctrl Pts',(108.134188347018,-7.59790234439903,88.4232884200123));
#6275=CARTESIAN_POINT('Ctrl Pts',(108.130969894512,-7.65683145073643,87.8217478990868));
#6276=CARTESIAN_POINT('Ctrl Pts',(108.127816623453,-7.71370468076226,87.2201410804303));
#6277=CARTESIAN_POINT('Ctrl Pts',(108.123983046815,-7.78100538291992,86.4679978867648));
#6278=CARTESIAN_POINT('Ctrl Pts',(108.119534037635,-7.85586080355804,85.5652345746904));
#6279=CARTESIAN_POINT('Ctrl Pts',(108.115240707197,-7.92495304158272,84.6623705877585));
#6280=CARTESIAN_POINT('Ctrl Pts',(108.11112524093,-7.98844285896842,83.7595458056669));
#6281=CARTESIAN_POINT('Ctrl Pts',(108.107853320062,-8.03684388478433,83.0073123220077));
#6282=CARTESIAN_POINT('Ctrl Pts',(108.105329511537,-8.07296337805756,82.4056286991538));
#6283=CARTESIAN_POINT('Ctrl Pts',(108.102866264393,-8.10738267889388,81.8040180941868));
#6284=CARTESIAN_POINT('Ctrl Pts',(108.100292458865,-8.1419623236723,81.1523968874286));
#6285=CARTESIAN_POINT('Ctrl Pts',(108.097619759264,-8.17608088887227,80.4507892500018));
#6286=CARTESIAN_POINT('Ctrl Pts',(108.095387474313,-8.20323108470882,79.8494904911214));
#6287=CARTESIAN_POINT('Ctrl Pts',(108.093204555081,-8.22832556583014,79.248254150089));
#6288=CARTESIAN_POINT('Ctrl Pts',(108.091420472379,-8.24754946457899,78.7472651559265));
#6289=CARTESIAN_POINT('Ctrl Pts',(108.090011475707,-8.26192779416663,78.3464945646406));
#6290=CARTESIAN_POINT('Ctrl Pts',(108.088614019413,-8.27564218369046,77.9457369799486));
#6291=CARTESIAN_POINT('Ctrl Pts',(108.086887658104,-8.2915463708105,77.4448130761283));
#6292=CARTESIAN_POINT('Ctrl Pts',(108.084846516042,-8.30866597814191,76.8437410847376));
#6293=CARTESIAN_POINT('Ctrl Pts',(108.082835162687,-8.32383532264181,76.2427096973269));
#6294=CARTESIAN_POINT('Ctrl Pts',(108.080854209813,-8.33706955626903,75.6417265193786));
#6295=CARTESIAN_POINT('Ctrl Pts',(108.079068064733,-8.34744225758936,75.0908802221515));
#6296=CARTESIAN_POINT('Ctrl Pts',(108.077789705668,-8.35387810279506,74.6903081901457));
#6297=CARTESIAN_POINT('Ctrl Pts',(108.076523705996,-8.35968642251422,74.2897639462878));
#6298=CARTESIAN_POINT('Ctrl Pts',(108.075117020369,-8.3653409869713,73.8391918729379));
#6299=CARTESIAN_POINT('Ctrl Pts',(108.07327992829,-8.37102770204537,73.2385223702114));
#6300=CARTESIAN_POINT('Ctrl Pts',(108.071481257181,-8.37488686682855,72.6379495579005));
#6301=CARTESIAN_POINT('Ctrl Pts',(108.069720048852,-8.3769434693854,72.0374734302334));
#6302=CARTESIAN_POINT('Ctrl Pts',(108.06828199833,-8.37717502407124,71.5371540854131));
#6303=CARTESIAN_POINT('Ctrl Pts',(108.067147991917,-8.37648177017324,71.1369416254221));
#6304=CARTESIAN_POINT('Ctrl Pts',(108.06602436599,-8.37520601669738,70.7367561697997));
#6305=CARTESIAN_POINT('Ctrl Pts',(108.064638161952,-8.37252488865719,70.236571632189));
#6306=CARTESIAN_POINT('Ctrl Pts',(108.062999779409,-8.36758418626489,69.6364124842577));
#6307=CARTESIAN_POINT('Ctrl Pts',(108.06138205724,-8.36093015275405,69.0363012840651));
#6308=CARTESIAN_POINT('Ctrl Pts',(108.059781862374,-8.35256896590937,68.4362278069249));
#6309=CARTESIAN_POINT('Ctrl Pts',(108.058461320298,-8.34418143729048,67.9361927227961));
#6310=CARTESIAN_POINT('Ctrl Pts',(108.057412145809,-8.33662037494377,67.5361788629534));
#6311=CARTESIAN_POINT('Ctrl Pts',(108.056367806002,-8.32849213843078,67.1361745898923));
#6312=CARTESIAN_POINT('Ctrl Pts',(108.055071463604,-8.31726878236997,66.6361875463171));
#6313=CARTESIAN_POINT('Ctrl Pts',(108.05353130299,-8.30210156447261,66.0362367010186));
#6314=CARTESIAN_POINT('Ctrl Pts',(108.052008345515,-8.28523854873193,65.4363271506607));
#6315=CARTESIAN_POINT('Ctrl Pts',(108.050505247104,-8.26668559476031,64.8364702639793));
#6316=CARTESIAN_POINT('Ctrl Pts',(108.049272080824,-8.24982466296009,64.3366456888748));
#6317=CARTESIAN_POINT('Ctrl Pts',(108.048298804375,-8.2355027302793,63.9368268933687));
#6318=CARTESIAN_POINT('Ctrl Pts',(108.047334621399,-8.22062814143865,63.5370367352562));
#6319=CARTESIAN_POINT('Ctrl Pts',(108.046146796066,-8.201003880939,63.0373548711918));
#6320=CARTESIAN_POINT('Ctrl Pts',(108.044749097523,-8.17582257087189,62.4378281713959));
#6321=CARTESIAN_POINT('Ctrl Pts',(108.043377363439,-8.1490254020632,61.8383893933889));
#6322=CARTESIAN_POINT('Ctrl Pts',(108.04202849173,-8.12062602211219,61.2390297560395));
#6323=CARTESIAN_POINT('Ctrl Pts',(108.040808803064,-8.09313259658698,60.6896761843685));
#6324=CARTESIAN_POINT('Ctrl Pts',(108.039929101676,-8.07220937324155,60.2901732388642));
#6325=CARTESIAN_POINT('Ctrl Pts',(108.039051846108,-8.05075451384682,59.8906797765949));
#6326=CARTESIAN_POINT('Ctrl Pts',(108.038067494666,-8.02586930795018,59.4412599763046));
#6327=CARTESIAN_POINT('Ctrl Pts',(108.036752285763,-7.99107705297622,58.8420274992756));
#6328=CARTESIAN_POINT('Ctrl Pts',(108.035426012688,-7.95464574542965,58.242760772295));
#6329=CARTESIAN_POINT('Ctrl Pts',(108.034082622401,-7.91653953850688,57.6434415746362));
#6330=CARTESIAN_POINT('Ctrl Pts',(108.03271821603,-7.87671562338021,57.0440616050256));
#6331=CARTESIAN_POINT('Ctrl Pts',(108.031561895924,-7.84205852737984,56.544527667021));
#6332=CARTESIAN_POINT('Ctrl Pts',(108.030625213327,-7.8134261010228,56.1448752646318));
#6333=CARTESIAN_POINT('Ctrl Pts',(108.029681031153,-7.78418114646986,55.7452090507642));
#6334=CARTESIAN_POINT('Ctrl Pts',(108.028487299389,-7.7464613721309,55.2456066223717));
#6335=CARTESIAN_POINT('Ctrl Pts',(108.027036573127,-7.69929079064077,54.6460796840594));
#6336=CARTESIAN_POINT('Ctrl Pts',(108.025572720393,-7.65017328380144,54.0465819139547));
#6337=CARTESIAN_POINT('Ctrl Pts',(108.024347598991,-7.60759300764239,53.5470572403445));
#6338=CARTESIAN_POINT('Ctrl Pts',(108.023368130633,-7.57252820951479,53.1474921454646));
#6339=CARTESIAN_POINT('Ctrl Pts',(108.022390162998,-7.53679405868877,52.7479694106368));
#6340=CARTESIAN_POINT('Ctrl Pts',(108.02092868332,-7.48168211554012,52.1487924094552));
#6341=CARTESIAN_POINT('Ctrl Pts',(108.019000297523,-7.40482990426119,51.350174017971));
#6342=CARTESIAN_POINT('Ctrl Pts',(108.016868134418,-7.31381939173438,50.452176027519));
#6343=CARTESIAN_POINT('Ctrl Pts',(108.014776431353,-7.21826623259505,49.5546605877936));
#6344=CARTESIAN_POINT('Ctrl Pts',(108.012722140656,-7.11817684856567,48.6576379740016));
#6345=CARTESIAN_POINT('Ctrl Pts',(108.011202350185,-7.03970070200117,47.985231100406));
#6346=CARTESIAN_POINT('Ctrl Pts',(108.009858030636,-6.96803389720819,47.3877284534974));
#6347=CARTESIAN_POINT('Ctrl Pts',(108.008518535755,-6.89483417237969,46.7903802412421));
#6348=CARTESIAN_POINT('Ctrl Pts',(108.006684943154,-6.79046072228527,45.9694020794493));
#6349=CARTESIAN_POINT('Ctrl Pts',(108.004694881983,-6.67189138113607,45.0742885237604));
#6350=CARTESIAN_POINT('Ctrl Pts',(108.002720270898,-6.5485566889439,44.1797289903372));
#6351=CARTESIAN_POINT('Ctrl Pts',(108.001096427169,-6.44177636407438,43.4347919846669));
#6352=CARTESIAN_POINT('Ctrl Pts',(107.999817993696,-6.35395068113865,42.8392125722406));
#6353=CARTESIAN_POINT('Ctrl Pts',(107.998556581632,-6.26453154252608,42.2439011634301));
#6354=CARTESIAN_POINT('Ctrl Pts',(107.997017928214,-6.14978677556333,41.5003045707236));
#6355=CARTESIAN_POINT('Ctrl Pts',(107.995255083733,-6.0074474038109,40.6089989435308));
#6356=CARTESIAN_POINT('Ctrl Pts',(107.993600926443,-5.86064758793452,39.7188572801999));
#6357=CARTESIAN_POINT('Ctrl Pts',(107.992082405153,-5.70965107301807,38.8300400324577));
#6358=CARTESIAN_POINT('Ctrl Pts',(107.990953473664,-5.58062323901138,38.0905980161612));
#6359=CARTESIAN_POINT('Ctrl Pts',(107.99014681077,-5.47571163399094,37.4998691045114));
#6360=CARTESIAN_POINT('Ctrl Pts',(107.989409103732,-5.36976675866747,36.9097145879859));
#6361=CARTESIAN_POINT('Ctrl Pts',(107.988623820777,-5.23557605460119,36.1731371178766));
#6362=CARTESIAN_POINT('Ctrl Pts',(107.987912145099,-5.07235686249725,35.2910672527934));
#6363=CARTESIAN_POINT('Ctrl Pts',(107.987429204336,-4.90760210054129,34.4107637609294));
#6364=CARTESIAN_POINT('Ctrl Pts',(107.987162346363,-4.74195853924455,33.5320947938265));
#6365=CARTESIAN_POINT('Ctrl Pts',(107.987100988555,-4.60368721451931,32.8010632833429));
#6366=CARTESIAN_POINT('Ctrl Pts',(107.987132871399,-4.4931969970111,32.2168224312776));
#6367=CARTESIAN_POINT('Ctrl Pts',(107.987212538373,-4.38286573812274,31.6329206362028));
#6368=CARTESIAN_POINT('Ctrl Pts',(107.987390675285,-4.24538434508908,30.9035886815811));
#6369=CARTESIAN_POINT('Ctrl Pts',(107.987699591766,-4.08145895366324,30.029011758118));
#6370=CARTESIAN_POINT('Ctrl Pts',(107.98807843235,-3.91887002204209,29.154848644889));
#6371=CARTESIAN_POINT('Ctrl Pts',(107.988506237098,-3.75784553759143,28.2809273913977));
#6372=CARTESIAN_POINT('Ctrl Pts',(107.988889545809,-3.62510817201195,27.5527471064012));
#6373=CARTESIAN_POINT('Ctrl Pts',(107.989205636993,-3.5198556261331,26.9702016310248));
#6374=CARTESIAN_POINT('Ctrl Pts',(107.989526310787,-3.41524523356878,26.3876415654296));
#6375=CARTESIAN_POINT('Ctrl Pts',(107.989932653976,-3.28571753138919,25.6593893075393));
#6376=CARTESIAN_POINT('Ctrl Pts',(107.990421617018,-3.13233883518604,24.7853435403239));
#6377=CARTESIAN_POINT('Ctrl Pts',(107.990907263937,-2.98107514271838,23.9111174386928));
#6378=CARTESIAN_POINT('Ctrl Pts',(107.991387304444,-2.83198037277744,23.0366929966133));
#6379=CARTESIAN_POINT('Ctrl Pts',(107.991782782816,-2.70958898294909,22.3078424719998));
#6380=CARTESIAN_POINT('Ctrl Pts',(107.992097673664,-2.61282391936433,21.7246757760194));
#6381=CARTESIAN_POINT('Ctrl Pts',(107.992412154165,-2.5168395275675,21.1414570304875));
#6382=CARTESIAN_POINT('Ctrl Pts',(107.992805309402,-2.39835229252685,20.4123433534386));
#6383=CARTESIAN_POINT('Ctrl Pts',(107.993278381997,-2.25866402667526,19.5372690589422));
#6384=CARTESIAN_POINT('Ctrl Pts',(107.993752173935,-2.12158815018209,18.6620423175657));
#6385=CARTESIAN_POINT('Ctrl Pts',(107.994224569819,-1.98724066037912,17.7866295733918));
#6386=CARTESIAN_POINT('Ctrl Pts',(107.994613814862,-1.87764690142062,17.0569166584404));
#6387=CARTESIAN_POINT('Ctrl Pts',(107.994919932132,-1.79143246583793,16.4729869551553));
#6388=CARTESIAN_POINT('Ctrl Pts',(107.995221767045,-1.70620267777501,15.8889397114288));
#6389=CARTESIAN_POINT('Ctrl Pts',(107.995589683833,-1.60153171206432,15.1586404059625));
#6390=CARTESIAN_POINT('Ctrl Pts',(107.996012858468,-1.47896240215789,14.2818484850247));
#6391=CARTESIAN_POINT('Ctrl Pts',(107.996415795093,-1.35946899285166,13.4046012407189));
#6392=CARTESIAN_POINT('Ctrl Pts',(107.996798032873,-1.24309198832581,12.5269071821122));
#6393=CARTESIAN_POINT('Ctrl Pts',(107.99710022938,-1.14875354089577,11.7951643196454));
#6394=CARTESIAN_POINT('Ctrl Pts',(107.997332891298,-1.07490649314038,11.2096081553009));
#6395=CARTESIAN_POINT('Ctrl Pts',(107.997559678885,-1.0021585665668,10.6239588173732));
#6396=CARTESIAN_POINT('Ctrl Pts',(107.997723375484,-0.948853731539031,10.184634347308));
#6397=CARTESIAN_POINT('Ctrl Pts',(107.997829698006,-0.913896135347907,9.8917277952244));
#6398=CARTESIAN_POINT('Ctrl Pts',(109.075097627847,-1.30219036137699,109.752206478736));
#6399=CARTESIAN_POINT('Ctrl Pts',(109.06957583657,-1.37568700063256,109.685524020612));
#6400=CARTESIAN_POINT('Ctrl Pts',(109.058081034841,-1.53373142371009,109.533721461466));
#6401=CARTESIAN_POINT('Ctrl Pts',(109.039960990281,-1.77158449511669,109.289649440657));
#6402=CARTESIAN_POINT('Ctrl Pts',(109.019353632281,-1.98677269987752,109.047629879057));
#6403=CARTESIAN_POINT('Ctrl Pts',(109.004823324238,-2.11597784026975,108.887157054028));
#6404=CARTESIAN_POINT('Ctrl Pts',(109.004752823394,-2.11660635614142,108.886376757673));
#6405=CARTESIAN_POINT('Ctrl Pts',(109.004668116282,-2.11736021649582,108.885440265888));
#6406=CARTESIAN_POINT('Ctrl Pts',(109.004498746598,-2.11886753032077,108.883567330727));
#6407=CARTESIAN_POINT('Ctrl Pts',(109.004117499662,-2.12225570391067,108.879352983537));
#6408=CARTESIAN_POINT('Ctrl Pts',(109.003721911812,-2.12576216094036,108.874982194047));
#6409=CARTESIAN_POINT('Ctrl Pts',(109.003269665359,-2.12976257789869,108.86998683127));
#6410=CARTESIAN_POINT('Ctrl Pts',(109.002817266917,-2.13375740968067,108.864991252015));
#6411=CARTESIAN_POINT('Ctrl Pts',(109.001968683794,-2.14122934690998,108.855624133239));
#6412=CARTESIAN_POINT('Ctrl Pts',(109.001176093863,-2.14817339953813,108.846880783132));
#6413=CARTESIAN_POINT('Ctrl Pts',(109.000270289695,-2.15608109415749,108.836888582926));
#6414=CARTESIAN_POINT('Ctrl Pts',(108.998911360943,-2.1679082244974,108.821900093378));
#6415=CARTESIAN_POINT('Ctrl Pts',(108.996759913467,-2.18648380135497,108.7981690499));
#6416=CARTESIAN_POINT('Ctrl Pts',(108.994048643683,-2.20966968127929,108.768199095263));
#6417=CARTESIAN_POINT('Ctrl Pts',(108.989548213564,-2.24784728282325,108.718262398183));
#6418=CARTESIAN_POINT('Ctrl Pts',(108.984208860133,-2.29253988922907,108.65836810575));
#6419=CARTESIAN_POINT('Ctrl Pts',(108.979036290641,-2.33584430530273,108.598568341782));
#6420=CARTESIAN_POINT('Ctrl Pts',(108.976305913013,-2.35884170278636,108.566232641767));
#6421=CARTESIAN_POINT('Ctrl Pts',(108.974646528667,-2.37287560981175,108.546352527973));
#6422=CARTESIAN_POINT('Ctrl Pts',(108.970538306383,-2.40771947767563,108.49669073636));
#6423=CARTESIAN_POINT('Ctrl Pts',(108.96371994865,-2.46667673126419,108.410160456729));
#6424=CARTESIAN_POINT('Ctrl Pts',(108.957551661072,-2.52378187526191,108.322388809846));
#6425=CARTESIAN_POINT('Ctrl Pts',(108.952576489591,-2.57271734646728,108.245198642676));
#6426=CARTESIAN_POINT('Ctrl Pts',(108.947996916593,-2.62023384000033,108.168657409769));
#6427=CARTESIAN_POINT('Ctrl Pts',(108.942620188068,-2.68254304087159,108.064905800764));
#6428=CARTESIAN_POINT('Ctrl Pts',(108.938573536575,-2.73650818041739,107.972092398335));
#6429=CARTESIAN_POINT('Ctrl Pts',(108.934334000918,-2.79927371079899,107.861946453186));
#6430=CARTESIAN_POINT('Ctrl Pts',(108.929620955299,-2.8797721504302,107.717073795811));
#6431=CARTESIAN_POINT('Ctrl Pts',(108.924589282261,-2.98501911553767,107.521408532715));
#6432=CARTESIAN_POINT('Ctrl Pts',(108.919956781571,-3.09564968923861,107.310171357842));
#6433=CARTESIAN_POINT('Ctrl Pts',(108.916689033241,-3.17673679824522,107.151993106314));
#6434=CARTESIAN_POINT('Ctrl Pts',(108.913752645987,-3.24820051210512,107.0109632996));
#6435=CARTESIAN_POINT('Ctrl Pts',(108.910763749345,-3.31918815466005,106.869515207178));
#6436=CARTESIAN_POINT('Ctrl Pts',(108.906386843729,-3.41593014632027,106.673481160265));
#6437=CARTESIAN_POINT('Ctrl Pts',(108.901131289838,-3.52058865314142,106.457045251801));
#6438=CARTESIAN_POINT('Ctrl Pts',(108.896306943097,-3.60696641153089,106.274340533618));
#6439=CARTESIAN_POINT('Ctrl Pts',(108.892203245211,-3.67532895890359,106.126933365267));
#6440=CARTESIAN_POINT('Ctrl Pts',(108.887968217002,-3.74312250019603,105.978782653143));
#6441=CARTESIAN_POINT('Ctrl Pts',(108.880231892596,-3.86001842187107,105.717740684226));
#6442=CARTESIAN_POINT('Ctrl Pts',(108.868776311927,-4.02073824157495,105.341252431046));
#6443=CARTESIAN_POINT('Ctrl Pts',(108.855824152254,-4.20132602085052,104.887902148675));
#6444=CARTESIAN_POINT('Ctrl Pts',(108.84457432077,-4.36967202633134,104.435848129683));
#6445=CARTESIAN_POINT('Ctrl Pts',(108.835382643424,-4.52681665121645,103.986951438687));
#6446=CARTESIAN_POINT('Ctrl Pts',(108.825671506033,-4.72438269091071,103.392726857847));
#6447=CARTESIAN_POINT('Ctrl Pts',(108.81648942364,-4.95469861414959,102.654525597346));
#6448=CARTESIAN_POINT('Ctrl Pts',(108.806260536263,-5.21477886425205,101.766125458926));
#6449=CARTESIAN_POINT('Ctrl Pts',(108.79542540183,-5.45991555777674,100.871465298187));
#6450=CARTESIAN_POINT('Ctrl Pts',(108.784311743967,-5.68872299733787,99.9716674541228));
#6451=CARTESIAN_POINT('Ctrl Pts',(108.77410627828,-5.90018824286858,99.0707871331769));
#6452=CARTESIAN_POINT('Ctrl Pts',(108.765244360831,-6.09564612863627,98.1709075986494));
#6453=CARTESIAN_POINT('Ctrl Pts',(108.757747729271,-6.27725525870995,97.2727601076729));
#6454=CARTESIAN_POINT('Ctrl Pts',(108.751138990036,-6.44733255274847,96.3753331867229));
#6455=CARTESIAN_POINT('Ctrl Pts',(108.744980735437,-6.60730920173447,95.4774828700602));
#6456=CARTESIAN_POINT('Ctrl Pts',(108.739056151969,-6.75789762683836,94.5786043180568));
#6457=CARTESIAN_POINT('Ctrl Pts',(108.734243583634,-6.87579686793313,93.8285266165795));
#6458=CARTESIAN_POINT('Ctrl Pts',(108.730510006101,-6.96568863064377,93.227973513774));
#6459=CARTESIAN_POINT('Ctrl Pts',(108.726872083087,-7.05265747534969,92.627188295087));
#6460=CARTESIAN_POINT('Ctrl Pts',(108.722520709606,-7.15594115541617,91.8759279098739));
#6461=CARTESIAN_POINT('Ctrl Pts',(108.717668902093,-7.27172948939067,90.9742466080041));
#6462=CARTESIAN_POINT('Ctrl Pts',(108.71318310721,-7.37991998400131,90.0725566519919));
#6463=CARTESIAN_POINT('Ctrl Pts',(108.709004550562,-7.4809724550707,89.1709193314561));
#6464=CARTESIAN_POINT('Ctrl Pts',(108.705719054987,-7.55966952697383,88.4194436259169));
#6465=CARTESIAN_POINT('Ctrl Pts',(108.703173773505,-7.61945360855783,87.8181643729886));
#6466=CARTESIAN_POINT('Ctrl Pts',(108.700682254959,-7.67718796689828,87.2167925591393));
#6467=CARTESIAN_POINT('Ctrl Pts',(108.697645908317,-7.74550464233485,86.4649542891885));
#6468=CARTESIAN_POINT('Ctrl Pts',(108.694122902401,-7.82156932007724,85.5625118709959));
#6469=CARTESIAN_POINT('Ctrl Pts',(108.690719783519,-7.89182890981786,84.659950489483));
#6470=CARTESIAN_POINT('Ctrl Pts',(108.687454624888,-7.95643946881853,83.7574060547637));
#6471=CARTESIAN_POINT('Ctrl Pts',(108.684858116534,-8.00574348442242,83.0053804488482));
#6472=CARTESIAN_POINT('Ctrl Pts',(108.682853151147,-8.04255415607868,82.4038583704097));
#6473=CARTESIAN_POINT('Ctrl Pts',(108.680898047715,-8.07766569043098,81.8023877334294));
#6474=CARTESIAN_POINT('Ctrl Pts',(108.67884975527,-8.11294040297508,81.1509355362845));
#6475=CARTESIAN_POINT('Ctrl Pts',(108.67672533992,-8.14780816951599,80.4494745104113));
#6476=CARTESIAN_POINT('Ctrl Pts',(108.674949537473,-8.17558035732517,79.8482998225672));
#6477=CARTESIAN_POINT('Ctrl Pts',(108.673212134602,-8.20128323045251,79.2471821451633));
#6478=CARTESIAN_POINT('Ctrl Pts',(108.671792062678,-8.22100842298004,78.7462847593895));
#6479=CARTESIAN_POINT('Ctrl Pts',(108.670669800597,-8.23578032757526,78.3455876053478));
#6480=CARTESIAN_POINT('Ctrl Pts',(108.669557522163,-8.24989246134473,77.9448948916989));
#6481=CARTESIAN_POINT('Ctrl Pts',(108.668182486332,-8.26628462687471,77.4440533423184));
#6482=CARTESIAN_POINT('Ctrl Pts',(108.666555483719,-8.28397784970997,76.8430798110402));
#6483=CARTESIAN_POINT('Ctrl Pts',(108.664951647648,-8.29971347274881,76.2421428252948));
#6484=CARTESIAN_POINT('Ctrl Pts',(108.663371245883,-8.3135048572479,75.6412509026879));
#6485=CARTESIAN_POINT('Ctrl Pts',(108.66194628913,-8.32438452660253,75.0904806544838));
#6486=CARTESIAN_POINT('Ctrl Pts',(108.660925970955,-8.33118270153236,74.6899623597836));
#6487=CARTESIAN_POINT('Ctrl Pts',(108.659916767458,-8.33736027368896,74.2894595722137));
#6488=CARTESIAN_POINT('Ctrl Pts',(108.658792243543,-8.34340462327261,73.8389550838991));
#6489=CARTESIAN_POINT('Ctrl Pts',(108.65732543737,-8.34961759515135,73.2383530154261));
#6490=CARTESIAN_POINT('Ctrl Pts',(108.655888168168,-8.35398798366644,72.6378493017538));
#6491=CARTESIAN_POINT('Ctrl Pts',(108.654480356192,-8.35654578883815,72.0374382006663));
#6492=CARTESIAN_POINT('Ctrl Pts',(108.653330989718,-8.35719070413522,71.537166166964));
#6493=CARTESIAN_POINT('Ctrl Pts',(108.652424053573,-8.35682111685943,71.1369927793901));
#6494=CARTESIAN_POINT('Ctrl Pts',(108.651526210384,-8.35587301427095,70.7368373567874));
#6495=CARTESIAN_POINT('Ctrl Pts',(108.650416515651,-8.35358358072188,70.2367039328883));
#6496=CARTESIAN_POINT('Ctrl Pts',(108.64910574714,-8.34911515515795,69.6365922679354));
#6497=CARTESIAN_POINT('Ctrl Pts',(108.647810805541,-8.34292567956861,69.0365289882807));
#6498=CARTESIAN_POINT('Ctrl Pts',(108.646529388259,-8.33502367441351,68.4365015371166));
#6499=CARTESIAN_POINT('Ctrl Pts',(108.645472080705,-8.32701897275289,67.9364986409115));
#6500=CARTESIAN_POINT('Ctrl Pts',(108.644631529135,-8.3197598874493,67.5365122531344));
#6501=CARTESIAN_POINT('Ctrl Pts',(108.64379557242,-8.31193857271191,67.1365266913401));
#6502=CARTESIAN_POINT('Ctrl Pts',(108.642756057757,-8.30108466781081,66.6365770885586));
#6503=CARTESIAN_POINT('Ctrl Pts',(108.641521774633,-8.28636493618861,66.0366577838136));
#6504=CARTESIAN_POINT('Ctrl Pts',(108.640300641316,-8.2699427011589,65.4367806182051));
#6505=CARTESIAN_POINT('Ctrl Pts',(108.639094975355,-8.25182436400693,64.8369544688484));
#6506=CARTESIAN_POINT('Ctrl Pts',(108.638105982585,-8.23532348196409,64.3371494509761));
#6507=CARTESIAN_POINT('Ctrl Pts',(108.637324952035,-8.22128364051789,63.9373481414657));
#6508=CARTESIAN_POINT('Ctrl Pts',(108.636551875404,-8.20669424525792,63.5375667506357));
#6509=CARTESIAN_POINT('Ctrl Pts',(108.63559782532,-8.18741073320147,63.0379100895506));
#6510=CARTESIAN_POINT('Ctrl Pts',(108.634475902744,-8.16263803620413,62.4384003974819));
#6511=CARTESIAN_POINT('Ctrl Pts',(108.633374223143,-8.13623987797937,61.8389803501727));
#6512=CARTESIAN_POINT('Ctrl Pts',(108.632290600698,-8.10823294467983,61.2396373548746));
#6513=CARTESIAN_POINT('Ctrl Pts',(108.631310755767,-8.0810964297592,60.6902949226616));
#6514=CARTESIAN_POINT('Ctrl Pts',(108.630603816399,-8.06043024995076,60.2907997074466));
#6515=CARTESIAN_POINT('Ctrl Pts',(108.629899651231,-8.03923842646042,59.8913031495509));
#6516=CARTESIAN_POINT('Ctrl Pts',(108.629107485033,-8.01463433774896,59.4419015014364));
#6517=CARTESIAN_POINT('Ctrl Pts',(108.628050372848,-7.98022957165312,58.8426727797396));
#6518=CARTESIAN_POINT('Ctrl Pts',(108.626983586184,-7.94418544018561,58.2434146724229));
#6519=CARTESIAN_POINT('Ctrl Pts',(108.625902890579,-7.90647259751672,57.6441004279505));
#6520=CARTESIAN_POINT('Ctrl Pts',(108.624805262641,-7.86705032019819,57.0447208676507));
#6521=CARTESIAN_POINT('Ctrl Pts',(108.623874007563,-7.83272800093246,56.5451952382292));
#6522=CARTESIAN_POINT('Ctrl Pts',(108.62312061519,-7.80437517068439,56.1455342961064));
#6523=CARTESIAN_POINT('Ctrl Pts',(108.622360332614,-7.77540655440603,55.7458685309218));
#6524=CARTESIAN_POINT('Ctrl Pts',(108.621400089808,-7.73804493813676,55.2462496373708));
#6525=CARTESIAN_POINT('Ctrl Pts',(108.62023124261,-7.69129840725686,54.6467213742836));
#6526=CARTESIAN_POINT('Ctrl Pts',(108.619051845434,-7.64261155172094,54.0472147878312));
#6527=CARTESIAN_POINT('Ctrl Pts',(108.6180648535,-7.60039434968236,53.547676292297));
#6528=CARTESIAN_POINT('Ctrl Pts',(108.617275403812,-7.56561845978131,53.148101481927));
#6529=CARTESIAN_POINT('Ctrl Pts',(108.616487708829,-7.53017759685561,52.7485588772331));
#6530=CARTESIAN_POINT('Ctrl Pts',(108.615309024449,-7.47549461301115,52.149369295855));
#6531=CARTESIAN_POINT('Ctrl Pts',(108.613753523822,-7.39921060707047,51.3507250827591));
#6532=CARTESIAN_POINT('Ctrl Pts',(108.612033053391,-7.30882950445751,50.4526927314158));
#6533=CARTESIAN_POINT('Ctrl Pts',(108.610344264458,-7.21389180088354,49.5551412000568));
#6534=CARTESIAN_POINT('Ctrl Pts',(108.608685984541,-7.11441395139211,48.6580638438444));
#6535=CARTESIAN_POINT('Ctrl Pts',(108.607456967504,-7.03637798668116,47.9856396879891));
#6536=CARTESIAN_POINT('Ctrl Pts',(108.606372002602,-6.96511757877789,47.3880798729085));
#6537=CARTESIAN_POINT('Ctrl Pts',(108.605289491614,-6.89231419123008,46.7906937689489));
#6538=CARTESIAN_POINT('Ctrl Pts',(108.603807280653,-6.78848380937164,45.9696567579256));
#6539=CARTESIAN_POINT('Ctrl Pts',(108.602197844008,-6.67050306975931,45.0744771495186));
#6540=CARTESIAN_POINT('Ctrl Pts',(108.600600163198,-6.54775109278764,44.179847330957));
#6541=CARTESIAN_POINT('Ctrl Pts',(108.599286316467,-6.44145341911291,43.4348390565374));
#6542=CARTESIAN_POINT('Ctrl Pts',(108.598251316039,-6.35400521142395,42.8392064980893));
#6543=CARTESIAN_POINT('Ctrl Pts',(108.597230741321,-6.26496384374609,42.2438243728539));
#6544=CARTESIAN_POINT('Ctrl Pts',(108.595984060239,-6.15067027768301,41.5001676064278));
#6545=CARTESIAN_POINT('Ctrl Pts',(108.594556164387,-6.00885318216136,40.6087676493828));
#6546=CARTESIAN_POINT('Ctrl Pts',(108.593215747877,-5.86254248955087,39.7185360128958));
#6547=CARTESIAN_POINT('Ctrl Pts',(108.591984635136,-5.71199287184488,38.8296354880798));
#6548=CARTESIAN_POINT('Ctrl Pts',(108.591069533694,-5.5832996039805,38.090120151054));
#6549=CARTESIAN_POINT('Ctrl Pts',(108.590415283466,-5.47862519713343,37.4993427290858));
#6550=CARTESIAN_POINT('Ctrl Pts',(108.589817335806,-5.37289974318704,36.9091328983581));
#6551=CARTESIAN_POINT('Ctrl Pts',(108.589180096252,-5.23893879751068,36.1725097891646));
#6552=CARTESIAN_POINT('Ctrl Pts',(108.588602674624,-5.07592860983348,35.2903927601898));
#6553=CARTESIAN_POINT('Ctrl Pts',(108.588210909701,-4.91131622260501,34.4100537012644));
#6554=CARTESIAN_POINT('Ctrl Pts',(108.587994169048,-4.74574986666754,33.53137065468));
#6555=CARTESIAN_POINT('Ctrl Pts',(108.587944441028,-4.60749684475525,32.8003330042647));
#6556=CARTESIAN_POINT('Ctrl Pts',(108.587970244175,-4.49699684006092,32.2160958323789));
#6557=CARTESIAN_POINT('Ctrl Pts',(108.588034813868,-4.38664180204087,31.6322017108636));
#6558=CARTESIAN_POINT('Ctrl Pts',(108.58817942736,-4.24910830693299,30.902879801049));
#6559=CARTESIAN_POINT('Ctrl Pts',(108.588429938466,-4.08509151049673,30.0283286165372));
#6560=CARTESIAN_POINT('Ctrl Pts',(108.588737395138,-3.92239163413063,29.1541888925726));
#6561=CARTESIAN_POINT('Ctrl Pts',(108.589084230697,-3.76124044361279,28.280304460598));
#6562=CARTESIAN_POINT('Ctrl Pts',(108.589395209815,-3.62839056554956,27.5521491659014));
#6563=CARTESIAN_POINT('Ctrl Pts',(108.589651622756,-3.5230451620112,26.9696246636833));
#6564=CARTESIAN_POINT('Ctrl Pts',(108.589911560027,-3.41833981890257,26.3870918290435));
#6565=CARTESIAN_POINT('Ctrl Pts',(108.590241307064,-3.2886933143656,25.6588605750652));
#6566=CARTESIAN_POINT('Ctrl Pts',(108.590637785574,-3.13517057625327,24.7848496912405));
#6567=CARTESIAN_POINT('Ctrl Pts',(108.591031629451,-2.98376403694419,23.9106539562091));
#6568=CARTESIAN_POINT('Ctrl Pts',(108.591420916982,-2.83452819557769,23.0362588760079));
#6569=CARTESIAN_POINT('Ctrl Pts',(108.591741508782,-2.71202014495528,22.3074349925181));
#6570=CARTESIAN_POINT('Ctrl Pts',(108.591996835099,-2.61516247356572,21.7242865196212));
#6571=CARTESIAN_POINT('Ctrl Pts',(108.592251610576,-2.51908489090323,21.141094078907));
#6572=CARTESIAN_POINT('Ctrl Pts',(108.592570500734,-2.40048235870179,20.4119963822291));
#6573=CARTESIAN_POINT('Ctrl Pts',(108.592953893899,-2.26065449484283,19.5369535262341));
#6574=CARTESIAN_POINT('Ctrl Pts',(108.593337920705,-2.12343888601328,18.6617529197444));
#6575=CARTESIAN_POINT('Ctrl Pts',(108.593720802858,-1.98895217671311,17.7863658783889));
#6576=CARTESIAN_POINT('Ctrl Pts',(108.594036167841,-1.8792433105775,17.0566771638613));
#6577=CARTESIAN_POINT('Ctrl Pts',(108.59428424363,-1.79293854686679,16.4727629145749));
#6578=CARTESIAN_POINT('Ctrl Pts',(108.594528645617,-1.7076192449792,15.8887406876068));
#6579=CARTESIAN_POINT('Ctrl Pts',(108.594826897596,-1.6028398249764,15.1584517261032));
#6580=CARTESIAN_POINT('Ctrl Pts',(108.595169684303,-1.48014536999821,14.2816852239188));
#6581=CARTESIAN_POINT('Ctrl Pts',(108.595496115249,-1.36053269975986,13.4044562460093));
#6582=CARTESIAN_POINT('Ctrl Pts',(108.595805797445,-1.24404271488803,12.526778244694));
#6583=CARTESIAN_POINT('Ctrl Pts',(108.596050534224,-1.14961469624191,11.7950514729458));
#6584=CARTESIAN_POINT('Ctrl Pts',(108.596239032341,-1.07569881987575,11.2095028444841));
#6585=CARTESIAN_POINT('Ctrl Pts',(108.596422584766,-1.00288366327839,10.6238733787055));
#6586=CARTESIAN_POINT('Ctrl Pts',(108.596555336634,-0.949530459198101,10.1845441441762));
#6587=CARTESIAN_POINT('Ctrl Pts',(108.59664133706,-0.914541357795065,9.8916507894334));
#6588=CARTESIAN_POINT('Ctrl Pts',(109.76992902361,-0.912487739855561,109.354764045171));
#6589=CARTESIAN_POINT('Ctrl Pts',(109.768428743795,-0.980305868923557,109.293577928695));
#6590=CARTESIAN_POINT('Ctrl Pts',(109.765336791613,-1.12758075125371,109.153107762172));
#6591=CARTESIAN_POINT('Ctrl Pts',(109.760407455399,-1.34937519246345,108.926909451808));
#6592=CARTESIAN_POINT('Ctrl Pts',(109.754830754697,-1.54893184202904,108.704956481358));
#6593=CARTESIAN_POINT('Ctrl Pts',(109.750832532796,-1.66833725314783,108.558555499344));
#6594=CARTESIAN_POINT('Ctrl Pts',(109.750813084563,-1.66891782469418,108.557843572178));
#6595=CARTESIAN_POINT('Ctrl Pts',(109.750789744215,-1.66961433588633,108.556989170697));
#6596=CARTESIAN_POINT('Ctrl Pts',(109.750743058484,-1.67100689659517,108.555280398886));
#6597=CARTESIAN_POINT('Ctrl Pts',(109.750637982042,-1.67413726926168,108.551435506625));
#6598=CARTESIAN_POINT('Ctrl Pts',(109.750528947106,-1.67737708215198,108.547447967336));
#6599=CARTESIAN_POINT('Ctrl Pts',(109.750404273381,-1.68107334277706,108.542890685766));
#6600=CARTESIAN_POINT('Ctrl Pts',(109.750279558534,-1.68476461131989,108.538333245852));
#6601=CARTESIAN_POINT('Ctrl Pts',(109.750045586559,-1.69166907309059,108.529787762862));
#6602=CARTESIAN_POINT('Ctrl Pts',(109.749827067753,-1.69808682379741,108.521811339847));
#6603=CARTESIAN_POINT('Ctrl Pts',(109.749577224537,-1.70539552428152,108.512695420625));
#6604=CARTESIAN_POINT('Ctrl Pts',(109.749202400118,-1.71632812634858,108.499021032283));
#6605=CARTESIAN_POINT('Ctrl Pts',(109.74860894108,-1.73350489648373,108.477368239991));
#6606=CARTESIAN_POINT('Ctrl Pts',(109.747860577627,-1.75495608902985,108.450014122681));
#6607=CARTESIAN_POINT('Ctrl Pts',(109.746617928247,-1.79030291142694,108.40441339663));
#6608=CARTESIAN_POINT('Ctrl Pts',(109.745144131075,-1.83176483602065,108.349645121926));
#6609=CARTESIAN_POINT('Ctrl Pts',(109.743712744468,-1.872048441846,108.294799662629));
#6610=CARTESIAN_POINT('Ctrl Pts',(109.742956335011,-1.89348589118023,108.265074963149));
#6611=CARTESIAN_POINT('Ctrl Pts',(109.742496262586,-1.90657897674119,108.24678101689));
#6612=CARTESIAN_POINT('Ctrl Pts',(109.741357560431,-1.93911659502354,108.201042356898));
#6613=CARTESIAN_POINT('Ctrl Pts',(109.739468600989,-1.99441693675133,108.120996331856));
#6614=CARTESIAN_POINT('Ctrl Pts',(109.737756640118,-2.04839508053939,108.039065816944));
#6615=CARTESIAN_POINT('Ctrl Pts',(109.736372658198,-2.09486417439417,107.966581795292));
#6616=CARTESIAN_POINT('Ctrl Pts',(109.735099162188,-2.14017790824803,107.894361240093));
#6617=CARTESIAN_POINT('Ctrl Pts',(109.73360298767,-2.2000027487021,107.795667535168));
#6618=CARTESIAN_POINT('Ctrl Pts',(109.73247620178,-2.25216672888412,107.706651080441));
#6619=CARTESIAN_POINT('Ctrl Pts',(109.731294158214,-2.31307844519791,107.600480264159));
#6620=CARTESIAN_POINT('Ctrl Pts',(109.729984125884,-2.39161847597709,107.460006346678));
#6621=CARTESIAN_POINT('Ctrl Pts',(109.728587534968,-2.49488159135234,107.269020343093));
#6622=CARTESIAN_POINT('Ctrl Pts',(109.727303547398,-2.60377069523177,107.062079604745));
#6623=CARTESIAN_POINT('Ctrl Pts',(109.726397039603,-2.68366828971191,106.906929337811));
#6624=CARTESIAN_POINT('Ctrl Pts',(109.725576781556,-2.75404051911008,106.768634355297));
#6625=CARTESIAN_POINT('Ctrl Pts',(109.724741985261,-2.82393885305624,106.6299673639));
#6626=CARTESIAN_POINT('Ctrl Pts',(109.72352017595,-2.9191447892503,106.437998142769));
#6627=CARTESIAN_POINT('Ctrl Pts',(109.722051170123,-3.02202371614339,106.226438605826));
#6628=CARTESIAN_POINT('Ctrl Pts',(109.720698362237,-3.10681446761023,106.048210756221));
#6629=CARTESIAN_POINT('Ctrl Pts',(109.719546674159,-3.17387706424994,105.904605623521));
#6630=CARTESIAN_POINT('Ctrl Pts',(109.718353979618,-3.24033500370718,105.760384796731));
#6631=CARTESIAN_POINT('Ctrl Pts',(109.716178430525,-3.35492970417309,105.506491780149));
#6632=CARTESIAN_POINT('Ctrl Pts',(109.712951168766,-3.51254794887828,105.140541942798));
#6633=CARTESIAN_POINT('Ctrl Pts',(109.709294501117,-3.69008609907113,104.699029468361));
#6634=CARTESIAN_POINT('Ctrl Pts',(109.706101350757,-3.85603137238502,104.257238172403));
#6635=CARTESIAN_POINT('Ctrl Pts',(109.703503299392,-4.01157154173992,103.816633938826));
#6636=CARTESIAN_POINT('Ctrl Pts',(109.700739791302,-4.20749604249681,103.231207268581));
#6637=CARTESIAN_POINT('Ctrl Pts',(109.698138981466,-4.43661914494071,102.501234236077));
#6638=CARTESIAN_POINT('Ctrl Pts',(109.695221255031,-4.69543595158572,101.62207020186));
#6639=CARTESIAN_POINT('Ctrl Pts',(109.692123445728,-4.93947515233015,100.737184957701));
#6640=CARTESIAN_POINT('Ctrl Pts',(109.688936509155,-5.1673947103224,99.8474167078746));
#6641=CARTESIAN_POINT('Ctrl Pts',(109.686000473151,-5.37825164633794,98.9557507029104));
#6642=CARTESIAN_POINT('Ctrl Pts',(109.683446006391,-5.57335312075748,98.0638732248993));
#6643=CARTESIAN_POINT('Ctrl Pts',(109.68128132877,-5.75478217619476,97.1725031211747));
#6644=CARTESIAN_POINT('Ctrl Pts',(109.679370139031,-5.9247880951896,96.2810658877437));
#6645=CARTESIAN_POINT('Ctrl Pts',(109.677587053485,-6.08477632622961,95.3888111341635));
#6646=CARTESIAN_POINT('Ctrl Pts',(109.675868360009,-6.23543404164236,94.4953415100178));
#6647=CARTESIAN_POINT('Ctrl Pts',(109.674472792922,-6.35346810967739,93.7496551224431));
#6648=CARTESIAN_POINT('Ctrl Pts',(109.673385288223,-6.44345603472369,93.1525477173355));
#6649=CARTESIAN_POINT('Ctrl Pts',(109.67232419028,-6.53052955495643,92.5551337222896));
#6650=CARTESIAN_POINT('Ctrl Pts',(109.671058382892,-6.63402078668683,91.8078798714503));
#6651=CARTESIAN_POINT('Ctrl Pts',(109.669644022431,-6.75007329855797,90.9106990400558));
#6652=CARTESIAN_POINT('Ctrl Pts',(109.668331353923,-6.85851113053575,90.0132204110803));
#6653=CARTESIAN_POINT('Ctrl Pts',(109.66711232302,-6.95988048640887,89.1154849689548));
#6654=CARTESIAN_POINT('Ctrl Pts',(109.666150449242,-7.03882672760523,88.3671157237228));
#6655=CARTESIAN_POINT('Ctrl Pts',(109.66540615685,-7.09883236212057,87.7682419221517));
#6656=CARTESIAN_POINT('Ctrl Pts',(109.664674825102,-7.15676687579779,87.1692551859946));
#6657=CARTESIAN_POINT('Ctrl Pts',(109.663787084962,-7.22538832734916,86.4202966801678));
#6658=CARTESIAN_POINT('Ctrl Pts',(109.662753488623,-7.3018026017181,85.5212452220353));
#6659=CARTESIAN_POINT('Ctrl Pts',(109.661754871829,-7.37243084047842,84.6219733384085));
#6660=CARTESIAN_POINT('Ctrl Pts',(109.660796437824,-7.43742214660206,83.7226034770246));
#6661=CARTESIAN_POINT('Ctrl Pts',(109.660032785349,-7.48703649365333,82.9731289101378));
#6662=CARTESIAN_POINT('Ctrl Pts',(109.659443663495,-7.52410567941483,82.3735785054073));
#6663=CARTESIAN_POINT('Ctrl Pts',(109.65886715272,-7.55945542925177,81.7740581981364));
#6664=CARTESIAN_POINT('Ctrl Pts',(109.658266280695,-7.59502695981235,81.1246216903024));
#6665=CARTESIAN_POINT('Ctrl Pts',(109.657639914979,-7.63018216645202,80.4252979502594));
#6666=CARTESIAN_POINT('Ctrl Pts',(109.657116696763,-7.65820814995659,79.8259119814437));
#6667=CARTESIAN_POINT('Ctrl Pts',(109.656604726272,-7.68416767816301,79.2265526090129));
#6668=CARTESIAN_POINT('Ctrl Pts',(109.656185761059,-7.7041045465199,78.7271039604241));
#6669=CARTESIAN_POINT('Ctrl Pts',(109.655854894463,-7.71905063990953,78.3275526312288));
#6670=CARTESIAN_POINT('Ctrl Pts',(109.655526126965,-7.73332897363812,77.9280083932245));
#6671=CARTESIAN_POINT('Ctrl Pts',(109.65512003575,-7.74993572669046,77.4285867312564));
#6672=CARTESIAN_POINT('Ctrl Pts',(109.654639851754,-7.76789471901255,76.8292969253101));
#6673=CARTESIAN_POINT('Ctrl Pts',(109.654166330725,-7.78389865645929,76.2300287935376));
#6674=CARTESIAN_POINT('Ctrl Pts',(109.653699740555,-7.79796259069223,75.6307891799832));
#6675=CARTESIAN_POINT('Ctrl Pts',(109.653278477818,-7.80908902925367,75.0815226409887));
#6676=CARTESIAN_POINT('Ctrl Pts',(109.652976865703,-7.81606868800537,74.6820853574397));
#6677=CARTESIAN_POINT('Ctrl Pts',(109.652677364409,-7.82241527916818,74.2826701466271));
#6678=CARTESIAN_POINT('Ctrl Pts',(109.652345888721,-7.82867648646011,73.8333503419053));
#6679=CARTESIAN_POINT('Ctrl Pts',(109.651911562335,-7.83515792762297,73.2343284801651));
#6680=CARTESIAN_POINT('Ctrl Pts',(109.65148637398,-7.83980287859498,72.6353751006362));
#6681=CARTESIAN_POINT('Ctrl Pts',(109.651069780484,-7.84263520445747,72.0364924711362));
#6682=CARTESIAN_POINT('Ctrl Pts',(109.650729166004,-7.84350433690051,71.5374817252429));
#6683=CARTESIAN_POINT('Ctrl Pts',(109.650460625374,-7.84331751042128,71.1383044030171));
#6684=CARTESIAN_POINT('Ctrl Pts',(109.650193993245,-7.84254380951086,70.7391492798476));
#6685=CARTESIAN_POINT('Ctrl Pts',(109.649865800874,-7.84048901791067,70.2402369444047));
#6686=CARTESIAN_POINT('Ctrl Pts',(109.649477063468,-7.83629211714548,69.6415922410648));
#6687=CARTESIAN_POINT('Ctrl Pts',(109.649093165633,-7.83037879024332,69.0429837639465));
#6688=CARTESIAN_POINT('Ctrl Pts',(109.648713266826,-7.82275616533591,68.4444048318726));
#6689=CARTESIAN_POINT('Ctrl Pts',(109.648399339033,-7.81498194297939,67.9456111344921));
#6690=CARTESIAN_POINT('Ctrl Pts',(109.648149985327,-7.80791158827321,67.5465870758831));
#6691=CARTESIAN_POINT('Ctrl Pts',(109.647901278765,-7.80027210427898,67.1475729238124));
#6692=CARTESIAN_POINT('Ctrl Pts',(109.647593255973,-7.78966197834479,66.6488164000729));
#6693=CARTESIAN_POINT('Ctrl Pts',(109.647226527198,-7.77522687975539,66.0503390308417));
#6694=CARTESIAN_POINT('Ctrl Pts',(109.646863846387,-7.75909394714381,65.4518945466241));
#6695=CARTESIAN_POINT('Ctrl Pts',(109.646505755855,-7.74126732716612,64.8534923952398));
#6696=CARTESIAN_POINT('Ctrl Pts',(109.646211594102,-7.72500606914767,64.3548698796829));
#6697=CARTESIAN_POINT('Ctrl Pts',(109.645979493842,-7.71116071375402,63.9560036161878));
#6698=CARTESIAN_POINT('Ctrl Pts',(109.645749105586,-7.69675861315615,63.5571621711903));
#6699=CARTESIAN_POINT('Ctrl Pts',(109.645465932488,-7.67772253209761,63.0586509094739));
#6700=CARTESIAN_POINT('Ctrl Pts',(109.645132036155,-7.65323667375389,62.4605136751526));
#6701=CARTESIAN_POINT('Ctrl Pts',(109.644804345662,-7.62712776095437,61.8624469513291));
#6702=CARTESIAN_POINT('Ctrl Pts',(109.644481970444,-7.59941028032463,61.2644459706037));
#6703=CARTESIAN_POINT('Ctrl Pts',(109.644190202853,-7.57253759702733,60.7163303071472));
#6704=CARTESIAN_POINT('Ctrl Pts',(109.643979714227,-7.55206515242752,60.3177256986032));
#6705=CARTESIAN_POINT('Ctrl Pts',(109.643769287771,-7.53105981974002,59.9191339612644));
#6706=CARTESIAN_POINT('Ctrl Pts',(109.643534116909,-7.50668501422184,59.4707249302881));
#6707=CARTESIAN_POINT('Ctrl Pts',(109.643218914091,-7.47257693206125,58.8728578441078));
#6708=CARTESIAN_POINT('Ctrl Pts',(109.64290118567,-7.43684189834811,58.2749767277865));
#6709=CARTESIAN_POINT('Ctrl Pts',(109.642579128929,-7.39944631774107,57.6770722399592));
#6710=CARTESIAN_POINT('Ctrl Pts',(109.642251740595,-7.36034956228436,57.0791408682486));
#6711=CARTESIAN_POINT('Ctrl Pts',(109.641974563579,-7.32631538545758,56.5808416845377));
#6712=CARTESIAN_POINT('Ctrl Pts',(109.641749345284,-7.2981887189624,56.1821990100299));
#6713=CARTESIAN_POINT('Ctrl Pts',(109.641522673393,-7.26945722830894,55.78355210927));
#6714=CARTESIAN_POINT('Ctrl Pts',(109.641235344025,-7.23238871783186,55.2852499557356));
#6715=CARTESIAN_POINT('Ctrl Pts',(109.640886818984,-7.18601975925959,54.6873104412807));
#6716=CARTESIAN_POINT('Ctrl Pts',(109.640534760948,-7.13771801642458,54.0894286404156));
#6717=CARTESIAN_POINT('Ctrl Pts',(109.640239778208,-7.09582632598284,53.591268519573));
#6718=CARTESIAN_POINT('Ctrl Pts',(109.640003955508,-7.06131640851213,53.1928004579014));
#6719=CARTESIAN_POINT('Ctrl Pts',(109.639768072951,-7.02613775681088,52.7943799839225));
#6720=CARTESIAN_POINT('Ctrl Pts',(109.639416144029,-6.9718644632443,52.1968557093643));
#6721=CARTESIAN_POINT('Ctrl Pts',(109.638951313179,-6.89613202114639,51.4004426607166));
#6722=CARTESIAN_POINT('Ctrl Pts',(109.638436908977,-6.80637797904779,50.5049152963658));
#6723=CARTESIAN_POINT('Ctrl Pts',(109.63793203002,-6.71207670018358,49.6098557409876));
#6724=CARTESIAN_POINT('Ctrl Pts',(109.637435281591,-6.61323385221794,48.7152823617799));
#6725=CARTESIAN_POINT('Ctrl Pts',(109.637068468227,-6.53569736521406,48.0447065889677));
#6726=CARTESIAN_POINT('Ctrl Pts',(109.636742505225,-6.4648655495082,47.4488486569433));
#6727=CARTESIAN_POINT('Ctrl Pts',(109.636418286399,-6.39250662740995,46.8531460838243));
#6728=CARTESIAN_POINT('Ctrl Pts',(109.635974128058,-6.28930026002043,46.0344511537685));
#6729=CARTESIAN_POINT('Ctrl Pts',(109.635491794905,-6.17201880184312,45.1418534760127));
#6730=CARTESIAN_POINT('Ctrl Pts',(109.635012927521,-6.0499840353606,44.2498301244921));
#6731=CARTESIAN_POINT('Ctrl Pts',(109.634618550597,-5.94429039945135,43.5070154626278));
#6732=CARTESIAN_POINT('Ctrl Pts',(109.634308089198,-5.85733219657273,42.9131267151082));
#6733=CARTESIAN_POINT('Ctrl Pts',(109.634001175071,-5.76877519779315,42.319501989619));
#6734=CARTESIAN_POINT('Ctrl Pts',(109.633627454682,-5.65509873019691,41.5779825446313));
#6735=CARTESIAN_POINT('Ctrl Pts',(109.63319845171,-5.51400409279206,40.6891055279533));
#6736=CARTESIAN_POINT('Ctrl Pts',(109.632795715995,-5.36839364728037,39.8012853259436));
#6737=CARTESIAN_POINT('Ctrl Pts',(109.632425915568,-5.21850915249929,38.9146408092435));
#6738=CARTESIAN_POINT('Ctrl Pts',(109.632150605194,-5.09032203212493,38.1768500246062));
#6739=CARTESIAN_POINT('Ctrl Pts',(109.631953971689,-4.98601905470569,37.5873183388891));
#6740=CARTESIAN_POINT('Ctrl Pts',(109.63177384853,-4.88063474889925,36.998273422027));
#6741=CARTESIAN_POINT('Ctrl Pts',(109.631582420044,-4.74704944315458,36.2628948690026));
#6742=CARTESIAN_POINT('Ctrl Pts',(109.631408775869,-4.58438723889229,35.3819395488395));
#6743=CARTESIAN_POINT('Ctrl Pts',(109.631290846752,-4.42001585781373,34.5024129860886));
#6744=CARTESIAN_POINT('Ctrl Pts',(109.63122582117,-4.2545874943634,33.6241842023598));
#6745=CARTESIAN_POINT('Ctrl Pts',(109.631210805009,-4.11636634618386,32.893258671852));
#6746=CARTESIAN_POINT('Ctrl Pts',(109.631218629179,-4.00585014268855,32.3089626786801));
#6747=CARTESIAN_POINT('Ctrl Pts',(109.631238123066,-3.89545335463946,31.7249210322095));
#6748=CARTESIAN_POINT('Ctrl Pts',(109.631281569468,-3.75782407738099,30.9952717551334));
#6749=CARTESIAN_POINT('Ctrl Pts',(109.631357057581,-3.5936397459817,30.120124133433));
#6750=CARTESIAN_POINT('Ctrl Pts',(109.63144946493,-3.4307298179985,29.2452401558275));
#6751=CARTESIAN_POINT('Ctrl Pts',(109.631553996525,-3.26933972206281,28.3704746418711));
#6752=CARTESIAN_POINT('Ctrl Pts',(109.631647495153,-3.1362713949821,27.6415137651995));
#6753=CARTESIAN_POINT('Ctrl Pts',(109.631724596258,-3.03074396719546,27.0583070900383));
#6754=CARTESIAN_POINT('Ctrl Pts',(109.631802915452,-2.92585356524804,26.4750627641552));
#6755=CARTESIAN_POINT('Ctrl Pts',(109.631901914525,-2.79596808143776,25.7459233794837));
#6756=CARTESIAN_POINT('Ctrl Pts',(109.632021184437,-2.64215480990337,24.870767177153));
#6757=CARTESIAN_POINT('Ctrl Pts',(109.632139570737,-2.4904549268611,23.9953962488483));
#6758=CARTESIAN_POINT('Ctrl Pts',(109.63225655349,-2.34092426565197,23.1197947334234));
#6759=CARTESIAN_POINT('Ctrl Pts',(109.632352965999,-2.21816978114196,22.3899334516032));
#6760=CARTESIAN_POINT('Ctrl Pts',(109.632429675317,-2.12111294823799,21.8059367168994));
#6761=CARTESIAN_POINT('Ctrl Pts',(109.63250639944,-2.02483556846303,21.2218688714071));
#6762=CARTESIAN_POINT('Ctrl Pts',(109.632602071706,-1.90597830701164,20.4916627046316));
#6763=CARTESIAN_POINT('Ctrl Pts',(109.63271733753,-1.76583920877926,19.6152092295181));
#6764=CARTESIAN_POINT('Ctrl Pts',(109.63283270874,-1.62830563225365,18.73853524059));
#6765=CARTESIAN_POINT('Ctrl Pts',(109.632947706776,-1.49349524244867,17.8616059804594));
#6766=CARTESIAN_POINT('Ctrl Pts',(109.63304250178,-1.38351442142663,17.1305758870049));
#6767=CARTESIAN_POINT('Ctrl Pts',(109.633116997516,-1.29699190152228,16.5455678502456));
#6768=CARTESIAN_POINT('Ctrl Pts',(109.633190557474,-1.21145595631481,15.9604247525669));
#6769=CARTESIAN_POINT('Ctrl Pts',(109.633280000143,-1.10640680600647,15.2287360739268));
#6770=CARTESIAN_POINT('Ctrl Pts',(109.633382994675,-0.983394515957167,14.3502428091898));
#6771=CARTESIAN_POINT('Ctrl Pts',(109.633481011907,-0.863470745379001,13.4712701312338));
#6772=CARTESIAN_POINT('Ctrl Pts',(109.63357395511,-0.746676289056177,12.591824601464));
#6773=CARTESIAN_POINT('Ctrl Pts',(109.633647472494,-0.651999672067482,11.8585922206934));
#6774=CARTESIAN_POINT('Ctrl Pts',(109.633704019339,-0.577886904340099,11.2718220477312));
#6775=CARTESIAN_POINT('Ctrl Pts',(109.633759239729,-0.504876244819771,10.6849374480062));
#6776=CARTESIAN_POINT('Ctrl Pts',(109.633798938126,-0.451377302672722,10.2446684207602));
#6777=CARTESIAN_POINT('Ctrl Pts',(109.63382484919,-0.416291520918078,9.9511157429143));
#6778=CARTESIAN_POINT('Ctrl Pts',(110.,-0.3260225427194,108.75665117069));
#6779=CARTESIAN_POINT('Ctrl Pts',(110.000007809915,-0.383531673421193,108.701846404314));
#6780=CARTESIAN_POINT('Ctrl Pts',(109.999986651169,-0.510275377550641,108.574685937368));
#6781=CARTESIAN_POINT('Ctrl Pts',(109.999996542046,-0.701079403411722,108.369738086001));
#6782=CARTESIAN_POINT('Ctrl Pts',(109.99995547857,-0.867994121946306,108.17217697281));
#6783=CARTESIAN_POINT('Ctrl Pts',(109.999972489038,-0.966090156342799,108.043326567506));
#6784=CARTESIAN_POINT('Ctrl Pts',(109.999972620481,-0.966567246958387,108.042699891546));
#6785=CARTESIAN_POINT('Ctrl Pts',(109.999972751151,-0.967139514009996,108.041947872302));
#6786=CARTESIAN_POINT('Ctrl Pts',(109.999973029032,-0.968283677424964,108.040443852354));
#6787=CARTESIAN_POINT('Ctrl Pts',(109.999973637684,-0.970855357267412,108.037059881387));
#6788=CARTESIAN_POINT('Ctrl Pts',(109.999974263877,-0.973516379839943,108.033550731518));
#6789=CARTESIAN_POINT('Ctrl Pts',(109.999974992124,-0.976551799458343,108.02954051314));
#6790=CARTESIAN_POINT('Ctrl Pts',(109.999975711055,-0.979582714602775,108.025530409549));
#6791=CARTESIAN_POINT('Ctrl Pts',(109.999977072034,-0.985250772372569,108.018011961139));
#6792=CARTESIAN_POINT('Ctrl Pts',(109.999978281627,-0.990517433930445,108.010995253905));
#6793=CARTESIAN_POINT('Ctrl Pts',(109.999979737261,-0.996513923638391,108.002976803348));
#6794=CARTESIAN_POINT('Ctrl Pts',(109.999981865976,-1.00548209029859,107.990949430283));
#6795=CARTESIAN_POINT('Ctrl Pts',(109.999985046774,-1.01956688402784,107.971906632049));
#6796=CARTESIAN_POINT('Ctrl Pts',(109.99998914101,-1.03715353809369,107.947846922383));
#6797=CARTESIAN_POINT('Ctrl Pts',(109.999995707635,-1.06613825501521,107.907722599055));
#6798=CARTESIAN_POINT('Ctrl Pts',(110.000001260947,-1.1001788253997,107.859467834632));
#6799=CARTESIAN_POINT('Ctrl Pts',(110.000008556147,-1.1334076287555,107.81095953759));
#6800=CARTESIAN_POINT('Ctrl Pts',(110.000012704221,-1.15116170927234,107.784587791658));
#6801=CARTESIAN_POINT('Ctrl Pts',(110.000015469133,-1.16202597553424,107.768333861244));
#6802=CARTESIAN_POINT('Ctrl Pts',(110.00002165378,-1.18906652225777,107.727648254717));
#6803=CARTESIAN_POINT('Ctrl Pts',(110.000028417227,-1.23540857271767,107.65601222205));
#6804=CARTESIAN_POINT('Ctrl Pts',(110.00003460382,-1.28148387000107,107.581730426013));
#6805=CARTESIAN_POINT('Ctrl Pts',(110.000041727312,-1.32165516807862,107.515436610363));
#6806=CARTESIAN_POINT('Ctrl Pts',(110.000046708461,-1.36123562568694,107.448925030601));
#6807=CARTESIAN_POINT('Ctrl Pts',(110.00005176151,-1.41443609939496,107.356957917147));
#6808=CARTESIAN_POINT('Ctrl Pts',(110.000055020588,-1.46168628067484,107.273021905788));
#6809=CARTESIAN_POINT('Ctrl Pts',(110.000059325018,-1.51749248496422,107.1721879397));
#6810=CARTESIAN_POINT('Ctrl Pts',(110.000058217139,-1.59042900232511,107.03765730932));
#6811=CARTESIAN_POINT('Ctrl Pts',(110.000052864142,-1.68779828463997,106.85304091613));
#6812=CARTESIAN_POINT('Ctrl Pts',(110.000044429724,-1.79132954182537,106.651987293909));
#6813=CARTESIAN_POINT('Ctrl Pts',(110.000038254138,-1.86748843827006,106.501009827334));
#6814=CARTESIAN_POINT('Ctrl Pts',(110.000038820536,-1.93451706428725,106.366485801025));
#6815=CARTESIAN_POINT('Ctrl Pts',(110.00003873069,-2.001031138838,106.231665421179));
#6816=CARTESIAN_POINT('Ctrl Pts',(110.000036574624,-2.09133198935779,106.045349332342));
#6817=CARTESIAN_POINT('Ctrl Pts',(110.000034426086,-2.18839491836509,105.840611946638));
#6818=CARTESIAN_POINT('Ctrl Pts',(110.000035657957,-2.2679197362408,105.668684081264));
#6819=CARTESIAN_POINT('Ctrl Pts',(110.000036550328,-2.33055720395383,105.530459256994));
#6820=CARTESIAN_POINT('Ctrl Pts',(110.000041590025,-2.39248273046133,105.3918124603));
#6821=CARTESIAN_POINT('Ctrl Pts',(110.00004407684,-2.49890690898059,105.148132072268));
#6822=CARTESIAN_POINT('Ctrl Pts',(110.000046130885,-2.64475797909398,104.797430259093));
#6823=CARTESIAN_POINT('Ctrl Pts',(110.000044773144,-2.80948219643038,104.373347014749));
#6824=CARTESIAN_POINT('Ctrl Pts',(110.000054832336,-2.96465595808825,103.94687102195));
#6825=CARTESIAN_POINT('Ctrl Pts',(110.00004069703,-3.11165150176698,103.518867970043));
#6826=CARTESIAN_POINT('Ctrl Pts',(110.000044491543,-3.29873594524971,102.946897111492));
#6827=CARTESIAN_POINT('Ctrl Pts',(110.000021984423,-3.51973822433945,102.229771095677));
#6828=CARTESIAN_POINT('Ctrl Pts',(110.000017589752,-3.76972077531975,101.365141169453));
#6829=CARTESIAN_POINT('Ctrl Pts',(110.0000112947,-4.00467425648307,100.495880859966));
#6830=CARTESIAN_POINT('Ctrl Pts',(110.000007406322,-4.2235745908654,99.6223833567287));
#6831=CARTESIAN_POINT('Ctrl Pts',(110.000006984265,-4.42642237178145,98.7458877593668));
#6832=CARTESIAN_POINT('Ctrl Pts',(110.000005795516,-4.61477430248169,97.8673686183342));
#6833=CARTESIAN_POINT('Ctrl Pts',(110.000004184054,-4.79064044750382,96.9874513165527));
#6834=CARTESIAN_POINT('Ctrl Pts',(110.000002577442,-4.95585041450661,96.1062398449993));
#6835=CARTESIAN_POINT('Ctrl Pts',(110.000000220442,-5.11146271588937,95.2236343294702));
#6836=CARTESIAN_POINT('Ctrl Pts',(109.999999614571,-5.25799650980408,94.3395666988148));
#6837=CARTESIAN_POINT('Ctrl Pts',(109.999994566906,-5.37275104568558,93.6016097171741));
#6838=CARTESIAN_POINT('Ctrl Pts',(109.999997754062,-5.46023372740172,93.0105618195636));
#6839=CARTESIAN_POINT('Ctrl Pts',(110.000002453019,-5.54489171714435,92.4190902228177));
#6840=CARTESIAN_POINT('Ctrl Pts',(109.999999086832,-5.64554038757735,91.6790033998242));
#6841=CARTESIAN_POINT('Ctrl Pts',(109.999998112755,-5.75848703443248,90.7899151545744));
#6842=CARTESIAN_POINT('Ctrl Pts',(110.000004197145,-5.86410805941258,89.9000171174761));
#6843=CARTESIAN_POINT('Ctrl Pts',(110.000000143545,-5.96290232454411,89.0094197511711));
#6844=CARTESIAN_POINT('Ctrl Pts',(110.000001820987,-6.03985970508947,88.2667356991405));
#6845=CARTESIAN_POINT('Ctrl Pts',(110.000000417622,-6.09834483657575,87.6723032254024));
#6846=CARTESIAN_POINT('Ctrl Pts',(110.000004082745,-6.1548041107396,87.0776947928488));
#6847=CARTESIAN_POINT('Ctrl Pts',(109.999999963849,-6.22165198437011,86.3341135101892));
#6848=CARTESIAN_POINT('Ctrl Pts',(110.000000984252,-6.29604515762441,85.4413818317514));
#6849=CARTESIAN_POINT('Ctrl Pts',(110.00000054039,-6.36475628914061,84.5482881943171));
#6850=CARTESIAN_POINT('Ctrl Pts',(109.999999285049,-6.42794164131826,83.6549176407469));
#6851=CARTESIAN_POINT('Ctrl Pts',(110.00000018268,-6.47614591754278,82.9102740121065));
#6852=CARTESIAN_POINT('Ctrl Pts',(109.999999039157,-6.51214078889179,82.3144861862535));
#6853=CARTESIAN_POINT('Ctrl Pts',(110.000001971272,-6.54645258107589,81.718660698703));
#6854=CARTESIAN_POINT('Ctrl Pts',(109.999997425295,-6.58095121899302,81.0731248614052));
#6855=CARTESIAN_POINT('Ctrl Pts',(109.999999040846,-6.6150104910888,80.377893136391));
#6856=CARTESIAN_POINT('Ctrl Pts',(109.999999051701,-6.64213134383104,79.7819548090541));
#6857=CARTESIAN_POINT('Ctrl Pts',(109.999998774927,-6.66721605203906,79.18599603994));
#6858=CARTESIAN_POINT('Ctrl Pts',(109.999999282135,-6.6864467147338,78.6893505738778));
#6859=CARTESIAN_POINT('Ctrl Pts',(109.99999894007,-6.70083985604797,78.2920276857095));
#6860=CARTESIAN_POINT('Ctrl Pts',(110.000000382918,-6.71457374816857,77.8947026970125));
#6861=CARTESIAN_POINT('Ctrl Pts',(110.000001099586,-6.73051382313652,77.3980409345699));
#6862=CARTESIAN_POINT('Ctrl Pts',(110.000000811066,-6.74769410502448,76.8020432016159));
#6863=CARTESIAN_POINT('Ctrl Pts',(110.000000481769,-6.7629405570725,76.2060476808959));
#6864=CARTESIAN_POINT('Ctrl Pts',(109.999999758994,-6.77626811711736,75.6100597945652));
#6865=CARTESIAN_POINT('Ctrl Pts',(110.000000037985,-6.78673983604093,75.0637509341242));
#6866=CARTESIAN_POINT('Ctrl Pts',(109.999999966335,-6.79325641682012,74.6664470270519));
#6867=CARTESIAN_POINT('Ctrl Pts',(110.000002531772,-6.79914848348631,74.2691530688727));
#6868=CARTESIAN_POINT('Ctrl Pts',(109.999999894774,-6.8049072577953,73.8222053230767));
#6869=CARTESIAN_POINT('Ctrl Pts',(110.000000748964,-6.8107433031127,73.2263076344241));
#6870=CARTESIAN_POINT('Ctrl Pts',(110.000000286352,-6.81476506609706,72.6304411216211));
#6871=CARTESIAN_POINT('Ctrl Pts',(109.999999807439,-6.8169961571661,72.0346084104115));
#6872=CARTESIAN_POINT('Ctrl Pts',(110.000000327857,-6.81738205444536,71.5381102982883));
#6873=CARTESIAN_POINT('Ctrl Pts',(110.000000038736,-6.81681828627121,71.1409281153536));
#6874=CARTESIAN_POINT('Ctrl Pts',(110.000001547294,-6.81567460192856,70.7437582601698));
#6875=CARTESIAN_POINT('Ctrl Pts',(109.999999927381,-6.81316762440409,70.2473132875283));
#6876=CARTESIAN_POINT('Ctrl Pts',(110.000000360465,-6.80844563601117,69.6516108372045));
#6877=CARTESIAN_POINT('Ctrl Pts',(110.000000120592,-6.80202220771308,69.0559347397997));
#6878=CARTESIAN_POINT('Ctrl Pts',(109.999999647257,-6.79390353637962,68.4602835641044));
#6879=CARTESIAN_POINT('Ctrl Pts',(110.000000164988,-6.78572748785911,67.963928345319));
#6880=CARTESIAN_POINT('Ctrl Pts',(109.999999912132,-6.77834203051869,67.5668556207302));
#6881=CARTESIAN_POINT('Ctrl Pts',(110.000001346754,-6.770392382377,67.1697923619196));
#6882=CARTESIAN_POINT('Ctrl Pts',(109.99999985322,-6.75940170200563,66.6734760553356));
#6883=CARTESIAN_POINT('Ctrl Pts',(110.000000307295,-6.74452408191916,66.077924772996));
#6884=CARTESIAN_POINT('Ctrl Pts',(110.000000119364,-6.727962305203,65.4824018944698));
#6885=CARTESIAN_POINT('Ctrl Pts',(109.999999703636,-6.70972131428008,64.8869113492651));
#6886=CARTESIAN_POINT('Ctrl Pts',(110.00000020877,-6.69312783259284,64.3907006150372));
#6887=CARTESIAN_POINT('Ctrl Pts',(109.999999970849,-6.67902450768075,63.9937520983327));
#6888=CARTESIAN_POINT('Ctrl Pts',(110.000001311857,-6.6643703157884,63.5968191957808));
#6889=CARTESIAN_POINT('Ctrl Pts',(109.999999883921,-6.64502821995398,63.1006779657574));
#6890=CARTESIAN_POINT('Ctrl Pts',(110.000000281705,-6.62019165812455,62.5053564547078));
#6891=CARTESIAN_POINT('Ctrl Pts',(109.99999996753,-6.5937469904479,61.9100812256115));
#6892=CARTESIAN_POINT('Ctrl Pts',(109.999999604316,-6.5657079350587,61.3148529744772));
#6893=CARTESIAN_POINT('Ctrl Pts',(109.99999975563,-6.53855252992875,60.7692698505147));
#6894=CARTESIAN_POINT('Ctrl Pts',(109.999999709555,-6.51788118870573,60.3725082835498));
#6895=CARTESIAN_POINT('Ctrl Pts',(110.000001579845,-6.49668105054625,59.9757631035864));
#6896=CARTESIAN_POINT('Ctrl Pts',(109.99999953147,-6.4720905238818,59.5294412783476));
#6897=CARTESIAN_POINT('Ctrl Pts',(110.000000204113,-6.43770437029706,58.9343904892314));
#6898=CARTESIAN_POINT('Ctrl Pts',(109.999999714995,-6.40169807036387,58.3393798378789));
#6899=CARTESIAN_POINT('Ctrl Pts',(109.999999507929,-6.36403779412259,57.744413639046));
#6900=CARTESIAN_POINT('Ctrl Pts',(109.999999811996,-6.32468294282989,57.1494983928174));
#6901=CARTESIAN_POINT('Ctrl Pts',(109.999998327931,-6.29043885270833,56.6537839042163));
#6902=CARTESIAN_POINT('Ctrl Pts',(109.999999609162,-6.26214886112118,56.2572511178854));
#6903=CARTESIAN_POINT('Ctrl Pts',(109.999999203172,-6.23325630274423,55.8607435031397));
#6904=CARTESIAN_POINT('Ctrl Pts',(110.000001329959,-6.19599281185234,55.3651671271895));
#6905=CARTESIAN_POINT('Ctrl Pts',(110.000000361615,-6.14939918802393,54.7705790893102));
#6906=CARTESIAN_POINT('Ctrl Pts',(110.000000175378,-6.10088498889843,54.1761169834394));
#6907=CARTESIAN_POINT('Ctrl Pts',(110.000000755823,-6.05882787262139,53.6808512542803));
#6908=CARTESIAN_POINT('Ctrl Pts',(110.000000763784,-6.02419309383119,53.2847174912155));
#6909=CARTESIAN_POINT('Ctrl Pts',(110.000002273783,-5.98889528926924,52.8886404514198));
#6910=CARTESIAN_POINT('Ctrl Pts',(110.000001481059,-5.93445463254489,52.2946503746339));
#6911=CARTESIAN_POINT('Ctrl Pts',(110.000001095449,-5.85852772322915,51.5029690499636));
#6912=CARTESIAN_POINT('Ctrl Pts',(110.00000079091,-5.76859468106905,50.6127675210977));
#6913=CARTESIAN_POINT('Ctrl Pts',(109.999999818503,-5.67415407640333,49.7230283279146));
#6914=CARTESIAN_POINT('Ctrl Pts',(110.000001028308,-5.57521212968359,48.8337757696851));
#6915=CARTESIAN_POINT('Ctrl Pts',(109.999997765761,-5.49762966738393,48.1672126543287));
#6916=CARTESIAN_POINT('Ctrl Pts',(110.000000686352,-5.42677516744965,47.5749431053072));
#6917=CARTESIAN_POINT('Ctrl Pts',(110.000000571783,-5.35440614262751,46.9828519618384));
#6918=CARTESIAN_POINT('Ctrl Pts',(110.000000651334,-5.25121896236093,46.169184460947));
#6919=CARTESIAN_POINT('Ctrl Pts',(110.000000314437,-5.13400118857783,45.2821517193221));
#6920=CARTESIAN_POINT('Ctrl Pts',(109.999999652787,-5.0120742755985,44.395761767396));
#6921=CARTESIAN_POINT('Ctrl Pts',(110.000000324644,-4.90650828367649,43.6576745009265));
#6922=CARTESIAN_POINT('Ctrl Pts',(109.999999997142,-4.81967405332641,43.0675663681302));
#6923=CARTESIAN_POINT('Ctrl Pts',(110.000001779777,-4.73125582989483,42.4777097985418));
#6924=CARTESIAN_POINT('Ctrl Pts',(110.000000167849,-4.61777779530188,41.7408631746097));
#6925=CARTESIAN_POINT('Ctrl Pts',(110.000000712836,-4.47695818855939,40.8574552594597));
#6926=CARTESIAN_POINT('Ctrl Pts',(110.000000850723,-4.3316510410488,39.9748816940625));
#6927=CARTESIAN_POINT('Ctrl Pts',(110.000000381818,-4.18208711264244,39.0931637653014));
#6928=CARTESIAN_POINT('Ctrl Pts',(110.000001073693,-4.05417012664435,38.3591202326944));
#6929=CARTESIAN_POINT('Ctrl Pts',(110.00000088037,-3.95007613533547,37.7723125578959));
#6930=CARTESIAN_POINT('Ctrl Pts',(110.000001869436,-3.84489321208698,37.1857874695314));
#6931=CARTESIAN_POINT('Ctrl Pts',(110.000001240922,-3.71153865460683,36.453143794976));
#6932=CARTESIAN_POINT('Ctrl Pts',(110.000001144161,-3.54910420212532,35.5747290198709));
#6933=CARTESIAN_POINT('Ctrl Pts',(110.000001385025,-3.38489945695607,34.6969711457567));
#6934=CARTESIAN_POINT('Ctrl Pts',(110.000000850084,-3.21956944986784,33.8197473680109));
#6935=CARTESIAN_POINT('Ctrl Pts',(110.000001017825,-3.08137276506298,33.0890613792259));
#6936=CARTESIAN_POINT('Ctrl Pts',(110.000000833303,-2.97084385909742,32.5046410778108));
#6937=CARTESIAN_POINT('Ctrl Pts',(110.00000062651,-2.86041449751236,31.9202835278371));
#6938=CARTESIAN_POINT('Ctrl Pts',(110.00000080453,-2.72271020054153,31.1899138295467));
#6939=CARTESIAN_POINT('Ctrl Pts',(110.000000416633,-2.55838988774902,30.3134796465224));
#6940=CARTESIAN_POINT('Ctrl Pts',(110.000000646385,-2.39530676835918,29.4369698289988));
#6941=CARTESIAN_POINT('Ctrl Pts',(110.000000010999,-2.23371373245692,28.5603128212316));
#6942=CARTESIAN_POINT('Ctrl Pts',(110.000000098068,-2.10045726861243,27.829603204548));
#6943=CARTESIAN_POINT('Ctrl Pts',(110.000000129004,-1.99477063447167,27.2449190896626));
#6944=CARTESIAN_POINT('Ctrl Pts',(109.999999673743,-1.88971590864121,26.6601520711313));
#6945=CARTESIAN_POINT('Ctrl Pts',(110.000000137119,-1.75961708815888,25.9290343333197));
#6946=CARTESIAN_POINT('Ctrl Pts',(109.999999953073,-1.60553814809092,25.0514159779589));
#6947=CARTESIAN_POINT('Ctrl Pts',(110.000000006977,-1.453565217514,24.1735117123059));
#6948=CARTESIAN_POINT('Ctrl Pts',(110.000000131226,-1.30375506102264,23.2953130868126));
#6949=CARTESIAN_POINT('Ctrl Pts',(109.999999986151,-1.18076188725432,22.5632299674482));
#6950=CARTESIAN_POINT('Ctrl Pts',(110.000000081792,-1.08350973530407,21.9774108002882));
#6951=CARTESIAN_POINT('Ctrl Pts',(109.999999629115,-0.9870335750187,21.3914866211525));
#6952=CARTESIAN_POINT('Ctrl Pts',(110.000000113194,-0.867920926645109,20.658886275325));
#6953=CARTESIAN_POINT('Ctrl Pts',(109.999999946363,-0.727462551060439,19.7794271629066));
#6954=CARTESIAN_POINT('Ctrl Pts',(109.999999998238,-0.589596636310785,18.899604770563));
#6955=CARTESIAN_POINT('Ctrl Pts',(110.00000010762,-0.454441572494076,18.0193856116996));
#6956=CARTESIAN_POINT('Ctrl Pts',(109.999999945961,-0.34416497248826,17.2855079955042));
#6957=CARTESIAN_POINT('Ctrl Pts',(110.000000020808,-0.257402434640877,16.6981713007928));
#6958=CARTESIAN_POINT('Ctrl Pts',(109.999999589703,-0.171624661628039,16.1106710791434));
#6959=CARTESIAN_POINT('Ctrl Pts',(110.00000000582,-0.0662709393907259,15.3759869437685));
#6960=CARTESIAN_POINT('Ctrl Pts',(109.999999880043,0.0571083329577823,14.4938439628369));
#6961=CARTESIAN_POINT('Ctrl Pts',(109.999999921164,0.177399189896093,13.6111752084596));
#6962=CARTESIAN_POINT('Ctrl Pts',(110.000000073016,0.294560711226041,12.7279860311913));
#6963=CARTESIAN_POINT('Ctrl Pts',(109.999999982317,0.389544458763372,11.9915793751423));
#6964=CARTESIAN_POINT('Ctrl Pts',(110.0000001305,0.463904670634105,11.4022232577882));
#6965=CARTESIAN_POINT('Ctrl Pts',(109.999999807396,0.537164322772945,10.8127181390667));
#6966=CARTESIAN_POINT('Ctrl Pts',(110.000000270132,0.590852095368442,10.370436316438));
#6967=CARTESIAN_POINT('Ctrl Pts',(110.,0.626064973819388,10.0755185542802));
#6968=CARTESIAN_POINT('Ctrl Pts',(110.,-0.0749071851309801,108.5005484572));
#6969=CARTESIAN_POINT('Ctrl Pts',(110.,-0.128011239096288,108.448478553999));
#6970=CARTESIAN_POINT('Ctrl Pts',(109.999999999199,-0.245952822412597,108.327023980213));
#6971=CARTESIAN_POINT('Ctrl Pts',(109.999999998875,-0.423504775756286,108.131182835864));
#6972=CARTESIAN_POINT('Ctrl Pts',(109.999999997218,-0.576421396044825,107.944076465045));
#6973=CARTESIAN_POINT('Ctrl Pts',(109.999999997067,-0.665415012333214,107.822744264295));
#6974=CARTESIAN_POINT('Ctrl Pts',(109.999999997067,-0.665847939471206,107.822154104699));
#6975=CARTESIAN_POINT('Ctrl Pts',(109.999999997067,-0.666367160101256,107.821445941338));
#6976=CARTESIAN_POINT('Ctrl Pts',(109.999999997067,-0.667405282841538,107.820029626705));
#6977=CARTESIAN_POINT('Ctrl Pts',(109.999999997067,-0.669738444169818,107.816843091751));
#6978=CARTESIAN_POINT('Ctrl Pts',(109.999999997069,-0.672152365392061,107.813538860261));
#6979=CARTESIAN_POINT('Ctrl Pts',(109.999999997069,-0.674905664776137,107.809762974938));
#6980=CARTESIAN_POINT('Ctrl Pts',(109.99999999707,-0.677654661442151,107.805987321708));
#6981=CARTESIAN_POINT('Ctrl Pts',(109.999999997071,-0.682794885666517,107.798908798477));
#6982=CARTESIAN_POINT('Ctrl Pts',(109.999999997076,-0.687570093018714,107.792303183414));
#6983=CARTESIAN_POINT('Ctrl Pts',(109.999999997077,-0.693006399456991,107.784754821864));
#6984=CARTESIAN_POINT('Ctrl Pts',(109.999999997082,-0.701135911402774,107.773432932154));
#6985=CARTESIAN_POINT('Ctrl Pts',(109.999999997099,-0.71390056106566,107.755508103511));
#6986=CARTESIAN_POINT('Ctrl Pts',(109.999999997114,-0.729837330281575,107.732859493073));
#6987=CARTESIAN_POINT('Ctrl Pts',(109.999999997153,-0.756105773641169,107.695080864325));
#6988=CARTESIAN_POINT('Ctrl Pts',(109.999999997281,-0.786976290827544,107.649616140339));
#6989=CARTESIAN_POINT('Ctrl Pts',(109.999999997334,-0.817193237773025,107.603822029022));
#6990=CARTESIAN_POINT('Ctrl Pts',(109.999999997351,-0.833375087846781,107.578886274736));
#6991=CARTESIAN_POINT('Ctrl Pts',(109.999999997353,-0.843288191795354,107.563505999925));
#6992=CARTESIAN_POINT('Ctrl Pts',(109.999999997378,-0.867982361496021,107.524984465474));
#6993=CARTESIAN_POINT('Ctrl Pts',(109.99999999752,-0.910498228347555,107.456950417067));
#6994=CARTESIAN_POINT('Ctrl Pts',(109.999999997636,-0.953198435605135,107.385944360484));
#6995=CARTESIAN_POINT('Ctrl Pts',(109.999999997678,-0.990681816039281,107.322301309327));
#6996=CARTESIAN_POINT('Ctrl Pts',(109.99999999775,-1.02781420889124,107.258234551208));
#6997=CARTESIAN_POINT('Ctrl Pts',(109.999999997852,-1.07818567125595,107.169148028041));
#6998=CARTESIAN_POINT('Ctrl Pts',(109.999999997933,-1.12333704887787,107.087387661536));
#6999=CARTESIAN_POINT('Ctrl Pts',(109.999999997999,-1.17696327984498,106.988838983404));
#7000=CARTESIAN_POINT('Ctrl Pts',(109.999999998173,-1.24750290754382,106.856854024418));
#7001=CARTESIAN_POINT('Ctrl Pts',(109.99999999841,-1.34234812205534,106.674966419974));
#7002=CARTESIAN_POINT('Ctrl Pts',(109.99999999868,-1.44358226806379,106.476435273572));
#7003=CARTESIAN_POINT('Ctrl Pts',(109.999999998844,-1.51813813599152,106.327245817514));
#7004=CARTESIAN_POINT('Ctrl Pts',(109.999999998914,-1.58373759676973,106.194336670188));
#7005=CARTESIAN_POINT('Ctrl Pts',(109.999999998982,-1.64880468713517,106.061163680228));
#7006=CARTESIAN_POINT('Ctrl Pts',(109.999999999096,-1.73700690214302,105.877268945315));
#7007=CARTESIAN_POINT('Ctrl Pts',(109.999999999219,-1.83158183916476,105.675453488103));
#7008=CARTESIAN_POINT('Ctrl Pts',(109.999999999284,-1.90885637398224,105.506223359216));
#7009=CARTESIAN_POINT('Ctrl Pts',(109.999999999342,-1.96960279339177,105.370302402181));
#7010=CARTESIAN_POINT('Ctrl Pts',(109.999999999365,-2.0295943980009,105.234041670836));
#7011=CARTESIAN_POINT('Ctrl Pts',(109.999999999446,-2.13252776846083,104.994734108436));
#7012=CARTESIAN_POINT('Ctrl Pts',(109.999999999552,-2.27335066213236,104.650561171048));
#7013=CARTESIAN_POINT('Ctrl Pts',(109.999999999673,-2.43259735132965,104.233940886417));
#7014=CARTESIAN_POINT('Ctrl Pts',(109.999999999712,-2.58317477538173,103.814020036481));
#7015=CARTESIAN_POINT('Ctrl Pts',(109.999999999808,-2.72650943497404,103.391415058243));
#7016=CARTESIAN_POINT('Ctrl Pts',(109.99999999985,-2.90981904171334,102.825203852917));
#7017=CARTESIAN_POINT('Ctrl Pts',(109.999999999919,-3.12733690474638,102.113583351031));
#7018=CARTESIAN_POINT('Ctrl Pts',(109.999999999955,-3.37354239331492,101.255176342622));
#7019=CARTESIAN_POINT('Ctrl Pts',(109.999999999973,-3.60461095170057,100.392606778466));
#7020=CARTESIAN_POINT('Ctrl Pts',(109.999999999988,-3.81965661964093,99.5260753730575));
#7021=CARTESIAN_POINT('Ctrl Pts',(109.999999999993,-4.01908380475623,98.6560737257413));
#7022=CARTESIAN_POINT('Ctrl Pts',(109.999999999997,-4.20455285592104,97.7832728654442));
#7023=CARTESIAN_POINT('Ctrl Pts',(109.999999999998,-4.37804284792424,96.9082582810789));
#7024=CARTESIAN_POINT('Ctrl Pts',(109.999999999999,-4.54120430554352,96.0314242173717));
#7025=CARTESIAN_POINT('Ctrl Pts',(109.999999999999,-4.69494716798062,95.1529495933227));
#7026=CARTESIAN_POINT('Ctrl Pts',(110.,-4.83972025297944,94.2729062935374));
#7027=CARTESIAN_POINT('Ctrl Pts',(110.,-4.95307209646394,93.5382594150201));
#7028=CARTESIAN_POINT('Ctrl Pts',(110.,-5.03948733769788,92.949803693138));
#7029=CARTESIAN_POINT('Ctrl Pts',(110.,-5.12311703914424,92.3608734683602));
#7030=CARTESIAN_POINT('Ctrl Pts',(110.,-5.2225507453816,91.6238554065707));
#7031=CARTESIAN_POINT('Ctrl Pts',(110.,-5.33417143983373,90.7382309016842));
#7032=CARTESIAN_POINT('Ctrl Pts',(110.,-5.43859390641296,89.8515745801191));
#7033=CARTESIAN_POINT('Ctrl Pts',(110.,-5.53628718868985,88.9640336720494));
#7034=CARTESIAN_POINT('Ctrl Pts',(110.,-5.61239696647055,88.2237819199008));
#7035=CARTESIAN_POINT('Ctrl Pts',(110.,-5.67023264208409,87.6312506930594));
#7036=CARTESIAN_POINT('Ctrl Pts',(110.,-5.72606452762135,87.038514263748));
#7037=CARTESIAN_POINT('Ctrl Pts',(110.,-5.79215362002422,86.2972360043011));
#7038=CARTESIAN_POINT('Ctrl Pts',(110.,-5.86568518839846,85.4072082369746));
#7039=CARTESIAN_POINT('Ctrl Pts',(110.,-5.93357840231208,84.5167586977744));
#7040=CARTESIAN_POINT('Ctrl Pts',(110.,-5.9959928290673,83.6259559218113));
#7041=CARTESIAN_POINT('Ctrl Pts',(110.,-6.04359623423767,82.8833791310652));
#7042=CARTESIAN_POINT('Ctrl Pts',(110.,-6.07913236715136,82.2892019133063));
#7043=CARTESIAN_POINT('Ctrl Pts',(110.,-6.11300304783301,81.6949560055536));
#7044=CARTESIAN_POINT('Ctrl Pts',(110.,-6.14704186591377,81.0510916059202));
#7045=CARTESIAN_POINT('Ctrl Pts',(110.,-6.18063466422616,80.3576100206001));
#7046=CARTESIAN_POINT('Ctrl Pts',(110.,-6.20736961470349,79.7631469554255));
#7047=CARTESIAN_POINT('Ctrl Pts',(110.,-6.23208120184873,79.1686434238434));
#7048=CARTESIAN_POINT('Ctrl Pts',(110.,-6.25101105450008,78.6731971714753));
#7049=CARTESIAN_POINT('Ctrl Pts',(110.,-6.26516829521196,78.2768279948386));
#7050=CARTESIAN_POINT('Ctrl Pts',(110.,-6.27867081655801,77.8804518279942));
#7051=CARTESIAN_POINT('Ctrl Pts',(110.,-6.29432706378324,77.3849706226084));
#7052=CARTESIAN_POINT('Ctrl Pts',(110.,-6.31117526700201,76.7903816669335));
#7053=CARTESIAN_POINT('Ctrl Pts',(110.,-6.3260986993058,76.1957866467551));
#7054=CARTESIAN_POINT('Ctrl Pts',(110.,-6.33911204608521,75.6011904947293));
#7055=CARTESIAN_POINT('Ctrl Pts',(110.,-6.34930487604376,75.0561470171845));
#7056=CARTESIAN_POINT('Ctrl Pts',(110.,-6.35562407317623,74.6597559649408));
#7057=CARTESIAN_POINT('Ctrl Pts',(110.,-6.36132369851544,74.2633681776018));
#7058=CARTESIAN_POINT('Ctrl Pts',(110.,-6.36686709154673,73.8174369007451));
#7059=CARTESIAN_POINT('Ctrl Pts',(110.,-6.37242854171625,73.2228754516722));
#7060=CARTESIAN_POINT('Ctrl Pts',(110.,-6.37618456244845,72.6283300025039));
#7061=CARTESIAN_POINT('Ctrl Pts',(110.,-6.37815926396855,72.0338025194727));
#7062=CARTESIAN_POINT('Ctrl Pts',(110.,-6.37833954864358,71.5383791775429));
#7063=CARTESIAN_POINT('Ctrl Pts',(110.,-6.37761506702458,71.1420508136518));
#7064=CARTESIAN_POINT('Ctrl Pts',(110.,-6.37631449408538,70.7457294633106));
#7065=CARTESIAN_POINT('Ctrl Pts',(110.,-6.3736141438412,70.2503411820071));
#7066=CARTESIAN_POINT('Ctrl Pts',(110.,-6.36866870922517,69.6558973198151));
#7067=CARTESIAN_POINT('Ctrl Pts',(110.,-6.36202793055248,69.0614760313341));
#7068=CARTESIAN_POINT('Ctrl Pts',(110.,-6.35369779159973,68.4670777934521));
#7069=CARTESIAN_POINT('Ctrl Pts',(110.,-6.34535088683695,67.97176557111));
#7070=CARTESIAN_POINT('Ctrl Pts',(110.,-6.3378311469145,67.5755278886259));
#7071=CARTESIAN_POINT('Ctrl Pts',(110.,-6.32975010484254,67.1792983940605));
#7072=CARTESIAN_POINT('Ctrl Pts',(110.,-6.31859672946777,66.6840271188578));
#7073=CARTESIAN_POINT('Ctrl Pts',(110.,-6.30353093808591,66.0897274445862));
#7074=CARTESIAN_POINT('Ctrl Pts',(110.,-6.28678655082798,65.4954547086091));
#7075=CARTESIAN_POINT('Ctrl Pts',(110.,-6.26836901490357,64.901210140102));
#7076=CARTESIAN_POINT('Ctrl Pts',(110.,-6.25163439309704,64.4060309411194));
#7077=CARTESIAN_POINT('Ctrl Pts',(110.,-6.237421196183,64.0099030759665));
#7078=CARTESIAN_POINT('Ctrl Pts',(110.,-6.22266034739576,63.6137858017044));
#7079=CARTESIAN_POINT('Ctrl Pts',(110.,-6.20318743516174,63.1186595674927));
#7080=CARTESIAN_POINT('Ctrl Pts',(110.,-6.17820186988255,62.5245424360445));
#7081=CARTESIAN_POINT('Ctrl Pts',(110.,-6.15161427661331,61.9304617520341));
#7082=CARTESIAN_POINT('Ctrl Pts',(110.,-6.12343831545238,61.3364200128801));
#7083=CARTESIAN_POINT('Ctrl Pts',(110.,-6.09616278249228,60.7919202978714));
#7084=CARTESIAN_POINT('Ctrl Pts',(110.,-6.07540687363343,60.3959472724316));
#7085=CARTESIAN_POINT('Ctrl Pts',(110.,-6.05412474504316,59.9999907382109));
#7086=CARTESIAN_POINT('Ctrl Pts',(110.,-6.02944166797418,59.5545634175179));
#7087=CARTESIAN_POINT('Ctrl Pts',(110.,-5.99493765165217,58.9607170123393));
#7088=CARTESIAN_POINT('Ctrl Pts',(110.,-5.95881592614024,58.3669348220217));
#7089=CARTESIAN_POINT('Ctrl Pts',(110.,-5.92104315355612,57.773225847662));
#7090=CARTESIAN_POINT('Ctrl Pts',(110.,-5.88157887017945,57.1796007657391));
#7091=CARTESIAN_POINT('Ctrl Pts',(110.,-5.84724507849721,56.6849932215083));
#7092=CARTESIAN_POINT('Ctrl Pts',(110.,-5.81888632827377,56.2893620904764));
#7093=CARTESIAN_POINT('Ctrl Pts',(110.,-5.78992528807922,55.8937700387061));
#7094=CARTESIAN_POINT('Ctrl Pts',(110.,-5.75257999001623,55.3993580970063));
#7095=CARTESIAN_POINT('Ctrl Pts',(110.,-5.70589077407033,54.8062046906761));
#7096=CARTESIAN_POINT('Ctrl Pts',(110.,-5.65728651788726,54.2132057296042));
#7097=CARTESIAN_POINT('Ctrl Pts',(110.,-5.61515963153516,53.719177801024));
#7098=CARTESIAN_POINT('Ctrl Pts',(110.,-5.5804720498371,53.3240426762144));
#7099=CARTESIAN_POINT('Ctrl Pts',(110.,-5.54512447123101,52.9289669157068));
#7100=CARTESIAN_POINT('Ctrl Pts',(110.,-5.49061283177041,52.3364895161965));
#7101=CARTESIAN_POINT('Ctrl Pts',(110.,-5.41460376529101,51.5468327555694));
#7102=CARTESIAN_POINT('Ctrl Pts',(110.,-5.32459538969712,50.6589099957643));
#7103=CARTESIAN_POINT('Ctrl Pts',(110.,-5.23009610414303,49.7714476934391));
#7104=CARTESIAN_POINT('Ctrl Pts',(110.,-5.13111351236072,48.8844703602096));
#7105=CARTESIAN_POINT('Ctrl Pts',(110.,-5.05351114973224,48.2196268490669));
#7106=CARTESIAN_POINT('Ctrl Pts',(110.,-4.98264882324695,47.628889682144));
#7107=CARTESIAN_POINT('Ctrl Pts',(110.,-4.91027628937381,47.0383436482025));
#7108=CARTESIAN_POINT('Ctrl Pts',(110.,-4.80709848310951,46.2268267664824));
#7109=CARTESIAN_POINT('Ctrl Pts',(110.,-4.68990912294363,45.3421750957479));
#7110=CARTESIAN_POINT('Ctrl Pts',(110.,-4.56802934915053,44.4581956853082));
#7111=CARTESIAN_POINT('Ctrl Pts',(110.,-4.46251922031287,43.7221301324192));
#7112=CARTESIAN_POINT('Ctrl Pts',(110.,-4.37573871989447,43.1336396390679));
#7113=CARTESIAN_POINT('Ctrl Pts',(110.,-4.28738119987556,42.5453931663025));
#7114=CARTESIAN_POINT('Ctrl Pts',(110.,-4.17398855090228,41.810547280731));
#7115=CARTESIAN_POINT('Ctrl Pts',(110.,-4.03328784138199,40.9294783204641));
#7116=CARTESIAN_POINT('Ctrl Pts',(110.,-3.88811153969463,40.0491490872256));
#7117=CARTESIAN_POINT('Ctrl Pts',(110.,-3.73868553801157,39.1695391196758));
#7118=CARTESIAN_POINT('Ctrl Pts',(110.,-3.61088501479489,38.4370978215551));
#7119=CARTESIAN_POINT('Ctrl Pts',(110.,-3.50688086507088,37.8514556113093));
#7120=CARTESIAN_POINT('Ctrl Pts',(110.,-3.40178479886634,37.2660072640001));
#7121=CARTESIAN_POINT('Ctrl Pts',(110.,-3.26852927698895,36.5345342379853));
#7122=CARTESIAN_POINT('Ctrl Pts',(110.,-3.10619265773862,35.6572063128334));
#7123=CARTESIAN_POINT('Ctrl Pts',(110.,-2.94205954650284,34.7802047052303));
#7124=CARTESIAN_POINT('Ctrl Pts',(110.,-2.77677164157362,33.9034114568061));
#7125=CARTESIAN_POINT('Ctrl Pts',(110.,-2.63858549242134,33.1728276928967));
#7126=CARTESIAN_POINT('Ctrl Pts',(110.,-2.52805108217542,32.5883544093146));
#7127=CARTESIAN_POINT('Ctrl Pts',(110.,-2.41760769179124,32.0038620009123));
#7128=CARTESIAN_POINT('Ctrl Pts',(110.,-2.27987121013305,31.2731837765206));
#7129=CARTESIAN_POINT('Ctrl Pts',(110.,-2.11549245139385,30.3961997670269));
#7130=CARTESIAN_POINT('Ctrl Pts',(110.,-1.95233503480548,29.5189940169951));
#7131=CARTESIAN_POINT('Ctrl Pts',(110.,-1.79065479449459,28.641528823215));
#7132=CARTESIAN_POINT('Ctrl Pts',(110.,-1.65731761393091,27.9100709348087));
#7133=CARTESIAN_POINT('Ctrl Pts',(110.,-1.55156267406097,27.3247547125731));
#7134=CARTESIAN_POINT('Ctrl Pts',(110.,-1.44643737042608,26.7393370523309));
#7135=CARTESIAN_POINT('Ctrl Pts',(110.,-1.31624709680507,26.0073721448329));
#7136=CARTESIAN_POINT('Ctrl Pts',(110.,-1.1620541668593,25.1287008445222));
#7137=CARTESIAN_POINT('Ctrl Pts',(110.,-1.0099641183781,24.2497126549618));
#7138=CARTESIAN_POINT('Ctrl Pts',(110.,-0.860034110084465,23.3704027968025));
#7139=CARTESIAN_POINT('Ctrl Pts',(110.,-0.736938547127741,22.637369402604));
#7140=CARTESIAN_POINT('Ctrl Pts',(110.,-0.639602649428326,22.0507704044468));
#7141=CARTESIAN_POINT('Ctrl Pts',(110.,-0.543041191868383,21.4640530153057));
#7142=CARTESIAN_POINT('Ctrl Pts',(110.,-0.423819091085943,20.7304273419609));
#7143=CARTESIAN_POINT('Ctrl Pts',(110.,-0.283223811420023,19.8496828275408));
#7144=CARTESIAN_POINT('Ctrl Pts',(110.,-0.145215414530216,18.968513301969));
#7145=CARTESIAN_POINT('Ctrl Pts',(110.,-0.00991261241536588,18.0868865081719));
#7146=CARTESIAN_POINT('Ctrl Pts',(110.,0.100490793737742,17.3517910208224));
#7147=CARTESIAN_POINT('Ctrl Pts',(110.,0.187356202026321,16.7634579149941));
#7148=CARTESIAN_POINT('Ctrl Pts',(110.,0.273237654413334,16.1749504664901));
#7149=CARTESIAN_POINT('Ctrl Pts',(110.,0.378721890954851,15.4389835825636));
#7150=CARTESIAN_POINT('Ctrl Pts',(110.,0.502258430659711,14.5552796876845));
#7151=CARTESIAN_POINT('Ctrl Pts',(110.,0.622706598665061,13.671029430129));
#7152=CARTESIAN_POINT('Ctrl Pts',(110.,0.740025383890781,12.7862383133988));
#7153=CARTESIAN_POINT('Ctrl Pts',(110.,0.835140725717293,12.0484738986158));
#7154=CARTESIAN_POINT('Ctrl Pts',(110.,0.909606938657657,11.4580110360493));
#7155=CARTESIAN_POINT('Ctrl Pts',(110.,0.98297324800175,10.8673861224513));
#7156=CARTESIAN_POINT('Ctrl Pts',(110.,1.03674190683282,10.4242415553816));
#7157=CARTESIAN_POINT('Ctrl Pts',(110.,1.07200921259568,10.1287409568807));
#7158=CARTESIAN_POINT('Ctrl Pts',(110.,-0.0130884169208283,18.104624139983));
#7159=CARTESIAN_POINT('Ctrl Pts',(110.,-0.0568363444643984,18.3926381427963));
#7160=CARTESIAN_POINT('Ctrl Pts',(110.,-0.146144944514457,18.9744482560275));
#7161=CARTESIAN_POINT('Ctrl Pts',(110.,-0.283223811420023,19.8496828275408));
#7162=CARTESIAN_POINT('Ctrl Pts',(110.,-0.423819091085943,20.7304273419609));
#7163=CARTESIAN_POINT('Ctrl Pts',(110.,-0.543041191868383,21.4640530153057));
#7164=CARTESIAN_POINT('Ctrl Pts',(110.,-0.639602649428326,22.0507704044468));
#7165=CARTESIAN_POINT('Ctrl Pts',(110.,-0.736938547127741,22.637369402604));
#7166=CARTESIAN_POINT('Ctrl Pts',(110.,-0.860034110084465,23.3704027968025));
#7167=CARTESIAN_POINT('Ctrl Pts',(110.,-1.0099641183781,24.2497126549618));
#7168=CARTESIAN_POINT('Ctrl Pts',(110.,-1.1620541668593,25.1287008445222));
#7169=CARTESIAN_POINT('Ctrl Pts',(110.,-1.31624709680507,26.0073721448329));
#7170=CARTESIAN_POINT('Ctrl Pts',(110.,-1.44643737042608,26.7393370523309));
#7171=CARTESIAN_POINT('Ctrl Pts',(110.,-1.55156267406097,27.3247547125731));
#7172=CARTESIAN_POINT('Ctrl Pts',(110.,-1.65731761393091,27.9100709348087));
#7173=CARTESIAN_POINT('Ctrl Pts',(110.,-1.79065479449459,28.641528823215));
#7174=CARTESIAN_POINT('Ctrl Pts',(110.,-1.95233503480548,29.5189940169951));
#7175=CARTESIAN_POINT('Ctrl Pts',(110.,-2.11549245139385,30.3961997670269));
#7176=CARTESIAN_POINT('Ctrl Pts',(110.,-2.27987121013305,31.2731837765206));
#7177=CARTESIAN_POINT('Ctrl Pts',(110.,-2.41760769179124,32.0038620009123));
#7178=CARTESIAN_POINT('Ctrl Pts',(110.,-2.52805108217542,32.5883544093146));
#7179=CARTESIAN_POINT('Ctrl Pts',(110.,-2.63858549242134,33.1728276928967));
#7180=CARTESIAN_POINT('Ctrl Pts',(110.,-2.77677164157362,33.9034114568061));
#7181=CARTESIAN_POINT('Ctrl Pts',(110.,-2.94205954650284,34.7802047052303));
#7182=CARTESIAN_POINT('Ctrl Pts',(110.,-3.10619265773862,35.6572063128334));
#7183=CARTESIAN_POINT('Ctrl Pts',(110.,-3.26852927698895,36.5345342379853));
#7184=CARTESIAN_POINT('Ctrl Pts',(110.,-3.40178479886634,37.2660072640001));
#7185=CARTESIAN_POINT('Ctrl Pts',(110.,-3.50688086507088,37.8514556113093));
#7186=CARTESIAN_POINT('Ctrl Pts',(110.,-3.61088501479489,38.4370978215551));
#7187=CARTESIAN_POINT('Ctrl Pts',(110.,-3.73868553801157,39.1695391196758));
#7188=CARTESIAN_POINT('Ctrl Pts',(110.,-3.88811153969463,40.0491490872256));
#7189=CARTESIAN_POINT('Ctrl Pts',(110.,-4.03328784138199,40.9294783204641));
#7190=CARTESIAN_POINT('Ctrl Pts',(110.,-4.17398855090228,41.810547280731));
#7191=CARTESIAN_POINT('Ctrl Pts',(110.,-4.28738119987556,42.5453931663025));
#7192=CARTESIAN_POINT('Ctrl Pts',(110.,-4.37573871989447,43.1336396390679));
#7193=CARTESIAN_POINT('Ctrl Pts',(110.,-4.46251922031287,43.7221301324192));
#7194=CARTESIAN_POINT('Ctrl Pts',(110.,-4.56802934915053,44.4581956853082));
#7195=CARTESIAN_POINT('Ctrl Pts',(110.,-4.68990912294363,45.3421750957479));
#7196=CARTESIAN_POINT('Ctrl Pts',(110.,-4.80709848310951,46.2268267664824));
#7197=CARTESIAN_POINT('Ctrl Pts',(110.,-4.91027628937381,47.0383436482025));
#7198=CARTESIAN_POINT('Ctrl Pts',(110.,-4.98264882324695,47.628889682144));
#7199=CARTESIAN_POINT('Ctrl Pts',(110.,-5.05351114973224,48.2196268490669));
#7200=CARTESIAN_POINT('Ctrl Pts',(110.,-5.13111351236072,48.8844703602096));
#7201=CARTESIAN_POINT('Ctrl Pts',(110.,-5.23009610414303,49.7714476934391));
#7202=CARTESIAN_POINT('Ctrl Pts',(110.,-5.32459538969712,50.6589099957643));
#7203=CARTESIAN_POINT('Ctrl Pts',(110.,-5.41460376529101,51.5468327555694));
#7204=CARTESIAN_POINT('Ctrl Pts',(110.,-5.49061283177041,52.3364895161965));
#7205=CARTESIAN_POINT('Ctrl Pts',(110.,-5.54512447123101,52.9289669157068));
#7206=CARTESIAN_POINT('Ctrl Pts',(110.,-5.5804720498371,53.3240426762144));
#7207=CARTESIAN_POINT('Ctrl Pts',(110.,-5.61515963153516,53.719177801024));
#7208=CARTESIAN_POINT('Ctrl Pts',(110.,-5.65728651788726,54.2132057296042));
#7209=CARTESIAN_POINT('Ctrl Pts',(110.,-5.70589077407033,54.8062046906761));
#7210=CARTESIAN_POINT('Ctrl Pts',(110.,-5.75257999001623,55.3993580970063));
#7211=CARTESIAN_POINT('Ctrl Pts',(110.,-5.78992528807922,55.8937700387061));
#7212=CARTESIAN_POINT('Ctrl Pts',(110.,-5.81888632827377,56.2893620904764));
#7213=CARTESIAN_POINT('Ctrl Pts',(110.,-5.84724507849721,56.6849932215083));
#7214=CARTESIAN_POINT('Ctrl Pts',(110.,-5.88157887017945,57.1796007657391));
#7215=CARTESIAN_POINT('Ctrl Pts',(110.,-5.92104315355612,57.773225847662));
#7216=CARTESIAN_POINT('Ctrl Pts',(110.,-5.95881592614024,58.3669348220217));
#7217=CARTESIAN_POINT('Ctrl Pts',(110.,-5.99493765165217,58.9607170123393));
#7218=CARTESIAN_POINT('Ctrl Pts',(110.,-6.02944166797418,59.5545634175179));
#7219=CARTESIAN_POINT('Ctrl Pts',(110.,-6.05412474504316,59.9999907382109));
#7220=CARTESIAN_POINT('Ctrl Pts',(110.,-6.07540687363343,60.3959472724316));
#7221=CARTESIAN_POINT('Ctrl Pts',(110.,-6.09616278249228,60.7919202978714));
#7222=CARTESIAN_POINT('Ctrl Pts',(110.,-6.12343831545238,61.3364200128801));
#7223=CARTESIAN_POINT('Ctrl Pts',(110.,-6.15161427661331,61.9304617520341));
#7224=CARTESIAN_POINT('Ctrl Pts',(110.,-6.17820186988255,62.5245424360445));
#7225=CARTESIAN_POINT('Ctrl Pts',(110.,-6.20318743516174,63.1186595674927));
#7226=CARTESIAN_POINT('Ctrl Pts',(110.,-6.22266034739576,63.6137858017044));
#7227=CARTESIAN_POINT('Ctrl Pts',(110.,-6.237421196183,64.0099030759665));
#7228=CARTESIAN_POINT('Ctrl Pts',(110.,-6.25163439309704,64.4060309411194));
#7229=CARTESIAN_POINT('Ctrl Pts',(110.,-6.26836901490357,64.901210140102));
#7230=CARTESIAN_POINT('Ctrl Pts',(110.,-6.28678655082798,65.4954547086091));
#7231=CARTESIAN_POINT('Ctrl Pts',(110.,-6.30353093808591,66.0897274445862));
#7232=CARTESIAN_POINT('Ctrl Pts',(110.,-6.31859672946777,66.6840271188578));
#7233=CARTESIAN_POINT('Ctrl Pts',(110.,-6.32975010484254,67.1792983940605));
#7234=CARTESIAN_POINT('Ctrl Pts',(110.,-6.3378311469145,67.5755278886259));
#7235=CARTESIAN_POINT('Ctrl Pts',(110.,-6.34535088683695,67.97176557111));
#7236=CARTESIAN_POINT('Ctrl Pts',(110.,-6.35369779159973,68.4670777934521));
#7237=CARTESIAN_POINT('Ctrl Pts',(110.,-6.36202793055248,69.0614760313341));
#7238=CARTESIAN_POINT('Ctrl Pts',(110.,-6.36866870922517,69.6558973198151));
#7239=CARTESIAN_POINT('Ctrl Pts',(110.,-6.3736141438412,70.2503411820071));
#7240=CARTESIAN_POINT('Ctrl Pts',(110.,-6.37631449408538,70.7457294633106));
#7241=CARTESIAN_POINT('Ctrl Pts',(110.,-6.37761506702458,71.1420508136518));
#7242=CARTESIAN_POINT('Ctrl Pts',(110.,-6.37833954864358,71.5383791775429));
#7243=CARTESIAN_POINT('Ctrl Pts',(110.,-6.37815926396855,72.0338025194727));
#7244=CARTESIAN_POINT('Ctrl Pts',(110.,-6.37618456244845,72.6283300025039));
#7245=CARTESIAN_POINT('Ctrl Pts',(110.,-6.37242854171625,73.2228754516722));
#7246=CARTESIAN_POINT('Ctrl Pts',(110.,-6.36686709154673,73.8174369007451));
#7247=CARTESIAN_POINT('Ctrl Pts',(110.,-6.36132369851544,74.2633681776018));
#7248=CARTESIAN_POINT('Ctrl Pts',(110.,-6.35562407317623,74.6597559649408));
#7249=CARTESIAN_POINT('Ctrl Pts',(110.,-6.34930487604376,75.0561470171845));
#7250=CARTESIAN_POINT('Ctrl Pts',(110.,-6.33911204608521,75.6011904947293));
#7251=CARTESIAN_POINT('Ctrl Pts',(110.,-6.3260986993058,76.1957866467551));
#7252=CARTESIAN_POINT('Ctrl Pts',(110.,-6.31117526700201,76.7903816669335));
#7253=CARTESIAN_POINT('Ctrl Pts',(110.,-6.29432706378324,77.3849706226084));
#7254=CARTESIAN_POINT('Ctrl Pts',(110.,-6.27867081655801,77.8804518279942));
#7255=CARTESIAN_POINT('Ctrl Pts',(110.,-6.26516829521196,78.2768279948386));
#7256=CARTESIAN_POINT('Ctrl Pts',(110.,-6.25101105450008,78.6731971714753));
#7257=CARTESIAN_POINT('Ctrl Pts',(110.,-6.23208120184873,79.1686434238434));
#7258=CARTESIAN_POINT('Ctrl Pts',(110.,-6.20736961470349,79.7631469554255));
#7259=CARTESIAN_POINT('Ctrl Pts',(110.,-6.18063466422616,80.3576100206001));
#7260=CARTESIAN_POINT('Ctrl Pts',(110.,-6.14704186591377,81.0510916059202));
#7261=CARTESIAN_POINT('Ctrl Pts',(110.,-6.11300304783301,81.6949560055536));
#7262=CARTESIAN_POINT('Ctrl Pts',(110.,-6.07913236715136,82.2892019133063));
#7263=CARTESIAN_POINT('Ctrl Pts',(110.,-6.04359623423767,82.8833791310652));
#7264=CARTESIAN_POINT('Ctrl Pts',(110.,-5.9959928290673,83.6259559218113));
#7265=CARTESIAN_POINT('Ctrl Pts',(110.,-5.93357840231208,84.5167586977744));
#7266=CARTESIAN_POINT('Ctrl Pts',(110.,-5.86568518839846,85.4072082369746));
#7267=CARTESIAN_POINT('Ctrl Pts',(110.,-5.79215362002422,86.2972360043011));
#7268=CARTESIAN_POINT('Ctrl Pts',(110.,-5.72606452762135,87.038514263748));
#7269=CARTESIAN_POINT('Ctrl Pts',(110.,-5.67023264208409,87.6312506930594));
#7270=CARTESIAN_POINT('Ctrl Pts',(110.,-5.61239696647055,88.2237819199008));
#7271=CARTESIAN_POINT('Ctrl Pts',(110.,-5.53628718868985,88.9640336720494));
#7272=CARTESIAN_POINT('Ctrl Pts',(110.,-5.43859390641296,89.8515745801191));
#7273=CARTESIAN_POINT('Ctrl Pts',(110.,-5.33417143983373,90.7382309016842));
#7274=CARTESIAN_POINT('Ctrl Pts',(110.,-5.2225507453816,91.6238554065707));
#7275=CARTESIAN_POINT('Ctrl Pts',(110.,-5.12311703914424,92.3608734683602));
#7276=CARTESIAN_POINT('Ctrl Pts',(110.,-5.03948733769788,92.949803693138));
#7277=CARTESIAN_POINT('Ctrl Pts',(110.,-4.95307209646394,93.5382594150201));
#7278=CARTESIAN_POINT('Ctrl Pts',(110.,-4.83972025297944,94.2729062935374));
#7279=CARTESIAN_POINT('Ctrl Pts',(109.999999999999,-4.69494716798062,95.1529495933227));
#7280=CARTESIAN_POINT('Ctrl Pts',(109.999999999999,-4.54120430554352,96.0314242173717));
#7281=CARTESIAN_POINT('Ctrl Pts',(109.999999999998,-4.37804284792424,96.9082582810789));
#7282=CARTESIAN_POINT('Ctrl Pts',(109.999999999997,-4.20455285592104,97.7832728654442));
#7283=CARTESIAN_POINT('Ctrl Pts',(109.999999999993,-4.01908380475623,98.6560737257413));
#7284=CARTESIAN_POINT('Ctrl Pts',(109.999999999988,-3.81965661964093,99.5260753730575));
#7285=CARTESIAN_POINT('Ctrl Pts',(109.999999999973,-3.60461095170057,100.392606778466));
#7286=CARTESIAN_POINT('Ctrl Pts',(109.999999999955,-3.37354239331492,101.255176342622));
#7287=CARTESIAN_POINT('Ctrl Pts',(109.999999999919,-3.12733690474638,102.113583351031));
#7288=CARTESIAN_POINT('Ctrl Pts',(109.99999999985,-2.90981904171334,102.825203852917));
#7289=CARTESIAN_POINT('Ctrl Pts',(109.999999999808,-2.72650943497404,103.391415058243));
#7290=CARTESIAN_POINT('Ctrl Pts',(109.999999999712,-2.58317477538173,103.814020036481));
#7291=CARTESIAN_POINT('Ctrl Pts',(109.999999999673,-2.43259735132965,104.233940886417));
#7292=CARTESIAN_POINT('Ctrl Pts',(109.999999999552,-2.27335066213236,104.650561171048));
#7293=CARTESIAN_POINT('Ctrl Pts',(109.999999999446,-2.13252776846083,104.994734108436));
#7294=CARTESIAN_POINT('Ctrl Pts',(109.999999999365,-2.0295943980009,105.234041670836));
#7295=CARTESIAN_POINT('Ctrl Pts',(109.999999999342,-1.96960279339177,105.370302402181));
#7296=CARTESIAN_POINT('Ctrl Pts',(109.999999999284,-1.90885637398224,105.506223359216));
#7297=CARTESIAN_POINT('Ctrl Pts',(109.999999999219,-1.83158183916476,105.675453488103));
#7298=CARTESIAN_POINT('Ctrl Pts',(109.999999999096,-1.73700690214302,105.877268945315));
#7299=CARTESIAN_POINT('Ctrl Pts',(109.999999998982,-1.64880468713517,106.061163680228));
#7300=CARTESIAN_POINT('Ctrl Pts',(109.999999998914,-1.58373759676973,106.194336670188));
#7301=CARTESIAN_POINT('Ctrl Pts',(109.999999998844,-1.51813813599152,106.327245817514));
#7302=CARTESIAN_POINT('Ctrl Pts',(109.99999999868,-1.44358226806379,106.476435273572));
#7303=CARTESIAN_POINT('Ctrl Pts',(109.99999999841,-1.34234812205534,106.674966419974));
#7304=CARTESIAN_POINT('Ctrl Pts',(109.999999998173,-1.24750290754382,106.856854024418));
#7305=CARTESIAN_POINT('Ctrl Pts',(109.999999997999,-1.17696327984498,106.988838983404));
#7306=CARTESIAN_POINT('Ctrl Pts',(109.999999997933,-1.12333704887787,107.087387661536));
#7307=CARTESIAN_POINT('Ctrl Pts',(109.999999997852,-1.07818567125595,107.169148028041));
#7308=CARTESIAN_POINT('Ctrl Pts',(109.99999999775,-1.02781420889124,107.258234551208));
#7309=CARTESIAN_POINT('Ctrl Pts',(109.999999997678,-0.990681816039281,107.322301309327));
#7310=CARTESIAN_POINT('Ctrl Pts',(109.999999997636,-0.953198435605135,107.385944360484));
#7311=CARTESIAN_POINT('Ctrl Pts',(109.99999999752,-0.910498228347555,107.456950417067));
#7312=CARTESIAN_POINT('Ctrl Pts',(109.999999997378,-0.867982361496021,107.524984465474));
#7313=CARTESIAN_POINT('Ctrl Pts',(109.999999997353,-0.843288191795354,107.563505999925));
#7314=CARTESIAN_POINT('Ctrl Pts',(109.999999997351,-0.833375087846781,107.578886274736));
#7315=CARTESIAN_POINT('Ctrl Pts',(109.999999997334,-0.817193237773025,107.603822029022));
#7316=CARTESIAN_POINT('Ctrl Pts',(109.999999997281,-0.786976290827544,107.649616140339));
#7317=CARTESIAN_POINT('Ctrl Pts',(109.999999997153,-0.756105773641169,107.695080864325));
#7318=CARTESIAN_POINT('Ctrl Pts',(109.999999997114,-0.729837330281575,107.732859493073));
#7319=CARTESIAN_POINT('Ctrl Pts',(109.999999997099,-0.71390056106566,107.755508103511));
#7320=CARTESIAN_POINT('Ctrl Pts',(109.999999997082,-0.701135911402774,107.773432932154));
#7321=CARTESIAN_POINT('Ctrl Pts',(109.999999997077,-0.693006399456991,107.784754821864));
#7322=CARTESIAN_POINT('Ctrl Pts',(109.999999997076,-0.687570093018714,107.792303183414));
#7323=CARTESIAN_POINT('Ctrl Pts',(109.999999997071,-0.682794885666517,107.798908798477));
#7324=CARTESIAN_POINT('Ctrl Pts',(109.99999999707,-0.677654661442151,107.805987321708));
#7325=CARTESIAN_POINT('Ctrl Pts',(109.999999997069,-0.674905664776137,107.809762974938));
#7326=CARTESIAN_POINT('Ctrl Pts',(109.999999997069,-0.672152365392061,107.813538860261));
#7327=CARTESIAN_POINT('Ctrl Pts',(109.999999997067,-0.669738444169818,107.816843091751));
#7328=CARTESIAN_POINT('Ctrl Pts',(109.999999997067,-0.667405282841538,107.820029626705));
#7329=CARTESIAN_POINT('Ctrl Pts',(109.999999997067,-0.666367160101256,107.821445941338));
#7330=CARTESIAN_POINT('Ctrl Pts',(109.999999997067,-0.665847939471206,107.822154104699));
#7331=CARTESIAN_POINT('Ctrl Pts',(109.999999997067,-0.665415012333214,107.822744264295));
#7332=CARTESIAN_POINT('Ctrl Pts',(109.999999997218,-0.576421396044825,107.944076465045));
#7333=CARTESIAN_POINT('Ctrl Pts',(109.999999998875,-0.423504775756286,108.131182835864));
#7334=CARTESIAN_POINT('Ctrl Pts',(109.999999999199,-0.245952822412597,108.327023980213));
#7335=CARTESIAN_POINT('Ctrl Pts',(110.,-0.128011239096288,108.448478553999));
#7336=CARTESIAN_POINT('Ctrl Pts',(110.,-0.0749071851309801,108.5005484572));
#7337=CARTESIAN_POINT('Origin',(108.,-0.0749071851309799,108.5005484572));
#7338=CARTESIAN_POINT('Ctrl Pts',(107.997790267754,-0.926844590734812,10.0000000065101));
#7339=CARTESIAN_POINT('Ctrl Pts',(108.070863269436,-0.926925902743934,9.99999970594835));
#7340=CARTESIAN_POINT('Ctrl Pts',(108.143642360101,-0.92270527712785,10.0000313791617));
#7341=CARTESIAN_POINT('Ctrl Pts',(108.215854655648,-0.914422288813061,10.0000745751469));
#7342=CARTESIAN_POINT('Ctrl Pts',(108.289543052396,-0.905969986825279,10.000118654107));
#7343=CARTESIAN_POINT('Ctrl Pts',(108.362642061227,-0.893287292633346,10.0001747607205));
#7344=CARTESIAN_POINT('Ctrl Pts',(108.434861913919,-0.876574005015066,10.0002274116203));
#7345=CARTESIAN_POINT('Ctrl Pts',(108.508002497017,-0.859647639807756,10.000280733766));
#7346=CARTESIAN_POINT('Ctrl Pts',(108.580242270471,-0.838586921188269,10.0003305501959));
#7347=CARTESIAN_POINT('Ctrl Pts',(108.651267303749,-0.813548354171528,10.000366593161));
#7348=CARTESIAN_POINT('Ctrl Pts',(108.684693270787,-0.801764645285438,10.0003835557854));
#7349=CARTESIAN_POINT('Ctrl Pts',(108.717849920947,-0.789099204603402,10.0003975470897));
#7350=CARTESIAN_POINT('Ctrl Pts',(108.750702665732,-0.775564832246602,10.0004078962337));
#7351=CARTESIAN_POINT('Ctrl Pts',(108.820297979451,-0.74689359347136,10.000429819879));
#7352=CARTESIAN_POINT('Ctrl Pts',(108.888138318653,-0.714487826194273,10.0004353945729));
#7353=CARTESIAN_POINT('Ctrl Pts',(108.953935407865,-0.678561776060536,10.0004234361838));
#7354=CARTESIAN_POINT('Ctrl Pts',(109.020030442194,-0.642473044092142,10.0004114236442));
#7355=CARTESIAN_POINT('Ctrl Pts',(109.084064577046,-0.602831636990168,10.0003817693244));
#7356=CARTESIAN_POINT('Ctrl Pts',(109.145728083397,-0.559805478585784,10.000339013173));
#7357=CARTESIAN_POINT('Ctrl Pts',(109.206414375877,-0.517461178241524,10.0002969346007));
#7358=CARTESIAN_POINT('Ctrl Pts',(109.264805351721,-0.471838021384301,10.0002422282361));
#7359=CARTESIAN_POINT('Ctrl Pts',(109.320576591522,-0.423055952172643,10.0001839054301));
#7360=CARTESIAN_POINT('Ctrl Pts',(109.346289491731,-0.400565355189246,10.00015701615));
#7361=CARTESIAN_POINT('Ctrl Pts',(109.371445059728,-0.377402783611807,10.000129418455));
#7362=CARTESIAN_POINT('Ctrl Pts',(109.396008673066,-0.353577513985863,10.0001022849869));
#7363=CARTESIAN_POINT('Ctrl Pts',(109.450067433077,-0.301143675561317,10.0000425705783));
#7364=CARTESIAN_POINT('Ctrl Pts',(109.500965650647,-0.24578938801631,9.99998575049188));
#7365=CARTESIAN_POINT('Ctrl Pts',(109.548407548149,-0.187685255144249,9.99994717084407));
#7366=CARTESIAN_POINT('Ctrl Pts',(109.55327058819,-0.181729280792651,9.99994321623049));
#7367=CARTESIAN_POINT('Ctrl Pts',(109.558097285408,-0.175744376363932,9.99993945767496));
#7368=CARTESIAN_POINT('Ctrl Pts',(109.562887302245,-0.169730701099698,9.99993591465513));
#7369=CARTESIAN_POINT('Ctrl Pts',(109.604278711561,-0.117765436092144,9.99990529877446));
#7370=CARTESIAN_POINT('Ctrl Pts',(109.642933359206,-0.063653747344407,9.99989054312756));
#7371=CARTESIAN_POINT('Ctrl Pts',(109.678800208837,-0.00766330043720534,
9.9998845659494));
#7372=CARTESIAN_POINT('Origin',(108.,-0.0749071851304882,108.500548457201));
#7373=CARTESIAN_POINT('Origin',(108.,-0.0749071851304882,108.500548457201));
#7374=CARTESIAN_POINT('Ctrl Pts',(-0.0852131976306642,-0.984192579261168,
159.758032739813));
#7375=CARTESIAN_POINT('Ctrl Pts',(2.50507756164974,-0.99240295500166,158.57452356586));
#7376=CARTESIAN_POINT('Ctrl Pts',(7.6877695197737,-0.999552689616377,156.212226847769));
#7377=CARTESIAN_POINT('Ctrl Pts',(18.027985584847,-1.12462759442467,151.43135182245));
#7378=CARTESIAN_POINT('Ctrl Pts',(30.9529796541281,-1.24532436115815,145.454690759854));
#7379=CARTESIAN_POINT('Ctrl Pts',(62.022744495334,-1.31961298254753,131.222133060197));
#7380=CARTESIAN_POINT('Ctrl Pts',(87.913558802774,-1.366724166307,119.360380883527));
#7381=CARTESIAN_POINT('Ctrl Pts',(108.620460007035,-1.40606171906678,109.858140806344));
#7382=CARTESIAN_POINT('Ctrl Pts',(-0.020765123173921,-0.660574045590227,
159.899770674711));
#7383=CARTESIAN_POINT('Ctrl Pts',(2.57058721238248,-0.667497278748669,158.718599800768));
#7384=CARTESIAN_POINT('Ctrl Pts',(7.75424028077681,-0.672406039207049,156.358415652781));
#7385=CARTESIAN_POINT('Ctrl Pts',(18.1102526915776,-0.783407003755398,151.612353548107));
#7386=CARTESIAN_POINT('Ctrl Pts',(31.0550040266651,-0.887488665572856,145.679135235011));
#7387=CARTESIAN_POINT('Ctrl Pts',(62.1501861063705,-0.924702772014938,131.501924411872));
#7388=CARTESIAN_POINT('Ctrl Pts',(88.0543816047407,-0.959446371435187,119.66924394855));
#7389=CARTESIAN_POINT('Ctrl Pts',(108.774102826714,-0.991132101570107,110.194770735722));
#7390=CARTESIAN_POINT('Ctrl Pts',(0.027041681397985,-0.0197623104717941,
160.00507538861));
#7391=CARTESIAN_POINT('Ctrl Pts',(2.61952621415395,-0.0227026725534521,
158.826408708816));
#7392=CARTESIAN_POINT('Ctrl Pts',(7.80411336358978,-0.0223035931752974,
156.468279761984));
#7393=CARTESIAN_POINT('Ctrl Pts',(18.1784678900963,-0.0820510085546744,
151.762820794237));
#7394=CARTESIAN_POINT('Ctrl Pts',(31.1456912517329,-0.118579990279469,145.879230858142));
#7395=CARTESIAN_POINT('Ctrl Pts',(62.2590684283097,-0.0273463677144542,
131.741452823934));
#7396=CARTESIAN_POINT('Ctrl Pts',(88.1765174116514,-0.00408603325720667,
119.937534037585));
#7397=CARTESIAN_POINT('Ctrl Pts',(108.907464195443,0.0152928850473039,110.487357433189));
#7398=CARTESIAN_POINT('Ctrl Pts',(-0.0497705957294557,0.59459445435431,
159.836557686996));
#7399=CARTESIAN_POINT('Ctrl Pts',(2.5422369943768,0.595730753051161,158.65686569482));
#7400=CARTESIAN_POINT('Ctrl Pts',(7.72572302753233,0.600942033062164,156.296325014328));
#7401=CARTESIAN_POINT('Ctrl Pts',(18.0958158190971,0.597199159667175,151.581910808672));
#7402=CARTESIAN_POINT('Ctrl Pts',(31.0526360454387,0.632300087372732,145.675933771864));
#7403=CARTESIAN_POINT('Ctrl Pts',(62.12371367141,0.824805363027644,131.445339309475));
#7404=CARTESIAN_POINT('Ctrl Pts',(88.0208521240778,0.892223473358434,119.59705048776));
#7405=CARTESIAN_POINT('Ctrl Pts',(108.734005646695,0.950113973994663,110.108165269817));
#7406=CARTESIAN_POINT('Ctrl Pts',(-0.102737063243132,0.83170300185876,159.720278172801));
#7407=CARTESIAN_POINT('Ctrl Pts',(2.4888199358567,0.834188909910609,158.539606055473));
#7408=CARTESIAN_POINT('Ctrl Pts',(7.67157146262956,0.840963873150047,156.177455469295));
#7409=CARTESIAN_POINT('Ctrl Pts',(18.0363561952497,0.856014917730737,151.45155521652));
#7410=CARTESIAN_POINT('Ctrl Pts',(30.9839644285113,0.913233499305687,145.525548540858));
#7411=CARTESIAN_POINT('Ctrl Pts',(62.0299283244133,1.12540656473914,131.239922683623));
#7412=CARTESIAN_POINT('Ctrl Pts',(87.9153838756648,1.19896186693125,119.366154322699));
#7413=CARTESIAN_POINT('Ctrl Pts',(108.618260905243,1.26051535719996,109.854948725395));
#7414=CARTESIAN_POINT('Ctrl Pts',(-4.01923586218489E-8,0.831802021381755,
159.673472566535));
#7415=CARTESIAN_POINT('Ctrl Pts',(-4.89107985763018E-8,0.767106110313938,
159.711779969339));
#7416=CARTESIAN_POINT('Ctrl Pts',(-1.64907863099943E-5,0.700435459991372,
159.746156025003));
#7417=CARTESIAN_POINT('Ctrl Pts',(-2.52171150393402E-5,0.632105467451327,
159.776461845175));
#7418=CARTESIAN_POINT('Ctrl Pts',(-3.38375460589617E-5,0.564604688425911,
159.806399891332));
#7419=CARTESIAN_POINT('Ctrl Pts',(-3.48359762519022E-5,0.495483694436471,
159.832366093667));
#7420=CARTESIAN_POINT('Ctrl Pts',(-2.5436200174575E-5,0.425037684367124,
159.854181503495));
#7421=CARTESIAN_POINT('Ctrl Pts',(-1.63461299499898E-5,0.356912744655338,
159.875278134487));
#7422=CARTESIAN_POINT('Ctrl Pts',(2.48516710558679E-6,0.287547893797306,
159.892493026209));
#7423=CARTESIAN_POINT('Ctrl Pts',(1.35975685100573E-5,0.217213913266259,
159.905620463196));
#7424=CARTESIAN_POINT('Ctrl Pts',(1.8211999591261E-5,0.188007687355749,
159.911071638963));
#7425=CARTESIAN_POINT('Ctrl Pts',(2.12509754403221E-5,0.158634462250597,
159.915817465395));
#7426=CARTESIAN_POINT('Ctrl Pts',(2.03875082108482E-5,0.129114301690065,
159.919840847034));
#7427=CARTESIAN_POINT('Ctrl Pts',(1.97450322710112E-5,0.1071493767307,159.922834505405));
#7428=CARTESIAN_POINT('Ctrl Pts',(1.71641712353626E-5,0.0851541954929295,
159.925421089828));
#7429=CARTESIAN_POINT('Ctrl Pts',(1.16143312523008E-5,0.0631377022539922,
159.927598683049));
#7430=CARTESIAN_POINT('Ctrl Pts',(-6.98127181105035E-6,-0.0106319866681453,
159.934895048222));
#7431=CARTESIAN_POINT('Ctrl Pts',(-5.72546969919268E-5,-0.084640365568193,
159.937603348141));
#7432=CARTESIAN_POINT('Ctrl Pts',(-0.000101363584174452,-0.158552411443199,
159.935819789361));
#7433=CARTESIAN_POINT('Ctrl Pts',(-0.000145931175072493,-0.233233094484768,
159.934017682731));
#7434=CARTESIAN_POINT('Ctrl Pts',(-0.00018423731497857,-0.307816383838659,
159.927629736143));
#7435=CARTESIAN_POINT('Ctrl Pts',(-0.000199028363934747,-0.381956669369302,
159.916707333113));
#7436=CARTESIAN_POINT('Ctrl Pts',(-0.000202932701040984,-0.401527199405536,
159.913824187803));
#7437=CARTESIAN_POINT('Ctrl Pts',(-0.000205313728478409,-0.421066817757279,
159.910624836879));
#7438=CARTESIAN_POINT('Ctrl Pts',(-0.000206099605179838,-0.440569036274027,
159.907109686104));
#7439=CARTESIAN_POINT('Ctrl Pts',(-0.000209024760580668,-0.513159329024334,
159.8940257478));
#7440=CARTESIAN_POINT('Ctrl Pts',(-0.000189661611333122,-0.584738244442602,
159.876659656704));
#7441=CARTESIAN_POINT('Ctrl Pts',(-0.000155535534568173,-0.655002395149981,
159.855178342413));
#7442=CARTESIAN_POINT('Ctrl Pts',(-0.000120701733206336,-0.72672372091084,
159.833251537284));
#7443=CARTESIAN_POINT('Ctrl Pts',(-7.05059194769835E-5,-0.79707610816866,
159.807037008282));
#7444=CARTESIAN_POINT('Ctrl Pts',(-3.52614568646034E-5,-0.865742052601836,
159.776663269934));
#7445=CARTESIAN_POINT('Ctrl Pts',(-1.46423306501804E-5,-0.905913803565145,
159.758893671587));
#7446=CARTESIAN_POINT('Ctrl Pts',(4.4459971823646E-7,-0.945508373680725,
159.7396996222));
#7447=CARTESIAN_POINT('Ctrl Pts',(5.43832237645536E-7,-0.984461029949197,
159.719099416777));
#7448=CARTESIAN_POINT('Origin',(110.,-0.025845350234886,57.6662726851246));
#7449=CARTESIAN_POINT('',(110.,-2.83021725525071,61.58956640592));
#7450=CARTESIAN_POINT('Origin',(110.,0.0447827447492881,61.58956640592));
#7451=CARTESIAN_POINT('Origin',(110.,0.0447827447492881,61.58956640592));
#7452=CARTESIAN_POINT('',(107.,-2.83021725525071,61.58956640592));
#7453=CARTESIAN_POINT('',(110.,-2.83021725525071,61.58956640592));
#7454=CARTESIAN_POINT('Origin',(107.,0.0447827447492881,61.58956640592));
#7455=CARTESIAN_POINT('Origin',(107.,0.0447827447492882,61.58956640592));
#7456=CARTESIAN_POINT('',(107.,-1.45521725525071,61.58956640592));
#7457=CARTESIAN_POINT('Origin',(107.,0.0447827447493132,61.58956640592));
#7458=CARTESIAN_POINT('Origin',(110.,0.0447827447493132,61.58956640592));
#7459=CARTESIAN_POINT('',(79.182731594294,-1.45521725525069,61.58956640592));
#7460=CARTESIAN_POINT('',(110.,-1.45521725525069,61.58956640592));
#7461=CARTESIAN_POINT('Origin',(79.182731594294,0.0447827447493132,61.58956640592));
#7462=CARTESIAN_POINT('Origin',(16.8710025040371,-0.955715811022283,69.9711171726393));
#7463=CARTESIAN_POINT('',(17.7710025040371,7.04428418897772,69.9711171726393));
#7464=CARTESIAN_POINT('',(17.7710025040371,-0.955715811022283,69.9711171726393));
#7465=CARTESIAN_POINT('Origin',(16.8710025040371,7.04428418897772,69.9711171726393));
#7466=CARTESIAN_POINT('Origin',(16.8710025040371,7.04428418897772,69.9711171726393));
#7467=CARTESIAN_POINT('Origin',(48.5320403114121,-0.955715811022417,52.1019423251193));
#7468=CARTESIAN_POINT('',(49.4320403114121,6.04428418897758,52.1019423251193));
#7469=CARTESIAN_POINT('',(49.4320403114121,-0.955715811022417,52.1019423251193));
#7470=CARTESIAN_POINT('Origin',(48.5320403114121,6.04428418897758,52.1019423251193));
#7471=CARTESIAN_POINT('Origin',(48.5320403114121,6.04428418897758,52.1019423251193));
#7472=CARTESIAN_POINT('Origin',(48.5282588989571,-0.955715811022405,87.6887495235347));
#7473=CARTESIAN_POINT('',(49.4282588989571,7.0442841889776,87.6887495235347));
#7474=CARTESIAN_POINT('',(49.4282588989571,-0.955715811022405,87.6887495235347));
#7475=CARTESIAN_POINT('Origin',(48.5282588989571,7.0442841889776,87.6887495235347));
#7476=CARTESIAN_POINT('Origin',(48.5282588989571,7.0442841889776,87.6887495235347));
#7477=CARTESIAN_POINT('Origin',(54.0868552029556,5.04428418897757,85.0310676459274));
#7478=CARTESIAN_POINT('Origin',(0.,-0.0380731557509711,83.8110295328447));
#7479=CARTESIAN_POINT('Origin',(55.0000000000002,-0.163123220430921,10.));
#7480=CARTESIAN_POINT('',(79.182731594294,-0.0815616102154604,10.));
#7481=CARTESIAN_POINT('Origin',(79.182731594294,0.,70.1747122798712));
#7482=CARTESIAN_POINT('',(0.,0.,0.));
#7483=CARTESIAN_POINT('Origin',(-4.15,6.,9.));
#7484=CARTESIAN_POINT('',(-4.15,6.,3.45));
#7485=CARTESIAN_POINT('',(-4.15,4.,3.45));
#7486=CARTESIAN_POINT('',(-4.15,6.,3.45));
#7487=CARTESIAN_POINT('',(-4.15,6.,7.75));
#7488=CARTESIAN_POINT('',(-4.15,6.,7.3));
#7489=CARTESIAN_POINT('',(-4.15,4.,7.75));
#7490=CARTESIAN_POINT('',(-4.15,6.,7.75));
#7491=CARTESIAN_POINT('',(-4.15,4.,7.3));
#7492=CARTESIAN_POINT('Origin',(-2.9,6.,3.45));
#7493=CARTESIAN_POINT('',(-1.65,6.,3.45));
#7494=CARTESIAN_POINT('Origin',(-2.9,6.,3.45));
#7495=CARTESIAN_POINT('',(-1.65,4.,3.45));
#7496=CARTESIAN_POINT('Origin',(-2.9,4.,3.45));
#7497=CARTESIAN_POINT('',(-1.65,6.,3.45));
#7498=CARTESIAN_POINT('Origin',(-1.65,6.,2.2));
#7499=CARTESIAN_POINT('',(-1.65,4.,7.75));
#7500=CARTESIAN_POINT('',(-1.65,4.,3.9));
#7501=CARTESIAN_POINT('',(-1.65,6.,7.75));
#7502=CARTESIAN_POINT('',(-1.65,6.,7.75));
#7503=CARTESIAN_POINT('',(-1.65,6.,3.9));
#7504=CARTESIAN_POINT('Origin',(-2.9,6.,7.75));
#7505=CARTESIAN_POINT('Origin',(-2.9,6.,7.75));
#7506=CARTESIAN_POINT('Origin',(-2.9,4.,7.75));
#7507=CARTESIAN_POINT('Origin',(33.9,6.,2.2));
#7508=CARTESIAN_POINT('',(33.9,6.,7.75));
#7509=CARTESIAN_POINT('',(33.9,4.,7.75));
#7510=CARTESIAN_POINT('',(33.9,6.,7.75));
#7511=CARTESIAN_POINT('',(33.9,6.,3.45));
#7512=CARTESIAN_POINT('',(33.9,6.,3.9));
#7513=CARTESIAN_POINT('',(33.9,4.,3.45));
#7514=CARTESIAN_POINT('',(33.9,6.,3.45));
#7515=CARTESIAN_POINT('',(33.9,4.,3.9));
#7516=CARTESIAN_POINT('Origin',(32.65,6.,7.75));
#7517=CARTESIAN_POINT('',(31.4,6.,7.75));
#7518=CARTESIAN_POINT('Origin',(32.65,6.,7.75));
#7519=CARTESIAN_POINT('',(31.4,4.,7.75));
#7520=CARTESIAN_POINT('Origin',(32.65,4.,7.75));
#7521=CARTESIAN_POINT('',(31.4,6.,7.75));
#7522=CARTESIAN_POINT('Origin',(31.4,6.,9.));
#7523=CARTESIAN_POINT('',(31.4,4.,3.45));
#7524=CARTESIAN_POINT('',(31.4,4.,7.3));
#7525=CARTESIAN_POINT('',(31.4,6.,3.45));
#7526=CARTESIAN_POINT('',(31.4,6.,3.45));
#7527=CARTESIAN_POINT('',(31.4,6.,7.3));
#7528=CARTESIAN_POINT('Origin',(32.65,6.,3.45));
#7529=CARTESIAN_POINT('Origin',(32.65,6.,3.45));
#7530=CARTESIAN_POINT('Origin',(32.65,4.,3.45));
#7531=CARTESIAN_POINT('Origin',(0.,4.4,24.4));
#7532=CARTESIAN_POINT('',(0.,4.4,27.9));
#7533=CARTESIAN_POINT('',(0.,4.4,24.4));
#7534=CARTESIAN_POINT('',(0.,4.4,12.2));
#7535=CARTESIAN_POINT('',(-10.,4.4,27.9));
#7536=CARTESIAN_POINT('',(0.,4.4,27.9));
#7537=CARTESIAN_POINT('',(-10.,4.4,24.4));
#7538=CARTESIAN_POINT('',(-10.,4.4,27.9));
#7539=CARTESIAN_POINT('',(0.,4.4,24.4));
#7540=CARTESIAN_POINT('Origin',(0.,5.6,24.4));
#7541=CARTESIAN_POINT('',(0.,5.6,24.4));
#7542=CARTESIAN_POINT('',(0.,7.8,24.4));
#7543=CARTESIAN_POINT('',(-10.,5.6,24.4));
#7544=CARTESIAN_POINT('',(-10.,5.6,24.4));
#7545=CARTESIAN_POINT('',(0.,5.6,24.4));
#7546=CARTESIAN_POINT('Origin',(0.,5.6,27.9));
#7547=CARTESIAN_POINT('',(0.,5.6,27.9));
#7548=CARTESIAN_POINT('',(0.,5.6,13.95));
#7549=CARTESIAN_POINT('',(-10.,5.6,27.9));
#7550=CARTESIAN_POINT('',(-10.,5.6,27.9));
#7551=CARTESIAN_POINT('',(0.,5.6,27.9));
#7552=CARTESIAN_POINT('Origin',(0.,4.4,27.9));
#7553=CARTESIAN_POINT('',(0.,7.2,27.9));
#7554=CARTESIAN_POINT('',(-10.,5.,27.9));
#7555=CARTESIAN_POINT('Origin',(-10.,5.,26.15));
#7556=CARTESIAN_POINT('Origin',(20.2,5.,39.6));
#7557=CARTESIAN_POINT('',(20.2,4.,40.1));
#7558=CARTESIAN_POINT('',(20.7,4.,39.6));
#7559=CARTESIAN_POINT('Origin',(20.2,4.,39.6));
#7560=CARTESIAN_POINT('',(20.7,6.,39.6));
#7561=CARTESIAN_POINT('',(20.7,5.,39.6));
#7562=CARTESIAN_POINT('',(20.2,6.,40.1));
#7563=CARTESIAN_POINT('Origin',(20.2,6.,39.6));
#7564=CARTESIAN_POINT('',(20.2,5.,40.1));
#7565=CARTESIAN_POINT('Origin',(20.7,5.,40.1));
#7566=CARTESIAN_POINT('',(10.4,6.,40.1));
#7567=CARTESIAN_POINT('',(15.,6.,40.1));
#7568=CARTESIAN_POINT('',(10.4,4.,40.1));
#7569=CARTESIAN_POINT('',(10.4,5.,40.1));
#7570=CARTESIAN_POINT('',(15.,4.,40.1));
#7571=CARTESIAN_POINT('Origin',(15.3,6.,37.25));
#7572=CARTESIAN_POINT('',(20.7,6.,34.4));
#7573=CARTESIAN_POINT('',(20.7,6.,35.));
#7574=CARTESIAN_POINT('',(9.9,6.,34.4));
#7575=CARTESIAN_POINT('',(15.15,6.,34.4));
#7576=CARTESIAN_POINT('',(9.9,6.,39.6));
#7577=CARTESIAN_POINT('',(9.9,6.,34.4));
#7578=CARTESIAN_POINT('Origin',(10.4,6.,39.6));
#7579=CARTESIAN_POINT('',(12.85,6.,38.5));
#7580=CARTESIAN_POINT('',(12.85,6.,36.));
#7581=CARTESIAN_POINT('Origin',(12.85,6.,37.25));
#7582=CARTESIAN_POINT('',(17.15,6.,36.));
#7583=CARTESIAN_POINT('',(17.15,6.,36.));
#7584=CARTESIAN_POINT('',(17.15,6.,38.5));
#7585=CARTESIAN_POINT('Origin',(17.15,6.,37.25));
#7586=CARTESIAN_POINT('',(11.6,6.,38.5));
#7587=CARTESIAN_POINT('Origin',(10.4,5.,39.6));
#7588=CARTESIAN_POINT('',(9.9,4.,39.6));
#7589=CARTESIAN_POINT('Origin',(10.4,4.,39.6));
#7590=CARTESIAN_POINT('',(9.9,5.,39.6));
#7591=CARTESIAN_POINT('Origin',(9.9,5.,40.1));
#7592=CARTESIAN_POINT('',(9.9,4.,34.4));
#7593=CARTESIAN_POINT('',(9.9,5.,34.4));
#7594=CARTESIAN_POINT('',(9.9,4.,34.4));
#7595=CARTESIAN_POINT('Origin',(-5.9,5.,10.2));
#7596=CARTESIAN_POINT('',(-6.4,4.,10.2));
#7597=CARTESIAN_POINT('',(-5.9,4.,10.7));
#7598=CARTESIAN_POINT('Origin',(-5.9,4.,10.2));
#7599=CARTESIAN_POINT('',(-5.9,6.,10.7));
#7600=CARTESIAN_POINT('',(-5.9,5.,10.7));
#7601=CARTESIAN_POINT('',(-6.4,6.,10.2));
#7602=CARTESIAN_POINT('Origin',(-5.9,6.,10.2));
#7603=CARTESIAN_POINT('',(-6.4,5.,10.2));
#7604=CARTESIAN_POINT('Origin',(-6.4,5.,10.7));
#7605=CARTESIAN_POINT('',(-6.4,6.,1.));
#7606=CARTESIAN_POINT('',(-6.4,6.,0.5));
#7607=CARTESIAN_POINT('',(-6.4,4.,1.));
#7608=CARTESIAN_POINT('',(-6.4,5.,1.));
#7609=CARTESIAN_POINT('',(-6.4,4.,0.5));
#7610=CARTESIAN_POINT('Origin',(-3.2,6.,5.6));
#7611=CARTESIAN_POINT('',(0.,6.,10.7));
#7612=CARTESIAN_POINT('',(-6.4,6.,10.7));
#7613=CARTESIAN_POINT('',(0.,6.,0.5));
#7614=CARTESIAN_POINT('',(0.,6.,2.8));
#7615=CARTESIAN_POINT('',(-5.9,6.,0.5));
#7616=CARTESIAN_POINT('',(0.,6.,0.5));
#7617=CARTESIAN_POINT('Origin',(-5.9,6.,1.));
#7618=CARTESIAN_POINT('Origin',(-5.9,5.,1.));
#7619=CARTESIAN_POINT('',(-5.9,4.,0.5));
#7620=CARTESIAN_POINT('Origin',(-5.9,4.,1.));
#7621=CARTESIAN_POINT('',(-5.9,5.,0.5));
#7622=CARTESIAN_POINT('Origin',(-6.4,5.,0.5));
#7623=CARTESIAN_POINT('',(0.,4.,0.5));
#7624=CARTESIAN_POINT('',(0.,7.5,0.5));
#7625=CARTESIAN_POINT('',(0.,4.,0.5));
#7626=CARTESIAN_POINT('Origin',(35.9,5.,10.2));
#7627=CARTESIAN_POINT('',(36.4,6.,10.2));
#7628=CARTESIAN_POINT('',(35.9,6.,10.7));
#7629=CARTESIAN_POINT('Origin',(35.9,6.,10.2));
#7630=CARTESIAN_POINT('',(35.9,4.,10.7));
#7631=CARTESIAN_POINT('',(35.9,5.,10.7));
#7632=CARTESIAN_POINT('',(36.4,4.,10.2));
#7633=CARTESIAN_POINT('Origin',(35.9,4.,10.2));
#7634=CARTESIAN_POINT('',(36.4,5.,10.2));
#7635=CARTESIAN_POINT('Origin',(33.2,6.,5.6));
#7636=CARTESIAN_POINT('',(36.4,6.,1.));
#7637=CARTESIAN_POINT('',(36.4,6.,0.5));
#7638=CARTESIAN_POINT('',(35.9,6.,0.5));
#7639=CARTESIAN_POINT('Origin',(35.9,6.,1.));
#7640=CARTESIAN_POINT('',(30.,6.,0.499999999999998));
#7641=CARTESIAN_POINT('',(30.,6.,0.5));
#7642=CARTESIAN_POINT('',(30.,6.,10.7));
#7643=CARTESIAN_POINT('',(30.,6.,2.8));
#7644=CARTESIAN_POINT('',(36.4,6.,10.7));
#7645=CARTESIAN_POINT('Origin',(36.4,5.,0.5));
#7646=CARTESIAN_POINT('',(36.4,4.,1.));
#7647=CARTESIAN_POINT('',(36.4,4.,0.5));
#7648=CARTESIAN_POINT('',(36.4,5.,1.));
#7649=CARTESIAN_POINT('Origin',(35.9,5.,1.));
#7650=CARTESIAN_POINT('',(35.9,4.,0.5));
#7651=CARTESIAN_POINT('Origin',(35.9,4.,1.));
#7652=CARTESIAN_POINT('',(35.9,5.,0.5));
#7653=CARTESIAN_POINT('Origin',(15.,5.,34.4));
#7654=CARTESIAN_POINT('',(0.,10.,34.4));
#7655=CARTESIAN_POINT('',(0.,0.,34.4));
#7656=CARTESIAN_POINT('',(0.,10.,34.4));
#7657=CARTESIAN_POINT('',(30.,0.,34.4));
#7658=CARTESIAN_POINT('',(0.,0.,34.4));
#7659=CARTESIAN_POINT('',(30.,10.,34.4));
#7660=CARTESIAN_POINT('',(30.,0.,34.4));
#7661=CARTESIAN_POINT('',(30.,10.,34.4));
#7662=CARTESIAN_POINT('',(20.7,4.,34.4));
#7663=CARTESIAN_POINT('',(20.7,5.,34.4));
#7664=CARTESIAN_POINT('',(15.15,4.,34.4));
#7665=CARTESIAN_POINT('Origin',(0.,10.,0.));
#7666=CARTESIAN_POINT('',(0.,10.,0.));
#7667=CARTESIAN_POINT('',(0.,0.,0.));
#7668=CARTESIAN_POINT('',(0.,10.,0.));
#7669=CARTESIAN_POINT('',(0.,0.,0.));
#7670=CARTESIAN_POINT('',(0.,10.,0.));
#7671=CARTESIAN_POINT('',(0.,4.,10.7));
#7672=CARTESIAN_POINT('',(0.,7.5,10.7));
#7673=CARTESIAN_POINT('',(0.,4.,2.8));
#7674=CARTESIAN_POINT('Origin',(17.15,5.,36.));
#7675=CARTESIAN_POINT('',(12.85,4.,36.));
#7676=CARTESIAN_POINT('',(12.85,5.,36.));
#7677=CARTESIAN_POINT('',(17.15,4.,36.));
#7678=CARTESIAN_POINT('',(17.15,4.,36.));
#7679=CARTESIAN_POINT('',(17.15,5.,36.));
#7680=CARTESIAN_POINT('Origin',(17.15,5.,37.25));
#7681=CARTESIAN_POINT('',(17.15,4.,38.5));
#7682=CARTESIAN_POINT('Origin',(17.15,4.,37.25));
#7683=CARTESIAN_POINT('',(17.15,5.,38.5));
#7684=CARTESIAN_POINT('Origin',(12.85,5.,38.5));
#7685=CARTESIAN_POINT('',(12.85,4.,38.5));
#7686=CARTESIAN_POINT('',(11.6,4.,38.5));
#7687=CARTESIAN_POINT('',(12.85,5.,38.5));
#7688=CARTESIAN_POINT('Origin',(12.85,5.,37.25));
#7689=CARTESIAN_POINT('Origin',(12.85,4.,37.25));
#7690=CARTESIAN_POINT('Origin',(20.7,5.,34.4));
#7691=CARTESIAN_POINT('',(20.7,4.,35.));
#7692=CARTESIAN_POINT('Origin',(15.3,4.,37.25));
#7693=CARTESIAN_POINT('Origin',(30.,5.,0.5));
#7694=CARTESIAN_POINT('',(30.,4.,0.499999999999998));
#7695=CARTESIAN_POINT('',(30.,4.,0.5));
#7696=CARTESIAN_POINT('',(30.,2.5,0.5));
#7697=CARTESIAN_POINT('Origin',(36.4,5.,10.7));
#7698=CARTESIAN_POINT('',(30.,4.,10.7));
#7699=CARTESIAN_POINT('',(30.,2.5,10.7));
#7700=CARTESIAN_POINT('',(36.4,4.,10.7));
#7701=CARTESIAN_POINT('Origin',(33.2,4.,5.6));
#7702=CARTESIAN_POINT('',(30.,4.,2.8));
#7703=CARTESIAN_POINT('Origin',(0.,5.,10.7));
#7704=CARTESIAN_POINT('',(-6.4,4.,10.7));
#7705=CARTESIAN_POINT('Origin',(-3.2,4.,5.6));
#7706=CARTESIAN_POINT('Origin',(30.,10.,0.));
#7707=CARTESIAN_POINT('',(30.,10.,0.));
#7708=CARTESIAN_POINT('',(30.,10.,0.));
#7709=CARTESIAN_POINT('',(30.,10.,0.));
#7710=CARTESIAN_POINT('Origin',(30.,0.,0.));
#7711=CARTESIAN_POINT('',(30.,0.,0.));
#7712=CARTESIAN_POINT('',(30.,0.,0.));
#7713=CARTESIAN_POINT('',(30.,0.,0.));
#7714=CARTESIAN_POINT('Origin',(0.,0.,0.));
#7715=CARTESIAN_POINT('',(0.,0.,0.));
#7716=CARTESIAN_POINT('Origin',(15.,5.,0.));
#7717=CARTESIAN_POINT('Origin',(6.47315684790491,5.02927122087316,0.));
#7718=CARTESIAN_POINT('',(10.3231568479049,5.02927122087316,0.));
#7719=CARTESIAN_POINT('Origin',(6.47315684790491,5.02927122087316,0.));
#7720=CARTESIAN_POINT('Origin',(6.47315684790491,5.02927122087316,-5.5));
#7721=CARTESIAN_POINT('',(5.59122095146972,8.77689567839009,-5.5));
#7722=CARTESIAN_POINT('',(10.3231568479049,5.02927122087316,-5.5));
#7723=CARTESIAN_POINT('Origin',(6.47315684790491,5.02927122087316,-5.5));
#7724=CARTESIAN_POINT('',(5.59122100967915,1.28164674965769,-5.5));
#7725=CARTESIAN_POINT('Origin',(6.47315684790491,5.02927122087316,-5.5));
#7726=CARTESIAN_POINT('',(-12.3018431520951,2.65427114636735,-5.5));
#7727=CARTESIAN_POINT('',(6.77315677339911,1.19097732322755,-5.5));
#7728=CARTESIAN_POINT('',(-12.3018431520951,7.40427114636736,-5.5));
#7729=CARTESIAN_POINT('Origin',(-12.3018431520951,5.02927114636735,-5.5));
#7730=CARTESIAN_POINT('',(6.77315677339911,8.86756511851876,-5.5));
#7731=CARTESIAN_POINT('Origin',(6.47315684790491,5.02927122087316,0.));
#7732=CARTESIAN_POINT('',(5.59122095146972,8.77689567839009,-3.6));
#7733=CARTESIAN_POINT('',(5.59122095146972,8.77689567839009,0.));
#7734=CARTESIAN_POINT('',(5.59122100967915,1.28164674965769,-3.6));
#7735=CARTESIAN_POINT('Origin',(6.47315684790491,5.02927122087316,-3.6));
#7736=CARTESIAN_POINT('',(5.59122100967915,1.28164674965769,0.));
#7737=CARTESIAN_POINT('',(10.3231568479049,5.02927122087316,0.));
#7738=CARTESIAN_POINT('Origin',(-12.3018431520951,5.02927114636735,-5.5));
#7739=CARTESIAN_POINT('',(-12.3018431520951,2.65427114636735,-3.6));
#7740=CARTESIAN_POINT('',(-12.3018431520951,2.65427114636735,-5.5));
#7741=CARTESIAN_POINT('',(-12.3018431520951,7.40427114636736,-3.6));
#7742=CARTESIAN_POINT('Origin',(-12.3018431520951,5.02927114636735,-3.6));
#7743=CARTESIAN_POINT('',(-12.3018431520951,7.40427114636736,-5.5));
#7744=CARTESIAN_POINT('Origin',(6.77315677339911,8.86756511851876,-5.5));
#7745=CARTESIAN_POINT('',(6.77315677339911,8.86756511851876,-3.6));
#7746=CARTESIAN_POINT('Origin',(-2.17684315209508,5.02927122087316,-3.6));
#7747=CARTESIAN_POINT('',(6.77315677339911,1.19097732322755,-3.6));
#7748=CARTESIAN_POINT('Origin',(-12.3018431520951,2.65427114636735,-5.5));
#7749=CARTESIAN_POINT('Origin',(15.2,5.,-5.5));
#7750=CARTESIAN_POINT('',(4.8,5.,-5.5));
#7751=CARTESIAN_POINT('Origin',(6.55,5.,-5.5));
#7752=CARTESIAN_POINT('Origin',(6.55,5.,-5.5));
#7753=CARTESIAN_POINT('',(4.8,5.,-6.));
#7754=CARTESIAN_POINT('Origin',(6.55,5.,-6.));
#7755=CARTESIAN_POINT('',(4.8,5.,-5.5));
#7756=CARTESIAN_POINT('Origin',(6.55,5.,-6.));
#7757=CARTESIAN_POINT('',(0.,0.,0.));
#7758=CARTESIAN_POINT('',(0.,0.,0.));
#7759=CARTESIAN_POINT('',(0.,0.,0.));
#7760=CARTESIAN_POINT('',(48.9870188657936,-4.93340278879101,55.049276664502));
#7761=UNCERTAINTY_MEASURE_WITH_UNIT(LENGTH_MEASURE(0.01),#7773,
'DISTANCE_ACCURACY_VALUE',
'Maximum model space distance between geometric entities at asserted c
onnectivities');
#7762=UNCERTAINTY_MEASURE_WITH_UNIT(LENGTH_MEASURE(0.01),#7773,
'DISTANCE_ACCURACY_VALUE',
'Maximum model space distance between geometric entities at asserted c
onnectivities');
#7763=UNCERTAINTY_MEASURE_WITH_UNIT(LENGTH_MEASURE(0.01),#7773,
'DISTANCE_ACCURACY_VALUE',
'Maximum model space distance between geometric entities at asserted c
onnectivities');
#7764=UNCERTAINTY_MEASURE_WITH_UNIT(LENGTH_MEASURE(0.01),#7773,
'DISTANCE_ACCURACY_VALUE',
'Maximum model space distance between geometric entities at asserted c
onnectivities');
#7765=UNCERTAINTY_MEASURE_WITH_UNIT(LENGTH_MEASURE(0.01),#7773,
'DISTANCE_ACCURACY_VALUE',
'Maximum model space distance between geometric entities at asserted c
onnectivities');
#7766=UNCERTAINTY_MEASURE_WITH_UNIT(LENGTH_MEASURE(0.01),#7773,
'DISTANCE_ACCURACY_VALUE',
'Maximum model space distance between geometric entities at asserted c
onnectivities');
#7767=(
GEOMETRIC_REPRESENTATION_CONTEXT(3)
GLOBAL_UNCERTAINTY_ASSIGNED_CONTEXT((#7761))
GLOBAL_UNIT_ASSIGNED_CONTEXT((#7773,#7775,#7776))
REPRESENTATION_CONTEXT('','3D')
);
#7768=(
GEOMETRIC_REPRESENTATION_CONTEXT(3)
GLOBAL_UNCERTAINTY_ASSIGNED_CONTEXT((#7762))
GLOBAL_UNIT_ASSIGNED_CONTEXT((#7773,#7775,#7776))
REPRESENTATION_CONTEXT('','3D')
);
#7769=(
GEOMETRIC_REPRESENTATION_CONTEXT(3)
GLOBAL_UNCERTAINTY_ASSIGNED_CONTEXT((#7763))
GLOBAL_UNIT_ASSIGNED_CONTEXT((#7773,#7775,#7776))
REPRESENTATION_CONTEXT('','3D')
);
#7770=(
GEOMETRIC_REPRESENTATION_CONTEXT(3)
GLOBAL_UNCERTAINTY_ASSIGNED_CONTEXT((#7764))
GLOBAL_UNIT_ASSIGNED_CONTEXT((#7773,#7775,#7776))
REPRESENTATION_CONTEXT('','3D')
);
#7771=(
GEOMETRIC_REPRESENTATION_CONTEXT(3)
GLOBAL_UNCERTAINTY_ASSIGNED_CONTEXT((#7765))
GLOBAL_UNIT_ASSIGNED_CONTEXT((#7773,#7775,#7776))
REPRESENTATION_CONTEXT('','3D')
);
#7772=(
GEOMETRIC_REPRESENTATION_CONTEXT(3)
GLOBAL_UNCERTAINTY_ASSIGNED_CONTEXT((#7766))
GLOBAL_UNIT_ASSIGNED_CONTEXT((#7773,#7775,#7776))
REPRESENTATION_CONTEXT('','3D')
);
#7773=(
LENGTH_UNIT()
NAMED_UNIT(*)
SI_UNIT(.MILLI.,.METRE.)
);
#7774=(
LENGTH_UNIT()
NAMED_UNIT(*)
SI_UNIT($,.METRE.)
);
#7775=(
NAMED_UNIT(*)
PLANE_ANGLE_UNIT()
SI_UNIT($,.RADIAN.)
);
#7776=(
NAMED_UNIT(*)
SI_UNIT($,.STERADIAN.)
SOLID_ANGLE_UNIT()
);
#7777=SHAPE_DEFINITION_REPRESENTATION(#7782,#7791);
#7778=SHAPE_DEFINITION_REPRESENTATION(#7783,#7792);
#7779=SHAPE_DEFINITION_REPRESENTATION(#7784,#7793);
#7780=SHAPE_DEFINITION_REPRESENTATION(#7785,#7794);
#7781=SHAPE_DEFINITION_REPRESENTATION(#7786,#7795);
#7782=PRODUCT_DEFINITION_SHAPE('',$,#7797);
#7783=PRODUCT_DEFINITION_SHAPE('',$,#7798);
#7784=PRODUCT_DEFINITION_SHAPE('',$,#7799);
#7785=PRODUCT_DEFINITION_SHAPE('',$,#7800);
#7786=PRODUCT_DEFINITION_SHAPE('',$,#7801);
#7787=PRODUCT_DEFINITION_SHAPE($,$,#23);
#7788=PRODUCT_DEFINITION_SHAPE($,$,#24);
#7789=PRODUCT_DEFINITION_SHAPE($,$,#25);
#7790=PRODUCT_DEFINITION_SHAPE($,$,#26);
#7791=SHAPE_REPRESENTATION('',(#2602,#2795,#2796,#2797,#2798),#7767);
#7792=SHAPE_REPRESENTATION('',(#2603),#7768);
#7793=SHAPE_REPRESENTATION('',(#2619),#7769);
#7794=SHAPE_REPRESENTATION('',(#2645),#7770);
#7795=SHAPE_REPRESENTATION('',(#2708),#7771);
#7796=PRODUCT_DEFINITION_CONTEXT('part definition',#7813,'design');
#7797=PRODUCT_DEFINITION('2026-05-26-21-31-57-591','Airfoil',#7802,#7796);
#7798=PRODUCT_DEFINITION('2026-05-27-05-32-52-904','Fin Tab',#7803,#7796);
#7799=PRODUCT_DEFINITION('2026-05-27-05-32-57-718','Servo Cover',#7804,
#7796);
#7800=PRODUCT_DEFINITION('2026-05-27-05-32-59-839','Airfoil Body',#7805,
#7796);
#7801=PRODUCT_DEFINITION('2026-05-27-19-52-09-680','DS-239HV',#7806,#7796);
#7802=PRODUCT_DEFINITION_FORMATION('',$,#7815);
#7803=PRODUCT_DEFINITION_FORMATION('',$,#7816);
#7804=PRODUCT_DEFINITION_FORMATION('',$,#7817);
#7805=PRODUCT_DEFINITION_FORMATION('',$,#7818);
#7806=PRODUCT_DEFINITION_FORMATION('',$,#7819);
#7807=PRODUCT_RELATED_PRODUCT_CATEGORY('Airfoil','Airfoil',(#7815));
#7808=PRODUCT_RELATED_PRODUCT_CATEGORY('Fin Tab','Fin Tab',(#7816));
#7809=PRODUCT_RELATED_PRODUCT_CATEGORY('Servo Cover','Servo Cover',(#7817));
#7810=PRODUCT_RELATED_PRODUCT_CATEGORY('Airfoil Body','Airfoil Body',(#7818));
#7811=PRODUCT_RELATED_PRODUCT_CATEGORY('DS-239HV','DS-239HV',(#7819));
#7812=APPLICATION_PROTOCOL_DEFINITION('international standard',
'automotive_design',2009,#7813);
#7813=APPLICATION_CONTEXT(
'Core Data for Automotive Mechanical Design Process');
#7814=PRODUCT_CONTEXT('part definition',#7813,'mechanical');
#7815=PRODUCT('2026-05-26-21-31-57-591','Airfoil',$,(#7814));
#7816=PRODUCT('2026-05-27-05-32-52-904','Fin Tab',$,(#7814));
#7817=PRODUCT('2026-05-27-05-32-57-718','Servo Cover',$,(#7814));
#7818=PRODUCT('2026-05-27-05-32-59-839','Airfoil Body',$,(#7814));
#7819=PRODUCT('2026-05-27-19-52-09-680','DS-239HV',$,(#7814));
#7820=PRESENTATION_STYLE_ASSIGNMENT((#7824));
#7821=PRESENTATION_STYLE_ASSIGNMENT((#7825));
#7822=PRESENTATION_STYLE_ASSIGNMENT((#7826));
#7823=PRESENTATION_STYLE_ASSIGNMENT((#7827));
#7824=SURFACE_STYLE_USAGE(.BOTH.,#7828);
#7825=SURFACE_STYLE_USAGE(.BOTH.,#7829);
#7826=SURFACE_STYLE_USAGE(.BOTH.,#7830);
#7827=SURFACE_STYLE_USAGE(.BOTH.,#7831);
#7828=SURFACE_SIDE_STYLE('',(#7832));
#7829=SURFACE_SIDE_STYLE('',(#7833));
#7830=SURFACE_SIDE_STYLE('',(#7834));
#7831=SURFACE_SIDE_STYLE('',(#7835));
#7832=SURFACE_STYLE_FILL_AREA(#7836);
#7833=SURFACE_STYLE_FILL_AREA(#7837);
#7834=SURFACE_STYLE_FILL_AREA(#7838);
#7835=SURFACE_STYLE_FILL_AREA(#7839);
#7836=FILL_AREA_STYLE('Steel - Satin',(#7840));
#7837=FILL_AREA_STYLE('Nylon 12 (with Formlabs Fuse 1 3D Printer)',(#7841));
#7838=FILL_AREA_STYLE('Acetal Resin (White)',(#7842));
#7839=FILL_AREA_STYLE('Brass - Matte',(#7843));
#7840=FILL_AREA_STYLE_COLOUR('Steel - Satin',#7844);
#7841=FILL_AREA_STYLE_COLOUR(
'Nylon 12 (with Formlabs Fuse 1 3D Printer)',#7845);
#7842=FILL_AREA_STYLE_COLOUR('Acetal Resin (White)',#7846);
#7843=FILL_AREA_STYLE_COLOUR('Brass - Matte',#7847);
#7844=COLOUR_RGB('Steel - Satin',0.627450980392157,0.627450980392157,0.627450980392157);
#7845=COLOUR_RGB('Nylon 12 (with Formlabs Fuse 1 3D Printer)',0.247058823529412,
0.247058823529412,0.247058823529412);
#7846=COLOUR_RGB('Acetal Resin (White)',0.972549019607843,0.968627450980392,
0.929411764705882);
#7847=COLOUR_RGB('Brass - Matte',0.952941176470588,0.796078431372549,0.486274509803922);
ENDSEC;
END-ISO-10303-21;
